year,ref_date,muni_code,muni_code_6digit,pref,muni,row_type,city_code,pop_total,age_0_4,age_5_9,age_10_14,age_15_19,age_20_24,age_25_29,age_30_34,age_35_39,age_40_44,age_45_49,age_50_54,age_55_59,age_60_64,age_65_69,age_70_74,age_75_79,age_80_84,age_85_89,age_90_94,age_95_99,age_100p,age_80p,pop_m,age_0_4_m,age_5_9_m,age_10_14_m,age_15_19_m,age_20_24_m,age_25_29_m,age_30_34_m,age_35_39_m,age_40_44_m,age_45_49_m,age_50_54_m,age_55_59_m,age_60_64_m,age_65_69_m,age_70_74_m,age_75_79_m,age_80_84_m,age_85_89_m,age_90_94_m,age_95_99_m,age_100p_m,age_80p_m,pop_f,age_0_4_f,age_5_9_f,age_10_14_f,age_15_19_f,age_20_24_f,age_25_29_f,age_30_34_f,age_35_39_f,age_40_44_f,age_45_49_f,age_50_54_f,age_55_59_f,age_60_64_f,age_65_69_f,age_70_74_f,age_75_79_f,age_80_84_f,age_85_89_f,age_90_94_f,age_95_99_f,age_100p_f,age_80p_f
2023,2023-01-01,01000,010006,北海道,,pref,,5095703,148318,182103,200598,211758,218693,216736,233746,275456,313274,377071,374148,339503,335297,353031,435863,317648,256294,181012,92998,27894,4262,562460,2409275,76053,93193,102634,108393,113264,110857,118030,138317,155969,187596,183430,162599,160831,167176,198383,135595,100461,64004,26471,5477,542,196955,2686428,72265,88910,97964,103365,105429,105879,115716,137139,157305,189475,190718,176904,174466,185855,237480,182053,155833,117008,66527,22417,3720,365505
2023,2023-01-01,01100,011002,北海道,札幌市,city_agg,,1943861,60602,72512,76724,79319,94069,98482,103078,118240,130579,151908,151190,131611,123605,123611,147658,105131,80234,55955,29454,8605,1294,175542,907933,31164,37262,39080,40218,46597,47498,49736,57777,63117,73338,72541,61849,58295,58010,66690,45026,31171,18826,7867,1699,172,59735,1035928,29438,35250,37644,39101,47472,50984,53342,60463,67462,78570,78649,69762,65310,65601,80968,60105,49063,37129,21587,6906,1122,115807
2023,2023-01-01,01101,011011,北海道,札幌市中央区,ward,01100,240982,7047,8037,8238,8579,12962,15356,15013,16154,17284,19705,20242,17732,15512,13764,15190,10806,8293,6335,3567,1011,155,19361,109184,3641,4109,4239,4252,5950,7274,7044,7766,8069,9022,9181,8067,7235,6304,6648,4391,2894,1972,920,189,17,5992,131798,3406,3928,3999,4327,7012,8082,7969,8388,9215,10683,11061,9665,8277,7460,8542,6415,5399,4363,2647,822,138,13369
2023,2023-01-01,01102,011029,北海道,札幌市北区,ward,01100,282188,9128,11610,12152,12729,15592,12978,13854,17009,18808,22200,21829,18267,17093,17636,21465,15053,11591,7734,4084,1194,182,24785,134136,4657,5987,6210,6438,8319,6450,6619,8363,9224,10874,10676,8820,8189,8389,9781,6524,4553,2694,1112,231,26,8616,148052,4471,5623,5942,6291,7273,6528,7235,8646,9584,11326,11153,9447,8904,9247,11684,8529,7038,5040,2972,963,156,16169
2023,2023-01-01,01103,011037,北海道,札幌市東区,ward,01100,259417,8733,10034,10454,10636,12799,13967,14631,16413,18034,20946,20561,16881,15446,15583,18910,13375,10323,6961,3514,1064,152,22014,123073,4455,5186,5216,5389,6389,6886,7202,8234,8834,10408,10183,8148,7504,7488,8505,5728,3922,2292,893,188,23,7318,136344,4278,4848,5238,5247,6410,7081,7429,8179,9200,10538,10378,8733,7942,8095,10405,7647,6401,4669,2621,876,129,14696
2023,2023-01-01,01104,011045,北海道,札幌市白石区,ward,01100,211575,6861,7294,7510,7799,10422,13132,13259,13721,14829,17386,17359,14733,13011,12158,14341,10219,7997,5710,2903,816,115,17541,100378,3544,3722,3864,3899,5116,6435,6632,6854,7390,8628,8466,7163,6207,5720,6554,4344,3033,1850,782,161,14,5840,111197,3317,3572,3646,3900,5306,6697,6627,6867,7439,8758,8893,7570,6804,6438,7787,5875,4964,3860,2121,655,101,11701
2023,2023-01-01,01105,011053,北海道,札幌市豊平区,ward,01100,223512,6952,7739,8084,8242,11950,14569,14088,14918,15204,17641,17527,15186,13540,12586,15028,10955,8637,6269,3312,941,144,19303,103381,3583,3960,4170,4178,5820,6851,6692,7174,7235,8474,8460,7073,6290,5850,6607,4511,3274,2064,895,198,22,6453,120131,3369,3779,3914,4064,6130,7718,7396,7744,7969,9167,9067,8113,7250,6736,8421,6444,5363,4205,2417,743,122,12850
2023,2023-01-01,01106,011061,北海道,札幌市南区,ward,01100,133706,3586,4682,5090,5440,5522,4730,5342,6622,7716,8888,9210,8933,9529,10157,12745,9330,7367,5241,2707,747,122,16184,62067,1862,2402,2620,2789,2841,2314,2682,3151,3713,4278,4385,4148,4474,4773,5807,4094,2958,1850,758,151,17,5734,71639,1724,2280,2470,2651,2681,2416,2660,3471,4003,4610,4825,4785,5055,5384,6938,5236,4409,3391,1949,596,105,10450
2023,2023-01-01,01107,011070,北海道,札幌市西区,ward,01100,217331,7462,8367,8610,8610,9277,10898,11726,13609,15039,17024,16734,14595,13765,13580,16261,11825,9059,6376,3363,1006,145,19949,100261,3869,4287,4354,4309,4396,5078,5481,6588,7128,8154,7939,6758,6471,6335,7311,4979,3504,2166,915,210,29,6824,117070,3593,4080,4256,4301,4881,5820,6245,7021,7911,8870,8795,7837,7294,7245,8950,6846,5555,4210,2448,796,116,13125
2023,2023-01-01,01108,011088,北海道,札幌市厚別区,ward,01100,123837,3132,4056,4758,5225,5383,4824,5120,6261,7277,9013,9526,8865,8821,9445,11128,8200,6122,4026,1974,596,85,12803,56671,1589,2089,2381,2749,2615,2327,2471,3026,3500,4201,4370,4007,3998,4293,4967,3487,2511,1398,567,119,6,4601,67166,1543,1967,2377,2476,2768,2497,2649,3235,3777,4812,5156,4858,4823,5152,6161,4713,3611,2628,1407,477,79,8202
2023,2023-01-01,01109,011096,北海道,札幌市手稲区,ward,01100,140680,4467,5954,6322,6418,5723,4832,5919,7977,9237,10716,9763,8753,9011,10354,12824,8831,6271,4151,2340,706,111,13579,66262,2313,3047,3199,3327,2897,2356,2944,3893,4620,5200,4746,3994,4209,4876,5862,3974,2608,1440,601,147,9,4805,74418,2154,2907,3123,3091,2826,2476,2975,4084,4617,5516,5017,4759,4802,5478,6962,4857,3663,2711,1739,559,102,8774
2023,2023-01-01,01110,011100,北海道,札幌市清田区,ward,01100,110633,3234,4739,5506,5641,4439,3196,4126,5556,7151,8389,8439,7666,7877,8348,9766,6537,4574,3152,1690,524,83,10023,52520,1651,2473,2827,2888,2254,1527,1969,2728,3404,4099,4135,3671,3718,3982,4648,2994,1914,1100,424,105,9,3552,58113,1583,2266,2679,2753,2185,1669,2157,2828,3747,4290,4304,3995,4159,4366,5118,3543,2660,2052,1266,419,74,6471
2023,2023-01-01,01202,012025,北海道,函館市,city,01202,243080,5983,7510,8647,9497,9187,8823,9503,11712,14190,17698,17915,16362,16596,18369,23405,17304,13783,9938,4962,1489,207,30379,110699,3034,3760,4488,4967,4842,4500,4701,5768,6947,8636,8544,7539,7570,8333,10357,7024,5005,3227,1182,254,21,9689,132381,2949,3750,4159,4530,4345,4323,4802,5944,7243,9062,9371,8823,9026,10036,13048,10280,8778,6711,3780,1235,186,20690
2023,2023-01-01,01203,012033,北海道,小樽市,city,01203,107813,2219,2928,3536,3998,3978,3289,3566,4315,5327,7370,7720,7357,7236,8341,11516,9023,7306,5073,2725,863,127,16094,48700,1126,1447,1833,2006,2039,1645,1783,2162,2632,3582,3713,3459,3347,3868,5066,3736,2707,1691,715,128,15,5256,59113,1093,1481,1703,1992,1939,1644,1783,2153,2695,3788,4007,3898,3889,4473,6450,5287,4599,3382,2010,735,112,10838
2023,2023-01-01,01204,012041,北海道,旭川市,city,01204,322894,9321,11321,12558,13365,12465,12616,13696,16644,19721,23600,23167,20842,20934,23119,29193,22165,17562,12305,6232,1790,278,38167,149733,4800,5713,6431,6770,6205,6403,6804,8331,9684,11592,11002,9658,9700,10766,13013,9423,6856,4414,1811,320,37,13438,173161,4521,5608,6127,6595,6260,6213,6892,8313,10037,12008,12165,11184,11234,12353,16180,12742,10706,7891,4421,1470,241,24729
2023,2023-01-01,01205,012050,北海道,室蘭市,city,01205,77830,2055,2407,2760,3145,3685,3108,3199,3592,4070,5355,5445,4716,4523,5133,7641,6090,5326,3426,1558,518,78,10906,37348,998,1222,1418,1689,2188,1791,1759,1904,2086,2834,2729,2297,2189,2449,3434,2466,2158,1180,446,102,9,3895,40482,1057,1185,1342,1456,1497,1317,1440,1688,1984,2521,2716,2419,2334,2684,4207,3624,3168,2246,1112,416,69,7011
2023,2023-01-01,01206,012068,北海道,釧路市,city,01206,159576,4099,5156,6025,6957,6802,6135,6542,7852,9276,11647,11488,10515,10867,12071,14968,10671,8753,5961,2865,824,102,18505,75207,2061,2683,3079,3595,3588,3160,3383,3932,4585,5888,5655,5063,5187,5628,6663,4559,3450,2073,835,135,5,6498,84369,2038,2473,2946,3362,3214,2975,3159,3920,4691,5759,5833,5452,5680,6443,8305,6112,5303,3888,2030,689,97,12007
2023,2023-01-01,01207,012076,北海道,帯広市,city,01207,162999,5328,6219,6718,6668,7545,7991,8435,9232,10074,12238,11814,10681,10716,10831,12751,9251,7630,5341,2665,745,126,16507,77706,2739,3144,3445,3386,3767,4134,4375,4703,5134,6080,5782,5097,5165,5149,5782,3872,2989,1918,871,164,10,5952,85293,2589,3075,3273,3282,3778,3857,4060,4529,4940,6158,6032,5584,5551,5682,6969,5379,4641,3423,1794,581,116,10555
2023,2023-01-01,01208,012084,北海道,北見市,city,01208,112475,3178,3945,4440,4591,4489,4451,4657,5636,6884,8326,7973,7442,7736,7923,10051,7402,6055,4289,2239,666,102,13351,53538,1659,2030,2251,2363,2435,2350,2392,2829,3469,4252,3939,3579,3785,3724,4517,3132,2382,1649,657,125,19,4832,58937,1519,1915,2189,2228,2054,2101,2265,2807,3415,4074,4034,3863,3951,4199,5534,4270,3673,2640,1582,541,83,8519
2023,2023-01-01,01209,012092,北海道,夕張市,city,01209,6714,88,117,146,147,126,146,157,199,274,354,409,439,483,616,803,670,667,522,253,85,13,1540,3148,49,57,66,71,82,87,86,116,154,186,221,230,245,309,386,277,239,193,73,16,5,526,3566,39,60,80,76,44,59,71,83,120,168,188,209,238,307,417,393,428,329,180,69,8,1014
2023,2023-01-01,01210,012106,北海道,岩見沢市,city,01210,76487,1825,2511,2945,3215,2908,2664,2922,3503,4030,5386,5284,5120,5574,5988,7187,5374,4456,3280,1719,517,79,10051,35740,948,1250,1517,1613,1561,1388,1476,1779,2007,2679,2545,2402,2663,2853,3265,2305,1724,1154,492,109,10,3489,40747,877,1261,1428,1602,1347,1276,1446,1724,2023,2707,2739,2718,2911,3135,3922,3069,2732,2126,1227,408,69,6562
2023,2023-01-01,01211,012114,北海道,網走市,city,01211,33162,950,1126,1326,1459,1675,1364,1408,1603,1947,2471,2316,2085,2321,2298,3064,2074,1679,1175,581,215,25,3675,16302,447,593,678,769,980,760,740,857,1028,1324,1237,1038,1132,1101,1395,906,678,442,149,44,4,1317,16860,503,533,648,690,695,604,668,746,919,1147,1079,1047,1189,1197,1669,1168,1001,733,432,171,21,2358
2023,2023-01-01,01212,012122,北海道,留萌市,city,01212,19072,453,564,636,694,712,718,702,890,1068,1280,1415,1296,1233,1471,1889,1456,1261,840,363,111,20,2595,9216,238,285,322,363,437,438,372,477,575,698,758,653,585,680,848,589,461,308,111,15,3,898,9856,215,279,314,331,275,280,330,413,493,582,657,643,648,791,1041,867,800,532,252,96,17,1697
2023,2023-01-01,01213,012131,北海道,苫小牧市,city,01213,167280,5435,6765,7436,7459,6875,7310,8278,9680,11136,13363,12049,10721,10194,11519,14164,9609,7315,4722,2443,698,109,15287,81855,2799,3578,3751,3841,3598,3912,4398,5028,5722,6840,6114,5332,4955,5615,6522,4319,2978,1727,676,140,10,5531,85425,2636,3187,3685,3618,3277,3398,3880,4652,5414,6523,5935,5389,5239,5904,7642,5290,4337,2995,1767,558,99,9756
2023,2023-01-01,01214,012149,北海道,稚内市,city,01214,31136,853,1083,1165,1210,1069,1189,1298,1547,1860,2283,2355,2236,2132,2359,2892,2116,1695,1180,478,115,21,3489,15448,427,571,597,622,621,694,730,822,991,1240,1268,1144,1072,1095,1349,911,664,444,162,21,3,1294,15688,426,512,568,588,448,495,568,725,869,1043,1087,1092,1060,1264,1543,1205,1031,736,316,94,18,2195
2023,2023-01-01,01215,012157,北海道,美唄市,city,01215,19437,355,477,552,677,689,516,639,723,960,1225,1372,1324,1446,1557,2131,1603,1408,1064,550,151,18,3191,9224,195,247,291,354,388,275,366,396,502,631,707,658,715,749,977,695,518,357,166,35,2,1078,10213,160,230,261,323,301,241,273,327,458,594,665,666,731,808,1154,908,890,707,384,116,16,2113
2023,2023-01-01,01216,012165,北海道,芦別市,city,01216,11957,204,254,308,352,346,346,348,397,475,719,768,797,936,1005,1366,1115,1006,741,348,102,24,2221,5487,118,134,152,190,176,198,176,220,261,352,386,385,439,478,589,454,409,252,92,21,5,779,6470,86,120,156,162,170,148,172,177,214,367,382,412,497,527,777,661,597,489,256,81,19,1442
2023,2023-01-01,01217,012173,北海道,江別市,city,01217,118357,3818,4798,4941,5452,5715,4249,5180,6389,6592,8293,8367,8110,8590,8741,9782,7209,5460,3953,2031,593,94,12131,56120,1942,2466,2475,2775,3040,2124,2577,3164,3226,4089,4035,3767,4183,4233,4597,3160,2190,1359,578,127,13,4267,62237,1876,2332,2466,2677,2675,2125,2603,3225,3366,4204,4332,4343,4407,4508,5185,4049,3270,2594,1453,466,81,7864
2023,2023-01-01,01218,012181,北海道,赤平市,city,01218,8930,129,191,245,287,273,232,252,325,379,525,566,592,719,701,1061,793,754,545,265,75,21,1660,4067,57,96,125,154,143,132,143,155,209,260,286,270,355,323,455,336,278,202,75,11,2,568,4863,72,95,120,133,130,100,109,170,170,265,280,322,364,378,606,457,476,343,190,64,19,1092
2023,2023-01-01,01219,012190,北海道,紋別市,city,01219,20108,505,630,674,701,649,758,849,977,1135,1259,1423,1412,1519,1511,1972,1435,1235,889,423,135,17,2699,9540,237,320,366,363,325,421,453,527,630,647,716,696,763,710,886,575,447,321,116,19,2,905,10568,268,310,308,338,324,337,396,450,505,612,707,716,756,801,1086,860,788,568,307,116,15,1794
2023,2023-01-01,01220,012203,北海道,士別市,city,01220,17163,380,477,595,673,500,479,529,738,872,1163,1105,1190,1269,1290,1739,1358,1246,918,460,152,30,2806,8152,208,232,318,366,277,267,285,416,452,566,559,557,627,616,788,554,521,353,162,27,1,1064,9011,172,245,277,307,223,212,244,322,420,597,546,633,642,674,951,804,725,565,298,125,29,1742
2023,2023-01-01,01221,012211,北海道,名寄市,city,01221,25940,851,953,979,1121,1431,1201,1234,1451,1520,1697,1718,1575,1573,1651,2114,1691,1421,1042,542,148,27,3180,12605,439,493,526,498,724,700,698,793,783,891,873,788,791,769,963,740,551,385,168,29,3,1136,13335,412,460,453,623,707,501,536,658,737,806,845,787,782,882,1151,951,870,657,374,119,24,2044
2023,2023-01-01,01222,012220,北海道,三笠市,city,01222,7694,179,212,225,318,188,224,283,333,334,450,447,414,493,602,840,636,638,485,279,99,15,1516,3520,95,91,108,151,96,115,160,175,185,254,234,205,236,284,387,261,244,149,69,20,1,483,4174,84,121,117,167,92,109,123,158,149,196,213,209,257,318,453,375,394,336,210,79,14,1033
2023,2023-01-01,01223,012238,北海道,根室市,city,01223,23122,580,777,807,948,773,951,992,1100,1245,1538,1669,1700,1697,1751,2146,1602,1412,927,385,103,19,2846,11165,288,396,424,511,440,558,570,585,674,833,841,807,816,803,946,677,522,336,116,22,0,996,11957,292,381,383,437,333,393,422,515,571,705,828,893,881,948,1200,925,890,591,269,81,19,1850
2023,2023-01-01,01224,012246,北海道,千歳市,city,01224,96850,3675,4313,4489,4823,6138,5645,5515,6255,6709,7575,7218,6034,5361,5209,6219,4446,3492,2326,1057,303,48,7226,49264,1876,2203,2338,2558,3578,3135,2988,3287,3484,3896,3811,3123,2730,2549,2923,1991,1431,938,357,64,4,2794,47586,1799,2110,2151,2265,2560,2510,2527,2968,3225,3679,3407,2911,2631,2660,3296,2455,2061,1388,700,239,44,4432
2023,2023-01-01,01225,012254,北海道,滝川市,city,01225,37964,1037,1205,1417,1615,1651,1477,1544,1889,2129,2717,2665,2558,2500,2636,3530,2616,2222,1555,734,225,42,4778,17988,538,613,737,891,910,808,777,967,1077,1366,1324,1241,1205,1214,1545,1113,824,561,218,53,6,1662,19976,499,592,680,724,741,669,767,922,1052,1351,1341,1317,1295,1422,1985,1503,1398,994,516,172,36,3116
2023,2023-01-01,01226,012262,北海道,砂川市,city,01226,15869,387,443,528,649,614,595,608,704,805,1022,1047,1004,1085,1220,1514,1223,1036,830,395,136,24,2421,7352,200,222,270,331,305,296,303,355,402,517,511,467,532,563,696,520,403,313,111,31,4,862,8517,187,221,258,318,309,299,305,349,403,505,536,537,553,657,818,703,633,517,284,105,20,1559
2023,2023-01-01,01227,012271,北海道,歌志内市,city,01227,2779,32,36,51,79,77,65,50,84,131,160,145,154,218,271,379,274,245,191,94,37,6,573,1327,18,19,32,40,46,37,28,44,74,88,87,71,116,136,175,124,99,66,22,5,0,192,1452,14,17,19,39,31,28,22,40,57,72,58,83,102,135,204,150,146,125,72,32,6,381
2023,2023-01-01,01228,012289,北海道,深川市,city,01228,19054,394,557,585,729,645,567,578,680,982,1195,1289,1311,1300,1498,1950,1571,1432,1037,569,161,24,3223,8901,196,285,310,398,345,302,308,351,512,584,619,662,648,691,880,636,572,384,181,36,1,1174,10153,198,272,275,331,300,265,270,329,470,611,670,649,652,807,1070,935,860,653,388,125,23,2049
2023,2023-01-01,01229,012297,北海道,富良野市,city,01229,19933,608,647,811,766,739,740,800,936,1139,1422,1484,1414,1420,1436,1720,1307,1104,885,393,139,23,2544,9423,284,354,394,384,356,382,418,475,555,740,747,690,693,674,802,537,460,333,116,27,2,938,10510,324,293,417,382,383,358,382,461,584,682,737,724,727,762,918,770,644,552,277,112,21,1606
2023,2023-01-01,01230,012301,北海道,登別市,city,01230,45010,1168,1477,1716,1975,1685,1547,1791,2049,2528,3304,3191,2824,2776,3213,4474,3491,2884,1789,843,247,38,5801,21559,615,784,869,1068,933,818,971,1027,1293,1689,1560,1344,1311,1560,2036,1525,1204,648,246,48,10,2156,23451,553,693,847,907,752,729,820,1022,1235,1615,1631,1480,1465,1653,2438,1966,1680,1141,597,199,28,3645
2023,2023-01-01,01231,012319,北海道,恵庭市,city,01231,69635,2320,2945,3207,3504,3456,3050,3324,4013,4507,5342,5161,4462,4353,4463,5323,3672,3011,2202,983,298,39,6533,33873,1188,1498,1656,1782,1789,1618,1767,2008,2238,2689,2590,2162,2165,2155,2516,1605,1221,850,306,65,5,2447,35762,1132,1447,1551,1722,1667,1432,1557,2005,2269,2653,2571,2300,2188,2308,2807,2067,1790,1352,677,233,34,4086
2023,2023-01-01,01233,012335,北海道,伊達市,city,01233,32152,792,1049,1265,1349,1003,1076,1199,1344,1767,2386,2326,2075,2125,2342,3138,2378,2044,1443,777,242,32,4538,14990,408,537,655,697,520,571,638,681,844,1215,1097,976,1005,1067,1456,991,801,532,247,48,4,1632,17162,384,512,610,652,483,505,561,663,923,1171,1229,1099,1120,1275,1682,1387,1243,911,530,194,28,2906
2023,2023-01-01,01234,012343,北海道,北広島市,city,01234,56956,1534,2149,2476,2790,2460,1719,2131,2691,3338,4388,4306,3854,3867,4141,5345,3933,2836,1782,893,276,47,5834,27283,800,1114,1277,1406,1318,881,1041,1320,1669,2159,2137,1885,1840,1978,2420,1771,1265,691,237,67,7,2267,29673,734,1035,1199,1384,1142,838,1090,1371,1669,2229,2169,1969,2027,2163,2925,2162,1571,1091,656,209,40,3567
2023,2023-01-01,01235,012351,北海道,石狩市,city,01235,57328,1827,2366,2634,2793,2105,1732,2253,2992,3698,4465,4040,3441,3326,4007,5797,3992,2769,1718,979,328,66,5860,27784,946,1233,1305,1454,1071,889,1141,1533,1879,2261,2100,1728,1645,1924,2679,1834,1184,649,269,56,4,2162,29544,881,1133,1329,1339,1034,843,1112,1459,1819,2204,1940,1713,1681,2083,3118,2158,1585,1069,710,272,62,3698
2023,2023-01-01,01236,012360,北海道,北斗市,city,01236,44100,1259,1671,2052,2202,1713,1588,1773,2231,2637,3575,3483,3135,2980,3171,3629,2531,2026,1428,773,218,25,4470,20777,652,855,1070,1127,837,793,865,1118,1311,1774,1662,1513,1426,1504,1693,1069,787,477,201,40,3,1508,23323,607,816,982,1075,876,795,908,1113,1326,1801,1821,1622,1554,1667,1936,1462,1239,951,572,178,22,2962
2023,2023-01-01,01303,013030,北海道,石狩郡当別町,town,01303,15167,329,381,477,626,746,550,530,637,653,930,1093,1240,1375,1265,1433,1107,829,555,306,87,18,1795,7398,170,198,232,306,382,306,284,335,341,473,548,602,709,648,692,497,348,216,86,18,7,675,7769,159,183,245,320,364,244,246,302,312,457,545,638,666,617,741,610,481,339,220,69,11,1120
2023,2023-01-01,01304,013048,北海道,石狩郡新篠津村,village,01304,2843,78,102,98,116,84,91,117,123,144,184,205,185,184,207,232,220,196,159,82,29,7,473,1361,39,58,48,62,44,51,64,57,70,98,106,105,99,99,104,103,71,60,16,7,0,154,1482,39,44,50,54,40,40,53,66,74,86,99,80,85,108,128,117,125,99,66,22,7,319
2023,2023-01-01,01331,013315,北海道,松前郡松前町,town,01331,6193,82,109,136,151,109,145,147,176,232,361,434,416,444,590,800,632,583,383,199,52,12,1229,2930,36,64,65,76,61,87,89,94,121,187,253,225,208,304,386,250,216,130,71,6,1,424,3263,46,45,71,75,48,58,58,82,111,174,181,191,236,286,414,382,367,253,128,46,11,805
2023,2023-01-01,01332,013323,北海道,松前郡福島町,town,01332,3545,63,81,64,95,84,70,97,110,163,186,204,243,247,413,439,339,301,211,105,27,3,647,1659,30,38,29,41,50,40,45,61,102,101,103,129,117,197,221,128,122,76,22,5,2,227,1886,33,43,35,54,34,30,52,49,61,85,101,114,130,216,218,211,179,135,83,22,1,420
2023,2023-01-01,01333,013331,北海道,上磯郡知内町,town,01333,3918,71,101,132,152,108,135,156,176,214,239,228,261,299,344,421,302,263,200,86,26,4,579,1936,38,46,70,76,67,91,92,93,114,122,113,132,154,179,213,122,109,75,27,3,0,214,1982,33,55,62,76,41,44,64,83,100,117,115,129,145,165,208,180,154,125,59,23,4,365
2023,2023-01-01,01334,013340,北海道,上磯郡木古内町,town,01334,3710,50,66,90,106,86,100,109,123,128,214,231,262,274,358,444,326,328,256,120,32,7,743,1733,32,29,48,51,51,58,60,67,64,116,119,136,140,164,196,138,130,94,32,8,0,264,1977,18,37,42,55,35,42,49,56,64,98,112,126,134,194,248,188,198,162,88,24,7,479
2023,2023-01-01,01337,013374,北海道,亀田郡七飯町,town,01337,27819,869,1124,1209,1165,906,995,1136,1365,1700,2004,2043,1837,1804,2109,2505,1840,1432,1032,557,158,29,3208,12907,435,602,591,602,457,520,552,685,847,938,961,843,847,981,1190,770,567,333,165,18,3,1086,14912,434,522,618,563,449,475,584,680,853,1066,1082,994,957,1128,1315,1070,865,699,392,140,26,2122
2023,2023-01-01,01343,013439,北海道,茅部郡鹿部町,town,01343,3521,71,96,152,136,71,110,130,155,173,189,255,265,260,306,411,291,271,114,50,12,3,450,1703,37,40,87,63,38,56,71,80,98,99,125,143,117,150,194,130,116,43,13,3,0,175,1818,34,56,65,73,33,54,59,75,75,90,130,122,143,156,217,161,155,71,37,9,3,275
2023,2023-01-01,01345,013455,北海道,茅部郡森町,town,01345,13753,272,395,493,569,446,380,422,606,739,920,1006,981,914,1169,1556,1033,905,536,308,91,12,1852,6532,126,189,255,293,248,219,232,331,372,485,524,485,440,551,721,424,343,201,76,16,1,637,7221,146,206,238,276,198,161,190,275,367,435,482,496,474,618,835,609,562,335,232,75,11,1215
2023,2023-01-01,01346,013463,北海道,二海郡八雲町,town,01346,14742,381,480,541,583,506,568,605,709,882,1015,955,1022,1038,1149,1508,956,802,541,355,118,28,1844,7272,198,251,280,305,306,330,338,395,481,556,511,488,530,560,680,416,322,182,115,22,6,647,7470,183,229,261,278,200,238,267,314,401,459,444,534,508,589,828,540,480,359,240,96,22,1197
2023,2023-01-01,01347,013471,北海道,山越郡長万部町,town,01347,4690,100,119,165,138,128,139,142,216,223,266,270,301,351,411,493,338,351,285,199,48,7,890,2192,51,58,83,64,75,78,68,117,129,139,156,145,161,210,227,148,121,92,58,10,2,283,2498,49,61,82,74,53,61,74,99,94,127,114,156,190,201,266,190,230,193,141,38,5,607
2023,2023-01-01,01361,013617,北海道,檜山郡江差町,town,01361,6943,123,161,210,230,278,278,249,303,375,488,525,475,466,527,674,489,478,341,198,67,8,1092,3340,64,84,105,122,150,173,144,172,203,267,261,243,225,252,316,200,180,114,50,14,1,359,3603,59,77,105,108,128,105,105,131,172,221,264,232,241,275,358,289,298,227,148,53,7,733
2023,2023-01-01,01362,013625,北海道,檜山郡上ノ国町,town,01362,4325,71,119,138,162,118,79,123,156,226,256,301,311,334,368,508,355,328,223,119,29,1,700,2028,37,64,64,80,63,46,61,80,116,130,162,151,161,177,256,147,109,89,29,5,1,233,2297,34,55,74,82,55,33,62,76,110,126,139,160,173,191,252,208,219,134,90,24,0,467
2023,2023-01-01,01363,013633,北海道,檜山郡厚沢部町,town,01363,3471,75,116,135,117,81,71,92,154,178,209,216,257,237,324,349,271,244,202,110,30,3,589,1671,42,60,78,58,46,41,46,78,94,104,113,130,125,153,177,122,93,75,30,5,1,204,1800,33,56,57,59,35,30,46,76,84,105,103,127,112,171,172,149,151,127,80,25,2,385
2023,2023-01-01,01364,013641,北海道,爾志郡乙部町,town,01364,3305,68,77,100,134,87,77,99,108,144,195,209,204,240,290,377,257,295,212,96,30,6,639,1516,36,44,51,61,45,36,55,54,73,105,99,101,111,141,173,98,119,86,26,2,0,233,1789,32,33,49,73,42,41,44,54,71,90,110,103,129,149,204,159,176,126,70,28,6,406
2023,2023-01-01,01367,013676,北海道,奥尻郡奥尻町,town,01367,2336,28,67,52,103,78,114,102,114,120,141,135,122,186,203,244,182,136,132,55,19,3,345,1248,11,31,31,56,56,83,68,77,76,91,87,73,93,99,121,69,46,57,21,2,0,126,1088,17,36,21,47,22,31,34,37,44,50,48,49,93,104,123,113,90,75,34,17,3,219
2023,2023-01-01,01370,013706,北海道,瀬棚郡今金町,town,01370,4771,100,151,175,178,120,125,151,231,252,329,301,322,339,383,462,374,296,241,167,66,8,778,2294,52,72,95,84,74,69,80,121,133,177,165,153,172,193,204,167,120,90,57,15,1,283,2477,48,79,80,94,46,56,71,110,119,152,136,169,167,190,258,207,176,151,110,51,7,495
2023,2023-01-01,01371,013714,北海道,久遠郡せたな町,town,01371,7091,125,167,227,237,187,169,202,269,344,429,450,433,482,597,822,635,580,400,235,91,10,1316,3372,58,92,119,126,112,102,116,139,182,234,220,221,242,282,400,260,236,147,67,16,1,467,3719,67,75,108,111,75,67,86,130,162,195,230,212,240,315,422,375,344,253,168,75,9,849
2023,2023-01-01,01391,013919,北海道,島牧郡島牧村,village,01391,1310,31,37,32,35,27,47,62,57,52,78,102,91,78,116,128,100,106,83,39,9,0,237,649,15,20,14,20,20,30,41,32,32,46,55,56,34,62,59,41,33,25,13,1,0,72,661,16,17,18,15,7,17,21,25,20,32,47,35,44,54,69,59,73,58,26,8,0,165
2023,2023-01-01,01392,013927,北海道,寿都郡寿都町,town,01392,2695,71,83,101,96,69,90,122,111,155,172,166,160,180,216,271,218,173,140,69,28,4,414,1351,39,44,54,59,36,61,71,56,92,101,95,88,86,101,138,87,58,56,20,8,1,143,1344,32,39,47,37,33,29,51,55,63,71,71,72,94,115,133,131,115,84,49,20,3,271
2023,2023-01-01,01393,013935,北海道,寿都郡黒松内町,town,01393,2583,64,91,128,129,77,87,102,116,139,156,161,145,189,187,215,148,161,140,108,34,6,449,1238,38,46,69,60,39,49,58,65,81,81,85,80,99,89,101,52,63,43,29,11,0,146,1345,26,45,59,69,38,38,44,51,58,75,76,65,90,98,114,96,98,97,79,23,6,303
2023,2023-01-01,01394,013943,北海道,磯谷郡蘭越町,town,01394,4407,137,164,158,167,138,90,159,212,245,267,261,315,318,384,425,312,291,216,109,35,4,655,2122,64,81,86,89,75,51,90,100,142,125,135,162,152,191,209,139,98,84,44,4,1,231,2285,73,83,72,78,63,39,69,112,103,142,126,153,166,193,216,173,193,132,65,31,3,424
2023,2023-01-01,01395,013951,北海道,虻田郡ニセコ町,town,01395,4599,185,228,237,178,118,150,175,295,333,443,358,322,287,273,341,227,198,127,88,32,4,449,2245,82,121,142,98,62,84,72,151,154,217,185,152,154,139,179,94,79,47,28,5,0,159,2354,103,107,95,80,56,66,103,144,179,226,173,170,133,134,162,133,119,80,60,27,4,290
2023,2023-01-01,01396,013960,北海道,虻田郡真狩村,village,01396,1905,75,70,72,67,53,50,65,96,141,143,113,108,140,130,191,130,97,90,54,18,2,261,943,43,36,40,34,28,32,31,51,72,83,59,59,75,60,92,57,44,32,12,3,0,91,962,32,34,32,33,25,18,34,45,69,60,54,49,65,70,99,73,53,58,42,15,2,170
2023,2023-01-01,01397,013978,北海道,虻田郡留寿都村,village,01397,1697,58,71,74,74,81,90,81,94,112,114,106,118,129,125,107,72,81,51,48,10,1,191,869,30,34,40,34,39,50,46,49,64,55,64,67,77,62,53,35,32,21,15,1,1,70,828,28,37,34,40,42,40,35,45,48,59,42,51,52,63,54,37,49,30,33,9,0,121
2023,2023-01-01,01398,013986,北海道,虻田郡喜茂別町,town,01398,1928,44,51,63,60,55,59,70,94,116,143,133,138,132,128,187,146,134,103,48,19,5,309,971,18,25,40,30,29,31,38,46,70,90,74,68,75,65,78,75,52,43,16,6,2,119,957,26,26,23,30,26,28,32,48,46,53,59,70,57,63,109,71,82,60,32,13,3,190
2023,2023-01-01,01399,013994,北海道,虻田郡京極町,town,01399,2726,80,83,124,128,90,72,103,106,161,227,204,169,181,186,255,177,152,133,70,23,2,380,1336,43,44,62,68,53,30,53,66,85,120,103,81,96,92,121,82,62,46,23,6,0,137,1390,37,39,62,60,37,42,50,40,76,107,101,88,85,94,134,95,90,87,47,17,2,243
2023,2023-01-01,01400,014001,北海道,虻田郡倶知安町,town,01400,13971,542,623,658,551,631,742,722,899,1036,1174,1022,885,812,814,995,671,568,383,186,51,6,1194,7085,299,322,345,284,349,428,404,439,562,621,560,482,403,398,458,303,221,141,55,10,1,428,6886,243,301,313,267,282,314,318,460,474,553,462,403,409,416,537,368,347,242,131,41,5,766
2023,2023-01-01,01401,014010,北海道,岩内郡共和町,town,01401,5483,188,217,214,205,204,283,258,291,282,367,358,362,388,376,450,341,326,233,103,26,11,699,2777,91,114,114,107,122,186,160,164,130,200,194,187,205,185,227,143,134,78,27,4,5,248,2706,97,103,100,98,82,97,98,127,152,167,164,175,183,191,223,198,192,155,76,22,6,451
2023,2023-01-01,01402,014028,北海道,岩内郡岩内町,town,01402,11264,249,326,421,373,330,387,434,523,581,756,863,835,841,853,1100,855,751,501,222,55,8,1537,5322,125,178,218,194,178,223,249,273,290,395,441,408,424,397,494,335,260,181,49,9,1,500,5942,124,148,203,179,152,164,185,250,291,361,422,427,417,456,606,520,491,320,173,46,7,1037
2023,2023-01-01,01403,014036,北海道,古宇郡泊村,village,01403,1491,38,39,54,59,72,57,58,56,67,106,94,83,102,104,138,101,90,93,53,21,6,263,725,19,20,30,32,40,39,37,29,39,62,56,38,52,58,56,41,32,26,16,3,0,77,766,19,19,24,27,32,18,21,27,28,44,38,45,50,46,82,60,58,67,37,18,6,186
2023,2023-01-01,01404,014044,北海道,古宇郡神恵内村,village,01404,781,13,19,26,28,21,12,22,36,36,48,58,55,59,76,88,46,58,34,39,7,0,138,386,4,10,10,13,11,7,15,24,20,25,30,33,30,40,46,22,19,14,10,3,0,46,395,9,9,16,15,10,5,7,12,16,23,28,22,29,36,42,24,39,20,29,4,0,92
2023,2023-01-01,01405,014052,北海道,積丹郡積丹町,town,01405,1815,30,46,52,60,51,36,51,42,65,102,132,140,131,140,201,166,151,127,65,24,3,370,843,14,24,34,24,28,26,27,19,34,57,66,81,61,66,83,73,51,49,20,6,0,126,972,16,22,18,36,23,10,24,23,31,45,66,59,70,74,118,93,100,78,45,18,3,244
2023,2023-01-01,01406,014061,北海道,古平郡古平町,town,01406,2670,35,73,80,71,57,61,66,88,126,180,216,202,202,220,271,233,212,161,84,27,5,489,1264,19,30,45,34,30,32,39,49,73,107,100,109,101,113,137,89,80,50,22,5,0,157,1406,16,43,35,37,27,29,27,39,53,73,116,93,101,107,134,144,132,111,62,22,5,332
2023,2023-01-01,01407,014079,北海道,余市郡仁木町,town,01407,3073,85,114,140,120,68,81,91,139,165,211,176,206,217,251,348,228,193,141,69,26,4,433,1492,45,56,70,71,35,45,56,67,82,110,97,112,109,129,173,89,83,39,21,2,1,146,1581,40,58,70,49,33,36,35,72,83,101,79,94,108,122,175,139,110,102,48,24,3,287
2023,2023-01-01,01408,014087,北海道,余市郡余市町,town,01408,17417,391,546,612,663,572,556,594,750,872,1139,1197,1181,1166,1383,1858,1342,1149,868,431,127,20,2595,8120,198,279,309,354,309,297,304,376,460,565,599,585,522,659,859,578,441,291,113,20,2,867,9297,193,267,303,309,263,259,290,374,412,574,598,596,644,724,999,764,708,577,318,107,18,1728
2023,2023-01-01,01409,014095,北海道,余市郡赤井川村,village,01409,992,27,37,53,36,27,32,42,52,67,80,68,72,58,69,81,70,49,49,18,5,0,121,499,14,22,23,17,17,19,23,30,38,37,39,42,26,40,37,30,17,23,5,0,0,45,493,13,15,30,19,10,13,19,22,29,43,29,30,32,29,44,40,32,26,13,5,0,76
2023,2023-01-01,01423,014231,北海道,空知郡南幌町,town,01423,7483,247,265,239,273,223,246,306,378,330,438,483,690,740,624,648,449,371,326,157,42,8,904,3597,130,139,111,149,120,138,137,198,175,226,214,338,355,322,309,197,150,123,56,8,2,339,3886,117,126,128,124,103,108,169,180,155,212,269,352,385,302,339,252,221,203,101,34,6,565
2023,2023-01-01,01424,014249,北海道,空知郡奈井江町,town,01424,4936,111,148,158,175,179,149,165,188,232,313,349,313,394,390,502,361,369,259,126,45,10,809,2339,59,69,86,98,102,86,83,101,105,163,179,154,197,187,235,146,141,97,37,13,1,289,2597,52,79,72,77,77,63,82,87,127,150,170,159,197,203,267,215,228,162,89,32,9,520
2023,2023-01-01,01425,014257,北海道,空知郡上砂川町,town,01425,2560,52,56,67,76,59,71,74,88,90,176,147,140,166,206,314,259,229,184,76,24,6,519,1176,29,29,36,38,33,34,36,48,48,86,83,64,91,92,152,111,82,60,19,5,0,166,1384,23,27,31,38,26,37,38,40,42,90,64,76,75,114,162,148,147,124,57,19,6,353
2023,2023-01-01,01427,014273,北海道,夕張郡由仁町,town,01427,4739,93,143,157,174,144,99,160,205,232,294,307,312,389,392,497,357,351,254,128,43,8,784,2284,42,85,92,90,84,61,82,111,123,156,164,137,196,210,226,151,134,87,43,7,3,274,2455,51,58,65,84,60,38,78,94,109,138,143,175,193,182,271,206,217,167,85,36,5,510
2023,2023-01-01,01428,014281,北海道,夕張郡長沼町,town,01428,10108,222,309,416,394,359,285,399,475,539,623,678,706,773,799,916,717,605,510,281,89,13,1498,4848,113,152,220,196,202,153,216,237,288,326,332,353,384,407,429,299,254,179,93,14,1,541,5260,109,157,196,198,157,132,183,238,251,297,346,353,389,392,487,418,351,331,188,75,12,957
2023,2023-01-01,01429,014290,北海道,夕張郡栗山町,town,01429,11055,248,329,417,423,357,318,389,500,594,756,728,731,718,802,1097,843,800,594,310,90,11,1805,5146,115,147,190,218,189,167,196,256,307,397,366,376,363,377,508,344,317,201,87,25,0,630,5909,133,182,227,205,168,151,193,244,287,359,362,355,355,425,589,499,483,393,223,65,11,1175
2023,2023-01-01,01430,014303,北海道,樺戸郡月形町,town,01430,2854,61,63,70,68,104,104,122,128,142,177,184,196,212,220,286,205,197,178,91,42,4,512,1463,23,36,36,37,63,63,71,80,89,112,108,107,109,120,136,95,74,66,27,11,0,178,1391,38,27,34,31,41,41,51,48,53,65,76,89,103,100,150,110,123,112,64,31,4,334
2023,2023-01-01,01431,014311,北海道,樺戸郡浦臼町,town,01431,1642,50,47,70,56,42,36,42,70,85,100,86,100,103,134,196,128,121,101,49,18,8,297,790,19,19,40,28,26,21,23,45,43,53,46,41,54,64,101,55,54,36,18,4,0,112,852,31,28,30,28,16,15,19,25,42,47,40,59,49,70,95,73,67,65,31,14,8,185
2023,2023-01-01,01432,014320,北海道,樺戸郡新十津川町,town,01432,6366,191,280,254,260,173,164,256,302,307,390,428,403,449,460,588,481,421,346,153,49,11,980,2968,114,136,113,133,88,90,128,148,146,182,223,198,229,222,275,202,152,136,43,9,1,341,3398,77,144,141,127,85,74,128,154,161,208,205,205,220,238,313,279,269,210,110,40,10,639
2023,2023-01-01,01433,014338,北海道,雨竜郡妹背牛町,town,01433,2659,35,59,84,94,66,56,55,105,117,144,183,167,175,236,318,223,232,167,103,34,6,542,1253,16,25,48,50,40,30,29,56,62,75,87,77,104,109,150,88,101,61,43,2,0,207,1406,19,34,36,44,26,26,26,49,55,69,96,90,71,127,168,135,131,106,60,32,6,335
2023,2023-01-01,01434,014346,北海道,雨竜郡秩父別町,town,01434,2291,70,84,77,58,77,80,77,129,102,115,145,139,176,179,197,190,158,140,74,22,2,396,1078,36,39,37,21,43,48,42,62,55,63,70,65,84,96,98,82,71,40,24,2,0,137,1213,34,45,40,37,34,32,35,67,47,52,75,74,92,83,99,108,87,100,50,20,2,259
2023,2023-01-01,01436,014362,北海道,雨竜郡雨竜町,town,01436,2145,38,69,80,69,74,60,76,82,131,124,140,140,148,174,216,165,150,124,58,25,2,359,1045,20,35,39,39,41,34,45,46,75,64,80,72,63,84,111,67,58,51,13,8,0,130,1100,18,34,41,30,33,26,31,36,56,60,60,68,85,90,105,98,92,73,45,17,2,229
2023,2023-01-01,01437,014371,北海道,雨竜郡北竜町,town,01437,1667,51,51,54,52,46,42,56,73,85,83,107,105,108,131,155,150,134,102,57,24,1,318,793,28,18,30,17,25,24,33,38,44,46,54,56,51,57,74,76,57,38,18,9,0,122,874,23,33,24,35,21,18,23,35,41,37,53,49,57,74,81,74,77,64,39,15,1,196
2023,2023-01-01,01438,014389,北海道,雨竜郡沼田町,town,01438,2892,68,86,85,105,88,81,107,112,133,166,174,190,215,235,278,229,222,170,98,47,3,540,1380,32,32,46,53,46,46,60,68,67,90,89,80,124,117,134,100,94,61,27,14,0,196,1512,36,54,39,52,42,35,47,44,66,76,85,110,91,118,144,129,128,109,71,33,3,344
2023,2023-01-01,01452,014524,北海道,上川郡鷹栖町,town,01452,6644,194,248,282,395,246,159,218,278,393,525,471,459,447,483,589,447,358,269,143,34,6,810,3165,99,128,167,200,110,74,104,135,191,252,231,236,204,244,275,189,164,113,41,6,2,326,3479,95,120,115,195,136,85,114,143,202,273,240,223,243,239,314,258,194,156,102,28,4,484
2023,2023-01-01,01453,014532,北海道,上川郡東神楽町,town,01453,9894,338,517,573,537,350,263,373,556,645,779,790,674,666,675,729,507,411,301,157,46,7,922,4683,175,267,302,260,161,146,178,256,333,377,352,335,303,332,345,221,181,99,49,10,1,340,5211,163,250,271,277,189,117,195,300,312,402,438,339,363,343,384,286,230,202,108,36,6,582
2023,2023-01-01,01454,014541,北海道,上川郡当麻町,town,01454,6164,160,222,249,249,186,165,190,266,314,360,392,397,435,448,637,445,438,363,180,63,5,1049,2857,85,109,121,121,92,95,101,131,154,179,194,185,213,211,312,191,162,145,47,9,0,363,3307,75,113,128,128,94,70,89,135,160,181,198,212,222,237,325,254,276,218,133,54,5,686
2023,2023-01-01,01455,014559,北海道,上川郡比布町,town,01455,3488,81,130,130,132,83,82,124,158,181,203,230,218,235,307,308,274,258,220,101,30,3,612,1644,49,62,59,65,43,39,68,76,93,102,129,87,129,162,141,116,109,81,30,4,0,224,1844,32,68,71,67,40,43,56,82,88,101,101,131,106,145,167,158,149,139,71,26,3,388
2023,2023-01-01,01456,014567,北海道,上川郡愛別町,town,01456,2528,55,71,74,84,89,61,72,99,102,145,166,132,186,204,275,221,203,170,86,29,4,492,1213,25,48,41,41,40,40,38,52,52,74,92,60,105,95,121,109,85,66,22,6,1,180,1315,30,23,33,43,49,21,34,47,50,71,74,72,81,109,154,112,118,104,64,23,3,312
2023,2023-01-01,01457,014575,北海道,上川郡上川町,town,01457,3153,63,73,86,123,104,83,109,126,153,160,190,195,209,240,319,285,265,237,111,20,2,635,1486,33,42,36,56,56,48,66,68,73,87,98,111,103,114,146,115,103,81,47,3,0,234,1667,30,31,50,67,48,35,43,58,80,73,92,84,106,126,173,170,162,156,64,17,2,401
2023,2023-01-01,01458,014583,北海道,上川郡東川町,town,01458,8084,297,411,397,381,268,226,296,406,516,662,583,491,437,484,715,522,428,310,187,61,6,992,3805,139,213,216,179,121,114,136,196,243,318,299,252,217,236,332,227,156,128,63,17,3,367,4279,158,198,181,202,147,112,160,210,273,344,284,239,220,248,383,295,272,182,124,44,3,625
2023,2023-01-01,01459,014591,北海道,上川郡美瑛町,town,01459,9458,206,317,374,369,317,282,329,445,501,647,667,661,652,696,838,657,650,475,275,86,14,1500,4430,105,144,181,165,185,154,174,216,250,318,339,307,343,323,407,284,262,170,84,17,2,535,5028,101,173,193,204,132,128,155,229,251,329,328,354,309,373,431,373,388,305,191,69,12,965
2023,2023-01-01,01460,014605,北海道,空知郡上富良野町,town,01460,10051,297,365,424,465,565,417,453,531,643,655,640,596,607,655,818,661,547,459,199,44,10,1259,5113,154,190,236,259,366,271,266,286,344,351,332,294,320,304,381,290,213,175,72,6,3,469,4938,143,175,188,206,199,146,187,245,299,304,308,302,287,351,437,371,334,284,127,38,7,790
2023,2023-01-01,01461,014613,北海道,空知郡中富良野町,town,01461,4630,161,166,205,212,135,147,151,206,262,311,274,330,360,335,399,285,297,244,119,25,6,691,2205,78,77,102,104,82,81,75,102,141,160,122,161,185,162,195,127,116,90,40,5,0,251,2425,83,89,103,108,53,66,76,104,121,151,152,169,175,173,204,158,181,154,79,20,6,440
2023,2023-01-01,01462,014621,北海道,空知郡南富良野町,town,01462,2289,63,100,73,78,101,83,118,129,136,155,185,162,149,163,148,144,128,94,60,16,4,302,1181,36,43,39,43,65,52,70,55,83,85,111,88,77,85,77,63,54,34,16,5,0,109,1108,27,57,34,35,36,31,48,74,53,70,74,74,72,78,71,81,74,60,44,11,4,193
2023,2023-01-01,01463,014630,北海道,勇払郡占冠村,village,01463,1073,30,38,27,29,87,56,56,49,65,81,85,76,71,73,89,47,44,47,17,6,0,114,518,14,16,17,11,35,29,31,26,34,41,44,34,40,36,43,23,14,23,6,1,0,44,555,16,22,10,18,52,27,25,23,31,40,41,42,31,37,46,24,30,24,11,5,0,70
2023,2023-01-01,01464,014648,北海道,上川郡和寒町,town,01464,2990,62,81,123,115,89,62,79,126,147,169,191,176,192,246,304,243,254,171,117,39,4,585,1419,42,42,61,59,53,37,39,70,75,93,100,91,88,114,136,104,111,66,29,8,1,215,1571,20,39,62,56,36,25,40,56,72,76,91,85,104,132,168,139,143,105,88,31,3,370
2023,2023-01-01,01465,014656,北海道,上川郡剣淵町,town,01465,2883,72,80,88,149,82,79,103,125,161,171,173,183,207,249,291,221,179,148,78,40,4,449,1409,36,41,56,76,50,47,60,58,86,99,85,89,104,119,134,102,69,53,28,15,2,167,1474,36,39,32,73,32,32,43,67,75,72,88,94,103,130,157,119,110,95,50,25,2,282
2023,2023-01-01,01468,014681,北海道,上川郡下川町,town,01468,3001,77,103,109,137,80,61,92,143,165,258,193,180,194,223,298,223,208,147,75,30,5,465,1438,39,49,56,69,43,29,55,74,76,139,108,94,104,97,147,88,84,62,18,7,0,171,1563,38,54,53,68,37,32,37,69,89,119,85,86,90,126,151,135,124,85,57,23,5,294
2023,2023-01-01,01469,014699,北海道,中川郡美深町,town,01469,3860,98,97,143,133,117,112,121,161,215,256,249,245,270,312,379,286,261,223,131,46,5,666,1879,51,46,77,79,69,57,75,90,110,144,123,131,124,147,179,127,103,85,49,13,0,250,1981,47,51,66,54,48,55,46,71,105,112,126,114,146,165,200,159,158,138,82,33,5,416
2023,2023-01-01,01470,014702,北海道,中川郡音威子府村,village,01470,667,17,8,15,119,18,39,27,31,22,38,27,35,56,53,49,30,37,28,13,5,0,83,355,9,3,10,44,15,26,20,18,15,24,18,18,33,30,27,13,16,10,5,1,0,32,312,8,5,5,75,3,13,7,13,7,14,9,17,23,23,22,17,21,18,8,4,0,51
2023,2023-01-01,01471,014711,北海道,中川郡中川町,town,01471,1329,31,44,53,35,45,53,38,63,64,86,86,96,104,96,114,106,94,74,34,12,1,215,670,13,25,31,16,23,31,21,37,35,50,48,50,53,44,51,53,42,35,11,0,1,89,659,18,19,22,19,22,22,17,26,29,36,38,46,51,52,63,53,52,39,23,12,0,126
2023,2023-01-01,01472,014729,北海道,雨竜郡幌加内町,town,01472,1301,29,36,40,84,53,32,41,58,61,87,89,79,79,86,113,98,96,82,38,18,2,236,644,15,18,23,50,30,18,25,27,34,48,49,41,38,44,52,39,42,30,17,3,1,93,657,14,18,17,34,23,14,16,31,27,39,40,38,41,42,61,59,54,52,21,15,1,143
2023,2023-01-01,01481,014818,北海道,増毛郡増毛町,town,01481,3768,77,91,129,134,83,71,123,144,190,236,227,234,273,298,444,320,287,215,133,46,13,694,1726,38,45,75,68,51,36,68,72,87,130,120,122,131,135,192,130,104,69,44,7,2,226,2042,39,46,54,66,32,35,55,72,103,106,107,112,142,163,252,190,183,146,89,39,11,468
2023,2023-01-01,01482,014826,北海道,留萌郡小平町,town,01482,2772,74,90,91,91,73,82,82,119,143,174,198,207,188,235,241,216,226,142,73,22,5,468,1322,30,52,49,49,41,45,41,62,72,86,108,99,107,119,113,76,87,60,18,8,0,173,1450,44,38,42,42,32,37,41,57,71,88,90,108,81,116,128,140,139,82,55,14,5,295
2023,2023-01-01,01483,014834,北海道,苫前郡苫前町,town,01483,2795,72,91,106,116,82,100,88,103,129,173,183,203,184,206,262,198,217,167,85,27,3,499,1358,38,55,49,67,50,54,47,51,66,97,89,105,92,102,119,84,83,74,31,5,0,193,1437,34,36,57,49,32,46,41,52,63,76,94,98,92,104,143,114,134,93,54,22,3,306
2023,2023-01-01,01484,014842,北海道,苫前郡羽幌町,town,01484,6314,147,176,246,241,167,172,219,258,325,424,385,387,401,469,654,533,492,360,175,70,13,1110,3039,86,90,143,132,86,97,120,130,186,244,195,209,208,207,298,216,190,124,59,17,2,392,3275,61,86,103,109,81,75,99,128,139,180,190,178,193,262,356,317,302,236,116,53,11,718
2023,2023-01-01,01485,014851,北海道,苫前郡初山別村,village,01485,1069,26,37,26,34,44,38,43,46,39,65,73,80,100,83,88,80,66,58,32,10,1,167,516,11,18,12,15,17,22,23,27,22,33,34,41,56,45,39,31,34,26,8,2,0,70,553,15,19,14,19,27,16,20,19,17,32,39,39,44,38,49,49,32,32,24,8,1,97
2023,2023-01-01,01486,014869,北海道,天塩郡遠別町,town,01486,2355,47,80,88,89,71,72,90,86,108,144,149,154,171,224,211,178,179,126,62,23,3,393,1148,25,35,51,47,39,42,50,41,59,83,77,74,92,115,98,72,64,55,20,9,0,148,1207,22,45,37,42,32,30,40,45,49,61,72,80,79,109,113,106,115,71,42,14,3,245
2023,2023-01-01,01487,014877,北海道,天塩郡天塩町,town,01487,2775,70,88,111,104,85,107,102,136,168,173,186,180,205,237,284,177,153,106,80,17,6,362,1405,36,55,54,46,50,59,57,81,91,89,112,101,110,126,131,85,57,35,25,5,0,122,1370,34,33,57,58,35,48,45,55,77,84,74,79,95,111,153,92,96,71,55,12,6,240
2023,2023-01-01,01511,015113,北海道,宗谷郡猿払村,village,01511,2502,115,113,134,122,117,120,126,166,142,170,177,158,184,193,151,123,82,59,34,16,0,191,1254,56,62,61,56,63,63,71,89,76,102,99,74,96,99,74,51,30,19,12,1,0,62,1248,59,51,73,66,54,57,55,77,66,68,78,84,88,94,77,72,52,40,22,15,0,129
2023,2023-01-01,01512,015121,北海道,枝幸郡浜頓別町,town,01512,3265,75,106,95,123,128,138,163,145,183,228,210,200,218,274,329,235,183,124,79,23,6,415,1617,37,44,47,68,72,72,96,88,96,128,104,117,106,132,149,112,75,46,21,6,1,149,1648,38,62,48,55,56,66,67,57,87,100,106,83,112,142,180,123,108,78,58,17,5,266
2023,2023-01-01,01513,015130,北海道,枝幸郡中頓別町,town,01513,1565,38,51,53,48,37,57,59,69,87,125,110,95,109,106,152,115,106,74,50,19,5,254,780,17,23,28,28,18,36,34,47,43,77,54,53,61,48,75,41,45,33,15,4,0,97,785,21,28,25,20,19,21,25,22,44,48,56,42,48,58,77,74,61,41,35,15,5,157
2023,2023-01-01,01514,015148,北海道,枝幸郡枝幸町,town,01514,7350,214,219,268,324,265,246,310,358,416,513,514,474,542,564,732,477,400,300,154,54,6,914,3587,106,102,140,156,154,152,175,195,229,291,254,229,273,248,343,207,162,104,51,16,0,333,3763,108,117,128,168,111,94,135,163,187,222,260,245,269,316,389,270,238,196,103,38,6,581
2023,2023-01-01,01516,015164,北海道,天塩郡豊富町,town,01516,3647,103,121,151,128,105,129,163,220,230,223,223,228,275,320,361,203,176,163,87,32,6,464,1870,54,65,87,73,69,82,97,125,120,119,120,108,143,171,176,92,80,51,30,5,3,169,1777,49,56,64,55,36,47,66,95,110,104,103,120,132,149,185,111,96,112,57,27,3,295
2023,2023-01-01,01517,015172,北海道,礼文郡礼文町,town,01517,2289,63,73,88,103,39,81,104,127,124,151,145,148,158,223,239,139,114,109,44,16,1,284,1167,29,39,42,54,21,44,58,66,79,90,92,74,76,109,122,59,43,54,14,2,0,113,1122,34,34,46,49,18,37,46,61,45,61,53,74,82,114,117,80,71,55,30,14,1,171
2023,2023-01-01,01518,015181,北海道,利尻郡利尻町,town,01518,1892,57,54,58,70,50,72,85,75,95,141,126,113,119,143,188,150,115,103,58,19,1,296,938,29,31,25,31,28,47,50,34,61,73,70,64,61,66,101,57,41,46,17,6,0,110,954,28,23,33,39,22,25,35,41,34,68,56,49,58,77,87,93,74,57,41,13,1,186
2023,2023-01-01,01519,015199,北海道,利尻郡利尻富士町,town,01519,2252,57,67,89,94,55,79,76,110,123,130,159,151,170,196,202,142,134,115,76,24,3,352,1108,29,46,46,49,30,41,43,58,71,61,89,78,88,103,93,50,55,48,26,4,0,133,1144,28,21,43,45,25,38,33,52,52,69,70,73,82,93,109,92,79,67,50,20,3,219
2023,2023-01-01,01520,015202,北海道,天塩郡幌延町,town,01520,2171,77,90,96,87,71,96,136,122,141,158,138,130,169,173,177,116,83,63,37,11,0,194,1135,41,36,50,48,47,58,79,72,85,82,79,72,87,96,84,50,24,24,17,4,0,69,1036,36,54,46,39,24,38,57,50,56,76,59,58,82,77,93,66,59,39,20,7,0,125
2023,2023-01-01,01543,015431,北海道,網走郡美幌町,town,01543,18058,425,556,720,751,718,592,697,954,1029,1167,1175,1219,1391,1325,1707,1242,1049,804,412,113,12,2390,8840,211,288,373,411,442,356,401,528,522,627,575,587,674,637,778,555,393,328,133,21,0,875,9218,214,268,347,340,276,236,296,426,507,540,600,632,717,688,929,687,656,476,279,92,12,1515
2023,2023-01-01,01544,015440,北海道,網走郡津別町,town,01544,4201,98,132,130,116,123,132,143,156,189,268,240,274,289,330,470,377,331,233,114,48,8,734,2060,55,53,77,60,73,84,87,94,95,149,129,151,141,162,232,145,132,90,39,10,2,273,2141,43,79,53,56,50,48,56,62,94,119,111,123,148,168,238,232,199,143,75,38,6,461
2023,2023-01-01,01545,015458,北海道,斜里郡斜里町,town,01545,10643,339,419,469,396,332,392,474,615,618,752,674,686,720,804,990,666,572,415,227,62,21,1297,5291,184,205,234,207,193,228,278,335,339,381,352,357,381,365,457,314,230,172,62,15,2,481,5352,155,214,235,189,139,164,196,280,279,371,322,329,339,439,533,352,342,243,165,47,19,816
2023,2023-01-01,01546,015466,北海道,斜里郡清里町,town,01546,3797,112,144,178,151,123,135,146,174,210,250,217,235,252,274,334,246,278,183,114,35,6,616,1877,56,82,96,81,75,76,90,86,107,130,112,125,131,137,162,104,118,61,37,9,2,227,1920,56,62,82,70,48,59,56,88,103,120,105,110,121,137,172,142,160,122,77,26,4,389
2023,2023-01-01,01547,015474,北海道,斜里郡小清水町,town,01547,4482,144,186,187,151,132,139,186,230,244,298,246,298,325,315,422,299,288,219,124,45,4,680,2144,73,98,98,67,70,79,110,117,128,158,122,132,163,158,195,124,124,79,40,9,0,252,2338,71,88,89,84,62,60,76,113,116,140,124,166,162,157,227,175,164,140,84,36,4,428
2023,2023-01-01,01549,015491,北海道,常呂郡訓子府町,town,01549,4594,129,181,204,186,134,89,164,224,250,278,290,277,364,349,447,344,302,211,122,41,8,684,2220,70,97,90,97,70,47,92,116,138,133,149,135,184,168,208,159,137,83,40,5,2,267,2374,59,84,114,89,64,42,72,108,112,145,141,142,180,181,239,185,165,128,82,36,6,417
2023,2023-01-01,01550,015504,北海道,常呂郡置戸町,town,01550,2654,74,99,98,76,73,70,92,115,144,138,158,164,183,199,248,226,204,154,96,35,8,497,1226,36,43,48,36,41,34,61,58,71,70,88,92,84,99,110,87,84,48,27,8,1,168,1428,38,56,50,40,32,36,31,57,73,68,70,72,99,100,138,139,120,106,69,27,7,329
2023,2023-01-01,01552,015521,北海道,常呂郡佐呂間町,town,01552,4589,137,126,193,196,157,162,161,194,214,290,298,293,292,357,472,336,291,263,116,33,8,711,2215,60,64,93,100,81,100,79,103,117,151,163,152,143,165,219,150,141,95,31,8,0,275,2374,77,62,100,96,76,62,82,91,97,139,135,141,149,192,253,186,150,168,85,25,8,436
2023,2023-01-01,01555,015555,北海道,紋別郡遠軽町,town,01555,18379,490,584,741,758,722,695,755,875,1010,1144,1238,1125,1219,1333,1710,1336,1171,854,465,137,17,2644,8968,257,314,376,396,424,409,435,464,509,603,627,589,576,635,762,599,462,352,148,27,4,993,9411,233,270,365,362,298,286,320,411,501,541,611,536,643,698,948,737,709,502,317,110,13,1651
2023,2023-01-01,01559,015598,北海道,紋別郡湧別町,town,01559,7920,223,262,243,332,238,259,305,339,385,492,518,526,624,630,753,551,523,395,231,81,10,1240,3845,120,127,123,181,130,159,178,188,199,271,260,277,312,305,345,235,198,153,66,17,1,435,4075,103,135,120,151,108,100,127,151,186,221,258,249,312,325,408,316,325,242,165,64,9,805
2023,2023-01-01,01560,015601,北海道,紋別郡滝上町,town,01560,2334,63,61,72,65,72,59,92,100,89,143,140,138,194,182,255,172,172,147,76,36,6,437,1132,33,34,32,35,48,32,50,55,53,74,79,69,99,85,117,74,75,50,29,8,1,163,1202,30,27,40,30,24,27,42,45,36,69,61,69,95,97,138,98,97,97,47,28,5,274
2023,2023-01-01,01561,015610,北海道,紋別郡興部町,town,01561,3513,118,160,152,135,127,125,154,209,204,213,246,207,252,269,289,227,215,127,62,21,1,426,1729,54,76,85,70,82,72,79,108,112,111,140,116,127,126,124,94,73,57,17,5,1,153,1784,64,84,67,65,45,53,75,101,92,102,106,91,125,143,165,133,142,70,45,16,0,273
2023,2023-01-01,01562,015628,北海道,紋別郡西興部村,village,01562,999,39,26,31,21,29,45,39,71,79,80,59,62,73,62,64,52,63,55,36,13,0,167,512,22,15,18,12,17,26,21,40,49,49,32,35,40,32,31,24,19,17,10,3,0,49,487,17,11,13,9,12,19,18,31,30,31,27,27,33,30,33,28,44,38,26,10,0,118
2023,2023-01-01,01563,015636,北海道,紋別郡雄武町,town,01563,3965,109,139,152,159,114,133,192,196,230,249,295,258,319,304,347,244,232,174,87,29,3,525,1964,65,68,70,90,68,74,106,116,122,143,152,129,162,156,158,85,100,71,23,4,2,200,2001,44,71,82,69,46,59,86,80,108,106,143,129,157,148,189,159,132,103,64,25,1,325
2023,2023-01-01,01564,015644,北海道,網走郡大空町,town,01564,6738,193,246,322,309,204,204,254,328,359,460,428,440,507,497,700,404,366,293,166,53,5,883,3273,100,110,163,172,103,127,133,172,180,255,211,217,250,246,351,164,144,109,57,9,0,319,3465,93,136,159,137,101,77,121,156,179,205,217,223,257,251,349,240,222,184,109,44,5,564
2023,2023-01-01,01571,015717,北海道,虻田郡豊浦町,town,01571,3555,81,126,147,132,134,93,134,145,219,232,253,238,248,277,345,232,205,173,102,33,6,519,1679,40,69,69,65,48,55,70,80,114,136,120,128,114,116,167,105,70,67,43,3,0,183,1876,41,57,78,67,86,38,64,65,105,96,133,110,134,161,178,127,135,106,59,30,6,336
2023,2023-01-01,01575,015750,北海道,有珠郡壮瞥町,town,01575,2324,74,78,79,93,59,54,79,103,108,167,140,160,170,173,232,186,142,137,67,21,2,369,1106,35,45,43,47,28,21,39,47,55,98,74,83,81,91,90,90,59,58,18,2,2,139,1218,39,33,36,46,31,33,40,56,53,69,66,77,89,82,142,96,83,79,49,19,0,230
2023,2023-01-01,01578,015784,北海道,白老郡白老町,town,01578,15426,236,346,420,491,413,387,468,557,712,930,1098,979,1076,1352,1906,1510,1269,786,372,103,15,2545,7381,124,172,210,251,221,212,268,291,388,482,552,470,529,671,889,686,540,292,108,24,1,965,8045,112,174,210,240,192,175,200,266,324,448,546,509,547,681,1017,824,729,494,264,79,14,1580
2023,2023-01-01,01581,015814,北海道,勇払郡厚真町,town,01581,4332,168,184,197,149,121,136,203,245,223,278,238,248,285,338,377,301,260,208,131,36,6,641,2161,90,102,103,75,76,78,114,127,107,160,125,123,144,181,188,134,108,78,36,10,2,234,2171,78,82,94,74,45,58,89,118,116,118,113,125,141,157,189,167,152,130,95,26,4,407
2023,2023-01-01,01584,015849,北海道,虻田郡洞爺湖町,town,01584,8011,179,236,243,286,254,215,240,346,407,479,496,530,603,645,860,672,576,442,217,71,14,1320,3718,89,115,134,148,144,112,116,177,208,238,236,245,298,306,400,293,214,166,66,11,2,459,4293,90,121,109,138,110,103,124,169,199,241,260,285,305,339,460,379,362,276,151,60,12,861
2023,2023-01-01,01585,015857,北海道,勇払郡安平町,town,01585,7231,195,246,271,296,314,273,249,301,373,468,556,443,492,516,631,565,485,310,191,49,7,1042,3576,105,125,127,151,180,166,136,146,202,250,301,253,242,263,307,241,204,109,53,14,1,381,3655,90,121,144,145,134,107,113,155,171,218,255,190,250,253,324,324,281,201,138,35,6,661
2023,2023-01-01,01586,015865,北海道,勇払郡むかわ町,town,01586,7382,191,218,261,282,208,217,293,346,350,433,466,483,529,601,815,559,514,365,187,53,11,1130,3611,91,110,136,141,120,130,157,192,200,218,249,244,281,296,382,252,193,150,57,10,2,412,3771,100,108,125,141,88,87,136,154,150,215,217,239,248,305,433,307,321,215,130,43,9,718
2023,2023-01-01,01601,016012,北海道,沙流郡日高町,town,01601,10904,245,361,452,466,394,361,413,537,671,789,729,703,754,840,1020,714,644,507,235,60,9,1455,5438,135,167,249,242,230,214,213,292,378,417,416,348,386,413,479,314,263,190,80,9,3,545,5466,110,194,203,224,164,147,200,245,293,372,313,355,368,427,541,400,381,317,155,51,6,910
2023,2023-01-01,01602,016021,北海道,沙流郡平取町,town,01602,4520,115,171,193,191,146,161,157,197,227,346,313,320,293,341,398,349,258,201,101,36,6,602,2220,66,90,94,94,86,95,87,103,124,183,147,168,156,176,169,153,109,78,33,9,0,229,2300,49,81,99,97,60,66,70,94,103,163,166,152,137,165,229,196,149,123,68,27,6,373
2023,2023-01-01,01604,016047,北海道,新冠郡新冠町,town,01604,4983,132,206,214,214,181,155,199,274,321,385,355,302,329,402,406,302,243,181,124,54,4,606,2420,68,102,100,105,110,86,100,141,179,207,179,157,157,199,189,133,92,69,36,10,1,208,2563,64,104,114,109,71,69,99,133,142,178,176,145,172,203,217,169,151,112,88,44,3,398
2023,2023-01-01,01607,016071,北海道,浦河郡浦河町,town,01607,11275,321,377,447,434,477,467,432,578,672,750,813,782,734,882,1029,702,628,440,233,66,11,1378,5491,150,191,247,244,251,250,240,305,358,397,438,380,377,412,482,285,244,161,68,10,1,484,5784,171,186,200,190,226,217,192,273,314,353,375,402,357,470,547,417,384,279,165,56,10,894
2023,2023-01-01,01608,016080,北海道,様似郡様似町,town,01608,3954,91,121,126,144,107,133,135,156,204,231,275,265,275,360,448,284,257,188,110,36,8,599,1902,47,61,66,73,66,66,67,86,123,112,144,117,123,177,226,126,112,73,29,7,1,222,2052,44,60,60,71,41,67,68,70,81,119,131,148,152,183,222,158,145,115,81,29,7,377
2023,2023-01-01,01609,016098,北海道,幌泉郡えりも町,town,01609,4258,93,165,211,202,149,144,190,221,238,289,287,245,322,378,384,253,215,164,78,25,5,487,2143,43,76,103,117,91,96,116,121,124,167,154,130,154,179,189,118,81,58,19,7,0,165,2115,50,89,108,85,58,48,74,100,114,122,133,115,168,199,195,135,134,106,59,18,5,322
2023,2023-01-01,01610,016101,北海道,日高郡新ひだか町,town,01610,20795,604,786,841,825,733,783,842,1073,1225,1464,1418,1443,1373,1466,1937,1336,1159,913,414,139,21,2646,10138,306,419,435,415,432,434,464,569,667,764,705,713,705,699,917,550,458,321,134,28,3,944,10657,298,367,406,410,301,349,378,504,558,700,713,730,668,767,1020,786,701,592,280,111,18,1702
2023,2023-01-01,01631,016314,北海道,河東郡音更町,town,01631,43099,1363,1780,2129,2289,1786,1607,1888,2256,2765,3434,3298,2984,2715,2656,3327,2422,1946,1469,706,246,33,4400,20407,740,885,1058,1157,882,826,957,1082,1346,1663,1599,1459,1326,1276,1533,1009,791,537,229,48,4,1609,22692,623,895,1071,1132,904,781,931,1174,1419,1771,1699,1525,1389,1380,1794,1413,1155,932,477,198,29,2791
2023,2023-01-01,01632,016322,北海道,河東郡士幌町,town,01632,5746,178,222,255,299,240,212,236,316,342,328,363,351,379,486,496,342,269,244,133,47,8,701,2825,101,105,140,152,127,123,129,164,184,161,184,182,191,239,235,152,107,99,37,13,0,256,2921,77,117,115,147,113,89,107,152,158,167,179,169,188,247,261,190,162,145,96,34,8,445
2023,2023-01-01,01633,016331,北海道,河東郡上士幌町,town,01633,4717,173,188,172,210,177,216,227,253,297,295,277,260,295,330,382,262,299,234,124,42,4,703,2321,88,92,91,108,102,124,109,140,164,163,150,129,147,167,181,109,116,88,37,14,2,257,2396,85,96,81,102,75,92,118,113,133,132,127,131,148,163,201,153,183,146,87,28,2,446
2023,2023-01-01,01634,016349,北海道,河東郡鹿追町,town,01634,5052,181,226,263,267,227,211,260,292,279,366,301,284,313,321,392,267,255,200,103,40,4,602,2503,97,105,133,146,136,116,142,161,142,182,147,135,159,168,185,118,114,80,27,9,1,231,2549,84,121,130,121,91,95,118,131,137,184,154,149,154,153,207,149,141,120,76,31,3,371
2023,2023-01-01,01635,016357,北海道,上川郡新得町,town,01635,5447,122,171,208,180,213,219,195,257,295,371,340,374,369,419,497,402,351,285,149,26,4,815,2715,60,85,118,97,130,119,110,141,166,198,155,204,189,228,228,181,151,108,40,6,1,306,2732,62,86,90,83,83,100,85,116,129,173,185,170,180,191,269,221,200,177,109,20,3,509
2023,2023-01-01,01636,016365,北海道,上川郡清水町,town,01636,8833,217,301,373,385,320,286,384,414,492,577,576,544,596,661,801,629,531,431,246,57,12,1277,4388,112,159,196,221,173,172,218,229,266,308,298,284,307,295,397,268,224,155,86,18,2,485,4445,105,142,177,164,147,114,166,185,226,269,278,260,289,366,404,361,307,276,160,39,10,792
2023,2023-01-01,01637,016373,北海道,河西郡芽室町,town,01637,17954,592,769,929,997,660,607,730,992,1098,1341,1328,1283,1162,1130,1402,985,866,604,343,118,18,1949,8575,298,388,464,499,317,319,381,506,525,667,643,634,588,543,636,439,349,240,111,25,3,728,9379,294,381,465,498,343,288,349,486,573,674,685,649,574,587,766,546,517,364,232,93,15,1221
2023,2023-01-01,01638,016381,北海道,河西郡中札内村,village,01638,3821,125,167,205,172,133,141,186,218,219,285,283,267,274,243,262,201,191,136,77,30,6,440,1876,61,82,101,86,74,87,102,112,112,151,149,121,145,140,119,75,75,51,24,9,0,159,1945,64,85,104,86,59,54,84,106,107,134,134,146,129,103,143,126,116,85,53,21,6,281
2023,2023-01-01,01639,016390,北海道,河西郡更別村,village,01639,3145,130,128,138,146,113,137,159,181,185,195,210,219,220,221,200,134,169,134,96,29,1,429,1537,52,68,76,72,71,69,85,104,94,92,110,102,104,121,95,52,68,57,39,6,0,170,1608,78,60,62,74,42,68,74,77,91,103,100,117,116,100,105,82,101,77,57,23,1,259
2023,2023-01-01,01641,016411,北海道,広尾郡大樹町,town,01641,5283,177,193,225,193,218,237,286,302,315,338,281,271,336,370,453,374,283,252,128,44,7,714,2645,81,101,112,97,128,136,163,179,168,186,150,138,172,177,205,171,123,99,47,12,0,281,2638,96,92,113,96,90,101,123,123,147,152,131,133,164,193,248,203,160,153,81,32,7,433
2023,2023-01-01,01642,016420,北海道,広尾郡広尾町,town,01642,6153,149,198,203,230,190,189,248,266,303,366,412,437,439,543,605,429,428,313,148,50,7,946,2980,79,96,104,115,112,115,142,150,159,184,218,227,208,274,269,182,170,118,49,9,0,346,3173,70,102,99,115,78,74,106,116,144,182,194,210,231,269,336,247,258,195,99,41,7,600
2023,2023-01-01,01643,016438,北海道,中川郡幕別町,town,01643,25698,811,1032,1195,1147,922,790,1007,1296,1573,1884,1845,1688,1757,1829,2252,1753,1343,906,476,173,19,2917,12288,433,556,592,591,473,399,504,639,775,930,890,794,862,883,1045,776,565,370,163,46,2,1146,13410,378,476,603,556,449,391,503,657,798,954,955,894,895,946,1207,977,778,536,313,127,17,1771
2023,2023-01-01,01644,016446,北海道,中川郡池田町,town,01644,6123,123,164,177,212,198,203,193,264,266,353,405,424,432,465,661,514,464,339,189,62,15,1069,2887,65,75,94,101,104,114,101,134,137,195,213,202,223,225,292,226,189,126,57,12,2,386,3236,58,89,83,111,94,89,92,130,129,158,192,222,209,240,369,288,275,213,132,50,13,683
2023,2023-01-01,01645,016454,北海道,中川郡豊頃町,town,01645,2917,85,83,92,109,104,109,106,151,150,161,171,161,239,231,272,215,191,157,105,23,2,478,1433,36,41,49,55,54,64,60,83,84,83,95,79,121,118,133,93,83,62,34,6,0,185,1484,49,42,43,54,50,45,46,68,66,78,76,82,118,113,139,122,108,95,71,17,2,293
2023,2023-01-01,01646,016462,北海道,中川郡本別町,town,01646,6307,143,178,204,280,237,220,209,236,297,376,397,430,438,494,678,500,434,328,172,45,11,990,3098,74,97,109,164,142,146,123,126,156,207,197,214,234,243,308,210,165,122,49,10,2,348,3209,69,81,95,116,95,74,86,110,141,169,200,216,204,251,370,290,269,206,123,35,9,642
2023,2023-01-01,01647,016471,北海道,足寄郡足寄町,town,01647,6316,165,228,244,275,187,197,211,291,357,408,387,376,430,469,610,491,428,323,176,54,9,990,3120,97,125,116,153,106,110,113,162,191,210,201,213,214,227,287,215,190,116,59,15,0,380,3196,68,103,128,122,81,87,98,129,166,198,186,163,216,242,323,276,238,207,117,39,9,610
2023,2023-01-01,01648,016489,北海道,足寄郡陸別町,town,01648,2155,63,54,85,58,72,75,94,113,105,137,146,155,152,166,185,174,149,100,51,19,2,321,1093,29,31,39,30,46,46,60,55,65,77,76,86,89,86,87,66,59,46,15,5,0,125,1062,34,23,46,28,26,29,34,58,40,60,70,69,63,80,98,108,90,54,36,14,2,196
2023,2023-01-01,01649,016497,北海道,十勝郡浦幌町,town,01649,4242,101,130,161,137,118,133,168,218,196,210,224,290,308,356,477,331,275,229,135,43,2,684,2060,47,72,85,68,61,80,100,123,104,111,114,148,158,174,216,139,119,86,44,11,0,260,2182,54,58,76,69,57,53,68,95,92,99,110,142,150,182,261,192,156,143,91,32,2,424
2023,2023-01-01,01661,016616,北海道,釧路郡釧路町,town,01661,18779,632,684,730,835,754,824,948,1091,1035,1343,1297,1352,1438,1492,1638,1052,804,497,257,68,8,1634,8947,333,339,385,426,410,402,465,549,513,682,610,615,670,750,757,460,324,172,72,13,0,581,9832,299,345,345,409,344,422,483,542,522,661,687,737,768,742,881,592,480,325,185,55,8,1053
2023,2023-01-01,01662,016624,北海道,厚岸郡厚岸町,town,01662,8435,199,257,305,353,272,315,347,401,420,560,586,589,656,649,791,537,526,417,193,55,7,1198,4043,103,126,161,182,151,183,186,217,219,288,294,278,336,295,367,222,196,150,73,16,0,435,4392,96,131,144,171,121,132,161,184,201,272,292,311,320,354,424,315,330,267,120,39,7,763
2023,2023-01-01,01663,016632,北海道,厚岸郡浜中町,town,01663,5282,171,201,196,221,206,215,246,286,288,352,330,371,406,455,496,286,252,163,107,29,5,556,2653,90,111,97,105,126,119,138,165,144,195,175,186,204,234,238,132,102,55,35,2,0,194,2629,81,90,99,116,80,96,108,121,144,157,155,185,202,221,258,154,150,108,72,27,5,362
2023,2023-01-01,01664,016641,北海道,川上郡標茶町,town,01664,7053,199,248,314,303,221,232,319,367,417,442,440,473,525,600,612,423,389,296,170,55,8,918,3432,91,136,159,136,126,121,174,200,236,227,211,242,267,276,304,179,156,110,64,15,2,347,3621,108,112,155,167,95,111,145,167,181,215,229,231,258,324,308,244,233,186,106,40,6,571
2023,2023-01-01,01665,016659,北海道,川上郡弟子屈町,town,01665,6621,150,177,235,228,181,192,237,260,366,458,439,469,499,555,668,537,451,310,154,46,9,970,3214,78,99,121,115,97,109,123,143,187,252,222,234,239,269,320,227,201,123,48,7,0,379,3407,72,78,114,113,84,83,114,117,179,206,217,235,260,286,348,310,250,187,106,39,9,591
2023,2023-01-01,01667,016675,北海道,阿寒郡鶴居村,village,01667,2446,60,105,104,138,82,83,94,116,157,155,184,157,171,208,213,125,122,96,50,21,5,294,1225,34,48,52,76,45,47,52,65,86,71,103,77,89,112,99,59,47,38,18,7,0,110,1221,26,57,52,62,37,36,42,51,71,84,81,80,82,96,114,66,75,58,32,14,5,184
2023,2023-01-01,01668,016683,北海道,白糠郡白糠町,town,01668,7154,147,168,223,240,238,224,222,291,347,379,493,535,524,620,802,572,533,376,170,42,8,1129,3396,80,85,119,128,127,132,128,149,182,204,240,253,245,314,364,223,218,138,60,4,3,423,3758,67,83,104,112,111,92,94,142,165,175,253,282,279,306,438,349,315,238,110,38,5,706
2023,2023-01-01,01691,016918,北海道,野付郡別海町,town,01691,13910,483,588,726,673,538,529,645,869,925,1003,875,838,986,1055,1148,766,517,428,228,76,14,1263,7074,271,301,372,350,323,338,361,469,472,547,472,414,488,543,563,334,212,149,69,23,3,456,6836,212,287,354,323,215,191,284,400,453,456,403,424,498,512,585,432,305,279,159,53,11,807
2023,2023-01-01,01692,016926,北海道,標津郡中標津町,town,01692,22563,794,882,1071,1134,932,1041,1155,1309,1560,1807,1690,1505,1476,1477,1728,1097,951,598,265,79,12,1905,11136,393,453,562,594,512,590,612,650,811,939,849,740,737,683,814,488,371,236,78,23,1,709,11427,401,429,509,540,420,451,543,659,749,868,841,765,739,794,914,609,580,362,187,56,11,1196
2023,2023-01-01,01693,016934,北海道,標津郡標津町,town,01693,4861,171,225,212,221,159,185,223,256,308,338,366,300,340,317,417,296,241,186,78,18,4,527,2368,80,110,98,114,82,115,119,133,163,178,192,142,180,149,194,129,100,70,18,2,0,190,2493,91,115,114,107,77,70,104,123,145,160,174,158,160,168,223,167,141,116,60,16,4,337
2023,2023-01-01,01694,016942,北海道,目梨郡羅臼町,town,01694,4443,94,150,196,183,130,163,193,226,246,311,343,387,360,349,388,242,234,165,58,22,3,482,2209,49,69,95,102,68,99,107,121,131,157,184,213,188,182,176,94,80,67,21,6,0,174,2234,45,81,101,81,62,64,86,105,115,154,159,174,172,167,212,148,154,98,37,16,3,308
2023,2023-01-01,01695,016951,北海道,色丹郡色丹村,zero_pop,,0,0,0,0,0,0,0,0,0,0,0,0,0,0,0,0,0,0,0,0,0,0,0,0,0,0,0,0,0,0,0,0,0,0,0,0,0,0,0,0,0,0,0,0,0,0,0,0,0,0,0,0,0,0,0,0,0,0,0,0,0,0,0,0,0,0,0,0,0
2023,2023-01-01,01696,016969,北海道,国後郡泊村,zero_pop,,0,0,0,0,0,0,0,0,0,0,0,0,0,0,0,0,0,0,0,0,0,0,0,0,0,0,0,0,0,0,0,0,0,0,0,0,0,0,0,0,0,0,0,0,0,0,0,0,0,0,0,0,0,0,0,0,0,0,0,0,0,0,0,0,0,0,0,0,0
2023,2023-01-01,01697,016977,北海道,国後郡留夜別村,zero_pop,,0,0,0,0,0,0,0,0,0,0,0,0,0,0,0,0,0,0,0,0,0,0,0,0,0,0,0,0,0,0,0,0,0,0,0,0,0,0,0,0,0,0,0,0,0,0,0,0,0,0,0,0,0,0,0,0,0,0,0,0,0,0,0,0,0,0,0,0,0
2023,2023-01-01,01698,016985,北海道,択捉郡留別村,zero_pop,,0,0,0,0,0,0,0,0,0,0,0,0,0,0,0,0,0,0,0,0,0,0,0,0,0,0,0,0,0,0,0,0,0,0,0,0,0,0,0,0,0,0,0,0,0,0,0,0,0,0,0,0,0,0,0,0,0,0,0,0,0,0,0,0,0,0,0,0,0
2023,2023-01-01,01699,016993,北海道,紗那郡紗那村,zero_pop,,0,0,0,0,0,0,0,0,0,0,0,0,0,0,0,0,0,0,0,0,0,0,0,0,0,0,0,0,0,0,0,0,0,0,0,0,0,0,0,0,0,0,0,0,0,0,0,0,0,0,0,0,0,0,0,0,0,0,0,0,0,0,0,0,0,0,0,0,0
2023,2023-01-01,01700,017001,北海道,蘂取郡蘂取村,zero_pop,,0,0,0,0,0,0,0,0,0,0,0,0,0,0,0,0,0,0,0,0,0,0,0,0,0,0,0,0,0,0,0,0,0,0,0,0,0,0,0,0,0,0,0,0,0,0,0,0,0,0,0,0,0,0,0,0,0,0,0,0,0,0,0,0,0,0,0,0,0
2023,2023-01-01,02000,020001,青森県,,pref,,1218922,34227,43028,47439,51040,46914,45576,50517,62668,72494,85380,86925,82923,89343,94730,107850,77197,62317,48034,23385,6141,794,140671,578570,17622,22010,24282,26014,25043,24272,26169,31770,36985,43282,43299,40627,43276,45058,49907,33267,23507,15346,5692,1059,83,45687,640352,16605,21018,23157,25026,21871,21304,24348,30898,35509,42098,43626,42296,46067,49672,57943,43930,38810,32688,17693,5082,711,94984
2023,2023-01-01,02201,022012,青森県,青森市,city,02201,270443,7652,9595,10714,11664,10732,10307,11362,14417,17092,20411,20114,18740,19756,19745,23258,16691,12938,9455,4511,1142,147,28193,126323,3923,4895,5381,5946,5595,5261,5726,7116,8430,10082,9866,8927,9422,9311,10319,7041,4808,2979,1089,196,10,9082,144120,3729,4700,5333,5718,5137,5046,5636,7301,8662,10329,10248,9813,10334,10434,12939,9650,8130,6476,3422,946,137,19111
2023,2023-01-01,02202,022021,青森県,弘前市,city,02202,163410,4817,5901,6206,7048,7385,6335,7045,8633,9896,11430,11251,11306,11856,11894,13637,10273,8125,6342,3121,797,112,18497,75568,2503,3119,3187,3549,3901,3249,3509,4343,4881,5515,5393,5335,5578,5415,6051,4290,2959,1980,674,128,9,5750,87842,2314,2782,3019,3499,3484,3086,3536,4290,5015,5915,5858,5971,6278,6479,7586,5983,5166,4362,2447,669,103,12747
2023,2023-01-01,02203,022039,青森県,八戸市,city,02203,219880,6757,8470,9226,9696,8588,9149,9748,11698,13337,15970,16986,14971,15172,15991,18208,13639,10554,7423,3367,810,120,22274,105441,3486,4355,4753,5000,4573,4826,4938,5848,6729,8122,8486,7386,7309,7651,8483,5918,4124,2391,889,158,16,7578,114439,3271,4115,4473,4696,4015,4323,4810,5850,6608,7848,8500,7585,7863,8340,9725,7721,6430,5032,2478,652,104,14696
2023,2023-01-01,02204,022047,青森県,黒石市,city,02204,31390,872,1059,1120,1294,1231,1179,1282,1567,1945,2141,2125,2270,2362,2539,2903,1946,1562,1221,599,154,19,3555,14719,464,541,563,654,643,633,666,786,972,1088,1055,1081,1140,1150,1324,851,588,367,129,23,1,1108,16671,408,518,557,640,588,546,616,781,973,1053,1070,1189,1222,1389,1579,1095,974,854,470,131,18,2447
2023,2023-01-01,02205,022055,青森県,五所川原市,city,02205,51509,1278,1618,1834,2013,1836,1742,2006,2442,2881,3442,3695,3778,4163,4244,4498,3278,2961,2325,1151,290,34,6761,23633,630,834,918,1042,931,882,1030,1227,1457,1705,1688,1795,1984,1965,2050,1323,1100,758,264,47,3,2172,27876,648,784,916,971,905,860,976,1215,1424,1737,2007,1983,2179,2279,2448,1955,1861,1567,887,243,31,4589
2023,2023-01-01,02206,022063,青森県,十和田市,city,02206,58674,1689,2111,2392,2468,2294,2066,2183,2951,3535,4248,4150,3888,4222,4666,5461,3851,2843,2274,1089,260,33,6499,28130,858,1124,1210,1247,1193,1095,1112,1497,1880,2185,2091,1910,2090,2234,2515,1715,1124,738,268,41,3,2174,30544,831,987,1182,1221,1101,971,1071,1454,1655,2063,2059,1978,2132,2432,2946,2136,1719,1536,821,219,30,4325
2023,2023-01-01,02207,022071,青森県,三沢市,city,02207,37664,1430,1587,1712,1824,1846,1872,2081,2336,2392,2778,2666,2308,2397,2491,2692,1746,1506,1180,627,166,27,3506,18814,721,803,914,935,1126,1128,1154,1242,1255,1438,1372,1145,1180,1258,1258,739,565,387,156,35,3,1146,18850,709,784,798,889,720,744,927,1094,1137,1340,1294,1163,1217,1233,1434,1007,941,793,471,131,24,2360
2023,2023-01-01,02208,022080,青森県,むつ市,city,02208,53731,1346,1851,2131,2270,2104,2106,2341,2747,3212,3917,3818,3463,3849,4213,5066,3459,2711,1916,887,288,36,5838,26248,689,934,1133,1171,1224,1217,1291,1477,1682,2019,1985,1765,1886,1949,2355,1500,1056,655,208,46,6,1971,27483,657,917,998,1099,880,889,1050,1270,1530,1898,1833,1698,1963,2264,2711,1959,1655,1261,679,242,30,3867
2023,2023-01-01,02209,022098,青森県,つがる市,city,02209,30096,699,951,1050,1166,944,943,1111,1509,1632,1864,1916,1972,2402,2659,2855,2027,1787,1592,792,211,14,4396,14155,354,468,529,590,512,514,586,790,873,965,940,1009,1158,1259,1342,869,657,518,184,35,3,1397,15941,345,483,521,576,432,429,525,719,759,899,976,963,1244,1400,1513,1158,1130,1074,608,176,11,2999
2023,2023-01-01,02210,022101,青森県,平川市,city,02210,30042,918,1132,1194,1233,1042,1083,1241,1645,1888,1999,1989,1996,2206,2344,2700,1858,1516,1260,617,156,25,3574,14187,486,567,620,620,547,547,653,843,986,1020,980,963,1053,1104,1261,784,546,414,168,25,0,1153,15855,432,565,574,613,495,536,588,802,902,979,1009,1033,1153,1240,1439,1074,970,846,449,131,25,2421
2023,2023-01-01,02300,023001,青森県,東津軽郡,gun_agg,,20334,337,493,605,634,528,465,601,780,1002,1174,1281,1264,1665,2045,2420,1633,1421,1205,606,154,21,3407,9754,169,266,320,344,292,255,346,421,545,649,669,641,822,998,1188,746,525,372,154,30,2,1083,10580,168,227,285,290,236,210,255,359,457,525,612,623,843,1047,1232,887,896,833,452,124,19,2324
2023,2023-01-01,02301,023019,青森県,東津軽郡平内町,town,02301,10141,227,282,350,344,272,267,346,415,580,609,650,601,850,1031,1153,755,600,485,246,70,8,1409,4857,109,144,178,178,153,147,188,213,312,331,346,283,418,516,554,350,216,155,54,12,0,437,5284,118,138,172,166,119,120,158,202,268,278,304,318,432,515,599,405,384,330,192,58,8,972
2023,2023-01-01,02303,023035,青森県,東津軽郡今別町,town,02303,2308,26,30,32,55,56,50,53,67,80,95,133,125,189,253,321,230,211,188,95,16,3,513,1101,15,19,14,34,32,26,33,40,41,58,72,70,90,123,167,99,91,53,21,3,0,168,1207,11,11,18,21,24,24,20,27,39,37,61,55,99,130,154,131,120,135,74,13,3,345
2023,2023-01-01,02304,023043,青森県,東津軽郡蓬田村,village,02304,2579,41,100,108,93,82,67,70,115,132,168,149,164,199,250,281,189,164,135,62,10,0,371,1249,19,54,65,51,41,35,42,57,65,97,74,75,88,126,145,85,67,40,22,1,0,130,1330,22,46,43,42,41,32,28,58,67,71,75,89,111,124,136,104,97,95,40,9,0,241
2023,2023-01-01,02307,023078,青森県,東津軽郡外ヶ浜町,town,02307,5306,43,81,115,142,118,81,132,183,210,302,349,374,427,511,665,459,446,397,203,58,10,1114,2547,26,49,63,81,66,47,83,111,127,163,177,213,226,233,322,212,151,124,57,14,2,348,2759,17,32,52,61,52,34,49,72,83,139,172,161,201,278,343,247,295,273,146,44,8,766
2023,2023-01-01,02320,023205,青森県,西津軽郡,gun_agg,,16208,230,363,433,507,384,377,442,609,752,874,1005,1094,1388,1570,1826,1333,1266,1082,501,159,13,3021,7639,125,192,218,243,198,220,261,313,420,473,525,551,703,721,879,584,497,372,120,22,2,1013,8569,105,171,215,264,186,157,181,296,332,401,480,543,685,849,947,749,769,710,381,137,11,2008
2023,2023-01-01,02321,023213,青森県,西津軽郡鰺ヶ沢町,town,02321,8951,140,212,257,284,235,222,272,379,428,486,587,637,776,870,977,658,619,552,267,85,8,1531,4197,74,113,133,132,112,130,160,202,241,260,301,310,381,391,478,285,247,169,67,10,1,494,4754,66,99,124,152,123,92,112,177,187,226,286,327,395,479,499,373,372,383,200,75,7,1037
2023,2023-01-01,02323,023230,青森県,西津軽郡深浦町,town,02323,7257,90,151,176,223,149,155,170,230,324,388,418,457,612,700,849,675,647,530,234,74,5,1490,3442,51,79,85,111,86,90,101,111,179,213,224,241,322,330,401,299,250,203,53,12,1,519,3815,39,72,91,112,63,65,69,119,145,175,194,216,290,370,448,376,397,327,181,62,4,971
2023,2023-01-01,02340,023400,青森県,中津軽郡,gun_agg,,1272,34,65,43,40,27,34,40,76,56,76,74,81,112,85,111,84,81,84,56,13,0,234,590,13,28,17,24,9,19,21,42,29,41,40,38,64,40,61,39,24,25,15,1,0,65,682,21,37,26,16,18,15,19,34,27,35,34,43,48,45,50,45,57,59,41,12,0,169
2023,2023-01-01,02343,023434,青森県,中津軽郡西目屋村,village,02343,1272,34,65,43,40,27,34,40,76,56,76,74,81,112,85,111,84,81,84,56,13,0,234,590,13,28,17,24,9,19,21,42,29,41,40,38,64,40,61,39,24,25,15,1,0,65,682,21,37,26,16,18,15,19,34,27,35,34,43,48,45,50,45,57,59,41,12,0,169
2023,2023-01-01,02360,023604,青森県,南津軽郡,gun_agg,,30650,893,1056,1133,1162,948,1038,1250,1525,1747,2006,2039,2086,2351,2488,2870,1967,1770,1398,726,179,18,4091,14375,455,514,588,591,486,558,668,758,906,1042,1001,1056,1140,1203,1333,831,625,422,161,33,4,1245,16275,438,542,545,571,462,480,582,767,841,964,1038,1030,1211,1285,1537,1136,1145,976,565,146,14,2846
2023,2023-01-01,02361,023612,青森県,南津軽郡藤崎町,town,02361,14557,518,553,597,622,485,539,670,823,861,1025,977,979,1063,1145,1200,805,736,565,313,73,8,1695,6852,281,277,302,317,247,284,337,398,443,517,471,497,505,573,565,323,264,169,69,11,2,515,7705,237,276,295,305,238,255,333,425,418,508,506,482,558,572,635,482,472,396,244,62,6,1180
2023,2023-01-01,02362,023621,青森県,南津軽郡大鰐町,town,02362,8685,155,216,225,267,230,253,269,321,448,493,594,626,727,777,962,681,638,489,243,62,9,1441,3999,69,100,120,138,116,134,153,169,238,262,293,311,357,365,445,297,217,147,54,13,1,432,4686,86,116,105,129,114,119,116,152,210,231,301,315,370,412,517,384,421,342,189,49,8,1009
2023,2023-01-01,02367,023671,青森県,南津軽郡田舎館村,village,02367,7408,220,287,311,273,233,246,311,381,438,488,468,481,561,566,708,481,396,344,170,44,1,955,3524,105,137,166,136,123,140,178,191,225,263,237,248,278,265,323,211,144,106,38,9,1,298,3884,115,150,145,137,110,106,133,190,213,225,231,233,283,301,385,270,252,238,132,35,0,657
2023,2023-01-01,02380,023809,青森県,北津軽郡,gun_agg,,34580,766,1050,1194,1295,1060,1026,1158,1540,1815,2098,2347,2524,2677,3084,3257,2571,2123,1867,872,231,25,5118,16140,392,532,618,646,515,555,639,758,934,1089,1170,1283,1252,1515,1497,1115,786,591,213,37,3,1630,18440,374,518,576,649,545,471,519,782,881,1009,1177,1241,1425,1569,1760,1456,1337,1276,659,194,22,3488
2023,2023-01-01,02381,023817,青森県,北津軽郡板柳町,town,02381,12673,315,398,440,482,403,404,463,582,686,806,885,908,1003,1066,1123,936,750,618,306,88,11,1773,5852,165,202,228,245,187,198,256,275,357,421,424,452,468,498,514,397,286,201,66,12,0,565,6821,150,196,212,237,216,206,207,307,329,385,461,456,535,568,609,539,464,417,240,76,11,1208
2023,2023-01-01,02384,023841,青森県,北津軽郡鶴田町,town,02384,11970,277,403,457,501,421,369,391,569,674,794,817,886,869,973,1074,833,684,628,268,75,7,1662,5610,138,210,230,253,201,206,208,284,336,398,419,461,414,486,504,345,242,194,65,15,1,517,6360,139,193,227,248,220,163,183,285,338,396,398,425,455,487,570,488,442,434,203,60,6,1145
2023,2023-01-01,02387,023876,青森県,北津軽郡中泊町,town,02387,9937,174,249,297,312,236,253,304,389,455,498,645,730,805,1045,1060,802,689,621,298,68,7,1683,4678,89,120,160,148,127,151,175,199,241,270,327,370,370,531,479,373,258,196,82,10,2,548,5259,85,129,137,164,109,102,129,190,214,228,318,360,435,514,581,429,431,425,216,58,5,1135
2023,2023-01-01,02400,024007,青森県,上北郡,gun_agg,,92828,2812,3480,3835,3814,3529,3529,3866,4790,5496,6370,6249,5961,6574,7552,8449,5622,4664,3682,1904,576,74,10900,45511,1478,1701,1965,1898,1993,2015,2108,2487,2919,3366,3269,3059,3284,3716,4183,2531,1790,1166,481,98,4,3539,47317,1334,1779,1870,1916,1536,1514,1758,2303,2577,3004,2980,2902,3290,3836,4266,3091,2874,2516,1423,478,70,7361
2023,2023-01-01,02401,024015,青森県,上北郡野辺地町,town,02401,12172,223,335,425,466,387,374,415,537,746,791,808,779,983,1089,1252,883,743,545,275,100,16,1679,5731,116,150,215,219,210,204,224,288,397,407,440,381,462,512,598,375,290,164,60,17,2,533,6441,107,185,210,247,177,170,191,249,349,384,368,398,521,577,654,508,453,381,215,83,14,1146
2023,2023-01-01,02402,024023,青森県,上北郡七戸町,town,02402,14517,290,444,552,540,402,450,437,623,744,966,903,940,1084,1307,1591,1075,879,730,408,136,16,2169,6956,147,221,272,284,219,244,237,329,401,529,452,481,547,632,801,475,335,228,96,26,0,685,7561,143,223,280,256,183,206,200,294,343,437,451,459,537,675,790,600,544,502,312,110,16,1484
2023,2023-01-01,02405,024058,青森県,上北郡六戸町,town,02405,10692,381,479,503,431,347,351,417,616,733,737,676,666,713,821,978,584,522,418,246,65,8,1259,5244,213,230,266,208,190,179,218,299,386,380,363,336,357,441,491,258,200,148,69,11,1,429,5448,168,249,237,223,157,172,199,317,347,357,313,330,356,380,487,326,322,270,177,54,7,830
2023,2023-01-01,02406,024066,青森県,上北郡横浜町,town,02406,4181,85,108,139,157,193,136,165,193,207,261,283,257,289,339,416,319,286,211,102,33,2,634,2132,53,59,78,77,122,86,107,112,119,146,152,140,146,166,214,156,97,73,24,5,0,199,2049,32,49,61,80,71,50,58,81,88,115,131,117,143,173,202,163,189,138,78,28,2,435
2023,2023-01-01,02408,024082,青森県,上北郡東北町,town,02408,16474,466,604,614,646,581,514,630,823,824,1047,1082,1005,1278,1449,1553,1092,920,808,410,105,23,2266,8006,243,299,311,317,334,303,317,426,457,579,562,534,632,716,760,509,351,238,104,13,1,707,8468,223,305,303,329,247,211,313,397,367,468,520,471,646,733,793,583,569,570,306,92,22,1559
2023,2023-01-01,02411,024112,青森県,上北郡六ヶ所村,village,02411,9780,310,327,382,423,558,676,575,580,599,707,630,599,647,740,737,432,369,302,141,45,1,858,5333,177,157,200,218,355,469,377,348,328,395,372,334,348,399,348,208,139,109,45,7,0,300,4447,133,170,182,205,203,207,198,232,271,312,258,265,299,341,389,224,230,193,96,38,1,558
2023,2023-01-01,02412,024121,青森県,上北郡おいらせ町,town,02412,25012,1057,1183,1220,1151,1061,1028,1227,1418,1643,1861,1867,1715,1580,1807,1922,1237,945,668,322,92,8,2035,12109,529,585,623,575,563,530,628,685,831,930,928,853,792,850,971,550,378,206,83,19,0,686,12903,528,598,597,576,498,498,599,733,812,931,939,862,788,957,951,687,567,462,239,73,8,1349
2023,2023-01-01,02420,024201,青森県,下北郡,gun_agg,,14180,303,410,546,552,454,497,543,647,732,889,966,913,1113,1400,1429,862,805,679,338,93,9,1924,7250,149,212,276,297,264,326,316,358,389,507,544,496,607,727,742,374,322,231,91,20,2,666,6930,154,198,270,255,190,171,227,289,343,382,422,417,506,673,687,488,483,448,247,73,7,1258
2023,2023-01-01,02423,024236,青森県,下北郡大間町,town,02423,4854,118,155,204,204,178,192,202,228,268,326,328,324,356,455,501,273,227,192,96,24,3,542,2493,62,80,108,116,109,135,118,115,142,182,183,172,197,234,244,115,87,65,24,5,0,181,2361,56,75,96,88,69,57,84,113,126,144,145,152,159,221,257,158,140,127,72,19,3,361
2023,2023-01-01,02424,024244,青森県,下北郡東通村,village,02424,5907,131,195,241,224,195,216,247,305,315,369,389,369,475,569,554,306,316,293,152,44,2,807,3062,62,100,122,125,111,139,142,185,165,216,220,214,253,289,296,150,118,105,41,9,0,273,2845,69,95,119,99,84,77,105,120,150,153,169,155,222,280,258,156,198,188,111,35,2,534
2023,2023-01-01,02425,024252,青森県,下北郡風間浦村,village,02425,1687,25,36,49,60,39,51,42,60,63,99,127,113,141,186,166,143,134,100,40,11,2,287,823,13,21,22,24,21,32,23,27,38,59,67,59,74,95,85,56,51,38,13,3,2,107,864,12,15,27,36,18,19,19,33,25,40,60,54,67,91,81,87,83,62,27,8,0,180
2023,2023-01-01,02426,024261,青森県,下北郡佐井村,village,02426,1732,29,24,52,64,42,38,52,54,86,95,122,107,141,190,208,140,128,94,50,14,2,288,872,12,11,24,32,23,20,33,31,44,50,74,51,83,109,117,53,66,23,13,3,0,105,860,17,13,28,32,19,18,19,23,42,45,48,56,58,81,91,87,62,71,37,11,2,183
2023,2023-01-01,02440,024406,青森県,三戸郡,gun_agg,,62031,1394,1836,2071,2360,1982,1828,2217,2756,3084,3693,4254,4308,5078,5720,6210,4357,3684,3049,1621,462,67,8883,30093,727,925,1072,1217,1041,972,1145,1464,1698,1976,2225,2187,2604,2842,3066,2017,1411,980,428,84,12,2915,31938,667,911,999,1143,941,856,1072,1292,1386,1717,2029,2121,2474,2878,3144,2340,2273,2069,1193,378,55,5968
2023,2023-01-01,02441,024414,青森県,三戸郡三戸町,town,02441,9112,175,231,320,362,230,260,285,376,438,558,635,608,706,820,964,673,643,493,258,66,11,1471,4382,92,109,157,187,129,159,133,197,241,306,328,323,368,411,456,297,245,161,69,11,3,489,4730,83,122,163,175,101,101,152,179,197,252,307,285,338,409,508,376,398,332,189,55,8,982
2023,2023-01-01,02442,024422,青森県,三戸郡五戸町,town,02442,16010,348,471,503,587,448,413,597,728,825,952,1052,1044,1345,1507,1597,1183,950,835,484,122,19,2410,7744,190,242,252,322,221,219,320,382,433,511,576,528,686,733,783,545,374,267,132,25,3,801,8266,158,229,251,265,227,194,277,346,392,441,476,516,659,774,814,638,576,568,352,97,16,1609
2023,2023-01-01,02443,024431,青森県,三戸郡田子町,town,02443,4974,100,126,156,173,145,126,175,186,230,268,340,312,396,509,509,374,357,317,127,44,4,849,2409,40,71,88,83,73,66,97,113,127,152,174,160,203,249,251,172,130,105,46,9,0,290,2565,60,55,68,90,72,60,78,73,103,116,166,152,193,260,258,202,227,212,81,35,4,559
2023,2023-01-01,02445,024457,青森県,三戸郡南部町,town,02445,16902,402,516,567,635,564,545,594,757,842,993,1179,1226,1365,1463,1664,1186,979,781,485,136,23,2404,8019,201,256,289,310,296,280,311,379,478,504,604,612,705,711,797,544,368,233,114,21,6,742,8883,201,260,278,325,268,265,283,378,364,489,575,614,660,752,867,642,611,548,371,115,17,1662
2023,2023-01-01,02446,024465,青森県,三戸郡階上町,town,02446,12829,342,438,453,533,531,441,506,619,648,822,939,985,1086,1205,1214,766,581,460,191,60,9,1301,6448,186,223,248,283,287,227,255,336,359,440,481,492,551,623,641,372,232,156,45,11,0,444,6381,156,215,205,250,244,214,251,283,289,382,458,493,535,582,573,394,349,304,146,49,9,857
2023,2023-01-01,02450,024503,青森県,三戸郡新郷村,village,02450,2204,27,54,72,70,64,43,60,90,101,100,109,133,180,216,262,175,174,163,76,34,1,448,1091,18,24,38,32,35,21,29,57,60,63,62,72,91,115,138,87,62,58,22,7,0,149,1113,9,30,34,38,29,22,31,33,41,37,47,61,89,101,124,88,112,105,54,27,1,299
2023,2023-01-01,03000,030007,岩手県,,pref,,1181439,33360,43554,48644,51132,46706,45172,50935,61202,70765,82203,80120,76993,83040,89218,100619,71838,62130,48903,26035,7817,1053,145938,570891,17076,22321,24957,26289,24602,23990,26359,31475,36518,42405,41054,38681,41517,43930,48079,32124,24282,16660,6984,1488,100,49514,610548,16284,21233,23687,24843,22104,21182,24576,29727,34247,39798,39066,38312,41523,45288,52540,39714,37848,32243,19051,6329,953,96424
2023,2023-01-01,03201,032018,岩手県,盛岡市,city,03201,281213,9199,11379,12423,12938,13068,12922,14095,16349,18431,21573,20805,18345,18624,18452,20337,15202,12010,8858,4742,1291,170,27071,132681,4686,5755,6318,6523,6494,6461,6993,7983,9071,10633,10239,8868,8922,8787,9169,6565,4715,2953,1275,257,14,9214,148532,4513,5624,6105,6415,6574,6461,7102,8366,9360,10940,10566,9477,9702,9665,11168,8637,7295,5905,3467,1034,156,17857
2023,2023-01-01,03202,032026,岩手県,宮古市,city,03202,47907,1233,1545,1753,1825,1550,1705,1819,2192,2489,2985,3335,3248,3393,3765,4610,3448,3188,2275,1158,340,51,7012,23017,616,802,895,925,841,931,965,1121,1304,1551,1705,1726,1686,1840,2179,1525,1234,795,304,70,2,2405,24890,617,743,858,900,709,774,854,1071,1185,1434,1630,1522,1707,1925,2431,1923,1954,1480,854,270,49,4607
2023,2023-01-01,03203,032034,岩手県,大船渡市,city,03203,33234,804,1078,1206,1243,1058,1128,1342,1380,1699,2138,2275,2354,2481,2534,3164,2318,2190,1659,881,264,38,5032,16001,417,584,622,646,583,631,702,729,888,1062,1207,1162,1233,1263,1501,1011,866,602,239,48,5,1760,17233,387,494,584,597,475,497,640,651,811,1076,1068,1192,1248,1271,1663,1307,1324,1057,642,216,33,3272
2023,2023-01-01,03205,032051,岩手県,花巻市,city,03205,91854,2575,3398,3744,4130,3734,3390,3886,4702,5605,6394,6128,5920,6181,6678,7588,6042,5061,3942,2042,636,78,11759,44038,1328,1727,1906,2173,1972,1823,1984,2463,2891,3263,3138,2959,3067,3267,3530,2622,1970,1326,525,98,6,3925,47816,1247,1671,1838,1957,1762,1567,1902,2239,2714,3131,2990,2961,3114,3411,4058,3420,3091,2616,1517,538,72,7834
2023,2023-01-01,03206,032069,岩手県,北上市,city,03206,91161,2924,3766,4118,4283,4294,4222,4574,5439,6305,7468,6605,5835,5510,5842,6516,4660,3846,2913,1506,465,70,8800,45709,1514,1941,2150,2207,2425,2361,2480,2846,3384,4059,3545,3065,2831,2892,3034,2028,1457,989,402,91,8,2947,45452,1410,1825,1968,2076,1869,1861,2094,2593,2921,3409,3060,2770,2679,2950,3482,2632,2389,1924,1104,374,62,5853
2023,2023-01-01,03207,032077,岩手県,久慈市,city,03207,32329,822,1149,1382,1408,1131,1169,1376,1545,1803,2029,2410,2172,2510,2613,2834,1957,1666,1351,738,223,41,4019,15751,419,626,702,784,596,613,710,775,913,1060,1243,1100,1275,1285,1434,895,646,449,175,47,4,1321,16578,403,523,680,624,535,556,666,770,890,969,1167,1072,1235,1328,1400,1062,1020,902,563,176,37,2698
2023,2023-01-01,03208,032085,岩手県,遠野市,city,03208,24854,603,776,961,983,732,711,894,1167,1404,1426,1383,1569,1880,2138,2392,1621,1656,1474,821,240,23,4214,12021,313,374,506,530,395,394,452,633,740,764,731,826,946,1081,1191,743,602,508,242,48,2,1402,12833,290,402,455,453,337,317,442,534,664,662,652,743,934,1057,1201,878,1054,966,579,192,21,2812
2023,2023-01-01,03209,032093,岩手県,一関市,city,03209,108684,2626,3599,4428,4675,3771,3596,3917,5258,6199,7164,6679,7058,8210,9067,10275,6709,6164,5168,3015,953,153,15453,52993,1322,1918,2294,2402,1958,1960,2075,2756,3266,3770,3434,3604,4209,4528,5162,3101,2448,1795,805,173,13,5234,55691,1304,1681,2134,2273,1813,1636,1842,2502,2933,3394,3245,3454,4001,4539,5113,3608,3716,3373,2210,780,140,10219
2023,2023-01-01,03210,032107,岩手県,陸前高田市,city,03210,17795,417,523,579,669,543,605,658,769,829,1136,1194,1283,1285,1437,1762,1243,1192,964,523,160,24,2863,8626,194,265,297,352,293,355,359,416,441,616,615,662,645,677,859,579,474,353,141,31,2,1001,9169,223,258,282,317,250,250,299,353,388,520,579,621,640,760,903,664,718,611,382,129,22,1862
2023,2023-01-01,03211,032115,岩手県,釜石市,city,03211,30343,692,958,1063,1102,1046,1117,1106,1287,1565,1899,2017,2119,2091,2363,3009,2190,2142,1563,759,229,26,4719,14540,356,467,542,571,570,620,586,672,827,987,1065,1102,1058,1193,1387,917,822,551,206,41,0,1620,15803,336,491,521,531,476,497,520,615,738,912,952,1017,1033,1170,1622,1273,1320,1012,553,188,26,3099
2023,2023-01-01,03213,032131,岩手県,二戸市,city,03213,24950,591,796,910,1012,842,824,927,1126,1338,1581,1770,1670,1827,2105,2408,1670,1450,1178,692,201,32,3553,11914,306,415,442,512,445,437,484,612,683,802,901,877,932,1047,1134,730,566,373,177,35,4,1155,13036,285,381,468,500,397,387,443,514,655,779,869,793,895,1058,1274,940,884,805,515,166,28,2398
2023,2023-01-01,03214,032140,岩手県,八幡平市,city,03214,23747,515,716,786,867,759,704,820,1033,1296,1381,1486,1448,1903,2240,2486,1536,1547,1273,726,200,25,3771,11451,255,355,386,462,415,357,423,549,668,716,779,734,969,1124,1278,722,600,430,191,35,3,1259,12296,260,361,400,405,344,347,397,484,628,665,707,714,934,1116,1208,814,947,843,535,165,22,2512
2023,2023-01-01,03215,032158,岩手県,奥州市,city,03215,110955,3129,4105,4640,4704,4141,3974,4710,5807,6724,7623,6880,6757,7807,8623,9556,6772,6099,5235,2726,838,105,15003,54118,1625,2107,2394,2414,2181,2165,2503,3124,3498,4013,3572,3416,3910,4294,4630,3087,2419,1841,740,174,11,5185,56837,1504,1998,2246,2290,1960,1809,2207,2683,3226,3610,3308,3341,3897,4329,4926,3685,3680,3394,1986,664,94,9818
2023,2023-01-01,03216,032166,岩手県,滝沢市,city,03216,55039,2045,2567,2785,2849,2809,2249,2755,3394,3793,4201,3831,3436,3622,3780,4179,2825,1963,1185,561,186,24,3919,27093,1035,1273,1436,1478,1626,1163,1384,1710,1913,2152,1907,1701,1779,1829,1907,1349,835,417,162,35,2,1451,27946,1010,1294,1349,1371,1183,1086,1371,1684,1880,2049,1924,1735,1843,1951,2272,1476,1128,768,399,151,22,2468
2023,2023-01-01,03300,033006,岩手県,岩手郡,gun_agg,,33095,715,1004,1125,1234,1056,939,1184,1461,1639,1980,2065,2204,2635,3076,3347,2297,2109,1772,972,253,28,5134,16088,371,497,569,642,543,511,645,795,907,1030,1065,1123,1362,1580,1688,1073,779,601,249,54,4,1687,17007,344,507,556,592,513,428,539,666,732,950,1000,1081,1273,1496,1659,1224,1330,1171,723,199,24,3447
2023,2023-01-01,03301,033014,岩手県,岩手郡雫石町,town,03301,15505,337,540,596,593,526,454,617,738,835,1021,964,993,1187,1335,1512,1091,895,766,388,105,12,2166,7482,192,246,309,305,269,245,321,397,452,510,503,489,598,677,732,506,346,264,98,21,2,731,8023,145,294,287,288,257,209,296,341,383,511,461,504,589,658,780,585,549,502,290,84,10,1435
2023,2023-01-01,03302,033022,岩手県,岩手郡葛巻町,town,03302,5580,105,126,152,168,138,125,143,208,213,301,311,367,463,604,650,454,440,354,213,41,4,1052,2745,46,77,82,83,67,74,92,117,127,173,174,189,246,309,348,208,160,112,52,8,1,333,2835,59,49,70,85,71,51,51,91,86,128,137,178,217,295,302,246,280,242,161,33,3,719
2023,2023-01-01,03303,033031,岩手県,岩手郡岩手町,town,03303,12010,273,338,377,473,392,360,424,515,591,658,790,844,985,1137,1185,752,774,652,371,107,12,1916,5861,133,174,178,254,207,192,232,281,328,347,388,445,518,594,608,359,273,225,99,25,1,623,6149,140,164,199,219,185,168,192,234,263,311,402,399,467,543,577,393,501,427,272,82,11,1293
2023,2023-01-01,03320,033201,岩手県,紫波郡,gun_agg,,59418,1951,2576,2621,2746,2540,2477,2918,3316,3758,4342,4095,3994,4210,4208,4706,3330,2445,1898,958,293,36,5630,28528,997,1342,1343,1338,1287,1265,1489,1655,1928,2185,2073,1880,2059,2019,2249,1524,969,617,256,48,5,1895,30890,954,1234,1278,1408,1253,1212,1429,1661,1830,2157,2022,2114,2151,2189,2457,1806,1476,1281,702,245,31,3735
2023,2023-01-01,03321,033219,岩手県,紫波郡紫波町,town,03321,32955,1133,1400,1442,1472,1234,1276,1630,1771,2020,2332,2196,2281,2338,2376,2697,1919,1514,1156,577,169,22,3438,15853,593,714,739,749,642,659,839,894,1042,1169,1119,1100,1147,1151,1284,862,581,385,156,26,2,1150,17102,540,686,703,723,592,617,791,877,978,1163,1077,1181,1191,1225,1413,1057,933,771,421,143,20,2288
2023,2023-01-01,03322,033227,岩手県,紫波郡矢巾町,town,03322,26463,818,1176,1179,1274,1306,1201,1288,1545,1738,2010,1899,1713,1872,1832,2009,1411,931,742,381,124,14,2192,12675,404,628,604,589,645,606,650,761,886,1016,954,780,912,868,965,662,388,232,100,22,3,745,13788,414,548,575,685,661,595,638,784,852,994,945,933,960,964,1044,749,543,510,281,102,11,1447
2023,2023-01-01,03360,033600,岩手県,和賀郡,gun_agg,,4986,75,112,133,145,127,108,146,192,207,211,233,273,443,501,509,382,420,412,255,85,17,1189,2342,40,60,77,60,69,64,88,107,112,110,129,133,243,247,264,162,161,124,79,10,3,377,2644,35,52,56,85,58,44,58,85,95,101,104,140,200,254,245,220,259,288,176,75,14,812
2023,2023-01-01,03366,033669,岩手県,和賀郡西和賀町,town,03366,4986,75,112,133,145,127,108,146,192,207,211,233,273,443,501,509,382,420,412,255,85,17,1189,2342,40,60,77,60,69,64,88,107,112,110,129,133,243,247,264,162,161,124,79,10,3,377,2644,35,52,56,85,58,44,58,85,95,101,104,140,200,254,245,220,259,288,176,75,14,812
2023,2023-01-01,03380,033804,岩手県,胆沢郡,gun_agg,,15054,496,608,653,809,722,589,714,847,976,1061,950,919,1020,1071,1139,768,719,575,310,99,9,1712,7730,260,312,347,462,446,342,399,448,526,589,486,501,542,516,574,359,295,211,92,22,1,621,7324,236,296,306,347,276,247,315,399,450,472,464,418,478,555,565,409,424,364,218,77,8,1091
2023,2023-01-01,03381,033812,岩手県,胆沢郡金ケ崎町,town,03381,15054,496,608,653,809,722,589,714,847,976,1061,950,919,1020,1071,1139,768,719,575,310,99,9,1712,7730,260,312,347,462,446,342,399,448,526,589,486,501,542,516,574,359,295,211,92,22,1,621,7324,236,296,306,347,276,247,315,399,450,472,464,418,478,555,565,409,424,364,218,77,8,1091
2023,2023-01-01,03400,034002,岩手県,西磐井郡,gun_agg,,6987,154,266,279,306,187,173,260,341,413,439,376,433,521,608,722,492,411,331,207,61,7,1017,3375,73,135,145,160,94,96,136,171,236,245,202,185,276,288,360,236,170,106,49,9,3,337,3612,81,131,134,146,93,77,124,170,177,194,174,248,245,320,362,256,241,225,158,52,4,680
2023,2023-01-01,03402,034029,岩手県,西磐井郡平泉町,town,03402,6987,154,266,279,306,187,173,260,341,413,439,376,433,521,608,722,492,411,331,207,61,7,1017,3375,73,135,145,160,94,96,136,171,236,245,202,185,276,288,360,236,170,106,49,9,3,337,3612,81,131,134,146,93,77,124,170,177,194,174,248,245,320,362,256,241,225,158,52,4,680
2023,2023-01-01,03440,034401,岩手県,気仙郡,gun_agg,,4822,89,116,141,145,112,106,138,212,211,259,261,311,402,457,514,341,364,335,215,88,5,1007,2379,55,58,68,78,63,61,75,122,118,148,129,174,213,242,272,150,141,127,65,20,0,353,2443,34,58,73,67,49,45,63,90,93,111,132,137,189,215,242,191,223,208,150,68,5,654
2023,2023-01-01,03441,034410,岩手県,気仙郡住田町,town,03441,4822,89,116,141,145,112,106,138,212,211,259,261,311,402,457,514,341,364,335,215,88,5,1007,2379,55,58,68,78,63,61,75,122,118,148,129,174,213,242,272,150,141,127,65,20,0,353,2443,34,58,73,67,49,45,63,90,93,111,132,137,189,215,242,191,223,208,150,68,5,654
2023,2023-01-01,03460,034606,岩手県,上閉伊郡,gun_agg,,10869,278,388,407,393,367,372,394,471,553,698,686,779,823,912,1093,776,690,505,209,70,5,1479,5221,146,200,208,199,183,210,190,234,297,360,369,365,424,473,525,356,256,158,53,15,0,482,5648,132,188,199,194,184,162,204,237,256,338,317,414,399,439,568,420,434,347,156,55,5,997
2023,2023-01-01,03461,034614,岩手県,上閉伊郡大槌町,town,03461,10869,278,388,407,393,367,372,394,471,553,698,686,779,823,912,1093,776,690,505,209,70,5,1479,5221,146,200,208,199,183,210,190,234,297,360,369,365,424,473,525,356,256,158,53,15,0,482,5648,132,188,199,194,184,162,204,237,256,338,317,414,399,439,568,420,434,347,156,55,5,997
2023,2023-01-01,03480,034801,岩手県,下閉伊郡,gun_agg,,28123,604,856,962,1013,856,881,909,1144,1356,1646,1850,1869,2104,2516,2925,2149,1949,1532,731,236,35,4483,13854,317,450,505,516,467,487,506,612,719,918,1033,975,1079,1291,1442,960,791,513,216,53,4,1577,14269,287,406,457,497,389,394,403,532,637,728,817,894,1025,1225,1483,1189,1158,1019,515,183,31,2906
2023,2023-01-01,03482,034827,岩手県,下閉伊郡山田町,town,03482,14417,354,463,493,521,488,524,507,621,724,905,1029,997,944,1179,1451,1152,936,694,320,100,15,2065,7062,182,247,248,283,262,287,281,322,373,500,580,501,475,607,696,501,372,240,82,22,1,717,7355,172,216,245,238,226,237,226,299,351,405,449,496,469,572,755,651,564,454,238,78,14,1348
2023,2023-01-01,03483,034835,岩手県,下閉伊郡岩泉町,town,03483,8254,155,231,258,285,222,199,241,328,376,417,476,537,718,782,880,608,666,533,248,76,18,1541,4059,80,119,142,144,122,115,132,189,210,226,266,283,379,405,441,272,277,162,74,18,3,534,4195,75,112,116,141,100,84,109,139,166,191,210,254,339,377,439,336,389,371,174,58,15,1007
2023,2023-01-01,03484,034843,岩手県,下閉伊郡田野畑村,village,03484,3026,43,94,128,123,85,99,86,103,144,173,195,179,242,311,337,222,182,157,91,31,1,462,1519,22,48,68,52,56,54,49,58,75,101,102,99,125,153,184,104,75,56,30,8,0,169,1507,21,46,60,71,29,45,37,45,69,72,93,80,117,158,153,118,107,101,61,23,1,293
2023,2023-01-01,03485,034851,岩手県,下閉伊郡普代村,village,03485,2426,52,68,83,84,61,59,75,92,112,151,150,156,200,244,257,167,165,148,72,29,1,415,1214,33,36,47,37,27,31,44,43,61,91,85,92,100,126,121,83,67,55,30,5,0,157,1212,19,32,36,47,34,28,31,49,51,60,65,64,100,118,136,84,98,93,42,24,1,258
2023,2023-01-01,03500,035009,岩手県,九戸郡,gun_agg,,32915,611,985,1167,1272,955,959,1059,1348,1610,1941,2080,2244,2664,3100,3373,2314,2114,1855,931,296,37,5233,16033,330,507,607,645,510,539,557,720,873,1032,1096,1154,1398,1577,1698,1082,800,609,241,57,1,1708,16882,281,478,560,627,445,420,502,628,737,909,984,1090,1266,1523,1675,1232,1314,1246,690,239,36,3525
2023,2023-01-01,03501,035017,岩手県,九戸郡軽米町,town,03501,8237,147,218,291,315,188,249,264,362,394,440,500,620,706,804,856,563,538,466,245,65,6,1320,4078,90,114,139,165,95,139,141,192,234,247,263,333,368,419,454,263,202,142,64,14,0,422,4159,57,104,152,150,93,110,123,170,160,193,237,287,338,385,402,300,336,324,181,51,6,898
2023,2023-01-01,03503,035033,岩手県,九戸郡野田村,village,03503,4002,126,157,144,153,116,131,147,193,185,238,254,272,330,321,383,248,243,200,106,46,9,604,1951,68,74,83,85,65,76,74,101,99,116,140,128,161,177,196,109,89,70,28,12,0,199,2051,58,83,61,68,51,55,73,92,86,122,114,144,169,144,187,139,154,130,78,34,9,405
2023,2023-01-01,03506,035068,岩手県,九戸郡九戸村,village,03506,5325,95,162,194,225,142,127,179,173,246,328,311,342,389,523,570,380,382,335,160,55,7,939,2550,53,98,100,113,69,68,97,86,129,181,166,176,206,260,282,170,134,113,36,13,0,296,2775,42,64,94,112,73,59,82,87,117,147,145,166,183,263,288,210,248,222,124,42,7,643
2023,2023-01-01,03507,035076,岩手県,九戸郡洋野町,town,03507,15351,243,448,538,579,509,452,469,620,785,935,1015,1010,1239,1452,1564,1123,951,854,420,130,15,2370,7454,119,221,285,282,281,256,245,341,411,488,527,517,663,721,766,540,375,284,113,18,1,791,7897,124,227,253,297,228,196,224,279,374,447,488,493,576,731,798,583,576,570,307,112,14,1579
2023,2023-01-01,03520,035203,岩手県,二戸郡,gun_agg,,11105,212,288,378,381,306,252,334,422,562,628,726,753,894,1132,1175,796,735,650,357,110,14,1866,5388,101,151,198,210,146,144,174,222,315,340,391,389,459,590,612,348,266,212,100,17,3,598,5717,111,137,180,171,160,108,160,200,247,288,335,364,435,542,563,448,469,438,257,93,11,1268
2023,2023-01-01,03524,035246,岩手県,二戸郡一戸町,town,03524,11105,212,288,378,381,306,252,334,422,562,628,726,753,894,1132,1175,796,735,650,357,110,14,1866,5388,101,151,198,210,146,144,174,222,315,340,391,389,459,590,612,348,266,212,100,17,3,598,5717,111,137,180,171,160,108,160,200,247,288,335,364,435,542,563,448,469,438,257,93,11,1268
2023,2023-01-01,04000,040002,宮城県,,pref,,2233374,72289,89622,96502,101290,108873,104720,113905,135146,150490,168415,159293,139582,141045,149434,171616,117624,94565,70189,36462,10822,1490,213528,1089470,36963,46135,49295,51916,55947,53622,57982,68551,76473,85867,81203,69936,69685,73138,81986,53820,39482,24862,10218,2207,182,76951,1143904,35326,43487,47207,49374,52926,51098,55923,66595,74017,82548,78090,69646,71360,76296,89630,63804,55083,45327,26244,8615,1308,136577
2023,2023-01-01,04100,041009,宮城県,仙台市,city_agg,,1052735,37454,43591,45124,46936,58563,58643,61399,69002,74250,84857,81191,67220,60777,59528,69530,50738,39018,26994,13495,3872,553,83932,508551,19282,22537,22916,23995,29290,29077,30378,34209,36685,42423,40985,33413,29605,28310,32098,22719,16174,9725,3845,820,65,30629,544184,18172,21054,22208,22941,29273,29566,31021,34793,37565,42434,40206,33807,31172,31218,37432,28019,22844,17269,9650,3052,488,53303
2023,2023-01-01,04101,041017,宮城県,仙台市青葉区,ward,04100,288178,9338,11592,11969,12846,18072,16426,16512,18494,20295,23128,21972,18799,16816,16284,18651,13456,10587,7569,4046,1169,157,23528,137828,4855,6048,6125,6629,9279,8058,7989,9087,9983,11210,10944,9263,8002,7677,8511,5927,4228,2608,1151,237,17,8241,150350,4483,5544,5844,6217,8793,8368,8523,9407,10312,11918,11028,9536,8814,8607,10140,7529,6359,4961,2895,932,140,15287
2023,2023-01-01,04102,041025,宮城県,仙台市宮城野区,ward,04100,187145,7084,7601,8045,8382,10789,12122,12090,13227,13715,15589,14769,11778,10401,9581,10933,7899,6071,4334,2072,581,82,13140,91308,3634,3935,4095,4255,5264,6059,6091,6644,6801,7962,7591,5947,5260,4537,5094,3488,2403,1526,595,121,6,4651,95837,3450,3666,3950,4127,5525,6063,5999,6583,6914,7627,7178,5831,5141,5044,5839,4411,3668,2808,1477,460,76,8489
2023,2023-01-01,04103,041033,宮城県,仙台市若林区,ward,04100,136331,5145,5875,5697,5656,7528,8698,8830,9601,9958,11358,10366,8527,7607,7160,8315,5967,4600,3335,1613,440,55,10043,66455,2668,3018,2845,2816,3661,4402,4432,4754,5011,5848,5285,4297,3795,3503,3899,2665,1871,1169,428,81,7,3556,69876,2477,2857,2852,2840,3867,4296,4398,4847,4947,5510,5081,4230,3812,3657,4416,3302,2729,2166,1185,359,48,6487
2023,2023-01-01,04104,041041,宮城県,仙台市太白区,ward,04100,232326,9363,10211,10082,10207,11798,12124,13599,15490,16326,18307,17789,14589,13073,12952,15454,11447,8995,6295,3147,937,141,19515,112192,4827,5234,5117,5253,5959,5884,6619,7665,8062,9227,8948,7322,6417,6216,7160,5080,3778,2324,867,214,19,7202,120134,4536,4977,4965,4954,5839,6240,6980,7825,8264,9080,8841,7267,6656,6736,8294,6367,5217,3971,2280,723,122,12313
2023,2023-01-01,04105,041050,宮城県,仙台市泉区,ward,04100,208755,6524,8312,9331,9845,10376,9273,10368,12190,13956,16475,16295,13527,12880,13551,16177,11969,8765,5461,2617,745,118,17706,100768,3298,4302,4734,5042,5127,4674,5247,6059,6828,8176,8217,6584,6131,6377,7434,5559,3894,2098,804,167,16,6979,107987,3226,4010,4597,4803,5249,4599,5121,6131,7128,8299,8078,6943,6749,7174,8743,6410,4871,3363,1813,578,102,10727
2023,2023-01-01,04202,042021,宮城県,石巻市,city,04202,135407,3732,4787,5327,5746,5676,5676,5834,6968,8155,9297,9145,8835,9339,9953,11841,8495,7351,5494,2806,824,126,16601,65940,1866,2462,2762,2941,2983,3001,3086,3651,4280,4839,4641,4447,4665,4959,5690,3783,3067,1874,767,161,15,5884,69467,1866,2325,2565,2805,2693,2675,2748,3317,3875,4458,4504,4388,4674,4994,6151,4712,4284,3620,2039,663,111,10717
2023,2023-01-01,04203,042030,宮城県,塩竈市,city,04203,51904,1429,1880,1980,2159,2064,1921,2304,2798,3066,3572,3667,3415,3576,3882,4569,3451,2803,2045,1004,271,48,6171,25018,753,966,1001,1116,1064,981,1164,1488,1600,1809,1858,1681,1785,1886,2137,1534,1118,700,312,60,5,2195,26886,676,914,979,1043,1000,940,1140,1310,1466,1763,1809,1734,1791,1996,2432,1917,1685,1345,692,211,43,3976
2023,2023-01-01,04205,042056,宮城県,気仙沼市,city,04205,58300,1201,1747,1999,2202,1944,1907,2003,2375,2950,3748,4128,4173,4448,4706,5775,4306,3893,2852,1456,422,65,8688,28274,577,872,1046,1097,1086,1090,1078,1269,1515,2001,2129,2112,2210,2321,2789,1918,1632,1010,426,85,11,3164,30026,624,875,953,1105,858,817,925,1106,1435,1747,1999,2061,2238,2385,2986,2388,2261,1842,1030,337,54,5524
2023,2023-01-01,04206,042064,宮城県,白石市,city,04206,31700,713,1036,1225,1341,1167,1104,1248,1619,1916,2103,2011,2005,2343,2753,3073,2035,1618,1339,774,241,36,4008,15645,347,557,643,704,640,583,688,861,1005,1100,1039,1003,1175,1398,1509,972,677,468,214,58,4,1421,16055,366,479,582,637,527,521,560,758,911,1003,972,1002,1168,1355,1564,1063,941,871,560,183,32,2587
2023,2023-01-01,04207,042072,宮城県,名取市,city,04207,79169,3143,4217,4292,4062,3668,3448,4292,5478,5985,6370,5714,4900,4741,4722,4876,3376,2728,1917,950,253,37,5885,38937,1612,2179,2157,2048,1832,1733,2136,2747,2982,3276,2933,2389,2355,2413,2339,1579,1191,704,273,55,4,2227,40232,1531,2038,2135,2014,1836,1715,2156,2731,3003,3094,2781,2511,2386,2309,2537,1797,1537,1213,677,198,33,3658
2023,2023-01-01,04208,042081,宮城県,角田市,city,04208,27017,630,831,1137,1247,1098,865,1047,1398,1628,1846,1647,1544,1943,2374,2745,1691,1315,1153,640,210,28,3346,13478,316,411,581,657,586,494,566,751,865,983,879,822,971,1178,1347,811,619,419,183,35,4,1260,13539,314,420,556,590,512,371,481,647,763,863,768,722,972,1196,1398,880,696,734,457,175,24,2086
2023,2023-01-01,04209,042099,宮城県,多賀城市,city,04209,61799,2495,2830,2788,2994,3236,3273,3477,3973,4243,4714,4613,3825,3487,3687,4173,3135,2399,1554,706,173,24,4856,30693,1276,1461,1447,1603,1713,1710,1819,1982,2215,2421,2347,1966,1764,1798,1930,1432,997,560,212,39,1,1809,31106,1219,1369,1341,1391,1523,1563,1658,1991,2028,2293,2266,1859,1723,1889,2243,1703,1402,994,494,134,23,3047
2023,2023-01-01,04211,042111,宮城県,岩沼市,city,04211,43191,1563,1882,2116,2185,2138,1969,2207,2729,3017,3457,2992,2469,2510,2839,3363,2144,1637,1152,602,192,28,3611,21402,827,977,1091,1121,1116,1053,1156,1395,1531,1757,1578,1265,1254,1403,1577,981,686,422,168,42,2,1320,21789,736,905,1025,1064,1022,916,1051,1334,1486,1700,1414,1204,1256,1436,1786,1163,951,730,434,150,26,2291
2023,2023-01-01,04212,042129,宮城県,登米市,city,04212,74416,2022,2689,3107,3245,2727,2455,2926,4090,4818,4787,4194,4346,5697,6610,7206,3951,3534,3462,1876,612,62,9546,36556,1015,1386,1582,1719,1465,1307,1575,2179,2570,2582,2160,2186,2836,3270,3665,1859,1435,1192,465,104,4,3200,37860,1007,1303,1525,1526,1262,1148,1351,1911,2248,2205,2034,2160,2861,3340,3541,2092,2099,2270,1411,508,58,6346
2023,2023-01-01,04213,042137,宮城県,栗原市,city,04213,62732,1336,1957,2399,2539,2156,1819,2191,2995,3690,3739,3379,3467,4765,6023,6584,3911,3584,3424,2074,627,73,9782,30578,692,1006,1227,1334,1197,993,1186,1601,1964,1993,1733,1770,2416,3015,3306,1930,1373,1105,580,142,15,3215,32154,644,951,1172,1205,959,826,1005,1394,1726,1746,1646,1697,2349,3008,3278,1981,2211,2319,1494,485,58,6567
2023,2023-01-01,04214,042145,宮城県,東松島市,city,04214,38771,1273,1594,1681,1936,1907,1718,1839,2272,2562,2775,2616,2350,2375,2719,3269,2179,1773,1157,577,169,30,3706,19002,651,822,841,1013,1012,874,976,1175,1313,1404,1329,1164,1171,1302,1576,981,791,418,154,31,4,1398,19769,622,772,840,923,895,844,863,1097,1249,1371,1287,1186,1204,1417,1693,1198,982,739,423,138,26,2308
2023,2023-01-01,04215,042153,宮城県,大崎市,city,04215,124615,3726,4895,5485,5732,5319,5292,5823,7316,8591,8820,8158,7556,8596,9440,10502,6305,5330,4498,2413,734,84,13059,61377,1855,2484,2809,2901,2798,2911,3055,3810,4527,4554,4215,3905,4315,4725,5178,2911,2110,1531,624,150,9,4424,63238,1871,2411,2676,2831,2521,2381,2768,3506,4064,4266,3943,3651,4281,4715,5324,3394,3220,2967,1789,584,75,8635
2023,2023-01-01,04216,042161,宮城県,富谷市,city,04216,52170,1923,2676,3295,3428,2689,1926,2296,3126,3974,4680,4395,3265,2904,3086,3392,2212,1576,828,377,104,18,2903,25650,969,1374,1663,1707,1330,941,1143,1558,1989,2322,2219,1675,1402,1469,1625,1075,720,336,108,23,2,1189,26520,954,1302,1632,1721,1359,985,1153,1568,1985,2358,2176,1590,1502,1617,1767,1137,856,492,269,81,16,1714
2023,2023-01-01,04300,043001,宮城県,刈田郡,gun_agg,,12382,296,420,478,493,442,422,437,588,672,732,724,748,959,1082,1348,777,677,579,371,123,14,1764,6074,143,210,243,233,224,231,245,306,368,375,360,364,523,573,694,370,298,196,100,18,0,612,6308,153,210,235,260,218,191,192,282,304,357,364,384,436,509,654,407,379,383,271,105,14,1152
2023,2023-01-01,04301,043010,宮城県,刈田郡蔵王町,town,04301,11163,270,389,438,449,409,380,396,525,614,679,659,688,855,996,1213,711,610,480,298,96,8,1492,5467,128,195,219,218,207,203,219,270,333,345,328,335,458,523,628,338,272,164,72,12,0,520,5696,142,194,219,231,202,177,177,255,281,334,331,353,397,473,585,373,338,316,226,84,8,972
2023,2023-01-01,04302,043028,宮城県,刈田郡七ヶ宿町,town,04302,1219,26,31,40,44,33,42,41,63,58,53,65,60,104,86,135,66,67,99,73,27,6,272,607,15,15,24,15,17,28,26,36,35,30,32,29,65,50,66,32,26,32,28,6,0,92,612,11,16,16,29,16,14,15,27,23,23,33,31,39,36,69,34,41,67,45,21,6,180
2023,2023-01-01,04320,043206,宮城県,柴田郡,gun_agg,,78574,2300,3011,3343,3731,3953,3208,3661,4635,5119,5711,5165,4507,5054,5954,6861,4602,3553,2446,1299,423,38,7759,39006,1202,1521,1730,1888,2181,1729,1922,2376,2717,2948,2709,2240,2481,2929,3300,2189,1596,894,380,69,5,2944,39568,1098,1490,1613,1843,1772,1479,1739,2259,2402,2763,2456,2267,2573,3025,3561,2413,1957,1552,919,354,33,4815
2023,2023-01-01,04321,043214,宮城県,柴田郡大河原町,town,04321,23431,776,1042,1071,1154,1138,1128,1200,1454,1603,1795,1649,1291,1450,1580,1703,1246,982,693,352,113,11,2151,11494,412,521,558,567,583,597,626,731,829,915,837,634,715,780,791,584,444,243,112,15,0,814,11937,364,521,513,587,555,531,574,723,774,880,812,657,735,800,912,662,538,450,240,98,11,1337
2023,2023-01-01,04322,043222,宮城県,柴田郡村田町,town,04322,10187,226,339,402,413,434,327,411,549,606,661,645,599,737,961,1002,613,539,381,241,95,6,1262,5102,123,164,206,198,248,188,222,275,358,359,343,295,378,486,516,289,240,136,62,15,1,454,5085,103,175,196,215,186,139,189,274,248,302,302,304,359,475,486,324,299,245,179,80,5,808
2023,2023-01-01,04323,043231,宮城県,柴田郡柴田町,town,04323,36797,1118,1398,1591,1858,2098,1534,1771,2200,2431,2735,2364,2088,2215,2621,3241,2224,1601,1029,515,153,12,3310,18325,576,713,824,956,1204,835,930,1141,1270,1394,1249,1042,1064,1251,1520,1051,732,397,145,30,1,1305,18472,542,685,767,902,894,699,841,1059,1161,1341,1115,1046,1151,1370,1721,1173,869,632,370,123,11,2005
2023,2023-01-01,04324,043249,宮城県,柴田郡川崎町,town,04324,8159,180,232,279,306,283,219,279,432,479,520,507,529,652,792,915,519,431,343,191,62,9,1036,4085,91,123,142,167,146,109,144,229,260,280,280,269,324,412,473,265,180,118,61,9,3,371,4074,89,109,137,139,137,110,135,203,219,240,227,260,328,380,442,254,251,225,130,53,6,665
2023,2023-01-01,04340,043401,宮城県,伊具郡,gun_agg,,12034,211,375,412,442,383,302,413,572,650,707,589,737,907,1158,1355,816,753,687,388,155,22,2005,6061,109,191,220,237,212,183,237,310,351,376,307,389,475,624,701,411,329,250,113,29,7,728,5973,102,184,192,205,171,119,176,262,299,331,282,348,432,534,654,405,424,437,275,126,15,1277
2023,2023-01-01,04341,043419,宮城県,伊具郡丸森町,town,04341,12034,211,375,412,442,383,302,413,572,650,707,589,737,907,1158,1355,816,753,687,388,155,22,2005,6061,109,191,220,237,212,183,237,310,351,376,307,389,475,624,701,411,329,250,113,29,7,728,5973,102,184,192,205,171,119,176,262,299,331,282,348,432,534,654,405,424,437,275,126,15,1277
2023,2023-01-01,04360,043605,宮城県,亘理郡,gun_agg,,44726,1277,1644,1804,1985,1893,1621,1894,2432,2778,3181,2875,2629,2972,3658,4278,2918,2231,1533,822,258,43,4887,22026,645,826,919,989,989,827,985,1259,1460,1632,1478,1355,1483,1846,2074,1386,1007,563,246,53,4,1873,22700,632,818,885,996,904,794,909,1173,1318,1549,1397,1274,1489,1812,2204,1532,1224,970,576,205,39,3014
2023,2023-01-01,04361,043613,宮城県,亘理郡亘理町,town,04361,33093,998,1252,1431,1529,1500,1260,1468,1874,2133,2466,2192,1969,2191,2627,2988,2000,1488,997,533,169,28,3215,16260,496,626,714,768,782,634,768,972,1122,1246,1130,1003,1079,1324,1461,921,674,344,163,32,1,1214,16833,502,626,717,761,718,626,700,902,1011,1220,1062,966,1112,1303,1527,1079,814,653,370,137,27,2001
2023,2023-01-01,04362,043621,宮城県,亘理郡山元町,town,04362,11633,279,392,373,456,393,361,426,558,645,715,683,660,781,1031,1290,918,743,536,289,89,15,1672,5766,149,200,205,221,207,193,217,287,338,386,348,352,404,522,613,465,333,219,83,21,3,659,5867,130,192,168,235,186,168,209,271,307,329,335,308,377,509,677,453,410,317,206,68,12,1013
2023,2023-01-01,04400,044008,宮城県,宮城郡,gun_agg,,66988,2120,2705,3123,3365,2858,2550,3123,3761,4340,4845,4613,4453,4880,5025,5476,3585,2867,1963,1011,280,45,6166,33007,1086,1414,1591,1749,1471,1316,1584,1930,2199,2489,2393,2158,2387,2543,2733,1662,1217,741,274,66,4,2302,33981,1034,1291,1532,1616,1387,1234,1539,1831,2141,2356,2220,2295,2493,2482,2743,1923,1650,1222,737,214,41,3864
2023,2023-01-01,04401,044016,宮城県,宮城郡松島町,town,04401,13240,296,417,445,509,486,424,481,628,751,821,864,862,957,1063,1329,927,852,654,353,104,17,1980,6423,152,225,239,275,268,232,242,318,392,432,463,424,467,532,647,408,349,245,91,19,3,707,6817,144,192,206,234,218,192,239,310,359,389,401,438,490,531,682,519,503,409,262,85,14,1273
2023,2023-01-01,04404,044041,宮城県,宮城郡七ヶ浜町,town,04404,17914,461,605,762,858,763,616,743,909,1040,1248,1353,1263,1386,1447,1561,1112,882,574,263,57,11,1787,8924,225,337,373,450,401,335,385,481,549,650,694,637,708,723,786,501,371,227,74,16,1,689,8990,236,268,389,408,362,281,358,428,491,598,659,626,678,724,775,611,511,347,189,41,10,1098
2023,2023-01-01,04406,044067,宮城県,宮城郡利府町,town,04406,35834,1363,1683,1916,1998,1609,1510,1899,2224,2549,2776,2396,2328,2537,2515,2586,1546,1133,735,395,119,17,2399,17660,709,852,979,1024,802,749,957,1131,1258,1407,1236,1097,1212,1288,1300,753,497,269,109,31,0,906,18174,654,831,937,974,807,761,942,1093,1291,1369,1160,1231,1325,1227,1286,793,636,466,286,88,17,1493
2023,2023-01-01,04420,044202,宮城県,黒川郡,gun_agg,,40954,1429,1954,2139,1940,1906,1813,2196,2735,3146,3106,2472,2179,2596,2868,2996,1775,1453,1265,734,218,34,3704,20930,698,990,1171,1036,1075,1010,1206,1414,1681,1714,1315,1127,1315,1457,1534,849,637,456,195,43,7,1338,20024,731,964,968,904,831,803,990,1321,1465,1392,1157,1052,1281,1411,1462,926,816,809,539,175,27,2366
2023,2023-01-01,04421,044211,宮城県,黒川郡大和町,town,04421,27768,1047,1342,1508,1370,1428,1421,1624,1918,2250,2216,1798,1568,1696,1721,1671,1049,887,730,401,108,15,2141,14347,515,675,812,729,808,788,904,1000,1201,1227,958,828,880,879,856,509,375,276,106,18,3,778,13421,532,667,696,641,620,633,720,918,1049,989,840,740,816,842,815,540,512,454,295,90,12,1363
2023,2023-01-01,04422,044229,宮城県,黒川郡大郷町,town,04422,7596,188,286,328,316,243,186,303,448,506,503,359,371,543,735,830,454,371,349,201,61,15,997,3775,92,145,192,179,126,100,160,225,274,292,189,186,254,369,422,206,172,118,54,17,3,364,3821,96,141,136,137,117,86,143,223,232,211,170,185,289,366,408,248,199,231,147,44,12,633
2023,2023-01-01,04424,044245,宮城県,黒川郡大衡村,village,04424,5590,194,326,303,254,235,206,269,369,390,387,315,240,357,412,495,272,195,186,132,49,4,566,2808,91,170,167,128,141,122,142,189,206,195,168,113,181,209,256,134,90,62,35,8,1,196,2782,103,156,136,126,94,84,127,180,184,192,147,127,176,203,239,138,105,124,97,41,3,370
2023,2023-01-01,04440,044407,宮城県,加美郡,gun_agg,,27945,669,981,1156,1277,1027,875,1065,1480,1599,1770,1617,1619,2107,2539,2807,1639,1468,1285,700,233,32,3718,13731,367,494,571,668,548,454,574,781,846,975,831,820,1063,1317,1408,764,600,415,173,56,6,1250,14214,302,487,585,609,479,421,491,699,753,795,786,799,1044,1222,1399,875,868,870,527,177,26,2468
2023,2023-01-01,04444,044440,宮城県,加美郡色麻町,town,04444,6369,188,238,276,315,246,191,232,347,409,382,346,360,494,585,621,352,295,275,153,58,6,787,3079,101,130,133,159,122,95,122,169,220,197,178,175,243,301,317,167,122,83,27,17,1,250,3290,87,108,143,156,124,96,110,178,189,185,168,185,251,284,304,185,173,192,126,41,5,537
2023,2023-01-01,04445,044458,宮城県,加美郡加美町,town,04445,21576,481,743,880,962,781,684,833,1133,1190,1388,1271,1259,1613,1954,2186,1287,1173,1010,547,175,26,2931,10652,266,364,438,509,426,359,452,612,626,778,653,645,820,1016,1091,597,478,332,146,39,5,1000,10924,215,379,442,453,355,325,381,521,564,610,618,614,793,938,1095,690,695,678,401,136,21,1931
2023,2023-01-01,04500,045004,宮城県,遠田郡,gun_agg,,38273,879,1365,1527,1629,1442,1237,1532,2051,2461,2574,2244,2145,2782,3328,3885,2382,1935,1656,909,283,27,4810,18748,438,703,798,816,780,703,826,1067,1326,1342,1167,1062,1402,1652,1877,1124,778,569,264,50,4,1665,19525,441,662,729,813,662,534,706,984,1135,1232,1077,1083,1380,1676,2008,1258,1157,1087,645,233,23,3145
2023,2023-01-01,04501,045012,宮城県,遠田郡涌谷町,town,04501,14878,315,446,562,606,551,478,560,809,928,962,823,838,1196,1350,1590,915,769,680,369,119,12,1949,7337,152,229,298,302,310,273,312,438,504,511,433,400,592,683,788,435,302,244,108,23,0,677,7541,163,217,264,304,241,205,248,371,424,451,390,438,604,667,802,480,467,436,261,96,12,1272
2023,2023-01-01,04505,045055,宮城県,遠田郡美里町,town,04505,23395,564,919,965,1023,891,759,972,1242,1533,1612,1421,1307,1586,1978,2295,1467,1166,976,540,164,15,2861,11411,286,474,500,514,470,430,514,629,822,831,734,662,810,969,1089,689,476,325,156,27,4,988,11984,278,445,465,509,421,329,458,613,711,781,687,645,776,1009,1206,778,690,651,384,137,11,1873
2023,2023-01-01,04580,045802,宮城県,牡鹿郡,gun_agg,,5771,189,187,166,200,241,241,272,260,298,337,340,322,351,444,546,481,414,305,139,33,5,896,2901,94,102,82,103,145,151,159,153,163,194,179,176,176,217,271,221,158,117,36,4,0,315,2870,95,85,84,97,96,90,113,107,135,143,161,146,175,227,275,260,256,188,103,29,5,581
2023,2023-01-01,04581,045811,宮城県,牡鹿郡女川町,town,04581,5771,189,187,166,200,241,241,272,260,298,337,340,322,351,444,546,481,414,305,139,33,5,896,2901,94,102,82,103,145,151,159,153,163,194,179,176,176,217,271,221,158,117,36,4,0,315,2870,95,85,84,97,96,90,113,107,135,143,161,146,175,227,275,260,256,188,103,29,5,581
2023,2023-01-01,04600,046001,宮城県,本吉郡,gun_agg,,11801,279,368,399,476,376,435,426,493,582,687,804,873,936,1056,1166,720,655,601,339,112,18,1725,5885,143,190,204,241,210,270,238,279,321,358,419,447,456,533,628,359,272,197,106,14,0,589,5916,136,178,195,235,166,165,188,214,261,329,385,426,480,523,538,361,383,404,233,98,18,1136
2023,2023-01-01,04606,046060,宮城県,本吉郡南三陸町,town,04606,11801,279,368,399,476,376,435,426,493,582,687,804,873,936,1056,1166,720,655,601,339,112,18,1725,5885,143,190,204,241,210,270,238,279,321,358,419,447,456,533,628,359,272,197,106,14,0,589,5916,136,178,195,235,166,165,188,214,261,329,385,426,480,523,538,361,383,404,233,98,18,1136
2023,2023-01-01,05000,050008,秋田県,,pref,,936509,22741,29544,34672,36981,32311,31187,35623,45633,54257,62986,61111,60092,69654,78122,88875,62341,53648,44877,24240,6747,867,130379,443467,11632,15094,17674,18975,17029,16631,18468,23460,28008,32393,30628,29639,33988,37730,41902,27308,20511,14993,6103,1213,88,42908,493042,11109,14450,16998,18006,15282,14556,17155,22173,26249,30593,30483,30453,35666,40392,46973,35033,33137,29884,18137,5534,779,87471
2023,2023-01-01,05201,052019,秋田県,秋田市,city,05201,298814,8859,10850,11930,12484,12369,12047,13614,16053,18865,22322,21529,19340,20950,21804,25024,17891,14245,11058,5749,1629,202,32883,140785,4533,5532,6026,6358,6332,6084,6720,7962,9342,11232,10673,9274,9910,10334,11446,7813,5641,3796,1437,314,26,11214,158029,4326,5318,5904,6126,6037,5963,6894,8091,9523,11090,10856,10066,11040,11470,13578,10078,8604,7262,4312,1315,176,21669
2023,2023-01-01,05202,052027,秋田県,能代市,city,05202,49101,1052,1257,1651,1879,1396,1489,1554,2191,2671,3278,3291,3198,3681,4089,4984,3720,3178,2656,1432,405,49,7720,22829,535,671,829,962,733,826,800,1162,1404,1684,1653,1591,1770,1935,2323,1532,1135,875,338,69,2,2419,26272,517,586,822,917,663,663,754,1029,1267,1594,1638,1607,1911,2154,2661,2188,2043,1781,1094,336,47,5301
2023,2023-01-01,05203,052035,秋田県,横手市,city,05203,83912,1970,2652,3199,3401,2580,2478,2938,4190,4986,5335,5154,5108,6386,7463,8143,5456,4906,4369,2415,692,91,12473,39907,992,1295,1688,1749,1307,1312,1570,2165,2655,2717,2616,2528,3148,3585,3890,2436,2001,1487,635,118,13,4254,44005,978,1357,1511,1652,1273,1166,1368,2025,2331,2618,2538,2580,3238,3878,4253,3020,2905,2882,1780,574,78,8219
2023,2023-01-01,05204,052043,秋田県,大館市,city,05204,67703,1561,2016,2491,2652,2194,2244,2507,3210,3708,4473,4259,4314,5050,5492,6450,4778,4217,3651,1819,556,61,10304,32047,813,1047,1318,1363,1163,1226,1354,1694,1949,2339,2122,2138,2466,2727,2987,2038,1558,1176,477,88,4,3303,35656,748,969,1173,1289,1031,1018,1153,1516,1759,2134,2137,2176,2584,2765,3463,2740,2659,2475,1342,468,57,7001
2023,2023-01-01,05206,052060,秋田県,男鹿市,city,05206,24713,345,528,664,752,607,625,612,967,1262,1423,1392,1577,1926,2422,3013,2168,1767,1519,870,248,26,4430,11768,184,288,335,384,344,349,316,483,687,788,706,804,950,1200,1484,987,694,511,225,46,3,1479,12945,161,240,329,368,263,276,296,484,575,635,686,773,976,1222,1529,1181,1073,1008,645,202,23,2951
2023,2023-01-01,05207,052078,秋田県,湯沢市,city,05207,41333,781,1141,1360,1508,1293,1161,1392,1797,2180,2621,2716,2818,3464,3882,4107,2860,2479,2195,1182,347,49,6252,19972,385,599,702,803,725,641,740,972,1177,1357,1366,1436,1771,1930,1946,1266,981,750,335,83,7,2156,21361,396,542,658,705,568,520,652,825,1003,1264,1350,1382,1693,1952,2161,1594,1498,1445,847,264,42,4096
2023,2023-01-01,05209,052094,秋田県,鹿角市,city,05209,28363,636,850,1112,1116,826,812,964,1195,1595,1841,1705,1799,2144,2470,2808,2027,1842,1599,805,190,27,4463,13455,305,438,533,585,478,457,541,608,867,968,864,930,1061,1213,1365,827,680,516,188,28,3,1415,14908,331,412,579,531,348,355,423,587,728,873,841,869,1083,1257,1443,1200,1162,1083,617,162,24,3048
2023,2023-01-01,05210,052108,秋田県,由利本荘市,city,05210,72473,1794,2317,2870,2888,2550,2371,2804,3645,4238,4834,4401,4503,5238,6364,7048,4526,4150,3396,1919,540,77,10082,34886,928,1178,1492,1471,1408,1311,1512,1913,2271,2529,2252,2229,2564,3085,3408,2034,1567,1144,476,105,9,3301,37587,866,1139,1378,1417,1142,1060,1292,1732,1967,2305,2149,2274,2674,3279,3640,2492,2583,2252,1443,435,68,6781
2023,2023-01-01,05211,052116,秋田県,潟上市,city,05211,31733,859,1136,1203,1334,1178,1173,1267,1608,1958,2276,2184,2235,2170,2463,2967,2089,1670,1190,582,175,16,3633,15097,446,569,633,717,609,625,631,820,1010,1149,1037,1100,1105,1183,1363,916,621,403,133,25,2,1184,16636,413,567,570,617,569,548,636,788,948,1127,1147,1135,1065,1280,1604,1173,1049,787,449,150,14,2449
2023,2023-01-01,05212,052124,秋田県,大仙市,city,05212,76263,1900,2483,2766,2973,2407,2460,2960,3840,4502,4896,4699,4756,5752,6691,7214,4845,4390,3962,2158,543,66,11119,35954,980,1295,1403,1504,1310,1315,1519,1968,2312,2538,2335,2340,2857,3128,3482,2112,1579,1345,525,104,3,3556,40309,920,1188,1363,1469,1097,1145,1441,1872,2190,2358,2364,2416,2895,3563,3732,2733,2811,2617,1633,439,63,7563
2023,2023-01-01,05213,052132,秋田県,北秋田市,city,05213,29183,479,737,950,1007,831,748,878,1159,1331,1712,1752,1882,2367,2625,3116,2326,2101,1817,1029,296,40,5283,13773,252,381,482,511,429,433,500,632,716,906,918,981,1171,1296,1498,994,784,572,262,53,2,1673,15410,227,356,468,496,402,315,378,527,615,806,834,901,1196,1329,1618,1332,1317,1245,767,243,38,3610
2023,2023-01-01,05214,052141,秋田県,にかほ市,city,05214,22932,481,686,847,992,798,720,749,1018,1323,1513,1464,1555,1688,1962,2256,1640,1345,1144,587,149,15,3240,11030,256,319,421,512,460,448,426,547,675,786,744,789,837,952,1050,734,525,383,146,19,1,1074,11902,225,367,426,480,338,272,323,471,648,727,720,766,851,1010,1206,906,820,761,441,130,14,2166
2023,2023-01-01,05215,052159,秋田県,仙北市,city,05215,24030,409,642,849,931,726,646,717,1058,1337,1428,1472,1379,1873,2176,2607,1768,1618,1353,800,202,39,4012,11173,199,311,421,461,382,341,375,559,670,744,773,686,905,1070,1194,815,597,445,187,35,3,1267,12857,210,331,428,470,344,305,342,499,667,684,699,693,968,1106,1413,953,1021,908,613,167,36,2745
2023,2023-01-01,05300,053007,秋田県,鹿角郡,gun_agg,,4643,96,107,138,164,130,138,128,177,219,242,292,351,331,395,474,372,365,312,167,38,7,889,2164,55,63,57,85,70,76,73,96,110,120,155,178,177,178,234,166,127,96,42,5,1,271,2479,41,44,81,79,60,62,55,81,109,122,137,173,154,217,240,206,238,216,125,33,6,618
2023,2023-01-01,05303,053031,秋田県,鹿角郡小坂町,town,05303,4643,96,107,138,164,130,138,128,177,219,242,292,351,331,395,474,372,365,312,167,38,7,889,2164,55,63,57,85,70,76,73,96,110,120,155,178,177,178,234,166,127,96,42,5,1,271,2479,41,44,81,79,60,62,55,81,109,122,137,173,154,217,240,206,238,216,125,33,6,618
2023,2023-01-01,05320,053201,秋田県,北秋田郡,gun_agg,,2008,27,32,46,46,39,51,49,61,69,87,124,120,151,191,236,177,196,151,112,38,5,502,966,13,18,24,23,25,31,30,40,36,45,74,71,82,105,117,70,79,51,29,3,0,162,1042,14,14,22,23,14,20,19,21,33,42,50,49,69,86,119,107,117,100,83,35,5,340
2023,2023-01-01,05327,053279,秋田県,北秋田郡上小阿仁村,village,05327,2008,27,32,46,46,39,51,49,61,69,87,124,120,151,191,236,177,196,151,112,38,5,502,966,13,18,24,23,25,31,30,40,36,45,74,71,82,105,117,70,79,51,29,3,0,162,1042,14,14,22,23,14,20,19,21,33,42,50,49,69,86,119,107,117,100,83,35,5,340
2023,2023-01-01,05340,053406,秋田県,山本郡,gun_agg,,24258,376,548,692,749,627,526,714,940,1071,1387,1454,1573,2073,2373,2825,1884,1769,1512,895,237,33,4446,11373,179,256,347,369,318,305,384,508,606,737,744,791,1038,1201,1397,824,642,478,212,36,1,1369,12885,197,292,345,380,309,221,330,432,465,650,710,782,1035,1172,1428,1060,1127,1034,683,201,32,3077
2023,2023-01-01,05346,053465,秋田県,山本郡藤里町,town,05346,2884,40,71,76,91,59,53,75,121,133,143,201,164,222,296,337,249,232,186,102,31,2,553,1377,24,39,39,35,30,37,43,65,87,85,101,79,122,145,168,106,85,58,23,6,0,172,1507,16,32,37,56,29,16,32,56,46,58,100,85,100,151,169,143,147,128,79,25,2,381
2023,2023-01-01,05348,053481,秋田県,山本郡三種町,town,05348,14949,242,362,438,463,403,332,459,590,683,866,886,958,1284,1476,1701,1121,1072,900,555,140,18,2685,6948,113,165,215,241,205,185,241,310,373,444,460,483,617,744,832,492,393,281,135,19,0,828,8001,129,197,223,222,198,147,218,280,310,422,426,475,667,732,869,629,679,619,420,121,18,1857
2023,2023-01-01,05349,053490,秋田県,山本郡八峰町,town,05349,6425,94,115,178,195,165,141,180,229,255,378,367,451,567,601,787,514,465,426,238,66,13,1208,3048,42,52,93,93,83,83,100,133,146,208,183,229,299,312,397,226,164,139,54,11,1,369,3377,52,63,85,102,82,58,80,96,109,170,184,222,268,289,390,288,301,287,184,55,12,839
2023,2023-01-01,05360,053601,秋田県,南秋田郡,gun_agg,,21071,377,523,667,797,738,555,597,825,1045,1299,1310,1397,1548,1867,2233,1653,1471,1229,744,172,24,3640,9922,187,275,334,417,402,322,348,419,548,676,653,703,738,938,1056,717,549,421,192,24,3,1189,11149,190,248,333,380,336,233,249,406,497,623,657,694,810,929,1177,936,922,808,552,148,21,2451
2023,2023-01-01,05361,053619,秋田県,南秋田郡五城目町,town,05361,8350,130,194,233,240,216,218,226,314,412,484,480,528,600,815,930,703,647,549,332,90,9,1627,3920,70,98,108,124,128,138,131,157,223,249,243,283,282,413,453,310,224,188,82,14,2,510,4430,60,96,125,116,88,80,95,157,189,235,237,245,318,402,477,393,423,361,250,76,7,1117
2023,2023-01-01,05363,053635,秋田県,南秋田郡八郎潟町,town,05363,5348,97,132,159,192,148,136,123,235,295,316,319,342,430,509,621,405,347,303,196,37,6,889,2445,40,65,72,103,74,74,63,118,165,164,161,160,198,249,287,180,129,93,45,5,0,272,2903,57,67,87,89,74,62,60,117,130,152,158,182,232,260,334,225,218,210,151,32,6,617
2023,2023-01-01,05366,053660,秋田県,南秋田郡井川町,town,05366,4382,78,94,132,173,159,120,145,163,199,300,268,312,337,403,475,323,277,247,136,33,8,701,2070,38,50,75,81,85,63,85,88,97,161,129,151,163,206,229,136,108,88,33,3,1,233,2312,40,44,57,92,74,57,60,75,102,139,139,161,174,197,246,187,169,159,103,30,7,468
2023,2023-01-01,05368,053686,秋田県,南秋田郡大潟村,village,05368,2991,72,103,143,192,215,81,103,113,139,199,243,215,181,140,207,222,200,130,80,12,1,423,1487,39,62,79,109,115,47,69,56,63,102,120,109,95,70,87,91,88,52,32,2,0,174,1504,33,41,64,83,100,34,34,57,76,97,123,106,86,70,120,131,112,78,48,10,1,249
2023,2023-01-01,05420,054208,秋田県,仙北郡,gun_agg,,18134,407,559,656,735,562,509,628,909,1049,1128,1060,1085,1485,1752,1775,1210,1041,909,506,149,20,2625,8618,210,293,329,383,291,281,330,475,543,592,524,529,727,847,859,555,403,283,135,26,3,850,9516,197,266,327,352,271,228,298,434,506,536,536,556,758,905,916,655,638,626,371,123,17,1775
2023,2023-01-01,05434,054348,秋田県,仙北郡美郷町,town,05434,18134,407,559,656,735,562,509,628,909,1049,1128,1060,1085,1485,1752,1775,1210,1041,909,506,149,20,2625,8618,210,293,329,383,291,281,330,475,543,592,524,529,727,847,859,555,403,283,135,26,3,850,9516,197,266,327,352,271,228,298,434,506,536,536,556,758,905,916,655,638,626,371,123,17,1775
2023,2023-01-01,05460,054607,秋田県,雄勝郡,gun_agg,,15842,332,480,581,573,460,434,551,790,848,891,853,1102,1377,1641,1595,951,898,855,469,141,20,2383,7748,180,266,300,318,243,248,299,437,430,486,419,541,711,823,803,472,348,261,129,32,2,772,8094,152,214,281,255,217,186,252,353,418,405,434,561,666,818,792,479,550,594,340,109,18,1611
2023,2023-01-01,05463,054631,秋田県,雄勝郡羽後町,town,05463,13544,282,422,497,485,371,365,476,701,716,770,744,952,1178,1419,1352,815,749,729,385,119,17,1999,6617,157,232,246,268,197,211,257,385,359,424,362,460,608,710,685,405,295,215,110,29,2,651,6927,125,190,251,217,174,154,219,316,357,346,382,492,570,709,667,410,454,514,275,90,15,1348
2023,2023-01-01,05464,054640,秋田県,雄勝郡東成瀬村,village,05464,2298,50,58,84,88,89,69,75,89,132,121,109,150,199,222,243,136,149,126,84,22,3,384,1131,23,34,54,50,46,37,42,52,71,62,57,81,103,113,118,67,53,46,19,3,0,121,1167,27,24,30,38,43,32,33,37,61,59,52,69,96,109,125,69,96,80,65,19,3,263
2023,2023-01-01,06000,060003,山形県,,pref,,1034444,31116,38808,43527,46163,42320,39118,44573,54557,62520,69290,66266,64449,72414,78285,90500,61763,52695,43109,24484,7470,1017,128775,502074,16032,19841,22348,23766,22460,20725,22949,28137,32194,35585,33633,32089,35833,38507,44435,28633,21655,15151,6563,1417,121,44907,532370,15084,18967,21179,22397,19860,18393,21624,26420,30326,33705,32633,32360,36581,39778,46065,33130,31040,27958,17921,6053,896,83868
2023,2023-01-01,06201,062014,山形県,山形市,city,06201,238924,8143,9624,10550,11273,11286,10382,11728,13517,15492,17530,16461,14805,15192,15571,18243,13468,10908,8366,4711,1491,183,25659,114550,4224,4932,5445,5717,5672,5196,5768,6787,7700,8724,8256,7258,7351,7490,8667,6137,4557,3047,1314,290,18,9226,124374,3919,4692,5105,5556,5614,5186,5960,6730,7792,8806,8205,7547,7841,8081,9576,7331,6351,5319,3397,1201,165,16433
2023,2023-01-01,06202,062022,山形県,米沢市,city,06202,76346,2257,2668,3321,3486,3990,2967,3313,3877,4473,5315,5414,5008,5245,5317,6225,4446,3864,2914,1622,535,89,9024,37485,1151,1357,1687,1764,2312,1613,1718,1989,2311,2791,2820,2564,2641,2660,3006,2051,1557,1015,373,94,11,3050,38861,1106,1311,1634,1722,1678,1354,1595,1888,2162,2524,2594,2444,2604,2657,3219,2395,2307,1899,1249,441,78,5974
2023,2023-01-01,06203,062031,山形県,鶴岡市,city,06203,119609,3465,4264,4943,5385,4348,4292,4835,5985,6934,7801,7821,7674,8511,9422,10695,7480,6537,5278,2971,837,131,15754,57594,1765,2120,2535,2896,2382,2354,2513,3102,3613,3975,3977,3804,4175,4644,5237,3312,2501,1780,756,141,12,5190,62015,1700,2144,2408,2489,1966,1938,2322,2883,3321,3826,3844,3870,4336,4778,5458,4168,4036,3498,2215,696,119,10564
2023,2023-01-01,06204,062049,山形県,酒田市,city,06204,96921,2491,3298,3741,3892,3460,3427,3816,4544,5684,6696,6509,6377,6948,7662,9096,6404,5428,4354,2379,628,87,12876,46499,1228,1686,1926,1931,1792,1833,2024,2323,2936,3504,3277,3209,3455,3789,4335,2864,2181,1463,616,121,6,4387,50422,1263,1612,1815,1961,1668,1594,1792,2221,2748,3192,3232,3168,3493,3873,4761,3540,3247,2891,1763,507,81,8489
2023,2023-01-01,06205,062057,山形県,新庄市,city,06205,33043,961,1257,1371,1602,1303,1209,1439,1653,1958,2246,2206,2119,2522,2540,2790,1990,1667,1293,694,203,20,3877,15883,500,661,669,858,699,663,714,852,1005,1153,1117,1046,1224,1204,1322,887,656,430,179,42,2,1309,17160,461,596,702,744,604,546,725,801,953,1093,1089,1073,1298,1336,1468,1103,1011,863,515,161,18,2568
2023,2023-01-01,06206,062065,山形県,寒河江市,city,06206,39715,1490,1618,1798,1860,1687,1640,1861,2401,2405,2585,2362,2302,2819,2873,3221,2182,1870,1522,898,291,30,4611,19475,772,821,954,991,875,832,967,1258,1278,1297,1172,1139,1382,1444,1576,1032,833,559,236,54,3,1685,20240,718,797,844,869,812,808,894,1143,1127,1288,1190,1163,1437,1429,1645,1150,1037,963,662,237,27,2926
2023,2023-01-01,06207,062073,山形県,上山市,city,06207,28408,652,883,1023,1110,1034,1011,1024,1297,1554,1854,1745,1822,2063,2411,2868,2005,1637,1337,799,244,35,4052,13676,327,458,520,568,533,540,536,652,774,982,890,921,975,1226,1388,959,658,486,231,46,6,1427,14732,325,425,503,542,501,471,488,645,780,872,855,901,1088,1185,1480,1046,979,851,568,198,29,2625
2023,2023-01-01,06208,062081,山形県,村山市,city,06208,22045,512,704,808,938,848,727,812,1029,1152,1303,1255,1368,1670,1840,2269,1361,1276,1161,738,245,29,3449,10858,290,366,408,499,438,407,435,535,617,653,639,711,835,902,1216,649,558,422,228,45,5,1258,11187,222,338,400,439,410,320,377,494,535,650,616,657,835,938,1053,712,718,739,510,200,24,2191
2023,2023-01-01,06209,062090,山形県,長井市,city,06209,24932,746,926,982,1084,937,921,1011,1291,1424,1544,1524,1558,1757,1961,2296,1547,1414,1144,632,200,33,3423,12182,401,487,495,566,508,494,515,675,777,819,800,755,893,938,1107,757,567,394,193,37,4,1195,12750,345,439,487,518,429,427,496,616,647,725,724,803,864,1023,1189,790,847,750,439,163,29,2228
2023,2023-01-01,06210,062103,山形県,天童市,city,06210,60448,2314,2664,2764,2716,2544,2608,2972,3684,4032,4164,3843,3601,3826,4123,4955,3343,2684,2146,1080,349,36,6295,29525,1193,1397,1438,1418,1300,1333,1503,1899,2054,2135,1914,1748,1884,2000,2400,1590,1140,777,326,73,3,2319,30923,1121,1267,1326,1298,1244,1275,1469,1785,1978,2029,1929,1853,1942,2123,2555,1753,1544,1369,754,276,33,3976
2023,2023-01-01,06211,062111,山形県,東根市,city,06211,47656,2031,2214,2252,2384,2405,2283,2594,3092,3312,3325,2900,2607,2854,3000,3359,2183,1963,1657,931,272,38,4861,23609,1067,1083,1152,1242,1355,1266,1360,1609,1706,1695,1485,1294,1421,1436,1669,1039,844,576,243,64,3,1730,24047,964,1131,1100,1142,1050,1017,1234,1483,1606,1630,1415,1313,1433,1564,1690,1144,1119,1081,688,208,35,3131
2023,2023-01-01,06212,062120,山形県,尾花沢市,city,06212,14339,280,469,515,625,454,403,482,616,799,804,744,829,1166,1408,1490,939,811,812,518,156,19,2316,7091,147,222,285,334,249,233,260,340,412,423,397,403,595,717,787,480,348,281,136,39,3,807,7248,133,247,230,291,205,170,222,276,387,381,347,426,571,691,703,459,463,531,382,117,16,1509
2023,2023-01-01,06213,062138,山形県,南陽市,city,06213,29617,912,1110,1247,1244,1226,1108,1321,1600,1801,1931,1841,1838,2118,2267,2617,1797,1516,1216,652,217,38,3639,14387,472,561,625,641,658,583,699,825,943,988,955,893,1041,1134,1292,850,611,428,155,29,4,1227,15230,440,549,622,603,568,525,622,775,858,943,886,945,1077,1133,1325,947,905,788,497,188,34,2412
2023,2023-01-01,06300,063002,山形県,東村山郡,gun_agg,,24296,634,931,1041,1098,914,839,921,1315,1493,1602,1440,1489,1888,1989,2282,1491,1196,980,551,176,26,2929,11876,340,515,505,565,470,429,481,676,763,851,729,726,941,972,1121,722,517,358,155,36,4,1070,12420,294,416,536,533,444,410,440,639,730,751,711,763,947,1017,1161,769,679,622,396,140,22,1859
2023,2023-01-01,06301,063011,山形県,東村山郡山辺町,town,06301,13637,371,539,627,649,509,463,540,742,850,945,826,786,1072,1067,1257,836,623,531,296,95,13,1558,6665,210,298,301,342,254,224,284,371,435,487,420,390,532,516,607,405,283,192,96,18,0,589,6972,161,241,326,307,255,239,256,371,415,458,406,396,540,551,650,431,340,339,200,77,13,969
2023,2023-01-01,06302,063029,山形県,東村山郡中山町,town,06302,10659,263,392,414,449,405,376,381,573,643,657,614,703,816,922,1025,655,573,449,255,81,13,1371,5211,130,217,204,223,216,205,197,305,328,364,309,336,409,456,514,317,234,166,59,18,4,481,5448,133,175,210,226,189,171,184,268,315,293,305,367,407,466,511,338,339,283,196,63,9,890
2023,2023-01-01,06320,063207,山形県,西村山郡,gun_agg,,35290,735,1176,1347,1469,1198,979,1250,1599,1941,2020,2047,2246,2644,2999,3755,2302,2052,1911,1173,390,57,5583,17405,374,616,701,763,650,546,673,859,1035,1045,1034,1130,1344,1512,1964,1127,897,709,345,74,7,2032,17885,361,560,646,706,548,433,577,740,906,975,1013,1116,1300,1487,1791,1175,1155,1202,828,316,50,3551
2023,2023-01-01,06321,063215,山形県,西村山郡河北町,town,06321,17101,397,648,693,749,607,468,643,868,1008,1062,1040,1077,1234,1380,1720,1075,915,822,517,151,27,2432,8376,197,343,346,386,334,261,344,453,528,539,521,544,599,693,878,520,412,294,160,20,4,890,8725,200,305,347,363,273,207,299,415,480,523,519,533,635,687,842,555,503,528,357,131,23,1542
2023,2023-01-01,06322,063223,山形県,西村山郡西川町,town,06322,4725,81,114,157,197,138,113,142,171,229,234,250,296,366,446,554,331,300,341,184,71,10,906,2296,44,47,81,101,70,63,75,93,127,125,130,145,190,221,283,170,123,136,53,18,1,331,2429,37,67,76,96,68,50,67,78,102,109,120,151,176,225,271,161,177,205,131,53,9,575
2023,2023-01-01,06323,063231,山形県,西村山郡朝日町,town,06323,6144,123,155,210,231,203,172,210,243,292,307,332,394,465,569,679,432,415,358,255,90,9,1127,3073,61,85,111,129,104,91,114,136,171,166,157,213,251,293,357,220,184,136,71,22,1,414,3071,62,70,99,102,99,81,96,107,121,141,175,181,214,276,322,212,231,222,184,68,8,713
2023,2023-01-01,06324,063240,山形県,西村山郡大江町,town,06324,7320,134,259,287,292,250,226,255,317,412,417,425,479,579,604,802,464,422,390,217,78,11,1118,3660,72,141,163,147,142,131,140,177,209,215,226,228,304,305,446,217,178,143,61,14,1,397,3660,62,118,124,145,108,95,115,140,203,202,199,251,275,299,356,247,244,247,156,64,10,721
2023,2023-01-01,06340,063401,山形県,北村山郡,gun_agg,,6263,113,195,221,257,226,176,179,278,341,399,354,363,487,619,684,436,348,299,216,60,12,935,3136,52,116,106,131,116,103,95,153,186,212,195,187,252,304,358,225,149,120,59,14,3,345,3127,61,79,115,126,110,73,84,125,155,187,159,176,235,315,326,211,199,179,157,46,9,590
2023,2023-01-01,06341,063410,山形県,北村山郡大石田町,town,06341,6263,113,195,221,257,226,176,179,278,341,399,354,363,487,619,684,436,348,299,216,60,12,935,3136,52,116,106,131,116,103,95,153,186,212,195,187,252,304,358,225,149,120,59,14,3,345,3127,61,79,115,126,110,73,84,125,155,187,159,176,235,315,326,211,199,179,157,46,9,590
2023,2023-01-01,06360,063606,山形県,最上郡,gun_agg,,35140,761,1188,1297,1435,1006,909,1222,1635,1884,1937,1857,2240,3022,3521,3734,2180,2039,1867,1040,326,40,5312,17209,367,590,678,746,566,526,677,871,1005,1080,937,1137,1519,1764,1945,1015,811,632,265,66,12,1786,17931,394,598,619,689,440,383,545,764,879,857,920,1103,1503,1757,1789,1165,1228,1235,775,260,28,3526
2023,2023-01-01,06361,063614,山形県,最上郡金山町,town,06361,4931,115,175,192,221,176,152,181,238,257,282,261,322,445,443,496,296,278,226,121,45,9,679,2453,69,88,89,123,104,85,98,132,143,161,129,164,217,229,253,136,108,80,30,9,6,233,2478,46,87,103,98,72,67,83,106,114,121,132,158,228,214,243,160,170,146,91,36,3,446
2023,2023-01-01,06362,063622,山形県,最上郡最上町,town,06362,7719,166,259,297,347,206,178,261,359,407,402,448,449,659,816,867,449,446,417,210,67,9,1149,3807,72,132,156,181,106,114,144,194,224,229,226,239,328,402,455,219,171,144,55,14,2,386,3912,94,127,141,166,100,64,117,165,183,173,222,210,331,414,412,230,275,273,155,53,7,763
2023,2023-01-01,06363,063631,山形県,最上郡舟形町,town,06363,4849,104,154,169,210,112,111,173,242,268,258,247,299,419,487,518,301,267,268,178,56,8,777,2388,52,83,87,117,64,62,104,136,148,144,120,143,216,243,272,141,107,93,48,7,1,256,2461,52,71,82,93,48,49,69,106,120,114,127,156,203,244,246,160,160,175,130,49,7,521
2023,2023-01-01,06364,063649,山形県,最上郡真室川町,town,06364,6850,141,244,231,271,207,170,244,309,355,388,368,469,572,655,724,471,396,371,207,53,4,1031,3281,66,118,129,124,118,97,130,156,173,210,191,232,304,314,364,204,166,128,49,5,3,351,3569,75,126,102,147,89,73,114,153,182,178,177,237,268,341,360,267,230,243,158,48,1,680
2023,2023-01-01,06365,063657,山形県,最上郡大蔵村,village,06365,2921,65,101,139,118,72,83,99,151,155,163,132,178,245,309,285,158,193,167,82,26,0,468,1465,35,45,71,69,50,44,58,79,88,92,67,90,115,161,157,71,84,56,23,10,0,173,1456,30,56,68,49,22,39,41,72,67,71,65,88,130,148,128,87,109,111,59,16,0,295
2023,2023-01-01,06366,063665,山形県,最上郡鮭川村,village,06366,3846,87,141,132,138,118,110,135,159,212,218,212,229,304,409,406,262,206,211,114,39,4,574,1870,39,68,74,66,62,62,74,90,113,110,108,114,147,218,200,131,84,61,37,12,0,194,1976,48,73,58,72,56,48,61,69,99,108,104,115,157,191,206,131,122,150,77,27,4,380
2023,2023-01-01,06367,063673,山形県,最上郡戸沢村,village,06367,4024,83,114,137,130,115,105,129,177,230,226,189,294,378,402,438,243,253,207,128,40,6,634,1945,34,56,72,66,62,62,69,84,116,134,96,155,192,197,244,113,91,70,23,9,0,193,2079,49,58,65,64,53,43,60,93,114,92,93,139,186,205,194,130,162,137,105,31,6,441
2023,2023-01-01,06380,063801,山形県,東置賜郡,gun_agg,,35808,973,1327,1567,1613,1320,1170,1383,1863,2223,2289,2105,2158,2703,3015,3445,2006,1802,1598,911,295,42,4648,17598,505,664,791,790,721,619,726,984,1170,1220,1070,1114,1381,1487,1804,964,739,545,240,57,7,1588,18210,468,663,776,823,599,551,657,879,1053,1069,1035,1044,1322,1528,1641,1042,1063,1053,671,238,35,3060
2023,2023-01-01,06381,063819,山形県,東置賜郡高畠町,town,06381,21914,610,866,1013,1031,844,784,894,1189,1377,1463,1332,1321,1607,1702,1995,1192,1054,894,541,178,27,2694,10741,330,443,519,506,455,403,466,639,706,769,676,670,800,807,1046,571,424,327,142,38,4,935,11173,280,423,494,525,389,381,428,550,671,694,656,651,807,895,949,621,630,567,399,140,23,1759
2023,2023-01-01,06382,063827,山形県,東置賜郡川西町,town,06382,13894,363,461,554,582,476,386,489,674,846,826,773,837,1096,1313,1450,814,748,704,370,117,15,1954,6857,175,221,272,284,266,216,260,345,464,451,394,444,581,680,758,393,315,218,98,19,3,653,7037,188,240,282,298,210,170,229,329,382,375,379,393,515,633,692,421,433,486,272,98,12,1301
2023,2023-01-01,06400,064009,山形県,西置賜郡,gun_agg,,25965,572,866,1141,1138,852,766,898,1341,1373,1472,1488,1594,1974,2366,2558,1677,1470,1287,842,252,38,3889,12897,303,464,599,579,495,445,483,704,710,780,764,819,1002,1218,1318,819,649,472,225,45,4,1395,13068,269,402,542,559,357,321,415,637,663,692,724,775,972,1148,1240,858,821,815,617,207,34,2494
2023,2023-01-01,06401,064017,山形県,西置賜郡小国町,town,06401,6888,121,211,285,353,210,208,222,314,318,389,404,478,491,591,665,464,461,386,235,73,9,1164,3439,56,106,146,178,131,130,130,165,165,209,208,264,259,308,345,217,202,143,58,15,4,422,3449,65,105,139,175,79,78,92,149,153,180,196,214,232,283,320,247,259,243,177,58,5,742
2023,2023-01-01,06402,064025,山形県,西置賜郡白鷹町,town,06402,12609,286,410,581,513,439,379,441,622,672,745,748,738,976,1170,1257,846,663,570,424,111,18,1786,6265,159,222,303,271,246,212,229,322,344,394,375,370,486,596,647,420,305,218,128,18,0,669,6344,127,188,278,242,193,167,212,300,328,351,373,368,490,574,610,426,358,352,296,93,18,1117
2023,2023-01-01,06403,064033,山形県,西置賜郡飯豊町,town,06403,6468,165,245,275,272,203,179,235,405,383,338,336,378,507,605,636,367,346,331,183,68,11,939,3193,88,136,150,130,118,103,124,217,201,177,181,185,257,314,326,182,142,111,39,12,0,304,3275,77,109,125,142,85,76,111,188,182,161,155,193,250,291,310,185,204,220,144,56,11,635
2023,2023-01-01,06420,064203,山形県,東田川郡,gun_agg,,26952,789,1052,1140,1098,909,987,1100,1378,1606,1710,1611,1650,1946,2192,2521,1591,1447,1298,711,194,22,3672,13053,421,527,611,529,486,539,584,724,868,864,829,827,989,1062,1240,729,562,436,189,34,3,1224,13899,368,525,529,569,423,448,516,654,738,846,782,823,957,1130,1281,862,885,862,522,160,19,2448
2023,2023-01-01,06426,064262,山形県,東田川郡三川町,town,06426,7167,272,356,331,302,264,274,335,413,475,459,415,390,485,530,629,360,346,312,158,52,9,877,3520,160,187,180,151,146,154,177,214,248,235,202,207,231,264,319,169,127,92,43,12,2,276,3647,112,169,151,151,118,120,158,199,227,224,213,183,254,266,310,191,219,220,115,40,7,601
2023,2023-01-01,06428,064289,山形県,東田川郡庄内町,town,06428,19785,517,696,809,796,645,713,765,965,1131,1251,1196,1260,1461,1662,1892,1231,1101,986,553,142,13,2795,9533,261,340,431,378,340,385,407,510,620,629,627,620,758,798,921,560,435,344,146,22,1,948,10252,256,356,378,418,305,328,358,455,511,622,569,640,703,864,971,671,666,642,407,120,12,1847
2023,2023-01-01,06460,064602,山形県,飽海郡,gun_agg,,12727,285,374,458,456,373,314,412,562,639,763,739,801,1059,1189,1397,935,766,669,415,109,12,1971,6086,133,198,218,238,183,171,218,320,331,394,376,404,533,604,683,425,320,221,99,16,1,657,6641,152,176,240,218,190,143,194,242,308,369,363,397,526,585,714,510,446,448,316,93,11,1314
2023,2023-01-01,06461,064611,山形県,飽海郡遊佐町,town,06461,12727,285,374,458,456,373,314,412,562,639,763,739,801,1059,1189,1397,935,766,669,415,109,12,1971,6086,133,198,218,238,183,171,218,320,331,394,376,404,533,604,683,425,320,221,99,16,1,657,6641,152,176,240,218,190,143,194,242,308,369,363,397,526,585,714,510,446,448,316,93,11,1314
2023,2023-01-01,07000,070009,福島県,,pref,,1802974,55335,70512,74199,81801,78534,75563,84440,99250,108829,124345,119793,115587,127256,136028,152941,101062,84097,64883,35933,11075,1511,197499,887050,28136,35965,38315,42104,41635,40315,44498,52087,56722,64843,61578,58645,63818,67711,74931,46823,34710,22253,9669,2100,192,68924,915924,27199,34547,35884,39697,36899,35248,39942,47163,52107,59502,58215,56942,63438,68317,78010,54239,49387,42630,26264,8975,1319,128575
2023,2023-01-01,07201,072010,福島県,福島市,city,07201,268712,8530,10595,10807,12362,13084,11908,13122,14595,16308,19671,19345,17436,17530,18371,21585,15345,12507,9115,4867,1446,183,28118,130719,4341,5417,5596,6410,6876,6237,6713,7476,8221,9942,9739,8735,8709,8982,10284,6872,5172,3283,1392,296,26,10169,137993,4189,5178,5211,5952,6208,5671,6409,7119,8087,9729,9606,8701,8821,9389,11301,8473,7335,5832,3475,1150,157,17949
2023,2023-01-01,07202,072028,福島県,会津若松市,city,07202,113249,3682,4461,4952,5310,4966,4701,5377,6145,6589,7725,7528,7382,8073,8387,9114,6410,5422,4073,2207,655,90,12447,54357,1859,2275,2579,2738,2600,2419,2771,3175,3405,3860,3710,3689,3930,4072,4351,2859,2099,1297,537,124,8,4065,58892,1823,2186,2373,2572,2366,2282,2606,2970,3184,3865,3818,3693,4143,4315,4763,3551,3323,2776,1670,531,82,8382
2023,2023-01-01,07203,072036,福島県,郡山市,city,07203,314501,11156,13381,13581,14788,14936,15061,16974,19386,20903,23558,22383,20309,20954,21105,23313,15687,12116,8741,4622,1378,169,27026,154421,5683,6833,6987,7625,7836,7870,8736,10036,10672,12131,11340,10167,10360,10355,11040,7182,5020,2987,1290,249,22,9568,160080,5473,6548,6594,7163,7100,7191,8238,9350,10231,11427,11043,10142,10594,10750,12273,8505,7096,5754,3332,1129,147,17458
2023,2023-01-01,07204,072044,福島県,いわき市,city,07204,307930,9678,12183,12645,14006,13224,13333,14355,16598,18420,21831,21677,20248,21200,22186,25978,17853,14956,10392,5358,1593,216,32515,151567,4890,6242,6548,7153,6928,7198,7608,8700,9589,11523,11322,10306,10668,11025,12459,8098,6162,3434,1418,272,24,11310,156363,4788,5941,6097,6853,6296,6135,6747,7898,8831,10308,10355,9942,10532,11161,13519,9755,8794,6958,3940,1321,192,21205
2023,2023-01-01,07205,072052,福島県,白河市,city,07205,58021,1767,2309,2547,2818,2713,2519,2677,3347,3644,4173,3718,3643,4123,4424,4809,2974,2407,1971,1082,307,49,5816,28984,900,1162,1340,1444,1471,1396,1463,1755,1939,2213,1920,1914,2025,2233,2335,1365,1041,692,308,65,3,2109,29037,867,1147,1207,1374,1242,1123,1214,1592,1705,1960,1798,1729,2098,2191,2474,1609,1366,1279,774,242,46,3707
2023,2023-01-01,07207,072079,福島県,須賀川市,city,07207,74197,2573,3164,3371,3662,3355,3154,3477,4406,4863,5338,4954,4747,5137,5524,5996,3760,2926,2191,1194,363,42,6716,36618,1307,1604,1738,1823,1841,1691,1819,2354,2456,2740,2559,2398,2572,2717,2885,1789,1186,738,338,56,7,2325,37579,1266,1560,1633,1839,1514,1463,1658,2052,2407,2598,2395,2349,2565,2807,3111,1971,1740,1453,856,307,35,4391
2023,2023-01-01,07208,072087,福島県,喜多方市,city,07208,44760,1300,1724,1854,1886,1620,1558,1932,2373,2488,2682,2499,2852,3446,3621,4037,2525,2416,2168,1293,430,56,6363,21647,672,868,946,974,843,823,999,1243,1317,1413,1262,1417,1778,1854,2021,1187,965,691,301,68,5,2030,23113,628,856,908,912,777,735,933,1130,1171,1269,1237,1435,1668,1767,2016,1338,1451,1477,992,362,51,4333
2023,2023-01-01,07209,072095,福島県,相馬市,city,07209,33094,1024,1411,1475,1554,1362,1433,1539,1825,2063,2221,2179,2040,2181,2442,2880,1911,1477,1206,643,200,28,3554,16440,519,745,766,801,744,781,881,991,1095,1199,1121,1033,1067,1199,1406,877,599,407,168,38,3,1215,16654,505,666,709,753,618,652,658,834,968,1022,1058,1007,1114,1243,1474,1034,878,799,475,162,25,2339
2023,2023-01-01,07210,072109,福島県,二本松市,city,07210,51673,1491,1914,1974,2273,2106,1980,2369,2765,3010,3284,3139,3198,3867,4435,4896,2904,2445,2045,1151,373,54,6068,25613,738,1002,1006,1164,1128,1060,1242,1483,1575,1754,1647,1629,1933,2193,2535,1375,1010,739,312,80,8,2149,26060,753,912,968,1109,978,920,1127,1282,1435,1530,1492,1569,1934,2242,2361,1529,1435,1306,839,293,46,3919
2023,2023-01-01,07211,072117,福島県,田村市,city,07211,33963,792,1180,1323,1426,1327,1243,1437,1729,1793,1824,2022,2358,2854,3019,3032,1894,1840,1592,922,309,47,4710,16809,394,590,653,740,705,648,775,922,950,987,1016,1237,1498,1539,1635,891,758,533,265,64,9,1629,17154,398,590,670,686,622,595,662,807,843,837,1006,1121,1356,1480,1397,1003,1082,1059,657,245,38,3081
2023,2023-01-01,07212,072125,福島県,南相馬市,city,07212,57044,1464,1807,1797,2287,2254,2371,2449,2757,3114,4006,3715,3615,4239,4610,5810,3663,2966,2310,1341,409,60,7086,28593,743,931,899,1161,1198,1357,1410,1489,1714,2156,2002,1937,2174,2327,2883,1678,1252,834,343,90,15,2534,28451,721,876,898,1126,1056,1014,1039,1268,1400,1850,1713,1678,2065,2283,2927,1985,1714,1476,998,319,45,4552
2023,2023-01-01,07213,072133,福島県,伊達市,city,07213,57113,1505,2036,2097,2468,2359,2051,2314,2821,3186,3684,3892,3729,4075,4474,5403,3698,3048,2409,1390,429,45,7321,27935,757,1024,1053,1257,1200,1069,1214,1491,1647,1949,2009,1868,2049,2246,2669,1753,1280,894,412,90,4,2680,29178,748,1012,1044,1211,1159,982,1100,1330,1539,1735,1883,1861,2026,2228,2734,1945,1768,1515,978,339,41,4641
2023,2023-01-01,07214,072141,福島県,本宮市,city,07214,29732,1030,1336,1371,1487,1314,1314,1480,1899,2104,2122,1867,1874,1995,2090,2257,1349,1163,922,564,172,22,2843,14739,518,698,726,773,712,682,797,972,1107,1099,956,950,1011,1020,1104,632,472,330,138,40,2,982,14993,512,638,645,714,602,632,683,927,997,1023,911,924,984,1070,1153,717,691,592,426,132,20,1861
2023,2023-01-01,07300,073008,福島県,伊達郡,gun_agg,,31355,642,891,1063,1307,1171,971,1117,1410,1711,2001,1923,1928,2268,2626,3431,2308,1899,1501,856,286,45,4587,15394,336,424,549,660,589,543,604,761,893,1064,978,984,1160,1301,1744,1118,823,563,244,49,7,1686,15961,306,467,514,647,582,428,513,649,818,937,945,944,1108,1325,1687,1190,1076,938,612,237,38,2901
2023,2023-01-01,07301,073016,福島県,伊達郡桑折町,town,07301,11198,308,393,420,496,413,383,447,557,641,756,713,681,765,855,1058,793,632,492,282,101,12,1519,5459,165,187,215,246,214,213,239,295,318,398,365,338,382,403,531,365,295,186,83,19,2,585,5739,143,206,205,250,199,170,208,262,323,358,348,343,383,452,527,428,337,306,199,82,10,934
2023,2023-01-01,07303,073032,福島県,伊達郡国見町,town,07303,8338,150,216,285,353,292,262,274,350,442,527,524,502,578,707,978,665,527,398,231,69,8,1233,4032,73,106,151,178,135,145,135,191,238,259,272,250,290,367,469,321,228,154,60,9,1,452,4306,77,110,134,175,157,117,139,159,204,268,252,252,288,340,509,344,299,244,171,60,7,781
2023,2023-01-01,07308,073083,福島県,伊達郡川俣町,town,07308,11819,184,282,358,458,466,326,396,503,628,718,686,745,925,1064,1395,850,740,611,343,116,25,1835,5903,98,131,183,236,240,185,230,275,337,407,341,396,488,531,744,432,300,223,101,21,4,649,5916,86,151,175,222,226,141,166,228,291,311,345,349,437,533,651,418,440,388,242,95,21,1186
2023,2023-01-01,07320,073202,福島県,安達郡,gun_agg,,8722,397,476,437,385,352,386,542,583,610,613,485,459,593,637,682,376,266,240,161,41,1,709,4329,201,233,214,208,202,194,276,294,318,334,253,227,280,318,349,200,102,78,41,6,1,228,4393,196,243,223,177,150,192,266,289,292,279,232,232,313,319,333,176,164,162,120,35,0,481
2023,2023-01-01,07322,073229,福島県,安達郡大玉村,village,07322,8722,397,476,437,385,352,386,542,583,610,613,485,459,593,637,682,376,266,240,161,41,1,709,4329,201,233,214,208,202,194,276,294,318,334,253,227,280,318,349,200,102,78,41,6,1,228,4393,196,243,223,177,150,192,266,289,292,279,232,232,313,319,333,176,164,162,120,35,0,481
2023,2023-01-01,07340,073407,福島県,岩瀬郡,gun_agg,,17693,576,770,791,865,778,729,870,1104,1126,1257,1033,973,1277,1412,1501,889,728,609,289,99,17,1742,8797,296,386,442,458,427,371,458,581,626,633,547,496,632,701,759,432,305,172,62,11,2,552,8896,280,384,349,407,351,358,412,523,500,624,486,477,645,711,742,457,423,437,227,88,15,1190
2023,2023-01-01,07342,073423,福島県,岩瀬郡鏡石町,town,07342,12467,442,601,594,636,560,550,654,800,848,934,792,678,805,876,968,621,507,349,180,60,12,1108,6161,226,301,324,333,306,269,344,418,468,471,420,346,392,424,468,291,213,102,37,7,1,360,6306,216,300,270,303,254,281,310,382,380,463,372,332,413,452,500,330,294,247,143,53,11,748
2023,2023-01-01,07344,073440,福島県,岩瀬郡天栄村,village,07344,5226,134,169,197,229,218,179,216,304,278,323,241,295,472,536,533,268,221,260,109,39,5,634,2636,70,85,118,125,121,102,114,163,158,162,127,150,240,277,291,141,92,70,25,4,1,192,2590,64,84,79,104,97,77,102,141,120,161,114,145,232,259,242,127,129,190,84,35,4,442
2023,2023-01-01,07360,073601,福島県,南会津郡,gun_agg,,23627,459,677,841,915,713,641,785,923,1068,1235,1491,1519,1862,2100,2255,1699,1653,1526,895,315,55,4444,11715,244,326,433,502,400,407,435,476,579,660,804,830,976,1076,1183,820,665,564,261,65,9,1564,11912,215,351,408,413,313,234,350,447,489,575,687,689,886,1024,1072,879,988,962,634,250,46,2880
2023,2023-01-01,07362,073628,福島県,南会津郡下郷町,town,07362,5103,81,140,180,198,159,136,142,173,216,271,282,334,456,490,510,383,335,343,194,70,10,952,2542,48,63,85,112,85,85,77,80,112,146,149,182,251,258,281,198,133,132,52,12,1,330,2561,33,77,95,86,74,51,65,93,104,125,133,152,205,232,229,185,202,211,142,58,9,622
2023,2023-01-01,07364,073644,福島県,南会津郡檜枝岐村,village,07364,519,12,27,25,18,21,12,22,29,18,32,38,28,39,43,36,27,39,27,19,7,0,92,272,5,19,11,10,13,6,11,14,14,14,25,17,17,24,19,10,18,13,9,3,0,43,247,7,8,14,8,8,6,11,15,4,18,13,11,22,19,17,17,21,14,10,4,0,49
2023,2023-01-01,07367,073679,福島県,南会津郡只見町,town,07367,3911,92,108,122,167,106,89,115,135,184,201,234,230,248,330,377,289,329,294,196,56,9,884,1936,52,63,67,96,57,56,66,80,106,106,112,137,124,167,183,141,143,109,57,12,2,323,1975,40,45,55,71,49,33,49,55,78,95,122,93,124,163,194,148,186,185,139,44,7,561
2023,2023-01-01,07368,073687,福島県,南会津郡南会津町,town,07368,14094,274,402,514,532,427,404,506,586,650,731,937,927,1119,1237,1332,1000,950,862,486,182,36,2516,6965,139,181,270,284,245,260,281,302,347,394,518,494,584,627,700,471,371,310,143,38,6,868,7129,135,221,244,248,182,144,225,284,303,337,419,433,535,610,632,529,579,552,343,144,30,1648
2023,2023-01-01,07400,074004,福島県,耶麻郡,gun_agg,,24427,562,827,945,927,795,758,887,1106,1275,1380,1293,1485,1950,2256,2520,1489,1527,1343,769,282,51,3972,12017,278,425,482,464,453,409,486,600,701,728,678,760,998,1185,1311,734,614,448,210,49,4,1325,12410,284,402,463,463,342,349,401,506,574,652,615,725,952,1071,1209,755,913,895,559,233,47,2647
2023,2023-01-01,07402,074021,福島県,耶麻郡北塩原村,village,07402,2441,45,63,103,104,84,63,79,104,136,143,153,159,204,270,261,141,144,103,59,20,3,329,1241,16,38,55,61,54,27,48,53,75,77,85,85,111,146,126,76,58,32,15,3,0,108,1200,29,25,48,43,30,36,31,51,61,66,68,74,93,124,135,65,86,71,44,17,3,221
2023,2023-01-01,07405,074055,福島県,耶麻郡西会津町,town,07405,5666,115,158,173,151,161,168,202,201,215,264,257,360,493,543,615,403,421,408,256,86,16,1187,2776,51,71,92,67,89,94,111,106,126,143,147,176,268,296,341,200,177,136,70,13,2,398,2890,64,87,81,84,72,74,91,95,89,121,110,184,225,247,274,203,244,272,186,73,14,789
2023,2023-01-01,07407,074071,福島県,耶麻郡磐梯町,town,07407,3274,108,145,142,143,113,94,125,204,211,173,156,179,245,280,325,161,195,149,86,35,5,470,1617,53,69,72,72,60,46,70,107,119,93,78,93,137,139,171,84,79,53,18,4,0,154,1657,55,76,70,71,53,48,55,97,92,80,78,86,108,141,154,77,116,96,68,31,5,316
2023,2023-01-01,07408,074080,福島県,耶麻郡猪苗代町,town,07408,13046,294,461,527,529,437,433,481,597,713,800,727,787,1008,1163,1319,784,767,683,368,141,27,1986,6383,158,247,263,264,250,242,257,334,381,415,368,406,482,604,673,374,300,227,107,29,2,665,6663,136,214,264,265,187,191,224,263,332,385,359,381,526,559,646,410,467,456,261,112,25,1321
2023,2023-01-01,07420,074209,福島県,河沼郡,gun_agg,,20765,587,752,843,915,760,677,795,1019,1163,1258,1141,1285,1504,1895,1975,1220,1093,1000,626,225,32,2976,10132,323,395,438,481,399,360,428,574,603,671,596,611,769,940,1003,578,434,350,133,42,4,963,10633,264,357,405,434,361,317,367,445,560,587,545,674,735,955,972,642,659,650,493,183,28,2013
2023,2023-01-01,07421,074217,福島県,河沼郡会津坂下町,town,07421,14675,402,520,581,647,550,519,574,739,841,907,797,927,1099,1356,1372,831,754,685,412,142,20,2013,7139,213,270,292,340,279,272,318,423,437,487,418,432,563,657,704,390,301,240,79,22,2,644,7536,189,250,289,307,271,247,256,316,404,420,379,495,536,699,668,441,453,445,333,120,18,1369
2023,2023-01-01,07422,074225,福島県,河沼郡湯川村,village,07422,3065,117,131,147,151,132,92,117,149,177,207,184,184,198,261,279,176,136,116,80,30,1,363,1497,71,64,92,77,73,47,49,75,90,107,98,92,92,131,135,84,55,38,18,9,0,120,1568,46,67,55,74,59,45,68,74,87,100,86,92,106,130,144,92,81,78,62,21,1,243
2023,2023-01-01,07423,074233,福島県,河沼郡柳津町,town,07423,3025,68,101,115,117,78,66,104,131,145,144,160,174,207,278,324,213,203,199,134,53,11,600,1496,39,61,54,64,47,41,61,76,76,77,80,87,114,152,164,104,78,72,36,11,2,199,1529,29,40,61,53,31,25,43,55,69,67,80,87,93,126,160,109,125,127,98,42,9,401
2023,2023-01-01,07440,074403,福島県,大沼郡,gun_agg,,23225,537,745,780,904,729,656,843,1142,1155,1201,1147,1390,1861,2216,2407,1524,1412,1369,880,282,45,3988,11322,275,389,400,472,410,373,450,613,643,631,608,690,951,1136,1242,743,557,452,219,62,6,1296,11903,262,356,380,432,319,283,393,529,512,570,539,700,910,1080,1165,781,855,917,661,220,39,2692
2023,2023-01-01,07444,074446,福島県,大沼郡三島町,town,07444,1407,21,37,26,41,50,29,41,52,61,56,54,76,95,130,190,117,114,111,74,30,2,331,714,12,23,10,24,33,17,27,26,35,34,32,47,54,64,105,57,46,33,26,8,1,114,693,9,14,16,17,17,12,14,26,26,22,22,29,41,66,85,60,68,78,48,22,1,217
2023,2023-01-01,07445,074454,福島県,大沼郡金山町,town,07445,1791,28,23,23,62,35,29,44,46,48,59,77,94,117,170,209,174,180,194,121,46,12,553,879,20,10,16,32,18,13,26,26,27,44,46,46,62,92,121,83,67,79,36,14,1,197,912,8,13,7,30,17,16,18,20,21,15,31,48,55,78,88,91,113,115,85,32,11,356
2023,2023-01-01,07446,074462,福島県,大沼郡昭和村,village,07446,1137,23,20,20,24,22,23,45,46,39,49,52,41,85,117,111,104,83,114,78,36,5,316,555,12,9,11,12,13,16,23,25,23,22,26,22,55,64,63,45,38,38,24,12,2,114,582,11,11,9,12,9,7,22,21,16,27,26,19,30,53,48,59,45,76,54,24,3,202
2023,2023-01-01,07447,074471,福島県,大沼郡会津美里町,town,07447,18890,465,665,711,777,622,575,713,998,1007,1037,964,1179,1564,1799,1897,1129,1035,950,607,170,26,2788,9174,231,347,363,404,346,327,374,536,558,531,504,575,780,916,953,558,406,302,133,28,2,871,9716,234,318,348,373,276,248,339,462,449,506,460,604,784,883,944,571,629,648,474,142,24,1917
2023,2023-01-01,07460,074608,福島県,西白河郡,gun_agg,,47719,1712,2158,2266,2217,2130,2079,2428,3072,3207,3316,2980,2665,3424,3601,3765,2387,1857,1395,816,220,24,4312,23925,894,1069,1179,1117,1183,1116,1289,1618,1730,1765,1571,1397,1687,1799,1869,1146,825,436,192,38,5,1496,23794,818,1089,1087,1100,947,963,1139,1454,1477,1551,1409,1268,1737,1802,1896,1241,1032,959,624,182,19,2816
2023,2023-01-01,07461,074616,福島県,西白河郡西郷村,village,07461,20039,797,988,973,926,974,991,1183,1406,1440,1424,1259,1122,1391,1397,1434,890,628,471,276,60,9,1444,10174,419,499,520,459,532,510,621,746,800,765,671,602,674,690,717,444,289,140,58,15,3,505,9865,378,489,453,467,442,481,562,660,640,659,588,520,717,707,717,446,339,331,218,45,6,939
2023,2023-01-01,07464,074641,福島県,西白河郡泉崎村,village,07464,6096,191,249,300,288,248,198,259,348,383,392,353,339,481,562,532,319,280,211,126,33,4,654,3054,108,116,150,151,152,98,144,172,205,211,192,165,240,284,285,152,124,63,34,6,2,229,3042,83,133,150,137,96,100,115,176,178,181,161,174,241,278,247,167,156,148,92,27,2,425
2023,2023-01-01,07465,074659,福島県,西白河郡中島村,village,07465,4826,158,219,222,243,178,184,195,291,344,330,253,304,378,383,373,252,186,173,114,44,2,519,2352,79,95,115,115,105,108,102,147,180,178,113,150,191,194,196,119,76,51,31,7,0,165,2474,79,124,107,128,73,76,93,144,164,152,140,154,187,189,177,133,110,122,83,37,2,354
2023,2023-01-01,07466,074667,福島県,西白河郡矢吹町,town,07466,16758,566,702,771,760,730,706,791,1027,1040,1170,1115,900,1174,1259,1426,926,763,540,300,83,9,1695,8345,288,359,394,392,394,400,422,553,545,611,595,480,582,631,671,431,336,182,69,10,0,597,8413,278,343,377,368,336,306,369,474,495,559,520,420,592,628,755,495,427,358,231,73,9,1098
2023,2023-01-01,07480,074802,福島県,東白川郡,gun_agg,,29543,738,1129,1273,1336,1126,1087,1179,1483,1642,1698,1618,1886,2319,2659,2748,1615,1516,1386,803,274,28,4007,14636,379,565,642,667,629,595,637,809,865,920,838,967,1183,1342,1432,781,631,472,230,51,1,1385,14907,359,564,631,669,497,492,542,674,777,778,780,919,1136,1317,1316,834,885,914,573,223,27,2622
2023,2023-01-01,07481,074811,福島県,東白川郡棚倉町,town,07481,13136,360,523,628,640,581,537,564,722,796,822,817,807,952,1069,1099,708,592,516,285,109,9,1511,6475,183,258,320,305,335,303,299,383,411,445,416,418,471,542,545,336,243,170,75,17,0,505,6661,177,265,308,335,246,234,265,339,385,377,401,389,481,527,554,372,349,346,210,92,9,1006
2023,2023-01-01,07482,074829,福島県,東白川郡矢祭町,town,07482,5318,120,224,207,219,155,175,190,256,287,270,244,336,444,507,557,309,298,276,183,57,4,818,2616,54,118,96,110,86,91,116,139,157,142,123,166,249,258,287,150,129,94,44,7,0,274,2702,66,106,111,109,69,84,74,117,130,128,121,170,195,249,270,159,169,182,139,50,4,544
2023,2023-01-01,07483,074837,福島県,東白川郡塙町,town,07483,8080,195,292,313,347,299,275,315,364,405,457,426,548,648,755,794,430,454,435,237,82,9,1217,4010,103,146,170,177,168,139,160,206,212,240,229,285,322,382,428,217,176,153,76,21,0,426,4070,92,146,143,170,131,136,155,158,193,217,197,263,326,373,366,213,278,282,161,61,9,791
2023,2023-01-01,07484,074845,福島県,東白川郡鮫川村,village,07484,3009,63,90,125,130,91,100,110,141,154,149,131,195,275,328,298,168,172,159,98,26,6,461,1535,39,43,56,75,40,62,62,81,85,93,70,98,141,160,172,78,83,55,35,6,1,180,1474,24,47,69,55,51,38,48,60,69,56,61,97,134,168,126,90,89,104,63,20,5,281
2023,2023-01-01,07500,075001,福島県,石川郡,gun_agg,,36472,848,1184,1575,1703,1416,1177,1402,1820,1999,2226,2105,2396,2939,3397,3563,2031,1848,1584,921,292,46,4691,18290,414,638,794,927,734,650,766,990,1086,1206,1106,1247,1533,1736,1824,1000,775,549,256,54,5,1639,18182,434,546,781,776,682,527,636,830,913,1020,999,1149,1406,1661,1739,1031,1073,1035,665,238,41,3052
2023,2023-01-01,07501,075019,福島県,石川郡石川町,town,07501,14037,309,417,587,642,532,440,559,667,695,875,847,903,1081,1300,1437,869,771,627,352,112,15,1877,7016,158,211,310,365,266,242,295,351,373,478,442,477,566,662,729,418,336,212,106,18,1,673,7021,151,206,277,277,266,198,264,316,322,397,405,426,515,638,708,451,435,415,246,94,14,1204
2023,2023-01-01,07502,075027,福島県,石川郡玉川村,village,07502,6263,193,246,270,319,274,241,262,336,393,435,352,373,469,508,619,306,250,225,125,58,9,667,3136,92,142,121,179,138,133,136,179,196,245,186,196,231,250,319,161,114,78,30,9,1,232,3127,101,104,149,140,136,108,126,157,197,190,166,177,238,258,300,145,136,147,95,49,8,435
2023,2023-01-01,07503,075035,福島県,石川郡平田村,village,07503,5519,116,187,234,240,193,166,218,297,315,319,292,421,516,592,518,259,255,209,129,34,9,636,2792,59,101,117,122,99,95,127,166,176,178,158,218,275,304,268,131,93,65,29,8,3,198,2727,57,86,117,118,94,71,91,131,139,141,134,203,241,288,250,128,162,144,100,26,6,438
2023,2023-01-01,07504,075043,福島県,石川郡浅川町,town,07504,5947,140,209,275,296,265,188,220,319,370,344,357,381,461,500,518,345,320,255,138,40,6,759,2995,64,117,146,160,147,106,124,173,207,171,188,191,240,242,272,170,138,97,36,6,0,277,2952,76,92,129,136,118,82,96,146,163,173,169,190,221,258,246,175,182,158,102,34,6,482
2023,2023-01-01,07505,075051,福島県,石川郡古殿町,town,07505,4706,90,125,209,206,152,142,143,201,226,253,257,318,412,497,471,252,252,268,177,48,7,752,2351,41,67,100,101,84,74,84,121,134,134,132,165,221,278,236,120,94,97,55,13,0,259,2355,49,58,109,105,68,68,59,80,92,119,125,153,191,219,235,132,158,171,122,35,7,493
2023,2023-01-01,07520,075205,福島県,田村郡,gun_agg,,25588,648,951,1027,1090,976,830,1034,1340,1475,1586,1494,1754,2046,2345,2363,1443,1287,1088,606,178,27,3186,12720,333,485,544,581,528,444,557,690,820,828,732,903,1042,1189,1215,700,518,396,176,36,3,1129,12868,315,466,483,509,448,386,477,650,655,758,762,851,1004,1156,1148,743,769,692,430,142,24,2057
2023,2023-01-01,07521,075213,福島県,田村郡三春町,town,07521,16411,465,633,658,681,624,545,698,893,994,1020,987,1094,1267,1458,1552,929,795,652,355,97,14,1913,8190,247,323,355,368,329,285,369,443,554,531,495,559,651,749,794,442,325,241,103,25,2,696,8221,218,310,303,313,295,260,329,450,440,489,492,535,616,709,758,487,470,411,252,72,12,1217
2023,2023-01-01,07522,075221,福島県,田村郡小野町,town,07522,9177,183,318,369,409,352,285,336,447,481,566,507,660,779,887,811,514,492,436,251,81,13,1273,4530,86,162,189,213,199,159,188,247,266,297,237,344,391,440,421,258,193,155,73,11,1,433,4647,97,156,180,196,153,126,148,200,215,269,270,316,388,447,390,256,299,281,178,70,12,840
2023,2023-01-01,07540,075400,福島県,双葉郡,gun_agg,,57403,1300,1951,2105,2375,2489,2503,2504,2950,3224,3653,3484,3748,4586,5044,5419,3360,2719,2179,1348,405,57,6708,29050,660,984,1127,1219,1338,1375,1392,1636,1775,1995,1906,1914,2360,2628,2767,1630,1172,740,343,82,7,2344,28353,640,967,978,1156,1151,1128,1112,1314,1449,1658,1578,1834,2226,2416,2652,1730,1547,1439,1005,323,50,4364
2023,2023-01-01,07541,075418,福島県,双葉郡広野町,town,07541,4606,111,127,237,225,219,208,212,226,243,276,297,309,373,411,438,262,185,146,77,19,5,432,2433,58,66,143,115,121,133,132,122,137,167,167,174,188,230,209,122,81,50,16,2,0,149,2173,53,61,94,110,98,75,80,104,106,109,130,135,185,181,229,140,104,96,61,17,5,283
2023,2023-01-01,07542,075426,福島県,双葉郡楢葉町,town,07542,6529,175,223,184,228,293,305,320,321,351,385,378,478,553,556,616,371,327,253,159,46,7,792,3384,95,105,88,112,168,192,183,174,196,217,214,259,300,306,324,167,146,88,37,11,2,284,3145,80,118,96,116,125,113,137,147,155,168,164,219,253,250,292,204,181,165,122,35,5,508
2023,2023-01-01,07543,075434,福島県,双葉郡富岡町,town,07543,11653,239,404,394,442,504,534,485,594,657,854,854,820,920,992,1062,685,511,405,222,65,10,1213,6041,112,199,219,224,270,311,264,363,382,478,485,434,492,527,535,325,220,129,60,12,0,421,5612,127,205,175,218,234,223,221,231,275,376,369,386,428,465,527,360,291,276,162,53,10,792
2023,2023-01-01,07544,075442,福島県,双葉郡川内村,village,07544,2330,31,66,52,73,79,73,93,122,98,111,97,143,206,243,255,148,139,152,109,35,5,440,1189,11,37,24,42,54,48,53,73,49,65,51,73,108,138,133,76,61,54,32,7,0,154,1141,20,29,28,31,25,25,40,49,49,46,46,70,98,105,122,72,78,98,77,28,5,286
2023,2023-01-01,07545,075451,福島県,双葉郡大熊町,town,07545,9958,280,474,495,535,506,496,499,618,646,713,591,571,684,753,778,492,358,241,171,53,4,827,4981,153,252,254,274,273,244,269,319,343,370,302,288,343,378,375,251,152,87,41,13,0,293,4977,127,222,241,261,233,252,230,299,303,343,289,283,341,375,403,241,206,154,130,40,4,534
2023,2023-01-01,07546,075469,福島県,双葉郡双葉町,town,07546,5510,125,181,197,259,217,255,227,253,317,359,304,316,416,488,532,340,285,227,163,44,5,724,2675,50,88,110,137,120,125,121,144,167,183,153,144,208,244,287,155,122,71,41,4,1,239,2835,75,93,87,122,97,130,106,109,150,176,151,172,208,244,245,185,163,156,122,40,4,485
2023,2023-01-01,07547,075477,福島県,双葉郡浪江町,town,07547,15528,300,435,517,560,623,577,609,746,836,883,906,1044,1326,1485,1609,983,849,685,404,132,19,2089,7680,161,225,277,285,304,287,337,397,459,474,502,506,669,745,826,487,366,236,103,31,3,739,7848,139,210,240,275,319,290,272,349,377,409,404,538,657,740,783,496,483,449,301,101,16,1350
2023,2023-01-01,07548,075485,福島県,双葉郡葛尾村,village,07548,1289,39,41,29,53,48,55,59,70,76,72,57,67,108,116,129,79,65,70,43,11,2,191,667,20,12,12,30,28,35,33,44,42,41,32,36,52,60,78,47,24,25,13,2,1,65,622,19,29,17,23,20,20,26,26,34,31,25,31,56,56,51,32,41,45,30,9,1,126
2023,2023-01-01,07560,075604,福島県,相馬郡,gun_agg,,12446,337,500,459,535,479,443,552,652,689,802,681,668,953,1152,1202,748,603,528,329,112,22,1594,6281,182,255,234,285,261,247,292,358,396,442,358,339,473,598,626,383,273,174,80,23,2,552,6165,155,245,225,250,218,196,260,294,293,360,323,329,480,554,576,365,330,354,249,89,20,1042
2023,2023-01-01,07561,075612,福島県,相馬郡新地町,town,07561,7676,269,342,325,360,311,296,354,451,442,541,439,405,493,617,705,447,339,279,180,71,10,879,3863,147,183,174,196,173,167,184,243,245,292,225,205,239,305,341,230,161,96,43,13,1,314,3813,122,159,151,164,138,129,170,208,197,249,214,200,254,312,364,217,178,183,137,58,9,565
2023,2023-01-01,07564,075647,福島県,相馬郡飯舘村,village,07564,4770,68,158,134,175,168,147,198,201,247,261,242,263,460,535,497,301,264,249,149,41,12,715,2418,35,72,60,89,88,80,108,115,151,150,133,134,234,293,285,153,112,78,37,10,1,238,2352,33,86,74,86,80,67,90,86,96,111,109,129,226,242,212,148,152,171,112,31,11,477
2023,2023-01-01,08000,080004,茨城県,,pref,,2800238,88788,110501,121767,128498,129874,123593,133338,158141,176915,210398,210331,177961,172240,188806,226469,171361,131898,83063,41758,12788,1750,271257,1402585,45399,56915,62655,66054,68698,66763,71475,83256,92994,110593,110508,92024,86930,93700,109015,79991,59210,31824,11889,2501,191,105615,1397653,43389,53586,59112,62444,61176,56830,61863,74885,83921,99805,99823,85937,85310,95106,117454,91370,72688,51239,29869,10287,1559,165642
2023,2023-01-01,08201,082015,茨城県,水戸市,city,08201,266245,9934,11514,11771,12242,12668,12961,14194,16470,17637,20509,20533,17432,15792,15565,18043,14235,11385,7934,3981,1269,176,24745,130584,5098,5949,6040,6341,6454,6738,7270,8466,8944,10501,10517,8793,7849,7646,8378,6406,4815,2948,1144,266,21,9194,135661,4836,5565,5731,5901,6214,6223,6924,8004,8693,10008,10016,8639,7943,7919,9665,7829,6570,4986,2837,1003,155,15551
2023,2023-01-01,08202,082023,茨城県,日立市,city,08202,168279,4344,5394,6456,7742,8184,7062,7116,8055,8981,12010,14134,11797,10409,10755,13699,11413,10846,6320,2661,763,138,20728,84252,2234,2687,3349,3989,4461,3961,4002,4391,4773,6231,7295,6283,5283,5282,6409,5043,4916,2667,818,161,17,8579,84027,2110,2707,3107,3753,3723,3101,3114,3664,4208,5779,6839,5514,5126,5473,7290,6370,5930,3653,1843,602,121,12149
2023,2023-01-01,08203,082031,茨城県,土浦市,city,08203,136537,4070,4926,5577,6183,6906,6989,6925,7502,8590,10466,10671,8682,7838,8319,10515,8861,6661,4136,2077,558,85,13517,68427,2110,2632,2823,3262,3542,3851,3781,3975,4598,5568,5628,4502,3931,4130,4896,4032,2912,1524,629,92,9,5166,68110,1960,2294,2754,2921,3364,3138,3144,3527,3992,4898,5043,4180,3907,4189,5619,4829,3749,2612,1448,466,76,8351
2023,2023-01-01,08204,082040,茨城県,古河市,city,08204,136640,4220,5318,5832,6291,6441,6433,6819,7743,8670,10107,10361,8784,8713,9445,11021,8300,6214,3676,1711,480,61,12142,68652,2121,2709,2960,3248,3331,3393,3654,4172,4735,5320,5503,4532,4429,4676,5252,3898,2769,1351,497,93,9,4719,67988,2099,2609,2872,3043,3110,3040,3165,3571,3935,4787,4858,4252,4284,4769,5769,4402,3445,2325,1214,387,52,7423
2023,2023-01-01,08205,082058,茨城県,石岡市,city,08205,70508,1966,2487,2740,3081,3127,2888,2979,3571,4102,5017,5145,4605,4730,5280,6094,4586,3784,2519,1323,422,62,8110,35128,998,1287,1436,1581,1661,1549,1602,1910,2150,2612,2717,2394,2368,2686,2926,2119,1671,973,405,76,7,3132,35380,968,1200,1304,1500,1466,1339,1377,1661,1952,2405,2428,2211,2362,2594,3168,2467,2113,1546,918,346,55,4978
2023,2023-01-01,08207,082074,茨城県,結城市,city,08207,47812,1305,1889,2141,2253,2023,1799,2102,2719,3238,3740,3534,2893,2810,3496,4120,3098,2279,1435,685,223,30,4652,23975,655,972,1100,1136,1058,977,1107,1419,1745,1986,1922,1514,1401,1700,1988,1456,1007,581,191,57,3,1839,23837,650,917,1041,1117,965,822,995,1300,1493,1754,1612,1379,1409,1796,2132,1642,1272,854,494,166,27,2813
2023,2023-01-01,08208,082082,茨城県,龍ケ崎市,city,08208,73338,1895,2621,3039,3570,3806,3055,3125,3540,4384,5599,5809,4980,4940,5226,6355,4889,3366,1945,888,259,47,6505,36491,983,1345,1546,1826,2052,1595,1656,1807,2327,2880,3027,2531,2380,2575,3124,2307,1521,725,233,47,4,2530,36847,912,1276,1493,1744,1754,1460,1469,1733,2057,2719,2782,2449,2560,2651,3231,2582,1845,1220,655,212,43,3975
2023,2023-01-01,08210,082104,茨城県,下妻市,city,08210,39977,1163,1592,1772,1902,1843,1726,1866,2132,2501,3042,3017,2528,2561,3012,3282,2300,1616,1191,686,211,34,3738,20152,617,809,948,960,965,917,997,1147,1328,1647,1582,1301,1323,1496,1637,1074,710,478,171,44,1,1404,19825,546,783,824,942,878,809,869,985,1173,1395,1435,1227,1238,1516,1645,1226,906,713,515,167,33,2334
2023,2023-01-01,08211,082112,茨城県,常総市,city,08211,55648,1378,1940,2385,2680,2602,2312,2294,2819,3327,4371,4189,3494,3453,4116,5014,3584,2655,1794,914,293,34,5690,28014,726,984,1243,1374,1375,1263,1239,1491,1796,2363,2243,1854,1795,2050,2402,1742,1149,646,222,56,1,2074,27634,652,956,1142,1306,1227,1049,1055,1328,1531,2008,1946,1640,1658,2066,2612,1842,1506,1148,692,237,33,3616
2023,2023-01-01,08212,082121,茨城県,常陸太田市,city,08212,48007,1055,1440,1554,1803,1729,1528,1807,2227,2282,2706,3079,3441,4126,4469,4678,3236,2826,2141,1370,462,48,6847,23625,538,748,816,911,899,796,943,1185,1181,1451,1547,1682,2054,2287,2392,1572,1307,811,403,97,5,2623,24382,517,692,738,892,830,732,864,1042,1101,1255,1532,1759,2072,2182,2286,1664,1519,1330,967,365,43,4224
2023,2023-01-01,08214,082147,茨城県,高萩市,city,08214,26644,653,866,1021,1078,1057,938,1061,1316,1572,1781,1819,1671,1828,2253,2708,1895,1599,887,463,154,24,3127,13260,330,438,524,562,571,520,563,713,813,949,968,828,894,1104,1328,903,759,326,138,25,4,1252,13384,323,428,497,516,486,418,498,603,759,832,851,843,934,1149,1380,992,840,561,325,129,20,1875
2023,2023-01-01,08215,082155,茨城県,北茨城市,city,08215,40867,1080,1405,1609,1724,1567,1490,1727,2121,2275,2523,2677,2728,3263,3487,3963,2584,2036,1494,816,263,35,4644,20465,567,728,800,879,852,814,951,1145,1216,1350,1371,1363,1717,1760,1974,1277,889,535,226,46,5,1701,20402,513,677,809,845,715,676,776,976,1059,1173,1306,1365,1546,1727,1989,1307,1147,959,590,217,30,2943
2023,2023-01-01,08216,082163,茨城県,笠間市,city,08216,72838,2101,2799,3054,3200,3060,2847,3228,3893,4414,5209,5247,4811,4885,5494,6407,4587,3555,2309,1291,388,59,7602,35866,1051,1460,1565,1651,1622,1479,1698,1980,2278,2776,2686,2412,2475,2657,3104,2118,1545,886,344,69,10,2854,36972,1050,1339,1489,1549,1438,1368,1530,1913,2136,2433,2561,2399,2410,2837,3303,2469,2010,1423,947,319,49,4748
2023,2023-01-01,08217,082171,茨城県,取手市,city,08217,103974,2865,3523,3952,4175,4205,4092,4395,5347,6349,7888,8106,6556,5846,6705,9575,8687,6705,3321,1259,368,55,11708,51358,1446,1841,2008,2171,2159,2129,2313,2708,3381,4135,4322,3407,2910,3170,4395,3949,3108,1393,341,68,4,4914,52616,1419,1682,1944,2004,2046,1963,2082,2639,2968,3753,3784,3149,2936,3535,5180,4738,3597,1928,918,300,51,6794
2023,2023-01-01,08219,082198,茨城県,牛久市,city,08219,82720,2464,3408,4063,4049,3634,3378,3448,4576,5628,6940,6387,4998,4566,4909,7005,5980,3959,2090,932,265,41,7287,40903,1286,1726,2025,2061,1833,1759,1792,2358,2821,3560,3372,2506,2297,2321,3215,2827,1905,868,296,72,3,3144,41817,1178,1682,2038,1988,1801,1619,1656,2218,2807,3380,3015,2492,2269,2588,3790,3153,2054,1222,636,193,38,4143
2023,2023-01-01,08220,082201,茨城県,つくば市,city,08220,240112,11887,13104,12832,11913,13935,14297,15417,17539,18449,19727,17623,13811,11687,11218,13011,9732,6702,4249,2187,704,88,13930,122116,6078,6842,6650,6236,7592,7584,8143,9005,9511,10222,9188,7275,5963,5567,6193,4689,3027,1601,603,136,11,5378,117996,5809,6262,6182,5677,6343,6713,7274,8534,8938,9505,8435,6536,5724,5651,6818,5043,3675,2648,1584,568,77,8552
2023,2023-01-01,08221,082210,茨城県,ひたちなか市,city,08221,154389,5316,6381,7232,7433,7640,7418,8138,8926,9940,12163,13119,10438,8893,8431,10566,8510,7169,4281,1777,537,81,13845,77748,2777,3278,3694,3698,4085,4119,4449,4751,5187,6358,6844,5471,4517,4105,4888,3843,3280,1724,545,120,15,5684,76641,2539,3103,3538,3735,3555,3299,3689,4175,4753,5805,6275,4967,4376,4326,5678,4667,3889,2557,1232,417,66,8161
2023,2023-01-01,08222,082228,茨城県,鹿嶋市,city,08222,65255,2121,2689,2912,2848,2897,2886,3052,3636,4104,4923,4655,3698,3578,4631,5891,4629,3343,1733,781,218,30,6105,33496,1048,1385,1515,1443,1648,1664,1697,1946,2201,2641,2481,1991,1773,2335,2967,2228,1582,699,210,38,4,2533,31759,1073,1304,1397,1405,1249,1222,1355,1690,1903,2282,2174,1707,1805,2296,2924,2401,1761,1034,571,180,26,3572
2023,2023-01-01,08223,082236,茨城県,潮来市,city,08223,26506,697,947,1059,1186,1064,1014,1209,1381,1513,1818,1862,1735,1792,2095,2478,1791,1414,875,431,134,11,2865,13214,362,502,553,600,553,552,623,724,813,948,939,893,914,1044,1235,855,620,340,112,30,2,1104,13292,335,445,506,586,511,462,586,657,700,870,923,842,878,1051,1243,936,794,535,319,104,9,1761
2023,2023-01-01,08224,082244,茨城県,守谷市,city,08224,69152,2965,3570,3770,3601,3112,3017,3613,4763,5361,6000,5405,3985,3373,4009,4953,3591,2152,1103,573,197,39,4064,34705,1499,1847,1934,1854,1642,1589,1921,2398,2730,3036,2808,2073,1613,1859,2427,1784,1054,428,169,36,4,1691,34447,1466,1723,1836,1747,1470,1428,1692,2365,2631,2964,2597,1912,1760,2150,2526,1807,1098,675,404,161,35,2373
2023,2023-01-01,08225,082252,茨城県,常陸大宮市,city,08225,38984,886,1241,1468,1597,1489,1317,1555,1904,2046,2429,2523,2552,2919,3427,3689,2452,2126,1737,1173,407,47,5490,19438,423,625,757,816,793,727,804,1000,1114,1269,1318,1312,1528,1739,1940,1188,960,660,359,97,9,2085,19546,463,616,711,781,696,590,751,904,932,1160,1205,1240,1391,1688,1749,1264,1166,1077,814,310,38,3405
2023,2023-01-01,08226,082261,茨城県,那珂市,city,08226,53540,1666,2132,2281,2414,2196,2008,2426,3000,3348,3816,3967,3320,3481,3907,4477,3409,2665,1791,922,271,43,5692,26262,850,1056,1166,1216,1123,1066,1237,1556,1691,1962,2028,1650,1714,1931,2162,1598,1237,681,262,72,4,2256,27278,816,1076,1115,1198,1073,942,1189,1444,1657,1854,1939,1670,1767,1976,2315,1811,1428,1110,660,199,39,3436
2023,2023-01-01,08227,082279,茨城県,筑西市,city,08227,98257,2780,3575,4063,4421,4635,3997,4285,5174,5876,7437,7136,6207,6354,7521,8861,6073,4620,3062,1595,520,65,9862,48940,1368,1842,2083,2245,2393,2169,2327,2726,3158,3940,3741,3225,3246,3690,4303,2803,2025,1137,432,84,3,3681,49317,1412,1733,1980,2176,2242,1828,1958,2448,2718,3497,3395,2982,3108,3831,4558,3270,2595,1925,1163,436,62,6181
2023,2023-01-01,08228,082287,茨城県,坂東市,city,08228,49344,1336,1764,2162,2396,2302,1939,2139,2643,3024,3698,3675,3028,3253,3855,4525,3118,2176,1331,734,215,31,4487,25031,679,895,1099,1216,1226,1053,1193,1413,1607,1989,2051,1588,1618,1931,2245,1499,990,508,193,36,2,1729,24313,657,869,1063,1180,1076,886,946,1230,1417,1709,1624,1440,1635,1924,2280,1619,1186,823,541,179,29,2758
2023,2023-01-01,08229,082295,茨城県,稲敷市,city,08229,36931,718,1018,1316,1464,1408,1212,1381,1718,2024,2276,2565,2576,2903,3339,3844,2683,2012,1458,767,227,22,4486,18537,364,534,660,733,744,682,755,960,1109,1256,1354,1294,1505,1769,1900,1283,881,510,192,50,2,1635,18394,354,484,656,731,664,530,626,758,915,1020,1211,1282,1398,1570,1944,1400,1131,948,575,177,20,2851
2023,2023-01-01,08230,082309,茨城県,かすみがうら市,city,08230,38992,970,1372,1616,1898,1835,1616,1631,2071,2364,2944,2900,2449,2375,2818,3587,2558,1929,1207,638,200,14,3988,19830,497,728,851,983,1023,903,901,1132,1232,1603,1550,1261,1194,1416,1783,1195,896,472,184,26,0,1578,19162,473,644,765,915,812,713,730,939,1132,1341,1350,1188,1181,1402,1804,1363,1033,735,454,174,14,2410
2023,2023-01-01,08231,082317,茨城県,桜川市,city,08231,38504,817,1235,1551,1780,1609,1296,1503,1903,2266,2705,2682,2492,2949,3409,3620,2352,1791,1368,869,269,38,4335,19182,396,649,839,930,852,700,817,1028,1215,1444,1424,1266,1513,1725,1811,1060,751,499,216,43,4,1513,19322,421,586,712,850,757,596,686,875,1051,1261,1258,1226,1436,1684,1809,1292,1040,869,653,226,34,2822
2023,2023-01-01,08232,082325,茨城県,神栖市,city,08232,92011,3450,3905,4386,4412,4595,5204,5327,5846,6202,7397,7365,5816,5326,5617,6480,4564,3208,1820,807,254,30,6119,47630,1746,1985,2293,2295,2617,3017,2942,3206,3293,3941,3962,3083,2723,2890,3219,2106,1383,646,232,51,0,2312,44381,1704,1920,2093,2117,1978,2187,2385,2640,2909,3456,3403,2733,2603,2727,3261,2458,1825,1174,575,203,30,3807
2023,2023-01-01,08233,082333,茨城県,行方市,city,08233,31338,712,1042,1229,1297,1174,967,1165,1649,1834,2013,1953,1943,2423,2914,3107,1972,1553,1373,770,226,22,3944,15703,375,527,613,647,626,509,652,875,1015,1086,1054,1033,1208,1493,1587,985,675,481,217,41,4,1418,15635,337,515,616,650,548,458,513,774,819,927,899,910,1215,1421,1520,987,878,892,553,185,18,2526
2023,2023-01-01,08234,082341,茨城県,鉾田市,city,08234,44007,1122,1496,1737,1930,1723,1565,1664,2279,2564,2940,2909,2749,3055,3776,4415,2986,2318,1571,926,249,33,5097,22317,572,786,889,984,872,878,930,1233,1377,1600,1567,1418,1574,2015,2226,1437,1063,583,264,45,4,1959,21690,550,710,848,946,851,687,734,1046,1187,1340,1342,1331,1481,1761,2189,1549,1255,988,662,204,29,3138
2023,2023-01-01,08235,082350,茨城県,つくばみらい市,city,08235,52259,2284,3005,2770,2144,1989,2293,2778,3789,4201,4292,3588,2749,2533,2849,3833,3090,2073,1189,613,166,31,4072,26244,1205,1568,1408,1119,1023,1171,1428,1927,2186,2313,1962,1465,1230,1383,1776,1462,949,467,181,20,1,1618,26015,1079,1437,1362,1025,966,1122,1350,1862,2015,1979,1626,1284,1303,1466,2057,1628,1124,722,432,146,30,2454
2023,2023-01-01,08236,082368,茨城県,小美玉市,city,08236,47458,1487,1786,2044,2332,2221,2118,2207,2585,2962,3490,3388,2926,3068,3452,4012,2837,2173,1414,726,207,23,4543,23807,762,875,1072,1193,1162,1122,1212,1354,1575,1844,1781,1457,1588,1742,1956,1316,982,547,214,48,5,1796,23651,725,911,972,1139,1059,996,995,1231,1387,1646,1607,1469,1480,1710,2056,1521,1191,867,512,159,18,2747
2023,2023-01-01,08300,083003,茨城県,東茨城郡,gun_agg,,63696,1476,2017,2401,2884,2577,2246,2466,3123,3563,4365,4349,4201,4615,5497,6148,4162,3378,2360,1371,438,59,7606,31828,767,1021,1293,1503,1356,1253,1372,1692,1895,2322,2279,2127,2332,2755,3053,1948,1514,879,389,72,6,2860,31868,709,996,1108,1381,1221,993,1094,1431,1668,2043,2070,2074,2283,2742,3095,2214,1864,1481,982,366,53,4746
2023,2023-01-01,08302,083020,茨城県,東茨城郡茨城町,town,08302,30391,799,1075,1202,1415,1262,1078,1217,1613,1807,2154,2051,1872,2015,2494,2927,2015,1566,1050,582,178,19,3395,15161,413,534,660,745,683,588,660,875,949,1139,1080,940,1001,1200,1424,951,702,417,169,29,2,1319,15230,386,541,542,670,579,490,557,738,858,1015,971,932,1014,1294,1503,1064,864,633,413,149,17,2076
2023,2023-01-01,08309,083097,茨城県,東茨城郡大洗町,town,08309,15032,304,443,564,742,611,531,548,713,846,1063,1038,1064,1107,1228,1409,987,811,607,317,87,12,1834,7552,152,227,292,382,317,314,332,393,467,570,566,557,575,626,686,443,348,207,85,12,1,653,7480,152,216,272,360,294,217,216,320,379,493,472,507,532,602,723,544,463,400,232,75,11,1181
2023,2023-01-01,08310,083101,茨城県,東茨城郡城里町,town,08310,18273,373,499,635,727,704,637,701,797,910,1148,1260,1265,1493,1775,1812,1160,1001,703,472,173,28,2377,9115,202,260,341,376,356,351,380,424,479,613,633,630,756,929,943,554,464,255,135,31,3,888,9158,171,239,294,351,348,286,321,373,431,535,627,635,737,846,869,606,537,448,337,142,25,1489
2023,2023-01-01,08340,083402,茨城県,那珂郡,gun_agg,,38039,1424,1735,2014,2028,1888,1753,1900,2272,2464,3139,3343,2530,1956,1776,2291,2188,1837,948,400,133,20,3338,19263,738,902,1071,1041,1020,996,1023,1174,1262,1594,1746,1370,1020,868,981,1005,900,404,121,27,0,1452,18776,686,833,943,987,868,757,877,1098,1202,1545,1597,1160,936,908,1310,1183,937,544,279,106,20,1886
2023,2023-01-01,08341,083411,茨城県,那珂郡東海村,village,08341,38039,1424,1735,2014,2028,1888,1753,1900,2272,2464,3139,3343,2530,1956,1776,2291,2188,1837,948,400,133,20,3338,19263,738,902,1071,1041,1020,996,1023,1174,1262,1594,1746,1370,1020,868,981,1005,900,404,121,27,0,1452,18776,686,833,943,987,868,757,877,1098,1202,1545,1597,1160,936,908,1310,1183,937,544,279,106,20,1886
2023,2023-01-01,08360,083607,茨城県,久慈郡,gun_agg,,15337,240,336,465,530,431,360,458,625,647,782,769,1011,1358,1636,1777,1118,1078,892,582,218,24,2794,7631,112,173,250,272,236,208,255,337,360,423,407,526,738,853,936,555,471,326,159,34,0,990,7706,128,163,215,258,195,152,203,288,287,359,362,485,620,783,841,563,607,566,423,184,24,1804
2023,2023-01-01,08364,083640,茨城県,久慈郡大子町,town,08364,15337,240,336,465,530,431,360,458,625,647,782,769,1011,1358,1636,1777,1118,1078,892,582,218,24,2794,7631,112,173,250,272,236,208,255,337,360,423,407,526,738,853,936,555,471,326,159,34,0,990,7706,128,163,215,258,195,152,203,288,287,359,362,485,620,783,841,563,607,566,423,184,24,1804
2023,2023-01-01,08440,084409,茨城県,稲敷郡,gun_agg,,70069,2276,2726,2878,3043,3366,3168,3384,3982,4367,5345,5235,4358,4314,4739,5796,4415,3284,2109,967,284,33,6677,35312,1153,1427,1455,1522,1739,1738,1837,2173,2361,2851,2812,2292,2189,2382,2799,2083,1414,754,275,52,4,2499,34757,1123,1299,1423,1521,1627,1430,1547,1809,2006,2494,2423,2066,2125,2357,2997,2332,1870,1355,692,232,29,4178
2023,2023-01-01,08442,084425,茨城県,稲敷郡美浦村,village,08442,14129,329,432,513,631,631,583,600,752,868,1050,1104,1014,976,1063,1248,934,707,452,194,45,3,1401,7312,178,222,273,322,329,351,367,435,500,587,614,521,503,547,603,431,302,170,50,6,1,529,6817,151,210,240,309,302,232,233,317,368,463,490,493,473,516,645,503,405,282,144,39,2,872
2023,2023-01-01,08443,084433,茨城県,稲敷郡阿見町,town,08443,47962,1795,2111,2132,2142,2416,2322,2503,2921,3139,3847,3523,2745,2667,3017,3698,2915,2061,1239,568,175,26,4069,24052,906,1097,1077,1063,1245,1246,1317,1560,1663,2010,1880,1453,1339,1499,1775,1377,893,435,180,35,2,1545,23910,889,1014,1055,1079,1171,1076,1186,1361,1476,1837,1643,1292,1328,1518,1923,1538,1168,804,388,140,24,2524
2023,2023-01-01,08447,084476,茨城県,稲敷郡河内町,town,08447,7978,152,183,233,270,319,263,281,309,360,448,608,599,671,659,850,566,516,418,205,64,4,1207,3948,69,108,105,137,165,141,153,178,198,254,318,318,347,336,421,275,219,149,45,11,1,425,4030,83,75,128,133,154,122,128,131,162,194,290,281,324,323,429,291,297,269,160,53,3,782
2023,2023-01-01,08520,085201,茨城県,結城郡,gun_agg,,19817,579,755,837,973,947,741,804,1059,1250,1386,1332,1190,1336,1711,1817,1141,848,625,360,114,12,1959,10050,296,387,437,537,502,417,425,565,671,770,720,616,663,855,913,544,380,231,97,23,1,732,9767,283,368,400,436,445,324,379,494,579,616,612,574,673,856,904,597,468,394,263,91,11,1227
2023,2023-01-01,08521,085219,茨城県,結城郡八千代町,town,08521,19817,579,755,837,973,947,741,804,1059,1250,1386,1332,1190,1336,1711,1817,1141,848,625,360,114,12,1959,10050,296,387,437,537,502,417,425,565,671,770,720,616,663,855,913,544,380,231,97,23,1,732,9767,283,368,400,436,445,324,379,494,579,616,612,574,673,856,904,597,468,394,263,91,11,1227
2023,2023-01-01,08540,085405,茨城県,猿島郡,gun_agg,,31182,891,1229,1265,1379,1411,1307,1391,1648,1798,2324,2248,2032,2105,2436,2844,1978,1422,865,458,137,14,2896,15744,467,609,642,687,718,711,773,883,934,1263,1222,1047,1069,1233,1430,943,631,331,118,32,1,1113,15438,424,620,623,692,693,596,618,765,864,1061,1026,985,1036,1203,1414,1035,791,534,340,105,13,1783
2023,2023-01-01,08542,085421,茨城県,猿島郡五霞町,town,08542,7825,137,246,271,302,302,264,281,389,401,564,555,600,597,726,833,559,405,225,121,39,8,798,3955,70,123,155,143,147,140,159,210,203,301,314,308,292,380,443,267,177,86,29,7,1,300,3870,67,123,116,159,155,124,122,179,198,263,241,292,305,346,390,292,228,139,92,32,7,498
2023,2023-01-01,08546,085464,茨城県,猿島郡境町,town,08546,23357,754,983,994,1077,1109,1043,1110,1259,1397,1760,1693,1432,1508,1710,2011,1419,1017,640,337,98,6,2098,11789,397,486,487,544,571,571,614,673,731,962,908,739,777,853,987,676,454,245,89,25,0,813,11568,357,497,507,533,538,472,496,586,666,798,785,693,731,857,1024,743,563,395,248,73,6,1285
2023,2023-01-01,08560,085600,茨城県,北相馬郡,gun_agg,,15025,195,319,513,622,578,356,359,595,798,1081,1032,765,834,1212,1968,1777,1141,510,274,85,11,2021,7405,105,157,248,332,318,194,191,331,411,589,570,389,392,580,865,859,562,204,87,19,2,874,7620,90,162,265,290,260,162,168,264,387,492,462,376,442,632,1103,918,579,306,187,66,9,1147
2023,2023-01-01,08564,085642,茨城県,北相馬郡利根町,town,08564,15025,195,319,513,622,578,356,359,595,798,1081,1032,765,834,1212,1968,1777,1141,510,274,85,11,2021,7405,105,157,248,332,318,194,191,331,411,589,570,389,392,580,865,859,562,204,87,19,2,874,7620,90,162,265,290,260,162,168,264,387,492,462,376,442,632,1103,918,579,306,187,66,9,1147
2023,2023-01-01,09000,090000,栃木県,,pref,,1884693,59905,74968,82246,87047,85980,83284,91329,109038,121773,143329,139497,119595,118360,129549,153049,109836,82417,55221,28351,8732,1187,175908,942920,30903,38679,42467,44705,45118,45114,48668,57486,64096,75329,73074,61472,59776,64512,74453,51254,35790,20222,7987,1696,119,65814,941773,29002,36289,39779,42342,40862,38170,42661,51552,57677,68000,66423,58123,58584,65037,78596,58582,46627,34999,20364,7036,1068,110094
2023,2023-01-01,09201,092011,栃木県,宇都宮市,city,09201,507700,18489,22212,23508,23977,23767,25493,27185,31894,35599,41218,39591,32137,28787,29341,35638,27151,20289,13116,6219,1841,248,41713,254655,9490,11366,12088,12282,12692,14019,14577,16703,18628,21408,20819,16659,14611,14399,16887,12239,8775,4800,1800,385,28,15788,253045,8999,10846,11420,11695,11075,11474,12608,15191,16971,19810,18772,15478,14176,14942,18751,14912,11514,8316,4419,1456,220,25925
2023,2023-01-01,09202,092029,栃木県,足利市,city,09202,137464,3443,4648,5459,6283,6069,5258,5514,6709,7900,10278,10698,9493,8679,9451,12086,10081,7645,4839,2191,643,97,15415,67517,1799,2339,2755,3186,3127,2792,2834,3519,4146,5393,5591,4829,4444,4640,5708,4621,3279,1752,616,138,9,5794,69947,1644,2309,2704,3097,2942,2466,2680,3190,3754,4885,5107,4664,4235,4811,6378,5460,4366,3087,1575,505,88,9621
2023,2023-01-01,09203,092037,栃木県,栃木市,city,09203,151277,4380,5636,6251,6821,6591,5889,6759,7961,9378,11343,11047,9413,9855,11137,13557,9826,7349,4765,2408,821,90,15433,75362,2257,2959,3204,3489,3405,3109,3578,4174,4954,6107,5772,4882,4938,5514,6558,4681,3210,1786,617,162,6,5781,75915,2123,2677,3047,3332,3186,2780,3181,3787,4424,5236,5275,4531,4917,5623,6999,5145,4139,2979,1791,659,84,9652
2023,2023-01-01,09204,092045,栃木県,佐野市,city,09204,112188,3370,4165,4657,4968,4698,4667,5151,6487,7045,8028,8163,7309,7391,8093,9690,6914,5085,3732,1956,545,74,11392,55712,1735,2136,2439,2489,2431,2488,2733,3481,3720,4231,4251,3800,3713,4040,4773,3181,2103,1301,556,108,3,4071,56476,1635,2029,2218,2479,2267,2179,2418,3006,3325,3797,3912,3509,3678,4053,4917,3733,2982,2431,1400,437,71,7321
2023,2023-01-01,09205,092053,栃木県,鹿沼市,city,09205,93132,2768,3577,4032,4377,4052,3789,4261,5219,5701,7030,6863,5958,6191,6788,7865,5469,4112,2814,1647,536,83,9192,46317,1410,1868,2118,2229,2101,2018,2287,2723,2982,3661,3540,3035,3151,3394,3851,2587,1758,1016,477,102,9,3362,46815,1358,1709,1914,2148,1951,1771,1974,2496,2719,3369,3323,2923,3040,3394,4014,2882,2354,1798,1170,434,74,5830
2023,2023-01-01,09206,092061,栃木県,日光市,city,09206,76199,1831,2373,2822,3078,3149,2881,3055,3573,3997,5117,5355,5309,5424,6035,7264,5301,4359,3119,1613,468,76,9635,37402,960,1214,1484,1597,1591,1564,1642,1875,2121,2640,2875,2660,2758,3065,3509,2431,1798,1072,473,66,7,3416,38797,871,1159,1338,1481,1558,1317,1413,1698,1876,2477,2480,2649,2666,2970,3755,2870,2561,2047,1140,402,69,6219
2023,2023-01-01,09208,092088,栃木県,小山市,city,09208,160097,5798,6701,7290,7547,7702,7767,8744,10113,10593,12656,12509,10351,9532,10211,11548,8618,6298,3660,1841,548,70,12417,81083,3060,3509,3790,3953,4029,4259,4611,5367,5601,6738,6590,5275,4790,5116,5648,3986,2746,1387,508,115,5,4761,79014,2738,3192,3500,3594,3673,3508,4133,4746,4992,5918,5919,5076,4742,5095,5900,4632,3552,2273,1333,433,65,7656
2023,2023-01-01,09209,092096,栃木県,真岡市,city,09209,75666,2509,3272,3591,3722,3531,3391,3826,4603,5019,5925,5322,4423,4606,5546,6195,4071,2787,1928,1027,328,44,6114,38442,1298,1678,1802,1947,1931,1829,2047,2468,2698,3156,2814,2320,2325,2792,3054,1970,1251,754,257,45,6,2313,37224,1211,1594,1789,1775,1600,1562,1779,2135,2321,2769,2508,2103,2281,2754,3141,2101,1536,1174,770,283,38,3801
2023,2023-01-01,09210,092100,栃木県,大田原市,city,09210,68261,2050,2687,2963,3203,3498,2810,3002,3972,4513,5021,4548,4044,4557,5230,5975,3632,2695,2150,1282,369,60,6556,33945,1057,1396,1455,1650,1757,1447,1610,2096,2400,2664,2398,2047,2291,2570,2980,1737,1177,790,340,79,4,2390,34316,993,1291,1508,1553,1741,1363,1392,1876,2113,2357,2150,1997,2266,2660,2995,1895,1518,1360,942,290,56,4166
2023,2023-01-01,09211,092118,栃木県,矢板市,city,09211,30589,755,1063,1207,1449,1322,1095,1334,1572,1846,2233,2179,1905,2145,2357,2920,1957,1480,1030,527,187,26,3250,15257,419,556,636,768,709,576,741,840,954,1161,1141,945,1084,1169,1423,942,630,373,144,43,3,1193,15332,336,507,571,681,613,519,593,732,892,1072,1038,960,1061,1188,1497,1015,850,657,383,144,23,2057
2023,2023-01-01,09213,092134,栃木県,那須塩原市,city,09213,114289,3781,4829,5158,5332,5278,5192,5718,6753,7691,8866,8505,6997,6993,7961,9273,6249,4700,2967,1499,480,67,9713,57052,1991,2539,2661,2711,2675,2717,2995,3528,4049,4599,4395,3622,3530,3926,4501,2904,2063,1101,459,77,9,3709,57237,1790,2290,2497,2621,2603,2475,2723,3225,3642,4267,4110,3375,3463,4035,4772,3345,2637,1866,1040,403,58,6004
2023,2023-01-01,09214,092142,栃木県,さくら市,city,09214,43485,1606,2068,2167,2156,1989,2016,2342,2630,3111,3450,3017,2537,2483,2674,3301,2178,1696,1163,671,205,25,3760,21925,823,1081,1103,1109,1114,1102,1249,1379,1646,1803,1579,1326,1264,1345,1581,1045,731,437,175,30,3,1376,21560,783,987,1064,1047,875,914,1093,1251,1465,1647,1438,1211,1219,1329,1720,1133,965,726,496,175,22,2384
2023,2023-01-01,09215,092151,栃木県,那須烏山市,city,09215,24293,527,737,910,1016,876,732,898,1133,1401,1639,1616,1543,1851,2103,2436,1651,1263,1064,629,242,26,3224,12172,277,366,481,522,473,401,478,614,756,890,875,775,970,1077,1249,787,547,396,181,51,6,1181,12121,250,371,429,494,403,331,420,519,645,749,741,768,881,1026,1187,864,716,668,448,191,20,2043
2023,2023-01-01,09216,092169,栃木県,下野市,city,09216,59258,2150,2508,2712,2827,3611,2932,3132,3512,3727,4374,4366,3851,3852,3909,4173,2892,2220,1483,756,243,28,4730,29523,1092,1285,1425,1438,1818,1551,1629,1795,1919,2246,2237,1907,1935,1990,2076,1369,1016,514,227,49,5,1811,29735,1058,1223,1287,1389,1793,1381,1503,1717,1808,2128,2129,1944,1917,1919,2097,1523,1204,969,529,194,23,2919
2023,2023-01-01,09300,093009,栃木県,河内郡,gun_agg,,30444,1097,1305,1443,1703,1614,1395,1555,1911,2035,2377,2358,2047,1944,2036,2074,1362,1061,671,347,95,14,2188,15598,547,664,757,916,897,754,857,1007,1090,1238,1241,1054,1003,1010,1032,652,500,254,105,18,2,879,14846,550,641,686,787,717,641,698,904,945,1139,1117,993,941,1026,1042,710,561,417,242,77,12,1309
2023,2023-01-01,09301,093017,栃木県,河内郡上三川町,town,09301,30444,1097,1305,1443,1703,1614,1395,1555,1911,2035,2377,2358,2047,1944,2036,2074,1362,1061,671,347,95,14,2188,15598,547,664,757,916,897,754,857,1007,1090,1238,1241,1054,1003,1010,1032,652,500,254,105,18,2,879,14846,550,641,686,787,717,641,698,904,945,1139,1117,993,941,1026,1042,710,561,417,242,77,12,1309
2023,2023-01-01,09340,093408,栃木県,芳賀郡,gun_agg,,60074,1572,2211,2497,2667,2336,2070,2520,3255,3728,4087,3899,3816,4457,5247,5740,3535,2707,2051,1239,389,51,6437,30321,819,1125,1303,1369,1251,1140,1364,1724,1970,2231,2044,1970,2239,2687,2899,1765,1222,757,359,76,7,2421,29753,753,1086,1194,1298,1085,930,1156,1531,1758,1856,1855,1846,2218,2560,2841,1770,1485,1294,880,313,44,4016
2023,2023-01-01,09342,093424,栃木県,芳賀郡益子町,town,09342,21608,503,812,976,968,844,771,903,1140,1452,1519,1449,1407,1661,1902,2079,1274,907,585,334,111,11,1948,10847,258,417,487,492,461,402,492,568,752,824,743,723,838,952,1030,641,413,226,112,16,0,767,10761,245,395,489,476,383,369,411,572,700,695,706,684,823,950,1049,633,494,359,222,95,11,1181
2023,2023-01-01,09343,093432,栃木県,芳賀郡茂木町,town,09343,11862,184,307,385,471,417,297,327,507,620,724,731,717,955,1181,1343,827,705,574,437,129,24,1869,5909,99,147,215,243,216,176,179,269,331,398,400,363,482,611,697,400,321,203,126,30,3,683,5953,85,160,170,228,201,121,148,238,289,326,331,354,473,570,646,427,384,371,311,99,21,1186
2023,2023-01-01,09344,093441,栃木県,芳賀郡市貝町,town,09344,11215,319,400,472,498,492,467,518,656,653,793,784,798,839,928,955,577,434,360,200,62,10,1066,5736,161,197,238,257,258,260,283,374,356,435,388,430,416,508,485,308,183,129,55,12,3,382,5479,158,203,234,241,234,207,235,282,297,358,396,368,423,420,470,269,251,231,145,50,7,684
2023,2023-01-01,09345,093459,栃木県,芳賀郡芳賀町,town,09345,15389,566,692,664,730,583,535,772,952,1003,1051,935,894,1002,1236,1363,857,661,532,268,87,6,1554,7829,301,364,363,377,316,302,410,513,531,574,513,454,503,616,687,416,305,199,66,18,1,589,7560,265,328,301,353,267,233,362,439,472,477,422,440,499,620,676,441,356,333,202,69,5,965
2023,2023-01-01,09360,093602,栃木県,下都賀郡,gun_agg,,62742,1855,2520,2770,2828,2717,2582,2923,3682,4091,4658,4314,3608,3954,4858,5605,4086,2885,1715,803,251,37,5691,31105,898,1292,1473,1440,1354,1344,1527,1946,2081,2476,2222,1864,1861,2406,2709,1949,1327,670,220,43,3,2263,31637,957,1228,1297,1388,1363,1238,1396,1736,2010,2182,2092,1744,2093,2452,2896,2137,1558,1045,583,208,34,3428
2023,2023-01-01,09361,093611,栃木県,下都賀郡壬生町,town,09361,37998,1146,1539,1715,1794,1812,1568,1746,2141,2455,2934,2724,2269,2382,2709,3126,2405,1787,1072,484,169,21,3533,18763,548,784,891,930,893,816,882,1116,1256,1555,1411,1148,1187,1373,1470,1111,809,415,138,27,3,1392,19235,598,755,824,864,919,752,864,1025,1199,1379,1313,1121,1195,1336,1656,1294,978,657,346,142,18,2141
2023,2023-01-01,09364,093645,栃木県,下都賀郡野木町,town,09364,24744,709,981,1055,1034,905,1014,1177,1541,1636,1724,1590,1339,1572,2149,2479,1681,1098,643,319,82,16,2158,12342,350,508,582,510,461,528,645,830,825,921,811,716,674,1033,1239,838,518,255,82,16,0,871,12402,359,473,473,524,444,486,532,711,811,803,779,623,898,1116,1240,843,580,388,237,66,16,1287
2023,2023-01-01,09380,093807,栃木県,塩谷郡,gun_agg,,38938,1186,1365,1579,1709,1823,2195,2154,2355,2389,2702,2628,2404,2603,2813,3213,2087,1566,1222,681,230,34,3733,20152,600,732,833,919,1051,1399,1229,1330,1300,1436,1366,1215,1321,1452,1651,1006,672,433,168,38,1,1312,18786,586,633,746,790,772,796,925,1025,1089,1266,1262,1189,1282,1361,1562,1081,894,789,513,192,33,2421
2023,2023-01-01,09384,093840,栃木県,塩谷郡塩谷町,town,09384,10246,182,267,362,424,385,304,365,482,586,595,635,634,772,977,1170,710,554,469,273,87,13,1396,5124,90,144,197,225,211,173,199,258,339,312,324,316,413,480,618,336,233,166,72,17,1,489,5122,92,123,165,199,174,131,166,224,247,283,311,318,359,497,552,374,321,303,201,70,12,907
2023,2023-01-01,09386,093866,栃木県,塩谷郡高根沢町,town,09386,28692,1004,1098,1217,1285,1438,1891,1789,1873,1803,2107,1993,1770,1831,1836,2043,1377,1012,753,408,143,21,2337,15028,510,588,636,694,840,1226,1030,1072,961,1124,1042,899,908,972,1033,670,439,267,96,21,0,823,13664,494,510,581,591,598,665,759,801,842,983,951,871,923,864,1010,707,573,486,312,122,21,1514
2023,2023-01-01,09400,094005,栃木県,那須郡,gun_agg,,38597,738,1091,1230,1384,1357,1130,1256,1704,2009,2327,2519,2450,3056,3759,4496,2776,2220,1732,1015,311,37,5315,19380,371,574,660,691,712,605,680,917,1081,1251,1324,1287,1548,1920,2364,1402,985,629,305,71,3,1993,19217,367,517,570,693,645,525,576,787,928,1076,1195,1163,1508,1839,2132,1374,1235,1103,710,240,34,3322
2023,2023-01-01,09407,094072,栃木県,那須郡那須町,town,09407,23863,462,702,745,875,843,653,734,1005,1245,1483,1569,1515,1857,2299,2841,1856,1423,995,562,179,20,3179,11899,248,370,394,434,422,358,392,540,652,792,799,797,947,1157,1496,926,634,345,157,36,3,1175,11964,214,332,351,441,421,295,342,465,593,691,770,718,910,1142,1345,930,789,650,405,143,17,2004
2023,2023-01-01,09411,094111,栃木県,那須郡那珂川町,town,09411,14734,276,389,485,509,514,477,522,699,764,844,950,935,1199,1460,1655,920,797,737,453,132,17,2136,7481,123,204,266,257,290,247,288,377,429,459,525,490,601,763,868,476,351,284,148,35,0,818,7253,153,185,219,252,224,230,234,322,335,385,425,445,598,697,787,444,446,453,305,97,17,1318
2023,2023-01-01,10000,100005,群馬県,,pref,,1865650,58853,71568,81023,87775,87781,81755,85387,99093,113820,140733,141877,120321,113462,121972,150656,117429,90157,59627,31252,9692,1417,192145,924243,30231,36647,41609,45109,46134,43476,45244,51884,59571,73031,73494,61356,57310,60541,72297,54462,38742,21967,9031,1944,163,71847,941407,28622,34921,39414,42666,41647,38279,40143,47209,54249,67702,68383,58965,56152,61431,78359,62967,51415,37660,22221,7748,1254,120298
2023,2023-01-01,10201,102016,群馬県,前橋市,city,10201,324159,10984,13059,13984,15000,15129,14477,15582,17804,19730,24133,24518,20996,19701,20895,24864,19711,15398,10591,5589,1785,229,33592,158443,5627,6727,7245,7634,7793,7337,8016,9175,10181,12358,12579,10425,9805,10285,11831,8974,6563,3848,1635,373,32,12451,165716,5357,6332,6739,7366,7336,7140,7566,8629,9549,11775,11939,10571,9896,10610,13033,10737,8835,6743,3954,1412,197,21141
2023,2023-01-01,10202,102024,群馬県,高崎市,city,10202,363062,12639,15011,16442,17481,17436,16831,17716,20452,23302,28139,28496,23196,20683,21446,26616,21795,16880,10819,5648,1787,247,35381,178571,6497,7726,8406,9016,9114,8728,9245,10494,11950,14465,14693,11655,10380,10516,12518,10003,7181,3941,1628,380,35,13165,184491,6142,7285,8036,8465,8322,8103,8471,9958,11352,13674,13803,11541,10303,10930,14098,11792,9699,6878,4020,1407,212,22216
2023,2023-01-01,10203,102032,群馬県,桐生市,city,10203,102489,2265,3043,3772,4281,4613,3461,3640,4494,5323,7201,7984,7177,6863,7110,9341,8197,6451,4344,2179,653,97,13724,49479,1164,1546,1976,2149,2488,1838,1939,2390,2736,3732,4084,3587,3484,3432,4393,3666,2599,1568,572,123,13,4875,53010,1101,1497,1796,2132,2125,1623,1701,2104,2587,3469,3900,3590,3379,3678,4948,4531,3852,2776,1607,530,84,8849
2023,2023-01-01,10204,102041,群馬県,伊勢崎市,city,10204,198083,7198,8168,9155,9916,10325,9985,10163,11333,13033,16017,15527,12600,11006,11492,13887,10872,8303,5476,2729,782,116,17406,99292,3724,4092,4678,5089,5496,5302,5428,5888,6858,8315,8147,6597,5696,5751,6556,5046,3626,2018,830,146,9,6629,98791,3474,4076,4477,4827,4829,4683,4735,5445,6175,7702,7380,6003,5310,5741,7331,5826,4677,3458,1899,636,107,10777
2023,2023-01-01,10205,102059,群馬県,太田市,city,10205,210312,7583,9142,10367,10673,10560,10097,10454,11942,14228,16998,16556,12838,10723,11742,15755,13002,9004,5349,2431,747,121,17652,106952,3883,4661,5331,5444,5772,5690,5736,6341,7681,8987,8799,6835,5512,5783,7497,6104,4012,2064,677,128,15,6896,103360,3700,4481,5036,5229,4788,4407,4718,5601,6547,8011,7757,6003,5211,5959,8258,6898,4992,3285,1754,619,106,10756
2023,2023-01-01,10206,102067,群馬県,沼田市,city,10206,44538,1101,1500,1730,2103,1922,1617,1708,2198,2390,3099,3140,2997,3131,3481,3877,2844,2438,1791,1095,336,40,5700,21697,568,805,893,1066,986,879,932,1179,1226,1569,1607,1501,1534,1752,1913,1297,1001,616,301,71,1,1990,22841,533,695,837,1037,936,738,776,1019,1164,1530,1533,1496,1597,1729,1964,1547,1437,1175,794,265,39,3710
2023,2023-01-01,10207,102075,群馬県,館林市,city,10207,71332,1871,2544,3148,3387,3491,3131,3093,3598,4397,5859,5765,4649,4309,4584,5825,4800,3390,2109,1062,281,39,6881,35718,974,1270,1624,1758,1849,1735,1666,1960,2348,3050,2993,2436,2221,2303,2798,2197,1404,771,300,55,6,2536,35614,897,1274,1524,1629,1642,1396,1427,1638,2049,2809,2772,2213,2088,2281,3027,2603,1986,1338,762,226,33,4345
2023,2023-01-01,10208,102083,群馬県,渋川市,city,10208,72912,1958,2392,2857,3122,3056,2872,2911,3581,4181,4934,5003,4556,5109,5671,6871,4848,4057,2788,1613,469,63,8990,35722,986,1194,1436,1637,1540,1525,1497,1905,2221,2588,2524,2308,2588,2874,3361,2245,1730,1001,452,106,4,3293,37190,972,1198,1421,1485,1516,1347,1414,1676,1960,2346,2479,2248,2521,2797,3510,2603,2327,1787,1161,363,59,5697
2023,2023-01-01,10209,102091,群馬県,藤岡市,city,10209,62040,1634,2072,2613,2918,2815,2656,2633,3086,3550,4632,4717,4075,3936,4421,5623,4041,3151,2029,1084,304,50,6618,30502,814,1060,1280,1525,1422,1414,1397,1633,1863,2428,2390,2041,1976,2199,2683,1896,1382,735,309,51,4,2481,31538,820,1012,1333,1393,1393,1242,1236,1453,1687,2204,2327,2034,1960,2222,2940,2145,1769,1294,775,253,46,4137
2023,2023-01-01,10210,102105,群馬県,富岡市,city,10210,45403,1091,1599,1926,2168,2001,1682,1731,2055,2483,3271,3289,2953,3119,3461,4179,3014,2516,1640,903,292,30,5381,22525,583,818,986,1131,1050,910,917,1071,1310,1688,1643,1521,1602,1717,2075,1444,1111,606,272,68,2,2059,22878,508,781,940,1037,951,772,814,984,1173,1583,1646,1432,1517,1744,2104,1570,1405,1034,631,224,28,3322
2023,2023-01-01,10211,102113,群馬県,安中市,city,10211,54482,1317,1736,2105,2344,2219,2051,2123,2507,2896,3739,4175,3679,3628,4087,5311,3831,3055,2078,1138,398,65,6734,26865,674,891,1085,1220,1168,1097,1179,1330,1532,1871,2133,1882,1805,2051,2585,1820,1331,759,357,89,6,2542,27617,643,845,1020,1124,1051,954,944,1177,1364,1868,2042,1797,1823,2036,2726,2011,1724,1319,781,309,59,4192
2023,2023-01-01,10212,102121,群馬県,みどり市,city,10212,48526,1511,1881,2195,2454,2351,1997,2071,2558,3038,3879,3862,3024,2840,3149,4050,3070,2247,1447,677,189,36,4596,24058,784,976,1127,1255,1242,1022,1093,1339,1575,2000,2009,1592,1406,1523,1997,1402,966,538,179,32,1,1716,24468,727,905,1068,1199,1109,975,978,1219,1463,1879,1853,1432,1434,1626,2053,1668,1281,909,498,157,35,2880
2023,2023-01-01,10340,103403,群馬県,北群馬郡,gun_agg,,36560,1673,1889,1798,1885,1866,1827,2097,2390,2554,2904,2616,2088,2038,2160,2409,1736,1305,781,394,129,21,2630,18290,840,948,910,941,1027,969,1093,1225,1279,1539,1361,1021,1020,1075,1176,859,569,293,123,21,1,1007,18270,833,941,888,944,839,858,1004,1165,1275,1365,1255,1067,1018,1085,1233,877,736,488,271,108,20,1623
2023,2023-01-01,10344,103446,群馬県,北群馬郡榛東村,village,10344,14376,518,672,627,713,808,743,786,833,921,1100,1026,867,846,927,1088,731,559,360,179,63,9,1170,7361,262,352,343,366,493,436,438,434,465,595,533,433,427,465,528,362,238,131,51,9,0,429,7015,256,320,284,347,315,307,348,399,456,505,493,434,419,462,560,369,321,229,128,54,9,741
2023,2023-01-01,10345,103454,群馬県,北群馬郡吉岡町,town,10345,22184,1155,1217,1171,1172,1058,1084,1311,1557,1633,1804,1590,1221,1192,1233,1321,1005,746,421,215,66,12,1460,10929,578,596,567,575,534,533,655,791,814,944,828,588,593,610,648,497,331,162,72,12,1,578,11255,577,621,604,597,524,551,656,766,819,860,762,633,599,623,673,508,415,259,143,54,11,882
2023,2023-01-01,10360,103608,群馬県,多野郡,gun_agg,,2680,45,55,69,53,65,78,74,90,98,117,123,124,185,262,331,226,255,240,138,47,5,685,1335,20,30,39,24,39,42,43,51,62,67,71,73,96,143,173,104,101,96,50,10,1,258,1345,25,25,30,29,26,36,31,39,36,50,52,51,89,119,158,122,154,144,88,37,4,427
2023,2023-01-01,10366,103667,群馬県,多野郡上野村,village,10366,1054,32,40,41,28,40,46,35,45,60,52,49,40,64,83,109,71,74,75,55,15,0,219,547,16,21,26,13,24,21,17,22,39,29,32,24,38,45,57,31,33,32,21,6,0,92,507,16,19,15,15,16,25,18,23,21,23,17,16,26,38,52,40,41,43,34,9,0,127
2023,2023-01-01,10367,103675,群馬県,多野郡神流町,town,10367,1626,13,15,28,25,25,32,39,45,38,65,74,84,121,179,222,155,181,165,83,32,5,466,788,4,9,13,11,15,21,26,29,23,38,39,49,58,98,116,73,68,64,29,4,1,166,838,9,6,15,14,10,11,13,16,15,27,35,35,63,81,106,82,113,101,54,28,4,300
2023,2023-01-01,10380,103802,群馬県,甘楽郡,gun_agg,,20491,392,533,658,726,745,640,691,846,944,1223,1243,1347,1541,1889,2224,1459,1435,1057,639,225,34,3390,10056,195,276,341,397,385,337,355,443,506,637,646,681,775,971,1142,705,616,410,199,35,4,1264,10435,197,257,317,329,360,303,336,403,438,586,597,666,766,918,1082,754,819,647,440,190,30,2126
2023,2023-01-01,10382,103829,群馬県,甘楽郡下仁田町,town,10382,6506,61,104,128,167,193,162,174,210,228,298,352,450,567,651,796,548,585,457,270,94,11,1417,3196,32,51,61,87,109,88,93,110,135,156,206,234,282,335,420,252,254,186,90,14,1,545,3310,29,53,67,80,84,74,81,100,93,142,146,216,285,316,376,296,331,271,180,80,10,872
2023,2023-01-01,10383,103837,群馬県,甘楽郡南牧村,village,10383,1570,9,6,23,15,25,26,35,37,28,37,67,96,106,189,180,140,198,189,112,45,7,551,744,3,5,15,7,14,17,22,20,17,17,32,56,59,98,88,72,81,70,38,10,3,202,826,6,1,8,8,11,9,13,17,11,20,35,40,47,91,92,68,117,119,74,35,4,349
2023,2023-01-01,10384,103845,群馬県,甘楽郡甘楽町,town,10384,12415,322,423,507,544,527,452,482,599,688,888,824,801,868,1049,1248,771,652,411,257,86,16,1422,6116,160,220,265,303,262,232,240,313,354,464,408,391,434,538,634,381,281,154,71,11,0,517,6299,162,203,242,241,265,220,242,286,334,424,416,410,434,511,614,390,371,257,186,75,16,905
2023,2023-01-01,10420,104205,群馬県,吾妻郡,gun_agg,,50187,1090,1359,1753,2006,1869,1558,1765,2016,2338,3129,3391,3292,3928,4307,5140,3668,3181,2446,1411,466,74,7578,24959,562,712,927,1041,959,857,929,1097,1210,1691,1808,1707,2039,2244,2536,1748,1393,944,454,98,3,2892,25228,528,647,826,965,910,701,836,919,1128,1438,1583,1585,1889,2063,2604,1920,1788,1502,957,368,71,4686
2023,2023-01-01,10421,104213,群馬県,吾妻郡中之条町,town,10421,14669,347,384,514,609,564,462,569,576,658,895,1008,960,1087,1224,1422,1064,957,777,427,147,18,2326,7191,171,208,275,310,286,232,297,299,329,491,515,503,539,642,695,516,435,286,129,32,1,883,7478,176,176,239,299,278,230,272,277,329,404,493,457,548,582,727,548,522,491,298,115,17,1443
2023,2023-01-01,10424,104248,群馬県,吾妻郡長野原町,town,10424,5189,117,126,175,220,195,165,178,198,270,367,345,340,428,426,538,369,316,221,144,46,5,732,2585,64,64,94,103,94,90,96,117,149,187,190,174,219,230,259,161,159,80,44,11,0,294,2604,53,62,81,117,101,75,82,81,121,180,155,166,209,196,279,208,157,141,100,35,5,438
2023,2023-01-01,10425,104256,群馬県,吾妻郡嬬恋村,village,10425,8947,239,272,340,360,281,278,302,426,433,543,606,629,755,776,857,676,490,381,225,65,13,1174,4505,126,141,188,190,160,151,161,244,217,291,328,316,402,405,423,342,196,145,66,12,1,420,4442,113,131,152,170,121,127,141,182,216,252,278,313,353,371,434,334,294,236,159,53,12,754
2023,2023-01-01,10426,104264,群馬県,吾妻郡草津町,town,10426,5695,83,143,170,218,275,184,172,201,226,412,458,379,386,447,584,490,439,260,131,32,5,867,2908,51,67,93,108,125,113,100,114,117,243,262,208,232,225,285,220,182,106,48,9,0,345,2787,32,76,77,110,150,71,72,87,109,169,196,171,154,222,299,270,257,154,83,23,5,522
2023,2023-01-01,10428,104281,群馬県,吾妻郡高山村,village,10428,3294,91,99,131,141,145,98,110,153,166,201,211,199,272,275,304,209,189,174,86,33,7,489,1627,43,55,69,83,71,49,56,84,90,95,111,93,150,121,164,101,81,79,28,4,0,192,1667,48,44,62,58,74,49,54,69,76,106,100,106,122,154,140,108,108,95,58,29,7,297
2023,2023-01-01,10429,104299,群馬県,吾妻郡東吾妻町,town,10429,12393,213,335,423,458,409,371,434,462,585,711,763,785,1000,1159,1435,860,790,633,398,143,26,1990,6143,107,177,208,247,223,222,219,239,308,384,402,413,497,621,710,408,340,248,139,30,1,758,6250,106,158,215,211,186,149,215,223,277,327,361,372,503,538,725,452,450,385,259,113,25,1232
2023,2023-01-01,10440,104400,群馬県,利根郡,gun_agg,,30814,740,957,1114,1342,1141,892,1074,1290,1532,1878,1881,1973,2459,2787,3231,2025,1748,1438,950,313,49,4498,15149,371,502,580,722,580,492,582,680,791,961,1017,974,1240,1444,1663,973,721,526,263,62,5,1577,15665,369,455,534,620,561,400,492,610,741,917,864,999,1219,1343,1568,1052,1027,912,687,251,44,2921
2023,2023-01-01,10443,104434,群馬県,利根郡片品村,village,10443,4018,76,92,133,193,147,99,119,178,174,239,232,281,373,389,428,245,243,207,122,40,8,620,1966,42,46,62,96,78,54,74,93,94,122,129,144,176,205,219,119,98,74,34,7,0,213,2052,34,46,71,97,69,45,45,85,80,117,103,137,197,184,209,126,145,133,88,33,8,407
2023,2023-01-01,10444,104442,群馬県,利根郡川場村,village,10444,3092,81,122,139,155,141,82,107,146,181,221,189,147,187,280,338,159,148,123,104,38,4,417,1481,34,59,84,74,71,47,57,72,96,109,101,68,90,136,174,73,71,36,21,8,0,136,1611,47,63,55,81,70,35,50,74,85,112,88,79,97,144,164,86,77,87,83,30,4,281
2023,2023-01-01,10448,104485,群馬県,利根郡昭和村,village,10448,6493,198,256,298,302,259,215,241,313,380,410,405,408,446,600,649,386,270,239,155,56,7,727,3287,91,156,163,172,135,117,125,171,194,211,218,203,219,316,339,194,106,97,46,13,1,263,3206,107,100,135,130,124,98,116,142,186,199,187,205,227,284,310,192,164,142,109,43,6,464
2023,2023-01-01,10449,104493,群馬県,利根郡みなかみ町,town,10449,17211,385,487,544,692,594,496,607,653,797,1008,1055,1137,1453,1518,1816,1235,1087,869,569,179,30,2734,8415,204,241,271,380,296,274,326,344,407,519,569,559,755,787,931,587,446,319,162,34,4,965,8796,181,246,273,312,298,222,281,309,390,489,486,578,698,731,885,648,641,550,407,145,26,1769
2023,2023-01-01,10460,104604,群馬県,佐波郡,gun_agg,,34737,1153,1265,1435,1611,1764,1781,1722,1913,2042,2556,2655,2686,2482,2496,2756,1929,1210,734,388,131,28,2491,17227,615,656,732,819,828,907,884,1017,1064,1343,1316,1292,1236,1288,1349,959,517,262,113,27,3,922,17510,538,609,703,792,936,874,838,896,978,1213,1339,1394,1246,1208,1407,970,693,472,275,104,25,1569
2023,2023-01-01,10464,104647,群馬県,佐波郡玉村町,town,10464,34737,1153,1265,1435,1611,1764,1781,1722,1913,2042,2556,2655,2686,2482,2496,2756,1929,1210,734,388,131,28,2491,17227,615,656,732,819,828,907,884,1017,1064,1343,1316,1292,1236,1288,1349,959,517,262,113,27,3,922,17510,538,609,703,792,936,874,838,896,978,1213,1339,1394,1246,1208,1407,970,693,472,275,104,25,1569
2023,2023-01-01,10520,105201,群馬県,邑楽郡,gun_agg,,92843,2608,3363,3902,4305,4413,4122,4139,4940,5761,7025,6936,6071,5781,6532,8366,6361,4133,2470,1184,358,73,8218,47403,1350,1757,2013,2241,2396,2395,2313,2666,3178,3742,3674,3228,2895,3190,4051,3020,1919,971,317,69,18,3294,45440,1258,1606,1889,2064,2017,1727,1826,2274,2583,3283,3262,2843,2886,3342,4315,3341,2214,1499,867,289,55,4924
2023,2023-01-01,10521,105210,群馬県,邑楽郡板倉町,town,10521,13374,234,410,568,618,568,412,409,578,846,982,978,911,936,1192,1443,939,635,412,206,87,10,1350,6697,114,206,307,304,278,241,230,319,449,532,499,469,472,616,725,423,274,161,61,15,2,513,6677,120,204,261,314,290,171,179,259,397,450,479,442,464,576,718,516,361,251,145,72,8,837
2023,2023-01-01,10522,105228,群馬県,邑楽郡明和町,town,10522,10601,299,405,480,489,483,449,472,604,613,795,742,610,699,799,988,695,448,307,169,45,10,979,5357,168,212,253,255,250,253,249,315,329,405,389,314,346,388,491,354,192,122,55,13,4,386,5244,131,193,227,234,233,196,223,289,284,390,353,296,353,411,497,341,256,185,114,32,6,593
2023,2023-01-01,10523,105236,群馬県,邑楽郡千代田町,town,10523,10546,287,401,460,497,482,446,459,531,687,836,758,618,652,770,991,706,448,301,158,44,14,965,5403,151,218,248,280,251,255,237,288,382,447,401,317,332,378,493,347,224,103,41,8,2,378,5143,136,183,212,217,231,191,222,243,305,389,357,301,320,392,498,359,224,198,117,36,12,587
2023,2023-01-01,10524,105244,群馬県,邑楽郡大泉町,town,10524,33514,1123,1259,1381,1528,1798,1895,1813,1933,2106,2472,2567,2376,1970,1987,2525,2111,1436,793,336,89,16,2670,17453,565,654,697,782,1055,1141,1065,1060,1211,1308,1366,1327,994,960,1205,974,670,315,83,17,4,1089,16061,558,605,684,746,743,754,748,873,895,1164,1201,1049,976,1027,1320,1137,766,478,253,72,12,1581
2023,2023-01-01,10525,105252,群馬県,邑楽郡邑楽町,town,10525,24808,665,888,1013,1173,1082,920,986,1294,1509,1940,1891,1556,1524,1784,2419,1910,1166,657,315,93,23,2254,12493,352,467,508,620,562,505,532,684,807,1050,1019,801,751,848,1137,922,559,270,77,16,6,928,12315,313,421,505,553,520,415,454,610,702,890,872,755,773,936,1282,988,607,387,238,77,17,1326
2023,2023-01-01,11000,110001,埼玉県,,pref,,7172701,242142,287979,307298,320443,356773,370616,376548,419882,470116,572957,591043,481446,406017,402757,513884,426847,330733,192740,78197,21136,3147,625953,3579034,124088,147592,157598,164063,181131,187885,194804,218571,245980,300249,310458,250745,207885,200322,243790,194397,145150,76146,23577,4257,346,249476,3593667,118054,140387,149700,156380,175642,182731,181744,201311,224136,272708,280585,230701,198132,202435,270094,232450,185583,116594,54620,16879,2801,376477
2023,2023-01-01,11100,111007,埼玉県,さいたま市,city_agg,,1310452,51981,57716,58766,59033,68922,76566,78299,84623,89924,104915,108456,89737,72446,64221,77144,65431,51961,32046,13947,3749,569,102272,650170,26518,29758,30083,30389,34630,38038,39695,43398,46397,54045,55775,46267,37342,32342,36619,29255,22306,12270,4154,818,71,39619,660282,25463,27958,28683,28644,34292,38528,38604,41225,43527,50870,52681,43470,35104,31879,40525,36176,29655,19776,9793,2931,498,62653
2023,2023-01-01,11101,111015,埼玉県,さいたま市西区,ward,11100,93310,4282,4134,4095,4106,4529,5186,5600,6094,6154,7231,7150,5515,4547,4527,6097,5552,4534,2722,964,254,37,8511,46106,2230,2073,2059,2093,2182,2515,2836,3170,3184,3845,3756,2919,2344,2187,2852,2447,1971,1107,289,45,2,3414,47204,2052,2061,2036,2013,2347,2671,2764,2924,2970,3386,3394,2596,2203,2340,3245,3105,2563,1615,675,209,35,5097
2023,2023-01-01,11102,111023,埼玉県,さいたま市北区,ward,11100,147149,5246,6104,6919,7099,8429,8923,8692,8953,9983,12320,12578,10534,8628,7243,8133,6652,5261,3384,1584,418,66,10713,73173,2696,3185,3541,3672,4280,4605,4452,4518,5058,6245,6466,5330,4460,3783,3867,2976,2232,1222,475,100,10,4039,73976,2550,2919,3378,3427,4149,4318,4240,4435,4925,6075,6112,5204,4168,3460,4266,3676,3029,2162,1109,318,56,6674
2023,2023-01-01,11103,111031,埼玉県,さいたま市大宮区,ward,11100,120900,4980,5237,4877,4637,6296,8492,8469,8819,8793,9279,9539,7801,6600,5923,6709,5281,4234,2920,1555,397,62,9168,60049,2526,2658,2485,2361,3111,4310,4373,4625,4612,4863,4877,3989,3339,2918,3218,2362,1806,1052,463,92,9,3422,60851,2454,2579,2392,2276,3185,4182,4096,4194,4181,4416,4662,3812,3261,3005,3491,2919,2428,1868,1092,305,53,5746
2023,2023-01-01,11104,111040,埼玉県,さいたま市見沼区,ward,11100,161667,5678,6587,7195,7628,8373,8197,8441,9352,10306,12636,13206,11028,9220,8578,10857,9565,7813,4535,1878,516,78,14820,79910,2823,3389,3675,3988,4208,4021,4289,4812,5358,6535,6890,5633,4692,4265,5123,4266,3445,1785,579,121,13,5943,81757,2855,3198,3520,3640,4165,4176,4152,4540,4948,6101,6316,5395,4528,4313,5734,5299,4368,2750,1299,395,65,8877
2023,2023-01-01,11105,111058,埼玉県,さいたま市中央区,ward,11100,101162,3745,4192,4358,4596,5563,7092,6594,6566,6816,8101,8773,7190,5585,4750,5500,4487,3586,2298,1049,277,44,7254,49959,1912,2215,2263,2392,2746,3441,3320,3354,3496,4067,4363,3763,2832,2370,2649,2076,1491,845,307,54,3,2700,51203,1833,1977,2095,2204,2817,3651,3274,3212,3320,4034,4410,3427,2753,2380,2851,2411,2095,1453,742,223,41,4554
2023,2023-01-01,11106,111066,埼玉県,さいたま市桜区,ward,11100,93273,2976,3378,4005,4411,5791,5570,5119,5293,6012,7624,7972,6691,5162,4644,5899,5200,4128,2357,787,222,32,7526,47265,1516,1741,2037,2273,3129,2854,2738,2807,3132,4021,4191,3521,2745,2477,2742,2331,1771,946,249,40,4,3010,46008,1460,1637,1968,2138,2662,2716,2381,2486,2880,3603,3781,3170,2417,2167,3157,2869,2357,1411,538,182,28,4516
2023,2023-01-01,11107,111074,埼玉県,さいたま市浦和区,ward,11100,164935,7149,8196,7672,7159,8369,9715,10332,11569,11919,13120,13639,11750,9590,7801,8482,6792,5301,3772,1943,567,98,11681,80043,3633,4190,3930,3624,4183,4671,5063,5745,5963,6454,6683,5867,4896,3879,4041,2992,2147,1384,551,134,13,4229,84892,3516,4006,3742,3535,4186,5044,5269,5824,5956,6666,6956,5883,4694,3922,4441,3800,3154,2388,1392,433,85,7452
2023,2023-01-01,11108,111082,埼玉県,さいたま市南区,ward,11100,188009,8285,8717,8376,8144,10043,11827,12202,13221,13612,15146,16136,13797,10628,8476,9422,7766,6177,3905,1634,446,49,12211,94061,4209,4503,4338,4251,5048,5953,6165,6809,7061,7773,8277,7154,5587,4375,4492,3439,2560,1478,484,99,6,4627,93948,4076,4214,4038,3893,4995,5874,6037,6412,6551,7373,7859,6643,5041,4101,4930,4327,3617,2427,1150,347,43,7584
2023,2023-01-01,11109,111091,埼玉県,さいたま市緑区,ward,11100,130323,5969,6985,6841,6342,6392,6747,7569,8815,9613,10713,10402,8359,6700,6087,7383,6212,4768,2842,1230,302,52,9194,64434,3067,3589,3457,3255,3099,3207,3732,4440,4919,5561,5323,4295,3441,3041,3539,2847,2112,1076,361,66,7,3622,65889,2902,3396,3384,3087,3293,3540,3837,4375,4694,5152,5079,4064,3259,3046,3844,3365,2656,1766,869,236,45,5572
2023,2023-01-01,11110,111104,埼玉県,さいたま市岩槻区,ward,11100,109724,3671,4186,4428,4911,5137,4817,5281,5941,6716,8745,9061,7072,5786,6192,8662,7924,6159,3311,1323,350,51,11194,55170,1906,2215,2298,2480,2644,2461,2727,3118,3614,4681,4949,3796,3006,3047,4096,3519,2771,1375,396,67,4,4613,54554,1765,1971,2130,2431,2493,2356,2554,2823,3102,4064,4112,3276,2780,3145,4566,4405,3388,1936,927,283,47,6581
2023,2023-01-01,11201,112011,埼玉県,川越市,city,11201,343770,11557,14068,15369,15429,17128,17576,17730,19923,23042,27807,27874,22428,18777,18440,24589,21544,16669,9228,3552,904,136,30489,171427,5946,7343,7856,7860,8627,8931,9213,10481,12121,14563,14588,11697,9599,9029,11410,9711,7402,3726,1125,186,13,12452,172343,5611,6725,7513,7569,8501,8645,8517,9442,10921,13244,13286,10731,9178,9411,13179,11833,9267,5502,2427,718,123,18037
2023,2023-01-01,11202,112020,埼玉県,熊谷市,city,11202,189003,5642,7156,7734,8494,8731,8463,9162,10346,11862,13969,14606,12579,12227,12910,15452,11934,8839,5560,2537,706,94,17736,94548,2922,3662,3995,4420,4637,4543,4792,5501,6280,7303,7622,6544,6165,6439,7459,5485,3806,2135,697,128,13,6779,94455,2720,3494,3739,4074,4094,3920,4370,4845,5582,6666,6984,6035,6062,6471,7993,6449,5033,3425,1840,578,81,10957
2023,2023-01-01,11203,112038,埼玉県,川口市,city,11203,565162,19161,22634,24299,24964,29286,33558,32229,34606,38198,47558,49683,39983,31108,27332,35510,29452,23947,14700,5424,1333,197,45601,285836,9828,11553,12472,12872,14811,17189,16885,18183,20274,25260,26628,21494,16433,14041,17070,13452,9981,5535,1587,266,22,17391,279326,9333,11081,11827,12092,14475,16369,15344,16423,17924,22298,23055,18489,14675,13291,18440,16000,13966,9165,3837,1067,175,28210
2023,2023-01-01,11206,112062,埼玉県,行田市,city,11206,76875,1990,2650,3028,3381,3527,3172,3353,3936,4642,5821,5739,5084,5001,5522,7061,5331,3837,2301,1102,346,51,7637,38069,989,1328,1521,1750,1819,1649,1726,2085,2415,3126,3028,2605,2547,2726,3395,2487,1646,873,285,62,7,2873,38806,1001,1322,1507,1631,1708,1523,1627,1851,2227,2695,2711,2479,2454,2796,3666,2844,2191,1428,817,284,44,4764
2023,2023-01-01,11207,112071,埼玉県,秩父市,city,11207,58573,1614,2109,2439,2677,2329,2199,2449,2825,3148,3876,4154,4037,4204,4512,5045,3735,3191,2424,1200,367,39,7221,28719,819,1081,1228,1366,1256,1143,1290,1505,1602,2027,2126,2021,2183,2256,2476,1691,1367,873,336,69,4,2649,29854,795,1028,1211,1311,1073,1056,1159,1320,1546,1849,2028,2016,2021,2256,2569,2044,1824,1551,864,298,35,4572
2023,2023-01-01,11208,112089,埼玉県,所沢市,city,11208,337574,10930,13197,13893,14697,17205,17343,17911,19636,22027,26448,27609,23187,19384,18869,24216,20288,16102,9464,3979,1035,154,30734,166574,5616,6826,7060,7475,8577,8641,9169,10144,11374,13569,14325,11939,9894,9174,11266,9135,7074,3783,1291,219,23,12390,171000,5314,6371,6833,7222,8628,8702,8742,9492,10653,12879,13284,11248,9490,9695,12950,11153,9028,5681,2688,816,131,18344
2023,2023-01-01,11209,112097,埼玉県,飯能市,city,11209,77225,2269,2857,2984,3307,3342,3035,3562,4161,4750,5513,5761,5242,5193,5511,6940,5199,3838,2303,1106,316,36,7599,38622,1168,1487,1566,1713,1759,1573,1868,2204,2453,2878,3017,2655,2581,2763,3467,2489,1732,882,305,57,5,2981,38603,1101,1370,1418,1594,1583,1462,1694,1957,2297,2635,2744,2587,2612,2748,3473,2710,2106,1421,801,259,31,4618
2023,2023-01-01,11210,112101,埼玉県,加須市,city,11210,109307,3244,4026,4632,4897,4758,4814,5189,6174,6769,8036,7803,7030,7542,8574,9528,6734,4514,3018,1476,476,73,9557,54933,1701,2101,2392,2551,2416,2498,2735,3323,3555,4239,4156,3543,3764,4327,4753,3270,1980,1113,397,110,9,3609,54374,1543,1925,2240,2346,2342,2316,2454,2851,3214,3797,3647,3487,3778,4247,4775,3464,2534,1905,1079,366,64,5948
2023,2023-01-01,11211,112119,埼玉県,本庄市,city,11211,74739,2343,2850,3162,3311,3348,3345,3680,4168,4762,5639,5789,5027,4802,5137,5962,4469,3431,2105,1066,293,50,6945,37303,1168,1426,1580,1692,1778,1758,1947,2202,2523,3039,3068,2616,2423,2602,2816,2073,1469,786,291,41,5,2592,37436,1175,1424,1582,1619,1570,1587,1733,1966,2239,2600,2721,2411,2379,2535,3146,2396,1962,1319,775,252,45,4353
2023,2023-01-01,11212,112127,埼玉県,東松山市,city,11212,87653,2897,3574,3701,3758,4099,3841,4273,5118,5496,6543,6557,5364,5564,6141,7342,5487,4052,2441,1072,294,39,7898,43938,1485,1849,1878,1933,2124,1972,2294,2646,2882,3488,3489,2737,2766,3073,3539,2569,1874,959,307,70,4,3214,43715,1412,1725,1823,1825,1975,1869,1979,2472,2614,3055,3068,2627,2798,3068,3803,2918,2178,1482,765,224,35,4684
2023,2023-01-01,11214,112143,埼玉県,春日部市,city,11214,226746,6468,7911,8956,9515,10420,10601,10380,11586,13837,17841,18905,15513,12532,13708,19036,16634,12901,6915,2356,644,87,22903,112397,3415,4141,4640,4722,5214,5385,5384,6136,7320,9451,9936,7953,6307,6668,8664,7503,5784,2904,738,125,7,9558,114349,3053,3770,4316,4793,5206,5216,4996,5450,6517,8390,8969,7560,6225,7040,10372,9131,7117,4011,1618,519,80,13345
2023,2023-01-01,11215,112151,埼玉県,狭山市,city,11215,146376,4333,5064,5607,6038,7029,6828,6804,7567,8797,11088,11780,9336,8404,9073,12768,10851,8175,4481,1767,505,81,15009,73178,2150,2570,2918,3071,3625,3553,3641,4024,4680,5888,6308,4821,4306,4395,6064,4915,3713,1893,539,95,9,6249,73198,2183,2494,2689,2967,3404,3275,3163,3543,4117,5200,5472,4515,4098,4678,6704,5936,4462,2588,1228,410,72,8760
2023,2023-01-01,11216,112160,埼玉県,羽生市,city,11216,51910,1494,1799,2077,2350,2461,2353,2470,2776,3071,3832,3890,3423,3420,3803,4439,3259,2376,1611,767,219,20,4993,25981,760,874,1080,1216,1236,1228,1363,1487,1654,2034,2056,1752,1717,1919,2170,1529,1020,604,224,57,1,1906,25929,734,925,997,1134,1225,1125,1107,1289,1417,1798,1834,1671,1703,1884,2269,1730,1356,1007,543,162,19,3087
2023,2023-01-01,11217,112178,埼玉県,鴻巣市,city,11217,115794,3640,4394,4689,5052,5286,5124,5590,6683,7292,8619,8649,7478,7413,8014,9685,7715,5437,3235,1354,384,61,10471,57313,1882,2291,2369,2577,2707,2624,2843,3490,3790,4496,4503,3737,3564,3962,4633,3610,2471,1307,382,70,5,4235,58481,1758,2103,2320,2475,2579,2500,2747,3193,3502,4123,4146,3741,3849,4052,5052,4105,2966,1928,972,314,56,6236
2023,2023-01-01,11218,112186,埼玉県,深谷市,city,11218,138333,4477,5399,6040,6654,6494,5882,6507,7628,8943,10552,10473,8843,8134,9375,11568,8599,6399,3888,1842,547,89,12765,68979,2249,2764,3089,3335,3438,3054,3422,3957,4682,5569,5503,4581,4105,4609,5571,4137,2847,1469,484,106,8,4914,69354,2228,2635,2951,3319,3056,2828,3085,3671,4261,4983,4970,4262,4029,4766,5997,4462,3552,2419,1358,441,81,7851
2023,2023-01-01,11219,112194,埼玉県,上尾市,city,11219,225770,7834,8948,9421,10228,11208,11391,11534,12885,14118,17975,19359,15243,12257,12287,15753,14115,11668,6569,2300,592,85,21214,111910,4051,4567,4880,5245,5627,5700,5970,6696,7436,9264,10009,7872,6262,5992,7399,6239,5076,2733,747,134,11,8701,113860,3783,4381,4541,4983,5581,5691,5564,6189,6682,8711,9350,7371,5995,6295,8354,7876,6592,3836,1553,458,74,12513
2023,2023-01-01,11221,112216,埼玉県,草加市,city,11221,242066,7820,9211,10092,11133,13563,13864,12780,13477,15633,20973,22178,17365,12709,11440,15603,13973,11247,6322,2119,490,74,20252,122119,4021,4822,5161,5691,6979,7056,6720,7143,8151,11026,11877,9319,6777,5787,7238,6166,4766,2617,687,103,12,8185,119947,3799,4389,4931,5442,6584,6808,6060,6334,7482,9947,10301,8046,5932,5653,8365,7807,6481,3705,1432,387,62,12067
2023,2023-01-01,11222,112224,埼玉県,越谷市,city,11222,336388,12026,14391,15027,15311,17122,17665,17887,20122,22728,27692,29223,22542,17333,16921,22367,19736,15871,8622,2943,739,120,28295,166873,6248,7330,7651,7783,8572,8847,9145,10287,11701,14443,15323,11809,8796,8317,10353,8704,6834,3638,923,155,14,11564,169515,5778,7061,7376,7528,8550,8818,8742,9835,11027,13249,13900,10733,8537,8604,12014,11032,9037,4984,2020,584,106,16731
2023,2023-01-01,11223,112232,埼玉県,蕨市,city,11223,67536,1991,2286,2438,2423,3745,4847,4272,4338,4525,5161,5433,4772,4045,3578,4278,3464,2889,1880,939,201,31,5940,34149,1058,1175,1257,1258,1839,2535,2247,2366,2456,2809,2899,2552,2108,1869,2074,1542,1158,644,259,41,3,2105,33387,933,1111,1181,1165,1906,2312,2025,1972,2069,2352,2534,2220,1937,1709,2204,1922,1731,1236,680,160,28,3835
2023,2023-01-01,11224,112241,埼玉県,戸田市,city,11224,134285,5625,6443,6680,6214,7894,9714,9075,9343,10219,11740,11747,9432,6786,5212,5849,4905,3764,2408,950,241,44,7407,68303,2856,3257,3416,3166,3951,4795,4688,4801,5417,6243,6252,5013,3727,2778,2942,2250,1571,846,283,49,2,2751,65982,2769,3186,3264,3048,3943,4919,4387,4542,4802,5497,5495,4419,3059,2434,2907,2655,2193,1562,667,192,42,4656
2023,2023-01-01,11225,112259,埼玉県,入間市,city,11225,143147,4151,5386,6010,6671,6723,6219,6442,7592,8859,10954,11748,9749,8656,9411,11768,9408,7103,4065,1668,483,81,13400,70747,2101,2817,3085,3383,3345,3140,3328,3920,4636,5656,6181,4967,4267,4607,5638,4269,3186,1621,500,97,3,5407,72400,2050,2569,2925,3288,3378,3079,3114,3672,4223,5298,5567,4782,4389,4804,6130,5139,3917,2444,1168,386,78,7993
2023,2023-01-01,11227,112275,埼玉県,朝霞市,city,11227,139837,6115,6415,6258,6105,7692,8897,8864,9628,10318,11813,12238,10097,7446,5892,6942,5836,4770,3052,1134,288,37,9281,70485,3167,3276,3229,3117,3875,4487,4480,4996,5429,6192,6338,5265,4049,3087,3347,2588,1965,1170,364,56,8,3563,69352,2948,3139,3029,2988,3817,4410,4384,4632,4889,5621,5900,4832,3397,2805,3595,3248,2805,1882,770,232,29,5718
2023,2023-01-01,11228,112283,埼玉県,志木市,city,11228,74378,2817,3461,3268,3207,3730,3814,4008,4707,5323,6113,6255,4970,3867,3601,4847,4075,3291,1990,802,193,39,6315,36776,1437,1757,1726,1643,1837,1913,2023,2426,2757,3186,3265,2608,1947,1710,2236,1817,1416,784,257,29,2,2488,37602,1380,1704,1542,1564,1893,1901,1985,2281,2566,2927,2990,2362,1920,1891,2611,2258,1875,1206,545,164,37,3827
2023,2023-01-01,11229,112291,埼玉県,和光市,city,11229,81546,3420,3712,3581,3504,5019,6325,5825,6121,6333,6948,6863,5141,3653,3211,4031,3137,2353,1563,640,149,17,4722,41751,1726,1940,1885,1794,2561,3285,3080,3178,3389,3681,3637,2798,1940,1649,1942,1438,1008,581,206,32,1,1828,39795,1694,1772,1696,1710,2458,3040,2745,2943,2944,3267,3226,2343,1713,1562,2089,1699,1345,982,434,117,16,2894
2023,2023-01-01,11230,112305,埼玉県,新座市,city,11230,161736,5536,7031,7546,7412,7847,7750,8099,9421,11116,13541,14045,11377,8528,7978,10573,9548,7702,4574,1620,427,65,14388,80455,2823,3552,3871,3667,3944,3949,4058,4886,5790,7178,7490,6002,4487,3970,4922,4119,3303,1808,540,85,11,5747,81281,2713,3479,3675,3745,3903,3801,4041,4535,5326,6363,6555,5375,4041,4008,5651,5429,4399,2766,1080,342,54,8641
2023,2023-01-01,11231,112313,埼玉県,桶川市,city,11231,73636,2296,2866,3042,3279,3384,3398,3552,4025,4553,5762,6032,4922,4244,4261,5651,4928,4007,2307,876,228,23,7441,36323,1148,1451,1567,1710,1723,1688,1818,2141,2371,2988,3086,2503,2195,2036,2679,2205,1773,921,275,44,1,3014,37313,1148,1415,1475,1569,1661,1710,1734,1884,2182,2774,2946,2419,2049,2225,2972,2723,2234,1386,601,184,22,4427
2023,2023-01-01,11232,112321,埼玉県,久喜市,city,11232,147557,4495,5501,5930,6290,6447,6190,6837,8221,9112,11384,11061,9397,9341,10347,13018,10175,7379,4125,1744,489,74,13811,73592,2290,2754,3085,3210,3284,3197,3612,4263,4797,6068,5801,4792,4585,5080,6194,4906,3428,1623,518,100,5,5674,73965,2205,2747,2845,3080,3163,2993,3225,3958,4315,5316,5260,4605,4756,5267,6824,5269,3951,2502,1226,389,69,8137
2023,2023-01-01,11233,112330,埼玉県,北本市,city,11233,64969,1869,2110,2411,2771,2969,2724,3059,3312,3642,4918,5301,4411,4126,4286,5524,4672,3829,2053,769,185,28,6864,32160,931,1035,1247,1375,1559,1462,1556,1738,1906,2556,2708,2269,2044,2080,2621,2134,1753,864,280,38,4,2939,32809,938,1075,1164,1396,1410,1262,1503,1574,1736,2362,2593,2142,2082,2206,2903,2538,2076,1189,489,147,24,3925
2023,2023-01-01,11234,112348,埼玉県,八潮市,city,11234,88369,3516,3459,3687,3682,4475,5990,5703,5836,6157,7569,7777,5551,4144,3870,5410,4954,3883,1944,588,151,23,6589,45813,1811,1778,1916,1919,2346,2996,3077,3171,3356,4192,4305,3126,2256,2007,2538,2249,1729,819,196,22,4,2770,42556,1705,1681,1771,1763,2129,2994,2626,2665,2801,3377,3472,2425,1888,1863,2872,2705,2154,1125,392,129,19,3819
2023,2023-01-01,11235,112356,埼玉県,富士見市,city,11235,109953,4051,4648,4681,4809,6041,6759,6378,6773,7329,8842,9566,7374,5560,4923,6847,6166,5115,2826,1002,228,35,9206,54052,2060,2396,2411,2427,2842,3138,3176,3438,3764,4630,4934,3825,2902,2489,3184,2680,2227,1172,302,50,5,3756,55901,1991,2252,2270,2382,3199,3621,3202,3335,3565,4212,4632,3549,2658,2434,3663,3486,2888,1654,700,178,30,5450
2023,2023-01-01,11237,112372,埼玉県,三郷市,city,11237,136885,5046,6125,5947,5570,5958,6522,7202,8726,9831,11136,10919,8324,6988,7737,10792,9078,6404,3193,1052,289,46,10984,68882,2607,3082,2989,2864,3063,3259,3689,4551,5224,5998,5959,4419,3486,3753,5071,4232,2949,1302,322,56,7,4636,68003,2439,3043,2958,2706,2895,3263,3513,4175,4607,5138,4960,3905,3502,3984,5721,4846,3455,1891,730,233,39,6348
2023,2023-01-01,11238,112381,埼玉県,蓮田市,city,11238,60456,1842,2201,2407,2600,2653,2784,2884,3211,3797,4735,4790,3708,3227,3689,4968,4520,3481,1929,774,217,39,6440,30001,929,1119,1255,1370,1358,1403,1481,1689,1970,2428,2541,1989,1582,1797,2354,2067,1603,801,216,42,7,2669,30455,913,1082,1152,1230,1295,1381,1403,1522,1827,2307,2249,1719,1645,1892,2614,2453,1878,1128,558,175,32,3771
2023,2023-01-01,11239,112399,埼玉県,坂戸市,city,11239,96693,2658,3667,4395,4792,4714,4091,4193,4900,6341,8232,7777,5931,5102,5681,8188,7028,5108,2592,992,277,34,9003,48263,1353,1827,2243,2449,2424,2159,2225,2580,3307,4353,4089,3093,2616,2701,3785,3199,2423,1080,301,55,1,3860,48430,1305,1840,2152,2343,2290,1932,1968,2320,3034,3879,3688,2838,2486,2980,4403,3829,2685,1512,691,222,33,5143
2023,2023-01-01,11240,112402,埼玉県,幸手市,city,11240,48127,1064,1531,1933,1961,1881,1766,1915,2326,2849,3768,3679,2996,2932,3707,4873,3971,2819,1417,559,154,26,4975,24182,551,799,1000,1035,963,930,1057,1231,1503,2033,1994,1564,1428,1813,2329,1857,1311,579,172,30,3,2095,23945,513,732,933,926,918,836,858,1095,1346,1735,1685,1432,1504,1894,2544,2114,1508,838,387,124,23,2880
2023,2023-01-01,11241,112411,埼玉県,鶴ヶ島市,city,11241,68440,2143,2472,2721,3299,3585,3201,3329,3610,4269,5570,5844,4280,3680,4121,5810,4797,3342,1585,571,183,28,5709,33923,1116,1289,1381,1659,1828,1637,1697,1873,2211,2821,3019,2231,1798,1938,2700,2235,1588,684,179,34,5,2490,34517,1027,1183,1340,1640,1757,1564,1632,1737,2058,2749,2825,2049,1882,2183,3110,2562,1754,901,392,149,23,3219
2023,2023-01-01,11242,112429,埼玉県,日高市,city,11242,53637,1348,1884,2481,2731,2319,1918,1982,2549,3308,4466,4234,3201,2891,3583,5287,4178,2989,1462,609,192,25,5277,26683,668,962,1227,1384,1179,989,1028,1318,1722,2365,2324,1653,1416,1721,2497,1953,1419,631,191,35,1,2277,26954,680,922,1254,1347,1140,929,954,1231,1586,2101,1910,1548,1475,1862,2790,2225,1570,831,418,157,24,3000
2023,2023-01-01,11243,112437,埼玉県,吉川市,city,11243,71139,2709,3327,3608,3733,3665,3741,3620,4338,4925,6174,6038,4305,3373,3588,5014,4053,2881,1356,517,150,24,4928,35554,1422,1692,1880,1889,1848,1835,1844,2193,2534,3229,3192,2258,1738,1767,2331,1862,1334,524,162,19,1,2040,35585,1287,1635,1728,1844,1817,1906,1776,2145,2391,2945,2846,2047,1635,1821,2683,2191,1547,832,355,131,23,2888
2023,2023-01-01,11245,112453,埼玉県,ふじみ野市,city,11245,111212,3716,4949,5078,5160,5855,5538,5283,6282,7480,9358,9737,7775,6010,5240,6905,6360,5509,3364,1270,288,55,10486,54951,1870,2493,2561,2649,3035,2760,2722,3169,3883,4790,5096,4116,3176,2681,3112,2776,2290,1314,407,45,6,4062,56261,1846,2456,2517,2511,2820,2778,2561,3113,3597,4568,4641,3659,2834,2559,3793,3584,3219,2050,863,243,49,6424
2023,2023-01-01,11246,112461,埼玉県,白岡市,city,11246,51960,1926,2214,2207,2225,2374,2535,2804,3058,3294,3961,4092,3314,3082,3177,3844,3191,2477,1404,597,161,23,4662,25824,996,1107,1110,1150,1247,1255,1417,1598,1721,2073,2144,1676,1586,1563,1814,1467,1141,542,178,38,1,1900,26136,930,1107,1097,1075,1127,1280,1387,1460,1573,1888,1948,1638,1496,1614,2030,1724,1336,862,419,123,22,2762
2023,2023-01-01,11300,113000,埼玉県,北足立郡,gun_agg,,44625,1497,1886,2370,2812,2457,2020,2065,2403,3145,4209,4186,2778,1928,2026,2847,2646,1957,925,356,95,17,3350,22511,767,956,1224,1504,1283,1037,1098,1227,1592,2168,2234,1503,1024,968,1262,1230,917,379,122,15,1,1434,22114,730,930,1146,1308,1174,983,967,1176,1553,2041,1952,1275,904,1058,1585,1416,1040,546,234,80,16,1916
2023,2023-01-01,11301,113018,埼玉県,北足立郡伊奈町,town,11301,44625,1497,1886,2370,2812,2457,2020,2065,2403,3145,4209,4186,2778,1928,2026,2847,2646,1957,925,356,95,17,3350,22511,767,956,1224,1504,1283,1037,1098,1227,1592,2168,2234,1503,1024,968,1262,1230,917,379,122,15,1,1434,22114,730,930,1146,1308,1174,983,967,1176,1553,2041,1952,1275,904,1058,1585,1416,1040,546,234,80,16,1916
2023,2023-01-01,11320,113204,埼玉県,入間郡,gun_agg,,79655,1883,2652,3188,3796,3902,3158,3075,3718,4534,6416,6678,5512,4646,5117,6980,5994,4786,2400,912,259,49,8406,39615,963,1347,1631,1936,1977,1634,1620,1891,2386,3365,3545,2903,2345,2519,3316,2774,2117,1017,270,54,5,3463,40040,920,1305,1557,1860,1925,1524,1455,1827,2148,3051,3133,2609,2301,2598,3664,3220,2669,1383,642,205,44,4943
2023,2023-01-01,11324,113247,埼玉県,入間郡三芳町,town,11324,36829,1088,1471,1719,1932,1763,1394,1509,1837,2296,3150,3388,2579,1917,1916,2747,2585,2085,1013,335,91,14,3538,18250,561,752,882,975,923,706,760,924,1184,1631,1803,1324,974,943,1288,1143,903,452,106,16,0,1477,18579,527,719,837,957,840,688,749,913,1112,1519,1585,1255,943,973,1459,1442,1182,561,229,75,14,2061
2023,2023-01-01,11326,113263,埼玉県,入間郡毛呂山町,town,11326,31919,581,907,1104,1431,1684,1357,1187,1396,1732,2449,2506,2142,1923,2284,3060,2580,2046,1029,390,103,28,3596,15935,308,454,563,725,822,699,667,714,923,1305,1343,1170,971,1105,1441,1228,940,414,112,28,3,1497,15984,273,453,541,706,862,658,520,682,809,1144,1163,972,952,1179,1619,1352,1106,615,278,75,25,2099
2023,2023-01-01,11327,113271,埼玉県,入間郡越生町,town,11327,10907,214,274,365,433,455,407,379,485,506,817,784,791,806,917,1173,829,655,358,187,65,7,1272,5430,94,141,186,236,232,229,193,253,279,429,399,409,400,471,587,403,274,151,52,10,2,489,5477,120,133,179,197,223,178,186,232,227,388,385,382,406,446,586,426,381,207,135,55,5,783
2023,2023-01-01,11340,113409,埼玉県,比企郡,gun_agg,,124087,2954,4011,4470,5109,4971,4160,4976,6122,7042,8668,8862,8020,8752,10437,13047,9297,6535,3920,1995,651,88,13189,62373,1540,2028,2280,2642,2605,2269,2664,3217,3754,4585,4773,4097,4375,5190,6522,4571,3021,1512,603,118,7,5261,61714,1414,1983,2190,2467,2366,1891,2312,2905,3288,4083,4089,3923,4377,5247,6525,4726,3514,2408,1392,533,81,7928
2023,2023-01-01,11341,113417,埼玉県,比企郡滑川町,town,11341,19098,900,1070,1006,1062,834,780,1041,1313,1352,1652,1503,1087,996,1062,1288,902,679,353,168,40,10,1250,9729,474,546,517,543,432,428,535,683,709,859,804,576,506,536,638,441,307,138,51,6,0,502,9369,426,524,489,519,402,352,506,630,643,793,699,511,490,526,650,461,372,215,117,34,10,748
2023,2023-01-01,11342,113425,埼玉県,比企郡嵐山町,town,11342,16999,386,572,609,695,765,615,710,829,1072,1258,1304,1097,1084,1221,1642,1275,986,566,224,74,15,1865,8457,206,277,306,362,383,325,373,446,542,656,725,558,574,631,775,589,445,197,73,14,0,729,8542,180,295,303,333,382,290,337,383,530,602,579,539,510,590,867,686,541,369,151,60,15,1136
2023,2023-01-01,11343,113433,埼玉県,比企郡小川町,town,11343,27883,484,712,894,1030,992,901,1025,1252,1460,1648,1761,1913,2267,2783,3204,2140,1569,1061,583,187,17,3417,13892,241,362,451,576,534,483,557,672,794,862,938,952,1106,1355,1623,1078,695,403,173,35,2,1308,13991,243,350,443,454,458,418,468,580,666,786,823,961,1161,1428,1581,1062,874,658,410,152,15,2109
2023,2023-01-01,11346,113468,埼玉県,比企郡川島町,town,11346,18777,396,553,675,819,827,569,686,955,1014,1420,1321,1158,1297,1650,2075,1472,900,566,313,101,10,1890,9595,213,302,349,412,448,330,364,507,554,777,729,590,646,831,1063,734,413,226,88,19,0,746,9182,183,251,326,407,379,239,322,448,460,643,592,568,651,819,1012,738,487,340,225,82,10,1144
2023,2023-01-01,11347,113476,埼玉県,比企郡吉見町,town,11347,17923,374,484,587,675,729,693,750,849,945,1131,1417,1369,1414,1589,1866,1287,870,545,251,87,11,1764,9063,203,255,302,337,374,377,411,439,510,584,753,685,744,815,929,644,391,220,72,16,2,701,8860,171,229,285,338,355,316,339,410,435,547,664,684,670,774,937,643,479,325,179,71,9,1063
2023,2023-01-01,11348,113484,埼玉県,比企郡鳩山町,town,11348,13017,222,326,352,453,459,321,404,477,660,916,871,699,817,1145,1743,1437,945,447,225,88,10,1715,6400,99,144,185,226,241,156,216,246,360,499,464,367,369,524,833,691,494,193,77,15,1,780,6617,123,182,167,227,218,165,188,231,300,417,407,332,448,621,910,746,451,254,148,73,9,935
2023,2023-01-01,11349,113492,埼玉県,比企郡ときがわ町,town,11349,10390,192,294,347,375,365,281,360,447,539,643,685,697,877,987,1229,784,586,382,231,74,15,1288,5237,104,142,170,186,193,170,208,224,285,348,360,369,430,498,661,394,276,135,69,13,2,495,5153,88,152,177,189,172,111,152,223,254,295,325,328,447,489,568,390,310,247,162,61,13,793
2023,2023-01-01,11360,113603,埼玉県,秩父郡,gun_agg,,36540,744,1078,1444,1601,1420,1096,1264,1593,1812,2352,2569,2409,2705,3167,3770,2601,2196,1543,839,299,38,4915,18156,372,535,762,806,773,617,708,817,1001,1208,1333,1251,1364,1623,1882,1258,944,610,231,57,4,1846,18384,372,543,682,795,647,479,556,776,811,1144,1236,1158,1341,1544,1888,1343,1252,933,608,242,34,3069
2023,2023-01-01,11361,113611,埼玉県,秩父郡横瀬町,town,11361,7748,209,257,316,352,352,288,318,381,369,474,548,600,558,615,715,478,441,273,146,51,7,918,3848,99,120,159,171,189,176,189,196,214,225,282,316,273,323,343,227,187,103,48,8,0,346,3900,110,137,157,181,163,112,129,185,155,249,266,284,285,292,372,251,254,170,98,43,7,572
2023,2023-01-01,11362,113620,埼玉県,秩父郡皆野町,town,11362,9139,215,291,388,389,345,286,320,404,467,629,634,564,625,785,930,661,529,397,197,74,9,1206,4555,119,153,206,193,183,157,188,211,251,326,311,314,322,393,467,318,225,151,52,13,2,443,4584,96,138,182,196,162,129,132,193,216,303,323,250,303,392,463,343,304,246,145,61,7,763
2023,2023-01-01,11363,113638,埼玉県,秩父郡長瀞町,town,11363,6628,124,211,237,291,267,182,214,254,314,472,474,438,509,513,663,560,421,284,144,48,8,905,3248,65,109,128,135,155,93,123,123,167,235,252,208,258,267,323,262,177,124,31,12,1,345,3380,59,102,109,156,112,89,91,131,147,237,222,230,251,246,340,298,244,160,113,36,7,560
2023,2023-01-01,11365,113654,埼玉県,秩父郡小鹿野町,town,11365,10487,163,269,442,485,365,256,338,457,547,643,719,664,814,1009,1130,696,615,479,291,97,8,1490,5210,70,130,241,260,200,140,173,238,301,340,384,344,424,502,571,346,260,187,80,19,0,546,5277,93,139,201,225,165,116,165,219,246,303,335,320,390,507,559,350,355,292,211,78,8,944
2023,2023-01-01,11369,113697,埼玉県,秩父郡東秩父村,village,11369,2538,33,50,61,84,91,84,74,97,115,134,194,143,199,245,332,206,190,110,61,29,6,396,1295,19,23,28,47,46,51,35,49,68,82,104,69,87,138,178,105,95,45,20,5,1,166,1243,14,27,33,37,45,33,39,48,47,52,90,74,112,107,154,101,95,65,41,24,5,230
2023,2023-01-01,11380,113808,埼玉県,児玉郡,gun_agg,,52571,1418,1887,2252,2524,2479,2177,2277,2724,3194,4139,3889,3480,3532,3829,4621,3310,2268,1482,786,266,37,4839,26467,750,962,1134,1302,1300,1176,1232,1428,1680,2188,2076,1762,1828,1923,2241,1651,1030,533,216,52,3,1834,26104,668,925,1118,1222,1179,1001,1045,1296,1514,1951,1813,1718,1704,1906,2380,1659,1238,949,570,214,34,3005
2023,2023-01-01,11381,113816,埼玉県,児玉郡美里町,town,11381,10714,291,390,452,474,454,392,458,542,643,807,706,705,751,797,989,684,527,374,197,74,7,1179,5396,159,204,223,242,251,218,256,287,329,428,371,373,406,387,491,339,242,125,54,11,0,432,5318,132,186,229,232,203,174,202,255,314,379,335,332,345,410,498,345,285,249,143,63,7,747
2023,2023-01-01,11383,113832,埼玉県,児玉郡神川町,town,11383,12553,257,427,523,535,608,488,497,603,693,919,941,908,886,1046,1152,819,608,390,179,64,10,1251,6437,125,230,266,280,313,284,272,328,365,486,511,468,457,560,593,411,268,150,53,17,0,488,6116,132,197,257,255,295,204,225,275,328,433,430,440,429,486,559,408,340,240,126,47,10,763
2023,2023-01-01,11385,113859,埼玉県,児玉郡上里町,town,11385,29304,870,1070,1277,1515,1417,1297,1322,1579,1858,2413,2242,1867,1895,1986,2480,1807,1133,718,410,128,20,2409,14634,466,528,645,780,736,674,704,813,986,1274,1194,921,965,976,1157,901,520,258,109,24,3,914,14670,404,542,632,735,681,623,618,766,872,1139,1048,946,930,1010,1323,906,613,460,301,104,17,1495
2023,2023-01-01,11400,114006,埼玉県,大里郡,gun_agg,,31582,800,1052,1158,1256,1396,1319,1358,1543,1669,2195,2307,2125,2289,2513,2977,2242,1638,1019,532,172,22,3383,15756,404,537,592,659,752,692,720,816,914,1158,1207,1095,1138,1253,1499,1032,726,360,155,45,2,1288,15826,396,515,566,597,644,627,638,727,755,1037,1100,1030,1151,1260,1478,1210,912,659,377,127,20,2095
2023,2023-01-01,11408,114081,埼玉県,大里郡寄居町,town,11408,31582,800,1052,1158,1256,1396,1319,1358,1543,1669,2195,2307,2125,2289,2513,2977,2242,1638,1019,532,172,22,3383,15756,404,537,592,659,752,692,720,816,914,1158,1207,1095,1138,1253,1499,1032,726,360,155,45,2,1288,15826,396,515,566,597,644,627,638,727,755,1037,1100,1030,1151,1260,1478,1210,912,659,377,127,20,2095
2023,2023-01-01,11440,114405,埼玉県,南埼玉郡,gun_agg,,33006,1045,1335,1228,1295,1493,1436,1618,1843,1980,2524,2504,1904,1829,2070,2792,2516,1994,1061,428,99,12,3594,16541,536,665,627,662,794,754,873,998,1051,1376,1300,995,885,1017,1324,1141,920,466,143,14,0,1543,16465,509,670,601,633,699,682,745,845,929,1148,1204,909,944,1053,1468,1375,1074,595,285,85,12,2051
2023,2023-01-01,11442,114421,埼玉県,南埼玉郡宮代町,town,11442,33006,1045,1335,1228,1295,1493,1436,1618,1843,1980,2524,2504,1904,1829,2070,2792,2516,1994,1061,428,99,12,3594,16541,536,665,627,662,794,754,873,998,1051,1376,1300,995,885,1017,1324,1141,920,466,143,14,0,1543,16465,509,670,601,633,699,682,745,845,929,1148,1204,909,944,1053,1468,1375,1074,595,285,85,12,2051
2023,2023-01-01,11460,114600,埼玉県,北葛飾郡,gun_agg,,71421,1747,2436,2963,3383,3427,2907,2800,3379,4121,5612,6384,4750,4205,4715,6423,5311,3809,2068,767,182,32,6858,35857,900,1231,1588,1773,1764,1512,1484,1759,2169,3024,3399,2458,2062,2312,3072,2475,1752,859,230,34,0,2875,35564,847,1205,1375,1610,1663,1395,1316,1620,1952,2588,2985,2292,2143,2403,3351,2836,2057,1209,537,148,32,3983
2023,2023-01-01,11464,114642,埼玉県,北葛飾郡杉戸町,town,11464,43473,1077,1480,1785,1951,1990,1708,1676,2088,2552,3413,3623,2753,2553,2957,4032,3418,2419,1330,519,126,23,4417,21766,548,748,958,1060,1027,880,872,1083,1333,1849,1910,1387,1253,1445,1942,1574,1140,566,164,27,0,1897,21707,529,732,827,891,963,828,804,1005,1219,1564,1713,1366,1300,1512,2090,1844,1279,764,355,99,23,2520
2023,2023-01-01,11465,114651,埼玉県,北葛飾郡松伏町,town,11465,27948,670,956,1178,1432,1437,1199,1124,1291,1569,2199,2761,1997,1652,1758,2391,1893,1390,738,248,56,9,2441,14091,352,483,630,713,737,632,612,676,836,1175,1489,1071,809,867,1130,901,612,293,66,7,0,978,13857,318,473,548,719,700,567,512,615,733,1024,1272,926,843,891,1261,992,778,445,182,49,9,1463
2023,2023-01-01,12000,120006,千葉県,,pref,,6131705,206237,242662,261055,272076,305387,311991,316153,358418,397812,480580,498183,404096,348167,349727,445898,371304,286241,175335,76205,21092,3086,561959,3054469,105609,124491,134223,139423,156960,160230,163871,186302,206747,250919,260747,210772,178288,172727,211989,169095,125838,68682,22930,4281,345,222076,3077236,100628,118171,126832,132653,148427,151761,152282,172116,191065,229661,237436,193324,169879,177000,233909,202209,160403,106653,53275,16811,2741,339883
2023,2023-01-01,12100,121002,千葉県,千葉市,city_agg,,946199,30983,36449,40217,43541,50545,48684,48318,53420,60246,76495,83043,66144,52984,49262,63695,56023,44993,27236,10706,2778,437,86150,470631,15956,18776,20660,22064,25684,24899,24953,27790,31129,39289,43088,34745,27561,24561,30075,24894,19574,11013,3321,548,51,34507,475568,15027,17673,19557,21477,24861,23785,23365,25630,29117,37206,39955,31399,25423,24701,33620,31129,25419,16223,7385,2230,386,51643
2023,2023-01-01,12101,121011,千葉県,千葉市中央区,ward,12100,205275,7212,7713,8180,8550,12302,14349,13236,13608,13829,16639,17185,13583,11074,9817,11732,9759,7972,5398,2346,683,108,16507,104053,3769,4023,4269,4296,6127,7408,7020,7283,7275,8824,9118,7280,5886,5092,5820,4363,3404,1959,691,133,13,6200,101222,3443,3690,3911,4254,6175,6941,6216,6325,6554,7815,8067,6303,5188,4725,5912,5396,4568,3439,1655,550,95,10307
2023,2023-01-01,12102,121029,千葉県,千葉市花見川区,ward,12100,171390,5209,6005,6634,7464,9149,9029,8843,9262,10353,13547,15293,12261,9372,8964,12142,10989,8899,5306,2073,516,80,16874,85032,2623,3066,3458,3783,4567,4594,4614,4845,5371,7069,8015,6454,4912,4351,5683,4819,3859,2185,656,98,10,6808,86358,2586,2939,3176,3681,4582,4435,4229,4417,4982,6478,7278,5807,4460,4613,6459,6170,5040,3121,1417,418,70,10066
2023,2023-01-01,12103,121037,千葉県,千葉市稲毛区,ward,12100,153461,4715,6107,6704,7361,8453,7425,7488,8662,10044,12356,13061,10183,8498,8586,10623,9195,7098,4559,1822,445,76,14000,76455,2402,3128,3391,3716,4588,3872,3950,4435,5250,6313,6865,5326,4336,4241,5026,4097,2995,1844,581,90,9,5519,77006,2313,2979,3313,3645,3865,3553,3538,4227,4794,6043,6196,4857,4162,4345,5597,5098,4103,2715,1241,355,67,8481
2023,2023-01-01,12104,121045,千葉県,千葉市若葉区,ward,12100,143283,4237,5074,5653,6131,6818,6592,6550,7370,8564,10998,12158,9713,8168,7789,10729,10232,8727,5240,1968,496,76,16507,72173,2146,2645,2924,3197,3526,3441,3452,3959,4530,5828,6511,5324,4291,4027,5092,4477,3849,2216,617,112,9,6803,71110,2091,2429,2729,2934,3292,3151,3098,3411,4034,5170,5647,4389,3877,3762,5637,5755,4878,3024,1351,384,67,9704
2023,2023-01-01,12105,121053,千葉県,千葉市緑区,ward,12100,128274,5012,5935,6519,6830,6633,6196,6588,7358,8150,10075,11120,9160,7933,6972,7918,6320,4921,2946,1285,341,62,9555,63043,2601,3082,3292,3432,3303,3053,3261,3710,4085,4990,5608,4562,4016,3494,3887,2886,2234,1127,351,63,6,3781,65231,2411,2853,3227,3398,3330,3143,3327,3648,4065,5085,5512,4598,3917,3478,4031,3434,2687,1819,934,278,56,5774
2023,2023-01-01,12106,121061,千葉県,千葉市美浜区,ward,12100,144516,4598,5615,6527,7205,7190,5093,5613,7160,9306,12880,14226,11244,7939,7134,10551,9528,7376,3787,1212,297,35,12707,69875,2415,2832,3326,3640,3573,2531,2656,3558,4618,6265,6971,5799,4120,3356,4567,4252,3233,1682,425,52,4,5396,74641,2183,2783,3201,3565,3617,2562,2957,3602,4688,6615,7255,5445,3819,3778,5984,5276,4143,2105,787,245,31,7311
2023,2023-01-01,12202,122025,千葉県,銚子市,city,12202,53875,853,1303,1738,2015,1952,1668,1806,2211,2699,3264,3905,4117,4250,4714,5502,4191,3492,2589,1214,356,36,7687,26071,409,636,894,1027,1055,998,989,1153,1426,1710,1998,2067,2080,2367,2683,1911,1430,839,331,65,3,2668,27804,444,667,844,988,897,670,817,1058,1273,1554,1907,2050,2170,2347,2819,2280,2062,1750,883,291,33,5019
2023,2023-01-01,12203,122033,千葉県,市川市,city,12203,473976,17836,18617,18440,19239,26304,33671,31792,32118,33536,39079,40475,32571,25085,21927,26814,22726,17178,10639,4536,1220,173,33746,239767,9078,9525,9498,9790,13490,17571,16598,17079,17962,20697,21432,17392,13190,10921,12685,10162,7173,3998,1274,235,17,12697,234209,8758,9092,8942,9449,12814,16100,15194,15039,15574,18382,19043,15179,11895,11006,14129,12564,10005,6641,3262,985,156,21049
2023,2023-01-01,12204,122041,千葉県,船橋市,city,12204,627773,22139,26413,28782,28520,33206,36505,34830,38095,43348,52881,54051,42178,32244,29087,37779,33814,27961,17244,6775,1693,228,53901,312647,11323,13551,14862,14603,17403,18672,17942,19656,22198,27457,28142,22271,16790,14191,17399,14793,11893,6893,2181,397,30,21394,315126,10816,12862,13920,13917,15803,17833,16888,18439,21150,25424,25909,19907,15454,14896,20380,19021,16068,10351,4594,1296,198,32507
2023,2023-01-01,12205,122050,千葉県,館山市,city,12205,44156,1056,1310,1693,1775,1530,1551,1579,1885,2369,3014,3033,2664,2796,3289,4583,3750,2735,1999,1082,405,58,6279,21463,557,698,876,959,852,876,832,960,1185,1537,1579,1318,1420,1583,2232,1739,1160,724,287,82,7,2260,22693,499,612,817,816,678,675,747,925,1184,1477,1454,1346,1376,1706,2351,2011,1575,1275,795,323,51,4019
2023,2023-01-01,12206,122068,千葉県,木更津市,city,12206,133404,4910,5796,6175,6139,6322,6502,6868,8008,8843,10587,10536,7770,7169,7554,9892,8324,6283,3571,1628,454,73,12009,67365,2488,2978,3172,3121,3380,3489,3633,4235,4651,5669,5618,4114,3723,3821,4667,3799,2832,1391,473,102,9,4807,66039,2422,2818,3003,3018,2942,3013,3235,3773,4192,4918,4918,3656,3446,3733,5225,4525,3451,2180,1155,352,64,7202
2023,2023-01-01,12207,122076,千葉県,松戸市,city,12207,479216,16095,18292,19069,20187,25070,27372,26318,28459,30771,37691,41247,33822,26569,24436,32090,28025,22519,14037,5562,1356,229,43703,238175,8239,9481,9687,10449,12508,13757,13570,14886,16232,19784,21609,17899,13737,12025,14874,12406,9484,5498,1748,280,22,17032,241041,7856,8811,9382,9738,12562,13615,12748,13573,14539,17907,19638,15923,12832,12411,17216,15619,13035,8539,3814,1076,207,26671
2023,2023-01-01,12208,122084,千葉県,野田市,city,12208,149392,4321,5439,6496,7207,7266,6521,6441,7882,9319,11780,11465,9175,8401,9573,13204,10747,7519,4307,1751,501,77,14155,74969,2226,2734,3408,3704,3852,3431,3413,4149,4941,6337,6160,4814,4240,4596,6175,5096,3446,1631,511,94,11,5693,74423,2095,2705,3088,3503,3414,3090,3028,3733,4378,5443,5305,4361,4161,4977,7029,5651,4073,2676,1240,407,66,8462
2023,2023-01-01,12210,122106,千葉県,茂原市,city,12210,85859,2236,2821,3348,3529,3621,3621,3650,4324,4964,6256,6596,5769,5740,5937,7845,6223,4704,2866,1355,388,66,9379,42633,1132,1436,1765,1765,1854,1939,1937,2299,2588,3311,3435,2965,2876,2965,3770,2908,2098,1103,404,74,9,3688,43226,1104,1385,1583,1764,1767,1682,1713,2025,2376,2945,3161,2804,2864,2972,4075,3315,2606,1763,951,314,57,5691
2023,2023-01-01,12211,122114,千葉県,成田市,city,12211,124152,4075,5260,6150,6240,7673,7190,6559,7477,8814,9845,9449,7162,6727,7317,8657,6384,4421,2834,1418,439,61,9173,62058,2039,2717,3189,3229,3767,3654,3466,3799,4543,5070,4982,3726,3403,3672,4301,3027,1946,1063,379,82,4,3474,62094,2036,2543,2961,3011,3906,3536,3093,3678,4271,4775,4467,3436,3324,3645,4356,3357,2475,1771,1039,357,57,5699
2023,2023-01-01,12212,122122,千葉県,佐倉市,city,12212,167202,4426,6083,6946,7429,7252,6403,6787,8452,10054,12480,13242,10729,10223,11423,15178,12738,9243,5267,2116,634,97,17357,82168,2317,3122,3564,3894,3700,3293,3499,4305,5149,6350,6858,5418,5042,5359,7129,5907,4246,2216,661,122,17,7262,85034,2109,2961,3382,3535,3552,3110,3288,4147,4905,6130,6384,5311,5181,6064,8049,6831,4997,3051,1455,512,80,10095
2023,2023-01-01,12213,122131,千葉県,東金市,city,12213,55391,1442,1921,2235,2528,2617,2410,2572,2981,3264,3830,4025,3770,3959,4232,4935,3541,2497,1564,797,245,26,5129,27718,743,1007,1103,1315,1406,1280,1372,1567,1707,2019,2109,1894,2003,2119,2477,1665,1118,553,213,47,1,1932,27673,699,914,1132,1213,1211,1130,1200,1414,1557,1811,1916,1876,1956,2113,2458,1876,1379,1011,584,198,25,3197
2023,2023-01-01,12215,122157,千葉県,旭市,city,12215,61696,1855,2298,2589,2792,2658,2722,2801,3499,3690,4237,4260,3956,4215,4749,5311,3744,2807,2034,1131,306,42,6320,30392,941,1156,1343,1401,1311,1430,1470,1844,1929,2248,2216,2003,2164,2374,2600,1751,1143,702,298,64,4,2211,31304,914,1142,1246,1391,1347,1292,1331,1655,1761,1989,2044,1953,2051,2375,2711,1993,1664,1332,833,242,38,4109
2023,2023-01-01,12216,122165,千葉県,習志野市,city,12216,170169,6197,7447,7699,7994,9720,9174,9147,10847,11969,13939,14338,11641,9041,7928,10157,8778,7211,4524,1856,487,75,14153,84744,3178,3821,3965,4167,5270,4667,4731,5593,6197,7165,7431,6065,4633,3840,4647,3857,3051,1779,588,93,6,5517,85425,3019,3626,3734,3827,4450,4507,4416,5254,5772,6774,6907,5576,4408,4088,5510,4921,4160,2745,1268,394,69,8636
2023,2023-01-01,12217,122173,千葉県,柏市,city,12217,422765,16519,18438,18998,18716,20565,21476,23518,27143,29874,34237,32988,26108,21986,22220,29376,24687,18625,11231,4658,1232,170,35916,208934,8461,9306,9735,9471,10478,10885,11949,13981,15310,17938,17232,13392,10974,10542,13569,11197,8237,4572,1424,259,22,14514,213831,8058,9132,9263,9245,10087,10591,11569,13162,14564,16299,15756,12716,11012,11678,15807,13490,10388,6659,3234,973,148,21402
2023,2023-01-01,12218,122181,千葉県,勝浦市,city,12218,15899,243,357,433,598,833,379,408,559,686,862,1012,1048,1152,1436,1792,1446,1108,894,462,167,24,2655,7931,113,179,209,332,556,219,237,304,358,485,522,525,602,737,912,698,468,316,121,37,1,943,7968,130,178,224,266,277,160,171,255,328,377,490,523,550,699,880,748,640,578,341,130,23,1712
2023,2023-01-01,12219,122190,千葉県,市原市,city,12219,263735,7829,9792,10930,11694,12826,12670,12862,14578,16025,19837,20268,16912,15790,18003,21694,17417,13039,7410,3157,890,112,24608,136125,4031,5011,5653,6085,6960,7022,7256,7852,8707,10863,11015,8965,8176,9301,10913,8233,6008,2963,900,198,13,10082,127610,3798,4781,5277,5609,5866,5648,5606,6726,7318,8974,9253,7947,7614,8702,10781,9184,7031,4447,2257,692,99,14526
2023,2023-01-01,12220,122203,千葉県,流山市,city,12220,204979,11912,11951,9926,8317,8185,10394,13623,16618,16499,16403,14615,10606,8952,9053,11901,10597,8021,4685,2095,527,99,15427,101042,6073,6168,5009,4261,4104,5034,6620,8300,8437,8629,7664,5426,4460,4257,5399,4824,3655,1947,655,107,13,6377,103937,5839,5783,4917,4056,4081,5360,7003,8318,8062,7774,6951,5180,4492,4796,6502,5773,4366,2738,1440,420,86,9050
2023,2023-01-01,12221,122211,千葉県,八千代市,city,12221,198046,7606,8351,8923,9585,10256,10048,10369,11663,13036,16351,17600,13277,10428,9263,12380,11326,9349,5470,2158,526,81,17584,97951,3904,4288,4669,4862,5092,4973,5261,5942,6688,8335,9195,6927,5394,4525,5701,5014,4045,2284,726,118,8,7181,100095,3702,4063,4254,4723,5164,5075,5108,5721,6348,8016,8405,6350,5034,4738,6679,6312,5304,3186,1432,408,73,10403
2023,2023-01-01,12222,122220,千葉県,我孫子市,city,12222,128723,3685,4543,5203,5990,6261,5522,5550,6547,7625,10234,11076,8815,7364,7343,9711,9221,7428,4318,1749,463,75,14033,63115,1910,2292,2699,3136,3180,2762,2887,3397,3897,5158,5723,4569,3740,3518,4297,4066,3411,1778,581,103,11,5884,65608,1775,2251,2504,2854,3081,2760,2663,3150,3728,5076,5353,4246,3624,3825,5414,5155,4017,2540,1168,360,64,8149
2023,2023-01-01,12223,122238,千葉県,鴨川市,city,12223,30677,799,885,1112,1119,1508,1316,1132,1279,1529,2025,2090,1747,1891,2270,3045,2453,1936,1408,802,281,50,4477,14739,430,451,581,606,618,640,563,658,758,1036,1071,886,968,1136,1463,1146,877,517,252,74,8,1728,15938,369,434,531,513,890,676,569,621,771,989,1019,861,923,1134,1582,1307,1059,891,550,207,42,2749
2023,2023-01-01,12224,122246,千葉県,鎌ケ谷市,city,12224,107597,3384,4043,4687,4753,5228,5317,5252,6036,6942,8743,9285,6972,5717,5804,7916,7346,5680,3077,1101,277,37,10172,53032,1684,2061,2372,2436,2571,2535,2691,3140,3597,4561,4967,3660,2898,2784,3588,3262,2583,1245,338,57,2,4225,54565,1700,1982,2315,2317,2657,2782,2561,2896,3345,4182,4318,3312,2819,3020,4328,4084,3097,1832,763,220,35,5947
2023,2023-01-01,12225,122254,千葉県,君津市,city,12225,80059,2282,2752,2972,3413,3877,3731,3912,4132,4430,5588,5908,5156,5165,5669,7020,5259,4354,2695,1353,338,53,8793,40839,1170,1409,1566,1825,2231,2103,2281,2279,2371,3048,3086,2672,2639,2907,3538,2367,1950,947,386,61,3,3347,39220,1112,1343,1406,1588,1646,1628,1631,1853,2059,2540,2822,2484,2526,2762,3482,2892,2404,1748,967,277,50,5446
2023,2023-01-01,12226,122262,千葉県,富津市,city,12226,41175,771,1168,1431,1591,1655,1458,1509,1832,2097,2707,2934,2778,2874,3317,4146,3352,2676,1688,885,270,36,5555,20949,398,621,742,849,961,875,888,965,1140,1492,1587,1443,1494,1745,2101,1509,1171,652,261,52,3,2139,20226,373,547,689,742,694,583,621,867,957,1215,1347,1335,1380,1572,2045,1843,1505,1036,624,218,33,3416
2023,2023-01-01,12227,122271,千葉県,浦安市,city,12227,165422,5834,6846,7477,8570,12223,12441,9955,10660,11366,13567,15026,12136,8315,6885,8681,6790,4719,2582,1026,295,28,8650,80365,2966,3551,3809,4249,5717,5819,4660,5204,5552,6615,7547,6328,4325,3199,4075,3182,2133,1070,309,53,2,3567,85057,2868,3295,3668,4321,6506,6622,5295,5456,5814,6952,7479,5808,3990,3686,4606,3608,2586,1512,717,242,26,5083
2023,2023-01-01,12228,122289,千葉県,四街道市,city,12228,93182,3765,4287,4304,4241,4103,4092,4642,5502,6013,7367,7496,5535,4620,4741,6875,6594,5063,2633,1003,262,44,9005,46281,1958,2200,2254,2221,2115,2023,2333,2799,3134,3843,3944,2817,2392,2304,3057,2931,2418,1131,343,60,4,3956,46901,1807,2087,2050,2020,1988,2069,2309,2703,2879,3524,3552,2718,2228,2437,3818,3663,2645,1502,660,202,40,5049
2023,2023-01-01,12229,122297,千葉県,袖ケ浦市,city,12229,64662,2911,3139,2927,2834,2836,3057,3835,4157,4328,5014,4835,3675,3476,3986,5013,3739,2579,1426,683,182,30,4900,32752,1465,1580,1505,1466,1528,1606,2056,2171,2291,2699,2566,1885,1742,1990,2409,1802,1209,560,180,38,4,1991,31910,1446,1559,1422,1368,1308,1451,1779,1986,2037,2315,2269,1790,1734,1996,2604,1937,1370,866,503,144,26,2909
2023,2023-01-01,12230,122301,千葉県,八街市,city,12230,64318,1450,1830,2402,2700,2842,2691,2841,3148,3401,4473,5175,4958,4782,5268,6274,4334,3149,1639,733,206,22,5749,32862,758,945,1213,1405,1466,1481,1531,1709,1862,2376,2772,2650,2422,2736,3167,2052,1442,615,215,44,1,2317,31456,692,885,1189,1295,1376,1210,1310,1439,1539,2097,2403,2308,2360,2532,3107,2282,1707,1024,518,162,21,3432
2023,2023-01-01,12231,122319,千葉県,印西市,city,12231,107245,5814,6428,5766,5181,4302,4061,6067,7845,7925,7777,7080,6391,6760,7263,7531,4636,3053,1996,1046,293,30,6418,53275,2935,3351,2927,2653,2202,1928,2996,3939,4004,4030,3643,3124,3264,3629,3854,2291,1439,724,296,43,3,2505,53970,2879,3077,2839,2528,2100,2133,3071,3906,3921,3747,3437,3267,3496,3634,3677,2345,1614,1272,750,250,27,3913
2023,2023-01-01,12232,122327,千葉県,白井市,city,12232,61494,1832,2665,3375,3568,2713,2174,2379,3259,4065,5372,5093,3910,3581,3779,4793,3958,2801,1419,576,166,16,4978,30461,942,1318,1760,1847,1306,1131,1220,1616,2056,2769,2661,2014,1779,1776,2298,1859,1315,592,173,26,3,2109,31033,890,1347,1615,1721,1407,1043,1159,1643,2009,2603,2432,1896,1802,2003,2495,2099,1486,827,403,140,13,2869
2023,2023-01-01,12233,122335,千葉県,富里市,city,12233,46504,1293,1653,1893,2015,2173,2339,2379,2717,3045,3613,3545,2692,2829,3417,4311,3167,1918,956,411,117,21,3423,23680,682,858,948,1025,1089,1267,1281,1446,1622,1946,1909,1418,1395,1694,2114,1556,911,394,104,20,1,1430,22824,611,795,945,990,1084,1072,1098,1271,1423,1667,1636,1274,1434,1723,2197,1611,1007,562,307,97,20,1993
2023,2023-01-01,12234,122343,千葉県,南房総市,city,12234,35102,574,972,1144,1272,903,765,868,1219,1662,2122,2274,2140,2518,3033,4152,3287,2666,1918,1140,409,64,6197,16957,289,491,575,626,483,416,469,639,852,1090,1180,1100,1327,1526,2121,1520,1164,664,345,70,10,2253,18145,285,481,569,646,420,349,399,580,810,1032,1094,1040,1191,1507,2031,1767,1502,1254,795,339,54,3944
2023,2023-01-01,12235,122351,千葉県,匝瑳市,city,12235,33724,741,1176,1296,1428,1312,1136,1280,1642,1921,2372,2408,2201,2442,2676,3197,2322,1759,1370,765,243,37,4174,16765,393,628,657,700,729,585,690,901,984,1309,1273,1156,1220,1348,1597,1118,751,462,218,41,5,1477,16959,348,548,639,728,583,551,590,741,937,1063,1135,1045,1222,1328,1600,1204,1008,908,547,202,32,2697
2023,2023-01-01,12236,122360,千葉県,香取市,city,12236,70545,1545,2072,2579,2827,2714,2403,2650,3351,3854,4724,5019,4539,5156,5833,7006,5083,4033,2926,1645,511,75,9190,35024,794,1083,1336,1420,1461,1339,1440,1796,2057,2510,2664,2328,2639,3000,3472,2361,1734,1026,451,108,5,3324,35521,751,989,1243,1407,1253,1064,1210,1555,1797,2214,2355,2211,2517,2833,3534,2722,2299,1900,1194,403,70,5866
2023,2023-01-01,12237,122378,千葉県,山武市,city,12237,47423,992,1361,1622,1887,1776,1679,1900,2163,2484,3111,3569,3362,3522,4159,4808,3514,2602,1704,899,269,40,5514,23813,528,731,830,1016,943,886,985,1173,1306,1659,1849,1763,1808,2161,2461,1655,1115,627,268,46,3,2059,23610,464,630,792,871,833,793,915,990,1178,1452,1720,1599,1714,1998,2347,1859,1487,1077,631,223,37,3455
2023,2023-01-01,12238,122386,千葉県,いすみ市,city,12238,35330,738,1036,1261,1216,1117,933,1070,1496,1876,2294,2380,2258,2574,2942,3679,3068,2343,1715,989,302,43,5392,17418,378,560,640,623,614,527,558,795,993,1218,1231,1149,1304,1513,1804,1478,1046,634,290,58,5,2033,17912,360,476,621,593,503,406,512,701,883,1076,1149,1109,1270,1429,1875,1590,1297,1081,699,244,38,3359
2023,2023-01-01,12239,122394,千葉県,大網白里市,city,12239,47706,1253,1650,1918,2028,1959,1840,2008,2408,2812,3395,3392,3228,3563,3746,4505,3283,2356,1414,686,236,26,4718,23598,657,850,961,1029,995,931,1068,1240,1438,1794,1709,1609,1743,1883,2232,1599,1071,539,193,54,3,1860,24108,596,800,957,999,964,909,940,1168,1374,1601,1683,1619,1820,1863,2273,1684,1285,875,493,182,23,2858
2023,2023-01-01,12320,123200,千葉県,印旛郡,gun_agg,,39245,838,1164,1371,1640,2139,1397,1439,1925,2271,2790,2799,2198,2368,3261,4361,3197,2178,1201,534,153,21,4087,19439,416,577,676,812,1174,721,764,1042,1195,1457,1480,1097,1151,1519,2058,1568,1038,493,170,27,4,1732,19806,422,587,695,828,965,676,675,883,1076,1333,1319,1101,1217,1742,2303,1629,1140,708,364,126,17,2355
2023,2023-01-01,12322,123226,千葉県,印旛郡酒々井町,town,12322,19642,442,607,741,975,1387,761,746,938,1167,1587,1546,1064,975,1191,1841,1632,1135,610,233,57,7,2042,9763,227,297,372,494,785,388,381,502,596,815,823,541,502,542,832,766,548,265,77,9,1,900,9879,215,310,369,481,602,373,365,436,571,772,723,523,473,649,1009,866,587,345,156,48,6,1142
2023,2023-01-01,12329,123293,千葉県,印旛郡栄町,town,12329,19603,396,557,630,665,752,636,693,987,1104,1203,1253,1134,1393,2070,2520,1565,1043,591,301,96,14,2045,9676,189,280,304,318,389,333,383,540,599,642,657,556,649,977,1226,802,490,228,93,18,3,832,9927,207,277,326,347,363,303,310,447,505,561,596,578,744,1093,1294,763,553,363,208,78,11,1213
2023,2023-01-01,12340,123404,千葉県,香取郡,gun_agg,,31716,719,976,1154,1199,1135,1036,1157,1478,1609,2094,2193,2072,2328,2685,3194,2301,1899,1431,762,260,34,4386,15928,372,499,581,635,623,586,639,817,900,1095,1148,1076,1228,1379,1610,1086,850,507,241,53,3,1654,15788,347,477,573,564,512,450,518,661,709,999,1045,996,1100,1306,1584,1215,1049,924,521,207,31,2732
2023,2023-01-01,12342,123421,千葉県,香取郡神崎町,town,12342,5609,136,169,170,226,240,205,211,240,299,384,433,442,419,442,495,387,324,228,117,38,4,711,2836,72,76,88,127,128,114,119,132,156,205,228,229,238,231,245,176,147,87,30,8,0,272,2773,64,93,82,99,112,91,92,108,143,179,205,213,181,211,250,211,177,141,87,30,4,439
2023,2023-01-01,12347,123471,千葉県,香取郡多古町,town,12347,13328,301,419,484,457,461,434,503,642,670,831,887,883,1027,1151,1284,905,812,678,355,129,15,1989,6747,150,209,237,251,271,243,280,352,385,444,472,456,546,597,681,428,357,239,118,29,2,745,6581,151,210,247,206,190,191,223,290,285,387,415,427,481,554,603,477,455,439,237,100,13,1244
2023,2023-01-01,12349,123498,千葉県,香取郡東庄町,town,12349,12779,282,388,500,516,434,397,443,596,640,879,873,747,882,1092,1415,1009,763,525,290,93,15,1686,6345,150,214,256,257,224,229,240,333,359,446,448,391,444,551,684,482,346,181,93,16,1,637,6434,132,174,244,259,210,168,203,263,281,433,425,356,438,541,731,527,417,344,197,77,14,1049
2023,2023-01-01,12400,124001,千葉県,山武郡,gun_agg,,43095,877,1308,1563,1692,1568,1389,1492,1990,2271,2992,3071,2832,3015,3659,4315,3409,2464,1823,1009,308,48,5652,21410,436,658,843,874,857,734,773,1068,1195,1622,1630,1487,1531,1824,2214,1625,1042,667,268,59,3,2039,21685,441,650,720,818,711,655,719,922,1076,1370,1441,1345,1484,1835,2101,1784,1422,1156,741,249,45,3613
2023,2023-01-01,12403,124036,千葉県,山武郡九十九里町,town,12403,14261,211,341,442,507,485,383,434,555,722,1018,1058,1032,977,1351,1567,1243,904,623,297,98,13,1935,7106,105,169,242,259,261,200,230,305,379,558,601,553,515,647,820,583,376,216,67,20,0,679,7155,106,172,200,248,224,183,204,250,343,460,457,479,462,704,747,660,528,407,230,78,13,1256
2023,2023-01-01,12409,124095,千葉県,山武郡芝山町,town,12409,6633,128,196,253,267,243,241,273,334,371,441,478,438,496,561,616,471,361,269,147,42,7,826,3366,55,98,130,135,128,119,140,197,211,251,263,224,254,294,312,235,165,112,37,6,0,320,3267,73,98,123,132,115,122,133,137,160,190,215,214,242,267,304,236,196,157,110,36,7,506
2023,2023-01-01,12410,124109,千葉県,山武郡横芝光町,town,12410,22201,538,771,868,918,840,765,785,1101,1178,1533,1535,1362,1542,1747,2132,1695,1199,931,565,168,28,2891,10938,276,391,471,480,468,415,403,566,605,813,766,710,762,883,1082,807,501,339,164,33,3,1040,11263,262,380,397,438,372,350,382,535,573,720,769,652,780,864,1050,888,698,592,401,135,25,1851
2023,2023-01-01,12420,124206,千葉県,長生郡,gun_agg,,56667,1292,1831,2083,2201,2005,1744,2052,2603,3184,3955,4009,3662,3926,4632,5866,4360,3270,2350,1209,386,47,7262,28201,673,925,1112,1124,1047,965,1085,1380,1656,2088,2113,1895,1988,2369,2919,2096,1463,894,322,83,4,2766,28466,619,906,971,1077,958,779,967,1223,1528,1867,1896,1767,1938,2263,2947,2264,1807,1456,887,303,43,4496
2023,2023-01-01,12421,124214,千葉県,長生郡一宮町,town,12421,12140,358,521,565,546,415,397,462,599,866,1031,927,726,727,782,1046,806,651,423,217,66,9,1366,6006,181,277,300,290,222,225,244,300,436,529,502,385,345,397,501,380,286,136,60,9,1,492,6134,177,244,265,256,193,172,218,299,430,502,425,341,382,385,545,426,365,287,157,57,8,874
2023,2023-01-01,12422,124222,千葉県,長生郡睦沢町,town,12422,6687,181,223,260,247,194,191,248,343,358,418,383,407,455,569,712,576,406,295,154,60,7,922,3290,91,114,136,124,91,99,132,181,196,223,193,202,233,296,346,281,182,120,38,12,0,352,3397,90,109,124,123,103,92,116,162,162,195,190,205,222,273,366,295,224,175,116,48,7,570
2023,2023-01-01,12423,124231,千葉県,長生郡長生村,village,12423,13601,276,428,510,608,654,517,521,605,778,1008,1043,952,913,944,1311,969,726,501,239,87,11,1564,6725,145,203,279,302,335,296,274,305,402,524,535,475,481,464,647,459,322,193,65,18,1,599,6876,131,225,231,306,319,221,247,300,376,484,508,477,432,480,664,510,404,308,174,69,10,965
2023,2023-01-01,12424,124249,千葉県,長生郡白子町,town,12424,10521,214,308,370,357,301,267,368,486,530,690,750,698,746,925,1186,937,687,418,205,67,11,1388,5279,110,148,193,186,181,147,179,252,279,361,407,374,381,472,601,451,314,158,66,17,2,557,5242,104,160,177,171,120,120,189,234,251,329,343,324,365,453,585,486,373,260,139,50,9,831
2023,2023-01-01,12426,124265,千葉県,長生郡長柄町,town,12426,6343,123,155,180,198,219,167,210,254,308,392,432,442,510,638,765,493,345,305,163,39,5,857,3222,64,80,99,97,97,96,124,165,160,229,228,225,271,328,400,236,153,129,33,8,0,323,3121,59,75,81,101,122,71,86,89,148,163,204,217,239,310,365,257,192,176,130,31,5,534
2023,2023-01-01,12427,124273,千葉県,長生郡長南町,town,12427,7375,140,196,198,245,222,205,243,316,344,416,474,437,575,774,846,579,455,408,231,67,4,1165,3679,82,103,105,125,121,102,132,177,183,222,248,234,277,412,424,289,206,158,60,19,0,443,3696,58,93,93,120,101,103,111,139,161,194,226,203,298,362,422,290,249,250,171,48,4,722
2023,2023-01-01,12440,124401,千葉県,夷隅郡,gun_agg,,15327,223,389,527,470,443,345,379,561,771,832,956,994,1156,1341,1869,1445,1089,819,500,189,29,2626,7444,114,187,261,233,235,209,199,302,379,433,490,502,571,696,922,734,465,305,171,30,6,977,7883,109,202,266,237,208,136,180,259,392,399,466,492,585,645,947,711,624,514,329,159,23,1649
2023,2023-01-01,12441,124419,千葉県,夷隅郡大多喜町,town,12441,8275,135,241,337,295,251,213,236,335,456,430,517,557,668,746,925,643,479,413,275,109,14,1290,4064,66,117,168,152,129,121,131,184,226,231,284,279,327,389,466,342,200,134,97,19,2,452,4211,69,124,169,143,122,92,105,151,230,199,233,278,341,357,459,301,279,279,178,90,12,838
2023,2023-01-01,12443,124435,千葉県,夷隅郡御宿町,town,12443,7052,88,148,190,175,192,132,143,226,315,402,439,437,488,595,944,802,610,406,225,80,15,1336,3380,48,70,93,81,106,88,68,118,153,202,206,223,244,307,456,392,265,171,74,11,4,525,3672,40,78,97,94,86,44,75,108,162,200,233,214,244,288,488,410,345,235,151,69,11,811
2023,2023-01-01,12460,124605,千葉県,安房郡,gun_agg,,6883,92,150,201,196,194,164,157,249,325,351,422,426,514,615,845,705,521,426,242,72,16,1277,3338,53,75,114,114,93,72,86,132,171,178,219,218,252,335,410,351,233,154,60,17,1,465,3545,39,75,87,82,101,92,71,117,154,173,203,208,262,280,435,354,288,272,182,55,15,812
2023,2023-01-01,12463,124630,千葉県,安房郡鋸南町,town,12463,6883,92,150,201,196,194,164,157,249,325,351,422,426,514,615,845,705,521,426,242,72,16,1277,3338,53,75,114,114,93,72,86,132,171,178,219,218,252,335,410,351,233,154,60,17,1,465,3545,39,75,87,82,101,92,71,117,154,173,203,208,262,280,435,354,288,272,182,55,15,812
2023,2023-01-01,13000,130001,東京都,,pref,,13260553,467915,524647,518568,517587,707010,882154,842399,901799,959525,1083002,1101441,919957,727323,627932,759152,632954,513891,354943,164692,46648,7014,1087188,6509894,239739,267776,265906,263798,351306,440933,426274,459014,489833,550573,559390,474975,371800,312001,362064,280986,208498,126977,47483,9697,871,393526,6750659,228176,256871,252662,253789,355704,441221,416125,442785,469692,532429,542051,444982,355523,315931,397088,351968,305393,227966,117209,36951,6143,693662
2023,2023-01-01,13101,131016,東京都,千代田区,special_ward,13101,64558,2842,3276,2840,2235,2942,5101,4989,5512,5670,5790,5049,4103,3026,2340,2611,2294,1705,1281,689,228,35,3938,32212,1446,1672,1435,1104,1482,2751,2718,2860,2964,2904,2486,2083,1548,1150,1224,1032,713,399,195,41,5,1353,32346,1396,1604,1405,1131,1460,2350,2271,2652,2706,2886,2563,2020,1478,1190,1387,1262,992,882,494,187,30,2585
2023,2023-01-01,13102,131024,東京都,中央区,special_ward,13102,164750,8389,8269,6204,4472,5937,11440,13400,15057,15776,16597,15085,11391,7691,5413,6124,5069,3826,2843,1329,389,49,8436,78075,4245,4167,3133,2231,2892,5549,6413,7075,7395,7832,7148,5704,3847,2637,2836,2159,1422,949,354,78,9,2812,86675,4144,4102,3071,2241,3045,5891,6987,7982,8381,8765,7937,5687,3844,2776,3288,2910,2404,1894,975,311,40,5624
2023,2023-01-01,13103,131032,東京都,港区,special_ward,13103,242276,11568,12001,9853,7666,9865,16069,17318,19610,21150,22281,21362,17522,12617,9240,10641,8701,6738,4751,2377,828,118,14812,113177,5945,6056,4998,3869,4791,7924,8099,8990,9930,10340,9930,8527,6081,4385,4731,3665,2561,1561,623,155,16,4916,129099,5623,5945,4855,3797,5074,8145,9219,10620,11220,11941,11432,8995,6536,4855,5910,5036,4177,3190,1754,673,102,9896
2023,2023-01-01,13104,131041,東京都,新宿区,special_ward,13104,306000,9648,9739,8723,8521,18011,27131,25004,24611,24181,25325,24153,19900,15705,13211,15887,13185,10455,7585,3675,1183,167,23065,152892,4931,4944,4422,4371,8774,13909,13392,13207,12983,13211,12128,10240,8058,6724,7729,5962,4173,2558,949,200,27,7907,153108,4717,4795,4301,4150,9237,13222,11612,11404,11198,12114,12025,9660,7647,6487,8158,7223,6282,5027,2726,983,140,15158
2023,2023-01-01,13105,131059,東京都,文京区,special_ward,13105,217263,9186,10319,8982,7775,11144,15230,15539,16933,17653,18572,17250,14419,11109,9224,10394,8462,6588,5013,2556,785,130,15072,103123,4694,5344,4547,3929,5529,7632,7635,8213,8495,8838,8079,6880,5326,4406,4791,3684,2585,1670,687,138,21,5101,114140,4492,4975,4435,3846,5615,7598,7904,8720,9158,9734,9171,7539,5783,4818,5603,4778,4003,3343,1869,647,109,9971
2023,2023-01-01,13106,131067,東京都,台東区,special_ward,13106,191453,5882,5710,5279,5149,8081,16219,15523,14944,15166,16246,16214,12725,10102,8744,11066,9010,7220,5124,2290,654,105,15393,97630,3029,2855,2721,2590,3910,8327,8310,8027,8066,8659,8424,6853,5521,4607,5791,4276,2965,1922,631,138,8,5664,93823,2853,2855,2558,2559,4171,7892,7213,6917,7100,7587,7790,5872,4581,4137,5275,4734,4255,3202,1659,516,97,9729
2023,2023-01-01,13107,131075,東京都,墨田区,special_ward,13107,266227,9284,9070,8433,8395,13119,24199,21976,20291,19865,21478,20747,16674,13102,12079,14803,12022,10159,6748,2898,783,102,20690,131831,4762,4533,4390,4269,6376,11904,11136,10399,10301,11135,10779,8742,6816,6046,7355,5381,4088,2438,796,173,12,7507,134396,4522,4537,4043,4126,6743,12295,10840,9892,9564,10343,9968,7932,6286,6033,7448,6641,6071,4310,2102,610,90,13183
2023,2023-01-01,13108,131083,東京都,江東区,special_ward,13108,499491,19882,21556,20392,19005,23532,31986,31539,35851,38476,44193,43879,33154,25141,22741,28866,23171,18512,11631,4600,1198,186,36127,245768,10118,11043,10412,9780,11783,15942,15814,17981,19431,22386,22471,17479,12848,10950,13779,10333,7569,4156,1244,226,23,13218,253723,9764,10513,9980,9225,11749,16044,15725,17870,19045,21807,21408,15675,12293,11791,15087,12838,10943,7475,3356,972,163,22909
2023,2023-01-01,13109,131091,東京都,品川区,special_ward,13109,390476,16176,16226,14045,12362,18098,30279,29704,32462,31802,33486,31578,24865,18867,16469,19912,16606,12789,8812,4364,1342,232,27539,190872,8159,8328,7165,6310,8942,15376,14788,16469,16063,16733,15825,12746,9637,7990,9397,7482,5101,2867,1187,285,22,9462,199604,8017,7898,6880,6052,9156,14903,14916,15993,15739,16753,15753,12119,9230,8479,10515,9124,7688,5945,3177,1057,210,18077
2023,2023-01-01,13110,131105,東京都,目黒区,special_ward,13110,268917,9860,10566,9890,8987,13046,20243,19777,21264,22326,23922,21959,18558,14099,11103,12674,11067,8568,6342,3422,1091,153,19576,126200,5032,5489,5116,4464,6230,10020,9553,10013,10523,11267,10116,8888,6897,5277,5747,4799,3390,2168,969,215,27,6769,142717,4828,5077,4774,4523,6816,10223,10224,11251,11803,12655,11843,9670,7202,5826,6927,6268,5178,4174,2453,876,126,12807
2023,2023-01-01,13111,131113,東京都,大田区,special_ward,13111,703391,23742,25589,25391,25730,40562,55414,46214,47416,49173,56183,58594,48027,38144,33307,40720,33767,26473,17731,8357,2528,329,55418,349762,12175,13080,12977,13051,20261,27518,23816,24597,25310,29098,30443,25400,19910,17014,19838,15378,10974,6160,2237,478,47,19896,353629,11567,12509,12414,12679,20301,27896,22398,22819,23863,27085,28151,22627,18234,16293,20882,18389,15499,11571,6120,2050,282,35522
2023,2023-01-01,13112,131121,東京都,世田谷区,special_ward,13112,892345,31666,36792,36536,34922,48599,61389,57605,61998,69184,77026,75378,65403,50449,39295,43718,36460,28590,21843,11330,3599,563,65925,421445,16395,18738,18743,17990,23778,29104,27427,29304,32935,36463,35630,32301,24803,19013,20189,15832,11231,7576,3157,771,65,22800,470900,15271,18054,17793,16932,24821,32285,30178,32694,36249,40563,39748,33102,25646,20282,23529,20628,17359,14267,8173,2828,498,43125
2023,2023-01-01,13113,131130,東京都,渋谷区,special_ward,13113,218565,8129,8193,6980,6210,9771,16688,17607,18695,19705,19807,17966,15130,11328,8874,9964,8480,6516,4913,2651,816,142,15038,103912,4112,4128,3509,3058,4632,8366,8770,9268,9782,9532,8351,7469,5452,4226,4660,3608,2500,1616,681,167,25,4989,114653,4017,4065,3471,3152,5139,8322,8837,9427,9923,10275,9615,7661,5876,4648,5304,4872,4016,3297,1970,649,117,10049
2023,2023-01-01,13114,131148,東京都,中野区,special_ward,13114,315321,10123,10024,9004,8774,17771,28128,26720,26071,25101,25885,24546,20390,16314,13381,16027,13112,10435,7974,4060,1276,205,23950,158654,5215,5080,4591,4444,8846,14376,14205,14220,13693,13890,12847,10696,8339,6583,7659,5779,4098,2680,1117,269,27,8191,156667,4908,4944,4413,4330,8925,13752,12515,11851,11408,11995,11699,9694,7975,6798,8368,7333,6337,5294,2943,1007,178,15759
2023,2023-01-01,13115,131156,東京都,杉並区,special_ward,13115,553865,19673,20439,19303,18755,30109,43697,40314,41646,42697,45256,44487,38022,30102,24993,27954,23484,18489,14054,7586,2409,396,42934,265485,10020,10425,9870,9523,14462,20999,19818,20801,21384,22236,21693,19060,14911,12192,12969,10371,7261,4843,2140,461,46,14751,288380,9653,10014,9433,9232,15647,22698,20496,20845,21313,23020,22794,18962,15191,12801,14985,13113,11228,9211,5446,1948,350,28183
2023,2023-01-01,13116,131164,東京都,豊島区,special_ward,13116,259771,8501,8549,7791,7559,14114,22011,20988,20891,20850,21609,20669,16949,13484,11787,13705,11200,8771,6070,3181,933,159,19114,129842,4336,4302,3959,3732,6854,11105,10891,11146,11298,11402,10805,8832,7065,6001,6705,5010,3443,1926,841,169,20,6399,129929,4165,4247,3832,3827,7260,10906,10097,9745,9552,10207,9864,8117,6419,5786,7000,6190,5328,4144,2340,764,139,12715
2023,2023-01-01,13117,131172,東京都,北区,special_ward,13117,329425,11717,12138,10810,10593,16394,24448,23314,23920,23837,25744,25019,20202,16866,16083,20551,17369,14197,9979,4741,1294,209,30420,163562,6030,6131,5594,5379,8102,12462,12087,12673,12639,13661,13114,10612,8780,8157,9996,7630,5608,3326,1287,265,29,10515,165863,5687,6007,5216,5214,8292,11986,11227,11247,11198,12083,11905,9590,8086,7926,10555,9739,8589,6653,3454,1029,180,19905
2023,2023-01-01,13118,131181,東京都,荒川区,special_ward,13118,197680,7150,7732,7527,7303,9516,13647,13379,13622,14537,16352,15685,12828,10361,9615,12214,9670,7885,5520,2399,635,103,16542,98367,3661,3926,3829,3757,4738,6963,6866,7067,7458,8433,8194,6748,5389,4863,6117,4501,3167,1906,638,128,18,5857,99313,3489,3806,3698,3546,4778,6684,6513,6555,7079,7919,7491,6080,4972,4752,6097,5169,4718,3614,1761,507,85,10685
2023,2023-01-01,13119,131199,東京都,板橋区,special_ward,13119,539869,17411,19942,19582,19646,31172,40164,36072,36457,38226,43018,42939,35247,29598,26457,32377,26603,21035,14862,6817,1956,288,44958,264419,8865,10202,10191,9930,14706,19202,17920,18590,19767,22283,22296,18492,15324,13294,15794,11881,8477,4955,1829,393,28,15682,275450,8546,9740,9391,9716,16466,20962,18152,17867,18459,20735,20643,16755,14274,13163,16583,14722,12558,9907,4988,1563,260,29276
2023,2023-01-01,13120,131202,東京都,練馬区,special_ward,13120,718101,26212,28992,29018,29800,40762,48572,47261,49081,50165,56182,58754,51344,40855,33467,37402,30840,26601,19919,9712,2777,385,59394,347906,13446,14720,14925,15365,19783,22960,22909,24479,25442,28287,29347,26321,20722,16840,17802,13399,10401,7179,2899,630,50,21159,370195,12766,14272,14093,14435,20979,25612,24352,24602,24723,27895,29407,25023,20133,16627,19600,17441,16200,12740,6813,2147,335,38235
2023,2023-01-01,13121,131211,東京都,足立区,special_ward,13121,654066,20582,23687,25943,26696,36430,43327,38225,38769,42564,52074,56239,46483,36166,31660,40263,35055,30445,19937,7591,1683,247,59903,328476,10571,12042,13321,13541,18399,22540,20071,20412,22467,27550,30031,24819,19198,16316,19597,15512,12256,7248,2199,354,32,22089,325590,10011,11645,12622,13155,18031,20787,18154,18357,20097,24524,26208,21664,16968,15344,20666,19543,18189,12689,5392,1329,215,37814
2023,2023-01-01,13122,131229,東京都,葛飾区,special_ward,13122,440250,14869,16683,17119,17464,23990,28030,25566,26811,29061,34347,36584,31649,25631,22889,27093,22606,19117,13385,5676,1491,189,39858,219688,7645,8599,8783,8987,12087,14176,13236,13990,15190,18092,19274,16500,13447,11769,13412,10154,7637,4704,1652,325,29,14347,220562,7224,8084,8336,8477,11903,13854,12330,12821,13871,16255,17310,15149,12184,11120,13681,12452,11480,8681,4024,1166,160,25511
2023,2023-01-01,13123,131237,東京都,江戸川区,special_ward,13123,649707,23182,26377,28038,29829,37897,41784,38317,40803,43257,53213,58683,47787,35186,29061,35910,30371,25462,16481,6329,1516,224,50012,327547,11921,13399,14289,15143,19059,21662,20005,21354,22598,27812,30978,25672,18994,15041,17499,13565,10404,5946,1868,306,32,18556,322160,11261,12978,13749,14686,18838,20122,18312,19449,20659,25401,27705,22115,16192,14020,18411,16806,15058,10535,4461,1210,192,31456
2023,2023-01-01,13201,132012,東京都,八王子市,city,13201,547949,15875,20354,23370,26923,33821,26934,25503,29125,34318,41925,45063,38384,32028,30691,39303,32782,26066,16130,7111,1953,290,51550,273990,8145,10529,12035,13916,17895,14308,13507,15361,17889,21783,23405,20028,16310,15038,18590,14912,11381,6381,2154,389,34,20339,273959,7730,9825,11335,13007,15926,12626,11996,13764,16429,20142,21658,18356,15718,15653,20713,17870,14685,9749,4957,1564,256,31211
2023,2023-01-01,13202,132021,東京都,立川市,city,13202,180359,6395,7316,7402,7675,10019,10878,10382,11272,12376,14105,14935,12434,9608,8990,11181,9653,7780,5024,2310,543,81,15738,89488,3252,3754,3825,3836,4867,5696,5468,5931,6490,7425,7739,6555,4942,4428,5218,4251,3189,1803,702,113,4,5811,90871,3143,3562,3577,3839,5152,5182,4914,5341,5886,6680,7196,5879,4666,4562,5963,5402,4591,3221,1608,430,77,9927
2023,2023-01-01,13203,132039,東京都,武蔵野市,city,13203,144660,5382,6202,5754,5579,7343,9322,9433,10337,10962,11672,11613,9901,8244,6746,7758,6533,5016,3899,2148,692,124,11879,69175,2752,3205,2978,2788,3598,4609,4693,5171,5377,5693,5634,4846,4064,3161,3624,2810,2026,1367,628,137,14,4172,75485,2630,2997,2776,2791,3745,4713,4740,5166,5585,5979,5979,5055,4180,3585,4134,3723,2990,2532,1520,555,110,7707
2023,2023-01-01,13204,132047,東京都,三鷹市,city,13204,185939,6868,8349,8248,7883,10220,10839,10781,12588,14026,15223,15676,13289,10513,8473,9952,8122,6651,4765,2604,748,121,14889,90659,3578,4286,4217,4040,5100,5419,5449,6323,7040,7546,7845,6778,5302,4117,4713,3592,2632,1700,793,172,17,5314,95280,3290,4063,4031,3843,5120,5420,5332,6265,6986,7677,7831,6511,5211,4356,5239,4530,4019,3065,1811,576,104,9575
2023,2023-01-01,13205,132055,東京都,青梅市,city,13205,128071,3206,4342,5088,5658,6119,5517,5426,6436,7418,9514,10506,9416,8353,8434,10923,8668,6576,4026,1808,554,83,13047,64442,1629,2223,2613,2884,3262,2983,2933,3434,3910,5017,5649,4927,4372,4243,5315,3942,2942,1556,490,109,9,5106,63629,1577,2119,2475,2774,2857,2534,2493,3002,3508,4497,4857,4489,3981,4191,5608,4726,3634,2470,1318,445,74,7941
2023,2023-01-01,13206,132063,東京都,府中市,city,13206,254259,8920,11334,11839,11875,14349,14025,13715,16201,18035,20967,22325,18637,14220,11945,14401,11697,9329,6459,3034,829,123,19774,127491,4643,5757,6085,6130,7374,7281,7082,8364,9380,10896,11671,9836,7473,6012,6980,5104,3891,2388,933,199,12,7423,126768,4277,5577,5754,5745,6975,6744,6633,7837,8655,10071,10654,8801,6747,5933,7421,6593,5438,4071,2101,630,111,12351
2023,2023-01-01,13207,132071,東京都,昭島市,city,13207,111346,4111,4739,4826,4831,5252,5691,6136,6898,7599,8652,8704,7553,6338,6408,7869,6173,4803,2976,1348,382,57,9566,55427,2125,2373,2455,2467,2680,2957,3189,3598,4031,4564,4564,3927,3221,3152,3729,2839,1980,1092,398,80,6,3556,55919,1986,2366,2371,2364,2572,2734,2947,3300,3568,4088,4140,3626,3117,3256,4140,3334,2823,1884,950,302,51,6010
2023,2023-01-01,13208,132080,東京都,調布市,city,13208,233672,8825,10264,9847,9837,13122,14290,13704,16000,17417,19416,19963,16844,12781,10486,12321,10110,8402,6174,2982,799,88,18445,113565,4490,5198,5071,4980,6552,6963,6655,7994,8808,9820,10012,8564,6473,5168,5774,4358,3352,2217,927,179,10,6685,120107,4335,5066,4776,4857,6570,7327,7049,8006,8609,9596,9951,8280,6308,5318,6547,5752,5050,3957,2055,620,78,11760
2023,2023-01-01,13209,132098,東京都,町田市,city,13209,422759,13456,16897,19221,21073,22871,19202,18765,22688,26730,33782,37319,29953,24046,22077,27895,24786,21168,13342,5708,1559,221,41998,206586,6893,8717,9863,10750,11622,9760,9547,11580,13595,17049,19067,15491,11985,10666,12820,10791,8905,5257,1857,348,23,16390,216173,6563,8180,9358,10323,11249,9442,9218,11108,13135,16733,18252,14462,12061,11411,15075,13995,12263,8085,3851,1211,198,25608
2023,2023-01-01,13210,132101,東京都,小金井市,city,13210,121782,4995,5494,4975,4916,7193,7833,7900,8517,8826,9261,9431,8652,7250,5831,6523,5095,3973,3010,1603,429,75,9090,59901,2473,2848,2550,2527,3681,3836,3915,4314,4539,4720,4738,4410,3725,2984,3096,2321,1572,1084,465,93,10,3224,61881,2522,2646,2425,2389,3512,3997,3985,4203,4287,4541,4693,4242,3525,2847,3427,2774,2401,1926,1138,336,65,5866
2023,2023-01-01,13211,132110,東京都,小平市,city,13211,191466,7490,8805,8679,8680,10603,10084,10392,12129,13129,14848,15424,13800,11398,9441,10981,9036,7493,5622,2609,709,114,16547,93864,3839,4571,4458,4471,5250,5037,5196,6131,6812,7618,7783,7059,5706,4667,5228,4006,2976,2081,797,162,16,6032,97602,3651,4234,4221,4209,5353,5047,5196,5998,6317,7230,7641,6741,5692,4774,5753,5030,4517,3541,1812,547,98,10515
2023,2023-01-01,13212,132128,東京都,日野市,city,13212,183744,6618,7877,7980,8407,10065,10037,10043,11276,12327,14564,15462,12894,9751,8703,11176,9850,8260,5351,2380,639,84,16714,91884,3479,4034,4087,4346,5182,5213,5200,5891,6430,7607,8170,6852,5050,4275,5175,4287,3530,2090,820,158,8,6606,91860,3139,3843,3893,4061,4883,4824,4843,5385,5897,6957,7292,6042,4701,4428,6001,5563,4730,3261,1560,481,76,10108
2023,2023-01-01,13213,132136,東京都,東村山市,city,13213,148522,5063,5728,6458,6619,7490,6984,7343,8427,9507,11403,12570,10851,9281,8082,9774,8201,7004,4826,2264,578,69,14741,72346,2608,2890,3371,3360,3772,3384,3685,4306,4849,5866,6427,5494,4722,4012,4607,3550,2848,1726,741,122,6,5443,76176,2455,2838,3087,3259,3718,3600,3658,4121,4658,5537,6143,5357,4559,4070,5167,4651,4156,3100,1523,456,63,9298
2023,2023-01-01,13214,132144,東京都,国分寺市,city,13214,125583,5095,5526,5183,5354,7215,7878,7859,8532,8524,9766,10000,9116,7554,5826,6544,5501,4431,3483,1681,443,72,10110,61756,2634,2855,2699,2718,3538,4040,4059,4413,4365,4869,4973,4645,3877,2894,3019,2422,1773,1301,537,115,10,3736,63827,2461,2671,2484,2636,3677,3838,3800,4119,4159,4897,5027,4471,3677,2932,3525,3079,2658,2182,1144,328,62,6374
2023,2023-01-01,13215,132152,東京都,国立市,city,13215,74328,2396,3051,2907,3172,4471,4271,3958,4469,4901,5495,6149,6028,4951,3979,4400,3550,2820,2047,996,284,33,6180,36102,1230,1587,1538,1623,2149,2135,2023,2241,2462,2720,3037,3046,2521,1957,2094,1511,1098,751,309,68,2,2228,38226,1166,1464,1369,1549,2322,2136,1935,2228,2439,2775,3112,2982,2430,2022,2306,2039,1722,1296,687,216,31,3952
2023,2023-01-01,13218,132187,東京都,福生市,city,13218,52625,1544,1793,1943,2112,2644,2960,2755,2890,3174,3855,4314,3860,3499,3358,3924,3003,2393,1620,752,200,32,4997,26420,803,907,970,1078,1411,1572,1452,1586,1716,2042,2260,2015,1758,1771,1928,1351,978,578,209,34,1,1800,26205,741,886,973,1034,1233,1388,1303,1304,1458,1813,2054,1845,1741,1587,1996,1652,1415,1042,543,166,31,3197
2023,2023-01-01,13219,132195,東京都,狛江市,city,13219,81387,2995,3463,3164,3113,4400,4839,4579,5243,5943,6423,6752,5924,4559,3826,4605,4071,3437,2504,1184,323,40,7488,39229,1522,1779,1635,1581,2196,2259,2157,2538,2956,3246,3385,3110,2297,1917,2193,1759,1356,909,346,78,10,2699,42158,1473,1684,1529,1532,2204,2580,2422,2705,2987,3177,3367,2814,2262,1909,2412,2312,2081,1595,838,245,30,4789
2023,2023-01-01,13220,132209,東京都,東大和市,city,13220,83574,2811,3528,3865,3918,4022,3839,4069,4606,5166,6485,7032,6201,4751,4417,5764,4853,4223,2684,1061,242,37,8247,41134,1493,1779,1972,1982,2011,1932,2060,2294,2690,3329,3656,3228,2457,2192,2716,2164,1725,1035,361,55,3,3179,42440,1318,1749,1893,1936,2011,1907,2009,2312,2476,3156,3376,2973,2294,2225,3048,2689,2498,1649,700,187,34,5068
2023,2023-01-01,13221,132217,東京都,清瀬市,city,13221,73323,2418,2958,3136,3462,3828,3506,3491,4103,4555,5593,6202,5096,4259,3699,4936,4138,3792,2675,1128,295,53,7943,35334,1248,1477,1580,1756,1824,1659,1728,2094,2285,2881,3149,2654,2133,1825,2300,1795,1494,1011,359,77,5,2946,37989,1170,1481,1556,1706,2004,1847,1763,2009,2270,2712,3053,2442,2126,1874,2636,2343,2298,1664,769,218,48,4997
2023,2023-01-01,13222,132225,東京都,東久留米市,city,13222,114457,3955,4842,4807,5051,5486,4990,5372,6295,7233,8662,9457,8149,6846,6185,7955,6763,6109,4060,1767,411,62,12409,55653,2035,2467,2443,2612,2796,2411,2657,3206,3723,4434,4886,4232,3431,3014,3700,2958,2433,1549,556,105,5,4648,58804,1920,2375,2364,2439,2690,2579,2715,3089,3510,4228,4571,3917,3415,3171,4255,3805,3676,2511,1211,306,57,7761
2023,2023-01-01,13223,132233,東京都,武蔵村山市,city,13223,69527,2404,3015,3482,3835,3483,2938,3196,3772,4383,5712,5958,4733,3589,3568,4911,4186,3415,2029,734,159,25,6362,34707,1254,1511,1795,1893,1747,1464,1647,2008,2270,3015,3233,2534,1873,1768,2324,1884,1420,810,226,30,1,2487,34820,1150,1504,1687,1942,1736,1474,1549,1764,2113,2697,2725,2199,1716,1800,2587,2302,1995,1219,508,129,24,3875
2023,2023-01-01,13224,132241,東京都,多摩市,city,13224,145152,4184,5568,6066,6343,7097,6654,6521,8334,9668,11719,12031,9795,8091,8156,11267,9636,7456,4289,1755,460,62,14022,71075,2148,2820,3089,3251,3592,3380,3419,4271,5013,5997,6159,5060,4010,3753,5111,4275,3308,1734,579,98,8,5727,74077,2036,2748,2977,3092,3505,3274,3102,4063,4655,5722,5872,4735,4081,4403,6156,5361,4148,2555,1176,362,54,8295
2023,2023-01-01,13225,132250,東京都,稲城市,city,13225,91775,3752,4616,4564,4778,4916,4481,4760,5792,6332,7636,8192,6688,4960,4173,5226,4430,3434,2013,780,211,41,6479,45928,1884,2385,2388,2406,2474,2247,2433,2935,3227,3944,4260,3584,2572,2070,2469,2020,1533,805,254,33,5,2630,45847,1868,2231,2176,2372,2442,2234,2327,2857,3105,3692,3932,3104,2388,2103,2757,2410,1901,1208,526,178,36,3849
2023,2023-01-01,13227,132276,東京都,羽村市,city,13227,52882,1625,2044,2415,2577,2795,2546,2585,2823,3368,4119,4554,3813,3101,2849,3692,3100,2538,1495,642,172,29,4876,26813,829,1085,1256,1307,1492,1384,1461,1516,1874,2157,2351,1969,1628,1406,1808,1354,1110,583,201,39,3,1936,26069,796,959,1159,1270,1303,1162,1124,1307,1494,1962,2203,1844,1473,1443,1884,1746,1428,912,441,133,26,2940
2023,2023-01-01,13228,132284,東京都,あきる野市,city,13228,78644,2394,3122,3648,3872,3771,3144,3358,3994,4740,6119,6557,5218,4438,4627,5879,5211,4362,2596,1199,323,72,8552,39120,1238,1558,1900,1960,1940,1614,1731,2073,2480,3204,3481,2687,2288,2245,2822,2446,1969,1071,348,61,4,3453,39524,1156,1564,1748,1912,1831,1530,1627,1921,2260,2915,3076,2531,2150,2382,3057,2765,2393,1525,851,262,68,5099
2023,2023-01-01,13229,132292,東京都,西東京市,city,13229,200895,7247,8447,8710,8800,10645,10564,10744,12338,13735,15996,16725,15030,12329,10300,11865,9445,8010,6104,2953,797,111,17975,97427,3641,4347,4423,4476,5308,5166,5315,6216,6983,8071,8383,7676,6207,5110,5505,4106,3121,2272,902,183,16,6494,103468,3606,4100,4287,4324,5337,5398,5429,6122,6752,7925,8342,7354,6122,5190,6360,5339,4889,3832,2051,614,95,11481
2023,2023-01-01,13300,133001,東京都,西多摩郡,gun_agg,,54246,1430,2143,2380,2411,2385,1893,2148,2642,3308,3899,4071,3405,3112,3450,4968,4049,3119,2020,1009,333,71,6552,27191,711,1126,1215,1268,1290,986,1109,1392,1791,2125,2151,1847,1663,1706,2403,1968,1368,745,258,62,7,2440,27055,719,1017,1165,1143,1095,907,1039,1250,1517,1774,1920,1558,1449,1744,2565,2081,1751,1275,751,271,64,4112
2023,2023-01-01,13303,133035,東京都,西多摩郡瑞穂町,town,13303,31276,842,1177,1298,1483,1556,1262,1389,1630,1989,2362,2674,2174,1885,1933,2666,2008,1544,901,369,113,21,2948,15826,417,606,656,756,834,651,742,876,1108,1282,1383,1180,988,941,1308,954,674,339,105,25,1,1144,15450,425,571,642,727,722,611,647,754,881,1080,1291,994,897,992,1358,1054,870,562,264,88,20,1804
2023,2023-01-01,13305,133051,東京都,西多摩郡日の出町,town,13305,16257,452,790,910,772,655,504,562,797,1020,1205,1032,821,784,920,1495,1395,1002,637,352,122,30,2143,8015,229,428,462,420,366,265,264,389,531,645,582,417,408,440,670,688,451,243,88,27,2,811,8242,223,362,448,352,289,239,298,408,489,560,450,404,376,480,825,707,551,394,264,95,28,1332
2023,2023-01-01,13307,133078,東京都,西多摩郡檜原村,village,13307,2028,46,53,52,32,51,35,47,64,105,94,101,145,133,182,246,170,164,165,98,36,9,472,1006,21,24,29,20,23,21,25,39,51,56,49,85,82,99,137,89,71,57,23,4,1,156,1022,25,29,23,12,28,14,22,25,54,38,52,60,51,83,109,81,93,108,75,32,8,316
2023,2023-01-01,13308,133086,東京都,西多摩郡奥多摩町,town,13308,4685,90,123,120,124,123,92,150,151,194,238,264,265,310,415,561,476,409,317,190,62,11,989,2344,44,68,68,72,67,49,78,88,101,142,137,165,185,226,288,237,172,106,42,6,3,329,2341,46,55,52,52,56,43,72,63,93,96,127,100,125,189,273,239,237,211,148,56,8,660
2023,2023-01-01,13360,133604,東京都,島しょ,island_agg,,23860,787,961,928,985,523,819,1130,1357,1403,1605,1637,1521,1530,1779,2283,1708,1255,922,512,187,28,2904,12342,410,505,475,575,287,471,625,698,734,891,933,857,827,969,1186,817,564,328,153,33,4,1082,11518,377,456,453,410,236,348,505,659,669,714,704,664,703,810,1097,891,691,594,359,154,24,1822
2023,2023-01-01,13361,133612,東京都,大島町,town,13361,7038,196,240,253,407,152,220,286,332,357,439,496,494,436,507,726,562,426,292,161,49,7,935,3603,93,123,142,263,81,128,166,163,187,241,281,263,236,263,373,256,185,106,41,10,2,344,3435,103,117,111,144,71,92,120,169,170,198,215,231,200,244,353,306,241,186,120,39,5,591
2023,2023-01-01,13362,133621,東京都,利島村,village,13362,312,11,17,19,9,8,19,25,21,31,34,11,17,17,18,22,13,8,5,6,1,0,20,172,7,8,11,5,6,9,11,12,16,20,9,10,10,11,13,6,3,2,3,0,0,8,140,4,9,8,4,2,10,14,9,15,14,2,7,7,7,9,7,5,3,3,1,0,12
2023,2023-01-01,13363,133639,東京都,新島村,village,13363,2481,68,78,88,91,72,67,85,130,132,169,158,153,161,218,236,199,143,112,86,32,3,376,1205,33,35,41,48,34,37,45,67,74,92,87,80,77,110,114,87,65,40,30,8,1,144,1276,35,43,47,43,38,30,40,63,58,77,71,73,84,108,122,112,78,72,56,24,2,232
2023,2023-01-01,13364,133647,東京都,神津島村,village,13364,1805,65,105,86,89,50,55,74,119,117,120,95,91,135,170,154,103,78,59,30,9,1,177,930,36,54,42,49,31,34,46,60,60,68,47,45,73,94,85,48,28,17,11,2,0,58,875,29,51,44,40,19,21,28,59,57,52,48,46,62,76,69,55,50,42,19,7,1,119
2023,2023-01-01,13381,133817,東京都,三宅村,village,13381,2270,83,80,78,39,45,92,128,126,126,136,122,138,171,190,227,160,133,120,57,19,0,329,1263,45,47,37,27,26,57,70,69,68,83,85,94,95,115,125,92,62,43,18,5,0,128,1007,38,33,41,12,19,35,58,57,58,53,37,44,76,75,102,68,71,77,39,14,0,201
2023,2023-01-01,13382,133825,東京都,御蔵島村,village,13382,291,11,25,16,4,8,17,23,25,33,27,15,15,14,16,16,18,4,2,1,1,0,8,155,7,13,11,2,2,7,12,14,12,19,9,7,8,9,6,15,2,0,0,0,0,2,136,4,12,5,2,6,10,11,11,21,8,6,8,6,7,10,3,2,2,1,1,0,6
2023,2023-01-01,13401,134015,東京都,八丈町,town,13401,6942,230,273,246,251,115,194,305,363,385,435,465,438,441,533,759,563,408,304,155,67,12,946,3502,124,150,119,127,67,106,160,193,197,241,261,251,236,288,377,256,191,107,45,6,0,349,3440,106,123,127,124,48,88,145,170,188,194,204,187,205,245,382,307,217,197,110,61,12,597
2023,2023-01-01,13402,134023,東京都,青ヶ島村,village,13402,168,4,7,7,1,6,8,12,27,14,9,8,12,16,14,11,6,2,2,2,0,0,6,97,4,2,3,0,4,5,8,14,7,5,3,7,10,11,7,5,1,0,1,0,0,2,71,0,5,4,1,2,3,4,13,7,4,5,5,6,3,4,1,1,2,1,0,0,4
2023,2023-01-01,13421,134210,東京都,小笠原村,village,13421,2553,119,136,135,94,67,147,192,214,208,236,267,163,139,113,132,84,53,26,14,9,5,107,1415,61,73,69,54,36,88,107,106,113,122,151,100,82,68,86,52,27,13,4,2,1,47,1138,58,63,66,40,31,59,85,108,95,114,116,63,57,45,46,32,26,13,10,7,4,60
2023,2023-01-01,14000,140007,神奈川県,,pref,,8972702,306187,356763,381841,397476,465257,490503,475248,529711,594784,721536,767087,640983,515625,464163,588795,489238,391824,249345,110826,30814,4695,787504,4466931,156783,182974,195506,204562,236512,253369,246228,274421,307424,372060,396909,336174,266237,231089,280148,221493,168439,95874,33538,6590,600,305041,4505771,149404,173789,186335,192914,228745,237134,229020,255290,287360,349476,370178,304809,249388,233074,308647,267745,223385,153471,77288,24224,4095,482463
2023,2023-01-01,14100,141003,神奈川県,横浜市,city_agg,,3647015,124549,144496,154734,161175,192937,201743,193055,214250,239867,292784,318025,268888,213601,186531,230870,191276,155097,102807,45920,12539,1870,318233,1807326,63779,73968,79289,82825,97479,102885,99103,110022,123095,149398,162714,140461,110145,92821,110602,86449,65894,39239,14167,2739,251,122290,1839689,60770,70528,75445,78350,95458,98858,93952,104228,116772,143386,155311,128427,103456,93710,120268,104827,89203,63568,31753,9800,1619,195943
2023,2023-01-01,14101,141011,神奈川県,横浜市鶴見区,ward,14100,279497,9925,11867,12289,11803,15204,17948,16603,18542,20070,23993,24002,19088,15603,13816,16427,12733,9560,6226,2875,781,142,19584,144405,5075,6071,6332,6113,7864,9757,9005,9964,10772,12979,13127,10455,8396,7141,8200,5971,4002,2168,809,178,26,7183,135092,4850,5796,5957,5690,7340,8191,7598,8578,9298,11014,10875,8633,7207,6675,8227,6762,5558,4058,2066,603,116,12401
2023,2023-01-01,14102,141020,神奈川県,横浜市神奈川区,ward,14100,235194,8237,9015,8973,9257,13688,16897,15133,16081,16595,19308,19946,16501,12672,11094,13574,10483,8357,5623,2809,812,139,17740,118759,4239,4572,4561,4838,7085,9025,8040,8375,8684,9907,10463,8906,6633,5652,6615,4761,3470,1925,797,184,27,6403,116435,3998,4443,4412,4419,6603,7872,7093,7706,7911,9401,9483,7595,6039,5442,6959,5722,4887,3698,2012,628,112,11337
2023,2023-01-01,14103,141038,神奈川県,横浜市西区,ward,14100,99421,3470,3809,3557,3389,4997,7342,7078,7471,7804,8878,8996,7003,5398,4368,5121,3971,3025,2219,1108,371,46,6769,49685,1757,1937,1797,1723,2505,3823,3658,3973,4025,4548,4624,3685,2781,2204,2514,1776,1200,753,321,77,4,2355,49736,1713,1872,1760,1666,2492,3519,3420,3498,3779,4330,4372,3318,2617,2164,2607,2195,1825,1466,787,294,42,4414
2023,2023-01-01,14104,141046,神奈川県,横浜市中区,ward,14100,136810,3647,4512,4950,4916,6224,7477,7090,7730,9263,11761,13425,11909,9231,7661,9062,7105,5015,3511,1758,486,77,10847,71175,1880,2307,2568,2487,3041,3986,3704,3986,4823,6131,7078,6663,5180,4346,5078,3691,2304,1311,509,91,11,4226,65635,1767,2205,2382,2429,3183,3491,3386,3744,4440,5630,6347,5246,4051,3315,3984,3414,2711,2200,1249,395,66,6621
2023,2023-01-01,14105,141054,神奈川県,横浜市南区,ward,14100,187551,4987,5981,6427,6845,10149,11950,10033,10620,11854,14311,16057,13727,11672,10715,13568,10585,8535,6016,2689,718,112,18070,94110,2533,3085,3320,3479,5042,6179,5150,5522,6188,7569,8468,7414,6180,5561,6886,4915,3470,2189,809,137,14,6619,93441,2454,2896,3107,3366,5107,5771,4883,5098,5666,6742,7589,6313,5492,5154,6682,5670,5065,3827,1880,581,98,11451
2023,2023-01-01,14106,141062,神奈川県,横浜市保土ケ谷区,ward,14100,197614,6144,7250,7671,8338,11079,11131,10014,11073,12645,14913,16657,14719,12073,10669,13240,10703,9210,6329,2897,749,110,19295,97819,3184,3765,3948,4267,5831,5700,5258,5761,6515,7680,8587,7564,6269,5350,6274,4752,3722,2308,894,172,18,7114,99795,2960,3485,3723,4071,5248,5431,4756,5312,6130,7233,8070,7155,5804,5319,6966,5951,5488,4021,2003,577,92,12181
2023,2023-01-01,14107,141071,神奈川県,横浜市磯子区,ward,14100,161168,5221,6344,6723,6547,7621,7869,7721,9318,10454,12664,13469,11448,9803,8964,11500,9610,7599,5183,2391,630,89,15892,79468,2604,3268,3463,3422,3881,4132,4049,4866,5403,6543,6944,5908,4945,4409,5443,4302,3125,1900,710,134,17,5886,81700,2617,3076,3260,3125,3740,3737,3672,4452,5051,6121,6525,5540,4858,4555,6057,5308,4474,3283,1681,496,72,10006
2023,2023-01-01,14108,141089,神奈川県,横浜市金沢区,ward,14100,191441,5409,6897,7900,8847,10024,8385,8034,9612,11300,14362,15598,13602,11950,11718,15444,12451,9724,6446,2805,790,142,19907,93708,2798,3506,4018,4543,5193,4340,4187,4951,5732,7256,7845,6795,5933,5645,7376,5699,4245,2580,868,180,17,7890,97733,2611,3391,3882,4304,4831,4045,3847,4661,5568,7106,7753,6807,6017,6073,8068,6752,5479,3866,1937,610,125,12017
2023,2023-01-01,14109,141097,神奈川県,横浜市港北区,ward,14100,347099,14409,14846,14150,13789,19109,24886,23869,24483,25815,28779,29543,24575,18605,15187,17438,14103,11084,7504,3726,1058,141,23513,172462,7400,7684,7227,7008,9577,12556,12041,12537,13325,14735,15055,12879,9520,7563,8327,6317,4610,2734,1112,237,18,8711,174637,7009,7162,6923,6781,9532,12330,11828,11946,12490,14044,14488,11696,9085,7624,9111,7786,6474,4770,2614,821,123,14802
2023,2023-01-01,14110,141101,神奈川県,横浜市戸塚区,ward,14100,277614,10517,11881,12600,13331,13941,13021,14033,16339,18111,22689,23971,19456,15276,13972,18020,15188,12681,8193,3367,902,125,25268,136381,5339,6041,6447,6742,7014,6577,7001,8364,9315,11482,12197,10151,7833,6682,8458,6771,5432,3250,1063,205,17,9967,141233,5178,5840,6153,6589,6927,6444,7032,7975,8796,11207,11774,9305,7443,7290,9562,8417,7249,4943,2304,697,108,15301
2023,2023-01-01,14111,141119,神奈川県,横浜市港南区,ward,14100,210867,6824,7695,8656,9167,9999,10058,10304,11297,12736,15986,18034,15605,12810,11490,14922,13068,11052,7369,2977,710,108,22216,102476,3455,3914,4448,4689,5008,4982,5246,5771,6487,8133,9035,7954,6381,5553,6950,5680,4708,2899,999,171,13,8790,108391,3369,3781,4208,4478,4991,5076,5058,5526,6249,7853,8999,7651,6429,5937,7972,7388,6344,4470,1978,539,95,13426
2023,2023-01-01,14112,141127,神奈川県,横浜市旭区,ward,14100,240370,7645,9128,10236,10576,11439,11296,11098,12700,14434,18197,20127,17096,14454,13297,17142,14838,13006,8738,3786,993,144,26667,117165,3850,4644,5205,5489,5740,5679,5630,6460,7384,9257,10341,8790,7347,6467,8039,6567,5478,3367,1212,199,20,10276,123205,3795,4484,5031,5087,5699,5617,5468,6240,7050,8940,9786,8306,7107,6830,9103,8271,7528,5371,2574,794,124,16391
2023,2023-01-01,14113,141135,神奈川県,横浜市緑区,ward,14100,177055,6428,7302,8082,8575,9652,9302,9208,10153,11549,14108,15613,12966,9983,8876,10840,9297,7587,4980,1978,508,68,15121,87400,3282,3721,4209,4344,4808,4652,4778,5101,6001,7106,8058,6708,5070,4325,5100,4140,3285,1956,649,102,5,5997,89655,3146,3581,3873,4231,4844,4650,4430,5052,5548,7002,7555,6258,4913,4551,5740,5157,4302,3024,1329,406,63,9124
2023,2023-01-01,14114,141143,神奈川県,横浜市瀬谷区,ward,14100,120073,3869,4412,5100,5930,6286,5929,5743,6343,7047,9334,10506,8649,6792,6174,8159,7124,6311,4012,1811,477,65,12676,58831,2056,2229,2590,3055,3146,2981,2911,3252,3672,4759,5459,4483,3453,3018,3739,3083,2708,1569,546,116,6,4945,61242,1813,2183,2510,2875,3140,2948,2832,3091,3375,4575,5047,4166,3339,3156,4420,4041,3603,2443,1265,361,59,7731
2023,2023-01-01,14115,141151,神奈川県,横浜市栄区,ward,14100,119911,3872,4266,5027,5634,5785,5131,5420,6056,7085,9432,10499,8048,6401,6115,8676,8657,7268,4290,1705,489,55,13807,58395,1987,2224,2575,2938,2921,2455,2755,3115,3549,4753,5340,4271,3123,2919,3804,3744,3253,1959,593,111,6,5922,61516,1885,2042,2452,2696,2864,2676,2665,2941,3536,4679,5159,3777,3278,3196,4872,4913,4015,2331,1112,378,49,7885
2023,2023-01-01,14116,141160,神奈川県,横浜市泉区,ward,14100,149516,5123,5581,6422,6997,7300,7117,6819,7644,8766,11542,12941,10898,8795,8054,10599,9365,7872,5054,2052,488,87,15553,73175,2572,2890,3267,3685,3587,3471,3449,3869,4513,5851,6580,5619,4483,3952,4938,4256,3393,2013,663,116,8,6193,76341,2551,2691,3155,3312,3713,3646,3370,3775,4253,5691,6361,5279,4312,4102,5661,5109,4479,3041,1389,372,79,9360
2023,2023-01-01,14117,141178,神奈川県,横浜市青葉区,ward,14100,304670,10621,13211,14345,15170,17978,15158,14302,16593,19727,24360,27931,25861,19823,15442,17419,14321,10796,7058,3351,1043,160,22408,147240,5504,6773,7317,7730,8971,7184,6950,8093,9550,11731,13237,13030,10129,7525,8095,6584,4750,2800,1061,209,17,8837,157430,5117,6438,7028,7440,9007,7974,7352,8500,10177,12629,14694,12831,9694,7917,9324,7737,6046,4258,2290,834,143,13571
2023,2023-01-01,14118,141186,神奈川県,横浜市都筑区,ward,14100,211144,8201,10499,11626,12064,12462,10846,10553,12195,14612,18167,20710,17737,12260,8919,9719,7674,6415,4056,1835,534,60,12900,104672,4264,5337,5997,6273,6265,5406,5291,6062,7157,8978,10276,9186,6489,4509,4766,3440,2739,1558,552,120,7,4976,106472,3937,5162,5629,5791,6197,5440,5262,6133,7455,9189,10434,8551,5771,4410,4953,4234,3676,2498,1283,414,53,7924
2023,2023-01-01,14130,141305,神奈川県,川崎市,city_agg,,1477325,57086,62262,62261,61634,83788,106716,98141,103503,108382,123403,125067,101883,78236,65314,77788,61349,48451,32160,15135,4109,657,100512,747134,29331,31929,32002,31662,42029,55211,51071,54415,56811,64715,65404,54426,41280,33287,37822,28248,20410,11731,4351,915,84,37491,730191,27755,30333,30259,29972,41759,51505,47070,49088,51571,58688,59663,47457,36956,32027,39966,33101,28041,20429,10784,3194,573,63021
2023,2023-01-01,14131,141313,神奈川県,川崎市川崎区,ward,14130,215523,6584,7684,8151,8474,11911,16041,14050,14470,15393,18025,18215,14176,11844,10918,13271,10102,7708,5286,2431,682,107,16214,117157,3431,3993,4151,4368,6521,9335,8172,8395,8824,10348,10573,8163,6680,6112,7095,5050,3324,1856,639,120,7,5946,98366,3153,3691,4000,4106,5390,6706,5878,6075,6569,7677,7642,6013,5164,4806,6176,5052,4384,3430,1792,562,100,10268
2023,2023-01-01,14132,141321,神奈川県,川崎市幸区,ward,14130,166507,7545,7549,7166,6506,7799,10843,11154,12492,12967,14254,13329,10140,8131,7535,9468,7443,5922,3794,1896,499,75,12186,84879,3872,3892,3694,3340,3971,5865,5892,6735,6930,7640,7102,5507,4281,3789,4532,3401,2488,1317,503,114,14,4436,81628,3673,3657,3472,3166,3828,4978,5262,5757,6037,6614,6227,4633,3850,3746,4936,4042,3434,2477,1393,385,61,7750
2023,2023-01-01,14133,141330,神奈川県,川崎市中原区,ward,14130,254739,11154,11428,10413,9887,14852,22895,20299,20768,20098,22149,21148,16812,12080,9369,10413,7756,6091,4226,2179,608,114,13218,128283,5702,5863,5332,5176,7361,11730,10266,10669,10223,11508,10866,8954,6438,4836,5098,3559,2504,1445,594,141,18,4702,126456,5452,5565,5081,4711,7491,11165,10033,10099,9875,10641,10282,7858,5642,4533,5315,4197,3587,2781,1585,467,96,8516
2023,2023-01-01,14134,141348,神奈川県,川崎市高津区,ward,14130,224705,8728,9616,9679,9663,12814,16366,15098,16071,17122,19353,19575,15676,11444,9437,11322,8836,6804,4464,2000,554,83,13905,112163,4379,4885,5029,4934,6331,8220,7750,8313,8803,9948,10156,8325,5954,4661,5381,4035,2774,1616,543,121,5,5059,112542,4349,4731,4650,4729,6483,8146,7348,7758,8319,9405,9419,7351,5490,4776,5941,4801,4030,2848,1457,433,78,8846
2023,2023-01-01,14135,141356,神奈川県,川崎市多摩区,ward,14130,210321,7888,7484,7503,8059,14180,18452,15982,14878,14462,15832,16980,14502,11442,9147,10655,8448,6840,4659,2232,600,96,14427,106741,4036,3867,3843,4208,7051,9374,8425,7904,7848,8428,8935,7763,6040,4596,5180,3857,2828,1708,702,134,14,5386,103580,3852,3617,3660,3851,7129,9078,7557,6974,6614,7404,8045,6739,5402,4551,5475,4591,4012,2951,1530,466,82,9041
2023,2023-01-01,14136,141364,神奈川県,川崎市宮前区,ward,14130,230176,9054,10927,11035,10696,12488,12755,12624,14716,16759,19565,20468,17491,13019,10260,12285,10101,8130,5064,2108,543,88,15933,112799,4718,5509,5707,5437,6141,6192,6172,7295,8418,9818,10192,9043,6691,5093,5739,4457,3441,1962,634,129,11,6177,117377,4336,5418,5328,5259,6347,6563,6452,7421,8341,9747,10276,8448,6328,5167,6546,5644,4689,3102,1474,414,77,9756
2023,2023-01-01,14137,141372,神奈川県,川崎市麻生区,ward,14130,175354,6133,7574,8314,8349,9744,9364,8934,10108,11581,14225,15352,13086,10276,8648,10374,8663,6956,4667,2289,623,94,14629,85112,3193,3920,4246,4199,4653,4495,4394,5104,5765,7025,7580,6671,5196,4200,4797,3889,3051,1827,736,156,15,5785,90242,2940,3654,4068,4150,5091,4869,4540,5004,5816,7200,7772,6415,5080,4448,5577,4774,3905,2840,1553,467,79,8844
2023,2023-01-01,14150,141500,神奈川県,相模原市,city_agg,,701689,23037,27028,29606,31205,36181,36879,36870,40341,46016,56312,59917,49888,40096,37597,48716,40910,32633,18473,7662,2004,318,61090,351855,11726,13904,15025,15930,18162,18938,19358,21185,24334,29706,31585,26277,20695,18799,22952,18373,14585,7471,2416,395,39,24906,349834,11311,13124,14581,15275,18019,17941,17512,19156,21682,26606,28332,23611,19401,18798,25764,22537,18048,11002,5246,1609,279,36184
2023,2023-01-01,14151,141518,神奈川県,相模原市緑区,ward,14150,164115,4864,6070,6907,7570,8188,7656,7797,9020,10566,13092,13398,11191,9502,9889,13448,10799,7740,4057,1784,491,86,14158,82813,2461,3073,3473,3850,4247,4045,4213,4841,5520,6929,7101,5837,4895,4883,6361,5124,3665,1641,545,101,8,5960,81302,2403,2997,3434,3720,3941,3611,3584,4179,5046,6163,6297,5354,4607,5006,7087,5675,4075,2416,1239,390,78,8198
2023,2023-01-01,14152,141526,神奈川県,相模原市中央区,ward,14150,265750,9009,10693,11555,12161,13877,13905,14022,15400,17260,21703,23260,19225,15075,13948,17636,15139,12006,6504,2621,645,106,21882,134142,4587,5561,5905,6189,7064,7165,7344,8027,9203,11542,12390,10240,7791,7139,8303,6751,5372,2659,770,123,17,8941,131608,4422,5132,5650,5972,6813,6740,6678,7373,8057,10161,10870,8985,7284,6809,9333,8388,6634,3845,1851,522,89,12941
2023,2023-01-01,14153,141534,神奈川県,相模原市南区,ward,14150,271824,9164,10265,11144,11474,14116,15318,15051,15921,18190,21517,23259,19472,15519,13760,17632,14972,12887,7912,3257,868,126,25050,134900,4678,5270,5647,5891,6851,7728,7801,8317,9611,11235,12094,10200,8009,6777,8288,6498,5548,3171,1101,171,14,10005,136924,4486,4995,5497,5583,7265,7590,7250,7604,8579,10282,11165,9272,7510,6983,9344,8474,7339,4741,2156,697,112,15045
2023,2023-01-01,14201,142018,神奈川県,横須賀市,city,14201,381827,10279,13355,15097,18388,19786,15814,16035,18599,21449,28374,30856,25846,22987,22915,31021,27071,21942,13968,6080,1704,261,43955,190421,5294,6823,7706,10112,11120,8673,8559,9816,11107,14715,16084,13273,11808,11379,14696,12112,9564,5409,1801,338,32,17144,191406,4985,6532,7391,8276,8666,7141,7476,8783,10342,13659,14772,12573,11179,11536,16325,14959,12378,8559,4279,1366,229,26811
2023,2023-01-01,14203,142034,神奈川県,平塚市,city,14203,250609,7755,9546,10559,11682,12210,11697,11496,13690,15855,19549,20818,17431,15029,14689,19131,15555,12091,7364,3304,1009,149,23917,125219,3917,4907,5341,6028,6267,6271,6076,7221,8240,10147,10907,9177,7705,7382,9158,7210,5249,2833,947,217,19,9265,125390,3838,4639,5218,5654,5943,5426,5420,6469,7615,9402,9911,8254,7324,7307,9973,8345,6842,4531,2357,792,130,14652
2023,2023-01-01,14204,142042,神奈川県,鎌倉市,city,14204,174737,5119,6633,7523,7741,7460,6549,6805,8709,10880,14107,15916,13381,10719,9065,11932,11129,9535,6857,3519,976,182,21069,82639,2586,3445,3845,3933,3639,3261,3336,4188,5214,6788,7796,6736,5421,4386,5371,4809,3896,2652,1078,238,21,7885,92098,2533,3188,3678,3808,3821,3288,3469,4521,5666,7319,8120,6645,5298,4679,6561,6320,5639,4205,2441,738,161,13184
2023,2023-01-01,14205,142051,神奈川県,藤沢市,city,14205,437828,16918,19516,20314,20509,21106,22009,22789,26481,30818,36402,37625,31121,23965,20738,26938,22914,18375,12074,5405,1577,234,37665,216364,8718,10046,10410,10493,10996,11532,11755,13416,15534,18402,19150,16341,12360,10111,12483,10244,7780,4615,1614,331,33,14373,221464,8200,9470,9904,10016,10110,10477,11034,13065,15284,18000,18475,14780,11605,10627,14455,12670,10595,7459,3791,1246,201,23292
2023,2023-01-01,14206,142069,神奈川県,小田原市,city,14206,185072,5616,6633,7607,8032,8871,8076,8509,9830,11044,13689,14890,13335,11741,11337,14671,11829,9366,6166,2833,881,116,19362,90479,2912,3410,3963,4031,4408,4069,4408,5056,5664,7031,7655,6883,5953,5499,7011,5410,3829,2261,834,177,15,7116,94593,2704,3223,3644,4001,4463,4007,4101,4774,5380,6658,7235,6452,5788,5838,7660,6419,5537,3905,1999,704,101,12246
2023,2023-01-01,14207,142077,神奈川県,茅ヶ崎市,city,14207,244260,8701,10677,11398,11539,11253,10645,11199,14022,16669,20088,21153,17398,14069,12641,16218,13724,11337,7305,3176,903,145,22866,118815,4466,5460,5783,5808,5573,5306,5523,7024,8251,10004,10764,8992,7142,6190,7467,6083,4885,2885,992,204,13,8979,125445,4235,5217,5615,5731,5680,5339,5676,6998,8418,10084,10389,8406,6927,6451,8751,7641,6452,4420,2184,699,132,13887
2023,2023-01-01,14208,142085,神奈川県,逗子市,city,14208,58394,1810,2310,2493,2507,2375,1894,2110,2765,3601,4717,5185,4549,3739,3160,4049,3872,3302,2371,1188,342,55,7258,27438,929,1176,1283,1266,1214,917,994,1262,1725,2284,2486,2312,1861,1511,1875,1626,1354,894,374,85,10,2717,30956,881,1134,1210,1241,1161,977,1116,1503,1876,2433,2699,2237,1878,1649,2174,2246,1948,1477,814,257,45,4541
2023,2023-01-01,14210,142107,神奈川県,三浦市,city,14210,40891,846,1111,1295,1589,1574,1358,1391,1715,2015,2635,3151,2822,2775,3152,4237,3415,2765,1867,913,228,37,5810,19816,437,579,660,818,798,710,712,880,1025,1381,1640,1479,1401,1528,2080,1562,1141,688,254,40,3,2126,21075,409,532,635,771,776,648,679,835,990,1254,1511,1343,1374,1624,2157,1853,1624,1179,659,188,34,3684
2023,2023-01-01,14211,142115,神奈川県,秦野市,city,14211,155596,4187,5710,6701,7112,7546,6764,6642,7986,9803,11872,12143,10418,9320,9918,13914,10760,7799,4326,2008,565,102,14800,77899,2162,2956,3479,3583,3997,3602,3431,4217,5174,6161,6497,5447,4678,4797,6616,5111,3596,1681,601,104,9,5991,77697,2025,2754,3222,3529,3549,3162,3211,3769,4629,5711,5646,4971,4642,5121,7298,5649,4203,2645,1407,461,93,8809
2023,2023-01-01,14212,142123,神奈川県,厚木市,city,14212,215291,6645,8198,9461,10154,11655,11314,10528,11963,14065,17741,18512,14798,11929,11879,15961,12984,9648,5127,2080,559,90,17504,110901,3357,4174,4945,5241,6147,6314,5853,6534,7586,9584,10038,8038,6265,5912,7555,6087,4401,2102,635,121,12,7271,104390,3288,4024,4516,4913,5508,5000,4675,5429,6479,8157,8474,6760,5664,5967,8406,6897,5247,3025,1445,438,78,10233
2023,2023-01-01,14213,142131,神奈川県,大和市,city,14213,236897,9319,9686,9999,9827,12005,14261,14030,14912,16017,19361,20178,16595,13066,11482,14539,12610,10212,5815,2248,640,95,19010,118362,4708,4937,5063,5100,5921,7198,7223,7782,8412,10178,10591,8703,6807,5845,6802,5527,4439,2290,676,150,10,7565,118535,4611,4749,4936,4727,6084,7063,6807,7130,7605,9183,9587,7892,6259,5637,7737,7083,5773,3525,1572,490,85,11445
2023,2023-01-01,14214,142140,神奈川県,伊勢原市,city,14214,97059,3209,3697,3995,4379,5246,5265,5044,5383,6185,7594,8093,6677,5562,5297,6932,5802,4541,2640,1133,336,49,8699,49229,1629,1888,2006,2285,2732,2920,2725,2886,3313,3942,4297,3540,2870,2672,3325,2643,2045,1081,358,64,8,3556,47830,1580,1809,1989,2094,2514,2345,2319,2497,2872,3652,3796,3137,2692,2625,3607,3159,2496,1559,775,272,41,5143
2023,2023-01-01,14215,142158,神奈川県,海老名市,city,14215,135892,5562,5759,6016,6284,6663,7273,7916,8626,9414,11102,11263,8820,7067,6756,9138,7458,5876,3223,1281,351,44,10775,68347,2885,2924,3119,3250,3422,3783,4161,4524,4939,5740,5902,4598,3596,3340,4249,3443,2638,1383,378,71,2,4472,67545,2677,2835,2897,3034,3241,3490,3755,4102,4475,5362,5361,4222,3471,3416,4889,4015,3238,1840,903,280,42,6303
2023,2023-01-01,14216,142166,神奈川県,座間市,city,14216,127947,4251,4878,5281,5479,6346,6629,6606,7306,8196,10495,11192,9578,7681,6844,8897,7375,5949,3348,1239,338,39,10913,64130,2171,2456,2703,2840,3244,3437,3467,3861,4288,5510,5919,5011,3980,3442,4161,3305,2548,1362,354,63,8,4335,63817,2080,2422,2578,2639,3102,3192,3139,3445,3908,4985,5273,4567,3701,3402,4736,4070,3401,1986,885,275,31,6578
2023,2023-01-01,14217,142174,神奈川県,南足柄市,city,14217,40474,977,1430,1750,1865,1866,1574,1492,1838,2334,3062,3279,2916,2456,2473,3448,2956,2426,1488,633,182,29,4758,19951,490,761,899,964,998,839,781,937,1218,1577,1717,1499,1235,1213,1627,1319,1071,579,183,38,6,1877,20523,487,669,851,901,868,735,711,901,1116,1485,1562,1417,1221,1260,1821,1637,1355,909,450,144,23,2881
2023,2023-01-01,14218,142182,神奈川県,綾瀬市,city,14218,79969,2664,3401,3953,3944,3803,3618,3803,4398,5139,6704,6890,4946,3875,4025,5912,5443,4304,2172,736,202,37,7451,40554,1368,1761,1994,1997,1929,1931,2070,2315,2759,3559,3781,2671,2049,1955,2758,2442,2029,926,223,33,4,3215,39415,1296,1640,1959,1947,1874,1687,1733,2083,2380,3145,3109,2275,1826,2070,3154,3001,2275,1246,513,169,33,4236
2023,2023-01-01,14300,143006,神奈川県,三浦郡,gun_agg,,32350,856,1510,1653,1589,1333,763,806,1339,2109,2758,2997,2525,1955,1721,2311,2276,1821,1231,566,197,34,3849,15270,428,811,854,801,683,392,373,598,956,1314,1436,1290,997,821,1041,981,761,498,197,34,4,1494,17080,428,699,799,788,650,371,433,741,1153,1444,1561,1235,958,900,1270,1295,1060,733,369,163,30,2355
2023,2023-01-01,14301,143014,神奈川県,三浦郡葉山町,town,14301,32350,856,1510,1653,1589,1333,763,806,1339,2109,2758,2997,2525,1955,1721,2311,2276,1821,1231,566,197,34,3849,15270,428,811,854,801,683,392,373,598,956,1314,1436,1290,997,821,1041,981,761,498,197,34,4,1494,17080,428,699,799,788,650,371,433,741,1153,1444,1561,1235,958,900,1270,1295,1060,733,369,163,30,2355
2023,2023-01-01,14320,143201,神奈川県,高座郡,gun_agg,,48001,1731,2122,2200,2234,2143,2256,2497,2750,3325,3920,3739,2993,2686,2679,3692,2983,2249,1217,449,122,14,4051,24400,880,1127,1130,1152,1102,1224,1331,1459,1749,2107,2037,1596,1360,1304,1771,1377,1030,507,129,25,3,1694,23601,851,995,1070,1082,1041,1032,1166,1291,1576,1813,1702,1397,1326,1375,1921,1606,1219,710,320,97,11,2357
2023,2023-01-01,14321,143219,神奈川県,高座郡寒川町,town,14321,48001,1731,2122,2200,2234,2143,2256,2497,2750,3325,3920,3739,2993,2686,2679,3692,2983,2249,1217,449,122,14,4051,24400,880,1127,1130,1152,1102,1224,1331,1459,1749,2107,2037,1596,1360,1304,1771,1377,1030,507,129,25,3,1694,23601,851,995,1070,1082,1041,1032,1166,1291,1576,1813,1702,1397,1326,1375,1921,1606,1219,710,320,97,11,2357
2023,2023-01-01,14340,143405,神奈川県,中郡,gun_agg,,59727,1554,2166,2430,2577,2410,1878,2051,2741,3593,4485,4855,4238,3811,3779,5128,4632,3650,2308,1074,322,45,7399,29087,801,1116,1244,1329,1222,963,1019,1355,1850,2280,2473,2217,1884,1856,2351,2151,1673,909,328,62,4,2976,30640,753,1050,1186,1248,1188,915,1032,1386,1743,2205,2382,2021,1927,1923,2777,2481,1977,1399,746,260,41,4423
2023,2023-01-01,14341,143413,神奈川県,中郡大磯町,town,14341,32051,870,1206,1394,1408,1260,991,1042,1503,1939,2505,2647,2227,1964,2056,2788,2476,1895,1160,530,162,28,3775,15657,442,623,699,720,643,526,499,762,979,1294,1349,1199,965,992,1288,1149,895,446,157,27,3,1528,16394,428,583,695,688,617,465,543,741,960,1211,1298,1028,999,1064,1500,1327,1000,714,373,135,25,2247
2023,2023-01-01,14342,143421,神奈川県,中郡二宮町,town,14342,27676,684,960,1036,1169,1150,887,1009,1238,1654,1980,2208,2011,1847,1723,2340,2156,1755,1148,544,160,17,3624,13430,359,493,545,609,579,437,520,593,871,986,1124,1018,919,864,1063,1002,778,463,171,35,1,1448,14246,325,467,491,560,571,450,489,645,783,994,1084,993,928,859,1277,1154,977,685,373,125,16,2176
2023,2023-01-01,14360,143600,神奈川県,足柄上郡,gun_agg,,64248,1956,2445,2760,2965,2995,2487,2659,3279,3979,4956,5067,4311,3784,4112,5407,4331,3370,2074,957,311,43,6755,31760,977,1267,1367,1507,1559,1310,1381,1721,2057,2586,2671,2236,1932,1998,2572,2013,1454,790,290,66,6,2606,32488,979,1178,1393,1458,1436,1177,1278,1558,1922,2370,2396,2075,1852,2114,2835,2318,1916,1284,667,245,37,4149
2023,2023-01-01,14361,143618,神奈川県,足柄上郡中井町,town,14361,8680,171,248,338,400,399,256,285,379,510,691,693,561,510,640,914,749,494,262,127,49,4,936,4360,80,128,172,200,225,145,147,207,289,358,376,290,247,303,443,359,230,102,50,9,0,391,4320,91,120,166,200,174,111,138,172,221,333,317,271,263,337,471,390,264,160,77,40,4,545
2023,2023-01-01,14362,143626,神奈川県,足柄上郡大井町,town,14362,17200,580,605,770,903,890,766,748,839,1074,1455,1490,1175,939,969,1326,1117,823,474,184,64,9,1554,8538,293,318,364,468,444,401,384,443,536,755,797,613,493,471,628,526,351,178,60,15,0,604,8662,287,287,406,435,446,365,364,396,538,700,693,562,446,498,698,591,472,296,124,49,9,950
2023,2023-01-01,14363,143634,神奈川県,足柄上郡松田町,town,14363,10480,266,344,379,379,474,384,439,532,587,690,814,742,733,716,922,762,634,413,198,65,7,1317,5198,142,188,190,207,238,208,234,286,304,389,424,399,367,365,436,340,264,145,53,18,1,481,5282,124,156,189,172,236,176,205,246,283,301,390,343,366,351,486,422,370,268,145,47,6,836
2023,2023-01-01,14364,143642,神奈川県,足柄上郡山北町,town,14364,9483,167,284,318,350,352,285,318,411,462,580,607,639,702,849,1071,757,589,436,225,71,10,1331,4656,85,138,160,177,195,159,175,224,243,304,310,338,356,413,523,381,232,163,65,13,2,475,4827,82,146,158,173,157,126,143,187,219,276,297,301,346,436,548,376,357,273,160,58,8,856
2023,2023-01-01,14366,143669,神奈川県,足柄上郡開成町,town,14366,18405,772,964,955,933,880,796,869,1118,1346,1540,1463,1194,900,938,1174,946,830,489,223,62,13,1617,9008,377,495,481,455,457,397,441,561,685,780,764,596,469,446,542,407,377,202,62,11,3,655,9397,395,469,474,478,423,399,428,557,661,760,699,598,431,492,632,539,453,287,161,51,10,962
2023,2023-01-01,14380,143804,神奈川県,足柄下郡,gun_agg,,40391,612,871,1201,1356,1862,1423,1247,1443,1742,2454,3005,2971,3032,3198,4177,3767,2978,1880,857,279,36,6030,19142,325,466,595,712,857,755,661,734,907,1288,1521,1515,1545,1579,1940,1614,1219,643,211,52,3,2128,21249,287,405,606,644,1005,668,586,709,835,1166,1484,1456,1487,1619,2237,2153,1759,1237,646,227,33,3902
2023,2023-01-01,14382,143821,神奈川県,足柄下郡箱根町,town,14382,10132,135,203,280,300,726,458,338,403,454,553,737,669,757,814,1039,891,695,412,190,67,11,1375,4871,78,100,127,151,316,246,187,217,255,296,383,347,399,410,494,389,293,132,45,5,1,476,5261,57,103,153,149,410,212,151,186,199,257,354,322,358,404,545,502,402,280,145,62,10,899
2023,2023-01-01,14383,143839,神奈川県,足柄下郡真鶴町,town,14383,6805,98,166,168,212,216,198,206,241,266,402,484,567,572,616,696,654,498,337,150,50,8,1043,3183,50,86,82,112,103,98,112,128,129,199,237,274,276,316,331,284,211,110,35,10,0,366,3622,48,80,86,100,113,100,94,113,137,203,247,293,296,300,365,370,287,227,115,40,8,677
2023,2023-01-01,14384,143847,神奈川県,足柄下郡湯河原町,town,14384,23454,379,502,753,844,920,767,703,799,1022,1499,1784,1735,1703,1768,2442,2222,1785,1131,517,162,17,3612,11088,197,280,386,449,438,411,362,389,523,793,901,894,870,853,1115,941,715,401,131,37,2,1286,12366,182,222,367,395,482,356,341,410,499,706,883,841,833,915,1327,1281,1070,730,386,125,15,2326
2023,2023-01-01,14400,144002,神奈川県,愛甲郡,gun_agg,,39213,948,1323,1554,1710,1843,1618,1527,1842,2287,2972,3271,2655,2444,2861,3768,2817,2107,1084,430,138,14,3773,20393,507,683,801,895,1014,928,857,1013,1216,1663,1844,1456,1268,1462,1863,1354,948,445,147,28,1,1569,18820,441,640,753,815,829,690,670,829,1071,1309,1427,1199,1176,1399,1905,1463,1159,639,283,110,13,2204
2023,2023-01-01,14401,144011,神奈川県,愛甲郡愛川町,town,14401,36454,888,1233,1439,1596,1753,1552,1435,1708,2120,2775,3053,2491,2252,2601,3474,2605,1960,994,390,122,13,3479,18990,479,636,748,833,958,895,809,939,1135,1547,1717,1375,1175,1320,1725,1245,881,416,134,22,1,1454,17464,409,597,691,763,795,657,626,769,985,1228,1336,1116,1077,1281,1749,1360,1079,578,256,100,12,2025
2023,2023-01-01,14402,144029,神奈川県,愛甲郡清川村,village,14402,2759,60,90,115,114,90,66,92,134,167,197,218,164,192,260,294,212,147,90,40,16,1,294,1403,28,47,53,62,56,33,48,74,81,116,127,81,93,142,138,109,67,29,13,6,0,115,1356,32,43,62,52,34,33,44,60,86,81,91,83,99,118,156,103,80,61,27,10,1,179
2023,2023-01-01,15000,150002,新潟県,,pref,,2145151,65305,80708,89861,93912,90235,86009,95413,114380,130520,154233,148778,137699,139464,153009,183389,130876,107582,81939,45092,14458,2288,251359,1044577,33319,41468,46143,48236,47569,45089,49479,59162,67288,78962,76486,69197,69965,75508,88016,60050,44839,28706,12142,2697,256,88640,1100574,31986,39240,43718,45676,42666,40920,45934,55218,63232,75271,72292,68502,69499,77501,95373,70826,62743,53233,32950,11761,2032,162719
2023,2023-01-01,15100,151009,新潟県,新潟市,city_agg,,768177,25742,30523,32665,33962,34449,33823,37301,44155,49613,59104,56381,49795,47058,50089,60448,44615,35018,25274,13430,4045,687,78454,369721,13256,15711,16651,17360,17683,16943,18668,22270,25014,29841,28511,24463,23132,24333,28107,20183,14429,8825,3538,731,72,27595,398456,12486,14812,16014,16602,16766,16880,18633,21885,24599,29263,27870,25332,23926,25756,32341,24432,20589,16449,9892,3314,615,50859
2023,2023-01-01,15101,151017,新潟県,新潟市北区,ward,15100,71217,2156,2738,3107,3393,3152,2801,3209,3863,4539,5276,4795,4622,4456,5107,6467,4442,3316,2251,1137,331,59,7094,34706,1114,1448,1631,1736,1594,1475,1616,1981,2342,2714,2435,2263,2288,2442,3037,2074,1423,785,253,51,4,2516,36511,1042,1290,1476,1657,1558,1326,1593,1882,2197,2562,2360,2359,2168,2665,3430,2368,1893,1466,884,280,55,4578
2023,2023-01-01,15102,151025,新潟県,新潟市東区,ward,15100,132124,4519,5212,5499,5681,5847,6325,6815,7729,8472,10414,10242,8413,7566,7954,10314,7833,6215,4283,2090,596,105,13289,63711,2333,2691,2828,2893,3006,3139,3417,3929,4270,5305,5225,4123,3748,3748,4783,3522,2561,1526,543,109,12,4751,68413,2186,2521,2671,2788,2841,3186,3398,3800,4202,5109,5017,4290,3818,4206,5531,4311,3654,2757,1547,487,93,8538
2023,2023-01-01,15103,151033,新潟県,新潟市中央区,ward,15100,171381,5824,6528,6891,7010,8251,8827,9268,10183,11325,13773,13739,11907,10576,9901,11713,9277,7264,5294,2856,818,156,16388,81251,2972,3372,3523,3575,4154,4434,4521,5018,5582,6705,6867,5811,5144,4833,5169,4018,2812,1815,762,151,13,5553,90130,2852,3156,3368,3435,4097,4393,4747,5165,5743,7068,6872,6096,5432,5068,6544,5259,4452,3479,2094,667,143,10835
2023,2023-01-01,15104,151041,新潟県,新潟市江南区,ward,15100,67843,2570,2955,3080,3156,2833,2874,3374,4075,4564,5420,4752,3906,3829,4448,5513,3966,2987,2041,1090,342,68,6528,32985,1344,1511,1578,1608,1433,1414,1700,2091,2294,2813,2443,1971,1865,2132,2609,1845,1268,715,285,57,9,2334,34858,1226,1444,1502,1548,1400,1460,1674,1984,2270,2607,2309,1935,1964,2316,2904,2121,1719,1326,805,285,59,4194
2023,2023-01-01,15105,151050,新潟県,新潟市秋葉区,ward,15100,74927,2484,3017,3303,3472,3097,2847,3365,4262,4717,5648,5171,4598,4593,5152,6267,4426,3555,2761,1591,518,83,8508,36061,1281,1542,1661,1780,1605,1403,1713,2156,2386,2858,2608,2272,2254,2545,3001,2039,1476,956,409,106,10,2957,38866,1203,1475,1642,1692,1492,1444,1652,2106,2331,2790,2563,2326,2339,2607,3266,2387,2079,1805,1182,412,73,5551
2023,2023-01-01,15106,151068,新潟県,新潟市南区,ward,15100,42910,1386,1700,1796,1774,1704,1776,2028,2439,2810,3051,2878,2899,3101,3396,3608,2157,1867,1458,775,258,49,4407,20885,706,831,877,897,833,924,1049,1287,1459,1583,1480,1455,1502,1735,1779,1009,758,478,189,46,8,1479,22025,680,869,919,877,871,852,979,1152,1351,1468,1398,1444,1599,1661,1829,1148,1109,980,586,212,41,2928
2023,2023-01-01,15107,151076,新潟県,新潟市西区,ward,15100,153845,5378,6482,6874,7130,7449,6369,7049,8749,10070,11857,11163,9857,9017,9650,11693,9198,7083,5077,2755,830,115,15860,73982,2789,3338,3456,3655,3970,3108,3496,4363,5059,5976,5629,4784,4375,4640,5357,4117,3027,1852,821,156,14,5870,79863,2589,3144,3418,3475,3479,3261,3553,4386,5011,5881,5534,5073,4642,5010,6336,5081,4056,3225,1934,674,101,9990
2023,2023-01-01,15108,151084,新潟県,新潟市西蒲区,ward,15100,53930,1425,1891,2115,2346,2116,2004,2193,2855,3116,3665,3641,3593,3920,4481,4873,3316,2731,2109,1136,352,52,6380,26140,717,978,1097,1216,1088,1046,1156,1445,1622,1887,1824,1784,1956,2258,2372,1559,1104,698,276,55,2,2135,27790,708,913,1018,1130,1028,958,1037,1410,1494,1778,1817,1809,1964,2223,2501,1757,1627,1411,860,297,50,4245
2023,2023-01-01,15202,152021,新潟県,長岡市,city,15202,258792,8324,10114,11306,11583,11795,10758,11696,13992,16216,19121,18096,16366,16312,17718,21567,15039,12394,9387,5085,1678,245,28789,126933,4224,5231,5797,5825,6255,5742,6102,7326,8405,9863,9352,8259,8141,8618,10419,6905,5284,3342,1465,352,26,10469,131859,4100,4883,5509,5758,5540,5016,5594,6666,7811,9258,8744,8107,8171,9100,11148,8134,7110,6045,3620,1326,219,18320
2023,2023-01-01,15204,152048,新潟県,三条市,city,15204,92752,2773,3408,3949,4087,3779,3612,4088,4806,5729,6715,6467,6122,6088,6690,7914,5820,4725,3548,1848,520,64,10705,45163,1419,1737,2017,2099,1979,1871,2143,2514,2943,3396,3345,3056,3035,3245,3836,2678,1927,1321,487,104,11,3850,47589,1354,1671,1932,1988,1800,1741,1945,2292,2786,3319,3122,3066,3053,3445,4078,3142,2798,2227,1361,416,53,6855
2023,2023-01-01,15205,152056,新潟県,柏崎市,city,15205,78046,2104,2623,3105,3341,3133,2928,3229,3995,4440,5544,5301,5200,5618,5863,7031,4896,4082,3098,1782,637,95,9694,38603,1037,1364,1598,1743,1674,1646,1752,2141,2381,2857,2812,2659,2920,2937,3424,2266,1719,1041,485,136,11,3392,39443,1067,1259,1507,1598,1459,1282,1477,1854,2059,2687,2489,2541,2698,2926,3607,2630,2363,2057,1297,501,84,6302
2023,2023-01-01,15206,152064,新潟県,新発田市,city,15206,93453,2996,3676,4082,4005,3914,3766,4497,5166,5793,6385,6062,5896,6298,6897,8076,5387,4451,3512,1982,527,85,10557,45621,1532,1905,2088,2091,2101,2003,2339,2710,3031,3334,3115,2976,3167,3365,3873,2445,1785,1144,505,102,10,3546,47832,1464,1771,1994,1914,1813,1763,2158,2456,2762,3051,2947,2920,3131,3532,4203,2942,2666,2368,1477,425,75,7011
2023,2023-01-01,15208,152081,新潟県,小千谷市,city,15208,33318,942,1122,1436,1532,1275,1215,1282,1695,2031,2293,2279,2039,2142,2481,3113,2201,1810,1426,728,241,35,4240,16581,465,547,759,780,676,681,697,922,1076,1196,1215,1089,1065,1266,1517,1013,796,548,223,45,5,1617,16737,477,575,677,752,599,534,585,773,955,1097,1064,950,1077,1215,1596,1188,1014,878,505,196,30,2623
2023,2023-01-01,15209,152099,新潟県,加茂市,city,15209,24944,545,727,917,1017,992,834,877,1104,1451,1661,1677,1699,1830,2077,2366,1805,1455,1108,603,176,23,3365,12174,270,360,499,529,541,446,494,590,744,884,838,871,912,1040,1123,849,581,382,191,25,5,1184,12770,275,367,418,488,451,388,383,514,707,777,839,828,918,1037,1243,956,874,726,412,151,18,2181
2023,2023-01-01,15210,152102,新潟県,十日町市,city,15210,48853,1163,1656,1976,2128,1620,1470,1673,2074,2618,3160,3087,3061,3237,3987,4876,3411,3066,2470,1451,576,93,7656,24025,603,849,1013,1092,870,818,917,1088,1354,1686,1635,1575,1705,2013,2408,1596,1314,947,421,113,8,2803,24828,560,807,963,1036,750,652,756,986,1264,1474,1452,1486,1532,1974,2468,1815,1752,1523,1030,463,85,4853
2023,2023-01-01,15211,152111,新潟県,見附市,city,15211,38839,1185,1524,1620,1628,1561,1482,1683,2146,2356,2765,2584,2544,2691,2707,3335,2467,2030,1460,811,222,38,4561,19001,646,791,824,834,822,747,867,1083,1237,1426,1316,1271,1347,1351,1596,1166,839,545,253,37,3,1677,19838,539,733,796,794,739,735,816,1063,1119,1339,1268,1273,1344,1356,1739,1301,1191,915,558,185,35,2884
2023,2023-01-01,15212,152129,新潟県,村上市,city,15212,55604,1328,1780,1974,2289,2027,1819,2009,2353,2907,3575,3743,3607,3869,4471,5518,3872,3546,2847,1553,453,64,8463,26792,684,846,1024,1217,1094,1001,1081,1255,1512,1868,1934,1836,1972,2176,2664,1707,1457,985,397,76,6,2921,28812,644,934,950,1072,933,818,928,1098,1395,1707,1809,1771,1897,2295,2854,2165,2089,1862,1156,377,58,5542
2023,2023-01-01,15213,152137,新潟県,燕市,city,15213,76806,2335,2876,3204,3405,3146,3294,3768,4293,4668,5746,5736,5134,4816,5142,6195,4619,4004,2711,1227,426,61,8429,37562,1170,1498,1618,1729,1638,1744,1978,2229,2396,2937,2936,2591,2472,2590,2889,2086,1711,967,304,75,4,3061,39244,1165,1378,1586,1676,1508,1550,1790,2064,2272,2809,2800,2543,2344,2552,3306,2533,2293,1744,923,351,57,5368
2023,2023-01-01,15216,152161,新潟県,糸魚川市,city,15216,39367,916,1219,1509,1573,1310,1333,1343,1762,1963,2462,2655,2543,2634,3062,3841,2963,2567,2110,1107,429,66,6279,19298,471,631,780,825,714,747,743,951,1041,1286,1389,1333,1384,1572,1822,1342,1126,757,293,78,13,2267,20069,445,588,729,748,596,586,600,811,922,1176,1266,1210,1250,1490,2019,1621,1441,1353,814,351,53,4012
2023,2023-01-01,15217,152170,新潟県,妙高市,city,15217,29897,755,1056,1162,1250,1135,978,1133,1442,1551,1906,1969,2088,2197,2258,2846,1880,1661,1389,868,311,62,4291,14645,400,550,627,635,632,541,639,718,827,984,1002,1072,1111,1147,1435,862,704,449,235,67,8,1463,15252,355,506,535,615,503,437,494,724,724,922,967,1016,1086,1111,1411,1018,957,940,633,244,54,2828
2023,2023-01-01,15218,152188,新潟県,五泉市,city,15218,46789,1092,1556,1830,2034,1907,1682,1752,2292,2760,3175,3088,3113,3119,3584,4584,3126,2561,2049,1064,349,72,6095,22695,561,817,944,1038,995,915,915,1230,1433,1639,1613,1619,1552,1724,2199,1454,1029,696,253,61,8,2047,24094,531,739,886,996,912,767,837,1062,1327,1536,1475,1494,1567,1860,2385,1672,1532,1353,811,288,64,4048
2023,2023-01-01,15222,152226,新潟県,上越市,city,15222,182958,5584,7049,7971,8399,7747,7310,8230,9539,10795,13090,12435,11339,11886,13194,15590,11270,9063,7029,3981,1260,197,21530,90073,2803,3639,4134,4360,4261,3997,4331,5020,5621,6713,6473,5738,5991,6544,7626,5284,3848,2425,1027,213,25,7538,92885,2781,3410,3837,4039,3486,3313,3899,4519,5174,6377,5962,5601,5895,6650,7964,5986,5215,4604,2954,1047,172,13992
2023,2023-01-01,15223,152234,新潟県,阿賀野市,city,15223,40026,1169,1460,1645,1744,1611,1468,1735,2227,2418,2683,2511,2472,2876,3306,3632,2281,1914,1583,926,310,55,4788,19508,584,734,867,900,847,776,937,1161,1272,1389,1307,1245,1421,1666,1756,1069,769,523,235,48,2,1577,20518,585,726,778,844,764,692,798,1066,1146,1294,1204,1227,1455,1640,1876,1212,1145,1060,691,262,53,3211
2023,2023-01-01,15224,152242,新潟県,佐渡市,city,15224,50423,1184,1636,1925,1896,1704,1642,1724,2159,2528,2874,2924,3117,3768,4062,4853,3770,3280,3002,1729,558,88,8657,24553,620,840,1025,998,894,890,941,1127,1371,1485,1557,1650,1934,2089,2451,1709,1325,1010,502,123,12,2972,25870,564,796,900,898,810,752,783,1032,1157,1389,1367,1467,1834,1973,2402,2061,1955,1992,1227,435,76,5685
2023,2023-01-01,15225,152251,新潟県,魚沼市,city,15225,33492,920,1123,1284,1474,1240,1108,1217,1634,1875,2088,2079,2112,2426,2994,3236,2013,1863,1501,921,336,48,4669,16417,463,561,654,757,646,597,644,846,997,1094,1052,1086,1249,1489,1671,952,769,568,256,62,4,1659,17075,457,562,630,717,594,511,573,788,878,994,1027,1026,1177,1505,1565,1061,1094,933,665,274,44,3010
2023,2023-01-01,15226,152269,新潟県,南魚沼市,city,15226,52811,1612,2088,2408,2395,2062,2012,2118,2739,3343,3519,3292,3128,3576,4383,4890,2932,2511,1951,1293,488,71,6314,26027,801,1053,1228,1267,1092,1072,1138,1428,1753,1762,1697,1552,1844,2209,2436,1390,1116,716,364,98,11,2305,26784,811,1035,1180,1128,970,940,980,1311,1590,1757,1595,1576,1732,2174,2454,1542,1395,1235,929,390,60,4009
2023,2023-01-01,15227,152277,新潟県,胎内市,city,15227,27392,732,973,1091,1151,1121,977,1174,1316,1563,1758,1733,1762,1899,2215,2592,1844,1474,1111,675,203,28,3491,13449,378,503,558,600,624,556,622,688,813,904,916,862,954,1094,1263,882,643,379,176,32,2,1232,13943,354,470,533,551,497,421,552,628,750,854,817,900,945,1121,1329,962,831,732,499,171,26,2259
2023,2023-01-01,15300,153001,新潟県,北蒲原郡,gun_agg,,13859,615,747,708,744,651,640,799,908,917,905,954,802,844,872,1011,624,498,336,209,72,3,1118,6942,305,412,365,406,388,334,385,482,494,474,500,417,444,441,487,271,196,92,35,14,0,337,6917,310,335,343,338,263,306,414,426,423,431,454,385,400,431,524,353,302,244,174,58,3,781
2023,2023-01-01,15307,153079,新潟県,北蒲原郡聖籠町,town,15307,13859,615,747,708,744,651,640,799,908,917,905,954,802,844,872,1011,624,498,336,209,72,3,1118,6942,305,412,365,406,388,334,385,482,494,474,500,417,444,441,487,271,196,92,35,14,0,337,6917,310,335,343,338,263,306,414,426,423,431,454,385,400,431,524,353,302,244,174,58,3,781
2023,2023-01-01,15340,153401,新潟県,西蒲原郡,gun_agg,,7664,178,278,360,374,311,255,273,395,466,654,564,504,500,587,680,486,359,244,143,48,5,799,3719,70,142,190,170,173,141,135,211,240,330,304,260,250,270,341,220,148,81,34,9,0,272,3945,108,136,170,204,138,114,138,184,226,324,260,244,250,317,339,266,211,163,109,39,5,527
2023,2023-01-01,15342,153427,新潟県,西蒲原郡弥彦村,village,15342,7664,178,278,360,374,311,255,273,395,466,654,564,504,500,587,680,486,359,244,143,48,5,799,3719,70,142,190,170,173,141,135,211,240,330,304,260,250,270,341,220,148,81,34,9,0,272,3945,108,136,170,204,138,114,138,184,226,324,260,244,250,317,339,266,211,163,109,39,5,527
2023,2023-01-01,15360,153605,新潟県,南蒲原郡,gun_agg,,10964,212,341,400,431,451,351,411,512,591,796,795,705,761,896,1142,811,610,448,208,80,12,1358,5300,104,179,206,218,242,176,221,263,314,403,401,350,375,449,542,371,275,156,47,7,1,486,5664,108,162,194,213,209,175,190,249,277,393,394,355,386,447,600,440,335,292,161,73,11,872
2023,2023-01-01,15361,153613,新潟県,南蒲原郡田上町,town,15361,10964,212,341,400,431,451,351,411,512,591,796,795,705,761,896,1142,811,610,448,208,80,12,1358,5300,104,179,206,218,242,176,221,263,314,403,401,350,375,449,542,371,275,156,47,7,1,486,5664,108,162,194,213,209,175,190,249,277,393,394,355,386,447,600,440,335,292,161,73,11,872
2023,2023-01-01,15380,153800,新潟県,東蒲原郡,gun_agg,,9738,153,186,252,341,323,262,243,304,364,524,573,635,739,799,1093,742,842,786,427,127,23,2205,4752,79,90,140,185,169,146,149,164,198,269,308,339,412,445,564,365,321,266,122,19,2,730,4986,74,96,112,156,154,116,94,140,166,255,265,296,327,354,529,377,521,520,305,108,21,1475
2023,2023-01-01,15385,153851,新潟県,東蒲原郡阿賀町,town,15385,9738,153,186,252,341,323,262,243,304,364,524,573,635,739,799,1093,742,842,786,427,127,23,2205,4752,79,90,140,185,169,146,149,164,198,269,308,339,412,445,564,365,321,266,122,19,2,730,4986,74,96,112,156,154,116,94,140,166,255,265,296,327,354,529,377,521,520,305,108,21,1475
2023,2023-01-01,15400,154008,新潟県,三島郡,gun_agg,,4090,88,123,131,148,119,121,173,174,204,229,205,261,319,351,404,306,248,235,167,66,18,734,1966,50,51,52,76,75,61,93,94,107,121,112,139,158,190,208,153,96,77,40,11,2,226,2124,38,72,79,72,44,60,80,80,97,108,93,122,161,161,196,153,152,158,127,55,16,508
2023,2023-01-01,15405,154059,新潟県,三島郡出雲崎町,town,15405,4090,88,123,131,148,119,121,173,174,204,229,205,261,319,351,404,306,248,235,167,66,18,734,1966,50,51,52,76,75,61,93,94,107,121,112,139,158,190,208,153,96,77,40,11,2,226,2124,38,72,79,72,44,60,80,80,97,108,93,122,161,161,196,153,152,158,127,55,16,508
2023,2023-01-01,15460,154601,新潟県,南魚沼郡,gun_agg,,7738,185,213,238,287,249,301,271,329,403,521,532,531,543,688,828,558,442,333,211,68,7,1061,3999,95,106,117,148,138,166,155,172,207,291,294,290,303,386,462,285,181,127,60,15,1,384,3739,90,107,121,139,111,135,116,157,196,230,238,241,240,302,366,273,261,206,151,53,6,677
2023,2023-01-01,15461,154610,新潟県,南魚沼郡湯沢町,town,15461,7738,185,213,238,287,249,301,271,329,403,521,532,531,543,688,828,558,442,333,211,68,7,1061,3999,95,106,117,148,138,166,155,172,207,291,294,290,303,386,462,285,181,127,60,15,1,384,3739,90,107,121,139,111,135,116,157,196,230,238,241,240,302,366,273,261,206,151,53,6,677
2023,2023-01-01,15480,154806,新潟県,中魚沼郡,gun_agg,,8732,232,295,298,328,263,259,344,378,430,427,493,522,689,788,814,526,542,506,384,183,31,1646,4291,106,158,157,164,150,156,177,212,225,232,259,272,356,420,434,252,238,171,115,35,2,561,4441,126,137,141,164,113,103,167,166,205,195,234,250,333,368,380,274,304,335,269,148,29,1085
2023,2023-01-01,15482,154822,新潟県,中魚沼郡津南町,town,15482,8732,232,295,298,328,263,259,344,378,430,427,493,522,689,788,814,526,542,506,384,183,31,1646,4291,106,158,157,164,150,156,177,212,225,232,259,272,356,420,434,252,238,171,115,35,2,561,4441,126,137,141,164,113,103,167,166,205,195,234,250,333,368,380,274,304,335,269,148,29,1085
2023,2023-01-01,15500,155004,新潟県,刈羽郡,gun_agg,,4320,141,186,207,171,175,153,183,263,285,296,237,246,311,371,383,239,224,153,78,14,4,473,2190,69,94,111,82,104,88,107,147,147,165,129,127,150,184,185,128,88,58,25,0,2,173,2130,72,92,96,89,71,65,76,116,138,131,108,119,161,187,198,111,136,95,53,14,2,300
2023,2023-01-01,15504,155047,新潟県,刈羽郡刈羽村,village,15504,4320,141,186,207,171,175,153,183,263,285,296,237,246,311,371,383,239,224,153,78,14,4,473,2190,69,94,111,82,104,88,107,147,147,165,129,127,150,184,185,128,88,58,25,0,2,173,2130,72,92,96,89,71,65,76,116,138,131,108,119,161,187,198,111,136,95,53,14,2,300
2023,2023-01-01,15580,155802,新潟県,岩船郡,gun_agg,,5307,100,150,208,195,165,156,187,228,242,257,326,356,418,477,531,373,342,332,201,55,8,938,2577,54,69,100,108,92,88,109,120,135,133,164,200,209,255,278,167,125,108,54,9,0,296,2730,46,81,108,87,73,68,78,108,107,124,162,156,209,222,253,206,217,224,147,46,8,642
2023,2023-01-01,15581,155811,新潟県,岩船郡関川村,village,15581,4979,89,143,184,191,153,136,171,221,230,251,311,339,389,446,500,359,312,307,189,51,7,866,2418,46,69,93,105,83,77,101,117,129,129,154,188,195,239,259,159,117,97,52,9,0,275,2561,43,74,91,86,70,59,70,104,101,122,157,151,194,207,241,200,195,210,137,42,7,591
2023,2023-01-01,15586,155861,新潟県,岩船郡粟島浦村,village,15586,328,11,7,24,4,12,20,16,7,12,6,15,17,29,31,31,14,30,25,12,4,1,72,159,8,0,7,3,9,11,8,3,6,4,10,12,14,16,19,8,8,11,2,0,0,21,169,3,7,17,1,3,9,8,4,6,2,5,5,15,15,12,6,22,14,10,4,1,51
2023,2023-01-01,16000,160008,富山県,,pref,,1008804,31850,37679,41504,45082,45458,42645,43609,51215,59250,76983,76329,63045,60919,64381,84073,68824,51765,37046,19853,6323,971,115958,490721,16397,19325,21411,23253,24034,22720,23240,26733,30876,39933,39210,31609,30017,30990,39567,30984,21451,12658,5081,1114,118,40422,518083,15453,18354,20093,21829,21424,19925,20369,24482,28374,37050,37119,31436,30902,33391,44506,37840,30314,24388,14772,5209,853,75536
2023,2023-01-01,16201,162019,富山県,富山市,city,16201,401505,13738,15654,17083,18194,18997,18781,18791,21677,24600,31448,31177,25387,23382,24153,30883,25418,19381,13406,6861,2148,346,42142,195871,7005,8010,8788,9311,10104,9988,9935,11263,12716,16222,16013,12737,11488,11670,14525,11198,8039,4654,1757,410,38,14898,205634,6733,7644,8295,8883,8893,8793,8856,10414,11884,15226,15164,12650,11894,12483,16358,14220,11342,8752,5104,1738,308,27244
2023,2023-01-01,16202,162027,富山県,高岡市,city,16202,162061,5005,5852,6219,6765,6999,6665,6889,8037,9337,12253,12429,10235,9730,10356,13984,11864,8875,6089,3256,1048,174,19442,78464,2604,2961,3262,3500,3665,3487,3633,4210,4856,6387,6438,5129,4744,4955,6412,5408,3651,2117,855,172,18,6813,83597,2401,2891,2957,3265,3334,3178,3256,3827,4481,5866,5991,5106,4986,5401,7572,6456,5224,3972,2401,876,156,12629
2023,2023-01-01,16204,162043,富山県,魚津市,city,16204,39397,1070,1306,1499,1733,1723,1692,1649,1803,2202,3052,3125,2539,2284,2498,3453,2847,2275,1548,799,256,44,4922,19278,570,650,743,918,940,938,933,933,1172,1604,1638,1310,1155,1211,1581,1270,944,520,199,42,7,1712,20119,500,656,756,815,783,754,716,870,1030,1448,1487,1229,1129,1287,1872,1577,1331,1028,600,214,37,3210
2023,2023-01-01,16205,162051,富山県,氷見市,city,16205,43570,1000,1249,1567,1755,1700,1367,1507,1884,2296,3081,3127,2655,3031,3321,4352,3502,2551,2057,1185,329,54,6176,20929,523,659,795,896,886,739,834,998,1262,1619,1617,1304,1461,1600,2067,1615,1019,683,289,55,8,2054,22641,477,590,772,859,814,628,673,886,1034,1462,1510,1351,1570,1721,2285,1887,1532,1374,896,274,46,4122
2023,2023-01-01,16206,162060,富山県,滑川市,city,16206,32362,1190,1358,1388,1497,1481,1490,1533,1717,1965,2435,2609,2029,1877,1918,2444,2058,1527,1072,561,186,27,3373,15818,582,732,739,773,787,821,802,907,994,1265,1319,1033,967,913,1149,891,616,359,135,31,3,1144,16544,608,626,649,724,694,669,731,810,971,1170,1290,996,910,1005,1295,1167,911,713,426,155,24,2229
2023,2023-01-01,16207,162078,富山県,黒部市,city,16207,39588,1250,1527,1742,1739,1786,1743,1783,2076,2254,3025,2865,2475,2453,2548,3140,2628,1999,1458,773,293,31,4554,19518,660,799,893,937,973,989,949,1097,1204,1562,1517,1207,1250,1264,1457,1205,826,472,201,51,5,1555,20070,590,728,849,802,813,754,834,979,1050,1463,1348,1268,1203,1284,1683,1423,1173,986,572,242,26,2999
2023,2023-01-01,16208,162086,富山県,砺波市,city,16208,46663,1479,1870,2168,2352,2235,2097,2013,2436,2907,3691,3586,2798,2698,2911,3779,2799,2037,1556,927,293,31,4844,22764,768,953,1114,1239,1154,1085,1093,1266,1511,1906,1759,1410,1341,1371,1826,1305,838,537,238,47,3,1663,23899,711,917,1054,1113,1081,1012,920,1170,1396,1785,1827,1388,1357,1540,1953,1494,1199,1019,689,246,28,3181
2023,2023-01-01,16209,162094,富山県,小矢部市,city,16209,28011,797,953,1041,1169,1089,926,1114,1360,1527,1939,1838,1652,1951,2095,2707,2068,1556,1225,707,248,49,3785,13718,432,491,521,593,582,497,593,751,808,1033,959,796,974,1018,1334,1003,647,434,199,47,6,1333,14293,365,462,520,576,507,429,521,609,719,906,879,856,977,1077,1373,1065,909,791,508,201,43,2452
2023,2023-01-01,16210,162108,富山県,南砺市,city,16210,46867,1243,1636,1774,1957,1825,1528,1681,2072,2482,3162,2889,2800,3121,3488,4657,3498,2786,2310,1377,510,71,7054,22618,616,817,918,1020,956,829,921,1070,1326,1664,1468,1395,1556,1658,2343,1667,1136,750,390,104,14,2394,24249,627,819,856,937,869,699,760,1002,1156,1498,1421,1405,1565,1830,2314,1831,1650,1560,987,406,57,4660
2023,2023-01-01,16211,162116,富山県,射水市,city,16211,88411,3049,3612,3950,4389,4232,3663,3735,4529,5339,7104,6733,5230,5042,5353,7339,6030,4252,2865,1454,445,66,9082,43079,1607,1894,2041,2257,2215,1880,1964,2335,2774,3639,3436,2674,2453,2553,3420,2729,1790,986,349,75,8,3208,45332,1442,1718,1909,2132,2017,1783,1771,2194,2565,3465,3297,2556,2589,2800,3919,3301,2462,1879,1105,370,58,5874
2023,2023-01-01,16320,163201,富山県,中新川郡,gun_agg,,46844,1343,1648,1908,2169,2105,1709,1824,2162,2625,3626,3595,3024,2909,3217,4021,3363,2496,1859,952,257,32,5596,22642,689,844,1005,1097,1107,906,975,1119,1360,1889,1826,1488,1430,1575,1892,1472,1079,622,234,31,2,1968,24202,654,804,903,1072,998,803,849,1043,1265,1737,1769,1536,1479,1642,2129,1891,1417,1237,718,226,30,3628
2023,2023-01-01,16321,163210,富山県,中新川郡舟橋村,village,16321,3221,177,173,185,193,188,143,191,173,196,318,282,254,151,146,123,108,111,67,33,8,1,220,1608,90,92,101,97,97,68,94,84,97,160,142,130,83,82,63,50,44,26,8,0,0,78,1613,87,81,84,96,91,75,97,89,99,158,140,124,68,64,60,58,67,41,25,8,1,142
2023,2023-01-01,16322,163228,富山県,中新川郡上市町,town,16322,18985,405,591,702,818,788,661,646,812,1020,1412,1488,1227,1211,1341,1789,1553,1139,830,420,122,10,2521,9128,209,298,378,420,416,353,357,428,535,748,763,593,604,627,840,670,483,289,103,13,1,889,9857,196,293,324,398,372,308,289,384,485,664,725,634,607,714,949,883,656,541,317,109,9,1632
2023,2023-01-01,16323,163236,富山県,中新川郡立山町,town,16323,24638,761,884,1021,1158,1129,905,987,1177,1409,1896,1825,1543,1547,1730,2109,1702,1246,962,499,127,21,2855,11906,390,454,526,580,594,485,524,607,728,981,921,765,743,866,989,752,552,307,123,18,1,1001,12732,371,430,495,578,535,420,463,570,681,915,904,778,804,864,1120,950,694,655,376,109,20,1854
2023,2023-01-01,16340,163406,富山県,下新川郡,gun_agg,,33525,686,1014,1165,1363,1286,984,1090,1462,1716,2167,2356,2221,2441,2523,3314,2749,2030,1601,1001,310,46,4988,16022,341,515,592,712,665,561,608,784,893,1143,1220,1126,1198,1202,1561,1221,866,524,235,49,6,1680,17503,345,499,573,651,621,423,482,678,823,1024,1136,1095,1243,1321,1753,1528,1164,1077,766,261,40,3308
2023,2023-01-01,16342,163422,富山県,下新川郡入善町,town,16342,22704,501,715,843,976,905,710,773,1066,1247,1558,1636,1509,1610,1694,2194,1693,1264,956,630,200,24,3074,10896,249,356,428,512,450,405,434,563,633,832,862,759,787,805,1043,763,536,312,138,27,2,1015,11808,252,359,415,464,455,305,339,503,614,726,774,750,823,889,1151,930,728,644,492,173,22,2059
2023,2023-01-01,16343,163431,富山県,下新川郡朝日町,town,16343,10821,185,299,322,387,381,274,317,396,469,609,720,712,831,829,1120,1056,766,645,371,110,22,1914,5126,92,159,164,200,215,156,174,221,260,311,358,367,411,397,518,458,330,212,97,22,4,665,5695,93,140,158,187,166,118,143,175,209,298,362,345,420,432,602,598,436,433,274,88,18,1249
2023,2023-01-01,17000,170003,石川県,,pref,,1100686,38000,45338,48817,52573,55069,48827,51251,58132,66414,84357,81658,68821,66353,67758,86493,68942,50756,35194,19003,5968,962,111883,533005,19467,23320,24865,27021,29179,25242,26191,29649,33817,43189,41017,34030,32287,32606,40382,31334,21187,12150,4862,1086,124,39409,567681,18533,22018,23952,25552,25890,23585,25060,28483,32597,41168,40641,34791,34066,35152,46111,37608,29569,23044,14141,4882,838,72474
2023,2023-01-01,17201,172014,石川県,金沢市,city,17201,440870,15767,18680,20003,21131,23750,21129,22097,24890,28264,35233,34296,28013,25981,25116,31408,25406,18280,12427,6667,2015,317,39706,212778,7985,9588,10135,10944,12613,10730,11094,12561,14190,17771,17049,13838,12449,12054,14468,11394,7484,4327,1705,363,36,13915,228092,7782,9092,9868,10187,11137,10399,11003,12329,14074,17462,17247,14175,13532,13062,16940,14012,10796,8100,4962,1652,281,25791
2023,2023-01-01,17202,172022,石川県,七尾市,city,17202,48534,1122,1581,1825,2065,1972,1689,1714,2051,2499,3295,3253,2952,3415,3870,4916,3730,2851,2082,1221,373,58,6585,23291,598,823,954,1018,971,912,898,1074,1318,1736,1672,1444,1681,1876,2318,1723,1187,700,317,66,5,2275,25243,524,758,871,1047,1001,777,816,977,1181,1559,1581,1508,1734,1994,2598,2007,1664,1382,904,307,53,4310
2023,2023-01-01,17203,172031,石川県,小松市,city,17203,103797,3851,4514,4783,5075,5267,4948,5074,5392,6118,7961,7591,6641,6132,5750,7757,6501,4949,3217,1693,501,82,10442,50714,1979,2366,2393,2585,2771,2701,2671,2826,3110,4134,3806,3191,3068,2700,3585,2984,2095,1158,483,94,14,3844,53083,1872,2148,2390,2490,2496,2247,2403,2566,3008,3827,3785,3450,3064,3050,4172,3517,2854,2059,1210,407,68,6598
2023,2023-01-01,17204,172049,石川県,輪島市,city,17204,23828,440,579,672,1083,842,614,654,852,1018,1254,1347,1397,1839,2006,2652,2052,1763,1522,891,311,40,4527,11265,214,291,347,605,470,334,336,440,549,685,674,690,956,1017,1258,903,686,514,222,69,5,1496,12563,226,288,325,478,372,280,318,412,469,569,673,707,883,989,1394,1149,1077,1008,669,242,35,3031
2023,2023-01-01,17205,172057,石川県,珠洲市,city,17205,12876,226,309,334,392,381,301,334,390,531,659,732,758,910,1165,1514,1296,1046,917,474,182,25,2644,5969,104,142,171,181,221,155,189,221,278,355,378,404,439,569,744,559,422,285,115,34,3,859,6907,122,167,163,211,160,146,145,169,253,304,354,354,471,596,770,737,624,632,359,148,22,1785
2023,2023-01-01,17206,172065,石川県,加賀市,city,17206,62232,1744,2138,2500,2686,2659,2345,2392,2861,3352,4364,4533,4110,4161,4207,5890,4581,3480,2414,1366,393,56,7709,29651,912,1119,1293,1351,1399,1223,1285,1431,1735,2287,2311,2024,1987,1946,2677,2015,1455,784,338,73,6,2656,32581,832,1019,1207,1335,1260,1122,1107,1430,1617,2077,2222,2086,2174,2261,3213,2566,2025,1630,1028,320,50,5053
2023,2023-01-01,17207,172073,石川県,羽咋市,city,17207,20017,471,623,700,795,782,687,684,799,995,1412,1381,1219,1276,1550,2011,1717,1274,884,531,194,32,2915,9518,243,318,356,389,401,353,350,427,515,746,700,620,604,744,966,792,544,305,110,31,4,994,10499,228,305,344,406,381,334,334,372,480,666,681,599,672,806,1045,925,730,579,421,163,28,1921
2023,2023-01-01,17209,172090,石川県,かほく市,city,17209,35575,1606,1656,1556,1707,1778,1789,1871,1955,2023,2623,2571,2269,1833,1954,2721,2201,1655,1078,530,165,34,3462,17265,842,853,808,869,874,912,968,972,1023,1341,1284,1156,910,937,1272,1019,683,364,146,26,6,1225,18310,764,803,748,838,904,877,903,983,1000,1282,1287,1113,923,1017,1449,1182,972,714,384,139,28,2237
2023,2023-01-01,17210,172103,石川県,白山市,city,17210,111333,4364,5080,5369,5617,5226,4605,5350,6319,7208,8876,8137,6605,6526,7043,8884,6525,4498,2931,1583,493,94,9599,54192,2227,2548,2710,2844,2643,2315,2692,3258,3709,4562,4122,3263,3166,3338,4219,3043,1986,1011,425,96,15,3533,57141,2137,2532,2659,2773,2583,2290,2658,3061,3499,4314,4015,3342,3360,3705,4665,3482,2512,1920,1158,397,79,6066
2023,2023-01-01,17211,172111,石川県,能美市,city,17211,48396,1801,2222,2442,2691,2554,2312,2208,2555,3002,4154,3812,3034,2645,2599,3319,2793,2025,1304,665,219,40,4253,23787,897,1120,1273,1372,1427,1226,1129,1290,1512,2110,1974,1498,1321,1246,1526,1312,866,479,168,34,7,1554,24609,904,1102,1169,1319,1127,1086,1079,1265,1490,2044,1838,1536,1324,1353,1793,1481,1159,825,497,185,33,2699
2023,2023-01-01,17212,172120,石川県,野々市市,city,17212,53538,2591,2747,2823,2825,3742,3183,3319,3693,4035,4646,3981,2757,2394,2413,2989,2329,1479,942,481,136,33,3071,27006,1350,1404,1438,1548,2248,1652,1706,1874,2106,2371,2046,1411,1155,1129,1387,1089,624,331,112,20,5,1092,26532,1241,1343,1385,1277,1494,1531,1613,1819,1929,2275,1935,1346,1239,1284,1602,1240,855,611,369,116,28,1979
2023,2023-01-01,17320,173207,石川県,能美郡,gun_agg,,6101,247,321,381,443,355,231,259,331,368,586,498,335,316,303,364,286,195,154,100,27,1,477,3034,127,167,205,240,192,120,129,169,193,278,246,174,140,169,164,142,87,56,30,6,0,179,3067,120,154,176,203,163,111,130,162,175,308,252,161,176,134,200,144,108,98,70,21,1,298
2023,2023-01-01,17324,173240,石川県,能美郡川北町,town,17324,6101,247,321,381,443,355,231,259,331,368,586,498,335,316,303,364,286,195,154,100,27,1,477,3034,127,167,205,240,192,120,129,169,193,278,246,174,140,169,164,142,87,56,30,6,0,179,3067,120,154,176,203,163,111,130,162,175,308,252,161,176,134,200,144,108,98,70,21,1,298
2023,2023-01-01,17360,173606,石川県,河北郡,gun_agg,,63041,2273,2862,3041,3242,3275,2922,3050,3381,3744,4861,5105,4470,4052,3785,4426,3448,2515,1545,764,245,35,5104,30636,1210,1505,1610,1611,1660,1470,1538,1691,1857,2463,2472,2176,1954,1937,2060,1545,1076,554,194,45,8,1877,32405,1063,1357,1431,1631,1615,1452,1512,1690,1887,2398,2633,2294,2098,1848,2366,1903,1439,991,570,200,27,3227
2023,2023-01-01,17361,173614,石川県,河北郡津幡町,town,17361,37210,1391,1711,1807,1953,1916,1823,1928,2038,2169,2823,3018,2796,2456,2170,2487,1857,1335,899,457,155,21,2867,18184,753,887,953,973,964,935,987,1026,1079,1446,1445,1351,1212,1127,1163,842,566,318,122,30,5,1041,19026,638,824,854,980,952,888,941,1012,1090,1377,1573,1445,1244,1043,1324,1015,769,581,335,125,16,1826
2023,2023-01-01,17365,173657,石川県,河北郡内灘町,town,17365,25831,882,1151,1234,1289,1359,1099,1122,1343,1575,2038,2087,1674,1596,1615,1939,1591,1180,646,307,90,14,2237,12452,457,618,657,638,696,535,551,665,778,1017,1027,825,742,810,897,703,510,236,72,15,3,836,13379,425,533,577,651,663,564,571,678,797,1021,1060,849,854,805,1042,888,670,410,235,75,11,1401
2023,2023-01-01,17380,173801,石川県,羽咋郡,gun_agg,,30648,587,863,1034,1237,1191,945,922,1175,1383,1977,2008,1921,2101,2570,3371,2667,1992,1551,826,282,45,4696,14678,301,445,486,619,613,519,503,603,725,1046,1053,966,1045,1225,1628,1257,854,529,217,43,1,1644,15970,286,418,548,618,578,426,419,572,658,931,955,955,1056,1345,1743,1410,1138,1022,609,239,44,3052
2023,2023-01-01,17384,173843,石川県,羽咋郡志賀町,town,17384,18591,320,521,625,706,653,537,529,686,830,1159,1150,1089,1307,1650,2117,1683,1267,1022,535,178,27,3029,8901,161,274,291,360,355,296,290,343,422,624,639,535,645,794,1030,777,549,339,147,29,1,1065,9690,159,247,334,346,298,241,239,343,408,535,511,554,662,856,1087,906,718,683,388,149,26,1964
2023,2023-01-01,17386,173860,石川県,羽咋郡宝達志水町,town,17386,12057,267,342,409,531,538,408,393,489,553,818,858,832,794,920,1254,984,725,529,291,104,18,1667,5777,140,171,195,259,258,223,213,260,303,422,414,431,400,431,598,480,305,190,70,14,0,579,6280,127,171,214,272,280,185,180,229,250,396,444,401,394,489,656,504,420,339,221,90,18,1088
2023,2023-01-01,17400,174009,石川県,鹿島郡,gun_agg,,16961,474,654,738,803,654,535,660,747,903,1189,1142,1020,1082,1230,1563,1251,989,721,425,153,28,2316,8277,245,353,372,428,340,287,338,396,471,608,570,531,554,602,768,575,424,279,102,32,2,839,8684,229,301,366,375,314,248,322,351,432,581,572,489,528,628,795,676,565,442,323,121,26,1477
2023,2023-01-01,17407,174076,石川県,鹿島郡中能登町,town,17407,16961,474,654,738,803,654,535,660,747,903,1189,1142,1020,1082,1230,1563,1251,989,721,425,153,28,2316,8277,245,353,372,428,340,287,338,396,471,608,570,531,554,602,768,575,424,279,102,32,2,839,8684,229,301,366,375,314,248,322,351,432,581,572,489,528,628,795,676,565,442,323,121,26,1477
2023,2023-01-01,17460,174602,石川県,鳳珠郡,gun_agg,,22939,436,509,616,781,641,592,663,741,971,1267,1271,1320,1690,2197,2708,2159,1765,1505,786,279,42,4377,10944,233,278,314,417,336,333,365,416,526,696,660,644,858,1117,1342,982,714,474,178,54,7,1427,11995,203,231,302,364,305,259,298,325,445,571,611,676,832,1080,1366,1177,1051,1031,608,225,35,2950
2023,2023-01-01,17461,174611,石川県,鳳珠郡穴水町,town,17461,7444,144,161,197,270,215,206,212,220,309,422,420,448,514,717,875,686,595,468,250,102,13,1428,3574,81,95,102,138,113,111,120,125,165,232,229,212,267,381,425,316,251,145,46,19,1,462,3870,63,66,95,132,102,95,92,95,144,190,191,236,247,336,450,370,344,323,204,83,12,966
2023,2023-01-01,17463,174637,石川県,鳳珠郡能登町,town,17463,15495,292,348,419,511,426,386,451,521,662,845,851,872,1176,1480,1833,1473,1170,1037,536,177,29,2949,7370,152,183,212,279,223,222,245,291,361,464,431,432,591,736,917,666,463,329,132,35,6,965,8125,140,165,207,232,203,164,206,230,301,381,420,440,585,744,916,807,707,708,404,142,23,1984
2023,2023-01-01,18000,180009,福井県,,pref,,744065,26378,30861,34363,35805,34093,32259,34221,39862,44065,52901,52053,46867,47831,48517,60873,42686,34525,26378,14362,4513,652,80430,363025,13517,15881,17645,18388,17766,17076,17937,20537,22678,27193,26476,23169,23526,23752,29194,19475,14482,9340,4051,868,74,28815,381040,12861,14980,16718,17417,16327,15183,16284,19325,21387,25708,25577,23698,24305,24765,31679,23211,20043,17038,10311,3645,578,51615
2023,2023-01-01,18201,182010,福井県,福井市,city,18201,253263,9406,10723,11753,11994,11616,11251,12187,14326,15585,18368,18492,16078,15774,15515,19567,14420,11585,8574,4499,1338,212,26208,123172,4909,5501,6119,6182,6073,5821,6264,7355,7959,9353,9335,7913,7674,7473,9191,6459,4885,3131,1299,254,22,9591,130091,4497,5222,5634,5812,5543,5430,5923,6971,7626,9015,9157,8165,8100,8042,10376,7961,6700,5443,3200,1084,190,16617
2023,2023-01-01,18202,182028,福井県,敦賀市,city,18202,62597,2164,2692,2946,3019,2963,2745,2969,3496,3840,4713,4473,3955,4039,4158,4980,3417,2573,1967,1122,317,49,6028,30958,1095,1379,1494,1560,1544,1538,1575,1796,2051,2424,2290,2022,2062,2088,2403,1533,1066,662,306,62,8,2104,31639,1069,1313,1452,1459,1419,1207,1394,1700,1789,2289,2183,1933,1977,2070,2577,1884,1507,1305,816,255,41,3924
2023,2023-01-01,18204,182044,福井県,小浜市,city,18204,27936,1072,1173,1281,1262,1200,1188,1279,1387,1597,1882,1777,1742,1940,1879,2351,1653,1304,1118,621,215,15,3273,13827,562,591,666,669,673,671,695,715,858,961,930,884,1002,952,1152,752,519,375,155,45,0,1094,14109,510,582,615,593,527,517,584,672,739,921,847,858,938,927,1199,901,785,743,466,170,15,2179
2023,2023-01-01,18205,182052,福井県,大野市,city,18205,30478,842,1107,1186,1349,1212,1062,1159,1440,1658,1899,1833,1921,2237,2454,3018,1972,1718,1385,744,248,34,4129,14676,413,554,605,700,643,561,624,743,854,995,934,946,1087,1177,1501,903,704,471,212,47,2,1436,15802,429,553,581,649,569,501,535,697,804,904,899,975,1150,1277,1517,1069,1014,914,532,201,32,2693
2023,2023-01-01,18206,182061,福井県,勝山市,city,18206,21536,609,764,862,935,858,777,853,1052,1149,1372,1263,1282,1564,1761,2142,1365,1187,984,536,188,33,2928,10359,298,412,440,475,419,428,463,538,592,728,620,616,753,863,1069,645,495,324,136,41,4,1000,11177,311,352,422,460,439,349,390,514,557,644,643,666,811,898,1073,720,692,660,400,147,29,1928
2023,2023-01-01,18207,182079,福井県,鯖江市,city,18207,67806,2718,3073,3527,3588,3402,3089,3287,3928,4351,5272,4985,4053,3827,3851,5041,3595,2861,1979,1008,310,61,6219,33141,1371,1603,1781,1813,1729,1578,1707,1998,2219,2716,2547,2039,1862,1856,2342,1665,1227,716,296,66,10,2315,34665,1347,1470,1746,1775,1673,1511,1580,1930,2132,2556,2438,2014,1965,1995,2699,1930,1634,1263,712,244,51,3904
2023,2023-01-01,18208,182087,福井県,あわら市,city,18208,26397,804,967,1053,1127,1107,1056,1136,1320,1395,1723,1788,1778,1876,2004,2464,1680,1297,1048,566,182,26,3119,12568,396,489,527,562,574,561,598,680,708,884,904,849,868,986,1173,791,491,350,143,32,2,1018,13829,408,478,526,565,533,495,538,640,687,839,884,929,1008,1018,1291,889,806,698,423,150,24,2101
2023,2023-01-01,18209,182095,福井県,越前市,city,18209,76039,2772,3178,3453,3817,3487,3579,3572,3969,4390,5481,5170,4697,4754,4847,6311,4282,3529,2666,1526,497,62,8280,37435,1421,1666,1808,1965,1814,1886,1864,2063,2290,2889,2646,2344,2378,2341,3012,2001,1514,965,468,94,6,3047,38604,1351,1512,1645,1852,1673,1693,1708,1906,2100,2592,2524,2353,2376,2506,3299,2281,2015,1701,1058,403,56,5233
2023,2023-01-01,18210,182109,福井県,坂井市,city,18210,87781,3023,3801,4277,4482,4359,3882,3927,4670,5232,6462,6472,5699,5621,5558,6889,4851,3754,2828,1465,452,77,8576,42654,1569,1931,2157,2323,2209,2018,2016,2378,2636,3275,3283,2755,2755,2715,3261,2245,1637,998,397,82,14,3128,45127,1454,1870,2120,2159,2150,1864,1911,2292,2596,3187,3189,2944,2866,2843,3628,2606,2117,1830,1068,370,63,5448
2023,2023-01-01,18320,183202,福井県,吉田郡,gun_agg,,17787,590,660,810,892,965,786,783,850,984,1203,1261,1167,1180,1169,1425,1006,869,674,388,118,7,2056,8691,277,335,406,453,543,428,404,449,506,616,624,563,575,583,718,466,368,245,113,19,0,745,9096,313,325,404,439,422,358,379,401,478,587,637,604,605,586,707,540,501,429,275,99,7,1311
2023,2023-01-01,18322,183229,福井県,吉田郡永平寺町,town,18322,17787,590,660,810,892,965,786,783,850,984,1203,1261,1167,1180,1169,1425,1006,869,674,388,118,7,2056,8691,277,335,406,453,543,428,404,449,506,616,624,563,575,583,718,466,368,245,113,19,0,745,9096,313,325,404,439,422,358,379,401,478,587,637,604,605,586,707,540,501,429,275,99,7,1311
2023,2023-01-01,18380,183806,福井県,今立郡,gun_agg,,2313,53,62,62,68,87,78,97,107,92,110,110,134,194,193,214,162,160,190,97,36,7,490,1106,25,33,29,41,36,37,58,58,49,61,63,59,89,113,109,67,73,66,32,7,1,179,1207,28,29,33,27,51,41,39,49,43,49,47,75,105,80,105,95,87,124,65,29,6,311
2023,2023-01-01,18382,183822,福井県,今立郡池田町,town,18382,2313,53,62,62,68,87,78,97,107,92,110,110,134,194,193,214,162,160,190,97,36,7,490,1106,25,33,29,41,36,37,58,58,49,61,63,59,89,113,109,67,73,66,32,7,1,179,1207,28,29,33,27,51,41,39,49,43,49,47,75,105,80,105,95,87,124,65,29,6,311
2023,2023-01-01,18400,184004,福井県,南条郡,gun_agg,,9758,282,375,408,472,390,344,399,459,534,546,580,571,693,778,937,561,528,490,294,110,7,1429,4736,148,190,225,259,192,191,211,241,281,292,282,294,320,386,487,249,214,169,80,25,0,488,5022,134,185,183,213,198,153,188,218,253,254,298,277,373,392,450,312,314,321,214,85,7,941
2023,2023-01-01,18404,184047,福井県,南条郡南越前町,town,18404,9758,282,375,408,472,390,344,399,459,534,546,580,571,693,778,937,561,528,490,294,110,7,1429,4736,148,190,225,259,192,191,211,241,281,292,282,294,320,386,487,249,214,169,80,25,0,488,5022,134,185,183,213,198,153,188,218,253,254,298,277,373,392,450,312,314,321,214,85,7,941
2023,2023-01-01,18420,184209,福井県,丹生郡,gun_agg,,20133,612,712,925,973,850,759,796,927,1166,1252,1351,1295,1370,1487,1929,1225,1014,779,512,174,25,2504,9805,315,370,459,492,439,415,437,496,598,641,700,634,676,716,1002,562,408,262,149,32,2,853,10328,297,342,466,481,411,344,359,431,568,611,651,661,694,771,927,663,606,517,363,142,23,1651
2023,2023-01-01,18423,184233,福井県,丹生郡越前町,town,18423,20133,612,712,925,973,850,759,796,927,1166,1252,1351,1295,1370,1487,1929,1225,1014,779,512,174,25,2504,9805,315,370,459,492,439,415,437,496,598,641,700,634,676,716,1002,562,408,262,149,32,2,853,10328,297,342,466,481,411,344,359,431,568,611,651,661,694,771,927,663,606,517,363,142,23,1651
2023,2023-01-01,18440,184403,福井県,三方郡,gun_agg,,8931,300,324,314,349,323,405,427,447,462,525,522,541,584,686,898,624,527,393,197,80,3,1200,4405,162,182,155,180,173,228,242,240,236,284,284,272,281,367,428,282,205,140,52,12,0,409,4526,138,142,159,169,150,177,185,207,226,241,238,269,303,319,470,342,322,253,145,68,3,791
2023,2023-01-01,18442,184420,福井県,三方郡美浜町,town,18442,8931,300,324,314,349,323,405,427,447,462,525,522,541,584,686,898,624,527,393,197,80,3,1200,4405,162,182,155,180,173,228,242,240,236,284,284,272,281,367,428,282,205,140,52,12,0,409,4526,138,142,159,169,150,177,185,207,226,241,238,269,303,319,470,342,322,253,145,68,3,791
2023,2023-01-01,18480,184802,福井県,大飯郡,gun_agg,,17526,677,722,823,815,746,757,795,900,908,1215,1104,1055,1188,1203,1473,1037,863,665,426,134,20,2108,8816,331,374,428,407,425,437,481,467,470,640,586,545,626,639,738,479,362,232,119,27,3,743,8710,346,348,395,408,321,320,314,433,438,575,518,510,562,564,735,558,501,433,307,107,17,1365
2023,2023-01-01,18481,184811,福井県,大飯郡高浜町,town,18481,9691,355,374,426,456,407,407,441,509,487,747,634,596,614,660,832,591,487,350,224,78,16,1155,4923,175,205,220,225,245,237,264,277,254,394,335,304,320,357,399,290,207,133,62,17,3,422,4768,180,169,206,231,162,170,177,232,233,353,299,292,294,303,433,301,280,217,162,61,13,733
2023,2023-01-01,18483,184837,福井県,大飯郡おおい町,town,18483,7835,322,348,397,359,339,350,354,391,421,468,470,459,574,543,641,446,376,315,202,56,4,953,3893,156,169,208,182,180,200,217,190,216,246,251,241,306,282,339,189,155,99,57,10,0,321,3942,166,179,189,177,159,150,137,201,205,222,219,218,268,261,302,257,221,216,145,46,4,632
2023,2023-01-01,18500,185001,福井県,三方上中郡,gun_agg,,13784,454,528,683,663,528,501,555,584,722,878,872,899,990,974,1234,836,756,638,361,114,14,1883,6676,225,271,346,307,280,278,298,320,371,434,448,434,518,497,608,376,314,234,94,23,0,665,7108,229,257,337,356,248,223,257,264,351,444,424,465,472,477,626,460,442,404,267,91,14,1218
2023,2023-01-01,18501,185019,福井県,三方上中郡若狭町,town,18501,13784,454,528,683,663,528,501,555,584,722,878,872,899,990,974,1234,836,756,638,361,114,14,1883,6676,225,271,346,307,280,278,298,320,371,434,448,434,518,497,608,376,314,234,94,23,0,665,7108,229,257,337,356,248,223,257,264,351,444,424,465,472,477,626,460,442,404,267,91,14,1218
2023,2023-01-01,19000,190004,山梨県,,pref,,793192,25933,30354,33211,36857,37180,34438,35621,40957,45538,55559,58828,54318,51901,53908,62811,47939,39032,27347,15477,5113,868,87837,390101,13176,15450,17003,19032,19627,18369,18692,21266,23514,28565,30317,27698,26144,26625,30186,22080,16730,9961,4464,1080,121,32356,403091,12757,14904,16208,17825,17553,16069,16929,19691,22024,26994,28511,26620,25757,27283,32625,25859,22302,17386,11013,4033,747,55481
2023,2023-01-01,19201,192015,山梨県,甲府市,city,19201,179711,6064,6918,7535,8319,8978,8412,8394,9681,10563,13188,13620,12226,10813,10782,12684,10765,8995,6659,3692,1220,203,20769,87211,3006,3542,3830,4323,4763,4470,4325,4923,5364,6730,7016,6277,5397,5224,5883,4781,3663,2403,1013,250,28,7357,92500,3058,3376,3705,3996,4215,3942,4069,4758,5199,6458,6604,5949,5416,5558,6801,5984,5332,4256,2679,970,175,13412
2023,2023-01-01,19202,192023,山梨県,富士吉田市,city,19202,46652,1571,1761,1922,2107,2159,2043,2136,2477,2535,3106,3536,3469,3338,3225,3511,2682,2357,1631,814,235,37,5074,23014,783,908,974,1087,1149,1095,1163,1292,1350,1575,1827,1774,1674,1609,1676,1222,962,595,245,51,3,1856,23638,788,853,948,1020,1010,948,973,1185,1185,1531,1709,1695,1664,1616,1835,1460,1395,1036,569,184,34,3218
2023,2023-01-01,19204,192040,山梨県,都留市,city,19204,28524,834,966,1137,1555,2072,1184,1235,1331,1417,1810,2092,2010,1916,2002,2239,1576,1325,1037,565,187,34,3148,13933,444,493,594,725,946,632,653,710,742,939,1044,1040,1000,977,1096,725,585,370,171,42,5,1173,14591,390,473,543,830,1126,552,582,621,675,871,1048,970,916,1025,1143,851,740,667,394,145,29,1975
2023,2023-01-01,19205,192058,山梨県,山梨市,city,19205,33233,1037,1251,1389,1500,1444,1206,1276,1651,1886,2207,2427,2180,2247,2456,2739,2139,1809,1300,774,265,50,4198,16027,523,623,746,780,742,631,618,843,965,1105,1216,1077,1112,1209,1319,980,785,468,232,43,10,1538,17206,514,628,643,720,702,575,658,808,921,1102,1211,1103,1135,1247,1420,1159,1024,832,542,222,40,2660
2023,2023-01-01,19206,192066,山梨県,大月市,city,19206,21905,375,504,671,838,837,667,687,907,918,1236,1506,1688,1781,1951,2350,1679,1424,1040,613,209,24,3310,10755,179,236,330,430,456,370,389,502,468,659,789,872,882,949,1187,822,627,364,188,54,2,1235,11150,196,268,341,408,381,297,298,405,450,577,717,816,899,1002,1163,857,797,676,425,155,22,2075
2023,2023-01-01,19207,192074,山梨県,韮崎市,city,19207,27793,774,948,1129,1328,1305,1276,1279,1336,1587,1940,2085,1980,1893,2009,2369,1713,1300,895,458,162,27,2842,13949,417,500,583,685,701,753,696,709,872,995,1079,959,975,1018,1131,785,582,336,133,34,6,1091,13844,357,448,546,643,604,523,583,627,715,945,1006,1021,918,991,1238,928,718,559,325,128,21,1751
2023,2023-01-01,19208,192082,山梨県,南アルプス市,city,19208,70310,2708,3040,3190,3619,3343,3097,3348,3861,4422,5318,5326,4673,4361,4597,5280,3734,2875,2002,1097,356,63,6393,34872,1386,1566,1656,1869,1742,1588,1733,1987,2297,2737,2767,2397,2153,2266,2495,1842,1278,723,309,76,5,2391,35438,1322,1474,1534,1750,1601,1509,1615,1874,2125,2581,2559,2276,2208,2331,2785,1892,1597,1279,788,280,58,4002
2023,2023-01-01,19209,192091,山梨県,北杜市,city,19209,45262,1077,1439,1707,1745,1498,1296,1483,1847,2290,2819,3026,3127,3559,3795,4723,3639,2687,1911,1136,380,78,6192,22200,548,747,878,909,804,671,799,965,1177,1447,1509,1554,1800,1912,2348,1740,1222,745,336,76,13,2392,23062,529,692,829,836,694,625,684,882,1113,1372,1517,1573,1759,1883,2375,1899,1465,1166,800,304,65,3800
2023,2023-01-01,19210,192104,山梨県,甲斐市,city,19210,75239,3199,3377,3561,4009,3413,3707,4122,4522,4931,5814,5796,4711,4130,4330,5362,4218,3057,1795,896,251,38,6037,37335,1630,1712,1819,2090,1809,1924,2177,2314,2535,3054,2963,2443,2068,2069,2484,1911,1316,670,293,51,3,2333,37904,1569,1665,1742,1919,1604,1783,1945,2208,2396,2760,2833,2268,2062,2261,2878,2307,1741,1125,603,200,35,3704
2023,2023-01-01,19211,192112,山梨県,笛吹市,city,19211,66320,2247,2584,2828,3014,3143,3117,3006,3357,3703,4965,5210,4486,4055,4299,5094,4097,3257,2115,1245,428,70,7115,32377,1147,1300,1472,1549,1619,1613,1535,1739,1856,2531,2720,2261,2035,2076,2408,1835,1425,781,365,98,12,2681,33943,1100,1284,1356,1465,1524,1504,1471,1618,1847,2434,2490,2225,2020,2223,2686,2262,1832,1334,880,330,58,4434
2023,2023-01-01,19212,192121,山梨県,上野原市,city,19212,21578,405,586,709,885,945,718,763,866,1076,1306,1507,1587,1795,1877,2193,1451,1319,897,504,159,28,2907,10800,221,306,357,451,523,394,415,468,535,684,780,790,932,1003,1138,695,595,330,133,44,5,1107,10778,184,280,352,434,422,324,348,398,541,622,727,797,863,874,1055,756,724,567,371,115,23,1800
2023,2023-01-01,19213,192139,山梨県,甲州市,city,19213,29668,735,1036,1172,1388,1328,905,997,1342,1535,1876,2159,2006,2122,2262,2728,2030,1769,1227,749,259,43,4047,14367,369,510,625,727,704,479,509,687,798,928,1111,993,1057,1113,1343,923,768,442,224,53,4,1491,15301,366,526,547,661,624,426,488,655,737,948,1048,1013,1065,1149,1385,1107,1001,785,525,206,39,2556
2023,2023-01-01,19214,192147,山梨県,中央市,city,19214,28645,953,1193,1322,1349,1492,1416,1330,1638,1843,2161,2152,2015,1840,1923,2231,1509,1074,732,334,117,21,2278,14256,498,581,663,673,803,729,699,835,974,1104,1136,1049,907,930,1102,704,472,268,100,27,2,869,14389,455,612,659,676,689,687,631,803,869,1057,1016,966,933,993,1129,805,602,464,234,90,19,1409
2023,2023-01-01,19340,193402,山梨県,西八代郡,gun_agg,,14702,385,487,527,654,571,539,497,608,689,935,1016,986,1027,1202,1292,1065,937,659,440,155,31,2222,7211,204,243,294,330,308,300,251,324,353,502,532,498,528,628,651,459,414,234,122,32,4,806,7491,181,244,233,324,263,239,246,284,336,433,484,488,499,574,641,606,523,425,318,123,27,1416
2023,2023-01-01,19346,193461,山梨県,西八代郡市川三郷町,town,19346,14702,385,487,527,654,571,539,497,608,689,935,1016,986,1027,1202,1292,1065,937,659,440,155,31,2222,7211,204,243,294,330,308,300,251,324,353,502,532,498,528,628,651,459,414,234,122,32,4,806,7491,181,244,233,324,263,239,246,284,336,433,484,488,499,574,641,606,523,425,318,123,27,1416
2023,2023-01-01,19360,193607,山梨県,南巨摩郡,gun_agg,,32342,632,854,1079,1193,1163,1037,1234,1297,1523,1884,2122,2246,2463,2721,3170,2286,2160,1602,1174,429,73,5438,15815,323,433,520,661,654,555,687,706,818,1020,1109,1165,1283,1386,1591,1053,900,550,312,74,15,1851,16527,309,421,559,532,509,482,547,591,705,864,1013,1081,1180,1335,1579,1233,1260,1052,862,355,58,3587
2023,2023-01-01,19364,193640,山梨県,南巨摩郡早川町,town,19364,916,10,17,33,28,35,30,34,35,42,42,52,56,63,73,80,66,76,86,44,12,2,220,459,6,12,16,21,20,18,16,21,23,25,37,35,31,41,43,26,24,25,16,3,0,68,457,4,5,17,7,15,12,18,14,19,17,15,21,32,32,37,40,52,61,28,9,2,152
2023,2023-01-01,19365,193658,山梨県,南巨摩郡身延町,town,19365,10253,129,204,258,293,325,285,306,316,386,503,613,692,870,996,1115,820,811,605,490,194,42,2142,4980,69,113,117,151,183,160,173,178,212,284,321,364,455,515,572,383,344,210,132,37,7,730,5273,60,91,141,142,142,125,133,138,174,219,292,328,415,481,543,437,467,395,358,157,35,1412
2023,2023-01-01,19366,193666,山梨県,南巨摩郡南部町,town,19366,7022,112,176,221,277,217,193,260,272,326,380,412,459,591,678,790,520,433,339,257,95,14,1138,3470,57,95,109,165,126,109,153,145,181,199,208,236,296,351,405,242,181,134,62,13,3,393,3552,55,81,112,112,91,84,107,127,145,181,204,223,295,327,385,278,252,205,195,82,11,745
2023,2023-01-01,19368,193682,山梨県,南巨摩郡富士川町,town,19368,14151,381,457,567,595,586,529,634,674,769,959,1045,1039,939,974,1185,880,840,572,383,128,15,1938,6906,191,213,278,324,325,268,345,362,402,512,543,530,501,479,571,402,351,181,102,21,5,660,7245,190,244,289,271,261,261,289,312,367,447,502,509,438,495,614,478,489,391,281,107,10,1278
2023,2023-01-01,19380,193801,山梨県,中巨摩郡,gun_agg,,20316,1039,1138,1147,993,1012,1179,1290,1422,1472,1608,1583,1329,1064,941,1061,753,631,400,194,47,13,1285,10244,550,588,557,503,527,648,662,739,778,828,826,700,542,464,481,356,284,138,59,13,1,495,10072,489,550,590,490,485,531,628,683,694,780,757,629,522,477,580,397,347,262,135,34,12,790
2023,2023-01-01,19384,193844,山梨県,中巨摩郡昭和町,town,19384,20316,1039,1138,1147,993,1012,1179,1290,1422,1472,1608,1583,1329,1064,941,1061,753,631,400,194,47,13,1285,10244,550,588,557,503,527,648,662,739,778,828,826,700,542,464,481,356,284,138,59,13,1,495,10072,489,550,590,490,485,531,628,683,694,780,757,629,522,477,580,397,347,262,135,34,12,790
2023,2023-01-01,19420,194204,山梨県,南都留郡,gun_agg,,49813,1874,2243,2148,2326,2450,2585,2501,2768,3093,3326,3594,3524,3420,3432,3656,2522,1961,1371,746,239,34,4351,25120,930,1147,1084,1221,1360,1490,1360,1494,1604,1694,1857,1803,1750,1738,1780,1210,813,515,212,55,3,1598,24693,944,1096,1064,1105,1090,1095,1141,1274,1489,1632,1737,1721,1670,1694,1876,1312,1148,856,534,184,31,2753
2023,2023-01-01,19422,194221,山梨県,南都留郡道志村,village,19422,1545,27,49,44,61,37,57,58,70,77,86,97,113,138,176,156,105,82,65,37,9,1,194,784,16,24,25,32,22,28,34,36,45,44,53,58,69,90,78,60,36,19,13,2,0,70,761,11,25,19,29,15,29,24,34,32,42,44,55,69,86,78,45,46,46,24,7,1,124
2023,2023-01-01,19423,194239,山梨県,南都留郡西桂町,town,19423,4039,118,148,163,198,188,160,172,175,225,255,316,324,319,302,330,221,206,137,59,20,3,425,1954,52,69,79,101,89,82,81,88,117,117,166,162,159,174,148,100,80,61,18,10,1,170,2085,66,79,84,97,99,78,91,87,108,138,150,162,160,128,182,121,126,76,41,10,2,255
2023,2023-01-01,19424,194247,山梨県,南都留郡忍野村,village,19424,9463,425,483,459,456,626,791,620,636,713,552,591,602,523,532,548,348,231,177,119,28,3,558,5152,201,266,227,258,417,566,379,365,398,296,304,319,282,262,259,170,94,54,32,3,0,183,4311,224,217,232,198,209,225,241,271,315,256,287,283,241,270,289,178,137,123,87,25,3,375
2023,2023-01-01,19425,194255,山梨県,南都留郡山中湖村,village,19425,5530,178,210,205,251,223,178,225,267,286,367,404,391,473,452,539,338,254,179,88,15,7,543,2783,90,127,91,126,124,91,126,142,142,195,202,197,239,228,276,174,111,70,28,3,1,213,2747,88,83,114,125,99,87,99,125,144,172,202,194,234,224,263,164,143,109,60,12,6,330
2023,2023-01-01,19429,194298,山梨県,南都留郡鳴沢村,village,19429,3082,95,113,134,124,130,104,122,151,164,225,220,214,234,242,266,231,151,89,52,17,4,313,1549,51,62,65,61,70,50,62,80,85,108,120,110,123,128,137,109,71,36,17,4,0,128,1533,44,51,69,63,60,54,60,71,79,117,100,104,111,114,129,122,80,53,35,13,4,185
2023,2023-01-01,19430,194301,山梨県,南都留郡富士河口湖町,town,19430,26154,1031,1240,1143,1236,1246,1295,1304,1469,1628,1841,1966,1880,1733,1728,1817,1279,1037,724,391,150,16,2318,12898,520,599,597,643,638,673,678,783,817,934,1012,957,878,856,882,597,421,275,104,33,1,834,13256,511,641,546,593,608,622,626,686,811,907,954,923,855,872,935,682,616,449,287,117,15,1484
2023,2023-01-01,19440,194409,山梨県,北都留郡,gun_agg,,1179,24,29,38,35,27,54,43,46,55,60,71,75,77,104,129,81,95,74,46,15,1,231,615,18,15,21,19,17,27,21,29,28,33,36,46,49,54,73,37,39,29,17,7,0,92,564,6,14,17,16,10,27,22,17,27,27,35,29,28,50,56,44,56,45,29,8,1,139
2023,2023-01-01,19442,194425,山梨県,北都留郡小菅村,village,19442,646,12,16,29,20,16,31,22,21,32,37,38,38,28,55,81,48,52,38,26,5,1,122,332,9,10,15,9,11,18,8,12,15,21,20,22,15,28,48,20,24,17,8,2,0,51,314,3,6,14,11,5,13,14,9,17,16,18,16,13,27,33,28,28,21,18,3,1,71
2023,2023-01-01,19443,194433,山梨県,北都留郡丹波山村,village,19443,533,12,13,9,15,11,23,21,25,23,23,33,37,49,49,48,33,43,36,20,10,0,109,283,9,5,6,10,6,9,13,17,13,12,16,24,34,26,25,17,15,12,9,5,0,41,250,3,8,3,5,5,14,8,8,10,11,17,13,15,23,23,16,28,24,11,5,0,68
2023,2023-01-01,20000,200000,長野県,,pref,,2005647,66215,80067,88203,93311,87461,82525,88376,102666,118600,146380,146001,128056,125235,128681,158457,126258,103099,74804,43915,15009,2328,239155,983096,34010,41163,45090,47953,45772,43623,45621,52787,61020,75342,75324,64814,62507,63963,76194,58359,44448,28220,13363,3231,292,89554,1022551,32205,38904,43113,45358,41689,38902,42755,49879,57580,71038,70677,63242,62728,64718,82263,67899,58651,46584,30552,11778,2036,149601
2023,2023-01-01,20201,202011,長野県,長野市,city,20201,364729,12465,14516,16222,17107,16740,15697,17009,19440,22158,27642,27780,23814,22416,22442,26953,21723,17554,12756,7462,2491,342,40605,177245,6451,7453,8203,8677,8739,8111,8609,9802,11259,14035,14126,11965,11067,11002,12770,9909,7384,4815,2254,576,38,15067,187484,6014,7063,8019,8430,8001,7586,8400,9638,10899,13607,13654,11849,11349,11440,14183,11814,10170,7941,5208,1915,304,25538
2023,2023-01-01,20202,202029,長野県,松本市,city,20202,232399,8400,9880,10741,11066,11106,11312,11277,13077,14660,18082,17961,14760,13485,13013,15702,13050,10725,7870,4523,1485,224,24827,114169,4256,5088,5615,5798,5867,6056,5777,6692,7521,9216,9231,7485,6735,6389,7406,5872,4484,2896,1436,324,25,9165,118230,4144,4792,5126,5268,5239,5256,5500,6385,7139,8866,8730,7275,6750,6624,8296,7178,6241,4974,3087,1161,199,15662
2023,2023-01-01,20203,202037,長野県,上田市,city,20203,149530,4963,5983,6549,7056,6840,6625,6859,7899,8769,10788,11000,9581,9380,9299,11722,9212,7513,5341,2987,1014,150,17005,73349,2589,3043,3358,3559,3541,3547,3568,4075,4478,5602,5734,4818,4585,4662,5582,4196,3291,2009,864,233,15,6412,76181,2374,2940,3191,3497,3299,3078,3291,3824,4291,5186,5266,4763,4795,4637,6140,5016,4222,3332,2123,781,135,10593
2023,2023-01-01,20204,202045,長野県,岡谷市,city,20204,46889,1396,1674,1950,2212,2050,1835,1985,2146,2593,3503,3603,3085,2667,2672,3749,3361,2926,1971,1099,359,53,6408,22855,711,857,977,1155,1071,971,1027,1134,1323,1810,1904,1615,1354,1286,1707,1554,1231,763,329,72,4,2399,24034,685,817,973,1057,979,864,958,1012,1270,1693,1699,1470,1313,1386,2042,1807,1695,1208,770,287,49,4009
2023,2023-01-01,20205,202053,長野県,飯田市,city,20205,95117,3337,3958,4402,4484,4044,3866,4200,4717,5412,6520,6458,5783,5936,6429,7404,5924,5128,3809,2387,787,132,12243,46114,1740,2081,2241,2260,2022,2020,2160,2420,2787,3327,3307,2941,2871,3120,3574,2671,2230,1445,712,168,17,4572,49003,1597,1877,2161,2224,2022,1846,2040,2297,2625,3193,3151,2842,3065,3309,3830,3253,2898,2364,1675,619,115,7671
2023,2023-01-01,20206,202061,長野県,諏訪市,city,20206,46919,1544,1830,2055,2152,2190,2148,2109,2390,2699,3680,3645,2900,2749,2651,3494,3094,2550,1751,931,314,43,5589,23191,790,931,1018,1147,1168,1157,1126,1297,1420,1907,1956,1461,1398,1345,1585,1369,1101,676,268,65,6,2116,23728,754,899,1037,1005,1022,991,983,1093,1279,1773,1689,1439,1351,1306,1909,1725,1449,1075,663,249,37,3473
2023,2023-01-01,20207,202070,長野県,須坂市,city,20207,49076,1653,1934,2197,2275,2110,1970,2128,2429,3029,3603,3624,3084,3005,3034,3993,3425,2595,1672,960,307,49,5583,23887,823,990,1121,1180,1074,1034,1087,1239,1574,1862,1886,1540,1491,1446,1874,1589,1111,635,265,60,6,2077,25189,830,944,1076,1095,1036,936,1041,1190,1455,1741,1738,1544,1514,1588,2119,1836,1484,1037,695,247,43,3506
2023,2023-01-01,20208,202088,長野県,小諸市,city,20208,40741,1380,1565,1743,1818,1696,1679,1843,2044,2465,2947,2746,2575,2612,2705,3552,2663,2011,1428,920,313,36,4708,20120,717,826,878,915,870,888,955,1029,1287,1554,1411,1298,1382,1339,1754,1241,924,525,269,56,2,1776,20621,663,739,865,903,826,791,888,1015,1178,1393,1335,1277,1230,1366,1798,1422,1087,903,651,257,34,2932
2023,2023-01-01,20209,202096,長野県,伊那市,city,20209,64141,2085,2664,2886,3164,2738,2471,2891,3146,3701,4676,4558,4001,4165,4144,4878,4071,3259,2502,1525,528,88,7902,31530,1060,1357,1432,1667,1420,1260,1528,1609,1935,2465,2364,1996,2099,2139,2335,1882,1404,964,488,111,15,2982,32611,1025,1307,1454,1497,1318,1211,1363,1537,1766,2211,2194,2005,2066,2005,2543,2189,1855,1538,1037,417,73,4920
2023,2023-01-01,20210,202100,長野県,駒ヶ根市,city,20210,31182,1019,1231,1433,1511,1393,1306,1372,1526,1795,2276,2299,2013,1932,2015,2380,1906,1663,1150,675,245,42,3775,15424,541,653,745,764,738,730,701,796,950,1165,1182,1015,990,1012,1128,851,759,443,213,44,4,1463,15758,478,578,688,747,655,576,671,730,845,1111,1117,998,942,1003,1252,1055,904,707,462,201,38,2312
2023,2023-01-01,20211,202118,長野県,中野市,city,20211,42187,1296,1721,1858,1949,1829,1648,1775,2092,2578,2936,3007,2711,2870,3000,3527,2549,2083,1535,884,297,42,4841,20781,660,895,989,1000,925,871,906,1114,1313,1505,1551,1347,1430,1495,1742,1183,901,593,274,78,9,1855,21406,636,826,869,949,904,777,869,978,1265,1431,1456,1364,1440,1505,1785,1366,1182,942,610,219,33,2986
2023,2023-01-01,20212,202126,長野県,大町市,city,20212,25453,635,760,923,1041,956,939,840,1029,1338,1715,1795,1776,1683,1825,2436,1903,1579,1206,761,271,42,3859,12479,341,405,496,537,503,513,432,520,681,911,936,924,851,945,1193,863,679,449,250,45,5,1428,12974,294,355,427,504,453,426,408,509,657,804,859,852,832,880,1243,1040,900,757,511,226,37,2431
2023,2023-01-01,20213,202134,長野県,飯山市,city,20213,19445,499,611,730,891,777,653,699,837,1047,1243,1279,1229,1419,1557,1897,1261,1101,955,548,184,28,2816,9504,237,309,382,485,429,354,354,441,527,636,655,652,684,784,980,599,457,339,162,34,4,996,9941,262,302,348,406,348,299,345,396,520,607,624,577,735,773,917,662,644,616,386,150,24,1820
2023,2023-01-01,20214,202142,長野県,茅野市,city,20214,53613,1766,2315,2473,2663,2494,2029,2275,2671,3282,4116,4059,3301,3150,3255,4225,3539,2768,1824,1002,359,47,6000,26702,877,1198,1250,1422,1389,1075,1196,1394,1690,2112,2141,1697,1555,1652,2033,1644,1249,728,321,68,11,2377,26911,889,1117,1223,1241,1105,954,1079,1277,1592,2004,1918,1604,1595,1603,2192,1895,1519,1096,681,291,36,3623
2023,2023-01-01,20215,202151,長野県,塩尻市,city,20215,64767,2287,2711,2762,3026,2874,3358,3279,3620,4015,5024,4817,4189,3756,3867,4677,3857,3025,2083,1128,354,58,6648,32388,1200,1371,1457,1515,1452,1888,1731,1925,2120,2630,2498,2131,1935,1924,2235,1825,1306,842,323,74,6,2551,32379,1087,1340,1305,1511,1422,1470,1548,1695,1895,2394,2319,2058,1821,1943,2442,2032,1719,1241,805,280,52,4097
2023,2023-01-01,20217,202177,長野県,佐久市,city,20217,96855,3648,4196,4364,4436,4095,4192,4661,5449,6031,6689,6559,5970,6193,6389,7442,5523,4509,3455,2107,785,162,11018,47752,1815,2185,2198,2295,2150,2208,2390,2796,3109,3500,3326,3050,3134,3239,3620,2577,2016,1314,625,179,26,4160,49103,1833,2011,2166,2141,1945,1984,2271,2653,2922,3189,3233,2920,3059,3150,3822,2946,2493,2141,1482,606,136,6858
2023,2023-01-01,20218,202185,長野県,千曲市,city,20218,58634,2000,2329,2438,2726,2559,2336,2610,3024,3380,4257,4408,3598,3598,3828,4588,3928,3209,2188,1165,398,67,7027,28605,1019,1195,1228,1412,1283,1245,1356,1551,1786,2162,2283,1795,1780,1901,2141,1873,1341,810,351,82,11,2595,30029,981,1134,1210,1314,1276,1091,1254,1473,1594,2095,2125,1803,1818,1927,2447,2055,1868,1378,814,316,56,4432
2023,2023-01-01,20219,202193,長野県,東御市,city,20219,28961,1013,1167,1306,1364,1262,1125,1298,1569,1764,2056,1999,1768,1853,2050,2436,1796,1362,953,599,198,23,3135,14375,530,576,675,703,712,598,664,816,924,1066,1001,903,915,1028,1186,873,636,356,169,41,3,1205,14586,483,591,631,661,550,527,634,753,840,990,998,865,938,1022,1250,923,726,597,430,157,20,1930
2023,2023-01-01,20220,202207,長野県,安曇野市,city,20220,95195,3042,3830,4155,4385,3929,3711,4005,4828,5737,7509,7410,6297,5860,5978,7596,6269,4766,3273,1922,576,117,10654,46342,1583,1934,2122,2247,2060,1850,2053,2444,2927,3845,3814,3152,2846,2910,3546,2971,2092,1230,583,113,20,4038,48853,1459,1896,2033,2138,1869,1861,1952,2384,2810,3664,3596,3145,3014,3068,4050,3298,2674,2043,1339,463,97,6616
2023,2023-01-01,20300,203009,長野県,南佐久郡,gun_agg,,22611,655,824,936,898,865,750,921,1042,1100,1256,1370,1536,1662,1839,2111,1361,1348,1086,727,271,53,3485,11178,356,433,466,485,468,404,486,547,578,628,720,753,849,956,1126,636,575,415,233,56,8,1287,11433,299,391,470,413,397,346,435,495,522,628,650,783,813,883,985,725,773,671,494,215,45,2198
2023,2023-01-01,20303,203033,長野県,南佐久郡小海町,town,20303,4237,110,121,136,146,170,142,167,174,199,215,261,304,285,332,429,295,294,232,148,63,14,751,2079,64,75,63,81,105,71,83,89,108,110,136,148,141,162,228,139,119,91,49,13,4,276,2158,46,46,73,65,65,71,84,85,91,105,125,156,144,170,201,156,175,141,99,50,10,475
2023,2023-01-01,20304,203041,長野県,南佐久郡川上村,village,20304,3562,140,156,139,150,164,131,173,175,178,194,216,242,251,277,295,198,191,158,94,35,5,483,1842,70,80,72,81,97,83,99,98,95,93,107,121,126,151,164,103,88,73,31,9,1,202,1720,70,76,67,69,67,48,74,77,83,101,109,121,125,126,131,95,103,85,63,26,4,281
2023,2023-01-01,20305,203050,長野県,南佐久郡南牧村,village,20305,2791,99,97,133,132,119,88,115,144,126,157,166,190,211,242,248,134,142,122,82,38,6,390,1364,52,46,61,71,60,45,64,67,65,71,88,89,117,136,132,67,59,40,27,6,1,133,1427,47,51,72,61,59,43,51,77,61,86,78,101,94,106,116,67,83,82,55,32,5,257
2023,2023-01-01,20306,203068,長野県,南佐久郡南相木村,village,20306,956,20,42,33,49,40,41,30,32,43,55,57,55,69,60,83,55,67,63,50,9,3,192,465,6,25,18,23,17,25,17,17,25,27,31,29,39,33,46,22,29,16,18,2,0,65,491,14,17,15,26,23,16,13,15,18,28,26,26,30,27,37,33,38,47,32,7,3,127
2023,2023-01-01,20307,203076,長野県,南佐久郡北相木村,village,20307,667,16,31,41,27,12,26,30,21,26,27,42,44,62,59,44,33,45,40,29,11,1,126,332,9,16,22,17,4,13,18,11,12,12,22,23,34,34,27,13,19,15,9,2,0,45,335,7,15,19,10,8,13,12,10,14,15,20,21,28,25,17,20,26,25,20,9,1,81
2023,2023-01-01,20309,203092,長野県,南佐久郡佐久穂町,town,20309,10398,270,377,454,394,360,322,406,496,528,608,628,701,784,869,1012,646,609,471,324,115,24,1543,5096,155,191,230,212,185,167,205,265,273,315,336,343,392,440,529,292,261,180,99,24,2,566,5302,115,186,224,182,175,155,201,231,255,293,292,358,392,429,483,354,348,291,225,91,22,977
2023,2023-01-01,20320,203203,長野県,北佐久郡,gun_agg,,43417,1416,1915,1841,1913,1865,1575,1720,2256,2696,3143,3367,2970,2913,2966,3693,2746,2000,1324,789,268,41,4422,21185,724,990,904,964,935,805,874,1105,1344,1570,1696,1493,1472,1473,1796,1317,905,497,259,59,3,1723,22232,692,925,937,949,930,770,846,1151,1352,1573,1671,1477,1441,1493,1897,1429,1095,827,530,209,38,2699
2023,2023-01-01,20321,203211,長野県,北佐久郡軽井沢町,town,20321,20873,658,976,903,825,840,629,743,1021,1300,1534,1702,1539,1395,1462,1791,1417,1005,636,356,117,24,2138,9918,329,506,432,405,404,328,362,474,632,720,840,747,687,719,846,669,446,242,105,23,2,818,10955,329,470,471,420,436,301,381,547,668,814,862,792,708,743,945,748,559,394,251,94,22,1320
2023,2023-01-01,20323,203238,長野県,北佐久郡御代田町,town,20323,15826,582,719,698,814,757,742,764,919,1048,1171,1188,953,980,1005,1214,840,645,428,266,85,8,1432,7917,308,377,352,418,397,366,399,480,532,612,607,503,498,499,597,408,294,155,97,18,0,564,7909,274,342,346,396,360,376,365,439,516,559,581,450,482,506,617,432,351,273,169,67,8,868
2023,2023-01-01,20324,203246,長野県,北佐久郡立科町,town,20324,6718,176,220,240,274,268,204,213,316,348,438,477,478,538,499,688,489,350,260,167,66,9,852,3350,87,107,120,141,134,111,113,151,180,238,249,243,287,255,353,240,165,100,57,18,1,341,3368,89,113,120,133,134,93,100,165,168,200,228,235,251,244,335,249,185,160,110,48,8,511
2023,2023-01-01,20340,203408,長野県,小県郡,gun_agg,,9870,268,317,360,420,316,286,334,442,467,588,596,638,771,809,1031,678,608,465,331,127,18,1549,4874,142,151,178,223,181,148,175,232,251,319,316,322,393,423,531,326,258,168,94,42,1,563,4996,126,166,182,197,135,138,159,210,216,269,280,316,378,386,500,352,350,297,237,85,17,986
2023,2023-01-01,20349,203491,長野県,小県郡青木村,village,20349,4194,142,154,169,197,138,117,143,189,209,272,271,270,291,324,382,311,266,181,117,46,5,615,2044,76,72,85,95,78,56,79,98,105,143,142,138,145,155,202,146,116,63,33,16,1,229,2150,66,82,84,102,60,61,64,91,104,129,129,132,146,169,180,165,150,118,84,30,4,386
2023,2023-01-01,20350,203505,長野県,小県郡長和町,town,20350,5676,126,163,191,223,178,169,191,253,258,316,325,368,480,485,649,367,342,284,214,81,13,934,2830,66,79,93,128,103,92,96,134,146,176,174,184,248,268,329,180,142,105,61,26,0,334,2846,60,84,98,95,75,77,95,119,112,140,151,184,232,217,320,187,200,179,153,55,13,600
2023,2023-01-01,20360,203602,長野県,諏訪郡,gun_agg,,40625,1148,1511,1747,1823,1492,1274,1436,1932,2285,2876,2804,2590,2606,2852,3474,3005,2491,1802,1028,395,54,5770,19803,549,793,896,928,774,691,764,997,1189,1482,1461,1289,1347,1404,1675,1353,1118,682,298,106,7,2211,20822,599,718,851,895,718,583,672,935,1096,1394,1343,1301,1259,1448,1799,1652,1373,1120,730,289,47,3559
2023,2023-01-01,20361,203611,長野県,諏訪郡下諏訪町,town,20361,18799,505,632,762,825,738,637,666,824,1022,1390,1317,1220,1062,1147,1588,1492,1333,953,486,181,19,2972,9088,243,331,382,423,393,345,362,432,529,723,690,625,557,525,741,632,612,363,132,45,3,1155,9711,262,301,380,402,345,292,304,392,493,667,627,595,505,622,847,860,721,590,354,136,16,1817
2023,2023-01-01,20362,203629,長野県,諏訪郡富士見町,town,20362,13918,394,543,618,627,499,419,489,697,815,961,953,844,947,1059,1166,971,779,577,381,156,23,1916,6821,190,280,319,318,256,228,249,369,427,500,498,415,482,542,566,449,350,214,121,44,4,733,7097,204,263,299,309,243,191,240,328,388,461,455,429,465,517,600,522,429,363,260,112,19,1183
2023,2023-01-01,20363,203637,長野県,諏訪郡原村,village,20363,7908,249,336,367,371,255,218,281,411,448,525,534,526,597,646,720,542,379,272,161,58,12,882,3894,116,182,195,187,125,118,153,196,233,259,273,249,308,337,368,272,156,105,45,17,0,323,4014,133,154,172,184,130,100,128,215,215,266,261,277,289,309,352,270,223,167,116,41,12,559
2023,2023-01-01,20380,203807,長野県,上伊那郡,gun_agg,,79628,2732,3372,3768,3909,3508,3171,3455,4042,4760,5973,5515,4867,4809,4945,6367,5104,4104,2943,1648,575,61,9331,39487,1436,1729,1942,1998,1890,1711,1804,2141,2464,3110,2934,2466,2452,2447,3032,2378,1790,1115,516,127,5,3553,40141,1296,1643,1826,1911,1618,1460,1651,1901,2296,2863,2581,2401,2357,2498,3335,2726,2314,1828,1132,448,56,5778
2023,2023-01-01,20382,203823,長野県,上伊那郡辰野町,town,20382,18175,465,608,754,850,756,618,636,761,943,1316,1260,1096,1086,1247,1700,1424,1190,819,454,171,21,2655,8901,229,319,384,421,411,355,330,408,491,691,665,556,558,592,801,683,505,303,161,36,2,1007,9274,236,289,370,429,345,263,306,353,452,625,595,540,528,655,899,741,685,516,293,135,19,1648
2023,2023-01-01,20383,203831,長野県,上伊那郡箕輪町,town,20383,23880,829,985,1129,1235,1106,999,1040,1258,1487,1900,1705,1447,1381,1421,1910,1483,1165,799,440,145,16,2565,12021,440,527,595,627,615,551,566,682,779,1007,908,738,693,696,911,702,516,309,125,34,0,984,11859,389,458,534,608,491,448,474,576,708,893,797,709,688,725,999,781,649,490,315,111,16,1581
2023,2023-01-01,20384,203840,長野県,上伊那郡飯島町,town,20384,8756,253,327,358,349,291,266,348,415,473,583,565,518,654,678,782,622,516,423,248,78,9,1274,4307,143,161,183,179,168,133,181,211,246,303,300,273,325,367,380,280,228,150,78,18,0,474,4449,110,166,175,170,123,133,167,204,227,280,265,245,329,311,402,342,288,273,170,60,9,800
2023,2023-01-01,20385,203858,長野県,上伊那郡南箕輪村,village,20385,15651,742,859,862,776,821,830,909,942,1097,1190,1066,941,844,785,945,754,591,387,223,80,7,1288,7815,379,427,448,403,421,432,455,497,574,615,575,467,447,379,456,332,257,158,73,18,2,508,7836,363,432,414,373,400,398,454,445,523,575,491,474,397,406,489,422,334,229,150,62,5,780
2023,2023-01-01,20386,203866,長野県,上伊那郡中川村,village,20386,4644,145,195,230,226,149,165,184,230,272,304,279,261,324,360,393,317,253,190,121,43,3,610,2233,80,86,105,118,80,82,94,127,133,155,138,132,150,179,199,142,123,71,27,12,0,233,2411,65,109,125,108,69,83,90,103,139,149,141,129,174,181,194,175,130,119,94,31,3,377
2023,2023-01-01,20388,203882,長野県,上伊那郡宮田村,village,20388,8522,298,398,435,473,385,293,338,436,488,680,640,604,520,454,637,504,389,325,162,58,5,939,4210,165,209,227,250,195,158,178,216,241,339,348,300,279,234,285,239,161,124,52,9,1,347,4312,133,189,208,223,190,135,160,220,247,341,292,304,241,220,352,265,228,201,110,49,4,592
2023,2023-01-01,20400,204005,長野県,下伊那郡,gun_agg,,56545,1849,2324,2668,2740,2317,1904,2186,2610,3050,3572,3551,3425,3695,4035,4753,3559,3225,2674,1669,629,110,8307,27688,978,1190,1373,1404,1233,1006,1168,1366,1579,1808,1830,1764,1825,1993,2440,1678,1364,981,546,150,12,3053,28857,871,1134,1295,1336,1084,898,1018,1244,1471,1764,1721,1661,1870,2042,2313,1881,1861,1693,1123,479,98,5254
2023,2023-01-01,20402,204021,長野県,下伊那郡松川町,town,20402,12581,405,530,555,594,525,485,517,565,710,837,840,841,861,886,1013,795,696,505,302,107,12,1622,6133,207,263,293,289,281,261,276,284,360,436,413,416,431,423,519,361,287,198,104,31,0,620,6448,198,267,262,305,244,224,241,281,350,401,427,425,430,463,494,434,409,307,198,76,12,1002
2023,2023-01-01,20403,204030,長野県,下伊那郡高森町,town,20403,12702,435,579,693,718,597,413,469,649,777,938,857,744,728,798,980,793,636,510,270,101,17,1534,6204,240,306,336,364,310,224,246,334,402,464,443,390,346,375,486,366,278,187,89,15,3,572,6498,195,273,357,354,287,189,223,315,375,474,414,354,382,423,494,427,358,323,181,86,14,962
2023,2023-01-01,20404,204048,長野県,下伊那郡阿南町,town,20404,4163,92,133,152,145,148,124,141,174,155,195,214,275,302,368,389,275,304,282,179,97,19,881,2045,46,69,90,79,71,72,75,97,83,103,115,144,160,195,210,128,125,96,62,23,2,308,2118,46,64,62,66,77,52,66,77,72,92,99,131,142,173,179,147,179,186,117,74,17,573
2023,2023-01-01,20407,204072,長野県,下伊那郡阿智村,village,20407,5896,203,261,279,286,232,194,234,270,310,330,337,367,403,473,542,336,311,260,197,59,12,839,2892,109,142,161,141,133,97,124,147,156,162,165,190,208,228,280,173,127,80,54,13,2,276,3004,94,119,118,145,99,97,110,123,154,168,172,177,195,245,262,163,184,180,143,46,10,563
2023,2023-01-01,20409,204099,長野県,下伊那郡平谷村,village,20409,383,6,12,21,17,15,17,22,16,15,15,25,15,36,38,24,20,19,24,19,6,1,69,183,2,4,13,11,6,8,14,11,9,6,11,6,18,19,14,10,9,4,6,2,0,21,200,4,8,8,6,9,9,8,5,6,9,14,9,18,19,10,10,10,20,13,4,1,48
2023,2023-01-01,20410,204102,長野県,下伊那郡根羽村,village,20410,846,22,25,24,23,30,24,27,29,22,39,32,36,66,91,95,65,55,72,45,20,4,196,423,14,15,10,15,16,10,15,18,8,21,19,17,33,49,52,36,24,30,16,4,1,75,423,8,10,14,8,14,14,12,11,14,18,13,19,33,42,43,29,31,42,29,16,3,121
2023,2023-01-01,20411,204111,長野県,下伊那郡下條村,village,20411,3511,119,140,161,207,164,147,134,142,163,230,212,207,235,226,299,193,211,151,112,51,7,532,1711,62,64,73,109,85,78,76,72,89,112,107,101,114,117,160,96,98,51,38,8,1,196,1800,57,76,88,98,79,69,58,70,74,118,105,106,121,109,139,97,113,100,74,43,6,336
2023,2023-01-01,20412,204129,長野県,下伊那郡売木村,village,20412,488,8,19,27,16,11,14,17,15,25,24,31,26,35,33,42,36,47,28,25,7,2,109,224,4,9,11,10,3,6,12,3,13,12,16,13,12,18,26,16,16,11,11,2,0,40,264,4,10,16,6,8,8,5,12,12,12,15,13,23,15,16,20,31,17,14,5,2,69
2023,2023-01-01,20413,204137,長野県,下伊那郡天龍村,village,20413,1110,22,19,15,25,25,28,29,29,33,34,57,52,56,83,134,106,127,135,72,22,7,363,527,13,7,8,12,12,12,16,16,17,21,33,31,30,45,77,54,50,48,21,4,0,123,583,9,12,7,13,13,16,13,13,16,13,24,21,26,38,57,52,77,87,51,18,7,240
2023,2023-01-01,20414,204145,長野県,下伊那郡泰阜村,village,20414,1503,59,59,62,60,43,55,66,76,55,60,78,92,110,108,125,101,96,100,68,26,4,294,712,31,34,26,29,23,31,30,45,25,29,33,49,52,60,71,47,43,29,18,7,0,97,791,28,25,36,31,20,24,36,31,30,31,45,43,58,48,54,54,53,71,50,19,4,197
2023,2023-01-01,20415,204153,長野県,下伊那郡喬木村,village,20415,5984,196,255,287,303,251,167,212,272,337,429,396,328,383,410,512,427,306,266,167,67,13,819,2954,99,127,142,157,145,85,113,142,182,218,227,170,190,207,237,199,141,107,46,19,1,314,3030,97,128,145,146,106,82,99,130,155,211,169,158,193,203,275,228,165,159,121,48,12,505
2023,2023-01-01,20416,204161,長野県,下伊那郡豊丘村,village,20416,6461,254,255,351,323,248,218,290,333,404,399,420,384,418,460,526,353,325,267,173,49,11,825,3238,139,131,190,180,133,110,156,176,215,202,217,199,206,219,272,164,129,118,63,18,1,329,3223,115,124,161,143,115,108,134,157,189,197,203,185,212,241,254,189,196,149,110,31,10,496
2023,2023-01-01,20417,204170,長野県,下伊那郡大鹿村,village,20417,917,28,37,41,23,28,18,28,40,44,42,52,58,62,61,72,59,92,74,40,17,1,224,442,12,19,20,8,15,12,15,21,20,22,31,38,25,38,36,28,37,22,18,4,1,82,475,16,18,21,15,13,6,13,19,24,20,21,20,37,23,36,31,55,52,22,13,0,142
2023,2023-01-01,20420,204200,長野県,木曽郡,gun_agg,,24544,497,709,890,963,837,751,830,948,1144,1371,1474,1610,1721,2027,2572,1822,1739,1476,827,281,55,4378,11899,248,331,458,511,445,426,447,501,581,764,767,841,884,1051,1275,857,676,537,239,50,10,1512,12645,249,378,432,452,392,325,383,447,563,607,707,769,837,976,1297,965,1063,939,588,231,45,2866
2023,2023-01-01,20422,204226,長野県,木曽郡上松町,town,20422,3992,62,127,134,143,116,123,139,164,200,218,204,280,300,339,414,285,291,244,150,53,6,744,1981,31,56,78,80,70,76,78,87,108,132,124,159,155,165,207,136,112,80,40,7,0,239,2011,31,71,56,63,46,47,61,77,92,86,80,121,145,174,207,149,179,164,110,46,6,505
2023,2023-01-01,20423,204234,長野県,木曽郡南木曽町,town,20423,3843,86,116,180,152,134,114,126,150,216,195,222,232,243,323,380,312,250,221,126,51,14,662,1855,38,61,97,76,64,74,68,86,109,93,121,112,121,172,181,162,100,78,30,11,1,220,1988,48,55,83,76,70,40,58,64,107,102,101,120,122,151,199,150,150,143,96,40,13,442
2023,2023-01-01,20425,204251,長野県,木曽郡木祖村,village,20425,2616,58,76,105,114,78,82,84,97,135,161,133,169,170,219,290,181,186,151,85,34,8,464,1228,32,30,43,60,46,40,42,48,70,89,61,89,87,104,139,84,72,54,30,5,3,164,1388,26,46,62,54,32,42,42,49,65,72,72,80,83,115,151,97,114,97,55,29,5,300
2023,2023-01-01,20429,204293,長野県,木曽郡王滝村,village,20429,671,11,9,14,19,16,23,25,22,27,35,59,42,67,52,65,47,54,49,27,6,2,138,318,4,4,6,12,7,12,12,10,13,20,27,21,39,30,32,19,22,21,5,1,1,50,353,7,5,8,7,9,11,13,12,14,15,32,21,28,22,33,28,32,28,22,5,1,88
2023,2023-01-01,20430,204307,長野県,木曽郡大桑村,village,20430,3343,92,92,95,138,129,103,123,131,133,169,208,210,243,264,346,236,239,220,131,34,7,631,1625,46,40,53,73,75,55,69,62,65,110,101,102,125,140,168,111,97,79,46,7,1,230,1718,46,52,42,65,54,48,54,69,68,59,107,108,118,124,178,125,142,141,85,27,6,401
2023,2023-01-01,20432,204323,長野県,木曽郡木曽町,town,20432,10079,188,289,362,397,364,306,333,384,433,593,648,677,698,830,1077,761,719,591,308,103,18,1739,4892,97,140,181,210,183,169,178,208,216,320,333,358,357,440,548,345,273,225,88,19,4,609,5187,91,149,181,187,181,137,155,176,217,273,315,319,341,390,529,416,446,366,220,84,14,1130
2023,2023-01-01,20440,204404,長野県,東筑摩郡,gun_agg,,21030,650,752,844,931,789,751,820,965,1168,1434,1477,1401,1360,1507,1893,1413,1205,865,559,211,35,2875,10396,323,404,447,470,431,386,440,495,606,751,780,745,697,767,917,684,522,317,175,34,5,1053,10634,327,348,397,461,358,365,380,470,562,683,697,656,663,740,976,729,683,548,384,177,30,1822
2023,2023-01-01,20446,204463,長野県,東筑摩郡麻績村,village,20446,2516,61,78,81,87,85,85,89,96,121,135,151,167,166,197,231,175,195,146,104,54,12,511,1224,33,47,40,48,43,38,47,53,61,74,73,91,89,105,117,88,78,55,31,12,1,177,1292,28,31,41,39,42,47,42,43,60,61,78,76,77,92,114,87,117,91,73,42,11,334
2023,2023-01-01,20448,204480,長野県,東筑摩郡生坂村,village,20448,1686,62,54,58,54,55,41,59,77,89,102,95,107,104,134,158,116,115,112,71,20,3,321,851,35,36,29,22,30,23,30,37,48,55,55,66,55,65,89,55,52,37,28,3,1,121,835,27,18,29,32,25,18,29,40,41,47,40,41,49,69,69,61,63,75,43,17,2,200
2023,2023-01-01,20450,204501,長野県,東筑摩郡山形村,village,20450,8381,300,355,413,454,349,329,338,453,542,685,650,559,478,524,711,501,344,212,130,49,5,740,4147,137,188,223,221,189,176,182,226,280,347,347,285,240,259,339,235,154,81,31,6,1,273,4234,163,167,190,233,160,153,156,227,262,338,303,274,238,265,372,266,190,131,99,43,4,467
2023,2023-01-01,20451,204510,長野県,東筑摩郡朝日村,village,20451,4308,153,164,167,180,162,179,211,209,218,278,312,312,332,334,314,252,225,168,98,35,5,531,2114,82,82,84,85,86,84,113,108,115,141,156,165,164,183,150,120,103,54,33,5,1,196,2194,71,82,83,95,76,95,98,101,103,137,156,147,168,151,164,132,122,114,65,30,4,335
2023,2023-01-01,20452,204528,長野県,東筑摩郡筑北村,village,20452,4139,74,101,125,156,138,117,123,130,198,234,269,256,280,318,479,369,326,227,156,53,10,772,2060,36,51,71,94,83,65,68,71,102,134,149,138,149,155,222,186,135,90,52,8,1,286,2079,38,50,54,62,55,52,55,59,96,100,120,118,131,163,257,183,191,137,104,45,9,486
2023,2023-01-01,20480,204803,長野県,北安曇郡,gun_agg,,29391,752,1050,1203,1293,1092,967,1065,1312,1662,2194,2128,1957,1960,1996,2800,2113,1552,1223,755,282,35,3847,14394,367,551,616,652,574,508,550,671,849,1115,1088,991,998,990,1409,998,692,474,242,57,2,1467,14997,385,499,587,641,518,459,515,641,813,1079,1040,966,962,1006,1391,1115,860,749,513,225,33,2380
2023,2023-01-01,20481,204811,長野県,北安曇郡池田町,town,20481,9285,181,327,338,383,330,287,263,354,487,682,635,615,618,652,953,778,573,398,296,124,11,1402,4498,90,173,190,199,165,155,126,182,262,349,338,302,306,315,460,372,251,147,90,26,0,514,4787,91,154,148,184,165,132,137,172,225,333,297,313,312,337,493,406,322,251,206,98,11,888
2023,2023-01-01,20482,204820,長野県,北安曇郡松川村,village,20482,9448,270,344,417,434,385,373,430,444,531,715,678,617,611,609,842,637,459,375,200,64,13,1111,4601,128,183,201,201,209,194,229,241,268,365,332,308,313,298,419,300,197,140,65,10,0,412,4847,142,161,216,233,176,179,201,203,263,350,346,309,298,311,423,337,262,235,135,54,13,699
2023,2023-01-01,20485,204854,長野県,北安曇郡白馬村,village,20485,8055,226,295,352,379,279,232,285,403,496,603,647,552,546,576,760,525,345,298,183,64,9,899,3964,111,153,179,199,154,113,145,189,229,306,325,289,274,295,391,246,173,120,58,14,1,366,4091,115,142,173,180,125,119,140,214,267,297,322,263,272,281,369,279,172,178,125,50,8,533
2023,2023-01-01,20486,204862,長野県,北安曇郡小谷村,village,20486,2603,75,84,96,97,98,75,87,111,148,194,168,173,185,159,245,173,175,152,76,30,2,435,1331,38,42,46,53,46,46,50,59,90,95,93,92,105,82,139,80,71,67,29,7,1,175,1272,37,42,50,44,52,29,37,52,58,99,75,81,80,77,106,93,104,85,47,23,1,260
2023,2023-01-01,20520,205206,長野県,埴科郡,gun_agg,,13731,326,487,556,661,541,522,522,614,730,972,942,860,876,916,1187,1119,884,556,338,103,19,1900,6721,180,241,283,326,278,272,278,325,368,531,492,428,425,457,565,539,391,220,105,16,1,733,7010,146,246,273,335,263,250,244,289,362,441,450,432,451,459,622,580,493,336,233,87,18,1167
2023,2023-01-01,20521,205214,長野県,埴科郡坂城町,town,20521,13731,326,487,556,661,541,522,522,614,730,972,942,860,876,916,1187,1119,884,556,338,103,19,1900,6721,180,241,283,326,278,272,278,325,368,531,492,428,425,457,565,539,391,220,105,16,1,733,7010,146,246,273,335,263,250,244,289,362,441,450,432,451,459,622,580,493,336,233,87,18,1167
2023,2023-01-01,20540,205401,長野県,上高井郡,gun_agg,,17432,545,700,782,879,670,532,651,815,1064,1215,1235,1090,1108,1181,1657,1234,942,635,352,128,17,2074,8497,290,361,412,461,354,256,311,414,539,631,625,545,512,586,807,592,449,228,96,27,1,801,8935,255,339,370,418,316,276,340,401,525,584,610,545,596,595,850,642,493,407,256,101,16,1273
2023,2023-01-01,20541,205419,長野県,上高井郡小布施町,town,20541,10924,403,486,500,550,406,331,427,550,716,761,782,622,646,661,999,783,601,402,208,77,13,1301,5274,212,253,257,283,217,149,202,275,361,384,400,305,297,314,475,378,285,145,63,18,1,512,5650,191,233,243,267,189,182,225,275,355,377,382,317,349,347,524,405,316,257,145,59,12,789
2023,2023-01-01,20543,205435,長野県,上高井郡高山村,village,20543,6508,142,214,282,329,264,201,224,265,348,454,453,468,462,520,658,451,341,233,144,51,4,773,3223,78,108,155,178,137,107,109,139,178,247,225,240,215,272,332,214,164,83,33,9,0,289,3285,64,106,127,151,127,94,115,126,170,207,228,228,247,248,326,237,177,150,111,42,4,484
2023,2023-01-01,20560,205605,長野県,下高井郡,gun_agg,,18881,445,609,644,726,698,558,655,838,923,1152,1164,1283,1426,1520,1863,1327,1240,939,602,227,42,3050,9260,211,315,333,371,376,326,336,414,483,603,607,684,732,805,986,607,498,351,173,44,5,1071,9621,234,294,311,355,322,232,319,424,440,549,557,599,694,715,877,720,742,588,429,183,37,1979
2023,2023-01-01,20561,205613,長野県,下高井郡山ノ内町,town,20561,11231,243,315,347,426,398,342,374,465,515,674,743,780,843,875,1134,838,825,588,352,130,24,1919,5531,111,163,184,226,213,199,187,235,267,359,389,425,434,480,595,364,335,218,112,32,3,700,5700,132,152,163,200,185,143,187,230,248,315,354,355,409,395,539,474,490,370,240,98,21,1219
2023,2023-01-01,20562,205621,長野県,下高井郡木島平村,village,20562,4392,102,173,180,183,175,125,134,199,246,294,234,270,333,378,431,289,240,198,143,55,10,646,2169,53,86,89,83,93,73,77,93,128,154,128,139,173,194,234,146,105,82,32,6,1,226,2223,49,87,91,100,82,52,57,106,118,140,106,131,160,184,197,143,135,116,111,49,9,420
2023,2023-01-01,20563,205630,長野県,下高井郡野沢温泉村,village,20563,3258,100,121,117,117,125,91,147,174,162,184,187,233,250,267,298,200,175,153,107,42,8,485,1560,47,66,60,62,70,54,72,86,88,90,90,120,125,131,157,97,58,51,29,6,1,145,1698,53,55,57,55,55,37,75,88,74,94,97,113,125,136,141,103,117,102,78,36,7,340
2023,2023-01-01,20580,205800,長野県,上水内郡,gun_agg,,20492,480,583,743,787,741,553,622,868,1032,1296,1310,1304,1478,1771,2222,1595,1314,961,594,205,33,3107,10127,255,308,380,400,391,293,345,456,542,678,669,662,757,902,1144,781,576,353,202,29,4,1164,10365,225,275,363,387,350,260,277,412,490,618,641,642,721,869,1078,814,738,608,392,176,29,1943
2023,2023-01-01,20583,205834,長野県,上水内郡信濃町,town,20583,7715,162,181,278,305,268,199,206,304,360,479,526,506,537,721,885,634,494,357,218,84,11,1164,3847,91,100,146,167,142,110,105,154,201,240,277,263,261,369,467,305,224,139,73,10,3,449,3868,71,81,132,138,126,89,101,150,159,239,249,243,276,352,418,329,270,218,145,74,8,715
2023,2023-01-01,20588,205885,長野県,上水内郡小川村,village,20588,2295,48,61,65,86,76,65,48,86,107,148,150,126,159,178,229,186,184,146,104,36,7,477,1131,26,38,38,41,42,32,30,46,49,80,78,68,93,103,119,90,68,46,34,9,1,158,1164,22,23,27,45,34,33,18,40,58,68,72,58,66,75,110,96,116,100,70,27,6,319
2023,2023-01-01,20590,205907,長野県,上水内郡飯綱町,town,20590,10482,270,341,400,396,397,289,368,478,565,669,634,672,782,872,1108,775,636,458,272,85,15,1466,5149,138,170,196,192,207,151,210,256,292,358,314,331,403,430,558,386,284,168,95,10,0,557,5333,132,171,204,204,190,138,158,222,273,311,320,341,379,442,550,389,352,290,177,75,15,909
2023,2023-01-01,20600,206008,長野県,下水内郡,gun_agg,,1617,24,39,34,42,48,31,44,49,66,76,61,90,121,164,183,128,121,133,111,42,10,417,775,11,19,17,22,29,15,23,29,36,42,33,46,62,91,100,71,38,50,29,11,1,129,842,13,20,17,20,19,16,21,20,30,34,28,44,59,73,83,57,83,83,82,31,9,288
2023,2023-01-01,20602,206024,長野県,下水内郡栄村,village,20602,1617,24,39,34,42,48,31,44,49,66,76,61,90,121,164,183,128,121,133,111,42,10,417,775,11,19,17,22,29,15,23,29,36,42,33,46,62,91,100,71,38,50,29,11,1,129,842,13,20,17,20,19,16,21,20,30,34,28,44,59,73,83,57,83,83,82,31,9,288
2023,2023-01-01,21000,210005,岐阜県,,pref,,1921494,62625,77789,87752,91985,90898,80667,84495,100147,113520,141352,143971,124685,119610,121537,155954,119488,96373,65239,32350,9617,1440,205019,936886,31984,39945,45027,46825,46747,41981,44086,51895,58608,72746,73018,62004,58400,58253,73857,54861,41009,24221,9357,1905,157,76649,984608,30641,37844,42725,45160,44151,38686,40409,48252,54912,68606,70953,62681,61210,63284,82097,64627,55364,41018,22993,7712,1283,128370
2023,2023-01-01,21201,212016,岐阜県,岐阜市,city,21201,392482,13507,15900,17333,18170,19750,17880,18267,20865,23342,29400,31285,26615,23931,22732,28651,23830,19802,13178,6125,1665,254,41024,188138,6887,8149,8822,9249,9945,8872,9252,10577,11814,14769,15575,13063,11655,10899,13115,10513,8175,4709,1755,321,22,14982,204344,6620,7751,8511,8921,9805,9008,9015,10288,11528,14631,15710,13552,12276,11833,15536,13317,11627,8469,4370,1344,232,26042
2023,2023-01-01,21202,212024,岐阜県,大垣市,city,21202,153472,5602,6416,7091,7394,7857,7466,7410,8505,9487,11502,11668,9911,9190,8965,11172,8654,7260,4897,2316,620,89,15182,74957,2886,3336,3664,3700,4025,3913,3852,4435,4955,5885,5904,4852,4424,4306,5275,3886,2991,1803,712,140,13,5659,78515,2716,3080,3427,3694,3832,3553,3558,4070,4532,5617,5764,5059,4766,4659,5897,4768,4269,3094,1604,480,76,9523
2023,2023-01-01,21203,212032,岐阜県,高山市,city,21203,83490,2813,3356,3851,3982,3387,3071,3388,4122,4824,6076,5969,5228,5380,5274,7097,5474,4565,3278,1729,530,96,10198,39917,1392,1759,1978,1967,1732,1614,1733,2137,2411,3125,2957,2611,2609,2510,3342,2423,1857,1159,499,94,8,3617,43573,1421,1597,1873,2015,1655,1457,1655,1985,2413,2951,3012,2617,2771,2764,3755,3051,2708,2119,1230,436,88,6581
2023,2023-01-01,21204,212041,岐阜県,多治見市,city,21204,104989,3153,3910,4627,4754,4618,4365,4541,5403,6045,7491,8059,7399,6974,7166,8915,6879,5376,3305,1520,422,67,10690,51129,1575,1960,2391,2438,2370,2251,2357,2822,3101,3875,4044,3680,3345,3451,4200,3201,2318,1271,413,62,4,4068,53860,1578,1950,2236,2316,2248,2114,2184,2581,2944,3616,4015,3719,3629,3715,4715,3678,3058,2034,1107,360,63,6622
2023,2023-01-01,21205,212059,岐阜県,関市,city,21205,83196,2494,3269,4013,4183,4059,3165,3471,4215,5076,6180,5969,5201,5382,5860,7167,5087,3845,2678,1372,443,67,8405,40782,1262,1654,2080,2101,2112,1662,1789,2179,2623,3231,3052,2585,2619,2808,3474,2372,1667,1003,410,91,8,3179,42414,1232,1615,1933,2082,1947,1503,1682,2036,2453,2949,2917,2616,2763,3052,3693,2715,2178,1675,962,352,59,5226
2023,2023-01-01,21206,212067,岐阜県,中津川市,city,21206,73451,2266,2906,3311,3471,3085,2744,3003,3682,4270,5062,5065,4669,4841,5001,6255,4572,3929,3013,1678,539,89,9248,36033,1200,1552,1731,1777,1626,1457,1643,1943,2291,2627,2622,2364,2365,2433,2983,2117,1632,1070,489,99,12,3302,37418,1066,1354,1580,1694,1459,1287,1360,1739,1979,2435,2443,2305,2476,2568,3272,2455,2297,1943,1189,440,77,5946
2023,2023-01-01,21207,212075,岐阜県,美濃市,city,21207,18956,516,680,799,792,737,602,672,940,979,1259,1239,1194,1347,1531,1965,1250,1034,780,455,164,21,2454,9179,264,338,412,396,370,336,343,490,532,660,648,577,650,692,990,604,413,300,125,36,3,877,9777,252,342,387,396,367,266,329,450,447,599,591,617,697,839,975,646,621,480,330,128,18,1577
2023,2023-01-01,21208,212083,岐阜県,瑞浪市,city,21208,34943,1125,1332,1412,1553,1606,1519,1661,1846,1959,2383,2483,2357,2292,2270,2935,2185,1750,1350,692,202,31,4025,17037,575,714,739,808,805,810,872,981,1039,1271,1273,1126,1155,1090,1418,1000,708,457,162,32,2,1361,17906,550,618,673,745,801,709,789,865,920,1112,1210,1231,1137,1180,1517,1185,1042,893,530,170,29,2664
2023,2023-01-01,21209,212091,岐阜県,羽島市,city,21209,65686,2184,2867,3145,3303,3363,2809,2892,3610,3925,5318,5195,4477,3863,3861,5055,3888,3080,1829,786,206,30,5931,32432,1085,1460,1664,1701,1708,1435,1493,1854,2030,2728,2649,2287,1930,1854,2429,1823,1312,721,215,51,3,2302,33254,1099,1407,1481,1602,1655,1374,1399,1756,1895,2590,2546,2190,1933,2007,2626,2065,1768,1108,571,155,27,3629
2023,2023-01-01,21210,212105,岐阜県,恵那市,city,21210,46638,1260,1718,2103,2152,1898,1633,1693,2214,2597,3208,3127,2956,3111,3434,4302,3035,2536,1887,1246,451,77,6197,22752,620,922,1105,1083,1029,920,895,1175,1359,1677,1593,1521,1549,1659,2120,1347,1063,649,353,104,9,2178,23886,640,796,998,1069,869,713,798,1039,1238,1531,1534,1435,1562,1775,2182,1688,1473,1238,893,347,68,4019
2023,2023-01-01,21211,212113,岐阜県,美濃加茂市,city,21211,51618,2061,2635,2786,2791,2559,2377,2625,3106,3460,4058,3897,3152,2910,2841,3464,2556,1971,1400,711,227,31,4340,25485,990,1290,1379,1458,1317,1227,1402,1611,1766,2099,2001,1603,1428,1388,1715,1217,843,500,206,40,5,1594,26133,1071,1345,1407,1333,1242,1150,1223,1495,1694,1959,1896,1549,1482,1453,1749,1339,1128,900,505,187,26,2746
2023,2023-01-01,21212,212121,岐阜県,土岐市,city,21212,53852,1516,2083,2358,2419,2341,2164,2374,2718,2949,3856,3842,3668,3600,3398,4509,3470,3054,2148,1046,303,36,6587,26142,746,1044,1237,1225,1183,1153,1243,1448,1520,1989,1970,1890,1743,1674,2119,1548,1251,807,285,61,6,2410,27710,770,1039,1121,1194,1158,1011,1131,1270,1429,1867,1872,1778,1857,1724,2390,1922,1803,1341,761,242,30,4177
2023,2023-01-01,21213,212130,岐阜県,各務原市,city,21213,141983,4975,6193,6669,7002,7169,6500,6720,7758,8722,11065,11088,8978,7643,7839,10859,9269,7052,4140,1794,473,75,13534,70115,2582,3167,3420,3546,3734,3446,3564,4024,4503,5715,5637,4573,3802,3597,4922,4256,3255,1693,572,96,11,5627,71868,2393,3026,3249,3456,3435,3054,3156,3734,4219,5350,5451,4405,3841,4242,5937,5013,3797,2447,1222,377,64,7907
2023,2023-01-01,21214,212148,岐阜県,可児市,city,21214,92235,3039,3880,4279,4484,4415,3963,4115,4951,5747,7007,7048,5541,5366,5863,7953,6170,4379,2498,1141,339,57,8414,45750,1586,1987,2192,2335,2249,2097,2214,2588,3026,3644,3586,2776,2574,2725,3725,2928,2102,1014,324,71,7,3518,46485,1453,1893,2087,2149,2166,1866,1901,2363,2721,3363,3462,2765,2792,3138,4228,3242,2277,1484,817,268,50,4896
2023,2023-01-01,21215,212156,岐阜県,山県市,city,21215,24892,587,863,1001,1123,1127,795,851,1062,1306,1618,1808,1623,1781,1965,2501,1815,1450,936,514,150,16,3066,12236,305,451,542,552,580,416,461,570,704,836,927,826,852,971,1201,885,632,349,141,33,2,1157,12656,282,412,459,571,547,379,390,492,602,782,881,797,929,994,1300,930,818,587,373,117,14,1909
2023,2023-01-01,21216,212164,岐阜県,瑞穂市,city,21216,53478,2526,2698,2965,2813,2916,2930,3205,3335,3713,4334,4171,3146,2712,2655,3365,2423,1834,1094,479,146,18,3571,26617,1298,1345,1555,1462,1538,1473,1671,1697,1892,2271,2113,1552,1316,1291,1581,1151,819,430,136,25,1,1411,26861,1228,1353,1410,1351,1378,1457,1534,1638,1821,2063,2058,1594,1396,1364,1784,1272,1015,664,343,121,17,2160
2023,2023-01-01,21217,212172,岐阜県,飛騨市,city,21217,22335,557,793,888,942,772,629,749,913,1145,1459,1502,1455,1530,1534,2171,1648,1518,1213,684,205,28,3648,10803,303,419,425,490,418,349,410,469,607,777,794,723,762,745,1085,729,614,448,195,41,0,1298,11532,254,374,463,452,354,280,339,444,538,682,708,732,768,789,1086,919,904,765,489,164,28,2350
2023,2023-01-01,21218,212181,岐阜県,本巣市,city,21218,32466,1015,1308,1579,1849,1612,1184,1259,1613,1976,2482,2469,1963,1889,2082,2880,2060,1591,982,497,156,20,3246,15835,511,668,801,961,841,603,628,805,1010,1284,1278,972,896,959,1383,990,676,388,139,40,2,1245,16631,504,640,778,888,771,581,631,808,966,1198,1191,991,993,1123,1497,1070,915,594,358,116,18,2001
2023,2023-01-01,21219,212199,岐阜県,郡上市,city,21219,38557,1102,1502,1665,1728,1398,1134,1372,1825,2004,2359,2494,2508,2909,2997,3566,2305,2147,1950,1147,388,57,5689,18872,570,763,811,912,794,627,751,944,1019,1231,1271,1222,1522,1501,1779,1076,916,703,362,91,7,2079,19685,532,739,854,816,604,507,621,881,985,1128,1223,1286,1387,1496,1787,1229,1231,1247,785,297,50,3610
2023,2023-01-01,21220,212202,岐阜県,下呂市,city,21220,29482,737,969,1291,1196,965,823,913,1156,1396,1855,1945,1954,2123,2204,2854,2122,2052,1650,938,292,47,4979,14136,375,496,655,624,528,463,481,596,738,968,990,941,1046,1061,1409,962,827,611,297,59,9,1803,15346,362,473,636,572,437,360,432,560,658,887,955,1013,1077,1143,1445,1160,1225,1039,641,233,38,3176
2023,2023-01-01,21221,212211,岐阜県,海津市,city,21221,31658,687,975,1297,1456,1350,1093,1127,1466,1727,2243,2269,2197,2325,2535,3259,2267,1595,1107,497,169,17,3385,15627,360,515,657,759,671,591,614,773,921,1221,1139,1092,1119,1198,1586,1104,705,433,124,43,2,1307,16031,327,460,640,697,679,502,513,693,806,1022,1130,1105,1206,1337,1673,1163,890,674,373,126,15,2078
2023,2023-01-01,21300,213004,岐阜県,羽島郡,gun_agg,,47006,2089,2130,2209,2260,2547,2677,2644,2848,2980,3716,3723,2941,2353,2323,3003,2498,2077,1253,559,155,21,4065,23079,1120,1088,1102,1148,1275,1276,1336,1481,1556,1918,1874,1473,1189,1148,1399,1128,876,507,154,29,2,1568,23927,969,1042,1107,1112,1272,1401,1308,1367,1424,1798,1849,1468,1164,1175,1604,1370,1201,746,405,126,19,2497
2023,2023-01-01,21302,213021,岐阜県,羽島郡岐南町,town,21302,25557,1294,1254,1250,1233,1310,1600,1607,1684,1714,2027,1952,1552,1193,1234,1549,1224,987,575,237,72,9,1880,12706,686,633,626,641,667,765,794,870,911,1081,984,787,610,622,724,552,431,233,75,13,1,753,12851,608,621,624,592,643,835,813,814,803,946,968,765,583,612,825,672,556,342,162,59,8,1127
2023,2023-01-01,21303,213039,岐阜県,羽島郡笠松町,town,21303,21449,795,876,959,1027,1237,1077,1037,1164,1266,1689,1771,1389,1160,1089,1454,1274,1090,678,322,83,12,2185,10373,434,455,476,507,608,511,542,611,645,837,890,686,579,526,675,576,445,274,79,16,1,815,11076,361,421,483,520,629,566,495,553,621,852,881,703,581,563,779,698,645,404,243,67,11,1370
2023,2023-01-01,21340,213403,岐阜県,養老郡,gun_agg,,26196,516,835,1156,1270,1177,861,912,1234,1470,1841,1883,1749,1894,2149,2615,1834,1308,897,424,149,22,2800,12844,278,449,572,647,603,488,487,664,750,973,983,853,917,1003,1305,864,555,314,114,24,1,1008,13352,238,386,584,623,574,373,425,570,720,868,900,896,977,1146,1310,970,753,583,310,125,21,1792
2023,2023-01-01,21341,213411,岐阜県,養老郡養老町,town,21341,26196,516,835,1156,1270,1177,861,912,1234,1470,1841,1883,1749,1894,2149,2615,1834,1308,897,424,149,22,2800,12844,278,449,572,647,603,488,487,664,750,973,983,853,917,1003,1305,864,555,314,114,24,1,1008,13352,238,386,584,623,574,373,425,570,720,868,900,896,977,1146,1310,970,753,583,310,125,21,1792
2023,2023-01-01,21360,213608,岐阜県,不破郡,gun_agg,,31668,869,1161,1463,1590,1464,1191,1246,1516,1815,2259,2294,1969,2031,2125,2936,2156,1659,1105,616,179,24,3583,15547,452,584,749,813,769,663,671,815,919,1160,1193,967,999,1010,1393,1025,727,432,172,33,1,1365,16121,417,577,714,777,695,528,575,701,896,1099,1101,1002,1032,1115,1543,1131,932,673,444,146,23,2218
2023,2023-01-01,21361,213616,岐阜県,不破郡垂井町,town,21361,25376,760,997,1223,1331,1212,1000,1046,1283,1525,1890,1871,1532,1582,1631,2212,1632,1244,788,457,141,19,2649,12493,389,496,633,672,648,555,564,693,778,949,979,743,772,780,1042,777,559,302,136,25,1,1023,12883,371,501,590,659,564,445,482,590,747,941,892,789,810,851,1170,855,685,486,321,116,18,1626
2023,2023-01-01,21362,213624,岐阜県,不破郡関ケ原町,town,21362,6292,109,164,240,259,252,191,200,233,290,369,423,437,449,494,724,524,415,317,159,38,5,934,3054,63,88,116,141,121,108,107,122,141,211,214,224,227,230,351,248,168,130,36,8,0,342,3238,46,76,124,118,131,83,93,111,149,158,209,213,222,264,373,276,247,187,123,30,5,592
2023,2023-01-01,21380,213802,岐阜県,安八郡,gun_agg,,41116,1204,1649,1984,2240,2059,1609,1610,2097,2487,3290,3221,2474,2413,2599,3573,2718,1932,1260,527,158,12,3889,20220,610,829,981,1116,1077,877,833,1100,1285,1691,1699,1255,1146,1243,1665,1307,855,487,144,20,0,1506,20896,594,820,1003,1124,982,732,777,997,1202,1599,1522,1219,1267,1356,1908,1411,1077,773,383,138,12,2383
2023,2023-01-01,21381,213811,岐阜県,安八郡神戸町,town,21381,18163,534,697,781,917,902,703,727,861,1049,1409,1381,1075,1043,1164,1655,1358,956,607,257,81,6,1907,8894,277,324,405,469,492,388,368,450,540,731,727,517,506,547,750,653,423,244,71,12,0,750,9269,257,373,376,448,410,315,359,411,509,678,654,558,537,617,905,705,533,363,186,69,6,1157
2023,2023-01-01,21382,213829,岐阜県,安八郡輪之内町,town,21382,8905,283,359,473,541,427,354,351,508,585,705,713,544,513,606,755,481,328,238,101,35,5,707,4396,128,192,237,239,220,206,184,279,298,360,372,282,242,284,374,244,143,85,25,2,0,255,4509,155,167,236,302,207,148,167,229,287,345,341,262,271,322,381,237,185,153,76,33,5,452
2023,2023-01-01,21383,213837,岐阜県,安八郡安八町,town,21383,14048,387,593,730,782,730,552,532,728,853,1176,1127,855,857,829,1163,879,648,415,169,42,1,1275,6930,205,313,339,408,365,283,281,371,447,600,600,456,398,412,541,410,289,158,48,6,0,501,7118,182,280,391,374,365,269,251,357,406,576,527,399,459,417,622,469,359,257,121,36,1,774
2023,2023-01-01,21400,214001,岐阜県,揖斐郡,gun_agg,,63305,1585,2438,2946,3393,3148,2277,2284,2885,3506,4629,4730,4183,4220,4356,5650,4221,3198,2185,1097,318,56,6854,30924,810,1291,1529,1711,1582,1256,1178,1443,1827,2379,2400,2094,2091,2129,2637,2001,1354,798,344,65,5,2566,32381,775,1147,1417,1682,1566,1021,1106,1442,1679,2250,2330,2089,2129,2227,3013,2220,1844,1387,753,253,51,4288
2023,2023-01-01,21401,214019,岐阜県,揖斐郡揖斐川町,town,21401,19245,423,633,732,879,809,556,586,774,998,1242,1297,1180,1397,1516,1997,1452,1197,893,485,168,31,2774,9285,223,334,374,428,417,297,311,381,519,665,680,580,686,754,940,690,498,313,160,34,1,1006,9960,200,299,358,451,392,259,275,393,479,577,617,600,711,762,1057,762,699,580,325,134,30,1768
2023,2023-01-01,21403,214035,岐阜県,揖斐郡大野町,town,21403,21659,566,912,1039,1240,1153,791,809,1041,1241,1682,1662,1508,1422,1391,1848,1365,968,622,312,76,11,1989,10611,294,475,563,634,567,418,416,516,651,858,835,759,688,647,856,670,410,240,96,15,3,764,11048,272,437,476,606,586,373,393,525,590,824,827,749,734,744,992,695,558,382,216,61,8,1225
2023,2023-01-01,21404,214043,岐阜県,揖斐郡池田町,town,21404,22401,596,893,1175,1274,1186,930,889,1070,1267,1705,1771,1495,1401,1449,1805,1404,1033,670,300,74,14,2091,11028,293,482,592,649,598,541,451,546,657,856,885,755,717,728,841,641,446,245,88,16,1,796,11373,303,411,583,625,588,389,438,524,610,849,886,740,684,721,964,763,587,425,212,58,13,1295
2023,2023-01-01,21420,214205,岐阜県,本巣郡,gun_agg,,18094,731,840,905,923,932,957,901,1036,1197,1378,1429,1164,1031,1005,1216,970,748,475,202,51,3,1479,8684,364,426,455,469,464,495,493,515,600,632,719,554,481,466,565,436,300,174,63,13,0,550,9410,367,414,450,454,468,462,408,521,597,746,710,610,550,539,651,534,448,301,139,38,3,929
2023,2023-01-01,21421,214213,岐阜県,本巣郡北方町,town,21421,18094,731,840,905,923,932,957,901,1036,1197,1378,1429,1164,1031,1005,1216,970,748,475,202,51,3,1479,8684,364,426,455,469,464,495,493,515,600,632,719,554,481,466,565,436,300,174,63,13,0,550,9410,367,414,450,454,468,462,408,521,597,746,710,610,550,539,651,534,448,301,139,38,3,929
2023,2023-01-01,21500,215007,岐阜県,加茂郡,gun_agg,,45627,1319,1721,1825,1932,1758,1562,1799,2170,2379,2699,2891,2873,3282,3561,4358,2964,2698,2127,1222,423,64,6534,22259,672,896,945,976,938,833,1000,1170,1242,1421,1481,1399,1591,1752,2203,1399,1146,756,356,74,9,2341,23368,647,825,880,956,820,729,799,1000,1137,1278,1410,1474,1691,1809,2155,1565,1552,1371,866,349,55,4193
2023,2023-01-01,21501,215015,岐阜県,加茂郡坂祝町,town,21501,7513,305,354,332,333,339,321,390,483,450,508,504,434,494,540,633,445,314,179,112,39,4,648,3812,157,198,174,176,192,170,209,279,231,286,270,218,222,261,315,224,144,56,22,8,0,230,3701,148,156,158,157,147,151,181,204,219,222,234,216,272,279,318,221,170,123,90,31,4,418
2023,2023-01-01,21502,215023,岐阜県,加茂郡富加町,town,21502,5594,270,272,289,239,185,206,279,382,343,376,282,327,370,346,507,322,250,200,106,37,6,599,2747,146,127,150,119,102,100,151,203,185,202,138,148,174,170,248,165,115,63,36,5,0,219,2847,124,145,139,120,83,106,128,179,158,174,144,179,196,176,259,157,135,137,70,32,6,380
2023,2023-01-01,21503,215031,岐阜県,加茂郡川辺町,town,21503,9724,305,441,429,452,414,404,449,481,554,580,675,633,633,689,819,582,516,370,214,67,17,1184,4777,169,241,228,218,228,218,239,239,280,290,343,302,312,338,425,269,221,138,61,13,5,438,4947,136,200,201,234,186,186,210,242,274,290,332,331,321,351,394,313,295,232,153,54,12,746
2023,2023-01-01,21504,215040,岐阜県,加茂郡七宗町,town,21504,3339,68,87,96,124,115,95,84,93,127,177,207,199,271,299,393,269,250,205,126,51,3,635,1584,34,50,48,63,59,55,47,44,63,94,115,83,137,153,193,130,96,71,38,11,0,216,1755,34,37,48,61,56,40,37,49,64,83,92,116,134,146,200,139,154,134,88,40,3,419
2023,2023-01-01,21505,215058,岐阜県,加茂郡八百津町,town,21505,10105,213,340,376,430,389,296,338,426,521,585,671,630,730,877,1006,725,646,523,275,98,10,1552,4933,99,174,196,223,203,170,198,230,273,314,344,317,369,436,484,349,282,168,81,22,1,554,5172,114,166,180,207,186,126,140,196,248,271,327,313,361,441,522,376,364,355,194,76,9,998
2023,2023-01-01,21506,215066,岐阜県,加茂郡白川町,town,21506,7268,108,167,235,271,230,194,193,228,294,373,441,487,611,657,815,480,547,497,308,116,16,1484,3420,45,78,117,129,115,100,116,128,158,185,224,247,287,323,439,209,224,192,89,12,3,520,3848,63,89,118,142,115,94,77,100,136,188,217,240,324,334,376,271,323,305,219,104,13,964
2023,2023-01-01,21507,215074,岐阜県,加茂郡東白川村,village,21507,2084,50,60,68,83,86,46,66,77,90,100,111,163,173,153,185,141,175,153,81,15,8,432,986,22,28,32,48,39,20,40,47,52,50,47,84,90,71,99,53,64,68,29,3,0,164,1098,28,32,36,35,47,26,26,30,38,50,64,79,83,82,86,88,111,85,52,12,8,268
2023,2023-01-01,21520,215201,岐阜県,可児郡,gun_agg,,17139,524,692,743,758,743,621,723,981,960,1223,1113,1068,1193,1322,1581,1079,845,563,309,85,13,1815,8618,270,365,404,374,421,337,383,545,521,640,591,534,574,654,778,525,381,214,88,17,2,702,8521,254,327,339,384,322,284,340,436,439,583,522,534,619,668,803,554,464,349,221,68,11,1113
2023,2023-01-01,21521,215210,岐阜県,可児郡御嵩町,town,21521,17139,524,692,743,758,743,621,723,981,960,1223,1113,1068,1193,1322,1581,1079,845,563,309,85,13,1815,8618,270,365,404,374,421,337,383,545,521,640,591,534,574,654,778,525,381,214,88,17,2,702,8521,254,327,339,384,322,284,340,436,439,583,522,534,619,668,803,554,464,349,221,68,11,1113
2023,2023-01-01,21600,216003,岐阜県,大野郡,gun_agg,,1484,66,70,58,62,86,66,68,75,77,102,95,72,94,90,127,89,88,61,27,9,2,187,737,36,28,30,27,43,41,37,44,47,49,55,39,51,36,61,44,39,21,8,0,1,69,747,30,42,28,35,43,25,31,31,30,53,40,33,43,54,66,45,49,40,19,9,1,118
2023,2023-01-01,21604,216046,岐阜県,大野郡白川村,village,21604,1484,66,70,58,62,86,66,68,75,77,102,95,72,94,90,127,89,88,61,27,9,2,187,737,36,28,30,27,43,41,37,44,47,49,55,39,51,36,61,44,39,21,8,0,1,69,747,30,42,28,35,43,25,31,31,30,53,40,33,43,54,66,45,49,40,19,9,1,118
2023,2023-01-01,22000,220001,静岡県,,pref,,3530747,112707,140171,156552,161776,157174,153661,163537,193912,215298,260388,266347,230952,219920,226429,281633,217853,175727,117532,58645,17890,2643,372437,1746240,57837,72108,80336,83224,82811,82195,85962,101661,111994,135247,137479,117966,110452,111827,135113,99861,75522,43654,17077,3597,317,140167,1784507,54870,68063,76216,78552,74363,71466,77575,92251,103304,125141,128868,112986,109468,114602,146520,117992,100205,73878,41568,14293,2326,232270
2023,2023-01-01,22100,221007,静岡県,静岡市,city_agg,,672499,20817,25499,28041,29315,30815,30805,31469,36350,40229,49599,52287,45413,41592,41162,53220,42057,35267,23426,11356,3307,473,73829,327671,10621,13159,14527,14968,15931,16036,16397,18680,20577,25408,26573,22695,20643,20082,25257,18809,14787,8595,3224,650,52,27308,344828,10196,12340,13514,14347,14884,14769,15072,17670,19652,24191,25714,22718,20949,21080,27963,23248,20480,14831,8132,2657,421,46521
2023,2023-01-01,22101,221015,静岡県,静岡市葵区,ward,22100,244688,7736,9661,10579,10583,10350,10645,11068,13289,14901,17952,18587,16285,15368,15476,19465,15278,12843,8757,4424,1257,184,27465,117986,4004,4916,5545,5370,5216,5324,5726,6606,7570,9219,9262,8079,7432,7487,9217,6732,5408,3303,1308,244,18,10281,126702,3732,4745,5034,5213,5134,5321,5342,6683,7331,8733,9325,8206,7936,7989,10248,8546,7435,5454,3116,1013,166,17184
2023,2023-01-01,22102,221023,静岡県,静岡市駿河区,ward,22100,202929,6921,7841,8591,8800,10345,10756,10627,11736,12593,15287,16402,13787,12043,11491,14587,11364,9539,6298,2943,856,122,19758,99988,3445,4077,4443,4485,5387,5706,5510,6159,6411,7868,8405,6965,6071,5649,6897,5100,3975,2391,825,199,20,7410,102941,3476,3764,4148,4315,4958,5050,5117,5577,6182,7419,7997,6822,5972,5842,7690,6264,5564,3907,2118,657,102,12348
2023,2023-01-01,22103,221031,静岡県,静岡市清水区,ward,22100,224882,6160,7997,8871,9932,10120,9404,9774,11325,12735,16360,17298,15341,14181,14195,19168,15415,12885,8371,3989,1194,167,26606,109697,3172,4166,4539,5113,5328,5006,5161,5915,6596,8321,8906,7651,7140,6946,9143,6977,5404,2901,1091,207,14,9617,115185,2988,3831,4332,4819,4792,4398,4613,5410,6139,8039,8392,7690,7041,7249,10025,8438,7481,5470,2898,987,153,16989
2023,2023-01-01,22130,221309,静岡県,浜松市,city_agg,,765956,26783,32575,35266,35874,35435,35546,37291,44314,48148,56706,58035,49311,46869,46909,56639,43372,35373,24706,12368,3880,556,76883,381800,13803,16947,18156,18530,18611,18861,19632,23112,25024,29218,30023,25528,23897,23387,27458,20107,15410,9485,3746,800,65,29506,384156,12980,15628,17110,17344,16824,16685,17659,21202,23124,27488,28012,23783,22972,23522,29181,23265,19963,15221,8622,3080,491,47377
2023,2023-01-01,22131,221317,静岡県,浜松市中区,ward,22130,225735,7960,9116,9620,9908,11288,11577,11543,13103,14160,16581,17725,15523,14288,13527,15903,12044,9829,7226,3642,1024,148,21869,112018,4134,4709,4884,5110,6008,6158,6091,6826,7319,8354,9094,8026,7293,6782,7706,5363,4160,2714,1053,213,21,8161,113717,3826,4407,4736,4798,5280,5419,5452,6277,6841,8227,8631,7497,6995,6745,8197,6681,5669,4512,2589,811,127,13708
2023,2023-01-01,22132,221325,静岡県,浜松市東区,ward,22130,126152,4987,5714,5907,6085,5959,6286,6753,7847,8070,9766,9915,7921,7066,6985,8463,6874,5742,3619,1591,540,62,11554,63276,2547,2986,3105,3160,3059,3270,3485,4075,4231,5082,5184,4159,3594,3518,4065,3181,2491,1485,498,96,5,4575,62876,2440,2728,2802,2925,2900,3016,3268,3772,3839,4684,4731,3762,3472,3467,4398,3693,3251,2134,1093,444,57,6979
2023,2023-01-01,22133,221333,静岡県,浜松市西区,ward,22130,104484,3299,4263,5101,5545,4962,4149,4375,5497,6426,8124,8386,6855,6362,6481,7912,6235,4979,3321,1610,515,87,10512,51911,1665,2207,2611,2864,2629,2163,2313,2902,3317,4121,4328,3584,3218,3167,3825,2918,2217,1265,499,89,9,4079,52573,1634,2056,2490,2681,2333,1986,2062,2595,3109,4003,4058,3271,3144,3314,4087,3317,2762,2056,1111,426,78,6433
2023,2023-01-01,22134,221341,静岡県,浜松市南区,ward,22130,96626,3420,3800,4228,4525,4482,5149,5140,5556,5893,7170,7415,6249,5698,5576,7015,5775,4654,3075,1361,386,59,9535,48847,1781,1988,2175,2363,2352,2862,2779,2980,3119,3769,3865,3294,2959,2794,3319,2702,2041,1189,431,77,8,3746,47779,1639,1812,2053,2162,2130,2287,2361,2576,2774,3401,3550,2955,2739,2782,3696,3073,2613,1886,930,309,51,5789
2023,2023-01-01,22135,221350,静岡県,浜松市北区,ward,22130,90007,2885,4002,4237,4114,3816,3643,3854,5063,5795,6377,6305,5623,5777,6185,7493,5345,4132,2985,1694,607,75,9493,44711,1505,2074,2151,2170,2013,1925,2003,2614,3009,3367,3244,2847,2926,3048,3709,2548,1818,1119,477,137,7,3558,45296,1380,1928,2086,1944,1803,1718,1851,2449,2786,3010,3061,2776,2851,3137,3784,2797,2314,1866,1217,470,68,5935
2023,2023-01-01,22136,221368,静岡県,浜松市浜北区,ward,22130,97119,3782,5035,5389,4882,4149,4007,4791,6220,6723,7416,6842,5517,5542,5781,7057,5095,4145,2780,1446,450,70,8891,48455,1950,2655,2831,2473,2151,2080,2498,3173,3447,3827,3556,2810,2766,2806,3422,2439,1886,1095,482,101,7,3571,48664,1832,2380,2558,2409,1998,1927,2293,3047,3276,3589,3286,2707,2776,2975,3635,2656,2259,1685,964,349,63,5320
2023,2023-01-01,22137,221376,静岡県,浜松市天竜区,ward,22130,25833,450,645,784,815,779,735,835,1028,1081,1272,1447,1623,2136,2374,2796,2004,1892,1700,1024,358,55,5029,12582,221,328,399,390,399,403,463,542,582,698,752,808,1141,1272,1412,956,797,618,306,87,8,1816,13251,229,317,385,425,380,332,372,486,499,574,695,815,995,1102,1384,1048,1095,1082,718,271,47,3213
2023,2023-01-01,22203,222038,静岡県,沼津市,city,22203,184894,5011,6004,7138,8084,7793,8038,8404,9175,10555,13775,14793,13154,12148,12274,15273,12542,9990,6554,3138,927,124,20733,91439,2561,3043,3651,4137,4147,4451,4518,4950,5560,7191,7751,6698,6153,6132,7281,5585,4231,2347,884,155,13,7630,93455,2450,2961,3487,3947,3646,3587,3886,4225,4995,6584,7042,6456,5995,6142,7992,6957,5759,4207,2254,772,111,13103
2023,2023-01-01,22205,222054,静岡県,熱海市,city,22205,33647,435,634,802,891,1097,918,883,1047,1296,1833,2388,2332,2433,2635,3824,3671,3076,2118,984,298,52,6528,15315,220,325,383,447,540,499,448,554,659,929,1165,1155,1209,1296,1723,1531,1181,702,269,70,10,2232,18332,215,309,419,444,557,419,435,493,637,904,1223,1177,1224,1339,2101,2140,1895,1416,715,228,42,4296
2023,2023-01-01,22206,222062,静岡県,三島市,city,22206,105813,3300,4200,4862,5048,4676,4180,4800,5573,6456,8132,8470,7361,6544,6610,8070,6669,5323,3417,1613,450,59,10862,51757,1685,2163,2518,2563,2438,2163,2452,2907,3344,4098,4267,3770,3228,3186,3814,2982,2308,1282,481,98,10,4179,54056,1615,2037,2344,2485,2238,2017,2348,2666,3112,4034,4203,3591,3316,3424,4256,3687,3015,2135,1132,352,49,6683
2023,2023-01-01,22207,222071,静岡県,富士宮市,city,22207,126570,3749,5006,5817,6123,5675,5358,5569,6995,7911,9681,9587,8284,7731,8503,10447,7686,6031,3789,1918,614,96,12448,62771,1984,2548,2967,3182,3018,2976,2985,3628,4252,5024,4981,4198,3798,4144,4938,3511,2633,1342,532,113,17,4637,63799,1765,2458,2850,2941,2657,2382,2584,3367,3659,4657,4606,4086,3933,4359,5509,4175,3398,2447,1386,501,79,7811
2023,2023-01-01,22208,222089,静岡県,伊東市,city,22208,65554,1217,1693,2128,2389,2150,1886,1912,2385,2882,4206,4973,4496,4450,4942,7189,6437,5171,3142,1414,412,80,10219,31120,639,864,1088,1216,1095,999,984,1226,1424,2161,2479,2266,2202,2426,3385,2870,2211,1135,371,71,8,3796,34434,578,829,1040,1173,1055,887,928,1159,1458,2045,2494,2230,2248,2516,3804,3567,2960,2007,1043,341,72,6423
2023,2023-01-01,22209,222097,静岡県,島田市,city,22209,94797,3178,3967,4387,4350,3997,3750,4333,5312,5784,6587,6621,5884,6012,6397,7701,5835,4764,3435,1794,599,110,10702,46565,1604,2034,2242,2210,2066,2016,2215,2768,2983,3476,3408,2987,2969,3173,3733,2682,2053,1296,519,120,11,3999,48232,1574,1933,2145,2140,1931,1734,2118,2544,2801,3111,3213,2897,3043,3224,3968,3153,2711,2139,1275,479,99,6703
2023,2023-01-01,22210,222101,静岡県,富士市,city,22210,242970,7927,9885,11036,11485,10983,11001,11582,13629,14783,18119,19522,16907,15290,15065,18016,14211,11731,7361,3305,994,138,23529,120426,4056,5062,5613,5780,5678,5894,6113,7280,7779,9451,10116,8656,7624,7457,8773,6276,5047,2652,904,199,16,8818,122544,3871,4823,5423,5705,5305,5107,5469,6349,7004,8668,9406,8251,7666,7608,9243,7935,6684,4709,2401,795,122,14711
2023,2023-01-01,22211,222119,静岡県,磐田市,city,22211,158511,5251,6781,7500,7633,7119,7111,7339,8969,10106,12019,11185,9537,9560,10458,13111,9553,7219,4718,2468,768,106,15279,79875,2674,3527,3790,3911,3890,4002,3937,4723,5279,6391,5850,4909,4856,5189,6341,4692,3262,1735,748,159,10,5914,78636,2577,3254,3710,3722,3229,3109,3402,4246,4827,5628,5335,4628,4704,5269,6770,4861,3957,2983,1720,609,96,9365
2023,2023-01-01,22212,222127,静岡県,焼津市,city,22212,132135,4218,5023,5966,6310,6026,5615,6147,6985,7933,9976,9900,8733,8262,8288,10661,8515,6625,4336,1964,581,71,13577,65197,2228,2626,3065,3320,3189,2941,3170,3549,4057,5194,5110,4487,4165,4006,4984,3879,2890,1656,555,118,8,5227,66938,1990,2397,2901,2990,2837,2674,2977,3436,3876,4782,4790,4246,4097,4282,5677,4636,3735,2680,1409,463,63,8350
2023,2023-01-01,22213,222135,静岡県,掛川市,city,22213,111225,4193,5096,5461,5215,4680,4730,5570,6962,7385,8077,7478,6661,7086,7605,8894,5799,4455,3372,1811,600,95,10333,55983,2147,2637,2763,2686,2496,2510,2940,3702,3887,4369,3876,3431,3503,3850,4463,2854,1915,1273,534,137,10,3869,55242,2046,2459,2698,2529,2184,2220,2630,3260,3498,3708,3602,3230,3583,3755,4431,2945,2540,2099,1277,463,85,6464
2023,2023-01-01,22214,222143,静岡県,藤枝市,city,22214,140464,4512,5987,6770,6652,5860,5625,6055,7777,9049,10700,10303,8757,8613,9116,11447,8885,7018,4440,2201,609,88,14356,68725,2302,3048,3460,3498,3082,2919,3056,3970,4618,5461,5240,4360,4180,4381,5290,4143,3148,1741,681,137,10,5717,71739,2210,2939,3310,3154,2778,2706,2999,3807,4431,5239,5063,4397,4433,4735,6157,4742,3870,2699,1520,472,78,8639
2023,2023-01-01,22215,222151,静岡県,御殿場市,city,22215,82921,2961,3526,3962,4385,4428,4071,4320,4854,5620,6512,6319,5136,4759,4856,5678,4176,3440,2334,1196,334,54,7358,42507,1505,1742,2021,2375,2630,2405,2398,2652,2993,3440,3388,2796,2411,2362,2733,1880,1457,841,410,59,9,2776,40414,1456,1784,1941,2010,1798,1666,1922,2202,2627,3072,2931,2340,2348,2494,2945,2296,1983,1493,786,275,45,4582
2023,2023-01-01,22216,222160,静岡県,袋井市,city,22216,83222,3328,3891,4318,4234,3779,3984,4575,5399,5751,6335,5953,4816,4846,5316,5952,4076,3100,2042,1112,362,53,6669,42191,1692,1985,2297,2215,1983,2121,2423,2845,3054,3343,3155,2511,2416,2685,3005,1922,1365,755,336,79,4,2539,41031,1636,1906,2021,2019,1796,1863,2152,2554,2697,2992,2798,2305,2430,2631,2947,2154,1735,1287,776,283,49,4130
2023,2023-01-01,22219,222194,静岡県,下田市,city,22219,19781,384,534,671,686,621,591,601,770,852,1294,1448,1351,1449,1528,2098,1796,1455,963,500,160,29,3107,9573,198,285,342,364,345,337,336,383,430,694,766,690,769,766,992,772,588,342,126,40,8,1104,10208,186,249,329,322,276,254,265,387,422,600,682,661,680,762,1106,1024,867,621,374,120,21,2003
2023,2023-01-01,22220,222208,静岡県,裾野市,city,22220,49015,1760,2117,2349,2328,2252,2258,2501,2954,3265,3721,3584,3032,2948,3065,3833,2747,2209,1283,623,169,17,4301,24741,935,1064,1212,1178,1248,1261,1315,1609,1709,1981,1859,1533,1497,1498,1828,1333,979,475,191,35,1,1681,24274,825,1053,1137,1150,1004,997,1186,1345,1556,1740,1725,1499,1451,1567,2005,1414,1230,808,432,134,16,2620
2023,2023-01-01,22221,222216,静岡県,湖西市,city,22221,54634,1541,2064,2477,2608,2676,2323,2442,2977,3393,4229,4386,3606,3316,3395,4470,3408,2527,1673,815,262,46,5323,27857,787,1045,1260,1336,1440,1329,1330,1584,1872,2262,2342,1936,1734,1687,2157,1645,1150,630,255,72,4,2111,26777,754,1019,1217,1272,1236,994,1112,1393,1521,1967,2044,1670,1582,1708,2313,1763,1377,1043,560,190,42,3212
2023,2023-01-01,22222,222224,静岡県,伊豆市,city,22222,28545,578,764,910,1046,1025,913,903,1157,1363,1702,1934,2017,2124,2450,2998,2325,1911,1315,781,283,46,4336,13776,291,383,457,512,525,476,481,633,713,896,986,1014,1068,1219,1455,1125,795,485,206,48,8,1542,14769,287,381,453,534,500,437,422,524,650,806,948,1003,1056,1231,1543,1200,1116,830,575,235,38,2794
2023,2023-01-01,22223,222232,静岡県,御前崎市,city,22223,29580,823,1165,1325,1351,1377,1180,1279,1600,1687,2179,2033,1848,2005,2201,2675,1799,1316,976,545,192,24,3053,15064,421,606,661,702,732,694,717,864,956,1173,1095,986,1029,1132,1303,877,550,370,162,31,3,1116,14516,402,559,664,649,645,486,562,736,731,1006,938,862,976,1069,1372,922,766,606,383,161,21,1937
2023,2023-01-01,22224,222241,静岡県,菊川市,city,22224,44016,1672,2023,2120,2122,1967,2003,2244,2772,2865,3242,2783,2400,2609,2967,3673,2327,1838,1320,758,275,36,4227,22243,842,1013,1081,1081,1069,1074,1169,1537,1546,1715,1495,1234,1303,1467,1841,1137,824,522,223,64,6,1639,21773,830,1010,1039,1041,898,929,1075,1235,1319,1527,1288,1166,1306,1500,1832,1190,1014,798,535,211,30,2588
2023,2023-01-01,22225,222259,静岡県,伊豆の国市,city,22225,46592,1298,1789,1980,2052,1950,1870,1895,2225,2696,3450,3523,3045,2889,3078,4164,3399,2524,1642,830,257,36,5289,22580,665,907,1021,1063,975,953,957,1172,1309,1793,1792,1531,1439,1526,1955,1571,1086,596,225,40,4,1951,24012,633,882,959,989,975,917,938,1053,1387,1657,1731,1514,1450,1552,2209,1828,1438,1046,605,217,32,3338
2023,2023-01-01,22226,222267,静岡県,牧之原市,city,22226,41234,1074,1567,1810,1878,1664,1533,1697,2189,2390,2858,2777,2597,3004,3225,3728,2535,1885,1556,936,281,50,4708,20444,554,769,949,951,882,840,897,1175,1282,1505,1492,1310,1571,1580,1829,1230,789,522,266,47,4,1628,20790,520,798,861,927,782,693,800,1014,1108,1353,1285,1287,1433,1645,1899,1305,1096,1034,670,234,46,3080
2023,2023-01-01,22300,223000,静岡県,賀茂郡,gun_agg,,38421,571,839,1156,1345,1132,861,941,1271,1657,2225,2737,2501,2604,3299,4734,3742,3068,2078,1210,388,62,6806,18454,292,418,571,655,598,453,529,696,850,1159,1429,1285,1363,1644,2284,1726,1314,741,361,75,11,2502,19967,279,421,585,690,534,408,412,575,807,1066,1308,1216,1241,1655,2450,2016,1754,1337,849,313,51,4304
2023,2023-01-01,22301,223018,静岡県,賀茂郡東伊豆町,town,22301,11183,122,237,305,354,396,284,237,357,476,653,837,798,774,978,1357,1157,915,561,294,80,11,1861,5381,55,115,142,164,194,154,128,198,261,341,440,410,404,464,669,553,368,219,84,16,2,689,5802,67,122,163,190,202,130,109,159,215,312,397,388,370,514,688,604,547,342,210,64,9,1172
2023,2023-01-01,22302,223026,静岡県,賀茂郡河津町,town,22302,6650,115,189,247,276,196,169,206,260,333,401,494,450,424,505,760,581,462,319,191,64,8,1044,3234,68,96,126,130,108,87,116,134,161,209,255,232,223,258,368,266,197,119,63,17,1,397,3416,47,93,121,146,88,82,90,126,172,192,239,218,201,247,392,315,265,200,128,47,7,647
2023,2023-01-01,22304,223042,静岡県,賀茂郡南伊豆町,town,22304,7676,152,192,256,291,186,170,200,244,347,452,542,448,498,659,989,740,576,374,236,105,19,1310,3696,70,93,128,142,107,78,111,130,173,240,278,237,272,327,499,331,262,132,67,16,3,480,3980,82,99,128,149,79,92,89,114,174,212,264,211,226,332,490,409,314,242,169,89,16,830
2023,2023-01-01,22305,223051,静岡県,賀茂郡松崎町,town,22305,5941,86,124,167,195,164,100,155,203,233,321,404,386,444,558,714,548,490,352,224,64,9,1139,2812,46,64,82,103,92,53,80,120,116,163,207,191,224,292,333,241,222,113,60,9,1,405,3129,40,60,85,92,72,47,75,83,117,158,197,195,220,266,381,307,268,239,164,55,8,734
2023,2023-01-01,22306,223069,静岡県,賀茂郡西伊豆町,town,22306,6971,96,97,181,229,190,138,143,207,268,398,460,419,464,599,914,716,625,472,265,75,15,1452,3331,53,50,93,116,97,81,94,114,139,206,249,215,240,303,415,335,265,158,87,17,4,531,3640,43,47,88,113,93,57,49,93,129,192,211,204,224,296,499,381,360,314,178,58,11,921
2023,2023-01-01,22320,223204,静岡県,田方郡,gun_agg,,36638,1137,1420,1572,1576,1454,1386,1641,1925,2222,2752,2810,2486,2307,2335,3130,2644,2011,1088,562,153,27,3841,18015,588,742,813,802,771,696,851,1010,1144,1439,1385,1239,1166,1135,1459,1236,904,458,153,23,1,1539,18623,549,678,759,774,683,690,790,915,1078,1313,1425,1247,1141,1200,1671,1408,1107,630,409,130,26,2302
2023,2023-01-01,22325,223255,静岡県,田方郡函南町,town,22325,36638,1137,1420,1572,1576,1454,1386,1641,1925,2222,2752,2810,2486,2307,2335,3130,2644,2011,1088,562,153,27,3841,18015,588,742,813,802,771,696,851,1010,1144,1439,1385,1239,1166,1135,1459,1236,904,458,153,23,1,1539,18623,549,678,759,774,683,690,790,915,1078,1313,1425,1247,1141,1200,1671,1408,1107,630,409,130,26,2302
2023,2023-01-01,22340,223409,静岡県,駿東郡,gun_agg,,90967,3574,4304,4505,4429,4353,4262,4914,5558,6093,7200,7217,6006,4956,4931,5784,4694,3971,2505,1293,368,50,8187,45061,1825,2224,2285,2282,2266,2258,2515,2937,3127,3735,3709,3065,2467,2503,2692,2100,1670,955,370,70,6,3071,45906,1749,2080,2220,2147,2087,2004,2399,2621,2966,3465,3508,2941,2489,2428,3092,2594,2301,1550,923,298,44,5116
2023,2023-01-01,22341,223417,静岡県,駿東郡清水町,town,22341,30559,1036,1273,1390,1492,1530,1489,1536,1678,1897,2432,2629,2104,1739,1692,2053,1689,1459,903,411,116,11,2900,14910,527,677,714,771,781,745,772,871,970,1243,1333,1050,859,863,898,748,605,349,113,18,3,1088,15649,509,596,676,721,749,744,764,807,927,1189,1296,1054,880,829,1155,941,854,554,298,98,8,1812
2023,2023-01-01,22342,223425,静岡県,駿東郡長泉町,town,22342,43077,1996,2283,2353,2208,1964,2035,2548,2842,3086,3603,3427,2835,2117,2013,2327,1997,1721,1047,516,133,26,3443,21265,1033,1180,1174,1102,960,1069,1274,1464,1539,1853,1730,1474,1057,1028,1085,884,754,414,162,27,2,1359,21812,963,1103,1179,1106,1004,966,1274,1378,1547,1750,1697,1361,1060,985,1242,1113,967,633,354,106,24,2084
2023,2023-01-01,22344,223441,静岡県,駿東郡小山町,town,22344,17331,542,748,762,729,859,738,830,1038,1110,1165,1161,1067,1100,1226,1404,1008,791,555,366,119,13,1844,8886,265,367,397,409,525,444,469,602,618,639,646,541,551,612,709,468,311,192,95,25,1,624,8445,277,381,365,320,334,294,361,436,492,526,515,526,549,614,695,540,480,363,271,94,12,1220
2023,2023-01-01,22420,224201,静岡県,榛原郡,gun_agg,,33147,959,1173,1509,1567,1498,1354,1539,1794,1964,2242,2326,2266,2250,2343,2698,1930,1582,1209,687,215,42,3735,16639,480,599,758,839,797,748,840,981,1045,1219,1227,1191,1159,1171,1354,864,648,462,208,44,5,1367,16508,479,574,751,728,701,606,699,813,919,1023,1099,1075,1091,1172,1344,1066,934,747,479,171,37,2368
2023,2023-01-01,22424,224243,静岡県,榛原郡吉田町,town,22424,27161,882,1055,1347,1393,1350,1209,1357,1579,1756,1976,2015,1874,1759,1809,2017,1446,1092,706,393,123,23,2337,13693,441,545,676,742,712,666,727,867,932,1060,1066,980,908,888,982,650,446,278,103,22,2,851,13468,441,510,671,651,638,543,630,712,824,916,949,894,851,921,1035,796,646,428,290,101,21,1486
2023,2023-01-01,22429,224294,静岡県,榛原郡川根本町,town,22429,5986,77,118,162,174,148,145,182,215,208,266,311,392,491,534,681,484,490,503,294,92,19,1398,2946,39,54,82,97,85,82,113,114,113,159,161,211,251,283,372,214,202,184,105,22,3,516,3040,38,64,80,77,63,63,69,101,95,107,150,181,240,251,309,270,288,319,189,70,16,882
2023,2023-01-01,22460,224600,静岡県,周智郡,gun_agg,,16999,456,645,714,800,692,509,691,994,963,1037,975,1015,1264,1476,1526,1023,847,734,463,152,23,2219,8451,238,343,385,421,369,283,357,534,521,522,520,505,633,743,786,522,327,259,137,43,3,769,8548,218,302,329,379,323,226,334,460,442,515,455,510,631,733,740,501,520,475,326,109,20,1450
2023,2023-01-01,22461,224618,静岡県,周智郡森町,town,22461,16999,456,645,714,800,692,509,691,994,963,1037,975,1015,1264,1476,1526,1023,847,734,463,152,23,2219,8451,238,343,385,421,369,283,357,534,521,522,520,505,633,743,786,522,327,259,137,43,3,769,8548,218,302,329,379,323,226,334,460,442,515,455,510,631,733,740,501,520,475,326,109,20,1450
2023,2023-01-01,23000,230006,愛知県,,pref,,7234587,273193,316793,339136,343652,378549,386647,389397,434623,468877,566191,579560,472918,406350,378147,482279,394622,314665,195435,86396,23821,3336,623653,3620308,140390,162417,174064,176198,197945,203223,205994,229376,246782,294729,301250,244700,205967,186840,228006,180789,136392,74478,25494,4887,387,241638,3614279,132803,154376,165072,167454,180604,183424,183403,205247,222095,271462,278310,228218,200383,191307,254273,213833,178273,120957,60902,18934,2949,382015
2023,2023-01-01,23100,231002,愛知県,名古屋市,city_agg,,2208571,83387,90712,93046,93286,115415,133525,127703,138936,145393,170089,177014,147207,127064,113795,142379,114514,94556,63150,28572,7708,1120,195106,1091309,42698,46648,47617,47416,58291,67941,65880,72409,75683,87816,90970,75386,64393,56745,68274,51794,38855,22692,8105,1570,126,71348,1117262,40689,44064,45429,45870,57124,65584,61823,66527,69710,82273,86044,71821,62671,57050,74105,62720,55701,40458,20467,6138,994,123758
2023,2023-01-01,23101,231011,愛知県,名古屋市千種区,ward,23100,152951,5473,6400,6547,6277,8045,8589,8083,9190,10534,12172,12647,10428,8789,8053,9871,7903,6345,4640,2242,612,111,13950,73506,2863,3315,3312,3171,4134,4407,4062,4599,5234,6014,6175,5279,4327,3867,4527,3351,2486,1624,611,137,11,4869,79445,2610,3085,3235,3106,3911,4182,4021,4591,5300,6158,6472,5149,4462,4186,5344,4552,3859,3016,1631,475,100,9081
2023,2023-01-01,23102,231029,愛知県,名古屋市東区,ward,23100,78928,3355,3386,3090,2588,3749,5269,5348,5927,5993,6418,6300,4985,4423,3839,4642,3534,2849,1941,989,268,35,6082,37721,1700,1733,1566,1338,1799,2522,2604,2987,2925,3136,3204,2426,2150,1816,2176,1529,1119,666,262,58,5,2110,41207,1655,1653,1524,1250,1950,2747,2744,2940,3068,3282,3096,2559,2273,2023,2466,2005,1730,1275,727,210,30,3972
2023,2023-01-01,23103,231037,愛知県,名古屋市北区,ward,23100,155755,5189,5497,5692,6025,7564,9172,8779,9059,9331,11451,12313,10425,9319,8763,11627,9215,7761,5383,2433,676,81,16334,76096,2719,2781,2896,3060,3701,4544,4528,4782,4938,6005,6304,5360,4677,4301,5585,4032,3137,1919,693,128,6,5883,79659,2470,2716,2796,2965,3863,4628,4251,4277,4393,5446,6009,5065,4642,4462,6042,5183,4624,3464,1740,548,75,10451
2023,2023-01-01,23104,231045,愛知県,名古屋市西区,ward,23100,143044,5304,5491,5666,5759,7648,9523,8819,9170,9443,11272,11734,9836,8073,6982,8447,6997,6235,4292,1830,465,58,12880,71133,2752,2802,2898,2936,3932,4775,4577,4814,4919,5934,6137,5082,4158,3618,4066,3068,2442,1564,545,107,7,4665,71911,2552,2689,2768,2823,3716,4748,4242,4356,4524,5338,5597,4754,3915,3364,4381,3929,3793,2728,1285,358,51,8215
2023,2023-01-01,23105,231053,愛知県,名古屋市中村区,ward,23100,128826,4360,4040,4213,4253,7321,10582,8931,8408,8217,9142,9359,8086,7280,6591,8622,6954,5961,4139,1827,459,81,12467,65186,2217,2060,2150,2193,3617,5456,4777,4629,4533,4974,5023,4332,3827,3443,4300,3224,2414,1392,525,88,12,4431,63640,2143,1980,2063,2060,3704,5126,4154,3779,3684,4168,4336,3754,3453,3148,4322,3730,3547,2747,1302,371,69,8036
2023,2023-01-01,23106,231061,愛知県,名古屋市中区,ward,23100,83703,2446,1886,1730,1891,6262,10482,7953,6783,5937,6096,6153,5052,4126,3633,4274,3291,2603,1880,935,250,40,5708,42588,1261,950,861,951,3015,5627,4327,3724,3247,3287,3277,2710,2159,1846,2054,1445,931,614,243,54,5,1847,41115,1185,936,869,940,3247,4855,3626,3059,2690,2809,2876,2342,1967,1787,2220,1846,1672,1266,692,196,35,3861
2023,2023-01-01,23107,231070,愛知県,名古屋市昭和区,ward,23100,101422,4244,4533,4331,4101,5730,6061,5803,6752,6766,7562,7579,6616,5996,5282,6203,4896,4013,2926,1509,448,71,8967,49397,2159,2324,2243,2076,3060,3069,2892,3397,3426,3765,3722,3361,2983,2546,3002,2179,1629,1040,427,88,9,3193,52025,2085,2209,2088,2025,2670,2992,2911,3355,3340,3797,3857,3255,3013,2736,3201,2717,2384,1886,1082,360,62,5774
2023,2023-01-01,23108,231088,愛知県,名古屋市瑞穂区,ward,23100,105340,4157,4795,4482,4261,4986,5544,5837,6719,7055,8026,8047,6810,6422,5588,6995,5777,4442,3208,1636,467,86,9839,50923,2038,2470,2273,2147,2409,2691,2900,3439,3553,4110,4040,3393,3179,2753,3352,2670,1839,1124,437,96,10,3506,54417,2119,2325,2209,2114,2577,2853,2937,3280,3502,3916,4007,3417,3243,2835,3643,3107,2603,2084,1199,371,76,6333
2023,2023-01-01,23109,231096,愛知県,名古屋市熱田区,ward,23100,62987,2107,2303,2276,2324,3312,3881,3703,4053,4149,4666,4872,4196,3946,3671,4340,3297,2690,1921,969,268,43,5891,31343,1106,1187,1164,1157,1720,2047,1955,2194,2155,2426,2573,2111,2006,1830,2123,1496,1116,667,251,53,6,2093,31644,1001,1116,1112,1167,1592,1834,1748,1859,1994,2240,2299,2085,1940,1841,2217,1801,1574,1254,718,215,37,3798
2023,2023-01-01,23110,231100,愛知県,名古屋市中川区,ward,23100,209364,7661,7952,8828,9202,11421,13625,12405,12681,13040,16238,16963,14094,11860,10549,13533,10931,9404,5940,2361,590,86,18381,104466,3918,4114,4516,4720,5668,7036,6525,6674,6960,8515,8829,7227,6099,5343,6461,5026,3873,2140,707,103,12,6835,104898,3743,3838,4312,4482,5753,6589,5880,6007,6080,7723,8134,6867,5761,5206,7072,5905,5531,3800,1654,487,74,11546
2023,2023-01-01,23111,231118,愛知県,名古屋市港区,ward,23100,132676,4127,4524,5453,6263,6797,6947,6424,7207,7740,10029,11008,9169,8244,7687,10273,8070,6571,4047,1602,447,47,12714,66996,2074,2293,2867,3146,3574,3663,3458,3870,4209,5345,5909,4831,4243,3910,5042,3824,2785,1451,422,75,5,4738,65680,2053,2231,2586,3117,3223,3284,2966,3337,3531,4684,5099,4338,4001,3777,5231,4246,3786,2596,1180,372,42,7976
2023,2023-01-01,23112,231126,愛知県,名古屋市南区,ward,23100,126747,4024,4508,4748,4890,6066,7100,6746,7161,7499,8949,9606,8397,7888,7721,9918,7854,6474,4469,2054,603,72,13672,64551,2061,2279,2413,2477,3209,3711,3692,3872,4063,4922,5175,4447,4164,4038,5121,3726,2806,1687,569,115,4,5181,62196,1963,2229,2335,2413,2857,3389,3054,3289,3436,4027,4431,3950,3724,3683,4797,4128,3668,2782,1485,488,68,8491
2023,2023-01-01,23113,231134,愛知県,名古屋市守山区,ward,23100,172391,7508,8335,8706,8484,8434,8572,9079,10639,11645,13724,14275,11132,8973,8237,10684,9132,7506,4614,2100,539,73,14832,85147,3836,4274,4441,4286,4372,4351,4590,5454,6001,7074,7424,5681,4589,4084,5028,4118,3166,1691,565,112,10,5544,87244,3672,4061,4265,4198,4062,4221,4489,5185,5644,6650,6851,5451,4384,4153,5656,5014,4340,2923,1535,427,63,9288
2023,2023-01-01,23114,231142,愛知県,名古屋市緑区,ward,23100,243973,10823,12413,12741,12540,11911,11855,13133,15437,17121,19884,19820,15887,13184,11829,14806,11968,9600,5776,2480,661,104,18621,120671,5515,6484,6525,6452,5960,5873,6555,7874,8863,10114,10075,8098,6701,5788,6959,5494,4210,2202,767,148,14,7341,123302,5308,5929,6216,6088,5951,5982,6578,7563,8258,9770,9745,7789,6483,6041,7847,6474,5390,3574,1713,513,90,11280
2023,2023-01-01,23115,231151,愛知県,名古屋市名東区,ward,23100,156403,6463,7887,7776,7493,7986,7840,8031,9982,10934,12696,13250,10826,9054,7597,9174,7257,5807,3874,1906,507,63,12157,75276,3330,4062,3980,3783,3922,3847,3953,4972,5460,6219,6534,5398,4366,3626,4145,3293,2342,1349,567,121,7,4386,81127,3133,3825,3796,3710,4064,3993,4078,5010,5474,6477,6716,5428,4688,3971,5029,3964,3465,2525,1339,386,56,7771
2023,2023-01-01,23116,231169,愛知県,名古屋市天白区,ward,23100,154061,6146,6762,6767,6935,8183,8483,8629,9768,9989,11764,13088,11268,9487,7773,8970,7438,6295,4100,1699,448,69,12611,76309,3149,3520,3512,3523,4199,4322,4485,5128,5197,5976,6569,5650,4765,3936,4333,3319,2560,1562,514,87,3,4726,77752,2997,3242,3255,3412,3984,4161,4144,4640,4792,5788,6519,5618,4722,3837,4637,4119,3735,2538,1185,361,66,7885
2023,2023-01-01,23201,232017,愛知県,豊橋市,city,23201,351213,12564,15133,16820,16997,18526,16734,17174,20164,22369,27161,27371,23041,21045,20080,25430,19800,15076,9751,4492,1303,182,30804,176007,6391,7718,8586,8717,9941,8851,9141,10655,11892,14274,14400,11884,10634,9963,12068,9062,6540,3671,1344,254,21,11830,175206,6173,7415,8234,8280,8585,7883,8033,9509,10477,12887,12971,11157,10411,10117,13362,10738,8536,6080,3148,1049,161,18974
2023,2023-01-01,23202,232025,愛知県,岡崎市,city,23202,371890,14415,17644,18930,18152,19236,19632,20410,23003,25489,29122,28297,23744,21635,20419,24604,19078,13800,8663,4252,1196,169,28080,188786,7424,9010,9809,9313,10174,10538,11176,12360,13582,15292,14952,12328,10892,10139,11802,9055,6175,3292,1207,248,18,10940,183104,6991,8634,9121,8839,9062,9094,9234,10643,11907,13830,13345,11416,10743,10280,12802,10023,7625,5371,3045,948,151,17140
2023,2023-01-01,23203,232033,愛知県,一宮市,city,23203,372902,13322,15942,17869,18593,18527,17200,17804,20071,22598,29739,31567,25667,21019,19786,25749,21987,18584,11209,4371,1141,157,35462,182456,6863,8262,9148,9516,9199,8555,8995,10297,11677,15157,16193,12971,10452,9657,11810,9762,8016,4443,1254,214,15,13942,190446,6459,7680,8721,9077,9328,8645,8809,9774,10921,14582,15374,12696,10567,10129,13939,12225,10568,6766,3117,927,142,21520
2023,2023-01-01,23204,232041,愛知県,瀬戸市,city,23204,123473,4154,5005,5690,5796,5529,4943,5579,6423,7406,9441,10023,8137,7473,7052,9635,8245,6742,3899,1782,443,76,12942,60682,2084,2614,2905,2944,2851,2591,2831,3392,3833,4874,5145,4151,3749,3428,4389,3755,2956,1569,520,85,16,5146,62791,2070,2391,2785,2852,2678,2352,2748,3031,3573,4567,4878,3986,3724,3624,5246,4490,3786,2330,1262,358,60,7796
2023,2023-01-01,23205,232050,愛知県,半田市,city,23205,113249,4152,4695,5320,5541,6230,5844,5969,6624,6899,8732,9110,8001,6930,6246,7425,5966,4712,2998,1377,419,59,9565,57061,2183,2376,2811,2818,3358,3173,3198,3525,3715,4522,4683,4056,3507,3147,3591,2767,2040,1136,369,79,7,3631,56188,1969,2319,2509,2723,2872,2671,2771,3099,3184,4210,4427,3945,3423,3099,3834,3199,2672,1862,1008,340,52,5934
2023,2023-01-01,23206,232068,愛知県,春日井市,city,23206,300724,11420,13369,14558,14984,15564,15026,15213,17294,19096,24785,25338,19102,15517,14564,20440,17661,14484,8036,3237,909,127,26793,149234,5869,6828,7455,7614,7991,7694,7943,8997,9861,12748,13236,9923,7775,7006,9281,7920,6535,3346,1009,194,9,11093,151490,5551,6541,7103,7370,7573,7332,7270,8297,9235,12037,12102,9179,7742,7558,11159,9741,7949,4690,2228,715,118,15700
2023,2023-01-01,23207,232076,愛知県,豊川市,city,23207,179170,7013,8063,8708,8764,9157,9070,9316,10390,11075,13843,14003,11000,10162,9914,12501,10359,7846,4952,2269,678,87,15832,89357,3591,4118,4362,4516,4865,4797,4983,5450,5828,7240,7303,5691,5005,4884,5875,4804,3334,1879,674,141,17,6045,89813,3422,3945,4346,4248,4292,4273,4333,4940,5247,6603,6700,5309,5157,5030,6626,5555,4512,3073,1595,537,70,9787
2023,2023-01-01,23208,232084,愛知県,津島市,city,23208,58539,1566,1922,2509,2910,3184,2541,2304,2576,3213,4772,5282,4278,3540,3459,4491,3911,3149,1898,798,209,27,6081,28870,815,1067,1293,1506,1631,1336,1223,1347,1667,2429,2772,2168,1787,1704,2020,1764,1330,730,244,35,2,2341,29669,751,855,1216,1404,1553,1205,1081,1229,1546,2343,2510,2110,1753,1755,2471,2147,1819,1168,554,174,25,3740
2023,2023-01-01,23209,232092,愛知県,碧南市,city,23209,66795,2573,3001,3230,3538,3581,3428,3712,4107,4104,4911,5051,4395,3944,3770,4334,3325,2784,1827,890,253,37,5791,34077,1327,1566,1702,1830,1932,1870,2011,2236,2283,2641,2666,2285,1973,1905,2144,1551,1177,702,227,46,3,2155,32718,1246,1435,1528,1708,1649,1558,1701,1871,1821,2270,2385,2110,1971,1865,2190,1774,1607,1125,663,207,34,3636
2023,2023-01-01,23210,232106,愛知県,刈谷市,city,23210,147233,6402,6993,7090,7193,8833,10044,9606,10131,10106,11345,11419,9470,7521,6576,8374,6573,4957,2919,1298,337,46,9557,76896,3354,3555,3649,3769,4893,5633,5401,5681,5563,6112,5975,5128,3992,3288,4008,3117,2191,1133,376,73,5,3778,70337,3048,3438,3441,3424,3940,4411,4205,4450,4543,5233,5444,4342,3529,3288,4366,3456,2766,1786,922,264,41,5779
2023,2023-01-01,23211,232114,愛知県,豊田市,city,23211,398904,13719,17564,19376,20963,23156,22134,21511,24162,26294,30282,31193,25152,22248,21435,27001,22312,15904,8969,4069,1261,199,30402,207682,7042,9019,9938,11057,13118,12964,12197,13368,14377,16023,16578,13592,11487,10609,12927,10675,7505,3661,1259,266,20,12711,191222,6677,8545,9438,9906,10038,9170,9314,10794,11917,14259,14615,11560,10761,10826,14074,11637,8399,5308,2810,995,179,17691
2023,2023-01-01,23212,232122,愛知県,安城市,city,23212,181129,7462,8668,9386,9337,10157,10292,10573,11246,12370,14317,14851,12131,9592,8782,10925,8449,6340,3970,1745,484,52,12591,92858,3788,4450,4892,4804,5524,5674,5775,6112,6590,7577,7729,6433,5083,4363,5156,3961,2793,1495,539,112,8,4947,88271,3674,4218,4494,4533,4633,4618,4798,5134,5780,6740,7122,5698,4509,4419,5769,4488,3547,2475,1206,372,44,7644
2023,2023-01-01,23213,232131,愛知県,西尾市,city,23213,160008,5967,7355,8167,8044,8064,7544,8097,9567,10159,12165,11802,9961,9499,9327,11565,8900,6608,4420,2145,595,57,13825,80634,3030,3799,4171,4118,4332,4065,4341,5165,5399,6437,6263,5066,4800,4589,5633,4225,2816,1605,637,138,5,5201,79374,2937,3556,3996,3926,3732,3479,3756,4402,4760,5728,5539,4895,4699,4738,5932,4675,3792,2815,1508,457,52,8624
2023,2023-01-01,23214,232149,愛知県,蒲郡市,city,23214,75342,2467,2892,3276,3428,3493,3359,3560,4034,4389,5344,5667,5135,4906,4466,5655,4835,3972,2795,1274,358,37,8436,37220,1253,1535,1690,1795,1796,1772,1906,2099,2322,2826,2955,2582,2496,2190,2685,2195,1647,1041,365,63,7,3123,38122,1214,1357,1586,1633,1697,1587,1654,1935,2067,2518,2712,2553,2410,2276,2970,2640,2325,1754,909,295,30,5313
2023,2023-01-01,23215,232157,愛知県,犬山市,city,23215,70049,2156,2674,3289,3604,3508,2919,2952,3497,4233,5778,5875,4605,3803,3776,5369,4744,3887,2166,919,268,27,7267,34624,1085,1360,1633,1849,1854,1574,1559,1848,2157,2985,3106,2353,1916,1794,2357,2205,1763,872,289,61,4,2989,35425,1071,1314,1656,1755,1654,1345,1393,1649,2076,2793,2769,2252,1887,1982,3012,2539,2124,1294,630,207,23,4278
2023,2023-01-01,23216,232165,愛知県,常滑市,city,23216,57053,2080,2891,3087,2809,2912,2768,2834,3695,3962,4449,3951,3450,3061,2993,3659,3059,2570,1741,799,234,49,5393,28221,1096,1496,1562,1367,1468,1375,1470,1886,2067,2353,2095,1792,1524,1506,1734,1395,1132,642,204,48,9,2035,28832,984,1395,1525,1442,1444,1393,1364,1809,1895,2096,1856,1658,1537,1487,1925,1664,1438,1099,595,186,40,3358
2023,2023-01-01,23217,232173,愛知県,江南市,city,23217,96912,3246,4056,4531,4725,4876,4342,4514,5192,5800,7640,8202,6727,5531,5175,6947,6085,4998,2913,1112,266,34,9323,47589,1640,2086,2330,2406,2494,2262,2346,2680,2970,3915,4132,3469,2736,2475,3177,2745,2194,1133,342,54,3,3726,49323,1606,1970,2201,2319,2382,2080,2168,2512,2830,3725,4070,3258,2795,2700,3770,3340,2804,1780,770,212,31,5597
2023,2023-01-01,23219,232190,愛知県,小牧市,city,23219,140042,4647,5860,6620,6996,7630,7122,6962,7769,8759,11564,11716,9132,7665,7504,9934,8369,6496,3550,1363,331,53,11793,71000,2364,2956,3385,3582,4086,3896,3841,4188,4683,6094,6208,4816,3895,3680,4577,3899,2916,1455,403,69,7,4850,69042,2283,2904,3235,3414,3544,3226,3121,3581,4076,5470,5508,4316,3770,3824,5357,4470,3580,2095,960,262,46,6943
2023,2023-01-01,23220,232203,愛知県,稲沢市,city,23220,130822,4635,5618,6014,6197,6481,6050,6284,7205,8084,10154,10625,8679,7529,7384,9792,8041,6253,3696,1643,394,64,12050,64697,2325,2851,3151,3201,3357,3088,3343,3707,4101,5234,5438,4453,3667,3617,4581,3725,2811,1482,473,82,10,4858,66125,2310,2767,2863,2996,3124,2962,2941,3498,3983,4920,5187,4226,3862,3767,5211,4316,3442,2214,1170,312,54,7192
2023,2023-01-01,23221,232211,愛知県,新城市,city,23221,42698,1041,1517,1772,1872,1782,1321,1538,2030,2451,2871,2741,2565,3071,3367,4156,2972,2371,1841,1015,354,50,5631,21285,546,777,920,957,984,700,853,1097,1341,1536,1453,1268,1520,1646,2075,1426,1081,665,332,105,3,2186,21413,495,740,852,915,798,621,685,933,1110,1335,1288,1297,1551,1721,2081,1546,1290,1176,683,249,47,3445
2023,2023-01-01,23222,232220,愛知県,東海市,city,23222,111392,4642,5433,5930,5843,6563,6647,6610,7134,7593,8813,8570,6555,5376,5222,6474,5325,4552,2674,1110,298,28,8662,58053,2465,2804,3065,3133,3941,3784,3677,3907,4053,4706,4629,3492,2736,2672,3135,2402,2000,1019,355,72,6,3452,53339,2177,2629,2865,2710,2622,2863,2933,3227,3540,4107,3941,3063,2640,2550,3339,2923,2552,1655,755,226,22,5210
2023,2023-01-01,23223,232238,愛知県,大府市,city,23223,89693,4189,4782,4800,4695,4888,4809,5174,6020,6354,7541,7152,5264,4103,3903,5152,4364,3457,1955,819,233,39,6503,45490,2074,2385,2462,2401,2658,2722,2785,3173,3314,3915,3664,2752,2122,1894,2488,1967,1608,789,259,54,4,2714,44203,2115,2397,2338,2294,2230,2087,2389,2847,3040,3626,3488,2512,1981,2009,2664,2397,1849,1166,560,179,35,3789
2023,2023-01-01,23224,232246,愛知県,知多市,city,23224,81888,2899,3390,3940,4098,4125,3698,3922,4446,5145,6532,6505,4997,4549,4766,6192,5230,4074,2241,866,254,19,7454,41311,1514,1767,2067,2119,2165,1974,2105,2402,2684,3444,3382,2661,2279,2319,2882,2425,1901,899,269,51,2,3122,40577,1385,1623,1873,1979,1960,1724,1817,2044,2461,3088,3123,2336,2270,2447,3310,2805,2173,1342,597,203,17,4332
2023,2023-01-01,23225,232254,愛知県,知立市,city,23225,66803,2853,2895,3127,3263,3704,4426,4450,4374,4417,5141,5501,4469,3640,3163,3720,2987,2361,1470,631,175,36,4673,35286,1528,1491,1664,1740,1986,2549,2556,2467,2470,2828,2954,2441,1919,1664,1803,1365,1014,594,205,45,3,1861,31517,1325,1404,1463,1523,1718,1877,1894,1907,1947,2313,2547,2028,1721,1499,1917,1622,1347,876,426,130,33,2812
2023,2023-01-01,23226,232262,愛知県,尾張旭市,city,23226,82387,3191,3804,4026,4225,4037,3513,4051,4595,5278,6880,6879,5521,4608,4168,5622,4697,3816,2252,950,230,44,7292,40337,1681,1939,2042,2128,2059,1757,2055,2342,2660,3484,3507,2787,2267,1967,2588,2150,1673,895,308,44,4,2924,42050,1510,1865,1984,2097,1978,1756,1996,2253,2618,3396,3372,2734,2341,2201,3034,2547,2143,1357,642,186,40,4368
2023,2023-01-01,23227,232271,愛知県,高浜市,city,23227,45095,1896,2233,2436,2486,2608,2564,2848,2982,3171,3479,3565,2946,2461,2105,2402,1739,1501,1053,481,127,12,3174,23432,986,1146,1232,1285,1520,1438,1574,1619,1746,1875,1859,1616,1308,1082,1192,782,635,375,132,28,2,1172,21663,910,1087,1204,1201,1088,1126,1274,1363,1425,1604,1706,1330,1153,1023,1210,957,866,678,349,99,10,2002
2023,2023-01-01,23228,232289,愛知県,岩倉市,city,23228,44933,1747,1875,1843,1970,2114,2390,2667,2732,2811,3537,3763,3052,2439,2343,3057,2615,2144,1216,479,120,19,3978,22388,885,930,961,999,1099,1223,1382,1446,1502,1834,1959,1577,1230,1153,1447,1158,937,464,177,22,3,1603,22545,862,945,882,971,1015,1167,1285,1286,1309,1703,1804,1475,1209,1190,1610,1457,1207,752,302,98,16,2375
2023,2023-01-01,23229,232297,愛知県,豊明市,city,23229,64746,2425,2682,2850,3039,3395,3357,3476,3652,3941,4909,5324,4346,3523,3320,4526,3923,3221,1865,732,215,25,6058,32716,1253,1402,1506,1586,1731,1742,1864,2005,2106,2586,2805,2236,1844,1645,2087,1780,1471,778,238,48,3,2538,32030,1172,1280,1344,1453,1664,1615,1612,1647,1835,2323,2519,2110,1679,1675,2439,2143,1750,1087,494,167,22,3520
2023,2023-01-01,23230,232301,愛知県,日進市,city,23230,91879,4604,5134,5248,4702,4645,4908,5363,6064,6707,7717,7465,5975,4505,3849,4585,4078,3314,1926,846,218,26,6330,45703,2420,2626,2654,2387,2409,2520,2715,3053,3445,3889,3797,3063,2267,1921,2049,1859,1510,813,262,40,4,2629,46176,2184,2508,2594,2315,2236,2388,2648,3011,3262,3828,3668,2912,2238,1928,2536,2219,1804,1113,584,178,22,3701
2023,2023-01-01,23231,232319,愛知県,田原市,city,23231,57947,1827,2545,2742,2815,2768,2398,2779,3379,3624,3968,4004,3784,3855,3957,4518,3271,2517,1774,1025,353,44,5713,29720,922,1315,1438,1501,1606,1400,1554,1838,2009,2133,2133,1948,1954,2044,2247,1559,1099,633,299,79,9,2119,28227,905,1230,1304,1314,1162,998,1225,1541,1615,1835,1871,1836,1901,1913,2271,1712,1418,1141,726,274,35,3594
2023,2023-01-01,23232,232327,愛知県,愛西市,city,23232,60386,1824,2235,2584,2940,3166,2463,2277,2788,3298,4654,5057,4171,3624,3436,4821,4385,3515,2004,854,255,35,6663,29497,940,1118,1315,1499,1632,1207,1164,1414,1717,2369,2583,2125,1813,1630,2255,2033,1566,798,268,48,3,2683,30889,884,1117,1269,1441,1534,1256,1113,1374,1581,2285,2474,2046,1811,1806,2566,2352,1949,1206,586,207,32,3980
2023,2023-01-01,23233,232335,愛知県,清須市,city,23233,67226,3156,3306,3281,3093,3139,3771,4211,4480,4700,5585,5107,4035,3354,3279,4134,3310,2699,1683,727,157,19,5285,33714,1641,1668,1687,1531,1571,1955,2210,2360,2475,2957,2638,2136,1732,1583,2019,1504,1147,641,231,27,1,2047,33512,1515,1638,1594,1562,1568,1816,2001,2120,2225,2628,2469,1899,1622,1696,2115,1806,1552,1042,496,130,18,3238
2023,2023-01-01,23234,232343,愛知県,北名古屋市,city,23234,84162,3603,4027,4134,4191,4216,4625,4708,5316,5588,7191,7138,5185,3776,3586,5128,4730,4043,2063,734,162,18,7020,42197,1898,2055,2117,2130,2220,2363,2471,2784,2909,3801,3750,2699,1987,1748,2271,2074,1785,871,234,29,1,2920,41965,1705,1972,2017,2061,1996,2262,2237,2532,2679,3390,3388,2486,1789,1838,2857,2656,2258,1192,500,133,17,4100
2023,2023-01-01,23235,232351,愛知県,弥富市,city,23235,41596,1457,1620,1903,2054,2269,2153,2052,2278,2602,3279,3461,2648,2432,2128,2932,2464,1980,1192,513,155,24,3864,20635,724,789,994,1057,1179,1110,1086,1195,1379,1701,1837,1344,1221,1036,1335,1120,874,462,151,37,4,1528,20961,733,831,909,997,1090,1043,966,1083,1223,1578,1624,1304,1211,1092,1597,1344,1106,730,362,118,20,2336
2023,2023-01-01,23236,232360,愛知県,みよし市,city,23236,59049,2548,2950,3091,3423,3745,3452,3366,3635,3834,4750,5463,4287,3139,2519,2915,2560,1875,997,372,113,15,3372,30304,1298,1496,1628,1802,1945,1855,1807,1941,2073,2392,2777,2294,1690,1292,1395,1163,894,422,117,23,0,1456,28745,1250,1454,1463,1621,1800,1597,1559,1694,1761,2358,2686,1993,1449,1227,1520,1397,981,575,255,90,15,1916
2023,2023-01-01,23237,232378,愛知県,あま市,city,23237,86248,3417,3853,4127,4299,4370,4118,4270,4839,5404,7301,7491,5446,4357,4043,5901,5403,4305,2260,800,221,23,7609,42801,1779,2008,2099,2137,2188,2079,2206,2514,2809,3794,3988,2875,2215,1906,2635,2376,1950,930,271,40,2,3193,43447,1638,1845,2028,2162,2182,2039,2064,2325,2595,3507,3503,2571,2142,2137,3266,3027,2355,1330,529,181,21,4416
2023,2023-01-01,23238,232386,愛知県,長久手市,city,23238,59908,3166,3745,3775,3300,3282,3028,3529,4443,4850,5372,4769,3593,2755,2339,2701,2138,1618,949,437,111,8,3123,29667,1650,1869,1944,1650,1645,1506,1770,2219,2476,2683,2410,1836,1410,1095,1288,972,718,374,130,22,0,1244,30241,1516,1876,1831,1650,1637,1522,1759,2224,2374,2689,2359,1757,1345,1244,1413,1166,900,575,307,89,8,1879
2023,2023-01-01,23300,233005,愛知県,愛知郡,gun_agg,,42484,1791,2128,2421,2404,2341,1925,2063,2566,2875,3575,3794,2698,2001,1875,2630,2304,1715,886,378,103,11,3093,21315,946,1109,1213,1257,1194,1019,1081,1340,1479,1843,1980,1411,1024,880,1188,1052,814,328,139,16,2,1299,21169,845,1019,1208,1147,1147,906,982,1226,1396,1732,1814,1287,977,995,1442,1252,901,558,239,87,9,1794
2023,2023-01-01,23302,233021,愛知県,愛知郡東郷町,town,23302,42484,1791,2128,2421,2404,2341,1925,2063,2566,2875,3575,3794,2698,2001,1875,2630,2304,1715,886,378,103,11,3093,21315,946,1109,1213,1257,1194,1019,1081,1340,1479,1843,1980,1411,1024,880,1188,1052,814,328,139,16,2,1299,21169,845,1019,1208,1147,1147,906,982,1226,1396,1732,1814,1287,977,995,1442,1252,901,558,239,87,9,1794
2023,2023-01-01,23340,233404,愛知県,西春日井郡,gun_agg,,15406,640,784,894,764,810,830,916,1014,1123,1328,1234,927,678,637,934,819,645,306,100,19,4,1074,7880,323,390,453,401,397,435,492,547,598,735,672,526,352,315,428,369,295,120,29,2,1,447,7526,317,394,441,363,413,395,424,467,525,593,562,401,326,322,506,450,350,186,71,17,3,627
2023,2023-01-01,23342,233421,愛知県,西春日井郡豊山町,town,23342,15406,640,784,894,764,810,830,916,1014,1123,1328,1234,927,678,637,934,819,645,306,100,19,4,1074,7880,323,390,453,401,397,435,492,547,598,735,672,526,352,315,428,369,295,120,29,2,1,447,7526,317,394,441,363,413,395,424,467,525,593,562,401,326,322,506,450,350,186,71,17,3,627
2023,2023-01-01,23360,233609,愛知県,丹羽郡,gun_agg,,57875,2409,2866,2861,2910,2974,2958,3081,3515,3810,4634,4700,3636,2829,2700,3684,3221,2734,1513,646,171,23,5087,29029,1284,1455,1464,1482,1574,1672,1636,1845,2009,2401,2390,1872,1442,1269,1670,1456,1238,631,195,41,3,2108,28846,1125,1411,1397,1428,1400,1286,1445,1670,1801,2233,2310,1764,1387,1431,2014,1765,1496,882,451,130,20,2979
2023,2023-01-01,23361,233617,愛知県,丹羽郡大口町,town,23361,23487,1044,1269,1198,1218,1245,1315,1320,1507,1552,1825,1856,1455,1101,1077,1441,1190,1058,525,222,59,10,1874,11912,548,658,614,619,682,790,702,792,825,965,915,748,567,504,671,545,472,214,70,11,0,767,11575,496,611,584,599,563,525,618,715,727,860,941,707,534,573,770,645,586,311,152,48,10,1107
2023,2023-01-01,23362,233625,愛知県,丹羽郡扶桑町,town,23362,34388,1365,1597,1663,1692,1729,1643,1761,2008,2258,2809,2844,2181,1728,1623,2243,2031,1676,988,424,112,13,3213,17117,736,797,850,863,892,882,934,1053,1184,1436,1475,1124,875,765,999,911,766,417,125,30,3,1341,17271,629,800,813,829,837,761,827,955,1074,1373,1369,1057,853,858,1244,1120,910,571,299,82,10,1872
2023,2023-01-01,23420,234206,愛知県,海部郡,gun_agg,,72143,2837,3318,3581,3558,3459,3760,3754,4341,4654,6238,6180,4853,3856,3561,4676,3914,2974,1736,694,171,28,5603,36121,1464,1661,1829,1776,1785,1870,1929,2260,2476,3278,3277,2526,1993,1791,2195,1760,1316,705,198,30,2,2251,36022,1373,1657,1752,1782,1674,1890,1825,2081,2178,2960,2903,2327,1863,1770,2481,2154,1658,1031,496,141,26,3352
2023,2023-01-01,23424,234249,愛知県,海部郡大治町,town,23424,32455,1428,1710,1742,1745,1684,1760,1703,1987,2212,3000,2940,2110,1539,1341,1842,1622,1183,643,207,50,7,2090,16472,725,879,874,863,852,877,867,1033,1211,1608,1575,1145,805,690,848,736,545,269,62,8,0,884,15983,703,831,868,882,832,883,836,954,1001,1392,1365,965,734,651,994,886,638,374,145,42,7,1206
2023,2023-01-01,23425,234257,愛知県,海部郡蟹江町,town,23425,35396,1259,1398,1600,1581,1615,1885,1874,2105,2170,2899,2966,2516,2058,1922,2478,2006,1617,936,402,96,13,3064,17546,663,676,835,789,855,936,971,1093,1124,1497,1544,1271,1076,936,1177,891,699,383,111,18,1,1212,17850,596,722,765,792,760,949,903,1012,1046,1402,1422,1245,982,986,1301,1115,918,553,291,78,12,1852
2023,2023-01-01,23427,234273,愛知県,海部郡飛島村,village,23427,4292,150,210,239,232,160,115,177,249,272,339,274,227,259,298,356,286,174,157,85,25,8,449,2103,76,106,120,124,78,57,91,134,141,173,158,110,112,165,170,133,72,53,25,4,1,155,2189,74,104,119,108,82,58,86,115,131,166,116,117,147,133,186,153,102,104,60,21,7,294
2023,2023-01-01,23440,234401,愛知県,知多郡,gun_agg,,155341,5601,7076,7582,7445,7713,6811,7541,8866,9477,11603,11891,10127,9114,8691,11701,9434,7462,4609,1968,551,78,14668,77391,2877,3588,3834,3888,4012,3549,4025,4633,4994,6083,6201,5187,4570,4280,5488,4435,3271,1767,600,103,6,5747,77950,2724,3488,3748,3557,3701,3262,3516,4233,4483,5520,5690,4940,4544,4411,6213,4999,4191,2842,1368,448,72,8921
2023,2023-01-01,23441,234419,愛知県,知多郡阿久比町,town,23441,28021,1184,1775,1755,1273,1125,1040,1270,1946,2128,2172,1983,1459,1463,1423,1942,1614,1264,769,323,102,11,2469,13848,602,916,876,651,549,540,661,982,1112,1140,1056,742,687,719,890,743,558,297,107,20,0,982,14173,582,859,879,622,576,500,609,964,1016,1032,927,717,776,704,1052,871,706,472,216,82,11,1487
2023,2023-01-01,23442,234427,愛知県,知多郡東浦町,town,23442,48623,1940,2205,2356,2341,2576,2472,2606,2835,2980,3718,3892,3218,2637,2493,3412,2728,2231,1294,537,131,21,4214,24349,985,1128,1184,1185,1369,1250,1402,1496,1585,1946,2013,1673,1355,1196,1562,1317,969,533,170,30,1,1703,24274,955,1077,1172,1156,1207,1222,1204,1339,1395,1772,1879,1545,1282,1297,1850,1411,1262,761,367,101,20,2511
2023,2023-01-01,23445,234451,愛知県,知多郡南知多町,town,23445,15828,283,466,577,586,576,453,533,691,739,942,1047,1130,1323,1323,1617,1232,1020,766,398,111,15,2310,7739,152,218,288,323,306,241,276,365,400,490,563,583,684,679,785,565,421,267,112,16,5,821,8089,131,248,289,263,270,212,257,326,339,452,484,547,639,644,832,667,599,499,286,95,10,1489
2023,2023-01-01,23446,234460,愛知県,知多郡美浜町,town,23446,20728,516,716,811,1024,1132,819,825,894,1111,1408,1536,1599,1492,1395,1808,1375,1070,754,328,104,11,2267,10283,263,362,453,564,578,439,435,462,573,731,797,776,733,691,889,671,461,284,103,18,0,866,10445,253,354,358,460,554,380,390,432,538,677,739,823,759,704,919,704,609,470,225,86,11,1401
2023,2023-01-01,23447,234478,愛知県,知多郡武豊町,town,23447,42141,1678,1914,2083,2221,2304,2027,2307,2500,2519,3363,3433,2721,2199,2057,2922,2485,1877,1026,382,103,20,3408,21172,875,964,1033,1165,1210,1079,1251,1328,1324,1776,1772,1413,1111,995,1362,1139,862,386,108,19,0,1375,20969,803,950,1050,1056,1094,948,1056,1172,1195,1587,1661,1308,1088,1062,1560,1346,1015,640,274,84,20,2033
2023,2023-01-01,23500,235008,愛知県,額田郡,gun_agg,,41179,1941,2346,2413,2164,2112,2029,2471,2769,3042,3279,3059,2343,2015,1984,2523,1893,1389,829,422,135,21,2796,20861,994,1214,1256,1082,1150,1051,1324,1438,1612,1703,1603,1235,1003,959,1229,929,613,310,122,32,2,1079,20318,947,1132,1157,1082,962,978,1147,1331,1430,1576,1456,1108,1012,1025,1294,964,776,519,300,103,19,1717
2023,2023-01-01,23501,235016,愛知県,額田郡幸田町,town,23501,41179,1941,2346,2413,2164,2112,2029,2471,2769,3042,3279,3059,2343,2015,1984,2523,1893,1389,829,422,135,21,2796,20861,994,1214,1256,1082,1150,1051,1324,1438,1612,1703,1603,1235,1003,959,1229,929,613,310,122,32,2,1079,20318,947,1132,1157,1082,962,978,1147,1331,1430,1576,1456,1108,1012,1025,1294,964,776,519,300,103,19,1717
2023,2023-01-01,23560,235601,愛知県,北設楽郡,gun_agg,,8103,142,192,259,242,265,176,203,279,330,381,390,481,606,703,986,633,665,619,390,133,28,1835,3915,76,101,131,132,140,94,113,135,196,210,203,266,306,360,528,297,256,216,133,17,5,627,4188,66,91,128,110,125,82,90,144,134,171,187,215,300,343,458,336,409,403,257,116,23,1208
2023,2023-01-01,23561,235610,愛知県,北設楽郡設楽町,town,23561,4301,74,93,138,118,134,90,116,130,191,190,220,252,330,371,513,346,359,337,204,74,21,995,2076,34,48,65,67,61,54,63,61,122,109,113,139,167,193,265,168,145,123,66,9,4,347,2225,40,45,73,51,73,36,53,69,69,81,107,113,163,178,248,178,214,214,138,65,17,648
2023,2023-01-01,23562,235628,愛知県,北設楽郡東栄町,town,23562,2833,56,74,97,86,94,61,69,109,104,147,124,177,199,247,355,207,239,205,132,46,5,627,1368,35,40,54,49,54,27,44,50,57,82,63,98,96,124,195,95,84,69,45,6,1,205,1465,21,34,43,37,40,34,25,59,47,65,61,79,103,123,160,112,155,136,87,40,4,422
2023,2023-01-01,23563,235636,愛知県,北設楽郡豊根村,village,23563,969,12,25,24,38,37,25,18,40,35,44,46,52,77,85,118,80,67,77,54,13,2,213,471,7,13,12,16,25,13,6,24,17,19,27,29,43,43,68,34,27,24,22,2,0,75,498,5,12,12,22,12,12,12,16,18,25,19,23,34,42,50,46,40,53,32,11,2,138
2023,2023-01-01,24000,240001,三重県,,pref,,1715115,56862,68322,76425,79777,79792,76389,79623,91862,101529,127254,129241,112410,107169,107248,134124,104958,84366,58556,29395,8593,1220,182130,839729,29267,35078,39152,40744,41530,40916,41823,47910,52520,65206,65910,56363,52545,51894,63122,47799,35932,21581,8595,1708,134,67950,875386,27595,33244,37273,39033,38262,35473,37800,43952,49009,62048,63331,56047,54624,55354,71002,57159,48434,36975,20800,6885,1086,114180
2023,2023-01-01,24201,242012,三重県,津市,city,24201,263201,8950,10605,11727,12251,12426,11699,12182,14167,15486,19307,19750,16964,16565,16188,20040,16008,13069,9427,4879,1331,180,28886,127721,4683,5590,5921,6280,6485,6003,6285,7182,7913,9746,10001,8421,8048,7917,9344,7164,5481,3475,1495,262,25,10738,135480,4267,5015,5806,5971,5941,5696,5897,6985,7573,9561,9749,8543,8517,8271,10696,8844,7588,5952,3384,1069,155,18148
2023,2023-01-01,24202,242021,三重県,四日市市,city,24202,298513,10787,12115,13180,13869,15386,16890,16039,16789,18379,23473,23985,20181,17487,16211,20391,16720,13320,8361,3829,998,123,26631,150063,5621,6111,6796,7123,8156,9597,8659,9100,9709,12411,12510,10403,8735,7914,9444,7569,5678,3205,1092,217,13,10205,148450,5166,6004,6384,6746,7230,7293,7380,7689,8670,11062,11475,9778,8752,8297,10947,9151,7642,5156,2737,781,110,16426
2023,2023-01-01,24203,242039,三重県,伊勢市,city,24203,120625,3929,4536,5163,5495,5398,4837,5311,6247,6806,8397,8895,8094,7906,8008,9780,7396,6377,4854,2437,656,103,14427,57271,2006,2329,2637,2811,2751,2478,2776,3112,3354,4203,4298,3813,3780,3815,4573,3301,2621,1729,751,127,6,5234,63354,1923,2207,2526,2684,2647,2359,2535,3135,3452,4194,4597,4281,4126,4193,5207,4095,3756,3125,1686,529,97,9193
2023,2023-01-01,24204,242047,三重県,松阪市,city,24204,154325,5141,6187,7067,7100,6714,6384,7137,8250,9061,11492,11514,10141,9993,9956,12030,9291,7402,5536,2930,875,124,16867,74516,2598,3201,3674,3669,3370,3281,3679,4245,4604,5778,5763,4978,4819,4833,5644,4183,3123,2031,864,167,12,6197,79809,2543,2986,3393,3431,3344,3103,3458,4005,4457,5714,5751,5163,5174,5123,6386,5108,4279,3505,2066,708,112,10670
2023,2023-01-01,24205,242055,三重県,桑名市,city,24205,134517,4460,5806,6511,6705,6670,6002,6232,7557,8571,10655,10641,9059,8119,7726,9861,7714,6002,3871,1776,507,72,12228,66304,2284,3013,3312,3344,3417,3164,3263,3957,4374,5411,5421,4672,3966,3697,4684,3579,2619,1497,521,102,7,4746,68213,2176,2793,3199,3361,3253,2838,2969,3600,4197,5244,5220,4387,4153,4029,5177,4135,3383,2374,1255,405,65,7482
2023,2023-01-01,24207,242071,三重県,鈴鹿市,city,24207,187394,6491,7647,8792,9436,9865,9322,9288,10360,11411,15022,15822,12888,10943,10466,13198,10740,7911,4869,2186,646,91,15703,93462,3293,3863,4481,4804,5040,5018,4891,5532,5962,7678,8172,6680,5590,5065,6197,5046,3515,1812,668,139,16,6150,93932,3198,3784,4311,4632,4825,4304,4397,4828,5449,7344,7650,6208,5353,5401,7001,5694,4396,3057,1518,507,75,9553
2023,2023-01-01,24208,242080,三重県,名張市,city,24208,75069,2233,3031,3417,3372,3006,2714,3210,4135,4614,5412,5062,4401,4940,5572,7150,5265,3821,2257,1063,345,49,7535,36234,1156,1511,1734,1681,1578,1398,1654,2112,2336,2697,2508,2073,2300,2680,3404,2436,1719,852,330,71,4,2976,38835,1077,1520,1683,1691,1428,1316,1556,2023,2278,2715,2554,2328,2640,2892,3746,2829,2102,1405,733,274,45,4559
2023,2023-01-01,24209,242098,三重県,尾鷲市,city,24209,16090,325,402,551,579,495,509,437,608,670,886,1065,1032,1156,1283,1661,1437,1390,957,472,154,21,2994,7455,155,198,277,293,279,274,244,317,345,442,537,500,560,602,767,595,564,353,128,22,3,1070,8635,170,204,274,286,216,235,193,291,325,444,528,532,596,681,894,842,826,604,344,132,18,1924
2023,2023-01-01,24210,242101,三重県,亀山市,city,24210,47266,1792,2234,2426,2267,2114,2065,2369,3020,3130,3607,3412,2729,2723,2926,3478,2654,1936,1344,788,223,29,4320,23824,939,1195,1231,1175,1119,1147,1232,1600,1669,1944,1848,1418,1297,1417,1702,1260,888,481,214,45,3,1631,23442,853,1039,1195,1092,995,918,1137,1420,1461,1663,1564,1311,1426,1509,1776,1394,1048,863,574,178,26,2689
2023,2023-01-01,24211,242110,三重県,鳥羽市,city,24211,16901,380,491,554,691,671,543,583,686,785,969,1057,1196,1368,1486,1736,1208,1037,821,467,150,22,2497,8016,209,260,307,361,342,299,304,353,400,469,516,576,690,702,839,548,406,273,134,25,3,841,8885,171,231,247,330,329,244,279,333,385,500,541,620,678,784,897,660,631,548,333,125,19,1656
2023,2023-01-01,24212,242128,三重県,熊野市,city,24212,15631,359,519,536,599,468,417,443,616,729,911,931,987,1143,1254,1604,1253,1159,957,536,175,35,2862,7217,173,259,265,312,233,214,210,320,368,467,470,492,557,606,770,540,468,311,152,29,1,961,8414,186,260,271,287,235,203,233,296,361,444,461,495,586,648,834,713,691,646,384,146,34,1901
2023,2023-01-01,24214,242144,三重県,いなべ市,city,24214,42613,1568,1724,1903,2106,2285,2032,2146,2325,2651,3111,3019,2774,2620,2692,3198,2425,1913,1255,640,202,24,4034,21663,806,881,1014,1134,1297,1089,1187,1261,1478,1707,1587,1430,1332,1319,1506,1135,835,460,167,37,1,1500,20950,762,843,889,972,988,943,959,1064,1173,1404,1432,1344,1288,1373,1692,1290,1078,795,473,165,23,2534
2023,2023-01-01,24215,242152,三重県,志摩市,city,24215,45703,923,1287,1534,1675,1612,1377,1412,1745,2089,2933,3295,3358,3499,3620,4526,3663,3083,2453,1229,341,49,7155,21379,476,647,777,856,792,701,746,866,1087,1452,1624,1623,1706,1719,2111,1657,1270,870,335,61,3,2539,24324,447,640,757,819,820,676,666,879,1002,1481,1671,1735,1793,1901,2415,2006,1813,1583,894,280,46,4616
2023,2023-01-01,24216,242161,三重県,伊賀市,city,24216,81545,2367,2866,3336,3652,3548,3295,3570,4161,4570,5514,5404,4882,5322,5885,7316,5338,4493,3411,1887,651,77,10519,39718,1244,1434,1677,1901,1936,1848,1918,2202,2387,2858,2805,2368,2576,2900,3495,2496,1854,1189,489,135,6,3673,41827,1123,1432,1659,1751,1612,1447,1652,1959,2183,2656,2599,2514,2746,2985,3821,2842,2639,2222,1398,516,71,6846
2023,2023-01-01,24300,243001,三重県,桑名郡,gun_agg,,5472,114,154,217,247,225,192,196,242,313,418,407,370,396,377,551,447,342,174,64,23,3,606,2741,61,75,110,125,126,100,106,134,169,213,226,190,199,174,269,203,165,70,23,3,0,261,2731,53,79,107,122,99,92,90,108,144,205,181,180,197,203,282,244,177,104,41,20,3,345
2023,2023-01-01,24303,243035,三重県,桑名郡木曽岬町,town,24303,5472,114,154,217,247,225,192,196,242,313,418,407,370,396,377,551,447,342,174,64,23,3,606,2741,61,75,110,125,126,100,106,134,169,213,226,190,199,174,269,203,165,70,23,3,0,261,2731,53,79,107,122,99,92,90,108,144,205,181,180,197,203,282,244,177,104,41,20,3,345
2023,2023-01-01,24320,243205,三重県,員弁郡,gun_agg,,25200,1073,1205,1238,1132,1042,902,1321,1592,1548,1827,1486,1354,1518,1808,2413,1733,1081,556,280,79,12,2008,12358,545,625,644,529,546,455,647,807,844,961,751,640,691,856,1098,866,567,203,62,20,1,853,12842,528,580,594,603,496,447,674,785,704,866,735,714,827,952,1315,867,514,353,218,59,11,1155
2023,2023-01-01,24324,243248,三重県,員弁郡東員町,town,24324,25200,1073,1205,1238,1132,1042,902,1321,1592,1548,1827,1486,1354,1518,1808,2413,1733,1081,556,280,79,12,2008,12358,545,625,644,529,546,455,647,807,844,961,751,640,691,856,1098,866,567,203,62,20,1,853,12842,528,580,594,603,496,447,674,785,704,866,735,714,827,952,1315,867,514,353,218,59,11,1155
2023,2023-01-01,24340,243400,三重県,三重郡,gun_agg,,66037,2753,3233,3575,3510,3386,3381,3455,3853,4480,5597,5448,4268,3362,3091,3969,3347,2668,1671,734,226,30,5329,32868,1339,1709,1797,1823,1711,1847,1791,1958,2323,2860,2911,2211,1722,1457,1870,1495,1182,609,209,42,2,2044,33169,1414,1524,1778,1687,1675,1534,1664,1895,2157,2737,2537,2057,1640,1634,2099,1852,1486,1062,525,184,28,3285
2023,2023-01-01,24341,243418,三重県,三重郡菰野町,town,24341,40182,1540,1944,2014,1953,1986,1810,1922,2275,2528,3119,3303,2735,2237,2178,2741,2302,1797,1072,536,171,19,3595,19789,762,1010,1015,986,985,972,1007,1161,1312,1569,1742,1396,1136,1040,1297,1026,813,387,142,29,2,1373,20393,778,934,999,967,1001,838,915,1114,1216,1550,1561,1339,1101,1138,1444,1276,984,685,394,142,17,2222
2023,2023-01-01,24343,243434,三重県,三重郡朝日町,town,24343,10916,530,581,783,846,536,462,541,594,935,1198,930,546,406,344,482,463,367,258,87,22,5,739,5404,248,298,383,442,280,245,265,300,470,607,495,303,199,151,205,214,160,103,28,8,0,299,5512,282,283,400,404,256,217,276,294,465,591,435,243,207,193,277,249,207,155,59,14,5,440
2023,2023-01-01,24344,243442,三重県,三重郡川越町,town,24344,14939,683,708,778,711,864,1109,992,984,1017,1280,1215,987,719,569,746,582,504,341,111,33,6,995,7675,329,401,399,395,446,630,519,497,541,684,674,512,387,266,368,255,209,119,39,5,0,372,7264,354,307,379,316,418,479,473,487,476,596,541,475,332,303,378,327,295,222,72,28,6,623
2023,2023-01-01,24440,244406,三重県,多気郡,gun_agg,,44997,1516,1858,1964,2133,1808,1645,1892,2384,2619,3126,3038,2675,2951,3116,3887,2830,2213,1832,1099,352,59,5555,21631,781,931,1018,1075,933,828,967,1219,1318,1602,1494,1344,1463,1448,1877,1294,933,667,352,73,14,2039,23366,735,927,946,1058,875,817,925,1165,1301,1524,1544,1331,1488,1668,2010,1536,1280,1165,747,279,45,3516
2023,2023-01-01,24441,244414,三重県,多気郡多気町,town,24441,13838,421,581,636,719,530,434,547,746,815,963,953,836,922,990,1194,832,680,595,327,98,19,1719,6688,218,294,335,364,279,225,282,381,398,494,467,430,465,459,592,376,279,223,107,16,4,629,7150,203,287,301,355,251,209,265,365,417,469,486,406,457,531,602,456,401,372,220,82,15,1090
2023,2023-01-01,24442,244422,三重県,多気郡明和町,town,24442,22672,895,1015,1038,1039,991,947,1070,1296,1395,1653,1616,1334,1417,1478,1797,1344,965,781,437,143,21,2347,10885,466,506,547,516,493,460,532,667,702,857,803,646,684,686,846,620,407,284,127,30,6,854,11787,429,509,491,523,498,487,538,629,693,796,813,688,733,792,951,724,558,497,310,113,15,1493
2023,2023-01-01,24443,244431,三重県,多気郡大台町,town,24443,8487,200,262,290,375,287,264,275,342,409,510,469,505,612,648,896,654,568,456,335,111,19,1489,4058,97,131,136,195,161,143,153,171,218,251,224,268,314,303,439,298,247,160,118,27,4,556,4429,103,131,154,180,126,121,122,171,191,259,245,237,298,345,457,356,321,296,217,84,15,933
2023,2023-01-01,24460,244601,三重県,度会郡,gun_agg,,41483,999,1379,1554,1652,1581,1283,1414,1855,2018,2578,2778,2821,2827,3051,3953,2987,2943,2222,1179,348,61,6753,19934,535,717,850,816,834,715,736,990,1049,1266,1382,1444,1391,1495,1931,1308,1164,860,363,78,10,2475,21549,464,662,704,836,747,568,678,865,969,1312,1396,1377,1436,1556,2022,1679,1779,1362,816,270,51,4278
2023,2023-01-01,24461,244619,三重県,度会郡玉城町,town,24461,15036,548,738,770,800,713,593,695,912,955,1121,1109,1009,853,889,1115,774,645,464,244,75,14,1442,7314,294,368,417,392,355,328,348,480,484,548,551,492,410,421,534,358,274,171,74,13,2,534,7722,254,370,353,408,358,265,347,432,471,573,558,517,443,468,581,416,371,293,170,62,12,908
2023,2023-01-01,24470,244708,三重県,度会郡度会町,town,24470,7756,204,283,335,326,329,252,284,373,435,502,535,527,559,611,746,492,414,302,177,60,10,963,3801,108,165,187,159,166,133,150,197,232,247,263,285,257,302,382,222,161,118,51,13,3,346,3955,96,118,148,167,163,119,134,176,203,255,272,242,302,309,364,270,253,184,126,47,7,617
2023,2023-01-01,24471,244716,三重県,度会郡大紀町,town,24471,7546,91,165,226,257,241,150,160,254,305,423,467,464,548,645,846,698,675,527,304,86,14,1606,3602,58,92,122,124,146,89,83,137,159,208,229,229,276,312,410,313,279,215,96,24,1,615,3944,33,73,104,133,95,61,77,117,146,215,238,235,272,333,436,385,396,312,208,62,13,991
2023,2023-01-01,24472,244724,三重県,度会郡南伊勢町,town,24472,11145,156,193,223,269,298,288,275,316,323,532,667,821,867,906,1246,1023,1209,929,454,127,23,2742,5217,75,92,124,141,167,165,155,176,174,263,339,438,448,460,605,415,450,356,142,28,4,980,5928,81,101,99,128,131,123,120,140,149,269,328,383,419,446,641,608,759,573,312,99,19,1762
2023,2023-01-01,24540,245402,三重県,北牟婁郡,gun_agg,,14145,226,364,426,519,454,348,384,482,622,773,1039,997,1015,1169,1512,1221,1156,836,441,131,30,2594,6650,125,184,229,242,238,180,210,255,331,405,505,482,494,576,736,538,457,323,112,27,1,920,7495,101,180,197,277,216,168,174,227,291,368,534,515,521,593,776,683,699,513,329,104,29,1674
2023,2023-01-01,24543,245437,三重県,北牟婁郡紀北町,town,24543,14145,226,364,426,519,454,348,384,482,622,773,1039,997,1015,1169,1512,1221,1156,836,441,131,30,2594,6650,125,184,229,242,238,180,210,255,331,405,505,482,494,576,736,538,457,323,112,27,1,920,7495,101,180,197,277,216,168,174,227,291,368,534,515,521,593,776,683,699,513,329,104,29,1674
2023,2023-01-01,24560,245607,三重県,南牟婁郡,gun_agg,,18388,476,679,754,787,638,552,602,788,977,1246,1193,1239,1316,1363,1870,1281,1050,892,479,180,26,2627,8704,238,345,401,390,347,280,318,388,500,636,581,605,629,702,861,586,423,311,134,26,3,897,9684,238,334,353,397,291,272,284,400,477,610,612,634,687,661,1009,695,627,581,345,154,23,1730
2023,2023-01-01,24561,245615,三重県,南牟婁郡御浜町,town,24561,8043,176,272,332,360,275,202,224,318,405,522,525,577,598,613,832,570,470,458,219,85,10,1242,3803,89,139,169,181,154,109,118,167,196,271,250,284,294,316,390,268,181,154,59,12,2,408,4240,87,133,163,179,121,93,106,151,209,251,275,293,304,297,442,302,289,304,160,73,8,834
2023,2023-01-01,24562,245623,三重県,南牟婁郡紀宝町,town,24562,10345,300,407,422,427,363,350,378,470,572,724,668,662,718,750,1038,711,580,434,260,95,16,1385,4901,149,206,232,209,193,171,200,221,304,365,331,321,335,386,471,318,242,157,75,14,1,489,5444,151,201,190,218,170,179,178,249,268,359,337,341,383,364,567,393,338,277,185,81,15,896
2023,2023-01-01,25000,250007,滋賀県,,pref,,1377812,53561,63559,68653,69415,69872,64695,68988,81090,89651,105803,103064,86022,80298,79246,98910,73722,56438,38341,19643,5968,873,121263,679007,27576,32682,35211,35883,36564,33763,35671,41532,45537,53559,52387,43003,39339,38662,47141,34202,24829,14422,5738,1211,95,46295,698805,25985,30877,33442,33532,33308,30932,33317,39558,44114,52244,50677,43019,40959,40584,51769,39520,31609,23919,13905,4757,778,74968
2023,2023-01-01,25201,252018,滋賀県,大津市,city,25201,339642,13020,15549,16251,16685,16709,15129,16603,19320,21389,25904,26603,22503,20662,19672,24831,18888,14295,9285,4806,1359,179,29924,163672,6681,7913,8331,8501,8500,7408,8197,9636,10470,12725,13133,10941,10063,9455,11749,8652,6197,3441,1380,273,26,11317,175970,6339,7636,7920,8184,8209,7721,8406,9684,10919,13179,13470,11562,10599,10217,13082,10236,8098,5844,3426,1086,153,18607
2023,2023-01-01,25202,252026,滋賀県,彦根市,city,25202,108502,3906,4816,5295,5429,6027,5336,5582,6446,6940,8449,8202,6871,6587,6265,7400,5513,4264,3136,1529,439,70,9438,54146,2008,2485,2758,2821,3314,2902,2998,3375,3573,4332,4179,3451,3208,3048,3599,2505,1833,1191,462,98,6,3590,54356,1898,2331,2537,2608,2713,2434,2584,3071,3367,4117,4023,3420,3379,3217,3801,3008,2431,1945,1067,341,64,5848
2023,2023-01-01,25203,252034,滋賀県,長浜市,city,25203,111100,3894,4745,5218,5592,5610,4971,5104,6143,6768,8253,8011,6909,6776,6730,8399,6135,5261,3831,1939,711,100,11842,54398,1977,2434,2719,2879,2920,2635,2671,3209,3455,4229,4079,3470,3240,3296,4016,2809,2182,1421,594,155,8,4360,56702,1917,2311,2499,2713,2690,2336,2433,2934,3313,4024,3932,3439,3536,3434,4383,3326,3079,2410,1345,556,92,7482
2023,2023-01-01,25204,252042,滋賀県,近江八幡市,city,25204,80213,3181,3816,4045,3922,3615,3668,4186,4876,5362,5887,5723,4681,4505,4750,6223,4511,3525,2310,1032,336,59,7262,39313,1601,1951,2051,1988,1863,1887,2186,2479,2768,2959,2928,2321,2152,2301,3015,2086,1560,868,285,57,7,2777,40900,1580,1865,1994,1934,1752,1781,2000,2397,2594,2928,2795,2360,2353,2449,3208,2425,1965,1442,747,279,52,4485
2023,2023-01-01,25206,252069,滋賀県,草津市,city,25206,135047,5973,6975,7083,6920,7541,7287,7136,8648,9924,11168,10690,8277,6577,6289,8357,6650,4845,2892,1322,414,79,9552,67455,3137,3614,3543,3648,4032,3850,3652,4358,5034,5698,5372,4304,3348,2978,3840,3091,2312,1134,425,77,8,3956,67592,2836,3361,3540,3272,3509,3437,3484,4290,4890,5470,5318,3973,3229,3311,4517,3559,2533,1758,897,337,71,5596
2023,2023-01-01,25207,252077,滋賀県,守山市,city,25207,84544,4034,4605,5090,4782,4246,3963,4582,5499,6084,7203,6519,4917,4168,4027,5099,3902,2815,1823,910,241,35,5824,41632,2025,2386,2600,2457,2097,2024,2301,2762,3008,3616,3328,2503,2068,1913,2361,1837,1307,703,279,51,6,2346,42912,2009,2219,2490,2325,2149,1939,2281,2737,3076,3587,3191,2414,2100,2114,2738,2065,1508,1120,631,190,29,3478
2023,2023-01-01,25208,252085,滋賀県,栗東市,city,25208,69105,3546,3546,3765,4055,3754,4202,4324,4476,4967,6154,5700,4097,3099,2843,3715,2872,2083,1193,555,145,14,3990,34363,1826,1804,1908,2096,1917,2166,2197,2284,2564,3039,2897,2107,1519,1421,1677,1315,953,477,162,32,2,1626,34742,1720,1742,1857,1959,1837,2036,2127,2192,2403,3115,2803,1990,1580,1422,2038,1557,1130,716,393,113,12,2364
2023,2023-01-01,25209,252093,滋賀県,甲賀市,city,25209,84896,2891,3507,4019,4223,4275,3752,4038,4613,5167,6225,5948,5334,5537,5528,6655,4623,3788,2740,1526,440,67,8561,42261,1500,1827,2103,2231,2241,1981,2137,2463,2614,3251,3083,2684,2736,2780,3271,2135,1660,1060,406,93,5,3224,42635,1391,1680,1916,1992,2034,1771,1901,2150,2553,2974,2865,2650,2801,2748,3384,2488,2128,1680,1120,347,62,5337
2023,2023-01-01,25210,252107,滋賀県,野洲市,city,25210,49827,2010,2333,2549,2498,2448,2431,2437,2977,3271,4021,3737,3003,2649,2747,3590,2988,2046,1264,604,206,18,4138,24841,1036,1273,1293,1338,1281,1329,1301,1540,1657,2033,1917,1498,1272,1321,1647,1422,957,500,184,41,1,1683,24986,974,1060,1256,1160,1167,1102,1136,1437,1614,1988,1820,1505,1377,1426,1943,1566,1089,764,420,165,17,2455
2023,2023-01-01,25211,252115,滋賀県,湖南市,city,25211,51093,1850,2300,2451,2405,2640,2427,2770,3139,3391,3887,3834,3108,3125,3289,3928,2768,1901,1138,573,151,18,3781,26378,956,1203,1266,1289,1463,1364,1563,1670,1854,2082,2120,1606,1503,1642,1930,1345,878,435,168,38,3,1522,24715,894,1097,1185,1116,1177,1063,1207,1469,1537,1805,1714,1502,1622,1647,1998,1423,1023,703,405,113,15,2259
2023,2023-01-01,25212,252123,滋賀県,高島市,city,25212,45752,1324,1541,1872,1981,2005,1701,1837,2245,2460,2895,3077,2930,3222,3418,4236,2941,2544,1953,1146,358,66,6067,22349,717,791,994,1022,1101,919,995,1192,1248,1425,1566,1446,1595,1705,2094,1329,1062,735,346,60,7,2210,23403,607,750,878,959,904,782,842,1053,1212,1470,1511,1484,1627,1713,2142,1612,1482,1218,800,298,59,3857
2023,2023-01-01,25213,252131,滋賀県,東近江市,city,25213,108162,4001,4813,5419,5404,5554,5093,5360,6273,7042,7988,7755,6765,6429,6597,8100,5864,4310,3071,1698,549,77,9705,53738,2035,2446,2807,2759,2871,2693,2858,3273,3654,4147,4022,3429,3195,3262,3873,2794,1905,1111,491,107,6,3620,54424,1966,2367,2612,2645,2683,2400,2502,3000,3388,3841,3733,3336,3234,3335,4227,3070,2405,1960,1207,442,71,6085
2023,2023-01-01,25214,252140,滋賀県,米原市,city,25214,37205,1319,1643,1762,1739,1816,1579,1722,2085,2236,2546,2550,2389,2515,2369,2665,2084,1750,1399,762,236,39,4186,18214,714,854,882,901,972,830,873,1045,1174,1302,1296,1129,1267,1197,1302,963,730,516,209,53,5,1513,18991,605,789,880,838,844,749,849,1040,1062,1244,1254,1260,1248,1172,1363,1121,1020,883,553,183,34,2673
2023,2023-01-01,25380,253804,滋賀県,蒲生郡,gun_agg,,31540,1051,1315,1514,1571,1551,1326,1387,1819,1950,2147,1949,1973,2110,2214,2643,1812,1348,1086,581,170,23,3208,15924,557,667,779,858,932,767,747,962,1054,1120,1004,971,1036,1104,1288,881,610,378,167,41,1,1197,15616,494,648,735,713,619,559,640,857,896,1027,945,1002,1074,1110,1355,931,738,708,414,129,22,2011
2023,2023-01-01,25383,253839,滋賀県,蒲生郡日野町,town,25383,20161,673,838,918,935,898,874,909,1168,1235,1385,1251,1244,1358,1390,1665,1196,905,755,429,116,19,2224,10033,350,427,476,468,484,492,492,614,662,730,652,613,670,696,807,585,405,271,110,28,1,815,10128,323,411,442,467,414,382,417,554,573,655,599,631,688,694,858,611,500,484,319,88,18,1409
2023,2023-01-01,25384,253847,滋賀県,蒲生郡竜王町,town,25384,11379,378,477,596,636,653,452,478,651,715,762,698,729,752,824,978,616,443,331,152,54,4,984,5891,207,240,303,390,448,275,255,348,392,390,352,358,366,408,481,296,205,107,57,13,0,382,5488,171,237,293,246,205,177,223,303,323,372,346,371,386,416,497,320,238,224,95,41,4,602
2023,2023-01-01,25420,254207,滋賀県,愛知郡,gun_agg,,20271,799,1081,1276,1146,1115,1048,1014,1353,1443,1633,1394,1089,1069,1054,1279,937,679,528,239,83,12,1541,10137,405,531,651,576,580,592,515,694,757,847,745,557,533,515,631,429,301,187,73,16,2,579,10134,394,550,625,570,535,456,499,659,686,786,649,532,536,539,648,508,378,341,166,67,10,962
2023,2023-01-01,25425,254258,滋賀県,愛知郡愛荘町,town,25425,20271,799,1081,1276,1146,1115,1048,1014,1353,1443,1633,1394,1089,1069,1054,1279,937,679,528,239,83,12,1541,10137,405,531,651,576,580,592,515,694,757,847,745,557,533,515,631,429,301,187,73,16,2,579,10134,394,550,625,570,535,456,499,659,686,786,649,532,536,539,648,508,378,341,166,67,10,962
2023,2023-01-01,25440,254401,滋賀県,犬上郡,gun_agg,,20913,762,974,1044,1063,966,782,906,1178,1257,1443,1372,1176,1268,1454,1790,1234,984,692,421,130,17,2244,10186,401,503,526,519,480,416,480,590,653,754,718,586,604,724,848,609,382,265,107,19,2,775,10727,361,471,518,544,486,366,426,588,604,689,654,590,664,730,942,625,602,427,314,111,15,1469
2023,2023-01-01,25441,254410,滋賀県,犬上郡豊郷町,town,25441,6975,244,339,421,387,360,286,316,420,450,532,468,354,412,476,559,374,260,171,104,36,6,577,3412,132,170,206,172,171,157,172,209,224,287,254,189,182,235,262,192,103,66,24,5,0,198,3563,112,169,215,215,189,129,144,211,226,245,214,165,230,241,297,182,157,105,80,31,6,379
2023,2023-01-01,25442,254428,滋賀県,犬上郡甲良町,town,25442,6517,172,244,294,332,304,245,244,315,352,464,465,402,444,469,587,438,336,242,130,32,6,746,3162,92,132,153,169,162,133,129,158,193,230,244,196,211,238,272,206,127,79,31,6,1,244,3355,80,112,141,163,142,112,115,157,159,234,221,206,233,231,315,232,209,163,99,26,5,502
2023,2023-01-01,25443,254436,滋賀県,犬上郡多賀町,town,25443,7421,346,391,329,344,302,251,346,443,455,447,439,420,412,509,644,422,388,279,187,62,5,921,3612,177,201,167,178,147,126,179,223,236,237,220,201,211,251,314,211,152,120,52,8,1,333,3809,169,190,162,166,155,125,167,220,219,210,219,219,201,258,330,211,236,159,135,54,4,588
2023,2023-01-01,26000,260002,京都府,,pref,,2433882,81383,97071,104933,113057,127077,114150,114161,131476,149165,186767,189613,158322,140380,135478,187244,150643,119552,80468,39169,11795,1978,252962,1163371,41694,49815,53947,57882,64978,56892,56724,65203,73688,92359,93923,77441,68390,64414,85807,66763,50016,29618,11282,2332,203,93451,1270511,39689,47256,50986,55175,62099,57258,57437,66273,75477,94408,95690,80881,71990,71064,101437,83880,69536,50850,27887,9463,1775,159511
2023,2023-01-01,26100,261009,京都府,京都市,city_agg,,1334896,43121,50531,53721,58463,74146,70386,67072,73851,83246,102567,105652,89773,76959,70926,97514,79340,64752,44281,21215,6285,1095,137628,630212,22097,25989,27568,29741,37178,34356,32737,36017,40504,49932,51530,43490,37313,33611,44595,34307,26164,15829,5931,1213,110,49247,704684,21024,24542,26153,28722,36968,36030,34335,37834,42742,52635,54122,46283,39646,37315,52919,45033,38588,28452,15284,5072,985,88381
2023,2023-01-01,26101,261017,京都府,京都市北区,ward,26100,105112,3174,4062,4303,4971,6137,4315,4351,5106,6106,7705,8169,7517,6635,6023,7941,6486,5339,3962,2032,649,129,12111,49340,1612,2095,2164,2538,3299,2136,2102,2457,2954,3716,3927,3606,3195,2889,3629,2801,2095,1378,599,136,12,4220,55772,1562,1967,2139,2433,2838,2179,2249,2649,3152,3989,4242,3911,3440,3134,4312,3685,3244,2584,1433,513,117,7891
2023,2023-01-01,26102,261025,京都府,京都市上京区,ward,26100,71722,1819,2443,2716,3322,4770,3741,3425,3712,4527,5401,5500,4816,4185,3731,4965,4120,3701,2803,1455,481,89,8529,32602,884,1270,1383,1683,2294,1713,1603,1723,2082,2555,2511,2273,1969,1763,2284,1708,1441,950,408,96,9,2904,39120,935,1173,1333,1639,2476,2028,1822,1989,2445,2846,2989,2543,2216,1968,2681,2412,2260,1853,1047,385,80,5625
2023,2023-01-01,26103,261033,京都府,京都市左京区,ward,26100,143944,4562,5823,6105,6501,8942,6300,6257,7477,8804,10675,10819,9440,8532,8076,10754,8862,7072,5168,2729,895,151,16015,67584,2269,2948,3120,3343,4846,3169,3046,3643,4159,5091,5180,4474,4042,3833,4933,3770,2926,1895,731,148,18,5718,76360,2293,2875,2985,3158,4096,3131,3211,3834,4645,5584,5639,4966,4490,4243,5821,5092,4146,3273,1998,747,133,10297
2023,2023-01-01,26104,261041,京都府,京都市中京区,ward,26100,101457,3205,3883,3937,3897,5357,6240,5793,6477,7300,8297,8233,6854,5799,5062,6376,5073,4291,3196,1629,473,85,9674,46108,1658,1971,1997,1904,2571,2887,2632,2968,3319,3791,3868,3174,2738,2337,2905,2160,1636,1045,437,101,9,3228,55349,1547,1912,1940,1993,2786,3353,3161,3509,3981,4506,4365,3680,3061,2725,3471,2913,2655,2151,1192,372,76,6446
2023,2023-01-01,26105,261050,京都府,京都市東山区,ward,26100,31895,695,937,955,1152,1745,1646,1556,1710,1935,2215,2253,2121,1983,1786,2600,2208,1919,1446,756,232,45,4398,14339,371,509,512,532,718,745,734,834,909,1087,1099,970,977,839,1158,957,698,461,180,46,3,1388,17556,324,428,443,620,1027,901,822,876,1026,1128,1154,1151,1006,947,1442,1251,1221,985,576,186,42,3010
2023,2023-01-01,26106,261068,京都府,京都市下京区,ward,26100,73379,2283,2628,2555,2556,4177,5291,4936,5181,5495,6161,5788,4671,3917,3344,4147,3538,2931,2275,1128,317,60,6711,33808,1178,1364,1332,1309,1896,2475,2297,2416,2566,2873,2789,2207,1884,1560,1865,1516,1125,784,296,71,5,2281,39571,1105,1264,1223,1247,2281,2816,2639,2765,2929,3288,2999,2464,2033,1784,2282,2022,1806,1491,832,246,55,4430
2023,2023-01-01,26107,261076,京都府,京都市南区,ward,26100,94126,3477,3584,3628,3765,5095,6738,6113,6018,6002,7056,7109,6134,5099,4739,6552,4889,3957,2591,1194,350,36,8128,46631,1768,1777,1908,1952,2577,3528,3213,3139,3106,3614,3674,3117,2583,2400,3150,2313,1538,893,319,61,1,2812,47495,1709,1807,1720,1813,2518,3210,2900,2879,2896,3442,3435,3017,2516,2339,3402,2576,2419,1698,875,289,35,5316
2023,2023-01-01,26108,261084,京都府,京都市右京区,ward,26100,186439,6299,7157,7520,8196,9572,9336,9393,10348,11486,14371,14908,12800,10981,9866,13421,10994,9449,6384,2963,822,173,19791,88074,3265,3692,3893,4158,4712,4520,4503,5041,5648,7083,7374,6155,5399,4668,6156,4657,3814,2336,835,152,13,7150,98365,3034,3465,3627,4038,4860,4816,4890,5307,5838,7288,7534,6645,5582,5198,7265,6337,5635,4048,2128,670,160,12641
2023,2023-01-01,26109,261092,京都府,京都市伏見区,ward,26100,258857,8596,9535,10585,11811,14092,13611,12462,13749,15727,20048,20999,17494,14627,14139,20196,15909,12392,8132,3587,1018,148,25277,124264,4456,4911,5444,5989,7206,6769,6247,6977,7993,10018,10479,8697,7140,6644,9204,6939,5007,2905,1026,196,17,9151,134593,4140,4624,5141,5822,6886,6842,6215,6772,7734,10030,10520,8797,7487,7495,10992,8970,7385,5227,2561,822,131,16126
2023,2023-01-01,26110,261106,京都府,京都市山科区,ward,26100,125353,3874,4397,4958,5442,6643,6332,5958,6345,7340,9853,10339,8452,6900,6380,10086,8613,6862,4184,1809,501,85,13441,59402,1999,2273,2528,2753,3210,3082,2994,3093,3611,4864,5064,4182,3417,3028,4525,3723,2863,1579,502,102,10,5056,65951,1875,2124,2430,2689,3433,3250,2964,3252,3729,4989,5275,4270,3483,3352,5561,4890,3999,2605,1307,399,75,8385
2023,2023-01-01,26111,261114,京都府,京都市西京区,ward,26100,142612,5137,6082,6459,6850,7616,6836,6828,7728,8524,10785,11535,9474,8301,7780,10476,8648,6839,4140,1933,547,94,13553,68060,2637,3179,3287,3580,3849,3332,3366,3726,4157,5240,5565,4635,3969,3650,4786,3763,3021,1603,598,104,13,5339,74552,2500,2903,3172,3270,3767,3504,3462,4002,4367,5545,5970,4839,4332,4130,5690,4885,3818,2537,1335,443,81,8214
2023,2023-01-01,26201,262013,京都府,福知山市,city,26201,74929,3037,3361,3451,3547,3574,3379,3678,4211,4325,5460,5201,4378,4565,4465,5802,4317,3360,2683,1563,487,85,8178,37179,1530,1714,1770,1822,2060,1847,2021,2195,2265,2916,2682,2219,2297,2228,2707,1986,1419,918,461,109,13,2920,37750,1507,1647,1681,1725,1514,1532,1657,2016,2060,2544,2519,2159,2268,2237,3095,2331,1941,1765,1102,378,72,5258
2023,2023-01-01,26202,262021,京都府,舞鶴市,city,26202,77191,2636,3162,3490,3861,4029,3263,3315,3846,4421,5669,5480,4554,4503,4408,6414,5030,3975,2958,1551,544,82,9110,38423,1290,1597,1721,2101,2403,1856,1827,2072,2342,3057,2940,2313,2257,2182,2937,2245,1639,1094,431,108,11,3283,38768,1346,1565,1769,1760,1626,1407,1488,1774,2079,2612,2540,2241,2246,2226,3477,2785,2336,1864,1120,436,71,5827
2023,2023-01-01,26203,262030,京都府,綾部市,city,26203,31346,955,1097,1278,1402,1270,1022,1149,1457,1616,2140,2220,1762,1935,2124,2880,2315,1929,1517,928,312,38,4724,15152,496,574,644,750,700,570,594,766,849,1083,1159,876,965,1004,1387,1059,802,554,249,66,5,1676,16194,459,523,634,652,570,452,555,691,767,1057,1061,886,970,1120,1493,1256,1127,963,679,246,33,3048
2023,2023-01-01,26204,262048,京都府,宇治市,city,26204,178919,5690,7007,8255,9317,9383,7534,7514,8746,10526,14352,14756,11761,10066,10092,14213,11802,9111,5654,2407,639,94,17905,86224,2888,3650,4380,4804,4835,3795,3787,4426,5193,7048,7358,5799,4868,4683,6398,5262,3899,2240,749,152,10,7050,92695,2802,3357,3875,4513,4548,3739,3727,4320,5333,7304,7398,5962,5198,5409,7815,6540,5212,3414,1658,487,84,10855
2023,2023-01-01,26205,262056,京都府,宮津市,city,26205,16538,393,485,608,662,546,437,513,654,764,982,1054,995,1265,1316,1696,1335,1129,962,535,185,22,2833,7895,214,254,305,343,303,245,276,347,410,490,524,488,638,650,819,602,456,333,164,33,1,987,8643,179,231,303,319,243,192,237,307,354,492,530,507,627,666,877,733,673,629,371,152,21,1846
2023,2023-01-01,26206,262064,京都府,亀岡市,city,26206,86002,2854,3605,4074,4121,4111,3495,3761,4731,5214,6261,6180,5350,5417,5876,7412,5547,3952,2416,1201,375,49,7993,41837,1447,1867,2111,2158,2123,1766,1864,2416,2629,3122,3138,2557,2585,2791,3540,2604,1752,956,340,68,3,3119,44165,1407,1738,1963,1963,1988,1729,1897,2315,2585,3139,3042,2793,2832,3085,3872,2943,2200,1460,861,307,46,4874
2023,2023-01-01,26207,262072,京都府,城陽市,city,26207,73824,2316,2840,3202,3306,3368,2895,3005,3708,4386,5739,5771,4343,3898,4158,6904,5924,4360,2348,1049,264,40,8061,35561,1220,1507,1637,1666,1664,1445,1487,1849,2193,2918,2912,2204,1814,1921,3073,2682,2022,970,317,57,3,3369,38263,1096,1333,1565,1640,1704,1450,1518,1859,2193,2821,2859,2139,2084,2237,3831,3242,2338,1378,732,207,37,4692
2023,2023-01-01,26208,262081,京都府,向日市,city,26208,56224,2327,2701,2627,2765,2575,2434,2658,3339,3654,4681,4702,3626,2942,2785,3994,3261,2737,1538,673,178,27,5153,26960,1212,1377,1333,1433,1249,1188,1285,1666,1811,2292,2350,1789,1434,1312,1765,1442,1159,601,215,44,3,2022,29264,1115,1324,1294,1332,1326,1246,1373,1673,1843,2389,2352,1837,1508,1473,2229,1819,1578,937,458,134,24,3131
2023,2023-01-01,26209,262099,京都府,長岡京市,city,26209,81146,3371,3832,3965,3954,3880,3557,4063,4876,5466,6639,6578,5163,4071,3925,5668,4739,3718,2327,1022,280,52,7399,39189,1726,1923,2028,2006,1978,1769,2047,2408,2712,3313,3270,2587,2013,1843,2490,2090,1674,917,335,54,6,2986,41957,1645,1909,1937,1948,1902,1788,2016,2468,2754,3326,3308,2576,2058,2082,3178,2649,2044,1410,687,226,46,4413
2023,2023-01-01,26210,262102,京都府,八幡市,city,26210,67317,1924,2535,3026,3273,3109,2547,2596,3291,3984,5544,5464,4333,3795,4203,6140,4970,3583,1973,770,226,31,6583,32541,1015,1239,1525,1699,1580,1278,1297,1683,1966,2785,2785,2146,1837,1977,2771,2279,1605,800,220,50,4,2679,34776,909,1296,1501,1574,1529,1269,1299,1608,2018,2759,2679,2187,1958,2226,3369,2691,1978,1173,550,176,27,3904
2023,2023-01-01,26211,262111,京都府,京田辺市,city,26211,70148,2862,3657,3913,4145,3985,2896,3121,3955,4820,6085,5673,4135,3404,3172,4762,3971,2986,1690,701,184,31,5592,34233,1469,1873,2063,2071,2085,1492,1578,1956,2404,2989,2838,2077,1664,1475,2071,1833,1379,660,222,33,1,2295,35915,1393,1784,1850,2074,1900,1404,1543,1999,2416,3096,2835,2058,1740,1697,2691,2138,1607,1030,479,151,30,3297
2023,2023-01-01,26212,262129,京都府,京丹後市,city,26212,51542,1543,1964,2045,2324,2047,1682,1925,2340,2518,3255,3652,3446,3609,3663,4536,3574,2926,2423,1447,505,118,7419,24919,784,999,1026,1224,1063,911,1035,1207,1333,1725,1850,1754,1843,1837,2169,1613,1135,883,416,98,14,2546,26623,759,965,1019,1100,984,771,890,1133,1185,1530,1802,1692,1766,1826,2367,1961,1791,1540,1031,407,104,4873
2023,2023-01-01,26213,262137,京都府,南丹市,city,26213,30048,848,1093,1217,1283,1597,1083,1257,1475,1624,1827,1923,1922,2047,2061,2685,1980,1598,1405,813,273,37,4126,14599,448,581,621,694,848,585,645,745,831,944,956,949,1032,1034,1273,952,634,512,255,57,3,1461,15449,400,512,596,589,749,498,612,730,793,883,967,973,1015,1027,1412,1028,964,893,558,216,34,2665
2023,2023-01-01,26214,262145,京都府,木津川市,city,26214,79060,3625,4351,4734,4598,3641,2968,3705,4914,5675,6577,5848,4457,4079,4169,5750,4178,2824,1740,900,285,42,5791,38225,1876,2220,2453,2358,1847,1444,1777,2358,2754,3235,2925,2117,1930,1926,2686,1972,1334,683,267,60,3,2347,40835,1749,2131,2281,2240,1794,1524,1928,2556,2921,3342,2923,2340,2149,2243,3064,2206,1490,1057,633,225,39,3444
2023,2023-01-01,26300,263001,京都府,乙訓郡,gun_agg,,16386,928,791,719,783,681,750,938,1126,1104,1219,1184,901,812,794,1086,908,805,524,236,84,13,1662,7914,485,395,350,391,347,364,473,584,543,600,591,438,423,373,490,398,358,199,86,25,1,669,8472,443,396,369,392,334,386,465,542,561,619,593,463,389,421,596,510,447,325,150,59,12,993
2023,2023-01-01,26303,263036,京都府,乙訓郡大山崎町,town,26303,16386,928,791,719,783,681,750,938,1126,1104,1219,1184,901,812,794,1086,908,805,524,236,84,13,1662,7914,485,395,350,391,347,364,473,584,543,600,591,438,423,373,490,398,358,199,86,25,1,669,8472,443,396,369,392,334,386,465,542,561,619,593,463,389,421,596,510,447,325,150,59,12,993
2023,2023-01-01,26320,263206,京都府,久世郡,gun_agg,,14603,425,550,684,753,756,595,529,735,865,1256,1139,815,751,801,1343,1138,738,465,192,62,11,1468,7192,204,281,367,378,431,309,271,377,437,652,599,431,369,358,602,524,345,186,56,12,3,602,7411,221,269,317,375,325,286,258,358,428,604,540,384,382,443,741,614,393,279,136,50,8,866
2023,2023-01-01,26322,263222,京都府,久世郡久御山町,town,26322,14603,425,550,684,753,756,595,529,735,865,1256,1139,815,751,801,1343,1138,738,465,192,62,11,1468,7192,204,281,367,378,431,309,271,377,437,652,599,431,369,358,602,524,345,186,56,12,3,602,7411,221,269,317,375,325,286,258,358,428,604,540,384,382,443,741,614,393,279,136,50,8,866
2023,2023-01-01,26340,263401,京都府,綴喜郡,gun_agg,,15297,422,531,600,687,715,572,577,767,830,1016,1153,1147,998,1109,1357,1078,808,576,277,65,12,1738,7493,216,274,333,355,357,312,314,404,422,528,589,558,497,538,654,481,366,201,86,7,1,661,7804,206,257,267,332,358,260,263,363,408,488,564,589,501,571,703,597,442,375,191,58,11,1077
2023,2023-01-01,26343,263435,京都府,綴喜郡井手町,town,26343,6803,178,195,240,287,315,265,252,329,383,452,483,500,432,500,598,502,399,306,144,35,8,892,3289,87,111,135,157,155,139,139,177,192,229,250,246,211,242,274,226,167,101,49,2,0,319,3514,91,84,105,130,160,126,113,152,191,223,233,254,221,258,324,276,232,205,95,33,8,573
2023,2023-01-01,26344,263443,京都府,綴喜郡宇治田原町,town,26344,8494,244,336,360,400,400,307,325,438,447,564,670,647,566,609,759,576,409,270,133,30,4,846,4204,129,163,198,198,202,173,175,227,230,299,339,312,286,296,380,255,199,100,37,5,1,342,4290,115,173,162,202,198,134,150,211,217,265,331,335,280,313,379,321,210,170,96,25,3,504
2023,2023-01-01,26360,263605,京都府,相楽郡,gun_agg,,43641,1277,1827,2071,2335,2378,1577,1592,2088,2458,3344,3652,3206,2789,2713,3599,2652,2008,1246,610,189,30,4083,20906,637,903,1069,1158,1230,788,765,1011,1228,1599,1788,1541,1357,1286,1699,1242,926,474,177,27,1,1605,22735,640,924,1002,1177,1148,789,827,1077,1230,1745,1864,1665,1432,1427,1900,1410,1082,772,433,162,29,2478
2023,2023-01-01,26364,263648,京都府,相楽郡笠置町,town,26364,1153,8,15,22,15,30,34,30,39,48,59,67,79,88,107,148,104,108,87,47,15,3,260,554,4,5,10,7,21,21,18,22,34,31,45,33,40,41,77,51,42,36,15,1,0,94,599,4,10,12,8,9,13,12,17,14,28,22,46,48,66,71,53,66,51,32,14,3,166
2023,2023-01-01,26365,263656,京都府,相楽郡和束町,town,26365,3570,62,84,94,117,116,73,105,140,166,207,219,212,256,340,469,304,290,181,104,28,3,606,1691,36,46,48,59,66,40,46,75,92,105,118,96,121,156,219,137,136,68,25,2,0,231,1879,26,38,46,58,50,33,59,65,74,102,101,116,135,184,250,167,154,113,79,26,3,375
2023,2023-01-01,26366,263664,京都府,相楽郡精華町,town,26366,36438,1168,1681,1906,2128,2164,1411,1398,1811,2139,2944,3212,2762,2256,2028,2679,1992,1402,832,379,122,24,2759,17483,577,825,981,1055,1105,692,665,869,1050,1395,1549,1337,1113,969,1258,936,652,320,112,22,1,1107,18955,591,856,925,1073,1059,719,733,942,1089,1549,1663,1425,1143,1059,1421,1056,750,512,267,100,23,1652
2023,2023-01-01,26367,263672,京都府,相楽郡南山城村,village,26367,2480,39,47,49,75,68,59,59,98,105,134,154,153,189,238,303,252,208,146,80,24,0,458,1178,20,27,30,37,38,35,36,45,52,68,76,75,83,120,145,118,96,50,25,2,0,173,1302,19,20,19,38,30,24,23,53,53,66,78,78,106,118,158,134,112,96,55,22,0,285
2023,2023-01-01,26400,264008,京都府,船井郡,gun_agg,,12787,248,354,403,495,478,387,368,446,598,749,820,836,893,1066,1393,1035,914,701,412,162,29,2218,6126,139,183,187,239,268,197,205,248,298,402,411,416,451,539,676,483,392,247,115,27,3,784,6661,109,171,216,256,210,190,163,198,300,347,409,420,442,527,717,552,522,454,297,135,26,1434
2023,2023-01-01,26407,264075,京都府,船井郡京丹波町,town,26407,12787,248,354,403,495,478,387,368,446,598,749,820,836,893,1066,1393,1035,914,701,412,162,29,2218,6126,139,183,187,239,268,197,205,248,298,402,411,416,451,539,676,483,392,247,115,27,3,784,6661,109,171,216,256,210,190,163,198,300,347,409,420,442,527,717,552,522,454,297,135,26,1434
2023,2023-01-01,26460,264601,京都府,与謝郡,gun_agg,,22038,581,797,850,983,808,691,825,920,1071,1405,1511,1419,1582,1652,2096,1549,1339,1041,667,211,40,3298,10591,301,415,456,491,429,375,439,468,564,729,728,692,803,846,1005,707,556,361,190,32,4,1143,11447,280,382,394,492,379,316,386,452,507,676,783,727,779,806,1091,842,783,680,477,179,36,2155
2023,2023-01-01,26463,264636,京都府,与謝郡伊根町,town,26463,1942,68,68,57,46,59,54,66,81,90,82,85,110,155,167,219,139,143,132,89,28,4,396,954,37,35,30,26,35,38,35,50,57,41,39,62,72,98,118,61,52,39,23,6,0,120,988,31,33,27,20,24,16,31,31,33,41,46,48,83,69,101,78,91,93,66,22,4,276
2023,2023-01-01,26465,264652,京都府,与謝郡与謝野町,town,26465,20096,513,729,793,937,749,637,759,839,981,1323,1426,1309,1427,1485,1877,1410,1196,909,578,183,36,2902,9637,264,380,426,465,394,337,404,418,507,688,689,630,731,748,887,646,504,322,167,26,4,1023,10459,249,349,367,472,355,300,355,421,474,635,737,679,696,737,990,764,692,587,411,157,32,1879
2023,2023-01-01,27000,270008,大阪府,,pref,,8516503,301117,338223,363978,382149,449606,464764,451022,488340,531289,664173,707046,573252,470819,438016,592934,495492,408788,254165,108464,28498,4367,804282,4093724,154299,173000,186449,195083,224732,228612,223749,243505,264264,329905,352733,284639,232783,211094,273495,217390,169262,92506,30333,5450,441,297992,4422779,146818,165223,177529,187066,224874,236152,227273,244835,267025,334268,354313,288613,238036,226922,319439,278102,239526,161659,78131,23048,3926,506290
2023,2023-01-01,27100,271004,大阪府,大阪市,city_agg,,2589027,89564,94932,97437,98921,140555,180771,166222,169937,173667,200638,208324,171038,141272,126666,166169,132016,111766,75695,33419,8689,1329,230898,1252432,45974,48377,50114,50299,68104,87978,81826,85013,87283,100709,105183,85890,71343,63340,80998,59028,44697,25685,8893,1565,133,80973,1336595,43590,46555,47323,48622,72451,92793,84396,84924,86384,99929,103141,85148,69929,63326,85171,72988,67069,50010,24526,7124,1196,149925
2023,2023-01-01,27102,271021,大阪府,大阪市都島区,ward,27100,101786,3463,3919,4067,3969,5231,6989,6601,6969,7243,7900,7939,6439,5815,5514,6787,4802,3877,2604,1274,340,44,8139,48673,1784,2029,2077,2072,2554,3295,3230,3402,3607,3914,3954,3137,2725,2644,3348,2164,1504,833,333,64,3,2737,53113,1679,1890,1990,1897,2677,3694,3371,3567,3636,3986,3985,3302,3090,2870,3439,2638,2373,1771,941,276,41,5402
2023,2023-01-01,27103,271039,大阪府,大阪市福島区,ward,27100,77373,3458,3256,2957,2658,4018,6761,6424,6487,6257,6633,5769,4414,3554,2910,3801,2997,2292,1704,796,195,32,5019,36737,1817,1616,1533,1344,1905,3204,2984,3145,3075,3239,2856,2199,1734,1397,1718,1278,891,547,213,38,4,1693,40636,1641,1640,1424,1314,2113,3557,3440,3342,3182,3394,2913,2215,1820,1513,2083,1719,1401,1157,583,157,28,3326
2023,2023-01-01,27104,271047,大阪府,大阪市此花区,ward,27100,62910,2021,2434,2636,2606,3155,3450,3259,3486,3992,5032,5196,4472,3737,3387,4463,3474,3028,1988,834,230,30,6110,30775,1036,1175,1396,1353,1653,1759,1687,1789,2022,2548,2696,2282,1911,1729,2154,1528,1143,669,206,35,4,2057,32135,985,1259,1240,1253,1502,1691,1572,1697,1970,2484,2500,2190,1826,1658,2309,1946,1885,1319,628,195,26,4053
2023,2023-01-01,27106,271063,大阪府,大阪市西区,ward,27100,100818,4150,4356,3608,2925,6183,10339,9075,9514,9341,8744,7462,5277,4017,3604,4310,3048,2348,1564,719,211,23,4865,47206,2115,2227,1874,1478,2853,4768,4151,4387,4391,4257,3633,2575,1922,1646,2004,1315,917,487,167,32,7,1610,53612,2035,2129,1734,1447,3330,5571,4924,5127,4950,4487,3829,2702,2095,1958,2306,1733,1431,1077,552,179,16,3255
2023,2023-01-01,27107,271071,大阪府,大阪市港区,ward,27100,75748,2232,2498,2925,3027,4279,4874,4295,4358,4605,5768,6179,5113,4463,3947,5323,4297,3782,2457,1037,259,30,7565,36994,1184,1283,1498,1508,2100,2409,2163,2213,2400,2918,3177,2569,2278,2041,2607,1907,1558,846,283,48,4,2739,38754,1048,1215,1427,1519,2179,2465,2132,2145,2205,2850,3002,2544,2185,1906,2716,2390,2224,1611,754,211,26,4826
2023,2023-01-01,27108,271080,大阪府,大阪市大正区,ward,27100,60555,1673,1990,2279,2621,3013,2990,2743,3134,3345,4497,5004,4168,3681,3633,5089,4100,3350,2082,907,218,38,6595,29711,840,1001,1167,1342,1539,1508,1398,1640,1710,2342,2635,2125,1899,1843,2468,1917,1313,731,241,49,3,2337,30844,833,989,1112,1279,1474,1482,1345,1494,1635,2155,2369,2043,1782,1790,2621,2183,2037,1351,666,169,35,4258
2023,2023-01-01,27109,271098,大阪府,大阪市天王寺区,ward,27100,76465,3535,3880,3598,3162,3771,4992,5113,5724,5938,6375,6051,4942,4182,3418,3826,2883,2262,1643,867,261,42,5075,35211,1789,2034,1846,1635,1750,2207,2312,2661,2794,2912,2804,2271,1993,1577,1799,1174,853,519,215,60,6,1653,41254,1746,1846,1752,1527,2021,2785,2801,3063,3144,3463,3247,2671,2189,1841,2027,1709,1409,1124,652,201,36,3422
2023,2023-01-01,27111,271110,大阪府,大阪市浪速区,ward,27100,63537,1710,1491,1246,1250,5342,8786,7098,5844,4700,4314,4015,3163,2549,2524,3216,2462,1886,1276,495,143,27,3827,32656,906,789,649,605,2353,4271,3587,3161,2641,2448,2299,1795,1399,1392,1760,1196,809,440,132,22,2,1405,30881,804,702,597,645,2989,4515,3511,2683,2059,1866,1716,1368,1150,1132,1456,1266,1077,836,363,121,25,2422
2023,2023-01-01,27113,271136,大阪府,大阪市西淀川区,ward,27100,92352,2991,3266,3781,4316,5358,5936,5173,5220,5703,7443,8026,6179,4961,4665,6363,4889,4061,2613,1083,287,38,8082,45317,1524,1625,1951,2209,2644,2943,2600,2646,2833,3855,4214,3224,2493,2307,3127,2241,1646,919,268,46,2,2881,47035,1467,1641,1830,2107,2714,2993,2573,2574,2870,3588,3812,2955,2468,2358,3236,2648,2415,1694,815,241,36,5201
2023,2023-01-01,27114,271144,大阪府,大阪市東淀川区,ward,27100,163747,4980,5095,5800,6036,10353,13285,11261,10630,10532,12244,12843,10710,8783,7967,10405,8281,7260,4646,2072,477,87,14542,80829,2555,2567,2944,3108,4971,6787,5899,5655,5486,6450,6596,5436,4553,4052,5064,3648,2899,1537,524,87,11,5058,82918,2425,2528,2856,2928,5382,6498,5362,4975,5046,5794,6247,5274,4230,3915,5341,4633,4361,3109,1548,390,76,9484
2023,2023-01-01,27115,271152,大阪府,大阪市東成区,ward,27100,77572,2614,2726,2787,2952,4816,6422,5393,5125,5143,5848,5910,4885,4020,3649,4753,3635,3105,2356,1079,303,51,6894,36559,1317,1395,1460,1483,2175,2918,2540,2477,2565,2865,2944,2377,2000,1778,2281,1645,1189,789,300,55,6,2339,41013,1297,1331,1327,1469,2641,3504,2853,2648,2578,2983,2966,2508,2020,1871,2472,1990,1916,1567,779,248,45,4555
2023,2023-01-01,27116,271161,大阪府,大阪市生野区,ward,27100,98458,3209,3206,3559,3867,5776,6755,5491,5330,5430,6776,7477,6543,5535,5139,7016,5875,5342,3878,1701,462,91,11474,47649,1636,1649,1834,1970,2833,3311,2780,2769,2731,3490,3818,3238,2824,2637,3486,2627,2162,1317,446,82,9,4016,50809,1573,1557,1725,1897,2943,3444,2711,2561,2699,3286,3659,3305,2711,2502,3530,3248,3180,2561,1255,380,82,7458
2023,2023-01-01,27117,271179,大阪府,大阪市旭区,ward,27100,86940,2948,3131,3186,3291,4376,4983,4714,5153,5243,6405,6851,5750,5052,4691,6320,5156,4468,3245,1511,405,61,9690,41549,1522,1596,1649,1661,2150,2446,2321,2565,2648,3230,3449,2819,2518,2353,3035,2256,1756,1086,412,70,7,3331,45391,1426,1535,1537,1630,2226,2537,2393,2588,2595,3175,3402,2931,2534,2338,3285,2900,2712,2159,1099,335,54,6359
2023,2023-01-01,27118,271187,大阪府,大阪市城東区,ward,27100,164598,6194,6605,6831,7070,8128,9549,9528,10400,11154,13565,13936,10904,8866,7954,10482,8726,7088,4904,2121,522,71,14706,78368,3185,3376,3542,3569,3998,4574,4621,5160,5532,6624,6862,5380,4336,3799,4925,3768,2811,1654,558,91,3,5117,86230,3009,3229,3289,3501,4130,4975,4907,5240,5622,6941,7074,5524,4530,4155,5557,4958,4277,3250,1563,431,68,9589
2023,2023-01-01,27119,271195,大阪府,大阪市阿倍野区,ward,27100,107703,4243,5066,4844,4694,5339,5627,5826,6678,7332,8400,8523,7339,6438,5546,6585,5204,4435,3373,1671,469,71,10019,49780,2223,2626,2467,2365,2508,2582,2722,3173,3493,4017,3987,3409,3119,2650,2985,2218,1632,1074,440,80,10,3236,57923,2020,2440,2377,2329,2831,3045,3104,3505,3839,4383,4536,3930,3319,2896,3600,2986,2803,2299,1231,389,61,6783
2023,2023-01-01,27120,271209,大阪府,大阪市住吉区,ward,27100,146715,5101,5519,5743,6006,7391,8548,8073,8377,9064,10812,12114,10398,8637,7563,9990,8139,7061,5061,2369,654,95,15240,68537,2609,2758,2832,3086,3660,4079,3935,4091,4481,5233,5856,5005,4194,3653,4568,3410,2676,1651,631,119,10,5087,78178,2492,2761,2911,2920,3731,4469,4138,4286,4583,5579,6258,5393,4443,3910,5422,4729,4385,3410,1738,535,85,10153
2023,2023-01-01,27121,271217,大阪府,大阪市東住吉区,ward,27100,127142,4609,4816,4894,5165,6560,7219,7056,7331,7565,9195,10182,9082,7437,6483,8534,7249,6340,4532,2211,585,97,13765,60430,2381,2376,2500,2636,3154,3387,3459,3632,3714,4623,5033,4559,3777,3209,4100,3166,2506,1514,589,107,8,4724,66712,2228,2440,2394,2529,3406,3832,3597,3699,3851,4572,5149,4523,3660,3274,4434,4083,3834,3018,1622,478,89,9041
2023,2023-01-01,27122,271225,大阪府,大阪市西成区,ward,27100,93090,1738,2093,2471,2750,3694,4304,3888,4235,4722,6128,7651,6813,6411,6795,9891,7521,6171,3875,1533,360,46,11985,54517,881,1084,1298,1419,1951,2344,2151,2437,2768,3606,4698,4324,4159,4608,6630,4597,3295,1719,483,61,4,5562,38573,857,1009,1173,1331,1743,1960,1737,1798,1954,2522,2953,2489,2252,2187,3261,2924,2876,2156,1050,299,42,6423
2023,2023-01-01,27123,271233,大阪府,大阪市淀川区,ward,27100,173226,5805,5733,5817,6032,10270,15044,12858,12479,12007,13578,13853,10775,8962,8049,10402,8243,6534,4225,1943,531,86,13319,86292,3052,2977,3042,3118,5098,7743,6706,6499,6314,7055,7267,5583,4567,3908,5004,3698,2627,1421,497,102,14,4661,86934,2753,2756,2775,2914,5172,7301,6152,5980,5693,6523,6586,5192,4395,4141,5398,4545,3907,2804,1446,429,72,8658
2023,2023-01-01,27124,271241,大阪府,大阪市鶴見区,ward,27100,110069,4738,5183,5760,5700,5540,5849,6247,6887,7431,9156,9642,7423,5714,4724,6080,4958,4558,2970,1210,256,43,9037,52319,2402,2646,2972,2851,2701,2762,3006,3408,3590,4507,4731,3676,2834,2248,2710,2078,1752,1052,340,51,2,3197,57750,2336,2537,2788,2849,2839,3087,3241,3479,3841,4649,4911,3747,2880,2476,3370,2880,2806,1918,870,205,41,5840
2023,2023-01-01,27125,271250,大阪府,大阪市住之江区,ward,27100,113287,3204,3908,4536,4569,5079,5160,5194,6112,6841,8429,9237,7900,7028,6937,9970,7498,5981,3720,1517,400,67,11685,54726,1659,1981,2321,2316,2629,2644,2654,3139,3462,4227,4735,3899,3406,3306,4791,3384,2433,1254,415,65,6,4173,58561,1545,1927,2215,2253,2450,2516,2540,2973,3379,4202,4502,4001,3622,3631,5179,4114,3548,2466,1102,335,61,7512
2023,2023-01-01,27126,271268,大阪府,大阪市平野区,ward,27100,181670,5686,6539,7503,8345,9910,9924,8931,9054,9553,13371,16059,14132,10794,8598,12045,10805,10477,6753,2541,572,78,20421,86035,2888,3347,3903,4219,4891,4871,4446,4582,4828,6513,7875,6969,5412,4294,5487,4484,3955,2271,688,106,6,7026,95635,2798,3192,3600,4126,5019,5053,4485,4472,4725,6858,8184,7163,5382,4304,6558,6321,6522,4482,1853,466,72,13395
2023,2023-01-01,27127,271276,大阪府,大阪市北区,ward,27100,130509,5271,4678,3656,3416,6651,12036,11657,11638,11291,11368,10495,8153,6237,5242,6328,4748,3648,2532,1101,315,48,7644,63307,2650,2406,1861,1710,3115,6055,5714,5828,5740,5781,5248,4027,3143,2512,2922,2022,1425,800,292,55,1,2573,67202,2621,2272,1795,1706,3536,5981,5943,5810,5551,5587,5247,4126,3094,2730,3406,2726,2223,1732,809,260,47,5071
2023,2023-01-01,27128,271284,大阪府,大阪市中央区,ward,27100,102757,3991,3544,2953,2494,6322,10949,10324,9772,9235,8657,7910,6064,4399,3727,4190,3026,2412,1694,827,234,33,5200,48255,2019,1814,1498,1242,2919,5111,4760,4554,4458,4055,3816,3012,2147,1757,2025,1307,945,555,220,40,1,1761,54502,1972,1730,1455,1252,3403,5838,5564,5218,4777,4602,4094,3052,2252,1970,2165,1719,1467,1139,607,194,32,3439
2023,2023-01-01,27140,271403,大阪府,堺市,city_agg,,804827,28268,32881,36869,39136,41111,38637,38706,42905,48995,64871,67116,52402,42510,41515,59287,50356,41112,24517,10367,2806,459,79261,384749,14416,16815,18916,20050,20830,19081,19504,21268,24162,32013,33592,25881,20594,19577,26325,21950,17098,9195,2911,514,57,29775,420078,13852,16066,17953,19086,20281,19556,19202,21637,24833,32858,33524,26521,21916,21938,32962,28406,24014,15322,7456,2292,402,49486
2023,2023-01-01,27141,271411,大阪府,堺市堺区,ward,27140,141289,4800,5156,5439,5907,7300,8267,7899,8119,8611,10949,11648,9712,8214,7467,10099,7988,6649,4309,2075,589,92,13714,69232,2469,2635,2800,3091,3734,4298,4146,4226,4346,5659,5966,4900,4187,3738,4716,3511,2638,1518,523,116,15,4810,72057,2331,2521,2639,2816,3566,3969,3753,3893,4265,5290,5682,4812,4027,3729,5383,4477,4011,2791,1552,473,77,8904
2023,2023-01-01,27142,271420,大阪府,堺市中区,ward,27140,118528,4375,5203,5908,6098,6411,5757,5624,6095,7216,9865,9943,7696,6035,5900,8523,7300,5745,3150,1283,343,58,10579,57448,2299,2700,3031,3173,3217,2867,2862,3008,3653,4968,5034,3825,2929,2795,3800,3249,2471,1166,335,59,7,4038,61080,2076,2503,2877,2925,3194,2890,2762,3087,3563,4897,4909,3871,3106,3105,4723,4051,3274,1984,948,284,51,6541
2023,2023-01-01,27143,271438,大阪府,堺市東区,ward,27140,85035,3200,3620,3967,3982,4026,3710,3981,4609,5165,6459,6855,5314,4488,4499,6419,5612,4730,2827,1204,321,47,9129,40532,1663,1856,2027,1984,2085,1828,1987,2257,2508,3207,3428,2607,2152,2140,2881,2461,1972,1072,350,61,6,3461,44503,1537,1764,1940,1998,1941,1882,1994,2352,2657,3252,3427,2707,2336,2359,3538,3151,2758,1755,854,260,41,5668
2023,2023-01-01,27144,271446,大阪府,堺市西区,ward,27140,134023,4775,5855,6693,7017,7066,6318,6501,7050,8427,11357,11453,8626,7063,6794,9118,7475,6165,3931,1759,489,91,12435,64435,2405,2981,3386,3577,3585,3131,3286,3503,4132,5551,5843,4333,3469,3296,4091,3325,2544,1435,463,87,12,4541,69588,2370,2874,3307,3440,3481,3187,3215,3547,4295,5806,5610,4293,3594,3498,5027,4150,3621,2496,1296,402,79,7894
2023,2023-01-01,27145,271454,大阪府,堺市南区,ward,27140,133369,3553,4885,5891,6702,6066,4302,4502,5849,7246,10589,10790,8479,7238,7943,12457,11036,8689,4771,1810,488,82,15840,61726,1775,2519,3069,3356,3011,2098,2173,2795,3436,5025,5196,4031,3305,3453,5256,4799,3822,1931,580,88,8,6429,71643,1778,2366,2822,3346,3055,2204,2329,3054,3810,5564,5594,4448,3933,4490,7201,6237,4867,2840,1230,400,74,9411
2023,2023-01-01,27146,271462,大阪府,堺市北区,ward,27140,155978,6504,6616,7175,7437,8446,8890,8800,9368,10088,12601,13490,10364,7604,6844,9626,8273,7147,4456,1739,445,65,13852,73699,3259,3315,3684,3838,4232,4197,4342,4624,4957,6055,6604,5087,3666,3207,4203,3386,2791,1648,511,87,6,5043,82279,3245,3301,3491,3599,4214,4693,4458,4744,5131,6546,6886,5277,3938,3637,5423,4887,4356,2808,1228,358,59,8809
2023,2023-01-01,27147,271471,大阪府,堺市美原区,ward,27140,36605,1061,1546,1796,1993,1796,1393,1399,1815,2242,3051,2937,2211,1868,2068,3045,2672,1987,1073,497,131,24,3712,17677,546,809,919,1031,966,662,708,855,1130,1548,1521,1098,886,948,1378,1219,860,425,149,16,3,1453,18928,515,737,877,962,830,731,691,960,1112,1503,1416,1113,982,1120,1667,1453,1127,648,348,115,21,2259
2023,2023-01-01,27202,272027,大阪府,岸和田市,city,27202,186212,6689,7661,8663,9312,10090,9328,8809,9395,10463,13677,15169,13086,11063,10402,13593,10916,8975,5627,2547,651,96,17896,89001,3455,3905,4424,4699,5208,4774,4469,4704,5201,6647,7450,6343,5400,4938,6251,4740,3679,1971,623,109,11,6393,97211,3234,3756,4239,4613,4882,4554,4340,4691,5262,7030,7719,6743,5663,5464,7342,6176,5296,3656,1924,542,85,11503
2023,2023-01-01,27203,272035,大阪府,豊中市,city,27203,401036,16490,18741,19144,18314,19217,19013,20714,23924,26638,31817,33248,27368,22231,19507,25272,21837,18534,12145,5273,1417,192,37561,190315,8523,9684,9870,9312,9511,9073,9999,11589,13020,15401,16292,13322,10858,9284,11490,9367,7435,4449,1543,282,11,13720,210721,7967,9057,9274,9002,9706,9940,10715,12335,13618,16416,16956,14046,11373,10223,13782,12470,11099,7696,3730,1135,181,23841
2023,2023-01-01,27204,272043,大阪府,池田市,city,27204,100930,3724,4263,4654,4799,5387,4870,4940,5635,6229,7787,8225,6834,5804,5242,6807,5691,4773,3229,1504,451,82,10039,48064,1875,2151,2362,2462,2816,2460,2454,2793,3042,3763,3993,3317,2824,2451,3074,2491,1938,1231,463,96,8,3736,52866,1849,2112,2292,2337,2571,2410,2486,2842,3187,4024,4232,3517,2980,2791,3733,3200,2835,1998,1041,355,74,6303
2023,2023-01-01,27205,272051,大阪府,吹田市,city,27205,374966,15918,18109,17887,17653,19898,20115,20915,24082,25689,29935,30914,24768,19411,17309,22992,18707,15034,9964,4341,1163,162,30664,178995,8187,9279,9160,9106,9995,9821,10265,11683,12455,14566,15077,12210,9514,7954,10204,8238,6037,3671,1297,262,14,11281,195971,7731,8830,8727,8547,9903,10294,10650,12399,13234,15369,15837,12558,9897,9355,12788,10469,8997,6293,3044,901,148,19383
2023,2023-01-01,27206,272060,大阪府,泉大津市,city,27206,71765,2603,2756,3041,3668,4254,3945,3501,3640,4106,5768,6501,5064,4082,3701,4947,3961,3165,1985,835,220,22,6227,34227,1334,1387,1535,1871,2133,1899,1756,1806,2027,2816,3195,2508,2016,1785,2223,1704,1287,673,230,41,1,2232,37538,1269,1369,1506,1797,2121,2046,1745,1834,2079,2952,3306,2556,2066,1916,2724,2257,1878,1312,605,179,21,3995
2023,2023-01-01,27207,272078,大阪府,高槻市,city,27207,344690,12428,14194,15241,16288,16795,15345,16175,18739,21151,27430,28751,22148,18371,17728,25327,22321,18714,11216,4832,1302,194,36258,164399,6451,7238,7720,8406,8463,7541,7940,9355,10461,13478,14326,10969,8810,8166,11211,9563,8065,4457,1500,263,16,14301,180291,5977,6956,7521,7882,8332,7804,8235,9384,10690,13952,14425,11179,9561,9562,14116,12758,10649,6759,3332,1039,178,21957
2023,2023-01-01,27208,272086,大阪府,貝塚市,city,27208,81860,2550,3346,4066,4633,4484,3557,3509,4058,4630,6495,7081,5863,4891,4580,5621,4713,3888,2491,1111,256,37,7783,39435,1309,1754,2085,2401,2265,1797,1759,2021,2228,3196,3495,2925,2394,2186,2668,2098,1625,882,292,51,4,2854,42425,1241,1592,1981,2232,2219,1760,1750,2037,2402,3299,3586,2938,2497,2394,2953,2615,2263,1609,819,205,33,4929
2023,2023-01-01,27209,272094,大阪府,守口市,city,27209,139251,5542,5069,5066,5536,6966,7711,7618,7676,8011,10506,11954,9903,7713,6943,9584,8642,7815,4676,1769,483,68,14811,67553,2877,2649,2568,2811,3479,3780,3794,4003,4048,5426,6088,5069,3964,3452,4431,3639,3140,1715,512,103,5,5475,71698,2665,2420,2498,2725,3487,3931,3824,3673,3963,5080,5866,4834,3749,3491,5153,5003,4675,2961,1257,380,63,9336
2023,2023-01-01,27210,272108,大阪府,枚方市,city,27210,390982,13273,15972,18102,19160,19989,17028,17774,20547,24176,30642,32669,26152,21884,21669,29824,24961,19529,11319,4838,1280,194,37160,187110,6749,8140,9173,9799,10117,8323,8776,10216,11772,15155,16035,12989,10658,10239,13356,11036,8480,4408,1414,258,17,14577,203872,6524,7832,8929,9361,9872,8705,8998,10331,12404,15487,16634,13163,11226,11430,16468,13925,11049,6911,3424,1022,177,22583
2023,2023-01-01,27211,272116,大阪府,茨木市,city,27211,280782,11617,13006,13888,14127,14810,14583,15319,16985,18926,23442,23274,18078,14243,13218,17822,14873,11671,6923,3038,794,145,22571,135499,5981,6601,7204,7273,7401,7047,7498,8421,9290,11442,11575,9105,6972,6241,8033,6582,5099,2677,870,174,13,8833,145283,5636,6405,6684,6854,7409,7536,7821,8564,9636,12000,11699,8973,7271,6977,9789,8291,6572,4246,2168,620,132,13738
2023,2023-01-01,27212,272124,大阪府,八尾市,city,27212,253942,9369,10245,11018,11791,12937,12125,12123,13258,15020,19443,21727,17855,14237,12885,18007,15901,13646,8130,3265,831,129,26001,120940,4853,5175,5649,5969,6547,5980,5988,6613,7433,9704,10780,8719,7046,6037,8068,6760,5587,2961,906,150,15,9619,133002,4516,5070,5369,5822,6390,6145,6135,6645,7587,9739,10947,9136,7191,6848,9939,9141,8059,5169,2359,681,114,16382
2023,2023-01-01,27213,272132,大阪府,泉佐野市,city,27213,96421,3272,3726,4059,4642,5943,5259,4755,5072,5564,7644,8093,6864,5517,5265,6503,5346,4497,2881,1208,263,48,8897,46313,1661,1909,2100,2463,2962,2595,2448,2555,2806,3799,4050,3356,2693,2521,2984,2268,1779,1003,314,44,3,3143,50108,1611,1817,1959,2179,2981,2664,2307,2517,2758,3845,4043,3508,2824,2744,3519,3078,2718,1878,894,219,45,5754
2023,2023-01-01,27214,272141,大阪府,富田林市,city,27214,106125,3292,3961,4457,4938,5679,4589,4456,4973,5557,7439,8406,7800,7175,6622,8543,6979,5620,3555,1551,451,82,11259,49882,1636,2067,2303,2466,2794,2299,2225,2416,2712,3551,4059,3585,3373,3217,3908,3065,2363,1307,446,81,9,4206,56243,1656,1894,2154,2472,2885,2290,2231,2557,2845,3888,4347,4215,3802,3405,4635,3914,3257,2248,1105,370,73,7053
2023,2023-01-01,27215,272159,大阪府,寝屋川市,city,27215,224267,7348,8375,9431,10017,11107,10694,9970,11159,12998,17970,19698,15336,12366,12036,17636,15353,12508,6902,2645,622,96,22773,108076,3798,4322,4805,5119,5644,5358,5059,5604,6550,9144,9836,7805,6151,5817,7850,6535,5188,2608,761,113,9,8679,116191,3550,4053,4626,4898,5463,5336,4911,5555,6448,8826,9862,7531,6215,6219,9786,8818,7320,4294,1884,509,87,14094
2023,2023-01-01,27216,272167,大阪府,河内長野市,city,27216,99626,2562,3435,3871,4140,4543,3622,3770,4611,5037,6734,7563,6640,6679,7209,9262,7857,6151,3693,1684,504,59,12091,46879,1279,1789,2006,2081,2297,1784,1882,2266,2425,3307,3560,3091,3049,3429,4228,3539,2787,1468,502,103,7,4867,52747,1283,1646,1865,2059,2246,1838,1888,2345,2612,3427,4003,3549,3630,3780,5034,4318,3364,2225,1182,401,52,7224
2023,2023-01-01,27217,272175,大阪府,松原市,city,27217,114921,3753,4109,4582,5188,6291,5766,5532,5420,5991,8439,10177,8206,6529,5894,8519,7864,6878,3914,1441,369,59,12661,55112,1915,2105,2379,2616,3143,2896,2776,2797,3081,4201,5034,4064,3273,2785,3838,3351,2912,1469,390,83,4,4858,59809,1838,2004,2203,2572,3148,2870,2756,2623,2910,4238,5143,4142,3256,3109,4681,4513,3966,2445,1051,286,55,7803
2023,2023-01-01,27218,272183,大阪府,大東市,city,27218,114309,3816,4289,4915,5561,6528,5751,5593,5717,6584,9235,10124,8208,6079,5889,8283,7095,5914,3229,1166,294,39,10642,55552,1940,2218,2481,2805,3381,2909,2847,2932,3363,4629,5095,4132,3045,2806,3745,3061,2506,1256,341,58,2,4163,58757,1876,2071,2434,2756,3147,2842,2746,2785,3221,4606,5029,4076,3034,3083,4538,4034,3408,1973,825,236,37,6479
2023,2023-01-01,27219,272191,大阪府,和泉市,city,27219,180801,6492,7921,9525,9695,10219,8192,8166,9560,11195,14477,15415,12478,10600,9792,12540,10049,7487,4470,1922,516,90,14485,87159,3314,4066,4800,4946,5338,4107,4076,4703,5579,7085,7576,6064,5219,4590,5762,4465,3210,1618,545,84,12,5469,93642,3178,3855,4725,4749,4881,4085,4090,4857,5616,7392,7839,6414,5381,5202,6778,5584,4277,2852,1377,432,78,9016
2023,2023-01-01,27220,272205,大阪府,箕面市,city,27220,136158,5403,7260,7783,7011,6976,5237,6045,8232,9395,11019,11027,8453,7119,6807,8825,7641,5996,3620,1730,503,76,11925,65124,2784,3655,4012,3660,3676,2581,2898,3963,4504,5397,5383,4129,3364,3129,3943,3329,2679,1430,494,102,12,4717,71034,2619,3605,3771,3351,3300,2656,3147,4269,4891,5622,5644,4324,3755,3678,4882,4312,3317,2190,1236,401,64,7208
2023,2023-01-01,27221,272213,大阪府,柏原市,city,27221,65562,2009,2436,2731,3037,3512,3016,3056,3309,3672,4736,5369,4720,3973,3833,5285,4271,3477,2069,801,214,36,6597,31347,1029,1249,1415,1503,1801,1519,1544,1650,1834,2359,2641,2293,1954,1830,2332,1884,1500,747,224,36,3,2510,34215,980,1187,1316,1534,1711,1497,1512,1659,1838,2377,2728,2427,2019,2003,2953,2387,1977,1322,577,178,33,4087
2023,2023-01-01,27222,272221,大阪府,羽曳野市,city,27222,107587,3453,4020,4539,5319,5718,5036,4646,5174,5915,7951,9079,7683,6318,6048,8202,7145,5933,3469,1492,392,55,11341,51085,1773,2054,2286,2680,2904,2536,2360,2586,2921,3827,4486,3750,3097,2831,3628,3131,2489,1249,422,71,4,4235,56502,1680,1966,2253,2639,2814,2500,2286,2588,2994,4124,4593,3933,3221,3217,4574,4014,3444,2220,1070,321,51,7106
2023,2023-01-01,27223,272230,大阪府,門真市,city,27223,114443,3156,3462,4154,5000,6138,6371,5402,5502,6076,9087,10813,8609,6126,5864,8787,7672,6858,3764,1304,255,43,12224,56199,1597,1812,2122,2541,3174,3308,2800,2874,3178,4675,5589,4450,3135,3005,4031,3354,2709,1398,398,45,4,4554,58244,1559,1650,2032,2459,2964,3063,2602,2628,2898,4412,5224,4159,2991,2859,4756,4318,4149,2366,906,210,39,7670
2023,2023-01-01,27224,272248,大阪府,摂津市,city,27224,84791,3613,3577,3538,3796,4388,4796,5125,5172,5464,6898,7104,5146,4157,3985,5848,5089,4005,2087,772,184,47,7095,41787,1785,1833,1785,1945,2259,2412,2545,2647,2804,3613,3693,2721,2151,1889,2685,2232,1724,804,221,34,5,2788,43004,1828,1744,1753,1851,2129,2384,2580,2525,2660,3285,3411,2425,2006,2096,3163,2857,2281,1283,551,150,42,4307
2023,2023-01-01,27225,272256,大阪府,高石市,city,27225,56394,2158,2384,2539,2759,3115,2676,2858,3000,3299,4235,4737,3772,3197,3009,4000,3287,2720,1671,755,196,27,5369,26862,1083,1186,1264,1387,1616,1355,1441,1477,1646,2101,2293,1843,1567,1416,1809,1447,1091,590,206,41,3,1931,29532,1075,1198,1275,1372,1499,1321,1417,1523,1653,2134,2444,1929,1630,1593,2191,1840,1629,1081,549,155,24,3438
2023,2023-01-01,27226,272264,大阪府,藤井寺市,city,27226,62407,2019,2464,2889,3037,3276,3053,2779,3187,3717,4839,5319,4275,3585,3359,4459,3834,3230,1951,882,224,29,6316,29648,1050,1286,1519,1491,1609,1486,1369,1576,1834,2381,2647,2039,1733,1601,2009,1642,1334,748,238,52,4,2376,32759,969,1178,1370,1546,1667,1567,1410,1611,1883,2458,2672,2236,1852,1758,2450,2192,1896,1203,644,172,25,3940
2023,2023-01-01,27227,272272,大阪府,東大阪市,city,27227,460759,14961,16507,18734,20970,25345,24506,22556,24110,26471,35506,40733,32866,26306,23544,33118,28714,24015,14649,5576,1364,208,45812,223721,7700,8449,9586,10627,12878,12285,11535,12456,13515,18021,20705,16551,13233,11572,15323,12376,9797,5301,1529,257,25,16909,237038,7261,8058,9148,10343,12467,12221,11021,11654,12956,17485,20028,16315,13073,11972,17795,16338,14218,9348,4047,1107,183,28903
2023,2023-01-01,27228,272281,大阪府,泉南市,city,27228,58719,1963,2373,2751,3184,3279,2697,2542,2772,3216,4405,4829,3851,3361,3251,4581,3883,3042,1753,766,194,26,5781,28304,987,1251,1390,1598,1635,1373,1309,1395,1609,2176,2405,1941,1651,1544,2083,1725,1352,632,208,39,1,2232,30415,976,1122,1361,1586,1644,1324,1233,1377,1607,2229,2424,1910,1710,1707,2498,2158,1690,1121,558,155,25,3549
2023,2023-01-01,27229,272299,大阪府,四條畷市,city,27229,54128,1871,2216,2371,2991,3109,2543,2520,2630,3092,4530,5080,3823,2728,2462,3731,3472,2778,1446,559,152,24,4959,26336,933,1120,1220,1587,1604,1282,1250,1310,1547,2259,2544,1931,1413,1212,1621,1525,1227,570,155,23,3,1978,27792,938,1096,1151,1404,1505,1261,1270,1320,1545,2271,2536,1892,1315,1250,2110,1947,1551,876,404,129,21,2981
2023,2023-01-01,27230,272302,大阪府,交野市,city,27230,76739,2898,3354,3533,3861,3921,3322,3399,3943,4375,6015,6701,5393,4262,3899,5368,5001,4070,2252,887,239,46,7494,36895,1440,1724,1805,1994,2005,1617,1675,1949,2135,2918,3278,2657,2130,1895,2358,2135,1844,972,303,57,4,3180,39844,1458,1630,1728,1867,1916,1705,1724,1994,2240,3097,3423,2736,2132,2004,3010,2866,2226,1280,584,182,42,4314
2023,2023-01-01,27231,272311,大阪府,大阪狭山市,city,27231,57764,2424,2793,2763,2853,2974,2378,2799,3293,3530,4483,4414,3545,3257,3164,4094,3514,2734,1704,796,225,27,5486,27153,1219,1433,1396,1492,1425,1145,1361,1611,1667,2174,2142,1681,1532,1466,1776,1522,1157,652,237,58,7,2111,30611,1205,1360,1367,1361,1549,1233,1438,1682,1863,2309,2272,1864,1725,1698,2318,1992,1577,1052,559,167,20,3375
2023,2023-01-01,27232,272329,大阪府,阪南市,city,27232,51111,1258,1750,2226,2412,2552,1897,1966,2268,2811,3772,4012,3531,3181,3511,4661,3864,2917,1580,717,199,26,5439,24315,682,888,1123,1226,1260,965,970,1102,1375,1835,1996,1736,1503,1609,2164,1786,1249,599,201,42,4,2095,26796,576,862,1103,1186,1292,932,996,1166,1436,1937,2016,1795,1678,1902,2497,2078,1668,981,516,157,22,3344
2023,2023-01-01,27300,273007,大阪府,三島郡,gun_agg,,31387,1367,1570,1642,1414,1278,1113,1525,1974,2187,2427,2349,1974,1749,1765,2411,1929,1362,837,383,119,12,2713,14838,675,795,805,739,632,531,753,952,1081,1210,1120,956,821,791,1089,872,591,303,99,20,3,1016,16549,692,775,837,675,646,582,772,1022,1106,1217,1229,1018,928,974,1322,1057,771,534,284,99,9,1697
2023,2023-01-01,27301,273015,大阪府,三島郡島本町,town,27301,31387,1367,1570,1642,1414,1278,1113,1525,1974,2187,2427,2349,1974,1749,1765,2411,1929,1362,837,383,119,12,2713,14838,675,795,805,739,632,531,753,952,1081,1210,1120,956,821,791,1089,872,591,303,99,20,3,1016,16549,692,775,837,675,646,582,772,1022,1106,1217,1229,1018,928,974,1322,1057,771,534,284,99,9,1697
2023,2023-01-01,27320,273201,大阪府,豊能郡,gun_agg,,27553,421,602,755,897,934,753,791,1008,1150,1486,1845,1927,2101,2527,3557,2841,1972,1190,580,192,24,3958,13225,224,292,393,470,521,394,399,480,583,748,933,895,988,1205,1691,1356,928,511,177,37,0,1653,14328,197,310,362,427,413,359,392,528,567,738,912,1032,1113,1322,1866,1485,1044,679,403,155,24,2305
2023,2023-01-01,27321,273210,大阪府,豊能郡豊能町,town,27321,18388,272,398,513,583,614,485,505,644,780,957,1183,1178,1364,1660,2446,2045,1419,836,379,116,11,2761,8791,150,203,263,308,355,254,255,302,389,470,603,535,619,765,1138,973,687,377,123,22,0,1209,9597,122,195,250,275,259,231,250,342,391,487,580,643,745,895,1308,1072,732,459,256,94,11,1552
2023,2023-01-01,27322,273228,大阪府,豊能郡能勢町,town,27322,9165,149,204,242,314,320,268,286,364,370,529,662,749,737,867,1111,796,553,354,201,76,13,1197,4434,74,89,130,162,166,140,144,178,194,278,330,360,369,440,553,383,241,134,54,15,0,444,4731,75,115,112,152,154,128,142,186,176,251,332,389,368,427,558,413,312,220,147,61,13,753
2023,2023-01-01,27340,273406,大阪府,泉北郡,gun_agg,,16138,536,616,718,900,903,789,754,790,861,1283,1427,1077,892,836,1159,969,788,528,235,63,14,1628,7777,272,312,372,466,462,416,390,387,441,647,725,526,440,422,521,406,322,177,54,18,1,572,8361,264,304,346,434,441,373,364,403,420,636,702,551,452,414,638,563,466,351,181,45,13,1056
2023,2023-01-01,27341,273414,大阪府,泉北郡忠岡町,town,27341,16138,536,616,718,900,903,789,754,790,861,1283,1427,1077,892,836,1159,969,788,528,235,63,14,1628,7777,272,312,372,466,462,416,390,387,441,647,725,526,440,422,521,406,322,177,54,18,1,572,8361,264,304,346,434,441,373,364,403,420,636,702,551,452,414,638,563,466,351,181,45,13,1056
2023,2023-01-01,27360,273601,大阪府,泉南郡,gun_agg,,65591,2189,2655,2994,3574,3645,2525,2522,3306,3757,4851,5199,4211,3747,3926,5502,4505,3352,1879,938,275,39,6483,31620,1109,1400,1553,1894,1932,1323,1207,1643,1820,2380,2569,2076,1848,1791,2497,2046,1526,696,249,57,4,2532,33971,1080,1255,1441,1680,1713,1202,1315,1663,1937,2471,2630,2135,1899,2135,3005,2459,1826,1183,689,218,35,3951
2023,2023-01-01,27361,273619,大阪府,泉南郡熊取町,town,27361,42653,1579,1881,2096,2358,2273,1669,1725,2299,2583,3201,3369,2618,2407,2567,3526,2844,1972,1015,499,149,23,3658,20614,800,1011,1090,1228,1196,873,815,1148,1221,1568,1651,1264,1157,1163,1601,1321,940,398,140,27,2,1507,22039,779,870,1006,1130,1077,796,910,1151,1362,1633,1718,1354,1250,1404,1925,1523,1032,617,359,122,21,2151
2023,2023-01-01,27362,273627,大阪府,泉南郡田尻町,town,27362,8363,324,368,414,610,735,417,366,423,465,707,669,468,398,356,484,423,351,231,115,36,3,736,4143,161,176,219,345,414,224,175,205,241,350,340,251,215,155,219,187,152,83,22,8,1,266,4220,163,192,195,265,321,193,191,218,224,357,329,217,183,201,265,236,199,148,93,28,2,470
2023,2023-01-01,27366,273660,大阪府,泉南郡岬町,town,27366,14575,286,406,484,606,637,439,431,584,709,943,1161,1125,942,1003,1492,1238,1029,633,324,90,13,2089,6863,148,213,244,321,322,226,217,290,358,462,578,561,476,473,677,538,434,215,87,22,1,759,7712,138,193,240,285,315,213,214,294,351,481,583,564,466,530,815,700,595,418,237,68,12,1330
2023,2023-01-01,27380,273805,大阪府,南河内郡,gun_agg,,32532,848,1193,1402,1615,1740,1155,1170,1377,1674,2261,2580,2305,2103,2154,2808,2423,1862,1155,535,146,26,3724,15796,430,630,749,829,911,582,602,689,832,1152,1293,1120,1027,1071,1288,1142,831,423,165,27,3,1449,16736,418,563,653,786,829,573,568,688,842,1109,1287,1185,1076,1083,1520,1281,1031,732,370,119,23,2275
2023,2023-01-01,27381,273813,大阪府,南河内郡太子町,town,27381,12832,364,534,557,705,754,514,486,566,671,919,1069,969,821,793,1025,831,641,354,198,54,7,1254,6260,180,293,281,363,382,275,246,278,348,456,537,481,402,395,465,395,295,123,54,10,1,483,6572,184,241,276,342,372,239,240,288,323,463,532,488,419,398,560,436,346,231,144,44,6,771
2023,2023-01-01,27382,273821,大阪府,南河内郡河南町,town,27382,14832,388,535,683,730,821,498,554,646,784,1027,1193,1058,974,976,1182,1042,847,574,241,65,14,1741,7236,209,279,380,372,440,238,284,324,381,534,601,500,481,489,560,483,364,221,82,12,2,681,7596,179,256,303,358,381,260,270,322,403,493,592,558,493,487,622,559,483,353,159,53,12,1060
2023,2023-01-01,27383,273830,大阪府,南河内郡千早赤阪村,village,27383,4868,96,124,162,180,165,143,130,165,219,315,318,278,308,385,601,550,374,227,96,27,5,729,2300,41,58,88,94,89,69,72,87,103,162,155,139,144,187,263,264,172,79,29,5,0,285,2568,55,66,74,86,76,74,58,78,116,153,163,139,164,198,338,286,202,148,67,22,5,444
2023,2023-01-01,28000,280003,兵庫県,,pref,,5338902,185352,222318,241673,248451,258987,239836,253636,294151,327685,407132,421915,355080,321399,313477,400081,316414,251250,169945,82671,23804,3645,531315,2552989,94759,113981,123621,127358,130806,119128,126703,146897,161751,200461,207760,173564,154924,150081,186041,140432,104791,61355,23348,4826,402,194722,2785913,90593,108337,118052,121093,128181,120708,126933,147254,165934,206671,214155,181516,166475,163396,214040,175982,146459,108590,59323,18978,3243,336593
2023,2023-01-01,28100,281000,兵庫県,神戸市,city_agg,,1459070,47965,58729,64174,65950,72022,67628,69357,81106,90778,112615,115966,97783,89601,85451,108393,85598,68593,47140,22822,6434,965,145954,689532,24590,30190,32804,33729,35529,32697,34077,39805,43956,54461,56721,47240,42842,40442,50343,37920,27919,16506,6327,1311,123,52186,769538,23375,28539,31370,32221,36493,34931,35280,41301,46822,58154,59245,50543,46759,45009,58050,47678,40674,30634,16495,5123,842,93768
2023,2023-01-01,28101,281018,兵庫県,神戸市東灘区,ward,28100,205365,7607,9226,9566,9957,10617,9037,9715,11479,13407,16743,17731,14707,12711,11012,13183,10334,8210,5976,3094,913,140,18333,95823,3935,4750,4934,5074,5202,4244,4607,5424,6279,7901,8337,7069,6027,5218,5958,4453,3282,2064,845,200,20,6411,109542,3672,4476,4632,4883,5415,4793,5108,6055,7128,8842,9394,7638,6684,5794,7225,5881,4928,3912,2249,713,120,11922
2023,2023-01-01,28102,281026,兵庫県,神戸市灘区,ward,28100,127960,4641,5692,5992,5938,6948,6108,6271,7593,8709,10533,10698,8540,7105,6378,8173,6511,5272,4036,2143,599,80,12130,59523,2362,2952,3026,3043,3546,2901,3020,3596,4082,4898,5185,4051,3412,2987,3671,2803,2017,1292,540,130,9,3988,68437,2279,2740,2966,2895,3402,3207,3251,3997,4627,5635,5513,4489,3693,3391,4502,3708,3255,2744,1603,469,71,8142
2023,2023-01-01,28105,281051,兵庫県,神戸市兵庫区,ward,28100,102558,3014,3208,3545,3680,5614,7013,6097,6135,6273,7759,8038,6691,5890,5531,7145,5785,5141,3710,1711,502,76,11140,49690,1549,1616,1854,1885,2673,3424,3148,3167,3197,3992,4123,3481,3010,2775,3515,2543,1972,1224,430,101,11,3738,52868,1465,1592,1691,1795,2941,3589,2949,2968,3076,3767,3915,3210,2880,2756,3630,3242,3169,2486,1281,401,65,7402
2023,2023-01-01,28106,281069,兵庫県,神戸市長田区,ward,28100,88490,2445,2791,3146,3411,4196,4625,4276,4569,4765,6326,6899,6104,5471,5226,7265,5827,5159,3741,1689,479,80,11148,42393,1261,1442,1656,1686,2137,2447,2225,2361,2448,3172,3533,3080,2746,2554,3525,2465,1941,1194,423,84,13,3655,46097,1184,1349,1490,1725,2059,2178,2051,2208,2317,3154,3366,3024,2725,2672,3740,3362,3218,2547,1266,395,67,7493
2023,2023-01-01,28107,281077,兵庫県,神戸市須磨区,ward,28100,154557,5250,6098,6324,6471,6883,6160,6853,8100,8970,11101,11773,10115,9787,9500,12787,10678,8592,5720,2598,701,96,17707,71779,2676,3123,3170,3277,3438,2863,3270,3935,4310,5380,5641,4816,4584,4352,5763,4728,3508,2065,728,144,8,6453,82778,2574,2975,3154,3194,3445,3297,3583,4165,4660,5721,6132,5299,5203,5148,7024,5950,5084,3655,1870,557,88,11254
2023,2023-01-01,28108,281085,兵庫県,神戸市垂水区,ward,28100,212082,7192,9793,10478,10018,9315,7917,9011,11775,13487,16140,16149,13785,12333,12277,15781,13131,11022,7608,3677,1048,145,23500,99605,3718,5083,5384,5152,4725,3901,4378,5724,6511,7818,7807,6560,5763,5772,7109,5764,4393,2718,1093,211,21,8436,112477,3474,4710,5094,4866,4590,4016,4633,6051,6976,8322,8342,7225,6570,6505,8672,7367,6629,4890,2584,837,124,15064
2023,2023-01-01,28109,281093,兵庫県,神戸市北区,ward,28100,209435,6485,8214,9710,10383,9730,8173,8503,10330,11831,15727,16531,13909,13260,13042,17131,14030,11112,6947,3342,895,150,22446,99718,3355,4150,4912,5377,4829,4003,4166,5134,5690,7726,8160,6809,6307,6140,7950,6229,4861,2705,1013,188,14,8781,109717,3130,4064,4798,5006,4901,4170,4337,5196,6141,8001,8371,7100,6953,6902,9181,7801,6251,4242,2329,707,136,13665
2023,2023-01-01,28110,281107,兵庫県,神戸市中央区,ward,28100,125881,4368,4321,4068,4030,7011,9298,8622,8846,9053,10390,9955,8162,7051,6286,7844,6025,4767,3547,1671,495,71,10551,58350,2181,2197,2040,2025,3049,4237,4158,4295,4368,4887,4861,3935,3438,2990,3634,2627,1785,1129,416,85,13,3428,67531,2187,2124,2028,2005,3962,5061,4464,4551,4685,5503,5094,4227,3613,3296,4210,3398,2982,2418,1255,410,58,7123
2023,2023-01-01,28111,281115,兵庫県,神戸市西区,ward,28100,232742,6963,9386,11345,12062,11708,9297,10009,12279,14283,17896,18192,15770,15993,16199,19084,13277,9318,5855,2897,802,127,18999,112651,3553,4877,5828,6210,5930,4677,5105,6169,7071,8687,9074,7439,7555,7654,9218,6308,4160,2115,839,168,14,7296,120091,3410,4509,5517,5852,5778,4620,4904,6110,7212,9209,9118,8331,8438,8545,9866,6969,5158,3740,2058,634,113,11703
2023,2023-01-01,28201,282014,兵庫県,姫路市,city,28201,516292,19329,22454,24578,25213,26942,25487,25689,28877,31962,39990,40466,33533,29823,28868,36639,29352,23248,15003,6694,1854,291,47090,250500,9874,11524,12715,12797,14000,13320,13260,14803,16206,20000,20189,16458,14529,14052,16972,12738,9529,5345,1776,388,25,17063,265792,9455,10930,11863,12416,12942,12167,12429,14074,15756,19990,20277,17075,15294,14816,19667,16614,13719,9658,4918,1466,266,30027
2023,2023-01-01,28202,282022,兵庫県,尼崎市,city,28202,446553,16572,16724,17771,18205,21505,25505,25682,26178,28025,35081,37038,30162,24603,23098,31313,25896,21528,13879,5980,1582,226,43195,216534,8524,8582,9037,9334,10806,12691,13021,13285,14223,17840,18796,15269,12286,11248,14668,11357,8772,4925,1575,280,15,15567,230019,8048,8142,8734,8871,10699,12814,12661,12893,13802,17241,18242,14893,12317,11850,16645,14539,12756,8954,4405,1302,211,27628
2023,2023-01-01,28203,282031,兵庫県,明石市,city,28203,301842,14015,14579,13901,13136,13741,15358,17647,19027,19357,22282,23209,19542,16584,15662,20746,16716,13271,8201,3724,999,145,26340,145438,7170,7355,7070,6723,6990,7664,8801,9647,9553,10961,11496,9603,8105,7591,9554,7339,5588,2929,1073,207,19,9816,156404,6845,7224,6831,6413,6751,7694,8846,9380,9804,11321,11713,9939,8479,8071,11192,9377,7683,5272,2651,792,126,16524
2023,2023-01-01,28204,282049,兵庫県,西宮市,city,28204,475000,18180,21577,23203,24554,25245,21653,23357,27166,31270,39430,41949,33562,27106,23633,29911,24040,18762,12531,5978,1670,223,39164,223889,9195,10985,11873,12711,12589,10045,11115,13057,14774,18572,20151,16581,12995,11079,13485,10485,7691,4435,1724,327,20,14197,251111,8985,10592,11330,11843,12656,11608,12242,14109,16496,20858,21798,16981,14111,12554,16426,13555,11071,8096,4254,1343,203,24967
2023,2023-01-01,28205,282057,兵庫県,洲本市,city,28205,41432,1125,1418,1654,1794,1825,1524,1511,1829,2320,2867,2971,2635,2703,2990,3943,2943,2097,1832,1053,341,57,5380,19815,576,759,862,915,905,818,773,922,1187,1445,1472,1299,1275,1443,1900,1362,871,642,309,72,8,1902,21617,549,659,792,879,920,706,738,907,1133,1422,1499,1336,1428,1547,2043,1581,1226,1190,744,269,49,3478
2023,2023-01-01,28206,282065,兵庫県,芦屋市,city,28206,93552,2936,3878,4308,4623,4192,3106,3391,4543,5623,7362,8306,7123,6144,5562,6898,5722,4488,3207,1592,477,71,9835,42192,1469,1952,2198,2398,2139,1379,1514,2076,2509,3272,3736,3265,2810,2499,3044,2428,1780,1125,487,105,7,3504,51360,1467,1926,2110,2225,2053,1727,1877,2467,3114,4090,4570,3858,3334,3063,3854,3294,2708,2082,1105,372,64,6331
2023,2023-01-01,28207,282073,兵庫県,伊丹市,city,28207,199203,8178,9213,9523,9487,10144,9682,10641,11695,13073,16000,16394,13415,10638,9669,12968,10917,8804,5554,2456,644,108,17566,96436,4094,4663,4859,4852,5270,4949,5367,5936,6474,8043,8105,6695,5281,4535,5893,4705,3709,2086,756,154,10,6715,102767,4084,4550,4664,4635,4874,4733,5274,5759,6599,7957,8289,6720,5357,5134,7075,6212,5095,3468,1700,490,98,10851
2023,2023-01-01,28208,282081,兵庫県,相生市,city,28208,27468,846,1061,1166,1143,1077,1030,1103,1330,1575,1944,1892,1672,1531,1728,2627,2136,1719,1129,555,167,37,3607,13242,456,536,599,587,554,558,603,688,824,1010,953,835,739,839,1206,949,730,390,142,37,7,1306,14226,390,525,567,556,523,472,500,642,751,934,939,837,792,889,1421,1187,989,739,413,130,30,2301
2023,2023-01-01,28209,282090,兵庫県,豊岡市,city,28209,76810,2327,2992,3581,3656,3122,2736,3087,3944,4260,5201,5393,4698,5162,5547,6538,4892,3796,3286,1845,656,91,9674,37076,1207,1549,1785,1785,1673,1422,1648,2065,2214,2710,2729,2289,2549,2733,3092,2186,1570,1196,531,131,12,3440,39734,1120,1443,1796,1871,1449,1314,1439,1879,2046,2491,2664,2409,2613,2814,3446,2706,2226,2090,1314,525,79,6234
2023,2023-01-01,28210,282103,兵庫県,加古川市,city,28210,256639,8900,10562,12081,12355,13019,12118,12639,14350,15804,20051,20301,16319,14587,15233,19777,15715,11841,6943,3150,776,118,22828,125556,4589,5509,6172,6396,6749,6383,6618,7338,8052,10180,10098,8058,6945,7335,9137,7069,5247,2604,898,165,14,8928,131083,4311,5053,5909,5959,6270,5735,6021,7012,7752,9871,10203,8261,7642,7898,10640,8646,6594,4339,2252,611,104,13900
2023,2023-01-01,28212,282120,兵庫県,赤穂市,city,28212,44988,1247,1652,1951,2102,2114,1796,1895,2192,2516,3207,3281,2985,2801,2940,3923,3036,2465,1738,862,240,45,5350,21722,642,853,1049,1114,1068,946,1014,1162,1298,1598,1620,1428,1379,1439,1824,1360,1021,643,223,38,3,1928,23266,605,799,902,988,1046,850,881,1030,1218,1609,1661,1557,1422,1501,2099,1676,1444,1095,639,202,42,3422
2023,2023-01-01,28213,282138,兵庫県,西脇市,city,28213,38097,1091,1492,1703,1788,1680,1492,1521,1755,2097,2670,2702,2595,2399,2524,3114,2500,2229,1609,839,247,50,4974,18306,561,793,872,922,845,817,738,915,1074,1326,1365,1284,1187,1228,1450,1115,894,616,263,36,5,1814,19791,530,699,831,866,835,675,783,840,1023,1344,1337,1311,1212,1296,1664,1385,1335,993,576,211,45,3160
2023,2023-01-01,28214,282146,兵庫県,宝塚市,city,28214,227553,7866,10033,10822,11156,11019,8481,9354,11653,13796,18264,20078,16226,13795,12537,16018,13558,10969,7230,3484,1054,160,22897,105427,4027,5140,5396,5618,5230,3882,4398,5512,6490,8572,9511,7778,6463,5878,7077,5804,4662,2747,984,237,21,8651,122126,3839,4893,5426,5538,5789,4599,4956,6141,7306,9692,10567,8448,7332,6659,8941,7754,6307,4483,2500,817,139,14246
2023,2023-01-01,28215,282154,兵庫県,三木市,city,28215,72651,2050,2685,2970,3204,3142,2621,2865,3597,4096,5168,5213,4556,4440,4972,6819,5466,4321,2683,1288,423,72,8787,35003,1072,1325,1522,1663,1572,1295,1465,1853,2087,2620,2651,2212,2127,2349,3164,2485,1952,1102,371,103,13,3541,37648,978,1360,1448,1541,1570,1326,1400,1744,2009,2548,2562,2344,2313,2623,3655,2981,2369,1581,917,320,59,5246
2023,2023-01-01,28216,282162,兵庫県,高砂市,city,28216,86823,3005,3566,4086,4150,4437,3908,4160,4743,5294,6498,6725,5265,4993,5278,7151,5590,4086,2422,1141,292,33,7974,42122,1531,1819,2039,2112,2304,2118,2174,2373,2683,3290,3364,2542,2391,2471,3336,2526,1808,852,325,62,2,3049,44701,1474,1747,2047,2038,2133,1790,1986,2370,2611,3208,3361,2723,2602,2807,3815,3064,2278,1570,816,230,31,4925
2023,2023-01-01,28217,282171,兵庫県,川西市,city,28217,153456,4987,6157,6843,7186,7413,5822,6251,7764,8889,11536,13114,10369,8668,8295,11384,10514,9246,5781,2499,619,119,18264,72368,2603,3169,3506,3685,3663,2706,2958,3829,4263,5566,6385,5153,4050,3827,5079,4486,4083,2390,809,145,13,7440,81088,2384,2988,3337,3501,3750,3116,3293,3935,4626,5970,6729,5216,4618,4468,6305,6028,5163,3391,1690,474,106,10824
2023,2023-01-01,28218,282189,兵庫県,小野市,city,28218,46322,1569,1989,2347,2495,2191,1881,2061,2524,2789,3506,3482,2996,2684,2894,3616,2787,2084,1413,758,214,42,4511,22715,844,1071,1196,1307,1165,969,1074,1276,1409,1745,1761,1485,1296,1415,1686,1311,878,551,238,33,5,1705,23607,725,918,1151,1188,1026,912,987,1248,1380,1761,1721,1511,1388,1479,1930,1476,1206,862,520,181,37,2806
2023,2023-01-01,28219,282197,兵庫県,三田市,city,28219,107212,3342,4875,5200,5168,5304,4419,4820,6077,6320,6980,7517,8279,8912,8314,8427,5215,3600,2610,1415,377,41,8043,51915,1685,2536,2690,2699,2708,2170,2375,3027,3109,3396,3531,3834,4175,4071,4375,2559,1564,939,392,74,6,2975,55297,1657,2339,2510,2469,2596,2249,2445,3050,3211,3584,3986,4445,4737,4243,4052,2656,2036,1671,1023,303,35,5068
2023,2023-01-01,28220,282201,兵庫県,加西市,city,28220,40927,1098,1576,1598,1765,1831,1567,1709,1964,2158,2785,2824,2731,2847,3044,3814,2764,2061,1575,878,291,47,4852,19973,551,776,825,914,954,834,895,1015,1120,1456,1425,1342,1419,1493,1876,1305,883,573,251,61,5,1773,20954,547,800,773,851,877,733,814,949,1038,1329,1399,1389,1428,1551,1938,1459,1178,1002,627,230,42,3079
2023,2023-01-01,28221,282219,兵庫県,丹波篠山市,city,28221,38911,1149,1540,1689,1600,1496,1298,1614,2013,2152,2495,2565,2427,2802,2975,3619,2450,2012,1674,965,332,44,5027,18775,604,781,868,841,783,681,799,1032,1098,1277,1309,1139,1371,1478,1795,1137,813,604,280,80,5,1782,20136,545,759,821,759,713,617,815,981,1054,1218,1256,1288,1431,1497,1824,1313,1199,1070,685,252,39,3245
2023,2023-01-01,28222,282227,兵庫県,養父市,city,28222,21840,638,794,898,969,815,664,767,1007,1133,1340,1314,1246,1597,1797,2029,1543,1229,1097,706,222,35,3289,10534,326,400,479,503,449,353,390,513,596,689,667,611,777,889,1003,712,551,385,197,39,5,1177,11306,312,394,419,466,366,311,377,494,537,651,647,635,820,908,1026,831,678,712,509,183,30,2112
2023,2023-01-01,28223,282235,兵庫県,丹波市,city,28223,60646,1934,2443,2678,2773,2614,2258,2514,2984,3354,4030,3830,3587,4060,4324,5453,3955,3175,2548,1511,521,100,7855,29148,945,1253,1366,1434,1346,1213,1319,1548,1708,2082,1919,1688,1975,2091,2614,1854,1351,888,453,92,9,2793,31498,989,1190,1312,1339,1268,1045,1195,1436,1646,1948,1911,1899,2085,2233,2839,2101,1824,1660,1058,429,91,5062
2023,2023-01-01,28224,282243,兵庫県,南あわじ市,city,28224,44568,1288,1814,1923,2011,1780,1356,1712,2250,2478,2973,3059,2817,2994,3296,4120,3032,2240,1887,1098,378,62,5665,21550,685,924,978,1009,945,708,877,1125,1273,1554,1552,1395,1445,1638,1987,1383,942,710,327,85,8,2072,23018,603,890,945,1002,835,648,835,1125,1205,1419,1507,1422,1549,1658,2133,1649,1298,1177,771,293,54,3593
2023,2023-01-01,28225,282251,兵庫県,朝来市,city,28225,28269,859,1120,1220,1262,1148,949,1081,1416,1511,1844,1843,1777,1914,2210,2551,1743,1456,1246,795,281,43,3821,13624,418,556,649,662,597,498,566,724,774,963,943,888,932,1091,1273,765,589,442,241,49,4,1325,14645,441,564,571,600,551,451,515,692,737,881,900,889,982,1119,1278,978,867,804,554,232,39,2496
2023,2023-01-01,28226,282260,兵庫県,淡路市,city,28226,41942,1166,1622,1704,1695,1688,1370,1590,2075,2366,2733,2626,2501,2730,3125,4058,2862,2356,1987,1228,398,62,6031,20056,579,802,851,880,857,701,831,1057,1180,1379,1281,1220,1335,1574,2002,1364,984,751,345,75,8,2163,21886,587,820,853,815,831,669,759,1018,1186,1354,1345,1281,1395,1551,2056,1498,1372,1236,883,323,54,3868
2023,2023-01-01,28227,282278,兵庫県,宍粟市,city,28227,34965,917,1223,1557,1626,1421,1052,1323,1641,1939,2343,2269,2115,2555,2850,3474,2214,1831,1471,809,290,45,4446,16848,446,658,814,832,730,563,693,870,1000,1236,1125,1041,1212,1415,1668,1008,712,517,249,55,4,1537,18117,471,565,743,794,691,489,630,771,939,1107,1144,1074,1343,1435,1806,1206,1119,954,560,235,41,2909
2023,2023-01-01,28228,282286,兵庫県,加東市,city,28228,38162,1509,1702,1771,1819,1890,1682,1878,2248,2370,2881,2814,2459,2371,2340,2776,1986,1482,1276,661,217,30,3666,18835,761,891,888,932,975,868,999,1150,1253,1470,1445,1217,1197,1151,1349,944,638,475,186,46,0,1345,19327,748,811,883,887,915,814,879,1098,1117,1411,1369,1242,1174,1189,1427,1042,844,801,475,171,30,2321
2023,2023-01-01,28229,282294,兵庫県,たつの市,city,28229,73170,2323,3087,3431,3519,3378,2782,3037,4038,4472,5406,5343,4567,4514,4859,6274,4890,3513,2239,1132,325,41,7250,35375,1199,1598,1774,1789,1747,1444,1547,2101,2295,2730,2648,2268,2174,2338,2945,2167,1513,747,295,54,2,2611,37795,1124,1489,1657,1730,1631,1338,1490,1937,2177,2676,2695,2299,2340,2521,3329,2723,2000,1492,837,271,39,4639
2023,2023-01-01,28300,283002,兵庫県,川辺郡,gun_agg,,29351,617,1192,1527,1821,1329,805,837,1310,1615,2327,2442,1999,2006,2243,2587,1952,1368,780,430,141,23,2742,14022,327,590,772,957,684,379,374,640,734,1136,1190,964,939,1083,1218,940,636,334,102,22,1,1095,15329,290,602,755,864,645,426,463,670,881,1191,1252,1035,1067,1160,1369,1012,732,446,328,119,22,1647
2023,2023-01-01,28301,283011,兵庫県,川辺郡猪名川町,town,28301,29351,617,1192,1527,1821,1329,805,837,1310,1615,2327,2442,1999,2006,2243,2587,1952,1368,780,430,141,23,2742,14022,327,590,772,957,684,379,374,640,734,1136,1190,964,939,1083,1218,940,636,334,102,22,1,1095,15329,290,602,755,864,645,426,463,670,881,1191,1252,1035,1067,1160,1369,1012,732,446,328,119,22,1647
2023,2023-01-01,28360,283606,兵庫県,多可郡,gun_agg,,19097,402,622,781,912,801,622,587,850,923,1218,1327,1288,1415,1420,1751,1389,1206,837,511,199,36,2789,9266,204,321,389,484,432,330,309,445,477,616,679,643,687,701,847,660,504,329,161,45,3,1042,9831,198,301,392,428,369,292,278,405,446,602,648,645,728,719,904,729,702,508,350,154,33,1747
2023,2023-01-01,28365,283657,兵庫県,多可郡多可町,town,28365,19097,402,622,781,912,801,622,587,850,923,1218,1327,1288,1415,1420,1751,1389,1206,837,511,199,36,2789,9266,204,321,389,484,432,330,309,445,477,616,679,643,687,701,847,660,504,329,161,45,3,1042,9831,198,301,392,428,369,292,278,405,446,602,648,645,728,719,904,729,702,508,350,154,33,1747
2023,2023-01-01,28380,283801,兵庫県,加古郡,gun_agg,,64449,2379,3083,3156,2998,2984,2674,2993,3745,4109,5034,4784,3693,3532,3859,5265,4299,3052,1780,810,195,25,5862,31513,1193,1598,1637,1573,1552,1383,1507,1927,2106,2583,2414,1834,1655,1837,2362,1999,1387,689,235,39,3,2353,32936,1186,1485,1519,1425,1432,1291,1486,1818,2003,2451,2370,1859,1877,2022,2903,2300,1665,1091,575,156,22,3509
2023,2023-01-01,28381,283819,兵庫県,加古郡稲美町,town,28381,30126,1008,1356,1385,1400,1287,1059,1234,1652,1852,2314,2241,1752,1775,1953,2750,2172,1542,883,393,106,12,2936,14768,517,718,707,744,673,571,602,846,946,1211,1130,871,836,951,1242,1022,705,346,111,18,1,1181,15358,491,638,678,656,614,488,632,806,906,1103,1111,881,939,1002,1508,1150,837,537,282,88,11,1755
2023,2023-01-01,28382,283827,兵庫県,加古郡播磨町,town,28382,34323,1371,1727,1771,1598,1697,1615,1759,2093,2257,2720,2543,1941,1757,1906,2515,2127,1510,897,417,89,13,2926,16745,676,880,930,829,879,812,905,1081,1160,1372,1284,963,819,886,1120,977,682,343,124,21,2,1172,17578,695,847,841,769,818,803,854,1012,1097,1348,1259,978,938,1020,1395,1150,828,554,293,68,11,1754
2023,2023-01-01,28440,284408,兵庫県,神崎郡,gun_agg,,39875,1157,1531,1821,1902,1743,1499,1597,1994,2232,2688,2662,2589,2653,2882,3551,2648,2043,1518,841,280,44,4726,19216,610,783,930,933,902,780,852,993,1135,1382,1335,1276,1307,1371,1703,1233,874,530,232,52,3,1691,20659,547,748,891,969,841,719,745,1001,1097,1306,1327,1313,1346,1511,1848,1415,1169,988,609,228,41,3035
2023,2023-01-01,28442,284424,兵庫県,神崎郡市川町,town,28442,10981,219,363,463,433,405,334,378,537,549,688,724,757,837,931,1151,764,656,438,249,90,15,1448,5330,105,181,235,236,197,180,191,283,282,362,362,371,407,458,571,362,287,163,77,19,1,547,5651,114,182,228,197,208,154,187,254,267,326,362,386,430,473,580,402,369,275,172,71,14,901
2023,2023-01-01,28443,284432,兵庫県,神崎郡福崎町,town,28443,18328,656,818,925,962,917,803,815,989,1147,1363,1278,1094,1094,1111,1414,1154,803,579,299,92,15,1788,8871,374,417,463,475,485,428,430,477,581,698,648,544,532,517,629,531,336,203,84,17,2,642,9457,282,401,462,487,432,375,385,512,566,665,630,550,562,594,785,623,467,376,215,75,13,1146
2023,2023-01-01,28446,284467,兵庫県,神崎郡神河町,town,28446,10566,282,350,433,507,421,362,404,468,536,637,660,738,722,840,986,730,584,501,293,98,14,1490,5015,131,185,232,222,220,172,231,233,272,322,325,361,368,396,503,340,251,164,71,16,0,502,5551,151,165,201,285,201,190,173,235,264,315,335,377,354,444,483,390,333,337,222,82,14,988
2023,2023-01-01,28460,284602,兵庫県,揖保郡,gun_agg,,33469,1195,1547,1840,1868,1818,1377,1537,1823,2146,2826,2697,1951,1657,1909,2567,1967,1496,805,329,99,15,2744,16403,611,818,962,984,908,669,768,887,1085,1430,1407,985,798,905,1162,888,718,312,85,19,2,1136,17066,584,729,878,884,910,708,769,936,1061,1396,1290,966,859,1004,1405,1079,778,493,244,80,13,1608
2023,2023-01-01,28464,284645,兵庫県,揖保郡太子町,town,28464,33469,1195,1547,1840,1868,1818,1377,1537,1823,2146,2826,2697,1951,1657,1909,2567,1967,1496,805,329,99,15,2744,16403,611,818,962,984,908,669,768,887,1085,1430,1407,985,798,905,1162,888,718,312,85,19,2,1136,17066,584,729,878,884,910,708,769,936,1061,1396,1290,966,859,1004,1405,1079,778,493,244,80,13,1608
2023,2023-01-01,28480,284807,兵庫県,赤穂郡,gun_agg,,13873,224,423,525,608,534,400,450,608,668,921,933,879,1031,1176,1493,1136,837,591,318,100,18,1864,6766,115,228,304,314,280,219,238,332,355,471,480,429,514,565,718,546,365,185,88,18,2,658,7107,109,195,221,294,254,181,212,276,313,450,453,450,517,611,775,590,472,406,230,82,16,1206
2023,2023-01-01,28481,284815,兵庫県,赤穂郡上郡町,town,28481,13873,224,423,525,608,534,400,450,608,668,921,933,879,1031,1176,1493,1136,837,591,318,100,18,1864,6766,115,228,304,314,280,219,238,332,355,471,480,429,514,565,718,546,365,185,88,18,2,658,7107,109,195,221,294,254,181,212,276,313,450,453,450,517,611,775,590,472,406,230,82,16,1206
2023,2023-01-01,28500,285005,兵庫県,佐用郡,gun_agg,,15277,319,465,527,624,532,394,497,653,760,912,854,906,1221,1420,1624,1051,939,853,530,174,22,2518,7348,162,243,274,309,320,200,275,346,398,488,437,428,590,710,824,513,359,307,130,30,5,831,7929,157,222,253,315,212,194,222,307,362,424,417,478,631,710,800,538,580,546,400,144,17,1687
2023,2023-01-01,28501,285013,兵庫県,佐用郡佐用町,town,28501,15277,319,465,527,624,532,394,497,653,760,912,854,906,1221,1420,1624,1051,939,853,530,174,22,2518,7348,162,243,274,309,320,200,275,346,398,488,437,428,590,710,824,513,359,307,130,30,5,831,7929,157,222,253,315,212,194,222,307,362,424,417,478,631,710,800,538,580,546,400,144,17,1687
2023,2023-01-01,28580,285803,兵庫県,美方郡,gun_agg,,29148,648,898,1165,1314,1051,840,882,1182,1455,1724,1732,1833,2326,2553,2870,1940,1807,1590,984,295,59,4735,13949,314,451,617,661,586,476,471,623,779,912,870,888,1173,1277,1410,830,704,554,288,60,5,1611,15199,334,447,548,653,465,364,411,559,676,812,862,945,1153,1276,1460,1110,1103,1036,696,235,54,3124
2023,2023-01-01,28585,285854,兵庫県,美方郡香美町,town,28585,15878,351,485,635,708,587,461,480,623,748,945,982,1032,1267,1351,1500,1074,1036,903,513,164,33,2649,7581,165,247,330,356,331,254,250,339,400,499,492,516,634,681,744,438,402,303,166,30,4,905,8297,186,238,305,352,256,207,230,284,348,446,490,516,633,670,756,636,634,600,347,134,29,1744
2023,2023-01-01,28586,285862,兵庫県,美方郡新温泉町,town,28586,13270,297,413,530,606,464,379,402,559,707,779,750,801,1059,1202,1370,866,771,687,471,131,26,2086,6368,149,204,287,305,255,222,221,284,379,413,378,372,539,596,666,392,302,251,122,30,1,706,6902,148,209,243,301,209,157,181,275,328,366,372,429,520,606,704,474,469,436,349,101,25,1380
2023,2023-01-01,29000,290009,奈良県,,pref,,1310077,41768,51158,56979,61732,61864,53314,56812,67187,75765,94944,100310,87203,80741,82545,108271,86528,69445,44596,21436,6493,986,142956,620885,21497,26096,29041,31597,31027,26289,28109,32978,36811,46389,48748,41766,38520,38878,49839,38471,30057,17161,6185,1309,117,54829,689192,20271,25062,27938,30135,30837,27025,28703,34209,38954,48555,51562,45437,42221,43667,58432,48057,39388,27435,15251,5184,869,88127
2023,2023-01-01,29201,292010,奈良県,奈良市,city,29201,347293,11025,13342,14536,15365,16421,14037,15013,18121,20131,25438,27298,23880,21494,21735,28364,22736,18404,12117,5804,1760,272,38357,162435,5730,6767,7374,7834,8068,6852,7318,8668,9674,12208,12934,11240,10229,10084,12870,9942,7815,4669,1752,370,37,14643,184858,5295,6575,7162,7531,8353,7185,7695,9453,10457,13230,14364,12640,11265,11651,15494,12794,10589,7448,4052,1390,235,23714
2023,2023-01-01,29202,292028,奈良県,大和高田市,city,29202,62037,1697,1909,2183,2485,2966,2973,2882,2959,3211,4217,4968,4865,4616,4142,5137,4184,3367,2160,842,246,28,6643,29256,853,994,1086,1272,1475,1494,1432,1507,1605,2108,2350,2277,2205,1999,2369,1757,1394,792,238,48,1,2473,32781,844,915,1097,1213,1491,1479,1450,1452,1606,2109,2618,2588,2411,2143,2768,2427,1973,1368,604,198,27,4170
2023,2023-01-01,29203,292036,奈良県,大和郡山市,city,29203,82909,2407,2984,3460,3822,3770,3355,3479,4197,4687,6036,6478,5484,4916,5263,7123,5845,4868,2924,1337,412,62,9603,39326,1257,1487,1753,1971,1871,1689,1716,2130,2302,3026,3178,2632,2355,2415,3298,2546,2118,1119,384,77,2,3700,43583,1150,1497,1707,1851,1899,1666,1763,2067,2385,3010,3300,2852,2561,2848,3825,3299,2750,1805,953,335,60,5903
2023,2023-01-01,29204,292044,奈良県,天理市,city,29204,61186,2105,2560,2710,4164,3973,3139,2865,3104,3362,4155,4497,4040,3502,3421,4438,3343,2642,1884,948,274,60,5808,29919,1069,1261,1424,2286,2034,1603,1470,1528,1677,2103,2247,2029,1754,1640,2117,1486,1106,728,293,58,6,2191,31267,1036,1299,1286,1878,1939,1536,1395,1576,1685,2052,2250,2011,1748,1781,2321,1857,1536,1156,655,216,54,3617
2023,2023-01-01,29205,292052,奈良県,橿原市,city,29205,118581,4050,4636,5225,5572,5929,5745,5943,6400,7236,8828,9351,7858,6922,6813,9019,7383,6065,3578,1551,417,60,11671,56288,2072,2345,2687,2791,2956,2789,2981,3168,3507,4287,4539,3769,3232,3175,4065,3241,2658,1445,481,91,9,4684,62293,1978,2291,2538,2781,2973,2956,2962,3232,3729,4541,4812,4089,3690,3638,4954,4142,3407,2133,1070,326,51,6987
2023,2023-01-01,29206,292061,奈良県,桜井市,city,29206,54730,1681,2058,2346,2532,2498,2387,2450,2912,3132,3849,3924,3655,3644,3580,4614,3445,2843,1900,969,270,41,6023,25954,823,1057,1198,1309,1299,1151,1226,1438,1550,1873,1889,1781,1694,1709,2149,1531,1229,700,283,61,4,2277,28776,858,1001,1148,1223,1199,1236,1224,1474,1582,1976,2035,1874,1950,1871,2465,1914,1614,1200,686,209,37,3746
2023,2023-01-01,29207,292079,奈良県,五條市,city,29207,27610,490,808,988,1127,1170,927,986,1124,1349,1645,1903,2011,2129,2305,2804,1857,1697,1331,711,211,37,3987,13197,265,405,489,596,620,502,492,599,685,854,966,945,1027,1139,1350,868,662,492,193,44,4,1395,14413,225,403,499,531,550,425,494,525,664,791,937,1066,1102,1166,1454,989,1035,839,518,167,33,2592
2023,2023-01-01,29208,292087,奈良県,御所市,city,29208,23690,475,579,708,863,974,864,850,923,1041,1350,1705,1645,1707,1835,2446,1998,1696,1181,620,199,31,3727,11099,241,298,371,412,480,454,445,485,534,675,845,788,855,894,1129,891,654,447,161,36,4,1302,12591,234,281,337,451,494,410,405,438,507,675,860,857,852,941,1317,1107,1042,734,459,163,27,2425
2023,2023-01-01,29209,292095,奈良県,生駒市,city,29209,116569,3946,5333,6044,6254,5578,4030,4470,6030,7367,9587,9671,7518,6538,6737,8984,7722,5550,3249,1418,478,65,10760,55301,2019,2755,3092,3163,2793,1937,2150,2820,3432,4600,4683,3707,3070,3136,4074,3522,2529,1329,381,102,7,4348,61268,1927,2578,2952,3091,2785,2093,2320,3210,3935,4987,4988,3811,3468,3601,4910,4200,3021,1920,1037,376,58,6412
2023,2023-01-01,29210,292109,奈良県,香芝市,city,29210,78144,3171,3823,4382,4621,4206,3489,3889,4266,5160,6562,6660,5094,4082,3808,4972,4018,3087,1807,787,230,30,5941,37326,1619,1982,2181,2294,2095,1651,1864,2093,2442,3172,3262,2467,1966,1806,2237,1816,1373,708,247,49,2,2379,40818,1552,1841,2201,2327,2111,1838,2025,2173,2718,3390,3398,2627,2116,2002,2735,2202,1714,1099,540,181,28,3562
2023,2023-01-01,29211,292117,奈良県,葛城市,city,29211,37369,1644,1922,2068,1890,1746,1476,1869,2265,2469,2835,2673,2087,1964,2090,2825,2259,1689,951,498,127,22,3287,17927,867,989,1080,963,902,729,890,1128,1164,1368,1337,995,928,970,1308,1019,770,361,133,24,2,1290,19442,777,933,988,927,844,747,979,1137,1305,1467,1336,1092,1036,1120,1517,1240,919,590,365,103,20,1997
2023,2023-01-01,29212,292125,奈良県,宇陀市,city,29212,27644,502,807,974,1091,1069,773,808,1128,1355,1689,1672,1671,2084,2456,3186,2282,1897,1264,658,253,25,4097,13267,258,430,497,573,564,420,424,594,667,831,864,809,1004,1170,1610,1012,860,456,175,44,5,1540,14377,244,377,477,518,505,353,384,534,688,858,808,862,1080,1286,1576,1270,1037,808,483,209,20,2557
2023,2023-01-01,29320,293202,奈良県,山辺郡,gun_agg,,3183,46,69,108,106,98,65,80,99,162,177,158,173,224,332,411,269,217,206,124,49,10,606,1525,23,34,58,51,61,34,41,52,92,95,81,94,106,166,202,134,93,69,34,3,2,201,1658,23,35,50,55,37,31,39,47,70,82,77,79,118,166,209,135,124,137,90,46,8,405
2023,2023-01-01,29322,293229,奈良県,山辺郡山添村,village,29322,3183,46,69,108,106,98,65,80,99,162,177,158,173,224,332,411,269,217,206,124,49,10,606,1525,23,34,58,51,61,34,41,52,92,95,81,94,106,166,202,134,93,69,34,3,2,201,1658,23,35,50,55,37,31,39,47,70,82,77,79,118,166,209,135,124,137,90,46,8,405
2023,2023-01-01,29340,293407,奈良県,生駒郡,gun_agg,,75424,2544,2948,3307,3370,3201,2863,3164,3906,4500,5473,5610,4824,4426,4627,6343,5609,4392,2650,1263,353,51,8709,35827,1298,1475,1731,1714,1633,1418,1558,1956,2183,2684,2791,2294,2121,2177,2828,2507,2014,1029,347,56,13,3459,39597,1246,1473,1576,1656,1568,1445,1606,1950,2317,2789,2819,2530,2305,2450,3515,3102,2378,1621,916,297,38,5250
2023,2023-01-01,29342,293423,奈良県,生駒郡平群町,town,29342,18260,496,621,678,821,702,571,628,806,947,1239,1341,1185,1107,1227,1735,1674,1303,717,357,98,7,2482,8626,247,308,354,432,362,289,309,381,464,607,654,545,536,569,780,737,631,295,106,18,2,1052,9634,249,313,324,389,340,282,319,425,483,632,687,640,571,658,955,937,672,422,251,80,5,1430
2023,2023-01-01,29343,293431,奈良県,生駒郡三郷町,town,29343,22365,779,876,989,1003,1102,941,974,1169,1353,1698,1733,1448,1268,1257,1830,1533,1188,747,357,100,20,2412,10673,415,436,523,515,563,467,486,604,634,816,877,710,614,589,809,700,532,284,78,14,7,915,11692,364,440,466,488,539,474,488,565,719,882,856,738,654,668,1021,833,656,463,279,86,13,1497
2023,2023-01-01,29344,293440,奈良県,生駒郡斑鳩町,town,29344,27943,1096,1258,1406,1323,1131,1080,1231,1573,1796,2096,2062,1717,1541,1597,2104,1860,1533,965,436,120,18,3072,13247,556,638,730,652,571,523,590,778,876,1024,1015,823,732,762,923,821,692,384,132,22,3,1233,14696,540,620,676,671,560,557,641,795,920,1072,1047,894,809,835,1181,1039,841,581,304,98,15,1839
2023,2023-01-01,29345,293458,奈良県,生駒郡安堵町,town,29345,6856,173,193,234,223,266,271,331,358,404,440,474,474,510,546,674,542,368,221,113,35,6,743,3281,80,93,124,115,137,139,173,193,209,237,245,216,239,257,316,249,159,66,31,2,1,259,3575,93,100,110,108,129,132,158,165,195,203,229,258,271,289,358,293,209,155,82,33,5,484
2023,2023-01-01,29360,293601,奈良県,磯城郡,gun_agg,,45985,1556,1761,1928,2041,2061,1950,2160,2420,2533,3277,3342,2774,2805,2963,4014,3162,2639,1570,792,203,34,5238,22048,794,925,966,1040,1049,964,1115,1191,1280,1641,1665,1327,1349,1413,1826,1439,1165,609,235,49,6,2064,23937,762,836,962,1001,1012,986,1045,1229,1253,1636,1677,1447,1456,1550,2188,1723,1474,961,557,154,28,3174
2023,2023-01-01,29361,293610,奈良県,磯城郡川西町,town,29361,8060,211,342,342,368,338,275,279,378,475,604,595,480,468,547,765,631,479,295,148,32,8,962,3890,111,188,167,175,182,137,139,197,233,309,312,227,215,273,333,288,224,121,51,5,3,404,4170,100,154,175,193,156,138,140,181,242,295,283,253,253,274,432,343,255,174,97,27,5,558
2023,2023-01-01,29362,293628,奈良県,磯城郡三宅町,town,29362,6500,181,198,248,261,258,227,293,298,312,410,545,421,437,448,572,505,477,257,115,31,6,886,3084,92,105,113,138,118,116,143,159,167,202,262,210,217,211,250,229,208,93,41,9,1,352,3416,89,93,135,123,140,111,150,139,145,208,283,211,220,237,322,276,269,164,74,22,5,534
2023,2023-01-01,29363,293636,奈良県,磯城郡田原本町,town,29363,31425,1164,1221,1338,1412,1465,1448,1588,1744,1746,2263,2202,1873,1900,1968,2677,2026,1683,1018,529,140,20,3390,15074,591,632,686,727,749,711,833,835,880,1130,1091,890,917,929,1243,922,733,395,143,35,2,1308,16351,573,589,652,685,716,737,755,909,866,1133,1111,983,983,1039,1434,1104,950,623,386,105,18,2082
2023,2023-01-01,29380,293806,奈良県,宇陀郡,gun_agg,,2756,48,49,56,52,60,49,85,86,87,127,134,156,225,284,358,222,252,231,133,48,14,678,1282,24,22,26,23,37,27,45,33,47,66,79,92,99,149,177,102,97,89,41,7,0,234,1474,24,27,30,29,23,22,40,53,40,61,55,64,126,135,181,120,155,142,92,41,14,444
2023,2023-01-01,29385,293857,奈良県,宇陀郡曽爾村,village,29385,1307,29,31,37,24,24,18,44,43,52,74,60,75,107,142,168,111,102,84,59,19,4,268,599,15,14,16,12,14,8,23,12,30,34,39,44,43,78,77,53,34,35,17,1,0,87,708,14,17,21,12,10,10,21,31,22,40,21,31,64,64,91,58,68,49,42,18,4,181
2023,2023-01-01,29386,293865,奈良県,宇陀郡御杖村,village,29386,1449,19,18,19,28,36,31,41,43,35,53,74,81,118,142,190,111,150,147,74,29,10,410,683,9,8,10,11,23,19,22,21,17,32,40,48,56,71,100,49,63,54,24,6,0,147,766,10,10,9,17,13,12,19,22,18,21,34,33,62,71,90,62,87,93,50,23,10,263
2023,2023-01-01,29400,294004,奈良県,高市郡,gun_agg,,11559,247,380,471,464,417,367,370,498,600,732,750,752,789,945,1198,890,718,554,293,112,12,1689,5526,120,189,231,253,230,185,198,249,304,376,381,351,381,470,578,401,319,202,84,23,1,629,6033,127,191,240,211,187,182,172,249,296,356,369,401,408,475,620,489,399,352,209,89,11,1060
2023,2023-01-01,29401,294012,奈良県,高市郡高取町,town,29401,6295,106,191,257,263,231,202,171,265,341,393,434,436,431,504,633,492,406,308,169,57,5,945,2989,45,94,115,151,122,98,90,138,174,207,226,199,209,250,304,217,180,111,47,11,1,350,3306,61,97,142,112,109,104,81,127,167,186,208,237,222,254,329,275,226,197,122,46,4,595
2023,2023-01-01,29402,294021,奈良県,高市郡明日香村,village,29402,5264,141,189,214,201,186,165,199,233,259,339,316,316,358,441,565,398,312,246,124,55,7,744,2537,75,95,116,102,108,87,108,111,130,169,155,152,172,220,274,184,139,91,37,12,0,279,2727,66,94,98,99,78,78,91,122,129,170,161,164,186,221,291,214,173,155,87,43,7,465
2023,2023-01-01,29420,294209,奈良県,北葛城郡,gun_agg,,97169,3522,4321,4341,4621,4414,3761,4297,5349,5730,6921,7207,6326,5840,6026,8039,6503,4908,2983,1527,455,78,9951,46115,1848,2233,2195,2363,2178,1800,2115,2607,2810,3397,3468,2992,2776,2747,3707,3010,2196,1180,390,95,8,3869,51054,1674,2088,2146,2258,2236,1961,2182,2742,2920,3524,3739,3334,3064,3279,4332,3493,2712,1803,1137,360,70,6082
2023,2023-01-01,29424,294241,奈良県,北葛城郡上牧町,town,29424,21393,535,682,797,1045,1044,798,799,948,1012,1556,1723,1552,1420,1372,1953,1664,1241,736,369,127,20,2493,10154,278,352,391,570,558,388,385,470,510,747,848,762,680,623,900,746,552,290,85,18,1,946,11239,257,330,406,475,486,410,414,478,502,809,875,790,740,749,1053,918,689,446,284,109,19,1547
2023,2023-01-01,29425,294250,奈良県,北葛城郡王寺町,town,29425,23813,1047,1335,1131,1011,969,1015,1215,1593,1618,1692,1632,1326,1283,1361,1834,1466,1109,728,344,88,16,2285,11273,538,699,593,498,480,474,612,765,806,819,774,594,588,624,829,695,478,295,91,21,0,885,12540,509,636,538,513,489,541,603,828,812,873,858,732,695,737,1005,771,631,433,253,67,16,1400
2023,2023-01-01,29426,294268,奈良県,北葛城郡広陵町,town,29426,35041,1531,1788,1784,1875,1691,1424,1659,2123,2251,2539,2604,2286,2116,2161,2615,1821,1360,824,433,133,23,2773,16821,829,917,891,931,788,682,815,1032,1109,1264,1264,1083,991,998,1284,859,618,313,121,28,4,1084,18220,702,871,893,944,903,742,844,1091,1142,1275,1340,1203,1125,1163,1331,962,742,511,312,105,19,1689
2023,2023-01-01,29427,294276,奈良県,北葛城郡河合町,town,29427,16922,409,516,629,690,710,524,624,685,849,1134,1248,1162,1021,1132,1637,1552,1198,695,381,107,19,2400,7867,203,265,320,364,352,256,303,340,385,567,582,553,517,502,694,710,548,282,93,28,3,954,9055,206,251,309,326,358,268,321,345,464,567,666,609,504,630,943,842,650,413,288,79,16,1446
2023,2023-01-01,29440,294403,奈良県,吉野郡,gun_agg,,36239,612,869,1144,1292,1313,1064,1152,1400,1653,2046,2309,2390,2834,3183,3996,2801,2514,2056,1161,396,54,6181,17267,317,448,602,689,682,590,629,732,856,1025,1189,1177,1369,1619,1945,1247,1005,737,333,72,4,2151,18972,295,421,542,603,631,474,523,668,797,1021,1120,1213,1465,1564,2051,1554,1509,1319,828,324,50,4030
2023,2023-01-01,29441,294411,奈良県,吉野郡吉野町,town,29441,6180,79,114,147,156,166,133,159,224,245,306,328,354,518,582,814,607,501,413,240,85,9,1248,2836,44,57,70,85,81,73,82,110,126,155,163,170,235,279,402,261,214,154,58,15,2,443,3344,35,57,77,71,85,60,77,114,119,151,165,184,283,303,412,346,287,259,182,70,7,805
2023,2023-01-01,29442,294420,奈良県,吉野郡大淀町,town,29442,16124,300,453,654,761,758,516,565,713,877,1134,1214,1129,1197,1348,1607,1065,839,586,296,100,12,1833,7713,158,233,336,404,387,265,306,367,435,561,620,535,557,657,765,491,342,211,68,15,0,636,8411,142,220,318,357,371,251,259,346,442,573,594,594,640,691,842,574,497,375,228,85,12,1197
2023,2023-01-01,29443,294438,奈良県,吉野郡下市町,town,29443,4713,61,93,130,132,154,147,152,140,179,217,263,364,404,407,548,386,382,333,165,49,7,936,2223,31,50,75,66,79,87,81,74,91,99,124,177,204,213,254,170,163,116,57,12,0,348,2490,30,43,55,66,75,60,71,66,88,118,139,187,200,194,294,216,219,217,108,37,7,588
2023,2023-01-01,29444,294446,奈良県,吉野郡黒滝村,village,29444,620,15,13,13,10,10,19,26,23,16,35,38,31,51,53,84,54,46,34,32,16,1,129,297,9,10,4,3,8,10,14,14,10,17,18,19,26,31,40,20,19,12,9,4,0,44,323,6,3,9,7,2,9,12,9,6,18,20,12,25,22,44,34,27,22,23,12,1,85
2023,2023-01-01,29446,294462,奈良県,吉野郡天川村,village,29446,1261,24,34,32,39,35,38,41,32,51,42,55,73,119,137,146,88,87,98,60,27,3,275,608,10,19,24,16,25,23,20,18,32,14,30,35,68,71,74,39,25,39,21,4,1,90,653,14,15,8,23,10,15,21,14,19,28,25,38,51,66,72,49,62,59,39,23,2,185
2023,2023-01-01,29447,294471,奈良県,吉野郡野迫川村,village,29447,330,3,9,6,4,10,9,6,17,12,18,17,21,22,37,22,20,32,37,21,5,2,97,162,2,6,5,1,3,6,5,9,7,11,12,11,15,22,9,7,13,9,7,2,0,31,168,1,3,1,3,7,3,1,8,5,7,5,10,7,15,13,13,19,28,14,3,2,66
2023,2023-01-01,29449,294497,奈良県,吉野郡十津川村,village,29449,2942,56,78,90,118,85,98,99,105,136,122,165,181,232,253,299,194,220,218,136,46,11,631,1492,30,38,47,74,52,65,63,57,78,68,101,99,123,148,154,78,83,78,44,11,1,217,1450,26,40,43,44,33,33,36,48,58,54,64,82,109,105,145,116,137,140,92,35,10,414
2023,2023-01-01,29450,294501,奈良県,吉野郡下北山村,village,29450,807,20,18,15,18,30,21,19,31,23,37,63,63,56,61,74,61,78,59,45,13,2,197,373,8,7,10,4,15,13,13,18,12,21,34,35,24,29,41,23,33,21,10,2,0,66,434,12,11,5,14,15,8,6,13,11,16,29,28,32,32,33,38,45,38,35,11,2,131
2023,2023-01-01,29451,294519,奈良県,吉野郡上北山村,village,29451,453,8,5,5,3,24,19,21,15,14,18,22,43,35,37,48,38,43,32,16,6,1,98,236,3,4,4,3,10,12,12,10,11,14,9,25,20,23,24,17,14,11,10,0,0,35,217,5,1,1,0,14,7,9,5,3,4,13,18,15,14,24,21,29,21,6,6,1,63
2023,2023-01-01,29452,294527,奈良県,吉野郡川上村,village,29452,1248,26,26,26,16,18,32,30,39,40,50,65,65,95,108,147,140,118,108,68,26,5,325,591,12,10,14,9,12,18,15,22,22,25,39,39,45,59,76,69,42,34,23,6,0,105,657,14,16,12,7,6,14,15,17,18,25,26,26,50,49,71,71,76,74,45,20,5,220
2023,2023-01-01,29453,294535,奈良県,吉野郡東吉野村,village,29453,1561,20,26,26,35,23,32,34,61,60,67,79,66,105,160,207,148,168,138,82,23,1,412,736,10,14,13,24,10,18,18,33,32,40,39,32,52,87,106,72,57,52,26,1,0,136,825,10,12,13,11,13,14,16,28,28,27,40,34,53,73,101,76,111,86,56,22,1,276
2023,2023-01-01,30000,300004,和歌山県,,pref,,916597,28751,34873,38545,40008,40121,37092,40066,46873,51108,64030,66980,60598,60284,61123,76891,59968,49131,35278,18309,5695,873,109286,434447,14763,17863,19646,20576,20669,19038,20400,23659,25431,32061,33014,28693,28765,29352,35752,26374,20070,12112,5061,1052,96,38391,482150,13988,17010,18899,19432,19452,18054,19666,23214,25677,31969,33966,31905,31519,31771,41139,33594,29061,23166,13248,4643,777,70895
2023,2023-01-01,30201,302015,和歌山県,和歌山市,city,30201,355803,12333,14214,15191,15397,16463,16047,17377,19438,20723,25757,27094,23474,21922,21061,27515,22757,18627,12516,5947,1687,263,39040,168793,6351,7293,7705,7912,8401,8282,8775,9695,10374,12762,13337,11111,10457,10073,12519,9868,7676,4288,1572,316,26,13878,187010,5982,6921,7486,7485,8062,7765,8602,9743,10349,12995,13757,12363,11465,10988,14996,12889,10951,8228,4375,1371,237,25162
2023,2023-01-01,30202,302023,和歌山県,海南市,city,30202,47653,1223,1602,1805,1904,2008,1755,1814,2198,2538,3269,3374,3115,3214,3315,4359,3424,2895,2248,1168,356,69,6736,22290,635,832,902,971,1038,915,931,1123,1246,1643,1616,1491,1504,1586,2005,1499,1166,774,346,62,5,2353,25363,588,770,903,933,970,840,883,1075,1292,1626,1758,1624,1710,1729,2354,1925,1729,1474,822,294,64,4383
2023,2023-01-01,30203,302031,和歌山県,橋本市,city,30203,59874,1771,2247,2479,2674,2633,2284,2635,2954,3164,4073,4126,3974,4276,4523,5405,3928,3047,2150,1107,369,55,6728,28280,877,1113,1310,1334,1331,1130,1342,1497,1548,1990,2010,1814,1978,2221,2528,1817,1328,746,296,62,8,2440,31594,894,1134,1169,1340,1302,1154,1293,1457,1616,2083,2116,2160,2298,2302,2877,2111,1719,1404,811,307,47,4288
2023,2023-01-01,30204,302040,和歌山県,有田市,city,30204,26040,629,851,1067,1196,1182,1026,974,1240,1328,1751,1936,1793,1754,1862,2349,1855,1482,1045,548,153,19,3247,12394,324,416,568,647,625,546,514,635,673,895,955,836,820,874,1123,833,594,343,142,27,4,1110,13646,305,435,499,549,557,480,460,605,655,856,981,957,934,988,1226,1022,888,702,406,126,15,2137
2023,2023-01-01,30205,302058,和歌山県,御坊市,city,30205,21807,611,808,886,991,1077,888,924,1066,1189,1596,1634,1520,1424,1557,1784,1369,1054,839,441,135,14,2483,10434,307,404,450,528,577,467,504,559,576,834,806,737,680,736,808,605,439,276,113,25,3,856,11373,304,404,436,463,500,421,420,507,613,762,828,783,744,821,976,764,615,563,328,110,11,1627
2023,2023-01-01,30206,302066,和歌山県,田辺市,city,30206,69395,2109,2477,3023,3047,2729,2625,2790,3538,3816,4960,4973,4784,4837,4792,5621,4429,3829,2929,1527,479,81,8845,32670,1065,1247,1485,1485,1401,1373,1444,1800,1897,2459,2475,2257,2315,2398,2587,1931,1470,1025,449,92,15,3051,36725,1044,1230,1538,1562,1328,1252,1346,1738,1919,2501,2498,2527,2522,2394,3034,2498,2359,1904,1078,387,66,5794
2023,2023-01-01,30207,302074,和歌山県,新宮市,city,30207,26708,786,970,1037,1102,952,943,1017,1213,1321,1693,1790,1713,1916,2028,2437,1912,1643,1282,674,235,44,3878,12428,373,518,557,576,513,483,510,634,633,848,889,805,900,946,1149,795,646,419,182,49,3,1299,14280,413,452,480,526,439,460,507,579,688,845,901,908,1016,1082,1288,1117,997,863,492,186,41,2579
2023,2023-01-01,30208,302082,和歌山県,紀の川市,city,30208,59554,1737,2212,2553,2612,2593,2377,2417,2973,3415,3966,4331,4107,4194,4253,5200,3902,2945,2177,1158,382,50,6712,28347,867,1104,1269,1391,1336,1213,1244,1537,1684,1994,2106,1892,2033,2015,2473,1838,1168,781,315,82,5,2351,31207,870,1108,1284,1221,1257,1164,1173,1436,1731,1972,2225,2215,2161,2238,2727,2064,1777,1396,843,300,45,4361
2023,2023-01-01,30209,302091,和歌山県,岩出市,city,30209,53676,2104,2428,2628,2831,2914,2578,2775,2970,3298,4344,4637,3730,3347,3051,3691,2675,1920,1107,486,146,16,3675,25852,1115,1286,1347,1430,1470,1259,1368,1452,1616,2140,2264,1706,1606,1480,1704,1194,861,402,137,13,2,1415,27824,989,1142,1281,1401,1444,1319,1407,1518,1682,2204,2373,2024,1741,1571,1987,1481,1059,705,349,133,14,2260
2023,2023-01-01,30300,303003,和歌山県,海草郡,gun_agg,,8047,143,194,245,221,257,206,232,311,360,465,475,498,559,719,917,665,599,502,340,124,15,1580,3756,86,98,125,107,143,108,126,168,172,249,242,258,262,335,442,302,245,164,97,26,1,533,4291,57,96,120,114,114,98,106,143,188,216,233,240,297,384,475,363,354,338,243,98,14,1047
2023,2023-01-01,30304,303046,和歌山県,海草郡紀美野町,town,30304,8047,143,194,245,221,257,206,232,311,360,465,475,498,559,719,917,665,599,502,340,124,15,1580,3756,86,98,125,107,143,108,126,168,172,249,242,258,262,335,442,302,245,164,97,26,1,533,4291,57,96,120,114,114,98,106,143,188,216,233,240,297,384,475,363,354,338,243,98,14,1047
2023,2023-01-01,30340,303402,和歌山県,伊都郡,gun_agg,,22306,517,733,811,878,822,718,811,962,1083,1318,1388,1411,1556,1683,2238,1749,1532,1135,718,209,34,3628,10553,280,377,426,462,441,391,411,481,535,696,691,701,769,799,1088,777,584,388,217,37,2,1228,11753,237,356,385,416,381,327,400,481,548,622,697,710,787,884,1150,972,948,747,501,172,32,2400
2023,2023-01-01,30341,303411,和歌山県,伊都郡かつらぎ町,town,30341,15791,419,559,596,666,602,549,601,726,770,950,968,1008,1091,1184,1541,1210,996,738,458,135,24,2351,7498,233,289,308,347,325,297,302,381,391,493,472,490,529,560,733,548,387,251,136,24,2,800,8293,186,270,288,319,277,252,299,345,379,457,496,518,562,624,808,662,609,487,322,111,22,1551
2023,2023-01-01,30343,303437,和歌山県,伊都郡九度山町,town,30343,3835,52,94,130,138,131,104,115,133,166,206,256,251,265,287,426,326,308,243,147,49,8,755,1765,23,48,70,73,62,55,52,55,75,102,131,128,131,138,220,142,118,82,50,10,0,260,2070,29,46,60,65,69,49,63,78,91,104,125,123,134,149,206,184,190,161,97,39,8,495
2023,2023-01-01,30344,303445,和歌山県,伊都郡高野町,town,30344,2680,46,80,85,74,89,65,95,103,147,162,164,152,200,212,271,213,228,154,113,25,2,522,1290,24,40,48,42,54,39,57,45,69,101,88,83,109,101,135,87,79,55,31,3,0,168,1390,22,40,37,32,35,26,38,58,78,61,76,69,91,111,136,126,149,99,82,22,2,354
2023,2023-01-01,30360,303607,和歌山県,有田郡,gun_agg,,43287,1399,1748,1962,1950,1848,1740,1791,2267,2447,2862,2932,2706,2882,3132,3615,2687,2245,1681,1029,331,33,5319,20460,735,864,1017,1022,942,876,910,1107,1214,1437,1468,1294,1329,1478,1742,1163,915,588,289,66,4,1862,22827,664,884,945,928,906,864,881,1160,1233,1425,1464,1412,1553,1654,1873,1524,1330,1093,740,265,29,3457
2023,2023-01-01,30361,303615,和歌山県,有田郡湯浅町,town,30361,11112,290,373,478,477,454,401,380,498,603,773,818,699,743,853,1089,794,645,423,249,66,6,1389,5213,144,179,264,243,244,206,195,245,305,383,424,344,334,382,505,347,255,138,64,11,1,469,5899,146,194,214,234,210,195,185,253,298,390,394,355,409,471,584,447,390,285,185,55,5,920
2023,2023-01-01,30362,303623,和歌山県,有田郡広川町,town,30362,6626,152,245,328,327,277,242,228,297,398,485,462,408,441,489,661,443,340,235,115,48,5,743,3150,85,128,166,178,130,116,127,147,194,231,235,199,207,222,325,194,147,74,34,10,1,266,3476,67,117,162,149,147,126,101,150,204,254,227,209,234,267,336,249,193,161,81,38,4,477
2023,2023-01-01,30366,303666,和歌山県,有田郡有田川町,town,30366,25549,957,1130,1156,1146,1117,1097,1183,1472,1446,1604,1652,1599,1698,1790,1865,1450,1260,1023,665,217,22,3187,12097,506,557,587,601,568,554,588,715,715,823,809,751,788,874,912,622,513,376,191,45,2,1127,13452,451,573,569,545,549,543,595,757,731,781,843,848,910,916,953,828,747,647,474,172,20,2060
2023,2023-01-01,30380,303801,和歌山県,日高郡,gun_agg,,48784,1543,1858,2144,2435,2068,1633,1901,2413,2701,3179,3227,2976,3398,3698,4287,3046,2575,2074,1169,396,63,6277,23343,788,981,1097,1285,1100,862,989,1267,1340,1620,1593,1402,1657,1797,2051,1362,1045,691,339,73,4,2152,25441,755,877,1047,1150,968,771,912,1146,1361,1559,1634,1574,1741,1901,2236,1684,1530,1383,830,323,59,4125
2023,2023-01-01,30381,303810,和歌山県,日高郡美浜町,town,30381,6586,166,222,239,283,270,202,247,339,335,404,399,427,514,514,613,471,411,301,166,51,12,941,3082,88,123,115,140,150,107,126,195,162,199,178,202,245,249,282,200,180,85,49,7,0,321,3504,78,99,124,143,120,95,121,144,173,205,221,225,269,265,331,271,231,216,117,44,12,620
2023,2023-01-01,30382,303828,和歌山県,日高郡日高町,town,30382,7937,354,429,420,417,356,305,371,491,522,539,540,413,457,506,579,393,342,269,163,63,8,845,3820,185,230,224,210,190,157,185,243,246,277,261,184,235,244,279,177,129,103,46,15,0,293,4117,169,199,196,207,166,148,186,248,276,262,279,229,222,262,300,216,213,166,117,48,8,552
2023,2023-01-01,30383,303836,和歌山県,日高郡由良町,town,30383,5244,98,125,200,206,235,181,154,237,266,322,355,368,356,450,555,384,308,241,148,46,9,752,2567,52,70,100,117,128,109,94,138,143,182,194,170,161,221,279,166,118,75,42,6,2,243,2677,46,55,100,89,107,72,60,99,123,140,161,198,195,229,276,218,190,166,106,40,7,509
2023,2023-01-01,30390,303909,和歌山県,日高郡印南町,town,30390,7842,266,291,336,365,315,262,299,377,413,537,479,463,518,625,751,547,431,344,161,56,6,998,3725,131,146,164,199,156,143,155,186,205,268,230,216,249,307,359,251,181,115,50,14,0,360,4117,135,145,172,166,159,119,144,191,208,269,249,247,269,318,392,296,250,229,111,42,6,638
2023,2023-01-01,30391,303917,和歌山県,日高郡みなべ町,town,30391,11883,341,458,530,637,516,399,481,552,693,841,841,745,850,879,969,710,601,471,271,82,16,1441,5674,165,237,279,313,276,201,245,289,343,435,420,358,419,407,455,320,244,166,83,18,1,512,6209,176,221,251,324,240,198,236,263,350,406,421,387,431,472,514,390,357,305,188,64,15,929
2023,2023-01-01,30392,303925,和歌山県,日高郡日高川町,town,30392,9292,318,333,419,527,376,284,349,417,472,536,613,560,703,724,820,541,482,448,260,98,12,1300,4475,167,175,215,306,200,145,184,216,241,259,310,272,348,369,397,248,193,147,69,13,1,423,4817,151,158,204,221,176,139,165,201,231,277,303,288,355,355,423,293,289,301,191,85,11,877
2023,2023-01-01,30400,304000,和歌山県,西牟婁郡,gun_agg,,39416,1175,1523,1598,1647,1548,1393,1577,2017,2190,2735,2888,2648,2621,2719,3490,2670,2158,1630,834,297,58,4977,18784,595,800,813,858,806,673,793,1018,1129,1402,1455,1322,1288,1301,1643,1140,891,555,237,59,6,1748,20632,580,723,785,789,742,720,784,999,1061,1333,1433,1326,1333,1418,1847,1530,1267,1075,597,238,52,3229
2023,2023-01-01,30401,304018,和歌山県,西牟婁郡白浜町,town,30401,20122,486,649,731,785,789,673,665,934,1084,1311,1391,1430,1389,1441,1956,1541,1273,933,470,163,28,2867,9550,240,350,352,399,412,332,345,474,549,682,723,713,692,705,912,663,524,310,144,26,3,1007,10572,246,299,379,386,377,341,320,460,535,629,668,717,697,736,1044,878,749,623,326,137,25,1860
2023,2023-01-01,30404,304042,和歌山県,西牟婁郡上富田町,town,30404,15657,619,786,754,743,651,624,806,959,987,1234,1240,978,956,1008,1128,810,603,440,221,91,19,1374,7495,324,401,395,389,333,282,397,477,520,613,598,482,460,462,524,355,250,152,58,22,1,483,8162,295,385,359,354,318,342,409,482,467,621,642,496,496,546,604,455,353,288,163,69,18,891
2023,2023-01-01,30406,304069,和歌山県,西牟婁郡すさみ町,town,30406,3637,70,88,113,119,108,96,106,124,119,190,257,240,276,270,406,319,282,257,143,43,11,736,1739,31,49,66,70,61,59,51,67,60,107,134,127,136,134,207,122,117,93,35,11,2,258,1898,39,39,47,49,47,37,55,57,59,83,123,113,140,136,199,197,165,164,108,32,9,478
2023,2023-01-01,30420,304204,和歌山県,東牟婁郡,gun_agg,,34247,671,1008,1116,1123,1027,879,1031,1313,1535,2062,2175,2149,2384,2730,3983,2900,2580,1963,1163,396,59,6161,16063,365,530,575,568,545,460,539,686,794,1092,1107,1067,1167,1313,1890,1250,1042,672,330,63,8,2115,18184,306,478,541,555,482,419,492,627,741,970,1068,1082,1217,1417,2093,1650,1538,1291,833,333,51,4046
2023,2023-01-01,30421,304212,和歌山県,東牟婁郡那智勝浦町,town,30421,13897,285,450,493,493,423,366,378,558,640,881,977,922,977,1031,1557,1160,1014,740,401,122,29,2306,6524,155,239,248,241,217,181,191,286,321,450,519,471,490,485,715,499,409,266,118,19,4,816,7373,130,211,245,252,206,185,187,272,319,431,458,451,487,546,842,661,605,474,283,103,25,1490
2023,2023-01-01,30422,304221,和歌山県,東牟婁郡太地町,town,30422,2881,63,90,55,93,97,84,109,116,128,183,178,171,214,227,319,207,227,169,108,38,5,547,1290,29,41,31,42,43,39,57,61,68,88,85,80,96,116,149,86,86,52,34,5,2,179,1591,34,49,24,51,54,45,52,55,60,95,93,91,118,111,170,121,141,117,74,33,3,368
2023,2023-01-01,30424,304247,和歌山県,東牟婁郡古座川町,town,30424,2424,37,56,79,69,49,34,57,79,91,118,110,155,171,191,319,230,219,184,125,46,5,579,1122,23,25,50,38,27,25,32,38,44,66,55,75,94,87,157,98,77,72,33,6,0,188,1302,14,31,29,31,22,9,25,41,47,52,55,80,77,104,162,132,142,112,92,40,5,391
2023,2023-01-01,30427,304271,和歌山県,東牟婁郡北山村,village,30427,404,8,19,13,9,8,9,16,19,12,20,26,35,34,22,35,24,24,52,12,6,1,95,184,5,7,4,6,3,5,9,11,7,12,15,20,17,15,17,10,7,10,3,1,0,21,220,3,12,9,3,5,4,7,8,5,8,11,15,17,7,18,14,17,42,9,5,1,74
2023,2023-01-01,30428,304280,和歌山県,東牟婁郡串本町,town,30428,14641,278,393,476,459,450,386,471,541,664,860,884,866,988,1259,1753,1279,1096,818,517,184,19,2634,6943,153,218,242,241,255,210,250,290,354,476,433,421,470,610,852,557,463,272,142,32,2,911,7698,125,175,234,218,195,176,221,251,310,384,451,445,518,649,901,722,633,546,375,152,17,1723
2023,2023-01-01,31000,310000,鳥取県,,pref,,541587,19499,22926,24108,25217,22893,21173,24146,29630,33086,37688,35329,32289,35133,38947,45159,31677,25358,20622,11938,4068,701,62687,260027,10103,11805,12299,12920,11954,10764,12370,15217,16860,19256,17805,15847,17040,19001,21500,14281,10102,6989,3117,731,66,21005,281560,9396,11121,11809,12297,10939,10409,11776,14413,16226,18432,17524,16442,18093,19946,23659,17396,15256,13633,8821,3337,635,41682
2023,2023-01-01,31201,312011,鳥取県,鳥取市,city,31201,181693,6676,7855,8420,8944,8348,7312,8553,10461,11679,13012,12012,11171,11825,12772,14583,9419,7608,6165,3516,1138,224,18651,87708,3421,4050,4300,4618,4383,3715,4354,5352,5972,6673,6015,5502,5660,6221,6958,4283,3002,2074,934,195,26,6231,93985,3255,3805,4120,4326,3965,3597,4199,5109,5707,6339,5997,5669,6165,6551,7625,5136,4606,4091,2582,943,198,12420
2023,2023-01-01,31202,312029,鳥取県,米子市,city,31202,144690,5911,6581,6570,6841,6618,6568,7029,8248,9311,10822,10297,8611,8531,8958,10595,8410,6412,4737,2615,881,144,14789,69093,3104,3330,3335,3513,3365,3243,3523,4184,4626,5447,5210,4165,4142,4293,4826,3710,2539,1670,705,150,13,5077,75597,2807,3251,3235,3328,3253,3325,3506,4064,4685,5375,5087,4446,4389,4665,5769,4700,3873,3067,1910,731,131,9712
2023,2023-01-01,31203,312037,鳥取県,倉吉市,city,31203,44618,1556,1841,2003,2085,1739,1623,1889,2325,2656,2997,2819,2669,2860,3382,3949,2789,2202,1710,1072,399,53,5436,21213,809,969,1058,1085,923,825,957,1190,1337,1491,1396,1290,1332,1642,1875,1239,883,575,261,71,5,1795,23405,747,872,945,1000,816,798,932,1135,1319,1506,1423,1379,1528,1740,2074,1550,1319,1135,811,328,48,3641
2023,2023-01-01,31204,312045,鳥取県,境港市,city,31204,32499,1083,1326,1404,1395,1413,1381,1442,1713,1832,2293,2255,2014,2103,2166,2717,2124,1643,1250,674,238,33,3838,15829,558,695,721,726,793,752,797,911,948,1176,1115,1005,1051,1064,1296,925,657,428,165,44,2,1296,16670,525,631,683,669,620,629,645,802,884,1117,1140,1009,1052,1102,1421,1199,986,822,509,194,31,2542
2023,2023-01-01,31300,313009,鳥取県,岩美郡,gun_agg,,10889,353,393,404,486,396,373,471,560,603,648,577,646,842,965,1039,664,536,509,297,110,17,1469,5273,188,211,216,247,227,180,251,292,334,336,285,318,426,454,522,312,217,172,66,18,1,474,5616,165,182,188,239,169,193,220,268,269,312,292,328,416,511,517,352,319,337,231,92,16,995
2023,2023-01-01,31302,313025,鳥取県,岩美郡岩美町,town,31302,10889,353,393,404,486,396,373,471,560,603,648,577,646,842,965,1039,664,536,509,297,110,17,1469,5273,188,211,216,247,227,180,251,292,334,336,285,318,426,454,522,312,217,172,66,18,1,474,5616,165,182,188,239,169,193,220,268,269,312,292,328,416,511,517,352,319,337,231,92,16,995
2023,2023-01-01,31320,313203,鳥取県,八頭郡,gun_agg,,25199,654,870,946,1008,844,827,919,1234,1357,1429,1449,1498,1909,2330,2537,1507,1427,1323,814,278,39,3881,12032,315,451,492,506,443,436,484,652,689,756,731,737,936,1176,1280,695,535,452,210,54,2,1253,13167,339,419,454,502,401,391,435,582,668,673,718,761,973,1154,1257,812,892,871,604,224,37,2628
2023,2023-01-01,31325,313254,鳥取県,八頭郡若桜町,town,31325,2815,43,66,59,85,81,69,92,104,124,129,160,163,217,274,309,224,232,198,137,41,8,616,1361,26,38,33,45,48,40,46,64,64,76,84,85,105,142,156,104,87,69,41,8,0,205,1454,17,28,26,40,33,29,46,40,60,53,76,78,112,132,153,120,145,129,96,33,8,411
2023,2023-01-01,31328,313289,鳥取県,八頭郡智頭町,town,31328,6341,125,214,221,213,196,181,192,288,328,304,348,372,506,666,633,401,415,397,246,82,13,1153,2972,64,112,113,104,102,97,100,144,171,169,170,175,263,344,309,173,157,130,58,16,1,362,3369,61,102,108,109,94,84,92,144,157,135,178,197,243,322,324,228,258,267,188,66,12,791
2023,2023-01-01,31329,313297,鳥取県,八頭郡八頭町,town,31329,16043,486,590,666,710,567,577,635,842,905,996,941,963,1186,1390,1595,882,780,728,431,155,18,2112,7699,225,301,346,357,293,299,338,444,454,511,477,477,568,690,815,418,291,253,111,30,1,686,8344,261,289,320,353,274,278,297,398,451,485,464,486,618,700,780,464,489,475,320,125,17,1426
2023,2023-01-01,31360,313602,鳥取県,東伯郡,gun_agg,,53029,1865,2230,2500,2402,1927,1622,2139,2729,3028,3508,3180,3000,3623,4222,4824,3217,2690,2324,1406,494,99,7013,25415,993,1158,1269,1199,967,829,1098,1412,1563,1819,1635,1470,1756,2083,2364,1488,1086,745,384,87,10,2312,27614,872,1072,1231,1203,960,793,1041,1317,1465,1689,1545,1530,1867,2139,2460,1729,1604,1579,1022,407,89,4701
2023,2023-01-01,31364,313645,鳥取県,東伯郡三朝町,town,31364,5991,124,227,252,293,192,146,187,268,335,364,357,314,431,531,613,368,341,335,204,91,18,989,2859,67,119,128,150,102,85,103,135,161,192,191,149,232,250,314,166,131,111,56,16,1,315,3132,57,108,124,143,90,61,84,133,174,172,166,165,199,281,299,202,210,224,148,75,17,674
2023,2023-01-01,31370,313700,鳥取県,東伯郡湯梨浜町,town,31370,16431,707,760,811,755,641,595,764,871,979,1118,1001,950,1103,1197,1373,904,746,596,397,136,27,1902,7904,370,392,411,382,325,290,382,447,495,597,504,466,522,618,686,406,281,190,111,25,4,611,8527,337,368,400,373,316,305,382,424,484,521,497,484,581,579,687,498,465,406,286,111,23,1291
2023,2023-01-01,31371,313718,鳥取県,東伯郡琴浦町,town,31371,16204,525,629,740,695,586,461,612,831,844,1037,965,956,1109,1286,1446,1077,945,806,470,153,31,2405,7717,291,313,375,324,280,243,323,443,437,512,503,482,526,637,715,500,403,245,136,26,3,813,8487,234,316,365,371,306,218,289,388,407,525,462,474,583,649,731,577,542,561,334,127,28,1592
2023,2023-01-01,31372,313726,鳥取県,東伯郡北栄町,town,31372,14403,509,614,697,659,508,420,576,759,870,989,857,780,980,1208,1392,868,658,587,335,114,23,1717,6935,265,334,355,343,260,211,290,387,470,518,437,373,476,578,649,416,271,199,81,20,2,573,7468,244,280,342,316,248,209,286,372,400,471,420,407,504,630,743,452,387,388,254,94,21,1144
2023,2023-01-01,31380,313807,鳥取県,西伯郡,gun_agg,,39398,1213,1604,1632,1731,1329,1215,1412,2019,2224,2566,2307,2145,2681,3252,3863,2816,2065,1848,1055,354,67,5389,18978,625,819,807,855,715,663,746,1024,1163,1348,1182,1077,1332,1608,1844,1305,895,622,265,80,3,1865,20420,588,785,825,876,614,552,666,995,1061,1218,1125,1068,1349,1644,2019,1511,1170,1226,790,274,64,3524
2023,2023-01-01,31384,313840,鳥取県,西伯郡日吉津村,village,31384,3567,186,186,168,177,135,167,199,239,244,272,229,167,185,225,265,189,141,109,58,23,3,334,1687,94,97,81,85,68,87,100,119,126,130,118,75,90,105,118,80,68,29,13,4,0,114,1880,92,89,87,92,67,80,99,120,118,142,111,92,95,120,147,109,73,80,45,19,3,220
2023,2023-01-01,31386,313866,鳥取県,西伯郡大山町,town,31386,15203,417,623,584,629,484,420,492,742,834,989,898,885,995,1261,1559,1156,855,774,438,146,22,2235,7376,205,330,296,306,271,223,268,375,436,528,467,470,501,624,736,568,347,264,123,37,1,772,7827,212,293,288,323,213,197,224,367,398,461,431,415,494,637,823,588,508,510,315,109,21,1463
2023,2023-01-01,31389,313891,鳥取県,西伯郡南部町,town,31389,10254,280,374,428,496,364,320,362,502,582,692,630,540,706,822,988,745,550,498,270,81,24,1423,4924,156,186,206,250,182,180,190,260,297,383,312,263,356,410,470,327,242,175,61,17,1,496,5330,124,188,222,246,182,140,172,242,285,309,318,277,350,412,518,418,308,323,209,64,23,927
2023,2023-01-01,31390,313904,鳥取県,西伯郡伯耆町,town,31390,10374,330,421,452,429,346,308,359,536,564,613,550,553,795,944,1051,726,519,467,289,104,18,1397,4991,170,206,224,214,194,173,188,270,304,307,285,269,385,469,520,330,238,154,68,22,1,483,5383,160,215,228,215,152,135,171,266,260,306,265,284,410,475,531,396,281,313,221,82,17,914
2023,2023-01-01,31400,314005,鳥取県,日野郡,gun_agg,,9572,188,226,229,325,279,252,292,341,396,413,433,535,759,900,1052,731,775,756,489,176,25,2221,4486,90,122,101,171,138,121,160,200,228,210,236,283,405,460,535,324,288,251,127,32,4,702,5086,98,104,128,154,141,131,132,141,168,203,197,252,354,440,517,407,487,505,362,144,21,1519
2023,2023-01-01,31401,314013,鳥取県,日野郡日南町,town,31401,4128,76,96,97,121,119,93,129,144,160,168,173,221,328,400,451,304,351,361,240,87,9,1048,1953,40,56,42,61,61,46,73,90,93,87,94,121,182,218,236,136,131,108,61,16,1,317,2175,36,40,55,60,58,47,56,54,67,81,79,100,146,182,215,168,220,253,179,71,8,731
2023,2023-01-01,31402,314021,鳥取県,日野郡日野町,town,31402,2839,53,61,61,127,91,77,72,94,128,119,141,163,226,251,341,243,219,200,119,44,9,591,1312,25,28,24,69,35,31,37,53,75,61,84,86,123,123,165,102,76,77,28,8,2,191,1527,28,33,37,58,56,46,35,41,53,58,57,77,103,128,176,141,143,123,91,36,7,400
2023,2023-01-01,31403,314030,鳥取県,日野郡江府町,town,31403,2605,59,69,71,77,69,82,91,103,108,126,119,151,205,249,260,184,205,195,130,45,7,582,1221,25,38,35,41,42,44,50,57,60,62,58,76,100,119,134,86,81,66,38,8,1,194,1384,34,31,36,36,27,38,41,46,48,64,61,75,105,130,126,98,124,129,92,37,6,388
2023,2023-01-01,32000,320005,島根県,,pref,,649691,22522,27379,28891,29698,26556,25023,27534,33206,37341,43949,41015,37278,41692,45551,56519,41191,32595,28521,16671,5624,935,84346,313028,11496,14096,14862,15296,13828,13073,14098,17020,19263,22752,20740,18414,20707,22603,27448,18746,13115,9867,4507,981,116,28586,336663,11026,13283,14029,14402,12728,11950,13436,16186,18078,21197,20275,18864,20985,22948,29071,22445,19480,18654,12164,4643,819,55760
2023,2023-01-01,32201,322016,島根県,松江市,city,32201,196192,7351,8822,9187,9383,9390,8482,9266,10801,11833,14089,13699,11957,12143,12316,14812,11303,8795,7121,4004,1241,197,21358,94405,3800,4523,4715,4878,4943,4396,4643,5462,5970,7095,6849,5802,6006,5977,7058,5014,3481,2505,1040,226,22,7274,101787,3551,4299,4472,4505,4447,4086,4623,5339,5863,6994,6850,6155,6137,6339,7754,6289,5314,4616,2964,1015,175,14084
2023,2023-01-01,32202,322024,島根県,浜田市,city,32202,50073,1534,1966,2072,2105,1901,1744,1922,2362,2745,3286,3096,2889,3450,3619,4655,3615,2774,2383,1430,466,59,7112,24173,765,1015,1062,1094,1066,932,1018,1255,1410,1741,1599,1454,1727,1856,2233,1611,1092,792,376,72,3,2335,25900,769,951,1010,1011,835,812,904,1107,1335,1545,1497,1435,1723,1763,2422,2004,1682,1591,1054,394,56,4777
2023,2023-01-01,32203,322032,島根県,出雲市,city,32203,169165,6964,7900,8064,8014,7567,7759,8258,9282,10485,11878,10978,9691,10159,10928,13305,9418,7291,6418,3521,1093,192,18515,82062,3517,4045,4151,4037,3772,3962,4162,4738,5395,6206,5590,4814,5041,5355,6441,4421,2976,2288,940,185,26,6415,87103,3447,3855,3913,3977,3795,3797,4096,4544,5090,5672,5388,4877,5118,5573,6864,4997,4315,4130,2581,908,166,12100
2023,2023-01-01,32204,322041,島根県,益田市,city,32204,43937,1410,1722,1969,1920,1431,1350,1605,2079,2416,2879,2548,2409,2967,3452,4380,3125,2447,2135,1225,397,71,6275,20822,749,877,1031,967,717,711,823,1052,1260,1468,1266,1172,1444,1691,2072,1377,968,713,376,78,10,2145,23115,661,845,938,953,714,639,782,1027,1156,1411,1282,1237,1523,1761,2308,1748,1479,1422,849,319,61,4130
2023,2023-01-01,32205,322059,島根県,大田市,city,32205,32345,912,1217,1315,1303,1070,989,1125,1514,1688,1941,1768,1817,2341,2620,3281,2280,1852,1741,1094,406,71,5164,15543,475,649,717,655,571,527,609,794,898,1005,884,905,1153,1318,1644,1043,732,576,300,80,8,1696,16802,437,568,598,648,499,462,516,720,790,936,884,912,1188,1302,1637,1237,1120,1165,794,326,63,3468
2023,2023-01-01,32206,322067,島根県,安来市,city,32206,36166,1044,1362,1579,1664,1327,1288,1284,1760,2037,2515,2302,2061,2317,2559,3360,2595,2057,1738,942,327,48,5112,17444,524,713,810,859,687,676,683,887,1090,1305,1183,1036,1163,1264,1609,1189,856,603,259,45,3,1766,18722,520,649,769,805,640,612,601,873,947,1210,1119,1025,1154,1295,1751,1406,1201,1135,683,282,45,3346
2023,2023-01-01,32207,322075,島根県,江津市,city,32207,21789,586,800,800,1061,710,614,753,1016,1123,1438,1263,1240,1569,1748,2225,1531,1243,1105,699,221,44,3312,10281,291,397,383,587,376,325,400,485,562,776,620,599,792,872,1065,728,476,333,164,44,6,1023,11508,295,403,417,474,334,289,353,531,561,662,643,641,777,876,1160,803,767,772,535,177,38,2289
2023,2023-01-01,32209,322091,島根県,雲南市,city,32209,35537,968,1340,1481,1501,1281,1037,1213,1606,1936,2303,2058,2014,2417,2818,3519,2429,1946,1944,1212,433,81,5616,17174,478,698,758,787,662,546,628,833,1014,1216,1032,1003,1195,1469,1761,1129,836,691,347,81,10,1965,18363,490,642,723,714,619,491,585,773,922,1087,1026,1011,1222,1349,1758,1300,1110,1253,865,352,71,3651
2023,2023-01-01,32340,323403,島根県,仁多郡,gun_agg,,11544,268,377,427,474,456,283,325,460,515,667,593,606,858,996,1229,837,750,747,475,172,29,2173,5606,134,205,213,240,259,160,175,258,278,349,323,300,415,519,657,380,301,271,132,31,6,741,5938,134,172,214,234,197,123,150,202,237,318,270,306,443,477,572,457,449,476,343,141,23,1432
2023,2023-01-01,32343,323438,島根県,仁多郡奥出雲町,town,32343,11544,268,377,427,474,456,283,325,460,515,667,593,606,858,996,1229,837,750,747,475,172,29,2173,5606,134,205,213,240,259,160,175,258,278,349,323,300,415,519,657,380,301,271,132,31,6,741,5938,134,172,214,234,197,123,150,202,237,318,270,306,443,477,572,457,449,476,343,141,23,1432
2023,2023-01-01,32380,323802,島根県,飯石郡,gun_agg,,4525,115,146,173,221,123,124,141,169,205,269,206,224,320,378,489,312,287,326,220,63,14,910,2145,60,81,85,118,70,65,64,99,105,143,103,105,172,192,247,141,108,122,55,8,2,295,2380,55,65,88,103,53,59,77,70,100,126,103,119,148,186,242,171,179,204,165,55,12,615
2023,2023-01-01,32386,323861,島根県,飯石郡飯南町,town,32386,4525,115,146,173,221,123,124,141,169,205,269,206,224,320,378,489,312,287,326,220,63,14,910,2145,60,81,85,118,70,65,64,99,105,143,103,105,172,192,247,141,108,122,55,8,2,295,2380,55,65,88,103,53,59,77,70,100,126,103,119,148,186,242,171,179,204,165,55,12,615
2023,2023-01-01,32440,324400,島根県,邑智郡,gun_agg,,17141,450,596,701,730,439,451,492,751,794,987,946,809,1119,1399,1829,1345,1129,1059,726,343,46,3303,8221,234,316,352,368,228,258,256,403,422,536,494,401,571,704,936,621,462,383,208,61,7,1121,8920,216,280,349,362,211,193,236,348,372,451,452,408,548,695,893,724,667,676,518,282,39,2182
2023,2023-01-01,32441,324418,島根県,邑智郡川本町,town,32441,3058,78,107,98,160,96,94,93,135,136,178,170,143,182,235,329,251,219,185,121,40,8,573,1454,43,56,47,77,64,54,43,69,71,99,87,72,93,106,173,114,84,65,30,6,1,186,1604,35,51,51,83,32,40,50,66,65,79,83,71,89,129,156,137,135,120,91,34,7,387
2023,2023-01-01,32448,324485,島根県,邑智郡美郷町,town,32448,4199,99,136,187,200,84,116,117,172,205,236,198,188,265,358,469,354,270,274,179,79,13,815,2022,55,71,96,96,44,63,67,96,115,126,106,87,136,192,240,168,113,89,49,10,3,264,2177,44,65,91,104,40,53,50,76,90,110,92,101,129,166,229,186,157,185,130,69,10,551
2023,2023-01-01,32449,324493,島根県,邑智郡邑南町,town,32449,9884,273,353,416,370,259,241,282,444,453,573,578,478,672,806,1031,740,640,600,426,224,25,1915,4745,136,189,209,195,120,141,146,238,236,311,301,242,342,406,523,339,265,229,129,45,3,671,5139,137,164,207,175,139,100,136,206,217,262,277,236,330,400,508,401,375,371,297,179,22,1244
2023,2023-01-01,32500,325007,島根県,鹿足郡,gun_agg,,12384,323,397,401,461,313,283,407,483,582,626,622,634,845,1099,1351,1042,878,844,540,213,40,2515,5862,174,203,204,239,165,167,230,266,306,346,323,328,426,544,674,453,345,272,152,39,6,814,6522,149,194,197,222,148,116,177,217,276,280,299,306,419,555,677,589,533,572,388,174,34,1701
2023,2023-01-01,32501,325015,島根県,鹿足郡津和野町,town,32501,6737,149,199,220,232,171,143,208,262,294,355,325,346,443,636,750,586,500,475,300,123,20,1418,3175,90,107,112,117,92,87,120,139,155,195,176,178,212,315,370,255,183,155,91,24,2,455,3562,59,92,108,115,79,56,88,123,139,160,149,168,231,321,380,331,317,320,209,99,18,963
2023,2023-01-01,32505,325058,島根県,鹿足郡吉賀町,town,32505,5647,174,198,181,229,142,140,199,221,288,271,297,288,402,463,601,456,378,369,240,90,20,1097,2687,84,96,92,122,73,80,110,127,151,151,147,150,214,229,304,198,162,117,61,15,4,359,2960,90,102,89,107,69,60,89,94,137,120,150,138,188,234,297,258,216,252,179,75,16,738
2023,2023-01-01,32520,325201,島根県,隠岐郡,gun_agg,,18893,597,734,722,861,548,619,743,923,982,1071,936,927,1187,1619,2084,1359,1146,960,583,249,43,2981,9290,295,374,381,467,312,348,407,488,553,566,474,495,602,842,1051,639,482,318,158,31,7,996,9603,302,360,341,394,236,271,336,435,429,505,462,432,585,777,1033,720,664,642,425,218,36,1985
2023,2023-01-01,32525,325252,島根県,隠岐郡海士町,town,32525,2223,70,92,88,153,74,82,107,109,114,122,94,84,141,177,216,171,129,99,75,23,3,329,1071,32,49,44,67,33,43,54,51,58,64,54,42,73,94,111,83,57,37,21,3,1,119,1152,38,43,44,86,41,39,53,58,56,58,40,42,68,83,105,88,72,62,54,20,2,210
2023,2023-01-01,32526,325261,島根県,隠岐郡西ノ島町,town,32526,2592,67,88,82,59,75,83,79,139,142,147,119,108,151,268,335,217,164,130,93,36,10,433,1313,40,46,47,35,42,48,48,86,89,82,58,61,70,136,173,106,72,43,26,3,2,146,1279,27,42,35,24,33,35,31,53,53,65,61,47,81,132,162,111,92,87,67,33,8,287
2023,2023-01-01,32527,325279,島根県,隠岐郡知夫村,village,32527,609,21,19,18,25,17,23,31,32,21,38,23,29,30,46,66,57,52,35,19,5,2,113,305,8,9,8,15,9,11,18,20,12,20,12,19,18,21,32,29,26,12,6,0,0,44,304,13,10,10,10,8,12,13,12,9,18,11,10,12,25,34,28,26,23,13,5,2,69
2023,2023-01-01,32528,325287,島根県,隠岐郡隠岐の島町,town,32528,13469,439,535,534,624,382,431,526,643,705,764,700,706,865,1128,1467,914,801,696,396,185,28,2106,6601,215,270,282,350,228,246,287,331,394,400,350,373,441,591,735,421,327,226,105,25,4,687,6868,224,265,252,274,154,185,239,312,311,364,350,333,424,537,732,493,474,470,291,160,24,1419
2023,2023-01-01,33000,330001,岡山県,,pref,,1834223,66626,77968,83476,85975,88706,83810,87451,101451,109923,135161,131511,108595,107416,111617,141468,113612,87347,64233,35313,10830,1734,199457,886422,34192,39986,43021,44416,45197,42891,44551,51518,55907,68477,66068,53823,52371,54306,66619,51286,36709,23046,9716,2149,173,71793,947801,32434,37982,40455,41559,43509,40919,42900,49933,54016,66684,65443,54772,55045,57311,74849,62326,50638,41187,25597,8681,1561,127664
2023,2023-01-01,33100,331007,岡山県,岡山市,city_agg,,687932,26781,30382,32137,32937,35999,35311,35721,40806,44254,53585,51904,41953,39227,38071,46937,38079,28684,20364,11060,3218,522,63848,330696,13733,15680,16408,16912,17974,17585,17786,20324,22256,26762,25869,20666,19027,18375,21788,16876,11868,7147,2985,615,60,22675,357236,13048,14702,15729,16025,18025,17726,17935,20482,21998,26823,26035,21287,20200,19696,25149,21203,16816,13217,8075,2603,462,41173
2023,2023-01-01,33101,331015,岡山県,岡山市北区,ward,33100,287654,11238,12504,13022,13305,15970,15932,15744,17747,19140,22762,21778,17598,16176,15354,18244,14849,11449,8357,4850,1407,228,26291,138817,5752,6509,6765,6865,7933,7910,7820,8909,9640,11381,10902,8720,7878,7506,8608,6540,4723,2864,1282,290,20,9179,148837,5486,5995,6257,6440,8037,8022,7924,8838,9500,11381,10876,8878,8298,7848,9636,8309,6726,5493,3568,1117,208,17112
2023,2023-01-01,33102,331023,岡山県,岡山市中区,ward,33100,144867,6088,6975,7222,7130,7392,7159,7544,8649,9517,11273,10919,8763,8044,7788,9616,7863,5871,4186,2104,663,101,12925,68681,3136,3571,3659,3618,3598,3450,3750,4184,4703,5548,5322,4277,3848,3674,4332,3440,2426,1475,547,111,12,4571,76186,2952,3404,3563,3512,3794,3709,3794,4465,4814,5725,5597,4486,4196,4114,5284,4423,3445,2711,1557,552,89,8354
2023,2023-01-01,33103,331031,岡山県,岡山市東区,ward,33100,91056,2974,3504,4074,4545,4599,3987,3983,4710,5176,6729,6648,5546,5581,5623,7207,6014,4598,3206,1764,513,75,10156,43419,1530,1816,2020,2333,2357,2045,1961,2385,2598,3375,3276,2709,2723,2638,3316,2682,1940,1117,499,86,13,3655,47637,1444,1688,2054,2212,2242,1942,2022,2325,2578,3354,3372,2837,2858,2985,3891,3332,2658,2089,1265,427,62,6501
2023,2023-01-01,33104,331040,岡山県,岡山市南区,ward,33100,164355,6481,7399,7819,7957,8038,8233,8450,9700,10421,12821,12559,10046,9426,9306,11870,9353,6766,4615,2342,635,118,14476,79779,3315,3784,3964,4096,4086,4180,4255,4846,5315,6458,6369,4960,4578,4557,5532,4214,2779,1691,657,128,15,5270,84576,3166,3615,3855,3861,3952,4053,4195,4854,5106,6363,6190,5086,4848,4749,6338,5139,3987,2924,1685,507,103,9206
2023,2023-01-01,33202,332020,岡山県,倉敷市,city,33202,470863,18801,21484,22877,22979,24304,24118,24133,27064,28874,36126,35386,27361,25141,25860,33461,28220,21348,14139,6979,1905,303,44674,229563,9710,10843,11793,11878,12375,12455,12377,13793,14638,18152,17856,13625,12251,12579,15553,12805,9158,5248,2051,395,28,16880,241300,9091,10641,11084,11101,11929,11663,11756,13271,14236,17974,17530,13736,12890,13281,17908,15415,12190,8891,4928,1510,275,27794
2023,2023-01-01,33203,332038,岡山県,津山市,city,33203,96555,3532,4041,4418,4812,4411,4117,4395,5069,5733,6991,6687,5791,5935,6443,7765,5739,4399,3491,2035,645,106,10676,46495,1809,2030,2353,2488,2180,2147,2292,2617,2879,3640,3366,2892,2859,3133,3615,2531,1810,1207,523,115,9,3664,50060,1723,2011,2065,2324,2231,1970,2103,2452,2854,3351,3321,2899,3076,3310,4150,3208,2589,2284,1512,530,97,7012
2023,2023-01-01,33204,332046,岡山県,玉野市,city,33204,55078,1440,1895,2012,2062,2257,2129,2196,2593,2781,3715,3744,3238,3360,3810,5495,4726,3531,2391,1266,381,56,7625,26866,731,999,1069,1104,1229,1205,1182,1365,1470,1956,1882,1593,1624,1864,2586,2181,1520,880,349,71,6,2826,28212,709,896,943,958,1028,924,1014,1228,1311,1759,1862,1645,1736,1946,2909,2545,2011,1511,917,310,50,4799
2023,2023-01-01,33205,332054,岡山県,笠岡市,city,33205,44843,1032,1507,1761,1830,1777,1578,1786,1970,2204,2906,3158,2986,3162,3389,4083,3245,2644,2134,1196,413,82,6469,21606,541,763,890,941,946,827,957,1051,1165,1500,1565,1461,1560,1707,2002,1442,1071,797,336,72,12,2288,23237,491,744,871,889,831,751,829,919,1039,1406,1593,1525,1602,1682,2081,1803,1573,1337,860,341,70,4181
2023,2023-01-01,33207,332071,岡山県,井原市,city,33207,37495,1027,1205,1505,1634,1582,1296,1434,1686,1877,2512,2622,2347,2473,2740,3348,2678,2283,1680,1113,378,75,5529,18051,502,629,750,858,843,679,756,898,969,1276,1343,1175,1244,1349,1612,1225,954,604,311,68,6,1943,19444,525,576,755,776,739,617,678,788,908,1236,1279,1172,1229,1391,1736,1453,1329,1076,802,310,69,3586
2023,2023-01-01,33208,332089,岡山県,総社市,city,33208,68117,2940,3291,3416,3340,3394,2893,3514,4093,4280,5062,4544,3709,3791,4061,5221,4068,2862,2111,1121,341,65,6500,33237,1514,1708,1753,1768,1767,1435,1780,2019,2208,2605,2308,1857,1791,1940,2483,1890,1275,762,299,70,5,2411,34880,1426,1583,1663,1572,1627,1458,1734,2074,2072,2457,2236,1852,2000,2121,2738,2178,1587,1349,822,271,60,4089
2023,2023-01-01,33209,332097,岡山県,高梁市,city,33209,26716,561,830,908,1125,1200,799,873,1072,1272,1488,1518,1480,1941,2232,2660,1834,1716,1681,1055,419,52,4923,12887,288,402,468,589,679,472,508,577,660,771,792,743,999,1122,1351,813,675,596,292,84,6,1653,13829,273,428,440,536,521,327,365,495,612,717,726,737,942,1110,1309,1021,1041,1085,763,335,46,3270
2023,2023-01-01,33210,332101,岡山県,新見市,city,33210,26920,604,829,967,1207,1101,783,877,1173,1219,1562,1482,1501,1966,2254,2647,1905,1687,1742,1030,333,51,4843,12910,314,425,541,632,520,441,458,643,647,833,753,780,947,1137,1328,832,693,604,298,81,3,1679,14010,290,404,426,575,581,342,419,530,572,729,729,721,1019,1117,1319,1073,994,1138,732,252,48,3164
2023,2023-01-01,33211,332119,岡山県,備前市,city,33211,31420,739,979,1058,1186,1285,1117,1171,1353,1483,1977,2175,2081,2136,2253,3097,2553,2194,1575,757,221,30,4777,15003,365,502,548,631,688,594,618,728,771,1001,1121,1035,1069,1105,1429,1097,894,571,193,41,2,1701,16417,374,477,510,555,597,523,553,625,712,976,1054,1046,1067,1148,1668,1456,1300,1004,564,180,28,3076
2023,2023-01-01,33212,332127,岡山県,瀬戸内市,city,33212,35948,1146,1399,1563,1515,1544,1326,1492,1836,1991,2651,2560,2208,2288,2394,3039,2638,1892,1389,778,268,31,4358,17397,642,755,841,735,774,681,764,941,1028,1345,1293,1096,1096,1185,1421,1224,792,514,214,54,2,1576,18551,504,644,722,780,770,645,728,895,963,1306,1267,1112,1192,1209,1618,1414,1100,875,564,214,29,2782
2023,2023-01-01,33213,332135,岡山県,赤磐市,city,33213,42855,1512,2039,2046,1981,1708,1469,1795,2362,2566,3084,2789,2309,2550,2835,3997,3058,2172,1471,812,269,31,4755,20572,762,1046,1053,1011,885,703,887,1196,1289,1584,1392,1072,1226,1321,1869,1431,991,573,221,56,4,1845,22283,750,993,993,970,823,766,908,1166,1277,1500,1397,1237,1324,1514,2128,1627,1181,898,591,213,27,2910
2023,2023-01-01,33214,332143,岡山県,真庭市,city,33214,42245,1215,1626,1755,1873,1571,1265,1485,1989,2315,2642,2352,2319,2953,3395,4161,2766,2406,2262,1360,463,72,6563,20299,636,788,918,971,827,677,789,1058,1196,1399,1202,1166,1461,1669,2066,1251,959,788,365,101,12,2225,21946,579,838,837,902,744,588,696,931,1119,1243,1150,1153,1492,1726,2095,1515,1447,1474,995,362,60,4338
2023,2023-01-01,33215,332151,岡山県,美作市,city,33215,25567,618,887,948,1093,945,756,895,1224,1239,1577,1512,1376,1790,2027,2706,1770,1489,1416,921,329,49,4204,12273,310,449,497,550,475,426,475,639,653,802,796,694,888,1005,1377,805,607,492,248,79,6,1432,13294,308,438,451,543,470,330,420,585,586,775,716,682,902,1022,1329,965,882,924,673,250,43,2772
2023,2023-01-01,33216,332160,岡山県,浅口市,city,33216,33052,1032,1138,1387,1459,1376,1157,1360,1603,1735,2282,2342,2010,1967,2104,2928,2657,2061,1399,788,225,42,4515,16108,535,615,708,762,730,606,697,823,923,1179,1162,1051,988,1015,1332,1255,922,518,227,58,2,1727,16944,497,523,679,697,646,551,663,780,812,1103,1180,959,979,1089,1596,1402,1139,881,561,167,40,2788
2023,2023-01-01,33340,333409,岡山県,和気郡,gun_agg,,13126,289,421,468,559,538,388,435,540,700,878,921,806,814,917,1334,1140,843,638,362,123,12,1978,6303,141,237,230,290,292,217,239,283,360,454,466,411,394,445,627,523,354,227,90,23,0,694,6823,148,184,238,269,246,171,196,257,340,424,455,395,420,472,707,617,489,411,272,100,12,1284
2023,2023-01-01,33346,333468,岡山県,和気郡和気町,town,33346,13126,289,421,468,559,538,388,435,540,700,878,921,806,814,917,1334,1140,843,638,362,123,12,1978,6303,141,237,230,290,292,217,239,283,360,454,466,411,394,445,627,523,354,227,90,23,0,694,6823,148,184,238,269,246,171,196,257,340,424,455,395,420,472,707,617,489,411,272,100,12,1284
2023,2023-01-01,33420,334201,岡山県,都窪郡,gun_agg,,12575,639,727,682,644,548,528,673,775,810,1009,847,612,592,620,901,799,565,346,191,55,12,1169,6042,317,379,362,331,301,231,332,379,400,499,415,305,277,293,412,358,251,136,49,13,2,451,6533,322,348,320,313,247,297,341,396,410,510,432,307,315,327,489,441,314,210,142,42,10,718
2023,2023-01-01,33423,334235,岡山県,都窪郡早島町,town,33423,12575,639,727,682,644,548,528,673,775,810,1009,847,612,592,620,901,799,565,346,191,55,12,1169,6042,317,379,362,331,301,231,332,379,400,499,415,305,277,293,412,358,251,136,49,13,2,451,6533,322,348,320,313,247,297,341,396,410,510,432,307,315,327,489,441,314,210,142,42,10,718
2023,2023-01-01,33440,334405,岡山県,浅口郡,gun_agg,,10925,402,546,550,526,461,416,516,672,632,722,797,608,628,646,835,714,543,406,232,66,7,1254,5276,199,289,304,257,234,227,256,340,311,374,387,297,298,301,392,326,251,158,62,13,0,484,5649,203,257,246,269,227,189,260,332,321,348,410,311,330,345,443,388,292,248,170,53,7,770
2023,2023-01-01,33445,334456,岡山県,浅口郡里庄町,town,33445,10925,402,546,550,526,461,416,516,672,632,722,797,608,628,646,835,714,543,406,232,66,7,1254,5276,199,289,304,257,234,227,256,340,311,374,387,297,298,301,392,326,251,158,62,13,0,484,5649,203,257,246,269,227,189,260,332,321,348,410,311,330,345,443,388,292,248,170,53,7,770
2023,2023-01-01,33460,334600,岡山県,小田郡,gun_agg,,13101,388,473,511,529,479,417,416,635,668,831,873,783,804,984,1241,1035,820,658,397,121,38,2034,6317,191,236,261,275,265,220,224,305,348,454,441,384,411,477,589,506,347,232,124,22,5,730,6784,197,237,250,254,214,197,192,330,320,377,432,399,393,507,652,529,473,426,273,99,33,1304
2023,2023-01-01,33461,334618,岡山県,小田郡矢掛町,town,33461,13101,388,473,511,529,479,417,416,635,668,831,873,783,804,984,1241,1035,820,658,397,121,38,2034,6317,191,236,261,275,265,220,224,305,348,454,441,384,411,477,589,506,347,232,124,22,5,730,6784,197,237,250,254,214,197,192,330,320,377,432,399,393,507,652,529,473,426,273,99,33,1304
2023,2023-01-01,33580,335801,岡山県,真庭郡,gun_agg,,838,29,29,33,24,37,27,37,36,35,39,38,43,62,72,63,60,54,64,41,13,2,174,394,13,12,15,15,20,11,21,19,19,17,22,19,36,41,26,30,21,23,11,3,0,58,444,16,17,18,9,17,16,16,17,16,22,16,24,26,31,37,30,33,41,30,10,2,116
2023,2023-01-01,33586,335860,岡山県,真庭郡新庄村,village,33586,838,29,29,33,24,37,27,37,36,35,39,38,43,62,72,63,60,54,64,41,13,2,174,394,13,12,15,15,20,11,21,19,19,17,22,19,36,41,26,30,21,23,11,3,0,58,444,16,17,18,9,17,16,16,17,16,22,16,24,26,31,37,30,33,41,30,10,2,116
2023,2023-01-01,33600,336009,岡山県,苫田郡,gun_agg,,12357,446,527,557,517,433,438,502,659,715,784,649,603,765,1057,1164,815,617,593,373,128,15,1726,5995,223,306,291,278,220,225,259,333,372,424,320,299,365,526,580,386,280,181,104,23,0,588,6362,223,221,266,239,213,213,243,326,343,360,329,304,400,531,584,429,337,412,269,105,15,1138
2023,2023-01-01,33606,336068,岡山県,苫田郡鏡野町,town,33606,12357,446,527,557,517,433,438,502,659,715,784,649,603,765,1057,1164,815,617,593,373,128,15,1726,5995,223,306,291,278,220,225,259,333,372,424,320,299,365,526,580,386,280,181,104,23,0,588,6362,223,221,266,239,213,213,243,326,343,360,329,304,400,531,584,429,337,412,269,105,15,1138
2023,2023-01-01,33620,336203,岡山県,勝田郡,gun_agg,,16530,728,763,810,777,764,709,802,986,1010,1033,883,841,1018,1111,1395,964,755,622,408,134,17,1936,8075,356,408,425,402,447,393,394,525,531,545,440,384,502,535,682,471,297,212,104,22,0,635,8455,372,355,385,375,317,316,408,461,479,488,443,457,516,576,713,493,458,410,304,112,17,1301
2023,2023-01-01,33622,336220,岡山県,勝田郡勝央町,town,33622,10825,485,520,547,512,429,446,541,666,705,730,583,580,679,726,878,603,460,401,243,81,10,1195,5214,240,272,289,257,232,220,253,348,364,390,294,254,334,346,431,296,178,133,66,17,0,394,5611,245,248,258,255,197,226,288,318,341,340,289,326,345,380,447,307,282,268,177,64,10,801
2023,2023-01-01,33623,336238,岡山県,勝田郡奈義町,town,33623,5705,243,243,263,265,335,263,261,320,305,303,300,261,339,385,517,361,295,221,165,53,7,741,2861,116,136,136,145,215,173,141,177,167,155,146,130,168,189,251,175,119,79,38,5,0,241,2844,127,107,127,120,120,90,120,143,138,148,154,131,171,196,266,186,176,142,127,48,7,500
2023,2023-01-01,33640,336408,岡山県,英田郡,gun_agg,,1362,44,51,73,66,41,52,63,85,81,77,62,60,97,121,123,75,47,77,39,25,3,191,647,25,23,33,38,20,31,36,44,44,38,27,28,50,55,60,36,22,20,10,7,0,59,715,19,28,40,28,21,21,27,41,37,39,35,32,47,66,63,39,25,57,29,18,3,132
2023,2023-01-01,33643,336432,岡山県,英田郡西粟倉村,village,33643,1362,44,51,73,66,41,52,63,85,81,77,62,60,97,121,123,75,47,77,39,25,3,191,647,25,23,33,38,20,31,36,44,44,38,27,28,50,55,60,36,22,20,10,7,0,59,715,19,28,40,28,21,21,27,41,37,39,35,32,47,66,63,39,25,57,29,18,3,132
2023,2023-01-01,33660,336602,岡山県,久米郡,gun_agg,,17517,467,572,671,784,607,454,569,752,905,1055,1089,977,1168,1359,1770,1348,1109,983,620,220,38,2970,8376,220,293,332,387,319,255,296,389,492,549,566,491,611,670,877,653,442,344,146,43,1,976,9141,247,279,339,397,288,199,273,363,413,506,523,486,557,689,893,695,667,639,474,177,37,1994
2023,2023-01-01,33663,336637,岡山県,久米郡久米南町,town,33663,4463,105,115,150,178,168,112,142,185,210,237,263,248,322,328,466,398,287,285,207,48,9,836,2146,62,53,67,80,80,68,76,102,111,113,143,117,174,163,234,195,124,114,60,10,0,308,2317,43,62,83,98,88,44,66,83,99,124,120,131,148,165,232,203,163,171,147,38,9,528
2023,2023-01-01,33666,336661,岡山県,久米郡美咲町,town,33666,13054,362,457,521,606,439,342,427,567,695,818,826,729,846,1031,1304,950,822,698,413,172,29,2134,6230,158,240,265,307,239,187,220,287,381,436,423,374,437,507,643,458,318,230,86,33,1,668,6824,204,217,256,299,200,155,207,280,314,382,403,355,409,524,661,492,504,468,327,139,28,1466
2023,2023-01-01,33680,336807,岡山県,加賀郡,gun_agg,,10286,214,327,363,516,344,267,311,418,544,573,577,593,788,862,1097,726,626,601,379,137,23,1766,5034,115,169,178,313,187,148,168,229,278,318,284,299,397,457,562,339,255,212,104,20,2,593,5252,99,158,185,203,157,119,143,189,266,255,293,294,391,405,535,387,371,389,275,117,21,1173
2023,2023-01-01,33681,336815,岡山県,加賀郡吉備中央町,town,33681,10286,214,327,363,516,344,267,311,418,544,573,577,593,788,862,1097,726,626,601,379,137,23,1766,5034,115,169,178,313,187,148,168,229,278,318,284,299,397,457,562,339,255,212,104,20,2,593,5252,99,158,185,203,157,119,143,189,266,255,293,294,391,405,535,387,371,389,275,117,21,1173
2023,2023-01-01,34000,340006,広島県,,pref,,2715875,96725,116102,125944,126612,127673,124192,129851,149666,166407,205452,202859,166478,158790,162977,206861,168072,127702,89280,46376,15288,2568,281214,1317979,49639,59367,64460,65069,66899,64497,67100,76271,84738,104260,101780,82408,77689,79020,97490,75966,53280,32142,12684,2913,307,101326,1397896,47086,56735,61484,61543,60774,59695,62751,73395,81669,101192,101079,84070,81101,83957,109371,92106,74422,57138,33692,12375,2261,179888
2023,2023-01-01,34100,341002,広島県,広島市,city_agg,,1164745,44477,51961,55979,55801,58671,59677,60803,68402,76167,94125,93456,74086,65391,62908,79092,64412,47484,31290,14983,4770,810,99337,563808,22764,26505,28572,28480,29818,30085,30738,34136,38152,47119,46368,36666,32056,30263,36829,28905,19809,11469,4113,877,84,36352,600937,21713,25456,27407,27321,28853,29592,30065,34266,38015,47006,47088,37420,33335,32645,42263,35507,27675,19821,10870,3893,726,62985
2023,2023-01-01,34101,341011,広島県,広島市中区,ward,34100,132044,4632,4971,4690,4843,6858,8624,8249,8590,9128,10757,10913,8497,7655,7114,8619,6785,5137,3529,1769,567,117,11119,61632,2355,2587,2360,2447,3214,4192,3974,4137,4391,5205,5257,4107,3649,3370,3977,2911,1866,1097,429,99,8,3499,70412,2277,2384,2330,2396,3644,4432,4275,4453,4737,5552,5656,4390,4006,3744,4642,3874,3271,2432,1340,468,109,7620
2023,2023-01-01,34102,341029,広島県,広島市東区,ward,34100,116660,4453,5255,5606,5537,5523,5569,5662,6687,7416,8913,9238,8048,6998,6583,7889,6715,5018,3375,1600,495,80,10568,56059,2310,2675,2891,2815,2736,2782,2792,3323,3712,4463,4508,3928,3477,3164,3647,2974,2052,1273,421,106,10,3862,60601,2143,2580,2715,2722,2787,2787,2870,3364,3704,4450,4730,4120,3521,3419,4242,3741,2966,2102,1179,389,70,6706
2023,2023-01-01,34103,341037,広島県,広島市南区,ward,34100,139049,5179,6094,6437,6571,7494,7504,7404,8248,9166,11521,11304,9099,8007,7311,8783,7316,5322,3703,1906,598,82,11611,68124,2738,3086,3258,3444,4039,3872,3835,4142,4689,5775,5614,4632,3973,3634,4137,3280,2119,1272,472,104,9,3976,70925,2441,3008,3179,3127,3455,3632,3569,4106,4477,5746,5690,4467,4034,3677,4646,4036,3203,2431,1434,494,73,7635
2023,2023-01-01,34104,341045,広島県,広島市西区,ward,34100,182664,6861,7731,8459,8395,9344,10382,10306,11345,12409,15118,14997,12409,10465,9778,11434,8908,6657,4601,2250,697,118,14323,88319,3436,3910,4317,4275,4735,5195,5255,5658,6247,7499,7426,6094,5087,4757,5380,3954,2682,1621,649,127,15,5094,94345,3425,3821,4142,4120,4609,5187,5051,5687,6162,7619,7571,6315,5378,5021,6054,4954,3975,2980,1601,570,103,9229
2023,2023-01-01,34105,341053,広島県,広島市安佐南区,ward,34100,241512,10878,12672,13863,13459,13172,12895,12965,14694,16767,21206,20573,14348,11419,10282,13571,11614,8504,5393,2382,728,127,17134,117802,5566,6434,7066,6773,6545,6470,6537,7309,8227,10662,10358,7271,5706,4987,6162,5157,3662,2083,672,146,9,6572,123710,5312,6238,6797,6686,6627,6425,6428,7385,8540,10544,10215,7077,5713,5295,7409,6457,4842,3310,1710,582,118,10562
2023,2023-01-01,34106,341061,広島県,広島市安佐北区,ward,34100,137435,3969,5139,6121,6344,5883,4933,5367,6595,7563,10099,10242,8235,8414,9402,12855,10640,7685,4818,2269,744,118,15634,66075,2008,2649,3127,3248,2941,2623,2718,3337,3889,5147,5090,3999,4038,4366,5964,4824,3454,1884,628,125,16,6107,71360,1961,2490,2994,3096,2942,2310,2649,3258,3674,4952,5152,4236,4376,5036,6891,5816,4231,2934,1641,619,102,9527
2023,2023-01-01,34107,341070,広島県,広島市安芸区,ward,34100,75752,2635,3184,3770,3913,4038,3831,3714,3885,4646,5796,6094,5115,4189,3901,5334,4552,3527,2238,1001,325,64,7155,37918,1358,1633,1960,2034,2302,2055,2032,2002,2426,2990,3062,2562,2194,1909,2499,2124,1550,870,299,48,9,2776,37834,1277,1551,1810,1879,1736,1776,1682,1883,2220,2806,3032,2553,1995,1992,2835,2428,1977,1368,702,277,55,4379
2023,2023-01-01,34108,341088,広島県,広島市佐伯区,ward,34100,139629,5870,6915,7033,6739,6359,5939,7136,8358,9072,10715,10095,8335,8244,8537,10607,7882,5634,3633,1806,616,104,11793,67879,2993,3531,3593,3444,3306,2896,3595,4228,4571,5378,5053,4073,3932,4076,5063,3681,2424,1369,543,122,8,4466,71750,2877,3384,3440,3295,3053,3043,3541,4130,4501,5337,5042,4262,4312,4461,5544,4201,3210,2264,1263,494,96,7327
2023,2023-01-01,34202,342025,広島県,呉市,city,34202,206063,5585,7194,8414,8979,9520,8038,8153,9294,10962,14366,15229,12622,12392,12922,17909,16527,12856,8983,4448,1436,234,27957,99415,2864,3661,4292,4650,5304,4444,4329,4874,5615,7414,7765,6237,6016,6350,8389,7289,5362,3154,1112,271,23,9922,106648,2721,3533,4122,4329,4216,3594,3824,4420,5347,6952,7464,6385,6376,6572,9520,9238,7494,5829,3336,1165,211,18035
2023,2023-01-01,34203,342033,広島県,竹原市,city,34203,23324,497,649,787,909,846,785,687,885,1100,1515,1574,1552,1528,1749,2395,2053,1663,1194,669,240,47,3813,11129,259,319,393,490,447,437,346,475,588,777,778,809,773,837,1121,937,670,418,199,47,9,1343,12195,238,330,394,419,399,348,341,410,512,738,796,743,755,912,1274,1116,993,776,470,193,38,2470
2023,2023-01-01,34204,342041,広島県,三原市,city,34204,86923,2371,3367,3869,3799,3452,2931,3335,4147,4770,6147,6010,5205,5635,6283,8002,6166,4734,3674,2206,708,112,11434,41688,1250,1725,1989,1923,1825,1574,1711,2091,2496,3166,3006,2552,2774,2978,3828,2855,1938,1266,610,119,12,3945,45235,1121,1642,1880,1876,1627,1357,1624,2056,2274,2981,3004,2653,2861,3305,4174,3311,2796,2408,1596,589,100,7489
2023,2023-01-01,34205,342050,広島県,尾道市,city,34205,126991,3521,4601,5336,5452,5024,4236,4859,6147,6967,8572,8610,7493,8300,9184,11603,9642,7507,5621,3138,1002,176,17444,60708,1778,2375,2737,2794,2716,2263,2569,3167,3545,4368,4260,3643,4037,4524,5470,4361,3059,1967,872,182,21,6101,66283,1743,2226,2599,2658,2308,1973,2290,2980,3422,4204,4350,3850,4263,4660,6133,5281,4448,3654,2266,820,155,11343
2023,2023-01-01,34207,342076,広島県,福山市,city,34207,450948,17078,19997,21569,21399,21438,20958,21869,25372,28007,34287,32929,26675,25734,27402,34312,27164,21041,13951,7142,2257,367,44758,219681,8887,10257,10951,11039,11266,11039,11358,13084,14342,17447,16482,12999,12516,13265,16199,12284,8804,4993,1984,446,39,16266,231267,8191,9740,10618,10360,10172,9919,10511,12288,13665,16840,16447,13676,13218,14137,18113,14880,12237,8958,5158,1811,328,28492
2023,2023-01-01,34208,342084,広島県,府中市,city,34208,35924,777,1221,1435,1590,1428,1177,1206,1572,1721,2495,2599,2292,2362,2635,3419,2720,2266,1698,919,337,55,5275,17357,386,644,744,831,772,650,662,841,893,1289,1348,1129,1172,1288,1583,1205,964,623,261,64,8,1920,18567,391,577,691,759,656,527,544,731,828,1206,1251,1163,1190,1347,1836,1515,1302,1075,658,273,47,3355
2023,2023-01-01,34209,342092,広島県,三次市,city,34209,48860,1614,1898,2158,2134,1844,1835,1960,2441,2631,3367,3037,2724,3232,3570,4342,3236,2536,2267,1428,532,74,6837,23512,826,958,1137,1055,965,938,1080,1241,1386,1754,1569,1350,1614,1767,2127,1449,1045,753,385,104,9,2296,25348,788,940,1021,1079,879,897,880,1200,1245,1613,1468,1374,1618,1803,2215,1787,1491,1514,1043,428,65,4541
2023,2023-01-01,34210,342106,広島県,庄原市,city,34210,32182,814,1101,1275,1327,1031,964,1079,1283,1571,1855,1726,1625,2167,2644,3236,2427,2058,2103,1332,480,84,6057,15390,421,549,660,709,558,525,597,693,841,968,916,827,1064,1320,1650,1094,790,705,369,118,16,1998,16792,393,552,615,618,473,439,482,590,730,887,810,798,1103,1324,1586,1333,1268,1398,963,362,68,4059
2023,2023-01-01,34211,342114,広島県,大竹市,city,34211,25673,791,987,1004,1035,1134,1076,1168,1330,1332,1608,1785,1520,1583,1745,2254,1894,1499,1105,601,200,22,3427,12554,396,521,501,546,624,605,657,698,697,821,917,783,756,873,1059,871,631,387,170,38,3,1229,13119,395,466,503,489,510,471,511,632,635,787,868,737,827,872,1195,1023,868,718,431,162,19,2198
2023,2023-01-01,34212,342122,広島県,東広島市,city,34212,182295,7406,8874,9553,9329,9809,9176,9817,10971,11964,14100,13345,10941,10396,9941,12345,9613,6820,4513,2443,806,133,14715,91780,3771,4626,4957,4787,5583,5031,5249,5775,6278,7324,6934,5562,5134,4892,5840,4491,2999,1715,682,137,13,5546,90515,3635,4248,4596,4542,4226,4145,4568,5196,5686,6776,6411,5379,5262,5049,6505,5122,3821,2798,1761,669,120,9169
2023,2023-01-01,34213,342131,広島県,廿日市市,city,34213,114828,4257,5385,5344,5205,4851,4575,5217,6603,7158,8171,7867,6896,7183,7968,9496,7208,5059,3707,1909,658,111,11444,55235,2220,2742,2804,2706,2423,2204,2610,3358,3589,4095,3881,3294,3423,3780,4530,3371,2159,1378,500,150,18,4205,59593,2037,2643,2540,2499,2428,2371,2607,3245,3569,4076,3986,3602,3760,4188,4966,3837,2900,2329,1409,508,93,7239
2023,2023-01-01,34214,342149,広島県,安芸高田市,city,34214,26114,605,871,1050,1124,918,834,848,1095,1315,1701,1661,1472,1740,2048,2622,2049,1535,1309,898,341,78,4161,12638,308,436,551,583,488,465,466,559,709,920,859,749,873,1014,1295,961,639,460,220,72,11,1402,13476,297,435,499,541,430,369,382,536,606,781,802,723,867,1034,1327,1088,896,849,678,269,67,2759
2023,2023-01-01,34215,342157,広島県,江田島市,city,34215,20666,402,565,580,627,720,620,748,813,1013,1203,1237,1168,1350,1668,2289,1972,1569,1215,636,228,43,3691,10059,207,291,322,314,434,381,446,440,576,643,687,608,638,824,1092,859,674,414,158,44,7,1297,10607,195,274,258,313,286,239,302,373,437,560,550,560,712,844,1197,1113,895,801,478,184,36,2394
2023,2023-01-01,34300,343005,広島県,安芸郡,gun_agg,,117872,5331,5767,5618,5445,5248,5869,6543,7276,7402,8849,8871,7309,6183,6121,8122,6918,5649,3294,1490,483,84,11000,57726,2697,2936,2846,2822,2683,3042,3422,3708,3810,4462,4478,3721,3033,2919,3793,3164,2381,1269,440,88,12,4190,60146,2634,2831,2772,2623,2565,2827,3121,3568,3592,4387,4393,3588,3150,3202,4329,3754,3268,2025,1050,395,72,6810
2023,2023-01-01,34302,343021,広島県,安芸郡府中町,town,34302,52196,2460,2693,2508,2353,2303,2727,3117,3428,3414,3958,3923,3459,2927,2781,3120,2647,2176,1344,646,182,30,4378,25672,1240,1402,1245,1240,1155,1412,1628,1732,1759,2002,1956,1738,1444,1385,1456,1211,918,509,192,41,7,1667,26524,1220,1291,1263,1113,1148,1315,1489,1696,1655,1956,1967,1721,1483,1396,1664,1436,1258,835,454,141,23,2711
2023,2023-01-01,34304,343048,広島県,安芸郡海田町,town,34304,29764,1543,1555,1376,1352,1354,1762,1946,2077,1986,2283,2210,1715,1420,1402,1921,1538,1169,721,303,112,19,2324,14779,779,802,698,692,705,925,1037,1111,1027,1157,1124,904,700,645,902,690,493,275,90,21,2,881,14985,764,753,678,660,649,837,909,966,959,1126,1086,811,720,757,1019,848,676,446,213,91,17,1443
2023,2023-01-01,34307,343072,広島県,安芸郡熊野町,town,34307,23258,796,947,1085,1084,980,862,891,1120,1233,1662,1796,1392,1164,1298,2085,1934,1662,841,304,101,21,2929,11241,413,466,565,550,504,421,469,546,646,842,905,724,567,591,944,901,722,354,95,15,1,1187,12017,383,481,520,534,476,441,422,574,587,820,891,668,597,707,1141,1033,940,487,209,86,20,1742
2023,2023-01-01,34309,343099,広島県,安芸郡坂町,town,34309,12654,532,572,649,656,611,518,589,651,769,946,942,743,672,640,996,799,642,388,237,88,14,1369,6034,265,266,338,340,319,284,288,319,378,461,493,355,322,298,491,362,248,131,63,11,2,455,6620,267,306,311,316,292,234,301,332,391,485,449,388,350,342,505,437,394,257,174,77,12,914
2023,2023-01-01,34360,343609,広島県,山県郡,gun_agg,,22614,546,744,855,935,817,673,721,899,1035,1421,1370,1271,1505,1765,2312,1681,1370,1401,900,338,55,4064,10885,281,367,437,456,450,380,394,505,537,766,737,660,751,907,1146,767,531,497,249,62,5,1344,11729,265,377,418,479,367,293,327,394,498,655,633,611,754,858,1166,914,839,904,651,276,50,2720
2023,2023-01-01,34368,343684,広島県,山県郡安芸太田町,town,34368,5647,96,179,158,196,149,120,138,198,198,291,298,302,379,469,635,506,444,471,290,108,22,1335,2645,52,84,71,104,77,59,72,112,94,172,158,168,188,242,311,230,176,165,88,20,2,451,3002,44,95,87,92,72,61,66,86,104,119,140,134,191,227,324,276,268,306,202,88,20,884
2023,2023-01-01,34369,343692,広島県,山県郡北広島町,town,34369,16967,450,565,697,739,668,553,583,701,837,1130,1072,969,1126,1296,1677,1175,926,930,610,230,33,2729,8240,229,283,366,352,373,321,322,393,443,594,579,492,563,665,835,537,355,332,161,42,3,893,8727,221,282,331,387,295,232,261,308,394,536,493,477,563,631,842,638,571,598,449,188,30,1836
2023,2023-01-01,34420,344206,広島県,豊田郡,gun_agg,,6851,115,152,257,645,230,156,157,195,237,330,352,349,412,452,704,688,551,472,266,103,28,1420,3385,55,80,132,413,155,95,92,109,132,187,195,195,227,221,326,320,209,158,69,13,2,451,3466,60,72,125,232,75,61,65,86,105,143,157,154,185,231,378,368,342,314,197,90,26,969
2023,2023-01-01,34431,344311,広島県,豊田郡大崎上島町,town,34431,6851,115,152,257,645,230,156,157,195,237,330,352,349,412,452,704,688,551,472,266,103,28,1420,3385,55,80,132,413,155,95,92,109,132,187,195,195,227,221,326,320,209,158,69,13,2,451,3466,60,72,125,232,75,61,65,86,105,143,157,154,185,231,378,368,342,314,197,90,26,969
2023,2023-01-01,34460,344605,広島県,世羅郡,gun_agg,,14856,384,542,582,615,439,418,440,654,731,904,807,855,1088,1246,1497,1084,943,838,550,210,29,2570,7078,197,259,283,325,246,230,242,351,380,489,401,414,514,626,738,492,387,297,160,38,9,891,7778,187,283,299,290,193,188,198,303,351,415,406,441,574,620,759,592,556,541,390,172,20,1679
2023,2023-01-01,34462,344621,広島県,世羅郡世羅町,town,34462,14856,384,542,582,615,439,418,440,654,731,904,807,855,1088,1246,1497,1084,943,838,550,210,29,2570,7078,197,259,283,325,246,230,242,351,380,489,401,414,514,626,738,492,387,297,160,38,9,891,7778,187,283,299,290,193,188,198,303,351,415,406,441,574,620,759,592,556,541,390,172,20,1679
2023,2023-01-01,34540,345407,広島県,神石郡,gun_agg,,8146,154,226,279,262,253,194,241,287,324,436,394,423,609,726,910,618,562,645,418,159,26,1810,3951,72,116,152,146,142,109,132,166,172,251,199,210,318,372,475,291,229,219,131,43,6,628,4195,82,110,127,116,111,85,109,121,152,185,195,213,291,354,435,327,333,426,287,116,20,1182
2023,2023-01-01,34545,345458,広島県,神石郡神石高原町,town,34545,8146,154,226,279,262,253,194,241,287,324,436,394,423,609,726,910,618,562,645,418,159,26,1810,3951,72,116,152,146,142,109,132,166,172,251,199,210,318,372,475,291,229,219,131,43,6,628,4195,82,110,127,116,111,85,109,121,152,185,195,213,291,354,435,327,333,426,287,116,20,1182
2023,2023-01-01,35000,350001,山口県,,pref,,1309182,41634,50436,56339,58120,55595,50827,54236,65941,74300,92645,91507,77849,80403,89172,117018,89818,72352,52717,27978,8802,1493,163342,623565,21287,26162,28694,29788,29063,26670,28346,33490,37748,47212,45522,37734,38763,42774,54772,39406,28897,18051,7446,1584,156,56134,685617,20347,24274,27645,28332,26532,24157,25890,32451,36552,45433,45985,40115,41640,46398,62246,50412,43455,34666,20532,7218,1337,107208
2023,2023-01-01,35201,352012,山口県,下関市,city,35201,246168,7459,9112,10348,10428,10031,9315,9551,12140,13816,17040,16943,14975,15415,17137,22944,17238,14247,10595,5458,1689,287,32276,114787,3843,4682,5266,5269,5194,4759,4938,6083,6919,8606,8217,6996,7301,8108,10491,7324,5426,3633,1400,303,29,10791,131381,3616,4430,5082,5159,4837,4556,4613,6057,6897,8434,8726,7979,8114,9029,12453,9914,8821,6962,4058,1386,258,21485
2023,2023-01-01,35202,352021,山口県,宇部市,city,35202,158212,5321,6275,6693,7018,7367,6661,6912,8147,9388,11262,11052,9366,9338,10239,14161,10455,8375,5902,3116,1004,160,18557,75502,2667,3293,3420,3601,3818,3454,3542,4103,4750,5761,5490,4565,4537,4835,6682,4636,3411,1940,783,194,20,6348,82710,2654,2982,3273,3417,3549,3207,3370,4044,4638,5501,5562,4801,4801,5404,7479,5819,4964,3962,2333,810,140,12209
2023,2023-01-01,35203,352039,山口県,山口市,city,35203,186661,6703,8116,8783,9109,8882,7658,8598,10422,11482,14076,13448,11160,11664,11808,14307,10806,8394,6431,3560,1057,197,19639,89147,3420,4248,4412,4665,4557,3794,4382,5252,5718,7093,6619,5467,5604,5669,6806,4736,3310,2198,981,205,11,6705,97514,3283,3868,4371,4444,4325,3864,4216,5170,5764,6983,6829,5693,6060,6139,7501,6070,5084,4233,2579,852,186,12934
2023,2023-01-01,35204,352047,山口県,萩市,city,35204,43273,857,1195,1499,1647,1383,1099,1302,1675,2118,2782,2679,2626,2974,3854,4877,3670,2947,2389,1280,371,49,7036,20111,430,622,746,835,711,595,671,855,1100,1454,1335,1265,1431,1850,2349,1527,1142,785,348,56,4,2335,23162,427,573,753,812,672,504,631,820,1018,1328,1344,1361,1543,2004,2528,2143,1805,1604,932,315,45,4701
2023,2023-01-01,35206,352063,山口県,防府市,city,35206,112654,4205,5042,5136,5092,5134,4935,5525,6422,6829,8148,7923,6526,6503,7021,9115,7044,5420,3931,1992,579,132,12054,54814,2209,2637,2608,2606,2759,2580,2930,3281,3566,4271,4039,3193,3225,3338,4249,3131,2171,1385,543,82,11,4192,57840,1996,2405,2528,2486,2375,2355,2595,3141,3263,3877,3884,3333,3278,3683,4866,3913,3249,2546,1449,497,121,7862
2023,2023-01-01,35207,352071,山口県,下松市,city,35207,56424,2457,2598,2734,2687,2393,2721,2985,3342,3540,4354,4106,3061,2828,3139,4374,3485,2804,1644,874,263,35,5620,27656,1263,1359,1364,1371,1309,1488,1599,1716,1841,2203,2068,1600,1338,1500,2049,1542,1178,586,234,46,2,2046,28768,1194,1239,1370,1316,1084,1233,1386,1626,1699,2151,2038,1461,1490,1639,2325,1943,1626,1058,640,217,33,3574
2023,2023-01-01,35208,352080,山口県,岩国市,city,35208,126620,3953,4657,5419,5453,5265,4965,4907,5920,6744,8710,8824,7792,7914,9008,11261,8801,7291,5645,2984,945,162,17027,60480,2028,2382,2764,2760,2678,2609,2544,2988,3399,4466,4412,3839,3879,4448,5368,3959,2907,1969,866,188,27,5957,66140,1925,2275,2655,2693,2587,2356,2363,2932,3345,4244,4412,3953,4035,4560,5893,4842,4384,3676,2118,757,135,11070
2023,2023-01-01,35210,352101,山口県,光市,city,35210,49005,1518,1776,2064,2193,2007,1935,2046,2170,2630,3560,3687,2838,2869,2985,4383,3897,3287,1843,946,316,55,6447,23386,766,932,1063,1136,1024,1064,1098,1100,1319,1794,1810,1384,1382,1413,1974,1661,1501,661,244,59,1,2466,25619,752,844,1001,1057,983,871,948,1070,1311,1766,1877,1454,1487,1572,2409,2236,1786,1182,702,257,54,3981
2023,2023-01-01,35211,352110,山口県,長門市,city,35211,31214,661,942,1149,1190,919,747,913,1329,1587,1884,1903,1761,2182,2775,3598,2559,2104,1754,918,290,49,5115,14487,330,487,581,628,493,402,486,652,858,973,913,828,1013,1337,1709,1091,806,591,248,53,8,1706,16727,331,455,568,562,426,345,427,677,729,911,990,933,1169,1438,1889,1468,1298,1163,670,237,41,3409
2023,2023-01-01,35212,352128,山口県,柳井市,city,35212,29982,738,1031,1221,1262,1131,999,1034,1341,1503,2032,2008,1844,2023,2186,2887,2358,1862,1394,820,259,49,4384,14025,381,532,631,646,547,528,545,680,762,1041,1003,871,978,1061,1355,1050,694,473,216,28,3,1414,15957,357,499,590,616,584,471,489,661,741,991,1005,973,1045,1125,1532,1308,1168,921,604,231,46,2970
2023,2023-01-01,35213,352136,山口県,美祢市,city,35213,21905,374,542,778,863,739,629,618,842,1061,1339,1386,1430,1520,1894,2537,1811,1472,1187,650,209,24,3542,10313,196,294,402,441,355,344,341,445,552,686,706,701,745,886,1256,781,580,388,179,33,2,1182,11592,178,248,376,422,384,285,277,397,509,653,680,729,775,1008,1281,1030,892,799,471,176,22,2360
2023,2023-01-01,35215,352152,山口県,周南市,city,35215,136507,4425,5144,5960,6186,5899,5612,5851,7008,7615,10012,10331,8291,8293,8891,11791,9393,7426,4893,2516,842,128,15805,66293,2229,2630,3095,3224,3235,3152,3141,3680,3941,5035,5266,4032,4047,4332,5444,4199,3051,1739,647,156,18,5611,70214,2196,2514,2865,2962,2664,2460,2710,3328,3674,4977,5065,4259,4246,4559,6347,5194,4375,3154,1869,686,110,10194
2023,2023-01-01,35216,352161,山口県,山陽小野田市,city,35216,59450,1802,2427,2671,2877,2811,2141,2408,3079,3461,4222,3890,3369,3562,4203,5442,4017,3109,2290,1205,401,63,7068,28330,895,1240,1398,1512,1507,1156,1274,1552,1716,2162,1912,1646,1683,1998,2490,1890,1211,724,289,67,8,2299,31120,907,1187,1273,1365,1304,985,1134,1527,1745,2060,1978,1723,1879,2205,2952,2127,1898,1566,916,334,55,4769
2023,2023-01-01,35300,353001,山口県,大島郡,gun_agg,,14230,209,294,353,489,322,254,283,421,521,690,741,780,991,1215,1809,1458,1330,1081,670,266,53,3400,6628,124,157,193,291,173,136,141,217,274,368,389,365,517,593,867,661,540,383,183,49,7,1162,7602,85,137,160,198,149,118,142,204,247,322,352,415,474,622,942,797,790,698,487,217,46,2238
2023,2023-01-01,35305,353051,山口県,大島郡周防大島町,town,35305,14230,209,294,353,489,322,254,283,421,521,690,741,780,991,1215,1809,1458,1330,1081,670,266,53,3400,6628,124,157,193,291,173,136,141,217,274,368,389,365,517,593,867,661,540,383,183,49,7,1162,7602,85,137,160,198,149,118,142,204,247,322,352,415,474,622,942,797,790,698,487,217,46,2238
2023,2023-01-01,35320,353205,山口県,玖珂郡,gun_agg,,5897,262,337,340,323,262,254,309,364,375,406,377,276,320,382,416,302,245,195,112,36,4,592,2895,143,182,155,154,153,138,170,174,192,196,201,140,149,190,215,135,94,74,35,4,1,208,3002,119,155,185,169,109,116,139,190,183,210,176,136,171,192,201,167,151,121,77,32,3,384
2023,2023-01-01,35321,353213,山口県,玖珂郡和木町,town,35321,5897,262,337,340,323,262,254,309,364,375,406,377,276,320,382,416,302,245,195,112,36,4,592,2895,143,182,155,154,153,138,170,174,192,196,201,140,149,190,215,135,94,74,35,4,1,208,3002,119,155,185,169,109,116,139,190,183,210,176,136,171,192,201,167,151,121,77,32,3,384
2023,2023-01-01,35340,353400,山口県,熊毛郡,gun_agg,,27942,641,874,1081,1205,986,856,919,1206,1483,1968,2036,1609,1782,2157,2717,2278,1809,1327,732,232,44,4144,13327,333,450,536,591,513,445,507,646,767,1024,1056,773,829,1075,1272,985,795,459,213,54,4,1525,14615,308,424,545,614,473,411,412,560,716,944,980,836,953,1082,1445,1293,1014,868,519,178,40,2619
2023,2023-01-01,35341,353418,山口県,熊毛郡上関町,town,35341,2386,41,46,51,48,48,40,68,74,71,97,99,142,168,215,315,230,232,216,136,43,6,633,1134,22,25,21,27,29,31,34,39,44,62,60,78,87,119,159,100,90,66,29,12,0,197,1252,19,21,30,21,19,9,34,35,27,35,39,64,81,96,156,130,142,150,107,31,6,436
2023,2023-01-01,35343,353434,山口県,熊毛郡田布施町,town,35343,14488,349,471,612,685,518,472,500,663,841,1105,1126,827,929,1056,1331,1129,870,586,307,92,19,1874,6940,179,231,315,326,272,232,275,368,430,576,584,387,421,511,618,497,389,207,105,15,2,718,7548,170,240,297,359,246,240,225,295,411,529,542,440,508,545,713,632,481,379,202,77,17,1156
2023,2023-01-01,35344,353442,山口県,熊毛郡平生町,town,35344,11068,251,357,418,472,420,344,351,469,571,766,811,640,685,886,1071,919,707,525,289,97,19,1637,5253,132,194,200,238,212,182,198,239,293,386,412,308,321,445,495,388,316,186,79,27,2,610,5815,119,163,218,234,208,162,153,230,278,380,399,332,364,441,576,531,391,339,210,70,17,1027
2023,2023-01-01,35500,355003,山口県,阿武郡,gun_agg,,3038,49,74,110,98,64,46,75,113,147,160,173,145,225,278,399,246,230,216,145,43,2,636,1384,30,35,60,58,37,26,37,66,74,79,86,69,105,141,196,98,80,63,37,7,0,187,1654,19,39,50,40,27,20,38,47,73,81,87,76,120,137,203,148,150,153,108,36,2,449
2023,2023-01-01,35502,355020,山口県,阿武郡阿武町,town,35502,3038,49,74,110,98,64,46,75,113,147,160,173,145,225,278,399,246,230,216,145,43,2,636,1384,30,35,60,58,37,26,37,66,74,79,86,69,105,141,196,98,80,63,37,7,0,187,1654,19,39,50,40,27,20,38,47,73,81,87,76,120,137,203,148,150,153,108,36,2,449
2023,2023-01-01,36000,360007,徳島県,,pref,,711985,22376,27138,29367,30536,30035,27624,30655,37381,42716,50151,48795,44685,46310,51612,64072,44242,35706,27868,15284,4754,678,84290,341631,11482,14086,15111,15647,15542,14385,15847,18897,22028,25096,23974,21683,22348,24977,30739,20300,14738,9740,4064,866,81,29489,370354,10894,13052,14256,14889,14493,13239,14808,18484,20688,25055,24821,23002,23962,26635,33333,23942,20968,18128,11220,3888,597,54801
2023,2023-01-01,36201,362018,徳島県,徳島市,city,36201,246716,8963,10249,10569,10718,11410,10768,12135,14090,15429,18162,18113,16216,15633,15721,19367,14118,11230,8170,4181,1311,163,25055,117326,4611,5285,5419,5446,5883,5457,6190,6942,7872,8919,8751,7767,7490,7362,9077,6209,4515,2791,1096,223,21,8646,129390,4352,4964,5150,5272,5527,5311,5945,7148,7557,9243,9362,8449,8143,8359,10290,7909,6715,5379,3085,1088,142,16409
2023,2023-01-01,36202,362026,徳島県,鳴門市,city,36202,54197,1398,1836,2142,2236,2338,1939,2100,2610,3104,4013,3839,3760,3438,3964,5338,3715,2832,2097,1088,354,56,6427,26027,710,966,1117,1157,1212,995,1087,1318,1586,2042,1894,1799,1708,1907,2526,1755,1136,753,287,69,3,2248,28170,688,870,1025,1079,1126,944,1013,1292,1518,1971,1945,1961,1730,2057,2812,1960,1696,1344,801,285,53,4179
2023,2023-01-01,36203,362034,徳島県,小松島市,city,36203,35643,925,1090,1355,1533,1571,1415,1388,1725,2032,2511,2600,2239,2433,2645,3392,2464,1863,1458,753,209,42,4325,17358,463,571,724,774,826,763,746,918,1073,1294,1324,1108,1178,1267,1604,1154,788,513,223,42,5,1571,18285,462,519,631,759,745,652,642,807,959,1217,1276,1131,1255,1378,1788,1310,1075,945,530,167,37,2754
2023,2023-01-01,36204,362042,徳島県,阿南市,city,36204,69592,2131,2717,3125,3320,2946,2836,2859,3608,4286,4855,4674,4246,4296,4854,6191,4417,3553,2745,1433,438,62,8231,33908,1104,1418,1575,1723,1557,1631,1567,1851,2234,2469,2346,2051,2118,2327,2952,1980,1520,999,396,86,4,3005,35684,1027,1299,1550,1597,1389,1205,1292,1757,2052,2386,2328,2195,2178,2527,3239,2437,2033,1746,1037,352,58,5226
2023,2023-01-01,36205,362051,徳島県,吉野川市,city,36205,38434,1015,1318,1483,1571,1442,1317,1509,1813,2212,2487,2433,2356,2659,3096,3888,2590,2075,1749,1040,339,42,5245,18256,507,682,737,764,750,681,795,968,1151,1197,1192,1120,1259,1488,1930,1189,871,629,276,67,3,1846,20178,508,636,746,807,692,636,714,845,1061,1290,1241,1236,1400,1608,1958,1401,1204,1120,764,272,39,3399
2023,2023-01-01,36206,362069,徳島県,阿波市,city,36206,34867,837,1178,1347,1471,1395,1047,1256,1621,1987,2504,2342,2048,2414,2938,3772,2288,1800,1516,844,240,22,4422,16849,415,592,690,747,711,532,657,840,1032,1259,1179,1031,1153,1453,1822,1145,779,525,238,45,4,1591,18018,422,586,657,724,684,515,599,781,955,1245,1163,1017,1261,1485,1950,1143,1021,991,606,195,18,2831
2023,2023-01-01,36207,362077,徳島県,美馬市,city,36207,26904,665,892,1021,1046,931,847,1001,1333,1535,1646,1607,1622,1910,2448,2814,1699,1481,1304,802,261,39,3887,12950,371,486,532,546,476,464,517,670,804,847,797,801,930,1238,1386,798,594,443,200,45,5,1287,13954,294,406,489,500,455,383,484,663,731,799,810,821,980,1210,1428,901,887,861,602,216,34,2600
2023,2023-01-01,36208,362085,徳島県,三好市,city,36208,23299,457,655,755,766,643,591,685,993,1067,1214,1270,1370,1872,2325,2574,1624,1610,1526,961,300,41,4438,11070,228,345,400,410,348,334,367,514,579,624,628,690,921,1198,1305,762,625,512,229,46,5,1417,12229,229,310,355,356,295,257,318,479,488,590,642,680,951,1127,1269,862,985,1014,732,254,36,3021
2023,2023-01-01,36300,363006,徳島県,勝浦郡,gun_agg,,6207,130,193,183,211,174,163,215,268,286,323,322,362,404,545,655,481,500,436,259,78,19,1292,2981,57,107,98,122,88,90,126,138,157,172,173,182,191,264,348,212,217,158,65,14,2,456,3226,73,86,85,89,86,73,89,130,129,151,149,180,213,281,307,269,283,278,194,64,17,836
2023,2023-01-01,36301,363014,徳島県,勝浦郡勝浦町,town,36301,4791,104,150,151,182,144,116,176,210,235,254,257,277,310,450,515,371,343,296,183,55,12,889,2306,47,83,84,104,72,64,106,106,128,137,133,131,147,219,275,164,150,107,40,8,1,306,2485,57,67,67,78,72,52,70,104,107,117,124,146,163,231,240,207,193,189,143,47,11,583
2023,2023-01-01,36302,363022,徳島県,勝浦郡上勝町,town,36302,1416,26,43,32,29,30,47,39,58,51,69,65,85,94,95,140,110,157,140,76,23,7,403,675,10,24,14,18,16,26,20,32,29,35,40,51,44,45,73,48,67,51,25,6,1,150,741,16,19,18,11,14,21,19,26,22,34,25,34,50,50,67,62,90,89,51,17,6,253
2023,2023-01-01,36320,363201,徳島県,名東郡,gun_agg,,2160,41,60,66,74,53,66,52,95,119,123,123,121,134,202,253,186,161,128,76,21,6,392,1059,21,39,38,48,28,35,29,49,58,61,69,68,61,90,128,94,68,48,22,4,1,143,1101,20,21,28,26,25,31,23,46,61,62,54,53,73,112,125,92,93,80,54,17,5,249
2023,2023-01-01,36321,363219,徳島県,名東郡佐那河内村,village,36321,2160,41,60,66,74,53,66,52,95,119,123,123,121,134,202,253,186,161,128,76,21,6,392,1059,21,39,38,48,28,35,29,49,58,61,69,68,61,90,128,94,68,48,22,4,1,143,1101,20,21,28,26,25,31,23,46,61,62,54,53,73,112,125,92,93,80,54,17,5,249
2023,2023-01-01,36340,363405,徳島県,名西郡,gun_agg,,29633,918,1158,1224,1194,1115,1054,1187,1541,1788,1971,1880,1752,1928,2261,2835,1945,1597,1281,743,220,41,3882,14153,488,590,640,638,563,540,573,770,940,990,902,848,903,1099,1367,955,640,451,198,50,8,1347,15480,430,568,584,556,552,514,614,771,848,981,978,904,1025,1162,1468,990,957,830,545,170,33,2535
2023,2023-01-01,36341,363413,徳島県,名西郡石井町,town,36341,24844,822,1055,1125,1068,1009,928,1058,1341,1558,1770,1675,1495,1578,1771,2254,1591,1193,884,497,142,30,2746,11858,432,537,577,567,511,466,510,668,800,884,796,713,747,845,1055,782,490,313,125,34,6,968,12986,390,518,548,501,498,462,548,673,758,886,879,782,831,926,1199,809,703,571,372,108,24,1778
2023,2023-01-01,36342,363421,徳島県,名西郡神山町,town,36342,4789,96,103,99,126,106,126,129,200,230,201,205,257,350,490,581,354,404,397,246,78,11,1136,2295,56,53,63,71,52,74,63,102,140,106,106,135,156,254,312,173,150,138,73,16,2,379,2494,40,50,36,55,54,52,66,98,90,95,99,122,194,236,269,181,254,259,173,62,9,757
2023,2023-01-01,36360,363600,徳島県,那賀郡,gun_agg,,7465,117,193,209,281,199,165,170,239,338,342,367,415,571,668,873,583,622,571,380,140,22,1735,3558,62,102,112,159,109,91,94,125,194,182,175,219,298,357,437,255,252,201,109,24,1,587,3907,55,91,97,122,90,74,76,114,144,160,192,196,273,311,436,328,370,370,271,116,21,1148
2023,2023-01-01,36368,363685,徳島県,那賀郡那賀町,town,36368,7465,117,193,209,281,199,165,170,239,338,342,367,415,571,668,873,583,622,571,380,140,22,1735,3558,62,102,112,159,109,91,94,125,194,182,175,219,298,357,437,255,252,201,109,24,1,587,3907,55,91,97,122,90,74,76,114,144,160,192,196,273,311,436,328,370,370,271,116,21,1148
2023,2023-01-01,36380,363804,徳島県,海部郡,gun_agg,,18124,343,422,479,577,571,426,502,656,763,908,1059,1170,1292,1562,2090,1601,1465,1298,666,231,43,3703,8612,173,198,246,296,324,212,269,358,430,460,513,579,654,785,1032,716,631,477,206,47,6,1367,9512,170,224,233,281,247,214,233,298,333,448,546,591,638,777,1058,885,834,821,460,184,37,2336
2023,2023-01-01,36383,363839,徳島県,海部郡牟岐町,town,36383,3668,52,67,82,96,97,83,95,121,145,198,201,235,236,314,477,373,312,279,140,51,14,796,1738,25,28,43,50,61,44,49,69,83,103,103,125,106,151,231,170,136,110,41,9,1,297,1930,27,39,39,46,36,39,46,52,62,95,98,110,130,163,246,203,176,169,99,42,13,499
2023,2023-01-01,36387,363871,徳島県,海部郡美波町,town,36387,6011,121,148,167,176,182,153,173,241,265,269,339,388,420,518,629,537,529,430,249,68,9,1285,2826,65,69,88,80,94,76,92,126,156,139,161,194,221,258,313,226,222,154,75,16,1,468,3185,56,79,79,96,88,77,81,115,109,130,178,194,199,260,316,311,307,276,174,52,8,817
2023,2023-01-01,36388,363880,徳島県,海部郡海陽町,town,36388,8445,170,207,230,305,292,190,234,294,353,441,519,547,636,730,984,691,624,589,277,112,20,1622,4048,83,101,115,166,169,92,128,163,191,218,249,260,327,376,488,320,273,213,90,22,4,602,4397,87,106,115,139,123,98,106,131,162,223,270,287,309,354,496,371,351,376,187,90,16,1020
2023,2023-01-01,36400,364002,徳島県,板野郡,gun_agg,,97370,3884,4481,4629,4709,4511,4287,4818,5762,6673,7793,6934,5723,5700,6406,7901,5187,3667,2512,1355,383,55,7972,47328,1999,2344,2363,2400,2303,2191,2435,2894,3338,3903,3425,2785,2705,3123,3756,2445,1586,899,352,74,8,2919,50042,1885,2137,2266,2309,2208,2096,2383,2868,3335,3890,3509,2938,2995,3283,4145,2742,2081,1613,1003,309,47,5053
2023,2023-01-01,36401,364011,徳島県,板野郡松茂町,town,36401,14543,488,588,682,726,793,753,696,805,973,1203,1155,935,901,889,1091,734,526,388,176,36,5,1131,7246,264,290,339,358,456,410,354,420,482,616,589,464,454,457,530,344,224,141,46,7,1,419,7297,224,298,343,368,337,343,342,385,491,587,566,471,447,432,561,390,302,247,130,29,4,712
2023,2023-01-01,36402,364029,徳島県,板野郡北島町,town,36402,23408,1079,1232,1209,1113,1054,1064,1218,1504,1678,1925,1647,1334,1284,1381,1677,1169,873,592,291,74,10,1840,11367,558,645,622,566,515,542,622,738,837,953,826,668,601,665,773,556,364,215,82,18,1,680,12041,521,587,587,547,539,522,596,766,841,972,821,666,683,716,904,613,509,377,209,56,9,1160
2023,2023-01-01,36403,364037,徳島県,板野郡藍住町,town,36403,35249,1559,1815,1783,1823,1652,1633,1907,2260,2571,2872,2419,1974,1916,2236,2729,1771,1124,682,393,119,11,2329,17029,809,946,911,914,824,821,940,1096,1284,1414,1174,927,892,1056,1288,848,523,240,102,19,1,885,18220,750,869,872,909,828,812,967,1164,1287,1458,1245,1047,1024,1180,1441,923,601,442,291,100,10,1444
2023,2023-01-01,36404,364045,徳島県,板野郡板野町,town,36404,12857,424,460,488,537,539,498,570,630,774,949,918,822,847,1004,1190,788,613,454,258,82,12,1419,6223,194,256,250,299,268,252,293,335,396,499,444,412,401,514,569,347,251,163,66,12,2,494,6634,230,204,238,238,271,246,277,295,378,450,474,410,446,490,621,441,362,291,192,70,10,925
2023,2023-01-01,36405,364053,徳島県,板野郡上板町,town,36405,11313,334,386,467,510,473,339,427,563,677,844,795,658,752,896,1214,725,531,396,237,72,17,1253,5463,174,207,241,263,240,166,226,305,339,421,392,314,357,431,596,350,224,140,56,18,3,441,5850,160,179,226,247,233,173,201,258,338,423,403,344,395,465,618,375,307,256,181,54,14,812
2023,2023-01-01,36460,364606,徳島県,美馬郡,gun_agg,,7860,133,196,218,269,245,206,224,307,378,402,439,473,619,786,830,590,595,503,324,109,14,1545,3695,74,102,127,140,136,107,116,173,195,206,208,244,300,405,417,260,235,165,69,13,3,485,4165,59,94,91,129,109,99,108,134,183,196,231,229,319,381,413,330,360,338,255,96,11,1060
2023,2023-01-01,36468,364681,徳島県,美馬郡つるぎ町,town,36468,7860,133,196,218,269,245,206,224,307,378,402,439,473,619,786,830,590,595,503,324,109,14,1545,3695,74,102,127,140,136,107,116,173,195,206,208,244,300,405,417,260,235,165,69,13,3,485,4165,59,94,91,129,109,99,108,134,183,196,231,229,319,381,413,330,360,338,255,96,11,1060
2023,2023-01-01,36480,364801,徳島県,三好郡,gun_agg,,13514,419,500,562,560,491,497,554,720,719,897,793,812,1007,1191,1299,754,655,574,379,120,11,1739,6501,199,259,293,277,228,262,279,369,385,471,398,391,479,614,652,371,281,176,98,17,2,574,7013,220,241,269,283,263,235,275,351,334,426,395,421,528,577,647,383,374,398,281,103,9,1165
2023,2023-01-01,36489,364894,徳島県,三好郡東みよし町,town,36489,13514,419,500,562,560,491,497,554,720,719,897,793,812,1007,1191,1299,754,655,574,379,120,11,1739,6501,199,259,293,277,228,262,279,369,385,471,398,391,479,614,652,371,281,176,98,17,2,574,7013,220,241,269,283,263,235,275,351,334,426,395,421,528,577,647,383,374,398,281,103,9,1165
2023,2023-01-01,37000,370002,香川県,,pref,,942034,31760,38750,42027,43571,42377,38796,42275,50898,57504,71345,67662,56177,56769,60420,78799,58916,44717,33809,18614,5871,977,103988,455613,16170,19999,21627,22146,22272,19985,21758,25980,29240,36092,34155,27663,27694,29316,37186,26654,18845,12076,5393,1232,130,37676,486421,15590,18751,20400,21425,20105,18811,20517,24918,28264,35253,33507,28514,29075,31104,41613,32262,25872,21733,13221,4639,847,66312
2023,2023-01-01,37201,372013,香川県,高松市,city,37201,417026,15393,18286,19535,19825,19502,18716,20261,24416,26945,33570,31605,25454,24023,24338,31446,23701,17798,12800,6953,2113,346,40010,201214,7783,9389,10065,10069,10090,9426,10243,12242,13533,16765,15972,12440,11782,11697,14655,10550,7448,4574,2026,419,46,14513,215812,7610,8897,9470,9756,9412,9290,10018,12174,13412,16805,15633,13014,12241,12641,16791,13151,10350,8226,4927,1694,300,25497
2023,2023-01-01,37202,372021,香川県,丸亀市,city,37202,109432,4202,4845,5345,5412,5271,4921,5323,6122,7145,8500,8078,6212,6095,6697,8735,6331,4533,3331,1737,509,88,10198,53204,2153,2562,2686,2720,2732,2516,2716,3150,3666,4314,4092,3030,2879,3216,4156,2835,1951,1215,499,104,12,3781,56228,2049,2283,2659,2692,2539,2405,2607,2972,3479,4186,3986,3182,3216,3481,4579,3496,2582,2116,1238,405,76,6417
2023,2023-01-01,37203,372030,香川県,坂出市,city,37203,49695,1407,1891,2112,2240,2146,1835,1975,2353,2829,3746,3510,2833,2973,3215,4703,3608,2650,2127,1115,370,57,6319,23935,743,974,1102,1155,1116,998,1052,1220,1424,1874,1798,1429,1474,1544,2207,1629,1100,707,311,71,7,2196,25760,664,917,1010,1085,1030,837,923,1133,1405,1872,1712,1404,1499,1671,2496,1979,1550,1420,804,299,50,4123
2023,2023-01-01,37204,372048,香川県,善通寺市,city,37204,30365,1050,1235,1319,1376,1714,1421,1549,1662,1808,2048,1966,1632,1751,1890,2588,1918,1474,1127,611,187,39,3438,15123,527,631,687,726,977,831,861,903,960,1082,1010,820,856,924,1227,873,592,400,185,47,4,1228,15242,523,604,632,650,737,590,688,759,848,966,956,812,895,966,1361,1045,882,727,426,140,35,2210
2023,2023-01-01,37205,372056,香川県,観音寺市,city,37205,56681,1859,2292,2371,2484,2324,2318,2473,2870,3356,3844,3784,3521,3741,3905,4859,3651,2886,2355,1310,409,69,7029,27422,940,1173,1266,1301,1241,1204,1265,1498,1699,1984,1880,1762,1823,1917,2295,1653,1177,855,385,95,9,2521,29259,919,1119,1105,1183,1083,1114,1208,1372,1657,1860,1904,1759,1918,1988,2564,1998,1709,1500,925,314,60,4508
2023,2023-01-01,37206,372064,香川県,さぬき市,city,37206,45290,1022,1449,1750,2043,1939,1472,1553,1947,2381,3151,3244,2807,3141,3380,4391,3374,2684,2028,1101,379,54,6246,21806,520,734,875,1068,1022,755,811,1015,1233,1622,1612,1413,1518,1677,2081,1521,1149,746,336,91,7,2329,23484,502,715,875,975,917,717,742,932,1148,1529,1632,1394,1623,1703,2310,1853,1535,1282,765,288,47,3917
2023,2023-01-01,37207,372072,香川県,東かがわ市,city,37207,28175,585,788,907,1038,1044,832,854,1134,1313,1794,1959,1778,1860,2129,2984,2378,2102,1585,833,233,45,4798,13443,304,414,463,512,579,443,447,603,677,921,970,877,885,1060,1420,1083,874,603,247,55,6,1785,14732,281,374,444,526,465,389,407,531,636,873,989,901,975,1069,1564,1295,1228,982,586,178,39,3013
2023,2023-01-01,37208,372081,香川県,三豊市,city,37208,61190,1744,2375,2573,2749,2499,1937,2356,2948,3411,4423,3914,3575,4027,4448,5747,4315,3236,2727,1591,508,87,8149,29521,881,1233,1313,1368,1325,991,1254,1554,1754,2275,2012,1756,1968,2150,2764,1999,1378,970,453,112,11,2924,31669,863,1142,1260,1381,1174,946,1102,1394,1657,2148,1902,1819,2059,2298,2983,2316,1858,1757,1138,396,76,5225
2023,2023-01-01,37320,373206,香川県,小豆郡,gun_agg,,26370,634,815,895,902,774,719,873,1133,1330,1610,1623,1631,1818,2255,2915,2130,1724,1354,850,326,59,4313,12585,320,422,465,485,407,403,462,565,680,835,806,817,892,1110,1428,958,756,468,232,69,5,1530,13785,314,393,430,417,367,316,411,568,650,775,817,814,926,1145,1487,1172,968,886,618,257,54,2783
2023,2023-01-01,37322,373222,香川県,小豆郡土庄町,town,37322,12918,320,397,451,450,362,356,414,560,701,776,788,781,870,1142,1477,1047,839,615,384,159,29,2026,6134,177,204,220,242,200,202,202,282,350,412,364,401,422,548,738,470,368,207,94,29,2,700,6784,143,193,231,208,162,154,212,278,351,364,424,380,448,594,739,577,471,408,290,130,27,1326
2023,2023-01-01,37324,373249,香川県,小豆郡小豆島町,town,37324,13452,314,418,444,452,412,363,459,573,629,834,835,850,948,1113,1438,1083,885,739,466,167,30,2287,6451,143,218,245,243,207,201,260,283,330,423,442,416,470,562,690,488,388,261,138,40,3,830,7001,171,200,199,209,205,162,199,290,299,411,393,434,478,551,748,595,497,478,328,127,27,1457
2023,2023-01-01,37340,373401,香川県,木田郡,gun_agg,,27067,910,1172,1279,1296,1213,955,1107,1516,1635,2077,1776,1564,1725,1926,2447,1621,1229,881,531,185,22,2848,13113,459,589,672,647,631,486,539,767,845,1037,888,758,833,960,1170,775,531,330,158,36,2,1057,13954,451,583,607,649,582,469,568,749,790,1040,888,806,892,966,1277,846,698,551,373,149,20,1791
2023,2023-01-01,37341,373419,香川県,木田郡三木町,town,37341,27067,910,1172,1279,1296,1213,955,1107,1516,1635,2077,1776,1564,1725,1926,2447,1621,1229,881,531,185,22,2848,13113,459,589,672,647,631,486,539,767,845,1037,888,758,833,960,1170,775,531,330,158,36,2,1057,13954,451,583,607,649,582,469,568,749,790,1040,888,806,892,966,1277,846,698,551,373,149,20,1791
2023,2023-01-01,37360,373605,香川県,香川郡,gun_agg,,2903,99,90,103,85,136,200,156,177,171,200,169,154,154,164,257,213,173,121,56,24,1,375,1506,53,47,50,42,87,128,93,99,98,99,93,86,91,66,126,104,76,46,17,5,0,144,1397,46,43,53,43,49,72,63,78,73,101,76,68,63,98,131,109,97,75,39,19,1,231
2023,2023-01-01,37364,373648,香川県,香川郡直島町,town,37364,2903,99,90,103,85,136,200,156,177,171,200,169,154,154,164,257,213,173,121,56,24,1,375,1506,53,47,50,42,87,128,93,99,98,99,93,86,91,66,126,104,76,46,17,5,0,144,1397,46,43,53,43,49,72,63,78,73,101,76,68,63,98,131,109,97,75,39,19,1,231
2023,2023-01-01,37380,373800,香川県,綾歌郡,gun_agg,,40805,1552,1721,1819,1981,1834,1787,2028,2315,2521,3147,2903,2375,2409,2687,3281,2389,1724,1313,714,265,40,4056,19899,821,911,909,969,988,893,1055,1188,1283,1600,1431,1159,1178,1320,1569,1144,748,466,213,45,9,1481,20906,731,810,910,1012,846,894,973,1127,1238,1547,1472,1216,1231,1367,1712,1245,976,847,501,220,31,2575
2023,2023-01-01,37386,373869,香川県,綾歌郡宇多津町,town,37386,17836,845,822,864,973,946,979,1078,1163,1181,1518,1432,1085,985,884,1022,806,574,435,183,55,6,1253,8724,442,441,428,477,495,495,552,623,591,753,685,514,484,444,471,378,239,151,53,6,2,451,9112,403,381,436,496,451,484,526,540,590,765,747,571,501,440,551,428,335,284,130,49,4,802
2023,2023-01-01,37387,373877,香川県,綾歌郡綾川町,town,37387,22969,707,899,955,1008,888,808,950,1152,1340,1629,1471,1290,1424,1803,2259,1583,1150,878,531,210,34,2803,11175,379,470,481,492,493,398,503,565,692,847,746,645,694,876,1098,766,509,315,160,39,7,1030,11794,328,429,474,516,395,410,447,587,648,782,725,645,730,927,1161,817,641,563,371,171,27,1773
2023,2023-01-01,37400,374008,香川県,仲多度郡,gun_agg,,47035,1303,1791,2019,2140,1981,1683,1767,2305,2659,3235,3131,2641,3052,3386,4446,3287,2504,2060,1212,363,70,6209,22842,666,920,1074,1084,1077,911,960,1176,1388,1684,1591,1316,1515,1675,2088,1530,1065,696,331,83,12,2187,24193,637,871,945,1056,904,772,807,1129,1271,1551,1540,1325,1537,1711,2358,1757,1439,1364,881,280,58,4022
2023,2023-01-01,37403,374032,香川県,仲多度郡琴平町,town,37403,8240,183,244,274,330,344,301,265,287,412,554,594,528,518,606,806,674,543,455,246,55,21,1320,3879,85,123,153,169,181,160,149,138,204,291,289,271,249,292,352,309,208,160,77,14,5,464,4361,98,121,121,161,163,141,116,149,208,263,305,257,269,314,454,365,335,295,169,41,16,856
2023,2023-01-01,37404,374041,香川県,仲多度郡多度津町,town,37404,21384,607,832,929,1050,1043,845,861,1099,1241,1548,1537,1185,1319,1412,1937,1456,1090,761,488,122,22,2483,10489,325,432,484,522,570,471,467,582,652,805,764,594,638,710,897,670,489,253,133,29,2,906,10895,282,400,445,528,473,374,394,517,589,743,773,591,681,702,1040,786,601,508,355,93,20,1577
2023,2023-01-01,37406,374067,香川県,仲多度郡まんのう町,town,37406,17411,513,715,816,760,594,537,641,919,1006,1133,1000,928,1215,1368,1703,1157,871,844,478,186,27,2406,8474,256,365,437,393,326,280,344,456,532,588,538,451,628,673,839,551,368,283,121,40,5,817,8937,257,350,379,367,268,257,297,463,474,545,462,477,587,695,864,606,503,561,357,146,22,1589
2023,2023-01-01,38000,380008,愛媛県,,pref,,1313876,41497,51358,57570,58669,54325,51856,56922,68391,77604,94747,92318,82219,84649,89632,114025,83254,66688,50058,27651,8988,1455,154840,624312,21343,26462,29397,30118,27881,26814,28920,34134,39145,47701,45670,39646,40815,42578,53243,36935,26824,17273,7517,1716,180,53510,689564,20154,24896,28173,28551,26444,25042,28002,34257,38459,47046,46648,42573,43834,47054,60782,46319,39864,32785,20134,7272,1275,101330
2023,2023-01-01,38201,382019,愛媛県,松山市,city,38201,500088,17431,21179,22956,23315,23308,22778,24848,28562,32339,38481,37398,32020,31154,31111,37750,27750,21320,15212,8213,2572,391,47708,235064,9001,10915,11625,11866,11736,11254,12142,13910,15822,18764,18107,15015,14690,14539,17251,12035,8535,5104,2210,490,53,16392,265024,8430,10264,11331,11449,11572,11524,12706,14652,16517,19717,19291,17005,16464,16572,20499,15715,12785,10108,6003,2082,338,31316
2023,2023-01-01,38202,382027,愛媛県,今治市,city,38202,148506,4248,5329,6376,6292,5901,5390,5799,7176,8183,10653,10757,9108,9219,9888,14058,10971,8640,5993,3224,1089,212,19158,70158,2184,2679,3341,3202,2935,2918,2976,3637,4167,5355,5329,4375,4413,4641,6480,4785,3550,2111,875,182,23,6741,78348,2064,2650,3035,3090,2966,2472,2823,3539,4016,5298,5428,4733,4806,5247,7578,6186,5090,3882,2349,907,189,12417
2023,2023-01-01,38203,382035,愛媛県,宇和島市,city,38203,69537,1725,2264,2659,2757,2348,2174,2205,2916,3610,4665,4639,4450,4903,5545,7316,5370,4164,3341,1855,567,64,9991,32845,884,1210,1388,1419,1216,1202,1171,1474,1899,2389,2358,2168,2363,2629,3437,2394,1598,1067,480,97,2,3244,36692,841,1054,1271,1338,1132,972,1034,1442,1711,2276,2281,2282,2540,2916,3879,2976,2566,2274,1375,470,62,6747
2023,2023-01-01,38204,382043,愛媛県,八幡浜市,city,38204,30960,749,938,1151,1180,937,883,1039,1279,1512,1858,2224,2045,2235,2501,3145,2381,2117,1621,831,295,39,4903,14566,398,484,585,596,496,460,545,663,780,963,1056,997,1155,1158,1521,1029,837,573,211,50,9,1680,16394,351,454,566,584,441,423,494,616,732,895,1168,1048,1080,1343,1624,1352,1280,1048,620,245,30,3223
2023,2023-01-01,38205,382051,愛媛県,新居浜市,city,38205,113972,3854,4671,5201,5124,4826,4980,5138,6047,6704,8460,7996,6851,6795,6872,9834,7371,5889,4192,2321,698,148,13248,54973,1966,2407,2653,2691,2559,2673,2702,3075,3443,4411,4025,3495,3299,3301,4408,3339,2349,1424,613,125,15,4526,58999,1888,2264,2548,2433,2267,2307,2436,2972,3261,4049,3971,3356,3496,3571,5426,4032,3540,2768,1708,573,133,8722
2023,2023-01-01,38206,382060,愛媛県,西条市,city,38206,104214,3506,4317,4700,4687,4132,4149,4548,5483,6186,7505,6963,6559,6737,7166,9050,6243,5076,3979,2319,797,112,12283,50238,1757,2238,2405,2430,2162,2206,2317,2856,3153,3864,3555,3196,3267,3440,4293,2864,2024,1404,637,153,17,4235,53976,1749,2079,2295,2257,1970,1943,2231,2627,3033,3641,3408,3363,3470,3726,4757,3379,3052,2575,1682,644,95,8048
2023,2023-01-01,38207,382078,愛媛県,大洲市,city,38207,40341,1184,1470,1784,1732,1466,1261,1485,1946,2176,2660,2616,2488,2902,3152,3792,2586,2240,1885,1128,332,56,5641,19426,578,774,912,893,775,667,773,978,1106,1369,1303,1231,1488,1528,1869,1200,903,670,331,72,6,1982,20915,606,696,872,839,691,594,712,968,1070,1291,1313,1257,1414,1624,1923,1386,1337,1215,797,260,50,3659
2023,2023-01-01,38210,382108,愛媛県,伊予市,city,38210,35556,1089,1481,1620,1578,1418,1204,1531,1836,2078,2419,2353,2193,2441,2551,3221,2260,1815,1408,784,238,38,4283,16866,558,785,853,800,699,588,787,918,1056,1229,1138,1085,1171,1231,1496,1030,716,475,200,48,3,1442,18690,531,696,767,778,719,616,744,918,1022,1190,1215,1108,1270,1320,1725,1230,1099,933,584,190,35,2841
2023,2023-01-01,38213,382132,愛媛県,四国中央市,city,38213,82529,2526,3117,3620,3705,3418,3297,3638,4385,4792,5995,5640,5256,5275,5870,7282,5083,4133,3159,1646,598,94,9630,40531,1324,1612,1794,1944,1893,1800,1968,2266,2570,3121,2916,2636,2607,2865,3495,2317,1708,1116,447,121,11,3403,41998,1202,1505,1826,1761,1525,1497,1670,2119,2222,2874,2724,2620,2668,3005,3787,2766,2425,2043,1199,477,83,6227
2023,2023-01-01,38214,382141,愛媛県,西予市,city,38214,34924,904,1124,1345,1381,913,902,1077,1478,1746,2071,2011,2114,2410,2728,3675,2760,2372,2130,1268,430,85,6285,16625,463,562,708,716,535,503,572,736,930,1111,1006,1062,1201,1330,1811,1235,967,729,345,94,9,2144,18299,441,562,637,665,378,399,505,742,816,960,1005,1052,1209,1398,1864,1525,1405,1401,923,336,76,4141
2023,2023-01-01,38215,382159,愛媛県,東温市,city,38215,32997,1145,1387,1519,1559,1528,1305,1460,1860,2089,2369,2204,1931,2102,2455,2767,1831,1500,1117,641,196,32,3486,15594,587,698,764,752,728,628,733,922,1056,1186,1097,900,971,1193,1328,800,626,397,175,49,4,1251,17403,558,689,755,807,800,677,727,938,1033,1183,1107,1031,1131,1262,1439,1031,874,720,466,147,28,2235
2023,2023-01-01,38340,383406,愛媛県,越智郡,gun_agg,,6032,86,152,157,508,177,114,181,194,231,296,292,306,381,487,747,583,512,356,198,66,8,1140,3041,44,88,82,349,110,67,106,98,128,160,160,164,184,229,369,282,214,119,68,20,0,421,2991,42,64,75,159,67,47,75,96,103,136,132,142,197,258,378,301,298,237,130,46,8,719
2023,2023-01-01,38356,383562,愛媛県,越智郡上島町,town,38356,6032,86,152,157,508,177,114,181,194,231,296,292,306,381,487,747,583,512,356,198,66,8,1140,3041,44,88,82,349,110,67,106,98,128,160,160,164,184,229,369,282,214,119,68,20,0,421,2991,42,64,75,159,67,47,75,96,103,136,132,142,197,258,378,301,298,237,130,46,8,719
2023,2023-01-01,38380,383805,愛媛県,上浮穴郡,gun_agg,,7394,150,187,205,250,179,186,212,253,281,376,388,466,579,667,729,508,629,635,372,122,20,1778,3543,79,93,112,128,97,106,129,136,149,196,201,235,308,351,380,218,240,233,120,27,5,625,3851,71,94,93,122,82,80,83,117,132,180,187,231,271,316,349,290,389,402,252,95,15,1153
2023,2023-01-01,38386,383864,愛媛県,上浮穴郡久万高原町,town,38386,7394,150,187,205,250,179,186,212,253,281,376,388,466,579,667,729,508,629,635,372,122,20,1778,3543,79,93,112,128,97,106,129,136,149,196,201,235,308,351,380,218,240,233,120,27,5,625,3851,71,94,93,122,82,80,83,117,132,180,187,231,271,316,349,290,389,402,252,95,15,1153
2023,2023-01-01,38400,384003,愛媛県,伊予郡,gun_agg,,50560,1698,2198,2385,2393,2093,1832,2139,2820,3174,3562,3486,2883,3244,3635,4293,3215,2424,1765,928,336,57,5510,24016,880,1119,1188,1223,1068,950,1100,1357,1572,1811,1711,1342,1541,1707,2001,1403,1041,652,268,72,10,2043,26544,818,1079,1197,1170,1025,882,1039,1463,1602,1751,1775,1541,1703,1928,2292,1812,1383,1113,660,264,47,3467
2023,2023-01-01,38401,384011,愛媛県,伊予郡松前町,town,38401,30118,1071,1368,1496,1404,1263,1111,1333,1763,1901,2122,2086,1719,1882,2068,2389,1836,1457,1063,552,197,37,3306,14281,562,698,748,723,634,560,680,848,939,1075,1023,804,912,971,1102,798,616,385,155,40,8,1204,15837,509,670,748,681,629,551,653,915,962,1047,1063,915,970,1097,1287,1038,841,678,397,157,29,2102
2023,2023-01-01,38402,384020,愛媛県,伊予郡砥部町,town,38402,20442,627,830,889,989,830,721,806,1057,1273,1440,1400,1164,1362,1567,1904,1379,967,702,376,139,20,2204,9735,318,421,440,500,434,390,420,509,633,736,688,538,629,736,899,605,425,267,113,32,2,839,10707,309,409,449,489,396,331,386,548,640,704,712,626,733,831,1005,774,542,435,263,107,18,1365
2023,2023-01-01,38420,384208,愛媛県,喜多郡,gun_agg,,15347,395,502,630,656,528,414,518,702,810,929,893,924,1110,1250,1477,1042,1014,817,518,189,29,2567,7388,198,259,330,343,270,216,275,337,414,496,461,460,576,628,728,491,406,294,158,40,8,906,7959,197,243,300,313,258,198,243,365,396,433,432,464,534,622,749,551,608,523,360,149,21,1661
2023,2023-01-01,38422,384224,愛媛県,喜多郡内子町,town,38422,15347,395,502,630,656,528,414,518,702,810,929,893,924,1110,1250,1477,1042,1014,817,518,189,29,2567,7388,198,259,330,343,270,216,275,337,414,496,461,460,576,628,728,491,406,294,158,40,8,906,7959,197,243,300,313,258,198,243,365,396,433,432,464,534,622,749,551,608,523,360,149,21,1661
2023,2023-01-01,38440,384402,愛媛県,西宇和郡,gun_agg,,8331,134,187,242,325,235,229,214,272,293,436,454,594,636,787,973,614,647,583,343,114,19,1706,4039,62,101,129,165,124,140,137,148,156,236,243,295,340,410,500,283,252,207,90,20,1,570,4292,72,86,113,160,111,89,77,124,137,200,211,299,296,377,473,331,395,376,253,94,18,1136
2023,2023-01-01,38442,384429,愛媛県,西宇和郡伊方町,town,38442,8331,134,187,242,325,235,229,214,272,293,436,454,594,636,787,973,614,647,583,343,114,19,1706,4039,62,101,129,165,124,140,137,148,156,236,243,295,340,410,500,283,252,207,90,20,1,570,4292,72,86,113,160,111,89,77,124,137,200,211,299,296,377,473,331,395,376,253,94,18,1136
2023,2023-01-01,38480,384801,愛媛県,北宇和郡,gun_agg,,13118,315,362,426,510,358,287,373,515,553,784,751,786,981,1154,1543,1043,838,868,492,159,20,2377,6181,184,171,222,242,176,163,196,276,295,411,371,364,512,554,752,490,317,327,133,23,2,802,6937,131,191,204,268,182,124,177,239,258,373,380,422,469,600,791,553,521,541,359,136,18,1575
2023,2023-01-01,38484,384844,愛媛県,北宇和郡松野町,town,38484,3625,85,97,112,126,91,81,96,134,152,232,223,213,266,331,425,298,230,239,135,53,6,663,1726,54,43,54,61,50,48,52,72,82,126,110,105,134,159,213,133,91,90,39,10,0,230,1899,31,54,58,65,41,33,44,62,70,106,113,108,132,172,212,165,139,149,96,43,6,433
2023,2023-01-01,38488,384887,愛媛県,北宇和郡鬼北町,town,38488,9493,230,265,314,384,267,206,277,381,401,552,528,573,715,823,1118,745,608,629,357,106,14,1714,4455,130,128,168,181,126,115,144,204,213,285,261,259,378,395,539,357,226,237,94,13,2,572,5038,100,137,146,203,141,91,133,177,188,267,267,314,337,428,579,388,382,392,263,93,12,1142
2023,2023-01-01,38500,385000,愛媛県,南宇和郡,gun_agg,,19470,358,493,594,717,560,471,517,667,847,1228,1253,1245,1545,1813,2373,1643,1358,997,570,190,31,3146,9218,196,267,306,359,302,273,291,347,449,629,633,626,729,844,1124,740,541,371,156,33,2,1103,10252,162,226,288,358,258,198,226,320,398,599,620,619,816,969,1249,903,817,626,414,157,29,2043
2023,2023-01-01,38506,385069,愛媛県,南宇和郡愛南町,town,38506,19470,358,493,594,717,560,471,517,667,847,1228,1253,1245,1545,1813,2373,1643,1358,997,570,190,31,3146,9218,196,267,306,359,302,273,291,347,449,629,633,626,729,844,1124,740,541,371,156,33,2,1103,10252,162,226,288,358,258,198,226,320,398,599,620,619,816,969,1249,903,817,626,414,157,29,2043
2023,2023-01-01,39000,390003,高知県,,pref,,679769,20679,25013,27199,29007,27281,25117,26867,33887,39181,48727,47114,41457,44363,47563,60579,47068,36816,28437,16804,5663,947,88667,321439,10559,12754,13989,14832,14207,13097,13557,17015,19840,24599,23323,20105,21420,22843,28501,20862,14804,9661,4373,1020,78,29936,358330,10120,12259,13210,14175,13074,12020,13310,16872,19341,24128,23791,21352,22943,24720,32078,26206,22012,18776,12431,4643,869,58731
2023,2023-01-01,39201,392014,高知県,高知市,city,39201,317817,10644,12722,13708,14590,14565,13557,13921,17117,19876,25372,24320,20251,20203,19780,24676,19501,14410,10373,5943,1988,300,33014,148420,5440,6478,7038,7347,7333,6803,6822,8319,9733,12435,11765,9575,9570,9303,11247,8366,5699,3360,1439,321,27,10846,169397,5204,6244,6670,7243,7232,6754,7099,8798,10143,12937,12555,10676,10633,10477,13429,11135,8711,7013,4504,1667,273,22168
2023,2023-01-01,39202,392022,高知県,室戸市,city,39202,11923,190,271,304,286,246,251,329,447,455,615,724,779,814,1073,1620,1228,1041,720,374,140,16,2291,5738,98,142,158,153,137,150,184,252,258,338,383,419,407,514,765,545,447,264,102,20,2,835,6185,92,129,146,133,109,101,145,195,197,277,341,360,407,559,855,683,594,456,272,120,14,1456
2023,2023-01-01,39203,392031,高知県,安芸市,city,39203,16149,371,423,567,633,545,547,497,694,873,1006,1105,1006,1137,1240,1681,1327,1059,841,426,149,22,2497,7684,183,210,294,319,298,289,253,354,474,523,562,499,582,589,780,619,395,312,118,29,2,856,8465,188,213,273,314,247,258,244,340,399,483,543,507,555,651,901,708,664,529,308,120,20,1641
2023,2023-01-01,39204,392049,高知県,南国市,city,39204,45953,1716,1952,1931,2358,2113,1928,2124,2429,2873,3372,3120,2674,2678,2910,3732,2992,2119,1593,970,311,58,5051,21941,839,1019,1001,1266,1118,999,1058,1230,1437,1692,1556,1261,1269,1411,1775,1339,860,527,226,54,4,1671,24012,877,933,930,1092,995,929,1066,1199,1436,1680,1564,1413,1409,1499,1957,1653,1259,1066,744,257,54,3380
2023,2023-01-01,39205,392057,高知県,土佐市,city,39205,25938,874,988,1029,1044,990,910,1006,1327,1492,1789,1733,1501,1553,1807,2475,1992,1474,985,686,245,38,3428,12537,445,521,561,539,505,477,509,696,787,975,896,759,716,854,1207,895,621,352,174,45,3,1195,13401,429,467,468,505,485,433,497,631,705,814,837,742,837,953,1268,1097,853,633,512,200,35,2233
2023,2023-01-01,39206,392065,高知県,須崎市,city,39206,19797,438,587,770,1032,680,563,614,919,977,1204,1252,1202,1339,1545,1992,1593,1283,973,612,193,29,3090,9668,212,289,406,618,373,327,323,506,524,620,650,609,681,734,970,744,539,323,179,40,1,1082,10129,226,298,364,414,307,236,291,413,453,584,602,593,658,811,1022,849,744,650,433,153,28,2008
2023,2023-01-01,39208,392081,高知県,宿毛市,city,39208,19062,469,633,784,724,575,597,600,831,1107,1316,1275,1188,1337,1594,1980,1381,1054,898,508,174,37,2671,8966,227,333,380,345,309,337,307,441,593,673,638,570,650,747,912,623,416,288,141,32,4,881,10096,242,300,404,379,266,260,293,390,514,643,637,618,687,847,1068,758,638,610,367,142,33,1790
2023,2023-01-01,39209,392090,高知県,土佐清水市,city,39209,12177,172,281,338,358,296,240,309,413,501,735,747,691,861,1083,1477,1216,1037,815,462,124,21,2459,5771,93,150,170,173,158,138,179,219,274,387,381,347,416,524,720,564,423,283,142,30,0,878,6406,79,131,168,185,138,102,130,194,227,348,366,344,445,559,757,652,614,532,320,94,21,1581
2023,2023-01-01,39210,392103,高知県,四万十市,city,39210,32316,1018,1201,1343,1275,1083,1095,1210,1726,1874,2325,2161,1920,2089,2349,3106,2211,1712,1428,861,280,49,4330,15295,531,592,697,628,544,577,611,848,973,1213,1060,966,1013,1118,1481,966,699,485,234,57,2,1477,17021,487,609,646,647,539,518,599,878,901,1112,1101,954,1076,1231,1625,1245,1013,943,627,223,47,2853
2023,2023-01-01,39211,392111,高知県,香南市,city,39211,32630,1208,1339,1433,1484,1483,1342,1459,1753,1983,2439,2243,1894,1931,2013,2701,2162,1639,1201,639,233,51,3763,15817,602,687,737,770,855,750,770,899,1048,1228,1127,929,916,949,1253,988,670,415,169,51,4,1309,16813,606,652,696,714,628,592,689,854,935,1211,1116,965,1015,1064,1448,1174,969,786,470,182,47,2454
2023,2023-01-01,39212,392120,高知県,香美市,city,39212,25000,706,896,954,1034,1139,754,908,1174,1433,1626,1454,1332,1552,1803,2355,1877,1592,1286,808,272,45,4003,11851,390,434,499,550,678,388,475,587,735,830,731,649,729,892,1097,836,643,431,224,49,4,1351,13149,316,462,455,484,461,366,433,587,698,796,723,683,823,911,1258,1041,949,855,584,223,41,2652
2023,2023-01-01,39300,393002,高知県,安芸郡,gun_agg,,15619,362,496,509,503,503,465,534,622,731,917,899,992,1150,1253,1577,1245,1104,980,547,182,48,2861,7460,193,247,261,242,287,272,287,332,404,459,476,508,610,621,751,546,438,353,134,35,4,964,8159,169,249,248,261,216,193,247,290,327,458,423,484,540,632,826,699,666,627,413,147,44,1897
2023,2023-01-01,39301,393011,高知県,安芸郡東洋町,town,39301,2168,38,39,42,49,47,51,46,59,88,112,118,153,170,197,279,210,181,173,74,32,10,470,1055,20,20,17,25,31,26,23,37,55,61,64,79,97,91,137,101,85,63,18,5,0,171,1113,18,19,25,24,16,25,23,22,33,51,54,74,73,106,142,109,96,110,56,27,10,299
2023,2023-01-01,39302,393029,高知県,安芸郡奈半利町,town,39302,2987,70,92,97,108,103,87,95,107,142,166,144,182,216,284,305,231,189,210,108,39,12,558,1399,36,48,56,58,61,47,49,57,77,79,68,93,110,136,142,110,63,77,23,9,0,172,1588,34,44,41,50,42,40,46,50,65,87,76,89,106,148,163,121,126,133,85,30,12,386
2023,2023-01-01,39303,393037,高知県,安芸郡田野町,town,39303,2508,71,87,81,77,78,73,103,117,117,139,150,169,179,212,229,183,174,140,94,24,11,443,1190,37,38,33,41,42,46,54,66,68,64,81,88,90,109,114,78,62,48,28,2,1,141,1318,34,49,48,36,36,27,49,51,49,75,69,81,89,103,115,105,112,92,66,22,10,302
2023,2023-01-01,39304,393045,高知県,安芸郡安田町,town,39304,2408,45,83,64,61,60,65,74,75,109,140,146,162,216,184,247,195,202,153,90,32,5,482,1185,25,48,38,28,35,40,44,43,64,71,80,83,112,94,118,93,89,53,15,10,2,169,1223,20,35,26,33,25,25,30,32,45,69,66,79,104,90,129,102,113,100,75,22,3,313
2023,2023-01-01,39305,393053,高知県,安芸郡北川村,village,39305,1204,22,25,40,45,51,42,54,51,63,56,66,68,76,101,115,85,94,80,54,12,4,244,573,11,14,17,20,27,35,28,22,31,31,37,36,40,49,58,37,35,30,12,2,1,80,631,11,11,23,25,24,7,26,29,32,25,29,32,36,52,57,48,59,50,42,10,3,164
2023,2023-01-01,39306,393061,高知県,安芸郡馬路村,village,39306,821,18,29,32,29,29,45,33,42,30,42,45,51,64,48,69,54,64,60,29,8,0,161,388,7,13,15,12,17,28,19,22,13,17,25,25,38,22,36,19,19,25,15,1,0,60,433,11,16,17,17,12,17,14,20,17,25,20,26,26,26,33,35,45,35,14,7,0,101
2023,2023-01-01,39307,393070,高知県,安芸郡芸西村,village,39307,3523,98,141,153,134,135,102,129,171,182,262,230,207,229,227,333,287,200,164,98,35,6,503,1670,57,66,85,58,74,50,70,85,96,136,121,104,123,120,146,108,85,57,23,6,0,171,1853,41,75,68,76,61,52,59,86,86,126,109,103,106,107,187,179,115,107,75,29,6,332
2023,2023-01-01,39340,393401,高知県,長岡郡,gun_agg,,6445,120,160,170,163,141,165,174,231,232,312,300,367,465,571,701,559,560,566,357,106,25,1614,3019,57,82,86,79,78,101,98,120,120,186,160,198,248,302,357,246,216,180,85,19,1,501,3426,63,78,84,84,63,64,76,111,112,126,140,169,217,269,344,313,344,386,272,87,24,1113
2023,2023-01-01,39341,393410,高知県,長岡郡本山町,town,39341,3264,72,89,107,115,88,105,98,140,135,208,173,188,212,249,316,263,240,229,169,53,15,706,1538,35,41,52,58,52,68,53,75,74,125,84,101,107,130,157,120,95,68,36,7,0,206,1726,37,48,55,57,36,37,45,65,61,83,89,87,105,119,159,143,145,161,133,46,15,500
2023,2023-01-01,39344,393444,高知県,長岡郡大豊町,town,39344,3181,48,71,63,48,53,60,76,91,97,104,127,179,253,322,385,296,320,337,188,53,10,908,1481,22,41,34,21,26,33,45,45,46,61,76,97,141,172,200,126,121,112,49,12,1,295,1700,26,30,29,27,27,27,31,46,51,43,51,82,112,150,185,170,199,225,139,41,9,613
2023,2023-01-01,39360,393606,高知県,土佐郡,gun_agg,,3952,116,138,153,115,114,96,140,176,170,212,229,223,301,308,398,275,272,289,156,66,5,788,1945,64,74,73,59,65,59,68,92,93,121,123,117,166,160,205,117,117,110,47,14,1,289,2007,52,64,80,56,49,37,72,84,77,91,106,106,135,148,193,158,155,179,109,52,4,499
2023,2023-01-01,39363,393631,高知県,土佐郡土佐町,town,39363,3594,100,128,136,104,104,85,119,160,156,201,210,200,274,279,362,257,256,262,138,58,5,719,1763,56,68,65,54,61,54,54,86,86,115,111,103,153,142,181,110,109,101,43,10,1,264,1831,44,60,71,50,43,31,65,74,70,86,99,97,121,137,181,147,147,161,95,48,4,455
2023,2023-01-01,39364,393649,高知県,土佐郡大川村,village,39364,358,16,10,17,11,10,11,21,16,14,11,19,23,27,29,36,18,16,27,18,8,0,69,182,8,6,8,5,4,5,14,6,7,6,12,14,13,18,24,7,8,9,4,4,0,25,176,8,4,9,6,6,6,7,10,7,5,7,9,14,11,12,11,8,18,14,4,0,44
2023,2023-01-01,39380,393801,高知県,吾川郡,gun_agg,,26233,679,815,877,904,834,766,896,1130,1279,1561,1551,1566,1980,2255,2710,2066,1780,1426,813,289,56,4364,12562,356,438,449,464,435,419,481,588,662,837,791,758,970,1124,1302,973,694,535,234,47,5,1515,13671,323,377,428,440,399,347,415,542,617,724,760,808,1010,1131,1408,1093,1086,891,579,242,51,2849
2023,2023-01-01,39386,393860,高知県,吾川郡いの町,town,39386,21469,586,711,753,808,716,668,776,989,1102,1334,1326,1329,1669,1838,2199,1611,1283,998,562,185,26,3054,10249,300,378,382,415,372,364,410,506,563,706,658,620,805,902,1058,752,499,380,155,22,2,1058,11220,286,333,371,393,344,304,366,483,539,628,668,709,864,936,1141,859,784,618,407,163,24,1996
2023,2023-01-01,39387,393878,高知県,吾川郡仁淀川町,town,39387,4764,93,104,124,96,118,98,120,141,177,227,225,237,311,417,511,455,497,428,251,104,30,1310,2313,56,60,67,49,63,55,71,82,99,131,133,138,165,222,244,221,195,155,79,25,3,457,2451,37,44,57,47,55,43,49,59,78,96,92,99,146,195,267,234,302,273,172,79,27,853
2023,2023-01-01,39400,394009,高知県,高岡郡,gun_agg,,52481,1253,1690,1828,1967,1555,1430,1694,2262,2560,2954,3061,2947,3707,4488,5465,4076,3536,3126,2058,708,116,9544,24931,653,849,907,1010,796,763,887,1188,1319,1579,1538,1469,1844,2248,2730,1870,1456,1110,566,138,11,3281,27550,600,841,921,957,759,667,807,1074,1241,1375,1523,1478,1863,2240,2735,2206,2080,2016,1492,570,105,6263
2023,2023-01-01,39401,394017,高知県,高岡郡中土佐町,town,39401,6077,103,164,178,197,146,140,162,238,276,353,379,345,415,518,737,496,462,407,243,101,17,1230,2837,58,77,75,94,73,78,79,123,154,188,194,169,199,266,379,226,183,142,63,15,2,405,3240,45,87,103,103,73,62,83,115,122,165,185,176,216,252,358,270,279,265,180,86,15,825
2023,2023-01-01,39402,394025,高知県,高岡郡佐川町,town,39402,12178,294,450,502,530,431,346,409,569,665,732,730,711,884,988,1156,866,725,605,421,139,25,1915,5765,154,225,256,259,211,186,215,285,325,389,351,338,430,489,563,402,319,212,118,36,2,687,6413,140,225,246,271,220,160,194,284,340,343,379,373,454,499,593,464,406,393,303,103,23,1228
2023,2023-01-01,39403,394033,高知県,高岡郡越知町,town,39403,5072,110,119,154,172,151,127,163,202,235,248,319,302,359,439,511,444,370,317,215,96,19,1017,2397,55,64,72,90,79,64,92,111,116,135,166,154,171,230,253,205,156,108,56,20,0,340,2675,55,55,82,82,72,63,71,91,119,113,153,148,188,209,258,239,214,209,159,76,19,677
2023,2023-01-01,39405,394050,高知県,高岡郡檮原町,town,39405,3225,89,107,102,123,96,100,101,123,156,168,172,158,192,298,338,262,215,224,148,46,7,640,1563,41,46,55,80,55,50,48,60,77,100,92,78,103,157,162,120,91,84,52,12,0,239,1662,48,61,47,43,41,50,53,63,79,68,80,80,89,141,176,142,124,140,96,34,7,401
2023,2023-01-01,39410,394106,高知県,高岡郡日高村,village,39410,4830,134,157,159,152,159,144,174,234,247,280,278,288,321,410,522,392,314,245,162,51,7,779,2285,72,86,79,76,80,81,88,125,126,141,137,146,154,194,259,183,124,91,34,9,0,258,2545,62,71,80,76,79,63,86,109,121,139,141,142,167,216,263,209,190,154,128,42,7,521
2023,2023-01-01,39411,394114,高知県,高岡郡津野町,town,39411,5436,134,180,215,210,147,151,152,221,274,297,309,280,381,453,575,377,387,350,248,82,13,1080,2574,61,93,111,104,75,88,82,101,149,172,148,137,191,223,302,173,154,129,66,12,3,364,2862,73,87,104,106,72,63,70,120,125,125,161,143,190,230,273,204,233,221,182,70,10,716
2023,2023-01-01,39412,394122,高知県,高岡郡四万十町,town,39412,15663,389,513,518,583,425,422,533,675,707,876,874,863,1155,1382,1626,1239,1063,978,621,193,28,2883,7510,212,258,259,307,223,216,283,383,372,454,450,447,596,689,812,561,429,344,177,34,4,988,8153,177,255,259,276,202,206,250,292,335,422,424,416,559,693,814,678,634,634,444,159,24,1895
2023,2023-01-01,39420,394203,高知県,幡多郡,gun_agg,,16277,343,421,501,537,419,411,452,636,765,972,940,924,1266,1491,1933,1367,1144,937,584,203,31,2899,7834,176,209,272,270,238,248,245,344,406,503,486,472,633,753,949,625,471,333,159,39,3,1005,8443,167,212,229,267,181,163,207,292,359,469,454,452,633,738,984,742,673,604,425,164,28,1894
2023,2023-01-01,39424,394246,高知県,幡多郡大月町,town,39424,4546,75,84,139,148,118,129,116,170,180,266,257,227,380,459,560,390,316,291,165,63,13,848,2213,39,39,74,75,68,89,55,92,101,131,136,115,191,239,303,187,124,88,54,12,1,279,2333,36,45,65,73,50,40,61,78,79,135,121,112,189,220,257,203,192,203,111,51,12,569
2023,2023-01-01,39427,394271,高知県,幡多郡三原村,village,39427,1424,25,33,36,43,43,50,46,71,56,65,87,79,114,122,139,119,111,84,79,19,3,296,709,14,19,21,26,28,29,30,38,30,43,44,45,59,63,60,53,47,26,32,2,0,107,715,11,14,15,17,15,21,16,33,26,22,43,34,55,59,79,66,64,58,47,17,3,189
2023,2023-01-01,39428,394289,高知県,幡多郡黒潮町,town,39428,10307,243,304,326,346,258,232,290,395,529,641,596,618,772,910,1234,858,717,562,340,121,15,1755,4912,123,151,177,169,142,130,160,214,275,329,306,312,383,451,586,385,300,219,73,25,2,619,5395,120,153,149,177,116,102,130,181,254,312,290,306,389,459,648,473,417,343,267,96,13,1136
2023,2023-01-01,40000,400009,福岡県,,pref,,5016870,194702,227599,237924,232367,249251,246605,256597,300977,332025,372032,355463,299942,293473,306820,376358,267102,214538,149241,76419,23551,3882,467631,2384203,99171,116846,121683,118476,124751,120493,126202,149248,165104,184764,175192,144895,141447,146244,174019,116389,85472,49614,19668,4134,391,159279,2632667,95531,110753,116241,113891,124500,126112,130395,151729,166921,187268,180271,155047,152026,160576,202339,150713,129066,99627,56751,19417,3491,308352
2023,2023-01-01,40100,401005,福岡県,北九州市,city_agg,,915050,31788,37312,40539,41433,44635,41230,42264,49264,55376,65610,66087,56088,55222,57007,74413,55249,46800,32737,16419,4774,801,101531,433183,16168,19141,20766,21166,23123,20841,21465,24888,27768,32770,32349,26903,26782,27174,33867,23428,18542,10760,4375,836,71,34584,481867,15620,18171,19773,20267,21512,20389,20799,24376,27608,32840,33738,29185,28440,29833,40546,31821,28258,21977,12044,3938,730,66947
2023,2023-01-01,40101,401013,福岡県,北九州市門司区,ward,40100,92691,2603,3387,3922,3882,3583,3162,3429,4232,5161,6393,6496,5671,5904,6308,8834,6827,5673,4170,2270,684,100,12897,42730,1320,1771,1952,2011,1779,1535,1748,2110,2580,3173,3183,2684,2834,2937,3995,2908,2181,1304,586,130,9,4210,49961,1283,1616,1970,1871,1804,1627,1681,2122,2581,3220,3313,2987,3070,3371,4839,3919,3492,2866,1684,554,91,8687
2023,2023-01-01,40103,401030,福岡県,北九州市若松区,ward,40100,79201,2744,3433,3759,3667,3482,2971,3414,4156,4607,5311,5281,4706,5294,5453,6808,5026,4128,2929,1504,451,77,9089,37792,1387,1776,1959,1858,1879,1491,1785,2146,2324,2684,2613,2204,2552,2652,3157,2186,1725,935,396,74,9,3139,41409,1357,1657,1800,1809,1603,1480,1629,2010,2283,2627,2668,2502,2742,2801,3651,2840,2403,1994,1108,377,68,5950
2023,2023-01-01,40105,401056,福岡県,北九州市戸畑区,ward,40100,55044,1905,2056,2136,2412,2896,2675,2690,2994,3071,3579,3891,3472,3401,3461,4515,3284,3013,2134,1103,296,59,6605,26406,957,1054,1100,1245,1652,1436,1445,1524,1561,1838,1886,1670,1675,1659,2144,1400,1155,674,281,48,2,2160,28638,948,1002,1036,1167,1244,1239,1245,1470,1510,1741,2005,1802,1726,1802,2371,1884,1858,1460,822,248,57,4445
2023,2023-01-01,40106,401064,福岡県,北九州市小倉北区,ward,40100,174378,6136,6498,6816,6739,8903,10013,9380,10458,11088,12819,12712,10775,10416,10404,13766,10066,7957,5700,2786,824,122,17389,82183,3099,3295,3498,3417,4351,5096,4674,5278,5545,6360,6256,5219,5125,4971,6151,4299,2920,1760,709,148,12,5549,92195,3037,3203,3318,3322,4552,4917,4706,5180,5543,6459,6456,5556,5291,5433,7615,5767,5037,3940,2077,676,110,11840
2023,2023-01-01,40107,401072,福岡県,北九州市小倉南区,ward,40100,205682,7832,9021,9774,10256,10850,9192,9612,11241,12849,15287,15359,12758,11735,12139,15494,11745,9835,6557,3128,857,161,20538,98375,3991,4625,5057,5266,5628,4588,4800,5731,6430,7640,7526,6116,5711,5768,7058,5057,3977,2336,909,148,13,7383,107307,3841,4396,4717,4990,5222,4604,4812,5510,6419,7647,7833,6642,6024,6371,8436,6688,5858,4221,2219,709,148,13155
2023,2023-01-01,40108,401081,福岡県,北九州市八幡東区,ward,40100,62917,1856,2418,2617,2669,2944,2490,2526,3006,3597,4124,4325,3729,3741,4190,5608,4140,3911,2939,1535,471,81,8937,29630,938,1258,1338,1422,1582,1362,1298,1524,1818,2080,2092,1816,1788,2065,2560,1716,1531,954,396,84,8,2973,33287,918,1160,1279,1247,1362,1128,1228,1482,1779,2044,2233,1913,1953,2125,3048,2424,2380,1985,1139,387,73,5964
2023,2023-01-01,40109,401099,福岡県,北九州市八幡西区,ward,40100,245137,8712,10499,11515,11808,11977,10727,11213,13177,15003,18097,18023,14977,14731,15052,19388,14161,12283,8308,4093,1191,201,26076,116067,4476,5362,5862,5947,6252,5333,5715,6575,7510,8995,8793,7194,7097,7122,8802,5862,5053,2797,1098,204,18,9170,129070,4236,5137,5653,5861,5725,5394,5498,6602,7493,9102,9230,7783,7634,7930,10586,8299,7230,5511,2995,987,183,16906
2023,2023-01-01,40130,401307,福岡県,福岡市,city_agg,,1540439,62985,69999,70331,68815,89082,99394,96125,105412,113018,122647,115792,94227,83361,80332,93463,66002,50594,35018,17597,5374,871,109454,727254,32010,36014,35836,34975,42660,46368,45606,50997,55090,59602,56442,45676,40299,38059,42856,28300,19437,11580,4429,933,85,36464,813185,30975,33985,34495,33840,46422,53026,50519,54415,57928,63045,59350,48551,43062,42273,50607,37702,31157,23438,13168,4441,786,72990
2023,2023-01-01,40131,401315,福岡県,福岡市東区,ward,40130,310357,13717,15080,15237,14729,17256,18525,18455,20320,22178,24722,23104,18916,16666,16440,19332,13480,10408,7067,3481,1063,181,22200,150063,6954,7762,7704,7495,8466,8961,9129,10108,11023,12410,11621,9501,8215,7890,9173,6006,4102,2403,927,192,21,7645,160294,6763,7318,7533,7234,8790,9564,9326,10212,11155,12312,11483,9415,8451,8550,10159,7474,6306,4664,2554,871,160,14555
2023,2023-01-01,40132,401323,福岡県,福岡市博多区,ward,40130,228832,8983,7772,7344,8100,16981,23665,20237,18410,17087,17475,16312,12742,10903,10061,11454,8170,6087,4211,2131,607,100,13136,110487,4520,3998,3739,4137,8023,11254,9733,9228,8728,8867,8376,6426,5562,4909,5369,3501,2273,1275,470,90,9,4117,118345,4463,3774,3605,3963,8958,12411,10504,9182,8359,8608,7936,6316,5341,5152,6085,4669,3814,2936,1661,517,91,9019
2023,2023-01-01,40133,401331,福岡県,福岡市中央区,ward,40130,192260,6859,7166,6727,6576,12075,16475,14832,15333,15632,16068,14990,12174,10056,8968,10015,6940,5099,3649,1938,593,95,11374,85431,3507,3687,3324,3237,5150,7209,6554,6920,7122,7066,6768,5589,4613,4056,4386,2782,1775,1098,479,98,11,3461,106829,3352,3479,3403,3339,6925,9266,8278,8413,8510,9002,8222,6585,5443,4912,5629,4158,3324,2551,1459,495,84,7913
2023,2023-01-01,40134,401340,福岡県,福岡市南区,ward,40130,260513,10998,12639,12652,11531,13565,14679,15068,17560,19055,20747,19774,15967,14684,13993,16418,11600,8983,6310,3159,986,145,19583,121664,5582,6445,6488,5792,6349,6708,7052,8344,9335,10009,9490,7616,6960,6642,7433,4937,3393,2112,793,168,16,6482,138849,5416,6194,6164,5739,7216,7971,8016,9216,9720,10738,10284,8351,7724,7351,8985,6663,5590,4198,2366,818,129,13101
2023,2023-01-01,40135,401358,福岡県,福岡市西区,ward,40130,204735,8530,10278,10544,10565,11395,10030,10656,12670,14412,16058,15465,12945,11262,11067,13106,9566,7480,5238,2524,797,147,16186,97415,4341,5313,5488,5475,6019,4772,5113,6155,6902,7753,7479,6288,5399,5208,6005,4104,2989,1805,640,157,10,5601,107320,4189,4965,5056,5090,5376,5258,5543,6515,7510,8305,7986,6657,5863,5859,7101,5462,4491,3433,1884,640,137,10585
2023,2023-01-01,40136,401366,福岡県,福岡市城南区,ward,40130,124858,4816,5777,6009,6071,7096,6117,6234,7681,8637,9910,9320,7867,7137,7193,8622,6088,4780,3261,1673,495,74,10283,59007,2437,2961,3048,3112,3557,2855,3020,3757,4218,4913,4550,3719,3436,3434,3860,2578,1896,1110,449,92,5,3552,65851,2379,2816,2961,2959,3539,3262,3214,3924,4419,4997,4770,4148,3701,3759,4762,3510,2884,2151,1224,403,69,6731
2023,2023-01-01,40137,401374,福岡県,福岡市早良区,ward,40130,218884,9082,11287,11818,11243,10714,9903,10643,13438,16017,17667,16827,13616,12653,12610,14516,10158,7757,5282,2691,833,129,16692,103187,4669,5848,6045,5727,5096,4609,5005,6485,7762,8584,8158,6537,6114,5920,6630,4392,3009,1777,671,136,13,5606,115697,4413,5439,5773,5516,5618,5294,5638,6953,8255,9083,8669,7079,6539,6690,7886,5766,4748,3505,2020,697,116,11086
2023,2023-01-01,40202,402028,福岡県,大牟田市,city,40202,107644,3318,4044,4450,4468,4212,3834,4367,5261,5889,6703,6644,6493,7257,8180,10601,7338,6172,4694,2634,921,164,14585,50073,1711,2049,2315,2235,2186,1976,2219,2709,2940,3326,3273,3074,3440,3954,4909,3110,2426,1438,594,173,16,4647,57571,1607,1995,2135,2233,2026,1858,2148,2552,2949,3377,3371,3419,3817,4226,5692,4228,3746,3256,2040,748,148,9938
2023,2023-01-01,40203,402036,福岡県,久留米市,city,40203,297381,12308,14175,14600,14196,14772,13745,14616,17279,19291,21850,20785,18122,17666,18483,22257,15669,12635,9044,4359,1310,219,27567,141559,6223,7335,7509,7191,7503,6879,7256,8602,9545,10860,10259,8667,8447,8791,10441,6688,5028,2982,1092,247,14,9363,155822,6085,6840,7091,7005,7269,6866,7360,8677,9746,10990,10526,9455,9219,9692,11816,8981,7607,6062,3267,1063,205,18204
2023,2023-01-01,40204,402044,福岡県,直方市,city,40204,55044,2023,2414,2703,2474,2361,2308,2434,3080,3382,3648,3505,2896,3364,3605,4780,3435,3068,2113,1085,321,45,6632,25967,1008,1274,1389,1285,1191,1185,1230,1535,1737,1889,1739,1373,1619,1686,2188,1412,1233,682,255,52,5,2227,29077,1015,1140,1314,1189,1170,1123,1204,1545,1645,1759,1766,1523,1745,1919,2592,2023,1835,1431,830,269,40,4405
2023,2023-01-01,40205,402052,福岡県,飯塚市,city,40205,124211,4577,5573,5835,5699,5972,5368,5843,7017,7914,8647,7724,6509,7453,8584,11004,7130,5840,4273,2330,774,145,13362,59062,2333,2810,2983,3033,3202,2734,2995,3552,4062,4396,3823,3144,3521,4042,5072,3152,2164,1332,563,132,17,4208,65149,2244,2763,2852,2666,2770,2634,2848,3465,3852,4251,3901,3365,3932,4542,5932,3978,3676,2941,1767,642,128,9154
2023,2023-01-01,40206,402061,福岡県,田川市,city,40206,44965,1645,1944,2067,2179,2014,1800,1886,2302,2511,3008,2780,2463,2742,3156,4213,2890,2368,1816,875,267,39,5365,20897,827,959,1050,1072,1034,915,957,1180,1286,1533,1348,1146,1291,1493,1922,1211,879,549,202,38,5,1673,24068,818,985,1017,1107,980,885,929,1122,1225,1475,1432,1317,1451,1663,2291,1679,1489,1267,673,229,34,3692
2023,2023-01-01,40207,402079,福岡県,柳川市,city,40207,62501,1986,2470,2879,2878,2635,2232,2528,3038,3509,3931,4085,4264,4404,4491,5500,4082,3438,2464,1287,346,54,7589,29675,1042,1240,1507,1392,1323,1093,1292,1546,1763,1943,2036,2089,2204,2165,2574,1839,1360,835,351,74,7,2627,32826,944,1230,1372,1486,1312,1139,1236,1492,1746,1988,2049,2175,2200,2326,2926,2243,2078,1629,936,272,47,4962
2023,2023-01-01,40210,402109,福岡県,八女市,city,40210,60072,2046,2426,2600,2515,2243,2331,2504,2916,3276,3504,3652,3788,4159,4769,5384,3701,3435,2759,1490,490,84,8258,28498,1039,1223,1335,1286,1113,1164,1301,1488,1717,1752,1824,1840,2049,2361,2612,1632,1338,937,385,90,12,2762,31574,1007,1203,1265,1229,1130,1167,1203,1428,1559,1752,1828,1948,2110,2408,2772,2069,2097,1822,1105,400,72,5496
2023,2023-01-01,40211,402117,福岡県,筑後市,city,40211,48821,2125,2427,2493,2336,2288,2134,2400,3013,3131,3465,3372,2953,2996,3051,3612,2509,2020,1476,749,239,32,4516,23601,1082,1223,1308,1172,1185,1107,1213,1548,1601,1723,1657,1440,1429,1483,1687,1122,869,518,186,44,4,1621,25220,1043,1204,1185,1164,1103,1027,1187,1465,1530,1742,1715,1513,1567,1568,1925,1387,1151,958,563,195,28,2895
2023,2023-01-01,40212,402125,福岡県,大川市,city,40212,31981,986,1126,1206,1340,1584,1273,1216,1407,1640,1935,2156,2275,2083,2328,2934,2087,2095,1416,691,174,29,4405,15199,492,567,610,659,759,641,590,720,836,947,1095,1133,1052,1144,1389,924,839,544,216,39,3,1641,16782,494,559,596,681,825,632,626,687,804,988,1061,1142,1031,1184,1545,1163,1256,872,475,135,26,2764
2023,2023-01-01,40213,402133,福岡県,行橋市,city,40213,71853,2817,3317,3354,3275,3304,3267,3407,4116,4443,5114,5032,4230,4362,4581,5905,4268,3372,2220,1107,302,60,7061,34647,1453,1701,1715,1676,1645,1747,1747,2113,2288,2625,2510,2094,2084,2179,2713,1847,1419,750,285,51,5,2510,37206,1364,1616,1639,1599,1659,1520,1660,2003,2155,2489,2522,2136,2278,2402,3192,2421,1953,1470,822,251,55,4551
2023,2023-01-01,40214,402141,福岡県,豊前市,city,40214,23787,685,935,1071,1030,919,767,859,1116,1300,1643,1614,1398,1489,1757,2324,1700,1435,1022,537,165,21,3180,11249,331,474,540,539,485,410,434,566,660,835,808,718,681,847,1087,765,589,323,131,25,1,1069,12538,354,461,531,491,434,357,425,550,640,808,806,680,808,910,1237,935,846,699,406,140,20,2111
2023,2023-01-01,40215,402150,福岡県,中間市,city,40215,39531,1209,1452,1620,1544,1588,1521,1600,1925,2242,2487,2571,2121,2469,2863,3991,2902,2527,1707,896,255,41,5426,18568,625,771,831,807,854,779,830,982,1143,1239,1267,1004,1136,1366,1808,1240,1041,558,242,45,0,1886,20963,584,681,789,737,734,742,770,943,1099,1248,1304,1117,1333,1497,2183,1662,1486,1149,654,210,41,3540
2023,2023-01-01,40216,402168,福岡県,小郡市,city,40216,58385,2188,2857,2962,3078,2981,2303,2533,3242,3496,4144,4235,3877,3676,3636,4209,3256,2627,1833,914,285,53,5712,27654,1070,1465,1513,1582,1506,1120,1227,1557,1735,2030,2044,1789,1752,1779,1958,1480,1060,677,247,55,8,2047,30731,1118,1392,1449,1496,1475,1183,1306,1685,1761,2114,2191,2088,1924,1857,2251,1776,1567,1156,667,230,45,3665
2023,2023-01-01,40217,402176,福岡県,筑紫野市,city,40217,105593,4721,5143,5373,5350,5005,4805,5367,6426,7399,8175,7680,6170,6237,6680,7723,5281,3741,2524,1336,395,62,8058,50422,2439,2635,2741,2756,2531,2266,2593,3115,3593,4020,3795,2914,2940,3158,3605,2427,1603,886,328,70,7,2894,55171,2282,2508,2632,2594,2474,2539,2774,3311,3806,4155,3885,3256,3297,3522,4118,2854,2138,1638,1008,325,55,5164
2023,2023-01-01,40218,402184,福岡県,春日市,city,40218,111664,4453,5796,6480,6195,6172,5124,5354,6620,7587,9004,8972,7455,6525,6360,6955,4829,3705,2440,1266,320,52,7783,53981,2323,2959,3361,3206,3123,2541,2700,3196,3645,4398,4363,3616,3222,3040,3248,2161,1517,906,388,60,8,2879,57683,2130,2837,3119,2989,3049,2583,2654,3424,3942,4606,4609,3839,3303,3320,3707,2668,2188,1534,878,260,44,4904
2023,2023-01-01,40219,402192,福岡県,大野城市,city,40219,101701,4952,5360,5466,5164,4913,5001,5758,6758,7223,8269,7874,6604,5694,5274,6092,4422,3480,2110,989,259,39,6877,48903,2541,2700,2790,2636,2488,2392,2825,3286,3535,4046,3880,3195,2765,2576,2766,1942,1415,774,295,51,5,2540,52798,2411,2660,2676,2528,2425,2609,2933,3472,3688,4223,3994,3409,2929,2698,3326,2480,2065,1336,694,208,34,4337
2023,2023-01-01,40220,402206,福岡県,宗像市,city,40220,96444,3929,4678,4841,4629,4408,3911,4835,5827,6264,6447,6144,5293,5951,6622,7809,5521,4329,2831,1603,485,87,9335,46244,1999,2427,2452,2309,2256,2010,2398,2990,3216,3187,2978,2493,2830,3094,3695,2492,1902,986,422,98,10,3418,50200,1930,2251,2389,2320,2152,1901,2437,2837,3048,3260,3166,2800,3121,3528,4114,3029,2427,1845,1181,387,77,5917
2023,2023-01-01,40221,402214,福岡県,太宰府市,city,40221,71057,2775,3415,3794,3640,3257,2922,3220,4097,4849,5852,5281,4169,3718,3933,5371,4229,3173,2007,978,336,41,6535,34010,1479,1755,1934,1863,1595,1402,1571,2031,2379,2864,2635,2032,1817,1825,2401,1963,1372,736,279,67,10,2464,37047,1296,1660,1860,1777,1662,1520,1649,2066,2470,2988,2646,2137,1901,2108,2970,2266,1801,1271,699,269,31,4071
2023,2023-01-01,40223,402231,福岡県,古賀市,city,40223,58260,2358,2879,3008,2843,2735,2458,2793,3515,3826,4393,3931,3325,3741,3886,4580,3266,2318,1419,721,230,35,4723,27944,1169,1491,1542,1436,1423,1235,1366,1715,1896,2188,1982,1590,1767,1826,2128,1503,984,476,188,34,5,1687,30316,1189,1388,1466,1407,1312,1223,1427,1800,1930,2205,1949,1735,1974,2060,2452,1763,1334,943,533,196,30,3036
2023,2023-01-01,40224,402249,福岡県,福津市,city,40224,67956,3504,4209,3746,2896,2526,2739,3725,4956,4928,4778,4106,3426,3534,4084,4931,3677,2898,1829,1078,328,58,6191,32109,1797,2149,1923,1499,1154,1296,1726,2408,2472,2380,1980,1616,1668,1867,2271,1645,1271,629,283,70,5,2258,35847,1707,2060,1823,1397,1372,1443,1999,2548,2456,2398,2126,1810,1866,2217,2660,2032,1627,1200,795,258,53,3933
2023,2023-01-01,40225,402257,福岡県,うきは市,city,40225,27870,910,1146,1319,1238,1093,946,1136,1416,1626,1863,1749,1650,1811,2154,2539,1765,1505,1104,646,220,34,3509,13282,461,604,685,648,552,496,605,709,847,971,875,835,860,1058,1196,747,587,345,155,40,6,1133,14588,449,542,634,590,541,450,531,707,779,892,874,815,951,1096,1343,1018,918,759,491,180,28,2376
2023,2023-01-01,40226,402265,福岡県,宮若市,city,40226,26165,883,1097,1151,1146,1088,926,1151,1412,1551,1613,1524,1377,1784,1990,2623,1520,1385,1038,623,245,38,3329,12582,466,585,552,618,634,465,617,733,794,842,790,665,842,991,1298,692,491,296,173,35,3,998,13583,417,512,599,528,454,461,534,679,757,771,734,712,942,999,1325,828,894,742,450,210,35,2331
2023,2023-01-01,40227,402273,福岡県,嘉麻市,city,40227,35214,954,1350,1514,1464,1239,1146,1248,1627,1900,2170,1980,1883,2418,3039,3994,2434,2028,1574,875,324,53,4854,16511,475,699,805,717,672,594,638,832,990,1111,1014,952,1168,1446,1875,1047,732,470,219,50,5,1476,18703,479,651,709,747,567,552,610,795,910,1059,966,931,1250,1593,2119,1387,1296,1104,656,274,48,3378
2023,2023-01-01,40228,402281,福岡県,朝倉市,city,40228,50056,1598,2100,2249,2163,2118,1671,2005,2513,2985,3179,3137,2926,3319,3934,4741,3202,2606,2052,1110,381,67,6216,23706,787,1079,1105,1103,1082,849,1011,1244,1542,1608,1624,1405,1619,1878,2282,1444,1027,653,287,70,7,2044,26350,811,1021,1144,1060,1036,822,994,1269,1443,1571,1513,1521,1700,2056,2459,1758,1579,1399,823,311,60,4172
2023,2023-01-01,40229,402290,福岡県,みやま市,city,40229,35210,1017,1329,1458,1583,1280,1062,1255,1669,1960,2127,2039,2154,2428,2971,3561,2355,2062,1572,962,316,50,4962,16529,531,663,711,757,630,535,642,870,980,1093,1017,1027,1164,1432,1706,1077,835,531,267,54,7,1694,18681,486,666,747,826,650,527,613,799,980,1034,1022,1127,1264,1539,1855,1278,1227,1041,695,262,43,3268
2023,2023-01-01,40230,402303,福岡県,糸島市,city,40230,102123,4041,5177,5087,4877,4327,3568,4337,6043,6781,7352,6917,6122,6496,7257,8578,6008,4212,2843,1510,511,79,9155,48919,2088,2731,2619,2466,2268,1789,2103,2971,3310,3702,3300,2944,3078,3468,4029,2758,1798,1023,377,88,9,3295,53204,1953,2446,2468,2411,2059,1779,2234,3072,3471,3650,3617,3178,3418,3789,4549,3250,2414,1820,1133,423,70,5860
2023,2023-01-01,40231,402311,福岡県,那珂川市,city,40231,49662,2144,2633,2896,2731,2390,2121,2266,2958,3501,4191,3946,3054,2715,2848,3410,2507,1648,1005,487,183,28,3351,23931,1078,1362,1467,1369,1160,997,1100,1475,1714,2061,1964,1503,1314,1364,1598,1146,723,374,125,32,5,1259,25731,1066,1271,1429,1362,1230,1124,1166,1483,1787,2130,1982,1551,1401,1484,1812,1361,925,631,362,151,23,2092
2023,2023-01-01,40340,403407,福岡県,糟屋郡,gun_agg,,232357,11088,12977,13887,12566,10540,10559,12072,15321,17579,19957,17030,12305,11789,12557,15262,10641,8011,4934,2404,769,109,16227,113258,5646,6645,7093,6424,5153,5190,5945,7668,8745,10282,8929,6132,5808,5987,7095,4794,3285,1689,607,133,8,5722,119099,5442,6332,6794,6142,5387,5369,6127,7653,8834,9675,8101,6173,5981,6570,8167,5847,4726,3245,1797,636,101,10505
2023,2023-01-01,40341,403415,福岡県,糟屋郡宇美町,town,40341,36628,1499,1802,1910,1878,1612,1429,1691,2239,2488,2763,2391,1966,2310,2742,3205,1936,1321,857,428,136,25,2767,17903,771,910,990,951,819,708,838,1142,1250,1445,1267,954,1099,1327,1564,905,546,287,106,22,2,963,18725,728,892,920,927,793,721,853,1097,1238,1318,1124,1012,1211,1415,1641,1031,775,570,322,114,23,1804
2023,2023-01-01,40342,403423,福岡県,糟屋郡篠栗町,town,40342,30777,1314,1500,1634,1651,1466,1462,1514,1821,2116,2493,2425,1861,1796,1675,2096,1548,1205,706,374,108,12,2405,14952,672,788,851,843,745,709,785,909,1050,1248,1219,909,908,797,962,690,501,245,95,24,2,867,15825,642,712,783,808,721,753,729,912,1066,1245,1206,952,888,878,1134,858,704,461,279,84,10,1538
2023,2023-01-01,40343,403431,福岡県,糟屋郡志免町,town,40343,45843,2172,2402,2621,2452,2037,2068,2311,2958,3405,4089,3508,2531,2250,2331,2970,2186,1748,1106,513,166,19,3552,22142,1125,1250,1293,1285,961,1005,1113,1484,1679,2136,1842,1261,1130,1081,1328,932,711,348,144,32,2,1237,23701,1047,1152,1328,1167,1076,1063,1198,1474,1726,1953,1666,1270,1120,1250,1642,1254,1037,758,369,134,17,2315
2023,2023-01-01,40344,403440,福岡県,糟屋郡須惠町,town,40344,28942,1373,1696,1750,1523,1290,1235,1393,1939,2132,2306,1962,1391,1306,1630,2206,1592,1195,637,288,88,10,2218,14103,694,870,911,796,611,601,707,981,1079,1201,1056,682,644,766,992,726,495,217,62,12,0,786,14839,679,826,839,727,679,634,686,958,1053,1105,906,709,662,864,1214,866,700,420,226,76,10,1432
2023,2023-01-01,40345,403458,福岡県,糟屋郡新宮町,town,40345,32972,1591,2238,2562,2026,1475,1267,1626,2233,2836,3141,2431,1594,1553,1640,1729,1188,843,576,292,115,16,1842,15964,800,1124,1306,1004,726,618,769,1064,1390,1555,1268,795,721,775,849,558,358,197,68,19,0,642,17008,791,1114,1256,1022,749,649,857,1169,1446,1586,1163,799,832,865,880,630,485,379,224,96,16,1200
2023,2023-01-01,40348,403482,福岡県,糟屋郡久山町,town,40348,9072,468,562,535,497,312,288,404,612,694,757,581,426,437,516,638,514,390,242,148,43,8,831,4394,233,278,289,245,169,142,201,316,322,402,316,209,213,241,284,238,153,90,44,8,1,296,4678,235,284,246,252,143,146,203,296,372,355,265,217,224,275,354,276,237,152,104,35,7,535
2023,2023-01-01,40349,403491,福岡県,糟屋郡粕屋町,town,40349,48123,2671,2777,2875,2539,2348,2810,3133,3519,3908,4408,3732,2536,2137,2023,2418,1677,1309,810,361,113,19,2612,23800,1351,1425,1453,1300,1122,1407,1532,1772,1975,2295,1961,1322,1093,1000,1116,745,521,305,88,16,1,931,24323,1320,1352,1422,1239,1226,1403,1601,1747,1933,2113,1771,1214,1044,1023,1302,932,788,505,273,97,18,1681
2023,2023-01-01,40380,403806,福岡県,遠賀郡,gun_agg,,90744,3227,4006,4129,4176,3981,3597,3970,4760,5454,6117,6081,5144,5566,6181,8043,5934,4904,3179,1656,544,95,10378,43128,1604,2045,2087,2126,2103,1837,2044,2376,2783,3081,2973,2496,2614,2937,3764,2567,2097,1031,447,111,5,3691,47616,1623,1961,2042,2050,1878,1760,1926,2384,2671,3036,3108,2648,2952,3244,4279,3367,2807,2148,1209,433,90,6687
2023,2023-01-01,40381,403814,福岡県,遠賀郡芦屋町,town,40381,13034,418,549,571,655,753,559,521,618,744,892,996,771,714,795,1117,805,724,486,253,81,12,1556,6322,190,272,267,342,473,327,264,329,376,442,490,392,361,388,531,324,297,161,79,17,0,554,6712,228,277,304,313,280,232,257,289,368,450,506,379,353,407,586,481,427,325,174,64,12,1002
2023,2023-01-01,40382,403822,福岡県,遠賀郡水巻町,town,40382,27375,1035,1219,1134,1090,1184,1273,1370,1480,1616,1738,1692,1567,1815,1973,2514,1736,1398,935,438,142,26,2939,12947,519,634,571,551,574,659,717,733,834,881,840,717,860,946,1163,749,576,285,115,23,0,999,14428,516,585,563,539,610,614,653,747,782,857,852,850,955,1027,1351,987,822,650,323,119,26,1940
2023,2023-01-01,40383,403831,福岡県,遠賀郡岡垣町,town,40383,31457,1131,1413,1509,1594,1328,1079,1308,1649,1914,2154,2189,1796,1867,2094,2654,2048,1712,1097,665,218,38,3730,14919,572,717,787,833,707,503,670,812,960,1087,1069,902,858,979,1244,899,756,339,170,53,2,1320,16538,559,696,722,761,621,576,638,837,954,1067,1120,894,1009,1115,1410,1149,956,758,495,165,36,2410
2023,2023-01-01,40384,403849,福岡県,遠賀郡遠賀町,town,40384,18878,643,825,915,837,716,686,771,1013,1180,1333,1204,1010,1170,1319,1758,1345,1070,661,300,103,19,2153,8940,323,422,462,400,349,348,393,502,613,671,574,485,535,624,826,595,468,246,83,18,3,818,9938,320,403,453,437,367,338,378,511,567,662,630,525,635,695,932,750,602,415,217,85,16,1335
2023,2023-01-01,40400,404004,福岡県,鞍手郡,gun_agg,,21828,547,755,866,870,758,629,807,1034,1214,1411,1347,1215,1449,1802,2524,1730,1303,920,447,162,38,2870,10333,301,370,427,472,387,325,432,540,634,746,674,599,703,829,1149,798,530,302,95,19,1,947,11495,246,385,439,398,371,304,375,494,580,665,673,616,746,973,1375,932,773,618,352,143,37,1923
2023,2023-01-01,40401,404012,福岡県,鞍手郡小竹町,town,40401,6889,141,205,232,236,239,198,250,315,361,448,403,417,457,585,837,540,447,332,159,68,19,1025,3250,74,109,112,137,122,98,135,174,188,235,216,216,216,278,358,244,177,111,40,9,1,338,3639,67,96,120,99,117,100,115,141,173,213,187,201,241,307,479,296,270,221,119,59,18,687
2023,2023-01-01,40402,404021,福岡県,鞍手郡鞍手町,town,40402,14939,406,550,634,634,519,431,557,719,853,963,944,798,992,1217,1687,1190,856,588,288,94,19,1845,7083,227,261,315,335,265,227,297,366,446,511,458,383,487,551,791,554,353,191,55,10,0,609,7856,179,289,319,299,254,204,260,353,407,452,486,415,505,666,896,636,503,397,233,84,19,1236
2023,2023-01-01,40420,404209,福岡県,嘉穂郡,gun_agg,,12919,439,542,568,561,534,496,535,699,766,862,747,651,885,999,1397,851,606,430,226,106,19,1387,6092,219,273,300,303,272,231,283,363,381,432,363,316,410,454,677,381,244,116,60,14,0,434,6827,220,269,268,258,262,265,252,336,385,430,384,335,475,545,720,470,362,314,166,92,19,953
2023,2023-01-01,40421,404217,福岡県,嘉穂郡桂川町,town,40421,12919,439,542,568,561,534,496,535,699,766,862,747,651,885,999,1397,851,606,430,226,106,19,1387,6092,219,273,300,303,272,231,283,363,381,432,363,316,410,454,677,381,244,116,60,14,0,434,6827,220,269,268,258,262,265,252,336,385,430,384,335,475,545,720,470,362,314,166,92,19,953
2023,2023-01-01,40440,404403,福岡県,朝倉郡,gun_agg,,31830,1386,1546,1551,1388,1391,1298,1427,1770,2052,2181,2034,1820,1946,2335,2723,1844,1359,1009,550,192,28,3138,15295,703,798,787,707,715,662,675,922,1055,1148,1007,850,953,1134,1260,846,578,335,128,28,4,1073,16535,683,748,764,681,676,636,752,848,997,1033,1027,970,993,1201,1463,998,781,674,422,164,24,2065
2023,2023-01-01,40447,404471,福岡県,朝倉郡筑前町,town,40447,29932,1336,1493,1471,1321,1326,1242,1365,1705,1977,2092,1944,1714,1792,2122,2525,1725,1241,894,468,158,21,2782,14404,679,770,748,675,675,632,649,885,1017,1101,964,795,881,1019,1154,792,531,296,115,24,2,968,15528,657,723,723,646,651,610,716,820,960,991,980,919,911,1103,1371,933,710,598,353,134,19,1814
2023,2023-01-01,40448,404489,福岡県,朝倉郡東峰村,village,40448,1898,50,53,80,67,65,56,62,65,75,89,90,106,154,213,198,119,118,115,82,34,7,356,891,24,28,39,32,40,30,26,37,38,47,43,55,72,115,106,54,47,39,13,4,2,105,1007,26,25,41,35,25,26,36,28,37,42,47,51,82,98,92,65,71,76,69,30,5,251
2023,2023-01-01,40500,405001,福岡県,三井郡,gun_agg,,15555,815,804,755,698,618,722,835,1012,1007,1005,958,887,959,1033,1194,793,627,446,291,77,19,1460,7524,440,412,389,340,303,358,417,498,537,523,488,441,443,516,588,345,261,151,60,10,4,486,8031,375,392,366,358,315,364,418,514,470,482,470,446,516,517,606,448,366,295,231,67,15,974
2023,2023-01-01,40503,405035,福岡県,三井郡大刀洗町,town,40503,15555,815,804,755,698,618,722,835,1012,1007,1005,958,887,959,1033,1194,793,627,446,291,77,19,1460,7524,440,412,389,340,303,358,417,498,537,523,488,441,443,516,588,345,261,151,60,10,4,486,8031,375,392,366,358,315,364,418,514,470,482,470,446,516,517,606,448,366,295,231,67,15,974
2023,2023-01-01,40520,405205,福岡県,三潴郡,gun_agg,,13725,508,675,818,736,569,485,567,757,895,1062,903,842,845,889,1142,740,596,427,186,70,13,1292,6587,243,337,430,375,290,256,276,373,465,551,437,415,400,434,545,324,237,140,48,9,2,436,7138,265,338,388,361,279,229,291,384,430,511,466,427,445,455,597,416,359,287,138,61,11,856
2023,2023-01-01,40522,405221,福岡県,三潴郡大木町,town,40522,13725,508,675,818,736,569,485,567,757,895,1062,903,842,845,889,1142,740,596,427,186,70,13,1292,6587,243,337,430,375,290,256,276,373,465,551,437,415,400,434,545,324,237,140,48,9,2,436,7138,265,338,388,361,279,229,291,384,430,511,466,427,445,455,597,416,359,287,138,61,11,856
2023,2023-01-01,40540,405400,福岡県,八女郡,gun_agg,,18972,680,939,970,938,876,763,836,1141,1189,1317,1246,1176,1198,1292,1522,1018,865,598,286,102,20,1871,9276,343,456,505,494,453,420,414,585,619,696,641,565,616,642,709,468,359,197,79,12,3,650,9696,337,483,465,444,423,343,422,556,570,621,605,611,582,650,813,550,506,401,207,90,17,1221
2023,2023-01-01,40544,405442,福岡県,八女郡広川町,town,40544,18972,680,939,970,938,876,763,836,1141,1189,1317,1246,1176,1198,1292,1522,1018,865,598,286,102,20,1871,9276,343,456,505,494,453,420,414,585,619,696,641,565,616,642,709,468,359,197,79,12,3,650,9696,337,483,465,444,423,343,422,556,570,621,605,611,582,650,813,550,506,401,207,90,17,1221
2023,2023-01-01,40600,406007,福岡県,田川郡,gun_agg,,72486,2085,2925,3272,3299,2747,2433,2529,3498,3941,4509,4272,3844,4667,5992,7706,5094,4173,3204,1685,528,83,9673,34178,1088,1527,1701,1709,1405,1260,1288,1769,2000,2342,2143,1863,2251,2850,3588,2299,1582,1026,402,74,11,3095,38308,997,1398,1571,1590,1342,1173,1241,1729,1941,2167,2129,1981,2416,3142,4118,2795,2591,2178,1283,454,72,6578
2023,2023-01-01,40601,406015,福岡県,田川郡香春町,town,40601,10325,269,374,475,407,372,301,359,470,520,599,592,561,680,894,1108,809,644,534,252,91,14,1535,4842,140,201,223,213,185,162,182,230,275,326,304,262,338,434,493,385,249,171,51,16,2,489,5483,129,173,252,194,187,139,177,240,245,273,288,299,342,460,615,424,395,363,201,75,12,1046
2023,2023-01-01,40602,406023,福岡県,田川郡添田町,town,40602,8804,167,273,348,355,324,248,219,357,454,521,502,475,601,819,1030,697,582,476,248,93,15,1414,4161,89,145,189,184,170,135,110,203,231,280,251,248,300,376,470,307,231,162,65,14,1,473,4643,78,128,159,171,154,113,109,154,223,241,251,227,301,443,560,390,351,314,183,79,14,941
2023,2023-01-01,40604,406040,福岡県,田川郡糸田町,town,40604,8462,247,399,425,387,314,290,328,419,450,546,538,404,494,668,856,578,482,369,212,47,9,1119,3967,126,194,233,194,162,153,166,200,234,274,273,199,238,308,406,266,170,108,53,8,2,341,4495,121,205,192,193,152,137,162,219,216,272,265,205,256,360,450,312,312,261,159,39,7,778
2023,2023-01-01,40605,406058,福岡県,田川郡川崎町,town,40605,15491,448,570,649,726,611,560,546,681,868,995,961,844,1030,1294,1643,1113,908,635,303,94,12,1952,7286,248,307,329,383,312,283,277,351,424,519,470,408,481,614,779,488,328,195,69,18,3,613,8205,200,263,320,343,299,277,269,330,444,476,491,436,549,680,864,625,580,440,234,76,9,1339
2023,2023-01-01,40608,406082,福岡県,田川郡大任町,town,40608,5127,215,258,248,227,203,178,198,284,283,310,249,248,302,393,523,303,286,232,140,35,12,705,2350,102,139,127,104,96,84,91,144,140,158,129,114,159,176,243,136,99,66,40,2,1,208,2777,113,119,121,123,107,94,107,140,143,152,120,134,143,217,280,167,187,166,100,33,11,497
2023,2023-01-01,40609,406091,福岡県,田川郡赤村,village,40609,2949,74,122,147,134,99,96,96,123,169,188,148,130,215,267,314,216,157,133,83,33,5,411,1379,28,71,72,59,53,56,49,60,85,96,79,64,101,124,153,96,59,48,20,6,0,133,1570,46,51,75,75,46,40,47,63,84,92,69,66,114,143,161,120,98,85,63,27,5,278
2023,2023-01-01,40610,406104,福岡県,田川郡福智町,town,40610,21328,665,929,980,1063,824,760,783,1164,1197,1350,1282,1182,1345,1657,2232,1378,1114,825,447,135,16,2537,10193,355,470,528,572,427,387,413,581,611,689,637,568,634,818,1044,621,446,276,104,10,2,838,11135,310,459,452,491,397,373,370,583,586,661,645,614,711,839,1188,757,668,549,343,125,14,1699
2023,2023-01-01,40620,406201,福岡県,京都郡,gun_agg,,54886,2057,2424,2579,2564,2684,2581,2736,3155,3411,3875,3619,3011,3242,3621,4459,3115,2696,1832,892,282,51,5753,27434,1057,1276,1325,1332,1533,1477,1494,1776,1873,2021,1924,1472,1536,1834,2087,1424,1083,623,239,42,6,1993,27452,1000,1148,1254,1232,1151,1104,1242,1379,1538,1854,1695,1539,1706,1787,2372,1691,1613,1209,653,240,45,3760
2023,2023-01-01,40621,406210,福岡県,京都郡苅田町,town,40621,36647,1594,1797,1855,1803,1987,2031,2200,2452,2484,2728,2434,1946,2034,2152,2416,1709,1484,943,439,137,22,3025,18793,813,949,957,981,1171,1194,1211,1406,1382,1455,1317,950,967,1095,1134,752,593,318,124,20,4,1059,17854,781,848,898,822,816,837,989,1046,1102,1273,1117,996,1067,1057,1282,957,891,625,315,117,18,1966
2023,2023-01-01,40625,406252,福岡県,京都郡みやこ町,town,40625,18239,463,627,724,761,697,550,536,703,927,1147,1185,1065,1208,1469,2043,1406,1212,889,453,145,29,2728,8641,244,327,368,351,362,283,283,370,491,566,607,522,569,739,953,672,490,305,115,22,2,934,9598,219,300,356,410,335,267,253,333,436,581,578,543,639,730,1090,734,722,584,338,123,27,1794
2023,2023-01-01,40640,406406,福岡県,築上郡,gun_agg,,30928,945,1223,1437,1392,1412,1135,1251,1605,1719,1987,1912,1735,1853,2264,2889,2108,1882,1322,642,189,26,4061,14939,480,622,745,741,800,651,677,820,928,1001,942,869,873,1081,1376,949,735,454,164,29,2,1384,15989,465,601,692,651,612,484,574,785,791,986,970,866,980,1183,1513,1159,1147,868,478,160,24,2677
2023,2023-01-01,40642,406422,福岡県,築上郡吉富町,town,40642,6567,262,275,353,301,299,265,315,350,382,458,452,381,400,381,553,399,353,227,118,41,2,741,3127,147,137,174,156,156,144,163,160,194,234,225,184,199,169,252,175,137,85,30,6,0,258,3440,115,138,179,145,143,121,152,190,188,224,227,197,201,212,301,224,216,142,88,35,2,483
2023,2023-01-01,40646,406465,福岡県,築上郡上毛町,town,40646,7342,205,349,380,333,281,187,261,442,435,461,428,422,460,582,683,456,428,345,156,36,12,977,3501,90,183,207,169,140,102,142,228,231,220,214,209,210,294,324,209,179,106,37,6,1,329,3841,115,166,173,164,141,85,119,214,204,241,214,213,250,288,359,247,249,239,119,30,11,648
2023,2023-01-01,40647,406473,福岡県,築上郡築上町,town,40647,17019,478,599,704,758,832,683,675,813,902,1068,1032,932,993,1301,1653,1253,1101,750,368,112,12,2343,8311,243,302,364,416,504,405,372,432,503,547,503,476,464,618,800,565,419,263,97,17,1,797,8708,235,297,340,342,328,278,303,381,399,521,529,456,529,683,853,688,682,487,271,95,11,1546
2023,2023-01-01,41000,410004,佐賀県,,pref,,799092,30682,36233,39286,38869,35979,33204,36264,44486,49163,53983,51055,48298,52289,56706,64710,43290,36020,27729,15148,4906,792,84595,380923,15699,18621,20068,19869,18318,16877,18203,22328,24663,27017,25136,23243,25213,27280,30726,19186,14147,9427,3962,861,79,28476,418169,14983,17612,19218,19000,17661,16327,18061,22158,24500,26966,25919,25055,27076,29426,33984,24104,21873,18302,11186,4045,713,56119
2023,2023-01-01,41201,412015,佐賀県,佐賀市,city,41201,227365,8748,10464,11113,10893,11039,10058,10844,13272,14471,15875,15501,14408,14376,15009,16856,11928,9849,7332,3967,1163,199,22510,107481,4517,5338,5748,5497,5488,4980,5448,6516,7206,7772,7599,6831,6816,7125,7872,5083,3875,2516,1020,212,22,7645,119884,4231,5126,5365,5396,5551,5078,5396,6756,7265,8103,7902,7577,7560,7884,8984,6845,5974,4816,2947,951,177,14865
2023,2023-01-01,41202,412023,佐賀県,唐津市,city,41202,116161,4310,5179,5742,5694,4823,4355,4775,6048,6867,7870,6900,6851,7998,8852,10053,6603,5550,4426,2354,796,115,13241,54981,2198,2673,2898,2967,2488,2262,2381,3089,3401,3969,3331,3266,3816,4183,4773,2914,2122,1478,612,146,14,4372,61180,2112,2506,2844,2727,2335,2093,2394,2959,3466,3901,3569,3585,4182,4669,5280,3689,3428,2948,1742,650,101,8869
2023,2023-01-01,41203,412031,佐賀県,鳥栖市,city,41203,72881,3112,3572,4100,4199,3771,3484,3784,4530,5180,5923,5341,4199,3914,3987,4724,3319,2630,1877,921,273,41,5742,35307,1595,1853,2135,2118,1880,1710,1885,2302,2560,3045,2646,2096,1896,1890,2209,1489,1062,649,232,51,4,1998,37574,1517,1719,1965,2081,1891,1774,1899,2228,2620,2878,2695,2103,2018,2097,2515,1830,1568,1228,689,222,37,3744
2023,2023-01-01,41204,412040,佐賀県,多久市,city,41204,18042,561,683,778,784,722,568,672,881,1008,1123,1108,1076,1276,1546,1860,1122,898,726,463,157,30,2274,8575,292,346,365,391,386,307,351,448,518,553,571,518,623,770,912,519,325,225,121,31,3,705,9467,269,337,413,393,336,261,321,433,490,570,537,558,653,776,948,603,573,501,342,126,27,1569
2023,2023-01-01,41205,412058,佐賀県,伊万里市,city,41205,52132,1924,2422,2642,2495,2113,2048,2198,2859,3244,3357,3042,2981,3463,4072,4604,2820,2347,1955,1085,405,56,5848,25199,1002,1252,1331,1274,1152,1117,1137,1472,1684,1762,1534,1409,1707,1980,2203,1253,933,664,267,64,2,1930,26933,922,1170,1311,1221,961,931,1061,1387,1560,1595,1508,1572,1756,2092,2401,1567,1414,1291,818,341,54,3918
2023,2023-01-01,41206,412066,佐賀県,武雄市,city,41206,47475,1946,2131,2343,2337,1970,1966,2143,2608,2892,3015,2868,2896,3151,3511,3986,2507,2154,1682,943,376,50,5205,22646,1005,1091,1189,1195,1010,1018,1050,1322,1437,1483,1395,1382,1575,1728,1941,1112,864,549,234,62,4,1713,24829,941,1040,1154,1142,960,948,1093,1286,1455,1532,1473,1514,1576,1783,2045,1395,1290,1133,709,314,46,3492
2023,2023-01-01,41207,412074,佐賀県,鹿島市,city,41207,27722,1022,1262,1328,1306,1223,1054,1115,1451,1573,1646,1696,1721,1937,2095,2434,1556,1364,1064,630,202,43,3303,13100,517,649,663,700,625,514,571,716,787,815,820,836,893,1016,1148,698,545,372,177,37,1,1132,14622,505,613,665,606,598,540,544,735,786,831,876,885,1044,1079,1286,858,819,692,453,165,42,2171
2023,2023-01-01,41208,412082,佐賀県,小城市,city,41208,44135,1836,2036,2202,2223,2031,2034,2174,2578,2718,2855,2723,2643,2998,3147,3344,2214,1852,1437,793,256,41,4379,21106,958,1043,1105,1090,1048,1015,1044,1306,1361,1429,1328,1234,1479,1522,1638,999,775,499,182,44,7,1507,23029,878,993,1097,1133,983,1019,1130,1272,1357,1426,1395,1409,1519,1625,1706,1215,1077,938,611,212,34,2872
2023,2023-01-01,41209,412091,佐賀県,嬉野市,city,41209,24883,895,1048,1158,1062,977,918,1037,1235,1414,1450,1479,1551,1832,2029,2274,1432,1246,1019,595,203,29,3092,11729,443,527,598,554,459,463,508,607,722,735,741,730,931,978,1097,619,459,352,163,41,2,1017,13154,452,521,560,508,518,455,529,628,692,715,738,821,901,1051,1177,813,787,667,432,162,27,2075
2023,2023-01-01,41210,412104,佐賀県,神埼市,city,41210,30430,1042,1283,1446,1532,1416,1271,1354,1587,1786,2066,1951,1823,1956,2219,2581,1816,1468,1050,557,196,30,3301,14709,530,656,743,821,735,664,679,810,903,1052,965,901,957,1077,1226,831,599,369,152,36,3,1159,15721,512,627,703,711,681,607,675,777,883,1014,986,922,999,1142,1355,985,869,681,405,160,27,2142
2023,2023-01-01,41320,413208,佐賀県,神埼郡,gun_agg,,16030,756,776,873,826,892,834,837,1016,1042,1140,1025,866,1021,977,1102,739,586,425,224,67,6,1308,7854,386,397,468,436,474,454,418,529,527,549,518,407,491,496,498,356,223,146,69,12,0,450,8176,370,379,405,390,418,380,419,487,515,591,507,459,530,481,604,383,363,279,155,55,6,858
2023,2023-01-01,41327,413275,佐賀県,神埼郡吉野ヶ里町,town,41327,16030,756,776,873,826,892,834,837,1016,1042,1140,1025,866,1021,977,1102,739,586,425,224,67,6,1308,7854,386,397,468,436,474,454,418,529,527,549,518,407,491,496,498,356,223,146,69,12,0,450,8176,370,379,405,390,418,380,419,487,515,591,507,459,530,481,604,383,363,279,155,55,6,858
2023,2023-01-01,41340,413402,佐賀県,三養基郡,gun_agg,,52442,2269,2551,2396,2256,2253,2199,2528,3002,3170,3431,3256,2974,3240,3769,4617,3266,2408,1694,884,240,39,5265,25246,1136,1336,1232,1134,1156,1117,1270,1486,1610,1719,1609,1479,1510,1820,2189,1513,1008,614,266,38,4,1930,27196,1133,1215,1164,1122,1097,1082,1258,1516,1560,1712,1647,1495,1730,1949,2428,1753,1400,1080,618,202,35,3335
2023,2023-01-01,41341,413411,佐賀県,三養基郡基山町,town,41341,17246,714,844,737,717,735,759,837,1040,1013,1027,1012,967,1220,1431,1567,1029,762,483,265,72,15,1597,8277,346,437,370,358,398,401,405,509,511,505,480,460,535,703,758,485,342,176,83,13,2,616,8969,368,407,367,359,337,358,432,531,502,522,532,507,685,728,809,544,420,307,182,59,13,981
2023,2023-01-01,41345,413453,佐賀県,三養基郡上峰町,town,41345,9693,474,498,529,492,503,460,545,586,598,739,647,587,495,586,713,451,310,276,158,42,4,790,4690,247,265,286,237,261,227,276,280,301,357,316,301,235,294,328,210,105,104,52,8,0,269,5003,227,233,243,255,242,233,269,306,297,382,331,286,260,292,385,241,205,172,106,34,4,521
2023,2023-01-01,41346,413461,佐賀県,三養基郡みやき町,town,41346,25503,1081,1209,1130,1047,1015,980,1146,1376,1559,1665,1597,1420,1525,1752,2337,1786,1336,935,461,126,20,2878,12279,543,634,576,539,497,489,589,697,798,857,813,718,740,823,1103,818,561,334,131,17,2,1045,13224,538,575,554,508,518,491,557,679,761,808,784,702,785,929,1234,968,775,601,330,109,18,1833
2023,2023-01-01,41380,413801,佐賀県,東松浦郡,gun_agg,,5119,143,185,250,270,296,188,195,259,274,299,284,288,353,462,453,287,248,219,126,38,2,633,2626,73,100,128,146,204,129,121,138,149,169,147,147,164,231,229,146,76,78,43,8,0,205,2493,70,85,122,124,92,59,74,121,125,130,137,141,189,231,224,141,172,141,83,30,2,428
2023,2023-01-01,41387,413879,佐賀県,東松浦郡玄海町,town,41387,5119,143,185,250,270,296,188,195,259,274,299,284,288,353,462,453,287,248,219,126,38,2,633,2626,73,100,128,146,204,129,121,138,149,169,147,147,164,231,229,146,76,78,43,8,0,205,2493,70,85,122,124,92,59,74,121,125,130,137,141,189,231,224,141,172,141,83,30,2,428
2023,2023-01-01,41400,414000,佐賀県,西松浦郡,gun_agg,,18894,586,833,922,897,669,596,728,934,1062,1201,1208,1134,1365,1419,1760,1146,1025,802,448,132,27,2434,8834,300,414,449,468,336,298,359,466,517,591,613,563,672,678,828,495,382,265,118,19,3,787,10060,286,419,473,429,333,298,369,468,545,610,595,571,693,741,932,651,643,537,330,113,24,1647
2023,2023-01-01,41401,414018,佐賀県,西松浦郡有田町,town,41401,18894,586,833,922,897,669,596,728,934,1062,1201,1208,1134,1365,1419,1760,1146,1025,802,448,132,27,2434,8834,300,414,449,468,336,298,359,466,517,591,613,563,672,678,828,495,382,265,118,19,3,787,10060,286,419,473,429,333,298,369,468,545,610,595,571,693,741,932,651,643,537,330,113,24,1647
2023,2023-01-01,41420,414204,佐賀県,杵島郡,gun_agg,,37195,1286,1524,1687,1691,1470,1372,1602,1933,2069,2251,2165,2334,2765,2963,3299,1987,1886,1595,914,336,66,4797,17602,625,803,860,886,713,689,839,962,1070,1141,1057,1163,1337,1456,1600,911,692,504,235,50,9,1490,19593,661,721,827,805,757,683,763,971,999,1110,1108,1171,1428,1507,1699,1076,1194,1091,679,286,57,3307
2023,2023-01-01,41423,414239,佐賀県,杵島郡大町町,town,41423,6118,177,220,239,247,247,215,242,287,325,368,344,346,404,540,669,403,338,276,152,67,12,845,2842,83,121,109,127,123,103,129,149,174,183,164,176,186,263,300,194,126,89,36,6,1,258,3276,94,99,130,120,124,112,113,138,151,185,180,170,218,277,369,209,212,187,116,61,11,587
2023,2023-01-01,41424,414247,佐賀県,杵島郡江北町,town,41424,9544,493,471,483,449,358,419,504,608,608,665,505,546,677,637,717,410,376,318,204,76,20,994,4536,242,243,252,240,162,211,243,306,305,347,239,251,331,321,345,200,131,108,46,10,3,298,5008,251,228,231,209,196,208,261,302,303,318,266,295,346,316,372,210,245,210,158,66,17,696
2023,2023-01-01,41425,414255,佐賀県,杵島郡白石町,town,41425,21533,616,833,965,995,865,738,856,1038,1136,1218,1316,1442,1684,1786,1913,1174,1172,1001,558,193,34,2958,10224,300,439,499,519,428,375,467,507,591,611,654,736,820,872,955,517,435,307,153,34,5,934,11309,316,394,466,476,437,363,389,531,545,607,662,706,864,914,958,657,737,694,405,159,29,2024
2023,2023-01-01,41440,414409,佐賀県,藤津郡,gun_agg,,8186,246,284,306,404,314,259,278,293,393,481,508,553,644,649,763,548,509,426,244,66,18,1263,3928,122,143,156,192,164,140,142,159,211,233,262,281,346,330,363,248,207,147,71,10,1,436,4258,124,141,150,212,150,119,136,134,182,248,246,272,298,319,400,300,302,279,173,56,17,827
2023,2023-01-01,41441,414417,佐賀県,藤津郡太良町,town,41441,8186,246,284,306,404,314,259,278,293,393,481,508,553,644,649,763,548,509,426,244,66,18,1263,3928,122,143,156,192,164,140,142,159,211,233,262,281,346,330,363,248,207,147,71,10,1,436,4258,124,141,150,212,150,119,136,134,182,248,246,272,298,319,400,300,302,279,173,56,17,827
2023,2023-01-01,42000,420000,長崎県,,pref,,1295076,45641,54978,58858,58724,51542,48244,54950,66701,74140,85142,86115,82108,89673,97376,112762,76573,65169,49672,26638,8716,1354,151549,611465,23416,28196,30347,30051,26385,24489,27566,33121,36582,41914,41931,39222,43316,46924,53261,33629,25305,17211,7001,1481,117,51115,683611,22225,26782,28511,28673,25157,23755,27384,33580,37558,43228,44184,42886,46357,50452,59501,42944,39864,32461,19637,7235,1237,100434
2023,2023-01-01,42201,422011,長崎県,長崎市,city,42201,397588,12919,15598,16613,16959,16448,15231,17044,20419,22411,26875,27851,26202,27929,29285,35928,23703,20135,15049,7956,2619,414,46173,183700,6676,8015,8468,8554,8179,7341,8377,9942,10807,12874,13256,12234,13085,13765,16636,10252,7638,5097,2021,439,44,15239,213888,6243,7583,8145,8405,8269,7890,8667,10477,11604,14001,14595,13968,14844,15520,19292,13451,12497,9952,5935,2180,370,30934
2023,2023-01-01,42202,422029,長崎県,佐世保市,city,42202,238511,8882,10437,11265,11337,10466,9612,10643,12813,14224,16082,15618,14268,14855,16885,20183,14240,11598,8744,4605,1519,235,26701,112934,4582,5390,5727,5841,5529,5028,5422,6451,7007,7901,7577,6755,7181,8042,9444,6176,4428,3021,1165,255,12,8881,125577,4300,5047,5538,5496,4937,4584,5221,6362,7217,8181,8041,7513,7674,8843,10739,8064,7170,5723,3440,1264,223,17820
2023,2023-01-01,42203,422037,長崎県,島原市,city,42203,42671,1449,1882,1947,1779,1384,1403,1549,2090,2300,2637,2720,2762,3185,3419,3734,2757,2317,1887,1065,358,47,5674,19980,753,965,1034,892,695,716,796,1014,1175,1300,1316,1303,1529,1631,1752,1205,903,629,301,65,6,1904,22691,696,917,913,887,689,687,753,1076,1125,1337,1404,1459,1656,1788,1982,1552,1414,1258,764,293,41,3770
2023,2023-01-01,42204,422045,長崎県,諫早市,city,42204,133513,5004,6080,6510,6400,5409,5299,5991,7218,8159,9008,9157,8649,9096,9497,10753,7432,6134,4493,2305,806,113,13851,63586,2603,3087,3417,3317,2738,2721,3030,3563,4033,4454,4420,4059,4358,4681,5011,3312,2436,1603,594,142,7,4782,69927,2401,2993,3093,3083,2671,2578,2961,3655,4126,4554,4737,4590,4738,4816,5742,4120,3698,2890,1711,664,106,9069
2023,2023-01-01,42205,422053,長崎県,大村市,city,42205,97749,4639,5269,5405,5177,4676,4626,5294,5905,6309,6985,6690,5824,5856,5950,6683,4563,3454,2664,1332,385,63,7898,46819,2330,2677,2801,2685,2397,2350,2523,2910,3018,3430,3252,2770,2865,2825,3131,1992,1421,993,376,68,5,2863,50930,2309,2592,2604,2492,2279,2276,2771,2995,3291,3555,3438,3054,2991,3125,3552,2571,2033,1671,956,317,58,5035
2023,2023-01-01,42207,422070,長崎県,平戸市,city,42207,28946,877,1108,1243,1105,849,817,921,1166,1324,1559,1747,1850,2285,2607,2903,1995,1899,1520,867,265,39,4590,13749,470,567,648,524,474,459,482,618,696,791,904,916,1166,1293,1413,894,679,500,217,35,3,1434,15197,407,541,595,581,375,358,439,548,628,768,843,934,1119,1314,1490,1101,1220,1020,650,230,36,3156
2023,2023-01-01,42208,422088,長崎県,松浦市,city,42208,21110,636,872,992,860,704,702,842,960,1128,1130,1266,1204,1574,1885,2077,1285,1231,959,582,186,35,2993,10196,313,444,485,449,383,385,479,489,598,596,630,606,789,961,1038,579,447,304,181,37,3,972,10914,323,428,507,411,321,317,363,471,530,534,636,598,785,924,1039,706,784,655,401,149,32,2021
2023,2023-01-01,42209,422096,長崎県,対馬市,city,42209,28236,859,1055,1150,1200,840,831,1009,1337,1539,1711,1672,1687,2141,2619,2865,1809,1736,1306,663,169,38,3912,13946,442,551,608,593,478,461,569,725,820,965,939,866,1092,1304,1384,790,681,462,173,37,6,1359,14290,417,504,542,607,362,370,440,612,719,746,733,821,1049,1315,1481,1019,1055,844,490,132,32,2553
2023,2023-01-01,42210,422100,長崎県,壱岐市,city,42210,24858,734,1041,1183,1189,791,683,875,1147,1327,1573,1471,1419,1747,2032,2263,1733,1456,1222,698,246,28,3650,11963,370,554,625,584,412,365,470,598,695,806,782,696,891,995,1079,788,577,445,192,37,2,1253,12895,364,487,558,605,379,318,405,549,632,767,689,723,856,1037,1184,945,879,777,506,209,26,2397
2023,2023-01-01,42211,422118,長崎県,五島市,city,42211,34749,978,1143,1306,1323,879,941,1156,1471,1713,1938,2108,2330,2938,3407,3512,2346,2081,1783,1009,349,38,5260,16544,484,550,682,690,469,516,573,730,864,991,1101,1167,1452,1710,1737,1054,826,625,264,58,1,1774,18205,494,593,624,633,410,425,583,741,849,947,1007,1163,1486,1697,1775,1292,1255,1158,745,291,37,3486
2023,2023-01-01,42212,422126,長崎県,西海市,city,42212,25459,764,962,1039,966,917,841,929,1127,1279,1438,1434,1561,1891,2235,2500,1658,1531,1286,782,277,42,3918,12480,382,482,539,516,541,476,541,611,659,778,724,761,1021,1111,1278,757,591,445,211,46,10,1303,12979,382,480,500,450,376,365,388,516,620,660,710,800,870,1124,1222,901,940,841,571,231,32,2615
2023,2023-01-01,42213,422134,長崎県,雲仙市,city,42213,41118,1367,1697,1786,1803,1397,1355,1544,1984,2194,2399,2515,2755,3251,3611,3584,2310,2202,1820,1137,351,56,5566,19770,710,866,909,957,721,715,770,1047,1105,1237,1254,1376,1644,1801,1788,1025,874,629,289,51,2,1845,21348,657,831,877,846,676,640,774,937,1089,1162,1261,1379,1607,1810,1796,1285,1328,1191,848,300,54,3721
2023,2023-01-01,42214,422142,長崎県,南島原市,city,42214,42226,1198,1528,1712,1733,1282,1004,1287,1736,2050,2446,2546,2771,3456,3761,4207,2900,2752,2203,1201,389,64,6609,19791,588,776,838,867,681,536,619,871,1042,1225,1218,1350,1706,1815,2029,1321,1089,773,359,81,7,2309,22435,610,752,874,866,601,468,668,865,1008,1221,1328,1421,1750,1946,2178,1579,1663,1430,842,308,57,4300
2023,2023-01-01,42300,423009,長崎県,西彼杵郡,gun_agg,,69497,2951,3475,3651,3853,3240,2696,3177,3917,4343,5005,5090,4412,4401,4398,5264,3664,2866,1857,887,297,53,5960,33241,1502,1801,1986,2071,1544,1311,1539,1868,2131,2425,2425,2131,2078,2103,2469,1655,1215,685,241,56,5,2202,36256,1449,1674,1665,1782,1696,1385,1638,2049,2212,2580,2665,2281,2323,2295,2795,2009,1651,1172,646,241,48,3758
2023,2023-01-01,42307,423076,長崎県,西彼杵郡長与町,town,42307,40229,1681,2036,2001,2078,1847,1490,1810,2210,2406,2874,2984,2735,2717,2559,3101,2152,1685,1089,557,187,30,3548,19188,853,1049,1033,1088,915,745,885,1048,1179,1369,1397,1318,1280,1278,1452,975,727,400,151,42,4,1324,21041,828,987,968,990,932,745,925,1162,1227,1505,1587,1417,1437,1281,1649,1177,958,689,406,145,26,2224
2023,2023-01-01,42308,423084,長崎県,西彼杵郡時津町,town,42308,29268,1270,1439,1650,1775,1393,1206,1367,1707,1937,2131,2106,1677,1684,1839,2163,1512,1181,768,330,110,23,2412,14053,649,752,953,983,629,566,654,820,952,1056,1028,813,798,825,1017,680,488,285,90,14,1,878,15215,621,687,697,792,764,640,713,887,985,1075,1078,864,886,1014,1146,832,693,483,240,96,22,1534
2023,2023-01-01,42320,423203,長崎県,東彼杵郡,gun_agg,,35051,1231,1487,1590,1656,1242,1174,1444,1847,2019,2239,2142,2216,2519,2777,3097,2067,1855,1377,781,240,51,4304,16654,621,773,841,805,631,583,737,910,1013,1068,1060,1127,1230,1348,1490,902,745,501,233,34,2,1515,18397,610,714,749,851,611,591,707,937,1006,1171,1082,1089,1289,1429,1607,1165,1110,876,548,206,49,2789
2023,2023-01-01,42321,423211,長崎県,東彼杵郡東彼杵町,town,42321,7501,188,281,306,317,238,196,274,369,385,437,455,491,617,703,713,476,432,342,206,64,11,1055,3599,84,134,176,149,142,91,145,181,200,223,221,262,301,349,350,209,183,127,62,10,0,382,3902,104,147,130,168,96,105,129,188,185,214,234,229,316,354,363,267,249,215,144,54,11,673
2023,2023-01-01,42322,423220,長崎県,東彼杵郡川棚町,town,42322,13311,441,550,609,674,491,458,509,701,776,918,851,834,882,993,1179,813,709,525,283,88,27,1632,6308,229,292,309,339,255,239,254,336,390,428,425,417,422,467,558,350,279,212,92,13,2,598,7003,212,258,300,335,236,219,255,365,386,490,426,417,460,526,621,463,430,313,191,75,25,1034
2023,2023-01-01,42323,423238,長崎県,東彼杵郡波佐見町,town,42323,14239,602,656,675,665,513,520,661,777,858,884,836,891,1020,1081,1205,778,714,510,292,88,13,1617,6747,308,347,356,317,234,253,338,393,423,417,414,448,507,532,582,343,283,162,79,11,0,535,7492,294,309,319,348,279,267,323,384,435,467,422,443,513,549,623,435,431,348,213,77,13,1082
2023,2023-01-01,42380,423807,長崎県,北松浦郡,gun_agg,,16273,751,862,896,775,595,618,752,949,1056,1098,948,873,950,1232,1378,896,685,562,278,98,21,1644,7737,382,435,452,393,308,304,363,484,523,542,472,424,419,601,667,423,271,190,63,20,1,545,8536,369,427,444,382,287,314,389,465,533,556,476,449,531,631,711,473,414,372,215,78,20,1099
2023,2023-01-01,42383,423831,長崎県,北松浦郡小値賀町,town,42383,2232,54,65,79,56,38,34,62,98,107,90,103,118,163,275,274,168,158,161,93,27,9,448,1038,28,30,28,27,25,17,36,51,62,54,43,56,69,141,145,87,64,47,22,6,0,139,1194,26,35,51,29,13,17,26,47,45,36,60,62,94,134,129,81,94,114,71,21,9,309
2023,2023-01-01,42391,423912,長崎県,北松浦郡佐々町,town,42391,14041,697,797,817,719,557,584,690,851,949,1008,845,755,787,957,1104,728,527,401,185,71,12,1196,6699,354,405,424,366,283,287,327,433,461,488,429,368,350,460,522,336,207,143,41,14,1,406,7342,343,392,393,353,274,297,363,418,488,520,416,387,437,497,582,392,320,258,144,57,11,790
2023,2023-01-01,42400,424005,長崎県,南松浦郡,gun_agg,,17521,402,482,570,609,423,411,493,615,765,1019,1140,1325,1599,1776,1831,1215,1237,940,490,162,17,2846,8375,208,263,287,313,205,222,276,290,396,531,601,681,810,938,915,504,484,309,121,20,1,935,9146,194,219,283,296,218,189,217,325,369,488,539,644,789,838,916,711,753,631,369,142,16,1911
2023,2023-01-01,42411,424111,長崎県,南松浦郡新上五島町,town,42411,17521,402,482,570,609,423,411,493,615,765,1019,1140,1325,1599,1776,1831,1215,1237,940,490,162,17,2846,8375,208,263,287,313,205,222,276,290,396,531,601,681,810,938,915,504,484,309,121,20,1,935,9146,194,219,283,296,218,189,217,325,369,488,539,644,789,838,916,711,753,631,369,142,16,1911
2023,2023-01-01,43000,430005,熊本県,,pref,,1717716,65405,77746,82201,79653,73123,70104,78320,95186,103794,114516,107805,105181,112363,121942,138093,96656,80963,65120,35614,11925,2006,195628,817250,33274,39723,42240,40743,37191,35476,39077,47418,52026,57121,52904,50347,54088,59073,65648,43373,32092,23048,9864,2281,243,67528,900466,32131,38023,39961,38910,35932,34628,39243,47768,51768,57395,54901,54834,58275,62869,72445,53283,48871,42072,25750,9644,1763,128100
2023,2023-01-01,43100,431001,熊本県,熊本市,city_agg,,724201,30225,33852,35052,35166,36765,35098,37359,43445,46866,53085,49751,45769,44610,44828,50075,36250,28415,21746,11479,3731,634,66005,342193,15371,17315,17833,17971,18491,17186,18320,21282,22948,25904,23931,21546,21211,21413,22899,15794,11080,7633,3242,737,86,22778,382008,14854,16537,17219,17195,18274,17912,19039,22163,23918,27181,25820,24223,23399,23415,27176,20456,17335,14113,8237,2994,548,43227
2023,2023-01-01,43101,431010,熊本県,熊本市中央区,ward,43100,173249,6140,6962,7200,7906,10503,9885,9615,10193,11092,13014,12872,11888,10913,10320,11235,8181,6391,5027,2851,916,145,15330,80406,3133,3538,3628,4014,5214,4715,4683,4898,5307,6192,6116,5515,5194,4848,5049,3416,2375,1644,738,173,16,4946,92843,3007,3424,3572,3892,5289,5170,4932,5295,5785,6822,6756,6373,5719,5472,6186,4765,4016,3383,2113,743,129,10384
2023,2023-01-01,43102,431028,熊本県,熊本市東区,ward,43100,189822,8595,9643,9984,9740,9378,8951,9915,11956,12882,14407,12951,11694,11811,11798,12640,8641,6554,4842,2492,804,144,14836,90500,4432,4990,5101,4990,4767,4338,4861,5864,6296,7064,6248,5533,5551,5637,5815,3812,2568,1756,701,160,16,5201,99322,4163,4653,4883,4750,4611,4613,5054,6092,6586,7343,6703,6161,6260,6161,6825,4829,3986,3086,1791,644,128,9635
2023,2023-01-01,43103,431036,熊本県,熊本市西区,ward,43100,89124,3340,3704,3794,4028,4218,3969,4205,4909,5309,6036,6159,5713,5735,5821,6986,5184,4323,3300,1694,604,93,10014,41763,1669,1868,1935,2050,2154,1952,2056,2456,2682,2918,2959,2712,2770,2780,3165,2236,1695,1119,444,122,21,3401,47361,1671,1836,1859,1978,2064,2017,2149,2453,2627,3118,3200,3001,2965,3041,3821,2948,2628,2181,1250,482,72,6613
2023,2023-01-01,43104,431044,熊本県,熊本市南区,ward,43100,132209,6618,7229,7364,6499,5904,5989,6949,8570,8963,9656,8280,7758,7567,8010,8838,6382,4930,3868,2035,658,142,11633,62869,3328,3711,3793,3294,2874,2887,3378,4152,4396,4805,4022,3671,3613,3869,4180,2857,1970,1348,574,124,23,4039,69340,3290,3518,3571,3205,3030,3102,3571,4418,4567,4851,4258,4087,3954,4141,4658,3525,2960,2520,1461,534,119,7594
2023,2023-01-01,43105,431052,熊本県,熊本市北区,ward,43100,139797,5532,6314,6710,6993,6762,6304,6675,7817,8620,9972,9489,8716,8584,8879,10376,7862,6217,4709,2407,749,110,14192,66655,2809,3208,3376,3623,3482,3294,3342,3912,4267,4925,4586,4115,4083,4279,4690,3473,2472,1766,785,158,10,5191,73142,2723,3106,3334,3370,3280,3010,3333,3905,4353,5047,4903,4601,4501,4600,5686,4389,3745,2943,1622,591,100,9001
2023,2023-01-01,43202,432024,熊本県,八代市,city,43202,119557,3922,5021,5333,5217,4551,4333,4808,6039,6668,7619,7504,7603,8279,9104,10528,7518,6476,5325,2755,848,106,15510,56443,1973,2527,2743,2625,2330,2263,2405,3000,3359,3825,3711,3710,4033,4424,4968,3314,2485,1861,716,158,13,5233,63114,1949,2494,2590,2592,2221,2070,2403,3039,3309,3794,3793,3893,4246,4680,5560,4204,3991,3464,2039,690,93,10277
2023,2023-01-01,43203,432032,熊本県,人吉市,city,43203,30486,974,1240,1404,1317,991,949,1162,1482,1595,1817,1806,1943,2248,2474,2805,1965,1685,1460,850,266,53,4314,14194,489,635,738,686,514,499,573,753,790,894,909,907,1056,1182,1306,857,606,524,211,61,4,1406,16292,485,605,666,631,477,450,589,729,805,923,897,1036,1192,1292,1499,1108,1079,936,639,205,49,2908
2023,2023-01-01,43204,432041,熊本県,荒尾市,city,43204,50048,1680,2121,2323,2283,1878,1778,1944,2598,3106,3343,2953,2699,3098,3801,4943,3313,2745,1946,1048,370,78,6187,23709,857,1077,1173,1207,956,938,960,1307,1607,1657,1489,1279,1458,1789,2325,1510,1104,684,267,57,8,2120,26339,823,1044,1150,1076,922,840,984,1291,1499,1686,1464,1420,1640,2012,2618,1803,1641,1262,781,313,70,4067
2023,2023-01-01,43205,432059,熊本県,水俣市,city,43205,22606,630,852,967,899,736,629,816,1030,1097,1221,1387,1347,1570,1952,2273,1630,1487,1185,651,207,40,3570,10568,324,430,523,452,371,342,436,519,557,606,689,641,758,936,1079,698,622,392,154,35,4,1207,12038,306,422,444,447,365,287,380,511,540,615,698,706,812,1016,1194,932,865,793,497,172,36,2363
2023,2023-01-01,43206,432067,熊本県,玉名市,city,43206,62952,2229,2730,2842,2837,2446,2346,2511,3425,3569,3779,3721,3816,4331,4854,5439,3746,3533,2757,1493,467,81,8331,30103,1129,1436,1473,1471,1172,1215,1283,1720,1877,1896,1814,1924,2027,2443,2681,1671,1408,988,396,76,3,2871,32849,1100,1294,1369,1366,1274,1131,1228,1705,1692,1883,1907,1892,2304,2411,2758,2075,2125,1769,1097,391,78,5460
2023,2023-01-01,43208,432083,熊本県,山鹿市,city,43208,48990,1589,1983,2117,2101,1733,1594,1958,2446,2630,2866,2750,2924,3349,4004,4604,3241,2746,2403,1348,522,82,7101,23237,825,1013,1089,1065,903,799,984,1264,1388,1461,1376,1372,1622,1942,2191,1478,1122,843,388,104,8,2465,25753,764,970,1028,1036,830,795,974,1182,1242,1405,1374,1552,1727,2062,2413,1763,1624,1560,960,418,74,4636
2023,2023-01-01,43210,432105,熊本県,菊池市,city,43210,46125,1649,2009,2200,2092,1797,1753,2032,2529,2621,2807,2484,2753,3237,3646,3992,2652,2373,1945,1070,417,67,5872,22276,863,1033,1128,1075,920,940,1039,1311,1378,1453,1196,1324,1553,1794,1971,1220,987,696,301,87,7,2078,23849,786,976,1072,1017,877,813,993,1218,1243,1354,1288,1429,1684,1852,2021,1432,1386,1249,769,330,60,3794
2023,2023-01-01,43211,432113,熊本県,宇土市,city,43211,36196,1382,1615,1838,1766,1640,1443,1618,1983,2140,2339,2395,2362,2573,2367,2635,2035,1734,1325,726,237,43,4065,17419,744,831,925,904,839,717,839,976,1038,1160,1179,1164,1288,1161,1264,932,712,489,206,47,4,1458,18777,638,784,913,862,801,726,779,1007,1102,1179,1216,1198,1285,1206,1371,1103,1022,836,520,190,39,2607
2023,2023-01-01,43212,432121,熊本県,上天草市,city,43212,24875,645,824,930,938,806,705,754,1008,1145,1286,1446,1661,2039,2366,2466,1841,1581,1390,752,240,52,4015,11836,308,423,465,468,432,385,386,528,602,660,725,835,1021,1157,1222,867,633,464,206,41,8,1352,13039,337,401,465,470,374,320,368,480,543,626,721,826,1018,1209,1244,974,948,926,546,199,44,2663
2023,2023-01-01,43213,432130,熊本県,宇城市,city,43213,56882,2000,2451,2662,2541,2155,2180,2514,2914,3306,3464,3376,3525,3872,4339,4995,3438,2973,2426,1265,433,53,7150,27212,1018,1264,1395,1310,1098,1112,1249,1474,1654,1764,1664,1721,1814,2086,2470,1577,1218,884,351,82,7,2542,29670,982,1187,1267,1231,1057,1068,1265,1440,1652,1700,1712,1804,2058,2253,2525,1861,1755,1542,914,351,46,4608
2023,2023-01-01,43214,432148,熊本県,阿蘇市,city,43214,24165,719,956,969,979,871,825,891,1119,1202,1327,1331,1405,1786,2006,2406,1592,1474,1256,745,259,47,3781,11502,357,498,519,502,466,436,464,578,626,684,656,664,898,981,1155,738,579,432,201,59,9,1280,12663,362,458,450,477,405,389,427,541,576,643,675,741,888,1025,1251,854,895,824,544,200,38,2501
2023,2023-01-01,43215,432156,熊本県,天草市,city,43215,74704,2064,2669,3094,3101,2163,2043,2348,3097,3656,4214,4311,4818,5799,6881,7474,5162,4586,3915,2363,809,137,11810,35302,1022,1393,1623,1541,1113,1060,1215,1563,1898,2141,2181,2315,2879,3328,3725,2350,1841,1380,582,134,18,3955,39402,1042,1276,1471,1560,1050,983,1133,1534,1758,2073,2130,2503,2920,3553,3749,2812,2745,2535,1781,675,119,7855
2023,2023-01-01,43216,432164,熊本県,合志市,city,43216,64059,3477,4198,4144,3542,2629,2633,3531,4325,4742,4792,3854,3298,3347,3586,4204,2867,2112,1602,832,286,58,4890,31052,1798,2171,2118,1772,1385,1348,1721,2126,2343,2402,1937,1546,1596,1712,1973,1334,863,592,259,52,4,1770,33007,1679,2027,2026,1770,1244,1285,1810,2199,2399,2390,1917,1752,1751,1874,2231,1533,1249,1010,573,234,54,3120
2023,2023-01-01,43340,433403,熊本県,下益城郡,gun_agg,,8976,135,223,298,341,258,224,241,355,443,473,417,549,745,887,1032,615,656,533,395,126,30,1740,4254,66,112,148,174,119,122,129,194,249,245,209,279,378,436,545,283,273,158,100,30,5,566,4722,69,111,150,167,139,102,112,161,194,228,208,270,367,451,487,332,383,375,295,96,25,1174
2023,2023-01-01,43348,433489,熊本県,下益城郡美里町,town,43348,8976,135,223,298,341,258,224,241,355,443,473,417,549,745,887,1032,615,656,533,395,126,30,1740,4254,66,112,148,174,119,122,129,194,249,245,209,279,378,436,545,283,273,158,100,30,5,566,4722,69,111,150,167,139,102,112,161,194,228,208,270,367,451,487,332,383,375,295,96,25,1174
2023,2023-01-01,43360,433608,熊本県,玉名郡,gun_agg,,38135,1195,1577,1581,1542,1298,1155,1481,1912,2044,2120,2045,2278,2683,3297,3825,2529,2245,1885,1038,344,61,5573,18369,630,792,833,772,670,625,767,984,1038,1093,1034,1126,1321,1665,1913,1187,880,677,288,64,10,1919,19766,565,785,748,770,628,530,714,928,1006,1027,1011,1152,1362,1632,1912,1342,1365,1208,750,280,51,3654
2023,2023-01-01,43364,433641,熊本県,玉名郡玉東町,town,43364,5191,195,259,254,258,173,139,218,253,279,295,297,317,330,407,449,327,324,241,134,37,5,741,2468,107,132,144,120,83,71,99,128,141,155,145,165,160,198,222,142,131,82,37,6,0,256,2723,88,127,110,138,90,68,119,125,138,140,152,152,170,209,227,185,193,159,97,31,5,485
2023,2023-01-01,43367,433675,熊本県,玉名郡南関町,town,43367,8817,254,306,342,313,290,282,326,423,440,440,472,584,678,759,880,580,573,502,269,90,14,1448,4206,126,159,174,139,144,162,177,214,223,212,239,296,347,387,443,277,209,185,75,15,3,487,4611,128,147,168,174,146,120,149,209,217,228,233,288,331,372,437,303,364,317,194,75,11,961
2023,2023-01-01,43368,433683,熊本県,玉名郡長洲町,town,43368,14898,513,654,635,647,561,484,632,813,862,907,798,781,946,1278,1608,993,752,594,305,118,17,1786,7281,278,321,331,347,288,265,334,425,441,466,404,382,447,642,806,477,307,209,86,22,3,627,7617,235,333,304,300,273,219,298,388,421,441,394,399,499,636,802,516,445,385,219,96,14,1159
2023,2023-01-01,43369,433691,熊本県,玉名郡和水町,town,43369,9229,233,358,350,324,274,250,305,423,463,478,478,596,729,853,888,629,596,548,330,99,25,1598,4414,119,180,184,166,155,127,157,217,233,260,246,283,367,438,442,291,233,201,90,21,4,549,4815,114,178,166,158,119,123,148,206,230,218,232,313,362,415,446,338,363,347,240,78,21,1049
2023,2023-01-01,43400,434001,熊本県,菊池郡,gun_agg,,78629,4058,4590,4775,4191,3807,4172,4747,5553,5925,5934,5002,4298,4174,4272,4580,3153,2304,1765,958,324,47,5398,38834,2036,2323,2471,2197,1987,2254,2437,2810,3012,3044,2526,2081,2001,2105,2129,1473,975,633,275,59,6,1948,39795,2022,2267,2304,1994,1820,1918,2310,2743,2913,2890,2476,2217,2173,2167,2451,1680,1329,1132,683,265,41,3450
2023,2023-01-01,43403,434035,熊本県,菊池郡大津町,town,43403,35444,1734,2034,2197,1843,1717,1830,2089,2531,2615,2418,2134,2053,2037,2044,2088,1387,1074,876,524,189,30,2693,17602,889,1061,1145,978,923,1003,1071,1295,1351,1252,1079,998,983,1020,976,638,458,298,144,34,6,940,17842,845,973,1052,865,794,827,1018,1236,1264,1166,1055,1055,1054,1024,1112,749,616,578,380,155,24,1753
2023,2023-01-01,43404,434043,熊本県,菊池郡菊陽町,town,43404,43185,2324,2556,2578,2348,2090,2342,2658,3022,3310,3516,2868,2245,2137,2228,2492,1766,1230,889,434,135,17,2705,21232,1147,1262,1326,1219,1064,1251,1366,1515,1661,1792,1447,1083,1018,1085,1153,835,517,335,131,25,0,1008,21953,1177,1294,1252,1129,1026,1091,1292,1507,1649,1724,1421,1162,1119,1143,1339,931,713,554,303,110,17,1697
2023,2023-01-01,43420,434205,熊本県,阿蘇郡,gun_agg,,34370,1025,1267,1436,1402,1041,946,1200,1539,1712,2002,1899,2077,2630,3175,3556,2226,2012,1784,1028,362,51,5237,16780,512,677,774,746,559,517,626,801,912,1037,967,992,1348,1590,1827,1038,799,650,328,72,8,1857,17590,513,590,662,656,482,429,574,738,800,965,932,1085,1282,1585,1729,1188,1213,1134,700,290,43,3380
2023,2023-01-01,43423,434230,熊本県,阿蘇郡南小国町,town,43423,3733,120,138,151,140,110,129,125,178,217,190,199,198,282,342,385,231,189,228,119,58,4,598,1800,60,68,70,76,66,69,68,92,120,92,105,100,140,166,211,97,71,80,39,9,1,200,1933,60,70,81,64,44,60,57,86,97,98,94,98,142,176,174,134,118,148,80,49,3,398
2023,2023-01-01,43424,434248,熊本県,阿蘇郡小国町,town,43424,6545,204,225,218,258,211,179,219,283,289,343,360,400,494,599,723,431,444,346,234,73,12,1109,3156,89,123,118,129,114,102,120,146,164,197,181,187,265,284,356,200,178,113,77,12,1,381,3389,115,102,100,129,97,77,99,137,125,146,179,213,229,315,367,231,266,233,157,61,11,728
2023,2023-01-01,43425,434256,熊本県,阿蘇郡産山村,village,43425,1362,35,49,63,59,35,34,44,59,66,68,62,97,97,106,150,90,74,100,54,17,3,248,706,18,25,34,39,24,21,25,27,40,38,37,43,61,45,92,42,30,38,20,6,1,95,656,17,24,29,20,11,13,19,32,26,30,25,54,36,61,58,48,44,62,34,11,2,153
2023,2023-01-01,43428,434281,熊本県,阿蘇郡高森町,town,43428,5939,155,210,229,219,174,173,210,255,262,307,301,371,484,576,632,389,413,338,169,64,8,992,2893,80,114,122,121,93,90,110,131,143,152,143,187,244,306,326,172,167,128,50,12,2,359,3046,75,96,107,98,81,83,100,124,119,155,158,184,240,270,306,217,246,210,119,52,6,633
2023,2023-01-01,43432,434329,熊本県,阿蘇郡西原村,village,43432,6777,248,308,369,335,245,196,273,381,418,475,404,423,477,579,583,349,265,238,152,50,9,714,3347,134,164,199,163,123,106,135,196,206,246,210,196,246,300,297,160,116,87,52,10,1,266,3430,114,144,170,172,122,90,138,185,212,229,194,227,231,279,286,189,149,151,100,40,8,448
2023,2023-01-01,43433,434337,熊本県,阿蘇郡南阿蘇村,village,43433,10014,263,337,406,391,266,235,329,383,460,619,573,588,796,973,1083,736,627,534,300,100,15,1576,4878,131,183,231,218,139,129,168,209,239,312,291,279,392,489,545,367,237,204,90,23,2,556,5136,132,154,175,173,127,106,161,174,221,307,282,309,404,484,538,369,390,330,210,77,13,1020
2023,2023-01-01,43440,434400,熊本県,上益城郡,gun_agg,,84094,3423,4249,4242,3602,3051,3055,3685,4584,4895,5153,4565,4644,5358,6385,7391,4938,4280,3598,2129,731,136,10874,40524,1787,2114,2213,1857,1554,1539,1869,2277,2515,2635,2253,2224,2623,3165,3667,2301,1751,1356,670,140,14,3931,43570,1636,2135,2029,1745,1497,1516,1816,2307,2380,2518,2312,2420,2735,3220,3724,2637,2529,2242,1459,591,122,6943
2023,2023-01-01,43441,434418,熊本県,上益城郡御船町,town,43441,16934,653,839,829,704,646,643,782,877,1028,1023,906,970,1088,1353,1530,1027,845,653,386,127,25,2036,8138,333,407,435,365,321,327,401,415,523,530,434,460,548,667,737,500,345,264,103,20,3,735,8796,320,432,394,339,325,316,381,462,505,493,472,510,540,686,793,527,500,389,283,107,22,1301
2023,2023-01-01,43442,434426,熊本県,上益城郡嘉島町,town,43442,9938,593,686,570,422,395,456,552,675,699,679,569,519,532,562,619,451,376,343,174,54,12,959,4806,301,334,280,223,211,229,264,331,356,343,287,270,249,270,321,203,153,118,50,12,1,334,5132,292,352,290,199,184,227,288,344,343,336,282,249,283,292,298,248,223,225,124,42,11,625
2023,2023-01-01,43443,434434,熊本県,上益城郡益城町,town,43443,33570,1571,1875,1873,1670,1369,1362,1598,2099,2071,2288,1953,1810,1943,2293,2653,1758,1418,1116,623,199,28,3384,16211,829,957,1002,837,681,666,803,1038,1064,1151,944,865,906,1114,1252,822,599,428,213,39,1,1280,17359,742,918,871,833,688,696,795,1061,1007,1137,1009,945,1037,1179,1401,936,819,688,410,160,27,2104
2023,2023-01-01,43444,434442,熊本県,上益城郡甲佐町,town,43444,10169,317,446,508,391,357,308,362,473,566,564,539,568,690,795,999,687,606,514,331,117,31,1599,4850,170,224,262,209,174,152,192,243,283,296,276,265,338,391,508,310,242,192,104,16,3,557,5319,147,222,246,182,183,156,170,230,283,268,263,303,352,404,491,377,364,322,227,101,28,1042
2023,2023-01-01,43447,434477,熊本県,上益城郡山都町,town,43447,13483,289,403,462,415,284,286,391,460,531,599,598,777,1105,1382,1590,1015,1035,972,615,234,40,2896,6519,154,192,234,223,167,165,209,250,289,315,312,364,582,723,849,466,412,354,200,53,6,1025,6964,135,211,228,192,117,121,182,210,242,284,286,413,523,659,741,549,623,618,415,181,34,1871
2023,2023-01-01,43460,434604,熊本県,八代郡,gun_agg,,10962,295,376,489,497,334,282,359,460,650,682,645,684,788,916,1100,747,669,552,315,108,14,1658,5108,130,190,258,252,149,152,175,246,319,347,332,340,371,438,524,350,255,186,73,20,1,535,5854,165,186,231,245,185,130,184,214,331,335,313,344,417,478,576,397,414,366,242,88,13,1123
2023,2023-01-01,43468,434680,熊本県,八代郡氷川町,town,43468,10962,295,376,489,497,334,282,359,460,650,682,645,684,788,916,1100,747,669,552,315,108,14,1658,5108,130,190,258,252,149,152,175,246,319,347,332,340,371,438,524,350,255,186,73,20,1,535,5854,165,186,231,245,185,130,184,214,331,335,313,344,417,478,576,397,414,366,242,88,13,1123
2023,2023-01-01,43480,434809,熊本県,葦北郡,gun_agg,,19981,462,657,783,726,505,478,594,846,912,962,1094,1249,1576,1887,2039,1464,1449,1284,710,255,49,3747,9497,237,346,400,364,270,265,305,428,479,525,578,643,736,914,1028,647,586,476,208,56,6,1332,10484,225,311,383,362,235,213,289,418,433,437,516,606,840,973,1011,817,863,808,502,199,43,2415
2023,2023-01-01,43482,434825,熊本県,葦北郡芦北町,town,43482,15671,348,505,627,549,396,365,465,663,717,759,827,987,1215,1499,1628,1174,1162,1010,535,205,35,2947,7450,179,276,314,279,213,200,245,330,375,418,441,509,559,708,818,523,474,371,166,47,5,1063,8221,169,229,313,270,183,165,220,333,342,341,386,478,656,791,810,651,688,639,369,158,30,1884
2023,2023-01-01,43484,434841,熊本県,葦北郡津奈木町,town,43484,4310,114,152,156,177,109,113,129,183,195,203,267,262,361,388,411,290,287,274,175,50,14,800,2047,58,70,86,85,57,65,60,98,104,107,137,134,177,206,210,124,112,105,42,9,1,269,2263,56,82,70,92,52,48,69,85,91,96,130,128,184,182,201,166,175,169,133,41,13,531
2023,2023-01-01,43500,435007,熊本県,球磨郡,gun_agg,,50222,1478,2055,2452,2300,1480,1339,1618,2272,2549,2846,2709,3055,3758,4273,5072,3308,2998,2637,1446,498,79,7658,23736,719,1009,1264,1188,783,675,815,1180,1261,1483,1355,1506,1844,2095,2448,1561,1136,919,391,94,10,2550,26486,759,1046,1188,1112,697,664,803,1092,1288,1363,1354,1549,1914,2178,2624,1747,1862,1718,1055,404,69,5108
2023,2023-01-01,43501,435015,熊本県,球磨郡錦町,town,43501,10214,406,513,536,495,379,342,419,566,577,627,574,591,692,827,940,602,460,388,205,64,11,1128,4836,194,254,282,262,193,172,205,294,275,332,293,265,334,374,445,280,181,135,51,14,1,382,5378,212,259,254,233,186,170,214,272,302,295,281,326,358,453,495,322,279,253,154,50,10,746
2023,2023-01-01,43505,435058,熊本県,球磨郡多良木町,town,43505,8757,220,316,404,385,254,207,241,357,397,517,458,535,661,772,910,654,564,524,264,105,12,1469,4132,117,152,201,202,131,111,118,193,193,262,231,272,330,378,431,308,208,196,77,19,2,502,4625,103,164,203,183,123,96,123,164,204,255,227,263,331,394,479,346,356,328,187,86,10,967
2023,2023-01-01,43506,435066,熊本県,球磨郡湯前町,town,43506,3604,83,122,156,138,76,94,114,142,147,171,208,258,263,301,387,247,264,232,142,52,7,697,1694,42,61,84,67,42,51,64,78,75,88,100,137,131,141,188,118,95,80,40,11,1,227,1910,41,61,72,71,34,43,50,64,72,83,108,121,132,160,199,129,169,152,102,41,6,470
2023,2023-01-01,43507,435074,熊本県,球磨郡水上村,village,43507,2025,58,74,94,95,57,42,46,74,92,93,112,127,162,173,194,135,142,152,69,28,6,397,956,26,40,51,48,31,26,24,41,43,47,53,66,88,97,101,56,49,46,19,3,1,118,1069,32,34,43,47,26,16,22,33,49,46,59,61,74,76,93,79,93,106,50,25,5,279
2023,2023-01-01,43510,435104,熊本県,球磨郡相良村,village,43510,4075,110,140,172,178,118,101,130,148,209,222,198,271,330,351,464,286,272,216,116,34,9,647,1943,50,63,92,98,56,56,60,72,115,118,102,125,164,191,212,140,114,75,25,13,2,229,2132,60,77,80,80,62,45,70,76,94,104,96,146,166,160,252,146,158,141,91,21,7,418
2023,2023-01-01,43511,435112,熊本県,球磨郡五木村,village,43511,970,19,22,23,27,21,26,34,47,32,39,39,73,85,78,110,94,79,73,37,7,5,201,468,10,11,11,12,12,15,19,27,15,24,22,36,52,42,55,48,23,26,7,0,1,57,502,9,11,12,15,9,11,15,20,17,15,17,37,33,36,55,46,56,47,30,7,4,144
2023,2023-01-01,43512,435121,熊本県,球磨郡山江村,village,43512,3269,108,167,203,190,92,81,102,164,197,187,175,166,258,263,312,179,163,159,76,25,2,425,1525,52,82,108,95,47,34,48,74,86,100,82,93,117,133,158,77,63,49,22,4,1,139,1744,56,85,95,95,45,47,54,90,111,87,93,73,141,130,154,102,100,110,54,21,1,286
2023,2023-01-01,43513,435139,熊本県,球磨郡球磨村,village,43513,2955,51,89,104,124,67,65,74,109,117,154,112,198,261,303,352,201,216,211,104,41,2,574,1416,21,39,60,70,28,27,38,57,62,81,65,110,136,157,181,97,75,72,32,8,0,187,1539,30,50,44,54,39,38,36,52,55,73,47,88,125,146,171,104,141,139,72,33,2,387
2023,2023-01-01,43514,435147,熊本県,球磨郡あさぎり町,town,43514,14353,423,612,760,668,416,381,458,665,781,836,833,836,1046,1205,1403,910,838,682,433,142,25,2120,6766,207,307,375,334,243,183,239,344,397,431,407,402,492,582,677,437,328,240,118,22,1,709,7587,216,305,385,334,173,198,219,321,384,405,426,434,554,623,726,473,510,442,315,120,24,1411
2023,2023-01-01,43520,435201,熊本県,天草郡,gun_agg,,6501,149,231,270,273,188,144,149,225,321,385,360,424,513,642,659,426,430,401,218,85,8,1142,3102,79,114,134,144,110,87,80,97,176,205,193,208,252,317,338,193,177,131,51,16,0,375,3399,70,117,136,129,78,57,69,128,145,180,167,216,261,325,321,233,253,270,167,69,8,767
2023,2023-01-01,43531,435317,熊本県,天草郡苓北町,town,43531,6501,149,231,270,273,188,144,149,225,321,385,360,424,513,642,659,426,430,401,218,85,8,1142,3102,79,114,134,144,110,87,80,97,176,205,193,208,252,317,338,193,177,131,51,16,0,375,3399,70,117,136,129,78,57,69,128,145,180,167,216,261,325,321,233,253,270,167,69,8,767
2023,2023-01-01,44000,440001,大分県,,pref,,1108239,37434,45463,49555,49475,46607,44357,47877,58725,66365,77293,73465,65887,70584,78069,95572,69516,56207,43237,23806,7601,1144,131995,528335,19015,23361,25363,25422,24335,23056,24496,29937,33642,38964,36327,31684,33927,37523,44796,30738,22619,14900,6680,1433,117,45749,579904,18419,22102,24192,24053,22272,21301,23381,28788,32723,38329,37138,34203,36657,40546,50776,38778,33588,28337,17126,6168,1027,86246
2023,2023-01-01,44201,442011,大分県,大分市,city,44201,472752,18556,21516,22762,22410,22269,22228,23515,28032,31316,36418,33613,28190,28271,30169,35791,25677,19286,13254,6916,2208,355,42019,226954,9417,11033,11551,11557,11542,11391,11810,14021,15720,18239,16404,13382,13391,14171,16557,11446,8150,4705,2000,436,31,15322,245798,9139,10483,11211,10853,10727,10837,11705,14011,15596,18179,17209,14808,14880,15998,19234,14231,11136,8549,4916,1772,324,26697
2023,2023-01-01,44202,442020,大分県,別府市,city,44202,109289,3358,3981,4435,4788,5053,4205,4486,5340,6116,7543,7573,6746,6862,7104,9533,7861,6255,4764,2457,727,102,14305,50127,1704,2041,2266,2473,2590,2092,2195,2637,2962,3679,3600,3176,3216,3323,4177,3259,2351,1570,694,112,10,4737,59162,1654,1940,2169,2315,2463,2113,2291,2703,3154,3864,3973,3570,3646,3781,5356,4602,3904,3194,1763,615,92,9568
2023,2023-01-01,44203,442038,大分県,中津市,city,44203,80953,3029,3721,3958,3744,3425,3318,3846,4927,4965,5551,5333,4744,5084,5464,6491,4693,3806,2863,1489,440,62,8660,39224,1497,1914,2060,1848,1855,1787,2125,2620,2630,2870,2713,2292,2450,2644,3014,2060,1484,911,374,70,6,2845,41729,1532,1807,1898,1896,1570,1531,1721,2307,2335,2681,2620,2452,2634,2820,3477,2633,2322,1952,1115,370,56,5815
2023,2023-01-01,44204,442046,大分県,日田市,city,44204,61604,1973,2438,2870,2814,2180,2079,2420,2823,3459,4012,3848,3932,4388,4788,5678,3856,3333,2650,1502,481,80,8046,29324,1023,1244,1486,1423,1126,1106,1222,1449,1755,1997,1906,1944,2173,2325,2714,1707,1298,913,417,89,7,2724,32280,950,1194,1384,1391,1054,973,1198,1374,1704,2015,1942,1988,2215,2463,2964,2149,2035,1737,1085,392,73,5322
2023,2023-01-01,44205,442054,大分県,佐伯市,city,44205,66536,1685,2262,2608,2674,2156,1967,2214,2992,3574,4158,4060,3993,4506,5523,6725,5045,4341,3444,1891,626,92,10394,31002,823,1190,1335,1312,1134,1035,1189,1555,1814,2107,1995,1911,2119,2684,3122,2176,1706,1155,519,113,8,3501,35534,862,1072,1273,1362,1022,932,1025,1437,1760,2051,2065,2082,2387,2839,3603,2869,2635,2289,1372,513,84,6893
2023,2023-01-01,44206,442062,大分県,臼杵市,city,44206,35936,829,1202,1454,1441,1315,1042,1139,1597,1833,2291,2203,2067,2483,2890,3707,2869,2306,1872,1054,308,34,5574,17111,425,645,740,757,706,545,599,841,962,1172,1112,1025,1182,1400,1792,1257,928,659,295,64,5,1951,18825,404,557,714,684,609,497,540,756,871,1119,1091,1042,1301,1490,1915,1612,1378,1213,759,244,29,3623
2023,2023-01-01,44207,442071,大分県,津久見市,city,44207,15823,307,429,533,585,500,439,431,613,717,1013,928,904,1139,1381,1824,1385,1100,881,523,168,23,2695,7436,154,210,284,309,255,235,217,327,363,514,478,441,528,691,889,627,449,305,134,23,3,914,8387,153,219,249,276,245,204,214,286,354,499,450,463,611,690,935,758,651,576,389,145,20,1781
2023,2023-01-01,44208,442089,大分県,竹田市,city,44208,19640,393,590,672,716,542,488,492,816,855,988,922,1053,1445,1802,2244,1529,1447,1388,899,305,54,4093,9285,217,303,347,379,270,275,274,422,440,536,474,511,713,916,1138,688,548,507,251,72,4,1382,10355,176,287,325,337,272,213,218,394,415,452,448,542,732,886,1106,841,899,881,648,233,50,2711
2023,2023-01-01,44209,442097,大分県,豊後高田市,city,44209,21452,745,864,849,842,717,754,808,1050,1145,1319,1296,1201,1468,1620,2120,1388,1322,1098,617,202,27,3266,10383,399,455,463,444,370,403,429,530,616,712,675,617,734,779,1041,608,500,375,186,47,0,1108,11069,346,409,386,398,347,351,379,520,529,607,621,584,734,841,1079,780,822,723,431,155,27,2158
2023,2023-01-01,44210,442101,大分県,杵築市,city,44210,27095,683,957,1159,1123,1006,936,1010,1315,1594,1703,1708,1637,1790,2125,2574,1826,1545,1286,781,292,45,3949,13183,353,495,621,576,522,511,580,683,852,881,884,798,903,1065,1276,847,626,439,211,54,6,1336,13912,330,462,538,547,484,425,430,632,742,822,824,839,887,1060,1298,979,919,847,570,238,39,2613
2023,2023-01-01,44211,442119,大分県,宇佐市,city,44211,52515,1562,2060,2312,2338,1900,1789,1992,2492,2942,3367,3352,3135,3487,4102,4972,3511,2968,2368,1370,438,58,7202,25000,818,1037,1178,1202,1029,915,1028,1313,1483,1718,1696,1580,1681,2005,2375,1577,1174,773,331,81,6,2365,27515,744,1023,1134,1136,871,874,964,1179,1459,1649,1656,1555,1806,2097,2597,1934,1794,1595,1039,357,52,4837
2023,2023-01-01,44212,442127,大分県,豊後大野市,city,44212,33102,757,1055,1251,1333,1068,953,1013,1362,1652,1835,1843,1752,2298,2715,3523,2421,2228,2133,1356,477,77,6271,15521,392,531,639,681,543,506,502,704,866,939,932,829,1155,1298,1742,1097,894,754,413,97,7,2165,17581,365,524,612,652,525,447,511,658,786,896,911,923,1143,1417,1781,1324,1334,1379,943,380,70,4106
2023,2023-01-01,44213,442135,大分県,由布市,city,44213,33103,1263,1504,1489,1400,1550,1353,1467,1728,2026,2155,1955,1841,1992,2318,2900,2059,1650,1414,752,256,31,4103,15890,652,786,758,738,781,716,727,902,1008,1082,989,886,1002,1129,1385,935,627,494,234,51,8,1414,17213,611,718,731,662,769,637,740,826,1018,1073,966,955,990,1189,1515,1124,1023,920,518,205,23,2689
2023,2023-01-01,44214,442143,大分県,国東市,city,44214,25828,563,764,919,923,960,874,833,1007,1194,1538,1535,1547,1915,2139,2610,1981,1743,1527,925,286,45,4526,12533,281,394,466,496,560,522,454,564,632,798,773,758,977,1138,1241,908,712,523,265,62,9,1571,13295,282,370,453,427,400,352,379,443,562,740,762,789,938,1001,1369,1073,1031,1004,660,224,36,2955
2023,2023-01-01,44320,443204,大分県,東国東郡,gun_agg,,1810,28,39,52,49,29,35,41,56,83,76,87,104,152,225,242,173,131,113,67,24,4,339,866,10,27,26,33,18,20,25,31,47,40,44,44,82,106,116,88,49,42,15,3,0,109,944,18,12,26,16,11,15,16,25,36,36,43,60,70,119,126,85,82,71,52,21,4,230
2023,2023-01-01,44322,443221,大分県,東国東郡姫島村,village,44322,1810,28,39,52,49,29,35,41,56,83,76,87,104,152,225,242,173,131,113,67,24,4,339,866,10,27,26,33,18,20,25,31,47,40,44,44,82,106,116,88,49,42,15,3,0,109,944,18,12,26,16,11,15,16,25,36,36,43,60,70,119,126,85,82,71,52,21,4,230
2023,2023-01-01,44340,443409,大分県,速見郡,gun_agg,,27934,1097,1267,1305,1393,1121,1103,1389,1613,1712,2021,1905,1694,1689,1845,2210,1667,1282,922,510,166,23,2903,13441,548,654,647,729,551,533,684,846,878,982,982,816,812,910,1042,764,549,340,147,24,3,1063,14493,549,613,658,664,570,570,705,767,834,1039,923,878,877,935,1168,903,733,582,363,142,20,1840
2023,2023-01-01,44341,443417,大分県,速見郡日出町,town,44341,27934,1097,1267,1305,1393,1121,1103,1389,1613,1712,2021,1905,1694,1689,1845,2210,1667,1282,922,510,166,23,2903,13441,548,654,647,729,551,533,684,846,878,982,982,816,812,910,1042,764,549,340,147,24,3,1063,14493,549,613,658,664,570,570,705,767,834,1039,923,878,877,935,1168,903,733,582,363,142,20,1840
2023,2023-01-01,44460,444600,大分県,玖珠郡,gun_agg,,22867,606,814,927,902,816,794,781,962,1182,1305,1304,1347,1615,1859,2428,1575,1464,1260,697,197,32,3650,11055,302,402,496,465,483,464,436,492,614,698,670,674,809,939,1175,694,574,435,194,35,4,1242,11812,304,412,431,437,333,330,345,470,568,607,634,673,806,920,1253,881,890,825,503,162,28,2408
2023,2023-01-01,44461,444618,大分県,玖珠郡九重町,town,44461,8582,191,310,345,305,244,237,285,323,424,468,446,507,641,727,987,618,599,535,296,84,10,1524,4121,99,149,178,161,126,132,152,164,219,248,232,261,320,378,502,275,230,192,87,14,2,525,4461,92,161,167,144,118,105,133,159,205,220,214,246,321,349,485,343,369,343,209,70,8,999
2023,2023-01-01,44462,444626,大分県,玖珠郡玖珠町,town,44462,14285,415,504,582,597,572,557,496,639,758,837,858,840,974,1132,1441,957,865,725,401,113,22,2126,6934,203,253,318,304,357,332,284,328,395,450,438,413,489,561,673,419,344,243,107,21,2,717,7351,212,251,264,293,215,225,212,311,363,387,420,427,485,571,768,538,521,482,294,92,20,1409
2023,2023-01-01,45000,450006,宮崎県,,pref,,1060679,39162,47036,51354,49328,41978,40684,45435,56444,64118,72106,66895,63195,70366,78303,90638,61543,51384,40707,21794,7025,1184,122094,503311,19996,24003,26161,25219,21536,20891,22644,27906,31931,35957,32657,30292,33779,37550,42687,27500,20775,14361,6037,1295,134,42602,557368,19166,23033,25193,24109,20442,19793,22791,28538,32187,36149,34238,32903,36587,40753,47951,34043,30609,26346,15757,5730,1050,79492
2023,2023-01-01,45201,452017,宮崎県,宮崎市,city,45201,396942,15678,18478,19715,19196,17855,17114,18763,22606,25818,29976,27590,24421,24859,25983,30464,21283,16480,12058,6213,2045,347,37143,187297,7941,9394,9996,9740,8902,8516,9111,10952,12589,14705,13238,11534,11847,12192,13944,9438,6815,4284,1721,397,41,13258,209645,7737,9084,9719,9456,8953,8598,9652,11654,13229,15271,14352,12887,13012,13791,16520,11845,9665,7774,4492,1648,306,23885
2023,2023-01-01,45202,452025,宮崎県,都城市,city,45202,159791,6447,7408,8031,7689,6345,6304,7230,8882,9842,10517,9629,9042,10779,11904,13135,8697,7464,5986,3290,1006,164,17910,75756,3275,3780,4116,3935,3228,3256,3553,4393,4916,5275,4689,4318,5178,5680,6221,3891,2979,2037,866,159,11,6052,84035,3172,3628,3915,3754,3117,3048,3677,4489,4926,5242,4940,4724,5601,6224,6914,4806,4485,3949,2424,847,153,11858
2023,2023-01-01,45203,452033,宮崎県,延岡市,city,45203,117062,4073,4855,5335,5298,4706,4499,4814,5849,6556,7743,7406,7063,7749,8719,10676,7135,6081,4938,2675,759,133,14586,55623,2065,2502,2769,2754,2531,2449,2526,2927,3305,3890,3646,3434,3699,4127,4952,3148,2332,1714,719,121,13,4899,61439,2008,2353,2566,2544,2175,2050,2288,2922,3251,3853,3760,3629,4050,4592,5724,3987,3749,3224,1956,638,120,9687
2023,2023-01-01,45204,452041,宮崎県,日南市,city,45204,49577,1522,1919,2144,2107,1412,1555,1834,2488,2677,2881,2865,2941,3612,4177,4719,3415,3009,2493,1311,433,63,7309,23471,788,990,1079,1096,714,806,909,1237,1376,1456,1458,1430,1770,2096,2209,1537,1218,849,364,81,8,2520,26106,734,929,1065,1011,698,749,925,1251,1301,1425,1407,1511,1842,2081,2510,1878,1791,1644,947,352,55,4789
2023,2023-01-01,45205,452050,宮崎県,小林市,city,45205,42995,1457,1783,1962,1888,1377,1397,1663,2140,2460,2626,2344,2561,3006,3467,4026,2679,2453,2104,1105,411,86,6159,20244,766,895,1018,950,722,704,851,1098,1223,1304,1177,1225,1406,1626,1965,1195,976,736,321,75,11,2119,22751,691,888,944,938,655,693,812,1042,1237,1322,1167,1336,1600,1841,2061,1484,1477,1368,784,336,75,4040
2023,2023-01-01,45206,452068,宮崎県,日向市,city,45206,58984,2131,2600,2933,2737,2215,2318,2411,3002,3638,4215,3658,3573,3890,4456,5127,3541,2826,2139,1137,377,60,6539,28307,1119,1311,1532,1355,1185,1230,1255,1518,1819,2137,1796,1746,1835,2191,2380,1567,1170,764,318,72,7,2331,30677,1012,1289,1401,1382,1030,1088,1156,1484,1819,2078,1862,1827,2055,2265,2747,1974,1656,1375,819,305,53,4208
2023,2023-01-01,45207,452076,宮崎県,串間市,city,45207,16893,489,685,740,662,440,441,549,770,878,844,801,895,1297,1688,1706,1099,1030,1084,586,178,31,2909,8007,247,340,382,352,233,227,294,380,450,458,418,437,620,859,883,501,379,354,154,31,8,926,8886,242,345,358,310,207,214,255,390,428,386,383,458,677,829,823,598,651,730,432,147,23,1983
2023,2023-01-01,45208,452084,宮崎県,西都市,city,45208,28690,905,1078,1308,1268,1065,924,1042,1411,1552,1711,1768,1669,2012,2378,2761,1858,1617,1363,715,247,38,3980,13665,454,567,682,641,590,463,497,739,782,861,864,823,977,1176,1322,819,641,502,208,50,7,1408,15025,451,511,626,627,475,461,545,672,770,850,904,846,1035,1202,1439,1039,976,861,507,197,31,2572
2023,2023-01-01,45209,452092,宮崎県,えびの市,city,45209,17679,427,616,746,741,506,461,500,769,864,934,895,1040,1306,1664,1879,1228,1196,1041,625,202,39,3103,8373,202,310,369,395,282,262,262,401,430,491,454,498,633,808,971,556,476,356,177,37,3,1049,9306,225,306,377,346,224,199,238,368,434,443,441,542,673,856,908,672,720,685,448,165,36,2054
2023,2023-01-01,45340,453404,宮崎県,北諸県郡,gun_agg,,25818,1279,1583,1624,1297,919,936,1209,1571,1815,1685,1510,1450,1681,1847,1874,1252,1020,768,360,115,23,2286,12250,682,842,783,678,434,436,591,751,907,807,736,680,781,857,901,571,430,270,89,21,3,813,13568,597,741,841,619,485,500,618,820,908,878,774,770,900,990,973,681,590,498,271,94,20,1473
2023,2023-01-01,45341,453412,宮崎県,北諸県郡三股町,town,45341,25818,1279,1583,1624,1297,919,936,1209,1571,1815,1685,1510,1450,1681,1847,1874,1252,1020,768,360,115,23,2286,12250,682,842,783,678,434,436,591,751,907,807,736,680,781,857,901,571,430,270,89,21,3,813,13568,597,741,841,619,485,500,618,820,908,878,774,770,900,990,973,681,590,498,271,94,20,1473
2023,2023-01-01,45360,453609,宮崎県,西諸県郡,gun_agg,,8804,244,335,364,343,244,254,271,374,457,453,462,595,690,829,916,527,535,524,287,92,8,1446,4226,137,177,183,188,131,131,126,186,240,238,229,293,336,420,487,222,202,189,92,18,1,502,4578,107,158,181,155,113,123,145,188,217,215,233,302,354,409,429,305,333,335,195,74,7,944
2023,2023-01-01,45361,453617,宮崎県,西諸県郡高原町,town,45361,8804,244,335,364,343,244,254,271,374,457,453,462,595,690,829,916,527,535,524,287,92,8,1446,4226,137,177,183,188,131,131,126,186,240,238,229,293,336,420,487,222,202,189,92,18,1,502,4578,107,158,181,155,113,123,145,188,217,215,233,302,354,409,429,305,333,335,195,74,7,944
2023,2023-01-01,45380,453803,宮崎県,東諸県郡,gun_agg,,25565,852,1038,1156,1099,800,757,938,1277,1429,1638,1459,1520,1870,2168,2504,1677,1405,1153,594,200,31,3383,12083,433,535,564,552,395,384,461,645,719,833,698,721,915,1066,1174,769,587,432,164,33,3,1219,13482,419,503,592,547,405,373,477,632,710,805,761,799,955,1102,1330,908,818,721,430,167,28,2164
2023,2023-01-01,45382,453820,宮崎県,東諸県郡国富町,town,45382,18541,600,733,789,800,593,561,709,933,1012,1169,1070,1110,1393,1615,1820,1202,1007,828,433,144,20,2432,8751,300,374,387,398,303,295,349,468,517,587,508,518,681,797,865,545,407,311,115,24,2,859,9790,300,359,402,402,290,266,360,465,495,582,562,592,712,818,955,657,600,517,318,120,18,1573
2023,2023-01-01,45383,453838,宮崎県,東諸県郡綾町,town,45383,7024,252,305,367,299,207,196,229,344,417,469,389,410,477,553,684,475,398,325,161,56,11,951,3332,133,161,177,154,92,89,112,177,202,246,190,203,234,269,309,224,180,121,49,9,1,360,3692,119,144,190,145,115,107,117,167,215,223,199,207,243,284,375,251,218,204,112,47,10,591
2023,2023-01-01,45400,454001,宮崎県,児湯郡,gun_agg,,67344,2314,2977,3319,3155,2750,2444,2695,3384,3875,4472,4038,3754,4345,5114,6291,4226,3521,2667,1437,488,78,8191,32396,1187,1497,1671,1629,1483,1328,1391,1689,1993,2253,2021,1757,2138,2477,2977,1912,1489,995,399,105,5,2993,34948,1127,1480,1648,1526,1267,1116,1304,1695,1882,2219,2017,1997,2207,2637,3314,2314,2032,1672,1038,383,73,5198
2023,2023-01-01,45401,454010,宮崎県,児湯郡高鍋町,town,45401,19660,706,815,981,929,830,766,798,1013,1201,1387,1246,1090,1212,1416,1797,1250,977,737,372,122,15,2223,9354,380,404,509,455,437,396,416,497,609,694,607,506,574,677,824,570,402,273,100,23,1,799,10306,326,411,472,474,393,370,382,516,592,693,639,584,638,739,973,680,575,464,272,99,14,1424
2023,2023-01-01,45402,454028,宮崎県,児湯郡新富町,town,45402,16730,569,779,822,825,866,709,721,842,920,1143,1045,1002,1115,1164,1414,986,808,579,320,87,14,1808,8240,285,393,417,457,504,407,368,445,464,597,499,455,564,583,660,447,351,228,99,16,1,695,8490,284,386,405,368,362,302,353,397,456,546,546,547,551,581,754,539,457,351,221,71,13,1113
2023,2023-01-01,45403,454036,宮崎県,児湯郡西米良村,village,45403,1072,38,52,54,40,33,30,33,57,61,60,61,57,53,72,100,73,81,69,27,18,3,198,551,17,29,35,27,22,18,16,31,35,33,37,33,29,34,54,30,33,23,12,3,0,71,521,21,23,19,13,11,12,17,26,26,27,24,24,24,38,46,43,48,46,15,15,3,127
2023,2023-01-01,45404,454044,宮崎県,児湯郡木城町,town,45404,4901,161,278,281,211,131,143,181,256,297,317,262,240,301,396,459,286,288,228,127,52,6,701,2286,75,135,124,115,64,75,91,112,154,165,139,104,139,189,228,137,111,87,29,13,0,240,2615,86,143,157,96,67,68,90,144,143,152,123,136,162,207,231,149,177,141,98,39,6,461
2023,2023-01-01,45405,454052,宮崎県,児湯郡川南町,town,45405,14813,478,589,752,733,527,466,570,737,839,934,881,817,1038,1180,1501,938,790,573,332,119,19,1833,7113,252,313,387,360,264,241,293,366,428,453,458,392,523,564,723,427,340,204,96,28,1,669,7700,226,276,365,373,263,225,277,371,411,481,423,425,515,616,778,511,450,369,236,91,18,1164
2023,2023-01-01,45406,454061,宮崎県,児湯郡都農町,town,45406,10168,362,464,429,417,363,330,392,479,557,631,543,548,626,886,1020,693,577,481,259,90,21,1428,4852,178,223,199,215,192,191,207,238,303,311,281,267,309,430,488,301,252,180,63,22,2,519,5316,184,241,230,202,171,139,185,241,254,320,262,281,317,456,532,392,325,301,196,68,19,909
2023,2023-01-01,45420,454206,宮崎県,東臼杵郡,gun_agg,,26184,843,1036,1180,1052,904,855,942,1136,1398,1484,1589,1612,1826,2134,2591,1726,1563,1271,760,240,42,3876,12729,440,528,597,554,476,466,509,586,740,764,801,839,910,1055,1274,800,625,483,225,53,4,1390,13455,403,508,583,498,428,389,433,550,658,720,788,773,916,1079,1317,926,938,788,535,187,38,2486
2023,2023-01-01,45421,454214,宮崎県,東臼杵郡門川町,town,45421,17287,607,762,879,778,698,659,703,813,986,1108,1117,1109,1103,1318,1573,1076,908,621,333,116,20,1998,8301,310,377,442,411,365,353,376,404,515,564,544,557,527,629,741,495,361,220,88,18,4,691,8986,297,385,437,367,333,306,327,409,471,544,573,552,576,689,832,581,547,401,245,98,16,1307
2023,2023-01-01,45429,454290,宮崎県,東臼杵郡諸塚村,village,45429,1497,45,46,49,52,35,32,45,53,79,65,83,99,121,127,154,102,116,110,63,18,3,310,748,28,26,24,29,20,22,24,25,42,34,50,48,62,63,86,50,43,48,21,3,0,115,749,17,20,25,23,15,10,21,28,37,31,33,51,59,64,68,52,73,62,42,15,3,195
2023,2023-01-01,45430,454303,宮崎県,東臼杵郡椎葉村,village,45430,2579,82,101,91,92,53,48,76,115,136,114,143,149,215,244,263,154,171,189,109,32,2,503,1319,44,54,49,39,26,27,46,64,78,66,73,91,122,133,145,70,69,79,32,12,0,192,1260,38,47,42,53,27,21,30,51,58,48,70,58,93,111,118,84,102,110,77,20,2,311
2023,2023-01-01,45431,454311,宮崎県,東臼杵郡美郷町,town,45431,4821,109,127,161,130,118,116,118,155,197,197,246,255,387,445,601,394,368,351,255,74,17,1065,2361,58,71,82,75,65,64,63,93,105,100,134,143,199,230,302,185,152,136,84,20,0,392,2460,51,56,79,55,53,52,55,62,92,97,112,112,188,215,299,209,216,215,171,54,17,673
2023,2023-01-01,45440,454401,宮崎県,西臼杵郡,gun_agg,,18351,501,645,797,796,440,425,574,785,859,927,881,1059,1444,1775,1969,1200,1184,1118,699,232,41,3274,8884,260,335,420,400,230,233,308,404,442,485,432,557,734,920,1027,574,456,396,220,42,9,1123,9467,241,310,377,396,210,192,266,381,417,442,449,502,710,855,942,626,728,722,479,190,32,2151
2023,2023-01-01,45441,454419,宮崎県,西臼杵郡高千穂町,town,45441,11272,328,428,467,436,267,273,362,525,560,609,541,628,880,1097,1223,727,690,671,411,129,20,1921,5440,181,220,251,217,133,138,192,274,283,316,260,325,455,558,628,355,254,238,136,22,4,654,5832,147,208,216,219,134,135,170,251,277,293,281,303,425,539,595,372,436,433,275,107,16,1267
2023,2023-01-01,45442,454427,宮崎県,西臼杵郡日之影町,town,45442,3587,87,97,137,133,89,75,114,145,152,150,172,241,295,356,381,263,251,235,148,58,8,700,1719,38,50,66,63,51,45,63,70,80,87,89,132,147,186,211,117,96,71,46,10,1,224,1868,49,47,71,70,38,30,51,75,72,63,83,109,148,170,170,146,155,164,102,48,7,476
2023,2023-01-01,45443,454435,宮崎県,西臼杵郡五ヶ瀬町,town,45443,3492,86,120,193,227,84,77,98,115,147,168,168,190,269,322,365,210,243,212,140,45,13,653,1725,41,65,103,120,46,50,53,60,79,82,83,100,132,176,188,102,106,87,38,10,4,245,1767,45,55,90,107,38,27,45,55,68,86,85,90,137,146,177,108,137,125,102,35,9,408
2023,2023-01-01,46000,460001,鹿児島県,,pref,,1577975,59052,71074,76571,72896,59772,59840,69105,86291,95189,102010,96955,97222,108107,122222,131176,86600,74920,60884,34709,11424,1956,183893,748033,30044,36447,39340,37287,29957,29751,33494,42302,46519,50429,47032,46698,52559,59754,63985,39128,30322,21350,9333,2100,202,63307,829942,29008,34627,37231,35609,29815,30089,35611,43989,48670,51581,49923,50524,55548,62468,67191,47472,44598,39534,25376,9324,1754,120586
2023,2023-01-01,46201,462012,鹿児島県,鹿児島市,city,46201,594149,23694,27310,29565,29062,27362,26729,29221,35294,39031,43049,39803,36738,37850,40677,44162,29798,23840,17707,9528,3207,522,54804,276729,12064,14047,15257,14614,13059,12528,13561,16862,18485,20641,18741,16960,17706,19301,20670,13292,9666,6111,2503,606,55,18941,317420,11630,13263,14308,14448,14303,14201,15660,18432,20546,22408,21062,19778,20144,21376,23492,16506,14174,11596,7025,2601,467,35863
2023,2023-01-01,46203,462039,鹿児島県,鹿屋市,city,46203,99879,4421,5208,5348,4780,3760,3948,4877,5897,6222,6358,5825,5924,6809,7226,7590,4852,4391,3822,1986,555,80,10834,47923,2304,2629,2685,2453,1979,2051,2399,2895,3135,3149,2825,2799,3323,3539,3732,2194,1708,1418,594,104,8,3832,51956,2117,2579,2663,2327,1781,1897,2478,3002,3087,3209,3000,3125,3486,3687,3858,2658,2683,2404,1392,451,72,7002
2023,2023-01-01,46204,462047,鹿児島県,枕崎市,city,46204,19279,468,668,774,784,543,478,576,821,931,1070,1154,1317,1415,1818,2133,1384,1258,984,521,149,33,2945,9003,248,342,375,432,273,247,311,412,469,515,556,656,644,881,1052,601,488,345,132,20,4,989,10276,220,326,399,352,270,231,265,409,462,555,598,661,771,937,1081,783,770,639,389,129,29,1956
2023,2023-01-01,46206,462063,鹿児島県,阿久根市,city,46206,18764,484,681,720,711,505,548,632,725,882,981,1116,1282,1432,1654,1799,1323,1291,1117,667,189,25,3289,8922,254,360,369,372,257,303,329,371,436,481,567,644,718,853,879,615,514,385,187,27,1,1114,9842,230,321,351,339,248,245,303,354,446,500,549,638,714,801,920,708,777,732,480,162,24,2175
2023,2023-01-01,46208,462080,鹿児島県,出水市,city,46208,51307,1881,2348,2519,2488,1736,1736,2188,2749,3069,3293,3168,3142,3295,3995,4449,3062,2571,2052,1144,372,50,6189,24404,934,1178,1322,1277,884,873,1125,1376,1545,1645,1556,1537,1587,1832,2171,1399,1052,705,327,75,4,2163,26903,947,1170,1197,1211,852,863,1063,1373,1524,1648,1612,1605,1708,2163,2278,1663,1519,1347,817,297,46,4026
2023,2023-01-01,46210,462101,鹿児島県,指宿市,city,46210,37971,1136,1506,1621,1538,1097,1062,1335,1891,2079,2126,2009,2131,2761,3549,3891,2611,2277,1819,1124,360,48,5628,17795,584,758,863,769,518,542,659,932,1039,1061,953,1019,1333,1751,1894,1134,985,632,289,69,11,1986,20176,552,748,758,769,579,520,676,959,1040,1065,1056,1112,1428,1798,1997,1477,1292,1187,835,291,37,3642
2023,2023-01-01,46213,462136,鹿児島県,西之表市,city,46213,14341,451,624,627,513,354,431,487,658,775,870,865,970,1070,1293,1329,915,869,760,354,105,21,2109,6858,214,334,303,251,184,244,237,339,380,455,461,505,532,635,667,408,327,264,97,19,2,709,7483,237,290,324,262,170,187,250,319,395,415,404,465,538,658,662,507,542,496,257,86,19,1400
2023,2023-01-01,46214,462144,鹿児島県,垂水市,city,46214,13289,277,417,467,429,336,300,450,510,642,686,711,838,1098,1444,1450,979,864,742,468,155,26,2255,6338,135,211,242,218,190,157,244,250,337,365,372,413,536,726,741,447,351,252,119,30,2,754,6951,142,206,225,211,146,143,206,260,305,321,339,425,562,718,709,532,513,490,349,125,24,1501
2023,2023-01-01,46215,462152,鹿児島県,薩摩川内市,city,46215,91727,3668,4192,4525,4412,3696,3722,4224,4922,5433,5634,5320,5495,6136,6877,7525,4938,4306,3533,2282,723,164,11008,44577,1843,2169,2309,2309,2089,2042,2134,2507,2735,2923,2593,2696,3068,3399,3764,2284,1780,1205,576,133,19,3713,47150,1825,2023,2216,2103,1607,1680,2090,2415,2698,2711,2727,2799,3068,3478,3761,2654,2526,2328,1706,590,145,7295
2023,2023-01-01,46216,462161,鹿児島県,日置市,city,46216,46640,1661,2021,2288,2363,1588,1408,1792,2355,2643,2736,2720,2838,3416,3788,4290,2769,2347,1946,1210,406,55,5964,22119,814,1055,1198,1275,784,704,862,1168,1242,1328,1251,1377,1660,1892,2158,1298,973,665,332,78,5,2053,24521,847,966,1090,1088,804,704,930,1187,1401,1408,1469,1461,1756,1896,2132,1471,1374,1281,878,328,50,3911
2023,2023-01-01,46217,462179,鹿児島県,曽於市,city,46217,33138,928,1230,1361,1240,877,862,1082,1576,1670,1646,1695,2036,2654,3246,3320,2037,2232,1980,1105,319,42,5678,15649,465,628,687,623,456,438,551,787,858,829,872,994,1292,1633,1687,897,861,729,309,51,2,1952,17489,463,602,674,617,421,424,531,789,812,817,823,1042,1362,1613,1633,1140,1371,1251,796,268,40,3726
2023,2023-01-01,46218,462187,鹿児島県,霧島市,city,46218,123785,5166,5968,6364,6459,5667,5427,5967,7162,7811,8201,7889,8050,8282,8623,8994,5812,4854,3991,2266,701,131,11943,59870,2601,3058,3255,3500,2987,2796,2941,3550,3817,4073,3823,3930,4080,4240,4407,2686,1946,1427,616,127,10,4126,63915,2565,2910,3109,2959,2680,2631,3026,3612,3994,4128,4066,4120,4202,4383,4587,3126,2908,2564,1650,574,121,7817
2023,2023-01-01,46219,462195,鹿児島県,いちき串木野市,city,46219,26176,727,951,1208,1116,919,695,873,1189,1423,1615,1670,1686,1796,2186,2588,1805,1641,1186,633,222,47,3729,12362,388,468,607,572,467,337,444,603,722,791,840,816,838,1060,1308,798,693,410,172,25,3,1303,13814,339,483,601,544,452,358,429,586,701,824,830,870,958,1126,1280,1007,948,776,461,197,44,2426
2023,2023-01-01,46220,462209,鹿児島県,南さつま市,city,46220,32045,991,1255,1305,1703,936,910,1167,1437,1620,1594,1626,1911,2328,2957,3138,2081,1905,1676,1078,367,60,5086,14932,496,644,696,694,454,460,588,715,815,795,781,898,1169,1489,1621,940,757,590,248,72,10,1677,17113,495,611,609,1009,482,450,579,722,805,799,845,1013,1159,1468,1517,1141,1148,1086,830,295,50,3409
2023,2023-01-01,46221,462217,鹿児島県,志布志市,city,46221,29220,988,1387,1465,1215,886,953,1167,1537,1619,1590,1573,1840,2178,2511,2644,1675,1637,1431,678,217,29,3992,14044,481,710,761,600,482,488,575,742,822,828,782,906,1075,1242,1342,785,638,534,205,39,7,1423,15176,507,677,704,615,404,465,592,795,797,762,791,934,1103,1269,1302,890,999,897,473,178,22,2569
2023,2023-01-01,46222,462225,鹿児島県,奄美市,city,46222,41541,1550,1967,2003,1731,977,1383,1729,2418,2629,2779,2767,2699,3034,3534,3605,2208,1846,1473,852,290,67,4528,20023,815,1011,1031,898,530,727,865,1204,1289,1451,1397,1362,1530,1749,1720,942,738,496,213,50,5,1502,21518,735,956,972,833,447,656,864,1214,1340,1328,1370,1337,1504,1785,1885,1266,1108,977,639,240,62,3026
2023,2023-01-01,46223,462233,鹿児島県,南九州市,city,46223,32209,913,1227,1319,1243,844,843,1083,1556,1607,1773,1709,2021,2551,3079,3168,1968,1984,1781,1073,396,71,5305,15121,480,611,679,602,413,442,560,806,816,883,833,992,1269,1556,1606,857,779,620,255,56,6,1716,17088,433,616,640,641,431,401,523,750,791,890,876,1029,1282,1523,1562,1111,1205,1161,818,340,65,3589
2023,2023-01-01,46224,462241,鹿児島県,伊佐市,city,46224,23777,735,901,961,813,624,683,843,1081,1158,1352,1353,1410,1688,2102,2423,1641,1563,1328,778,287,53,4009,11155,367,478,519,410,329,376,438,511,595,688,680,696,810,1018,1188,721,617,440,215,53,6,1331,12622,368,423,442,403,295,307,405,570,563,664,673,714,878,1084,1235,920,946,888,563,234,47,2678
2023,2023-01-01,46225,462250,鹿児島県,姶良市,city,46225,77576,3280,3922,4117,3729,2906,3030,3599,4529,4915,5233,4636,4347,4872,5694,6215,4399,3385,2616,1492,549,111,8153,36467,1674,2027,2060,1909,1370,1454,1716,2193,2377,2565,2225,1998,2334,2670,2952,2016,1458,935,405,119,10,2927,41109,1606,1895,2057,1820,1536,1576,1883,2336,2538,2668,2411,2349,2538,3024,3263,2383,1927,1681,1087,430,101,5226
2023,2023-01-01,46300,463001,鹿児島県,鹿児島郡,gun_agg,,1009,38,62,115,21,37,24,39,57,55,70,59,58,71,71,70,41,46,44,22,7,2,121,518,24,28,66,11,16,13,18,32,23,31,30,38,40,50,38,17,15,19,7,2,0,43,491,14,34,49,10,21,11,21,25,32,39,29,20,31,21,32,24,31,25,15,5,2,78
2023,2023-01-01,46303,463035,鹿児島県,鹿児島郡三島村,village,46303,361,11,23,53,6,11,5,11,25,24,34,25,15,16,18,23,14,16,16,8,5,2,47,171,6,10,27,1,3,4,6,15,9,12,14,10,9,13,10,6,5,7,2,2,0,16,190,5,13,26,5,8,1,5,10,15,22,11,5,7,5,13,8,11,9,6,3,2,31
2023,2023-01-01,46304,463043,鹿児島県,鹿児島郡十島村,village,46304,648,27,39,62,15,26,19,28,32,31,36,34,43,55,53,47,27,30,28,14,2,0,74,347,18,18,39,10,13,9,12,17,14,19,16,28,31,37,28,11,10,12,5,0,0,27,301,9,21,23,5,13,10,16,15,17,17,18,15,24,16,19,16,20,16,9,2,0,47
2023,2023-01-01,46380,463809,鹿児島県,薩摩郡,gun_agg,,19109,478,674,843,757,532,499,629,840,964,991,1028,1221,1458,1705,1904,1234,1205,1146,700,266,35,3352,9034,253,336,431,388,302,277,312,409,497,509,538,602,718,857,941,564,464,420,176,36,4,1100,10075,225,338,412,369,230,222,317,431,467,482,490,619,740,848,963,670,741,726,524,230,31,2252
2023,2023-01-01,46392,463922,鹿児島県,薩摩郡さつま町,town,46392,19109,478,674,843,757,532,499,629,840,964,991,1028,1221,1458,1705,1904,1234,1205,1146,700,266,35,3352,9034,253,336,431,388,302,277,312,409,497,509,538,602,718,857,941,564,464,420,176,36,4,1100,10075,225,338,412,369,230,222,317,431,467,482,490,619,740,848,963,670,741,726,524,230,31,2252
2023,2023-01-01,46400,464007,鹿児島県,出水郡,gun_agg,,9728,406,472,464,391,255,281,369,497,543,500,491,589,734,891,892,580,524,512,244,78,15,1373,4757,211,247,239,204,123,147,198,246,283,272,256,318,375,458,448,265,221,174,60,10,2,467,4971,195,225,225,187,132,134,171,251,260,228,235,271,359,433,444,315,303,338,184,68,13,906
2023,2023-01-01,46404,464040,鹿児島県,出水郡長島町,town,46404,9728,406,472,464,391,255,281,369,497,543,500,491,589,734,891,892,580,524,512,244,78,15,1373,4757,211,247,239,204,123,147,198,246,283,272,256,318,375,458,448,265,221,174,60,10,2,467,4971,195,225,225,187,132,134,171,251,260,228,235,271,359,433,444,315,303,338,184,68,13,906
2023,2023-01-01,46440,464406,鹿児島県,姶良郡,gun_agg,,8607,234,291,330,302,199,239,260,352,401,446,460,501,669,830,948,594,595,526,310,106,14,1551,4067,108,168,168,152,106,128,126,185,211,216,239,251,338,406,470,278,239,177,88,13,0,517,4540,126,123,162,150,93,111,134,167,190,230,221,250,331,424,478,316,356,349,222,93,14,1034
2023,2023-01-01,46452,464520,鹿児島県,姶良郡湧水町,town,46452,8607,234,291,330,302,199,239,260,352,401,446,460,501,669,830,948,594,595,526,310,106,14,1551,4067,108,168,168,152,106,128,126,185,211,216,239,251,338,406,470,278,239,177,88,13,0,517,4540,126,123,162,150,93,111,134,167,190,230,221,250,331,424,478,316,356,349,222,93,14,1034
2023,2023-01-01,46460,464601,鹿児島県,曽於郡,gun_agg,,11945,351,465,512,475,303,299,397,561,611,620,620,757,947,1162,1205,829,751,631,325,97,27,1831,5769,198,230,258,254,160,170,198,292,322,325,302,373,488,574,596,367,319,225,96,19,3,662,6176,153,235,254,221,143,129,199,269,289,295,318,384,459,588,609,462,432,406,229,78,24,1169
2023,2023-01-01,46468,464686,鹿児島県,曽於郡大崎町,town,46468,11945,351,465,512,475,303,299,397,561,611,620,620,757,947,1162,1205,829,751,631,325,97,27,1831,5769,198,230,258,254,160,170,198,292,322,325,302,373,488,574,596,367,319,225,96,19,3,662,6176,153,235,254,221,143,129,199,269,289,295,318,384,459,588,609,462,432,406,229,78,24,1169
2023,2023-01-01,46480,464805,鹿児島県,肝属郡,gun_agg,,33382,889,1200,1490,1370,816,848,987,1291,1520,1646,1794,2089,2634,3139,3353,2189,2213,2191,1282,377,64,6127,16238,447,623,804,774,423,442,519,672,789,873,929,1041,1386,1640,1732,1001,887,784,387,78,7,2143,17144,442,577,686,596,393,406,468,619,731,773,865,1048,1248,1499,1621,1188,1326,1407,895,299,57,3984
2023,2023-01-01,46482,464821,鹿児島県,肝属郡東串良町,town,46482,6339,233,307,339,296,184,160,218,334,375,308,337,358,477,530,543,376,368,328,196,63,9,964,3042,115,168,180,163,86,83,107,176,196,152,177,167,239,259,278,174,147,109,56,10,0,322,3297,118,139,159,133,98,77,111,158,179,156,160,191,238,271,265,202,221,219,140,53,9,642
2023,2023-01-01,46490,464902,鹿児島県,肝属郡錦江町,town,46490,6557,141,195,271,211,147,155,195,207,263,314,347,464,534,652,717,423,447,499,283,84,8,1321,3161,71,98,124,103,87,78,100,120,135,161,188,237,276,349,382,193,181,178,83,17,0,459,3396,70,97,147,108,60,77,95,87,128,153,159,227,258,303,335,230,266,321,200,67,8,862
2023,2023-01-01,46491,464911,鹿児島県,肝属郡南大隅町,town,46491,6330,139,161,240,203,99,136,146,202,244,253,337,407,558,667,679,443,519,478,313,88,18,1416,3050,74,77,132,103,46,78,78,105,131,127,181,211,305,365,349,200,206,173,86,21,2,488,3280,65,84,108,100,53,58,68,97,113,126,156,196,253,302,330,243,313,305,227,67,16,928
2023,2023-01-01,46492,464929,鹿児島県,肝属郡肝付町,town,46492,14156,376,537,640,660,386,397,428,548,638,771,773,860,1065,1290,1414,947,879,886,490,142,29,2426,6985,187,280,368,405,204,203,234,271,327,433,383,426,566,667,723,434,353,324,162,30,5,874,7171,189,257,272,255,182,194,194,277,311,338,390,434,499,623,691,513,526,562,328,112,24,1552
2023,2023-01-01,46500,465003,鹿児島県,熊毛郡,gun_agg,,24420,806,1088,1150,856,590,678,779,1194,1377,1538,1460,1574,1892,2220,2313,1428,1442,1187,635,181,32,3477,11981,404,565,582,444,318,385,406,617,661,832,757,838,1011,1133,1196,656,540,432,170,31,3,1176,12439,402,523,568,412,272,293,373,577,716,706,703,736,881,1087,1117,772,902,755,465,150,29,2301
2023,2023-01-01,46501,465011,鹿児島県,熊毛郡中種子町,town,46501,7463,275,308,319,264,193,206,212,366,376,410,423,519,580,663,640,439,516,442,240,59,13,1270,3561,138,168,156,133,104,108,118,186,189,228,216,269,305,320,325,175,183,165,66,9,0,423,3902,137,140,163,131,89,98,94,180,187,182,207,250,275,343,315,264,333,277,174,50,13,847
2023,2023-01-01,46502,465020,鹿児島県,熊毛郡南種子町,town,46502,5348,177,243,276,167,135,149,164,242,318,322,275,349,502,501,465,270,310,284,147,44,8,793,2682,88,130,155,88,83,94,88,130,154,176,150,174,290,257,247,124,91,111,41,9,2,254,2666,89,113,121,79,52,55,76,112,164,146,125,175,212,244,218,146,219,173,106,35,6,539
2023,2023-01-01,46505,465054,鹿児島県,熊毛郡屋久島町,town,46505,11609,354,537,555,425,262,323,403,586,683,806,762,706,810,1056,1208,719,616,461,248,78,11,1414,5738,178,267,271,223,131,183,200,301,318,428,391,395,416,556,624,357,266,156,63,13,1,499,5871,176,270,284,202,131,140,203,285,365,378,371,311,394,500,584,362,350,305,185,65,10,915
2023,2023-01-01,46520,465208,鹿児島県,大島郡,gun_agg,,62962,2431,3039,3110,2395,1427,1824,2353,3192,3559,3613,3434,3758,5037,5951,5778,3448,3083,2703,1952,743,132,8613,31378,1238,1532,1574,1282,804,980,1178,1626,1819,1905,1873,2039,2699,3170,3005,1666,1306,956,555,158,13,2988,31584,1193,1507,1536,1113,623,844,1175,1566,1740,1708,1561,1719,2338,2781,2773,1782,1777,1747,1397,585,119,5625
2023,2023-01-01,46523,465232,鹿児島県,大島郡大和村,village,46523,1409,60,48,42,48,28,43,45,56,68,66,85,103,113,132,131,88,91,93,50,13,6,253,705,38,25,27,23,17,26,15,31,37,40,44,66,61,71,66,37,34,33,11,3,0,81,704,22,23,15,25,11,17,30,25,31,26,41,37,52,61,65,51,57,60,39,10,6,172
2023,2023-01-01,46524,465241,鹿児島県,大島郡宇検村,village,46524,1647,50,81,68,33,22,30,41,75,96,83,98,94,137,176,201,105,94,81,55,25,2,257,803,22,37,36,18,15,18,22,38,53,34,49,45,75,94,105,54,38,31,11,8,0,88,844,28,44,32,15,7,12,19,37,43,49,49,49,62,82,96,51,56,50,44,17,2,169
2023,2023-01-01,46525,465259,鹿児島県,大島郡瀬戸内町,town,46525,8421,307,316,360,266,203,285,346,404,428,480,501,504,708,824,793,467,400,383,295,135,16,1229,4148,173,159,176,145,112,165,176,219,225,254,263,269,360,427,407,227,161,104,90,33,3,391,4273,134,157,184,121,91,120,170,185,203,226,238,235,348,397,386,240,239,279,205,102,13,838
2023,2023-01-01,46527,465275,鹿児島県,大島郡龍郷町,town,46527,5995,267,341,313,238,133,199,235,331,389,359,346,385,442,457,506,319,306,199,155,61,14,735,2893,142,185,153,114,73,101,105,163,187,171,169,186,233,245,250,144,138,76,44,14,0,272,3102,125,156,160,124,60,98,130,168,202,188,177,199,209,212,256,175,168,123,111,47,14,463
2023,2023-01-01,46529,465291,鹿児島県,大島郡喜界町,town,46529,6517,203,255,274,241,160,162,194,312,309,353,391,394,508,636,700,453,377,292,222,70,11,972,3236,99,112,143,141,91,90,101,168,164,190,226,201,269,335,370,213,155,98,62,7,1,323,3281,104,143,131,100,69,72,93,144,145,163,165,193,239,301,330,240,222,194,160,63,10,649
2023,2023-01-01,46530,465305,鹿児島県,大島郡徳之島町,town,46530,10237,470,548,509,456,305,332,444,511,606,640,564,616,809,913,837,493,437,323,292,109,23,1184,5096,238,278,264,243,162,173,222,235,301,340,319,333,425,488,423,254,181,110,81,24,2,398,5141,232,270,245,213,143,159,222,276,305,300,245,283,384,425,414,239,256,213,211,85,21,786
2023,2023-01-01,46531,465313,鹿児島県,大島郡天城町,town,46531,5562,221,253,262,225,159,147,186,263,309,318,282,341,491,542,468,311,282,253,163,70,16,784,2867,115,126,136,135,91,82,96,149,150,172,159,198,290,293,247,147,105,107,53,12,4,281,2695,106,127,126,90,68,65,90,114,159,146,123,143,201,249,221,164,177,146,110,58,12,503
2023,2023-01-01,46532,465321,鹿児島県,大島郡伊仙町,town,46532,6333,227,323,393,275,126,170,217,306,334,313,277,378,567,617,531,299,328,347,222,69,14,980,3227,110,170,197,143,77,87,120,157,174,174,152,221,305,353,294,140,141,126,67,18,1,353,3106,117,153,196,132,49,83,97,149,160,139,125,157,262,264,237,159,187,221,155,51,13,627
2023,2023-01-01,46533,465330,鹿児島県,大島郡和泊町,town,46533,6203,242,324,323,238,126,180,245,342,366,383,327,352,421,611,603,337,263,252,180,82,6,783,3095,119,177,162,128,66,100,111,179,186,206,188,191,228,314,313,167,116,85,40,19,0,260,3108,123,147,161,110,60,80,134,163,180,177,139,161,193,297,290,170,147,167,140,63,6,523
2023,2023-01-01,46534,465348,鹿児島県,大島郡知名町,town,46534,5574,213,293,283,208,104,150,211,304,329,316,270,278,436,543,579,324,262,263,157,43,8,733,2824,90,136,141,111,65,80,114,147,184,163,162,145,229,291,310,176,118,104,51,7,0,280,2750,123,157,142,97,39,70,97,157,145,153,108,133,207,252,269,148,144,159,106,36,8,453
2023,2023-01-01,46535,465356,鹿児島県,大島郡与論町,town,46535,5064,171,257,283,167,61,126,189,288,325,302,293,313,405,500,429,252,243,217,161,66,16,703,2484,92,127,139,81,35,58,96,140,158,161,142,184,224,259,220,107,119,82,45,13,2,261,2580,79,130,144,86,26,68,93,148,167,141,151,129,181,241,209,145,124,135,116,53,14,442
2023,2023-01-01,47000,470007,沖縄県,,pref,,1464301,73627,83502,85159,80039,73298,73350,79515,92941,95827,106688,100675,87563,89400,91567,91393,50778,48124,36025,17966,5562,1302,108979,720774,37879,42628,43367,40948,37398,36925,39575,46174,47609,53942,50651,43659,44930,45785,45176,23441,20806,13571,5193,966,151,40687,743527,35748,40874,41792,39091,35900,36425,39940,46767,48218,52746,50024,43904,44470,45782,46217,27337,27318,22454,12773,4596,1151,68292
2023,2023-01-01,47201,472018,沖縄県,那覇市,city,47201,311364,13053,15361,16370,16080,15263,15538,16645,19157,20248,23733,23920,20224,18995,18753,20358,11706,11483,8844,4193,1203,237,25960,150702,6738,7773,8321,8165,7754,7953,8480,9605,10024,11823,12018,9941,9355,9045,9563,5000,4540,3209,1166,201,28,9144,160662,6315,7588,8049,7915,7509,7585,8165,9552,10224,11910,11902,10283,9640,9708,10795,6706,6943,5635,3027,1002,209,16816
2023,2023-01-01,47205,472051,沖縄県,宜野湾市,city,47205,98671,5347,5708,5825,5402,5519,5559,5733,6593,6607,7529,7323,5834,5336,5432,5320,3104,3036,2175,925,308,56,6500,47877,2790,2850,2908,2757,2889,2790,2760,3220,3274,3729,3536,2864,2617,2636,2469,1385,1269,822,262,43,7,2403,50794,2557,2858,2917,2645,2630,2769,2973,3373,3333,3800,3787,2970,2719,2796,2851,1719,1767,1353,663,265,49,4097
2023,2023-01-01,47207,472077,沖縄県,石垣市,city,47207,48927,2542,2849,2852,2331,1711,2295,2771,3312,3664,3634,3234,2919,3261,3435,3181,1553,1436,1124,581,201,41,3383,24544,1283,1440,1423,1204,894,1178,1364,1639,1818,1879,1724,1560,1688,1789,1616,768,632,429,171,39,6,1277,24383,1259,1409,1429,1127,817,1117,1407,1673,1846,1755,1510,1359,1573,1646,1565,785,804,695,410,162,35,2106
2023,2023-01-01,47208,472085,沖縄県,浦添市,city,47208,114378,5817,6308,6880,6747,6034,6145,6483,7338,7501,8798,8429,7170,6692,6242,6508,3738,3622,2460,1092,305,69,7548,55417,3005,3206,3479,3478,3038,3019,3196,3608,3667,4293,4128,3427,3284,2972,3074,1699,1573,896,318,50,7,2844,58961,2812,3102,3401,3269,2996,3126,3287,3730,3834,4505,4301,3743,3408,3270,3434,2039,2049,1564,774,255,62,4704
2023,2023-01-01,47209,472093,沖縄県,名護市,city,47209,63612,3435,3687,3657,3875,3545,3092,3430,4118,4195,4404,3774,3471,3890,4069,4174,2209,2015,1437,743,315,77,4587,31716,1789,1885,1890,2107,1772,1535,1700,2033,2069,2312,1928,1745,1935,2063,2118,1046,928,583,214,49,15,1789,31896,1646,1802,1767,1768,1773,1557,1730,2085,2126,2092,1846,1726,1955,2006,2056,1163,1087,854,529,266,62,2798
2023,2023-01-01,47210,472107,沖縄県,糸満市,city,47210,61528,3507,3813,3630,3320,3020,3144,3531,4166,4061,4120,3719,3440,3965,4068,3952,1968,1858,1364,660,175,47,4104,31020,1807,1917,1863,1677,1540,1640,1769,2098,2127,2193,1906,1737,2037,2046,2051,978,856,546,200,29,3,1634,30508,1700,1896,1767,1643,1480,1504,1762,2068,1934,1927,1813,1703,1928,2022,1901,990,1002,818,460,146,44,2470
2023,2023-01-01,47211,472115,沖縄県,沖縄市,city,47211,140835,7341,7989,8365,8155,7675,7922,8060,8704,8919,10505,10072,8568,8201,8042,8094,4590,4322,3251,1559,423,78,9633,68115,3814,4108,4248,4119,3902,3906,3934,4209,4320,5211,4920,4175,3955,3854,3923,2068,1763,1142,457,77,10,3449,72720,3527,3881,4117,4036,3773,4016,4126,4495,4599,5294,5152,4393,4246,4188,4171,2522,2559,2109,1102,346,68,6184
2023,2023-01-01,47212,472123,沖縄県,豊見城市,city,47212,65539,3871,4386,4359,3755,3253,3328,3742,4478,4711,5029,4412,3545,3461,3595,3682,2128,1837,1248,536,148,35,3804,32082,1981,2254,2230,1878,1624,1642,1824,2255,2273,2553,2209,1727,1690,1746,1784,954,824,466,139,25,4,1458,33457,1890,2132,2129,1877,1629,1686,1918,2223,2438,2476,2203,1818,1771,1849,1898,1174,1013,782,397,123,31,2346
2023,2023-01-01,47213,472131,沖縄県,うるま市,city,47213,124516,6513,7221,7373,7147,6487,6462,6644,7611,7801,8868,8399,7182,7771,7885,7643,4458,4025,2944,1480,476,126,9051,62186,3317,3795,3750,3630,3289,3314,3288,3860,3991,4510,4241,3679,3974,4055,3877,2179,1819,1092,428,86,12,3437,62330,3196,3426,3623,3517,3198,3148,3356,3751,3810,4358,4158,3503,3797,3830,3766,2279,2206,1852,1052,390,114,5614
2023,2023-01-01,47214,472140,沖縄県,宮古島市,city,47214,54929,2532,2901,2846,2515,2090,2397,2837,3449,3698,3660,3212,3414,4180,4498,3833,2007,1859,1639,992,307,63,4860,27845,1278,1497,1465,1304,1120,1246,1492,1798,1934,1988,1715,1791,2160,2309,1908,991,832,647,292,67,11,1849,27084,1254,1404,1381,1211,970,1151,1345,1651,1764,1672,1497,1623,2020,2189,1925,1016,1027,992,700,240,52,3011
2023,2023-01-01,47215,472158,沖縄県,南城市,city,47215,45582,2437,2840,2741,2456,2072,2021,2202,2879,2812,3019,2811,2475,2886,3203,3125,1743,1706,1281,599,217,57,3860,22975,1289,1465,1372,1278,1076,1015,1141,1452,1404,1577,1485,1239,1540,1671,1620,838,774,526,171,38,4,1513,22607,1148,1375,1369,1178,996,1006,1061,1427,1408,1442,1326,1236,1346,1532,1505,905,932,755,428,179,53,2347
2023,2023-01-01,47300,473006,沖縄県,国頭郡,gun_agg,,63457,2575,3393,3390,3083,2815,2384,2725,3492,3754,4003,3707,3600,4573,5345,5247,2737,2491,2016,1452,507,168,6634,32311,1289,1707,1716,1576,1448,1209,1422,1797,1932,2123,1968,1901,2495,2937,2933,1382,1159,793,428,82,14,2476,31146,1286,1686,1674,1507,1367,1175,1303,1695,1822,1880,1739,1699,2078,2408,2314,1355,1332,1223,1024,425,154,4158
2023,2023-01-01,47301,473014,沖縄県,国頭郡国頭村,village,47301,4458,145,173,196,204,188,123,192,220,215,227,231,264,405,445,438,210,194,196,123,54,15,582,2310,79,94,96,99,98,65,99,115,119,112,137,144,214,255,265,96,90,79,47,6,1,223,2148,66,79,100,105,90,58,93,105,96,115,94,120,191,190,173,114,104,117,76,48,14,359
2023,2023-01-01,47302,473022,沖縄県,国頭郡大宜味村,village,47302,3012,92,118,130,113,89,88,117,160,152,178,140,168,262,350,302,152,117,114,109,41,20,401,1590,51,56,65,49,49,45,60,85,76,108,81,86,138,200,189,90,66,44,35,13,4,162,1422,41,62,65,64,40,43,57,75,76,70,59,82,124,150,113,62,51,70,74,28,16,239
2023,2023-01-01,47303,473031,沖縄県,国頭郡東村,village,47303,1736,70,83,56,68,62,54,61,96,101,113,90,97,140,183,185,72,70,61,58,13,3,205,945,37,40,29,41,34,33,34,49,54,71,48,51,87,100,106,38,35,32,22,4,0,93,791,33,43,27,27,28,21,27,47,47,42,42,46,53,83,79,34,35,29,36,9,3,112
2023,2023-01-01,47306,473065,沖縄県,国頭郡今帰仁村,village,47306,9293,373,483,484,450,328,272,377,454,549,571,488,521,742,853,877,425,378,293,251,87,37,1046,4754,190,243,253,226,171,136,197,218,270,291,250,269,415,481,515,224,193,122,67,17,6,405,4539,183,240,231,224,157,136,180,236,279,280,238,252,327,372,362,201,185,171,184,70,31,641
2023,2023-01-01,47308,473081,沖縄県,国頭郡本部町,town,47308,12828,479,665,678,542,499,460,587,716,798,736,646,739,998,1209,1159,576,479,382,321,117,42,1341,6531,232,326,352,285,239,222,312,365,413,403,342,389,540,664,665,304,229,127,105,16,1,478,6297,247,339,326,257,260,238,275,351,385,333,304,350,458,545,494,272,250,255,216,101,41,863
2023,2023-01-01,47311,473111,沖縄県,国頭郡恩納村,village,47311,10232,350,539,543,519,654,497,465,546,634,714,741,599,681,726,713,393,364,281,194,63,16,918,5163,172,275,246,275,327,260,240,284,325,367,363,318,386,387,407,195,166,101,60,9,0,336,5069,178,264,297,244,327,237,225,262,309,347,378,281,295,339,306,198,198,180,134,54,16,582
2023,2023-01-01,47313,473138,沖縄県,国頭郡宜野座村,village,47313,6252,349,404,433,373,323,273,289,391,408,456,412,274,328,388,416,258,205,148,80,33,11,477,3145,158,204,216,203,179,129,149,204,191,236,220,152,170,205,207,135,100,62,18,6,1,187,3107,191,200,217,170,144,144,140,187,217,220,192,122,158,183,209,123,105,86,62,27,10,290
2023,2023-01-01,47314,473146,沖縄県,国頭郡金武町,town,47314,11306,542,709,670,634,543,499,473,672,658,780,751,689,621,725,766,492,458,342,201,65,16,1082,5651,280,361,349,301,293,252,248,347,355,405,411,362,334,377,372,223,186,140,48,7,0,381,5655,262,348,321,333,250,247,225,325,303,375,340,327,287,348,394,269,272,202,153,58,16,701
2023,2023-01-01,47315,473154,沖縄県,国頭郡伊江村,village,47315,4340,175,219,200,180,129,118,164,237,239,228,208,249,396,466,391,159,226,199,115,34,8,582,2222,90,108,110,97,58,67,83,130,129,130,116,130,211,268,207,77,94,86,26,4,1,211,2118,85,111,90,83,71,51,81,107,110,98,92,119,185,198,184,82,132,113,89,30,7,371
2023,2023-01-01,47320,473201,沖縄県,中頭郡,gun_agg,,157146,7915,9532,9566,9224,8739,7514,8190,9776,10155,11565,10821,9379,9297,9752,9364,5173,5031,3717,1797,486,153,11184,76975,3992,4909,4946,4695,4530,3730,3980,4720,4908,5715,5333,4636,4637,4884,4662,2341,2255,1452,553,81,16,4357,80171,3923,4623,4620,4529,4209,3784,4210,5056,5247,5850,5488,4743,4660,4868,4702,2832,2776,2265,1244,405,137,6827
2023,2023-01-01,47324,473243,沖縄県,中頭郡読谷村,village,47324,41249,2013,2431,2609,2375,2180,1945,2042,2509,2695,3054,2904,2507,2505,2683,2462,1331,1369,987,481,130,37,3004,20236,990,1243,1370,1211,1099,998,991,1222,1271,1532,1472,1204,1254,1371,1220,600,635,380,152,18,3,1188,21013,1023,1188,1239,1164,1081,947,1051,1287,1424,1522,1432,1303,1251,1312,1242,731,734,607,329,112,34,1816
2023,2023-01-01,47325,473251,沖縄県,中頭郡嘉手納町,town,47325,13057,650,824,727,772,665,587,719,732,750,914,788,800,831,833,824,446,489,420,218,53,15,1195,6312,316,399,369,412,347,292,352,333,383,462,399,392,420,408,406,198,200,144,70,9,1,424,6745,334,425,358,360,318,295,367,399,367,452,389,408,411,425,418,248,289,276,148,44,14,771
2023,2023-01-01,47326,473260,沖縄県,中頭郡北谷町,town,47326,28181,1473,1754,1814,1678,1439,1320,1487,1833,1915,2180,2066,1659,1510,1593,1588,937,887,665,285,79,19,1935,13449,756,902,958,853,734,636,692,842,865,1039,969,784,724,772,793,403,386,245,82,13,1,727,14732,717,852,856,825,705,684,795,991,1050,1141,1097,875,786,821,795,534,501,420,203,66,18,1208
2023,2023-01-01,47327,473278,沖縄県,中頭郡北中城村,village,47327,17542,875,1075,993,1027,878,878,888,1126,1106,1377,1225,1055,1019,1008,1017,580,620,476,233,61,25,1415,8421,443,550,487,517,441,408,408,541,527,667,588,520,500,509,511,253,258,197,83,9,4,551,9121,432,525,506,510,437,470,480,585,579,710,637,535,519,499,506,327,362,279,150,52,21,864
2023,2023-01-01,47328,473286,沖縄県,中頭郡中城村,village,47328,22134,1332,1481,1333,1200,1300,1146,1309,1482,1469,1612,1477,1221,1255,1296,1208,619,581,464,259,63,27,1394,11036,662,773,682,623,691,575,665,722,704,810,742,641,637,684,609,297,250,179,75,11,4,519,11098,670,708,651,577,609,571,644,760,765,802,735,580,618,612,599,322,331,285,184,52,23,875
2023,2023-01-01,47329,473294,沖縄県,中頭郡西原町,town,47329,34983,1572,1967,2090,2172,2277,1638,1745,2094,2220,2428,2361,2137,2177,2339,2265,1260,1085,705,321,100,30,2241,17521,825,1042,1080,1079,1218,821,872,1060,1158,1205,1163,1095,1102,1140,1123,590,526,307,91,21,3,948,17462,747,925,1010,1093,1059,817,873,1034,1062,1223,1198,1042,1075,1199,1142,670,559,398,230,79,27,1293
2023,2023-01-01,47340,473405,沖縄県,島尻郡,gun_agg,,106789,6423,7139,6869,5676,4821,5197,6127,7370,7159,7320,6372,5953,6422,6730,6448,3424,3194,2368,1240,450,87,7339,53299,3344,3618,3536,2937,2403,2562,3027,3640,3571,3772,3276,3020,3276,3490,3298,1670,1481,914,361,91,12,2859,53490,3079,3521,3333,2739,2418,2635,3100,3730,3588,3548,3096,2933,3146,3240,3150,1754,1713,1454,879,359,75,4480
2023,2023-01-01,47348,473481,沖縄県,島尻郡与那原町,town,47348,19851,1167,1250,1247,1068,979,1024,1242,1356,1406,1376,1295,1053,1144,1132,1208,647,593,377,199,74,14,1257,9709,601,643,638,543,485,492,611,693,662,709,659,514,546,540,610,292,249,146,54,20,2,471,10142,566,607,609,525,494,532,631,663,744,667,636,539,598,592,598,355,344,231,145,54,12,786
2023,2023-01-01,47350,473502,沖縄県,島尻郡南風原町,town,47350,40419,2687,2853,2715,2246,1978,2125,2475,2965,2834,2900,2432,2141,2081,2234,2184,1220,1100,788,329,114,18,2349,19806,1378,1435,1402,1172,945,1032,1187,1409,1420,1471,1200,1057,999,1130,1029,562,540,324,96,18,0,978,20613,1309,1418,1313,1074,1033,1093,1288,1556,1414,1429,1232,1084,1082,1104,1155,658,560,464,233,96,18,1371
2023,2023-01-01,47353,473537,沖縄県,島尻郡渡嘉敷村,village,47353,690,37,39,52,12,12,32,41,56,57,46,40,50,44,49,47,20,22,15,14,4,1,56,376,24,22,22,7,8,17,20,26,28,26,25,31,30,28,27,12,12,5,4,1,1,23,314,13,17,30,5,4,15,21,30,29,20,15,19,14,21,20,8,10,10,10,3,0,33
2023,2023-01-01,47354,473545,沖縄県,島尻郡座間味村,village,47354,883,41,48,55,11,12,53,49,67,54,72,76,74,59,62,57,30,24,20,14,4,1,63,486,27,26,30,9,9,25,23,32,28,34,42,43,39,42,38,15,11,9,3,1,0,24,397,14,22,25,2,3,28,26,35,26,38,34,31,20,20,19,15,13,11,11,3,1,39
2023,2023-01-01,47355,473553,沖縄県,島尻郡粟国村,village,47355,661,19,25,27,32,23,20,18,31,38,36,44,30,55,66,71,22,32,31,26,15,0,104,366,11,10,12,16,12,11,9,18,17,23,28,18,35,40,54,14,18,11,8,1,0,38,295,8,15,15,16,11,9,9,13,21,13,16,12,20,26,17,8,14,20,18,14,0,66
2023,2023-01-01,47356,473561,沖縄県,島尻郡渡名喜村,village,47356,316,6,5,10,7,6,11,14,15,13,14,11,24,38,24,36,14,29,14,17,6,2,68,179,4,4,6,3,3,7,7,12,5,10,6,12,25,18,22,7,15,6,6,1,0,28,137,2,1,4,4,3,4,7,3,8,4,5,12,13,6,14,7,14,8,11,5,2,40
2023,2023-01-01,47357,473570,沖縄県,島尻郡南大東村,village,47357,1165,53,63,63,56,37,45,58,68,78,61,72,87,116,90,68,41,55,33,16,5,0,109,677,24,31,33,27,18,33,36,40,48,40,45,57,74,60,40,22,32,9,5,3,0,49,488,29,32,30,29,19,12,22,28,30,21,27,30,42,30,28,19,23,24,11,2,0,60
2023,2023-01-01,47358,473588,沖縄県,島尻郡北大東村,village,47358,538,22,40,24,17,24,24,32,36,29,26,34,46,61,31,35,15,20,12,8,2,0,42,316,15,24,12,9,15,15,22,20,18,15,20,29,37,22,21,9,7,4,2,0,0,13,222,7,16,12,8,9,9,10,16,11,11,14,17,24,9,14,6,13,8,6,2,0,29
2023,2023-01-01,47359,473596,沖縄県,島尻郡伊平屋村,village,47359,1199,51,55,69,76,52,33,45,72,56,67,71,65,99,117,83,54,38,48,29,15,4,134,649,29,23,35,41,26,17,27,38,30,32,45,41,58,75,52,32,20,16,8,4,0,48,550,22,32,34,35,26,16,18,34,26,35,26,24,41,42,31,22,18,32,21,11,4,86
2023,2023-01-01,47360,473600,沖縄県,島尻郡伊是名村,village,47360,1278,53,81,72,55,38,33,52,66,65,69,74,66,105,148,94,69,53,40,29,15,1,138,691,30,32,38,26,21,19,28,38,38,32,46,45,60,97,50,43,27,15,4,1,1,48,587,23,49,34,29,17,14,24,28,27,37,28,21,45,51,44,26,26,25,25,14,0,90
2023,2023-01-01,47361,473618,沖縄県,島尻郡久米島町,town,47361,7351,310,340,384,364,280,281,347,433,374,433,418,451,616,629,567,329,272,251,193,69,10,795,3929,169,181,214,183,171,149,174,231,192,238,226,259,360,359,330,180,129,101,65,17,1,313,3422,141,159,170,181,109,132,173,202,182,195,192,192,256,270,237,149,143,150,128,52,9,482
2023,2023-01-01,47362,473626,沖縄県,島尻郡八重瀬町,town,47362,32438,1977,2340,2151,1732,1380,1516,1754,2205,2155,2220,1805,1866,2004,2148,1998,963,956,739,366,127,36,2224,16115,1032,1187,1094,901,690,745,883,1083,1085,1142,934,914,1013,1079,1025,482,421,268,106,24,7,826,16323,945,1153,1057,831,690,771,871,1122,1070,1078,871,952,991,1069,973,481,535,471,260,103,29,1398
2023,2023-01-01,47370,473707,沖縄県,宮古郡,gun_agg,,1072,33,42,66,55,46,36,36,54,54,63,69,75,98,96,77,59,54,31,24,4,0,113,590,18,24,38,21,26,20,24,27,30,32,42,44,61,55,48,31,30,12,7,0,0,49,482,15,18,28,34,20,16,12,27,24,31,27,31,37,41,29,28,24,19,17,4,0,64
2023,2023-01-01,47375,473758,沖縄県,宮古郡多良間村,village,47375,1072,33,42,66,55,46,36,36,54,54,63,69,75,98,96,77,59,54,31,24,4,0,113,590,18,24,38,21,26,20,24,27,30,32,42,44,61,55,48,31,30,12,7,0,0,49,482,15,18,28,34,20,16,12,27,24,31,27,31,37,41,29,28,24,19,17,4,0,64
2023,2023-01-01,47380,473804,沖縄県,八重山郡,gun_agg,,5956,286,333,370,218,208,316,359,444,488,438,401,314,372,422,387,181,155,126,93,37,8,419,3120,145,180,182,122,93,166,174,213,267,232,222,173,226,233,232,111,71,42,26,8,2,149,2836,141,153,188,96,115,150,185,231,221,206,179,141,146,189,155,70,84,84,67,29,6,270
2023,2023-01-01,47381,473812,沖縄県,八重山郡竹富町,town,47381,4251,194,230,270,151,159,241,254,316,347,313,275,223,259,314,260,125,110,94,77,32,7,320,2190,99,125,129,90,69,126,108,152,177,152,148,124,158,179,161,80,54,31,20,6,2,113,2061,95,105,141,61,90,115,146,164,170,161,127,99,101,135,99,45,56,63,57,26,5,207
2023,2023-01-01,47382,473821,沖縄県,八重山郡与那国町,town,47382,1705,92,103,100,67,49,75,105,128,141,125,126,91,113,108,127,56,45,32,16,5,1,99,930,46,55,53,32,24,40,66,61,90,80,74,49,68,54,71,31,17,11,6,2,0,36,775,46,48,47,35,25,35,39,67,51,45,52,42,45,54,56,25,28,21,10,3,1,63
