year,ref_date,muni_code,muni_code_6digit,pref,muni,row_type,city_code,pop_total,age_0_4,age_5_9,age_10_14,age_15_19,age_20_24,age_25_29,age_30_34,age_35_39,age_40_44,age_45_49,age_50_54,age_55_59,age_60_64,age_65_69,age_70_74,age_75_79,age_80_84,age_85_89,age_90_94,age_95_99,age_100p,age_80p,pop_m,age_0_4_m,age_5_9_m,age_10_14_m,age_15_19_m,age_20_24_m,age_25_29_m,age_30_34_m,age_35_39_m,age_40_44_m,age_45_49_m,age_50_54_m,age_55_59_m,age_60_64_m,age_65_69_m,age_70_74_m,age_75_79_m,age_80_84_m,age_85_89_m,age_90_94_m,age_95_99_m,age_100p_m,age_80p_m,pop_f,age_0_4_f,age_5_9_f,age_10_14_f,age_15_19_f,age_20_24_f,age_25_29_f,age_30_34_f,age_35_39_f,age_40_44_f,age_45_49_f,age_50_54_f,age_55_59_f,age_60_64_f,age_65_69_f,age_70_74_f,age_75_79_f,age_80_84_f,age_85_89_f,age_90_94_f,age_95_99_f,age_100p_f,age_80p_f
2026,2026-01-01,01000,010006,北海道,,pref,,4921100,123833,163366,190508,204367,206451,207111,220561,246666,289058,335188,389333,346061,339061,326424,369624,387752,257710,181228,100012,31710,5076,575736,2327409,63372,83656,97488,105020,106764,107246,112244,124831,144164,167013,193143,167288,161701,155280,170110,168247,100741,63203,28772,6457,669,199842,2593691,60461,79710,93020,99347,99687,99865,108317,121835,144894,168175,196190,178773,177360,171144,199514,219505,156969,118025,71240,25253,4407,375894
2026,2026-01-01,01100,011002,北海道,札幌市,city_agg,,1930707,51831,67013,75645,79996,92498,97264,100837,108736,123688,138972,158047,139173,130297,119075,127848,132284,85270,57494,32646,10495,1598,187503,902007,26687,34368,38675,40674,46018,47724,49072,53165,59956,67309,76060,66126,61109,55938,58346,56950,33258,19453,8835,2069,215,63830,1028700,25144,32645,36970,39322,46480,49540,51765,55571,63732,71663,81987,73047,69188,63137,69502,75334,52012,38041,23811,8426,1383,123673
2026,2026-01-01,01101,011011,北海道,札幌市中央区,ward,01100,241590,5943,7420,8167,8715,12727,14800,14622,14991,16535,18068,20753,18838,17351,14426,13745,13935,8866,6286,3966,1265,171,20554,109534,3075,3783,4119,4330,5749,7056,7062,7120,7913,8453,9428,8523,7894,6696,6127,5812,3197,1917,999,256,25,6394,132056,2868,3637,4048,4385,6978,7744,7560,7871,8622,9615,11325,10315,9457,7730,7618,8123,5669,4369,2967,1009,146,14160
2026,2026-01-01,01102,011029,北海道,札幌市北区,ward,01100,279529,7837,10601,12105,12935,15589,13122,13432,15223,17823,20247,22952,19699,17875,16325,18463,18946,12102,8186,4439,1415,213,26355,132992,4067,5438,6167,6576,8358,6640,6555,7404,8746,9890,11313,9531,8632,7755,8551,8147,4797,2896,1241,260,28,9222,146537,3770,5163,5938,6359,7231,6482,6877,7819,9077,10357,11639,10168,9243,8570,9912,10799,7305,5290,3198,1155,185,17133
2026,2026-01-01,01103,011037,北海道,札幌市東区,ward,01100,257926,7317,9494,10115,10923,12377,13718,14483,15267,17124,18967,21693,18535,16371,14684,16243,16874,11008,7264,3994,1276,199,23741,122539,3767,4917,5129,5520,6207,6919,7209,7645,8472,9431,10676,9111,7963,7004,7491,7221,4197,2341,1058,233,28,7857,135387,3550,4577,4986,5403,6170,6799,7274,7622,8652,9536,11017,9424,8408,7680,8752,9653,6811,4923,2936,1043,171,15884
2026,2026-01-01,01104,011045,北海道,札幌市白石区,ward,01100,211342,5706,6715,7477,7755,10471,13390,13245,12768,13984,15811,18187,15887,14229,12215,12388,12677,8306,5680,3279,1011,161,18437,100307,2925,3449,3882,3957,5187,6693,6580,6383,6947,7945,8907,7713,6786,5778,5623,5527,3094,1851,839,222,19,6025,111035,2781,3266,3595,3798,5284,6697,6665,6385,7037,7866,9280,8174,7443,6437,6765,7150,5212,3829,2440,789,142,12412
2026,2026-01-01,01105,011053,北海道,札幌市豊平区,ward,01100,225798,6151,7178,8099,8559,11833,14986,14448,14096,15060,16139,18424,16384,14811,12802,13028,13421,9094,6280,3670,1163,172,20379,104439,3125,3611,4191,4402,5892,7153,6856,6836,7188,7640,8799,7807,6880,5923,5800,5603,3434,2044,1006,223,26,6733,121359,3026,3567,3908,4157,5941,7833,7592,7260,7872,8499,9625,8577,7931,6879,7228,7818,5660,4236,2664,940,146,13646
2026,2026-01-01,01106,011061,北海道,札幌市南区,ward,01100,130712,3201,4391,4974,5395,5261,4467,5110,6069,7233,8353,9251,8794,9496,9531,10716,11540,7541,5307,3022,899,161,16930,60730,1646,2287,2560,2803,2749,2236,2456,3011,3467,4009,4497,4115,4439,4491,4904,5067,3046,1890,849,188,20,5993,69982,1555,2104,2414,2592,2512,2231,2654,3058,3766,4344,4754,4679,5057,5040,5812,6473,4495,3417,2173,711,141,10937
2026,2026-01-01,01107,011070,北海道,札幌市西区,ward,01100,217360,6531,8060,8783,8599,9191,10656,11632,12692,14345,15963,17620,15540,14494,13206,14069,14699,9655,6528,3704,1215,178,21280,100404,3383,4225,4459,4328,4363,5058,5565,6144,6750,7573,8495,7252,6705,6226,6387,6256,3708,2227,1025,244,31,7235,116956,3148,3835,4324,4271,4828,5598,6067,6548,7595,8390,9125,8288,7789,6980,7682,8443,5947,4301,2679,971,147,14045
2026,2026-01-01,01108,011088,北海道,札幌市厚別区,ward,01100,121311,2670,3681,4454,5164,5120,4687,4918,5788,6683,7894,9653,9036,8923,8785,9745,10223,6567,4253,2198,732,137,13887,55345,1372,1825,2295,2606,2527,2295,2387,2824,3195,3771,4398,4135,4010,4000,4375,4362,2680,1504,623,150,11,4968,65966,1298,1856,2159,2558,2593,2392,2531,2964,3488,4123,5255,4901,4913,4785,5370,5861,3887,2749,1575,582,126,8919
2026,2026-01-01,01109,011096,北海道,札幌市手稲区,ward,01100,138007,3764,5342,6261,6424,5657,4553,5297,6890,8670,9890,10758,8816,8956,9328,10898,11500,7060,4455,2460,908,120,15003,64934,1943,2703,3189,3303,2832,2312,2630,3401,4269,4895,5191,4244,4122,4377,5031,5086,2924,1612,674,177,19,5406,73073,1821,2639,3072,3121,2825,2241,2667,3489,4401,4995,5567,4572,4834,4951,5867,6414,4136,2843,1786,731,101,9597
2026,2026-01-01,01110,011100,北海道,札幌市清田区,ward,01100,107132,2711,4131,5210,5527,4272,2885,3650,4952,6231,7640,8756,7644,7791,7773,8553,8469,5071,3255,1914,611,86,10937,50783,1384,2130,2684,2849,2154,1362,1772,2397,3009,3702,4356,3695,3678,3688,4057,3869,2181,1171,521,116,8,3997,56349,1327,2001,2526,2678,2118,1523,1878,2555,3222,3938,4400,3949,4113,4085,4496,4600,2890,2084,1393,495,78,6940
2026,2026-01-01,01202,012025,北海道,函館市,city,01202,230574,4806,6465,7978,8978,8616,8108,8762,10095,12524,15256,18512,16805,16384,16625,19221,20896,13805,9678,5213,1589,258,30543,105008,2403,3255,4104,4677,4581,4228,4386,5004,6153,7435,9010,7839,7463,7495,8574,8674,5148,2994,1304,245,36,9727,125566,2403,3210,3874,4301,4035,3880,4376,5091,6371,7821,9502,8966,8921,9130,10647,12222,8657,6684,3909,1344,222,20816
2026,2026-01-01,01203,012033,北海道,小樽市,city,01203,101080,1776,2530,3166,3804,3694,3024,3171,3848,4623,6133,7863,7283,7335,7150,9035,10589,7202,5055,2734,903,162,16056,45682,892,1294,1584,1938,1893,1519,1602,1919,2317,3029,3818,3438,3426,3377,3974,4428,2704,1615,737,160,18,5234,55398,884,1236,1582,1866,1801,1505,1569,1929,2306,3104,4045,3845,3909,3773,5061,6161,4498,3440,1997,743,144,10822
2026,2026-01-01,01204,012041,北海道,旭川市,city,01204,310001,7656,10165,11864,12599,11804,11818,12613,14354,17676,21116,24175,21517,21086,21015,24370,26647,18239,12206,6678,2099,304,39526,143363,3869,5213,5939,6515,5785,5972,6399,7167,8738,10455,11664,10095,9702,9680,11010,11417,7027,4284,1978,411,43,13743,166638,3787,4952,5925,6084,6019,5846,6214,7187,8938,10661,12511,11422,11384,11335,13360,15230,11212,7922,4700,1688,261,25783
2026,2026-01-01,01205,012050,北海道,室蘭市,city,01205,72500,1654,2105,2538,2891,3348,2893,2858,3141,3684,4305,5690,4823,4610,4346,5731,6908,5136,3552,1734,464,89,10975,34986,840,1059,1312,1563,2055,1683,1596,1712,1934,2240,2977,2377,2200,2098,2639,2866,1937,1300,484,104,10,3835,37514,814,1046,1226,1328,1293,1210,1262,1429,1750,2065,2713,2446,2410,2248,3092,4042,3199,2252,1250,360,79,7140
2026,2026-01-01,01206,012068,北海道,釧路市,city,01206,150013,3219,4380,5413,6431,6204,5556,5989,6748,8209,9989,11896,10553,10402,10629,12808,12973,8523,5908,3127,919,137,18614,70658,1608,2264,2800,3315,3274,2962,3077,3452,4067,5013,5941,5159,4962,5009,5735,5542,3331,2064,888,180,15,6478,79355,1611,2116,2613,3116,2930,2594,2912,3296,4142,4976,5955,5394,5440,5620,7073,7431,5192,3844,2239,739,122,12136
2026,2026-01-01,01207,012076,北海道,帯広市,city,01207,157574,4485,5598,6338,6578,6705,7567,7804,8490,9423,10776,12422,10807,10871,10317,11094,11341,7534,5399,2980,900,145,16958,74938,2277,2842,3232,3327,3344,3939,4020,4396,4773,5401,6193,5150,5195,4955,5068,4913,2892,1895,885,220,21,5913,82636,2208,2756,3106,3251,3361,3628,3784,4094,4650,5375,6229,5657,5676,5362,6026,6428,4642,3504,2095,680,124,11045
2026,2026-01-01,01208,012084,北海道,北見市,city,01208,107215,2607,3474,4094,4384,4181,4081,4490,4977,6036,7345,8466,7296,7648,7403,8446,8936,5909,4278,2337,727,100,13351,51113,1338,1816,2102,2278,2284,2147,2383,2570,2955,3795,4276,3544,3695,3543,3834,3844,2308,1545,706,140,10,4709,56102,1269,1658,1992,2106,1897,1934,2107,2407,3081,3550,4190,3752,3953,3860,4612,5092,3601,2733,1631,587,90,8642
2026,2026-01-01,01209,012092,北海道,夕張市,city,01209,5739,57,88,115,142,86,108,142,149,218,299,374,399,431,450,652,715,547,433,238,80,16,1314,2717,33,49,54,67,54,70,78,87,123,173,192,225,210,226,310,329,189,156,73,18,1,437,3022,24,39,61,75,32,38,64,62,95,126,182,174,221,224,342,386,358,277,165,62,15,877
2026,2026-01-01,01210,012106,北海道,岩見沢市,city,01210,72287,1513,2151,2733,2998,2695,2302,2727,3068,3696,4502,5529,4922,5275,5565,6140,6486,4300,3156,1885,561,83,9985,33684,796,1041,1394,1523,1368,1211,1395,1549,1855,2275,2685,2324,2533,2659,2793,2857,1664,1090,546,118,8,3426,38603,717,1110,1339,1475,1327,1091,1332,1519,1841,2227,2844,2598,2742,2906,3347,3629,2636,2066,1339,443,75,6559
2026,2026-01-01,01211,012114,北海道,網走市,city,01211,30857,768,966,1168,1351,1507,1231,1222,1404,1689,2045,2452,2043,2114,2148,2469,2661,1632,1112,624,214,37,3619,15178,356,486,596,747,867,707,665,771,898,1095,1321,1055,1029,1017,1137,1155,664,409,166,32,5,1276,15679,412,480,572,604,640,524,557,633,791,950,1131,988,1085,1131,1332,1506,968,703,458,182,32,2343
2026,2026-01-01,01212,012122,北海道,留萌市,city,01212,17414,348,445,569,597,596,657,614,696,915,1127,1305,1250,1267,1213,1542,1671,1170,850,427,130,25,2602,8434,181,231,281,317,356,400,354,397,473,583,722,652,639,564,676,728,428,285,137,26,4,880,8980,167,214,288,280,240,257,260,299,442,544,583,598,628,649,866,943,742,565,290,104,21,1722
2026,2026-01-01,01213,012131,北海道,苫小牧市,city,01213,162278,4421,5958,7116,7307,6435,6755,7678,8707,10282,11914,13549,10912,10432,10237,12215,12259,7548,5051,2525,852,125,16101,79404,2219,3075,3753,3731,3426,3707,4034,4580,5369,6047,7007,5452,5111,4888,5804,5382,3134,1796,711,170,8,5819,82874,2202,2883,3363,3576,3009,3048,3644,4127,4913,5867,6542,5460,5321,5349,6411,6877,4414,3255,1814,682,117,10282
2026,2026-01-01,01214,012149,北海道,稚内市,city,01214,28768,626,872,1097,1095,953,1083,1120,1320,1592,1956,2349,2150,2120,2035,2382,2548,1623,1133,572,125,17,3470,14337,315,450,577,562,549,650,623,723,882,1037,1316,1095,1061,964,1130,1131,647,410,186,29,0,1272,14431,311,422,520,533,404,433,497,597,710,919,1033,1055,1059,1071,1252,1417,976,723,386,96,17,2198
2026,2026-01-01,01215,012157,北海道,美唄市,city,01215,17777,261,401,479,597,587,486,582,593,811,1056,1323,1251,1332,1422,1662,1863,1293,986,594,171,27,3071,8465,134,213,260,307,309,293,313,348,422,539,707,622,667,683,780,800,512,342,174,38,2,1068,9312,127,188,219,290,278,193,269,245,389,517,616,629,665,739,882,1063,781,644,420,133,25,2003
2026,2026-01-01,01216,012165,北海道,芦別市,city,01216,10794,162,212,257,335,275,263,327,338,424,570,764,735,853,875,1074,1215,937,693,369,96,20,2115,4978,84,113,145,169,170,145,175,181,230,304,380,360,417,398,500,493,377,218,103,15,1,714,5816,78,99,112,166,105,118,152,157,194,266,384,375,436,477,574,722,560,475,266,81,19,1401
2026,2026-01-01,01217,012173,北海道,江別市,city,01217,116517,3552,4631,4987,5275,5291,3876,4967,6177,6632,7200,8555,8066,8561,8351,8902,8667,5776,3963,2267,720,101,12827,55241,1832,2335,2555,2669,2733,1999,2479,3096,3265,3477,4259,3832,4028,4074,4203,3895,2318,1381,635,161,15,4510,61276,1720,2296,2432,2606,2558,1877,2488,3081,3367,3723,4296,4234,4533,4277,4699,4772,3458,2582,1632,559,86,8317
2026,2026-01-01,01218,012181,北海道,赤平市,city,01218,8016,115,150,207,254,206,194,267,251,322,415,554,542,641,645,803,910,658,502,276,91,13,1540,3660,56,68,105,133,113,107,139,148,159,202,291,264,298,320,355,375,247,179,86,14,1,527,4356,59,82,102,121,93,87,128,103,163,213,263,278,343,325,448,535,411,323,190,77,12,1013
2026,2026-01-01,01219,012190,北海道,紋別市,city,01219,18603,376,516,633,645,576,641,762,806,990,1213,1327,1334,1442,1439,1573,1714,1186,821,452,130,27,2616,8918,184,253,342,349,313,347,439,430,546,641,679,675,707,691,729,716,448,265,136,24,4,877,9685,192,263,291,296,263,294,323,376,444,572,648,659,735,748,844,998,738,556,316,106,23,1739
2026,2026-01-01,01220,012203,北海道,士別市,city,01220,15825,287,407,503,597,459,460,460,563,775,950,1174,1103,1136,1241,1389,1562,1141,939,487,154,38,2759,7528,164,197,261,336,254,255,259,307,405,498,594,525,535,605,619,685,454,358,175,42,0,1029,8297,123,210,242,261,205,205,201,256,370,452,580,578,601,636,770,877,687,581,312,112,38,1730
2026,2026-01-01,01221,012211,北海道,名寄市,city,01221,24033,658,817,916,1043,1196,1050,1117,1177,1402,1483,1668,1552,1601,1541,1728,1952,1307,1009,592,195,29,3132,11653,360,397,510,481,572,598,646,649,736,783,848,783,807,734,790,852,521,369,170,45,2,1107,12380,298,420,406,562,624,452,471,528,666,700,820,769,794,807,938,1100,786,640,422,150,27,2025
2026,2026-01-01,01222,012220,北海道,三笠市,city,01222,6932,132,188,204,296,186,182,217,304,286,381,463,409,463,471,660,718,548,441,264,95,24,1372,3201,66,90,95,149,102,101,114,176,137,221,251,204,213,236,306,300,215,135,63,25,2,440,3731,66,98,109,147,84,81,103,128,149,160,212,205,250,235,354,418,333,306,201,70,22,932
2026,2026-01-01,01223,012238,北海道,根室市,city,01223,21089,462,581,750,818,699,797,838,903,1108,1292,1587,1580,1666,1585,1828,1789,1308,938,412,127,21,2806,10197,249,278,383,443,397,480,473,524,595,689,825,771,786,749,817,778,492,308,130,29,1,960,10892,213,303,367,375,302,317,365,379,513,603,762,809,880,836,1011,1011,816,630,282,98,20,1846
2026,2026-01-01,01224,012246,北海道,千歳市,city,01224,95389,3154,3869,4358,4686,5760,5451,5414,5774,6347,6962,7657,6547,5630,5107,5410,5492,3640,2495,1216,361,59,7771,48495,1615,1956,2233,2465,3295,3079,3018,3037,3357,3560,4040,3431,2905,2520,2558,2502,1444,998,388,88,6,2924,46894,1539,1913,2125,2221,2465,2372,2396,2737,2990,3402,3617,3116,2725,2587,2852,2990,2196,1497,828,273,53,4847
2026,2026-01-01,01225,012254,北海道,滝川市,city,01225,35683,841,1062,1236,1479,1344,1372,1441,1635,1867,2344,2784,2501,2527,2391,2887,3105,2096,1613,878,231,49,4867,16916,443,549,640,796,778,749,764,824,958,1189,1367,1236,1217,1159,1230,1335,797,550,283,43,9,1682,18767,398,513,596,683,566,623,677,811,909,1155,1417,1265,1310,1232,1657,1770,1299,1063,595,188,40,3185
2026,2026-01-01,01226,012262,北海道,砂川市,city,01226,14937,356,405,471,552,582,543,571,636,747,859,1091,963,1082,1051,1265,1405,992,762,408,159,37,2358,6922,171,210,235,277,281,289,294,316,384,425,547,457,516,495,567,624,390,266,127,43,8,834,8015,185,195,236,275,301,254,277,320,363,434,544,506,566,556,698,781,602,496,281,116,29,1524
2026,2026-01-01,01227,012271,北海道,歌志内市,city,01227,2451,31,35,34,60,64,44,50,51,102,149,152,141,183,227,309,304,220,160,100,32,3,515,1176,15,18,24,31,33,29,30,29,57,82,95,72,97,110,154,130,91,52,22,5,0,170,1275,16,17,10,29,31,15,20,22,45,67,57,69,86,117,155,174,129,108,78,27,3,345
2026,2026-01-01,01228,012289,北海道,深川市,city,01228,17625,352,457,566,617,522,508,563,583,853,1065,1213,1206,1306,1368,1556,1724,1376,980,592,190,28,3166,8169,157,232,284,329,266,272,303,306,459,536,602,557,673,674,689,733,513,368,167,48,1,1097,9456,195,225,282,288,256,236,260,277,394,529,611,649,633,694,867,991,863,612,425,142,27,2069
2026,2026-01-01,01229,012297,北海道,富良野市,city,01229,18567,450,573,733,726,603,698,661,846,972,1192,1480,1430,1381,1345,1461,1537,1069,803,455,121,31,2479,8816,211,294,374,361,298,363,330,443,508,594,751,720,668,631,698,677,401,301,168,22,3,895,9751,239,279,359,365,305,335,331,403,464,598,729,710,713,714,763,860,668,502,287,99,28,1584
2026,2026-01-01,01230,012301,北海道,登別市,city,01230,42221,861,1298,1498,1783,1493,1344,1633,1831,2191,2772,3376,2866,2838,2769,3547,4039,2888,1963,907,287,37,6082,20171,441,662,804,942,814,706,916,961,1110,1413,1727,1372,1318,1338,1679,1741,1179,724,266,51,7,2227,22050,420,636,694,841,679,638,717,870,1081,1359,1649,1494,1520,1431,1868,2298,1709,1239,641,236,30,3855
2026,2026-01-01,01231,012319,北海道,恵庭市,city,01231,68824,2066,2660,3111,3415,3320,3106,3315,3683,4246,4901,5432,4784,4470,4202,4642,4661,3060,2204,1136,357,53,6810,33473,1051,1387,1562,1752,1696,1670,1767,1895,2112,2468,2708,2351,2188,2086,2205,2093,1235,808,349,82,8,2482,35351,1015,1273,1549,1663,1624,1436,1548,1788,2134,2433,2724,2433,2282,2116,2437,2568,1825,1396,787,275,45,4328
2026,2026-01-01,01233,012335,北海道,伊達市,city,01233,30150,655,882,1138,1244,892,933,1049,1184,1522,1952,2479,2147,2032,2174,2540,2844,1975,1424,804,231,49,4483,14027,340,449,576,626,495,482,563,601,743,956,1247,998,970,1017,1159,1228,767,503,249,52,6,1577,16123,315,433,562,618,397,451,486,583,779,996,1232,1149,1062,1157,1381,1616,1208,921,555,179,43,2906
2026,2026-01-01,01234,012343,北海道,北広島市,city,01234,55394,1299,1932,2353,2597,2209,1769,2002,2453,3071,3743,4635,3970,3851,3843,4389,4817,3136,1954,974,342,55,6461,26501,705,1007,1199,1355,1124,898,992,1244,1513,1856,2271,1981,1847,1839,2034,2130,1327,798,303,66,12,2506,28893,594,925,1154,1242,1085,871,1010,1209,1558,1887,2364,1989,2004,2004,2355,2687,1809,1156,671,276,43,3955
2026,2026-01-01,01235,012351,北海道,石狩市,city,01235,55811,1638,2223,2477,2653,2136,1609,2168,2660,3302,4061,4494,3665,3372,3376,4501,5175,3036,1888,960,354,63,6301,27039,868,1181,1244,1356,1058,820,1090,1351,1677,2063,2325,1888,1681,1602,2088,2355,1308,712,284,79,9,2392,28772,770,1042,1233,1297,1078,789,1078,1309,1625,1998,2169,1777,1691,1774,2413,2820,1728,1176,676,275,54,3909
2026,2026-01-01,01236,012360,北海道,北斗市,city,01236,41780,967,1439,1789,2069,1574,1508,1596,1871,2360,2905,3635,3236,3079,2899,3215,3209,2000,1377,787,235,30,4429,19781,472,741,946,1053,790,796,808,915,1207,1438,1780,1557,1468,1402,1507,1407,780,451,224,36,3,1494,21999,495,698,843,1016,784,712,788,956,1153,1467,1855,1679,1611,1497,1708,1802,1220,926,563,199,27,2935
2026,2026-01-01,01303,013030,北海道,石狩郡当別町,town,01303,14701,336,396,420,553,644,527,521,641,663,748,1074,1129,1358,1268,1256,1265,882,601,291,107,21,1902,7177,159,207,216,271,334,276,280,337,332,398,552,549,657,673,650,568,372,235,85,24,2,718,7524,177,189,204,282,310,251,241,304,331,350,522,580,701,595,606,697,510,366,206,83,19,1184
2026,2026-01-01,01304,013048,北海道,石狩郡新篠津村,village,01304,2664,57,75,103,104,82,76,95,103,125,166,201,180,189,177,214,237,181,172,87,36,4,480,1285,34,40,55,55,47,42,60,48,61,82,109,97,100,94,97,113,58,57,28,5,3,151,1379,23,35,48,49,35,34,35,55,64,84,92,83,89,83,117,124,123,115,59,31,1,329
2026,2026-01-01,01331,013315,北海道,松前郡松前町,town,01331,5554,61,94,109,117,99,118,149,152,184,289,394,389,400,483,642,723,524,359,203,57,8,1151,2646,29,41,63,60,52,77,81,85,102,160,222,211,197,239,316,319,187,131,62,12,0,392,2908,32,53,46,57,47,41,68,67,82,129,172,178,203,244,326,404,337,228,141,45,8,759
2026,2026-01-01,01332,013323,北海道,松前郡福島町,town,01332,3247,55,67,77,101,79,73,84,93,133,161,207,212,232,293,409,369,259,208,105,27,3,602,1536,34,30,33,50,46,41,39,52,74,92,110,113,112,136,198,165,101,74,34,2,0,211,1711,21,37,44,51,33,32,45,41,59,69,97,99,120,157,211,204,158,134,71,25,3,391
2026,2026-01-01,01333,013331,北海道,上磯郡知内町,town,01333,3634,60,72,114,136,108,114,125,165,187,200,233,236,268,307,369,368,242,194,105,26,5,572,1803,35,38,51,75,57,71,77,98,102,100,118,118,138,151,191,175,93,73,38,4,0,208,1831,25,34,63,61,51,43,48,67,85,100,115,118,130,156,178,193,149,121,67,22,5,364
2026,2026-01-01,01334,013340,北海道,上磯郡木古内町,town,01334,3381,51,42,77,87,69,79,89,112,116,150,238,215,272,287,394,387,320,225,138,28,5,716,1595,25,29,36,41,45,48,49,61,67,77,128,116,140,131,199,154,110,91,41,7,0,249,1786,26,13,41,46,24,31,40,51,49,73,110,99,132,156,195,233,210,134,97,21,5,467
2026,2026-01-01,01337,013374,北海道,亀田郡七飯町,town,01337,26621,690,1052,1128,1117,809,830,1041,1286,1523,1752,2138,1852,1876,1853,2257,2203,1441,994,569,189,21,3214,12379,354,547,567,552,429,441,524,619,751,848,1033,859,862,872,1041,974,586,326,157,37,0,1106,14242,336,505,561,565,380,389,517,667,772,904,1105,993,1014,981,1216,1229,855,668,412,152,21,2108
2026,2026-01-01,01343,013439,北海道,茅部郡鹿部町,town,01343,3272,55,81,113,132,83,61,111,134,155,178,214,258,246,296,308,366,261,153,52,14,1,481,1577,26,39,54,74,46,35,56,63,86,87,113,128,126,139,154,159,112,66,10,4,0,192,1695,29,42,59,58,37,26,55,71,69,91,101,130,120,157,154,207,149,87,42,10,1,289
2026,2026-01-01,01345,013455,北海道,茅部郡森町,town,01345,12661,220,292,446,465,383,401,346,461,627,797,989,957,889,983,1250,1344,814,592,292,99,14,1811,6031,101,125,230,247,208,241,193,250,324,418,521,492,426,478,563,591,311,209,88,12,3,623,6630,119,167,216,218,175,160,153,211,303,379,468,465,463,505,687,753,503,383,204,87,11,1188
2026,2026-01-01,01346,013463,北海道,二海郡八雲町,town,01346,13673,294,391,494,509,472,517,540,601,712,894,996,939,1020,1022,1227,1275,757,555,322,113,23,1770,6730,148,206,253,277,271,299,299,325,388,493,544,472,502,500,558,566,296,209,97,24,3,629,6943,146,185,241,232,201,218,241,276,324,401,452,467,518,522,669,709,461,346,225,89,20,1141
2026,2026-01-01,01347,013471,北海道,山越郡長万部町,town,01347,4284,86,90,143,140,116,137,130,175,216,235,278,251,337,350,435,398,277,262,168,53,7,767,2052,37,50,69,63,73,83,68,103,107,131,164,137,152,177,210,188,98,81,37,22,2,240,2232,49,40,74,77,43,54,62,72,109,104,114,114,185,173,225,210,179,181,131,31,5,527
2026,2026-01-01,01361,013617,北海道,檜山郡江差町,town,01361,6359,104,155,157,204,225,282,236,251,302,417,500,489,426,445,591,568,418,311,203,63,12,1007,3068,54,79,81,92,149,156,139,141,166,227,264,242,204,220,274,250,165,103,51,10,1,330,3291,50,76,76,112,76,126,97,110,136,190,236,247,222,225,317,318,253,208,152,53,11,677
2026,2026-01-01,01362,013625,北海道,檜山郡上ノ国町,town,01362,3946,51,101,128,133,110,88,86,139,166,230,278,267,318,346,381,448,302,213,122,33,6,676,1846,24,49,70,58,63,41,52,70,85,113,146,140,156,171,180,211,104,72,37,3,1,217,2100,27,52,58,75,47,47,34,69,81,117,132,127,162,175,201,237,198,141,85,30,5,459
2026,2026-01-01,01363,013633,北海道,檜山郡厚沢部町,town,01363,3149,47,83,130,112,71,63,78,113,166,174,215,206,252,263,322,307,215,181,113,32,6,547,1510,29,43,74,62,37,33,39,61,83,100,97,107,127,133,149,149,86,64,33,4,0,187,1639,18,40,56,50,34,30,39,52,83,74,118,99,125,130,173,158,129,117,80,28,6,360
2026,2026-01-01,01364,013641,北海道,爾志郡乙部町,town,01364,2983,51,60,82,109,88,56,79,100,116,155,215,202,221,227,299,338,233,213,98,38,3,585,1368,27,33,46,60,49,28,41,53,58,79,110,97,103,114,133,144,74,84,32,3,0,193,1615,24,27,36,49,39,28,38,47,58,76,105,105,118,113,166,194,159,129,66,35,3,392
2026,2026-01-01,01367,013676,北海道,奥尻郡奥尻町,town,01367,2068,30,41,59,78,60,66,74,103,115,124,124,133,127,185,206,197,136,121,65,21,3,346,1105,14,21,33,48,40,40,53,69,77,77,85,80,64,89,101,85,56,38,28,7,0,129,963,16,20,26,30,20,26,21,34,38,47,39,53,63,96,105,112,80,83,37,14,3,217
2026,2026-01-01,01370,013706,北海道,瀬棚郡今金町,town,01370,4316,79,113,156,155,114,109,140,161,217,265,311,274,330,309,417,421,316,216,139,64,10,745,2083,44,56,73,83,64,68,73,89,117,147,173,135,154,160,198,178,133,78,43,16,1,271,2233,35,57,83,72,50,41,67,72,100,118,138,139,176,149,219,243,183,138,96,48,9,474
2026,2026-01-01,01371,013714,北海道,久遠郡せたな町,town,01371,6363,101,129,175,205,165,153,155,183,304,348,487,411,432,494,725,676,525,401,206,78,10,1220,3026,49,59,97,108,95,93,85,98,159,188,252,214,203,245,367,277,209,159,53,15,1,437,3337,52,70,78,97,70,60,70,85,145,160,235,197,229,249,358,399,316,242,153,63,9,783
2026,2026-01-01,01391,013919,北海道,島牧郡島牧村,village,01391,1226,24,37,37,25,25,29,57,61,54,70,81,98,86,84,102,117,92,82,45,16,4,239,615,16,17,19,12,19,21,34,42,31,43,46,53,45,45,53,52,30,23,9,4,1,67,611,8,20,18,13,6,8,23,19,23,27,35,45,41,39,49,65,62,59,36,12,3,172
2026,2026-01-01,01392,013927,北海道,寿都郡寿都町,town,01392,2455,66,63,99,80,54,91,101,89,132,155,178,145,157,195,230,234,175,115,67,25,4,386,1239,39,36,53,44,32,52,64,49,76,94,113,72,77,96,108,110,65,34,19,5,1,124,1216,27,27,46,36,22,39,37,40,56,61,65,73,80,99,122,124,110,81,48,20,3,262
2026,2026-01-01,01393,013935,北海道,寿都郡黒松内町,town,01393,2296,45,73,118,111,75,74,74,93,121,136,166,159,149,177,190,179,133,113,78,24,8,356,1106,24,38,61,57,30,36,45,53,64,84,88,84,75,94,87,78,39,45,20,2,2,108,1190,21,35,57,54,45,38,29,40,57,52,78,75,74,83,103,101,94,68,58,22,6,248
2026,2026-01-01,01394,013943,北海道,磯谷郡蘭越町,town,01394,4192,107,149,165,152,116,127,127,174,256,242,287,289,300,325,386,356,259,209,120,38,8,634,2003,47,72,76,80,61,70,76,85,125,138,130,149,157,155,198,155,104,77,37,10,1,229,2189,60,77,89,72,55,57,51,89,131,104,157,140,143,170,188,201,155,132,83,28,7,405
2026,2026-01-01,01395,013951,北海道,虻田郡ニセコ町,town,01395,4461,130,220,254,242,119,133,165,234,314,374,417,292,304,278,289,287,159,129,79,39,3,409,2194,68,114,139,141,68,75,84,101,160,165,214,138,165,134,152,140,63,41,24,8,0,136,2267,62,106,115,101,51,58,81,133,154,209,203,154,139,144,137,147,96,88,55,31,3,273
2026,2026-01-01,01396,013960,北海道,虻田郡真狩村,village,01396,1811,66,62,69,73,46,54,49,82,112,157,119,94,131,137,149,144,107,72,61,22,5,267,900,33,36,35,41,28,35,27,42,55,85,66,47,68,69,77,64,43,29,17,2,1,92,911,33,26,34,32,18,19,22,40,57,72,53,47,63,68,72,80,64,43,44,20,4,175
2026,2026-01-01,01397,013978,北海道,虻田郡留寿都村,village,01397,1611,42,69,66,87,75,62,78,92,111,112,110,106,114,121,110,85,64,58,29,16,4,171,835,21,37,36,44,37,34,49,49,56,63,59,61,66,64,53,40,26,22,13,4,1,66,776,21,32,30,43,38,28,29,43,55,49,51,45,48,57,57,45,38,36,16,12,3,105
2026,2026-01-01,01398,013986,北海道,虻田郡喜茂別町,town,01398,1785,41,51,49,57,53,66,53,76,103,121,150,123,128,119,136,160,133,92,53,19,2,299,904,18,24,25,36,31,34,29,42,60,69,92,65,65,60,60,81,53,41,12,6,1,113,881,23,27,24,21,22,32,24,34,43,52,58,58,63,59,76,79,80,51,41,13,1,186
2026,2026-01-01,01399,013994,北海道,虻田郡京極町,town,01399,2597,64,81,99,133,87,74,80,122,116,195,233,190,167,166,202,221,135,128,80,19,5,367,1272,31,40,59,66,48,42,40,68,61,100,124,101,81,78,100,103,59,42,23,6,0,130,1325,33,41,40,67,39,32,40,54,55,95,109,89,86,88,102,118,76,86,57,13,5,237
2026,2026-01-01,01400,014001,北海道,虻田郡倶知安町,town,01400,13118,433,518,644,553,662,717,722,717,982,1025,1095,852,766,717,753,832,516,367,179,58,10,1130,6728,221,293,322,305,371,419,394,389,523,534,614,473,394,350,345,378,200,128,59,15,1,403,6390,212,225,322,248,291,298,328,328,459,491,481,379,372,367,408,454,316,239,120,43,9,727
2026,2026-01-01,01401,014010,北海道,岩内郡共和町,town,01401,5239,181,161,207,200,196,245,258,246,263,295,409,359,372,342,394,385,298,248,137,30,13,726,2687,90,78,110,110,124,165,155,143,139,156,223,187,198,170,194,185,114,100,36,8,2,260,2552,91,83,97,90,72,80,103,103,124,139,186,172,174,172,200,200,184,148,101,22,11,466
2026,2026-01-01,01402,014028,北海道,岩内郡岩内町,town,01402,10467,201,267,351,373,300,354,430,421,557,623,813,830,830,734,933,947,676,516,232,72,7,1503,5013,105,139,192,188,168,216,251,234,287,320,428,416,398,364,447,379,242,158,70,9,2,481,5454,96,128,159,185,132,138,179,187,270,303,385,414,432,370,486,568,434,358,162,63,5,1022
2026,2026-01-01,01403,014036,北海道,古宇郡泊村,village,01403,1370,38,43,35,49,47,57,77,47,57,84,95,82,95,97,120,101,104,71,47,23,1,246,677,17,20,18,30,24,32,53,33,30,51,58,44,42,55,60,35,46,19,9,1,0,75,693,21,23,17,19,23,25,24,14,27,33,37,38,53,42,60,66,58,52,38,22,1,171
2026,2026-01-01,01404,014044,北海道,古宇郡神恵内村,village,01404,717,5,16,21,29,13,17,18,22,34,40,53,63,47,62,85,68,45,36,27,15,1,124,347,2,6,9,12,7,9,9,17,21,21,28,35,27,33,42,31,17,12,4,5,0,38,370,3,10,12,17,6,8,9,5,13,19,25,28,20,29,43,37,28,24,23,10,1,86
2026,2026-01-01,01405,014052,北海道,積丹郡積丹町,town,01405,1608,32,38,45,45,49,40,45,43,55,71,114,129,117,130,161,184,118,100,67,21,4,310,751,16,19,28,22,28,25,30,21,28,39,55,72,65,62,64,81,44,30,20,2,0,96,857,16,19,17,23,21,15,15,22,27,32,59,57,52,68,97,103,74,70,47,19,4,214
2026,2026-01-01,01406,014061,北海道,古平郡古平町,town,01406,2453,28,54,68,76,59,47,70,63,116,145,190,200,198,201,236,242,188,156,81,32,3,460,1172,13,31,36,33,36,27,39,35,62,94,90,103,97,104,128,91,72,56,19,6,0,153,1281,15,23,32,43,23,20,31,28,54,51,100,97,101,97,108,151,116,100,62,26,3,307
2026,2026-01-01,01407,014079,北海道,余市郡仁木町,town,01407,2918,66,102,121,130,65,73,81,118,143,193,197,191,215,207,284,299,199,136,62,27,9,433,1434,29,54,60,73,40,43,48,65,70,102,100,108,112,105,140,136,83,44,16,6,0,149,1484,37,48,61,57,25,30,33,53,73,91,97,83,103,102,144,163,116,92,46,21,9,284
2026,2026-01-01,01408,014087,北海道,余市郡余市町,town,01408,16401,362,477,567,638,490,524,595,655,837,969,1207,1120,1161,1185,1523,1623,1032,847,421,146,22,2468,7684,190,245,295,315,270,279,318,359,429,493,606,541,563,539,727,684,399,289,112,25,6,831,8717,172,232,272,323,220,245,277,296,408,476,601,579,598,646,796,939,633,558,309,121,16,1637
2026,2026-01-01,01409,014095,北海道,余市郡赤井川村,village,01409,933,17,33,34,50,32,35,32,35,68,60,84,57,69,49,76,79,51,42,21,8,1,123,473,8,17,17,23,17,24,18,20,40,32,44,31,36,24,34,42,22,15,8,1,0,46,460,9,16,17,27,15,11,14,15,28,28,40,26,33,25,42,37,29,27,13,7,1,77
2026,2026-01-01,01423,014231,北海道,空知郡南幌町,town,01423,8072,371,400,286,246,203,313,422,495,444,381,481,546,742,666,597,576,355,299,190,49,10,903,3916,207,214,134,133,112,154,222,240,225,206,246,239,376,325,297,257,143,104,69,12,1,329,4156,164,186,152,113,91,159,200,255,219,175,235,307,366,341,300,319,212,195,121,37,9,574
2026,2026-01-01,01424,014249,北海道,空知郡奈井江町,town,01424,4571,78,130,154,164,173,128,141,177,180,275,342,322,331,358,427,413,330,271,133,32,12,778,2173,40,65,75,94,102,68,75,92,90,140,177,156,167,184,197,183,125,91,41,9,2,268,2398,38,65,79,70,71,60,66,85,90,135,165,166,164,174,230,230,205,180,92,23,10,510
2026,2026-01-01,01425,014257,北海道,空知郡上砂川町,town,01425,2213,30,36,64,62,45,64,53,78,69,119,173,137,143,151,243,260,213,164,83,25,1,486,1045,15,23,34,35,27,30,36,43,33,66,91,75,69,72,117,122,83,45,25,4,0,157,1168,15,13,30,27,18,34,17,35,36,53,82,62,74,79,126,138,130,119,58,21,1,329
2026,2026-01-01,01427,014273,北海道,夕張郡由仁町,town,01427,4397,83,109,174,145,123,99,95,180,219,261,290,280,354,340,431,411,328,285,139,42,9,803,2111,39,56,98,80,64,63,50,100,118,144,153,129,173,167,215,182,114,112,40,12,2,280,2286,44,53,76,65,59,36,45,80,101,117,137,151,181,173,216,229,214,173,99,30,7,523
2026,2026-01-01,01428,014281,北海道,夕張郡長沼町,town,01428,9679,244,287,354,410,300,307,311,447,529,544,688,669,747,745,810,823,594,465,287,100,18,1464,4625,128,144,179,214,169,165,152,234,260,283,357,332,377,367,394,358,247,164,81,19,1,512,5054,116,143,175,196,131,142,159,213,269,261,331,337,370,378,416,465,347,301,206,81,17,952
2026,2026-01-01,01429,014290,北海道,夕張郡栗山町,town,01429,10401,195,293,391,376,355,303,306,445,514,656,769,699,736,696,897,1006,724,598,321,105,16,1764,4868,112,134,179,171,194,163,162,218,276,337,383,355,368,356,408,460,258,215,94,21,4,592,5533,83,159,212,205,161,140,144,227,238,319,386,344,368,340,489,546,466,383,227,84,12,1172
2026,2026-01-01,01430,014303,北海道,樺戸郡月形町,town,01430,2614,64,50,65,68,64,83,111,107,122,160,193,172,204,190,230,246,179,164,93,41,8,485,1356,25,24,38,30,49,49,70,69,67,106,124,94,109,104,118,117,69,51,35,8,0,163,1258,39,26,27,38,15,34,41,38,55,54,69,78,95,86,112,129,110,113,58,33,8,322
2026,2026-01-01,01431,014311,北海道,樺戸郡浦臼町,town,01431,1531,38,55,56,53,42,31,44,58,83,92,97,77,87,107,165,149,127,94,51,21,4,297,747,16,24,27,36,26,17,20,37,52,43,54,33,38,54,84,66,57,36,18,9,0,120,784,22,31,29,17,16,14,24,21,31,49,43,44,49,53,81,83,70,58,33,12,4,177
2026,2026-01-01,01432,014320,北海道,樺戸郡新十津川町,town,01432,6099,185,242,274,251,167,158,216,298,297,344,406,416,413,427,480,557,369,347,192,54,6,968,2856,96,140,121,124,94,85,104,140,155,175,177,208,213,223,224,236,152,120,56,10,3,341,3243,89,102,153,127,73,73,112,158,142,169,229,208,200,204,256,321,217,227,136,44,3,627
2026,2026-01-01,01433,014338,北海道,雨竜郡妹背牛町,town,01433,2471,38,49,71,95,63,54,60,86,101,140,151,171,164,177,258,285,192,161,102,43,10,508,1158,18,24,33,56,33,29,33,48,55,77,76,74,90,90,113,127,68,67,33,14,0,182,1313,20,25,38,39,30,25,27,38,46,63,75,97,74,87,145,158,124,94,69,29,10,326
2026,2026-01-01,01434,014346,北海道,雨竜郡秩父別町,town,01434,2117,48,66,85,67,39,89,67,94,115,109,118,147,147,172,167,195,163,115,83,27,4,392,993,27,32,39,31,22,51,42,46,58,53,63,71,65,87,84,87,64,42,25,4,0,135,1124,21,34,46,36,17,38,25,48,57,56,55,76,82,85,83,108,99,73,58,23,4,257
2026,2026-01-01,01436,014362,北海道,雨竜郡雨竜町,town,01436,1967,37,48,78,65,51,53,79,67,101,129,127,127,150,132,184,201,122,124,66,19,7,338,957,19,24,36,38,27,31,45,38,59,71,68,75,63,61,97,88,46,50,19,1,1,117,1010,18,24,42,27,24,22,34,29,42,58,59,52,87,71,87,113,76,74,47,18,6,221
2026,2026-01-01,01437,014371,北海道,雨竜郡北竜町,town,01437,1540,34,52,49,53,38,28,60,70,63,91,93,96,98,130,119,146,135,102,62,19,2,320,737,14,28,22,24,21,17,36,36,30,50,48,45,52,60,54,64,62,47,22,4,1,136,803,20,24,27,29,17,11,24,34,33,41,45,51,46,70,65,82,73,55,40,15,1,184
2026,2026-01-01,01438,014389,北海道,雨竜郡沼田町,town,01438,2701,45,81,81,95,96,71,85,110,103,149,177,168,204,214,217,272,191,178,118,40,6,533,1314,23,38,36,54,52,49,44,65,58,81,96,86,97,113,103,128,76,62,43,10,0,191,1387,22,43,45,41,44,22,41,45,45,68,81,82,107,101,114,144,115,116,75,30,6,342
2026,2026-01-01,01452,014524,北海道,上川郡鷹栖町,town,01452,6387,200,238,263,328,238,191,188,270,305,453,534,439,431,444,496,539,375,248,153,47,7,830,3040,93,130,140,180,110,94,97,133,155,206,271,207,217,212,231,243,156,103,52,9,1,321,3347,107,108,123,148,128,97,91,137,150,247,263,232,214,232,265,296,219,145,101,38,6,509
2026,2026-01-01,01453,014532,北海道,上川郡東神楽町,town,01453,9580,268,455,559,513,339,262,315,470,636,681,797,715,668,658,654,625,429,295,184,51,6,965,4534,143,224,305,261,151,129,163,226,299,344,377,313,323,322,311,287,184,102,59,11,0,356,5046,125,231,254,252,188,133,152,244,337,337,420,402,345,336,343,338,245,193,125,40,6,609
2026,2026-01-01,01454,014541,北海道,上川郡当麻町,town,01454,5904,161,203,249,216,151,164,207,240,299,335,397,369,424,433,474,577,374,354,201,59,17,1005,2744,94,101,111,114,80,80,105,133,145,169,205,172,201,211,214,274,150,118,60,6,1,335,3160,67,102,138,102,71,84,102,107,154,166,192,197,223,222,260,303,224,236,141,53,16,670
2026,2026-01-01,01455,014559,北海道,上川郡比布町,town,01455,3282,72,104,135,119,85,75,96,140,171,178,243,202,231,253,282,302,224,214,107,44,5,594,1546,39,58,59,56,38,38,46,82,84,86,128,104,104,143,131,138,87,84,31,9,1,212,1736,33,46,76,63,47,37,50,58,87,92,115,98,127,110,151,164,137,130,76,35,4,382
2026,2026-01-01,01456,014567,北海道,上川郡愛別町,town,01456,2276,42,46,82,73,53,62,44,86,88,129,149,140,154,180,217,250,199,151,95,30,6,481,1102,17,29,54,38,26,33,30,41,52,62,78,69,87,88,107,106,86,58,35,4,2,185,1174,25,17,28,35,27,29,14,45,36,67,71,71,67,92,110,144,113,93,60,26,4,296
2026,2026-01-01,01457,014575,北海道,上川郡上川町,town,01457,2888,47,70,77,95,108,102,89,112,131,166,164,191,186,202,264,306,217,197,129,32,3,578,1371,28,37,38,40,55,57,48,65,63,85,89,103,99,98,125,126,89,75,42,9,0,215,1517,19,33,39,55,53,45,41,47,68,81,75,88,87,104,139,180,128,122,87,23,3,363
2026,2026-01-01,01458,014583,北海道,上川郡東川町,town,01458,8119,279,428,422,378,257,214,269,396,498,614,665,537,472,428,570,661,448,326,181,74,2,1031,3842,142,223,217,198,116,119,126,191,217,301,327,264,234,217,267,305,176,117,65,19,1,378,4277,137,205,205,180,141,95,143,205,281,313,338,273,238,211,303,356,272,209,116,55,1,653
2026,2026-01-01,01459,014591,北海道,上川郡美瑛町,town,01459,8931,197,242,346,317,297,261,334,345,462,539,676,655,688,609,757,756,568,485,313,72,12,1450,4161,109,106,162,145,140,155,169,189,211,273,337,315,336,306,348,343,234,176,86,18,3,517,4770,88,136,184,172,157,106,165,156,251,266,339,340,352,303,409,413,334,309,227,54,9,933
2026,2026-01-01,01460,014605,北海道,空知郡上富良野町,town,01460,9325,248,303,389,396,426,408,402,444,539,640,625,593,605,612,670,784,482,450,228,75,6,1241,4687,124,164,213,228,282,260,231,259,274,337,320,296,312,289,304,351,187,160,78,17,1,443,4638,124,139,176,168,144,148,171,185,265,303,305,297,293,323,366,433,295,290,150,58,5,798
2026,2026-01-01,01461,014613,北海道,空知郡中富良野町,town,01461,4280,112,161,168,193,119,132,150,161,213,303,260,284,337,329,339,358,251,220,142,43,5,661,2020,50,85,75,96,57,81,77,82,100,165,116,145,163,162,159,169,100,79,51,7,1,238,2260,62,76,93,97,62,51,73,79,113,138,144,139,174,167,180,189,151,141,91,36,4,423
2026,2026-01-01,01462,014621,北海道,空知郡南富良野町,town,01462,2087,47,68,88,60,80,81,84,116,120,135,173,176,128,158,152,145,112,88,55,19,2,276,1060,25,35,40,30,46,54,44,58,64,77,105,88,66,82,80,69,37,43,12,3,2,97,1027,22,33,48,30,34,27,40,58,56,58,68,88,62,76,72,76,75,45,43,16,0,179
2026,2026-01-01,01463,014630,北海道,勇払郡占冠村,village,01463,982,17,29,26,33,91,42,52,41,44,75,87,63,73,68,69,78,31,30,28,5,0,94,489,10,12,13,15,45,20,34,25,21,44,49,27,38,35,33,39,11,7,10,1,0,29,493,7,17,13,18,46,22,18,16,23,31,38,36,35,33,36,39,20,23,18,4,0,65
2026,2026-01-01,01464,014648,北海道,上川郡和寒町,town,01464,2734,44,71,105,110,70,64,73,83,138,170,168,194,161,220,222,292,236,176,88,44,5,549,1297,23,45,56,54,30,43,45,47,66,89,94,98,84,95,106,122,92,72,22,11,3,200,1437,21,26,49,56,40,21,28,36,72,81,74,96,77,125,116,170,144,104,66,33,2,349
2026,2026-01-01,01465,014656,北海道,上川郡剣淵町,town,01465,2672,50,86,77,117,81,80,86,98,148,172,178,151,177,235,264,229,171,132,101,33,6,443,1311,21,46,38,73,39,44,48,54,79,103,93,70,87,118,120,117,65,47,37,11,1,161,1361,29,40,39,44,42,36,38,44,69,69,85,81,90,117,144,112,106,85,64,22,5,282
2026,2026-01-01,01468,014681,北海道,上川郡下川町,town,01468,2727,49,96,86,113,72,72,66,113,148,195,219,184,187,189,229,261,187,149,76,32,4,448,1317,25,45,41,64,39,39,34,63,72,102,117,101,97,95,99,117,77,55,28,5,2,167,1410,24,51,45,49,33,33,32,50,76,93,102,83,90,94,130,144,110,94,48,27,2,281
2026,2026-01-01,01469,014699,北海道,中川郡美深町,town,01469,3517,74,103,111,128,93,110,98,145,149,253,263,227,260,243,329,314,239,209,111,54,4,617,1714,43,50,66,66,57,66,53,82,80,132,150,114,131,113,142,152,92,75,36,14,0,217,1803,31,53,45,62,36,44,45,63,69,121,113,113,129,130,187,162,147,134,75,40,4,400
2026,2026-01-01,01470,014702,北海道,中川郡音威子府村,village,01470,587,7,10,10,119,12,30,32,19,33,29,32,23,34,59,44,35,21,25,10,3,0,59,309,3,3,5,37,11,25,22,11,19,21,22,12,21,33,25,16,11,6,5,1,0,23,278,4,7,5,82,1,5,10,8,14,8,10,11,13,26,19,19,10,19,5,2,0,36
2026,2026-01-01,01471,014711,北海道,中川郡中川町,town,01471,1246,26,35,55,42,35,53,46,50,65,76,85,91,94,88,84,107,83,84,38,7,2,214,650,10,21,31,21,17,36,32,28,40,45,48,47,54,40,38,54,31,39,16,2,0,88,596,16,14,24,21,18,17,14,22,25,31,37,44,40,48,46,53,52,45,22,5,2,126
2026,2026-01-01,01472,014729,北海道,雨竜郡幌加内町,town,01472,1183,26,31,30,92,38,37,26,51,72,67,80,80,69,76,81,107,87,72,50,7,4,220,593,10,16,17,63,25,19,17,31,38,39,40,46,30,40,36,51,32,29,11,3,0,75,590,16,15,13,29,13,18,9,20,34,28,40,34,39,36,45,56,55,43,39,4,4,145
2026,2026-01-01,01481,014818,北海道,増毛郡増毛町,town,01481,3393,48,79,114,113,90,69,81,122,166,167,255,221,262,239,339,374,270,192,134,46,12,654,1575,24,34,61,66,48,43,39,66,86,77,139,116,132,114,145,163,114,58,41,8,1,222,1818,24,45,53,47,42,26,42,56,80,90,116,105,130,125,194,211,156,134,93,38,11,432
2026,2026-01-01,01482,014826,北海道,留萌郡小平町,town,01482,2462,40,76,88,82,54,50,78,93,121,135,188,187,199,189,239,208,188,149,64,28,6,435,1180,16,38,52,46,35,30,46,45,59,68,100,98,102,95,114,92,63,50,20,10,1,144,1282,24,38,36,36,19,20,32,48,62,67,88,89,97,94,125,116,125,99,44,18,5,291
2026,2026-01-01,01483,014834,北海道,苫前郡苫前町,town,01483,2539,53,90,91,106,69,88,86,93,115,136,171,194,187,182,225,209,176,159,79,24,6,444,1237,28,53,47,58,45,52,49,43,58,76,94,93,104,83,108,86,65,64,28,3,0,160,1302,25,37,44,48,24,36,37,50,57,60,77,101,83,99,117,123,111,95,51,21,6,284
2026,2026-01-01,01484,014842,北海道,苫前郡羽幌町,town,01484,5674,84,138,198,221,154,159,167,216,274,328,409,386,361,399,531,578,447,343,192,67,22,1071,2750,45,83,106,122,95,99,93,115,148,185,221,215,180,201,236,250,154,119,57,22,4,356,2924,39,55,92,99,59,60,74,101,126,143,188,171,181,198,295,328,293,224,135,45,18,715
2026,2026-01-01,01485,014851,北海道,苫前郡初山別村,village,01485,945,16,22,37,30,32,30,27,50,33,50,62,79,84,84,79,78,57,51,30,14,0,152,464,6,11,15,18,17,20,15,25,20,28,27,40,45,44,41,36,23,20,12,1,0,56,481,10,11,22,12,15,10,12,25,13,22,35,39,39,40,38,42,34,31,18,13,0,96
2026,2026-01-01,01486,014869,北海道,天塩郡遠別町,town,01486,2081,38,58,84,74,55,67,67,84,83,111,154,142,161,167,207,190,137,114,58,26,4,339,1016,15,32,37,42,34,40,39,49,42,63,88,76,77,90,99,80,47,35,24,4,3,113,1065,23,26,47,32,21,27,28,35,41,48,66,66,84,77,108,110,90,79,34,22,1,226
2026,2026-01-01,01487,014877,北海道,天塩郡天塩町,town,01487,2457,54,62,81,90,54,90,87,105,119,180,164,164,195,191,240,234,132,109,73,29,4,347,1254,30,36,46,39,35,61,46,58,64,105,91,97,100,106,119,103,53,34,24,6,1,118,1203,24,26,35,51,19,29,41,47,55,75,73,67,95,85,121,131,79,75,49,23,3,229
2026,2026-01-01,01511,015113,北海道,宗谷郡猿払村,village,01511,2362,87,111,122,122,111,105,124,140,161,149,164,155,168,170,157,129,80,58,36,9,4,187,1200,40,65,59,55,56,51,69,80,85,86,96,85,83,87,81,57,30,21,11,3,0,65,1162,47,46,63,67,55,54,55,60,76,63,68,70,85,83,76,72,50,37,25,6,4,122
2026,2026-01-01,01512,015121,北海道,枝幸郡浜頓別町,town,01512,3007,70,74,99,103,92,148,128,142,148,210,229,188,195,221,293,281,167,133,59,23,4,386,1508,34,37,37,56,52,86,75,80,86,116,125,99,110,106,139,123,75,48,19,5,0,147,1499,36,37,62,47,40,62,53,62,62,94,104,89,85,115,154,158,92,85,40,18,4,239
2026,2026-01-01,01513,015130,北海道,枝幸郡中頓別町,town,01513,1413,27,43,43,42,47,45,52,50,67,116,111,98,86,107,116,126,93,67,45,26,6,237,703,15,21,24,25,25,23,32,29,36,69,60,51,50,57,55,46,40,27,13,4,1,85,710,12,22,19,17,22,22,20,21,31,47,51,47,36,50,61,80,53,40,32,22,5,152
2026,2026-01-01,01514,015148,北海道,枝幸郡枝幸町,town,01514,6715,158,194,218,284,240,261,261,296,346,428,553,453,498,470,584,590,406,281,137,51,6,881,3314,85,92,118,140,141,165,154,163,192,226,311,221,234,233,251,271,162,106,37,11,1,317,3401,73,102,100,144,99,96,107,133,154,202,242,232,264,237,333,319,244,175,100,40,5,564
2026,2026-01-01,01516,015164,北海道,天塩郡豊富町,town,01516,3375,72,105,125,119,107,122,138,160,218,227,197,214,229,279,347,262,164,152,97,38,3,454,1750,42,57,77,63,68,81,85,88,130,113,108,110,118,146,183,121,66,55,31,7,1,160,1625,30,48,48,56,39,41,53,72,88,114,89,104,111,133,164,141,98,97,66,31,2,294
2026,2026-01-01,01517,015172,北海道,礼文郡礼文町,town,01517,2106,42,70,63,102,50,62,86,111,125,131,154,136,138,166,218,184,114,90,49,13,2,268,1087,22,31,37,49,23,35,49,68,72,73,103,72,60,79,110,92,40,50,18,4,0,112,1019,20,39,26,53,27,27,37,43,53,58,51,64,78,87,108,92,74,40,31,9,2,156
2026,2026-01-01,01518,015181,北海道,利尻郡利尻町,town,01518,1792,41,57,57,69,51,73,75,71,92,117,129,122,106,116,151,163,128,92,60,17,5,302,894,19,30,33,29,23,44,42,43,46,67,73,76,57,51,74,80,44,39,18,4,2,107,898,22,27,24,40,28,29,33,28,46,50,56,46,49,65,77,83,84,53,42,13,3,195
2026,2026-01-01,01519,015199,北海道,利尻郡利尻富士町,town,01519,2064,42,56,82,86,56,63,73,89,104,130,137,147,159,163,189,164,125,105,64,29,1,324,998,24,25,52,43,29,31,40,45,61,72,70,77,80,84,97,60,43,37,25,3,0,108,1066,18,31,30,43,27,32,33,44,43,58,67,70,79,79,92,104,82,68,39,26,1,216
2026,2026-01-01,01520,015202,北海道,天塩郡幌延町,town,01520,1945,54,65,86,82,56,73,103,119,127,145,147,107,136,145,170,147,81,54,33,15,0,183,1021,27,28,42,44,37,56,64,68,77,80,82,59,72,73,86,68,27,16,12,3,0,58,924,27,37,44,38,19,17,39,51,50,65,65,48,64,72,84,79,54,38,21,12,0,125
2026,2026-01-01,01543,015431,北海道,網走郡美幌町,town,01543,16588,331,451,600,659,560,601,563,766,970,1023,1181,1109,1305,1289,1400,1516,973,759,411,107,14,2264,8136,173,240,292,345,337,357,333,437,514,531,604,547,616,640,664,661,393,273,147,32,0,845,8452,158,211,308,314,223,244,230,329,456,492,577,562,689,649,736,855,580,486,264,75,14,1419
2026,2026-01-01,01544,015440,北海道,網走郡津別町,town,01544,3855,64,106,132,117,94,125,127,149,156,231,253,237,301,264,379,430,299,226,112,41,12,690,1915,39,54,65,57,67,84,76,85,92,124,136,124,160,133,171,201,114,81,41,8,3,247,1940,25,52,67,60,27,41,51,64,64,107,117,113,141,131,208,229,185,145,71,33,9,443
2026,2026-01-01,01545,015458,北海道,斜里郡斜里町,town,01545,9892,239,353,435,400,300,385,396,484,575,665,740,635,697,694,850,811,541,382,213,77,20,1233,4907,126,180,215,197,183,220,221,278,309,344,402,316,354,343,385,378,224,142,63,25,2,456,4985,113,173,220,203,117,165,175,206,266,321,338,319,343,351,465,433,317,240,150,52,18,777
2026,2026-01-01,01546,015466,北海道,斜里郡清里町,town,01546,3547,73,120,170,155,115,120,135,143,186,208,261,197,246,264,267,297,217,212,109,42,10,590,1758,44,60,93,88,68,80,68,79,97,101,135,101,125,140,130,136,92,77,36,5,3,213,1789,29,60,77,67,47,40,67,64,89,107,126,96,121,124,137,161,125,135,73,37,7,377
2026,2026-01-01,01547,015474,北海道,斜里郡小清水町,town,01547,4225,85,167,183,172,139,129,134,223,207,259,296,236,314,318,329,378,252,226,126,42,10,656,2024,40,91,96,84,71,76,76,125,105,136,162,104,150,153,158,172,99,79,37,8,2,225,2201,45,76,87,88,68,53,58,98,102,123,134,132,164,165,171,206,153,147,89,34,8,431
2026,2026-01-01,01549,015491,北海道,常呂郡訓子府町,town,01549,4283,102,151,194,161,114,102,119,196,223,251,293,279,322,324,374,397,289,227,111,42,12,681,2072,51,79,95,87,55,56,61,104,120,131,144,147,150,157,185,185,123,88,46,7,1,265,2211,51,72,99,74,59,46,58,92,103,120,149,132,172,167,189,212,166,139,65,35,11,416
2026,2026-01-01,01550,015504,北海道,常呂郡置戸町,town,01550,2435,45,80,96,88,67,82,62,86,137,132,150,158,157,183,215,241,186,138,92,37,3,456,1140,21,37,44,41,32,48,37,48,71,63,79,86,90,90,86,113,78,39,26,11,0,154,1295,24,43,52,47,35,34,25,38,66,69,71,72,67,93,129,128,108,99,66,26,3,302
2026,2026-01-01,01552,015521,北海道,常呂郡佐呂間町,town,01552,4230,106,118,155,170,149,142,168,140,206,225,318,271,289,291,369,456,260,219,130,39,9,657,2045,47,57,82,89,77,92,89,75,110,116,171,143,144,143,162,205,116,90,30,6,1,243,2185,59,61,73,81,72,50,79,65,96,109,147,128,145,148,207,251,144,129,100,33,8,414
2026,2026-01-01,01555,015555,北海道,紋別郡遠軽町,town,01555,16933,371,493,648,649,607,617,693,663,880,1019,1209,1135,1204,1152,1437,1569,1095,826,485,157,24,2587,8239,199,268,342,330,332,361,401,365,454,520,639,583,597,544,680,670,439,306,163,45,1,954,8694,172,225,306,319,275,256,292,298,426,499,570,552,607,608,757,899,656,520,322,112,23,1633
2026,2026-01-01,01559,015598,北海道,紋別郡湧別町,town,01559,7440,195,233,245,255,247,244,300,298,367,430,487,493,548,597,659,663,468,388,226,82,15,1179,3624,109,104,123,133,140,137,172,170,184,245,247,253,281,297,312,303,176,144,70,20,4,414,3816,86,129,122,122,107,107,128,128,183,185,240,240,267,300,347,360,292,244,156,62,11,765
2026,2026-01-01,01560,015601,北海道,紋別郡滝上町,town,01560,2114,43,54,66,63,52,84,56,97,105,89,146,132,159,177,198,214,151,115,78,27,8,379,1023,17,31,33,33,34,50,31,54,57,52,76,74,79,91,91,86,62,39,26,7,0,134,1091,26,23,33,30,18,34,25,43,48,37,70,58,80,86,107,128,89,76,52,20,8,245
2026,2026-01-01,01561,015610,北海道,紋別郡興部町,town,01561,3242,72,136,148,116,124,112,121,183,195,198,214,220,207,261,257,272,154,166,61,23,2,406,1608,34,62,73,71,76,71,66,95,106,106,119,116,113,126,116,119,57,54,24,4,0,139,1634,38,74,75,45,48,41,55,88,89,92,95,104,94,135,141,153,97,112,37,19,2,267
2026,2026-01-01,01562,015628,北海道,紋別郡西興部村,village,01562,888,14,31,21,25,21,33,31,46,67,86,66,46,68,60,60,55,55,49,34,19,1,158,446,6,16,12,11,12,19,17,27,42,50,41,24,34,32,34,22,20,16,5,6,0,47,442,8,15,9,14,9,14,14,19,25,36,25,22,34,28,26,33,35,33,29,13,1,111
2026,2026-01-01,01563,015636,北海道,紋別郡雄武町,town,01563,3657,83,110,146,140,119,116,151,179,195,219,285,250,284,282,318,284,203,157,105,24,7,496,1831,49,55,69,77,75,72,82,105,107,124,162,128,140,144,150,119,80,60,28,5,0,173,1826,34,55,77,63,44,44,69,74,88,95,123,122,144,138,168,165,123,97,77,19,7,323
2026,2026-01-01,01564,015644,北海道,網走郡大空町,town,01564,6222,128,215,262,302,196,204,190,277,319,370,481,381,466,473,551,580,341,254,172,50,10,827,3060,68,108,121,167,116,129,102,140,170,188,258,193,226,225,287,267,129,98,53,13,2,295,3162,60,107,141,135,80,75,88,137,149,182,223,188,240,248,264,313,212,156,119,37,8,532
2026,2026-01-01,01571,015717,北海道,虻田郡豊浦町,town,01571,3279,69,106,155,123,77,78,93,143,185,228,229,241,246,247,297,281,186,158,93,39,5,481,1566,40,57,81,62,33,38,55,75,96,124,122,115,127,114,131,129,71,53,35,7,1,167,1713,29,49,74,61,44,40,38,68,89,104,107,126,119,133,166,152,115,105,58,32,4,314
2026,2026-01-01,01575,015750,北海道,有珠郡壮瞥町,town,01575,2140,54,74,78,84,60,50,67,93,106,117,172,133,153,170,190,200,153,104,62,17,3,339,1045,30,27,41,53,30,28,32,43,54,58,104,76,80,79,93,80,66,47,19,4,1,137,1095,24,47,37,31,30,22,35,50,52,59,68,57,73,91,97,120,87,57,43,13,2,202
2026,2026-01-01,01578,015784,北海道,白老郡白老町,town,01578,14264,201,286,341,440,355,346,376,492,601,771,1044,994,1040,1096,1531,1704,1292,838,388,109,19,2646,6822,107,145,176,216,196,188,203,268,320,414,522,490,505,558,754,731,563,317,126,18,5,1029,7442,94,141,165,224,159,158,173,224,281,357,522,504,535,538,777,973,729,521,262,91,14,1617
2026,2026-01-01,01581,015814,北海道,勇払郡厚真町,town,01581,4145,106,172,191,196,110,125,168,216,222,255,287,199,280,293,324,362,259,192,134,45,9,639,2085,57,88,113,95,67,77,96,108,122,132,161,97,137,145,168,175,111,74,49,12,1,247,2060,49,84,78,101,43,48,72,108,100,123,126,102,143,148,156,187,148,118,85,33,8,392
2026,2026-01-01,01584,015849,北海道,虻田郡洞爺湖町,town,01584,7418,119,217,212,258,239,169,233,269,382,449,488,504,526,597,686,760,563,415,250,69,13,1310,3444,51,113,106,139,127,104,107,146,196,220,233,248,243,292,334,326,219,151,70,16,3,459,3974,68,104,106,119,112,65,126,123,186,229,255,256,283,305,352,434,344,264,180,53,10,851
2026,2026-01-01,01585,015857,北海道,勇払郡安平町,town,01585,7030,173,247,263,287,304,291,268,287,364,441,509,483,452,479,525,623,458,317,202,52,5,1034,3483,90,131,138,144,187,170,152,149,172,228,267,269,237,234,262,273,187,125,53,15,0,380,3547,83,116,125,143,117,121,116,138,192,213,242,214,215,245,263,350,271,192,149,37,5,654
2026,2026-01-01,01586,015865,北海道,勇払郡むかわ町,town,01586,6845,163,206,232,232,190,242,216,287,350,380,471,417,507,510,680,662,457,373,192,64,14,1100,3374,82,97,130,114,114,145,119,150,199,198,253,205,256,260,353,294,181,136,73,14,1,405,3471,81,109,102,118,76,97,97,137,151,182,218,212,251,250,327,368,276,237,119,50,13,695
2026,2026-01-01,01601,016012,北海道,沙流郡日高町,town,01601,10130,196,281,397,439,361,390,337,409,572,696,777,668,671,746,899,880,619,454,254,70,14,1411,5088,110,139,191,259,222,240,178,216,321,380,406,365,324,373,435,399,250,180,82,15,3,530,5042,86,142,206,180,139,150,159,193,251,316,371,303,347,373,464,481,369,274,172,55,11,881
2026,2026-01-01,01602,016021,北海道,沙流郡平取町,town,01602,4232,93,132,188,186,111,136,148,181,220,256,336,303,321,298,332,386,267,176,108,42,12,605,2074,51,72,94,99,56,82,80,93,114,147,156,157,173,157,145,174,101,73,40,9,1,224,2158,42,60,94,87,55,54,68,88,106,109,180,146,148,141,187,212,166,103,68,33,11,381
2026,2026-01-01,01604,016047,北海道,新冠郡新冠町,town,01604,4615,79,168,196,213,169,160,145,219,260,352,373,317,287,323,402,371,231,185,106,50,9,581,2250,41,87,91,106,98,97,80,104,134,197,201,158,141,165,199,163,98,48,34,8,0,188,2365,38,81,105,107,71,63,65,115,126,155,172,159,146,158,203,208,133,137,72,42,9,393
2026,2026-01-01,01607,016071,北海道,浦河郡浦河町,town,01607,10410,235,331,352,409,452,434,421,450,553,684,783,738,741,740,882,848,574,447,250,74,12,1357,5147,107,171,179,228,281,260,230,246,296,361,438,363,368,366,410,369,217,163,77,16,1,474,5263,128,160,173,181,171,174,191,204,257,323,345,375,373,374,472,479,357,284,173,58,11,883
2026,2026-01-01,01608,016080,北海道,様似郡様似町,town,01608,3620,75,91,113,135,89,109,110,140,184,196,250,264,268,275,393,372,230,178,110,33,5,556,1728,44,45,56,73,46,61,55,77,97,110,127,131,119,122,196,175,88,65,39,2,0,194,1892,31,46,57,62,43,48,55,63,87,86,123,133,149,153,197,197,142,113,71,31,5,362
2026,2026-01-01,01609,016098,北海道,幌泉郡えりも町,town,01609,3866,84,111,173,203,122,136,145,169,217,260,274,267,244,326,377,316,186,139,87,25,5,442,1912,38,58,77,106,77,73,88,85,125,141,156,131,124,153,173,153,78,46,24,5,1,154,1954,46,53,96,97,45,63,57,84,92,119,118,136,120,173,204,163,108,93,63,20,4,288
2026,2026-01-01,01610,016101,北海道,日高郡新ひだか町,town,01610,19349,479,597,802,773,610,732,796,869,1131,1280,1433,1315,1423,1277,1592,1663,1089,855,469,137,27,2577,9436,235,296,438,390,368,410,424,474,614,690,741,623,719,640,741,723,432,298,143,31,6,910,9913,244,301,364,383,242,322,372,395,517,590,692,692,704,637,851,940,657,557,326,106,21,1667
2026,2026-01-01,01631,016314,北海道,河東郡音更町,town,01631,41946,1227,1583,1879,2118,1681,1631,1801,1993,2543,2994,3552,2989,3006,2601,2803,2948,2025,1451,838,235,48,4597,19881,640,831,931,1064,862,814,918,996,1229,1436,1739,1475,1439,1281,1270,1317,786,544,246,59,4,1639,22065,587,752,948,1054,819,817,883,997,1314,1558,1813,1514,1567,1320,1533,1631,1239,907,592,176,44,2958
2026,2026-01-01,01632,016322,北海道,河東郡士幌町,town,01632,5428,149,176,242,268,233,206,197,257,322,334,349,342,358,413,481,425,264,212,143,49,8,676,2683,80,100,118,135,128,111,116,128,180,175,173,173,195,186,240,202,96,80,53,14,0,243,2745,69,76,124,133,105,95,81,129,142,159,176,169,163,227,241,223,168,132,90,35,8,433
2026,2026-01-01,01633,016331,北海道,河東郡上士幌町,town,01633,4427,134,172,185,173,171,189,211,245,265,277,262,257,274,304,335,324,266,210,117,43,13,649,2201,65,87,88,88,106,112,113,127,145,158,135,135,141,167,157,150,100,80,30,12,5,227,2226,69,85,97,85,65,77,98,118,120,119,127,122,133,137,178,174,166,130,87,31,8,422
2026,2026-01-01,01634,016349,北海道,河東郡鹿追町,town,01634,4716,123,195,246,249,193,176,185,257,270,295,339,282,314,293,358,329,246,184,126,47,9,612,2318,76,92,122,130,105,104,106,144,140,149,161,139,158,142,176,158,105,66,38,6,1,216,2398,47,103,124,119,88,72,79,113,130,146,178,143,156,151,182,171,141,118,88,41,8,396
2026,2026-01-01,01635,016357,北海道,上川郡新得町,town,01635,5155,91,151,200,180,184,180,193,227,258,330,380,351,377,367,404,492,323,274,151,35,7,790,2547,46,79,101,106,97,105,100,129,135,175,206,175,204,192,196,222,131,103,36,6,3,279,2608,45,72,99,74,87,75,93,98,123,155,174,176,173,175,208,270,192,171,115,29,4,511
2026,2026-01-01,01636,016365,北海道,上川郡清水町,town,01636,8286,208,227,348,374,294,255,319,403,433,512,574,560,521,580,705,723,520,381,258,83,8,1250,4147,115,118,184,213,160,145,188,234,228,282,308,293,254,274,346,344,208,147,87,16,3,461,4139,93,109,164,161,134,110,131,169,205,230,266,267,267,306,359,379,312,234,171,67,5,789
2026,2026-01-01,01637,016373,北海道,河西郡芽室町,town,01637,17481,546,707,866,916,675,581,729,867,1041,1185,1424,1242,1233,1089,1226,1216,813,627,354,123,21,1938,8338,265,363,438,458,329,300,364,450,506,590,705,575,636,516,588,547,329,230,116,30,3,708,9143,281,344,428,458,346,281,365,417,535,595,719,667,597,573,638,669,484,397,238,93,18,1230
2026,2026-01-01,01638,016381,北海道,河西郡中札内村,village,01638,3725,123,131,192,188,133,129,151,206,212,231,280,284,271,267,225,254,179,143,85,39,2,448,1828,62,58,95,99,69,74,86,110,100,126,137,150,140,146,111,104,69,53,35,4,0,161,1897,61,73,97,89,64,55,65,96,112,105,143,134,131,121,114,150,110,90,50,35,2,287
2026,2026-01-01,01639,016390,北海道,河西郡更別村,village,01639,3027,120,134,115,135,106,135,153,163,173,196,221,180,201,222,210,175,138,121,87,39,3,388,1487,52,69,59,80,56,75,76,93,92,99,122,88,95,108,110,77,48,48,28,11,1,136,1540,68,65,56,55,50,60,77,70,81,97,99,92,106,114,100,98,90,73,59,28,2,252
2026,2026-01-01,01641,016411,北海道,広尾郡大樹町,town,01641,4959,146,165,213,208,206,207,245,271,298,314,323,279,296,315,377,415,297,208,133,39,4,681,2505,72,86,114,102,114,130,132,166,163,178,177,140,154,145,183,184,132,74,48,9,2,265,2454,74,79,99,106,92,77,113,105,135,136,146,139,142,170,194,231,165,134,85,30,2,416
2026,2026-01-01,01642,016420,北海道,広尾郡広尾町,town,01642,5611,90,168,176,200,152,171,215,227,256,303,401,414,429,439,540,543,358,311,160,51,7,887,2744,54,84,92,105,84,109,124,131,139,160,223,197,223,205,264,231,139,117,50,12,1,319,2867,36,84,84,95,68,62,91,96,117,143,178,217,206,234,276,312,219,194,110,39,6,568
2026,2026-01-01,01643,016438,北海道,中川郡幕別町,town,01643,24729,675,933,1130,1104,753,755,952,1141,1356,1712,1953,1698,1761,1736,1887,2086,1415,965,495,191,31,3097,11730,344,514,572,561,371,389,471,589,643,841,957,816,845,834,870,925,592,366,174,49,7,1188,12999,331,419,558,543,382,366,481,552,713,871,996,882,916,902,1017,1161,823,599,321,142,24,1909
2026,2026-01-01,01644,016446,北海道,中川郡池田町,town,01644,5736,120,137,169,181,164,165,202,219,276,287,377,411,442,417,532,616,430,309,200,69,13,1021,2715,61,71,89,85,87,93,112,116,141,145,213,202,215,216,234,272,173,114,59,16,1,363,3021,59,66,80,96,77,72,90,103,135,142,164,209,227,201,298,344,257,195,141,53,12,658
2026,2026-01-01,01645,016454,北海道,中川郡豊頃町,town,01645,2706,64,94,80,90,91,91,100,120,148,149,155,171,185,230,235,244,181,147,87,41,3,459,1338,31,40,38,48,56,52,55,64,90,84,78,87,92,121,114,110,77,62,31,8,0,178,1368,33,54,42,42,35,39,45,56,58,65,77,84,93,109,121,134,104,85,56,33,3,281
2026,2026-01-01,01646,016462,北海道,中川郡本別町,town,01646,5775,104,143,181,247,205,195,181,199,263,314,385,401,417,424,560,593,424,311,174,45,9,963,2830,43,75,95,151,119,121,112,115,143,163,207,198,215,221,260,267,157,113,44,10,1,325,2945,61,68,86,96,86,74,69,84,120,151,178,203,202,203,300,326,267,198,130,35,8,638
2026,2026-01-01,01647,016471,北海道,足寄郡足寄町,town,01647,5714,130,177,232,251,181,155,177,215,321,341,419,347,371,425,492,561,393,299,159,57,11,919,2830,68,94,121,137,108,88,98,115,176,178,232,181,195,203,237,247,171,123,43,13,2,352,2884,62,83,111,114,73,67,79,100,145,163,187,166,176,222,255,314,222,176,116,44,9,567
2026,2026-01-01,01648,016489,北海道,足寄郡陸別町,town,01648,1955,28,54,71,71,60,70,70,93,121,106,141,140,153,139,172,167,134,102,46,14,3,299,991,13,25,38,41,29,46,43,54,60,61,81,76,82,78,89,61,48,40,24,2,0,114,964,15,29,33,30,31,24,27,39,61,45,60,64,71,61,83,106,86,62,22,12,3,185
2026,2026-01-01,01649,016497,北海道,十勝郡浦幌町,town,01649,3898,64,107,143,140,114,115,133,180,215,189,241,224,306,308,397,402,244,208,123,38,7,620,1913,33,51,85,71,64,66,83,103,117,104,126,105,162,146,194,178,95,84,31,15,0,225,1985,31,56,58,69,50,49,50,77,98,85,115,119,144,162,203,224,149,124,92,23,7,395
2026,2026-01-01,01661,016616,北海道,釧路郡釧路町,town,01661,17895,472,672,712,702,652,728,822,959,1065,1177,1298,1236,1409,1384,1537,1359,814,518,294,70,15,1711,8484,238,344,363,369,341,366,409,485,523,594,617,593,629,687,740,595,327,175,78,10,1,591,9411,234,328,349,333,311,362,413,474,542,583,681,643,780,697,797,764,487,343,216,60,14,1120
2026,2026-01-01,01662,016624,北海道,厚岸郡厚岸町,town,01662,7740,172,193,269,289,218,285,310,326,385,438,575,578,610,599,717,663,458,388,192,65,10,1113,3729,100,87,156,146,121,158,177,178,192,232,299,292,286,299,332,290,168,127,74,13,2,384,4011,72,106,113,143,97,127,133,148,193,206,276,286,324,300,385,373,290,261,118,52,8,729
2026,2026-01-01,01663,016632,北海道,厚岸郡浜中町,town,01663,4890,118,179,189,181,185,201,210,232,269,295,345,323,374,394,449,401,238,179,89,34,5,545,2462,62,93,98,95,109,125,106,128,149,157,194,167,176,192,232,183,99,65,25,7,0,196,2428,56,86,91,86,76,76,104,104,120,138,151,156,198,202,217,218,139,114,64,27,5,349
2026,2026-01-01,01664,016641,北海道,川上郡標茶町,town,01664,6528,143,212,273,324,204,180,236,336,394,401,435,414,477,540,580,518,351,278,170,52,10,861,3207,75,102,151,167,107,115,122,189,221,214,226,203,243,258,262,254,127,104,56,11,0,298,3321,68,110,122,157,97,65,114,147,173,187,209,211,234,282,318,264,224,174,114,41,10,563
2026,2026-01-01,01665,016659,北海道,川上郡弟子屈町,town,01665,6206,131,155,190,212,153,181,232,257,302,378,446,451,479,491,580,601,422,317,177,39,12,967,3009,63,81,104,103,86,102,128,135,158,199,225,236,235,243,270,274,180,118,56,12,1,367,3197,68,74,86,109,67,79,104,122,144,179,221,215,244,248,310,327,242,199,121,27,11,600
2026,2026-01-01,01667,016675,北海道,阿寒郡鶴居村,village,01667,2311,53,87,83,122,96,72,91,97,128,157,186,151,166,188,193,176,114,78,46,21,6,265,1165,27,47,37,63,55,41,49,60,67,84,94,72,94,99,97,84,48,27,14,6,0,95,1146,26,40,46,59,41,31,42,37,61,73,92,79,72,89,96,92,66,51,32,15,6,170
2026,2026-01-01,01668,016683,北海道,白糠郡白糠町,town,01668,6651,133,162,186,246,221,217,207,217,336,355,411,480,498,524,694,673,464,378,197,44,8,1091,3170,69,91,89,138,121,119,126,113,176,187,206,225,239,246,332,305,171,136,72,8,1,388,3481,64,71,97,108,100,98,81,104,160,168,205,255,259,278,362,368,293,242,125,36,7,703
2026,2026-01-01,01691,016918,北海道,野付郡別海町,town,01691,13110,383,519,632,655,480,502,563,738,837,948,965,762,871,959,1042,942,604,359,242,92,15,1312,6682,212,290,326,339,278,317,322,403,458,489,527,404,421,466,529,416,251,133,74,21,6,485,6428,171,229,306,316,202,185,241,335,379,459,438,358,450,493,513,526,353,226,168,71,9,827
2026,2026-01-01,01692,016926,北海道,標津郡中標津町,town,01692,21645,614,808,974,979,875,974,1048,1206,1376,1686,1712,1542,1482,1405,1558,1427,926,641,297,99,16,1979,10690,302,409,480,541,471,540,582,631,712,907,878,762,735,655,677,684,362,234,98,28,2,724,10955,312,399,494,438,404,434,466,575,664,779,834,780,747,750,881,743,564,407,199,71,14,1255
2026,2026-01-01,01693,016934,北海道,標津郡標津町,town,01693,4550,122,202,219,192,147,175,165,229,274,303,362,321,304,315,345,367,230,156,96,26,0,508,2194,54,94,113,92,71,105,98,117,137,155,194,161,156,151,161,161,87,59,22,6,0,174,2356,68,108,106,100,76,70,67,112,137,148,168,160,148,164,184,206,143,97,74,20,0,334
2026,2026-01-01,01694,016942,北海道,目梨郡羅臼町,town,01694,4037,73,113,177,153,113,120,136,184,245,241,330,335,370,329,355,289,203,169,72,27,3,474,2028,41,59,79,84,75,71,81,94,140,123,179,179,190,177,170,126,75,52,25,8,0,160,2009,32,54,98,69,38,49,55,90,105,118,151,156,180,152,185,163,128,117,47,19,3,314
2026,2026-01-01,01695,016951,北海道,色丹郡色丹村,zero_pop,,0,0,0,0,0,0,0,0,0,0,0,0,0,0,0,0,0,0,0,0,0,0,0,0,0,0,0,0,0,0,0,0,0,0,0,0,0,0,0,0,0,0,0,0,0,0,0,0,0,0,0,0,0,0,0,0,0,0,0,0,0,0,0,0,0,0,0,0,0
2026,2026-01-01,01696,016969,北海道,国後郡泊村,zero_pop,,0,0,0,0,0,0,0,0,0,0,0,0,0,0,0,0,0,0,0,0,0,0,0,0,0,0,0,0,0,0,0,0,0,0,0,0,0,0,0,0,0,0,0,0,0,0,0,0,0,0,0,0,0,0,0,0,0,0,0,0,0,0,0,0,0,0,0,0,0
2026,2026-01-01,01697,016977,北海道,国後郡留夜別村,zero_pop,,0,0,0,0,0,0,0,0,0,0,0,0,0,0,0,0,0,0,0,0,0,0,0,0,0,0,0,0,0,0,0,0,0,0,0,0,0,0,0,0,0,0,0,0,0,0,0,0,0,0,0,0,0,0,0,0,0,0,0,0,0,0,0,0,0,0,0,0,0
2026,2026-01-01,01698,016985,北海道,択捉郡留別村,zero_pop,,0,0,0,0,0,0,0,0,0,0,0,0,0,0,0,0,0,0,0,0,0,0,0,0,0,0,0,0,0,0,0,0,0,0,0,0,0,0,0,0,0,0,0,0,0,0,0,0,0,0,0,0,0,0,0,0,0,0,0,0,0,0,0,0,0,0,0,0,0
2026,2026-01-01,01699,016993,北海道,紗那郡紗那村,zero_pop,,0,0,0,0,0,0,0,0,0,0,0,0,0,0,0,0,0,0,0,0,0,0,0,0,0,0,0,0,0,0,0,0,0,0,0,0,0,0,0,0,0,0,0,0,0,0,0,0,0,0,0,0,0,0,0,0,0,0,0,0,0,0,0,0,0,0,0,0,0
2026,2026-01-01,01700,017001,北海道,蘂取郡蘂取村,zero_pop,,0,0,0,0,0,0,0,0,0,0,0,0,0,0,0,0,0,0,0,0,0,0,0,0,0,0,0,0,0,0,0,0,0,0,0,0,0,0,0,0,0,0,0,0,0,0,0,0,0,0,0,0,0,0,0,0,0,0,0,0,0,0,0,0,0,0,0,0,0
2026,2026-01-01,02000,020001,青森県,,pref,,1157366,27883,38312,44562,47390,42038,41263,47092,53667,66446,76891,86854,82359,84736,88047,95827,95119,61028,44797,25088,7010,955,138878,549275,14295,19581,22824,24253,22312,22172,24539,27437,33692,39206,43879,40480,41267,41841,44367,41875,23231,14472,6266,1197,88,45254,608091,13588,18731,21738,23137,19726,19091,22553,26230,32754,37685,42975,41879,43469,46206,51460,53244,37797,30325,18822,5813,867,93624
2026,2026-01-01,02201,022012,青森県,青森市,city,02201,257795,6276,8393,10006,10969,9724,9437,10614,12213,15308,18422,20486,18885,18975,19075,19714,20703,13085,9163,4861,1332,154,28595,120397,3234,4291,5043,5554,5044,4926,5358,6041,7554,9181,10124,9111,9052,8988,8869,8777,4896,2920,1176,242,16,9250,137398,3042,4102,4963,5415,4680,4511,5256,6172,7754,9241,10362,9774,9923,10087,10845,11926,8189,6243,3685,1090,138,19345
2026,2026-01-01,02202,022021,青森県,弘前市,city,02202,156337,3908,5416,5927,6586,6862,5721,6655,7556,9101,10346,11618,10786,11664,11585,11892,12439,8086,5843,3307,913,126,18275,72276,1991,2836,3110,3300,3593,2913,3339,3789,4544,4991,5612,5186,5473,5304,5277,5269,2983,1843,771,142,10,5749,84061,1917,2580,2817,3286,3269,2808,3316,3767,4557,5355,6006,5600,6191,6281,6615,7170,5103,4000,2536,771,116,12526
2026,2026-01-01,02203,022039,青森県,八戸市,city,02203,210312,5528,7575,8838,9061,7461,8178,9384,10246,12257,14216,16638,15819,14882,14793,16199,16349,10655,7215,3857,1018,143,22888,100638,2871,3894,4598,4670,3956,4309,4811,5191,6086,7149,8466,7792,7214,7046,7584,7197,4127,2454,1016,193,14,7804,109674,2657,3681,4240,4391,3505,3869,4573,5055,6171,7067,8172,8027,7668,7747,8615,9152,6528,4761,2841,825,129,15084
2026,2026-01-01,02204,022047,青森県,黒石市,city,02204,29622,720,925,1113,1105,1033,1076,1131,1296,1734,2053,2117,2064,2273,2334,2618,2539,1530,1138,629,170,24,3491,13874,373,484,557,566,540,583,609,648,855,1039,1060,999,1078,1096,1174,1120,563,364,137,28,1,1093,15748,347,441,556,539,493,493,522,648,879,1014,1057,1065,1195,1238,1444,1419,967,774,492,142,23,2398
2026,2026-01-01,02205,022055,青森県,五所川原市,city,02205,48679,1074,1439,1720,1738,1583,1666,1835,2168,2625,3116,3533,3612,3956,4077,4180,3929,2687,2138,1216,346,41,6428,22293,559,721,882,867,808,861,939,1072,1304,1579,1674,1660,1899,1853,1901,1696,972,685,304,54,3,2018,26386,515,718,838,871,775,805,896,1096,1321,1537,1859,1952,2057,2224,2279,2233,1715,1453,912,292,38,4410
2026,2026-01-01,02206,022063,青森県,十和田市,city,02206,56138,1339,1911,2222,2305,2103,1935,2160,2383,3215,3856,4283,3961,3962,4180,4842,4842,2948,2108,1220,322,41,6639,26906,682,985,1161,1171,1100,1027,1121,1204,1671,2045,2169,1971,1939,2009,2246,2152,1165,712,321,50,5,2253,29232,657,926,1061,1134,1003,908,1039,1179,1544,1811,2114,1990,2023,2171,2596,2690,1783,1396,899,272,36,4386
2026,2026-01-01,02207,022071,青森県,三沢市,city,02207,36275,1187,1443,1593,1729,1830,1812,1916,2022,2388,2436,2727,2423,2295,2341,2521,2206,1451,1061,679,185,30,3406,18095,597,720,812,937,1067,1084,1087,1094,1252,1226,1432,1204,1118,1158,1221,972,551,355,170,36,2,1114,18180,590,723,781,792,763,728,829,928,1136,1210,1295,1219,1177,1183,1300,1234,900,706,509,149,28,2292
2026,2026-01-01,02208,022080,青森県,むつ市,city,02208,50342,1011,1524,1958,2070,1930,1947,2061,2354,2860,3408,3965,3431,3535,3716,4417,4325,2707,1859,946,266,52,5830,24649,477,782,1008,1094,1162,1143,1143,1296,1530,1768,2079,1695,1808,1748,2037,1905,1068,620,237,47,2,1974,25693,534,742,950,976,768,804,918,1058,1330,1640,1886,1736,1727,1968,2380,2420,1639,1239,709,219,50,3856
2026,2026-01-01,02209,022098,青森県,つがる市,city,02209,28032,564,827,938,1059,835,786,970,1210,1588,1662,1854,1847,2163,2444,2648,2515,1643,1398,813,252,16,4122,13198,297,417,481,538,432,432,534,637,841,848,965,919,1054,1173,1240,1105,593,432,211,45,4,1285,14834,267,410,457,521,403,354,436,573,747,814,889,928,1109,1271,1408,1410,1050,966,602,207,12,2837
2026,2026-01-01,02210,022101,青森県,平川市,city,02210,28847,870,1034,1177,1172,952,960,1201,1353,1808,1953,1999,1890,2088,2192,2444,2322,1458,1119,625,206,24,3432,13640,443,530,585,593,502,504,618,691,928,1004,1019,911,1023,1023,1165,980,566,356,158,41,0,1121,15207,427,504,592,579,450,456,583,662,880,949,980,979,1065,1169,1279,1342,892,763,467,165,24,2311
2026,2026-01-01,02300,023001,青森県,東津軽郡,gun_agg,,18517,260,411,522,572,434,382,493,642,834,1051,1208,1195,1351,1799,2048,2106,1316,1055,627,183,28,3209,8895,122,207,271,323,243,214,275,378,445,584,646,627,690,881,943,1018,521,301,167,37,2,1028,9622,138,204,251,249,191,168,218,264,389,467,562,568,661,918,1105,1088,795,754,460,146,26,2181
2026,2026-01-01,02301,023019,青森県,東津軽郡平内町,town,02301,9434,185,260,300,332,250,220,303,372,442,608,598,602,651,930,1024,981,585,444,256,77,14,1376,4531,92,123,146,184,126,124,166,214,228,322,326,316,317,459,469,481,241,117,65,15,0,438,4903,93,137,154,148,124,96,137,158,214,286,272,286,334,471,555,500,344,327,191,62,14,938
2026,2026-01-01,02303,023035,青森県,東津軽郡今別町,town,02303,1991,15,27,30,34,29,28,42,50,66,73,124,121,138,220,247,293,184,146,100,21,3,454,942,8,14,15,19,19,12,21,34,40,43,65,68,70,108,121,145,67,49,21,3,0,140,1049,7,13,15,15,10,16,21,16,26,30,59,53,68,112,126,148,117,97,79,18,3,314
2026,2026-01-01,02304,023043,青森県,東津軽郡蓬田村,village,02304,2354,28,64,95,94,62,58,54,88,120,128,169,136,192,201,237,259,151,130,68,18,2,369,1148,9,36,56,54,38,33,27,51,61,68,88,65,91,95,118,125,59,46,25,3,0,133,1206,19,28,39,40,24,25,27,37,59,60,81,71,101,106,119,134,92,84,43,15,2,236
2026,2026-01-01,02307,023078,青森県,東津軽郡外ヶ浜町,town,02307,4738,32,60,97,112,93,76,94,132,206,242,317,336,370,448,540,573,396,335,203,67,9,1010,2274,13,34,54,66,60,45,61,79,116,151,167,178,212,219,235,267,154,89,56,16,2,317,2464,19,26,43,46,33,31,33,53,90,91,150,158,158,229,305,306,242,246,147,51,7,693
2026,2026-01-01,02320,023205,青森県,西津軽郡,gun_agg,,14753,170,284,365,442,301,293,403,483,681,788,899,990,1207,1404,1592,1628,1126,944,573,159,21,2823,6997,94,151,193,211,162,172,229,274,355,464,470,514,621,674,743,735,437,318,157,21,2,935,7756,76,133,172,231,139,121,174,209,326,324,429,476,586,730,849,893,689,626,416,138,19,1888
2026,2026-01-01,02321,023213,青森県,西津軽郡鰺ヶ沢町,town,02321,8201,97,166,219,272,188,167,232,312,412,449,510,562,700,783,870,851,550,474,303,75,9,1411,3884,54,88,119,130,98,91,134,174,227,257,269,281,359,363,391,399,210,158,71,10,1,450,4317,43,78,100,142,90,76,98,138,185,192,241,281,341,420,479,452,340,316,232,65,8,961
2026,2026-01-01,02323,023230,青森県,西津軽郡深浦町,town,02323,6552,73,118,146,170,113,126,171,171,269,339,389,428,507,621,722,777,576,470,270,84,12,1412,3113,40,63,74,81,64,81,95,100,128,207,201,233,262,311,352,336,227,160,86,11,1,485,3439,33,55,72,89,49,45,76,71,141,132,188,195,245,310,370,441,349,310,184,73,11,927
2026,2026-01-01,02340,023400,青森県,中津軽郡,gun_agg,,1166,32,39,62,36,25,37,30,59,62,65,70,76,91,94,92,106,67,57,41,23,2,190,546,17,14,25,17,11,19,16,35,30,35,41,35,48,54,43,49,24,15,16,2,0,57,620,15,25,37,19,14,18,14,24,32,30,29,41,43,40,49,57,43,42,25,21,2,133
2026,2026-01-01,02343,023434,青森県,中津軽郡西目屋村,village,02343,1166,32,39,62,36,25,37,30,59,62,65,70,76,91,94,92,106,67,57,41,23,2,190,546,17,14,25,17,11,19,16,35,30,35,41,35,48,54,43,49,24,15,16,2,0,57,620,15,25,37,19,14,18,14,24,32,30,29,41,43,40,49,57,43,42,25,21,2,133
2026,2026-01-01,02360,023604,青森県,南津軽郡,gun_agg,,29179,726,1005,1103,1075,913,855,1175,1339,1650,1911,1949,1991,2212,2319,2601,2446,1605,1325,760,194,25,3909,13675,383,483,569,541,457,450,625,686,839,993,974,1003,1091,1094,1218,1114,572,378,176,26,3,1155,15504,343,522,534,534,456,405,550,653,811,918,975,988,1121,1225,1383,1332,1033,947,584,168,22,2754
2026,2026-01-01,02361,023612,青森県,南津軽郡藤崎町,town,02361,14055,424,556,588,555,482,442,658,719,886,928,996,946,1016,1069,1143,1011,657,561,327,81,10,1636,6616,232,280,305,281,241,233,350,350,438,478,485,468,502,498,554,443,238,159,72,8,1,478,7439,192,276,283,274,241,209,308,369,448,450,511,478,514,571,589,568,419,402,255,73,9,1158
2026,2026-01-01,02362,023621,青森県,南津軽郡大鰐町,town,02362,8003,117,203,218,220,209,188,249,288,334,480,506,595,669,711,812,864,557,464,242,68,9,1340,3676,57,89,118,108,103,95,125,160,179,251,257,304,330,321,386,401,189,128,63,11,1,392,4327,60,114,100,112,106,93,124,128,155,229,249,291,339,390,426,463,368,336,179,57,8,948
2026,2026-01-01,02367,023671,青森県,南津軽郡田舎館村,village,02367,7121,185,246,297,300,222,225,268,332,430,503,447,450,527,539,646,571,391,300,191,45,6,933,3383,94,114,146,152,113,122,150,176,222,264,232,231,259,275,278,270,145,91,41,7,1,285,3738,91,132,151,148,109,103,118,156,208,239,215,219,268,264,368,301,246,209,150,38,5,648
2026,2026-01-01,02380,023809,青森県,北津軽郡,gun_agg,,32128,573,918,1114,1156,917,848,1038,1268,1647,1909,2170,2377,2495,2746,3073,2939,2039,1633,986,256,26,4940,14968,277,448,580,584,456,457,548,660,841,992,1106,1187,1232,1307,1422,1293,765,516,253,42,2,1578,17160,296,470,534,572,461,391,490,608,806,917,1064,1190,1263,1439,1651,1646,1274,1117,733,214,24,3362
2026,2026-01-01,02381,023817,青森県,北津軽郡板柳町,town,02381,11898,257,360,424,452,341,346,441,490,630,742,821,868,926,991,1064,1036,725,564,324,85,11,1709,5488,120,188,220,229,172,174,216,247,323,398,409,409,448,466,475,442,280,173,86,12,1,552,6410,137,172,204,223,169,172,225,243,307,344,412,459,478,525,589,594,445,391,238,73,10,1157
2026,2026-01-01,02384,023841,青森県,北津軽郡鶴田町,town,02384,11197,192,347,451,433,363,322,348,453,615,712,803,821,875,849,1025,950,669,553,325,85,6,1638,5233,99,164,236,210,177,173,192,229,305,354,409,422,444,419,476,414,251,164,80,15,0,510,5964,93,183,215,223,186,149,156,224,310,358,394,399,431,430,549,536,418,389,245,70,6,1128
2026,2026-01-01,02387,023876,青森県,北津軽郡中泊町,town,02387,9033,124,211,239,271,213,180,249,325,402,455,546,688,694,906,984,953,645,516,337,86,9,1593,4247,58,96,124,145,107,110,140,184,213,240,288,356,340,422,471,437,234,179,87,15,1,516,4786,66,115,115,126,106,70,109,141,189,215,258,332,354,484,513,516,411,337,250,71,8,1077
2026,2026-01-01,02400,024007,青森県,上北郡,gun_agg,,88285,2326,3172,3554,3700,3062,3301,3607,4175,5125,5638,6500,5941,6027,6706,7782,7211,4408,3437,1892,624,95,10456,43426,1215,1595,1798,1895,1655,1903,1994,2217,2697,3060,3422,3075,3038,3279,3798,3359,1711,1133,479,95,7,3425,44859,1111,1577,1756,1805,1407,1398,1613,1958,2428,2578,3078,2866,2989,3427,3984,3852,2697,2304,1413,529,88,7031
2026,2026-01-01,02401,024015,青森県,上北郡野辺地町,town,02401,11307,172,285,382,420,317,352,370,460,618,737,822,767,822,990,1121,1050,706,535,262,99,20,1622,5325,94,134,189,204,151,184,204,242,327,396,431,402,405,456,522,474,273,162,58,16,1,510,5982,78,151,193,216,166,168,166,218,291,341,391,365,417,534,599,576,433,373,204,83,19,1112
2026,2026-01-01,02402,024023,青森県,上北郡七戸町,town,02402,13527,221,362,476,554,377,372,419,484,686,827,973,851,973,1113,1417,1345,863,669,384,147,14,2077,6491,117,184,230,284,201,213,209,273,351,460,495,438,492,545,699,625,335,220,95,25,0,675,7036,104,178,246,270,176,159,210,211,335,367,478,413,481,568,718,720,528,449,289,122,14,1402
2026,2026-01-01,02405,024058,青森県,上北郡六戸町,town,02405,10208,299,458,480,446,296,296,374,512,656,744,715,673,636,754,913,771,474,391,234,77,9,1185,5043,161,255,234,225,153,171,192,250,331,386,389,342,340,373,460,363,186,144,73,14,1,418,5165,138,203,246,221,143,125,182,262,325,358,326,331,296,381,453,408,288,247,161,63,8,767
2026,2026-01-01,02406,024066,青森県,上北郡横浜町,town,02406,3812,72,89,119,141,132,118,141,148,207,219,268,271,262,281,372,371,253,209,104,29,6,601,1935,39,54,69,73,84,80,86,90,117,134,148,139,139,135,188,166,105,60,25,4,0,194,1877,33,35,50,68,48,38,55,58,90,85,120,132,123,146,184,205,148,149,79,25,6,407
2026,2026-01-01,02408,024082,青森県,上北郡東北町,town,02408,15392,338,512,599,609,500,457,520,691,810,870,1082,1010,1104,1305,1442,1401,873,662,456,126,23,2140,7474,171,263,305,307,265,254,300,351,426,500,587,515,548,645,705,648,339,208,115,19,2,683,7918,167,249,294,302,235,203,220,340,384,370,495,495,556,660,737,753,534,454,341,107,21,1457
2026,2026-01-01,02411,024112,青森県,上北郡六ヶ所村,village,02411,9413,281,285,332,393,542,645,563,516,586,606,713,597,594,644,701,643,310,275,136,42,9,772,5212,137,149,174,218,336,453,387,319,349,345,411,356,311,344,351,316,124,90,38,3,1,256,4201,144,136,158,175,206,192,176,197,237,261,302,241,283,300,350,327,186,185,98,39,8,516
2026,2026-01-01,02412,024121,青森県,上北郡おいらせ町,town,02412,24626,943,1181,1166,1137,898,1061,1220,1364,1562,1635,1927,1772,1636,1619,1816,1630,929,696,316,104,14,2059,11946,496,556,597,584,465,548,616,692,796,839,961,883,803,781,873,767,349,249,75,14,2,689,12680,447,625,569,553,433,513,604,672,766,796,966,889,833,838,943,863,580,447,241,90,12,1370
2026,2026-01-01,02420,024201,青森県,下北郡,gun_agg,,12994,247,320,436,533,398,437,473,532,657,809,878,916,931,1163,1401,1112,712,593,339,94,13,1751,6662,108,165,205,294,234,288,290,298,351,459,505,481,515,599,738,535,284,203,90,18,2,597,6332,139,155,231,239,164,149,183,234,306,350,373,435,416,564,663,577,428,390,249,76,11,1154
2026,2026-01-01,02423,024236,青森県,下北郡大間町,town,02423,4547,108,129,153,215,160,187,180,192,238,308,321,325,314,375,460,360,220,171,101,27,3,522,2324,43,71,75,125,91,124,116,106,125,165,174,168,182,190,231,162,90,51,28,7,0,176,2223,65,58,78,90,69,63,64,86,113,143,147,157,132,185,229,198,130,120,73,20,3,346
2026,2026-01-01,02424,024244,青森県,下北郡東通村,village,02424,5388,103,139,207,225,166,179,205,240,304,337,345,357,390,495,553,434,259,248,151,43,8,709,2817,45,71,95,130,108,116,126,137,163,202,205,190,217,252,292,223,106,86,46,5,2,245,2571,58,68,112,95,58,63,79,103,141,135,140,167,173,243,261,211,153,162,105,38,6,464
2026,2026-01-01,02425,024252,青森県,下北郡風間浦村,village,02425,1489,14,22,41,43,33,32,45,53,50,76,110,116,118,142,185,153,107,93,46,10,0,256,717,9,10,19,16,15,22,22,30,26,46,61,65,60,68,97,69,35,35,10,2,0,82,772,5,12,22,27,18,10,23,23,24,30,49,51,58,74,88,84,72,58,36,8,0,174
2026,2026-01-01,02426,024261,青森県,下北郡佐井村,village,02426,1570,22,30,35,50,39,39,43,47,65,88,102,118,109,151,203,165,126,81,41,14,2,264,804,11,13,16,23,20,26,26,25,37,46,65,58,56,89,118,81,53,31,6,4,0,94,766,11,17,19,27,19,13,17,22,28,42,37,60,53,62,85,84,73,50,35,10,2,170
2026,2026-01-01,02440,024406,青森県,三戸郡,gun_agg,,57965,1072,1676,1914,2082,1675,1592,1946,2368,2906,3252,3960,4155,4629,5079,5763,5402,3505,2711,1717,467,94,8494,28140,555,858,946,1098,890,887,1003,1226,1569,1789,2115,2110,2374,2555,2748,2599,1433,867,427,78,13,2818,29825,517,818,968,984,785,705,943,1142,1337,1463,1845,2045,2255,2524,3015,2803,2072,1844,1290,389,81,5676
2026,2026-01-01,02441,024414,青森県,三戸郡三戸町,town,02441,8468,120,221,267,310,236,206,244,312,378,495,601,594,674,698,847,824,609,450,280,90,12,1441,4048,66,108,127,165,122,123,129,154,204,285,308,306,359,358,383,390,221,153,76,11,0,461,4420,54,113,140,145,114,83,115,158,174,210,293,288,315,340,464,434,388,297,204,79,12,980
2026,2026-01-01,02442,024422,青森県,三戸郡五戸町,town,02442,14864,250,416,480,518,386,384,475,626,771,843,1001,995,1171,1332,1507,1442,938,705,477,124,23,2267,7202,132,220,236,280,203,203,237,346,395,450,565,524,589,670,698,679,409,224,120,19,3,775,7662,118,196,244,238,183,181,238,280,376,393,436,471,582,662,809,763,529,481,357,105,20,1492
2026,2026-01-01,02443,024431,青森県,三戸郡田子町,town,02443,4565,77,118,126,143,117,115,134,164,209,236,290,319,341,433,495,444,307,286,161,40,10,804,2212,35,57,69,73,59,66,76,84,122,136,164,157,173,226,235,210,121,93,44,11,1,270,2353,42,61,57,70,58,49,58,80,87,100,126,162,168,207,260,234,186,193,117,29,9,534
2026,2026-01-01,02445,024457,青森県,三戸郡南部町,town,02445,15851,324,463,535,595,451,447,572,668,804,884,1093,1161,1302,1316,1498,1462,933,700,482,127,34,2276,7572,166,244,251,300,239,253,285,340,439,481,550,569,674,644,710,689,388,210,111,22,7,738,8279,158,219,284,295,212,194,287,328,365,403,543,592,628,672,788,773,545,490,371,105,27,1538
2026,2026-01-01,02446,024465,青森県,三戸郡階上町,town,02446,12259,283,420,456,456,439,389,476,532,658,706,858,990,982,1110,1174,1014,570,443,225,66,12,1316,6128,146,208,236,256,238,216,255,263,355,387,457,498,497,569,585,521,238,143,48,11,1,441,6131,137,212,220,200,201,173,221,269,303,319,401,492,485,541,589,493,332,300,177,55,11,875
2026,2026-01-01,02450,024503,青森県,三戸郡新郷村,village,02450,1958,18,38,50,60,46,51,45,66,86,88,117,96,159,190,242,216,148,127,92,20,3,390,978,10,21,27,24,29,26,21,39,54,50,71,56,82,88,137,110,56,44,28,4,1,133,980,8,17,23,36,17,25,24,27,32,38,46,40,77,102,105,106,92,83,64,16,2,257
2026,2026-01-01,03000,030007,岩手県,,pref,,1123908,27249,37786,45503,48646,42344,41323,46778,53889,65005,74870,82395,75703,78990,82855,90603,88091,58868,46252,26942,8536,1280,141878,543956,13897,19367,23270,25058,22528,22187,24503,27926,33383,38595,42605,38174,39561,40780,43441,40249,23427,15880,7333,1621,171,48432,579952,13352,18419,22233,23588,19816,19136,22275,25963,31622,36275,39790,37529,39429,42075,47162,47842,35441,30372,19609,6915,1109,93446
2026,2026-01-01,03201,032018,岩手県,盛岡市,city,03201,272600,7909,10022,11828,12702,12200,11847,13361,14712,17190,19470,21697,18910,18587,17966,18244,18404,12211,8648,5004,1501,187,27551,128747,4062,5073,5970,6431,6216,5875,6721,7339,8334,9640,10668,9187,8929,8503,8383,7933,4790,2980,1390,295,28,9483,143853,3847,4949,5858,6271,5984,5972,6640,7373,8856,9830,11029,9723,9658,9463,9861,10471,7421,5668,3614,1206,159,18068
2026,2026-01-01,03202,032026,岩手県,宮古市,city,03202,44364,937,1309,1627,1704,1345,1493,1582,1867,2264,2581,3062,3205,3245,3396,3861,4067,2905,2253,1238,372,51,6819,21293,454,669,847,872,705,808,841,994,1163,1326,1591,1661,1678,1694,1790,1873,1120,792,346,64,5,2327,23071,483,640,780,832,640,685,741,873,1101,1255,1471,1544,1567,1702,2071,2194,1785,1461,892,308,46,4492
2026,2026-01-01,03203,032034,岩手県,大船渡市,city,03203,30968,637,902,1131,1140,878,995,1148,1267,1492,1811,2222,2197,2491,2364,2683,2736,2078,1568,896,284,48,4874,14874,325,469,612,582,477,565,623,674,766,904,1149,1135,1232,1176,1267,1256,792,555,262,48,5,1662,16094,312,433,519,558,401,430,525,593,726,907,1073,1062,1259,1188,1416,1480,1286,1013,634,236,43,3212
2026,2026-01-01,03205,032051,岩手県,花巻市,city,03205,87868,2130,3058,3515,3800,3449,3256,3608,4270,5031,5986,6422,5914,5887,6196,6826,6896,4937,3724,2146,708,109,11624,42170,1073,1574,1772,1973,1881,1708,1909,2200,2593,3091,3342,2937,2933,3037,3235,3013,1939,1250,571,131,8,3899,45698,1057,1484,1743,1827,1568,1548,1699,2070,2438,2895,3080,2977,2954,3159,3591,3883,2998,2474,1575,577,101,7725
2026,2026-01-01,03206,032069,岩手県,北上市,city,03206,88999,2475,3314,3890,4154,4159,4214,4482,4955,5889,6751,7273,5977,5658,5408,6002,5698,3735,2832,1542,508,83,8700,44900,1280,1686,2027,2179,2364,2452,2450,2695,3129,3628,3936,3133,2960,2693,2844,2551,1448,959,380,95,11,2893,44099,1195,1628,1863,1975,1795,1762,2032,2260,2760,3123,3337,2844,2698,2715,3158,3147,2287,1873,1162,413,72,5807
2026,2026-01-01,03207,032077,岩手県,久慈市,city,03207,30100,625,912,1230,1344,961,1021,1175,1338,1637,1857,2129,2217,2277,2465,2597,2431,1567,1288,727,263,39,3884,14648,299,465,667,717,531,570,611,699,814,953,1107,1134,1153,1221,1267,1160,632,430,176,38,4,1280,15452,326,447,563,627,430,451,564,639,823,904,1022,1083,1124,1244,1330,1271,935,858,551,225,35,2604
2026,2026-01-01,03208,032085,岩手県,遠野市,city,03208,22969,457,659,857,916,642,629,719,933,1326,1385,1374,1412,1613,2026,2130,2068,1362,1318,834,272,37,3823,11114,241,324,433,489,358,360,374,502,703,738,742,722,857,990,1051,1017,517,429,205,57,5,1213,11855,216,335,424,427,284,269,345,431,623,647,632,690,756,1036,1079,1051,845,889,629,215,32,2610
2026,2026-01-01,03209,032093,岩手県,一関市,city,03209,102057,2124,3008,3912,4392,3395,3236,3659,4259,5586,6599,7062,6549,7469,8350,9302,8667,5593,4752,2954,1021,168,14488,49981,1091,1588,2052,2280,1773,1765,1971,2230,2969,3445,3702,3339,3815,4165,4603,4172,2321,1658,833,189,20,5021,52076,1033,1420,1860,2112,1622,1471,1688,2029,2617,3154,3360,3210,3654,4185,4699,4495,3272,3094,2121,832,148,9467
2026,2026-01-01,03210,032107,岩手県,陸前高田市,city,03210,16604,316,493,528,586,453,461,609,688,776,969,1152,1216,1296,1308,1468,1548,1135,885,523,172,22,2737,8060,161,244,258,312,242,266,335,388,393,540,603,622,626,665,705,727,467,310,150,41,5,973,8544,155,249,270,274,211,195,274,300,383,429,549,594,670,643,763,821,668,575,373,131,17,1764
2026,2026-01-01,03211,032115,岩手県,釜石市,city,03211,27613,529,718,974,1003,883,939,1023,1077,1343,1602,1932,2029,2030,2007,2573,2498,1914,1485,785,237,32,4453,13248,276,362,483,508,504,555,538,552,713,831,1004,1060,1033,999,1228,1072,741,530,212,43,4,1530,14365,253,356,491,495,379,384,485,525,630,771,928,969,997,1008,1345,1426,1173,955,573,194,28,2923
2026,2026-01-01,03213,032131,岩手県,二戸市,city,03213,23294,436,671,855,890,714,726,838,972,1174,1422,1632,1721,1654,1926,2194,2016,1418,1088,679,226,42,3453,11137,228,351,431,440,368,388,458,488,642,709,850,859,868,961,1047,911,570,349,174,39,6,1138,12157,208,320,424,450,346,338,380,484,532,713,782,862,786,965,1147,1105,848,739,505,187,36,2315
2026,2026-01-01,03214,032140,岩手県,八幡平市,city,03214,22076,368,590,751,759,630,633,664,886,1138,1328,1419,1386,1623,2010,2347,2020,1287,1223,742,238,34,3524,10670,173,303,373,382,345,338,355,456,599,678,750,721,796,1040,1156,1018,536,393,205,48,5,1187,11406,195,287,378,377,285,295,309,430,539,650,669,665,827,970,1191,1002,751,830,537,190,29,2337
2026,2026-01-01,03215,032158,岩手県,奥州市,city,03215,105043,2430,3576,4330,4559,3650,3625,4256,5081,6145,7122,7457,6501,7123,7989,8709,8385,5501,4729,2874,855,146,14105,51361,1241,1863,2181,2358,1962,1990,2268,2681,3283,3737,3958,3310,3560,3954,4260,3892,2224,1638,815,160,26,4863,53682,1189,1713,2149,2201,1688,1635,1988,2400,2862,3385,3499,3191,3563,4035,4449,4493,3277,3091,2059,695,120,9242
2026,2026-01-01,03216,032166,岩手県,滝沢市,city,03216,53595,1610,2330,2636,2778,2583,2021,2449,2954,3616,3969,4195,3464,3526,3593,3850,3681,2134,1357,645,180,24,4340,26281,822,1197,1296,1433,1440,1106,1216,1503,1812,2012,2151,1700,1733,1757,1800,1610,961,508,182,38,4,1693,27314,788,1133,1340,1345,1143,915,1233,1451,1804,1957,2044,1764,1793,1836,2050,2071,1173,849,463,142,20,2647
2026,2026-01-01,03300,033006,岩手県,岩手郡,gun_agg,,30742,549,848,1038,1135,908,810,996,1206,1556,1769,1997,2064,2381,2694,3116,2879,1895,1622,957,294,28,4796,15036,290,431,506,601,472,467,556,659,830,964,1045,1072,1227,1365,1566,1370,743,552,274,43,3,1615,15706,259,417,532,534,436,343,440,547,726,805,952,992,1154,1329,1550,1509,1152,1070,683,251,25,3181
2026,2026-01-01,03301,033014,岩手県,岩手郡雫石町,town,03301,14627,293,455,540,608,456,380,486,638,819,879,1014,970,1085,1173,1380,1355,856,701,406,126,7,2096,7112,163,232,256,321,236,217,274,329,423,476,502,508,548,577,669,634,347,247,127,24,2,747,7515,130,223,284,287,220,163,212,309,396,403,512,462,537,596,711,721,509,454,279,102,5,1349
2026,2026-01-01,03302,033022,岩手県,岩手郡葛巻町,town,03302,5077,81,98,137,147,116,111,134,146,212,249,288,319,401,508,604,558,394,318,192,57,7,968,2522,42,52,76,73,59,67,82,85,125,147,164,176,208,264,307,275,162,112,42,4,0,320,2555,39,46,61,74,57,44,52,61,87,102,124,143,193,244,297,283,232,206,150,53,7,648
2026,2026-01-01,03303,033031,岩手県,岩手郡岩手町,town,03303,11038,175,295,361,380,336,319,376,422,525,641,695,775,895,1013,1132,966,645,603,359,111,14,1732,5402,85,147,174,207,177,183,200,245,282,341,379,388,471,524,590,461,234,193,105,15,1,548,5636,90,148,187,173,159,136,176,177,243,300,316,387,424,489,542,505,411,410,254,96,13,1184
2026,2026-01-01,03320,033201,岩手県,紫波郡,gun_agg,,58215,1749,2334,2635,2667,2366,2371,2705,3139,3586,4013,4394,3868,4097,4111,4241,4248,2532,1765,1053,298,43,5691,27982,881,1202,1372,1348,1165,1236,1344,1601,1822,2005,2231,1878,1991,2003,2010,1951,1027,579,270,60,6,1942,30233,868,1132,1263,1319,1201,1135,1361,1538,1764,2008,2163,1990,2106,2108,2231,2297,1505,1186,783,238,37,3749
2026,2026-01-01,03321,033219,岩手県,紫波郡紫波町,town,03321,32270,1000,1345,1450,1440,1181,1125,1506,1776,1908,2192,2353,2128,2329,2297,2404,2416,1502,1103,631,161,23,3420,15551,502,698,751,735,637,580,736,923,987,1103,1200,1030,1168,1127,1132,1098,591,360,159,31,3,1144,16719,498,647,699,705,544,545,770,853,921,1089,1153,1098,1161,1170,1272,1318,911,743,472,130,20,2276
2026,2026-01-01,03322,033227,岩手県,紫波郡矢巾町,town,03322,25945,749,989,1185,1227,1185,1246,1199,1363,1678,1821,2041,1740,1768,1814,1837,1832,1030,662,422,137,20,2271,12431,379,504,621,613,528,656,608,678,835,902,1031,848,823,876,878,853,436,219,111,29,3,798,13514,370,485,564,614,657,590,591,685,843,919,1010,892,945,938,959,979,594,443,311,108,17,1473
2026,2026-01-01,03360,033600,岩手県,和賀郡,gun_agg,,4446,46,90,115,131,98,88,112,151,180,210,221,231,330,445,509,435,336,358,258,82,20,1054,2112,22,49,67,69,41,49,72,93,90,113,120,116,176,239,246,217,113,127,72,17,4,333,2334,24,41,48,62,57,39,40,58,90,97,101,115,154,206,263,218,223,231,186,65,16,721
2026,2026-01-01,03366,033669,岩手県,和賀郡西和賀町,town,03366,4446,46,90,115,131,98,88,112,151,180,210,221,231,330,445,509,435,336,358,258,82,20,1054,2112,22,49,67,69,41,49,72,93,90,113,120,116,176,239,246,217,113,127,72,17,4,333,2334,24,41,48,62,57,39,40,58,90,97,101,115,154,206,263,218,223,231,186,65,16,721
2026,2026-01-01,03380,033804,岩手県,胆沢郡,gun_agg,,14741,435,572,616,749,746,630,667,807,883,1059,1072,892,968,958,1110,955,620,585,299,101,17,1622,7589,196,290,336,425,450,382,375,446,481,563,603,471,508,474,546,460,246,216,98,21,2,583,7152,239,282,280,324,296,248,292,361,402,496,469,421,460,484,564,495,374,369,201,80,15,1039
2026,2026-01-01,03381,033812,岩手県,胆沢郡金ケ崎町,town,03381,14741,435,572,616,749,746,630,667,807,883,1059,1072,892,968,958,1110,955,620,585,299,101,17,1622,7589,196,290,336,425,450,382,375,446,481,563,603,471,508,474,546,460,246,216,98,21,2,583,7152,239,282,280,324,296,248,292,361,402,496,469,421,460,484,564,495,374,369,201,80,15,1039
2026,2026-01-01,03400,034002,岩手県,西磐井郡,gun_agg,,6485,110,201,273,275,168,148,193,290,363,444,411,361,467,551,648,618,381,314,190,70,9,964,3143,59,99,141,139,91,82,108,142,200,247,224,182,207,287,315,287,167,105,45,14,2,333,3342,51,102,132,136,77,66,85,148,163,197,187,179,260,264,333,331,214,209,145,56,7,631
2026,2026-01-01,03402,034029,岩手県,西磐井郡平泉町,town,03402,6485,110,201,273,275,168,148,193,290,363,444,411,361,467,551,648,618,381,314,190,70,9,964,3143,59,99,141,139,91,82,108,142,200,247,224,182,207,287,315,287,167,105,45,14,2,333,3342,51,102,132,136,77,66,85,148,163,197,187,179,260,264,333,331,214,209,145,56,7,631
2026,2026-01-01,03440,034401,岩手県,気仙郡,gun_agg,,4416,58,112,114,142,92,88,109,187,213,212,266,268,347,415,462,426,319,291,194,84,17,905,2185,35,60,58,77,51,53,64,102,122,120,146,139,193,221,239,202,126,106,49,20,2,303,2231,23,52,56,65,41,35,45,85,91,92,120,129,154,194,223,224,193,185,145,64,15,602
2026,2026-01-01,03441,034410,岩手県,気仙郡住田町,town,03441,4416,58,112,114,142,92,88,109,187,213,212,266,268,347,415,462,426,319,291,194,84,17,905,2185,35,60,58,77,51,53,64,102,122,120,146,139,193,221,239,202,126,106,49,20,2,303,2231,23,52,56,65,41,35,45,85,91,92,120,129,154,194,223,224,193,185,145,64,15,602
2026,2026-01-01,03460,034606,岩手県,上閉伊郡,gun_agg,,10130,219,314,392,391,277,356,363,391,500,596,674,718,781,852,903,947,646,482,244,74,10,1456,4864,119,159,207,199,152,184,197,193,257,311,357,356,374,441,442,440,255,147,63,10,1,476,5266,100,155,185,192,125,172,166,198,243,285,317,362,407,411,461,507,391,335,181,64,9,980
2026,2026-01-01,03461,034614,岩手県,上閉伊郡大槌町,town,03461,10130,219,314,392,391,277,356,363,391,500,596,674,718,781,852,903,947,646,482,244,74,10,1456,4864,119,159,207,199,152,184,197,193,257,311,357,356,374,441,442,440,255,147,63,10,1,476,5266,100,155,185,192,125,172,166,198,243,285,317,362,407,411,461,507,391,335,181,64,9,980
2026,2026-01-01,03480,034801,岩手県,下閉伊郡,gun_agg,,25952,482,743,837,918,708,738,849,949,1199,1421,1759,1781,1936,2145,2549,2609,1815,1446,784,244,40,4329,12839,263,385,434,492,384,413,462,513,638,785,965,959,1035,1054,1278,1245,721,520,231,60,2,1534,13113,219,358,403,426,324,325,387,436,561,636,794,822,901,1091,1271,1364,1094,926,553,184,38,2795
2026,2026-01-01,03482,034827,岩手県,下閉伊郡山田町,town,03482,13414,287,417,434,471,379,449,512,510,621,800,974,1004,935,969,1205,1359,943,687,323,117,18,2088,6583,166,214,224,252,217,245,280,265,315,435,532,528,496,467,591,636,363,245,83,28,1,720,6831,121,203,210,219,162,204,232,245,306,365,442,476,439,502,614,723,580,442,240,89,17,1368
2026,2026-01-01,03483,034835,岩手県,下閉伊郡岩泉町,town,03483,7547,121,200,237,250,198,167,200,274,358,341,444,467,633,720,786,756,534,487,285,72,17,1395,3744,56,104,120,134,103,99,106,152,210,190,245,259,338,364,393,374,214,178,88,16,1,497,3803,65,96,117,116,95,68,94,122,148,151,199,208,295,356,393,382,320,309,197,56,16,898
2026,2026-01-01,03484,034843,岩手県,下閉伊郡田野畑村,village,03484,2766,34,71,101,114,71,78,79,95,118,151,190,165,199,250,320,267,192,147,91,31,2,463,1394,20,38,54,60,35,45,41,59,61,83,104,87,110,120,178,125,81,52,31,10,0,174,1372,14,33,47,54,36,33,38,36,57,68,86,78,89,130,142,142,111,95,60,21,2,289
2026,2026-01-01,03485,034851,岩手県,下閉伊郡普代村,village,03485,2225,40,55,65,83,60,44,58,70,102,129,151,145,169,206,238,227,146,125,85,24,3,383,1118,21,29,36,46,29,24,35,37,52,77,84,85,91,103,116,110,63,45,29,6,0,143,1107,19,26,29,37,31,20,23,33,50,52,67,60,78,103,122,117,83,80,56,18,3,240
2026,2026-01-01,03500,035009,岩手県,九戸郡,gun_agg,,30510,472,761,1090,1143,804,788,954,1144,1435,1728,1936,2110,2417,2719,3153,2901,1902,1655,1016,336,46,4955,14817,234,402,566,571,428,456,518,587,766,932,1029,1101,1258,1370,1576,1412,724,567,240,71,9,1611,15693,238,359,524,572,376,332,436,557,669,796,907,1009,1159,1349,1577,1489,1178,1088,776,265,37,3344
2026,2026-01-01,03501,035017,岩手県,九戸郡軽米町,town,03501,7589,118,189,248,293,179,158,255,276,378,414,432,548,649,692,824,691,483,426,242,80,14,1245,3746,53,111,132,142,91,95,139,134,206,241,251,271,359,350,421,351,184,146,48,17,4,399,3843,65,78,116,151,88,63,116,142,172,173,181,277,290,342,403,340,299,280,194,63,10,846
2026,2026-01-01,03503,035033,岩手県,九戸郡野田村,village,03503,3793,91,140,164,142,87,104,139,166,184,218,239,263,298,323,343,330,220,180,123,32,7,562,1853,56,66,83,75,52,58,84,81,95,111,127,140,143,161,175,157,83,67,29,7,3,189,1940,35,74,81,67,35,46,55,85,89,107,112,123,155,162,168,173,137,113,94,25,4,373
2026,2026-01-01,03506,035068,岩手県,九戸郡九戸村,village,03506,4870,64,111,189,184,130,106,151,178,176,281,319,315,338,431,522,489,338,308,167,65,8,886,2336,33,68,106,89,68,57,81,98,85,148,171,172,177,211,262,231,121,101,45,12,0,279,2534,31,43,83,95,62,49,70,80,91,133,148,143,161,220,260,258,217,207,122,53,8,607
2026,2026-01-01,03507,035076,岩手県,九戸郡洋野町,town,03507,14258,199,321,489,524,408,420,409,524,697,815,946,984,1132,1273,1464,1391,861,741,484,159,17,2262,6882,92,157,245,265,217,246,214,274,380,432,480,518,579,648,718,673,336,253,118,35,2,744,7376,107,164,244,259,191,174,195,250,317,383,466,466,553,625,746,718,525,488,366,124,15,1518
2026,2026-01-01,03520,035203,岩手県,二戸郡,gun_agg,,10121,146,249,329,368,235,210,257,366,483,566,637,712,787,961,1126,958,645,584,358,116,28,1731,4905,72,122,181,181,128,119,137,189,264,323,332,380,419,471,587,460,247,180,90,19,4,540,5216,74,127,148,187,107,91,120,177,219,243,305,332,368,490,539,498,398,404,268,97,24,1191
2026,2026-01-01,03524,035246,岩手県,二戸郡一戸町,town,03524,10121,146,249,329,368,235,210,257,366,483,566,637,712,787,961,1126,958,645,584,358,116,28,1731,4905,72,122,181,181,128,119,137,189,264,323,332,380,419,471,587,460,247,180,90,19,4,540,5216,74,127,148,187,107,91,120,177,219,243,305,332,368,490,539,498,398,404,268,97,24,1191
2026,2026-01-01,04000,040002,宮城県,,pref,,2176945,61120,80258,93181,99154,103942,102602,105852,121055,141339,156709,168794,145238,138808,139775,151937,149905,95842,68735,38894,11965,1840,217276,1060968,31241,41083,47769,50826,53358,52716,54053,61711,71395,79784,85768,73463,68664,68017,72402,69174,40729,25020,11166,2394,235,79544,1115977,29879,39175,45412,48328,50584,49886,51799,59344,69944,76925,83026,71775,70144,71758,79535,80731,55113,43715,27728,9571,1605,137732
2026,2026-01-01,04100,041009,宮城県,仙台市,city_agg,,1043923,32391,40129,44358,47078,57450,58694,58607,63526,70904,77474,85918,72902,64008,58173,60252,62513,41671,27620,15129,4473,653,89546,503505,16544,20728,22670,23965,28971,29144,29160,31657,34942,38558,42753,36586,31419,27796,27742,27826,17453,10093,4485,924,89,33044,540418,15847,19401,21688,23113,28479,29550,29447,31869,35962,38916,43165,36316,32589,30377,32510,34687,24218,17527,10644,3549,564,56502
2026,2026-01-01,04101,041017,宮城県,仙台市青葉区,ward,04100,287521,8191,10641,11922,13226,18309,16227,15798,17109,19459,21399,23486,20105,17912,16195,16283,16775,11044,7473,4398,1365,204,24484,137557,4156,5534,6173,6819,9451,8027,7764,8399,9469,10472,11487,9954,8705,7554,7477,7430,4481,2667,1224,283,31,8686,149964,4035,5107,5749,6407,8858,8200,8034,8710,9990,10927,11999,10151,9207,8641,8806,9345,6563,4806,3174,1082,173,15798
2026,2026-01-01,04102,041025,宮城県,仙台市宮城野区,ward,04100,183793,5727,6935,7741,8330,10594,12046,11294,11993,13062,13896,15614,12919,11000,9487,9575,9733,6378,4362,2346,655,106,13847,89487,2961,3615,3920,4218,5210,5985,5708,6033,6559,7000,7886,6648,5437,4655,4370,4358,2587,1480,713,133,11,4924,94306,2766,3320,3821,4112,5384,6061,5586,5960,6503,6896,7728,6271,5563,4832,5205,5375,3791,2882,1633,522,95,8923
2026,2026-01-01,04103,041033,宮城県,仙台市若林区,ward,04100,136262,4429,5447,5760,5887,7520,8824,8570,8963,9666,10382,11305,9167,8091,7164,7213,7387,4837,3335,1755,484,76,10487,66349,2336,2788,2911,2944,3726,4406,4326,4500,4796,5253,5776,4605,4063,3460,3393,3309,1977,1171,503,96,10,3757,69913,2093,2659,2849,2943,3794,4418,4244,4463,4870,5129,5529,4562,4028,3704,3820,4078,2860,2164,1252,388,66,6730
2026,2026-01-01,04104,041041,宮城県,仙台市太白区,ward,04100,232231,8285,9727,10171,10238,11566,12402,13112,14486,15955,16942,18704,16178,13986,12622,13208,13882,9626,6359,3568,1077,137,20767,111876,4237,5044,5132,5258,5875,5973,6372,7199,7860,8421,9355,8121,6944,6131,6116,6092,4059,2379,1075,216,17,7746,120355,4048,4683,5039,4980,5691,6429,6740,7287,8095,8521,9349,8057,7042,6491,7092,7790,5567,3980,2493,861,120,13021
2026,2026-01-01,04105,041050,宮城県,仙台市泉区,ward,04100,204116,5759,7379,8764,9397,9461,9195,9833,10975,12762,14855,16809,14533,13019,12705,13973,14736,9786,6091,3062,892,130,19961,98236,2854,3747,4534,4726,4709,4753,4990,5526,6258,7412,8249,7258,6270,5996,6386,6637,4349,2396,970,196,20,7931,105880,2905,3632,4230,4671,4752,4442,4843,5449,6504,7443,8560,7275,6749,6709,7587,8099,5437,3695,2092,696,110,12030
2026,2026-01-01,04202,042021,宮城県,石巻市,city,04202,128328,2971,3984,5115,5374,5145,5062,5326,6059,7324,8563,9297,8712,8979,9222,10196,10484,7127,5371,2947,914,156,16515,62460,1505,2008,2641,2773,2714,2740,2802,3187,3846,4475,4782,4430,4405,4591,4856,4838,2947,1885,829,189,17,5867,65868,1466,1976,2474,2601,2431,2322,2524,2872,3478,4088,4515,4282,4574,4631,5340,5646,4180,3486,2118,725,139,10648
2026,2026-01-01,04203,042030,宮城県,塩竈市,city,04203,50252,1207,1749,1962,2049,1920,1892,2079,2599,2934,3268,3734,3499,3485,3580,3929,4100,2791,2005,1119,306,45,6266,24165,627,907,1007,1042,957,971,1061,1321,1575,1682,1901,1752,1702,1729,1893,1793,1178,680,317,64,6,2245,26087,580,842,955,1007,963,921,1018,1278,1359,1586,1833,1747,1783,1851,2036,2307,1613,1325,802,242,39,4021
2026,2026-01-01,04205,042056,宮城県,気仙沼市,city,04205,54207,946,1425,1814,1938,1609,1688,1841,1976,2562,3248,3848,4041,4287,4451,4734,5292,3626,2794,1546,463,78,8507,26249,484,721,938,996,871,948,997,1073,1337,1663,2065,2054,2134,2161,2269,2496,1464,1029,459,79,11,3042,27958,462,704,876,942,738,740,844,903,1225,1585,1783,1987,2153,2290,2465,2796,2162,1765,1087,384,67,5465
2026,2026-01-01,04206,042064,宮城県,白石市,city,04206,29647,492,844,1098,1298,1081,943,1038,1330,1727,1952,2116,1883,2132,2395,2781,2592,1674,1219,761,245,46,3945,14611,249,431,568,688,587,511,568,738,908,996,1133,952,1030,1211,1366,1222,749,441,209,48,6,1453,15036,243,413,530,610,494,432,470,592,819,956,983,931,1102,1184,1415,1370,925,778,552,197,40,2492
2026,2026-01-01,04207,042072,宮城県,名取市,city,04207,79123,2699,3737,4379,4255,3663,3586,4037,4773,5842,6049,6330,5174,4880,4522,4697,4226,2818,2032,1065,313,46,6274,38759,1358,1932,2231,2140,1822,1814,2024,2366,2873,3073,3200,2639,2348,2245,2320,2013,1178,799,320,58,6,2361,40364,1341,1805,2148,2115,1841,1772,2013,2407,2969,2976,3130,2535,2532,2277,2377,2213,1640,1233,745,255,40,3913
2026,2026-01-01,04208,042081,宮城県,角田市,city,04208,25599,479,723,957,1207,1022,863,857,1148,1520,1742,1810,1523,1684,2097,2399,2310,1336,1019,647,221,35,3258,12771,230,350,506,590,581,483,467,634,781,937,959,815,835,1049,1169,1123,608,422,181,49,2,1262,12828,249,373,451,617,441,380,390,514,739,805,851,708,849,1048,1230,1187,728,597,466,172,33,1996
2026,2026-01-01,04209,042099,宮城県,多賀城市,city,04209,60964,2163,2663,2879,2936,2974,3231,3353,3701,4066,4432,4811,4150,3575,3400,3748,3660,2557,1645,779,218,23,5222,30196,1120,1370,1466,1582,1594,1661,1701,1925,2021,2309,2462,2102,1824,1676,1764,1632,1082,613,243,48,1,1987,30768,1043,1293,1413,1354,1380,1570,1652,1776,2045,2123,2349,2048,1751,1724,1984,2028,1475,1032,536,170,22,3235
2026,2026-01-01,04211,042111,宮城県,岩沼市,city,04211,42024,1240,1715,2027,2121,2018,1904,1978,2400,2815,3227,3417,2656,2398,2538,2935,2875,1697,1195,622,207,39,3760,20781,650,884,1078,1097,1030,1009,1029,1250,1403,1635,1793,1384,1198,1230,1417,1295,727,469,156,45,2,1399,21243,590,831,949,1024,988,895,949,1150,1412,1592,1624,1272,1200,1308,1518,1580,970,726,466,162,37,2361
2026,2026-01-01,04212,042129,宮城県,登米市,city,04212,69947,1545,2326,2846,3049,2489,2280,2430,3326,4361,4875,4465,3869,4826,5957,6858,5719,3145,2899,1985,590,107,8726,34418,763,1199,1413,1601,1369,1227,1302,1788,2300,2621,2350,1986,2402,2941,3330,2836,1335,993,562,89,11,2990,35529,782,1127,1433,1448,1120,1053,1128,1538,2061,2254,2115,1883,2424,3016,3528,2883,1810,1906,1423,501,96,5736
2026,2026-01-01,04213,042137,宮城県,栗原市,city,04213,58341,1026,1595,2166,2373,1887,1633,1847,2451,3290,3705,3593,3169,3923,5173,6224,5373,3225,2906,2016,671,95,8913,28565,541,819,1101,1243,1051,916,1021,1326,1741,1968,1880,1638,1991,2563,3066,2659,1410,935,551,133,12,3041,29776,485,776,1065,1130,836,717,826,1125,1549,1737,1713,1531,1932,2610,3158,2714,1815,1971,1465,538,83,5872
2026,2026-01-01,04214,042145,宮城県,東松島市,city,04214,37110,1052,1349,1668,1738,1677,1617,1665,1977,2371,2590,2829,2397,2316,2456,2807,2802,1749,1237,593,195,25,3799,18168,516,688,836,891,892,853,847,1035,1243,1317,1424,1208,1140,1172,1362,1292,763,490,160,36,3,1452,18942,536,661,832,847,785,764,818,942,1128,1273,1405,1189,1176,1284,1445,1510,986,747,433,159,22,2347
2026,2026-01-01,04215,042153,宮城県,大崎市,city,04215,119122,3020,4266,5121,5504,4824,4921,5135,6222,7813,8704,8662,7456,7944,8587,9570,8782,5053,4073,2513,841,111,12591,58761,1518,2172,2617,2777,2498,2735,2763,3205,4109,4513,4518,3800,4086,4217,4697,4150,2131,1423,655,157,20,4386,60361,1502,2094,2504,2727,2326,2186,2372,3017,3704,4191,4144,3656,3858,4370,4873,4632,2922,2650,1858,684,91,8205
2026,2026-01-01,04216,042161,宮城県,富谷市,city,04216,52169,1911,2404,2995,3332,2682,2072,2425,2854,3564,4184,4671,3798,3080,2801,3083,2939,1768,1017,441,126,22,3374,25636,988,1159,1545,1695,1352,1006,1245,1431,1750,2070,2369,1910,1560,1300,1489,1354,823,417,141,27,5,1413,26533,923,1245,1450,1637,1330,1066,1180,1423,1814,2114,2302,1888,1520,1501,1594,1585,945,600,300,99,17,1961
2026,2026-01-01,04300,043001,宮城県,刈田郡,gun_agg,,11633,218,360,441,477,395,320,362,510,627,690,714,733,860,998,1189,1064,662,534,318,143,18,1675,5719,99,178,231,236,185,166,193,271,330,366,358,366,452,521,615,543,304,179,95,31,0,609,5914,119,182,210,241,210,154,169,239,297,324,356,367,408,477,574,521,358,355,223,112,18,1066
2026,2026-01-01,04301,043010,宮城県,刈田郡蔵王町,town,04301,10511,192,317,408,437,365,284,333,454,568,637,662,670,775,904,1090,964,599,461,266,112,13,1451,5158,86,157,213,213,175,145,179,237,295,336,330,336,402,463,558,498,274,159,79,23,0,535,5353,106,160,195,224,190,139,154,217,273,301,332,334,373,441,532,466,325,302,187,89,13,916
2026,2026-01-01,04302,043028,宮城県,刈田郡七ヶ宿町,town,04302,1122,26,43,33,40,30,36,29,56,59,53,52,63,85,94,99,100,63,73,52,31,5,224,561,13,21,18,23,10,21,14,34,35,30,28,30,50,58,57,45,30,20,16,8,0,74,561,13,22,15,17,20,15,15,22,24,23,24,33,35,36,42,55,33,53,36,23,5,150
2026,2026-01-01,04320,043206,宮城県,柴田郡,gun_agg,,75938,1885,2660,3106,3598,3593,3118,3293,4030,4947,5380,5763,4685,4678,5270,6131,5992,3549,2479,1314,399,68,7809,37703,984,1378,1592,1874,1870,1728,1764,2078,2622,2808,2956,2412,2334,2520,2962,2794,1590,960,375,92,10,3027,38235,901,1282,1514,1724,1723,1390,1529,1952,2325,2572,2807,2273,2344,2750,3169,3198,1959,1519,939,307,58,4782
2026,2026-01-01,04321,043214,宮城県,柴田郡大河原町,town,04321,22976,645,918,1048,1130,1107,1090,1117,1315,1543,1698,1800,1454,1323,1488,1544,1544,993,688,395,114,22,2212,11274,337,477,532,589,544,586,597,658,801,873,900,727,666,686,750,693,449,266,118,22,3,858,11702,308,441,516,541,563,504,520,657,742,825,900,727,657,802,794,851,544,422,277,92,19,1354
2026,2026-01-01,04322,043222,宮城県,柴田郡村田町,town,04322,9578,182,280,366,403,306,335,329,473,566,612,684,594,640,813,955,865,487,368,226,81,13,1175,4797,85,147,182,203,158,189,182,250,307,339,372,305,323,409,480,436,212,140,54,22,2,430,4781,97,133,184,200,148,146,147,223,259,273,312,289,317,404,475,429,275,228,172,59,11,745
2026,2026-01-01,04323,043231,宮城県,柴田郡柴田町,town,04323,35776,932,1259,1443,1777,1945,1480,1619,1929,2346,2596,2739,2163,2159,2266,2805,2849,1697,1086,518,146,22,3469,17778,501,644,744,927,1042,833,862,1007,1243,1338,1392,1141,1050,1073,1308,1286,763,433,153,34,4,1387,17998,431,615,699,850,903,647,757,922,1103,1258,1347,1022,1109,1193,1497,1563,934,653,365,112,18,2082
2026,2026-01-01,04324,043249,宮城県,柴田郡川崎町,town,04324,7608,126,203,249,288,235,213,228,313,492,474,540,474,556,703,827,734,372,337,175,58,11,953,3854,61,110,134,155,126,120,123,163,271,258,292,239,295,352,424,379,166,121,50,14,1,352,3754,65,93,115,133,109,93,105,150,221,216,248,235,261,351,403,355,206,216,125,44,10,601
2026,2026-01-01,04340,043401,宮城県,伊具郡,gun_agg,,11098,142,284,396,417,350,313,307,420,627,656,637,664,778,979,1238,1094,682,590,366,133,25,1796,5587,79,139,210,224,183,188,178,225,342,344,343,337,410,511,639,561,310,214,120,25,5,674,5511,63,145,186,193,167,125,129,195,285,312,294,327,368,468,599,533,372,376,246,108,20,1122
2026,2026-01-01,04341,043419,宮城県,伊具郡丸森町,town,04341,11098,142,284,396,417,350,313,307,420,627,656,637,664,778,979,1238,1094,682,590,366,133,25,1796,5587,79,139,210,224,183,188,178,225,342,344,343,337,410,511,639,561,310,214,120,25,5,674,5511,63,145,186,193,167,125,129,195,285,312,294,327,368,468,599,533,372,376,246,108,20,1122
2026,2026-01-01,04360,043605,宮城県,亘理郡,gun_agg,,43316,1123,1470,1765,1861,1659,1572,1655,2248,2557,2990,3196,2715,2707,3226,3699,3858,2289,1538,872,270,46,5015,21342,576,727,916,942,837,832,871,1146,1328,1553,1653,1407,1341,1601,1828,1828,1017,621,244,68,6,1956,21974,547,743,849,919,822,740,784,1102,1229,1437,1543,1308,1366,1625,1871,2030,1272,917,628,202,40,3059
2026,2026-01-01,04361,043613,宮城県,亘理郡亘理町,town,04361,32196,877,1118,1358,1454,1305,1230,1302,1714,1960,2319,2441,2114,1976,2377,2641,2661,1564,995,583,175,32,3349,15851,457,556,693,720,668,650,681,875,1011,1197,1256,1086,968,1178,1300,1252,698,404,151,46,4,1303,16345,420,562,665,734,637,580,621,839,949,1122,1185,1028,1008,1199,1341,1409,866,591,432,129,28,2046
2026,2026-01-01,04362,043621,宮城県,亘理郡山元町,town,04362,11120,246,352,407,407,354,342,353,534,597,671,755,601,731,849,1058,1197,725,543,289,95,14,1666,5491,119,171,223,222,169,182,190,271,317,356,397,321,373,423,528,576,319,217,93,22,2,653,5629,127,181,184,185,185,160,163,263,280,315,358,280,358,426,530,621,406,326,196,73,12,1013
2026,2026-01-01,04400,044008,宮城県,宮城郡,gun_agg,,65342,1853,2558,2906,3211,2758,2517,2835,3544,3966,4587,4884,4322,4562,4837,4984,4671,2948,2018,1031,310,40,6347,32182,973,1284,1505,1655,1415,1325,1433,1817,2004,2352,2536,2151,2182,2410,2455,2249,1294,760,317,61,4,2436,33160,880,1274,1401,1556,1343,1192,1402,1727,1962,2235,2348,2171,2380,2427,2529,2422,1654,1258,714,249,36,3911
2026,2026-01-01,04401,044016,宮城県,宮城郡松島町,town,04401,12556,222,372,440,486,438,384,443,578,662,815,808,865,911,975,1083,1160,792,664,336,107,15,1914,6105,125,187,240,254,229,218,239,298,329,435,432,425,442,489,509,547,324,259,101,21,2,707,6451,97,185,200,232,209,166,204,280,333,380,376,440,469,486,574,613,468,405,235,86,13,1207
2026,2026-01-01,04404,044041,宮城県,宮城郡七ヶ浜町,town,04404,17111,361,581,663,784,679,601,596,811,975,1105,1347,1288,1289,1373,1421,1370,901,596,297,68,5,1867,8491,162,303,344,407,346,326,323,403,536,575,701,660,632,696,721,659,377,215,92,13,0,697,8620,199,278,319,377,333,275,273,408,439,530,646,628,657,677,700,711,524,381,205,55,5,1170
2026,2026-01-01,04406,044067,宮城県,宮城郡利府町,town,04406,35675,1270,1605,1803,1941,1641,1532,1796,2155,2329,2667,2729,2169,2362,2489,2480,2141,1255,758,398,135,20,2566,17586,686,794,921,994,840,781,871,1116,1139,1342,1403,1066,1108,1225,1225,1043,593,286,124,27,2,1032,18089,584,811,882,947,801,751,925,1039,1190,1325,1326,1103,1254,1264,1255,1098,662,472,274,108,18,1534
2026,2026-01-01,04420,044202,宮城県,黒川郡,gun_agg,,40006,1154,1624,2080,2015,1978,1824,2012,2348,2960,3226,2864,2158,2275,2563,2953,2460,1350,1117,756,241,48,3512,20484,588,792,1095,1107,1121,995,1118,1283,1536,1745,1569,1124,1140,1284,1499,1221,614,394,207,45,7,1267,19522,566,832,985,908,857,829,894,1065,1424,1481,1295,1034,1135,1279,1454,1239,736,723,549,196,41,2245
2026,2026-01-01,04421,044211,宮城県,黒川郡大和町,town,04421,27436,877,1124,1444,1445,1507,1446,1563,1671,2115,2293,2062,1556,1574,1610,1724,1400,804,646,418,133,24,2025,14224,453,542,760,779,866,784,865,935,1101,1241,1119,825,810,817,890,702,358,234,118,23,2,735,13212,424,582,684,666,641,662,698,736,1014,1052,943,731,764,793,834,698,446,412,300,110,22,1290
2026,2026-01-01,04422,044229,宮城県,黒川郡大郷町,town,04422,7142,132,231,324,302,237,150,226,350,483,519,426,361,415,589,793,670,344,298,212,66,14,934,3536,70,106,174,178,132,76,126,176,244,292,252,179,193,287,391,330,152,107,55,12,4,330,3606,62,125,150,124,105,74,100,174,239,227,174,182,222,302,402,340,192,191,157,54,10,604
2026,2026-01-01,04424,044245,宮城県,黒川郡大衡村,village,04424,5428,145,269,312,268,234,228,223,327,362,414,376,241,286,364,436,390,202,173,126,42,10,553,2724,65,144,161,150,123,135,127,172,191,212,198,120,137,180,218,189,104,53,34,10,1,202,2704,80,125,151,118,111,93,96,155,171,202,178,121,149,184,218,201,98,120,92,32,9,351
2026,2026-01-01,04440,044407,宮城県,加美郡,gun_agg,,26228,548,805,1046,1206,935,802,887,1221,1559,1635,1686,1547,1800,2240,2601,2342,1271,1129,694,230,44,3368,12945,298,409,541,611,503,445,472,646,818,891,905,783,917,1140,1302,1121,536,392,170,38,7,1143,13283,250,396,505,595,432,357,415,575,741,744,781,764,883,1100,1299,1221,735,737,524,192,37,2225
2026,2026-01-01,04444,044440,宮城県,加美郡色麻町,town,04444,5931,141,204,251,280,213,177,192,267,405,371,365,338,403,513,595,520,255,235,152,44,10,696,2885,73,109,135,134,115,92,104,141,202,202,181,176,193,264,290,260,108,73,26,5,2,214,3046,68,95,116,146,98,85,88,126,203,169,184,162,210,249,305,260,147,162,126,39,8,482
2026,2026-01-01,04445,044458,宮城県,加美郡加美町,town,04445,20297,407,601,795,926,722,625,695,954,1154,1264,1321,1209,1397,1727,2006,1822,1016,894,542,186,34,2672,10060,225,300,406,477,388,353,368,505,616,689,724,607,724,876,1012,861,428,319,144,33,5,929,10237,182,301,389,449,334,272,327,449,538,575,597,602,673,851,994,961,588,575,398,153,29,1743
2026,2026-01-01,04500,045004,宮城県,遠田郡,gun_agg,,36243,706,1094,1500,1532,1323,1155,1286,1714,2196,2617,2476,2061,2369,2972,3443,3257,1856,1483,878,286,39,4542,17798,376,558,784,775,691,657,706,901,1140,1411,1289,1037,1171,1493,1654,1538,802,512,243,56,4,1617,18445,330,536,716,757,632,498,580,813,1056,1206,1187,1024,1198,1479,1789,1719,1054,971,635,230,35,2925
2026,2026-01-01,04501,045012,宮城県,遠田郡涌谷町,town,04501,13867,231,353,530,543,493,410,469,629,847,959,911,756,975,1242,1398,1313,705,597,377,112,17,1808,6844,116,174,282,272,272,238,264,333,448,533,479,372,479,609,694,634,315,195,113,21,1,645,7023,115,179,248,271,221,172,205,296,399,426,432,384,496,633,704,679,390,402,264,91,16,1163
2026,2026-01-01,04505,045055,宮城県,遠田郡美里町,town,04505,22376,475,741,970,989,830,745,817,1085,1349,1658,1565,1305,1394,1730,2045,1944,1151,886,501,174,22,2734,10954,260,384,502,503,419,419,442,568,692,878,810,665,692,884,960,904,487,317,130,35,3,972,11422,215,357,468,486,411,326,375,517,657,780,755,640,702,846,1085,1040,664,569,371,139,19,1762
2026,2026-01-01,04580,045802,宮城県,牡鹿郡,gun_agg,,5403,126,173,178,183,193,237,220,245,273,315,344,332,334,382,455,515,399,289,156,48,6,898,2707,68,92,86,103,103,148,120,153,153,174,189,181,173,187,214,247,158,107,42,8,1,316,2696,58,81,92,80,90,89,100,92,120,141,155,151,161,195,241,268,241,182,114,40,5,582
2026,2026-01-01,04581,045811,宮城県,牡鹿郡女川町,town,04581,5403,126,173,178,183,193,237,220,245,273,315,344,332,334,382,455,515,399,289,156,48,6,898,2707,68,92,86,103,103,148,120,153,153,174,189,181,173,187,214,247,158,107,42,8,1,316,2696,58,81,92,80,90,89,100,92,120,141,155,151,161,195,241,268,241,182,114,40,5,582
2026,2026-01-01,04600,046001,宮城県,本吉郡,gun_agg,,10982,223,321,378,402,317,358,377,433,534,600,729,792,928,956,1031,985,599,526,346,122,25,1618,5456,107,158,192,219,161,214,211,255,293,323,381,409,470,469,494,543,256,192,85,24,0,557,5526,116,163,186,183,156,144,166,178,241,277,348,383,458,487,537,442,343,334,261,98,25,1061
2026,2026-01-01,04606,046060,宮城県,本吉郡南三陸町,town,04606,10982,223,321,378,402,317,358,377,433,534,600,729,792,928,956,1031,985,599,526,346,122,25,1618,5456,107,158,192,219,161,214,211,255,293,323,381,409,470,469,494,543,256,192,85,24,0,557,5526,116,163,186,183,156,144,166,178,241,277,348,383,458,487,537,442,343,334,261,98,25,1061
2026,2026-01-01,05000,050008,秋田県,,pref,,884269,18373,25680,31567,34850,29677,28261,32188,38806,48805,58210,62667,57755,63714,70952,79403,78856,50206,40641,24915,7779,964,124505,419528,9417,13019,16116,17953,15555,15076,16907,19984,25144,30289,31818,28682,31161,34190,37363,35675,19646,13444,6525,1471,93,41179,464741,8956,12661,15451,16897,14122,13185,15281,18822,23661,27921,30849,29073,32553,36762,42040,43181,30560,27197,18390,6308,871,83326
2026,2026-01-01,05201,052019,秋田県,秋田市,city,05201,287825,7391,9681,11363,12127,11398,11141,12547,14325,17083,20271,22642,19743,19933,20635,22098,22594,14176,10554,5983,1895,245,32853,135537,3801,4944,5793,6181,5739,5663,6220,7113,8474,10200,11299,9681,9443,9675,10207,9823,5637,3623,1621,371,29,11281,152288,3590,4737,5570,5946,5659,5478,6327,7212,8609,10071,11343,10062,10490,10960,11891,12771,8539,6931,4362,1524,216,21572
2026,2026-01-01,05202,052027,秋田県,能代市,city,05202,45838,801,1144,1353,1717,1356,1282,1454,1741,2371,2975,3275,3230,3341,3677,4269,4524,3045,2354,1438,422,69,7328,21389,403,582,696,901,700,734,779,895,1264,1547,1645,1611,1642,1769,1946,2007,1108,719,369,69,3,2268,24449,398,562,657,816,656,548,675,846,1107,1428,1630,1619,1699,1908,2323,2517,1937,1635,1069,353,66,5060
2026,2026-01-01,05203,052035,秋田県,横手市,city,05203,78392,1496,2290,2905,3118,2363,2219,2647,3358,4544,5148,5185,4867,5522,6666,7493,7077,4391,3862,2392,755,94,11494,37390,791,1118,1458,1639,1237,1164,1406,1740,2346,2746,2622,2419,2737,3231,3519,3273,1799,1362,628,145,10,3944,41002,705,1172,1447,1479,1126,1055,1241,1618,2198,2402,2563,2448,2785,3435,3974,3804,2592,2500,1764,610,84,7550
2026,2026-01-01,05204,052043,秋田県,大館市,city,05204,63614,1253,1704,2176,2473,2069,2066,2298,2697,3382,4050,4436,4055,4648,5062,5629,5777,3912,3235,1995,612,85,9839,30186,652,839,1139,1320,1100,1101,1269,1420,1805,2144,2290,1999,2267,2484,2639,2590,1456,1038,504,120,10,3128,33428,601,865,1037,1153,969,965,1029,1277,1577,1906,2146,2056,2381,2578,2990,3187,2456,2197,1491,492,75,6711
2026,2026-01-01,05206,052060,秋田県,男鹿市,city,05206,22606,277,427,567,680,543,481,558,674,1082,1342,1392,1392,1687,2088,2549,2681,1672,1329,875,277,33,4186,10754,138,229,280,359,290,272,292,345,561,739,742,715,833,1021,1242,1265,694,438,236,61,2,1431,11852,139,198,287,321,253,209,266,329,521,603,650,677,854,1067,1307,1416,978,891,639,216,31,2755
2026,2026-01-01,05207,052078,秋田県,湯沢市,city,05207,38386,557,939,1237,1356,1082,1038,1206,1508,1961,2324,2647,2612,3022,3592,3894,3459,2375,1881,1273,376,47,5952,18600,274,476,651,695,617,571,660,823,1065,1221,1350,1299,1554,1785,1905,1567,966,661,358,97,5,2087,19786,283,463,586,661,465,467,546,685,896,1103,1297,1313,1468,1807,1989,1892,1409,1220,915,279,42,3865
2026,2026-01-01,05209,052094,秋田県,鹿角市,city,05209,26104,439,712,953,1068,696,699,820,964,1349,1707,1741,1642,1953,2194,2479,2527,1692,1375,826,246,22,4161,12435,206,359,467,547,396,408,473,522,694,931,906,825,997,1079,1191,1165,615,419,192,43,0,1269,13669,233,353,486,521,300,291,347,442,655,776,835,817,956,1115,1288,1362,1077,956,634,203,22,2892
2026,2026-01-01,05210,052108,秋田県,由利本荘市,city,05210,68694,1488,2033,2481,2913,2472,2245,2392,3115,3927,4462,4720,4125,4820,5545,6376,6118,3638,3159,1953,642,70,9462,33316,763,1040,1283,1526,1391,1277,1315,1649,2096,2379,2472,2063,2364,2696,3012,2880,1396,1080,505,121,8,3110,35378,725,993,1198,1387,1081,968,1077,1466,1831,2083,2248,2062,2456,2849,3364,3238,2242,2079,1448,521,62,6352
2026,2026-01-01,05211,052116,秋田県,潟上市,city,05211,30752,811,1023,1190,1244,1130,1053,1296,1426,1755,2159,2241,2151,2153,2199,2653,2678,1622,1148,625,179,16,3590,14614,412,518,600,679,577,552,661,700,899,1119,1106,1022,1090,1057,1254,1173,615,397,161,20,2,1195,16138,399,505,590,565,553,501,635,726,856,1040,1135,1129,1063,1142,1399,1505,1007,751,464,159,14,2395
2026,2026-01-01,05212,052124,秋田県,大仙市,city,05212,71906,1573,2134,2599,2771,2186,2114,2626,3307,4047,4808,4728,4461,5184,5948,6802,6278,3906,3463,2230,660,81,10340,33951,830,1090,1348,1387,1123,1157,1362,1719,2054,2549,2356,2222,2521,2867,3183,2885,1459,1127,586,115,11,3298,37955,743,1044,1251,1384,1063,957,1264,1588,1993,2259,2372,2239,2663,3081,3619,3393,2447,2336,1644,545,70,7042
2026,2026-01-01,05213,052132,秋田県,北秋田市,city,05213,26931,400,594,817,939,702,703,761,975,1221,1563,1667,1692,2090,2374,2755,2737,1887,1679,1015,323,37,4941,12806,211,311,423,468,372,362,454,534,674,822,904,884,1084,1153,1303,1262,749,510,259,65,2,1585,14125,189,283,394,471,330,341,307,441,547,741,763,808,1006,1221,1452,1475,1138,1169,756,258,35,3356
2026,2026-01-01,05214,052141,秋田県,にかほ市,city,05214,21539,352,591,766,842,828,687,653,836,1116,1400,1500,1490,1613,1684,2012,2020,1296,1031,628,178,16,3149,10433,173,287,377,434,519,418,379,443,593,726,776,760,798,799,951,931,526,334,173,34,2,1069,11106,179,304,389,408,309,269,274,393,523,674,724,730,815,885,1061,1089,770,697,455,144,14,2080
2026,2026-01-01,05215,052159,秋田県,仙北市,city,05215,22190,339,505,734,831,640,570,649,807,1111,1382,1530,1239,1607,1911,2222,2392,1361,1238,818,275,29,3721,10321,150,248,357,399,330,314,337,433,559,730,791,631,808,913,1058,1087,546,369,210,47,4,1176,11869,189,257,377,432,310,256,312,374,552,652,739,608,799,998,1164,1305,815,869,608,228,25,2545
2026,2026-01-01,05300,053007,秋田県,鹿角郡,gun_agg,,4234,71,103,113,139,118,114,133,154,175,219,264,308,364,334,383,459,301,265,165,47,5,783,1978,34,69,54,64,65,69,72,84,96,110,137,155,185,166,180,214,100,84,34,6,0,224,2256,37,34,59,75,53,45,61,70,79,109,127,153,179,168,203,245,201,181,131,41,5,559
2026,2026-01-01,05303,053031,秋田県,鹿角郡小坂町,town,05303,4234,71,103,113,139,118,114,133,154,175,219,264,308,364,334,383,459,301,265,165,47,5,783,1978,34,69,54,64,65,69,72,84,96,110,137,155,185,166,180,214,100,84,34,6,0,224,2256,37,34,59,75,53,45,61,70,79,109,127,153,179,168,203,245,201,181,131,41,5,559
2026,2026-01-01,05320,053201,秋田県,北秋田郡,gun_agg,,1769,21,32,34,40,31,36,52,44,61,84,100,118,133,151,215,183,167,137,90,36,4,434,868,13,18,18,21,15,24,33,27,39,44,53,70,72,75,122,83,67,50,17,7,0,141,901,8,14,16,19,16,12,19,17,22,40,47,48,61,76,93,100,100,87,73,29,4,293
2026,2026-01-01,05327,053279,秋田県,北秋田郡上小阿仁村,village,05327,1769,21,32,34,40,31,36,52,44,61,84,100,118,133,151,215,183,167,137,90,36,4,434,868,13,18,18,21,15,24,33,27,39,44,53,70,72,75,122,83,67,50,17,7,0,141,901,8,14,16,19,16,12,19,17,22,40,47,48,61,76,93,100,100,87,73,29,4,293
2026,2026-01-01,05340,053406,秋田県,山本郡,gun_agg,,22178,267,440,583,689,478,463,584,774,995,1172,1348,1430,1777,2184,2389,2471,1609,1304,908,275,38,4134,10438,121,213,270,346,242,256,343,419,550,657,688,760,872,1108,1167,1149,641,377,210,48,1,1277,11740,146,227,313,343,236,207,241,355,445,515,660,670,905,1076,1222,1322,968,927,698,227,37,2857
2026,2026-01-01,05346,053465,秋田県,山本郡藤里町,town,05346,2652,30,49,80,78,46,46,55,88,131,134,162,181,182,252,294,305,212,185,105,32,5,539,1279,16,29,43,33,23,25,40,49,79,86,86,92,96,124,149,142,85,53,22,7,0,167,1373,14,20,37,45,23,21,15,39,52,48,76,89,86,128,145,163,127,132,83,25,5,372
2026,2026-01-01,05348,053481,秋田県,山本郡三種町,town,05348,13654,183,277,381,447,297,281,383,489,626,747,818,864,1111,1353,1481,1459,955,774,551,165,12,2457,6368,78,139,164,226,161,154,220,255,336,404,411,466,536,675,718,668,376,228,126,26,1,757,7286,105,138,217,221,136,127,163,234,290,343,407,398,575,678,763,791,579,546,425,139,11,1700
2026,2026-01-01,05349,053490,秋田県,山本郡八峰町,town,05349,5872,54,114,122,164,135,136,146,197,238,291,368,385,484,579,614,707,442,345,252,78,21,1138,2791,27,45,63,87,58,77,83,115,135,167,191,202,240,309,300,339,180,96,62,15,0,353,3081,27,69,59,77,77,59,63,82,103,124,177,183,244,270,314,368,262,249,190,63,21,785
2026,2026-01-01,05360,053601,秋田県,南秋田郡,gun_agg,,19559,276,440,593,709,677,470,567,692,872,1139,1299,1300,1461,1589,1944,2046,1380,1118,711,244,32,3485,9203,142,223,302,370,363,274,326,382,448,587,676,636,719,760,925,938,521,367,201,40,3,1132,10356,134,217,291,339,314,196,241,310,424,552,623,664,742,829,1019,1108,859,751,510,204,29,2353
2026,2026-01-01,05361,053619,秋田県,南秋田郡五城目町,town,05361,7555,77,159,221,199,182,167,202,265,348,416,462,469,552,651,814,873,576,495,318,91,18,1498,3566,45,86,102,99,106,101,120,147,181,216,242,238,274,314,393,416,221,162,85,16,2,486,3989,32,73,119,100,76,66,82,118,167,200,220,231,278,337,421,457,355,333,233,75,16,1012
2026,2026-01-01,05363,053635,秋田県,南秋田郡八郎潟町,town,05363,5040,74,102,147,180,131,113,129,182,258,296,319,335,379,448,547,514,339,279,180,78,10,886,2291,34,45,72,91,65,65,68,92,135,167,170,154,175,205,252,241,117,89,44,9,1,260,2749,40,57,75,89,66,48,61,90,123,129,149,181,204,243,295,273,222,190,136,69,9,626
2026,2026-01-01,05366,053660,秋田県,南秋田郡井川町,town,05366,4059,64,80,104,148,135,116,126,142,146,256,291,270,331,336,427,433,278,188,135,50,3,654,1908,30,41,57,81,66,60,71,83,75,128,144,139,165,161,205,193,102,60,40,7,0,209,2151,34,39,47,67,69,56,55,59,71,128,147,131,166,175,222,240,176,128,95,43,3,445
2026,2026-01-01,05368,053686,秋田県,南秋田郡大潟村,village,05368,2905,61,99,121,182,229,74,110,103,120,171,227,226,199,154,156,226,187,156,78,25,1,447,1438,33,51,71,99,126,48,67,60,57,76,120,105,105,80,75,88,81,56,32,8,0,177,1467,28,48,50,83,103,26,43,43,63,95,107,121,94,74,81,138,106,100,46,17,1,270
2026,2026-01-01,05420,054208,秋田県,仙北郡,gun_agg,,17016,311,466,608,653,522,477,499,762,924,1122,1083,1048,1223,1619,1667,1548,982,801,506,173,22,2484,8084,153,238,321,324,268,245,283,390,483,574,556,505,602,775,805,724,403,265,137,32,1,838,8932,158,228,287,329,254,232,216,372,441,548,527,543,621,844,862,824,579,536,369,141,21,1646
2026,2026-01-01,05434,054348,秋田県,仙北郡美郷町,town,05434,17016,311,466,608,653,522,477,499,762,924,1122,1083,1048,1223,1619,1667,1548,982,801,506,173,22,2484,8084,153,238,321,324,268,245,283,390,483,574,556,505,602,775,805,724,403,265,137,32,1,838,8932,158,228,287,329,254,232,216,372,441,548,527,543,621,844,862,824,579,536,369,141,21,1646
2026,2026-01-01,05460,054607,秋田県,雄勝郡,gun_agg,,14736,250,422,495,541,386,403,446,647,829,883,869,852,1183,1500,1574,1287,794,708,484,164,19,2169,7225,150,217,279,293,211,215,243,346,444,464,449,425,573,777,754,659,348,224,124,30,0,726,7511,100,205,216,248,175,188,203,301,385,419,420,427,610,723,820,628,446,484,360,134,19,1443
2026,2026-01-01,05463,054631,秋田県,雄勝郡羽後町,town,05463,12629,219,365,434,467,314,324,385,573,710,756,755,737,1027,1283,1357,1108,661,605,405,130,14,1815,6185,129,193,236,249,168,171,211,307,379,394,393,358,497,669,653,567,291,191,103,26,0,611,6444,90,172,198,218,146,153,174,266,331,362,362,379,530,614,704,541,370,414,302,104,14,1204
2026,2026-01-01,05464,054640,秋田県,雄勝郡東成瀬村,village,05464,2107,31,57,61,74,72,79,61,74,119,127,114,115,156,217,217,179,133,103,79,34,5,354,1040,21,24,43,44,43,44,32,39,65,70,56,67,76,108,101,92,57,33,21,4,0,115,1067,10,33,18,30,29,35,29,35,54,57,58,48,80,109,116,87,76,70,58,30,5,239
2026,2026-01-01,06000,060003,山形県,,pref,,985113,25692,34333,40663,44039,38871,36149,40013,48069,57319,65478,68720,62818,67014,73194,80034,78722,50631,39882,24159,8107,1206,123985,479003,13199,17674,20714,22766,20392,19346,20893,24683,29487,33854,34977,31557,33160,35877,38715,37466,21362,14212,6902,1603,164,44243,506110,12493,16659,19949,21273,18479,16803,19120,23386,27832,31624,33743,31261,33854,37317,41319,41256,29269,25670,17257,6504,1042,79742
2026,2026-01-01,06201,062014,山形県,山形市,city,06201,231727,7100,8574,10084,10883,10736,9723,10760,12221,14352,16407,17379,15343,14849,15072,15700,16541,11244,8142,4727,1625,265,26003,111006,3657,4417,5150,5595,5310,4929,5348,6054,7196,8195,8561,7645,7225,7247,7416,7584,4736,2995,1388,325,33,9477,120721,3443,4157,4934,5288,5426,4794,5412,6167,7156,8212,8818,7698,7624,7825,8284,8957,6508,5147,3339,1300,232,16526
2026,2026-01-01,06202,062022,山形県,米沢市,city,06202,72097,1803,2377,2895,3334,3605,2786,2847,3425,4049,4740,5433,5056,5003,5023,5515,5425,3679,2871,1605,544,82,8781,35440,927,1212,1457,1712,2072,1523,1501,1752,2067,2481,2822,2645,2523,2494,2629,2571,1523,1006,420,90,13,3052,36657,876,1165,1438,1622,1533,1263,1346,1673,1982,2259,2611,2411,2480,2529,2886,2854,2156,1865,1185,454,69,5729
2026,2026-01-01,06203,062031,山形県,鶴岡市,city,06203,113698,2890,3774,4539,5151,3944,3931,4380,5391,6335,7251,8013,7469,7962,8678,9619,9303,6198,4919,2855,957,139,15068,54867,1461,1911,2244,2761,2098,2175,2327,2813,3250,3777,4097,3715,3905,4209,4706,4330,2485,1634,772,182,15,5088,58831,1429,1863,2295,2390,1846,1756,2053,2578,3085,3474,3916,3754,4057,4469,4913,4973,3713,3285,2083,775,124,9980
2026,2026-01-01,06204,062049,山形県,酒田市,city,06204,91444,2064,2828,3391,3739,3129,3139,3501,3997,4953,6147,6726,6142,6555,7068,7829,8046,5058,3942,2377,729,84,12190,43991,1017,1437,1754,1869,1622,1654,1869,2130,2521,3208,3438,3113,3249,3498,3754,3674,2036,1339,671,130,8,4184,47453,1047,1391,1637,1870,1507,1485,1632,1867,2432,2939,3288,3029,3306,3570,4075,4372,3022,2603,1706,599,76,8006
2026,2026-01-01,06205,062057,山形県,新庄市,city,06205,31291,773,1046,1305,1480,1213,1143,1244,1477,1758,2074,2299,2011,2297,2479,2504,2464,1597,1189,675,239,24,3724,15051,382,550,655,757,664,642,658,707,915,1065,1167,1007,1137,1185,1145,1135,661,395,175,45,4,1280,16240,391,496,650,723,549,501,586,770,843,1009,1132,1004,1160,1294,1359,1329,936,794,500,194,20,2444
2026,2026-01-01,06206,062065,山形県,寒河江市,city,06206,38267,1241,1570,1737,1761,1487,1476,1683,2077,2429,2469,2525,2255,2489,2844,2911,2816,1796,1434,905,306,56,4497,18845,624,814,901,921,789,791,878,1095,1253,1297,1241,1142,1218,1399,1415,1385,807,543,270,58,4,1682,19422,617,756,836,840,698,685,805,982,1176,1172,1284,1113,1271,1445,1496,1431,989,891,635,248,52,2815
2026,2026-01-01,06207,062073,山形県,上山市,city,06207,26716,535,735,951,1012,953,860,989,1102,1417,1660,1786,1714,1872,2168,2476,2567,1642,1198,783,256,40,3919,12882,281,396,458,504,493,460,529,544,715,868,937,854,918,1051,1202,1248,690,439,230,58,7,1424,13834,254,339,493,508,460,400,460,558,702,792,849,860,954,1117,1274,1319,952,759,553,198,33,2495
2026,2026-01-01,06208,062081,山形県,村山市,city,06208,20599,415,611,737,806,751,680,729,868,1027,1212,1316,1225,1480,1679,1988,1880,1199,985,736,245,30,3195,10218,218,334,388,407,401,374,387,472,563,624,672,637,739,826,1026,957,529,385,221,55,3,1193,10381,197,277,349,399,350,306,342,396,464,588,644,588,741,853,962,923,670,600,515,190,27,2002
2026,2026-01-01,06209,062090,山形県,長井市,city,06209,23454,556,829,973,957,833,810,931,1122,1274,1450,1557,1518,1624,1778,2057,1921,1294,1080,640,214,36,3264,11501,305,440,515,483,447,452,497,580,678,795,823,743,820,858,1005,894,553,382,181,45,5,1166,11953,251,389,458,474,386,358,434,542,596,655,734,775,804,920,1052,1027,741,698,459,169,31,2098
2026,2026-01-01,06210,062103,山形県,天童市,city,06210,58890,1895,2595,2649,2781,2391,2454,2765,3248,3857,4098,4054,3625,3681,3885,4278,4320,2700,2052,1155,343,64,6314,28814,997,1347,1391,1460,1240,1304,1391,1646,1979,2107,2064,1733,1780,1891,2089,2016,1199,761,334,75,10,2379,30076,898,1248,1258,1321,1151,1150,1374,1602,1878,1991,1990,1892,1901,1994,2189,2304,1501,1291,821,268,54,3935
2026,2026-01-01,06211,062111,山形県,東根市,city,06211,46994,1714,2165,2246,2321,2323,2271,2368,2896,3179,3385,3206,2661,2724,2898,3090,2870,1871,1497,965,297,47,4677,23217,866,1129,1092,1219,1251,1236,1252,1484,1644,1711,1636,1351,1314,1427,1477,1405,796,568,285,66,8,1723,23777,848,1036,1154,1102,1072,1035,1116,1412,1535,1674,1570,1310,1410,1471,1613,1465,1075,929,680,231,39,2954
2026,2026-01-01,06212,062120,山形県,尾花沢市,city,06212,12986,186,342,479,540,424,321,369,479,714,774,753,731,964,1199,1385,1289,716,667,479,149,26,2037,6497,98,169,240,312,229,198,201,271,376,404,399,374,487,622,693,659,341,234,147,36,7,765,6489,88,173,239,228,195,123,168,208,338,370,354,357,477,577,692,630,375,433,332,113,19,1272
2026,2026-01-01,06213,062138,山形県,南陽市,city,06213,28231,732,1024,1152,1232,1039,1065,1188,1417,1656,1838,1931,1748,1958,2169,2286,2279,1419,1143,684,237,34,3517,13700,377,514,584,634,527,572,608,742,856,951,967,896,968,1081,1109,1070,612,389,197,44,2,1244,14531,355,510,568,598,512,493,580,675,800,887,964,852,990,1088,1177,1209,807,754,487,193,32,2273
2026,2026-01-01,06300,063002,山形県,東村山郡,gun_agg,,23220,555,800,992,1067,870,710,858,1082,1391,1580,1477,1459,1618,1898,2052,1912,1225,923,556,176,19,2899,11407,287,431,522,532,470,377,461,551,714,838,765,734,777,947,967,913,558,353,171,35,4,1121,11813,268,369,470,535,400,333,397,531,677,742,712,725,841,951,1085,999,667,570,385,141,15,1778
2026,2026-01-01,06301,063011,山形県,東村山郡山辺町,town,06301,13055,345,474,571,646,491,381,484,649,780,892,906,786,874,1039,1116,1069,661,479,306,99,7,1552,6423,186,255,309,320,260,205,253,327,390,468,462,399,422,511,535,496,307,190,105,21,2,625,6632,159,219,262,326,231,176,231,322,390,424,444,387,452,528,581,573,354,289,201,78,5,927
2026,2026-01-01,06302,063029,山形県,東村山郡中山町,town,06302,10165,210,326,421,421,379,329,374,433,611,688,571,673,744,859,936,843,564,444,250,77,12,1347,4984,101,176,213,212,210,172,208,224,324,370,303,335,355,436,432,417,251,163,66,14,2,496,5181,109,150,208,209,169,157,166,209,287,318,268,338,389,423,504,426,313,281,184,63,10,851
2026,2026-01-01,06320,063207,山形県,西村山郡,gun_agg,,32756,534,941,1228,1357,1041,902,981,1382,1703,2004,1993,1965,2410,2755,3180,3174,1928,1655,1114,437,72,5206,16236,271,483,643,722,550,510,544,750,891,1068,1050,989,1230,1344,1604,1636,858,615,363,104,11,1951,16520,263,458,585,635,491,392,437,632,812,936,943,976,1180,1411,1576,1538,1070,1040,751,333,61,3255
2026,2026-01-01,06321,063215,山形県,西村山郡河北町,town,06321,16154,292,517,664,697,561,476,476,734,941,1064,1026,1002,1122,1301,1476,1473,891,739,481,192,29,2332,7925,138,259,347,359,298,261,264,391,481,563,523,511,559,618,736,736,390,275,164,47,5,881,8229,154,258,317,338,263,215,212,343,460,501,503,491,563,683,740,737,501,464,317,145,24,1451
2026,2026-01-01,06322,063223,山形県,西村山郡西川町,town,06322,4307,57,96,119,181,123,110,106,144,199,220,252,231,344,389,474,450,284,279,181,57,11,812,2125,33,45,57,104,59,58,53,81,110,115,147,116,180,187,231,239,132,104,61,12,1,310,2182,24,51,62,77,64,52,53,63,89,105,105,115,164,202,243,211,152,175,120,45,10,502
2026,2026-01-01,06323,063231,山形県,西村山郡朝日町,town,06323,5553,92,133,179,204,162,130,171,224,230,306,306,321,431,492,597,569,383,298,212,98,15,1006,2795,46,68,94,110,95,77,100,115,127,170,174,152,233,249,310,289,188,107,68,18,5,386,2758,46,65,85,94,67,53,71,109,103,136,132,169,198,243,287,280,195,191,144,80,10,620
2026,2026-01-01,06324,063240,山形県,西村山郡大江町,town,06324,6742,93,195,266,275,195,186,228,280,333,414,409,411,513,573,633,682,370,339,240,90,17,1056,3391,54,111,145,149,98,114,127,163,173,220,206,210,258,290,327,372,148,129,70,27,0,374,3351,39,84,121,126,97,72,101,117,160,194,203,201,255,283,306,310,222,210,170,63,17,682
2026,2026-01-01,06340,063401,山形県,北村山郡,gun_agg,,5694,80,154,194,219,203,132,142,209,277,378,366,326,397,538,616,582,363,249,197,64,8,881,2867,46,76,110,109,101,75,84,115,157,202,193,180,200,268,308,303,164,101,57,16,2,340,2827,34,78,84,110,102,57,58,94,120,176,173,146,197,270,308,279,199,148,140,48,6,541
2026,2026-01-01,06341,063410,山形県,北村山郡大石田町,town,06341,5694,80,154,194,219,203,132,142,209,277,378,366,326,397,538,616,582,363,249,197,64,8,881,2867,46,76,110,109,101,75,84,115,157,202,193,180,200,268,308,303,164,101,57,16,2,340,2827,34,78,84,110,102,57,58,94,120,176,173,146,197,270,308,279,199,148,140,48,6,541
2026,2026-01-01,06360,063606,山形県,最上郡,gun_agg,,32181,549,923,1266,1241,929,754,965,1362,1649,1942,1814,1865,2473,3174,3538,2971,1743,1629,1004,332,58,4766,15831,279,459,634,654,528,445,551,718,904,1064,986,916,1249,1568,1744,1536,709,536,284,56,11,1596,16350,270,464,632,587,401,309,414,644,745,878,828,949,1224,1606,1794,1435,1034,1093,720,276,47,3170
2026,2026-01-01,06361,063614,山形県,最上郡金山町,town,06361,4511,89,142,174,202,149,127,142,206,240,266,262,257,376,440,440,404,232,213,106,39,5,595,2253,44,82,82,99,91,72,83,106,138,159,140,128,187,210,226,203,90,74,30,8,1,203,2258,45,60,92,103,58,55,59,100,102,107,122,129,189,230,214,201,142,139,76,31,4,392
2026,2026-01-01,06362,063622,山形県,最上郡最上町,town,06362,7028,100,203,296,279,196,149,200,266,367,438,395,405,512,713,851,658,361,350,202,70,17,1000,3492,54,96,146,154,110,90,111,155,203,237,218,199,269,337,426,340,154,117,61,12,3,347,3536,46,107,150,125,86,59,89,111,164,201,177,206,243,376,425,318,207,233,141,58,14,653
2026,2026-01-01,06363,063631,山形県,最上郡舟形町,town,06363,4488,81,115,160,185,136,86,127,211,246,248,261,250,347,451,495,410,224,232,158,56,9,679,2226,42,59,84,106,77,52,71,117,139,138,138,120,166,231,243,230,91,69,40,12,1,213,2262,39,56,76,79,59,34,56,94,107,110,123,130,181,220,252,180,133,163,118,44,8,466
2026,2026-01-01,06364,063649,山形県,最上郡真室川町,town,06364,6250,106,173,241,220,180,152,183,260,300,372,379,387,473,585,687,589,370,311,216,56,10,963,3017,57,83,123,115,94,96,103,131,150,199,203,188,236,300,322,292,146,115,59,4,1,325,3233,49,90,118,105,86,56,80,129,150,173,176,199,237,285,365,297,224,196,157,52,9,638
2026,2026-01-01,06365,063657,山形県,最上郡大蔵村,village,06365,2678,48,81,121,115,75,50,90,124,147,162,120,143,209,258,285,216,158,151,99,23,3,434,1328,20,42,59,58,51,29,56,62,81,89,70,71,106,130,138,118,62,48,31,6,1,148,1350,28,39,62,57,24,21,34,62,66,73,50,72,103,128,147,98,96,103,68,17,2,286
2026,2026-01-01,06366,063665,山形県,最上郡鮭川村,village,06366,3537,76,99,155,109,98,102,116,145,170,210,196,218,232,367,362,355,192,184,104,39,8,527,1731,37,46,84,56,48,58,63,73,101,105,106,109,117,188,182,174,79,62,33,8,2,184,1806,39,53,71,53,50,44,53,72,69,105,90,109,115,179,180,181,113,122,71,31,6,343
2026,2026-01-01,06367,063673,山形県,最上郡戸沢村,village,06367,3689,49,110,119,131,95,88,107,150,179,246,201,205,324,360,418,339,206,188,119,49,6,568,1784,25,51,56,66,57,48,64,74,92,137,111,101,168,172,207,179,87,51,30,6,2,176,1905,24,59,63,65,38,40,43,76,87,109,90,104,156,188,211,160,119,137,89,43,4,392
2026,2026-01-01,06380,063801,山形県,東置賜郡,gun_agg,,33616,776,1113,1424,1525,1191,1118,1178,1554,1996,2287,2243,1990,2291,2751,3092,2828,1645,1400,866,303,45,4259,16612,421,576,697,770,625,592,644,795,1059,1215,1169,1005,1163,1422,1487,1475,705,481,242,66,3,1497,17004,355,537,727,755,566,526,534,759,937,1072,1074,985,1128,1329,1605,1353,940,919,624,237,42,2762
2026,2026-01-01,06381,063819,山形県,東置賜郡高畠町,town,06381,20684,510,694,943,961,739,741,786,988,1232,1433,1442,1264,1399,1572,1788,1676,982,836,485,181,32,2516,10177,279,370,466,498,368,389,416,513,662,749,742,628,701,790,840,864,436,293,136,36,1,902,10507,231,324,477,463,371,352,370,475,570,684,700,636,698,782,948,812,546,543,349,145,31,1614
2026,2026-01-01,06382,063827,山形県,東置賜郡川西町,town,06382,12932,266,419,481,564,452,377,392,566,764,854,801,726,892,1179,1304,1152,663,564,381,122,13,1743,6435,142,206,231,272,257,203,228,282,397,466,427,377,462,632,647,611,269,188,106,30,2,595,6497,124,213,250,292,195,174,164,284,367,388,374,349,430,547,657,541,394,376,275,92,11,1148
2026,2026-01-01,06400,064009,山形県,西置賜郡,gun_agg,,24040,439,690,972,1133,754,672,769,1063,1339,1420,1421,1411,1718,2080,2421,2151,1345,1155,766,286,35,3587,12000,243,350,528,593,410,396,437,571,689,750,737,719,891,1058,1218,1094,614,428,215,51,8,1316,12040,196,340,444,540,344,276,332,492,650,670,684,692,827,1022,1203,1057,731,727,551,235,27,2271
2026,2026-01-01,06401,064017,山形県,西置賜郡小国町,town,06401,6190,101,147,237,326,200,183,204,233,291,333,365,396,491,482,613,548,404,358,204,68,6,1040,3120,57,63,120,164,120,120,129,122,150,177,198,206,273,251,306,274,184,129,65,10,2,390,3070,44,84,117,162,80,63,75,111,141,156,167,190,218,231,307,274,220,229,139,58,4,650
2026,2026-01-01,06402,064025,山形県,西置賜郡白鷹町,town,06402,11822,223,342,473,552,384,334,382,529,644,715,735,685,811,1037,1185,1093,647,495,381,152,23,1698,5899,122,174,260,302,206,187,209,281,331,379,373,345,403,528,599,558,297,196,110,33,6,642,5923,101,168,213,250,178,147,173,248,313,336,362,340,408,509,586,535,350,299,271,119,17,1056
2026,2026-01-01,06403,064033,山形県,西置賜郡飯豊町,town,06403,6028,115,201,262,255,170,155,183,301,404,372,321,330,416,561,623,510,294,302,181,66,6,849,2981,64,113,148,127,84,89,99,168,208,194,166,168,215,279,313,262,133,103,40,8,0,284,3047,51,88,114,128,86,66,84,133,196,178,155,162,201,282,310,248,161,199,141,58,6,565
2026,2026-01-01,06420,064203,山形県,東田川郡,gun_agg,,25468,666,903,1044,1077,751,926,1024,1203,1399,1683,1661,1572,1778,1976,2238,2190,1258,1142,721,230,26,3377,12393,346,461,539,542,410,488,553,626,749,881,854,790,926,951,1097,1025,500,411,196,43,5,1155,13075,320,442,505,535,341,438,471,577,650,802,807,782,852,1025,1141,1165,758,731,525,187,21,2222
2026,2026-01-01,06426,064262,山形県,東田川郡三川町,town,06426,6900,219,312,339,298,232,284,305,361,405,498,439,378,421,481,552,563,274,297,176,58,8,813,3401,123,167,179,159,128,147,162,184,220,251,216,195,220,224,280,270,115,104,45,10,2,276,3499,96,145,160,139,104,137,143,177,185,247,223,183,201,257,272,293,159,193,131,48,6,537
2026,2026-01-01,06428,064289,山形県,東田川郡庄内町,town,06428,18568,447,591,705,779,519,642,719,842,994,1185,1222,1194,1357,1495,1686,1627,984,845,545,172,18,2564,8992,223,294,360,383,282,341,391,442,529,630,638,595,706,727,817,755,385,307,151,33,3,879,9576,224,297,345,396,237,301,328,400,465,555,584,599,651,768,869,872,599,538,394,139,15,1685
2026,2026-01-01,06460,064602,山形県,飽海郡,gun_agg,,11744,189,339,405,423,304,276,342,494,565,679,767,732,871,1082,1259,1193,711,610,349,138,16,1824,5628,96,168,212,210,155,153,173,267,311,353,399,369,441,531,624,556,286,217,83,23,1,610,6116,93,171,193,213,149,123,169,227,254,326,368,363,430,551,635,637,425,393,266,115,15,1214
2026,2026-01-01,06461,064611,山形県,飽海郡遊佐町,town,06461,11744,189,339,405,423,304,276,342,494,565,679,767,732,871,1082,1259,1193,711,610,349,138,16,1824,5628,96,168,212,210,155,153,173,267,311,353,399,369,441,531,624,556,286,217,83,23,1,610,6116,93,171,193,213,149,123,169,227,254,326,368,363,430,551,635,637,425,393,266,115,15,1214
2026,2026-01-01,07000,070009,福島県,,pref,,1724711,45076,62167,71767,76504,71086,69656,77248,88934,102210,114488,124977,112736,118953,127306,137540,130145,82363,61428,36340,11950,1837,193918,848643,23042,31509,36832,39497,37397,37364,40874,46489,53337,59845,64815,57190,59795,63011,66870,61658,34869,21732,9999,2284,234,69118,876068,22034,30658,34935,37007,33689,32292,36374,42445,48873,54643,60162,55546,59158,64295,70670,68487,47494,39696,26341,9666,1603,124800
2026,2026-01-01,07201,072010,福島県,福島市,city,07201,259010,7020,9483,10672,11743,11771,11196,11996,13426,15204,17690,20121,17821,17408,17227,18757,18972,12795,8774,5048,1649,237,28503,125793,3579,4775,5504,6116,6190,5865,6158,6813,7726,9005,10141,8781,8701,8430,8938,8688,5298,3185,1525,345,30,10383,133217,3441,4708,5168,5627,5581,5331,5838,6613,7478,8685,9980,9040,8707,8797,9819,10284,7497,5589,3523,1304,207,18120
2026,2026-01-01,07202,072028,福島県,会津若松市,city,07202,107853,2953,3993,4613,4947,4538,4333,4791,5638,6247,6996,7680,7136,7630,7920,8344,7926,5158,3957,2267,678,108,12168,51869,1490,2008,2403,2549,2485,2245,2476,2889,3184,3577,3821,3510,3737,3847,3959,3639,2071,1271,570,127,11,4050,55984,1463,1985,2210,2398,2053,2088,2315,2749,3063,3419,3859,3626,3893,4073,4385,4287,3087,2686,1697,551,97,8118
2026,2026-01-01,07203,072036,福島県,郡山市,city,07203,305604,9078,12239,13408,13980,13755,14177,15698,17706,19793,21901,23784,20602,20341,20610,20802,20240,12473,8627,4695,1507,188,27490,149760,4669,6170,6877,7176,7241,7372,8092,9067,10212,11170,12204,10292,10097,10055,9854,9270,5275,3003,1326,314,24,9942,155844,4409,6069,6531,6804,6514,6805,7606,8639,9581,10731,11580,10310,10244,10555,10948,10970,7198,5624,3369,1193,164,17548
2026,2026-01-01,07204,072044,福島県,いわき市,city,07204,294801,8011,10724,12399,13022,11859,12121,13684,14896,16993,19659,22435,20259,20362,20603,22887,22193,14703,10376,5606,1741,268,32694,144952,4037,5490,6333,6709,6095,6569,7279,7845,8831,10323,11757,10456,10215,10187,11029,10257,6084,3633,1476,319,28,11540,149849,3974,5234,6066,6313,5764,5552,6405,7051,8162,9336,10678,9803,10147,10416,11858,11936,8619,6743,4130,1422,240,21154
2026,2026-01-01,07205,072052,福島県,白河市,city,07205,55379,1395,1992,2355,2573,2443,2364,2430,2855,3506,3830,4045,3587,3695,4207,4408,4008,2409,1778,1119,337,43,5686,27646,731,1015,1183,1342,1315,1285,1350,1531,1808,2037,2144,1861,1877,2053,2159,1886,1036,649,308,71,5,2069,27733,664,977,1172,1231,1128,1079,1080,1324,1698,1793,1901,1726,1818,2154,2249,2122,1373,1129,811,266,38,3617
2026,2026-01-01,07207,072079,福島県,須賀川市,city,07207,71558,2093,2841,3256,3489,3047,2907,3311,3871,4535,5114,5296,4633,4879,5153,5514,5004,2876,2126,1151,406,56,6615,35260,1083,1434,1646,1814,1532,1628,1746,2004,2369,2626,2738,2349,2428,2516,2649,2298,1271,731,316,73,9,2400,36298,1010,1407,1610,1675,1515,1279,1565,1867,2166,2488,2558,2284,2451,2637,2865,2706,1605,1395,835,333,47,4215
2026,2026-01-01,07208,072087,福島県,喜多方市,city,07208,42201,1057,1480,1782,1736,1550,1339,1716,2108,2369,2585,2576,2569,3048,3469,3595,3407,2067,1920,1302,457,69,5815,20535,567,762,891,921,793,750,890,1075,1246,1358,1371,1265,1538,1749,1797,1630,875,662,322,67,6,1932,21666,490,718,891,815,757,589,826,1033,1123,1227,1205,1304,1510,1720,1798,1777,1192,1258,980,390,63,3883
2026,2026-01-01,07209,072095,福島県,相馬市,city,07209,31380,751,1150,1491,1463,1314,1212,1346,1595,1934,2103,2238,2005,2045,2237,2505,2575,1451,1066,651,211,37,3416,15671,382,607,791,738,711,687,739,902,1054,1108,1193,1016,1026,1084,1192,1237,599,392,169,40,4,1204,15709,369,543,700,725,603,525,607,693,880,995,1045,989,1019,1153,1313,1338,852,674,482,171,33,2212
2026,2026-01-01,07210,072109,福島県,二本松市,city,07210,48862,1140,1623,1944,2070,1884,1756,1986,2486,2839,3048,3350,2966,3396,4012,4510,4040,2369,1848,1144,390,61,5812,24159,568,806,1013,1049,965,931,1078,1316,1510,1641,1716,1541,1679,1976,2201,2075,1010,657,345,74,8,2094,24703,572,817,931,1021,919,825,908,1170,1329,1407,1634,1425,1717,2036,2309,1965,1359,1191,799,316,53,3718
2026,2026-01-01,07211,072117,福島県,田村市,city,07211,31894,625,1006,1228,1308,1195,1081,1261,1489,1750,1766,1837,2110,2502,2939,2988,2429,1690,1400,918,315,57,4380,15918,346,513,608,650,642,583,697,784,956,932,976,1071,1284,1528,1541,1279,718,492,256,53,9,1528,15976,279,493,620,658,553,498,564,705,794,834,861,1039,1218,1411,1447,1150,972,908,662,262,48,2852
2026,2026-01-01,07212,072125,福島県,南相馬市,city,07212,54106,1329,1629,1726,1935,2045,2147,2423,2529,2840,3408,3942,3553,3667,4283,4902,4842,2923,2177,1277,464,65,6906,27086,688,844,856,1001,1084,1197,1346,1407,1523,1866,2089,1919,1918,2143,2405,2332,1232,808,327,94,7,2468,27020,641,785,870,934,961,950,1077,1122,1317,1542,1853,1634,1749,2140,2497,2510,1691,1369,950,370,58,4438
2026,2026-01-01,07213,072133,福島県,伊達市,city,07213,54328,1236,1809,2090,2196,2038,1887,2108,2591,2945,3308,3902,3705,3824,4050,4722,4595,3164,2271,1352,473,62,7322,26536,622,884,1074,1085,999,961,1139,1361,1540,1750,2001,1905,1941,2016,2290,2214,1376,845,423,98,12,2754,27792,614,925,1016,1111,1039,926,969,1230,1405,1558,1901,1800,1883,2034,2432,2381,1788,1426,929,375,50,4568
2026,2026-01-01,07214,072141,福島県,本宮市,city,07214,29158,930,1221,1348,1446,1285,1245,1472,1651,2043,2104,2097,1708,1945,2013,2067,1871,1089,875,551,168,29,2712,14450,455,628,700,767,670,653,781,871,1050,1083,1114,855,980,979,1018,889,484,294,148,25,6,957,14708,475,593,648,679,615,592,691,780,993,1021,983,853,965,1034,1049,982,605,581,403,143,23,1755
2026,2026-01-01,07300,073008,福島県,伊達郡,gun_agg,,29588,549,753,955,1207,1036,902,1007,1179,1548,1791,2068,1823,2088,2317,2894,2957,1939,1401,837,288,49,4514,14564,275,371,480,639,536,467,564,636,817,954,1080,934,1070,1142,1426,1473,859,540,245,54,2,1700,15024,274,382,475,568,500,435,443,543,731,837,988,889,1018,1175,1468,1484,1080,861,592,234,47,2814
2026,2026-01-01,07301,073016,福島県,伊達郡桑折町,town,07301,10744,268,344,422,481,388,355,431,469,588,666,759,688,737,741,906,964,671,475,279,92,20,1537,5249,131,178,212,265,203,190,239,244,306,343,388,347,363,357,430,462,302,184,82,21,2,591,5495,137,166,210,216,185,165,192,225,282,323,371,341,374,384,476,502,369,291,197,71,18,946
2026,2026-01-01,07303,073032,福島県,伊達郡国見町,town,07303,7866,120,195,234,313,283,205,252,300,407,470,573,463,556,604,819,837,574,349,222,83,7,1235,3816,61,87,127,158,132,93,136,153,219,244,297,232,290,293,403,420,254,137,69,11,0,471,4050,59,108,107,155,151,112,116,147,188,226,276,231,266,311,416,417,320,212,153,72,7,764
2026,2026-01-01,07308,073083,福島県,伊達郡川俣町,town,07308,10978,161,214,299,413,365,342,324,410,553,655,736,672,795,972,1169,1156,694,577,336,113,22,1742,5499,83,106,141,216,201,184,189,239,292,367,395,355,417,492,593,591,303,219,94,22,0,638,5479,78,108,158,197,164,158,135,171,261,288,341,317,378,480,576,565,391,358,242,91,22,1104
2026,2026-01-01,07320,073202,福島県,安達郡,gun_agg,,8746,356,450,451,415,330,384,495,565,633,639,590,444,503,595,664,538,257,218,155,54,10,694,4374,194,216,234,216,189,194,248,294,319,346,321,227,234,290,320,289,110,81,34,16,2,243,4372,162,234,217,199,141,190,247,271,314,293,269,217,269,305,344,249,147,137,121,38,8,451
2026,2026-01-01,07322,073229,福島県,安達郡大玉村,village,07322,8746,356,450,451,415,330,384,495,565,633,639,590,444,503,595,664,538,257,218,155,54,10,694,4374,194,216,234,216,189,194,248,294,319,346,321,227,234,290,320,289,110,81,34,16,2,243,4372,162,234,217,199,141,190,247,271,314,293,269,217,269,305,344,249,147,137,121,38,8,451
2026,2026-01-01,07340,073407,福島県,岩瀬郡,gun_agg,,17197,532,693,793,803,728,740,758,971,1138,1191,1216,929,1091,1247,1445,1247,707,535,320,100,13,1675,8561,288,352,424,423,390,369,400,499,608,636,617,487,546,616,704,615,313,188,68,15,3,587,8636,244,341,369,380,338,371,358,472,530,555,599,442,545,631,741,632,394,347,252,85,10,1088
2026,2026-01-01,07342,073423,福島県,岩瀬郡鏡石町,town,07342,12212,417,539,611,602,528,577,578,720,819,902,903,708,720,765,902,815,494,352,192,63,5,1106,6036,229,267,322,318,275,278,300,375,434,477,456,375,358,366,430,374,215,133,43,10,1,402,6176,188,272,289,284,253,299,278,345,385,425,447,333,362,399,472,441,279,219,149,53,4,704
2026,2026-01-01,07344,073440,福島県,岩瀬郡天栄村,village,07344,4985,115,154,182,201,200,163,180,251,319,289,313,221,371,482,543,432,213,183,128,37,8,569,2525,59,85,102,105,115,91,100,124,174,159,161,112,188,250,274,241,98,55,25,5,2,185,2460,56,69,80,96,85,72,80,127,145,130,152,109,183,232,269,191,115,128,103,32,6,384
2026,2026-01-01,07360,073601,福島県,南会津郡,gun_agg,,21462,349,535,688,852,608,546,638,777,932,1150,1302,1395,1668,1944,2075,1948,1466,1362,851,310,66,4055,10651,181,274,313,461,363,321,376,396,508,625,712,753,871,1029,1044,998,613,490,251,64,8,1426,10811,168,261,375,391,245,225,262,381,424,525,590,642,797,915,1031,950,853,872,600,246,58,2629
2026,2026-01-01,07362,073628,福島県,南会津郡下郷町,town,07362,4592,49,96,143,201,130,100,115,139,190,233,264,290,377,478,480,418,325,282,200,70,12,889,2286,27,50,60,113,75,61,66,71,94,124,138,159,198,263,254,223,140,106,49,13,2,310,2306,22,46,83,88,55,39,49,68,96,109,126,131,179,215,226,195,185,176,151,57,10,579
2026,2026-01-01,07364,073644,福島県,南会津郡檜枝岐村,village,07364,482,14,15,25,22,12,13,16,24,25,29,34,31,33,42,37,28,31,25,16,9,1,82,243,7,8,16,8,4,7,7,13,13,15,19,19,17,22,19,17,10,10,8,4,0,32,239,7,7,9,14,8,6,9,11,12,14,15,12,16,20,18,11,21,15,8,5,1,50
2026,2026-01-01,07367,073679,福島県,南会津郡只見町,town,07367,3495,62,105,100,146,103,61,97,111,150,187,219,223,243,268,311,359,247,268,172,58,5,750,1737,33,57,60,74,65,37,57,54,90,105,113,114,140,136,154,173,109,109,45,12,0,275,1758,29,48,40,72,38,24,40,57,60,82,106,109,103,132,157,186,138,159,127,46,5,475
2026,2026-01-01,07368,073687,福島県,南会津郡南会津町,town,07368,12893,224,319,420,483,363,372,410,503,567,701,785,851,1015,1156,1247,1143,863,787,463,173,48,2334,6385,114,159,177,266,219,216,246,258,311,381,442,461,516,608,617,585,354,265,149,35,6,809,6508,110,160,243,217,144,156,164,245,256,320,343,390,499,548,630,558,509,522,314,138,42,1525
2026,2026-01-01,07400,074004,福島県,耶麻郡,gun_agg,,22647,388,682,848,922,701,605,750,944,1140,1334,1359,1246,1702,2000,2346,2049,1292,1211,810,269,49,3631,11197,198,336,440,466,372,364,402,527,604,748,711,651,862,1051,1186,1042,551,413,222,46,5,1237,11450,190,346,408,456,329,241,348,417,536,586,648,595,840,949,1160,1007,741,798,588,223,44,2394
2026,2026-01-01,07402,074021,福島県,耶麻郡北塩原村,village,07402,2272,28,56,67,98,85,53,55,77,130,145,144,151,185,206,276,200,122,98,69,22,5,316,1155,8,26,35,55,46,28,29,44,73,82,85,70,102,118,141,103,52,35,20,3,0,110,1117,20,30,32,43,39,25,26,33,57,63,59,81,83,88,135,97,70,63,49,19,5,206
2026,2026-01-01,07405,074055,福島県,耶麻郡西会津町,town,07405,5204,99,140,152,160,101,121,186,204,198,241,250,268,429,505,547,515,346,368,269,91,14,1088,2556,50,56,77,82,55,73,105,115,102,150,125,150,214,271,283,285,154,130,66,12,1,363,2648,49,84,75,78,46,48,81,89,96,91,125,118,215,234,264,230,192,238,203,79,13,725
2026,2026-01-01,07407,074071,福島県,耶麻郡磐梯町,town,07407,3074,61,122,145,147,121,84,89,172,184,199,168,142,218,253,300,245,143,150,93,36,2,424,1528,31,55,77,73,62,46,44,94,97,107,100,68,119,132,147,128,64,55,23,6,0,148,1546,30,67,68,74,59,38,45,78,87,92,68,74,99,121,153,117,79,95,70,30,2,276
2026,2026-01-01,07408,074080,福島県,耶麻郡猪苗代町,town,07408,12097,200,364,484,517,394,347,420,491,628,749,797,685,870,1036,1223,1089,681,595,379,120,28,1803,5958,109,199,251,256,209,217,224,274,332,409,401,363,427,530,615,526,281,193,113,25,4,616,6139,91,165,233,261,185,130,196,217,296,340,396,322,443,506,608,563,400,402,266,95,24,1187
2026,2026-01-01,07420,074209,福島県,河沼郡,gun_agg,,19442,434,675,762,837,690,611,707,915,1068,1179,1183,1119,1402,1603,1890,1651,989,848,593,239,47,2716,9541,225,365,403,431,374,328,372,514,593,614,640,550,697,788,924,833,396,293,154,41,6,890,9901,209,310,359,406,316,283,335,401,475,565,543,569,705,815,966,818,593,555,439,198,41,1826
2026,2026-01-01,07421,074217,福島県,河沼郡会津坂下町,town,07421,13759,299,447,536,586,491,471,510,657,783,834,858,784,1027,1134,1340,1155,683,564,412,159,29,1847,6734,154,239,276,296,264,254,266,380,435,442,470,376,505,550,657,578,269,201,97,21,4,592,7025,145,208,260,290,227,217,244,277,348,392,388,408,522,584,683,577,414,363,315,138,25,1255
2026,2026-01-01,07422,074225,福島県,河沼郡湯川村,village,07422,2926,85,142,125,145,118,80,121,150,147,196,194,185,174,232,276,227,132,109,57,27,4,329,1427,38,78,69,88,63,32,64,73,76,97,95,98,91,103,136,113,53,35,16,9,0,113,1499,47,64,56,57,55,48,57,77,71,99,99,87,83,129,140,114,79,74,41,18,4,216
2026,2026-01-01,07423,074233,福島県,河沼郡柳津町,town,07423,2757,50,86,101,106,81,60,76,108,138,149,131,150,201,237,274,269,174,175,124,53,14,540,1380,33,48,58,47,47,42,42,61,82,75,75,76,101,135,131,142,74,57,41,11,2,185,1377,17,38,43,59,34,18,34,47,56,74,56,74,100,102,143,127,100,118,83,42,12,355
2026,2026-01-01,07440,074403,福島県,大沼郡,gun_agg,,21765,433,637,768,821,663,617,686,955,1146,1181,1128,1225,1541,2004,2255,2037,1280,1151,884,296,57,3668,10630,226,316,415,411,351,354,364,523,597,659,587,623,780,1024,1140,1009,552,408,227,55,9,1251,11135,207,321,353,410,312,263,322,432,549,522,541,602,761,980,1115,1028,728,743,657,241,48,2417
2026,2026-01-01,07444,074446,福島県,大沼郡三島町,town,07444,1280,8,26,32,28,43,26,25,45,59,65,55,61,90,101,132,182,102,86,81,28,5,302,649,4,17,19,10,24,17,16,30,28,39,30,36,50,57,72,90,47,29,24,10,0,110,631,4,9,13,18,19,9,9,15,31,26,25,25,40,44,60,92,55,57,57,18,5,192
2026,2026-01-01,07445,074454,福島県,大沼郡金山町,town,07445,1690,25,27,25,85,23,29,28,48,57,52,69,82,115,138,182,186,164,164,136,42,13,519,839,11,18,11,53,13,17,15,30,28,33,42,44,62,74,102,98,62,66,47,10,3,188,851,14,9,14,32,10,12,13,18,29,19,27,38,53,64,80,88,102,98,89,32,10,331
2026,2026-01-01,07446,074462,福島県,大沼郡昭和村,village,07446,1035,22,22,16,20,21,16,31,52,46,39,46,47,57,96,119,108,83,87,59,39,9,277,510,12,8,11,9,10,12,19,26,25,22,22,25,31,57,68,56,32,36,15,10,4,97,525,10,14,5,11,11,4,12,26,21,17,24,22,26,39,51,52,51,51,44,29,5,180
2026,2026-01-01,07447,074471,福島県,大沼郡会津美里町,town,07447,17760,378,562,695,688,576,546,602,810,984,1025,958,1035,1279,1669,1822,1561,931,814,608,187,30,2570,8632,199,273,374,339,304,308,314,437,516,565,493,518,637,836,898,765,411,277,141,25,2,856,9128,179,289,321,349,272,238,288,373,468,460,465,517,642,833,924,796,520,537,467,162,28,1714
2026,2026-01-01,07460,074608,福島県,西白河郡,gun_agg,,47008,1508,1974,2257,2208,2010,2074,2254,2740,3189,3319,3240,2680,2959,3454,3600,3149,1849,1361,875,265,43,4393,23569,777,1018,1146,1108,1077,1139,1209,1435,1688,1795,1715,1387,1509,1685,1784,1483,853,520,189,49,3,1614,23439,731,956,1111,1100,933,935,1045,1305,1501,1524,1525,1293,1450,1769,1816,1666,996,841,686,216,40,2779
2026,2026-01-01,07461,074616,福島県,西白河郡西郷村,village,07461,20283,780,907,1000,946,929,1037,1151,1338,1448,1467,1369,1153,1254,1354,1430,1171,665,485,289,97,13,1549,10311,403,488,500,494,495,550,608,703,783,805,725,602,667,625,708,568,325,178,62,20,2,587,9972,377,419,500,452,434,487,543,635,665,662,644,551,587,729,722,603,340,307,227,77,11,962
2026,2026-01-01,07464,074641,福島県,西白河郡泉崎村,village,07464,5840,144,226,292,289,219,180,209,284,388,401,383,306,420,497,531,422,265,198,136,45,5,649,2922,79,107,149,146,117,100,115,149,196,227,215,153,197,261,268,203,126,74,30,10,0,240,2918,65,119,143,143,102,80,94,135,192,174,168,153,223,236,263,219,139,124,106,35,5,409
2026,2026-01-01,07465,074659,福島県,西白河郡中島村,village,07465,4599,131,183,217,226,168,176,185,215,306,334,289,267,319,377,382,310,187,156,125,37,9,514,2236,65,97,96,105,96,100,100,117,159,181,135,126,156,197,188,150,82,53,28,5,0,168,2363,66,86,121,121,72,76,85,98,147,153,154,141,163,180,194,160,105,103,97,32,9,346
2026,2026-01-01,07466,074667,福島県,西白河郡矢吹町,town,07466,16286,453,658,748,747,694,681,709,903,1047,1117,1199,954,966,1226,1257,1246,732,522,325,86,16,1681,8100,230,326,401,363,369,389,386,466,550,582,640,506,489,602,620,562,320,215,69,14,1,619,8186,223,332,347,384,325,292,323,437,497,535,559,448,477,624,637,684,412,307,256,72,15,1062
2026,2026-01-01,07480,074802,福島県,東白川郡,gun_agg,,27428,563,857,1175,1241,1016,942,1000,1278,1523,1606,1650,1666,2031,2449,2592,2182,1349,1180,792,297,39,3657,13629,279,417,598,646,544,539,566,691,810,875,864,850,1035,1236,1315,1093,563,441,206,53,8,1271,13799,284,440,577,595,472,403,434,587,713,731,786,816,996,1213,1277,1089,786,739,586,244,31,2386
2026,2026-01-01,07481,074811,福島県,東白川郡棚倉町,town,07481,12264,281,391,561,609,517,510,478,609,721,770,827,766,855,1002,1028,918,564,449,293,102,13,1421,6074,145,177,284,330,269,303,265,318,387,414,432,383,426,499,522,432,226,169,76,11,6,488,6190,136,214,277,279,248,207,213,291,334,356,395,383,429,503,506,486,338,280,217,91,7,933
2026,2026-01-01,07482,074829,福島県,東白川郡矢祭町,town,07482,4955,86,165,221,201,151,129,180,211,275,282,245,270,372,476,499,429,273,240,157,83,10,763,2427,43,79,113,93,81,70,102,115,144,150,129,129,201,245,258,217,123,90,31,13,1,258,2528,43,86,108,108,70,59,78,96,131,132,116,141,171,231,241,212,150,150,126,70,9,505
2026,2026-01-01,07483,074837,福島県,東白川郡塙町,town,07483,7483,161,230,299,311,262,240,247,335,386,394,457,478,574,684,737,607,368,368,255,77,13,1081,3719,76,114,160,163,145,135,139,184,203,211,235,254,295,343,368,320,154,132,71,17,0,374,3764,85,116,139,148,117,105,108,151,183,183,222,224,279,341,369,287,214,236,184,60,13,707
2026,2026-01-01,07484,074845,福島県,東白川郡鮫川村,village,07484,2726,35,71,94,120,86,63,95,123,141,160,121,152,230,287,328,228,144,123,87,35,3,392,1409,15,47,41,60,49,31,60,74,76,100,68,84,113,149,167,124,60,50,28,12,1,151,1317,20,24,53,60,37,32,35,49,65,60,53,68,117,138,161,104,84,73,59,23,2,241
2026,2026-01-01,07500,075001,福島県,石川郡,gun_agg,,34079,655,978,1324,1695,1231,1030,1199,1496,1880,2132,2170,2055,2614,3070,3393,2812,1667,1419,899,306,54,4345,17156,327,492,706,906,668,570,650,803,1017,1147,1188,1055,1369,1566,1705,1418,752,494,255,57,11,1569,16923,328,486,618,789,563,460,549,693,863,985,982,1000,1245,1504,1688,1394,915,925,644,249,43,2776
2026,2026-01-01,07501,075019,福島県,石川郡石川町,town,07501,13220,234,358,488,689,452,389,493,581,652,785,878,803,975,1154,1299,1191,713,580,371,108,27,1799,6620,121,180,255,402,237,205,265,296,352,410,477,424,508,577,653,605,315,203,109,20,6,653,6600,113,178,233,287,215,184,228,285,300,375,401,379,467,577,646,586,398,377,262,88,21,1146
2026,2026-01-01,07502,075027,福島県,石川郡玉川村,village,07502,5860,151,218,234,291,233,204,229,288,353,412,389,334,414,470,560,469,242,196,118,48,7,611,2943,68,114,129,135,131,116,115,149,182,231,212,170,210,244,268,242,124,66,26,10,1,227,2917,83,104,105,156,102,88,114,139,171,181,177,164,204,226,292,227,118,130,92,38,6,384
2026,2026-01-01,07503,075035,福島県,石川郡平田村,village,07503,5110,104,142,212,229,162,130,165,233,314,337,294,315,455,528,549,383,214,197,107,34,6,558,2595,56,69,122,113,84,70,97,123,181,180,171,160,242,271,270,208,87,61,21,7,2,178,2515,48,73,90,116,78,60,68,110,133,157,123,155,213,257,279,175,127,136,86,27,4,380
2026,2026-01-01,07504,075043,福島県,石川郡浅川町,town,07504,5617,103,161,243,270,258,202,183,239,352,357,348,349,420,466,498,425,283,252,145,57,6,743,2839,48,82,128,146,154,113,107,134,188,183,188,182,213,229,251,210,134,99,42,8,0,283,2778,55,79,115,124,104,89,76,105,164,174,160,167,207,237,247,215,149,153,103,49,6,460
2026,2026-01-01,07505,075051,福島県,石川郡古殿町,town,07505,4272,63,99,147,216,126,105,129,155,209,241,261,254,350,452,487,344,215,194,158,59,8,634,2159,34,47,72,110,62,66,66,101,114,143,140,119,196,245,263,153,92,65,57,12,2,228,2113,29,52,75,106,64,39,63,54,95,98,121,135,154,207,224,191,123,129,101,47,6,406
2026,2026-01-01,07520,075205,福島県,田村郡,gun_agg,,24127,513,810,991,994,835,756,860,1195,1406,1491,1486,1513,1857,2170,2264,1959,1179,995,635,185,33,3027,12004,262,430,506,525,456,420,485,608,768,799,745,746,955,1110,1151,961,516,322,195,40,4,1077,12123,251,380,485,469,379,336,375,587,638,692,741,767,902,1060,1113,998,663,673,440,145,29,1950
2026,2026-01-01,07521,075213,福島県,田村郡三春町,town,07521,15721,379,580,663,629,535,510,581,824,962,970,985,985,1164,1345,1435,1307,765,589,391,106,16,1867,7817,196,309,340,332,293,274,317,407,513,516,510,481,597,687,737,640,330,188,126,22,2,668,7904,183,271,323,297,242,236,264,417,449,454,475,504,567,658,698,667,435,401,265,84,14,1199
2026,2026-01-01,07522,075221,福島県,田村郡小野町,town,07522,8406,134,230,328,365,300,246,279,371,444,521,501,528,693,825,829,652,414,406,244,79,17,1160,4187,66,121,166,193,163,146,168,201,255,283,235,265,358,423,414,321,186,134,69,18,2,409,4219,68,109,162,172,137,100,111,170,189,238,266,263,335,402,415,331,228,272,175,61,15,751
2026,2026-01-01,07540,075400,福島県,双葉郡,gun_agg,,53568,945,1542,1968,2156,2075,2304,2254,2530,2954,3275,3513,3371,4013,4651,5022,4458,2677,2054,1285,444,77,6537,27306,475,785,1053,1110,1124,1352,1235,1413,1619,1798,1941,1793,2077,2371,2570,2206,1207,738,351,75,13,2384,26262,470,757,915,1046,951,952,1019,1117,1335,1477,1572,1578,1936,2280,2452,2252,1470,1316,934,369,64,4153
2026,2026-01-01,07541,075418,福島県,双葉郡広野町,town,07541,4426,95,107,222,292,174,205,208,213,221,239,265,277,324,371,408,358,206,127,87,22,5,447,2342,40,55,137,156,98,131,129,130,119,142,150,154,168,197,209,169,86,49,22,1,0,158,2084,55,52,85,136,76,74,79,83,102,97,115,123,156,174,199,189,120,78,65,21,5,289
2026,2026-01-01,07542,075426,福島県,双葉郡楢葉町,town,07542,6105,114,200,220,214,229,292,261,286,323,371,387,364,512,523,563,496,302,237,159,44,8,750,3159,56,105,98,98,129,189,154,159,176,208,230,201,268,268,303,251,125,85,46,8,2,266,2946,58,95,122,116,100,103,107,127,147,163,157,163,244,255,260,245,177,152,113,36,6,484
2026,2026-01-01,07543,075434,福島県,双葉郡富岡町,town,07543,10848,167,283,381,364,389,491,446,514,587,699,834,795,856,923,975,908,528,385,241,68,14,1236,5683,89,131,197,195,198,303,251,302,337,402,482,436,477,476,516,424,236,150,64,15,2,467,5165,78,152,184,169,191,188,195,212,250,297,352,359,379,447,459,484,292,235,177,53,12,769
2026,2026-01-01,07544,075442,福島県,双葉郡川内村,village,07544,2147,29,45,53,63,85,61,62,99,97,110,112,111,161,214,251,204,123,131,88,38,10,390,1092,14,26,26,33,54,42,34,55,51,57,69,53,92,116,128,111,55,45,22,7,2,131,1055,15,19,27,30,31,19,28,44,46,53,43,58,69,98,123,93,68,86,66,31,8,259
2026,2026-01-01,07545,075451,福島県,双葉郡大熊町,town,07545,9748,215,390,483,509,490,521,487,542,648,657,704,565,609,707,735,646,383,245,150,53,9,840,4929,108,210,266,260,263,299,247,286,348,326,364,299,310,354,357,305,190,86,39,11,1,327,4819,107,180,217,249,227,222,240,256,300,331,340,266,299,353,378,341,193,159,111,42,8,513
2026,2026-01-01,07546,075469,福島県,双葉郡双葉町,town,07546,5060,85,146,169,208,206,184,223,219,248,337,319,304,343,419,512,440,285,208,137,64,4,698,2483,44,57,97,112,120,100,111,116,139,181,151,150,166,202,256,231,132,70,43,5,0,250,2577,41,89,72,96,86,84,112,103,109,156,168,154,177,217,256,209,153,138,94,59,4,448
2026,2026-01-01,07547,075477,福島県,双葉郡浪江町,town,07547,14042,211,331,402,470,450,501,529,598,756,784,839,901,1126,1380,1466,1295,804,658,376,139,26,2003,6996,106,180,220,240,233,256,286,328,403,439,464,471,555,699,741,652,361,232,100,25,5,723,7046,105,151,182,230,217,245,243,270,353,345,375,430,571,681,725,643,443,426,276,114,21,1280
2026,2026-01-01,07548,075485,福島県,双葉郡葛尾村,village,07548,1192,29,40,38,36,52,49,38,59,74,78,53,54,82,114,112,111,46,63,47,16,1,173,622,18,21,12,16,29,32,23,37,46,43,31,29,41,59,60,63,22,21,15,3,1,62,570,11,19,26,20,23,17,15,22,28,35,22,25,41,55,52,48,24,42,32,13,0,111
2026,2026-01-01,07560,075604,福島県,相馬郡,gun_agg,,11520,233,391,475,445,439,380,418,548,655,688,769,616,742,1079,1099,1056,545,498,323,101,20,1487,5826,118,201,235,238,231,221,232,285,380,373,429,313,369,540,569,544,255,182,91,19,1,548,5694,115,190,240,207,208,159,186,263,275,315,340,303,373,539,530,512,290,316,232,82,19,939
2026,2026-01-01,07561,075612,福島県,相馬郡新地町,town,07561,7239,202,286,334,319,286,269,282,374,441,469,526,395,400,578,593,629,333,272,180,60,11,856,3619,102,151,178,171,153,156,155,188,249,242,286,199,182,286,283,311,159,108,48,12,0,327,3620,100,135,156,148,133,113,127,186,192,227,240,196,218,292,310,318,174,164,132,48,11,529
2026,2026-01-01,07564,075647,福島県,相馬郡飯舘村,village,07564,4281,31,105,141,126,153,111,136,174,214,219,243,221,342,501,506,427,212,226,143,41,9,631,2207,16,50,57,67,78,65,77,97,131,131,143,114,187,254,286,233,96,74,43,7,1,221,2074,15,55,84,59,75,46,59,77,83,88,100,107,155,247,220,194,116,152,100,34,8,410
2026,2026-01-01,08000,080004,茨城県,,pref,,2721147,76002,100009,115493,124568,121579,118895,124855,142551,166122,187879,219212,190070,173461,172983,196115,204939,138193,88772,43675,13629,2145,286414,1361835,38994,51276,59339,64228,64034,64138,66973,75822,87070,98735,115270,99394,88133,85963,94799,95191,60930,35254,13152,2881,259,112476,1359312,37008,48733,56154,60340,57545,54757,57882,66729,79052,89144,103942,90676,85328,87020,101316,109748,77263,53518,30523,10748,1886,173938
2026,2026-01-01,08201,082015,茨城県,水戸市,city,08201,261739,8610,10752,11507,12077,11968,13074,13143,15110,17128,18390,21422,18625,16622,15183,15801,16501,11767,8123,4381,1327,228,25826,128512,4487,5564,5869,6249,6194,6803,6752,7823,8759,9370,10981,9486,8217,7458,7514,7371,4973,3010,1310,295,27,9615,133227,4123,5188,5638,5828,5774,6271,6391,7287,8369,9020,10441,9139,8405,7725,8287,9130,6794,5113,3071,1032,201,16211
2026,2026-01-01,08202,082023,茨城県,日立市,city,08202,159167,3416,4695,5829,6898,7301,6718,6328,7101,8281,9699,13515,12669,11111,10122,11349,12454,10334,7344,2997,871,135,21681,79512,1696,2360,2995,3581,4028,3766,3511,3930,4441,5096,6888,6658,5846,4965,5493,5435,4464,3119,1018,207,15,8823,79655,1720,2335,2834,3317,3273,2952,2817,3171,3840,4603,6627,6011,5265,5157,5856,7019,5870,4225,1979,664,120,12858
2026,2026-01-01,08203,082031,茨城県,土浦市,city,08203,134047,3734,4362,5270,5866,6493,7089,6833,7130,7857,9347,11046,9541,8331,7792,8769,10031,7212,4469,2130,651,94,14556,67195,1916,2275,2775,3027,3438,3785,3712,3826,4214,4951,5902,4981,4259,3845,4212,4542,3083,1682,631,130,9,5535,66852,1818,2087,2495,2839,3055,3304,3121,3304,3643,4396,5144,4560,4072,3947,4557,5489,4129,2787,1499,521,85,9021
2026,2026-01-01,08204,082040,茨城県,古河市,city,08204,132604,3482,4743,5453,6078,6152,5856,6309,7147,8228,9075,10656,9398,8739,8655,9699,9934,6490,4060,1834,544,72,13000,66569,1772,2388,2783,3107,3188,3102,3414,3862,4393,4901,5611,4968,4403,4324,4677,4598,2800,1618,526,124,10,5078,66035,1710,2355,2670,2971,2964,2754,2895,3285,3835,4174,5045,4430,4336,4331,5022,5336,3690,2442,1308,420,62,7922
2026,2026-01-01,08205,082058,茨城県,石岡市,city,08205,67341,1566,2254,2601,2807,2861,2633,2695,3223,3762,4361,5205,4781,4625,4763,5475,5465,3772,2604,1403,414,71,8264,33586,836,1148,1344,1481,1462,1470,1459,1702,2028,2281,2702,2491,2378,2355,2702,2577,1627,1005,429,96,13,3170,33755,730,1106,1257,1326,1399,1163,1236,1521,1734,2080,2503,2290,2247,2408,2773,2888,2145,1599,974,318,58,5094
2026,2026-01-01,08207,082074,茨城県,結城市,city,08207,45731,1047,1561,1983,2192,1967,1740,1804,2328,2887,3384,3781,3183,2707,2953,3640,3694,2399,1498,732,214,37,4880,22889,536,792,1000,1146,997,962,965,1214,1521,1777,2042,1734,1367,1455,1735,1704,1071,590,231,44,6,1942,22842,511,769,983,1046,970,778,839,1114,1366,1607,1739,1449,1340,1498,1905,1990,1328,908,501,170,31,2938
2026,2026-01-01,08208,082082,茨城県,龍ケ崎市,city,08208,70752,1475,2255,2834,3327,3513,2788,2883,3191,3824,4819,5951,5234,5074,4894,5496,5880,3815,2169,984,298,48,7314,35112,756,1152,1435,1737,1898,1468,1476,1663,2006,2529,3042,2723,2490,2407,2615,2808,1726,836,285,54,6,2907,35640,719,1103,1399,1590,1615,1320,1407,1528,1818,2290,2909,2511,2584,2487,2881,3072,2089,1333,699,244,42,4407
2026,2026-01-01,08210,082104,茨城県,下妻市,city,08210,38300,948,1327,1656,1833,1726,1615,1645,1911,2273,2698,3134,2736,2479,2653,3002,2889,1695,1178,655,203,44,3775,19308,484,677,867,957,912,855,891,1018,1173,1475,1687,1422,1249,1338,1464,1391,742,459,204,41,2,1448,18992,464,650,789,876,814,760,754,893,1100,1223,1447,1314,1230,1315,1538,1498,953,719,451,162,42,2327
2026,2026-01-01,08211,082112,茨城県,常総市,city,08211,52900,1149,1640,2081,2521,2395,2204,2115,2369,3093,3673,4377,3731,3396,3602,4311,4393,2772,1820,933,286,39,5850,26645,589,852,1071,1318,1241,1216,1149,1285,1622,1992,2328,1995,1794,1836,2050,2086,1240,683,243,54,1,2221,26255,560,788,1010,1203,1154,988,966,1084,1471,1681,2049,1736,1602,1766,2261,2307,1532,1137,690,232,38,3629
2026,2026-01-01,08212,082121,茨城県,常陸太田市,city,08212,45160,873,1227,1470,1618,1520,1319,1502,1962,2185,2438,2912,3053,3734,4256,4438,3965,2736,2058,1336,486,72,6688,22238,440,642,759,833,789,668,789,1045,1167,1269,1506,1492,1876,2064,2295,1960,1269,825,433,109,8,2644,22922,433,585,711,785,731,651,713,917,1018,1169,1406,1561,1858,2192,2143,2005,1467,1233,903,377,64,4044
2026,2026-01-01,08214,082147,茨城県,高萩市,city,08214,24881,458,733,939,990,904,829,915,1111,1399,1579,1857,1671,1684,1864,2386,2336,1578,1002,467,147,32,3226,12332,224,391,467,511,482,474,521,582,736,837,980,861,825,897,1127,1103,714,413,144,39,4,1314,12549,234,342,472,479,422,355,394,529,663,742,877,810,859,967,1259,1233,864,589,323,108,28,1912
2026,2026-01-01,08215,082155,茨城県,北茨城市,city,08215,38631,832,1250,1413,1638,1458,1315,1489,1828,2196,2257,2638,2565,2932,3262,3605,3275,2083,1454,830,265,46,4678,19334,426,639,739,798,795,731,824,963,1204,1206,1386,1316,1441,1690,1780,1610,952,543,237,49,5,1786,19297,406,611,674,840,663,584,665,865,992,1051,1252,1249,1491,1572,1825,1665,1131,911,593,216,41,2892
2026,2026-01-01,08216,082163,茨城県,笠間市,city,08216,70633,1738,2475,2943,3056,2831,2638,3035,3551,4081,4827,5501,4949,4771,4949,5668,5673,3677,2435,1337,434,64,7947,34823,875,1259,1540,1568,1460,1395,1591,1830,2141,2503,2932,2524,2380,2460,2686,2667,1569,941,402,90,10,3012,35810,863,1216,1403,1488,1371,1243,1444,1721,1940,2324,2569,2425,2391,2489,2982,3006,2108,1494,935,344,54,4935
2026,2026-01-01,08217,082171,茨城県,取手市,city,08217,102281,2505,3276,3722,4121,4113,4165,4258,4731,5857,6928,8548,7414,6332,5864,7404,9535,7362,4105,1572,401,68,13508,50322,1258,1667,1947,2106,2083,2179,2250,2487,3028,3621,4498,3959,3210,2867,3337,4268,3220,1751,490,89,7,5557,51959,1247,1609,1775,2015,2030,1986,2008,2244,2829,3307,4050,3455,3122,2997,4067,5267,4142,2354,1082,312,61,7951
2026,2026-01-01,08219,082198,茨城県,牛久市,city,08219,81243,2006,2880,3707,4140,3679,3260,3359,3826,4986,6224,7202,5571,4814,4552,5397,6909,4787,2500,1069,315,60,8731,40012,1055,1475,1865,2066,1886,1683,1728,1990,2545,3145,3750,2891,2373,2200,2492,3105,2239,1081,359,71,13,3763,41231,951,1405,1842,2074,1793,1577,1631,1836,2441,3079,3452,2680,2441,2352,2905,3804,2548,1419,710,244,47,4968
2026,2026-01-01,08220,082201,茨城県,つくば市,city,08220,247415,11271,13268,13390,12756,13791,14324,15578,17071,18673,19109,19622,15516,12882,11375,11441,12091,7609,4577,2249,722,100,15257,125532,5792,6874,6938,6632,7488,7502,8185,8810,9519,9886,10158,8173,6680,5670,5462,5721,3434,1807,657,133,11,6042,121883,5479,6394,6452,6124,6303,6822,7393,8261,9154,9223,9464,7343,6202,5705,5979,6370,4175,2770,1592,589,89,9215
2026,2026-01-01,08221,082210,茨城県,ひたちなか市,city,08221,150538,4567,5811,6643,7371,6989,7417,7638,8362,9139,10515,13123,11756,9622,8319,8708,9606,7373,4832,2097,568,82,14952,75881,2363,3017,3388,3771,3629,4201,4249,4486,4771,5554,6811,6179,4924,4105,4097,4190,3236,2058,693,147,12,6146,74657,2204,2794,3255,3600,3360,3216,3389,3876,4368,4961,6312,5577,4698,4214,4611,5416,4137,2774,1404,421,70,8806
2026,2026-01-01,08222,082228,茨城県,鹿嶋市,city,08222,62829,1687,2364,2794,2877,2399,2612,2767,3218,3833,4390,5046,4132,3601,3926,5022,5400,3602,2047,853,228,31,6761,32146,881,1208,1422,1463,1341,1505,1490,1743,2020,2325,2764,2216,1881,1945,2523,2570,1675,877,257,36,4,2849,30683,806,1156,1372,1414,1058,1107,1277,1475,1813,2065,2282,1916,1720,1981,2499,2830,1927,1170,596,192,27,3912
2026,2026-01-01,08223,082236,茨城県,潮来市,city,08223,25069,552,823,992,1044,987,908,1027,1188,1382,1609,1897,1687,1773,1864,2130,2260,1377,938,481,126,24,2946,12446,294,432,505,538,522,486,544,634,720,868,965,853,883,965,1014,1095,579,379,143,25,2,1128,12623,258,391,487,506,465,422,483,554,662,741,932,834,890,899,1116,1165,798,559,338,101,22,1818
2026,2026-01-01,08224,082244,茨城県,守谷市,city,08224,69400,2597,3384,3696,3737,3223,3004,3460,4195,5062,5661,5971,4653,3639,3402,4305,4531,2669,1343,610,218,40,4880,34766,1402,1689,1943,1907,1654,1577,1780,2165,2569,2866,3082,2415,1855,1577,1985,2213,1257,582,190,52,6,2087,34634,1195,1695,1753,1830,1569,1427,1680,2030,2493,2795,2889,2238,1784,1825,2320,2318,1412,761,420,166,34,2793
2026,2026-01-01,08225,082252,茨城県,常陸大宮市,city,08225,36553,733,1048,1355,1432,1341,1165,1300,1649,1989,2155,2452,2422,2655,3096,3471,3120,1953,1591,1080,463,83,5170,18209,372,513,684,780,671,630,706,861,1069,1174,1269,1239,1353,1583,1790,1562,874,641,323,104,11,1953,18344,361,535,671,652,670,535,594,788,920,981,1183,1183,1302,1513,1681,1558,1079,950,757,359,72,3217
2026,2026-01-01,08226,082261,茨城県,那珂市,city,08226,52159,1449,1937,2230,2306,2057,1882,2233,2697,3160,3500,4064,3587,3387,3518,3986,4062,2835,1866,1035,308,60,6104,25586,721,984,1115,1151,1103,982,1212,1384,1612,1776,2090,1803,1681,1702,1950,1910,1249,769,314,70,8,2410,26573,728,953,1115,1155,954,900,1021,1313,1548,1724,1974,1784,1706,1816,2036,2152,1586,1097,721,238,52,3694
2026,2026-01-01,08227,082279,茨城県,筑西市,city,08227,94142,2328,3113,3832,4200,4120,3858,3923,4528,5403,6446,7618,6497,6101,6500,7867,7683,4777,3179,1577,516,76,10125,46888,1187,1571,1943,2149,2146,2067,2137,2446,2849,3419,4070,3363,3088,3292,3786,3558,2076,1181,449,102,9,3817,47254,1141,1542,1889,2051,1974,1791,1786,2082,2554,3027,3548,3134,3013,3208,4081,4125,2701,1998,1128,414,67,6308
2026,2026-01-01,08228,082287,茨城県,坂東市,city,08228,46748,1038,1492,1937,2209,2099,1773,1866,2227,2764,3242,3882,3189,3022,3368,4031,3957,2282,1468,639,227,36,4652,23738,534,754,973,1137,1065,986,1033,1267,1480,1740,2137,1707,1533,1671,2006,1881,1008,606,180,38,2,1834,23010,504,738,964,1072,1034,787,833,960,1284,1502,1745,1482,1489,1697,2025,2076,1274,862,459,189,34,2818
2026,2026-01-01,08229,082295,茨城県,稲敷市,city,08229,34408,545,837,1111,1326,1215,1087,1143,1458,1859,2037,2488,2374,2755,2938,3466,3369,2006,1403,722,242,27,4400,17260,274,425,584,664,613,599,635,807,1032,1114,1359,1222,1408,1503,1775,1617,882,511,180,52,4,1629,17148,271,412,527,662,602,488,508,651,827,923,1129,1152,1347,1435,1691,1752,1124,892,542,190,23,2771
2026,2026-01-01,08230,082309,茨城県,かすみがうら市,city,08230,37312,790,1128,1444,1758,1750,1536,1561,1726,2176,2503,3103,2569,2401,2408,2989,3274,2012,1284,646,228,26,4196,18926,396,557,772,936,932,849,882,946,1143,1355,1661,1368,1204,1211,1477,1583,860,549,202,42,1,1654,18386,394,571,672,822,818,687,679,780,1033,1148,1442,1201,1197,1197,1512,1691,1152,735,444,186,25,2542
2026,2026-01-01,08231,082317,茨城県,桜川市,city,08231,36101,629,1031,1365,1643,1420,1147,1228,1607,2056,2412,2708,2467,2585,3046,3408,3093,1856,1278,789,297,36,4256,18017,311,546,714,875,751,638,670,877,1107,1281,1449,1309,1316,1535,1650,1473,782,473,206,49,5,1515,18084,318,485,651,768,669,509,558,730,949,1131,1259,1158,1269,1511,1758,1620,1074,805,583,248,31,2741
2026,2026-01-01,08232,082325,茨城県,神栖市,city,08232,89801,2963,3556,4030,4301,4250,4904,5146,5338,5973,6418,7728,6493,5512,5264,5685,5617,3456,2017,875,234,41,6623,46497,1485,1815,2070,2254,2386,2914,2875,2989,3214,3397,4136,3492,2872,2668,2834,2572,1505,715,247,51,6,2524,43304,1478,1741,1960,2047,1864,1990,2271,2349,2759,3021,3592,3001,2640,2596,2851,3045,1951,1302,628,183,35,4099
2026,2026-01-01,08233,082333,茨城県,行方市,city,08233,29419,552,868,1108,1253,1085,868,964,1336,1755,1874,2016,1821,2081,2569,2897,2666,1535,1150,772,226,23,3706,14733,296,458,541,633,543,480,521,752,925,1030,1092,963,1046,1290,1469,1322,687,413,234,34,4,1372,14686,256,410,567,620,542,388,443,584,830,844,924,858,1035,1279,1428,1344,848,737,538,192,19,2334
2026,2026-01-01,08234,082341,茨城県,鉾田市,city,08234,41613,941,1315,1593,1810,1576,1434,1494,1868,2415,2597,3008,2723,2864,3208,3948,3780,2347,1525,836,291,40,5039,21160,500,655,820,936,827,773,838,1022,1267,1425,1658,1425,1464,1653,2060,1849,1106,574,252,52,4,1988,20453,441,660,773,874,749,661,656,846,1148,1172,1350,1298,1400,1555,1888,1931,1241,951,584,239,36,3051
2026,2026-01-01,08235,082350,茨城県,つくばみらい市,city,08235,52580,1939,2716,3082,2454,1985,2269,2673,3313,4011,4329,4136,3114,2571,2560,3139,3684,2418,1357,625,171,34,4605,26368,990,1451,1578,1278,1018,1180,1378,1667,2053,2284,2252,1691,1309,1232,1460,1672,1086,564,190,34,1,1875,26212,949,1265,1504,1176,967,1089,1295,1646,1958,2045,1884,1423,1262,1328,1679,2012,1332,793,435,137,33,2730
2026,2026-01-01,08236,082368,茨城県,小美玉市,city,08236,45564,1227,1618,1871,2154,2156,1942,2114,2238,2658,3141,3593,3050,2959,3159,3491,3537,2229,1447,716,228,36,4656,22800,628,823,951,1093,1137,1032,1150,1192,1395,1696,1846,1596,1468,1602,1711,1639,997,567,217,49,11,1841,22764,599,795,920,1061,1019,910,964,1046,1263,1445,1747,1454,1491,1557,1780,1898,1232,880,499,179,25,2815
2026,2026-01-01,08300,083003,茨城県,東茨城郡,gun_agg,,60388,1245,1766,2163,2605,2364,2012,2221,2733,3296,3860,4433,4156,4237,4851,5624,5244,3356,2325,1350,468,79,7578,30092,641,924,1106,1368,1249,1098,1223,1507,1770,2001,2393,2130,2134,2445,2736,2539,1435,889,396,99,9,2828,30296,604,842,1057,1237,1115,914,998,1226,1526,1859,2040,2026,2103,2406,2888,2705,1921,1436,954,369,70,4750
2026,2026-01-01,08302,083020,茨城県,東茨城郡茨城町,town,08302,29149,676,942,1109,1332,1205,982,1100,1435,1672,1950,2146,1918,1906,2111,2639,2523,1614,1080,585,200,24,3503,14476,354,490,563,724,639,532,592,779,903,960,1180,988,950,1032,1251,1200,694,432,169,41,3,1339,14673,322,452,546,608,566,450,508,656,769,990,966,930,956,1079,1388,1323,920,648,416,159,21,2164
2026,2026-01-01,08309,083097,茨城県,東茨城郡大洗町,town,08309,14057,249,373,497,636,561,498,497,579,751,935,1071,1011,1038,1119,1224,1230,783,558,330,99,18,1788,7044,121,189,248,306,318,280,288,329,400,507,588,532,541,598,575,590,321,197,94,20,2,634,7013,128,184,249,330,243,218,209,250,351,428,483,479,497,521,649,640,462,361,236,79,16,1154
2026,2026-01-01,08310,083101,茨城県,東茨城郡城里町,town,08310,17182,320,451,557,637,598,532,624,719,873,975,1216,1227,1293,1621,1761,1491,959,687,435,169,37,2287,8572,166,245,295,338,292,286,343,399,467,534,625,610,643,815,910,749,420,260,133,38,4,855,8610,154,206,262,299,306,246,281,320,406,441,591,617,650,806,851,742,539,427,302,131,33,1432
2026,2026-01-01,08340,083402,茨城県,那珂郡,gun_agg,,37664,1324,1613,1843,2009,1791,1816,1953,2151,2188,2684,3408,3015,2194,1796,1826,2286,1952,1197,455,134,29,3767,19079,660,811,961,1062,972,1033,1054,1152,1135,1357,1776,1577,1180,897,878,951,908,535,150,29,1,1623,18585,664,802,882,947,819,783,899,999,1053,1327,1632,1438,1014,899,948,1335,1044,662,305,105,28,2144
2026,2026-01-01,08341,083411,茨城県,那珂郡東海村,village,08341,37664,1324,1613,1843,2009,1791,1816,1953,2151,2188,2684,3408,3015,2194,1796,1826,2286,1952,1197,455,134,29,3767,19079,660,811,961,1062,972,1033,1054,1152,1135,1357,1776,1577,1180,897,878,951,908,535,150,29,1,1623,18585,664,802,882,947,819,783,899,999,1053,1327,1632,1438,1014,899,948,1335,1044,662,305,105,28,2144
2026,2026-01-01,08360,083607,茨城県,久慈郡,gun_agg,,13916,173,255,375,466,355,289,348,521,605,714,769,864,1049,1519,1676,1461,912,830,494,208,33,2477,6962,76,124,192,251,188,169,203,287,324,393,419,433,570,790,860,754,427,323,131,48,0,929,6954,97,131,183,215,167,120,145,234,281,321,350,431,479,729,816,707,485,507,363,160,33,1548
2026,2026-01-01,08364,083640,茨城県,久慈郡大子町,town,08364,13916,173,255,375,466,355,289,348,521,605,714,769,864,1049,1519,1676,1461,912,830,494,208,33,2477,6962,76,124,192,251,188,169,203,287,324,393,419,433,570,790,860,754,427,323,131,48,0,929,6954,97,131,183,215,167,120,145,234,281,321,350,431,479,729,816,707,485,507,363,160,33,1548
2026,2026-01-01,08440,084409,茨城県,稲敷郡,gun_agg,,69205,2197,2597,2779,2991,3039,3157,3536,3815,4197,4716,5560,4713,4247,4387,4915,5297,3439,2167,1096,317,43,7062,34811,1134,1325,1433,1504,1510,1672,1876,2100,2273,2551,2988,2522,2151,2215,2404,2460,1494,819,307,69,4,2693,34394,1063,1272,1346,1487,1529,1485,1660,1715,1924,2165,2572,2191,2096,2172,2511,2837,1945,1348,789,248,39,4369
2026,2026-01-01,08442,084425,茨城県,稲敷郡美浦村,village,08442,13279,262,345,476,534,553,529,586,610,743,948,1102,987,968,968,1094,1088,718,455,248,57,8,1486,6879,147,183,248,278,300,303,345,360,439,546,607,536,483,503,545,493,314,173,66,10,0,563,6400,115,162,228,256,253,226,241,250,304,402,495,451,485,465,549,595,404,282,182,47,8,923
2026,2026-01-01,08443,084433,茨城県,稲敷郡阿見町,town,08443,48533,1812,2079,2125,2199,2246,2402,2698,2907,3129,3382,3920,3155,2655,2770,3134,3465,2271,1319,640,196,29,4455,24273,934,1050,1084,1111,1083,1246,1403,1573,1644,1789,2083,1698,1353,1380,1516,1598,991,496,191,46,4,1728,24260,878,1029,1041,1088,1163,1156,1295,1334,1485,1593,1837,1457,1302,1390,1618,1867,1280,823,449,150,25,2727
2026,2026-01-01,08447,084476,茨城県,稲敷郡河内町,town,08447,7393,123,173,178,258,240,226,252,298,325,386,538,571,624,649,687,744,450,393,208,64,6,1121,3659,53,92,101,115,127,123,128,167,190,216,298,288,315,332,343,369,189,150,50,13,0,402,3734,70,81,77,143,113,103,124,131,135,170,240,283,309,317,344,375,261,243,158,51,6,719
2026,2026-01-01,08520,085201,茨城県,結城郡,gun_agg,,18732,398,681,795,865,865,701,740,862,1104,1354,1343,1224,1214,1470,1675,1535,854,573,326,133,20,1906,9472,198,354,410,446,483,377,408,449,588,741,739,636,622,739,814,753,372,231,82,27,3,715,9260,200,327,385,419,382,324,332,413,516,613,604,588,592,731,861,782,482,342,244,106,17,1191
2026,2026-01-01,08521,085219,茨城県,結城郡八千代町,town,08521,18732,398,681,795,865,865,701,740,862,1104,1354,1343,1224,1214,1470,1675,1535,854,573,326,133,20,1906,9472,198,354,410,446,483,377,408,449,588,741,739,636,622,739,814,753,372,231,82,27,3,715,9260,200,327,385,419,382,324,332,413,516,613,604,588,592,731,861,782,482,342,244,106,17,1191
2026,2026-01-01,08540,085405,茨城県,猿島郡,gun_agg,,30040,834,1109,1267,1274,1296,1174,1299,1474,1753,1999,2339,2079,1990,2173,2510,2486,1488,896,440,139,21,2984,15122,413,563,645,619,669,630,703,806,921,1065,1293,1120,1001,1083,1209,1221,673,325,135,25,3,1161,14918,421,546,622,655,627,544,596,668,832,934,1046,959,989,1090,1301,1265,815,571,305,114,18,1823
2026,2026-01-01,08542,085421,茨城県,猿島郡五霞町,town,08542,7373,104,185,261,289,276,242,218,327,346,506,551,552,570,633,768,708,418,254,112,46,7,837,3729,46,93,140,143,145,131,120,176,184,267,302,305,289,308,388,362,189,99,33,9,0,330,3644,58,92,121,146,131,111,98,151,162,239,249,247,281,325,380,346,229,155,79,37,7,507
2026,2026-01-01,08546,085464,茨城県,猿島郡境町,town,08546,22667,730,924,1006,985,1020,932,1081,1147,1407,1493,1788,1527,1420,1540,1742,1778,1070,642,328,93,14,2147,11393,367,470,505,476,524,499,583,630,737,798,991,815,712,775,821,859,484,226,102,16,3,831,11274,363,454,501,509,496,433,498,517,670,695,797,712,708,765,921,919,586,416,226,77,11,1316
2026,2026-01-01,08560,085600,茨城県,北相馬郡,gun_agg,,14141,184,249,390,565,545,373,330,457,634,915,1160,848,769,903,1465,1966,1377,663,252,81,15,2388,6955,96,122,195,296,284,201,189,253,336,484,628,461,402,429,670,861,639,310,75,22,2,1048,7186,88,127,195,269,261,172,141,204,298,431,532,387,367,474,795,1105,738,353,177,59,13,1340
2026,2026-01-01,08564,085642,茨城県,北相馬郡利根町,town,08564,14141,184,249,390,565,545,373,330,457,634,915,1160,848,769,903,1465,1966,1377,663,252,81,15,2388,6955,96,122,195,296,284,201,189,253,336,484,628,461,402,429,670,861,639,310,75,22,2,1048,7186,88,127,195,269,261,172,141,204,298,431,532,387,367,474,795,1105,738,353,177,59,13,1340
2026,2026-01-01,09000,090000,栃木県,,pref,,1829256,50561,67016,77746,84125,82073,80129,84231,97764,113834,129041,147768,126033,116835,119052,133539,137242,86638,55947,29089,9159,1434,182267,915337,26065,34813,39895,43478,43039,43396,45260,51588,59996,67734,77786,65187,59417,59255,64717,64380,37686,21217,8433,1805,190,69331,913919,24496,32203,37851,40647,39034,36733,38971,46176,53838,61307,69982,60846,57418,59797,68822,72862,48952,34730,20656,7354,1244,112936
2026,2026-01-01,09201,092011,栃木県,宇都宮市,city,09201,499825,16014,20052,22795,23766,23800,25175,26122,28563,33312,37622,42088,35001,30343,27752,30199,32641,21931,13538,6804,1998,309,44580,250632,8259,10295,11631,12195,12703,13946,14135,14987,17438,19625,21988,18165,15542,13786,14321,14773,9280,5111,1993,419,40,16843,249193,7755,9757,11164,11571,11097,11229,11987,13576,15874,17997,20100,16836,14801,13966,15878,17868,12651,8427,4811,1579,269,27737
2026,2026-01-01,09202,092029,栃木県,足利市,city,09202,131064,2842,3966,4899,5809,5601,5014,5090,5850,7141,8703,10936,9881,9072,8515,9840,11686,8097,4980,2400,629,113,16219,64284,1473,2040,2449,2946,2852,2678,2645,3027,3732,4554,5779,5066,4609,4271,4627,5349,3474,1863,697,137,16,6187,66780,1369,1926,2450,2863,2749,2336,2445,2823,3409,4149,5157,4815,4463,4244,5213,6337,4623,3117,1703,492,97,10032
2026,2026-01-01,09203,092037,栃木県,栃木市,city,09203,145570,3516,5058,5935,6506,6159,5594,6056,7257,8625,10115,11777,9966,9257,10054,11708,12046,7670,4964,2413,768,126,15941,72611,1781,2704,3047,3375,3239,2919,3226,3814,4547,5355,6393,5080,4724,4984,5653,5627,3399,1894,696,134,20,6143,72959,1735,2354,2888,3131,2920,2675,2830,3443,4078,4760,5384,4886,4533,5070,6055,6419,4271,3070,1717,634,106,9798
2026,2026-01-01,09204,092045,栃木県,佐野市,city,09204,108081,2865,3776,4365,4715,4473,4382,4656,5682,6727,7293,8428,7545,7250,7450,8344,8603,5400,3508,1950,606,63,11527,53653,1472,1985,2226,2444,2247,2296,2507,3001,3618,3807,4448,3947,3695,3697,4019,4053,2274,1253,540,121,3,4191,54428,1393,1791,2139,2271,2226,2086,2149,2681,3109,3486,3980,3598,3555,3753,4325,4550,3126,2255,1410,485,60,7336
2026,2026-01-01,09205,092053,栃木県,鹿沼市,city,09205,89775,2355,3195,3690,4237,3737,3589,3855,4616,5262,6217,7238,6283,5956,6239,6968,7030,4239,2858,1562,558,91,9308,44677,1228,1608,1939,2212,1896,1891,2070,2427,2772,3256,3755,3218,2988,3160,3363,3382,1835,1131,427,106,13,3512,45098,1127,1587,1751,2025,1841,1698,1785,2189,2490,2961,3483,3065,2968,3079,3605,3648,2404,1727,1135,452,78,5796
2026,2026-01-01,09206,092061,栃木県,日光市,city,09206,71899,1435,2064,2522,2887,2863,2602,2706,3198,3799,4206,5416,5143,5346,5437,6142,6531,4327,2993,1656,546,80,9602,35381,732,1092,1287,1530,1460,1383,1468,1751,1997,2156,2892,2673,2672,2732,3018,3067,1845,1061,446,112,7,3471,36518,703,972,1235,1357,1403,1219,1238,1447,1802,2050,2524,2470,2674,2705,3124,3464,2482,1932,1210,434,73,6131
2026,2026-01-01,09208,092088,栃木県,小山市,city,09208,157882,4902,6318,6846,7632,7373,7763,8169,9404,10248,11259,13142,11314,9845,9498,10397,10415,6739,4053,1848,618,99,13357,79753,2517,3320,3547,4014,3850,4140,4402,4988,5430,5933,7002,5854,5004,4621,5125,4917,2853,1548,567,110,11,5089,78129,2385,2998,3299,3618,3523,3623,3767,4416,4818,5326,6140,5460,4841,4877,5272,5498,3886,2505,1281,508,88,8268
2026,2026-01-01,09209,092096,栃木県,真岡市,city,09209,73093,2059,2823,3395,3589,3323,3252,3387,4189,4740,5333,5952,4556,4312,4818,5653,5372,3044,1902,1007,332,55,6340,37162,1084,1487,1716,1812,1804,1778,1841,2261,2517,2883,3134,2405,2207,2397,2741,2609,1398,732,294,58,4,2486,35931,975,1336,1679,1777,1519,1474,1546,1928,2223,2450,2818,2151,2105,2421,2912,2763,1646,1170,713,274,51,3854
2026,2026-01-01,09210,092100,栃木県,大田原市,city,09210,65628,1727,2376,2811,2991,3101,2710,2733,3359,4204,4695,4983,4083,4085,4819,5489,5031,2653,2071,1237,418,52,6431,32688,915,1244,1418,1500,1569,1429,1434,1774,2222,2480,2641,2092,2011,2416,2646,2463,1185,787,368,86,8,2434,32940,812,1132,1393,1491,1532,1281,1299,1585,1982,2215,2342,1991,2074,2403,2843,2568,1468,1284,869,332,44,3997
2026,2026-01-01,09211,092118,栃木県,矢板市,city,09211,29186,607,927,1082,1337,1248,981,1078,1462,1614,2021,2251,2006,1992,2165,2514,2551,1555,1021,556,191,27,3350,14602,339,490,555,741,660,536,593,787,853,1049,1184,1043,996,1081,1224,1202,690,387,148,40,4,1269,14584,268,437,527,596,588,445,485,675,761,972,1067,963,996,1084,1290,1349,865,634,408,151,23,2081
2026,2026-01-01,09213,092134,栃木県,那須塩原市,city,09213,111741,3151,4313,4984,5126,4925,4907,5313,6161,7114,8087,9198,7742,6778,7281,8287,8142,4950,3148,1551,509,74,10232,55741,1645,2258,2617,2585,2566,2531,2770,3199,3742,4201,4744,4009,3507,3596,4088,3680,2214,1226,456,97,10,4003,56000,1506,2055,2367,2541,2359,2376,2543,2962,3372,3886,4454,3733,3271,3685,4199,4462,2736,1922,1095,412,64,6229
2026,2026-01-01,09214,092142,栃木県,さくら市,city,09214,42783,1369,1821,2134,2188,1941,2021,2174,2369,2902,3277,3361,2694,2550,2460,2819,2849,1738,1230,631,215,40,3854,21607,688,948,1095,1089,1059,1191,1175,1231,1500,1741,1762,1396,1338,1224,1358,1353,765,472,173,43,6,1459,21176,681,873,1039,1099,882,830,999,1138,1402,1536,1599,1298,1212,1236,1461,1496,973,758,458,172,34,2395
2026,2026-01-01,09215,092151,栃木県,那須烏山市,city,09215,22587,356,628,774,923,809,636,709,956,1208,1504,1660,1523,1612,1919,2128,2184,1250,935,600,232,41,3058,11341,169,341,387,492,426,354,394,510,648,828,910,787,824,1003,1060,1073,567,335,187,41,5,1135,11246,187,287,387,431,383,282,315,446,560,676,750,736,788,916,1068,1111,683,600,413,191,36,1923
2026,2026-01-01,09216,092169,栃木県,下野市,city,09216,58164,1999,2321,2565,2736,3377,2870,2916,3371,3555,3872,4553,3838,3923,3770,3883,3714,2285,1525,811,243,37,4901,28908,997,1224,1322,1397,1724,1471,1501,1751,1829,1961,2350,1923,1958,1882,1937,1754,1048,591,236,47,5,1927,29256,1002,1097,1243,1339,1653,1399,1415,1620,1726,1911,2203,1915,1965,1888,1946,1960,1237,934,575,196,32,2974
2026,2026-01-01,09300,093009,栃木県,河内郡,gun_agg,,29651,898,1221,1344,1550,1633,1270,1454,1710,1941,2079,2592,2057,1913,1990,1951,1806,1092,674,352,111,13,2242,15172,459,618,690,834,935,696,787,910,1041,1101,1338,1076,961,987,971,859,499,272,109,27,2,909,14479,439,603,654,716,698,574,667,800,900,978,1254,981,952,1003,980,947,593,402,243,84,11,1333
2026,2026-01-01,09301,093017,栃木県,河内郡上三川町,town,09301,29651,898,1221,1344,1550,1633,1270,1454,1710,1941,2079,2592,2057,1913,1990,1951,1806,1092,674,352,111,13,2242,15172,459,618,690,834,935,696,787,910,1041,1101,1338,1076,961,987,971,859,499,272,109,27,2,909,14479,439,603,654,716,698,574,667,800,900,978,1254,981,952,1003,980,947,593,402,243,84,11,1333
2026,2026-01-01,09340,093408,栃木県,芳賀郡,gun_agg,,57140,1316,1841,2330,2492,2080,1884,2091,2791,3447,3875,4143,3662,3904,4681,5395,4966,2615,2010,1146,390,81,6242,28818,696,943,1196,1302,1092,1025,1141,1488,1819,2069,2210,1918,2007,2371,2661,2491,1172,786,346,73,12,2389,28322,620,898,1134,1190,988,859,950,1303,1628,1806,1933,1744,1897,2310,2734,2475,1443,1224,800,317,69,3853
2026,2026-01-01,09342,093424,栃木県,芳賀郡益子町,town,09342,20646,430,636,879,975,758,696,755,984,1253,1543,1503,1361,1434,1701,1945,1792,926,613,338,102,22,2001,10328,232,319,453,492,408,369,411,496,621,839,780,690,737,872,928,893,414,249,103,22,0,788,10318,198,317,426,483,350,327,344,488,632,704,723,671,697,829,1017,899,512,364,235,80,22,1213
2026,2026-01-01,09343,093432,栃木県,芳賀郡茂木町,town,09343,10952,147,234,332,404,337,296,281,375,546,656,743,668,780,1058,1215,1175,634,564,333,139,35,1705,5487,69,126,169,230,160,168,160,212,302,353,403,362,392,543,600,604,284,224,91,28,7,634,5465,78,108,163,174,177,128,121,163,244,303,340,306,388,515,615,571,350,340,242,111,28,1071
2026,2026-01-01,09344,093441,栃木県,芳賀郡市貝町,town,09344,10597,237,354,424,451,403,396,415,545,682,672,826,744,819,866,943,792,420,345,188,66,9,1028,5387,116,183,204,217,214,219,218,312,373,355,443,383,424,442,491,409,182,131,61,7,3,384,5210,121,171,220,234,189,177,197,233,309,317,383,361,395,424,452,383,238,214,127,59,6,644
2026,2026-01-01,09345,093459,栃木県,芳賀郡芳賀町,town,09345,14945,502,617,695,662,582,496,640,887,966,1004,1071,889,871,1056,1292,1207,635,488,287,83,15,1508,7616,279,315,370,363,310,269,352,468,523,522,584,483,454,514,642,585,292,182,91,16,2,583,7329,223,302,325,299,272,227,288,419,443,482,487,406,417,542,650,622,343,306,196,67,13,925
2026,2026-01-01,09360,093602,栃木県,下都賀郡,gun_agg,,61277,1585,2222,2663,2815,2617,2532,2623,3266,3915,4245,4780,3892,3635,4201,5014,5063,3233,1832,863,243,38,6209,30376,784,1108,1413,1490,1268,1335,1355,1743,2021,2219,2495,1991,1794,1983,2466,2386,1468,730,274,45,8,2525,30901,801,1114,1250,1325,1349,1197,1268,1523,1894,2026,2285,1901,1841,2218,2548,2677,1765,1102,589,198,30,3684
2026,2026-01-01,09361,093611,栃木県,下都賀郡壬生町,town,09361,37154,1023,1376,1634,1759,1700,1601,1644,1978,2288,2585,3006,2470,2274,2416,2738,2899,1915,1151,525,146,26,3763,18347,519,671,854,937,812,835,859,1013,1177,1347,1582,1240,1153,1188,1339,1330,840,452,168,28,3,1491,18807,504,705,780,822,888,766,785,965,1111,1238,1424,1230,1121,1228,1399,1569,1075,699,357,118,23,2272
2026,2026-01-01,09364,093645,栃木県,下都賀郡野木町,town,09364,24123,562,846,1029,1056,917,931,979,1288,1627,1660,1774,1422,1361,1785,2276,2164,1318,681,338,97,12,2446,12029,265,437,559,553,456,500,496,730,844,872,913,751,641,795,1127,1056,628,278,106,17,5,1034,12094,297,409,470,503,461,431,483,558,783,788,861,671,720,990,1149,1108,690,403,232,80,7,1412
2026,2026-01-01,09380,093807,栃木県,塩谷郡,gun_agg,,37531,1037,1200,1448,1596,1785,1990,2008,2163,2242,2489,2800,2419,2373,2616,2881,2754,1656,1118,692,226,38,3730,19646,545,639,750,878,1063,1264,1211,1190,1293,1338,1478,1272,1192,1339,1443,1357,745,411,194,41,3,1394,17885,492,561,698,718,722,726,797,973,949,1151,1322,1147,1181,1277,1438,1397,911,707,498,185,35,2336
2026,2026-01-01,09384,093840,栃木県,塩谷郡塩谷町,town,09384,9408,114,204,307,388,335,263,263,395,472,608,614,624,662,804,1032,988,544,412,270,92,17,1335,4738,57,103,167,209,189,153,160,217,269,330,316,335,328,412,501,506,238,151,78,18,1,486,4670,57,101,140,179,146,110,103,178,203,278,298,289,334,392,531,482,306,261,192,74,16,849
2026,2026-01-01,09386,093866,栃木県,塩谷郡高根沢町,town,09386,28123,923,996,1141,1208,1450,1727,1745,1768,1770,1881,2186,1795,1711,1812,1849,1766,1112,706,422,134,21,2395,14908,488,536,583,669,874,1111,1051,973,1024,1008,1162,937,864,927,942,851,507,260,116,23,2,908,13215,435,460,558,539,576,616,694,795,746,873,1024,858,847,885,907,915,605,446,306,111,19,1487
2026,2026-01-01,09400,094005,栃木県,那須郡,gun_agg,,36379,528,894,1164,1230,1228,957,1091,1397,1838,2149,2470,2428,2689,3387,3927,3858,2164,1587,1010,326,57,5144,18285,282,469,610,642,626,533,605,749,977,1178,1283,1272,1388,1725,1996,1985,975,627,282,68,13,1965,18094,246,425,554,588,602,424,486,648,861,971,1187,1156,1301,1662,1931,1873,1189,960,728,258,44,3179
2026,2026-01-01,09407,094072,栃木県,那須郡那須町,town,09407,22749,333,587,727,766,794,580,645,810,1136,1360,1586,1566,1661,2081,2462,2455,1442,987,558,180,33,3200,11358,189,310,381,402,396,308,371,429,595,721,809,815,864,1047,1261,1248,651,378,140,36,7,1212,11391,144,277,346,364,398,272,274,381,541,639,777,751,797,1034,1201,1207,791,609,418,144,26,1988
2026,2026-01-01,09411,094111,栃木県,那須郡那珂川町,town,09411,13630,195,307,437,464,434,377,446,587,702,789,884,862,1028,1306,1465,1403,722,600,452,146,24,1944,6927,93,159,229,240,230,225,234,320,382,457,474,457,524,678,735,737,324,249,142,32,6,753,6703,102,148,208,224,204,152,212,267,320,332,410,405,504,628,730,666,398,351,310,114,18,1191
2026,2026-01-01,10000,100005,群馬県,,pref,,1806355,50525,64849,75266,84036,81997,77814,81544,89883,104554,123162,147191,128510,117018,112420,127008,140652,94363,61395,32286,10287,1595,199926,893981,26005,33326,38303,43194,43066,41239,42983,47458,54621,64220,76275,65971,59238,55919,61327,65241,40592,23204,9446,2172,181,75595,912374,24520,31523,36963,40842,38931,36575,38561,42425,49933,58942,70916,62539,57780,56501,65681,75411,53771,38191,22840,8115,1414,124331
2026,2026-01-01,10201,102016,群馬県,前橋市,city,10201,315973,9351,11983,13429,14483,14322,13987,14641,16508,18617,21199,25392,22378,20497,19493,21404,23376,16105,10735,5865,1928,280,34913,154167,4873,6065,6917,7449,7310,7162,7412,8464,9669,10899,12953,11271,10133,9593,10359,10594,6816,4066,1727,408,27,13044,161806,4478,5918,6512,7034,7012,6825,7229,8044,8948,10300,12439,11107,10364,9900,11045,12782,9289,6669,4138,1520,253,21869
2026,2026-01-01,10202,102024,群馬県,高崎市,city,10202,355955,11223,13707,15467,17173,17122,16274,17503,18679,21535,25054,29511,25319,22188,20148,22381,25334,17837,11446,5859,1893,302,37337,174765,5723,7095,7880,8775,8970,8505,8967,9764,10934,12856,15134,12909,11144,9885,10648,11574,7606,4277,1698,378,43,14002,181190,5500,6612,7587,8398,8152,7769,8536,8915,10601,12198,14377,12410,11044,10263,11733,13760,10231,7169,4161,1515,259,23335
2026,2026-01-01,10203,102032,群馬県,桐生市,city,10203,96429,1674,2683,3328,4010,3985,3224,3188,3863,4724,5986,7831,7379,6962,6811,7389,9305,6672,4324,2285,716,90,14087,46583,863,1387,1694,2049,2123,1741,1735,2055,2488,3092,3998,3759,3476,3375,3513,4147,2751,1545,643,139,10,5088,49846,811,1296,1634,1961,1862,1483,1453,1808,2236,2894,3833,3620,3486,3436,3876,5158,3921,2779,1642,577,80,8999
2026,2026-01-01,10204,102041,群馬県,伊勢崎市,city,10204,194217,6317,7669,8638,9492,9634,9615,10167,10614,11930,14232,16340,13972,11960,10719,11713,12979,8772,5522,2942,847,143,18226,97342,3314,3957,4316,4843,5134,5043,5387,5620,6242,7462,8568,7282,6195,5409,5598,5997,3792,2082,890,196,15,6975,96875,3003,3712,4322,4649,4500,4572,4780,4994,5688,6770,7772,6690,5765,5310,6115,6982,4980,3440,2052,651,128,11251
2026,2026-01-01,10205,102059,群馬県,太田市,city,10205,205707,6565,8417,9630,10420,10103,9874,10069,10949,12935,15063,17575,14629,11754,10580,12587,14983,10111,5904,2663,773,123,19574,104479,3366,4293,4893,5350,5417,5529,5543,5922,6883,8111,9220,7878,6118,5272,5976,6940,4476,2310,816,153,13,7768,101228,3199,4124,4737,5070,4686,4345,4526,5027,6052,6952,8355,6751,5636,5308,6611,8043,5635,3594,1847,620,110,11806
2026,2026-01-01,10206,102067,群馬県,沼田市,city,10206,41502,810,1216,1603,1824,1703,1489,1428,1769,2295,2570,3222,2935,2949,3235,3486,3462,2352,1671,1076,357,50,5506,20286,424,663,835,938,878,782,795,961,1209,1328,1626,1486,1467,1577,1715,1636,991,590,291,89,5,1966,21216,386,553,768,886,825,707,633,808,1086,1242,1596,1449,1482,1658,1771,1826,1361,1081,785,268,45,3540
2026,2026-01-01,10207,102075,群馬県,館林市,city,10207,68630,1578,2129,2794,3237,3165,3065,3012,3180,3975,4819,6166,5136,4477,4198,4754,5576,3685,2221,1099,307,57,7369,34249,805,1087,1420,1683,1638,1700,1640,1738,2142,2484,3243,2660,2307,2087,2353,2552,1524,812,302,67,5,2710,34381,773,1042,1374,1554,1527,1365,1372,1442,1833,2335,2923,2476,2170,2111,2401,3024,2161,1409,797,240,52,4659
2026,2026-01-01,10208,102083,群馬県,渋川市,city,10208,69797,1714,2143,2592,2908,2813,2692,2751,3188,3817,4466,5065,4663,4833,5031,6048,6067,3993,2874,1541,532,66,9006,34193,878,1101,1264,1465,1489,1406,1447,1667,2042,2377,2607,2301,2467,2512,2990,2839,1714,1070,420,131,6,3341,35604,836,1042,1328,1443,1324,1286,1304,1521,1775,2089,2458,2362,2366,2519,3058,3228,2279,1804,1121,401,60,5665
2026,2026-01-01,10209,102091,群馬県,藤岡市,city,10209,59463,1381,1846,2307,2745,2562,2533,2495,2644,3267,3870,4970,4291,4031,3975,4608,5117,3166,2120,1144,341,50,6821,29110,687,910,1156,1384,1318,1296,1369,1393,1711,1990,2613,2140,2034,1996,2129,2409,1351,799,350,70,5,2575,30353,694,936,1151,1361,1244,1237,1126,1251,1556,1880,2357,2151,1997,1979,2479,2708,1815,1321,794,271,45,4246
2026,2026-01-01,10210,102105,群馬県,富岡市,city,10210,43090,896,1318,1726,1988,1848,1489,1567,1822,2203,2748,3443,2986,2992,3168,3581,3849,2489,1720,941,268,48,5466,21396,451,703,875,1004,1009,797,820,996,1152,1408,1776,1514,1525,1605,1781,1863,1114,657,276,64,6,2117,21694,445,615,851,984,839,692,747,826,1051,1340,1667,1472,1467,1563,1800,1986,1375,1063,665,204,42,3349
2026,2026-01-01,10211,102113,群馬県,安中市,city,10211,51952,1059,1524,1845,2250,2049,1855,1980,2230,2606,3219,4048,3784,3752,3661,4442,4843,3068,2139,1148,377,73,6805,25611,541,796,926,1183,1086,1013,1059,1192,1404,1655,2033,1924,1866,1841,2163,2302,1379,825,321,95,7,2627,26341,518,728,919,1067,963,842,921,1038,1202,1564,2015,1860,1886,1820,2279,2541,1689,1314,827,282,66,4178
2026,2026-01-01,10212,102121,群馬県,みどり市,city,10212,46993,1334,1669,2002,2323,2165,1995,2034,2166,2705,3416,4046,3334,2939,2810,3375,3751,2444,1504,722,219,40,4929,23231,692,872,1042,1196,1116,1029,1068,1132,1389,1780,2059,1715,1542,1367,1607,1797,1031,545,205,47,0,1828,23762,642,797,960,1127,1049,966,966,1034,1316,1636,1987,1619,1397,1443,1768,1954,1413,959,517,172,40,3101
2026,2026-01-01,10340,103403,群馬県,北群馬郡,gun_agg,,36764,1622,1860,1834,1852,1743,1766,2075,2334,2423,2803,2863,2346,2050,2000,2199,2178,1435,823,422,112,24,2816,18355,815,955,898,977,924,911,1059,1215,1209,1463,1501,1195,1009,1002,1066,1049,643,317,128,17,2,1107,18409,807,905,936,875,819,855,1016,1119,1214,1340,1362,1151,1041,998,1133,1129,792,506,294,95,22,1709
2026,2026-01-01,10344,103446,群馬県,北群馬郡榛東村,village,10344,14202,484,659,613,679,733,709,737,812,860,1026,1105,938,813,870,952,985,601,359,204,46,17,1227,7243,242,346,312,373,419,402,412,449,432,535,600,475,404,440,470,468,255,141,59,8,1,464,6959,242,313,301,306,314,307,325,363,428,491,505,463,409,430,482,517,346,218,145,38,16,763
2026,2026-01-01,10345,103454,群馬県,北群馬郡吉岡町,town,10345,22562,1138,1201,1221,1173,1010,1057,1338,1522,1563,1777,1758,1408,1237,1130,1247,1193,834,464,218,66,7,1589,11112,573,609,586,604,505,509,647,766,777,928,901,720,605,562,596,581,388,176,69,9,1,643,11450,565,592,635,569,505,548,691,756,786,849,857,688,632,568,651,612,446,288,149,57,6,946
2026,2026-01-01,10360,103608,群馬県,多野郡,gun_agg,,2394,41,44,68,49,52,56,73,73,74,109,126,113,137,211,274,282,205,209,130,57,11,612,1191,24,21,42,22,28,31,39,47,42,66,68,62,81,108,141,146,90,71,47,11,4,223,1203,17,23,26,27,24,25,34,26,32,43,58,51,56,103,133,136,115,138,83,46,7,389
2026,2026-01-01,10366,103667,群馬県,多野郡上野村,village,10366,954,28,36,43,29,26,30,41,37,38,56,56,44,50,68,85,95,63,60,44,22,3,192,494,17,19,26,13,16,17,19,20,22,31,34,23,30,38,44,49,31,21,16,6,2,76,460,11,17,17,16,10,13,22,17,16,25,22,21,20,30,41,46,32,39,28,16,1,116
2026,2026-01-01,10367,103675,群馬県,多野郡神流町,town,10367,1440,13,8,25,20,26,26,32,36,36,53,70,69,87,143,189,187,142,149,86,35,8,420,697,7,2,16,9,12,14,20,27,20,35,34,39,51,70,97,97,59,50,31,5,2,147,743,6,6,9,11,14,12,12,9,16,18,36,30,36,73,92,90,83,99,55,30,6,273
2026,2026-01-01,10380,103802,群馬県,甘楽郡,gun_agg,,19229,384,469,602,673,646,567,627,761,887,1059,1276,1214,1400,1619,1942,1997,1212,1063,588,212,31,3106,9517,209,235,302,350,372,278,331,396,464,569,668,636,701,809,1004,999,535,435,181,39,4,1194,9712,175,234,300,323,274,289,296,365,423,490,608,578,699,810,938,998,677,628,407,173,27,1912
2026,2026-01-01,10382,103829,群馬県,甘楽郡下仁田町,town,10382,5824,48,78,114,133,145,114,145,178,208,263,297,374,476,603,664,723,489,422,246,88,16,1261,2885,27,38,54,69,85,57,76,98,113,153,166,216,233,298,351,356,218,174,85,17,1,495,2939,21,40,60,64,60,57,69,80,95,110,131,158,243,305,313,367,271,248,161,71,15,766
2026,2026-01-01,10383,103837,群馬県,甘楽郡南牧村,village,10383,1356,9,7,11,17,17,17,23,38,30,32,52,81,92,130,182,157,127,167,118,43,6,461,643,2,2,6,11,11,7,15,23,16,16,24,47,61,63,85,86,52,70,37,7,2,168,713,7,5,5,6,6,10,8,15,14,16,28,34,31,67,97,71,75,97,81,36,4,293
2026,2026-01-01,10384,103845,群馬県,甘楽郡甘楽町,town,10384,12049,327,384,477,523,484,436,459,545,649,764,927,759,832,886,1096,1117,596,474,224,81,9,1384,5989,180,195,242,270,276,214,240,275,335,400,478,373,407,448,568,557,265,191,59,15,1,531,6060,147,189,235,253,208,222,219,270,314,364,449,386,425,438,528,560,331,283,165,66,8,853
2026,2026-01-01,10420,104205,群馬県,吾妻郡,gun_agg,,46847,864,1163,1501,1820,1590,1376,1509,1809,2091,2540,3425,3232,3610,3837,4600,4539,3036,2355,1385,491,74,7341,23347,429,593,782,972,849,746,827,970,1113,1323,1890,1646,1894,1975,2313,2171,1351,950,435,105,13,2854,23500,435,570,719,848,741,630,682,839,978,1217,1535,1586,1716,1862,2287,2368,1685,1405,950,386,61,4487
2026,2026-01-01,10421,104213,群馬県,吾妻郡中之条町,town,10421,13626,267,343,438,552,481,419,450,564,579,722,972,976,1022,1073,1275,1317,888,696,424,151,17,2176,6665,122,172,239,280,257,218,243,287,299,366,531,485,538,518,644,626,393,285,128,30,4,840,6961,145,171,199,272,224,201,207,277,280,356,441,491,484,555,631,691,495,411,296,121,13,1336
2026,2026-01-01,10424,104248,群馬県,吾妻郡長野原町,town,10424,4851,83,107,142,169,160,173,140,199,213,290,393,346,371,404,466,481,302,227,129,45,11,714,2426,31,64,75,83,72,96,78,121,113,154,211,190,185,212,228,228,133,98,40,10,4,285,2425,52,43,67,86,88,77,62,78,100,136,182,156,186,192,238,253,169,129,89,35,7,429
2026,2026-01-01,10425,104256,群馬県,吾妻郡嬬恋村,village,10425,8565,218,246,289,348,258,221,286,334,443,476,581,588,746,727,830,781,519,370,225,66,13,1193,4369,126,125,145,201,137,123,153,180,255,243,329,297,385,403,420,376,246,141,72,11,1,471,4196,92,121,144,147,121,98,133,154,188,233,252,291,361,324,410,405,273,229,153,55,12,722
2026,2026-01-01,10426,104264,群馬県,吾妻郡草津町,town,10426,5315,93,106,148,184,214,181,188,177,209,277,492,416,363,371,500,512,408,300,130,42,4,884,2709,59,47,84,92,115,93,116,105,103,146,291,216,223,200,250,239,166,111,42,10,1,330,2606,34,59,64,92,99,88,72,72,106,131,201,200,140,171,250,273,242,189,88,32,3,554
2026,2026-01-01,10428,104281,群馬県,吾妻郡高山村,village,10428,3106,58,97,119,132,115,91,91,135,159,182,217,184,246,241,296,261,171,167,107,37,0,482,1539,27,49,59,78,69,49,43,72,88,93,109,94,115,127,137,136,73,77,36,8,0,194,1567,31,48,60,54,46,42,48,63,71,89,108,90,131,114,159,125,98,90,71,29,0,288
2026,2026-01-01,10429,104299,群馬県,吾妻郡東吾妻町,town,10429,11384,145,264,365,435,362,291,354,400,488,593,770,722,862,1021,1233,1187,748,595,370,150,29,1892,5639,64,136,180,238,199,167,194,205,255,321,419,364,448,515,634,566,340,238,117,36,3,734,5745,81,128,185,197,163,124,160,195,233,272,351,358,414,506,599,621,408,357,253,114,26,1158
2026,2026-01-01,10440,104400,群馬県,利根郡,gun_agg,,28731,576,852,1019,1184,957,768,856,1166,1392,1646,1901,1809,2170,2596,2838,2798,1645,1320,858,335,45,4203,14185,286,427,539,668,488,420,449,615,738,839,1012,962,1070,1327,1470,1374,700,491,241,66,3,1501,14546,290,425,480,516,469,348,407,551,654,807,889,847,1100,1269,1368,1424,945,829,617,269,42,2702
2026,2026-01-01,10443,104434,群馬県,利根郡片品村,village,10443,3678,68,85,95,170,98,87,91,146,179,198,233,227,328,353,403,365,199,194,112,41,6,552,1837,35,46,49,86,52,52,52,83,98,104,127,125,163,181,208,178,83,67,40,8,0,198,1841,33,39,46,84,46,35,39,63,81,94,106,102,165,172,195,187,116,127,72,33,6,354
2026,2026-01-01,10444,104442,群馬県,利根郡川場村,village,10444,2896,64,98,136,126,123,89,76,118,151,212,195,180,152,232,282,272,152,111,79,43,5,390,1381,30,39,78,67,58,49,44,61,73,107,99,96,72,106,140,138,62,40,13,9,0,124,1515,34,59,58,59,65,40,32,57,78,105,96,84,80,126,142,134,90,71,66,34,5,266
2026,2026-01-01,10448,104485,群馬県,利根郡昭和村,village,10448,6160,157,234,276,264,258,203,212,256,347,386,408,383,417,506,622,528,286,222,139,46,10,703,3108,78,119,161,152,141,106,107,132,192,191,215,202,208,259,327,262,114,88,43,9,2,256,3052,79,115,115,112,117,97,105,124,155,195,193,181,209,247,295,266,172,134,96,37,8,447
2026,2026-01-01,10449,104493,群馬県,利根郡みなかみ町,town,10449,15997,287,435,512,624,478,389,477,646,715,850,1065,1019,1273,1505,1531,1633,1008,793,528,205,24,2558,7859,143,223,251,363,237,213,246,339,375,437,571,539,627,781,795,796,441,296,145,40,1,923,8138,144,212,261,261,241,176,231,307,340,413,494,480,646,724,736,837,567,497,383,165,23,1635
2026,2026-01-01,10460,104604,群馬県,佐波郡,gun_agg,,33653,1017,1192,1319,1476,1572,1547,1730,1734,1951,2211,2621,2534,2649,2418,2470,2500,1376,790,379,141,26,2712,16672,526,628,679,752,722,802,871,909,1022,1167,1374,1211,1284,1253,1222,1192,613,316,103,25,1,1058,16981,491,564,640,724,850,745,859,825,929,1044,1247,1323,1365,1165,1248,1308,763,474,276,116,25,1654
2026,2026-01-01,10464,104647,群馬県,佐波郡玉村町,town,10464,33653,1017,1192,1319,1476,1572,1547,1730,1734,1951,2211,2621,2534,2649,2418,2470,2500,1376,790,379,141,26,2712,16672,526,628,679,752,722,802,871,909,1022,1167,1374,1211,1284,1253,1222,1192,613,316,103,25,1,1058,16981,491,564,640,724,850,745,859,825,929,1044,1247,1323,1365,1165,1248,1308,763,474,276,116,25,1654
2026,2026-01-01,10520,105201,群馬県,邑楽郡,gun_agg,,89029,2119,2965,3562,4129,3966,3642,3839,4394,5127,6152,7370,6456,5668,5910,6917,7716,4760,2655,1239,381,62,9097,45302,1099,1538,1843,2134,2195,2048,2165,2402,2768,3351,3932,3420,2925,2926,3279,3660,2115,1046,372,72,12,3617,43727,1020,1427,1719,1995,1771,1594,1674,1992,2359,2801,3438,3036,2743,2984,3638,4056,2645,1609,867,309,50,5480
2026,2026-01-01,10521,105210,群馬県,邑楽郡板倉町,town,10521,12521,161,322,478,584,507,367,367,441,670,877,981,967,866,1032,1257,1243,690,421,205,76,9,1401,6276,81,172,244,299,266,196,211,238,361,470,515,493,453,516,627,601,286,155,71,19,2,533,6245,80,150,234,285,241,171,156,203,309,407,466,474,413,516,630,642,404,266,134,57,7,868
2026,2026-01-01,10522,105228,群馬県,邑楽郡明和町,town,10522,10202,238,349,424,501,418,404,443,522,607,676,841,656,625,726,859,868,526,289,168,53,9,1045,5115,128,183,230,256,218,212,233,277,308,366,437,340,308,358,408,455,226,111,49,11,1,398,5087,110,166,194,245,200,192,210,245,299,310,404,316,317,368,451,413,300,178,119,42,8,647
2026,2026-01-01,10523,105236,群馬県,邑楽郡千代田町,town,10523,10076,248,337,428,471,439,392,428,479,548,792,847,646,613,680,788,921,497,298,171,42,11,1019,5126,126,174,236,263,232,207,238,263,292,438,444,331,312,352,364,438,243,118,43,8,4,416,4950,122,163,192,208,207,185,190,216,256,354,403,315,301,328,424,483,254,180,128,34,7,603
2026,2026-01-01,10524,105244,群馬県,邑楽郡大泉町,town,10524,32256,876,1175,1305,1473,1606,1653,1706,1825,1893,2172,2662,2468,2092,1875,2095,2367,1621,906,365,103,18,3013,16779,449,600,665,746,935,1014,983,1032,1053,1202,1411,1351,1116,938,985,1100,695,363,118,20,3,1199,15477,427,575,640,727,671,639,723,793,840,970,1251,1117,976,937,1110,1267,926,543,247,83,15,1814
2026,2026-01-01,10525,105252,群馬県,邑楽郡邑楽町,town,10525,23974,596,782,927,1100,996,826,895,1127,1409,1635,2039,1719,1472,1597,1918,2317,1426,741,330,107,15,2619,12006,315,409,468,570,544,419,500,592,754,875,1125,905,736,762,895,1066,665,299,91,14,2,1071,11968,281,373,459,530,452,407,395,535,655,760,914,814,736,835,1023,1251,761,442,239,93,13,1548
2026,2026-01-01,11000,110001,埼玉県,,pref,,7082286,213503,265678,296958,316830,342505,365839,376405,392386,441903,501696,607849,531565,447398,383556,419111,487892,350893,217568,95143,24085,3523,691212,3523585,109512,135978,152105,162351,173674,185088,193500,204276,229929,262718,318463,277407,230603,192410,201380,221649,150004,86272,30581,5221,464,272542,3558701,103991,129700,144853,154479,168831,180751,182905,188110,211974,238978,289386,254158,216795,191146,217731,266243,200889,131296,64562,18864,3059,418670
2026,2026-01-01,11100,111007,埼玉県,さいたま市,city_agg,,1317740,47479,56128,58674,59949,66831,77460,80091,82089,87966,94641,110456,98011,81967,66004,63919,74093,54745,35415,16745,4449,628,111982,652134,24429,28746,30207,30524,33793,38319,40346,41984,45335,48511,56674,50254,42092,33627,30909,33432,22892,13671,5304,975,110,42952,665606,23050,27382,28467,29425,33038,39141,39745,40105,42631,46130,53782,47757,39875,32377,33010,40661,31853,21744,11441,3474,518,69030
2026,2026-01-01,11101,111015,埼玉県,さいたま市西区,ward,11100,94100,3773,4410,4057,4184,4564,5357,5559,5859,6184,6454,7601,6387,5078,4307,4854,5953,4772,3083,1299,312,53,9519,46403,1942,2252,2105,2081,2200,2566,2761,3050,3210,3405,4015,3322,2652,2201,2261,2632,1969,1260,452,59,8,3748,47697,1831,2158,1952,2103,2364,2791,2798,2809,2974,3049,3586,3065,2426,2106,2593,3321,2803,1823,847,253,45,5771
2026,2026-01-01,11102,111023,埼玉県,さいたま市北区,ward,11100,148707,4923,5661,6600,7243,8377,9350,9135,8884,9515,10766,12897,11456,9678,7809,7104,7692,5583,3567,1885,502,80,11617,73557,2520,2885,3452,3708,4229,4660,4713,4516,4837,5468,6455,5854,4935,3985,3514,3493,2327,1297,581,114,14,4333,75150,2403,2776,3148,3535,4148,4690,4422,4368,4678,5298,6442,5602,4743,3824,3590,4199,3256,2270,1304,388,66,7284
2026,2026-01-01,11103,111031,埼玉県,さいたま市大宮区,ward,11100,123773,4865,5248,5257,4777,6084,8474,8976,8868,9141,8965,9710,8572,7242,6044,5755,6323,4392,2867,1690,458,65,9472,61530,2549,2618,2701,2394,3011,4319,4626,4649,4862,4619,5017,4371,3653,2975,2785,2897,1794,1079,494,106,11,3484,62243,2316,2630,2556,2383,3073,4155,4350,4219,4279,4346,4693,4201,3589,3069,2970,3426,2598,1788,1196,352,54,5988
2026,2026-01-01,11104,111040,埼玉県,さいたま市見沼区,ward,11100,161611,5292,6322,6857,7587,8176,8355,8581,9129,9835,11146,13505,12046,10322,8553,8765,10710,8065,5383,2326,575,81,16430,79810,2750,3210,3539,3932,4100,4140,4311,4739,5008,5804,6977,6228,5272,4297,4240,4837,3360,2151,756,141,18,6426,81801,2542,3112,3318,3655,4076,4215,4270,4390,4827,5342,6528,5818,5050,4256,4525,5873,4705,3232,1570,434,63,10004
2026,2026-01-01,11105,111058,埼玉県,さいたま市中央区,ward,11100,100921,3406,3909,4255,4481,5541,6927,6742,6243,6677,7141,8624,7889,6376,5051,4581,5236,3732,2502,1232,325,51,7842,49758,1716,2076,2193,2323,2790,3353,3413,3177,3405,3594,4277,3975,3313,2543,2251,2384,1588,927,381,72,7,2975,51163,1690,1833,2062,2158,2751,3574,3329,3066,3272,3547,4347,3914,3063,2508,2330,2852,2144,1575,851,253,44,4867
2026,2026-01-01,11106,111066,埼玉県,さいたま市桜区,ward,11100,92271,2657,3156,3612,4484,5622,5581,5307,5152,5396,6528,8108,7205,5999,4697,4609,5661,4401,2739,1088,234,35,8497,46536,1304,1634,1833,2287,3081,2830,2745,2746,2868,3421,4261,3745,3165,2492,2277,2496,1857,1077,363,46,8,3351,45735,1353,1522,1779,2197,2541,2751,2562,2406,2528,3107,3847,3460,2834,2205,2332,3165,2544,1662,725,188,27,5146
2026,2026-01-01,11107,111074,埼玉県,さいたま市浦和区,ward,11100,165793,6373,7792,8177,7376,7841,9980,10448,11104,11860,12247,13440,12527,10710,8533,7317,7884,5603,3741,2069,672,99,12184,80147,3231,3926,4160,3748,3874,4806,5088,5473,5885,6029,6572,6175,5361,4308,3516,3543,2318,1336,643,133,22,4452,85646,3142,3866,4017,3628,3967,5174,5360,5631,5975,6218,6868,6352,5349,4225,3801,4341,3285,2405,1426,539,77,7732
2026,2026-01-01,11108,111082,埼玉県,さいたま市南区,ward,11100,188612,7329,8506,8617,8275,9271,11640,12547,12488,13427,13921,16012,14603,12392,9191,8100,8970,6389,4276,2050,547,61,13323,94235,3837,4368,4450,4262,4770,5829,6347,6345,6947,7111,8252,7471,6430,4794,3941,4104,2632,1577,634,125,9,4977,94377,3492,4138,4167,4013,4501,5811,6200,6143,6480,6810,7760,7132,5962,4397,4159,4866,3757,2699,1416,422,52,8346
2026,2026-01-01,11109,111091,埼玉県,さいたま市緑区,ward,11100,133511,5585,6972,6988,6791,6375,6822,7805,8661,9497,9994,11125,9252,7764,6168,6222,7080,5205,3251,1504,401,49,10410,65865,2874,3577,3558,3399,3221,3289,3789,4305,4915,5076,5735,4733,3973,3108,3003,3237,2254,1276,456,82,5,4073,67646,2711,3395,3430,3392,3154,3533,4016,4356,4582,4918,5390,4519,3791,3060,3219,3843,2951,1975,1048,319,44,6337
2026,2026-01-01,11110,111104,埼玉県,さいたま市岩槻区,ward,11100,108441,3276,4152,4254,4751,4980,4974,4991,5701,6434,7479,9434,8074,6406,5651,6612,8584,6603,4006,1602,423,54,12688,54293,1706,2200,2216,2390,2517,2527,2553,2984,3398,3984,5113,4380,3338,2924,3121,3809,2793,1691,544,97,8,5133,54148,1570,1952,2038,2361,2463,2447,2438,2717,3036,3495,4321,3694,3068,2727,3491,4775,3810,2315,1058,326,46,7555
2026,2026-01-01,11201,112011,埼玉県,川越市,city,11201,340208,10148,12935,14757,15758,16321,17141,17757,18585,21494,24603,29481,25045,20880,17625,19512,23965,17641,10927,4441,1038,154,34201,168826,5174,6607,7738,7968,8192,8586,9082,9834,11194,12941,15416,12963,10735,8825,9176,10740,7508,4429,1487,220,11,13655,171382,4974,6328,7019,7790,8129,8555,8675,8751,10300,11662,14065,12082,10145,8800,10336,13225,10133,6498,2954,818,143,20546
2026,2026-01-01,11202,112020,埼玉県,熊谷市,city,11202,183791,4841,6352,7363,8157,8268,8035,8503,9530,11020,12438,14953,13313,12280,12068,13281,14261,9356,6027,2857,772,116,19128,91773,2494,3270,3809,4213,4312,4305,4481,5103,5781,6551,7883,6933,6234,5983,6436,6637,3983,2353,841,160,11,7348,92018,2347,3082,3554,3944,3956,3730,4022,4427,5239,5887,7070,6380,6046,6085,6845,7624,5373,3674,2016,612,105,11780
2026,2026-01-01,11203,112038,埼玉県,川口市,city,11203,554725,16357,20304,23099,24915,28405,32852,32211,31791,35449,40702,50196,44555,36117,27271,28035,33299,24499,15867,7019,1579,203,49167,279970,8337,10414,11780,12850,14540,16878,16830,16728,18670,21519,26729,23777,19269,14026,13798,15137,10259,5888,2167,346,28,18688,274755,8020,9890,11319,12065,13865,15974,15381,15063,16779,19183,23467,20778,16848,13245,14237,18162,14240,9979,4852,1233,175,30479
2026,2026-01-01,11206,112062,埼玉県,行田市,city,11206,74754,1805,2276,2882,3178,3419,3046,3175,3560,4224,5134,6006,5302,4982,5063,5886,6577,4130,2509,1182,360,58,8239,36923,926,1137,1428,1639,1718,1588,1665,1848,2268,2679,3196,2770,2518,2537,2794,3058,1771,960,340,74,9,3154,37831,879,1139,1454,1539,1701,1458,1510,1712,1956,2455,2810,2532,2464,2526,3092,3519,2359,1549,842,286,49,5085
2026,2026-01-01,11207,112071,埼玉県,秩父市,city,11207,55377,1281,1826,2248,2452,2161,1898,2183,2550,3019,3225,4149,3971,4111,4207,4531,4521,3097,2238,1275,364,70,7044,27179,645,932,1149,1228,1159,1038,1115,1369,1567,1703,2142,2002,2083,2155,2202,2127,1274,839,366,74,10,2563,28198,636,894,1099,1224,1002,860,1068,1181,1452,1522,2007,1969,2028,2052,2329,2394,1823,1399,909,290,60,4481
2026,2026-01-01,11208,112089,埼玉県,所沢市,city,11208,333569,9763,11886,13538,14452,16687,17185,17730,18449,20676,23391,27976,25232,21890,18097,19620,22972,17128,10633,4788,1302,174,34025,164073,4996,6094,6988,7374,8318,8518,8981,9567,10647,12115,14357,12968,11266,8934,9221,10318,7257,4232,1613,283,26,13411,169496,4767,5792,6550,7078,8369,8667,8749,8882,10029,11276,13619,12264,10624,9163,10399,12654,9871,6401,3175,1019,148,20614
2026,2026-01-01,11209,112097,埼玉県,飯能市,city,11209,75754,1975,2721,2975,3282,3172,2819,3231,3876,4619,4928,6058,5305,5295,5076,5844,6332,4136,2531,1147,375,57,8246,37773,996,1381,1581,1676,1659,1487,1647,2019,2435,2552,3198,2753,2676,2500,2890,3050,1841,1010,339,78,5,3273,37981,979,1340,1394,1606,1513,1332,1584,1857,2184,2376,2860,2552,2619,2576,2954,3282,2295,1521,808,297,52,4973
2026,2026-01-01,11210,112101,埼玉県,加須市,city,11210,107513,2964,3706,4248,4865,4623,4631,5020,5657,6555,7274,8318,7207,7200,7797,8656,8566,5008,3074,1577,489,78,10226,54036,1509,1964,2152,2555,2355,2340,2667,3009,3460,3886,4407,3748,3601,3878,4357,4112,2267,1207,440,109,13,4036,53477,1455,1742,2096,2310,2268,2291,2353,2648,3095,3388,3911,3459,3599,3919,4299,4454,2741,1867,1137,380,65,6190
2026,2026-01-01,11211,112119,埼玉県,本庄市,city,11211,72649,1954,2584,2958,3265,3096,3083,3419,3831,4442,5001,5993,5233,5004,4674,5196,5533,3622,2307,1092,318,44,7383,36249,1009,1278,1460,1651,1629,1635,1818,2020,2317,2674,3218,2738,2576,2311,2587,2532,1583,853,299,57,4,2796,36400,945,1306,1498,1614,1467,1448,1601,1811,2125,2327,2775,2495,2428,2363,2609,3001,2039,1454,793,261,40,4587
2026,2026-01-01,11212,112127,埼玉県,東松山市,city,11212,86731,2623,3347,3672,3783,3930,3611,4162,4651,5359,5898,6848,6025,5355,5621,6452,6672,4396,2645,1294,348,39,8722,43361,1342,1736,1884,1891,2056,1871,2181,2459,2800,3117,3651,3125,2681,2747,3144,3150,1931,1095,425,69,6,3526,43370,1281,1611,1788,1892,1874,1740,1981,2192,2559,2781,3197,2900,2674,2874,3308,3522,2465,1550,869,279,33,5196
2026,2026-01-01,11214,112143,埼玉県,春日部市,city,11214,221242,5602,7102,8376,9319,9891,10168,10398,10738,12514,14945,19365,17164,14205,12315,14720,18461,13860,8173,3155,680,91,25959,109257,2960,3669,4385,4719,4929,5152,5430,5605,6579,7852,10296,8911,7190,6047,6863,8093,5964,3373,1080,151,9,10577,111985,2642,3433,3991,4600,4962,5016,4968,5133,5935,7093,9069,8253,7015,6268,7857,10368,7896,4800,2075,529,82,15382
2026,2026-01-01,11215,112151,埼玉県,狭山市,city,11215,143422,3932,4783,5298,5882,6583,6611,6714,7104,8015,9548,12083,10466,8915,8284,9924,12182,9067,5155,2249,555,72,17098,71343,2009,2418,2699,3049,3286,3443,3560,3775,4219,5084,6472,5448,4590,4068,4702,5564,3930,2133,770,119,5,6957,72079,1923,2365,2599,2833,3297,3168,3154,3329,3796,4464,5611,5018,4325,4216,5222,6618,5137,3022,1479,436,67,10141
2026,2026-01-01,11216,112160,埼玉県,羽生市,city,11216,50783,1366,1739,1909,2214,2264,2215,2490,2670,2857,3414,4019,3539,3367,3597,3841,4065,2552,1556,819,253,37,5217,25384,736,856,961,1130,1144,1130,1341,1450,1546,1838,2110,1873,1696,1787,1873,1915,1106,572,259,56,5,1998,25399,630,883,948,1084,1120,1085,1149,1220,1311,1576,1909,1666,1671,1810,1968,2150,1446,984,560,197,32,3219
2026,2026-01-01,11217,112178,埼玉県,鴻巣市,city,11217,114356,3368,4091,4574,4952,5031,4993,5615,6116,6983,7782,8999,7900,7427,7345,8354,9107,6067,3553,1595,443,61,11719,56399,1723,2131,2360,2505,2591,2502,2915,3137,3592,4066,4656,4051,3623,3547,4075,4157,2684,1459,523,91,11,4768,57957,1645,1960,2214,2447,2440,2491,2700,2979,3391,3716,4343,3849,3804,3798,4279,4950,3383,2094,1072,352,50,6951
2026,2026-01-01,11218,112186,埼玉県,深谷市,city,11218,135716,4008,5080,5655,6327,6116,5830,6163,7039,8211,9393,11109,9657,8384,8283,9963,10607,6880,4273,2053,576,109,13891,67675,2059,2584,2879,3245,3122,3053,3167,3733,4240,4970,5874,5005,4311,4067,4800,5078,3043,1696,636,102,11,5488,68041,1949,2496,2776,3082,2994,2777,2996,3306,3971,4423,5235,4652,4073,4216,5163,5529,3837,2577,1417,474,98,8403
2026,2026-01-01,11219,112194,埼玉県,上尾市,city,11219,224268,7389,8535,9200,9914,10560,11175,12051,12461,13536,15292,19471,17265,14119,11561,12839,15393,12018,7630,3089,689,81,23507,110796,3776,4455,4706,5160,5241,5526,6213,6412,7111,8005,10026,8879,7195,5802,6068,6839,5004,3152,1049,165,12,9382,113472,3613,4080,4494,4754,5319,5649,5838,6049,6425,7287,9445,8386,6924,5759,6771,8554,7014,4478,2040,524,69,14125
2026,2026-01-01,11221,112216,埼玉県,草加市,city,11221,239657,7075,8189,9592,10674,12973,14365,13551,12835,14232,17226,22684,19736,15512,11198,11966,15175,11686,7414,2937,553,84,22674,120312,3633,4221,4983,5448,6554,7342,7000,6829,7496,9002,11933,10503,8307,5837,5736,6575,4835,2894,1037,137,10,8913,119345,3442,3968,4609,5226,6419,7023,6551,6006,6736,8224,10751,9233,7205,5361,6230,8600,6851,4520,1900,416,74,13761
2026,2026-01-01,11222,112224,埼玉県,越谷市,city,11222,331306,10289,13137,14528,15252,16273,17719,17624,18655,21094,23949,29532,25819,20155,16007,17711,21592,16581,10405,3946,910,128,31970,163518,5245,6755,7363,7763,8132,8884,9005,9554,10724,12493,15398,13448,10399,7956,8273,9489,6884,4186,1348,208,11,12637,167788,5044,6382,7165,7489,8141,8835,8619,9101,10370,11456,14134,12371,9756,8051,9438,12103,9697,6219,2598,702,117,19333
2026,2026-01-01,11223,112232,埼玉県,蕨市,city,11223,66345,1665,2043,2328,2471,3489,4958,4429,3895,4319,4727,5365,5015,4379,3653,3483,3998,2862,1936,998,290,42,6128,33584,877,1094,1183,1260,1816,2585,2377,2080,2328,2556,2897,2642,2312,1914,1694,1822,1152,659,269,64,3,2147,32761,788,949,1145,1211,1673,2373,2052,1815,1991,2171,2468,2373,2067,1739,1789,2176,1710,1277,729,226,39,3981
2026,2026-01-01,11224,112241,埼玉県,戸田市,city,11224,133152,4714,5668,6527,6491,7428,9802,9305,8654,9376,10490,12036,10268,8356,5574,5112,5324,3944,2605,1166,269,43,8027,67581,2457,2896,3253,3316,3745,4904,4814,4447,4855,5537,6386,5465,4439,2999,2621,2513,1593,940,332,65,4,2934,65571,2257,2772,3274,3175,3683,4898,4491,4207,4521,4953,5650,4803,3917,2575,2491,2811,2351,1665,834,204,39,5093
2026,2026-01-01,11225,112259,埼玉県,入間市,city,11225,138656,3337,4763,5628,6263,6456,5789,5954,6871,7972,9472,11855,10607,9265,8517,9914,10943,7743,4606,2048,557,96,15050,68280,1743,2421,2943,3156,3274,2935,3005,3542,4123,4889,6137,5584,4613,4127,4774,5036,3294,1919,632,122,11,5978,70376,1594,2342,2685,3107,3182,2854,2949,3329,3849,4583,5718,5023,4652,4390,5140,5907,4449,2687,1416,435,85,9072
2026,2026-01-01,11227,112275,埼玉県,朝霞市,city,11227,140940,5376,6237,6431,6272,7401,8873,9214,9253,9994,10692,12388,11053,9064,6345,5776,6537,4858,3342,1465,328,41,10034,70846,2759,3217,3309,3224,3790,4452,4594,4798,5204,5635,6390,5734,4798,3391,2822,3012,1927,1235,471,75,9,3717,70094,2617,3020,3122,3048,3611,4421,4620,4455,4790,5057,5998,5319,4266,2954,2954,3525,2931,2107,994,253,32,6317
2026,2026-01-01,11228,112283,埼玉県,志木市,city,11228,73583,2311,3081,3451,3275,3516,3916,3979,4143,4988,5508,6391,5627,4488,3503,3771,4683,3366,2277,1028,251,30,6952,36317,1187,1589,1772,1709,1767,1938,2010,2079,2594,2870,3297,2982,2299,1703,1736,2111,1384,885,350,51,4,2674,37266,1124,1492,1679,1566,1749,1978,1969,2064,2394,2638,3094,2645,2189,1800,2035,2572,1982,1392,678,200,26,4278
2026,2026-01-01,11229,112291,埼玉県,和光市,city,11229,81525,2863,3447,3586,3520,4591,6415,6099,5764,6124,6315,7015,6018,4401,3207,3301,3755,2455,1649,803,183,14,5104,41712,1467,1748,1873,1863,2358,3310,3208,3011,3253,3368,3741,3157,2354,1661,1618,1765,1051,589,267,50,0,1957,39813,1396,1699,1713,1657,2233,3105,2891,2753,2871,2947,3274,2861,2047,1546,1683,1990,1404,1060,536,133,14,3147
2026,2026-01-01,11230,112305,埼玉県,新座市,city,11230,160677,4944,6340,7362,7696,7778,7755,8192,8881,10223,12055,14276,12758,10167,7785,8230,10297,8063,5198,2156,452,69,15938,79712,2538,3125,3782,3931,3852,3957,4151,4542,5260,6370,7599,6760,5298,3974,3887,4560,3276,1990,737,116,7,6126,80965,2406,3215,3580,3765,3926,3798,4041,4339,4963,5685,6677,5998,4869,3811,4343,5737,4787,3208,1419,336,62,9812
2026,2026-01-01,11231,112313,埼玉県,桶川市,city,11231,72692,2168,2624,3035,3071,3179,3369,3555,3826,4302,4930,6150,5469,4597,4078,4585,5493,4167,2681,1132,242,39,8261,35706,1136,1318,1554,1632,1585,1651,1810,1984,2261,2579,3139,2811,2337,1990,2182,2457,1786,1073,371,45,5,3280,36986,1032,1306,1481,1439,1594,1718,1745,1842,2041,2351,3011,2658,2260,2088,2403,3036,2381,1608,761,197,34,4981
2026,2026-01-01,11232,112321,埼玉県,久喜市,city,11232,145845,4064,5270,5651,6247,6243,5940,6918,7620,8845,10025,11843,10042,9342,9248,10949,12205,8019,4696,2057,540,81,15393,72582,2008,2697,2831,3264,3179,3002,3595,4023,4620,5356,6322,5195,4599,4522,5286,5693,3647,1907,715,108,13,6390,73263,2056,2573,2820,2983,3064,2938,3323,3597,4225,4669,5521,4847,4743,4726,5663,6512,4372,2789,1342,432,68,9003
2026,2026-01-01,11233,112330,埼玉県,北本市,city,11233,63739,1669,2074,2214,2551,2794,2717,2923,3248,3451,4064,5357,4835,4265,4038,4544,5268,3953,2524,985,235,30,7727,31422,852,1059,1087,1321,1389,1439,1521,1665,1835,2109,2748,2510,2106,2036,2155,2388,1692,1101,350,56,3,3202,32317,817,1015,1127,1230,1405,1278,1402,1583,1616,1955,2609,2325,2159,2002,2389,2880,2261,1423,635,179,27,4525
2026,2026-01-01,11234,112348,埼玉県,八潮市,city,11234,88272,3044,3413,3511,3694,4367,6007,6046,5531,5827,6600,8064,6738,4805,3769,4073,5225,4055,2431,863,185,24,7558,45513,1526,1718,1819,1925,2252,3146,3153,3008,3169,3585,4450,3742,2648,2005,1971,2334,1740,987,290,43,2,3062,42759,1518,1695,1692,1769,2115,2861,2893,2523,2658,3015,3614,2996,2157,1764,2102,2891,2315,1444,573,142,22,4496
2026,2026-01-01,11235,112356,埼玉県,富士見市,city,11235,109791,3766,4325,4757,4703,5844,6863,6763,6406,7057,7648,9670,8479,6562,4909,5207,6605,5256,3282,1333,313,43,10227,53827,1931,2182,2480,2395,2775,3182,3343,3272,3582,4018,4996,4378,3421,2504,2465,2943,2143,1285,455,72,5,3960,55964,1835,2143,2277,2308,3069,3681,3420,3134,3475,3630,4674,4101,3141,2405,2742,3662,3113,1997,878,241,38,6267
2026,2026-01-01,11237,112372,埼玉県,三郷市,city,11237,134059,4059,5605,5993,5758,5725,6355,6846,7642,9187,10072,11586,9540,7498,6917,8156,10345,7115,3882,1414,319,45,12775,67208,2085,2859,3018,2931,2926,3238,3505,3921,4804,5414,6298,5124,3919,3347,3858,4666,3150,1619,460,60,6,5295,66851,1974,2746,2975,2827,2799,3117,3341,3721,4383,4658,5288,4416,3579,3570,4298,5679,3965,2263,954,259,39,7480
2026,2026-01-01,11238,112381,埼玉県,蓮田市,city,11238,59785,1711,2085,2241,2529,2667,2787,2944,3018,3489,4120,5050,4222,3512,3167,3992,4961,3764,2239,990,249,48,7290,29504,848,1053,1144,1301,1369,1397,1507,1577,1809,2152,2618,2243,1818,1533,1906,2242,1648,957,329,46,7,2987,30281,863,1032,1097,1228,1298,1390,1437,1441,1680,1968,2432,1979,1694,1634,2086,2719,2116,1282,661,203,41,4303
2026,2026-01-01,11239,112399,埼玉県,坂戸市,city,11239,95119,2325,3229,4008,4693,4952,4126,4128,4391,5504,7078,8680,6759,5459,5129,6350,7856,5766,3119,1208,315,44,10452,47264,1171,1624,2025,2395,2535,2137,2209,2314,2882,3700,4565,3549,2815,2543,2959,3453,2555,1376,391,60,6,4388,47855,1154,1605,1983,2298,2417,1989,1919,2077,2622,3378,4115,3210,2644,2586,3391,4403,3211,1743,817,255,38,6064
2026,2026-01-01,11240,112402,埼玉県,幸手市,city,11240,46724,952,1309,1698,2021,1834,1626,1847,2070,2606,3198,4014,3282,2918,3130,3970,4618,3153,1660,633,161,24,5631,23482,525,674,848,1052,993,831,1023,1104,1391,1718,2199,1714,1499,1519,1914,2085,1448,698,196,47,4,2393,23242,427,635,850,969,841,795,824,966,1215,1480,1815,1568,1419,1611,2056,2533,1705,962,437,114,20,3238
2026,2026-01-01,11241,112411,埼玉県,鶴ヶ島市,city,11241,67281,1876,2280,2502,3024,3465,3119,3338,3425,3775,4732,6058,5058,3945,3617,4550,5680,3834,2037,743,191,32,6837,33219,953,1178,1301,1523,1763,1610,1716,1778,1943,2389,3089,2645,2000,1702,2090,2590,1772,880,249,44,4,2949,34062,923,1102,1201,1501,1702,1509,1622,1647,1832,2343,2969,2413,1945,1915,2460,3090,2062,1157,494,147,28,3888
2026,2026-01-01,11242,112429,埼玉県,日高市,city,11242,52323,1155,1610,2131,2651,2448,1941,1900,2184,2885,3768,4749,3677,3033,2948,4159,4969,3428,1820,655,183,29,6115,25990,601,820,1069,1348,1184,973,1007,1124,1497,1995,2563,1980,1546,1435,1926,2285,1573,788,225,46,5,2637,26333,554,790,1062,1303,1264,968,893,1060,1388,1773,2186,1697,1487,1513,2233,2684,1855,1032,430,137,24,3478
2026,2026-01-01,11243,112437,埼玉県,吉川市,city,11243,69570,2085,2945,3441,3761,3646,3527,3471,3825,4507,5266,6442,5176,3740,3318,3877,4745,3231,1729,644,170,24,5798,34693,1064,1525,1759,1945,1826,1786,1749,1982,2224,2793,3347,2747,1964,1656,1839,2133,1423,687,211,32,1,2354,34877,1021,1420,1682,1816,1820,1741,1722,1843,2283,2473,3095,2429,1776,1662,2038,2612,1808,1042,433,138,23,3444
2026,2026-01-01,11245,112453,埼玉県,ふじみ野市,city,11245,110369,3247,4275,5148,5193,5474,5536,5609,5595,6975,8234,10067,8822,7137,5335,5555,6875,5511,3775,1580,375,51,11292,54294,1625,2148,2563,2673,2793,2762,2807,2855,3553,4280,5150,4650,3772,2750,2674,2940,2248,1430,529,83,9,4299,56075,1622,2127,2585,2520,2681,2774,2802,2740,3422,3954,4917,4172,3365,2585,2881,3935,3263,2345,1051,292,42,6993
2026,2026-01-01,11246,112461,埼玉県,白岡市,city,11246,51169,1668,2034,2276,2198,2256,2393,2660,2993,3169,3440,4192,3587,3234,2991,3234,3646,2699,1595,689,182,33,5198,25386,885,1066,1124,1113,1155,1219,1343,1535,1647,1818,2181,1863,1612,1513,1573,1663,1177,647,214,33,5,2076,25783,783,968,1152,1085,1101,1174,1317,1458,1522,1622,2011,1724,1622,1478,1661,1983,1522,948,475,149,28,3122
2026,2026-01-01,11300,113000,埼玉県,北足立郡,gun_agg,,43911,1257,1669,2069,2614,2623,2024,2024,2244,2630,3495,4614,3464,2365,1815,2197,2854,2266,1134,430,101,22,3953,22083,648,860,1037,1364,1396,1040,1064,1174,1331,1777,2419,1851,1280,916,987,1245,1033,506,129,26,0,1694,21828,609,809,1032,1250,1227,984,960,1070,1299,1718,2195,1613,1085,899,1210,1609,1233,628,301,75,22,2259
2026,2026-01-01,11301,113018,埼玉県,北足立郡伊奈町,town,11301,43911,1257,1669,2069,2614,2623,2024,2024,2244,2630,3495,4614,3464,2365,1815,2197,2854,2266,1134,430,101,22,3953,22083,648,860,1037,1364,1396,1040,1064,1174,1331,1777,2419,1851,1280,916,987,1245,1033,506,129,26,0,1694,21828,609,809,1032,1250,1227,984,960,1070,1299,1718,2195,1613,1085,899,1210,1609,1233,628,301,75,22,2259
2026,2026-01-01,11320,113204,埼玉県,入間郡,gun_agg,,77036,1622,2277,2889,3454,3808,3030,2976,3350,4010,5213,7015,6070,5082,4649,5472,6719,5077,2882,1129,270,42,9400,38214,824,1166,1446,1799,1886,1591,1550,1768,2055,2728,3711,3223,2624,2329,2610,3033,2255,1177,379,54,6,3871,38822,798,1111,1443,1655,1922,1439,1426,1582,1955,2485,3304,2847,2458,2320,2862,3686,2822,1705,750,216,36,5529
2026,2026-01-01,11324,113247,埼玉県,入間郡三芳町,town,11324,36093,938,1331,1576,1818,1804,1397,1471,1718,2025,2577,3540,2965,2285,1808,2060,2703,2245,1256,464,98,14,4077,17844,493,682,782,950,907,748,736,885,1022,1311,1871,1550,1166,912,967,1188,969,513,173,19,0,1674,18249,445,649,794,868,897,649,735,833,1003,1266,1669,1415,1119,896,1093,1515,1276,743,291,79,14,2403
2026,2026-01-01,11326,113263,埼玉県,入間郡毛呂山町,town,11326,30628,520,692,993,1263,1595,1294,1129,1233,1486,1997,2652,2328,2018,2018,2446,2977,2145,1218,495,111,18,3987,15251,255,357,509,647,764,666,617,669,774,1057,1435,1254,1076,1014,1158,1319,997,502,151,25,5,1680,15377,265,335,484,616,831,628,512,564,712,940,1217,1074,942,1004,1288,1658,1148,716,344,86,13,2307
2026,2026-01-01,11327,113271,埼玉県,入間郡越生町,town,11327,10315,164,254,320,373,409,339,376,399,499,639,823,777,779,823,966,1039,687,408,170,61,10,1336,5119,76,127,155,202,215,177,197,214,259,360,405,419,382,403,485,526,289,162,55,10,1,517,5196,88,127,165,171,194,162,179,185,240,279,418,358,397,420,481,513,398,246,115,51,9,819
2026,2026-01-01,11340,113409,埼玉県,比企郡,gun_agg,,118964,2338,3517,4222,4617,4663,3848,4157,5382,6646,7538,9214,8359,8136,9174,11141,11833,7099,4251,2063,654,112,14179,59723,1192,1790,2158,2375,2488,2037,2238,2917,3528,3915,4982,4412,4123,4496,5529,5760,3264,1735,633,135,16,5783,59241,1146,1727,2064,2242,2175,1811,1919,2465,3118,3623,4232,3947,4013,4678,5612,6073,3835,2516,1430,519,96,8396
2026,2026-01-01,11341,113417,埼玉県,比企郡滑川町,town,11341,18998,689,1041,1037,1019,961,733,858,1208,1368,1471,1667,1313,1024,976,1142,1157,681,402,182,61,8,1334,9663,358,538,529,524,523,391,461,642,711,717,885,723,535,472,568,557,305,155,57,12,0,529,9335,331,503,508,495,438,342,397,566,657,754,782,590,489,504,574,600,376,247,125,49,8,805
2026,2026-01-01,11342,113425,埼玉県,比企郡嵐山町,town,11342,16357,310,472,589,626,687,645,622,726,959,1116,1361,1187,1043,1128,1302,1543,1025,679,254,67,16,2041,8138,158,240,290,327,357,336,325,386,515,554,750,626,537,578,652,712,438,266,72,17,2,795,8219,152,232,299,299,330,309,297,340,444,562,611,561,506,550,650,831,587,413,182,50,14,1246
2026,2026-01-01,11343,113433,埼玉県,比企郡小川町,town,11343,26477,399,587,793,922,911,748,842,1077,1363,1486,1754,1846,2018,2435,2923,2836,1666,1053,605,187,26,3537,13159,219,297,406,472,514,386,454,613,702,802,931,939,990,1177,1465,1400,755,414,183,39,1,1392,13318,180,290,387,450,397,362,388,464,661,684,823,907,1028,1258,1458,1436,911,639,422,148,25,2145
2026,2026-01-01,11346,113468,埼玉県,比企郡川島町,town,11346,17931,291,466,616,723,767,601,565,804,977,1157,1489,1189,1202,1334,1773,1904,1036,616,298,107,16,2073,9154,149,255,330,361,413,329,300,445,530,628,833,642,604,646,880,974,466,266,81,15,7,835,8777,142,211,286,362,354,272,265,359,447,529,656,547,598,688,893,930,570,350,217,92,9,1238
2026,2026-01-01,11347,113476,埼玉県,比企郡吉見町,town,11347,17030,313,419,530,594,629,574,672,752,930,1000,1269,1368,1393,1426,1631,1648,970,540,287,73,12,1882,8598,148,209,275,323,312,304,364,403,505,524,678,704,721,724,835,795,451,218,85,19,1,774,8432,165,210,255,271,317,270,308,349,425,476,591,664,672,702,796,853,519,322,202,54,11,1108
2026,2026-01-01,11348,113484,埼玉県,比企郡鳩山町,town,11348,12336,175,287,335,370,415,304,307,427,559,743,982,810,669,949,1322,1669,1128,575,220,75,15,2013,6075,92,128,164,191,220,150,160,231,299,404,535,429,333,427,609,781,554,261,85,19,3,922,6261,83,159,171,179,195,154,147,196,260,339,447,381,336,522,713,888,574,314,135,56,12,1091
2026,2026-01-01,11349,113492,埼玉県,比企郡ときがわ町,town,11349,9835,161,245,322,363,293,243,291,388,490,565,692,646,787,926,1048,1076,593,386,217,84,19,1299,4936,68,123,164,177,149,141,174,197,266,286,370,349,403,472,520,541,295,155,70,14,2,536,4899,93,122,158,186,144,102,117,191,224,279,322,297,384,454,528,535,298,231,147,70,17,763
2026,2026-01-01,11360,113603,埼玉県,秩父郡,gun_agg,,34134,554,890,1210,1470,1265,984,1034,1352,1665,2005,2490,2443,2497,2756,3334,3289,2177,1530,851,277,61,4896,16965,275,448,609,771,658,572,578,718,878,1073,1291,1275,1280,1372,1660,1618,986,599,245,53,6,1889,17169,279,442,601,699,607,412,456,634,787,932,1199,1168,1217,1384,1674,1671,1191,931,606,224,55,3007
2026,2026-01-01,11361,113611,埼玉県,秩父郡横瀬町,town,11361,7416,186,257,274,332,292,265,278,345,388,422,515,568,587,533,618,616,444,289,149,44,14,940,3708,100,121,134,176,155,156,167,194,202,217,262,296,306,256,312,299,180,113,51,11,0,355,3708,86,136,140,156,137,109,111,151,186,205,253,272,281,277,306,317,264,176,98,33,14,585
2026,2026-01-01,11362,113620,埼玉県,秩父郡皆野町,town,11362,8584,143,254,329,382,323,254,254,336,446,517,655,565,590,650,840,845,530,370,222,67,12,1201,4256,64,130,172,211,156,139,138,185,235,272,343,277,314,324,412,423,240,143,61,15,2,461,4328,79,124,157,171,167,115,116,151,211,245,312,288,276,326,428,422,290,227,161,52,10,740
2026,2026-01-01,11363,113638,埼玉県,秩父郡長瀞町,town,11363,6170,83,138,235,233,233,178,179,229,271,362,490,456,473,488,540,625,469,296,149,37,6,957,3036,49,69,124,119,117,110,96,118,141,198,239,241,242,240,268,292,213,115,38,5,2,373,3134,34,69,111,114,116,68,83,111,130,164,251,215,231,248,272,333,256,181,111,32,4,584
2026,2026-01-01,11365,113654,埼玉県,秩父郡小鹿野町,town,11365,9652,122,202,321,460,343,221,259,377,456,578,672,687,693,868,1051,926,578,456,264,103,15,1416,4811,52,106,154,236,193,129,150,187,243,312,357,373,352,442,517,460,275,180,77,15,1,548,4841,70,96,167,224,150,92,109,190,213,266,315,314,341,426,534,466,303,276,187,88,14,868
2026,2026-01-01,11369,113697,埼玉県,秩父郡東秩父村,village,11369,2312,20,39,51,63,74,66,64,65,104,126,158,167,154,217,285,277,156,119,67,26,14,382,1154,10,22,25,29,37,38,27,34,57,74,90,88,66,110,151,144,78,48,18,7,1,152,1158,10,17,26,34,37,28,37,31,47,52,68,79,88,107,134,133,78,71,49,19,13,230
2026,2026-01-01,11380,113808,埼玉県,児玉郡,gun_agg,,51090,1283,1679,2041,2353,2288,2046,2280,2401,2922,3602,4218,3566,3450,3568,4036,4228,2475,1561,807,243,43,5129,25578,672,876,1031,1191,1189,1079,1194,1270,1533,1912,2253,1847,1730,1786,1991,1980,1181,588,212,57,6,2044,25512,611,803,1010,1162,1099,967,1086,1131,1389,1690,1965,1719,1720,1782,2045,2248,1294,973,595,186,37,3085
2026,2026-01-01,11381,113816,埼玉県,児玉郡美里町,town,11381,10322,264,333,428,437,415,372,444,492,583,684,786,672,729,759,846,878,522,397,192,77,12,1200,5191,136,180,220,215,225,209,233,262,306,366,426,348,376,393,402,427,246,156,45,19,1,467,5131,128,153,208,222,190,163,211,230,277,318,360,324,353,366,444,451,276,241,147,58,11,733
2026,2026-01-01,11383,113832,埼玉県,児玉郡神川町,town,11383,11905,204,342,463,533,481,453,452,504,654,768,942,915,863,914,1081,1054,614,407,206,45,10,1282,6046,107,176,243,262,251,253,255,280,340,397,514,467,436,475,566,505,291,152,59,16,1,519,5859,97,166,220,271,230,200,197,224,314,371,428,448,427,439,515,549,323,255,147,29,9,763
2026,2026-01-01,11385,113859,埼玉県,児玉郡上里町,town,11385,28863,815,1004,1150,1383,1392,1221,1384,1405,1685,2150,2490,1979,1858,1895,2109,2296,1339,757,409,121,21,2647,14341,429,520,568,714,713,617,706,728,887,1149,1313,1032,918,918,1023,1048,644,280,108,22,4,1058,14522,386,484,582,669,679,604,678,677,798,1001,1177,947,940,977,1086,1248,695,477,301,99,17,1589
2026,2026-01-01,11400,114006,埼玉県,大里郡,gun_agg,,30260,704,906,1087,1215,1203,1073,1298,1452,1595,1823,2384,2124,2163,2370,2554,2728,1746,1101,538,161,35,3581,15127,362,465,546,641,659,567,676,785,859,995,1226,1112,1094,1183,1259,1300,767,442,146,37,6,1398,15133,342,441,541,574,544,506,622,667,736,828,1158,1012,1069,1187,1295,1428,979,659,392,124,29,2183
2026,2026-01-01,11408,114081,埼玉県,大里郡寄居町,town,11408,30260,704,906,1087,1215,1203,1073,1298,1452,1595,1823,2384,2124,2163,2370,2554,2728,1746,1101,538,161,35,3581,15127,362,465,546,641,659,567,676,785,859,995,1226,1112,1094,1183,1259,1300,767,442,146,37,6,1398,15133,342,441,541,574,544,506,622,667,736,828,1158,1012,1069,1187,1295,1428,979,659,392,124,29,2183
2026,2026-01-01,11440,114405,埼玉県,南埼玉郡,gun_agg,,32608,926,1232,1324,1266,1394,1420,1584,1763,1904,2204,2664,2166,1925,1805,2254,2733,2131,1277,520,107,9,4044,16249,476,620,667,658,721,741,828,964,1021,1186,1411,1123,975,873,1068,1204,949,556,179,28,1,1713,16359,450,612,657,608,673,679,756,799,883,1018,1253,1043,950,932,1186,1529,1182,721,341,79,8,2331
2026,2026-01-01,11442,114421,埼玉県,南埼玉郡宮代町,town,11442,32608,926,1232,1324,1266,1394,1420,1584,1763,1904,2204,2664,2166,1925,1805,2254,2733,2131,1277,520,107,9,4044,16249,476,620,667,658,721,741,828,964,1021,1186,1411,1123,975,873,1068,1204,949,556,179,28,1,1713,16359,450,612,657,608,673,679,756,799,883,1018,1253,1043,950,932,1186,1529,1182,721,341,79,8,2331
2026,2026-01-01,11460,114600,埼玉県,北葛飾郡,gun_agg,,69106,1601,2130,2651,3169,3104,2763,2844,3020,3691,4598,6306,5596,4448,4148,5085,6107,4211,2417,955,229,33,7845,34543,827,1094,1362,1687,1621,1410,1481,1604,1909,2443,3422,2940,2286,1997,2422,2815,1874,1015,292,39,3,3223,34563,774,1036,1289,1482,1483,1353,1363,1416,1782,2155,2884,2656,2162,2151,2663,3292,2337,1402,663,190,30,4622
2026,2026-01-01,11464,114642,埼玉県,北葛飾郡杉戸町,town,11464,42223,1003,1300,1593,1886,1814,1643,1730,1838,2310,2821,3747,3130,2697,2550,3211,3836,2773,1542,627,152,20,5114,20979,501,665,814,1002,975,819,890,959,1171,1509,2052,1609,1354,1235,1507,1780,1251,661,192,31,2,2137,21244,502,635,779,884,839,824,840,879,1139,1312,1695,1521,1343,1315,1704,2056,1522,881,435,121,18,2977
2026,2026-01-01,11465,114651,埼玉県,北葛飾郡松伏町,town,11465,26883,598,830,1058,1283,1290,1120,1114,1182,1381,1777,2559,2466,1751,1598,1874,2271,1438,875,328,77,13,2731,13564,326,429,548,685,646,591,591,645,738,934,1370,1331,932,762,915,1035,623,354,100,8,1,1086,13319,272,401,510,598,644,529,523,537,643,843,1189,1135,819,836,959,1236,815,521,228,69,12,1645
2026,2026-01-01,12000,120006,千葉県,,pref,,6058792,182077,225426,251266,268762,297151,315031,315716,332072,376684,422530,509147,448723,379920,332007,364944,424663,303770,192044,89221,24031,3607,612673,3010218,93423,115363,128934,138129,151305,161664,162889,172217,196035,219941,265362,234528,196198,166176,174298,193665,129948,76272,28354,5094,423,240091,3048574,88654,110063,122332,130633,145846,153367,152827,159855,180649,202589,243785,214195,183722,165831,190646,230998,173822,115772,60867,18937,3184,372582
2026,2026-01-01,12100,121002,千葉県,千葉市,city_agg,,943144,28308,33699,38353,42247,49837,51342,49587,51193,56944,65289,83176,75050,61177,48729,51314,62007,47049,30648,13523,3219,453,94892,467464,14617,17347,19683,21562,25028,26028,25485,26470,29665,33480,42751,39208,31911,24680,24730,27560,19624,12375,4507,711,42,37259,475680,13691,16352,18670,20685,24809,25314,24102,24723,27279,31809,40425,35842,29266,24049,26584,34447,27425,18273,9016,2508,411,57633
2026,2026-01-01,12101,121011,千葉県,千葉市中央区,ward,12100,210352,6892,7257,7972,8661,12801,15952,14478,13430,13991,14790,17899,15335,12809,9965,9735,11025,7995,5691,2819,743,112,17360,106249,3547,3815,4138,4438,6216,8107,7599,7138,7454,7787,9468,8175,6785,5235,4859,5051,3264,2149,856,154,14,6437,104103,3345,3442,3834,4223,6585,7845,6879,6292,6537,7003,8431,7160,6024,4730,4876,5974,4731,3542,1963,589,98,10923
2026,2026-01-01,12102,121029,千葉県,千葉市花見川区,ward,12100,169124,4672,5605,6316,7044,8941,9627,8795,8951,9757,11236,14870,14009,10981,8533,9465,11871,9333,5849,2571,619,79,18451,83505,2317,2874,3252,3648,4394,4826,4538,4617,5168,5828,7671,7402,5736,4279,4454,5205,3918,2334,886,152,6,7296,85619,2355,2731,3064,3396,4547,4801,4257,4334,4589,5408,7199,6607,5245,4254,5011,6666,5415,3515,1685,467,73,11155
2026,2026-01-01,12103,121037,千葉県,千葉市稲毛区,ward,12100,152389,4160,5361,6352,7228,8551,7991,7548,7834,9275,10707,13261,11743,9453,8166,8844,10399,7647,4975,2262,553,79,15516,75721,2132,2727,3252,3655,4520,4212,3923,4118,4791,5465,6873,6168,4895,4061,4239,4661,3138,1978,780,124,9,6029,76668,2028,2634,3100,3573,4031,3779,3625,3716,4484,5242,6388,5575,4558,4105,4605,5738,4509,2997,1482,429,70,9487
2026,2026-01-01,12104,121045,千葉県,千葉市若葉区,ward,12100,140145,3815,4595,5364,5866,6286,6517,6805,6967,7870,9153,12211,10929,9125,7518,8450,10677,8797,5961,2588,579,72,17997,70415,2031,2353,2755,3090,3286,3379,3574,3694,4184,4894,6492,5827,4930,3903,4209,4663,3631,2480,912,121,7,7151,69730,1784,2242,2609,2776,3000,3138,3231,3273,3686,4259,5719,5102,4195,3615,4241,6014,5166,3481,1676,458,65,10846
2026,2026-01-01,12105,121053,千葉県,千葉市緑区,ward,12100,126334,4300,5500,6221,6594,6310,5728,6263,7067,7769,8644,10712,10137,8829,7319,6972,7326,5304,3319,1588,371,61,10643,61901,2211,2823,3201,3274,3121,2837,3082,3499,3934,4277,5313,5181,4422,3609,3494,3429,2305,1359,460,67,3,4194,64433,2089,2677,3020,3320,3189,2891,3181,3568,3835,4367,5399,4956,4407,3710,3478,3897,2999,1960,1128,304,58,6449
2026,2026-01-01,12106,121061,千葉県,千葉市美浜区,ward,12100,144800,4469,5381,6128,6854,6948,5527,5698,6944,8282,10759,14223,12897,9980,7228,7848,10709,7973,4853,1695,354,50,14925,69673,2379,2755,3085,3457,3491,2667,2769,3404,4134,5229,6934,6455,5143,3593,3475,4551,3368,2075,613,93,3,6152,75127,2090,2626,3043,3397,3457,2860,2929,3540,4148,5530,7289,6442,4837,3635,4373,6158,4605,2778,1082,261,47,8773
2026,2026-01-01,12202,122025,千葉県,銚子市,city,12202,50037,632,1037,1491,1836,1655,1463,1557,1865,2419,2835,3612,3781,4192,4386,4669,5079,3337,2451,1276,406,58,7528,24321,307,494,770,946,889,861,888,1006,1275,1473,1885,1901,2122,2141,2309,2414,1369,855,321,86,9,2640,25716,325,543,721,890,766,602,669,859,1144,1362,1727,1880,2070,2245,2360,2665,1968,1596,955,320,49,4888
2026,2026-01-01,12203,122033,千葉県,市川市,city,12203,473863,15733,17712,18411,19019,25635,35236,32533,30482,32228,34468,40986,36013,29219,22055,21766,25433,18383,11457,5486,1391,217,36934,238921,8052,9031,9512,9657,13016,18251,16831,15985,17280,18295,21540,19123,15450,11249,10310,11429,7684,4220,1717,267,22,13910,234942,7681,8681,8899,9362,12619,16985,15702,14497,14948,16173,19446,16890,13769,10806,11456,14004,10699,7237,3769,1124,195,23024
2026,2026-01-01,12204,122041,千葉県,船橋市,city,12204,625862,19670,24084,27600,29361,33190,37328,36102,35782,39958,46846,55145,48342,37945,29010,29951,36823,28850,18932,8668,1975,300,58725,310594,10074,12261,14096,15077,17296,19201,18604,18410,20494,24081,28539,25329,19845,14688,13870,16175,11787,7404,2894,425,44,22554,315268,9596,11823,13504,14284,15894,18127,17498,17372,19464,22765,26606,23013,18100,14322,16081,20648,17063,11528,5774,1550,256,36171
2026,2026-01-01,12205,122050,千葉県,館山市,city,12205,42129,888,1077,1482,1714,1467,1419,1455,1629,2023,2713,3143,2833,2721,2958,3606,4459,2974,1943,1129,417,79,6542,20462,437,608,740,937,766,821,773,856,1015,1388,1578,1442,1361,1473,1702,2127,1253,751,341,84,9,2438,21667,451,469,742,777,701,598,682,773,1008,1325,1565,1391,1360,1485,1904,2332,1721,1192,788,333,70,4104
2026,2026-01-01,12206,122068,千葉県,木更津市,city,12206,132846,4537,5404,6069,6162,6127,6562,6931,7614,8673,9458,11214,9083,7486,7104,8088,9322,6749,3948,1739,507,69,13012,66942,2338,2740,3070,3188,3174,3548,3679,4048,4549,4992,6051,4781,3913,3604,3949,4144,2953,1566,541,104,10,5174,65904,2199,2664,2999,2974,2953,3014,3252,3566,4124,4466,5163,4302,3573,3500,4139,5178,3796,2382,1198,403,59,7838
2026,2026-01-01,12207,122076,千葉県,松戸市,city,12207,475066,14376,17128,18645,19615,23930,28229,27327,26698,29259,32674,40689,37541,30716,24204,25284,31058,23552,15237,7019,1632,253,47693,235303,7386,8786,9635,10003,12016,14182,13866,13918,15295,17266,21224,19657,16086,12182,11922,13752,9667,5802,2256,365,37,18127,239763,6990,8342,9010,9612,11914,14047,13461,12780,13964,15408,19465,17884,14630,12022,13362,17306,13885,9435,4763,1267,216,29566
2026,2026-01-01,12208,122084,千葉県,野田市,city,12208,146841,3937,5102,5839,7056,7143,6415,6632,7050,8626,10258,12392,10183,8838,8395,10485,12512,8400,4873,2060,551,94,15978,73563,2042,2621,2972,3666,3795,3388,3480,3698,4618,5470,6674,5388,4614,4040,4883,5695,3829,1952,614,111,13,6519,73278,1895,2481,2867,3390,3348,3027,3152,3352,4008,4788,5718,4795,4224,4355,5602,6817,4571,2921,1446,440,81,9459
2026,2026-01-01,12210,122106,千葉県,茂原市,city,12210,83079,1955,2476,3096,3371,3302,3266,3550,3887,4627,5377,6760,6068,5788,5668,6277,7461,4979,3160,1503,445,63,10150,41193,1030,1286,1563,1748,1667,1736,1878,2061,2384,2842,3520,3131,2955,2817,3035,3473,2214,1257,483,101,12,4067,41886,925,1190,1533,1623,1635,1530,1672,1826,2243,2535,3240,2937,2833,2851,3242,3988,2765,1903,1020,344,51,6083
2026,2026-01-01,12211,122114,千葉県,成田市,city,12211,121802,3312,4467,5712,6223,8157,7380,5960,6539,8090,9003,9908,8139,6913,6612,7611,7863,4853,3042,1457,488,73,9913,60439,1608,2282,2960,3215,3817,3679,3167,3401,4105,4682,5115,4302,3555,3263,3747,3718,2149,1148,435,83,8,3823,61363,1704,2185,2752,3008,4340,3701,2793,3138,3985,4321,4793,3837,3358,3349,3864,4145,2704,1894,1022,405,65,6090
2026,2026-01-01,12212,122122,千葉県,佐倉市,city,12212,162305,3789,5217,6574,7234,6997,6166,6200,7507,9172,10821,13334,12018,10440,10157,12299,14552,10438,6042,2577,653,118,19828,79342,1907,2686,3423,3720,3587,3129,3159,3878,4695,5526,6778,6183,5186,4902,5657,6661,4669,2560,885,129,22,8265,82963,1882,2531,3151,3514,3410,3037,3041,3629,4477,5295,6556,5835,5254,5255,6642,7891,5769,3482,1692,524,96,11563
2026,2026-01-01,12213,122131,千葉県,東金市,city,12213,53735,1218,1620,2104,2417,2471,2139,2400,2665,3265,3397,4121,3761,3801,4063,4376,4429,2684,1664,847,254,39,5488,26932,620,856,1061,1242,1290,1103,1326,1412,1712,1751,2235,1924,1897,2056,2151,2130,1245,642,237,36,6,2166,26803,598,764,1043,1175,1181,1036,1074,1253,1553,1646,1886,1837,1904,2007,2225,2299,1439,1022,610,218,33,3322
2026,2026-01-01,12215,122157,千葉県,旭市,city,12215,58906,1595,2031,2414,2596,2488,2371,2589,2997,3499,3778,4400,3886,4049,4284,4765,4843,2832,1978,1110,355,46,6321,29016,811,1033,1210,1345,1247,1261,1385,1559,1822,1974,2308,2029,2038,2145,2283,2316,1189,695,300,63,3,2250,29890,784,998,1204,1251,1241,1110,1204,1438,1677,1804,2092,1857,2011,2139,2482,2527,1643,1283,810,292,43,4071
2026,2026-01-01,12216,122165,千葉県,習志野市,city,12216,168179,5212,6773,7691,8062,9507,9465,9108,9431,11214,12485,14513,13000,10419,8169,8087,9781,7366,4979,2245,586,86,15262,83679,2668,3484,3984,4205,5109,4931,4704,4819,5851,6365,7462,6745,5386,4093,3743,4340,3020,1915,721,125,9,5790,84500,2544,3289,3707,3857,4398,4534,4404,4612,5363,6120,7051,6255,5033,4076,4344,5441,4346,3064,1524,461,77,9472
2026,2026-01-01,12217,122173,千葉県,柏市,city,12217,424390,15116,18129,18647,19300,20014,21382,23414,25781,28699,31377,35245,29433,24272,21117,23637,28403,20307,12621,5771,1513,212,40424,209131,7780,9190,9432,9940,9999,10917,11812,13241,14712,16304,18398,15204,12328,10160,10853,12724,8708,5147,1902,352,28,16137,215259,7336,8939,9215,9360,10015,10465,11602,12540,13987,15073,16847,14229,11944,10957,12784,15679,11599,7474,3869,1161,184,24287
2026,2026-01-01,12218,122181,千葉県,勝浦市,city,12218,14588,182,306,356,567,593,338,333,440,631,723,950,1020,1090,1257,1520,1694,1167,774,458,160,29,2588,7275,86,157,172,315,382,203,184,248,340,381,525,534,542,679,735,837,505,274,141,32,3,955,7313,96,149,184,252,211,135,149,192,291,342,425,486,548,578,785,857,662,500,317,128,26,1633
2026,2026-01-01,12219,122190,千葉県,市原市,city,12219,256972,6636,8813,10204,11290,12170,12241,12230,13505,15229,16892,21316,18240,16190,16018,18756,19960,14026,8305,3793,1020,138,27282,132535,3462,4531,5224,5866,6631,6745,6930,7433,8142,9262,11664,9829,8479,8199,9578,9468,6209,3496,1154,218,15,11092,124437,3174,4282,4980,5424,5539,5496,5300,6072,7087,7630,9652,8411,7711,7819,9178,10492,7817,4809,2639,802,123,16190
2026,2026-01-01,12220,122203,千葉県,流山市,city,12220,210408,10539,12469,11167,9144,8502,10708,13676,15269,16855,16307,16161,12430,9875,8478,9669,11658,8888,5339,2469,707,98,17501,103622,5416,6403,5726,4685,4243,5236,6725,7591,8562,8420,8456,6488,4953,4061,4347,5203,3875,2248,819,156,9,7107,106786,5123,6066,5441,4459,4259,5472,6951,7678,8293,7887,7705,5942,4922,4417,5322,6455,5013,3091,1650,551,89,10394
2026,2026-01-01,12221,122211,千葉県,八千代市,city,12221,199015,7087,8099,8545,9324,10133,10439,11029,11341,12410,14048,17898,15689,12236,9412,9800,12173,9643,6334,2623,658,94,19352,98131,3618,4134,4463,4782,5010,5129,5576,5801,6397,7216,9102,8221,6326,4779,4549,5371,4010,2576,911,147,13,7657,100884,3469,3965,4082,4542,5123,5310,5453,5540,6013,6832,8796,7468,5910,4633,5251,6802,5633,3758,1712,511,81,11695
2026,2026-01-01,12222,122220,千葉県,我孫子市,city,12222,127252,3502,4177,4835,5592,6221,5684,5793,6051,7198,8582,11212,10032,8208,6937,7800,9837,7884,4895,2159,569,84,15591,62183,1795,2156,2451,2948,3167,2881,2932,3045,3783,4346,5757,5156,4212,3444,3541,4248,3343,2070,761,138,9,6321,65069,1707,2021,2384,2644,3054,2803,2861,3006,3415,4236,5455,4876,3996,3493,4259,5589,4541,2825,1398,431,75,9270
2026,2026-01-01,12223,122238,千葉県,鴨川市,city,12223,28754,612,781,926,1119,1285,1213,1032,1112,1332,1685,2056,1983,1772,1963,2435,2935,2000,1391,801,270,51,4513,13851,323,413,466,608,549,575,537,580,669,828,1080,1035,890,973,1191,1368,904,531,250,76,5,1766,14903,289,368,460,511,736,638,495,532,663,857,976,948,882,990,1244,1567,1096,860,551,194,46,2747
2026,2026-01-01,12224,122246,千葉県,鎌ケ谷市,city,12224,107104,3187,3667,4349,4801,5144,5551,5619,5618,6367,7612,9533,8178,6468,5360,6228,7838,6092,3650,1462,334,46,11584,52537,1644,1800,2277,2365,2548,2673,2870,2891,3327,3932,4997,4327,3344,2650,2839,3467,2534,1508,481,59,4,4586,54567,1543,1867,2072,2436,2596,2878,2749,2727,3040,3680,4536,3851,3124,2710,3389,4371,3558,2142,981,275,42,6998
2026,2026-01-01,12225,122254,千葉県,君津市,city,12225,77031,1939,2435,2900,3244,3418,3432,3526,3883,4224,4768,5988,5445,5144,5254,6080,6111,4479,2866,1431,415,49,9240,39305,994,1218,1531,1729,1988,1922,2060,2156,2269,2585,3227,2820,2648,2737,3011,2893,1913,1096,409,95,4,3517,37726,945,1217,1369,1515,1430,1510,1466,1727,1955,2183,2761,2625,2496,2517,3069,3218,2566,1770,1022,320,45,5723
2026,2026-01-01,12226,122262,千葉県,富津市,city,12226,38807,680,956,1280,1483,1447,1324,1399,1546,1929,2253,2945,2784,2891,2942,3351,3904,2673,1806,891,281,42,5693,19759,352,502,665,780,848,804,817,843,1045,1246,1595,1509,1500,1526,1696,1875,1121,695,282,54,4,2156,19048,328,454,615,703,599,520,582,703,884,1007,1350,1275,1391,1416,1655,2029,1552,1111,609,227,38,3537
2026,2026-01-01,12227,122271,千葉県,浦安市,city,12227,166210,5009,6423,6967,8108,12179,13500,10673,9771,10830,11749,14489,13629,10403,7029,7028,8291,5338,3092,1282,369,51,10132,80207,2556,3292,3548,4098,5555,6326,5043,4653,5300,5726,7107,6908,5396,3499,3180,3866,2343,1279,456,71,5,4154,86003,2453,3131,3419,4010,6624,7174,5630,5118,5530,6023,7382,6721,5007,3530,3848,4425,2995,1813,826,298,46,5978
2026,2026-01-01,12228,122289,千葉県,四街道市,city,12228,92367,3284,4209,4343,4333,3991,4042,4582,5073,5770,6320,7866,6550,5156,4325,5100,6948,5622,3218,1279,303,53,10475,45766,1681,2147,2251,2280,2045,2065,2274,2622,2993,3268,4124,3416,2638,2185,2327,2971,2516,1404,472,80,7,4479,46601,1603,2062,2092,2053,1946,1977,2308,2451,2777,3052,3742,3134,2518,2140,2773,3977,3106,1814,807,223,46,5996
2026,2026-01-01,12229,122297,千葉県,袖ケ浦市,city,12229,64636,2471,3213,3088,2910,2626,2861,3600,4079,4359,4567,5146,4247,3594,3546,4242,4569,2904,1631,752,202,29,5518,32749,1253,1623,1582,1512,1364,1531,1899,2186,2265,2436,2772,2270,1797,1765,2060,2154,1342,693,209,32,4,2280,31887,1218,1590,1506,1398,1262,1330,1701,1893,2094,2131,2374,1977,1797,1781,2182,2415,1562,938,543,170,25,3238
2026,2026-01-01,12230,122301,千葉県,八街市,city,12230,61702,1185,1663,2049,2547,2563,2441,2633,2937,3267,3623,5025,4927,4856,4803,5326,5585,3318,1974,730,218,32,6272,31414,595,862,1057,1290,1330,1338,1422,1593,1758,2007,2624,2654,2526,2447,2692,2705,1479,768,207,58,2,2514,30288,590,801,992,1257,1233,1103,1211,1344,1509,1616,2401,2273,2330,2356,2634,2880,1839,1206,523,160,30,3758
2026,2026-01-01,12231,122319,千葉県,印西市,city,12231,108510,4933,6719,6183,5494,4352,3481,5234,7183,8283,7895,7757,6506,6668,6946,7215,6522,3561,2033,1141,360,44,7139,53644,2499,3414,3145,2804,2178,1698,2496,3562,4230,4025,4016,3268,3185,3347,3643,3255,1651,839,307,78,4,2879,54866,2434,3305,3038,2690,2174,1783,2738,3621,4053,3870,3741,3238,3483,3599,3572,3267,1910,1194,834,282,40,4260
2026,2026-01-01,12232,122327,千葉県,白井市,city,12232,59651,1405,2189,2964,3488,3069,1973,2097,2695,3452,4657,5543,4424,3695,3544,4010,4597,3196,1703,740,182,28,5849,29563,730,1106,1500,1800,1564,1023,1072,1362,1726,2408,2872,2320,1876,1715,1868,2158,1426,752,249,34,2,2463,30088,675,1083,1464,1688,1505,950,1025,1333,1726,2249,2671,2104,1819,1829,2142,2439,1770,951,491,148,26,3386
2026,2026-01-01,12233,122335,千葉県,富里市,city,12233,45257,1120,1464,1719,1939,2062,2142,2192,2489,2827,3173,3756,3131,2653,2914,3675,3955,2291,1126,482,119,28,4046,22997,594,747,873,989,1040,1105,1196,1365,1517,1712,2003,1654,1373,1412,1797,1887,1103,471,138,20,1,1733,22260,526,717,846,950,1022,1037,996,1124,1310,1461,1753,1477,1280,1502,1878,2068,1188,655,344,99,27,2313
2026,2026-01-01,12234,122343,千葉県,南房総市,city,12234,32771,486,730,1078,1161,854,684,800,951,1393,1819,2297,2191,2283,2640,3318,3947,2684,1852,1131,403,69,6139,15852,259,362,561,557,452,393,416,506,720,921,1202,1136,1191,1356,1641,1913,1163,701,312,84,6,2266,16919,227,368,517,604,402,291,384,445,673,898,1095,1055,1092,1284,1677,2034,1521,1151,819,319,63,3873
2026,2026-01-01,12235,122351,千葉県,匝瑳市,city,12235,31837,573,892,1240,1359,1127,1042,1116,1383,1806,2022,2512,2162,2329,2490,2732,2948,1741,1330,727,272,34,4104,15834,298,499,623,699,562,598,591,738,972,1052,1370,1140,1199,1239,1346,1432,731,500,185,55,5,1476,16003,275,393,617,660,565,444,525,645,834,970,1142,1022,1130,1251,1386,1516,1010,830,542,217,29,2628
2026,2026-01-01,12236,122360,千葉県,香取市,city,12236,66681,1256,1835,2287,2588,2453,2137,2403,3007,3496,4121,5055,4536,4834,5221,5979,6424,3883,2931,1599,550,86,9049,33165,648,927,1223,1327,1289,1201,1289,1636,1881,2205,2713,2361,2499,2626,2976,3046,1650,1124,431,102,11,3318,33516,608,908,1064,1261,1164,936,1114,1371,1615,1916,2342,2175,2335,2595,3003,3378,2233,1807,1168,448,75,5731
2026,2026-01-01,12237,122378,千葉県,山武市,city,12237,44714,791,1132,1455,1753,1561,1493,1640,1887,2351,2614,3397,3377,3388,3717,4267,4252,2717,1695,890,289,48,5639,22424,403,610,761,917,854,823,858,975,1263,1393,1813,1752,1771,1856,2221,2038,1170,635,249,59,3,2116,22290,388,522,694,836,707,670,782,912,1088,1221,1584,1625,1617,1861,2046,2214,1547,1060,641,230,45,3523
2026,2026-01-01,12238,122386,千葉県,いすみ市,city,12238,33406,564,914,1140,1238,978,856,909,1196,1751,1977,2469,2313,2373,2690,3102,3527,2437,1651,955,327,39,5409,16451,275,495,590,632,522,489,494,618,946,1050,1295,1167,1217,1354,1543,1710,1089,631,262,70,2,2054,16955,289,419,550,606,456,367,415,578,805,927,1174,1146,1156,1336,1559,1817,1348,1020,693,257,37,3355
2026,2026-01-01,12239,122394,千葉県,大網白里市,city,12239,46147,1022,1475,1794,1981,1774,1694,1896,2145,2620,3024,3512,3290,3379,3552,3881,4041,2550,1530,729,223,35,5067,22834,543,741,924,1009,913,842,959,1117,1351,1579,1856,1638,1640,1812,1921,1954,1167,593,226,44,5,2035,23313,479,734,870,972,861,852,937,1028,1269,1445,1656,1652,1739,1740,1960,2087,1383,937,503,179,30,3032
2026,2026-01-01,12320,123200,千葉県,印旛郡,gun_agg,,37741,739,975,1216,1524,2024,1419,1372,1559,2091,2431,2948,2435,2162,2596,3600,4047,2463,1358,573,181,28,4603,18671,380,486,624,750,1089,732,754,821,1107,1307,1495,1291,1057,1213,1670,1930,1152,571,198,40,4,1965,19070,359,489,592,774,935,687,618,738,984,1124,1453,1144,1105,1383,1930,2117,1311,787,375,141,24,2638
2026,2026-01-01,12322,123226,千葉県,印旛郡酒々井町,town,12322,18909,382,512,642,863,1381,789,730,784,1005,1310,1695,1296,954,978,1361,1825,1337,701,271,83,10,2402,9376,191,256,339,428,765,396,400,398,541,679,856,701,483,470,609,828,619,300,96,21,0,1036,9533,191,256,303,435,616,393,330,386,464,631,839,595,471,508,752,997,718,401,175,62,10,1366
2026,2026-01-01,12329,123293,千葉県,印旛郡栄町,town,12329,18832,357,463,574,661,643,630,642,775,1086,1121,1253,1139,1208,1618,2239,2222,1126,657,302,98,18,2201,9295,189,230,285,322,324,336,354,423,566,628,639,590,574,743,1061,1102,533,271,102,19,4,929,9537,168,233,289,339,319,294,288,352,520,493,614,549,634,875,1178,1120,593,386,200,79,14,1272
2026,2026-01-01,12340,123404,千葉県,香取郡,gun_agg,,29722,607,855,1043,1144,941,880,1013,1281,1508,1797,2143,2050,2123,2396,2813,2828,1839,1362,804,247,48,4300,14955,320,434,533,601,512,507,583,700,836,994,1110,1086,1088,1243,1415,1355,785,537,250,60,6,1638,14767,287,421,510,543,429,373,430,581,672,803,1033,964,1035,1153,1398,1473,1054,825,554,187,42,2662
2026,2026-01-01,12342,123421,千葉県,香取郡神崎町,town,12342,5351,132,164,171,181,206,176,209,228,261,341,400,444,415,432,451,424,327,238,103,43,5,716,2698,69,82,83,97,115,96,121,125,138,188,204,238,209,239,225,194,144,84,34,13,0,275,2653,63,82,88,84,91,80,88,103,123,153,196,206,206,193,226,230,183,154,69,30,5,441
2026,2026-01-01,12347,123471,千葉県,香取郡多古町,town,12347,12466,268,366,442,466,362,386,430,554,672,726,838,830,929,1024,1169,1138,734,606,399,102,25,1866,6336,146,179,225,235,208,230,245,303,376,407,450,444,476,538,602,568,308,234,134,23,5,704,6130,122,187,217,231,154,156,185,251,296,319,388,386,453,486,567,570,426,372,265,79,20,1162
2026,2026-01-01,12349,123498,千葉県,香取郡東庄町,town,12349,11905,207,325,430,497,373,318,374,499,575,730,905,776,779,940,1193,1266,778,518,302,102,18,1718,5921,105,173,225,269,189,181,217,272,322,399,456,404,403,466,588,593,333,219,82,24,1,659,5984,102,152,205,228,184,137,157,227,253,331,449,372,376,474,605,673,445,299,220,78,17,1059
2026,2026-01-01,12400,124001,千葉県,山武郡,gun_agg,,40488,725,1072,1408,1576,1437,1257,1337,1661,2170,2419,3111,2860,2921,3137,3736,4063,2528,1737,981,311,41,5598,20145,354,552,733,835,755,705,698,883,1148,1301,1651,1518,1509,1581,1840,2004,1091,638,283,62,4,2078,20343,371,520,675,741,682,552,639,778,1022,1118,1460,1342,1412,1556,1896,2059,1437,1099,698,249,37,3520
2026,2026-01-01,12403,124036,千葉県,山武郡九十九里町,town,12403,13207,142,260,385,467,433,339,356,455,648,792,1048,1029,996,1057,1367,1486,897,621,319,96,14,1947,6560,67,126,199,249,224,193,180,254,337,435,574,571,530,528,667,724,383,220,81,18,0,702,6647,75,134,186,218,209,146,176,201,311,357,474,458,466,529,700,762,514,401,238,78,14,1245
2026,2026-01-01,12409,124095,千葉県,山武郡芝山町,town,12409,6196,116,166,220,232,239,196,228,303,341,386,473,429,440,533,529,570,352,238,154,43,8,795,3154,51,86,116,109,127,111,106,168,193,217,262,240,200,285,267,290,164,99,54,9,0,326,3042,65,80,104,123,112,85,122,135,148,169,211,189,240,248,262,280,188,139,100,34,8,469
2026,2026-01-01,12410,124109,千葉県,山武郡横芝光町,town,12410,21085,467,646,803,877,765,722,753,903,1181,1241,1590,1402,1485,1547,1840,2007,1279,878,508,172,19,2856,10431,236,340,418,477,404,401,412,461,618,649,815,707,779,768,906,990,544,319,148,35,4,1050,10654,231,306,385,400,361,321,341,442,563,592,775,695,706,779,934,1017,735,559,360,137,15,1806
2026,2026-01-01,12420,124206,千葉県,長生郡,gun_agg,,54103,1021,1579,1975,2147,1829,1574,1712,2262,2926,3521,4133,3789,3726,4149,4921,5394,3398,2322,1249,405,71,7445,26936,544,827,1007,1140,946,853,885,1205,1537,1872,2193,1986,1913,2087,2428,2641,1531,896,360,79,6,2872,27167,477,752,968,1007,883,721,827,1057,1389,1649,1940,1803,1813,2062,2493,2753,1867,1426,889,326,65,4573
2026,2026-01-01,12421,124214,千葉県,長生郡一宮町,town,12421,12049,327,464,577,571,439,367,422,539,762,1003,1029,844,703,752,815,1012,659,441,241,72,10,1423,5917,173,243,306,304,220,189,212,273,387,519,535,465,343,358,390,479,288,167,56,9,1,521,6132,154,221,271,267,219,178,210,266,375,484,494,379,360,394,425,533,371,274,185,63,9,902
2026,2026-01-01,12422,124222,千葉県,長生郡睦沢町,town,12422,6385,132,209,261,242,186,167,199,302,344,406,410,397,405,464,634,678,459,263,162,53,12,949,3139,73,116,128,125,90,81,94,165,180,220,219,194,207,243,304,327,214,101,51,7,0,373,3246,59,93,133,117,96,86,105,137,164,186,191,203,198,221,330,351,245,162,111,46,12,576
2026,2026-01-01,12423,124231,千葉県,長生郡長生村,village,12423,12954,219,347,453,567,555,473,473,527,711,846,1066,983,977,896,1032,1198,760,511,268,77,15,1631,6444,121,176,223,294,297,269,257,273,359,459,550,505,488,462,506,573,343,192,73,23,1,632,6510,98,171,230,273,258,204,216,254,352,387,516,478,489,434,526,625,417,319,195,54,14,999
2026,2026-01-01,12424,124249,千葉県,長生郡白子町,town,12424,9983,163,249,332,367,293,254,273,405,512,601,742,736,713,803,989,1084,726,453,203,70,15,1467,5009,81,125,168,194,155,148,150,207,262,319,396,394,395,404,488,551,312,186,60,12,2,572,4974,82,124,164,173,138,106,123,198,250,282,346,342,318,399,501,533,414,267,143,58,13,895
2026,2026-01-01,12426,124265,千葉県,長生郡長柄町,town,12426,5936,83,152,155,181,162,158,154,231,266,328,445,380,455,573,645,705,366,274,152,63,8,863,3023,44,73,86,95,79,81,80,146,167,172,262,189,236,295,331,354,170,100,51,11,1,333,2913,39,79,69,86,83,77,74,85,99,156,183,191,219,278,314,351,196,174,101,52,7,530
2026,2026-01-01,12427,124273,千葉県,長生郡長南町,town,12427,6796,97,158,197,219,194,155,191,258,331,337,441,449,473,661,806,717,428,380,223,70,11,1112,3404,52,94,96,128,105,85,92,141,182,183,231,239,244,325,409,357,204,150,69,17,1,441,3392,45,64,101,91,89,70,99,117,149,154,210,210,229,336,397,360,224,230,154,53,10,671
2026,2026-01-01,12440,124401,千葉県,夷隅郡,gun_agg,,14332,166,298,469,498,332,321,364,440,645,818,901,966,1047,1226,1496,1783,1126,781,444,176,35,2562,6999,87,150,224,247,175,164,203,226,341,410,484,489,530,621,761,888,519,296,145,34,5,999,7333,79,148,245,251,157,157,161,214,304,408,417,477,517,605,735,895,607,485,299,142,30,1563
2026,2026-01-01,12441,124419,千葉県,夷隅郡大多喜町,town,12441,7684,113,178,310,321,195,194,206,267,387,440,471,500,587,688,798,808,505,368,240,89,19,1221,3789,60,88,145,164,106,97,112,142,210,223,259,262,299,344,404,420,234,124,76,17,3,454,3895,53,90,165,157,89,97,94,125,177,217,212,238,288,344,394,388,271,244,164,72,16,767
2026,2026-01-01,12443,124435,千葉県,夷隅郡御宿町,town,12443,6648,53,120,159,177,137,127,158,173,258,378,430,466,460,538,698,975,621,413,204,87,16,1341,3210,27,62,79,83,69,67,91,84,131,187,225,227,231,277,357,468,285,172,69,17,2,545,3438,26,58,80,94,68,60,67,89,127,191,205,239,229,261,341,507,336,241,135,70,14,796
2026,2026-01-01,12460,124605,千葉県,安房郡,gun_agg,,6402,78,130,158,197,166,141,161,188,268,334,390,408,480,554,649,807,569,383,236,88,17,1293,3112,37,70,89,113,98,67,89,99,138,170,201,208,252,277,338,370,266,161,53,15,1,496,3290,41,60,69,84,68,74,72,89,130,164,189,200,228,277,311,437,303,222,183,73,16,797
2026,2026-01-01,12463,124630,千葉県,安房郡鋸南町,town,12463,6402,78,130,158,197,166,141,161,188,268,334,390,408,480,554,649,807,569,383,236,88,17,1293,3112,37,70,89,113,98,67,89,99,138,170,201,208,252,277,338,370,266,161,53,15,1,496,3290,41,60,69,84,68,74,72,89,130,164,189,200,228,277,311,437,303,222,183,73,16,797
2026,2026-01-01,13000,130001,東京都,,pref,,13293851,424220,490767,524994,536003,698840,925094,875965,839769,916037,992144,1115308,1000060,833227,646473,621240,718325,522968,359563,191150,53447,8257,1135385,6515334,217055,250898,268405,273888,347753,463702,441561,424426,467296,504452,562606,511353,426454,323054,298468,324665,211580,128798,56531,11339,1050,409298,6778517,207165,239869,256589,262115,351087,461392,434404,415343,448741,487692,552702,488707,406773,323419,322772,393660,311388,230765,134619,42108,7207,726087
2026,2026-01-01,13101,131016,東京都,千代田区,special_ward,13101,64795,2518,2952,3134,2555,2973,5084,5016,4827,5515,5570,5502,4350,3452,2493,2216,2531,1837,1214,749,260,47,4107,32245,1264,1476,1608,1283,1370,2807,2671,2510,2874,2848,2786,2140,1733,1258,1069,1117,769,402,203,51,6,1431,32550,1254,1476,1526,1272,1603,2277,2345,2317,2641,2722,2716,2210,1719,1235,1147,1414,1068,812,546,209,41,2676
2026,2026-01-01,13102,131024,東京都,中央区,special_ward,13102,177421,8580,8417,7618,5602,6264,12781,15253,14606,15891,16233,16438,13230,10022,6276,5222,6032,4162,2704,1579,440,71,8956,84467,4353,4223,3859,2811,3038,6302,7291,6922,7648,7671,7840,6382,4960,3092,2427,2642,1592,867,451,87,9,3006,92954,4227,4194,3759,2791,3226,6479,7962,7684,8243,8562,8598,6848,5062,3184,2795,3390,2570,1837,1128,353,62,5950
2026,2026-01-01,13103,131032,東京都,港区,special_ward,13103,245976,10676,11569,10867,8878,9937,16151,17988,17944,19770,20895,21899,18976,15039,10698,8881,10296,6966,4753,2798,845,150,15512,114829,5419,5858,5497,4519,4883,7920,8533,8171,9160,9859,9977,9018,7284,5125,3979,4435,2673,1597,740,158,24,5192,131147,5257,5711,5370,4359,5054,8231,9455,9773,10610,11036,11922,9958,7755,5573,4902,5861,4293,3156,2058,687,126,10320
2026,2026-01-01,13104,131041,東京都,新宿区,special_ward,13104,303768,8323,9045,9003,9132,17248,27980,25336,22651,22923,23637,24998,21426,17548,13691,12602,14858,10503,7345,4109,1216,194,23367,151910,4341,4563,4592,4660,8267,14546,13520,12091,12386,12423,12698,10882,8867,6903,6215,6880,4193,2542,1114,208,19,8076,151858,3982,4482,4411,4472,8981,13434,11816,10560,10537,11214,12300,10544,8681,6788,6387,7978,6310,4803,2995,1008,175,15291
2026,2026-01-01,13105,131059,東京都,文京区,special_ward,13105,219887,8351,9933,9799,8637,11689,15855,15738,15347,17094,17788,17958,15431,12932,9690,8645,9758,6719,4709,2814,871,129,15242,104222,4151,5111,4971,4297,5939,7849,7688,7406,8307,8468,8495,7221,6194,4547,4048,4264,2692,1574,809,178,13,5266,115665,4200,4822,4828,4340,5750,8006,8050,7941,8787,9320,9463,8210,6738,5143,4597,5494,4027,3135,2005,693,116,9976
2026,2026-01-01,13106,131067,東京都,台東区,special_ward,13106,196166,5651,5275,5522,5225,8082,18060,18131,14510,14999,15402,16534,14348,11219,8830,8575,10185,7157,4953,2672,717,119,15618,99584,2835,2688,2765,2706,3969,9124,9536,7734,8125,8148,8654,7568,5988,4677,4365,5021,2943,1795,780,148,15,5681,96582,2816,2587,2757,2519,4113,8936,8595,6776,6874,7254,7880,6780,5231,4153,4210,5164,4214,3158,1892,569,104,9937
2026,2026-01-01,13107,131075,東京都,墨田区,special_ward,13107,271027,8697,8634,8655,8633,13008,26980,24589,19637,19439,19879,21569,18328,14747,11611,11943,13564,9852,6877,3405,850,130,21114,133700,4387,4389,4422,4446,6380,13431,12327,9883,10011,10242,11059,9542,7693,5854,5823,6302,3889,2472,942,184,22,7509,137327,4310,4245,4233,4187,6628,13549,12262,9754,9428,9637,10510,8786,7054,5757,6120,7262,5963,4405,2463,666,108,13605
2026,2026-01-01,13108,131083,東京都,江東区,special_ward,13108,501806,17671,20066,20646,20005,24329,35452,33079,32260,36746,39450,44880,38095,28662,22223,22826,26980,18692,12265,5915,1353,211,38436,246083,9093,10249,10591,10145,12227,17851,16380,16018,18577,19854,22670,19805,14791,10928,10754,12154,7577,4400,1747,255,17,13996,255723,8578,9817,10055,9860,12102,17601,16699,16242,18169,19596,22210,18290,13871,11295,12072,14826,11115,7865,4168,1098,194,24440
2026,2026-01-01,13109,131091,東京都,品川区,special_ward,13109,397656,14316,15719,15269,13575,19136,33987,31303,29425,31475,31552,32892,27821,21703,16474,15943,18874,12980,8734,4864,1352,262,28192,194684,7357,7916,7811,6941,9475,17428,15785,14755,15867,15816,16363,14072,11063,8024,7485,8569,5200,3105,1337,279,36,9957,202972,6959,7803,7458,6634,9661,16559,15518,14670,15608,15736,16529,13749,10640,8450,8458,10305,7780,5629,3527,1073,226,18235
2026,2026-01-01,13110,131105,東京都,目黒区,special_ward,13110,270347,8911,9855,10362,9769,12946,22017,20814,18953,20803,22301,22798,19666,16334,11967,10362,12230,8940,6222,3693,1180,224,20259,126915,4598,5101,5331,5018,6242,10812,10066,9004,9820,10594,10459,9241,7844,5759,4754,5309,3553,2129,1029,225,27,6963,143432,4313,4754,5031,4751,6704,11205,10748,9949,10983,11707,12339,10425,8490,6208,5608,6921,5387,4093,2664,955,197,13296
2026,2026-01-01,13111,131113,東京都,大田区,special_ward,13111,710532,21504,23543,25448,26248,42535,61325,50173,44114,47756,50611,58810,52915,43118,33878,32595,38101,27315,17966,9421,2696,460,57858,353077,11048,12114,12887,13311,20860,31186,25776,22709,24754,26040,30211,27722,22655,17223,16027,17514,11377,6410,2659,539,55,21040,357455,10456,11429,12561,12937,21675,30139,24397,21405,23002,24571,28599,25193,20463,16655,16568,20587,15938,11556,6762,2157,405,36818
2026,2026-01-01,13112,131121,東京都,世田谷区,special_ward,13112,897894,28998,33716,37445,37625,48225,65122,59670,56549,63631,71925,76703,69200,58403,43600,36862,41837,29898,21163,12684,3976,662,68383,423674,14865,17263,19063,19339,24068,31116,28510,26662,30203,34043,36020,33319,28782,21066,17161,18497,11820,7352,3606,830,89,23697,474220,14133,16453,18382,18286,24157,34006,31160,29887,33428,37882,40683,35881,29621,22534,19701,23340,18078,13811,9078,3146,573,44686
2026,2026-01-01,13113,131130,東京都,渋谷区,special_ward,13113,217600,7126,7618,7557,6810,9541,17057,17609,16658,18312,19086,18535,16155,12978,9620,8214,9474,6597,4801,2767,936,149,15250,103465,3601,3797,3815,3352,4573,8526,8887,8183,9036,9368,8735,7679,6281,4573,3833,4118,2590,1589,745,163,21,5108,114135,3525,3821,3742,3458,4968,8531,8722,8475,9276,9718,9800,8476,6697,5047,4381,5356,4007,3212,2022,773,128,10142
2026,2026-01-01,13114,131148,東京都,中野区,special_ward,13114,316649,9065,9614,9763,9386,17208,29239,27116,24396,24661,24600,25460,21991,18181,13988,13059,14825,10651,7411,4403,1401,231,24097,159583,4653,4952,4966,4763,8546,15075,14232,13176,13509,13250,13350,11604,9343,7052,6208,6665,4218,2472,1225,296,28,8239,157066,4412,4662,4797,4623,8662,14164,12884,11220,11152,11350,12110,10387,8838,6936,6851,8160,6433,4939,3178,1105,203,15858
2026,2026-01-01,13115,131156,東京都,杉並区,special_ward,13115,557361,17527,19903,20189,20083,29855,44552,41427,38447,41106,43075,45264,40599,34571,26617,23549,26710,19127,13341,8183,2771,465,43887,267619,8960,10063,10296,10194,14437,21865,20277,19088,20741,21330,21943,19998,17245,12975,11164,11867,7592,4636,2329,567,52,15176,289742,8567,9840,9893,9889,15418,22687,21150,19359,20365,21745,23321,20601,17326,13642,12385,14843,11535,8705,5854,2204,413,28711
2026,2026-01-01,13116,131164,東京都,豊島区,special_ward,13116,257545,7623,8113,8245,8101,13645,21821,20640,19571,19683,20623,21122,18348,15055,11827,11057,12790,8800,5962,3304,1016,199,19281,128542,3934,4105,4165,4046,6665,11060,10730,10167,10589,10999,10892,9543,7837,5939,5445,5837,3561,1960,864,181,23,6589,129003,3689,4008,4080,4055,6980,10761,9910,9404,9094,9624,10230,8805,7218,5888,5612,6953,5239,4002,2440,835,176,12692
2026,2026-01-01,13117,131172,東京都,北区,special_ward,13117,332136,10636,11876,11665,11176,16688,25597,24575,22553,23526,24210,26349,22189,18734,15548,16344,19452,14221,9781,5296,1511,209,31018,164739,5468,6036,5964,5643,8337,13135,12663,11712,12452,12732,13783,11613,9743,7845,8073,8793,5681,3305,1456,274,31,10747,167397,5168,5840,5701,5533,8351,12462,11912,10841,11074,11478,12566,10576,8991,7703,8271,10659,8540,6476,3840,1237,178,20271
2026,2026-01-01,13118,131181,東京都,荒川区,special_ward,13118,199208,6580,7064,7616,7666,9952,15164,14269,13082,13831,14999,16605,13822,11722,9366,9571,11270,7691,5347,2790,717,84,16629,99036,3307,3631,3844,3900,5029,7706,7322,6818,7232,7727,8520,7186,6052,4794,4671,5376,3156,1845,769,140,11,5921,100172,3273,3433,3772,3766,4923,7458,6947,6264,6599,7272,8085,6636,5670,4572,4900,5894,4535,3502,2021,577,73,10708
2026,2026-01-01,13119,131199,東京都,板橋区,special_ward,13119,542368,15639,18158,19997,20271,30964,43137,38194,34525,36705,39510,44034,38415,32905,26234,26518,30484,21496,14618,7954,2261,349,46678,264933,7914,9203,10402,10385,14773,20558,18836,17270,18906,20428,22653,20014,16966,13304,12915,13972,8702,5033,2202,459,38,16434,277435,7725,8955,9595,9886,16191,22579,19358,17255,17799,19082,21381,18401,15939,12930,13603,16512,12794,9585,5752,1802,311,30244
2026,2026-01-01,13120,131202,東京都,練馬区,special_ward,13120,720897,24770,27498,29094,30429,39391,49252,48810,47246,49483,51758,58024,54561,47000,35963,31722,35233,26215,19603,11058,3339,448,60663,348372,12693,14033,14963,15663,19104,23406,23391,23278,24864,26097,29029,27616,23829,17963,15382,15821,10302,6866,3255,761,56,21240,372525,12077,13465,14131,14766,20287,25846,25419,23968,24619,25661,28995,26945,23171,18000,16340,19412,15913,12737,7803,2578,392,39423
2026,2026-01-01,13121,131211,東京都,足立区,special_ward,13121,655079,19016,21480,24838,26971,36027,47215,42052,37469,39951,45601,56163,51262,42005,32153,32241,38089,29697,20726,9797,2047,279,62546,327783,9739,10918,12701,13874,17859,24340,21870,19610,21021,23861,29796,27325,22230,16707,15971,17384,11899,7295,2917,429,37,22577,327296,9277,10562,12137,13097,18168,22875,20182,17859,18930,21740,26367,23937,19775,15446,16270,20705,17798,13431,6880,1618,242,39969
2026,2026-01-01,13122,131229,東京都,葛飾区,special_ward,13122,440017,13631,15502,16991,17822,24018,30210,26910,25637,27654,30465,36790,33569,28994,23030,22513,25326,18690,13323,6981,1728,233,40955,218883,7072,7971,8691,9138,12020,15265,13686,13375,14351,16075,19188,17662,15138,11764,11182,11733,7500,4621,2019,406,26,14572,221134,6559,7531,8300,8684,11998,14945,13224,12262,13303,14390,17602,15907,13856,11266,11331,13593,11190,8702,4962,1322,207,26383
2026,2026-01-01,13123,131237,東京都,江戸川区,special_ward,13123,644643,20573,23720,26716,29283,37096,44630,40725,37733,41045,45866,56907,53074,42151,29951,29010,33666,25130,17197,8104,1806,260,52497,323564,10549,12076,13609,14941,18672,22793,21130,19514,21511,23909,29680,28088,22604,15740,14417,15253,10019,6166,2490,372,31,19078,321079,10024,11644,13107,14342,18424,21837,19595,18219,19534,21957,27227,24986,19547,14211,14593,18413,15111,11031,5614,1434,229,33419
2026,2026-01-01,13201,132012,東京都,八王子市,city,13201,540043,14024,18371,22035,26724,32079,26640,25203,27016,31478,37427,45103,41688,36100,30237,32117,37522,27470,17809,8422,2212,366,56279,269446,7198,9549,11341,13843,16912,13974,13495,14146,16466,19465,23329,21725,18551,15096,15237,17120,11685,7075,2700,487,52,21999,270597,6826,8822,10694,12881,15167,12666,11708,12870,15012,17962,21774,19963,17549,15141,16880,20402,15785,10734,5722,1725,314,34280
2026,2026-01-01,13202,132021,東京都,立川市,city,13202,180849,5839,6989,7488,7710,9547,10860,10815,10892,11665,12993,15053,13621,11358,8838,9185,10895,8116,5507,2670,715,93,17101,89503,2959,3530,3858,3906,4679,5605,5688,5644,6109,6850,7812,7089,5916,4426,4368,4884,3275,1927,812,154,12,6180,91346,2880,3459,3630,3804,4868,5255,5127,5248,5556,6143,7241,6532,5442,4412,4817,6011,4841,3580,1858,561,81,10921
2026,2026-01-01,13203,132039,東京都,武蔵野市,city,13203,143631,4649,5684,6137,5917,7393,9071,9140,9189,10324,11031,11825,10378,9097,7362,6572,7540,5330,3727,2362,761,142,12322,68626,2309,2980,3166,3024,3581,4489,4643,4603,5099,5366,5675,5027,4421,3540,3022,3346,2127,1341,694,150,23,4335,75005,2340,2704,2971,2893,3812,4582,4497,4586,5225,5665,6150,5351,4676,3822,3550,4194,3203,2386,1668,611,119,7987
2026,2026-01-01,13204,132047,東京都,三鷹市,city,13204,185864,6028,7761,8504,8481,9941,10856,10502,11297,13344,14517,15660,14356,12258,9175,8197,9504,6823,4832,2759,913,156,15483,90275,3089,3980,4367,4268,4922,5427,5286,5656,6691,7182,7823,7120,6316,4505,3904,4196,2790,1691,828,218,16,5543,95589,2939,3781,4137,4213,5019,5429,5216,5641,6653,7335,7837,7236,5942,4670,4293,5308,4033,3141,1931,695,140,9940
2026,2026-01-01,13205,132055,東京都,青梅市,city,13205,125109,2835,3835,4602,5494,5632,5271,5335,5969,6812,8063,10550,9806,9106,8111,9096,10011,7363,4382,2135,613,88,14581,62983,1453,1963,2378,2781,2994,2845,2904,3223,3587,4252,5633,5191,4723,4182,4516,4588,3224,1737,676,125,8,5770,62126,1382,1872,2224,2713,2638,2426,2431,2746,3225,3811,4917,4615,4383,3929,4580,5423,4139,2645,1459,488,80,8811
2026,2026-01-01,13206,132063,東京都,府中市,city,13206,255240,8169,10046,11671,12336,14255,14574,14289,14854,17245,19029,22183,20453,16889,12780,11842,13562,9728,6643,3565,980,147,21063,127699,4101,5196,5926,6372,7494,7526,7280,7714,8862,9943,11458,10725,8814,6544,5715,6226,3931,2492,1117,239,24,7803,127541,4068,4850,5745,5964,6761,7048,7009,7140,8383,9086,10725,9728,8075,6236,6127,7336,5797,4151,2448,741,123,13260
2026,2026-01-01,13207,132071,東京都,昭島市,city,13207,112115,3837,4568,4863,4877,5226,5857,6344,6720,7298,8101,8992,8117,7075,6103,6589,7294,4984,3217,1570,418,65,10254,55794,1980,2359,2433,2485,2696,3099,3283,3501,3783,4329,4586,4290,3626,2969,3154,3361,2084,1207,468,90,11,3860,56321,1857,2209,2430,2392,2530,2758,3061,3219,3515,3772,4406,3827,3449,3134,3435,3933,2900,2010,1102,328,54,6394
2026,2026-01-01,13208,132080,東京都,調布市,city,13208,234857,7795,9672,10109,10331,12753,14624,13929,14336,16606,18108,20421,18338,15398,11027,10311,11806,8571,6116,3490,1008,108,19293,113913,4025,4904,5095,5304,6411,7129,6841,7069,8354,9087,10204,9222,7801,5494,4831,5279,3383,2156,1078,234,12,6863,120944,3770,4768,5014,5027,6342,7495,7088,7267,8252,9021,10217,9116,7597,5533,5480,6527,5188,3960,2412,774,96,12430
2026,2026-01-01,13209,132098,東京都,町田市,city,13209,419482,12646,16008,18178,20846,22186,19575,19206,20935,24871,29405,36747,34021,27503,22210,22535,27264,21558,14709,6959,1844,276,45346,204622,6528,8162,9443,10595,11336,9919,9758,10651,12637,14837,18492,17531,13963,10871,10598,11979,8768,5734,2318,461,41,17322,214860,6118,7846,8735,10251,10850,9656,9448,10284,12234,14568,18255,16490,13540,11339,11937,15285,12790,8975,4641,1383,235,28024
2026,2026-01-01,13210,132101,東京都,小金井市,city,13210,121835,4490,5371,5400,5118,6950,7385,7784,8104,8596,9014,9321,8844,8043,6287,5611,6058,4082,2992,1735,574,76,9459,59925,2294,2738,2829,2669,3603,3666,3764,4018,4359,4599,4678,4454,4090,3243,2747,2815,1654,1068,516,112,9,3359,61910,2196,2633,2571,2449,3347,3719,4020,4086,4237,4415,4643,4390,3953,3044,2864,3243,2428,1924,1219,462,67,6100
2026,2026-01-01,13211,132110,東京都,小平市,city,13211,190527,6579,8388,8945,8958,9960,9535,10270,11110,12788,13717,15606,14498,12998,10213,9281,10435,7614,5519,3095,884,134,17246,93255,3380,4333,4622,4574,4948,4803,5123,5629,6572,7055,7880,7354,6526,5065,4457,4706,3080,1974,959,197,18,6228,97272,3199,4055,4323,4384,5012,4732,5147,5481,6216,6662,7726,7144,6472,5148,4824,5729,4534,3545,2136,687,116,11018
2026,2026-01-01,13212,132128,東京都,日野市,city,13212,184677,6115,7407,8087,8509,9885,10296,10420,10781,11987,13208,15555,14301,11588,8708,9079,10815,8487,5748,2851,757,93,17936,92194,3217,3908,4104,4365,5138,5288,5381,5596,6264,6835,8042,7628,6056,4421,4247,4793,3479,2272,951,192,17,6911,92483,2898,3499,3983,4144,4747,5008,5039,5185,5723,6373,7513,6673,5532,4287,4832,6022,5008,3476,1900,565,76,11025
2026,2026-01-01,13213,132136,東京都,東村山市,city,13213,147473,4631,5578,6035,6754,7079,7050,7325,8112,9004,10073,12492,11755,10406,8386,8223,9203,6949,4997,2634,694,93,15367,71689,2442,2830,3121,3510,3474,3489,3626,4071,4638,5172,6337,5965,5290,4141,3927,4085,2792,1803,795,168,13,5571,75784,2189,2748,2914,3244,3605,3561,3699,4041,4366,4901,6155,5790,5116,4245,4296,5118,4157,3194,1839,526,80,9796
2026,2026-01-01,13214,132144,東京都,国分寺市,city,13214,126473,4608,5697,5496,5603,6901,7614,7690,8396,8577,9051,9975,9523,8446,6550,5622,6251,4585,3364,1887,565,72,10473,62032,2368,2956,2850,2879,3404,3790,3859,4363,4415,4591,4882,4828,4309,3267,2711,2725,1873,1225,589,136,12,3835,64441,2240,2741,2646,2724,3497,3824,3831,4033,4162,4460,5093,4695,4137,3283,2911,3526,2712,2139,1298,429,60,6638
2026,2026-01-01,13215,132152,東京都,国立市,city,13215,74277,2068,2870,3004,3210,4067,4330,4126,4133,4837,5110,5916,6014,5714,4368,3918,4121,2947,2050,1114,319,41,6471,36069,1060,1475,1567,1665,2073,2146,2082,2065,2429,2588,2896,2947,2879,2204,1844,1865,1144,707,364,65,4,2284,38208,1008,1395,1437,1545,1994,2184,2044,2068,2408,2522,3020,3067,2835,2164,2074,2256,1803,1343,750,254,37,4187
2026,2026-01-01,13218,132187,東京都,福生市,city,13218,51796,1425,1607,1856,2066,2597,2769,2931,2817,3025,3328,4249,3975,3739,3325,3358,3483,2506,1601,853,247,39,5246,25974,705,832,939,1038,1349,1495,1539,1499,1667,1772,2231,2083,1919,1705,1690,1605,1049,565,236,53,3,1906,25822,720,775,917,1028,1248,1274,1392,1318,1358,1556,2018,1892,1820,1620,1668,1878,1457,1036,617,194,36,3340
2026,2026-01-01,13219,132195,東京都,狛江市,city,13219,80336,2598,3310,3391,3130,4160,4924,4693,4674,5493,6114,6518,6239,5228,4130,3716,4432,3373,2420,1364,370,59,7586,38770,1322,1741,1702,1630,2057,2320,2252,2243,2674,3155,3247,3134,2719,2061,1796,1999,1330,881,414,77,16,2718,41566,1276,1569,1689,1500,2103,2604,2441,2431,2819,2959,3271,3105,2509,2069,1920,2433,2043,1539,950,293,43,4868
2026,2026-01-01,13220,132209,東京都,東大和市,city,13220,83438,2600,3309,3733,3990,3895,3804,3932,4517,4982,5711,6895,6774,5803,4388,4647,5584,4269,2833,1429,304,39,8874,40914,1307,1695,1914,2003,1932,1919,1958,2278,2547,2952,3498,3541,3024,2177,2254,2517,1792,1027,499,77,3,3398,42524,1293,1614,1819,1987,1963,1885,1974,2239,2435,2759,3397,3233,2779,2211,2393,3067,2477,1806,930,227,36,5476
2026,2026-01-01,13221,132217,東京都,清瀬市,city,13221,73748,2411,2851,3045,3419,3796,3768,3677,3908,4405,4888,6208,5714,4871,3824,3983,4706,3707,2822,1381,317,47,8274,35544,1225,1470,1531,1721,1862,1768,1805,1978,2214,2458,3188,2950,2487,1871,1903,2076,1438,1061,444,90,4,3037,38204,1186,1381,1514,1698,1934,2000,1872,1930,2191,2430,3020,2764,2384,1953,2080,2630,2269,1761,937,227,43,5237
2026,2026-01-01,13222,132225,東京都,東久留米市,city,13222,113305,3618,4577,4906,4963,5071,4884,5322,5939,6883,7686,9337,8795,7754,6362,6464,7722,6002,4273,2133,546,68,13022,54901,1856,2344,2473,2571,2550,2360,2650,2983,3519,3978,4749,4575,3934,3118,3095,3358,2394,1538,700,143,13,4788,58404,1762,2233,2433,2392,2521,2524,2672,2956,3364,3708,4588,4220,3820,3244,3369,4364,3608,2735,1433,403,55,8234
2026,2026-01-01,13223,132233,東京都,武蔵村山市,city,13223,68230,1949,2786,3198,3686,3633,2899,3038,3506,4033,4778,6172,5408,4190,3397,3925,4663,3502,2294,917,223,33,6969,34018,956,1452,1636,1867,1806,1477,1558,1826,2123,2498,3305,2872,2256,1721,1883,2095,1447,900,289,49,2,2687,34212,993,1334,1562,1819,1827,1422,1480,1680,1910,2280,2867,2536,1934,1676,2042,2568,2055,1394,628,174,31,4282
2026,2026-01-01,13224,132241,東京都,多摩市,city,13224,144214,3794,4947,5851,6523,7092,6422,6685,7325,9111,10631,12255,10992,9224,7675,8791,10936,8161,4908,2246,563,82,15960,70435,1931,2526,2989,3326,3647,3257,3458,3782,4640,5511,6256,5645,4664,3672,3907,4837,3454,2004,795,127,7,6387,73779,1863,2421,2862,3197,3445,3165,3227,3543,4471,5120,5999,5347,4560,4003,4884,6099,4707,2904,1451,436,75,9573
2026,2026-01-01,13225,132250,東京都,稲城市,city,13225,92238,3352,4362,4613,4805,4888,4687,4752,5368,6013,6893,8162,7532,5877,4393,4233,4992,3656,2334,1037,246,43,7316,45915,1669,2304,2370,2463,2437,2351,2361,2705,3025,3512,4157,4044,3091,2240,2032,2233,1581,935,356,46,3,2921,46323,1683,2058,2243,2342,2451,2336,2391,2663,2988,3381,4005,3488,2786,2153,2201,2759,2075,1399,681,200,40,4395
2026,2026-01-01,13227,132276,東京都,羽村市,city,13227,51710,1447,1882,2187,2513,2567,2540,2557,2687,3072,3577,4539,4158,3487,2822,2959,3489,2554,1675,755,209,34,5227,26172,755,963,1149,1303,1304,1410,1421,1504,1659,1915,2363,2123,1783,1459,1394,1629,1054,683,250,47,4,2038,25538,692,919,1038,1210,1263,1130,1136,1183,1413,1662,2176,2035,1704,1363,1565,1860,1500,992,505,162,30,3189
2026,2026-01-01,13228,132284,東京都,あきる野市,city,13228,76902,2144,2812,3350,3842,3567,3157,3172,3719,4313,5213,6655,5964,4884,4298,4834,5662,4564,2940,1348,389,75,9316,38159,1123,1443,1715,1983,1809,1595,1628,1921,2273,2699,3503,3132,2517,2102,2277,2634,2038,1211,459,88,9,3805,38743,1021,1369,1635,1859,1758,1562,1544,1798,2040,2514,3152,2832,2367,2196,2557,3028,2526,1729,889,301,66,5511
2026,2026-01-01,13229,132292,東京都,西東京市,city,13229,199970,6370,8198,8672,9048,10215,10321,10531,11756,13011,14570,16734,15768,14004,11164,10039,11095,8052,5897,3432,963,130,18474,96695,3249,4149,4454,4614,5152,4986,5238,5842,6471,7426,8313,8009,7119,5458,4774,4952,3115,2058,1068,229,19,6489,103275,3121,4049,4218,4434,5063,5335,5293,5914,6540,7144,8421,7759,6885,5706,5265,6143,4937,3839,2364,734,111,11985
2026,2026-01-01,13300,133001,東京都,西多摩郡,gun_agg,,52515,1198,1760,2312,2354,2259,1914,1942,2389,2916,3471,4209,3804,3247,3094,3808,4723,3425,2134,1147,352,57,7115,26313,622,919,1169,1232,1185,1011,1029,1247,1552,1875,2271,2078,1705,1579,1850,2241,1554,808,320,60,6,2748,26202,576,841,1143,1122,1074,903,913,1142,1364,1596,1938,1726,1542,1515,1958,2482,1871,1326,827,292,51,4367
2026,2026-01-01,13303,133035,東京都,西多摩郡瑞穂町,town,13303,30726,763,1029,1286,1359,1437,1325,1330,1540,1810,2081,2648,2502,2031,1781,2106,2483,1616,991,483,111,14,3215,15537,392,524,633,719,728,700,713,804,1003,1159,1400,1351,1047,902,1037,1162,726,370,146,19,2,1263,15189,371,505,653,640,709,625,617,736,807,922,1248,1151,984,879,1069,1321,890,621,337,92,12,1952
2026,2026-01-01,13305,133051,東京都,西多摩郡日の出町,town,13305,15621,341,586,861,846,677,476,473,654,884,1096,1218,910,809,812,1044,1500,1210,688,393,121,22,2434,7689,188,322,452,428,373,252,234,337,433,556,679,503,417,388,470,698,560,266,109,22,2,959,7932,153,264,409,418,304,224,239,317,451,540,539,407,392,424,574,802,650,422,284,99,20,1475
2026,2026-01-01,13307,133078,東京都,西多摩郡檜原村,village,13307,1887,31,45,48,42,41,31,42,55,63,116,94,115,141,149,204,216,165,149,94,42,4,454,945,14,24,24,25,21,17,26,30,33,59,53,65,84,86,111,115,76,51,23,7,1,158,942,17,21,24,17,20,14,16,25,30,57,41,50,57,63,93,101,89,98,71,35,3,296
2026,2026-01-01,13308,133086,東京都,西多摩郡奥多摩町,town,13308,4281,63,100,117,107,104,82,97,140,159,178,249,277,266,352,454,524,434,306,177,78,17,1012,2142,28,49,60,60,63,42,56,76,83,101,139,159,157,203,232,266,192,121,42,12,1,368,2139,35,51,57,47,41,40,41,64,76,77,110,118,109,149,222,258,242,185,135,66,16,644
2026,2026-01-01,13360,133604,東京都,島しょ,island_agg,,22219,619,851,887,914,489,799,938,1180,1349,1401,1742,1453,1465,1518,1835,1992,1254,805,520,172,36,2787,11590,331,461,451,522,265,457,544,613,723,768,997,831,833,811,967,998,547,285,148,35,3,1018,10629,288,390,436,392,224,342,394,567,626,633,745,622,632,707,868,994,707,520,372,137,33,1769
2026,2026-01-01,13361,133612,東京都,大島町,town,13361,6439,148,210,218,371,133,206,239,283,346,341,508,443,453,438,539,621,447,263,172,53,7,942,3332,84,111,115,241,70,111,150,152,191,177,297,244,251,227,283,300,188,86,46,8,0,328,3107,64,99,103,130,63,95,89,131,155,164,211,199,202,211,256,321,259,177,126,45,7,614
2026,2026-01-01,13362,133621,東京都,利島村,village,13362,292,4,12,17,16,7,19,17,20,21,40,19,11,19,13,21,19,6,5,5,1,0,17,151,2,7,6,7,3,11,9,12,9,25,9,6,10,7,12,9,3,1,3,0,0,7,141,2,5,11,9,4,8,8,8,12,15,10,5,9,6,9,10,3,4,2,1,0,10
2026,2026-01-01,13363,133639,東京都,新島村,village,13363,2316,56,69,96,72,73,72,77,98,142,154,169,136,159,158,224,203,153,94,71,33,7,358,1140,29,33,40,37,39,37,47,50,73,93,100,66,80,81,112,92,67,32,23,8,1,131,1176,27,36,56,35,34,35,30,48,69,61,69,70,79,77,112,111,86,62,48,25,6,227
2026,2026-01-01,13364,133647,東京都,神津島村,village,13364,1697,53,76,98,73,55,57,73,99,100,113,121,85,95,148,160,120,79,50,33,7,2,171,867,24,43,55,28,26,38,41,48,58,62,68,43,50,80,82,64,34,11,10,1,1,57,830,29,33,43,45,29,19,32,51,42,51,53,42,45,68,78,56,45,39,23,6,1,114
2026,2026-01-01,13381,133817,東京都,三宅村,village,13381,2089,49,79,71,51,48,83,104,121,126,123,137,118,135,168,183,194,109,109,62,16,3,299,1176,27,47,37,25,30,52,66,60,71,67,94,84,88,100,102,114,49,42,17,4,0,112,913,22,32,34,26,18,31,38,61,55,56,43,34,47,68,81,80,60,67,45,12,3,187
2026,2026-01-01,13382,133825,東京都,御蔵島村,village,13382,284,6,21,17,9,8,15,18,22,33,30,19,14,13,14,12,20,12,0,1,0,0,13,155,1,10,11,4,5,9,9,12,16,14,12,9,9,9,5,12,8,0,0,0,0,8,129,5,11,6,5,3,6,9,10,17,16,7,5,4,5,7,8,4,0,1,0,0,5
2026,2026-01-01,13401,134015,東京都,八丈町,town,13401,6531,191,263,251,209,103,202,239,349,355,384,502,414,443,456,589,689,396,266,164,52,14,892,3313,102,141,127,117,53,115,117,186,187,204,274,242,249,239,300,333,168,104,43,11,1,327,3218,89,122,124,92,50,87,122,163,168,180,228,172,194,217,289,356,228,162,121,41,13,565
2026,2026-01-01,13402,134023,東京都,青ヶ島村,village,13402,155,6,4,5,0,2,12,12,17,24,8,10,10,9,14,10,8,2,1,0,1,0,4,93,3,1,3,0,2,8,7,10,13,8,5,6,6,9,5,6,1,0,0,0,0,1,62,3,3,2,0,0,4,5,7,11,0,5,4,3,5,5,2,1,1,0,1,0,3
2026,2026-01-01,13421,134210,東京都,小笠原村,village,13421,2416,106,117,114,113,60,133,159,171,202,208,257,222,139,109,97,118,50,17,12,9,3,91,1363,59,68,57,63,37,76,98,83,105,118,138,131,90,59,66,68,29,9,6,3,0,47,1053,47,49,57,50,23,57,61,88,97,90,119,91,49,50,31,50,21,8,6,6,3,44
2026,2026-01-01,14000,140007,神奈川県,,pref,,8884908,268173,327879,368580,394977,451269,502944,482194,486993,554977,634933,764297,705403,587951,467961,475438,558914,410589,268477,131547,35991,5421,852025,4414130,137498,167888,189168,203212,230568,258885,249857,252318,286652,327035,391859,367031,305743,236333,228550,254005,173197,104026,41488,8073,744,327528,4470778,130675,159991,179412,191765,220701,244059,232337,234675,268325,307898,372438,338372,282208,231628,246888,304909,237392,164451,90059,27918,4677,524497
2026,2026-01-01,14100,141003,神奈川県,横浜市,city_agg,,3615515,110321,132648,149433,159765,187148,208952,197458,197803,224870,256368,311318,294616,245172,191223,188031,219032,160851,108428,54997,14843,2238,341357,1787527,56510,67858,76627,82056,94837,106299,101417,101408,115499,131056,157728,152046,127327,96295,90774,99987,67166,41465,17417,3424,331,129803,1827988,53811,64790,72806,77709,92311,102653,96041,96395,109371,125312,153590,142570,117845,94928,97257,119045,93685,66963,37580,11419,1907,211554
2026,2026-01-01,14101,141011,神奈川県,横浜市鶴見区,ward,14100,278904,8381,10395,12204,12141,15250,19602,17320,16772,19290,20935,24852,21307,17310,13711,13617,14954,10152,6387,3271,909,144,20863,143964,4270,5346,6235,6289,7849,10669,9479,8994,10266,11317,13461,11611,9422,7055,6825,7054,4324,2355,911,203,29,7822,134940,4111,5049,5969,5852,7401,8933,7841,7778,9024,9618,11391,9696,7888,6656,6792,7900,5828,4032,2360,706,115,13041
2026,2026-01-01,14102,141020,神奈川県,横浜市神奈川区,ward,14100,237128,7166,8430,9050,9476,13963,18330,15804,14858,16106,17439,20071,18268,14703,11459,10985,12513,8576,5781,3104,901,145,18507,119355,3676,4257,4574,4904,7404,9615,8361,7710,8448,8990,10238,9677,7839,5828,5400,5782,3549,2082,807,192,22,6652,117773,3490,4173,4476,4572,6559,8715,7443,7148,7658,8449,9833,8591,6864,5631,5585,6731,5027,3699,2297,709,123,11855
2026,2026-01-01,14103,141038,神奈川県,横浜市西区,ward,14100,100640,3162,3509,3642,3459,5352,7850,7167,7013,7521,8062,9141,8043,6200,4679,4259,4709,3036,2149,1260,360,67,6872,50378,1592,1778,1830,1768,2682,4143,3740,3666,3948,4163,4602,4217,3220,2334,2091,2197,1230,727,351,90,9,2407,50262,1570,1731,1812,1691,2670,3707,3427,3347,3573,3899,4539,3826,2980,2345,2168,2512,1806,1422,909,270,58,4465
2026,2026-01-01,14104,141046,神奈川県,横浜市中区,ward,14100,136513,3097,3986,4696,5036,6410,8101,7452,7306,8268,10271,12668,12959,10828,8197,7500,8250,5362,3397,2021,595,113,11488,70869,1541,2094,2379,2584,3188,4301,3982,3785,4339,5356,6588,7046,6063,4568,4195,4351,2491,1256,614,130,18,4509,65644,1556,1892,2317,2452,3222,3800,3470,3521,3929,4915,6080,5913,4765,3629,3305,3899,2871,2141,1407,465,95,6979
2026,2026-01-01,14105,141054,神奈川県,横浜市南区,ward,14100,186304,4549,5359,6235,6782,9975,13043,10625,9872,11253,12811,15538,15015,12761,10657,10688,12553,8579,5965,3068,857,119,18588,93216,2375,2621,3278,3459,4866,6696,5482,5151,5864,6760,8150,8009,6799,5507,5393,6008,3537,2116,930,200,15,6798,93088,2174,2738,2957,3323,5109,6347,5143,4721,5389,6051,7388,7006,5962,5150,5295,6545,5042,3849,2138,657,104,11790
2026,2026-01-01,14106,141062,神奈川県,横浜市保土ケ谷区,ward,14100,195317,5649,6788,7381,8091,10570,11479,10392,10344,11793,13482,15910,15530,13900,10820,10706,12402,9228,6422,3380,932,118,20080,96516,2838,3569,3810,4106,5609,5905,5388,5354,6053,6968,8167,7962,7230,5518,5175,5580,3664,2374,1012,215,19,7284,98801,2811,3219,3571,3985,4961,5574,5004,4990,5740,6514,7743,7568,6670,5302,5531,6822,5564,4048,2368,717,99,12796
2026,2026-01-01,14107,141071,神奈川県,横浜市磯子区,ward,14100,157729,4492,5568,6501,6729,7134,7835,7532,8150,9827,11150,13511,12307,10926,9095,9273,10851,8027,5222,2773,730,96,16848,77665,2296,2804,3393,3463,3654,4062,3972,4233,5093,5742,6966,6340,5553,4516,4416,4934,3296,1893,854,168,17,6228,80064,2196,2764,3108,3266,3480,3773,3560,3917,4734,5408,6545,5967,5373,4579,4857,5917,4731,3329,1919,562,79,10620
2026,2026-01-01,14108,141089,神奈川県,横浜市金沢区,ward,14100,186486,4605,6179,7397,8520,9592,8455,7659,8663,10356,12272,15518,14421,13005,11194,12451,14613,10414,6680,3360,970,162,21586,91043,2400,3144,3779,4350,4933,4417,3970,4510,5329,6127,7829,7232,6463,5436,5941,6643,4514,2679,1106,219,22,8540,95443,2205,3035,3618,4170,4659,4038,3689,4153,5027,6145,7689,7189,6542,5758,6510,7970,5900,4001,2254,751,140,13046
2026,2026-01-01,14109,141097,神奈川県,横浜市港北区,ward,14100,350558,13114,13976,14731,14227,18517,25931,25197,22855,24795,26585,29527,27203,21751,16165,14668,16239,11667,7787,4228,1206,189,25077,173882,6742,7249,7594,7276,9219,13051,12802,11566,12748,13608,14884,14001,11289,8057,7048,7456,4816,2887,1303,264,22,9292,176676,6372,6727,7137,6951,9298,12880,12395,11289,12047,12977,14643,13202,10462,8108,7620,8783,6851,4900,2925,942,167,15785
2026,2026-01-01,14110,141101,神奈川県,横浜市戸塚区,ward,14100,274813,9228,11219,12116,13311,13593,13142,13731,15137,16877,19650,23806,21908,17728,13739,14646,17405,13024,9024,4267,1099,163,27577,134766,4757,5694,6183,6822,6837,6566,6966,7639,8690,10049,11969,11268,9208,6796,6824,7831,5362,3582,1454,247,22,10667,140047,4471,5525,5933,6489,6756,6576,6765,7498,8187,9601,11837,10640,8520,6943,7822,9574,7662,5442,2813,852,141,16910
2026,2026-01-01,14111,141119,神奈川県,横浜市港南区,ward,14100,206853,6157,7285,8122,8927,9595,9921,10023,10693,11874,13796,17457,16695,14533,11575,11805,14543,11248,7733,3825,909,137,23852,100146,3132,3729,4136,4582,4775,4996,4961,5480,6062,6982,8737,8439,7336,5701,5538,6416,4597,3021,1282,224,20,9144,106707,3025,3556,3986,4345,4820,4925,5062,5213,5812,6814,8720,8256,7197,5874,6267,8127,6651,4712,2543,685,117,14708
2026,2026-01-01,14112,141127,神奈川県,横浜市旭区,ward,14100,236210,6983,8444,9656,10544,10904,11176,11523,11769,13645,15664,19532,18788,16068,13235,13686,16490,12838,9298,4543,1250,174,28103,114814,3608,4233,4898,5399,5537,5461,5904,6075,6930,7984,9895,9677,8208,6521,6494,7397,5310,3542,1428,292,21,10593,121396,3375,4211,4758,5145,5367,5715,5619,5694,6715,7680,9637,9111,7860,6714,7192,9093,7528,5756,3115,958,153,17510
2026,2026-01-01,14113,141135,神奈川県,横浜市緑区,ward,14100,175070,5463,6913,7565,8363,9224,9480,9171,9405,10691,12301,15181,14348,11642,9200,9009,10407,8026,5339,2629,624,89,16707,86200,2854,3541,3897,4349,4590,4743,4654,4860,5392,6255,7631,7481,5974,4552,4277,4633,3352,2124,859,163,19,6517,88870,2609,3372,3668,4014,4634,4737,4517,4545,5299,6046,7550,6867,5668,4648,4732,5774,4674,3215,1770,461,70,10190
2026,2026-01-01,14114,141143,神奈川県,横浜市瀬谷区,ward,14100,118591,3710,4141,4731,5446,6011,6201,6132,6062,6615,7685,10295,9652,7851,6162,6534,7916,6250,4459,2104,559,75,13447,57921,1924,2168,2380,2767,3004,3050,3127,3145,3457,3928,5235,4993,4017,3083,3102,3440,2559,1750,658,125,9,5101,60670,1786,1973,2351,2679,3007,3151,3005,2917,3158,3757,5060,4659,3834,3079,3432,4476,3691,2709,1446,434,66,8346
2026,2026-01-01,14115,141151,神奈川県,横浜市栄区,ward,14100,118167,3591,4082,4604,5370,5723,5257,5474,5702,6518,7741,10445,9536,7283,5959,6647,8825,7593,4985,2206,537,89,15410,57365,1805,2128,2394,2751,2926,2610,2690,2920,3276,3918,5277,4954,3743,2875,3007,3728,3224,2139,846,136,18,6363,60802,1786,1954,2210,2619,2797,2647,2784,2782,3242,3823,5168,4582,3540,3084,3640,5097,4369,2846,1360,401,71,9047
2026,2026-01-01,14116,141160,神奈川県,横浜市泉区,ward,14100,147817,4687,5407,5961,6766,7034,7159,7260,7303,8102,9595,12698,12149,9946,8058,8419,10294,8155,5462,2662,622,78,16979,72165,2365,2768,3061,3490,3529,3509,3643,3669,4136,4934,6400,6221,5084,4058,4024,4636,3429,2155,904,140,10,6638,75652,2322,2639,2900,3276,3505,3650,3617,3634,3966,4661,6298,5928,4862,4000,4395,5658,4726,3307,1758,482,68,10341
2026,2026-01-01,14117,141178,神奈川県,横浜市青葉区,ward,14100,299162,9092,11787,13807,14801,16577,15149,14215,14796,17915,21227,25852,27239,23394,17068,14601,16713,11863,7701,3962,1204,199,24929,144087,4677,6064,7102,7584,8355,7152,6844,7169,8756,10263,12285,13174,11911,8556,6867,7540,5088,3048,1342,284,26,9788,155075,4415,5723,6705,7217,8222,7997,7371,7627,9159,10964,13567,14065,11483,8512,7734,9173,6775,4653,2620,920,173,15141
2026,2026-01-01,14118,141186,神奈川県,横浜市都筑区,ward,14100,209253,7195,9180,11034,11776,11724,10841,10781,11103,13424,15702,19316,19248,15343,10250,8537,9355,6813,4637,2334,579,81,14444,103175,3658,4671,5704,6113,5880,5353,5452,5482,6712,7712,9414,9744,7968,5334,4157,4361,2824,1735,756,132,13,5460,106078,3537,4509,5330,5663,5844,5488,5329,5621,6712,7990,9902,9504,7375,4916,4380,4994,3989,2902,1578,447,68,8984
2026,2026-01-01,14130,141305,神奈川県,川崎市,city_agg,,1480937,49604,57015,61787,63065,82660,113698,102516,94872,102846,111683,126180,112740,90984,68130,64361,71446,50693,33586,17374,4943,754,107350,748143,25495,29174,31798,32409,42206,58745,53455,49612,54065,57963,65619,59680,48089,35195,31538,32986,21413,12391,5131,1071,108,40114,732794,24109,27841,29989,30656,40454,54953,49061,45260,48781,53720,60561,53060,42895,32935,32823,38460,29280,21195,12243,3872,646,67236
2026,2026-01-01,14131,141313,神奈川県,川崎市川崎区,ward,14130,213430,5563,6668,7801,8511,12224,16515,14566,13338,14565,15902,18835,15910,13091,10662,10949,11623,7914,5210,2703,762,118,16707,116227,2883,3482,4056,4366,6646,9525,8612,7781,8380,9047,10876,9208,7445,5893,5917,5747,3575,1857,774,146,11,6363,97203,2680,3186,3745,4145,5578,6990,5954,5557,6185,6855,7959,6702,5646,4769,5032,5876,4339,3353,1929,616,107,10344
2026,2026-01-01,14132,141321,神奈川県,川崎市幸区,ward,14130,168413,6607,7381,7226,7065,8015,11636,11867,11603,12578,13250,14161,11698,8987,7295,7628,8714,6042,3925,2084,570,81,12702,85793,3416,3799,3700,3592,4125,6277,6306,6218,6750,6981,7587,6271,4780,3738,3673,3979,2519,1429,544,99,10,4601,82620,3191,3582,3526,3473,3890,5359,5561,5385,5828,6269,6574,5427,4207,3557,3955,4735,3523,2496,1540,471,71,8101
2026,2026-01-01,14133,141330,神奈川県,川崎市中原区,ward,14130,257617,9715,10249,10746,10225,14841,25193,21649,18420,19325,20113,21839,18681,14350,10267,8754,9270,6439,4305,2345,778,113,13980,129769,4934,5249,5547,5296,7650,13026,11007,9316,9957,10245,11143,9834,7491,5393,4301,4306,2736,1530,639,154,15,5074,127848,4781,5000,5199,4929,7191,12167,10642,9104,9368,9868,10696,8847,6859,4874,4453,4964,3703,2775,1706,624,98,8906
2026,2026-01-01,14134,141348,神奈川県,川崎市高津区,ward,14130,225695,7471,8675,9466,9841,12658,17844,15829,14438,15940,17456,19904,17647,13717,9680,9422,10422,7382,4720,2421,651,111,15285,112616,3817,4354,4845,5066,6425,9051,8118,7401,8231,8860,10211,9260,7217,4908,4462,4773,3073,1679,703,144,18,5617,113079,3654,4321,4621,4775,6233,8793,7711,7037,7709,8596,9693,8387,6500,4772,4960,5649,4309,3041,1718,507,93,9668
2026,2026-01-01,14135,141356,神奈川県,川崎市多摩区,ward,14130,213567,7306,7390,7480,7995,13414,19985,17182,14783,14245,14592,16430,15607,13279,9839,9025,9835,7064,4821,2472,719,104,15180,108310,3733,3767,3844,4164,6966,10105,8973,7841,7618,7776,8553,8271,7043,5084,4411,4540,2921,1730,775,178,17,5621,105257,3573,3623,3636,3831,6448,9880,8209,6942,6627,6816,7877,7336,6236,4755,4614,5295,4143,3091,1697,541,87,9559
2026,2026-01-01,14136,141364,神奈川県,川崎市宮前区,ward,14130,228821,7833,9831,11075,10951,11873,12999,12712,13218,15499,17732,20028,18996,15648,11077,10150,11539,8568,5622,2671,699,100,17660,111597,4000,5048,5664,5649,5782,6244,6155,6560,7755,8804,9918,9717,8029,5559,4844,5160,3519,2165,838,171,16,6709,117224,3833,4783,5411,5302,6091,6755,6557,6658,7744,8928,10110,9279,7619,5518,5306,6379,5049,3457,1833,528,84,10951
2026,2026-01-01,14137,141372,神奈川県,川崎市麻生区,ward,14130,173394,5109,6821,7993,8477,9635,9526,8711,9072,10694,12638,14983,14201,11912,9310,8433,10043,7284,4983,2678,764,127,15836,83831,2712,3475,4142,4276,4612,4517,4284,4495,5374,6250,7331,7119,6084,4620,3930,4481,3070,2001,858,179,21,6129,89563,2397,3346,3851,4201,5023,5009,4427,4577,5320,6388,7652,7082,5828,4690,4503,5562,4214,2982,1820,585,106,9707
2026,2026-01-01,14150,141500,神奈川県,相模原市,city_agg,,692298,19702,24714,28154,30911,34434,36034,36716,37799,42734,49159,60206,55073,45901,36780,39198,46088,34885,21737,9283,2439,351,68695,346287,10227,12485,14526,15720,17278,18386,19133,20015,22541,25962,31521,28948,23949,18617,18866,20626,14901,8938,3016,577,55,27487,346011,9475,12229,13628,15191,17156,17648,17583,17784,20193,23197,28685,26125,21952,18163,20332,25462,19984,12799,6267,1862,296,41208
2026,2026-01-01,14151,141518,神奈川県,相模原市緑区,ward,14150,160596,4186,5376,6425,7253,7900,7635,7604,8151,9577,11300,13963,12117,10498,9025,10558,12720,8738,4809,2065,606,90,16308,80720,2183,2706,3252,3635,4003,4010,4040,4426,5090,5912,7368,6371,5445,4535,5016,5834,4039,2046,652,146,11,6894,79876,2003,2670,3173,3618,3897,3625,3564,3725,4487,5388,6595,5746,5053,4490,5542,6886,4699,2763,1413,460,79,9414
2026,2026-01-01,14152,141526,神奈川県,相模原市中央区,ward,14150,261825,7405,9618,11156,12001,13227,13387,13824,14353,16199,18673,23319,21285,17560,13766,14382,16704,12976,7892,3179,802,117,24966,131887,3861,4902,5792,6170,6687,6829,7267,7590,8551,9922,12332,11282,9262,7022,7059,7380,5513,3292,983,172,19,9979,129938,3544,4716,5364,5831,6540,6558,6557,6763,7648,8751,10987,10003,8298,6744,7323,9324,7463,4600,2196,630,98,14987
2026,2026-01-01,14153,141534,神奈川県,相模原市南区,ward,14150,269877,8111,9720,10573,11657,13307,15012,15288,15295,16958,19186,22924,21671,17843,13989,14258,16664,13171,9036,4039,1031,144,27421,133680,4183,4877,5482,5915,6588,7547,7826,7999,8900,10128,11821,11295,9242,7060,6791,7412,5349,3600,1381,259,25,10614,136197,3928,4843,5091,5742,6719,7465,7462,7296,8058,9058,11103,10376,8601,6929,7467,9252,7822,5436,2658,772,119,16807
2026,2026-01-01,14201,142018,神奈川県,横須賀市,city,14201,366743,8469,11789,14083,17491,18614,15535,14784,16499,19475,23599,30717,28120,24672,22041,24064,29941,22818,14569,7281,1908,274,46850,182222,4243,6145,7134,9666,10416,8392,7943,8663,10117,12221,15859,14545,12609,11059,11543,13529,9704,5688,2303,414,29,18138,184521,4226,5644,6949,7825,8198,7143,6841,7836,9358,11378,14858,13575,12063,10982,12521,16412,13114,8881,4978,1494,245,28712
2026,2026-01-01,14203,142034,神奈川県,平塚市,city,14203,249172,6991,8932,9970,11214,12119,12351,11778,12509,14735,17296,21047,19407,16529,14340,15540,18199,13043,8061,3849,1082,180,26215,124416,3552,4545,5122,5726,6296,6534,6244,6641,7624,9038,10860,10215,8593,7274,7485,8423,5652,3189,1144,236,23,10244,124756,3439,4387,4848,5488,5823,5817,5534,5868,7111,8258,10187,9192,7936,7066,8055,9776,7391,4872,2705,846,157,15971
2026,2026-01-01,14204,142042,神奈川県,鎌倉市,city,14204,171439,4375,6053,7187,7766,7475,6704,6478,7600,9723,12389,15457,14876,12422,9696,9336,12042,9584,6917,3925,1254,180,21860,81000,2304,3039,3682,3990,3719,3306,3184,3717,4625,5905,7467,7366,6302,4817,4287,5285,3803,2619,1271,291,21,8005,90439,2071,3014,3505,3776,3756,3398,3294,3883,5098,6484,7990,7510,6120,4879,5049,6757,5781,4298,2654,963,159,13855
2026,2026-01-01,14205,142051,神奈川県,藤沢市,city,14205,435366,14502,18491,20012,20630,21270,21505,22382,24046,28800,32700,38168,34369,28293,21525,21470,26189,19542,12928,6428,1841,275,41014,214605,7376,9510,10263,10608,10954,11327,11605,12254,14504,16550,19137,17738,14637,10781,10046,11668,8192,4991,2038,387,39,15647,220761,7126,8981,9749,10022,10316,10178,10777,11792,14296,16150,19031,16631,13656,10744,11424,14521,11350,7937,4390,1454,236,25367
2026,2026-01-01,14206,142069,神奈川県,小田原市,city,14206,181389,4747,6187,7194,7833,8275,8109,8225,8945,10516,11956,14865,14184,12758,11349,11981,13774,9684,6416,3273,959,159,20491,88474,2450,3167,3739,4010,4121,4031,4187,4627,5356,6120,7605,7308,6478,5646,5707,6349,3980,2329,1046,196,22,7573,92915,2297,3020,3455,3823,4154,4078,4038,4318,5160,5836,7260,6876,6280,5703,6274,7425,5704,4087,2227,763,137,12918
2026,2026-01-01,14207,142077,神奈川県,茅ヶ崎市,city,14207,244371,8022,10052,11196,11507,11099,10590,11500,12835,15538,18152,21398,19462,16408,12974,13231,15700,11684,7989,3841,1039,154,24707,118853,4161,5176,5763,5805,5496,5280,5703,6454,7666,9043,10668,9965,8424,6434,6236,6978,4913,3183,1248,237,20,9601,125518,3861,4876,5433,5702,5603,5310,5797,6381,7872,9109,10730,9497,7984,6540,6995,8722,6771,4806,2593,802,134,15106
2026,2026-01-01,14208,142085,神奈川県,逗子市,city,14208,56639,1496,2018,2503,2508,2254,1872,1912,2450,3124,4142,5058,4970,4268,3311,3146,4112,3397,2355,1292,387,64,7495,26522,761,1031,1331,1236,1147,911,910,1128,1457,1949,2475,2420,2175,1599,1461,1802,1352,871,407,91,8,2729,30117,735,987,1172,1272,1107,961,1002,1322,1667,2193,2583,2550,2093,1712,1685,2310,2045,1484,885,296,56,4766
2026,2026-01-01,14210,142107,神奈川県,三浦市,city,14210,38652,684,1001,1147,1412,1426,1180,1242,1489,1794,2244,2983,2985,2900,2719,3469,3988,2804,1870,969,310,36,5989,18709,394,522,600,707,747,619,630,763,918,1156,1521,1564,1495,1376,1649,1873,1162,663,282,64,4,2175,19943,290,479,547,705,679,561,612,726,876,1088,1462,1421,1405,1343,1820,2115,1642,1207,687,246,32,3814
2026,2026-01-01,14211,142115,神奈川県,秦野市,city,14211,152695,3611,4934,6285,7048,7301,6542,6653,7072,8916,10563,12585,11264,10161,9146,10801,13092,8813,4937,2245,625,101,16721,76376,1839,2557,3252,3673,3785,3453,3468,3737,4670,5556,6550,6051,5186,4523,5102,6058,3989,2064,728,120,15,6916,76319,1772,2377,3033,3375,3516,3089,3185,3335,4246,5007,6035,5213,4975,4623,5699,7034,4824,2873,1517,505,86,9805
2026,2026-01-01,14212,142123,神奈川県,厚木市,city,14212,211484,5724,7284,8694,10007,11084,11444,10774,10769,12687,15215,19048,16533,13408,11183,12680,15119,10435,6145,2544,612,95,19831,108809,2855,3763,4474,5228,5852,6361,5960,5979,6839,8225,10278,8976,7180,5752,5982,6926,4606,2538,873,149,13,8179,102675,2869,3521,4220,4779,5232,5083,4814,4790,5848,6990,8770,7557,6228,5431,6698,8193,5829,3607,1671,463,82,11652
2026,2026-01-01,14213,142131,神奈川県,大和市,city,14213,237163,8574,9431,9817,10100,11270,14125,14645,14398,15273,17025,20534,18453,15011,11840,11578,13929,10723,6706,2916,711,104,21160,118091,4425,4748,4986,5138,5713,7109,7502,7424,7938,8949,10752,9584,7838,6069,5621,6110,4416,2702,895,165,7,8185,119072,4149,4683,4831,4962,5557,7016,7143,6974,7335,8076,9782,8869,7173,5771,5957,7819,6307,4004,2021,546,97,12975
2026,2026-01-01,14214,142140,神奈川県,伊勢原市,city,14214,95477,2784,3448,3867,4171,5015,5239,4946,4922,5678,6646,8159,7455,6243,4983,5590,6666,4858,3049,1341,363,54,9665,48324,1419,1793,1974,2106,2625,2843,2717,2608,3021,3510,4264,3941,3275,2513,2698,3082,2128,1237,478,86,6,3935,47153,1365,1655,1893,2065,2390,2396,2229,2314,2657,3136,3895,3514,2968,2470,2892,3584,2730,1812,863,277,48,5730
2026,2026-01-01,14215,142158,神奈川県,海老名市,city,14215,136909,5144,5797,5912,6214,6765,7336,8094,8327,9027,10026,11681,10051,7994,6602,7249,8639,6171,3872,1529,428,51,12051,68642,2620,3025,3022,3203,3524,3840,4214,4378,4661,5208,6021,5252,4140,3227,3448,3924,2690,1612,521,107,5,4935,68267,2524,2772,2890,3011,3241,3496,3880,3949,4366,4818,5660,4799,3854,3375,3801,4715,3481,2260,1008,321,46,7116
2026,2026-01-01,14216,142166,神奈川県,座間市,city,14216,126787,3742,4571,5062,5486,5973,6537,6778,6966,7665,8996,11215,10394,8737,6931,7138,8426,6292,3859,1582,392,45,12170,63314,1957,2332,2545,2806,3076,3386,3514,3646,4054,4667,5896,5408,4545,3510,3463,3784,2604,1529,516,69,7,4725,63473,1785,2239,2517,2680,2897,3151,3264,3320,3611,4329,5319,4986,4192,3421,3675,4642,3688,2330,1066,323,38,7445
2026,2026-01-01,14217,142174,神奈川県,南足柄市,city,14217,38886,745,1181,1635,1786,1708,1548,1393,1605,2100,2513,3308,3073,2736,2430,2734,3240,2473,1633,811,204,30,5151,19138,387,602,836,906,919,875,721,828,1074,1301,1727,1602,1359,1237,1297,1440,1074,632,273,43,5,2027,19748,358,579,799,880,789,673,672,777,1026,1212,1581,1471,1377,1193,1437,1800,1399,1001,538,161,25,3124
2026,2026-01-01,14218,142182,神奈川県,綾瀬市,city,14218,78307,2427,2951,3636,3977,3785,3656,3781,4069,4569,5603,7156,6030,4378,3614,4283,5786,4663,2663,1014,232,34,8606,39573,1212,1549,1838,2021,1892,1948,2025,2210,2426,3038,3806,3279,2389,1798,2016,2564,2014,1157,350,38,3,3562,38734,1215,1402,1798,1956,1893,1708,1756,1859,2143,2565,3350,2751,1989,1816,2267,3222,2649,1506,664,194,31,5044
2026,2026-01-01,14300,143006,神奈川県,三浦郡,gun_agg,,31125,707,1259,1607,1620,1275,746,721,1063,1705,2388,3009,2768,2278,1713,1759,2402,1910,1300,661,195,39,4105,14608,376,658,848,835,643,354,342,477,756,1109,1455,1332,1148,875,809,1003,811,501,219,53,4,1588,16517,331,601,759,785,632,392,379,586,949,1279,1554,1436,1130,838,950,1399,1099,799,442,142,35,2517
2026,2026-01-01,14301,143014,神奈川県,三浦郡葉山町,town,14301,31125,707,1259,1607,1620,1275,746,721,1063,1705,2388,3009,2768,2278,1713,1759,2402,1910,1300,661,195,39,4105,14608,376,658,848,835,643,354,342,477,756,1109,1455,1332,1148,875,809,1003,811,501,219,53,4,1588,16517,331,601,759,785,632,392,379,586,949,1279,1554,1436,1130,838,950,1399,1099,799,442,142,35,2517
2026,2026-01-01,14320,143201,神奈川県,高座郡,gun_agg,,47317,1551,1976,2163,2236,2077,2121,2307,2701,2910,3573,4023,3333,2859,2501,2975,3379,2477,1399,585,153,18,4632,23903,801,1038,1099,1170,1056,1113,1226,1449,1496,1903,2163,1796,1497,1237,1410,1537,1100,603,185,22,2,1912,23414,750,938,1064,1066,1021,1008,1081,1252,1414,1670,1860,1537,1362,1264,1565,1842,1377,796,400,131,16,2720
2026,2026-01-01,14321,143219,神奈川県,高座郡寒川町,town,14321,47317,1551,1976,2163,2236,2077,2121,2307,2701,2910,3573,4023,3333,2859,2501,2975,3379,2477,1399,585,153,18,4632,23903,801,1038,1099,1170,1056,1113,1226,1449,1496,1903,2163,1796,1497,1237,1410,1537,1100,603,185,22,2,1912,23414,750,938,1064,1066,1021,1008,1081,1252,1414,1670,1860,1537,1362,1264,1565,1842,1377,796,400,131,16,2720
2026,2026-01-01,14340,143405,神奈川県,中郡,gun_agg,,57961,1262,2018,2305,2505,2275,1825,1852,2433,3207,3925,4814,4669,4114,3698,3970,5098,3871,2506,1219,340,55,7991,28123,626,1063,1163,1292,1145,913,947,1198,1586,1990,2462,2437,2097,1810,1881,2310,1721,997,387,96,2,3203,29838,636,955,1142,1213,1130,912,905,1235,1621,1935,2352,2232,2017,1888,2089,2788,2150,1509,832,244,53,4788
2026,2026-01-01,14341,143413,神奈川県,中郡大磯町,town,14341,31169,707,1140,1308,1407,1206,917,989,1235,1788,2153,2694,2500,2156,1945,2146,2768,2042,1268,598,172,30,4110,15182,352,608,655,733,605,458,509,602,877,1101,1395,1317,1122,934,1015,1259,909,507,178,45,1,1640,15987,355,532,653,674,601,459,480,633,911,1052,1299,1183,1034,1011,1131,1509,1133,761,420,127,29,2470
2026,2026-01-01,14342,143421,神奈川県,中郡二宮町,town,14342,26792,555,878,997,1098,1069,908,863,1198,1419,1772,2120,2169,1958,1753,1824,2330,1829,1238,621,168,25,3881,12941,274,455,508,559,540,455,438,596,709,889,1067,1120,975,876,866,1051,812,490,209,51,1,1563,13851,281,423,489,539,529,453,425,602,710,883,1053,1049,983,877,958,1279,1017,748,412,117,24,2318
2026,2026-01-01,14360,143600,神奈川県,足柄上郡,gun_agg,,62799,1751,2283,2551,2811,2735,2518,2556,2966,3571,4309,5276,4708,4148,3796,4414,5105,3572,2257,1099,319,54,7301,30905,862,1166,1284,1407,1400,1343,1332,1539,1856,2267,2718,2448,2119,1934,2090,2327,1536,896,319,55,7,2813,31894,889,1117,1267,1404,1335,1175,1224,1427,1715,2042,2558,2260,2029,1862,2324,2778,2036,1361,780,264,47,4488
2026,2026-01-01,14361,143618,神奈川県,足柄上郡中井町,town,14361,8333,155,214,264,374,356,303,226,320,419,603,734,623,523,555,730,857,574,336,112,46,9,1077,4181,85,111,132,176,186,185,120,164,225,339,375,341,262,288,333,397,264,144,41,12,1,462,4152,70,103,132,198,170,118,106,156,194,264,359,282,261,267,397,460,310,192,71,34,8,615
2026,2026-01-01,14362,143626,神奈川県,足柄上郡大井町,town,14362,17032,531,648,651,841,817,809,749,813,913,1223,1575,1339,1112,911,1073,1274,908,520,255,62,8,1753,8388,256,337,322,416,415,427,396,422,483,635,803,693,559,475,503,566,387,204,80,9,0,680,8644,275,311,329,425,402,382,353,391,430,588,772,646,553,436,570,708,521,316,175,53,8,1073
2026,2026-01-01,14363,143634,神奈川県,足柄上郡松田町,town,14363,10186,245,333,341,357,423,402,410,489,531,625,765,789,759,681,776,864,656,439,220,68,13,1396,5040,117,183,181,185,216,208,220,259,271,339,412,410,405,328,394,399,270,173,58,11,1,513,5146,128,150,160,172,207,194,190,230,260,286,353,379,354,353,382,465,386,266,162,57,12,883
2026,2026-01-01,14364,143642,神奈川県,足柄上郡山北町,town,14364,8954,127,215,323,318,308,267,276,356,415,522,588,628,655,761,854,1013,579,427,246,70,6,1328,4403,67,110,152,163,175,143,152,190,231,287,292,320,345,395,414,476,261,149,68,11,2,491,4551,60,105,171,155,133,124,124,166,184,235,296,308,310,366,440,537,318,278,178,59,4,837
2026,2026-01-01,14366,143669,神奈川県,足柄上郡開成町,town,14366,18294,693,873,972,921,831,737,895,988,1293,1336,1614,1329,1099,888,981,1097,855,535,266,73,18,1747,8893,337,425,497,467,408,380,444,504,646,667,836,684,548,448,446,489,354,226,72,12,3,667,9401,356,448,475,454,423,357,451,484,647,669,778,645,551,440,535,608,501,309,194,61,15,1080
2026,2026-01-01,14380,143804,神奈川県,足柄下郡,gun_agg,,37685,481,712,1011,1237,1571,1259,1175,1255,1475,1953,2776,2921,3054,2917,3386,4061,3137,1977,999,276,52,6441,17926,251,364,539,633,781,654,624,661,782,993,1450,1475,1571,1451,1613,1780,1285,693,266,52,8,2304,19759,230,348,472,604,790,605,551,594,693,960,1326,1446,1483,1466,1773,2281,1852,1284,733,224,44,4137
2026,2026-01-01,14382,143821,神奈川県,足柄下郡箱根町,town,14382,9332,97,171,219,308,637,408,322,349,377,463,650,653,701,704,810,1006,699,442,234,66,16,1457,4549,56,89,108,152,295,226,180,189,227,246,336,346,363,352,405,453,297,158,60,10,1,526,4783,41,82,111,156,342,182,142,160,150,217,314,307,338,352,405,553,402,284,174,56,15,931
2026,2026-01-01,14383,143839,神奈川県,足柄下郡真鶴町,town,14383,6286,75,129,175,174,165,144,184,222,266,301,448,511,578,542,586,700,534,329,161,49,13,1086,2937,38,53,93,81,81,62,104,108,148,142,233,250,279,270,295,311,218,111,46,10,4,389,3349,37,76,82,93,84,82,80,114,118,159,215,261,299,272,291,389,316,218,115,39,9,697
2026,2026-01-01,14384,143847,神奈川県,足柄下郡湯河原町,town,14384,22067,309,412,617,755,769,707,669,684,832,1189,1678,1757,1775,1671,1990,2355,1904,1206,604,161,23,3898,10440,157,222,338,400,405,366,340,364,407,605,881,879,929,829,913,1016,770,424,160,32,3,1389,11627,152,190,279,355,364,341,329,320,425,584,797,878,846,842,1077,1339,1134,782,444,129,20,2509
2026,2026-01-01,14400,144002,神奈川県,愛甲郡,gun_agg,,37792,757,1134,1369,1677,1661,1518,1528,1600,2039,2510,3316,2949,2523,2519,3054,3461,2209,1318,490,136,24,4177,19640,395,578,723,861,940,863,854,902,1121,1356,1857,1655,1321,1304,1528,1654,985,538,175,30,0,1728,18152,362,556,646,816,721,655,674,698,918,1154,1459,1294,1202,1215,1526,1807,1224,780,315,106,24,2449
2026,2026-01-01,14401,144011,神奈川県,愛甲郡愛川町,town,14401,35243,722,1056,1286,1568,1575,1457,1461,1506,1903,2328,3100,2776,2347,2312,2789,3195,2059,1216,446,119,22,3862,18338,380,538,682,809,892,823,816,852,1046,1263,1735,1553,1237,1199,1388,1523,914,502,164,22,0,1602,16905,342,518,604,759,683,634,645,654,857,1065,1365,1223,1110,1113,1401,1672,1145,714,282,97,22,2260
2026,2026-01-01,14402,144029,神奈川県,愛甲郡清川村,village,14402,2549,35,78,83,109,86,61,67,94,136,182,216,173,176,207,265,266,150,102,44,17,2,315,1302,15,40,41,52,48,40,38,50,75,93,122,102,84,105,140,131,71,36,11,8,0,126,1247,20,38,42,57,38,21,29,44,61,89,94,71,92,102,125,135,79,66,33,9,2,189
2026,2026-01-01,15000,150002,新潟県,,pref,,2056841,54653,71918,84932,91208,82738,79847,87989,102381,119653,139853,155132,139079,136796,140525,157973,164421,105778,78742,45424,15282,2517,247743,1002277,27777,36877,43568,46895,43748,42211,45786,52974,61709,72145,79310,70783,68450,69582,75601,76286,44276,28526,12515,2990,268,88575,1054564,26876,35041,41364,44313,38990,37636,42203,49407,57944,67708,75822,68296,68346,70943,82372,88135,61502,50216,32909,12292,2249,159168
2026,2026-01-01,15100,151009,新潟県,新潟市,city_agg,,747445,22229,27755,31548,33600,33047,32048,35219,40156,45899,53316,59693,51482,48427,46478,51860,55077,35392,25025,13960,4516,718,79611,359479,11339,14378,16164,17075,17014,16259,17723,20187,23111,26983,29993,25732,23761,22493,24328,24639,14634,8975,3788,839,64,28300,387966,10890,13377,15384,16525,16033,15789,17496,19969,22788,26333,29700,25750,24666,23985,27532,30438,20758,16050,10172,3677,654,51311
2026,2026-01-01,15101,151017,新潟県,新潟市北区,ward,15100,68388,1758,2406,2965,3241,2960,2579,2810,3534,4100,4837,5262,4483,4483,4442,5505,5694,3413,2237,1255,360,64,7329,33306,888,1274,1538,1672,1537,1323,1461,1821,2068,2552,2662,2264,2218,2185,2593,2587,1464,827,315,52,5,2663,35082,870,1132,1427,1569,1423,1256,1349,1713,2032,2285,2600,2219,2265,2257,2912,3107,1949,1410,940,308,59,4666
2026,2026-01-01,15102,151025,新潟県,新潟市東区,ward,15100,128520,3908,4729,5336,5698,5480,5993,6586,7038,7941,9066,10705,9086,7984,7281,8523,9422,6270,4435,2274,666,99,13744,61919,2038,2428,2760,2891,2787,3012,3351,3581,4026,4513,5462,4585,3933,3491,3880,4228,2581,1586,651,130,5,4953,66601,1870,2301,2576,2807,2693,2981,3235,3457,3915,4553,5243,4501,4051,3790,4643,5194,3689,2849,1623,536,94,8791
2026,2026-01-01,15103,151033,新潟県,新潟市中央区,ward,15100,168848,5077,5861,6671,7126,8212,8812,8964,9471,10528,12189,14170,12562,11493,9970,9851,11136,7395,5231,2957,1005,167,16755,79847,2579,3030,3459,3573,4080,4445,4408,4681,5119,6007,6934,6180,5627,4775,4522,4710,2924,1767,827,190,10,5718,89001,2498,2831,3212,3553,4132,4367,4556,4790,5409,6182,7236,6382,5866,5195,5329,6426,4471,3464,2130,815,157,11037
2026,2026-01-01,15104,151041,新潟県,新潟市江南区,ward,15100,66753,2353,2826,3011,3073,2714,2781,3333,3815,4152,4989,5258,4270,3774,4000,4624,4988,3163,2105,1113,346,65,6792,32511,1230,1507,1537,1580,1384,1420,1664,1947,2116,2533,2698,2177,1868,1922,2170,2281,1340,795,284,52,6,2477,34242,1123,1319,1474,1493,1330,1361,1669,1868,2036,2456,2560,2093,1906,2078,2454,2707,1823,1310,829,294,59,4315
2026,2026-01-01,15105,151050,新潟県,新潟市秋葉区,ward,15100,72891,2229,2794,3189,3344,2964,2823,3137,3764,4451,5156,5632,4729,4608,4658,5537,5552,3494,2641,1544,558,87,8324,35127,1136,1434,1616,1674,1539,1467,1585,1885,2254,2633,2843,2380,2214,2294,2673,2558,1461,958,400,113,10,2942,37764,1093,1360,1573,1670,1425,1356,1552,1879,2197,2523,2789,2349,2394,2364,2864,2994,2033,1683,1144,445,77,5382
2026,2026-01-01,15106,151068,新潟県,新潟市南区,ward,15100,41292,1082,1530,1761,1769,1540,1530,1821,2226,2600,2934,2964,2769,2985,3184,3337,3107,1680,1382,797,253,41,4153,20166,549,751,876,881,769,785,943,1172,1374,1558,1483,1420,1474,1572,1636,1461,719,499,193,45,6,1462,21126,533,779,885,888,771,745,878,1054,1226,1376,1481,1349,1511,1612,1701,1646,961,883,604,208,35,2691
2026,2026-01-01,15107,151076,新潟県,新潟市西区,ward,15100,149508,4650,5967,6638,7156,7281,5797,6556,7881,9084,10871,11932,10147,9409,8964,9992,10846,7431,5004,2830,927,145,16337,71786,2336,3113,3350,3664,3917,2902,3254,3843,4585,5518,5959,5029,4595,4292,4637,4793,3095,1860,834,191,19,5999,77722,2314,2854,3288,3492,3364,2895,3302,4038,4499,5353,5973,5118,4814,4672,5355,6053,4336,3144,1996,736,126,10338
2026,2026-01-01,15108,151084,新潟県,新潟市西蒲区,ward,15100,51245,1172,1642,1977,2193,1896,1733,2012,2427,3043,3274,3770,3436,3691,3979,4491,4332,2546,1990,1190,401,50,6177,24817,583,841,1028,1140,1001,905,1057,1257,1569,1669,1952,1697,1832,1962,2217,2021,1050,683,284,66,3,2086,26428,589,801,949,1053,895,828,955,1170,1474,1605,1818,1739,1859,2017,2274,2311,1496,1307,906,335,47,4091
2026,2026-01-01,15202,152021,新潟県,長岡市,city,15202,249130,7035,9091,10659,11466,10605,10137,10994,12521,14839,17353,19237,16840,15889,16449,18371,19161,12295,9089,5083,1757,259,28483,122361,3560,4654,5480,5865,5651,5427,5784,6535,7727,8959,9926,8591,7951,8126,8690,8940,5205,3429,1459,372,30,10495,126769,3475,4437,5179,5601,4954,4710,5210,5986,7112,8394,9311,8249,7938,8323,9681,10221,7090,5660,3624,1385,229,17988
2026,2026-01-01,15204,152048,新潟県,三条市,city,15204,88897,2246,3081,3648,3896,3525,3355,3669,4452,5062,6134,6821,6076,6109,6005,6981,7127,4674,3469,1885,593,89,10710,43237,1173,1511,1905,1993,1848,1754,1891,2345,2612,3141,3485,3081,3001,2968,3297,3354,1933,1287,526,122,10,3878,45660,1073,1570,1743,1903,1677,1601,1778,2107,2450,2993,3336,2995,3108,3037,3684,3773,2741,2182,1359,471,79,6832
2026,2026-01-01,15205,152056,新潟県,柏崎市,city,15205,73861,1658,2310,2855,3159,2822,2709,2812,3513,4052,4916,5535,5018,5450,5528,5983,6209,3984,2939,1718,589,102,9332,36710,835,1177,1471,1637,1524,1540,1504,1911,2191,2622,2864,2645,2784,2823,2912,2915,1686,1076,453,124,16,3355,37151,823,1133,1384,1522,1298,1169,1308,1602,1861,2294,2671,2373,2666,2705,3071,3294,2298,1863,1265,465,86,5977
2026,2026-01-01,15206,152064,新潟県,新発田市,city,15206,89549,2474,3308,3969,4010,3508,3312,4044,4690,5394,5973,6303,5740,6095,6447,7027,7110,4217,3348,1918,592,70,10145,43816,1253,1752,2023,2071,1860,1834,2106,2442,2818,3129,3237,2965,3024,3203,3347,3314,1666,1138,505,124,5,3438,45733,1221,1556,1946,1939,1648,1478,1938,2248,2576,2844,3066,2775,3071,3244,3680,3796,2551,2210,1413,468,65,6707
2026,2026-01-01,15208,152081,新潟県,小千谷市,city,15208,31559,735,1019,1250,1502,1128,1165,1108,1451,1753,2123,2330,2194,1931,2182,2584,2816,1811,1396,780,258,43,4288,15622,352,498,641,771,607,633,625,776,915,1151,1221,1176,999,1037,1260,1354,765,538,242,57,4,1606,15937,383,521,609,731,521,532,483,675,838,972,1109,1018,932,1145,1324,1462,1046,858,538,201,39,2682
2026,2026-01-01,15209,152099,新潟県,加茂市,city,15209,23465,426,628,837,922,879,762,820,961,1223,1510,1676,1614,1716,1911,2073,2177,1447,1042,614,183,44,3330,11445,235,287,441,486,494,431,432,536,636,785,872,815,864,944,998,987,616,361,184,37,4,1202,12020,191,341,396,436,385,331,388,425,587,725,804,799,852,967,1075,1190,831,681,430,146,40,2128
2026,2026-01-01,15210,152102,新潟県,十日町市,city,15210,45582,892,1364,1807,1989,1432,1318,1485,1795,2276,2770,3193,2967,3059,3371,4132,4337,2925,2347,1422,570,131,7395,22446,447,702,906,1040,760,724,829,953,1195,1460,1691,1585,1553,1746,2009,2093,1252,906,464,111,20,2753,23136,445,662,901,949,672,594,656,842,1081,1310,1502,1382,1506,1625,2123,2244,1673,1441,958,459,111,4642
2026,2026-01-01,15211,152111,新潟県,見附市,city,15211,37197,1018,1352,1566,1597,1345,1344,1557,1834,2235,2510,2768,2457,2508,2738,2797,3028,2000,1456,809,250,28,4543,18185,523,718,807,797,722,704,774,969,1118,1331,1389,1241,1276,1346,1341,1420,868,522,256,61,2,1709,19012,495,634,759,800,623,640,783,865,1117,1179,1379,1216,1232,1392,1456,1608,1132,934,553,189,26,2834
2026,2026-01-01,15212,152129,新潟県,村上市,city,15212,51695,1027,1519,1870,2009,1680,1577,1795,2082,2521,3171,3581,3554,3755,3938,4690,4858,3274,2595,1661,476,62,8068,24944,494,747,936,1046,950,863,988,1119,1322,1647,1864,1792,1937,1976,2218,2241,1324,938,442,96,4,2804,26751,533,772,934,963,730,714,807,963,1199,1524,1717,1762,1818,1962,2472,2617,1950,1657,1219,380,58,5264
2026,2026-01-01,15213,152137,新潟県,燕市,city,15213,74407,2121,2541,3045,3272,2875,3139,3556,3946,4490,5099,5808,5388,4941,4727,5329,5640,3786,2834,1386,407,77,8490,36404,1071,1335,1523,1661,1496,1665,1866,2051,2311,2639,2953,2751,2477,2389,2578,2517,1593,1061,390,71,6,3121,38003,1050,1206,1522,1611,1379,1474,1690,1895,2179,2460,2855,2637,2464,2338,2751,3123,2193,1773,996,336,71,5369
2026,2026-01-01,15216,152161,新潟県,糸魚川市,city,15216,36440,729,1013,1326,1530,1074,1073,1261,1446,1843,2154,2570,2554,2481,2740,3185,3471,2502,1904,1157,366,61,5990,17983,368,518,683,821,598,622,697,811,957,1180,1336,1303,1342,1402,1564,1576,1077,719,320,79,10,2205,18457,361,495,643,709,476,451,564,635,886,974,1234,1251,1139,1338,1621,1895,1425,1185,837,287,51,3785
2026,2026-01-01,15217,152170,新潟県,妙高市,city,15217,28221,638,898,1081,1164,1002,994,1009,1262,1425,1697,1928,1943,2174,2157,2338,2475,1561,1301,817,296,61,4036,13853,335,460,581,626,535,552,541,665,743,895,1009,984,1107,1068,1170,1183,667,442,222,58,10,1399,14368,303,438,500,538,467,442,468,597,682,802,919,959,1067,1089,1168,1292,894,859,595,238,51,2637
2026,2026-01-01,15218,152188,新潟県,五泉市,city,15218,44040,896,1317,1668,1833,1733,1492,1589,1907,2431,2907,3191,2973,3110,3231,3764,4070,2502,1947,1032,380,67,5928,21422,465,683,867,944,910,801,868,991,1286,1532,1644,1549,1548,1581,1782,1891,1065,652,288,63,12,2080,22618,431,634,801,889,823,691,721,916,1145,1375,1547,1424,1562,1650,1982,2179,1437,1295,744,317,55,3848
2026,2026-01-01,15222,152226,新潟県,上越市,city,15222,175345,4717,6158,7451,8121,7036,6949,7486,8679,9932,11736,13078,11688,11340,12033,13447,14046,9130,6671,4018,1388,241,21448,86446,2400,3112,3899,4180,3867,3804,4017,4521,5189,6072,6736,6009,5720,6025,6509,6716,3876,2468,1060,245,21,7670,88899,2317,3046,3552,3941,3169,3145,3469,4158,4743,5664,6342,5679,5620,6008,6938,7330,5254,4203,2958,1143,220,13778
2026,2026-01-01,15223,152234,新潟県,阿賀野市,city,15223,38020,943,1343,1565,1641,1386,1326,1517,1877,2313,2551,2627,2350,2610,2998,3400,3146,1804,1374,896,295,58,4427,18552,469,689,771,895,720,698,808,970,1193,1355,1380,1167,1318,1482,1666,1471,766,454,225,50,5,1500,19468,474,654,794,746,666,628,709,907,1120,1196,1247,1183,1292,1516,1734,1675,1038,920,671,245,53,2927
2026,2026-01-01,15224,152242,新潟県,佐渡市,city,15224,46464,881,1334,1762,1886,1354,1395,1506,1840,2316,2695,2914,2897,3384,3892,4044,4623,2920,2559,1627,535,100,7741,22754,446,681,926,1013,740,757,827,971,1249,1417,1548,1547,1742,1991,2022,2243,1187,879,444,110,14,2634,23710,435,653,836,873,614,638,679,869,1067,1278,1366,1350,1642,1901,2022,2380,1733,1680,1183,425,86,5107
2026,2026-01-01,15225,152251,新潟県,魚沼市,city,15225,31451,687,1060,1136,1336,1091,978,1057,1350,1740,1969,2035,2062,2141,2640,3063,2643,1786,1398,862,359,58,4463,15462,347,532,567,688,589,513,588,686,913,1056,1043,1052,1108,1357,1502,1328,750,527,239,71,6,1593,15989,340,528,569,648,502,465,469,664,827,913,992,1010,1033,1283,1561,1315,1036,871,623,288,52,2870
2026,2026-01-01,15226,152269,新潟県,南魚沼市,city,15226,50054,1238,1833,2193,2368,1819,1731,2041,2277,2955,3475,3434,3105,3192,3756,4516,4076,2410,1869,1166,522,78,6045,24726,636,913,1106,1223,998,929,1086,1227,1565,1775,1740,1576,1606,1880,2244,2009,1034,714,340,115,10,2213,25328,602,920,1087,1145,821,802,955,1050,1390,1700,1694,1529,1586,1876,2272,2067,1376,1155,826,407,68,3832
2026,2026-01-01,15227,152277,新潟県,胎内市,city,15227,25870,570,816,1045,1080,1012,864,999,1249,1359,1652,1737,1680,1741,1998,2283,2337,1532,1001,637,242,36,3448,12699,309,410,541,580,537,496,540,659,717,857,895,864,858,1000,1081,1124,666,348,160,54,3,1231,13171,261,406,504,500,475,368,459,590,642,795,842,816,883,998,1202,1213,866,653,477,188,33,2217
2026,2026-01-01,15300,153001,新潟県,北蒲原郡,gun_agg,,13666,559,683,732,747,599,615,720,857,927,912,918,873,794,833,909,873,484,353,192,76,10,1115,6842,267,366,374,407,358,339,344,431,503,485,470,462,427,408,452,394,202,103,37,12,1,355,6824,292,317,358,340,241,276,376,426,424,427,448,411,367,425,457,479,282,250,155,64,9,760
2026,2026-01-01,15307,153079,新潟県,北蒲原郡聖籠町,town,15307,13666,559,683,732,747,599,615,720,857,927,912,918,873,794,833,909,873,484,353,192,76,10,1115,6842,267,366,374,407,358,339,344,431,503,485,470,462,427,408,452,394,202,103,37,12,1,355,6824,292,317,358,340,241,276,376,426,424,427,448,411,367,425,457,479,282,250,155,64,9,760
2026,2026-01-01,15340,153401,新潟県,西蒲原郡,gun_agg,,7345,149,231,311,363,296,239,235,308,416,563,625,525,518,490,638,613,371,265,131,50,8,825,3562,69,111,155,188,143,126,127,153,229,280,314,282,259,238,298,299,153,98,29,10,1,291,3783,80,120,156,175,153,113,108,155,187,283,311,243,259,252,340,314,218,167,102,40,7,534
2026,2026-01-01,15342,153427,新潟県,西蒲原郡弥彦村,village,15342,7345,149,231,311,363,296,239,235,308,416,563,625,525,518,490,638,613,371,265,131,50,8,825,3562,69,111,155,188,143,126,127,153,229,280,314,282,259,238,298,299,153,98,29,10,1,291,3783,80,120,156,175,153,113,108,155,187,283,311,243,259,252,340,314,218,167,102,40,7,534
2026,2026-01-01,15360,153605,新潟県,南蒲原郡,gun_agg,,10346,183,247,375,412,370,319,373,425,542,651,813,736,714,795,987,1013,641,451,224,64,11,1391,4993,81,125,195,219,186,174,180,233,283,338,428,361,338,417,471,477,264,162,51,10,0,487,5353,102,122,180,193,184,145,193,192,259,313,385,375,376,378,516,536,377,289,173,54,11,904
2026,2026-01-01,15361,153613,新潟県,南蒲原郡田上町,town,15361,10346,183,247,375,412,370,319,373,425,542,651,813,736,714,795,987,1013,641,451,224,64,11,1391,4993,81,125,195,219,186,174,180,233,283,338,428,361,338,417,471,477,264,162,51,10,0,487,5353,102,122,180,193,184,145,193,192,259,313,385,375,376,378,516,536,377,289,173,54,11,904
2026,2026-01-01,15380,153800,新潟県,東蒲原郡,gun_agg,,8669,104,157,191,281,242,230,207,247,306,417,525,573,670,734,875,958,647,695,442,143,25,1952,4247,62,78,101,157,131,122,118,150,166,216,280,303,374,394,464,488,264,237,114,23,5,643,4422,42,79,90,124,111,108,89,97,140,201,245,270,296,340,411,470,383,458,328,120,20,1309
2026,2026-01-01,15385,153851,新潟県,東蒲原郡阿賀町,town,15385,8669,104,157,191,281,242,230,207,247,306,417,525,573,670,734,875,958,647,695,442,143,25,1952,4247,62,78,101,157,131,122,118,150,166,216,280,303,374,394,464,488,264,237,114,23,5,643,4422,42,79,90,124,111,108,89,97,140,201,245,270,296,340,411,470,383,458,328,120,20,1309
2026,2026-01-01,15400,154008,新潟県,三島郡,gun_agg,,3746,50,98,137,137,113,82,102,182,172,214,204,232,294,313,345,396,235,203,162,64,11,675,1826,33,55,46,66,66,42,57,106,90,114,109,118,147,171,174,201,111,64,42,13,1,231,1920,17,43,91,71,47,40,45,76,82,100,95,114,147,142,171,195,124,139,120,51,10,444
2026,2026-01-01,15405,154059,新潟県,三島郡出雲崎町,town,15405,3746,50,98,137,137,113,82,102,182,172,214,204,232,294,313,345,396,235,203,162,64,11,675,1826,33,55,46,66,66,42,57,106,90,114,109,118,147,171,174,201,111,64,42,13,1,231,1920,17,43,91,71,47,40,45,76,82,100,95,114,147,142,171,195,124,139,120,51,10,444
2026,2026-01-01,15460,154601,新潟県,南魚沼郡,gun_agg,,7388,141,212,235,243,220,237,291,289,342,445,564,514,566,626,694,717,458,335,187,63,9,1052,3848,70,113,118,116,133,130,160,161,178,227,325,280,314,342,395,378,214,126,57,11,0,408,3540,71,99,117,127,87,107,131,128,164,218,239,234,252,284,299,339,244,209,130,52,9,644
2026,2026-01-01,15461,154610,新潟県,南魚沼郡湯沢町,town,15461,7388,141,212,235,243,220,237,291,289,342,445,564,514,566,626,694,717,458,335,187,63,9,1052,3848,70,113,118,116,133,130,160,161,178,227,325,280,314,342,395,378,214,126,57,11,0,408,3540,71,99,117,127,87,107,131,128,164,218,239,234,252,284,299,339,244,209,130,52,9,644
2026,2026-01-01,15480,154806,新潟県,中魚沼郡,gun_agg,,8075,160,251,302,290,246,196,240,374,393,409,457,517,535,765,789,647,491,454,345,163,51,1504,3989,68,130,152,153,135,114,131,200,210,221,249,274,287,395,405,333,235,168,90,37,2,532,4086,92,121,150,137,111,82,109,174,183,188,208,243,248,370,384,314,256,286,255,126,49,972
2026,2026-01-01,15482,154822,新潟県,中魚沼郡津南町,town,15482,8075,160,251,302,290,246,196,240,374,393,409,457,517,535,765,789,647,491,454,345,163,51,1504,3989,68,130,152,153,135,114,131,200,210,221,249,274,287,395,405,333,235,168,90,37,2,532,4086,92,121,150,137,111,82,109,174,183,188,208,243,248,370,384,314,256,286,255,126,49,972
2026,2026-01-01,15500,155004,新潟県,刈羽郡,gun_agg,,4091,87,172,191,180,146,127,158,217,277,278,282,233,271,317,387,325,180,155,84,23,1,443,2092,43,81,101,90,88,78,86,115,160,149,159,126,139,149,180,177,73,60,31,7,0,171,1999,44,91,90,90,58,49,72,102,117,129,123,107,132,168,207,148,107,95,53,16,1,272
2026,2026-01-01,15504,155047,新潟県,刈羽郡刈羽村,village,15504,4091,87,172,191,180,146,127,158,217,277,278,282,233,271,317,387,325,180,155,84,23,1,443,2092,43,81,101,90,88,78,86,115,160,149,159,126,139,149,180,177,73,60,31,7,0,171,1999,44,91,90,90,58,49,72,102,117,129,123,107,132,168,207,148,107,95,53,16,1,272
2026,2026-01-01,15580,155802,新潟県,岩船郡,gun_agg,,4823,60,127,177,174,153,134,139,194,220,253,285,294,381,433,482,452,319,267,209,62,8,865,2332,27,61,88,87,88,80,89,100,122,129,150,152,189,231,244,224,130,74,57,8,2,271,2491,33,66,89,87,65,54,50,94,98,124,135,142,192,202,238,228,189,193,152,54,6,594
2026,2026-01-01,15581,155811,新潟県,岩船郡関川村,village,15581,4518,56,120,157,166,148,113,128,183,207,237,274,280,357,405,446,431,299,250,196,57,8,810,2179,24,56,85,83,85,65,80,97,115,120,141,144,177,217,223,211,123,71,52,8,2,256,2339,32,64,72,83,63,48,48,86,92,117,133,136,180,188,223,220,176,179,144,49,6,554
2026,2026-01-01,15586,155861,新潟県,岩船郡粟島浦村,village,15586,305,4,7,20,8,5,21,11,11,13,16,11,14,24,28,36,21,20,17,13,5,0,55,153,3,5,3,4,3,15,9,3,7,9,9,8,12,14,21,13,7,3,5,0,0,15,152,1,2,17,4,2,6,2,8,6,7,2,6,12,14,15,8,13,14,8,5,0,40
2026,2026-01-01,16000,160008,富山県,,pref,,972868,27719,34495,38846,42707,42451,41491,41587,45984,54069,65326,80888,67597,61961,59822,67138,82444,54568,35487,20558,6648,1082,118343,473980,14164,17771,19974,22030,22459,21968,22159,24258,28247,34119,41877,34318,30704,29033,31484,37356,22682,12709,5344,1235,89,42059,498888,13555,16724,18872,20677,19992,19523,19428,21726,25822,31207,39011,33279,31257,30789,35654,45088,31886,22778,15214,5413,993,76284
2026,2026-01-01,16201,162019,富山県,富山市,city,16201,391177,11975,14669,16039,17509,18161,18550,18284,19610,22802,26821,33050,27638,24582,22625,25059,29988,20608,13226,7381,2225,375,43815,190852,6093,7510,8152,9020,9545,9759,9664,10248,11863,13970,16925,14129,12145,10952,11798,13442,8423,4834,1942,409,29,15637,200325,5882,7159,7887,8489,8616,8791,8620,9362,10939,12851,16125,13509,12437,11673,13261,16546,12185,8392,5439,1816,346,28178
2026,2026-01-01,16202,162027,富山県,高岡市,city,16202,156489,4346,5361,5987,6320,6472,6636,6496,7341,8570,10381,13086,10962,10080,9498,10865,14143,9346,5928,3336,1146,189,19945,75969,2154,2803,3071,3279,3443,3482,3418,3912,4446,5425,6892,5464,5082,4529,5025,6354,3921,2118,904,233,14,7190,80520,2192,2558,2916,3041,3029,3154,3078,3429,4124,4956,6194,5498,4998,4969,5840,7789,5425,3810,2432,913,175,12755
2026,2026-01-01,16204,162043,富山県,魚津市,city,16204,37384,921,1156,1355,1557,1573,1541,1711,1614,1921,2442,3250,2789,2368,2249,2649,3407,2292,1471,823,254,41,4881,18309,464,599,672,794,865,855,986,877,999,1282,1698,1458,1203,1089,1252,1492,937,522,216,48,1,1724,19075,457,557,683,763,708,686,725,737,922,1160,1552,1331,1165,1160,1397,1915,1355,949,607,206,40,3157
2026,2026-01-01,16205,162051,富山県,氷見市,city,16205,40483,859,1086,1367,1578,1513,1239,1282,1594,1998,2533,3176,2721,2710,3036,3503,4252,2646,1801,1159,370,60,6036,19493,441,554,722,788,798,682,688,869,1082,1364,1711,1369,1297,1482,1635,1982,1069,595,292,63,10,2029,20990,418,532,645,790,715,557,594,725,916,1169,1465,1352,1413,1554,1868,2270,1577,1206,867,307,50,4007
2026,2026-01-01,16206,162060,富山県,滑川市,city,16206,31682,1073,1311,1340,1450,1404,1425,1473,1631,1834,2169,2645,2275,1935,1834,1977,2416,1638,1037,600,187,28,3490,15549,556,669,713,761,740,794,789,855,948,1108,1362,1173,977,913,912,1081,656,348,162,30,2,1198,16133,517,642,627,689,664,631,684,776,886,1061,1283,1102,958,921,1065,1335,982,689,438,157,26,2292
2026,2026-01-01,16207,162078,富山県,黒部市,city,16207,38141,1085,1364,1599,1778,1672,1612,1613,1927,2090,2515,3106,2557,2499,2478,2531,3102,2089,1430,785,264,45,4613,18905,582,715,825,952,946,903,870,1052,1096,1317,1634,1280,1242,1256,1198,1421,871,504,194,44,3,1616,19236,503,649,774,826,726,709,743,875,994,1198,1472,1277,1257,1222,1333,1681,1218,926,591,220,42,2997
2026,2026-01-01,16208,162086,富山県,砺波市,city,16208,45425,1401,1635,2008,2213,2118,2060,2122,2144,2575,3280,3847,3106,2738,2682,3052,3590,2152,1441,907,302,52,4854,22239,728,826,1039,1130,1132,1076,1142,1122,1336,1741,1944,1527,1391,1270,1408,1733,881,535,223,53,2,1694,23186,673,809,969,1083,986,984,980,1022,1239,1539,1903,1579,1347,1412,1644,1857,1271,906,684,249,50,3160
2026,2026-01-01,16209,162094,富山県,小矢部市,city,16209,26455,663,871,989,1052,991,837,920,1185,1382,1698,1995,1642,1775,1968,2183,2586,1635,1072,707,263,41,3718,12983,351,452,527,516,507,468,492,646,732,903,1046,848,856,967,1044,1251,734,375,211,52,5,1377,13472,312,419,462,536,484,369,428,539,650,795,949,794,919,1001,1139,1335,901,697,496,211,36,2341
2026,2026-01-01,16210,162108,富山県,南砺市,city,16210,44072,975,1390,1702,1840,1658,1356,1420,1727,2247,2787,3152,2680,2900,3228,3682,4580,2685,2122,1320,533,88,6748,21329,498,687,889,943,873,726,783,928,1162,1454,1662,1366,1421,1593,1768,2213,1160,738,336,117,12,2363,22743,477,703,813,897,785,630,637,799,1085,1333,1490,1314,1479,1635,1914,2367,1525,1384,984,416,76,4385
2026,2026-01-01,16211,162116,富山県,射水市,city,16211,85527,2734,3282,3680,4192,3912,3599,3669,4091,4795,5861,7421,5765,5076,5000,5666,7291,4578,2813,1542,498,62,9493,41642,1431,1729,1943,2186,2028,1820,1894,2110,2528,3016,3779,2976,2492,2408,2619,3231,1983,992,378,95,4,3452,43885,1303,1553,1737,2006,1884,1779,1775,1981,2267,2845,3642,2789,2584,2592,3047,4060,2595,1821,1164,403,58,6041
2026,2026-01-01,16320,163201,富山県,中新川郡,gun_agg,,44913,1158,1556,1707,1998,1888,1676,1720,1956,2326,2970,3813,3270,2951,2880,3333,3919,2700,1750,1029,267,46,5792,21766,604,806,869,1042,992,873,929,1026,1221,1547,1981,1621,1438,1408,1583,1755,1130,631,272,36,2,2071,23147,554,750,838,956,896,803,791,930,1105,1423,1832,1649,1513,1472,1750,2164,1570,1119,757,231,44,3721
2026,2026-01-01,16321,163210,富山県,中新川郡舟橋村,village,16321,3266,162,188,169,210,157,149,208,178,186,240,329,258,225,136,130,121,94,85,31,8,2,220,1629,89,95,89,106,81,72,99,93,91,116,169,134,115,78,60,61,44,31,5,1,0,81,1637,73,93,80,104,76,77,109,85,95,124,160,124,110,58,70,60,50,54,26,7,2,139
2026,2026-01-01,16322,163228,富山県,中新川郡上市町,town,16322,17979,353,522,616,708,721,615,614,706,858,1140,1488,1386,1254,1184,1399,1808,1212,780,490,109,16,2607,8677,197,264,316,377,380,321,346,370,468,604,784,683,611,576,645,801,495,294,130,15,0,934,9302,156,258,300,331,341,294,268,336,390,536,704,703,643,608,754,1007,717,486,360,94,16,1673
2026,2026-01-01,16323,163236,富山県,中新川郡立山町,town,16323,23668,643,846,922,1080,1010,912,898,1072,1282,1590,1996,1626,1472,1560,1804,1990,1394,885,508,150,28,2965,11460,318,447,464,559,531,480,484,563,662,827,1028,804,712,754,878,893,591,306,137,20,2,1056,12208,325,399,458,521,479,432,414,509,620,763,968,822,760,806,926,1097,803,579,371,130,26,1909
2026,2026-01-01,16340,163406,富山県,下新川郡,gun_agg,,31120,529,814,1073,1220,1089,960,877,1164,1529,1869,2347,2192,2347,2344,2638,3170,2199,1396,969,339,55,4958,14944,262,421,552,619,590,530,504,613,834,992,1243,1107,1160,1166,1242,1401,917,517,214,55,5,1708,16176,267,393,521,601,499,430,373,551,695,877,1104,1085,1187,1178,1396,1769,1282,879,755,284,50,3250
2026,2026-01-01,16342,163422,富山県,下新川郡入善町,town,16342,21214,395,584,758,892,784,711,605,849,1126,1353,1689,1480,1566,1589,1755,2053,1344,844,586,215,36,3025,10227,192,306,381,452,413,394,354,439,603,718,895,762,765,789,825,913,558,309,127,28,4,1026,10987,203,278,377,440,371,317,251,410,523,635,794,718,801,800,930,1140,786,535,459,187,32,1999
2026,2026-01-01,16343,163431,富山県,下新川郡朝日町,town,16343,9906,134,230,315,328,305,249,272,315,403,516,658,712,781,755,883,1117,855,552,383,124,19,1933,4717,70,115,171,167,177,136,150,174,231,274,348,345,395,377,417,488,359,208,87,27,1,682,5189,64,115,144,161,128,113,122,141,172,242,310,367,386,378,466,629,496,344,296,97,18,1251
2026,2026-01-01,17000,170003,石川県,,pref,,1066956,33172,41310,46731,50326,51739,47549,48591,53066,60765,72412,87640,72999,67136,64591,69269,84391,54380,34105,19393,6366,1025,115269,517094,16865,21319,23966,25688,27277,24816,25023,27130,31025,37047,44507,36291,32751,31030,32484,38368,22793,12297,5144,1165,108,41507,549862,16307,19991,22765,24638,24462,22733,23568,25936,29740,35365,43133,36708,34385,33561,36785,46023,31587,21808,14249,5201,917,73762
2026,2026-01-01,17201,172014,石川県,金沢市,city,17201,432853,13548,16998,19318,20737,23017,20949,20872,22749,26087,30618,36858,30282,27015,25109,25404,31153,20134,12320,7023,2289,373,42139,208609,6784,8652,9911,10636,12142,10748,10660,11465,13070,15456,18471,14941,13064,11954,11809,13843,8344,4338,1861,416,44,15003,224244,6764,8346,9407,10101,10875,10201,10212,11284,13017,15162,18387,15341,13951,13155,13595,17310,11790,7982,5162,1873,329,27136
2026,2026-01-01,17202,172022,石川県,七尾市,city,17202,44474,855,1238,1646,1894,1645,1435,1491,1639,2078,2747,3366,2908,3135,3392,3944,4680,2903,1897,1146,385,50,6381,21497,421,674,865,969,820,806,797,881,1106,1434,1760,1472,1540,1677,1861,2146,1247,660,287,69,5,2268,22977,434,564,781,925,825,629,694,758,972,1313,1606,1436,1595,1715,2083,2534,1656,1237,859,316,45,4113
2026,2026-01-01,17203,172031,石川県,小松市,city,17203,101336,3449,4178,4650,4898,4931,4724,4924,5195,5632,6768,8202,6957,6433,5719,6006,7758,5260,3227,1757,574,94,10912,49493,1744,2177,2374,2448,2576,2598,2617,2668,2990,3475,4195,3409,3136,2711,2791,3508,2226,1212,503,127,8,4076,51843,1705,2001,2276,2450,2355,2126,2307,2527,2642,3293,4007,3548,3297,3008,3215,4250,3034,2015,1254,447,86,6836
2026,2026-01-01,17204,172049,石川県,輪島市,city,17204,19491,265,391,498,642,576,472,480,582,779,1027,1214,1168,1447,1700,1962,2410,1548,1219,775,283,53,3878,9307,127,212,252,350,317,261,251,311,418,580,646,588,738,863,974,1084,619,438,213,56,9,1335,10184,138,179,246,292,259,211,229,271,361,447,568,580,709,837,988,1326,929,781,562,227,44,2543
2026,2026-01-01,17205,172057,石川県,珠洲市,city,17205,10332,129,196,242,292,288,246,239,255,371,525,608,670,725,831,1184,1334,932,663,434,139,29,2197,4887,57,90,125,136,158,134,136,146,220,278,329,364,391,393,594,617,375,208,109,24,3,719,5445,72,106,117,156,130,112,103,109,151,247,279,306,334,438,590,717,557,455,325,115,26,1478
2026,2026-01-01,17206,172065,石川県,加賀市,city,17206,59121,1439,1909,2308,2600,2393,2202,2165,2494,3057,3658,4761,4156,4071,4020,4464,5648,3573,2362,1336,449,56,7776,28238,758,995,1195,1320,1207,1184,1142,1294,1548,1935,2443,2114,1956,1892,2022,2511,1467,847,333,69,6,2722,30883,681,914,1113,1280,1186,1018,1023,1200,1509,1723,2318,2042,2115,2128,2442,3137,2106,1515,1003,380,50,5054
2026,2026-01-01,17207,172073,石川県,羽咋市,city,17207,19052,426,523,667,722,727,621,645,712,881,1164,1476,1297,1238,1363,1633,1988,1378,862,512,196,21,2969,9075,213,255,346,349,380,315,334,376,450,604,763,674,603,643,777,939,585,313,123,32,1,1054,9977,213,268,321,373,347,306,311,336,431,560,713,623,635,720,856,1049,793,549,389,164,20,1915
2026,2026-01-01,17209,172090,石川県,かほく市,city,17209,35937,1679,1734,1652,1535,1630,1798,2070,2045,1989,2193,2781,2428,2112,1835,2082,2689,1768,1113,610,169,25,3685,17410,856,892,848,792,821,909,1047,1047,1017,1075,1404,1203,1071,894,968,1245,727,413,153,26,2,1321,18527,823,842,804,743,809,889,1023,998,972,1118,1377,1225,1041,941,1114,1444,1041,700,457,143,23,2364
2026,2026-01-01,17210,172103,石川県,白山市,city,17210,109922,3977,4998,5193,5479,4913,4498,5066,5972,6712,7796,9037,7241,6465,6505,7239,8447,5153,2971,1626,541,93,10384,53478,2029,2528,2611,2748,2516,2268,2545,3035,3459,4034,4578,3644,3113,3089,3406,3921,2286,1108,448,102,10,3954,56444,1948,2470,2582,2731,2397,2230,2521,2937,3253,3762,4459,3597,3352,3416,3833,4526,2867,1863,1178,439,83,6430
2026,2026-01-01,17211,172111,石川県,能美市,city,17211,47956,1748,2004,2326,2563,2506,2375,2212,2342,2815,3411,4361,3356,2854,2529,2641,3314,2259,1340,727,233,40,4599,23618,905,1034,1200,1300,1336,1292,1133,1216,1418,1746,2234,1688,1395,1243,1234,1520,953,514,201,53,3,1724,24338,843,970,1126,1263,1170,1083,1079,1126,1397,1665,2127,1668,1459,1286,1407,1794,1306,826,526,180,37,2875
2026,2026-01-01,17212,172120,石川県,野々市市,city,17212,54095,2252,2566,2803,2954,3574,3397,3348,3346,3790,4268,4632,3294,2641,2298,2545,2947,1776,992,472,171,29,3440,27174,1169,1354,1439,1580,2117,1804,1701,1713,1965,2171,2390,1606,1303,1068,1152,1382,738,375,121,24,2,1260,26921,1083,1212,1364,1374,1457,1593,1647,1633,1825,2097,2242,1688,1338,1230,1393,1565,1038,617,351,147,27,2180
2026,2026-01-01,17320,173207,石川県,能美郡,gun_agg,,6002,241,263,351,431,357,244,267,297,346,425,572,425,318,304,310,367,199,158,93,30,4,484,2974,119,146,187,228,195,119,129,155,176,205,285,211,155,148,159,180,86,56,26,8,1,177,3028,122,117,164,203,162,125,138,142,170,220,287,214,163,156,151,187,113,102,67,22,3,307
2026,2026-01-01,17324,173240,石川県,能美郡川北町,town,17324,6002,241,263,351,431,357,244,267,297,346,425,572,425,318,304,310,367,199,158,93,30,4,484,2974,119,146,187,228,195,119,129,155,176,205,285,211,155,148,159,180,86,56,26,8,1,177,3028,122,117,164,203,162,125,138,142,170,220,287,214,163,156,151,187,113,102,67,22,3,307
2026,2026-01-01,17360,173606,石川県,河北郡,gun_agg,,61953,2063,2601,2980,3111,2985,2801,2929,3116,3533,4160,5175,4666,4362,3862,3759,4203,2800,1648,890,269,40,5647,30094,1082,1392,1533,1607,1514,1391,1498,1570,1774,2085,2587,2250,2113,1922,1819,1873,1170,619,245,45,5,2084,31859,981,1209,1447,1504,1471,1410,1431,1546,1759,2075,2588,2416,2249,1940,1940,2330,1630,1029,645,224,35,3563
2026,2026-01-01,17361,173614,石川県,河北郡津幡町,town,17361,37031,1358,1602,1767,1888,1704,1732,1900,2002,2113,2404,3025,2862,2729,2319,2165,2335,1484,932,522,162,26,3126,18090,717,867,905,972,858,859,979,1024,1064,1214,1511,1368,1336,1169,1056,1062,611,345,136,34,3,1129,18941,641,735,862,916,846,873,921,978,1049,1190,1514,1494,1393,1150,1109,1273,873,587,386,128,23,1997
2026,2026-01-01,17365,173657,石川県,河北郡内灘町,town,17365,24922,705,999,1213,1223,1281,1069,1029,1114,1420,1756,2150,1804,1633,1543,1594,1868,1316,716,368,107,14,2521,12004,365,525,628,635,656,532,519,546,710,871,1076,882,777,753,763,811,559,274,109,11,2,955,12918,340,474,585,588,625,537,510,568,710,885,1074,922,856,790,831,1057,757,442,259,96,12,1566
2026,2026-01-01,17380,173801,石川県,羽咋郡,gun_agg,,28277,424,701,928,1072,1038,832,827,976,1183,1570,2122,1895,1927,2198,2653,3336,2024,1433,821,263,54,4595,13675,229,363,468,504,560,454,451,524,602,844,1144,974,957,1072,1232,1618,870,530,225,50,4,1679,14602,195,338,460,568,478,378,376,452,581,726,978,921,970,1126,1421,1718,1154,903,596,213,50,2916
2026,2026-01-01,17384,173843,石川県,羽咋郡志賀町,town,17384,16896,232,380,565,632,567,440,453,555,702,916,1225,1077,1107,1384,1677,2086,1261,916,525,161,35,2898,8151,120,198,283,299,318,254,243,290,350,491,682,564,533,677,792,1007,543,325,145,34,3,1050,8745,112,182,282,333,249,186,210,265,352,425,543,513,574,707,885,1079,718,591,380,127,32,1848
2026,2026-01-01,17386,173860,石川県,羽咋郡宝達志水町,town,17386,11381,192,321,363,440,471,392,374,421,481,654,897,818,820,814,976,1250,763,517,296,102,19,1697,5524,109,165,185,205,242,200,208,234,252,353,462,410,424,395,440,611,327,205,80,16,1,629,5857,83,156,178,235,229,192,166,187,229,301,435,408,396,419,536,639,436,312,216,86,18,1068
2026,2026-01-01,17400,174009,石川県,鹿島郡,gun_agg,,16050,384,579,665,754,632,493,529,713,777,997,1258,1042,1047,1108,1243,1576,1012,683,394,141,23,2253,7879,228,301,362,388,337,269,282,371,404,524,636,534,528,555,583,756,427,264,106,23,1,821,8171,156,278,303,366,295,224,247,342,373,473,622,508,519,553,660,820,585,419,288,118,22,1432
2026,2026-01-01,17407,174076,石川県,鹿島郡中能登町,town,17407,16050,384,579,665,754,632,493,529,713,777,997,1258,1042,1047,1108,1243,1576,1012,683,394,141,23,2253,7879,228,301,362,388,337,269,282,371,404,524,636,534,528,555,583,756,427,264,106,23,1,821,8171,156,278,303,366,295,224,247,342,373,473,622,508,519,553,660,820,585,419,288,118,22,1432
2026,2026-01-01,17460,174602,石川県,鳳珠郡,gun_agg,,20105,293,431,504,642,527,462,527,633,735,1085,1217,1214,1346,1818,2200,2541,1661,1217,777,234,41,3930,9686,144,254,250,333,281,264,300,358,408,601,642,619,688,906,1103,1225,673,402,190,41,4,1310,10419,149,177,254,309,246,198,227,275,327,484,575,595,658,912,1097,1316,988,815,587,193,37,2620
2026,2026-01-01,17461,174611,石川県,鳳珠郡穴水町,town,17461,6503,116,144,154,211,181,164,177,191,222,355,394,399,447,574,709,814,522,394,243,74,18,1251,3146,56,88,90,105,92,86,104,114,117,196,218,202,230,283,361,393,220,122,56,12,1,411,3357,60,56,64,106,89,78,73,77,105,159,176,197,217,291,348,421,302,272,187,62,17,840
2026,2026-01-01,17463,174637,石川県,鳳珠郡能登町,town,17463,13602,177,287,350,431,346,298,350,442,513,730,823,815,899,1244,1491,1727,1139,823,534,160,23,2679,6540,88,166,160,228,189,178,196,244,291,405,424,417,458,623,742,832,453,280,134,29,3,899,7062,89,121,190,203,157,120,154,198,222,325,399,398,441,621,749,895,686,543,400,131,20,1780
2026,2026-01-01,18000,180009,福井県,,pref,,718620,23246,28309,32177,35055,32037,30247,32084,36037,41077,47219,54526,47287,47351,46776,50119,54911,35827,24297,14558,4725,755,80162,351027,11874,14517,16575,17947,16882,16009,16906,18721,21029,24306,27960,23725,23336,22679,23920,25477,15168,8851,4114,937,94,29164,367593,11372,13792,15602,17108,15155,14238,15178,17316,20048,22913,26566,23562,24015,24097,26199,29434,20659,15446,10444,3788,661,50998
2026,2026-01-01,18201,182010,福井県,福井市,city,18201,245993,8270,9821,11080,12059,11104,10726,11346,12759,14692,16514,19154,16598,15979,15246,15903,18108,12282,7967,4702,1452,231,26634,119555,4256,5053,5785,6169,5855,5537,5854,6604,7465,8409,9702,8289,7832,7252,7446,8222,5206,2926,1366,300,27,9825,126438,4014,4768,5295,5890,5249,5189,5492,6155,7227,8105,9452,8309,8147,7994,8457,9886,7076,5041,3336,1152,204,16809
2026,2026-01-01,18202,182028,福井県,敦賀市,city,18202,60174,1864,2324,2808,2945,2724,2578,2686,3165,3589,4100,4817,3977,3987,3932,4172,4450,2730,1782,1121,355,68,6056,29758,893,1211,1414,1502,1485,1422,1437,1667,1837,2160,2476,2035,2036,1957,2031,2051,1131,629,310,62,12,2144,30416,971,1113,1394,1443,1239,1156,1249,1498,1752,1940,2341,1942,1951,1975,2141,2399,1599,1153,811,293,56,3912
2026,2026-01-01,18204,182044,福井県,小浜市,city,18204,26671,853,1118,1231,1223,1101,1064,1213,1225,1455,1699,1851,1679,1830,1890,1894,2106,1384,990,630,208,27,3239,13190,446,571,614,641,626,593,677,649,748,891,945,865,916,967,921,1004,573,329,170,41,3,1116,13481,407,547,617,582,475,471,536,576,707,808,906,814,914,923,973,1102,811,661,460,167,24,2123
2026,2026-01-01,18205,182052,福井県,大野市,city,18205,28585,666,974,1151,1215,1063,908,1024,1237,1506,1778,1883,1777,2054,2238,2583,2574,1665,1284,723,246,36,3954,13766,332,482,592,604,579,493,529,663,773,930,999,861,985,1083,1270,1231,668,440,197,52,3,1360,14819,334,492,559,611,484,415,495,574,733,848,884,916,1069,1155,1313,1343,997,844,526,194,33,2594
2026,2026-01-01,18206,182061,福井県,勝山市,city,18206,20241,483,696,780,883,753,691,690,922,1056,1236,1357,1167,1388,1617,1837,1826,1169,881,573,198,38,2859,9772,238,358,404,468,377,335,391,490,546,643,704,558,670,783,871,904,492,326,166,41,7,1032,10469,245,338,376,415,376,356,299,432,510,593,653,609,718,834,966,922,677,555,407,157,31,1827
2026,2026-01-01,18207,182079,福井県,鯖江市,city,18207,66715,2463,2889,3241,3573,3250,3169,3302,3535,4110,4667,5394,4410,3991,3671,4010,4692,2981,1956,1034,327,50,6348,32669,1271,1475,1658,1811,1635,1677,1730,1803,2079,2379,2761,2254,1957,1771,1860,2110,1355,712,302,65,4,2438,34046,1192,1414,1583,1762,1615,1492,1572,1732,2031,2288,2633,2156,2034,1900,2150,2582,1626,1244,732,262,46,3910
2026,2026-01-01,18208,182087,福井県,あわら市,city,18208,25160,671,901,1032,1037,1065,874,987,1198,1364,1513,1816,1671,1871,1862,2075,2224,1311,914,557,185,32,2999,12056,349,457,519,529,549,460,534,629,689,774,915,816,898,894,992,1030,555,294,143,25,5,1022,13104,322,444,513,508,516,414,453,569,675,739,901,855,973,968,1083,1194,756,620,414,160,27,1977
2026,2026-01-01,18209,182095,福井県,越前市,city,18209,73793,2488,3012,3278,3605,3388,3247,3500,3747,4045,4897,5567,4768,4614,4725,5151,5562,3688,2474,1442,507,88,8199,36473,1269,1552,1717,1876,1799,1734,1839,1928,2133,2555,2960,2437,2272,2298,2445,2593,1583,938,421,110,14,3066,37320,1219,1460,1561,1729,1589,1513,1661,1819,1912,2342,2607,2331,2342,2427,2706,2969,2105,1536,1021,397,74,5133
2026,2026-01-01,18210,182109,福井県,坂井市,city,18210,85655,2870,3418,4009,4409,3952,3862,3858,4268,4922,5584,6856,5841,5778,5439,5694,6219,3977,2650,1515,456,78,8676,41666,1491,1744,2033,2260,2041,2029,1990,2160,2501,2824,3490,2889,2799,2621,2684,2873,1717,1021,409,83,7,3237,43989,1379,1674,1976,2149,1911,1833,1868,2108,2421,2760,3366,2952,2979,2818,3010,3346,2260,1629,1106,373,71,5439
2026,2026-01-01,18320,183202,福井県,吉田郡,gun_agg,,17195,556,614,699,874,911,700,762,831,891,1074,1280,1165,1171,1158,1193,1284,834,642,389,147,20,2032,8394,277,306,343,444,496,371,420,430,461,557,647,573,574,560,595,630,334,236,104,34,2,710,8801,279,308,356,430,415,329,342,401,430,517,633,592,597,598,598,654,500,406,285,113,18,1322
2026,2026-01-01,18322,183229,福井県,吉田郡永平寺町,town,18322,17195,556,614,699,874,911,700,762,831,891,1074,1280,1165,1171,1158,1193,1284,834,642,389,147,20,2032,8394,277,306,343,444,496,371,420,430,461,557,647,573,574,560,595,630,334,236,104,34,2,710,8801,279,308,356,430,415,329,342,401,430,517,633,592,597,598,598,654,500,406,285,113,18,1322
2026,2026-01-01,18380,183806,福井県,今立郡,gun_agg,,2095,46,57,52,68,57,53,70,91,90,100,114,93,192,181,198,186,139,146,117,39,6,447,1019,25,26,29,37,29,28,38,57,44,54,62,52,92,87,120,83,60,48,41,4,3,156,1076,21,31,23,31,28,25,32,34,46,46,52,41,100,94,78,103,79,98,76,35,3,291
2026,2026-01-01,18382,183822,福井県,今立郡池田町,town,18382,2095,46,57,52,68,57,53,70,91,90,100,114,93,192,181,198,186,139,146,117,39,6,447,1019,25,26,29,37,29,28,38,57,44,54,62,52,92,87,120,83,60,48,41,4,3,156,1076,21,31,23,31,28,25,32,34,46,46,52,41,100,94,78,103,79,98,76,35,3,291
2026,2026-01-01,18400,184004,福井県,南条郡,gun_agg,,9123,222,317,397,422,391,291,328,406,494,524,543,554,604,705,794,827,490,388,302,110,14,1304,4453,123,161,213,237,207,153,185,218,259,264,282,277,305,333,389,421,193,130,79,22,2,426,4670,99,156,184,185,184,138,143,188,235,260,261,277,299,372,405,406,297,258,223,88,12,878
2026,2026-01-01,18404,184047,福井県,南条郡南越前町,town,18404,9123,222,317,397,422,391,291,328,406,494,524,543,554,604,705,794,827,490,388,302,110,14,1304,4453,123,161,213,237,207,153,185,218,259,264,282,277,305,333,389,421,193,130,79,22,2,426,4670,99,156,184,185,184,138,143,188,235,260,261,277,299,372,405,406,297,258,223,88,12,878
2026,2026-01-01,18420,184209,福井県,丹生郡,gun_agg,,19114,567,669,792,938,798,689,708,824,1018,1178,1344,1240,1313,1352,1675,1642,984,702,473,182,26,2367,9310,280,339,420,460,412,366,385,439,544,605,681,636,643,654,830,818,395,247,119,35,2,798,9804,287,330,372,478,386,323,323,385,474,573,663,604,670,698,845,824,589,455,354,147,24,1569
2026,2026-01-01,18423,184233,福井県,丹生郡越前町,town,18423,19114,567,669,792,938,798,689,708,824,1018,1178,1344,1240,1313,1352,1675,1642,984,702,473,182,26,2367,9310,280,339,420,460,412,366,385,439,544,605,681,636,643,654,830,818,395,247,119,35,2,798,9804,287,330,372,478,386,323,323,385,474,573,663,604,670,698,845,824,589,455,354,147,24,1569
2026,2026-01-01,18440,184403,福井県,三方郡,gun_agg,,8453,297,298,296,334,300,329,385,425,416,531,484,464,573,644,706,802,544,356,191,70,8,1169,4210,159,172,154,170,173,181,229,232,208,279,260,242,289,331,344,371,214,130,56,15,1,416,4243,138,126,142,164,127,148,156,193,208,252,224,222,284,313,362,431,330,226,135,55,7,753
2026,2026-01-01,18442,184420,福井県,三方郡美浜町,town,18442,8453,297,298,296,334,300,329,385,425,416,531,484,464,573,644,706,802,544,356,191,70,8,1169,4210,159,172,154,170,173,181,229,232,208,279,260,242,289,331,344,371,214,130,56,15,1,416,4243,138,126,142,164,127,148,156,193,208,252,224,222,284,313,362,431,330,226,135,55,7,753
2026,2026-01-01,18480,184802,福井県,大飯郡,gun_agg,,16698,560,688,744,824,690,691,718,826,862,1021,1186,1053,1082,1138,1235,1340,866,622,404,127,21,2040,8436,277,348,388,417,369,430,403,443,449,558,632,545,581,587,629,632,371,232,118,25,2,748,8262,283,340,356,407,321,261,315,383,413,463,554,508,501,551,606,708,495,390,286,102,19,1292
2026,2026-01-01,18481,184811,福井県,大飯郡高浜町,town,18481,9207,296,364,382,440,377,383,393,457,469,585,732,590,580,586,665,771,498,346,218,61,14,1137,4697,144,190,207,220,211,237,215,249,255,319,393,302,311,298,335,366,216,140,72,15,2,445,4510,152,174,175,220,166,146,178,208,214,266,339,288,269,288,330,405,282,206,146,46,12,692
2026,2026-01-01,18483,184837,福井県,大飯郡おおい町,town,18483,7491,264,324,362,384,313,308,325,369,393,436,454,463,502,552,570,569,368,276,186,66,7,903,3739,133,158,181,197,158,193,188,194,194,239,239,243,270,289,294,266,155,92,46,10,0,303,3752,131,166,181,187,155,115,137,175,199,197,215,220,232,263,276,303,213,184,140,56,7,600
2026,2026-01-01,18500,185001,福井県,三方上中郡,gun_agg,,12955,370,513,587,646,490,375,507,578,567,803,880,830,924,978,999,1069,783,543,385,116,12,1839,6300,188,262,292,322,250,200,265,309,293,424,444,396,487,501,493,504,321,213,113,23,0,670,6655,182,251,295,324,240,175,242,269,274,379,436,434,437,477,506,565,462,330,272,93,12,1169
2026,2026-01-01,18501,185019,福井県,三方上中郡若狭町,town,18501,12955,370,513,587,646,490,375,507,578,567,803,880,830,924,978,999,1069,783,543,385,116,12,1839,6300,188,262,292,322,250,200,265,309,293,424,444,396,487,501,493,504,321,213,113,23,0,670,6655,182,251,295,324,240,175,242,269,274,379,436,434,437,477,506,565,462,330,272,93,12,1169
2026,2026-01-01,19000,190004,山梨県,,pref,,770064,22501,28209,31507,34798,35005,32802,34524,37403,42952,49015,58739,55678,53591,51192,54625,57762,39751,27767,15808,5479,955,89760,378631,11359,14289,16140,17802,18390,17732,18280,19431,22172,25202,30386,28399,27015,25339,26474,26872,16971,10407,4665,1180,125,33348,391433,11142,13920,15367,16996,16615,15070,16244,17972,20780,23813,28353,27279,26576,25853,28151,30890,22780,17360,11143,4299,830,56412
2026,2026-01-01,19201,192015,山梨県,甲府市,city,19201,174755,5138,6419,7092,8072,8743,8336,8179,8695,9948,11505,13945,12612,11682,10430,10801,12244,8966,6530,3867,1338,213,20914,84964,2558,3158,3692,4110,4740,4455,4349,4476,4996,5827,7122,6559,5862,5115,5072,5486,3600,2330,1155,269,33,7387,89791,2580,3261,3400,3962,4003,3881,3830,4219,4952,5678,6823,6053,5820,5315,5729,6758,5366,4200,2712,1069,180,13527
2026,2026-01-01,19202,192023,山梨県,富士吉田市,city,19202,44834,1232,1674,1786,1982,1899,1882,2088,2233,2459,2644,3426,3385,3362,3203,3238,3130,2311,1693,889,272,46,5211,22054,616,862,902,1014,990,1001,1152,1161,1335,1359,1737,1732,1720,1536,1603,1444,965,599,271,52,3,1890,22780,616,812,884,968,909,881,936,1072,1124,1285,1689,1653,1642,1667,1635,1686,1346,1094,618,220,43,3321
2026,2026-01-01,19204,192040,山梨県,都留市,city,19204,27275,640,872,1041,1465,2000,1078,1141,1215,1346,1488,1969,2030,1973,1880,2022,1949,1312,991,634,199,30,3166,13315,332,451,554,662,925,587,606,648,717,763,1029,1034,1006,935,983,890,588,367,188,46,4,1193,13960,308,421,487,803,1075,491,535,567,629,725,940,996,967,945,1039,1059,724,624,446,153,26,1973
2026,2026-01-01,19205,192058,山梨県,山梨市,city,19205,31949,855,1151,1319,1440,1293,1142,1239,1427,1769,1992,2386,2276,2156,2278,2464,2574,1810,1292,745,286,55,4188,15370,425,570,688,753,656,597,608,720,876,1013,1208,1149,1029,1095,1226,1175,798,494,214,70,6,1582,16579,430,581,631,687,637,545,631,707,893,979,1178,1127,1127,1183,1238,1399,1012,798,531,216,49,2606
2026,2026-01-01,19206,192066,山梨県,大月市,city,19206,20479,295,437,598,716,737,573,600,752,894,995,1405,1568,1727,1753,2056,2055,1440,991,628,228,31,3318,10113,159,207,289,359,409,340,332,413,465,517,789,780,874,843,1056,1004,642,385,180,63,7,1277,10366,136,230,309,357,328,233,268,339,429,478,616,788,853,910,1000,1051,798,606,448,165,24,2041
2026,2026-01-01,19207,192074,山梨県,韮崎市,city,19207,26742,666,889,1008,1182,1162,1181,1254,1287,1426,1692,2040,1999,2019,1815,2066,2100,1397,898,472,164,25,2956,13383,344,469,543,611,603,676,693,691,753,915,1056,1002,986,929,995,960,634,336,142,40,5,1157,13359,322,420,465,571,559,505,561,596,673,777,984,997,1033,886,1071,1140,763,562,330,124,20,1799
2026,2026-01-01,19208,192082,山梨県,南アルプス市,city,19208,70164,2690,3018,3035,3326,3339,3066,3480,3761,4217,4843,5522,4881,4651,4237,4692,4738,3076,2023,1136,361,72,6668,34766,1367,1563,1547,1739,1698,1589,1813,1925,2167,2505,2858,2516,2344,2061,2239,2256,1379,789,331,77,3,2579,35398,1323,1455,1488,1587,1641,1477,1667,1836,2050,2338,2664,2365,2307,2176,2453,2482,1697,1234,805,284,69,4089
2026,2026-01-01,19209,192091,山梨県,北杜市,city,19209,44021,864,1306,1627,1636,1439,1109,1331,1651,2144,2550,3131,3112,3473,3725,3964,4508,2882,1937,1142,405,85,6451,21555,432,661,863,826,794,623,707,868,1086,1296,1593,1534,1729,1868,1998,2155,1295,777,345,93,12,2522,22466,432,645,764,810,645,486,624,783,1058,1254,1538,1578,1744,1857,1966,2353,1587,1160,797,312,73,3929
2026,2026-01-01,19210,192104,山梨県,甲斐市,city,19210,74663,2781,3324,3459,3889,3332,3643,4069,4255,4770,5217,5993,5231,4431,4020,4469,5030,3371,2028,1020,286,45,6750,37011,1438,1678,1795,1978,1725,1977,2114,2183,2480,2709,3120,2661,2249,1940,2105,2252,1436,767,326,73,5,2607,37652,1343,1646,1664,1911,1607,1666,1955,2072,2290,2508,2873,2570,2182,2080,2364,2778,1935,1261,694,213,40,4143
2026,2026-01-01,19211,192112,山梨県,笛吹市,city,19211,64434,2116,2302,2714,2870,2864,2967,2981,3076,3479,4176,5184,4851,4329,4088,4306,4748,3365,2289,1207,433,89,7383,31487,1050,1176,1391,1473,1477,1549,1523,1611,1788,2083,2685,2476,2160,2077,2029,2176,1428,879,348,96,12,2763,32947,1066,1126,1323,1397,1387,1418,1458,1465,1691,2093,2499,2375,2169,2011,2277,2572,1937,1410,859,337,77,4620
2026,2026-01-01,19212,192121,山梨県,上野原市,city,19212,20177,320,461,634,753,803,625,682,784,906,1125,1429,1452,1719,1775,1889,1912,1238,941,507,185,36,2907,10087,159,255,313,393,444,339,363,425,470,580,760,736,850,940,957,976,558,379,147,37,5,1126,10090,161,206,321,360,359,286,319,359,436,545,669,716,869,835,932,936,680,562,360,148,31,1781
2026,2026-01-01,19213,192139,山梨県,甲州市,city,19213,28263,689,872,1124,1176,1213,914,915,1152,1401,1667,1998,2077,2064,2130,2327,2461,1762,1254,739,264,64,4083,13670,351,430,561,646,623,501,477,581,713,851,1025,1052,1027,1043,1106,1195,739,483,197,58,11,1488,14593,338,442,563,530,590,413,438,571,688,816,973,1025,1037,1087,1221,1266,1023,771,542,206,53,2595
2026,2026-01-01,19214,192147,山梨県,中央市,city,19214,28112,825,1049,1253,1339,1398,1400,1310,1423,1739,1958,2225,2043,1913,1842,1956,1989,1177,745,403,109,16,2450,13964,415,542,586,694,732,748,684,733,908,1015,1161,1036,1005,877,955,932,516,287,116,21,1,941,14148,410,507,667,645,666,652,626,690,831,943,1064,1007,908,965,1001,1057,661,458,287,88,15,1509
2026,2026-01-01,19340,193402,山梨県,西八代郡,gun_agg,,13868,293,464,464,572,547,435,469,528,621,799,1035,960,1013,1066,1184,1167,933,699,409,180,30,2251,6805,145,239,237,312,288,232,250,282,313,410,561,473,536,533,621,542,371,289,125,38,8,831,7063,148,225,227,260,259,203,219,246,308,389,474,487,477,533,563,625,562,410,284,142,22,1420
2026,2026-01-01,19346,193461,山梨県,西八代郡市川三郷町,town,19346,13868,293,464,464,572,547,435,469,528,621,799,1035,960,1013,1066,1184,1167,933,699,409,180,30,2251,6805,145,239,237,312,288,232,250,282,313,410,561,473,536,533,621,542,371,289,125,38,8,831,7063,148,225,227,260,259,203,219,246,308,389,474,487,477,533,563,625,562,410,284,142,22,1420
2026,2026-01-01,19360,193607,山梨県,南巨摩郡,gun_agg,,29883,499,767,936,1126,952,866,991,1167,1370,1695,1935,2068,2338,2545,2767,2852,1945,1583,981,430,70,5009,14667,246,392,459,586,517,480,550,647,735,939,1014,1059,1222,1311,1385,1399,801,577,269,71,8,1726,15216,253,375,477,540,435,386,441,520,635,756,921,1009,1116,1234,1382,1453,1144,1006,712,359,62,3283
2026,2026-01-01,19364,193640,山梨県,南巨摩郡早川町,town,19364,785,4,11,17,23,37,35,31,23,28,44,40,47,53,70,66,73,48,73,49,13,0,183,396,2,7,9,16,23,20,18,9,21,27,26,30,30,36,34,36,18,18,13,3,0,52,389,2,4,8,7,14,15,13,14,7,17,14,17,23,34,32,37,30,55,36,10,0,131
2026,2026-01-01,19365,193658,山梨県,南巨摩郡身延町,town,19365,9151,89,163,232,274,212,205,238,307,317,457,516,615,751,924,975,1017,717,578,362,170,32,1859,4494,49,93,117,136,108,124,134,180,178,256,283,317,397,475,514,505,286,215,98,26,3,628,4657,40,70,115,138,104,81,104,127,139,201,233,298,354,449,461,512,431,363,264,144,29,1231
2026,2026-01-01,19366,193666,山梨県,南巨摩郡南部町,town,19366,6523,100,139,193,229,218,152,201,246,327,333,391,436,488,616,695,666,426,327,204,118,18,1093,3238,44,77,98,130,131,84,118,138,170,207,182,227,249,315,333,343,177,127,62,22,4,392,3285,56,62,95,99,87,68,83,108,157,126,209,209,239,301,362,323,249,200,142,96,14,701
2026,2026-01-01,19368,193682,山梨県,南巨摩郡富士川町,town,19368,13424,306,454,494,600,485,474,521,591,698,861,988,970,1046,935,1031,1096,754,605,366,129,20,1874,6539,151,215,235,304,255,252,280,320,366,449,523,485,546,485,504,515,320,217,96,20,1,654,6885,155,239,259,296,230,222,241,271,332,412,465,485,500,450,527,581,434,388,270,109,19,1220
2026,2026-01-01,19380,193801,山梨県,中巨摩郡,gun_agg,,20681,896,1134,1175,1046,1025,1250,1270,1366,1461,1532,1626,1507,1147,981,925,965,635,449,226,58,7,1375,10398,468,589,582,516,538,696,657,707,761,806,857,765,585,514,411,429,281,164,58,14,0,517,10283,428,545,593,530,487,554,613,659,700,726,769,742,562,467,514,536,354,285,168,44,7,858
2026,2026-01-01,19384,193844,山梨県,中巨摩郡昭和町,town,19384,20681,896,1134,1175,1046,1025,1250,1270,1366,1461,1532,1626,1507,1147,981,925,965,635,449,226,58,7,1375,10398,468,589,582,516,538,696,657,707,761,806,857,765,585,514,411,429,281,164,58,14,0,517,10283,428,545,593,530,487,554,613,659,700,726,769,742,562,467,514,536,354,285,168,44,7,858
2026,2026-01-01,19420,194204,山梨県,南都留郡,gun_agg,,48676,1678,2034,2207,2184,2230,2283,2483,2587,2952,3084,3437,3554,3519,3341,3392,3224,2070,1350,763,267,37,4487,24459,839,1024,1119,1115,1219,1311,1376,1337,1578,1590,1780,1796,1787,1679,1677,1537,918,472,243,60,2,1695,24217,839,1010,1088,1069,1011,972,1107,1250,1374,1494,1657,1758,1732,1662,1715,1687,1152,878,520,207,35,2792
2026,2026-01-01,19422,194221,山梨県,南都留郡道志村,village,19422,1468,26,41,40,57,39,52,52,53,74,82,84,103,120,158,156,137,76,67,39,12,0,194,734,16,19,21,30,20,28,30,27,42,40,49,47,59,86,74,71,38,20,14,3,0,75,734,10,22,19,27,19,24,22,26,32,42,35,56,61,72,82,66,38,47,25,9,0,119
2026,2026-01-01,19423,194239,山梨県,南都留郡西桂町,town,19423,3758,77,145,150,155,161,106,143,200,184,216,299,310,310,307,297,296,194,135,59,14,0,402,1821,36,71,70,71,81,55,66,96,83,111,156,166,151,150,162,140,73,54,23,6,0,156,1937,41,74,80,84,80,51,77,104,101,105,143,144,159,157,135,156,121,81,36,8,0,246
2026,2026-01-01,19424,194247,山梨県,南都留郡忍野村,village,19424,9278,437,416,456,459,528,692,702,539,715,607,552,540,577,491,487,486,259,183,114,32,6,594,4992,210,218,247,231,359,462,446,288,427,319,292,271,315,234,229,238,122,52,27,5,0,206,4286,227,198,209,228,169,230,256,251,288,288,260,269,262,257,258,248,137,131,87,27,6,388
2026,2026-01-01,19425,194255,山梨県,南都留郡山中湖村,village,19425,5377,137,203,201,215,223,158,184,263,272,330,380,378,450,454,491,471,275,170,83,36,3,567,2689,65,107,110,109,116,85,97,144,133,178,198,191,220,231,247,227,138,55,33,5,0,231,2688,72,96,91,106,107,73,87,119,139,152,182,187,230,223,244,244,137,115,50,31,3,336
2026,2026-01-01,19429,194298,山梨県,南都留郡鳴沢村,village,19429,3000,79,104,125,130,103,94,93,141,159,187,236,246,223,228,245,253,183,99,46,21,5,354,1504,46,56,58,65,55,58,46,70,78,96,115,136,108,122,127,125,79,41,16,6,1,143,1496,33,48,67,65,48,36,47,71,81,91,121,110,115,106,118,128,104,58,30,15,4,211
2026,2026-01-01,19430,194301,山梨県,南都留郡富士河口湖町,town,19430,25795,922,1125,1235,1168,1176,1181,1309,1391,1548,1662,1886,1977,1839,1703,1716,1581,1083,696,422,152,23,2376,12719,466,553,613,609,588,623,691,712,815,846,970,985,934,856,838,736,468,250,130,35,1,884,13076,456,572,622,559,588,558,618,679,733,816,916,992,905,847,878,845,615,446,292,117,22,1492
2026,2026-01-01,19440,194409,山梨県,北都留郡,gun_agg,,1088,24,36,35,24,29,52,42,44,50,53,53,72,75,83,107,116,61,74,40,14,4,193,563,15,23,19,15,12,31,26,23,31,24,31,39,44,43,56,64,22,33,10,2,0,67,525,9,13,16,9,17,21,16,21,19,29,22,33,31,40,51,52,39,41,30,12,4,126
2026,2026-01-01,19442,194425,山梨県,北都留郡小菅村,village,19442,600,12,24,20,15,13,24,29,25,31,26,34,38,29,40,56,76,37,39,23,7,2,108,308,9,16,10,8,5,15,17,12,17,13,21,22,14,21,26,46,13,18,5,0,0,36,292,3,8,10,7,8,9,12,13,14,13,13,16,15,19,30,30,24,21,18,7,2,72
2026,2026-01-01,19443,194433,山梨県,北都留郡丹波山村,village,19443,488,12,12,15,9,16,28,13,19,19,27,19,34,46,43,51,40,24,35,17,7,2,85,255,6,7,9,7,7,16,9,11,14,11,10,17,30,22,30,18,9,15,5,2,0,31,233,6,5,6,2,9,12,4,8,5,16,9,17,16,21,21,22,15,20,12,5,2,54
2026,2026-01-01,20000,200000,長野県,,pref,,1946994,56931,73265,84155,89581,82127,80048,84112,94199,108636,130336,151865,135130,127574,123699,132469,148806,107057,74744,43630,15918,2712,244061,955371,29501,37616,43222,45940,42888,42535,43694,48496,55719,67053,78104,69113,64220,61041,64180,69401,46347,28817,13595,3507,382,92648,991623,27430,35649,40933,43641,39239,37513,40418,45703,52917,63283,73761,66017,63354,62658,68289,79405,60710,45927,30035,12411,2330,151413
2026,2026-01-01,20201,202011,長野県,長野市,city,20201,354886,10805,13231,15175,16544,15890,15840,16013,17840,20324,24147,28857,25213,23289,21851,22695,25342,18370,12810,7510,2695,445,41830,172665,5719,6844,7688,8433,8244,8302,8155,9013,10302,12260,14643,12703,11543,10713,10810,11582,7882,4813,2330,618,68,15711,182221,5086,6387,7487,8111,7646,7538,7858,8827,10022,11887,14214,12510,11746,11138,11885,13760,10488,7997,5180,2077,377,26119
2026,2026-01-01,20202,202029,長野県,松本市,city,20202,227402,7189,8958,10260,10949,10611,10975,11276,11879,13526,15999,18655,16292,14230,12843,13117,15081,11061,7918,4686,1602,295,25562,111732,3709,4524,5379,5751,5650,5824,5840,6087,6909,8066,9635,8319,7142,6278,6247,6855,4636,3018,1486,337,40,9517,115670,3480,4434,4881,5198,4961,5151,5436,5792,6617,7933,9020,7973,7088,6565,6870,8226,6425,4900,3200,1265,255,16045
2026,2026-01-01,20203,202037,長野県,上田市,city,20203,145526,4430,5398,6364,6643,6515,6321,6602,7391,8168,9599,11367,10114,9615,9084,9597,10850,7889,5340,3033,1052,154,17468,71429,2311,2752,3279,3401,3369,3325,3486,3825,4180,4885,5952,5120,4783,4467,4661,5005,3428,2005,941,232,22,6628,74097,2119,2646,3085,3242,3146,2996,3116,3566,3988,4714,5415,4994,4832,4617,4936,5845,4461,3335,2092,820,132,10840
2026,2026-01-01,20204,202045,長野県,岡谷市,city,20204,44805,1157,1523,1706,2107,1841,1809,1742,2011,2199,2992,3721,3294,2974,2528,2922,3662,2981,2053,1145,362,76,6617,21895,603,779,880,1058,986,965,910,1037,1189,1515,1924,1772,1500,1273,1348,1628,1267,799,367,86,9,2528,22910,554,744,826,1049,855,844,832,974,1010,1477,1797,1522,1474,1255,1574,2034,1714,1254,778,276,67,4089
2026,2026-01-01,20205,202053,長野県,飯田市,city,20205,91114,2938,3471,4146,4344,3763,3764,3986,4313,4853,5738,6737,5906,5931,5915,6419,6858,5101,3721,2254,821,135,12032,44318,1526,1857,2151,2168,1913,1983,2065,2247,2468,2958,3411,3032,2949,2832,3069,3152,2205,1437,700,171,24,4537,46796,1412,1614,1995,2176,1850,1781,1921,2066,2385,2780,3326,2874,2982,3083,3350,3706,2896,2284,1554,650,111,7495
2026,2026-01-01,20206,202061,長野県,諏訪市,city,20206,45361,1302,1614,1909,2067,2009,2088,2018,2208,2426,3040,3865,3301,2777,2639,2780,3385,2717,1841,957,364,54,5933,22368,673,820,962,1094,1043,1127,1058,1181,1310,1577,2026,1705,1415,1308,1317,1529,1120,746,276,73,8,2223,22993,629,794,947,973,966,961,960,1027,1116,1463,1839,1596,1362,1331,1463,1856,1597,1095,681,291,46,3710
2026,2026-01-01,20207,202070,長野県,須坂市,city,20207,47941,1433,1813,2103,2220,1940,1902,2078,2329,2600,3328,3816,3254,3105,2888,3244,3865,2807,1834,990,349,43,6023,23412,741,925,1077,1115,1042,985,1054,1169,1355,1719,1970,1719,1541,1385,1543,1741,1240,701,318,64,8,2331,24529,692,888,1026,1105,898,917,1024,1160,1245,1609,1846,1535,1564,1503,1701,2124,1567,1133,672,285,35,3692
2026,2026-01-01,20208,202088,長野県,小諸市,city,20208,39836,1164,1456,1637,1790,1606,1673,1782,1913,2279,2713,2957,2663,2627,2604,2900,3209,2201,1429,852,325,56,4863,19716,603,764,811,932,820,869,942,971,1161,1395,1577,1356,1355,1333,1427,1525,992,557,252,69,5,1875,20120,561,692,826,858,786,804,840,942,1118,1318,1380,1307,1272,1271,1473,1684,1209,872,600,256,51,2988
2026,2026-01-01,20209,202096,長野県,伊那市,city,20209,62456,1866,2487,2822,2949,2670,2449,2677,3041,3347,4170,4845,4155,4092,4142,4172,4667,3427,2383,1451,549,95,7905,30719,942,1276,1410,1494,1435,1267,1399,1549,1715,2223,2499,2131,2028,2115,2049,2164,1486,927,473,126,11,3023,31737,924,1211,1412,1455,1235,1182,1278,1492,1632,1947,2346,2024,2064,2027,2123,2503,1941,1456,978,423,84,4882
2026,2026-01-01,20210,202100,長野県,駒ヶ根市,city,20210,30126,805,1110,1298,1439,1325,1281,1298,1417,1636,1960,2347,2178,1989,1947,2036,2209,1689,1179,682,243,58,3851,14950,434,578,674,747,692,733,709,736,849,1010,1225,1108,1018,963,1005,1007,711,474,217,51,9,1462,15176,371,532,624,692,633,548,589,681,787,950,1122,1070,971,984,1031,1202,978,705,465,192,49,2389
2026,2026-01-01,20211,202118,長野県,中野市,city,20211,40555,1087,1524,1828,1845,1572,1526,1645,1897,2322,2723,3018,2783,2777,2855,3018,3267,2093,1481,932,303,59,4868,19971,566,770,950,962,798,795,872,994,1223,1377,1556,1409,1405,1392,1461,1588,894,580,290,74,15,1853,20584,521,754,878,883,774,731,773,903,1099,1346,1462,1374,1372,1463,1557,1679,1199,901,642,229,44,3015
2026,2026-01-01,20212,202126,長野県,大町市,city,20212,24280,496,709,870,906,900,851,820,918,1169,1525,1785,1817,1737,1667,1970,2292,1600,1157,743,300,48,3848,11974,271,376,465,494,456,465,470,442,587,821,916,959,896,844,955,1120,673,454,245,58,7,1437,12306,225,333,405,412,444,386,350,476,582,704,869,858,841,823,1015,1172,927,703,498,242,41,2411
2026,2026-01-01,20213,202134,長野県,飯山市,city,20213,18065,366,542,701,755,695,557,588,720,924,1119,1265,1203,1319,1395,1604,1688,1057,846,523,179,19,2624,8857,174,262,367,409,370,314,307,372,465,570,636,630,676,691,787,863,460,304,158,40,2,964,9208,192,280,334,346,325,243,281,348,459,549,629,573,643,704,817,825,597,542,365,139,17,1660
2026,2026-01-01,20214,202142,長野県,茅野市,city,20214,52459,1490,2013,2428,2566,2472,2066,2129,2413,2852,3771,4279,3685,3185,3223,3419,4103,2948,1960,1018,395,44,6365,26162,761,1030,1251,1348,1396,1114,1137,1251,1431,1965,2221,1952,1618,1589,1655,1941,1260,809,344,81,8,2502,26297,729,983,1177,1218,1076,952,992,1162,1421,1806,2058,1733,1567,1634,1764,2162,1688,1151,674,314,36,3863
2026,2026-01-01,20215,202151,長野県,塩尻市,city,20215,63383,1997,2522,2712,2886,2657,3164,3375,3357,3790,4446,5035,4518,3950,3692,3930,4452,3197,2122,1114,407,60,6900,31731,1049,1299,1400,1471,1371,1697,1822,1791,1972,2366,2604,2324,2029,1838,1929,2059,1396,853,366,86,9,2710,31652,948,1223,1312,1415,1286,1467,1553,1566,1818,2080,2431,2194,1921,1854,2001,2393,1801,1269,748,321,51,4190
2026,2026-01-01,20217,202177,長野県,佐久市,city,20217,95388,3133,4117,4372,4338,3867,4019,4470,5113,5733,6389,6832,6198,6144,6182,6601,6752,4714,3413,2066,777,158,11128,47060,1615,2115,2262,2174,2042,2154,2252,2636,2937,3333,3517,3096,3124,3068,3242,3229,2098,1339,629,175,23,4264,48328,1518,2002,2110,2164,1825,1865,2218,2477,2796,3056,3315,3102,3020,3114,3359,3523,2616,2074,1437,602,135,6864
2026,2026-01-01,20218,202185,長野県,千曲市,city,20218,57418,1762,2288,2389,2494,2498,2332,2501,2871,3185,3769,4500,4026,3592,3658,3859,4395,3352,2228,1245,398,76,7299,28010,897,1184,1225,1260,1259,1222,1323,1448,1673,1989,2247,2100,1770,1794,1845,2049,1429,850,363,76,7,2725,29408,865,1104,1164,1234,1239,1110,1178,1423,1512,1780,2253,1926,1822,1864,2014,2346,1923,1378,882,322,69,4574
2026,2026-01-01,20219,202193,長野県,東御市,city,20219,27952,778,1080,1254,1322,1129,1051,1150,1415,1627,1891,2147,1803,1843,1894,2127,2241,1493,920,545,200,42,3200,13900,407,535,642,687,607,571,606,734,843,996,1109,875,967,893,1049,1081,720,373,161,39,5,1298,14052,371,545,612,635,522,480,544,681,784,895,1038,928,876,1001,1078,1160,773,547,384,161,37,1902
2026,2026-01-01,20220,202207,長野県,安曇野市,city,20220,93733,2788,3590,4038,4230,3564,3606,4036,4498,5341,6402,7886,6911,6203,5787,6296,7302,5175,3399,1875,690,116,11255,45600,1422,1851,2066,2164,1815,1839,2021,2307,2694,3295,3988,3518,3078,2794,2972,3382,2293,1336,594,158,13,4394,48133,1366,1739,1972,2066,1749,1767,2015,2191,2647,3107,3898,3393,3125,2993,3324,3920,2882,2063,1281,532,103,6861
2026,2026-01-01,20300,203009,長野県,南佐久郡,gun_agg,,21444,549,774,884,877,735,662,762,975,1034,1208,1316,1387,1610,1721,1866,1804,1253,1037,665,276,49,3280,10630,291,406,450,441,417,371,388,504,545,618,675,713,806,860,981,938,541,407,210,63,5,1226,10814,258,368,434,436,318,291,374,471,489,590,641,674,804,861,885,866,712,630,455,213,44,2054
2026,2026-01-01,20303,203033,長野県,南佐久郡小海町,town,20303,4016,102,124,125,138,137,141,139,171,177,213,225,285,291,296,357,383,266,236,137,60,13,712,1959,47,73,64,65,88,82,64,91,96,108,115,148,144,137,189,191,108,87,49,11,2,257,2057,55,51,61,73,49,59,75,80,81,105,110,137,147,159,168,192,158,149,88,49,11,455
2026,2026-01-01,20304,203041,長野県,南佐久郡川上村,village,20304,3313,102,150,150,120,120,123,142,167,166,171,196,217,245,266,266,258,180,151,96,21,6,454,1718,54,74,84,55,72,82,82,89,86,97,96,105,130,132,146,132,98,67,29,8,0,202,1595,48,76,66,65,48,41,60,78,80,74,100,112,115,134,120,126,82,84,67,13,6,252
2026,2026-01-01,20305,203050,長野県,南佐久郡南牧村,village,20305,2679,69,113,97,130,110,93,84,125,129,159,165,165,220,223,237,209,139,101,79,27,5,351,1326,37,54,51,58,56,49,52,60,67,77,79,85,109,119,127,118,64,37,22,4,1,128,1353,32,59,46,72,54,44,32,65,62,82,86,80,111,104,110,91,75,64,57,23,4,223
2026,2026-01-01,20306,203068,長野県,南佐久郡南相木村,village,20306,887,13,32,38,33,42,26,33,30,33,53,64,48,75,59,60,80,45,58,47,14,4,168,439,7,18,22,17,18,11,16,14,18,27,36,25,42,33,34,40,20,22,12,7,0,61,448,6,14,16,16,24,15,17,16,15,26,28,23,33,26,26,40,25,36,35,7,4,107
2026,2026-01-01,20307,203076,長野県,南佐久郡北相木村,village,20307,599,15,24,41,18,15,21,23,20,22,29,27,42,46,67,43,41,37,35,19,13,1,105,296,8,11,20,10,11,11,9,13,9,15,14,24,19,36,25,26,16,12,5,2,0,35,303,7,13,21,8,4,10,14,7,13,14,13,18,27,31,18,15,21,23,14,11,1,70
2026,2026-01-01,20309,203092,長野県,南佐久郡佐久穂町,town,20309,9950,248,331,433,438,311,258,341,462,507,583,639,630,733,810,903,833,586,456,287,141,20,1490,4892,138,176,209,236,172,136,165,237,269,294,335,326,362,403,460,431,235,182,93,31,2,543,5058,110,155,224,202,139,122,176,225,238,289,304,304,371,407,443,402,351,274,194,110,18,947
2026,2026-01-01,20320,203203,長野県,北佐久郡,gun_agg,,43419,1221,1835,1940,1844,1795,1593,1560,2036,2645,3032,3373,3284,3008,2973,3165,3426,2194,1373,779,286,57,4689,21132,643,940,964,927,861,828,783,1016,1307,1511,1672,1628,1519,1470,1559,1649,963,575,249,64,4,1855,22287,578,895,976,917,934,765,777,1020,1338,1521,1701,1656,1489,1503,1606,1777,1231,798,530,222,53,2834
2026,2026-01-01,20321,203211,長野県,北佐久郡軽井沢町,town,20321,20729,535,925,956,879,744,603,614,859,1246,1454,1668,1662,1561,1433,1555,1706,1125,683,371,126,24,2329,9837,275,474,473,423,344,320,306,413,589,710,785,802,755,713,742,813,481,274,115,30,0,900,10892,260,451,483,456,400,283,308,446,657,744,883,860,806,720,813,893,644,409,256,96,24,1429
2026,2026-01-01,20323,203238,長野県,北佐久郡御代田町,town,20323,16285,538,718,761,712,807,780,760,907,1073,1187,1261,1122,978,1031,1055,1087,706,453,242,89,18,1508,8108,290,374,376,373,404,397,376,473,555,593,646,575,520,491,528,529,311,204,74,17,2,608,8177,248,344,385,339,403,383,384,434,518,594,615,547,458,540,527,558,395,249,168,72,16,900
2026,2026-01-01,20324,203246,長野県,北佐久郡立科町,town,20324,6405,148,192,223,253,244,210,186,270,326,391,444,500,469,509,555,633,363,237,166,71,15,852,3187,78,92,115,131,113,111,101,130,163,208,241,251,244,266,289,307,171,97,60,17,2,347,3218,70,100,108,122,131,99,85,140,163,183,203,249,225,243,266,326,192,140,106,54,13,505
2026,2026-01-01,20340,203408,長野県,小県郡,gun_agg,,9306,195,289,320,382,307,231,263,396,430,523,618,592,697,794,854,917,614,441,291,125,27,1498,4601,97,146,155,190,171,129,133,221,221,283,329,326,351,402,436,451,269,172,80,33,6,560,4705,98,143,165,192,136,102,130,175,209,240,289,266,346,392,418,466,345,269,211,92,21,938
2026,2026-01-01,20349,203491,長野県,小県郡青木村,village,20349,3955,111,151,150,175,137,101,110,180,175,239,282,259,284,286,337,360,284,178,103,43,10,618,1926,57,74,71,87,73,55,52,105,86,123,145,145,142,138,165,179,121,65,30,11,2,229,2029,54,77,79,88,64,46,58,75,89,116,137,114,142,148,172,181,163,113,73,32,8,389
2026,2026-01-01,20350,203505,長野県,小県郡長和町,town,20350,5351,84,138,170,207,170,130,153,216,255,284,336,333,413,508,517,557,330,263,188,82,17,880,2675,40,72,84,103,98,74,81,116,135,160,184,181,209,264,271,272,148,107,50,22,4,331,2676,44,66,86,104,72,56,72,100,120,124,152,152,204,244,246,285,182,156,138,60,13,549
2026,2026-01-01,20360,203602,長野県,諏訪郡,gun_agg,,39114,846,1363,1607,1757,1450,1133,1330,1566,2129,2548,2972,2710,2639,2760,2905,3421,2642,1811,1045,402,78,5978,19045,410,671,849,903,741,631,705,801,1101,1331,1517,1381,1359,1391,1390,1602,1118,721,313,100,10,2262,20069,436,692,758,854,709,502,625,765,1028,1217,1455,1329,1280,1369,1515,1819,1524,1090,732,302,68,3716
2026,2026-01-01,20361,203611,長野県,諏訪郡下諏訪町,town,20361,17734,381,570,648,782,701,587,620,666,901,1147,1398,1249,1171,1061,1210,1576,1384,959,506,192,25,3066,8561,194,271,337,412,369,333,326,348,468,598,712,663,608,523,555,685,568,401,146,42,2,1159,9173,187,299,311,370,332,254,294,318,433,549,686,586,563,538,655,891,816,558,360,150,23,1907
2026,2026-01-01,20362,203629,長野県,諏訪郡富士見町,town,20362,13541,265,496,605,619,489,343,454,581,781,891,1012,931,884,1016,1057,1150,831,571,374,154,37,1967,6632,126,244,317,308,245,177,257,278,417,466,527,461,473,508,510,564,359,228,118,42,7,754,6909,139,252,288,311,244,166,197,303,364,425,485,470,411,508,547,586,472,343,256,112,30,1213
2026,2026-01-01,20363,203637,長野県,諏訪郡原村,village,20363,7839,200,297,354,356,260,203,256,319,447,510,562,530,584,683,638,695,427,281,165,56,16,945,3852,90,156,195,183,127,121,122,175,216,267,278,257,278,360,325,353,191,92,49,16,1,349,3987,110,141,159,173,133,82,134,144,231,243,284,273,306,323,313,342,236,189,116,40,15,596
2026,2026-01-01,20380,203807,長野県,上伊那郡,gun_agg,,77340,2362,3125,3550,3817,3310,3036,3220,3698,4326,5387,5978,5109,4831,4729,5203,5961,4354,2957,1678,611,98,9698,38401,1228,1631,1822,1941,1746,1671,1683,1955,2262,2809,3143,2651,2498,2321,2525,2718,1953,1153,536,139,16,3797,38939,1134,1494,1728,1876,1564,1365,1537,1743,2064,2578,2835,2458,2333,2408,2678,3243,2401,1804,1142,472,82,5901
2026,2026-01-01,20382,203823,長野県,上伊那郡辰野町,town,20382,17239,365,542,671,792,711,590,591,663,828,1108,1328,1154,1080,1110,1333,1614,1214,856,468,185,36,2759,8478,193,276,353,392,386,321,326,355,425,592,703,602,567,531,634,739,562,320,155,41,5,1083,8761,172,266,318,400,325,269,265,308,403,516,625,552,513,579,699,875,652,536,313,144,31,1676
2026,2026-01-01,20383,203831,長野県,上伊那郡箕輪町,town,20383,23334,753,936,1013,1184,1063,997,990,1142,1319,1710,1897,1593,1405,1351,1491,1786,1219,825,471,170,19,2704,11772,393,484,558,591,567,568,546,618,703,904,998,840,717,683,696,826,560,321,156,41,2,1080,11562,360,452,455,593,496,429,444,524,616,806,899,753,688,668,795,960,659,504,315,129,17,1624
2026,2026-01-01,20384,203840,長野県,上伊那郡飯島町,town,20384,8440,209,304,363,354,246,250,294,402,414,543,586,536,567,671,685,718,551,388,258,85,16,1298,4154,110,172,172,187,124,138,149,206,214,287,308,281,300,326,354,335,227,168,77,15,4,491,4286,99,132,191,167,122,112,145,196,200,256,278,255,267,345,331,383,324,220,181,70,12,807
2026,2026-01-01,20385,203858,長野県,上伊那郡南箕輪村,village,20385,15592,650,816,866,824,769,765,834,925,1030,1187,1158,975,919,785,848,862,662,432,206,68,11,1379,7756,337,409,426,437,404,400,411,483,538,615,607,493,480,379,410,385,289,164,68,19,2,542,7836,313,407,440,387,365,365,423,442,492,572,551,482,439,406,438,477,373,268,138,49,9,837
2026,2026-01-01,20386,203866,長野県,上伊那郡中川村,village,20386,4458,118,185,200,227,162,117,171,193,262,299,284,272,284,338,366,369,278,184,103,41,5,611,2158,66,98,95,100,90,64,87,94,142,144,147,143,138,154,185,169,129,78,26,8,1,242,2300,52,87,105,127,72,53,84,99,120,155,137,129,146,184,181,200,149,106,77,33,4,369
2026,2026-01-01,20388,203882,長野県,上伊那郡宮田村,village,20388,8277,267,342,437,436,359,317,340,373,473,540,725,579,576,474,480,612,430,272,172,62,11,947,4083,129,192,218,234,175,180,164,199,240,267,380,292,296,248,246,264,186,102,54,15,2,359,4194,138,150,219,202,184,137,176,174,233,273,345,287,280,226,234,348,244,170,118,47,9,588
2026,2026-01-01,20400,204005,長野県,下伊那郡,gun_agg,,53813,1594,2076,2539,2546,2116,1822,1986,2325,2812,3300,3601,3400,3535,3771,4103,4324,3130,2499,1536,683,115,7963,26403,817,1073,1293,1323,1097,1004,1054,1244,1440,1702,1846,1735,1811,1852,2041,2122,1342,955,462,170,20,2949,27410,777,1003,1246,1223,1019,818,932,1081,1372,1598,1755,1665,1724,1919,2062,2202,1788,1544,1074,513,95,5014
2026,2026-01-01,20402,204021,長野県,下伊那郡松川町,town,20402,12076,347,479,544,545,483,441,517,527,644,770,829,827,849,832,918,922,708,497,276,107,14,1602,5893,173,241,273,274,248,249,270,280,319,400,421,410,420,409,450,435,309,194,87,27,4,621,6183,174,238,271,271,235,192,247,247,325,370,408,417,429,423,468,487,399,303,189,80,10,981
2026,2026-01-01,20403,204030,長野県,下伊那郡高森町,town,20403,12219,402,470,644,692,539,428,446,533,685,885,922,782,774,728,805,924,658,470,290,125,17,1560,5981,206,253,325,349,274,236,234,282,351,441,479,402,384,351,384,442,275,191,87,33,2,588,6238,196,217,319,343,265,192,212,251,334,444,443,380,390,377,421,482,383,279,203,92,15,972
2026,2026-01-01,20404,204048,長野県,下伊那郡阿南町,town,20404,3793,63,101,145,132,119,112,109,127,169,153,211,222,285,325,357,359,260,281,170,73,20,804,1868,35,49,83,71,66,53,65,68,90,83,107,113,156,177,193,173,106,97,61,19,3,286,1925,28,52,62,61,53,59,44,59,79,70,104,109,129,148,164,186,154,184,109,54,17,518
2026,2026-01-01,20407,204072,長野県,下伊那郡阿智村,village,20407,5633,146,232,293,267,232,161,201,250,291,325,350,331,387,429,477,469,281,254,160,81,16,792,2745,66,124,153,153,118,93,104,138,142,162,175,156,209,209,235,241,122,85,44,12,4,267,2888,80,108,140,114,114,68,97,112,149,163,175,175,178,220,242,228,159,169,116,69,12,525
2026,2026-01-01,20409,204099,長野県,下伊那郡平谷村,village,20409,362,6,9,21,15,15,14,13,18,21,17,15,27,19,42,27,20,16,21,17,7,2,63,175,2,3,11,12,5,10,8,12,14,8,5,13,9,18,18,9,7,6,3,2,0,18,187,4,6,10,3,10,4,5,6,7,9,10,14,10,24,9,11,9,15,14,5,2,45
2026,2026-01-01,20410,204102,長野県,下伊那郡根羽村,village,20410,767,20,20,27,17,19,29,28,23,27,30,41,25,51,81,77,85,51,51,36,28,1,167,397,9,11,16,13,10,18,15,12,18,16,25,13,23,47,37,50,27,18,12,7,0,64,370,11,9,11,4,9,11,13,11,9,14,16,12,28,34,40,35,24,33,24,21,1,103
2026,2026-01-01,20411,204111,長野県,下伊那郡下條村,village,20411,3285,108,122,146,170,155,135,129,129,142,205,205,203,214,235,234,268,176,162,86,53,8,485,1600,62,60,69,76,75,70,73,65,72,103,110,106,104,115,118,143,74,69,21,14,1,179,1685,46,62,77,94,80,65,56,64,70,102,95,97,110,120,116,125,102,93,65,39,7,306
2026,2026-01-01,20412,204129,長野県,下伊那郡売木村,village,20412,455,5,14,23,12,19,10,11,18,20,26,28,27,34,33,37,36,38,38,17,7,2,102,222,3,4,11,6,14,5,4,12,8,14,15,15,17,11,22,23,11,15,8,4,0,38,233,2,10,12,6,5,5,7,6,12,12,13,12,17,22,15,13,27,23,9,3,2,64
2026,2026-01-01,20413,204137,長野県,下伊那郡天龍村,village,20413,959,14,21,20,14,17,22,16,24,34,35,44,47,57,62,105,117,105,102,67,29,7,310,462,7,13,8,8,9,14,10,12,19,20,27,30,32,30,56,59,47,39,14,7,1,108,497,7,8,12,6,8,8,6,12,15,15,17,17,25,32,49,58,58,63,53,22,6,202
2026,2026-01-01,20414,204145,長野県,下伊那郡泰阜村,village,20414,1389,41,66,65,52,38,44,53,85,57,49,60,86,94,107,108,122,81,85,63,26,7,262,654,17,39,34,20,17,25,29,45,27,22,25,44,52,51,60,63,37,29,11,5,2,84,735,24,27,31,32,21,19,24,40,30,27,35,42,42,56,48,59,44,56,52,21,5,178
2026,2026-01-01,20415,204153,長野県,下伊那郡喬木村,village,20415,5725,174,234,265,299,221,173,188,243,297,373,452,349,338,400,421,455,384,217,162,66,14,843,2819,99,114,122,164,109,97,95,132,156,203,233,188,175,198,202,203,173,88,49,18,1,329,2906,75,120,143,135,112,76,93,111,141,170,219,161,163,202,219,252,211,129,113,48,13,514
2026,2026-01-01,20416,204161,長野県,下伊那郡豊丘村,village,20416,6310,249,276,302,311,236,230,255,315,383,385,401,420,371,436,471,481,312,255,152,64,5,788,3173,131,145,163,171,141,116,139,166,204,207,198,211,196,205,227,249,130,101,52,19,2,304,3137,118,131,139,140,95,114,116,149,179,178,203,209,175,231,244,232,182,154,100,45,3,484
2026,2026-01-01,20417,204170,長野県,下伊那郡大鹿村,village,20417,840,19,32,44,20,23,23,20,33,42,47,43,54,62,61,66,66,60,66,40,17,2,185,414,7,17,25,6,11,18,8,20,20,23,26,34,34,31,39,32,24,23,13,3,0,63,426,12,15,19,14,12,5,12,13,22,24,17,20,28,30,27,34,36,43,27,14,2,122
2026,2026-01-01,20420,204200,長野県,木曽郡,gun_agg,,22832,378,592,789,903,727,681,719,872,982,1230,1428,1491,1702,1771,2112,2335,1588,1354,843,287,48,4120,11154,192,288,384,492,393,387,406,466,515,650,774,788,888,928,1061,1117,627,473,262,59,4,1425,11678,186,304,405,411,334,294,313,406,467,580,654,703,814,843,1051,1218,961,881,581,228,44,2695
2026,2026-01-01,20422,204226,長野県,木曽郡上松町,town,20422,3709,52,100,127,143,107,114,124,143,178,184,218,216,295,311,347,367,262,218,145,51,7,683,1857,26,42,64,85,65,76,65,84,97,95,135,128,159,162,170,177,109,65,44,9,0,227,1852,26,58,63,58,42,38,59,59,81,89,83,88,136,149,177,190,153,153,101,42,7,456
2026,2026-01-01,20423,204234,長野県,木曽郡南木曽町,town,20423,3539,66,106,137,171,114,99,108,136,163,215,191,225,240,259,316,364,242,198,133,47,9,629,1729,29,52,76,94,59,56,61,72,91,112,95,124,115,134,158,176,108,69,36,10,2,225,1810,37,54,61,77,55,43,47,64,72,103,96,101,125,125,158,188,134,129,97,37,7,404
2026,2026-01-01,20425,204251,長野県,木曽郡木祖村,village,20425,2444,54,62,96,106,64,74,66,102,104,143,150,137,183,182,227,267,148,154,92,28,5,427,1153,34,25,40,54,33,38,32,51,55,72,76,74,96,90,110,126,57,50,32,8,0,147,1291,20,37,56,52,31,36,34,51,49,71,74,63,87,92,117,141,91,104,60,20,5,280
2026,2026-01-01,20429,204293,長野県,木曽郡王滝村,village,20429,616,8,10,10,15,15,18,20,30,23,30,41,64,44,60,54,49,50,34,32,7,2,125,296,7,3,5,10,8,7,13,17,10,12,22,31,24,33,25,24,19,16,9,1,0,45,320,1,7,5,5,7,11,7,13,13,18,19,33,20,27,29,25,31,18,23,6,2,80
2026,2026-01-01,20430,204307,長野県,木曽郡大桑村,village,20430,3069,65,95,94,91,103,97,114,121,121,148,183,210,227,238,281,307,218,176,133,38,9,574,1507,35,43,46,52,58,58,64,69,59,82,105,106,109,132,134,146,88,73,37,11,0,209,1562,30,52,48,39,45,39,50,52,62,66,78,104,118,106,147,161,130,103,96,27,9,365
2026,2026-01-01,20432,204323,長野県,木曽郡木曽町,town,20432,9455,133,219,325,377,324,279,287,340,393,510,645,639,713,721,887,981,668,574,308,116,16,1682,4612,61,123,153,197,170,152,171,173,203,277,341,325,385,377,464,468,246,200,104,20,2,572,4843,72,96,172,180,154,127,116,167,190,233,304,314,328,344,423,513,422,374,204,96,14,1110
2026,2026-01-01,20440,204404,長野県,東筑摩郡,gun_agg,,20093,513,734,771,877,717,689,769,864,1058,1264,1492,1419,1383,1399,1535,1778,1234,828,531,209,29,2831,9939,230,386,402,465,352,375,403,458,545,664,769,763,729,722,767,830,546,318,163,48,4,1079,10154,283,348,369,412,365,314,366,406,513,600,723,656,654,677,768,948,688,510,368,161,25,1752
2026,2026-01-01,20446,204463,長野県,東筑摩郡麻績村,village,20446,2324,58,70,67,87,71,73,76,85,104,139,130,162,154,188,200,206,173,134,91,46,10,454,1143,25,41,33,50,33,36,42,40,63,65,71,82,82,109,103,100,75,52,28,10,3,168,1181,33,29,34,37,38,37,34,45,41,74,59,80,72,79,97,106,98,82,63,36,7,286
2026,2026-01-01,20448,204480,長野県,東筑摩郡生坂村,village,20448,1565,39,63,60,62,31,48,44,63,85,87,105,87,116,108,138,141,97,96,74,20,1,288,792,17,38,38,25,15,27,26,32,48,43,55,60,63,54,72,72,43,30,29,5,0,107,773,22,25,22,37,16,21,18,31,37,44,50,27,53,54,66,69,54,66,45,15,1,181
2026,2026-01-01,20450,204501,長野県,東筑摩郡山形村,village,20450,8215,232,339,377,413,373,314,333,398,499,585,699,600,540,489,543,660,410,224,129,51,7,821,4063,95,166,207,210,184,175,171,224,246,313,356,312,280,243,261,307,183,80,39,10,1,313,4152,137,173,170,203,189,139,162,174,253,272,343,288,260,246,282,353,227,144,90,41,6,508
2026,2026-01-01,20451,204510,長野県,東筑摩郡朝日村,village,20451,4155,125,181,155,174,131,165,200,206,214,243,296,307,308,322,302,313,225,156,97,32,3,513,2043,62,102,68,92,60,91,93,107,109,131,142,159,163,159,163,147,98,63,26,8,0,195,2112,63,79,87,82,71,74,107,99,105,112,154,148,145,163,139,166,127,93,71,24,3,318
2026,2026-01-01,20452,204528,長野県,東筑摩郡筑北村,village,20452,3834,59,81,112,141,111,89,116,112,156,210,262,263,265,292,352,458,329,218,140,60,8,755,1898,31,39,56,88,60,46,71,55,79,112,145,150,141,157,168,204,147,93,41,15,0,296,1936,28,42,56,53,51,43,45,57,77,98,117,113,124,135,184,254,182,125,99,45,8,459
2026,2026-01-01,20480,204803,長野県,北安曇郡,gun_agg,,28298,679,883,1169,1253,1051,880,1053,1150,1481,1912,2257,1971,1960,1921,2121,2632,1693,1147,730,295,60,3925,13881,355,460,598,626,536,490,539,584,755,990,1142,1010,983,961,1082,1243,783,441,234,65,4,1527,14417,324,423,571,627,515,390,514,566,726,922,1115,961,977,960,1039,1389,910,706,496,230,56,2398
2026,2026-01-01,20481,204811,長野県,北安曇郡池田町,town,20481,8896,131,231,355,342,318,220,269,302,413,586,695,645,594,674,710,939,633,423,276,113,27,1472,4324,75,117,198,171,173,116,139,155,217,304,363,335,284,338,349,440,287,158,75,30,0,550,4572,56,114,157,171,145,104,130,147,196,282,332,310,310,336,361,499,346,265,201,83,27,922
2026,2026-01-01,20482,204820,長野県,北安曇郡松川村,village,20482,9482,298,326,403,407,404,348,462,439,512,629,739,633,652,577,646,827,550,325,214,75,16,1180,4606,148,172,198,191,183,193,236,235,266,324,358,305,333,281,320,388,261,126,67,20,1,475,4876,150,154,205,216,221,155,226,204,246,305,381,328,319,296,326,439,289,199,147,55,15,705
2026,2026-01-01,20485,204854,長野県,北安曇郡白馬村,village,20485,7534,191,252,321,412,252,237,242,318,428,542,635,530,523,519,579,663,364,262,174,79,11,890,3715,99,129,159,220,138,132,119,148,195,277,320,279,261,259,308,317,170,110,66,9,0,355,3819,92,123,162,192,114,105,123,170,233,265,315,251,262,260,271,346,194,152,108,70,11,535
2026,2026-01-01,20486,204862,長野県,北安曇郡小谷村,village,20486,2386,59,74,90,92,77,75,80,91,128,155,188,163,191,151,186,203,146,137,66,28,6,383,1236,33,42,43,44,42,49,45,46,77,85,101,91,105,83,105,98,65,47,26,6,3,147,1150,26,32,47,48,35,26,35,45,51,70,87,72,86,68,81,105,81,90,40,22,3,236
2026,2026-01-01,20520,205206,長野県,埴科郡,gun_agg,,13008,285,411,489,602,516,456,475,540,642,821,1009,842,895,848,968,1168,999,552,335,133,22,2041,6358,147,206,253,301,246,244,265,288,332,426,539,439,436,428,455,555,456,207,104,29,2,798,6650,138,205,236,301,270,212,210,252,310,395,470,403,459,420,513,613,543,345,231,104,20,1243
2026,2026-01-01,20521,205214,長野県,埴科郡坂城町,town,20521,13008,285,411,489,602,516,456,475,540,642,821,1009,842,895,848,968,1168,999,552,335,133,22,2041,6358,147,206,253,301,246,244,265,288,332,426,539,439,436,428,455,555,456,207,104,29,2,798,6650,138,205,236,301,270,212,210,252,310,395,470,403,459,420,513,613,543,345,231,104,20,1243
2026,2026-01-01,20540,205401,長野県,上高井郡,gun_agg,,17023,477,664,738,849,641,523,601,750,908,1173,1281,1149,1110,1139,1292,1542,991,684,365,123,23,2186,8286,245,342,388,445,355,271,276,369,456,608,660,573,526,548,627,727,458,276,104,27,5,870,8737,232,322,350,404,286,252,325,381,452,565,621,576,584,591,665,815,533,408,261,96,18,1316
2026,2026-01-01,20541,205419,長野県,上高井郡小布施町,town,20541,10750,346,478,503,539,386,325,393,510,613,779,790,717,640,649,737,953,647,436,223,69,17,1392,5166,176,247,255,277,210,163,171,253,303,392,398,364,304,311,338,435,301,180,71,13,4,569,5584,170,231,248,262,176,162,222,257,310,387,392,353,336,338,399,518,346,256,152,56,13,823
2026,2026-01-01,20543,205435,長野県,上高井郡高山村,village,20543,6273,131,186,235,310,255,198,208,240,295,394,491,432,470,490,555,589,344,248,142,54,6,794,3120,69,95,133,168,145,108,105,116,153,216,262,209,222,237,289,292,157,96,33,14,1,301,3153,62,91,102,142,110,90,103,124,142,178,229,223,248,253,266,297,187,152,109,40,5,493
2026,2026-01-01,20560,205605,長野県,下高井郡,gun_agg,,17711,361,516,641,668,598,500,564,681,893,1012,1190,1161,1319,1417,1587,1704,1103,954,581,223,38,2899,8698,163,252,341,327,330,272,304,356,450,527,613,623,687,745,820,851,473,344,168,46,6,1037,9013,198,264,300,341,268,228,260,325,443,485,577,538,632,672,767,853,630,610,413,177,32,1862
2026,2026-01-01,20561,205613,長野県,下高井郡山ノ内町,town,20561,10538,227,263,339,376,351,295,322,387,484,583,728,729,796,836,924,1060,721,600,363,137,17,1838,5204,100,129,176,191,197,156,184,198,245,307,373,405,422,448,481,515,303,234,105,32,3,677,5334,127,134,163,185,154,139,138,189,239,276,355,324,374,388,443,545,418,366,258,105,14,1161
2026,2026-01-01,20562,205621,長野県,下高井郡木島平村,village,20562,4111,70,137,185,173,135,111,115,148,243,241,277,246,295,336,403,367,238,200,121,56,14,629,2029,34,64,101,77,74,69,60,80,119,123,148,130,151,172,211,195,106,67,35,13,0,221,2082,36,73,84,96,61,42,55,68,124,118,129,116,144,164,192,172,132,133,86,43,14,408
2026,2026-01-01,20563,205630,長野県,下高井郡野沢温泉村,village,20563,3062,64,116,117,119,112,94,127,146,166,188,185,186,228,245,260,277,144,154,97,30,7,432,1465,29,59,64,59,59,47,60,78,86,97,92,88,114,125,128,141,64,43,28,1,3,139,1597,35,57,53,60,53,47,67,68,80,91,93,98,114,120,132,136,80,111,69,29,4,293
2026,2026-01-01,20580,205800,長野県,上水内郡,gun_agg,,19432,461,525,666,777,596,536,582,748,951,1133,1367,1242,1397,1528,1896,2002,1278,962,543,212,30,3025,9662,251,259,362,378,309,291,302,416,501,576,734,625,731,773,978,997,587,366,179,44,3,1179,9770,210,266,304,399,287,245,280,332,450,557,633,617,666,755,918,1005,691,596,364,168,27,1846
2026,2026-01-01,20583,205834,長野県,上水内郡信濃町,town,20583,7194,147,166,227,295,214,175,184,261,315,410,537,476,527,564,756,787,509,346,200,89,9,1153,3588,83,92,121,146,121,100,91,143,161,204,284,250,280,285,389,386,234,130,74,12,2,452,3606,64,74,106,149,93,75,93,118,154,206,253,226,247,279,367,401,275,216,126,77,7,701
2026,2026-01-01,20588,205885,長野県,上水内郡小川村,village,20588,2158,45,58,57,80,69,51,55,73,104,111,153,138,150,170,190,205,163,140,94,44,8,449,1072,22,32,37,39,42,23,28,46,49,55,81,75,86,89,110,99,73,52,24,9,1,159,1086,23,26,20,41,27,28,27,27,55,56,72,63,64,81,80,106,90,88,70,35,7,290
2026,2026-01-01,20590,205907,長野県,上水内郡飯綱町,town,20590,10080,269,301,382,402,313,310,343,414,532,612,677,628,720,794,950,1010,606,476,249,79,13,1423,5002,146,135,204,193,146,168,183,227,291,317,369,300,365,399,479,512,280,184,81,23,0,568,5078,123,166,178,209,167,142,160,187,241,295,308,328,355,395,471,498,326,292,168,56,13,855
2026,2026-01-01,20600,206008,長野県,下水内郡,gun_agg,,1475,24,32,40,35,44,32,42,54,44,72,69,59,109,134,156,172,112,111,87,42,5,357,712,9,15,22,19,26,20,25,28,26,38,35,30,59,70,87,101,41,34,21,6,0,102,763,15,17,18,16,18,12,17,26,18,34,34,29,50,64,69,71,71,77,66,36,5,255
2026,2026-01-01,20602,206024,長野県,下水内郡栄村,village,20602,1475,24,32,40,35,44,32,42,54,44,72,69,59,109,134,156,172,112,111,87,42,5,357,712,9,15,22,19,26,20,25,28,26,38,35,30,59,70,87,101,41,34,21,6,0,102,763,15,17,18,16,18,12,17,26,18,34,34,29,50,64,69,71,71,77,66,36,5,255
2026,2026-01-01,21000,210005,岐阜県,,pref,,1856706,53489,69811,82547,88902,83952,78737,78783,89857,104903,122688,148599,130167,123936,116243,126369,145059,98929,66968,34454,10641,1672,212664,904777,27331,35669,42338,45464,42965,40933,40977,46919,54117,63548,75975,65397,60903,55911,59481,66857,42016,25422,10153,2218,183,79992,951929,26158,34142,40209,43438,40987,37804,37806,42938,50786,59140,72624,64770,63033,60332,66888,78202,56913,41546,24301,8423,1489,132672
2026,2026-01-01,21201,212016,岐阜県,岐阜市,city,21201,384231,11977,14786,16591,17753,18258,18260,17860,19239,21847,25382,31401,28604,25919,22572,23404,27382,20063,13758,6928,1943,304,42996,183890,6094,7615,8476,8981,9046,9103,8966,9836,11017,12914,15606,14166,12660,10886,10846,12117,8124,5030,1976,402,29,15561,200341,5883,7171,8115,8772,9212,9157,8894,9403,10830,12468,15795,14438,13259,11686,12558,15265,11939,8728,4952,1541,275,27435
2026,2026-01-01,21202,212024,岐阜県,大垣市,city,21202,149261,4813,5902,6764,7091,7265,7238,7127,7790,8923,10109,11999,10524,9731,8815,9244,10282,7306,5059,2434,732,113,15644,72853,2425,3093,3455,3625,3654,3763,3717,4162,4600,5267,6055,5286,4713,4172,4341,4705,3051,1885,722,149,13,5820,76408,2388,2809,3309,3466,3611,3475,3410,3628,4323,4842,5944,5238,5018,4643,4903,5577,4255,3174,1712,583,100,9824
2026,2026-01-01,21203,212032,岐阜県,高山市,city,21203,79892,2283,3035,3533,3889,3140,3097,3046,3582,4419,5234,6277,5390,5374,5115,5584,6679,4487,3253,1781,590,104,10215,38214,1162,1520,1836,1982,1569,1609,1592,1821,2234,2658,3198,2694,2612,2473,2607,2999,1801,1201,516,119,11,3648,41678,1121,1515,1697,1907,1571,1488,1454,1761,2185,2576,3079,2696,2762,2642,2977,3680,2686,2052,1265,471,93,6567
2026,2026-01-01,21204,212041,岐阜県,多治見市,city,21204,100824,2602,3494,4270,4553,4287,3904,4099,4761,5580,6480,8017,7635,7144,6855,7205,8437,5673,3573,1705,478,72,11501,49042,1281,1757,2141,2366,2233,2005,2099,2498,2877,3366,4090,3807,3540,3238,3457,3876,2427,1393,500,84,7,4411,51782,1321,1737,2129,2187,2054,1899,2000,2263,2703,3114,3927,3828,3604,3617,3748,4561,3246,2180,1205,394,65,7090
2026,2026-01-01,21205,212059,岐阜県,関市,city,21205,79913,2115,2790,3586,4109,3717,3195,3088,3692,4428,5452,6276,5392,5369,5414,5959,6564,4102,2716,1391,469,89,8767,39172,1078,1430,1825,2138,1832,1696,1642,1879,2279,2858,3296,2705,2589,2616,2811,3117,1812,1047,416,102,4,3381,40741,1037,1360,1761,1971,1885,1499,1446,1813,2149,2594,2980,2687,2780,2798,3148,3447,2290,1669,975,367,85,5386
2026,2026-01-01,21206,212067,岐阜県,中津川市,city,21206,69805,1805,2543,3123,3308,2793,2589,2696,3153,3954,4446,5252,4570,4784,4801,5122,5705,3893,2893,1641,638,96,9161,34319,936,1355,1616,1720,1489,1411,1416,1721,2107,2358,2741,2317,2358,2335,2419,2665,1673,1082,455,132,13,3355,35486,869,1188,1507,1588,1304,1178,1280,1432,1847,2088,2511,2253,2426,2466,2703,3040,2220,1811,1186,506,83,5806
2026,2026-01-01,21207,212075,岐阜県,美濃市,city,21207,17964,390,598,735,771,658,593,558,731,980,1078,1307,1166,1268,1350,1672,1707,1062,718,442,155,25,2402,8740,207,305,358,399,340,312,298,390,508,567,706,574,627,610,792,838,445,277,140,40,7,909,9224,183,293,377,372,318,281,260,341,472,511,601,592,641,740,880,869,617,441,302,115,18,1493
2026,2026-01-01,21208,212083,岐阜県,瑞浪市,city,21208,33318,910,1204,1408,1463,1423,1329,1445,1663,1862,2118,2484,2361,2366,2205,2369,2609,1843,1311,681,237,27,4099,16299,468,621,733,782,730,706,785,867,1002,1135,1294,1164,1160,1074,1138,1214,754,449,182,36,5,1426,17019,442,583,675,681,693,623,660,796,860,983,1190,1197,1206,1131,1231,1395,1089,862,499,201,22,2673
2026,2026-01-01,21209,212091,岐阜県,羽島市,city,21209,64263,1985,2559,2983,3189,3004,2841,2824,3308,3698,4438,5588,4571,4372,3672,4080,4653,3169,2094,975,233,27,6498,31680,1016,1277,1533,1648,1565,1452,1485,1698,1896,2284,2896,2330,2170,1828,1899,2215,1354,804,284,43,3,2488,32583,969,1282,1450,1541,1439,1389,1339,1610,1802,2154,2692,2241,2202,1844,2181,2438,1815,1290,691,190,24,4010
2026,2026-01-01,21210,212105,岐阜県,恵那市,city,21210,44053,992,1481,1926,2073,1756,1491,1498,1813,2402,2833,3218,2917,3060,3144,3516,3910,2477,1886,1127,448,85,6023,21488,510,763,1024,1028,925,838,821,947,1261,1475,1667,1497,1550,1529,1686,1853,1021,672,313,100,8,2114,22565,482,718,902,1045,831,653,677,866,1141,1358,1551,1420,1510,1615,1830,2057,1456,1214,814,348,77,3909
2026,2026-01-01,21211,212113,岐阜県,美濃加茂市,city,21211,51175,1862,2412,2764,2791,2554,2370,2517,2866,3296,3639,4204,3439,3060,2864,2873,3196,2082,1366,757,234,29,4468,25276,965,1181,1355,1401,1352,1215,1288,1501,1710,1871,2143,1749,1532,1378,1401,1514,908,526,231,50,5,1720,25899,897,1231,1409,1390,1202,1155,1229,1365,1586,1768,2061,1690,1528,1486,1472,1682,1174,840,526,184,24,2748
2026,2026-01-01,21212,212121,岐阜県,土岐市,city,21212,51097,1280,1755,2197,2386,2136,1970,2167,2453,2763,3218,4005,3581,3653,3420,3467,4194,2903,2124,1079,302,44,6452,24836,656,852,1144,1216,1083,1016,1157,1296,1461,1659,2032,1852,1837,1622,1673,1907,1192,797,311,66,7,2373,26261,624,903,1053,1170,1053,954,1010,1157,1302,1559,1973,1729,1816,1798,1794,2287,1711,1327,768,236,37,4079
2026,2026-01-01,21213,212130,岐阜県,各務原市,city,21213,139004,4360,5619,6292,6946,6787,6511,6421,7250,7995,9507,11713,9861,8503,7284,8336,10654,7502,4695,2089,582,97,14965,68649,2243,2863,3243,3610,3553,3459,3390,3842,4148,4943,6013,5012,4277,3447,3760,4744,3306,1964,702,122,8,6102,70355,2117,2756,3049,3336,3234,3052,3031,3408,3847,4564,5700,4849,4226,3837,4576,5910,4196,2731,1387,460,89,8863
2026,2026-01-01,21214,212148,岐阜県,可児市,city,21214,89653,2553,3335,4163,4333,4141,3849,3805,4385,5223,6196,7349,6105,5487,5365,6276,7586,4922,2851,1289,372,68,9502,44283,1318,1676,2136,2229,2136,2018,2018,2322,2728,3217,3784,3100,2682,2542,2878,3510,2305,1192,414,73,5,3989,45370,1235,1659,2027,2104,2005,1831,1787,2063,2495,2979,3565,3005,2805,2823,3398,4076,2617,1659,875,299,63,5513
2026,2026-01-01,21215,212156,岐阜県,山県市,city,21215,23467,497,725,920,1030,959,759,739,938,1137,1413,1725,1593,1690,1805,2110,2267,1497,991,497,160,15,3160,11509,261,373,472,539,482,397,378,507,587,790,883,794,827,864,1029,1098,649,399,139,38,3,1228,11958,236,352,448,491,477,362,361,431,550,623,842,799,863,941,1081,1169,848,592,358,122,12,1932
2026,2026-01-01,21216,212164,岐阜県,瑞穂市,city,21216,53309,2304,2524,2819,2936,2796,3012,3045,3174,3422,3914,4542,3574,2984,2558,2728,3070,2013,1182,540,156,16,3907,26442,1159,1260,1480,1534,1467,1546,1551,1647,1738,1992,2370,1775,1461,1236,1291,1393,905,444,158,34,1,1542,26867,1145,1264,1339,1402,1329,1466,1494,1527,1684,1922,2172,1799,1523,1322,1437,1677,1108,738,382,122,15,2365
2026,2026-01-01,21217,212172,岐阜県,飛騨市,city,21217,20995,475,663,860,850,668,606,687,823,1007,1263,1530,1400,1528,1460,1654,1984,1449,1140,691,232,25,3537,10177,232,377,418,425,355,355,380,441,537,673,804,701,772,733,773,949,584,404,213,47,4,1252,10818,243,286,442,425,313,251,307,382,470,590,726,699,756,727,881,1035,865,736,478,185,21,2285
2026,2026-01-01,21218,212181,岐阜県,本巣市,city,21218,31603,942,1213,1414,1700,1579,1257,1228,1427,1765,2123,2640,2157,1892,1925,2283,2600,1671,1071,522,166,28,3458,15366,477,612,710,881,794,661,611,736,880,1088,1368,1099,917,927,1061,1193,750,407,160,31,3,1351,16237,465,601,704,819,785,596,617,691,885,1035,1272,1058,975,998,1222,1407,921,664,362,135,25,2107
2026,2026-01-01,21219,212199,岐阜県,郡上市,city,21219,36118,821,1305,1596,1627,1208,972,1103,1521,1871,2175,2469,2362,2756,2875,3047,3137,2006,1683,1143,389,52,5273,17698,413,692,796,802,686,549,614,793,961,1145,1261,1199,1366,1473,1502,1516,846,638,347,93,6,1930,18420,408,613,800,825,522,423,489,728,910,1030,1208,1163,1390,1402,1545,1621,1160,1045,796,296,46,3343
2026,2026-01-01,21220,212202,岐阜県,下呂市,city,21220,27245,556,837,1081,1228,829,684,764,1000,1214,1562,1920,1823,2080,2053,2315,2614,1841,1525,946,323,50,4685,13069,285,422,558,612,452,382,441,525,630,827,975,921,1012,997,1128,1237,753,543,287,75,7,1665,14176,271,415,523,616,377,302,323,475,584,735,945,902,1068,1056,1187,1377,1088,982,659,248,43,3020
2026,2026-01-01,21221,212211,岐阜県,海津市,city,21221,29589,499,785,1113,1343,1233,918,924,1210,1526,1850,2356,2149,2199,2364,2736,2856,1758,1070,517,159,24,3528,14623,270,404,569,687,645,496,475,657,810,990,1233,1087,1087,1105,1315,1379,799,432,147,32,4,1414,14966,229,381,544,656,588,422,449,553,716,860,1123,1062,1112,1259,1421,1477,959,638,370,127,20,2114
2026,2026-01-01,21300,213004,岐阜県,羽島郡,gun_agg,,46743,1939,2101,2124,2262,2263,2691,2822,2675,2882,3209,3936,3268,2768,2253,2353,2844,2145,1391,614,171,32,4353,23019,1025,1090,1087,1131,1152,1314,1404,1400,1483,1682,2021,1634,1400,1108,1111,1301,909,532,195,36,4,1676,23724,914,1011,1037,1131,1111,1377,1418,1275,1399,1527,1915,1634,1368,1145,1242,1543,1236,859,419,135,28,2677
2026,2026-01-01,21302,213021,岐阜県,羽島郡岐南町,town,21302,25500,1162,1258,1227,1280,1196,1580,1655,1571,1697,1757,2147,1669,1428,1160,1214,1450,1029,662,273,73,12,2049,12657,595,646,623,641,619,779,815,806,876,944,1114,835,730,570,576,674,439,270,85,19,1,814,12843,567,612,604,639,577,801,840,765,821,813,1033,834,698,590,638,776,590,392,188,54,11,1235
2026,2026-01-01,21303,213039,岐阜県,羽島郡笠松町,town,21303,21243,777,843,897,982,1067,1111,1167,1104,1185,1452,1789,1599,1340,1093,1139,1394,1116,729,341,98,20,2304,10362,430,444,464,490,533,535,589,594,607,738,907,799,670,538,535,627,470,262,110,17,3,862,10881,347,399,433,492,534,576,578,510,578,714,882,800,670,555,604,767,646,467,231,81,17,1442
2026,2026-01-01,21340,213403,岐阜県,養老郡,gun_agg,,24522,375,637,1011,1172,1104,772,744,945,1314,1614,1933,1700,1818,1931,2216,2343,1414,831,473,145,30,2893,12051,195,340,530,586,578,425,418,493,700,839,1049,847,863,924,1066,1118,602,307,137,30,4,1080,12471,180,297,481,586,526,347,326,452,614,775,884,853,955,1007,1150,1225,812,524,336,115,26,1813
2026,2026-01-01,21341,213411,岐阜県,養老郡養老町,town,21341,24522,375,637,1011,1172,1104,772,744,945,1314,1614,1933,1700,1818,1931,2216,2343,1414,831,473,145,30,2893,12051,195,340,530,586,578,425,418,493,700,839,1049,847,863,924,1066,1118,602,307,137,30,4,1080,12471,180,297,481,586,526,347,326,452,614,775,884,853,955,1007,1150,1225,812,524,336,115,26,1813
2026,2026-01-01,21360,213608,岐阜県,不破郡,gun_agg,,30150,714,1018,1250,1515,1405,1097,1064,1364,1586,1983,2360,1999,2031,2004,2337,2695,1775,1118,593,205,37,3728,14780,366,505,644,781,738,597,574,728,845,1009,1226,1037,962,948,1082,1265,799,447,181,43,3,1473,15370,348,513,606,734,667,500,490,636,741,974,1134,962,1069,1056,1255,1430,976,671,412,162,34,2255
2026,2026-01-01,21361,213616,岐阜県,不破郡垂井町,town,21361,24366,644,896,1056,1272,1175,945,903,1171,1342,1680,1965,1596,1590,1546,1775,2057,1328,810,430,152,33,2753,11988,326,431,548,656,618,507,492,622,712,853,1018,821,755,729,824,959,614,330,134,36,3,1117,12378,318,465,508,616,557,438,411,549,630,827,947,775,835,817,951,1098,714,480,296,116,30,1636
2026,2026-01-01,21362,213624,岐阜県,不破郡関ケ原町,town,21362,5784,70,122,194,243,230,152,161,193,244,303,395,403,441,458,562,638,447,308,163,53,4,975,2792,40,74,96,125,120,90,82,106,133,156,208,216,207,219,258,306,185,117,47,7,0,356,2992,30,48,98,118,110,62,79,87,111,147,187,187,234,239,304,332,262,191,116,46,4,619
2026,2026-01-01,21380,213802,岐阜県,安八郡,gun_agg,,39611,981,1397,1845,2033,1953,1647,1431,1772,2280,2748,3497,2737,2429,2402,2839,3276,2172,1371,605,164,32,4344,19493,506,692,935,1015,1020,905,756,937,1183,1424,1816,1400,1199,1124,1346,1519,963,546,181,23,3,1716,20118,475,705,910,1018,933,742,675,835,1097,1324,1681,1337,1230,1278,1493,1757,1209,825,424,141,29,2628
2026,2026-01-01,21381,213811,岐阜県,安八郡神戸町,town,21381,17441,447,598,744,814,801,758,631,801,917,1174,1473,1214,1047,1036,1299,1551,1078,681,286,78,13,2136,8520,236,288,363,419,439,409,329,410,488,610,744,627,498,484,596,724,464,287,93,11,1,856,8921,211,310,381,395,362,349,302,391,429,564,729,587,549,552,703,827,614,394,193,67,12,1280
2026,2026-01-01,21382,213829,岐阜県,安八郡輪之内町,town,21382,8446,182,311,428,481,437,320,282,381,542,619,785,558,535,534,637,634,380,235,120,38,7,780,4196,84,146,224,236,221,180,158,211,283,316,412,289,263,248,314,302,181,85,39,4,0,309,4250,98,165,204,245,216,140,124,170,259,303,373,269,272,286,323,332,199,150,81,34,7,471
2026,2026-01-01,21383,213837,岐阜県,安八郡安八町,town,21383,13724,352,488,673,738,715,569,518,590,821,955,1239,965,847,832,903,1091,714,455,199,48,12,1428,6777,186,258,348,360,360,316,269,316,412,498,660,484,438,392,436,493,318,174,49,8,2,551,6947,166,230,325,378,355,253,249,274,409,457,579,481,409,440,467,598,396,281,150,40,10,877
2026,2026-01-01,21400,214001,岐阜県,揖斐郡,gun_agg,,59772,1175,1963,2758,3056,2879,2125,1931,2479,3132,3826,4979,4174,4260,4114,4522,5235,3399,2205,1164,349,47,7164,29184,610,981,1472,1559,1472,1163,1024,1237,1631,1973,2588,2044,2168,2003,2132,2427,1454,835,332,75,4,2700,30588,565,982,1286,1497,1407,962,907,1242,1501,1853,2391,2130,2092,2111,2390,2808,1945,1370,832,274,43,4464
2026,2026-01-01,21401,214019,岐阜県,揖斐郡揖斐川町,town,21401,17868,292,513,685,782,721,505,476,662,841,1030,1354,1165,1287,1400,1584,1847,1155,899,485,162,23,2724,8631,165,253,361,396,356,278,246,342,438,536,735,587,653,662,760,883,479,326,136,37,2,980,9237,127,260,324,386,365,227,230,320,403,494,619,578,634,738,824,964,676,573,349,125,21,1744
2026,2026-01-01,21403,214035,岐阜県,揖斐郡大野町,town,21403,20545,403,733,997,1086,1058,752,673,904,1151,1364,1773,1467,1513,1342,1483,1686,1095,630,328,95,12,2160,10071,208,358,545,567,553,390,361,454,591,703,919,705,758,652,686,770,483,250,96,21,1,851,10474,195,375,452,519,505,362,312,450,560,661,854,762,755,690,797,916,612,380,232,74,11,1309
2026,2026-01-01,21404,214043,岐阜県,揖斐郡池田町,town,21404,21359,480,717,1076,1188,1100,868,782,913,1140,1432,1852,1542,1460,1372,1455,1702,1149,676,351,92,12,2280,10482,237,370,566,596,563,495,417,441,602,734,934,752,757,689,686,774,492,259,100,17,1,869,10877,243,347,510,592,537,373,365,472,538,698,918,790,703,683,769,928,657,417,251,75,11,1411
2026,2026-01-01,21420,214205,岐阜県,本巣郡,gun_agg,,17823,706,796,855,907,856,898,893,942,1133,1224,1449,1246,1162,962,1027,1140,821,497,239,63,7,1627,8485,347,402,441,454,421,437,455,483,576,601,693,604,543,451,455,528,319,181,78,14,2,594,9338,359,394,414,453,435,461,438,459,557,623,756,642,619,511,572,612,502,316,161,49,5,1033
2026,2026-01-01,21421,214213,岐阜県,本巣郡北方町,town,21421,17823,706,796,855,907,856,898,893,942,1133,1224,1449,1246,1162,962,1027,1140,821,497,239,63,7,1627,8485,347,402,441,454,421,437,455,483,576,601,693,604,543,451,455,528,319,181,78,14,2,594,9338,359,394,414,453,435,461,438,459,557,623,756,642,619,511,572,612,502,316,161,49,5,1033
2026,2026-01-01,21500,215007,岐阜県,加茂郡,gun_agg,,43499,1154,1603,1784,1816,1561,1410,1614,1979,2252,2487,2864,2741,3070,3349,3662,3945,2481,1970,1254,424,79,6208,21230,592,833,927,930,819,749,872,1064,1181,1316,1466,1409,1472,1622,1811,1937,1047,749,324,102,8,2230,22269,562,770,857,886,742,661,742,915,1071,1171,1398,1332,1598,1727,1851,2008,1434,1221,930,322,71,3978
2026,2026-01-01,21501,215015,岐阜県,加茂郡坂祝町,town,21501,7499,280,370,340,333,306,323,366,441,482,470,536,467,455,503,553,594,337,193,108,37,5,680,3809,151,189,184,176,162,184,197,237,274,242,291,246,222,223,280,296,151,76,23,4,1,255,3690,129,181,156,157,144,139,169,204,208,228,245,221,233,280,273,298,186,117,85,33,4,425
2026,2026-01-01,21502,215023,岐阜県,加茂郡富加町,town,21502,5632,274,293,299,269,194,194,281,342,369,388,317,292,342,378,375,459,254,162,107,37,6,566,2773,143,152,152,129,107,95,139,178,196,218,162,138,155,177,180,231,120,62,30,9,0,221,2859,131,141,147,140,87,99,142,164,173,170,155,154,187,201,195,228,134,100,77,28,6,345
2026,2026-01-01,21503,215031,岐阜県,加茂郡川辺町,town,21503,9333,252,399,434,438,363,351,414,465,506,530,684,608,655,632,698,745,482,364,215,77,21,1159,4569,135,231,232,221,181,180,216,242,240,267,344,311,307,322,338,372,201,142,67,16,4,430,4764,117,168,202,217,182,171,198,223,266,263,340,297,348,310,360,373,281,222,148,61,17,729
2026,2026-01-01,21504,215040,岐阜県,加茂郡七宗町,town,21504,3024,51,66,91,103,88,85,71,81,103,143,182,185,236,282,324,340,235,194,111,41,12,593,1455,25,39,48,57,48,45,44,45,51,70,98,98,110,141,162,160,103,72,26,11,2,214,1569,26,27,43,46,40,40,27,36,52,73,84,87,126,141,162,180,132,122,85,30,10,379
2026,2026-01-01,21505,215058,岐阜県,加茂郡八百津町,town,21505,9497,179,281,365,377,344,263,293,379,462,540,636,640,654,777,893,921,609,481,300,94,9,1493,4609,79,142,184,199,182,136,165,209,244,294,316,345,318,379,445,437,269,176,63,27,0,535,4888,100,139,181,178,162,127,128,170,218,246,320,295,336,398,448,484,340,305,237,67,9,958
2026,2026-01-01,21506,215066,岐阜県,加茂郡白川町,town,21506,6562,75,136,194,227,195,149,142,201,244,319,417,414,555,619,657,708,421,449,302,117,21,1310,3096,39,55,97,110,100,88,89,111,127,172,215,208,274,292,333,357,150,177,76,25,1,429,3466,36,81,97,117,95,61,53,90,117,147,202,206,281,327,324,351,271,272,226,92,20,881
2026,2026-01-01,21507,215074,岐阜県,加茂郡東白川村,village,21507,1952,43,58,61,69,71,45,47,70,86,97,92,135,173,158,162,178,143,127,111,21,5,407,919,20,25,30,38,39,21,22,42,49,53,40,63,86,88,73,84,53,44,39,10,0,146,1033,23,33,31,31,32,24,25,28,37,44,52,72,87,70,89,94,90,83,72,11,5,261
2026,2026-01-01,21520,215201,岐阜県,可児郡,gun_agg,,16396,372,665,710,722,674,580,588,848,944,1077,1210,1048,1097,1217,1339,1375,931,573,301,107,18,1930,8211,203,345,389,380,346,317,317,451,506,577,651,543,510,593,637,664,432,223,102,23,2,782,8185,169,320,321,342,328,263,271,397,438,500,559,505,587,624,702,711,499,350,199,84,16,1148
2026,2026-01-01,21521,215210,岐阜県,可児郡御嵩町,town,21521,16396,372,665,710,722,674,580,588,848,944,1077,1210,1048,1097,1217,1339,1375,931,573,301,107,18,1930,8211,203,345,389,380,346,317,317,451,506,577,651,543,510,593,637,664,432,223,102,23,2,782,8185,169,320,321,342,328,263,271,397,438,500,559,505,587,624,702,711,499,350,199,84,16,1148
2026,2026-01-01,21600,216003,岐阜県,大野郡,gun_agg,,1411,52,66,72,50,66,72,55,74,68,90,99,80,82,95,94,120,72,53,36,15,0,176,699,31,33,35,23,31,37,33,40,41,50,50,50,37,53,34,59,32,16,10,4,0,62,712,21,33,37,27,35,35,22,34,27,40,49,30,45,42,60,61,40,37,26,11,0,114
2026,2026-01-01,21604,216046,岐阜県,大野郡白川村,village,21604,1411,52,66,72,50,66,72,55,74,68,90,99,80,82,95,94,120,72,53,36,15,0,176,699,31,33,35,23,31,37,33,40,41,50,50,50,37,53,34,59,32,16,10,4,0,62,712,21,33,37,27,35,35,22,34,27,40,49,30,45,42,60,61,40,37,26,11,0,114
2026,2026-01-01,22000,220001,静岡県,,pref,,3415955,95045,124390,147162,157886,147552,147535,152829,173653,201422,228775,273165,243545,226494,216171,234215,258736,180974,121224,62927,19213,3042,387380,1688845,48685,63844,75672,80941,77345,78968,80869,90953,104981,118992,141393,125219,114669,107111,112723,119609,77315,46472,18625,4067,392,146871,1727110,46360,60546,71490,76945,70207,68567,71960,82700,96441,109783,131772,118326,111825,109060,121492,139127,103659,74752,44302,15146,2650,240509
2026,2026-01-01,22100,221007,静岡県,静岡市,city_agg,,651687,18036,22725,26487,28556,28804,29962,29980,32779,37793,42880,52697,48226,43853,39823,42954,49204,35963,24294,12414,3715,542,76928,317234,9220,11714,13670,14670,14738,15685,15617,16877,19430,21873,26929,24300,21864,19454,20449,22194,15022,9042,3645,770,71,28550,334453,8816,11011,12817,13886,14066,14277,14363,15902,18363,21007,25768,23926,21989,20369,22505,27010,20941,15252,8769,2945,471,48378
2026,2026-01-01,22101,221015,静岡県,静岡市葵区,ward,22100,238105,6747,8669,10073,10525,9906,10296,10732,11825,14113,15753,19035,17047,15904,14977,15942,17987,13242,8962,4710,1451,209,28574,114734,3403,4460,5171,5463,4939,5204,5508,5988,7082,8051,9653,8521,7802,7166,7599,8049,5452,3421,1454,324,24,10675,123371,3344,4209,4902,5062,4967,5092,5224,5837,7031,7702,9382,8526,8102,7811,8343,9938,7790,5541,3256,1127,185,17899
2026,2026-01-01,22102,221023,静岡県,静岡市駿河区,ward,22100,198092,6020,7146,8045,8816,9569,10580,10252,10732,11900,13314,16296,15021,13044,11285,11955,13365,9641,6652,3360,962,137,20752,97501,3103,3661,4169,4511,4912,5641,5335,5559,6192,6817,8324,7603,6583,5630,5676,6034,4021,2514,995,197,24,7751,100591,2917,3485,3876,4305,4657,4939,4917,5173,5708,6497,7972,7418,6461,5655,6279,7331,5620,4138,2365,765,113,13001
2026,2026-01-01,22103,221031,静岡県,静岡市清水区,ward,22100,215490,5269,6910,8369,9215,9329,9086,8996,10222,11780,13813,17366,16158,14905,13561,15057,17852,13080,8680,4344,1302,196,27602,104999,2714,3593,4330,4696,4887,4840,4774,5330,6156,7005,8952,8176,7479,6658,7174,8111,5549,3107,1196,249,23,10124,110491,2555,3317,4039,4519,4442,4246,4222,4892,5624,6808,8414,7982,7426,6903,7883,9741,7531,5573,3148,1053,173,17478
2026,2026-01-01,22130,221309,静岡県,浜松市,city_agg,,747165,22834,29281,33870,35524,33856,35211,35591,39394,45894,50509,59603,52066,48624,46045,47608,52020,36243,24928,13349,4066,649,79235,372364,11641,15110,17484,18233,17796,18775,18827,20712,23808,26149,30663,26969,24953,23128,23145,24421,15667,9786,4118,885,94,30550,374801,11193,14171,16386,17291,16060,16436,16764,18682,22086,24360,28940,25097,23671,22917,24463,27599,20576,15142,9231,3181,555,48685
2026,2026-01-01,22138,221384,静岡県,浜松市中央区,ward,22130,574483,18257,22580,25600,27217,26875,28789,28596,30665,35379,38944,47005,41038,37326,34125,34725,38765,27335,18456,9588,2773,445,58597,286808,9342,11700,13158,13931,14237,15363,15144,16127,18440,20065,24085,21399,19215,17148,16828,17980,11767,7263,2967,591,58,22646,287675,8915,10880,12442,13286,12638,13426,13452,14538,16939,18879,22920,19639,18111,16977,17897,20785,15568,11193,6621,2182,387,35951
2026,2026-01-01,22139,221392,静岡県,浜松市浜名区,ward,22130,148894,4236,6172,7562,7533,6263,5806,6263,7836,9512,10374,11230,9616,9478,9709,10455,10844,7126,5023,2778,933,145,16005,73936,2136,3151,3966,3915,3194,3069,3286,4097,4841,5420,5842,4846,4812,4816,5071,5225,3144,2013,851,215,26,6249,74958,2100,3021,3596,3618,3069,2737,2977,3739,4671,4954,5388,4770,4666,4893,5384,5619,3982,3010,1927,718,119,9756
2026,2026-01-01,22140,221406,静岡県,浜松市天竜区,ward,22130,23788,341,529,708,774,718,616,732,893,1003,1191,1368,1412,1820,2211,2428,2411,1782,1449,983,360,59,4633,11620,163,259,360,387,365,343,397,488,527,664,736,724,926,1164,1246,1216,756,510,300,79,10,1655,12168,178,270,348,387,353,273,335,405,476,527,632,688,894,1047,1182,1195,1026,939,683,281,49,2978
2026,2026-01-01,22203,222038,静岡県,沼津市,city,22203,177635,4222,5459,6404,7584,7176,7423,7777,8693,9551,11500,14835,13828,12693,11812,12640,14118,10524,6720,3504,1005,167,21920,87753,2168,2733,3302,3882,3718,4088,4212,4713,5053,6046,7720,7181,6458,5861,6100,6466,4433,2397,1025,184,13,8052,89882,2054,2726,3102,3702,3458,3335,3565,3980,4498,5454,7115,6647,6235,5951,6540,7652,6091,4323,2479,821,154,13868
2026,2026-01-01,22205,222054,静岡県,熱海市,city,22205,31278,348,495,667,837,994,848,782,896,1077,1466,2193,2425,2451,2480,2864,3848,3084,2084,1064,326,49,6607,14326,180,258,343,415,457,450,421,475,557,735,1106,1197,1211,1205,1395,1658,1191,712,265,86,9,2263,16952,168,237,324,422,537,398,361,421,520,731,1087,1228,1240,1275,1469,2190,1893,1372,799,240,40,4344
2026,2026-01-01,22206,222062,静岡県,三島市,city,22206,102046,2744,3821,4516,4864,4367,3987,4234,5122,5805,7073,8512,7832,6971,6178,6881,7511,5589,3715,1729,516,79,11628,49724,1406,1935,2351,2475,2283,2081,2173,2629,2959,3647,4255,3972,3540,2973,3246,3326,2358,1462,548,99,6,4473,52322,1338,1886,2165,2389,2084,1906,2061,2493,2846,3426,4257,3860,3431,3205,3635,4185,3231,2253,1181,417,73,7155
2026,2026-01-01,22207,222071,静岡県,富士宮市,city,22207,122169,3050,4270,5361,5920,5350,5112,5103,6134,7377,8447,10021,8889,7893,7813,8844,9360,6409,4029,2046,633,108,13225,60600,1566,2186,2780,3009,2863,2829,2849,3163,3860,4503,5196,4587,3940,3820,4221,4208,2769,1537,568,131,15,5020,61569,1484,2084,2581,2911,2487,2283,2254,2971,3517,3944,4825,4302,3953,3993,4623,5152,3640,2492,1478,502,93,8205
2026,2026-01-01,22208,222089,静岡県,伊東市,city,22208,62259,968,1375,1871,2167,1950,1668,1736,2135,2615,3331,4854,4829,4605,4762,5508,7089,5322,3332,1598,465,79,10796,29568,489,722,965,1098,955,895,899,1094,1321,1689,2441,2412,2270,2443,2588,3265,2214,1271,435,92,10,4022,32691,479,653,906,1069,995,773,837,1041,1294,1642,2413,2417,2335,2319,2920,3824,3108,2061,1163,373,69,6774
2026,2026-01-01,22209,222097,静岡県,島田市,city,22209,91724,2699,3609,4167,4332,3765,3646,3905,4774,5455,5949,6887,6038,5899,6040,6555,7053,4884,3437,1921,602,107,10951,45062,1341,1843,2152,2184,1963,1869,2086,2474,2840,3101,3597,3056,2972,2980,3158,3283,2108,1321,591,132,11,4163,46662,1358,1766,2015,2148,1802,1777,1819,2300,2615,2848,3290,2982,2927,3060,3397,3770,2776,2116,1330,470,96,6788
2026,2026-01-01,22210,222101,静岡県,富士市,city,22210,236460,6756,8823,10409,11151,10177,10309,11363,12516,14010,15873,19513,17969,16232,14659,15256,16583,11827,8044,3793,1033,164,24861,117487,3455,4549,5331,5641,5296,5538,6018,6634,7465,8301,10172,9336,8216,7196,7467,7543,4925,3127,1040,217,20,9329,118973,3301,4274,5078,5510,4881,4771,5345,5882,6545,7572,9341,8633,8016,7463,7789,9040,6902,4917,2753,816,144,15532
2026,2026-01-01,22211,222119,静岡県,磐田市,city,22211,153973,4413,6005,7039,7532,6811,6826,7073,7941,9409,10662,12101,9914,9613,9626,10955,11907,7707,4913,2590,794,142,16146,77528,2279,3098,3607,3856,3647,3795,3834,4218,4923,5584,6413,5161,4919,4780,5355,5604,3558,1976,731,168,22,6455,76445,2134,2907,3432,3676,3164,3031,3239,3723,4486,5078,5688,4753,4694,4846,5600,6303,4149,2937,1859,626,120,9691
2026,2026-01-01,22212,222127,静岡県,焼津市,city,22212,127888,3714,4500,5462,6050,5572,5417,5832,6426,7223,8756,10311,9066,8547,7964,8656,9982,7006,4495,2207,615,87,14410,63063,1950,2319,2813,3169,2988,2833,2991,3336,3676,4499,5398,4662,4284,4021,4032,4499,3048,1743,665,124,13,5593,64825,1764,2181,2649,2881,2584,2584,2841,3090,3547,4257,4913,4404,4263,3943,4624,5483,3958,2752,1542,491,74,8817
2026,2026-01-01,22213,222135,静岡県,掛川市,city,22213,108562,3471,4683,5267,5356,4686,4521,5003,6258,7171,7627,8054,6770,6852,7099,7738,7682,4616,3206,1798,608,96,10324,54623,1806,2396,2681,2715,2497,2367,2659,3294,3833,4050,4285,3475,3450,3508,3836,3806,2069,1203,546,129,18,3965,53939,1665,2287,2586,2641,2189,2154,2344,2964,3338,3577,3769,3295,3402,3591,3902,3876,2547,2003,1252,479,78,6359
2026,2026-01-01,22214,222143,静岡県,藤枝市,city,22214,136352,3814,5229,6391,6721,5522,5335,5807,6619,8467,9599,10904,9285,8600,8712,9477,10525,7375,4706,2447,710,107,15345,66570,1958,2705,3237,3485,2872,2796,3018,3291,4301,4978,5556,4670,4245,4183,4369,4832,3219,1918,768,158,11,6074,69782,1856,2524,3154,3236,2650,2539,2789,3328,4166,4621,5348,4615,4355,4529,5108,5693,4156,2788,1679,552,96,9271
2026,2026-01-01,22215,222151,静岡県,御殿場市,city,22215,79700,2478,3049,3523,4068,4186,3918,3899,4351,5019,5670,6715,5710,4904,4487,5055,5041,3484,2391,1292,403,57,7627,40671,1271,1529,1774,2104,2400,2309,2170,2400,2700,3042,3509,3083,2553,2249,2406,2348,1446,874,399,97,8,2824,39029,1207,1520,1749,1964,1786,1609,1729,1951,2319,2628,3206,2627,2351,2238,2649,2693,2038,1517,893,306,49,4803
2026,2026-01-01,22216,222160,静岡県,袋井市,city,22216,81250,2736,3533,4116,4254,3737,3750,4063,4806,5535,5998,6333,5208,4762,4950,5361,5261,3186,2119,1131,357,54,6847,41255,1387,1789,2163,2252,1968,2001,2170,2551,2911,3160,3342,2774,2417,2431,2676,2585,1422,842,316,92,6,2678,39995,1349,1744,1953,2002,1769,1749,1893,2255,2624,2838,2991,2434,2345,2519,2685,2676,1764,1277,815,265,48,4169
2026,2026-01-01,22219,222194,静岡県,下田市,city,22219,18334,311,411,599,657,542,529,535,606,818,983,1418,1365,1386,1470,1577,1970,1509,942,513,165,28,3157,8885,157,206,307,341,304,308,292,341,407,524,764,711,731,751,754,888,595,321,138,39,6,1099,9449,154,205,292,316,238,221,243,265,411,459,654,654,655,719,823,1082,914,621,375,126,22,2058
2026,2026-01-01,22220,222208,静岡県,裾野市,city,22220,47278,1429,1803,2203,2314,2047,2144,2136,2687,3015,3362,3730,3264,3027,2781,3260,3405,2316,1458,686,177,34,4671,23763,738,958,1125,1162,1138,1194,1123,1408,1589,1782,1950,1689,1533,1363,1532,1607,1038,583,209,39,3,1872,23515,691,845,1078,1152,909,950,1013,1279,1426,1580,1780,1575,1494,1418,1728,1798,1278,875,477,138,31,2799
2026,2026-01-01,22221,222216,静岡県,湖西市,city,22221,52419,1265,1718,2240,2511,2502,2314,2191,2540,3054,3702,4477,3898,3524,3123,3625,4141,2722,1673,872,277,50,5594,26841,634,875,1134,1295,1384,1309,1211,1411,1624,2043,2384,2119,1864,1543,1768,1984,1232,676,278,62,11,2259,25578,631,843,1106,1216,1118,1005,980,1129,1430,1659,2093,1779,1660,1580,1857,2157,1490,997,594,215,39,3335
2026,2026-01-01,22222,222224,静岡県,伊豆市,city,22222,26582,401,675,809,914,899,748,878,963,1183,1497,1821,1956,2057,2192,2617,2782,1848,1300,737,254,51,4190,12861,210,344,386,456,448,398,463,515,643,779,956,962,1049,1102,1271,1341,781,495,209,45,8,1538,13721,191,331,423,458,451,350,415,448,540,718,865,994,1008,1090,1346,1441,1067,805,528,209,43,2652
2026,2026-01-01,22223,222232,静岡県,御前崎市,city,22223,27953,632,952,1234,1292,1206,1060,1104,1323,1634,1790,2247,1788,1907,2104,2223,2371,1323,974,564,183,42,3086,14264,340,475,640,661,664,610,623,725,898,977,1207,983,986,1046,1134,1126,574,368,183,40,4,1169,13689,292,477,594,631,542,450,481,598,736,813,1040,805,921,1058,1089,1245,749,606,381,143,38,1917
2026,2026-01-01,22224,222241,静岡県,菊川市,city,22224,42734,1329,1853,2041,2130,1942,1871,2004,2374,2795,2978,3136,2507,2441,2717,3138,3244,1855,1312,771,253,43,4234,21565,693,925,1019,1067,1034,1036,1047,1249,1545,1561,1704,1319,1244,1325,1517,1624,819,538,240,53,6,1656,21169,636,928,1022,1063,908,835,957,1125,1250,1417,1432,1188,1197,1392,1621,1620,1036,774,531,200,37,2578
2026,2026-01-01,22225,222259,静岡県,伊豆の国市,city,22225,44624,1019,1464,1949,1945,1764,1715,1743,2014,2363,2892,3718,3295,3020,2802,3311,3970,2711,1718,873,284,54,5640,21660,526,775,989,996,899,869,888,1034,1202,1474,1884,1674,1519,1393,1546,1821,1184,672,255,57,3,2171,22964,493,689,960,949,865,846,855,980,1161,1418,1834,1621,1501,1409,1765,2149,1527,1046,618,227,51,3469
2026,2026-01-01,22226,222267,静岡県,牧之原市,city,22226,38712,813,1249,1696,1813,1500,1346,1317,1882,2215,2507,2926,2544,2719,3088,3188,3265,1928,1422,922,328,44,4644,19197,419,628,863,930,777,736,702,1010,1167,1354,1581,1309,1377,1582,1553,1543,838,517,247,63,1,1666,19515,394,621,833,883,723,610,615,872,1048,1153,1345,1235,1342,1506,1635,1722,1090,905,675,265,43,2978
2026,2026-01-01,22300,223000,静岡県,賀茂郡,gun_agg,,35196,404,658,993,1145,967,755,829,1025,1358,1819,2557,2606,2606,2734,3638,4365,3101,2043,1127,402,64,6737,16926,202,334,502,548,510,426,446,550,720,924,1351,1344,1346,1410,1751,2081,1282,789,310,97,3,2481,18270,202,324,491,597,457,329,383,475,638,895,1206,1262,1260,1324,1887,2284,1819,1254,817,305,61,4256
2026,2026-01-01,22301,223018,静岡県,賀茂郡東伊豆町,town,22301,10312,95,165,263,315,315,255,225,273,377,499,764,849,829,798,1058,1301,939,600,290,93,9,1931,4952,51,81,126,132,163,135,124,138,202,251,418,435,430,388,516,629,391,232,84,26,0,733,5360,44,84,137,183,152,120,101,135,175,248,346,414,399,410,542,672,548,368,206,67,9,1198
2026,2026-01-01,22302,223026,静岡県,賀茂郡河津町,town,22302,6111,78,131,222,246,184,133,168,224,263,359,468,471,449,440,575,675,470,309,176,64,6,1025,2966,38,71,122,115,91,78,85,114,141,180,246,251,229,232,282,312,183,125,54,17,0,379,3145,40,60,100,131,93,55,83,110,122,179,222,220,220,208,293,363,287,184,122,47,6,646
2026,2026-01-01,22304,223042,静岡県,賀茂郡南伊豆町,town,22304,7084,118,157,235,233,177,141,177,237,286,365,530,500,461,529,751,894,613,364,213,82,21,1293,3430,57,76,113,113,96,84,98,125,151,190,279,254,247,283,351,449,255,135,58,16,0,464,3654,61,81,122,120,81,57,79,112,135,175,251,246,214,246,400,445,358,229,155,66,21,829
2026,2026-01-01,22305,223051,静岡県,賀茂郡松崎町,town,22305,5443,59,115,145,172,118,111,120,147,220,280,353,378,416,473,558,679,479,328,206,75,11,1099,2589,26,60,77,90,72,59,56,88,113,148,167,194,199,255,271,315,203,132,49,14,1,399,2854,33,55,68,82,46,52,64,59,107,132,186,184,217,218,287,364,276,196,157,61,10,700
2026,2026-01-01,22306,223069,静岡県,賀茂郡西伊豆町,town,22306,6246,54,90,128,179,173,115,139,144,212,316,442,408,451,494,696,816,600,442,242,88,17,1389,2989,30,46,64,98,88,70,83,85,113,155,241,210,241,252,331,376,250,165,65,24,2,506,3257,24,44,64,81,85,45,56,59,99,161,201,198,210,242,365,440,350,277,177,64,15,883
2026,2026-01-01,22320,223204,静岡県,田方郡,gun_agg,,35459,891,1253,1520,1540,1332,1301,1462,1764,2040,2406,2961,2628,2415,2228,2504,2984,2098,1340,568,202,22,4230,17325,474,628,806,787,647,691,737,921,1031,1227,1529,1295,1228,1104,1173,1347,901,572,190,36,1,1700,18134,417,625,714,753,685,610,725,843,1009,1179,1432,1333,1187,1124,1331,1637,1197,768,378,166,21,2530
2026,2026-01-01,22325,223255,静岡県,田方郡函南町,town,22325,35459,891,1253,1520,1540,1332,1301,1462,1764,2040,2406,2961,2628,2415,2228,2504,2984,2098,1340,568,202,22,4230,17325,474,628,806,787,647,691,737,921,1031,1227,1529,1295,1228,1104,1173,1347,901,572,190,36,1,1700,18134,417,625,714,753,685,610,725,843,1009,1179,1432,1333,1187,1124,1331,1637,1197,768,378,166,21,2530
2026,2026-01-01,22340,223409,静岡県,駿東郡,gun_agg,,89021,3169,3882,4313,4457,3972,4058,4658,5198,5687,6466,7333,6514,5510,4879,5016,5336,3982,2749,1336,451,55,8573,43961,1605,1988,2218,2315,2072,2123,2385,2643,2975,3358,3756,3336,2762,2430,2419,2392,1644,1062,381,89,8,3184,45060,1564,1894,2095,2142,1900,1935,2273,2555,2712,3108,3577,3178,2748,2449,2597,2944,2338,1687,955,362,47,5389
2026,2026-01-01,22341,223417,静岡県,駿東郡清水町,town,22341,29927,930,1117,1338,1450,1366,1396,1465,1588,1718,2084,2625,2394,1953,1714,1720,1960,1475,1029,453,136,16,3109,14573,451,580,694,787,685,721,747,800,876,1070,1329,1223,940,873,798,847,591,399,131,30,1,1152,15354,479,537,644,663,681,675,718,788,842,1014,1296,1171,1013,841,922,1113,884,630,322,106,15,1957
2026,2026-01-01,22342,223425,静岡県,駿東郡長泉町,town,22342,42931,1814,2146,2251,2296,1923,2018,2477,2743,2995,3257,3581,3088,2508,2015,2036,2174,1706,1168,553,158,24,3609,21191,945,1114,1141,1161,972,1011,1226,1369,1551,1655,1828,1569,1291,991,986,985,723,471,160,37,5,1396,21740,869,1032,1110,1135,951,1007,1251,1374,1444,1602,1753,1519,1217,1024,1050,1189,983,697,393,121,19,2213
2026,2026-01-01,22344,223441,静岡県,駿東郡小山町,town,22344,16163,425,619,724,711,683,644,716,867,974,1125,1127,1032,1049,1150,1260,1202,801,552,330,157,15,1855,8197,209,294,383,367,415,391,412,474,548,633,599,544,531,566,635,560,330,192,90,22,2,636,7966,216,325,341,344,268,253,304,393,426,492,528,488,518,584,625,642,471,360,240,135,13,1219
2026,2026-01-01,22420,224201,静岡県,榛原郡,gun_agg,,31437,749,1067,1319,1519,1291,1272,1291,1629,1907,2029,2280,2185,2294,2244,2306,2402,1523,1217,656,225,32,3653,15774,395,534,662,800,692,685,719,870,1028,1086,1220,1156,1191,1153,1127,1149,608,443,205,46,5,1307,15663,354,533,657,719,599,587,572,759,879,943,1060,1029,1103,1091,1179,1253,915,774,451,179,27,2346
2026,2026-01-01,22424,224243,静岡県,榛原郡吉田町,town,22424,26044,684,975,1166,1367,1168,1156,1169,1440,1700,1793,2013,1853,1838,1726,1782,1809,1100,779,381,132,13,2405,13118,370,482,594,720,616,620,647,763,926,950,1070,973,953,872,860,843,436,282,116,23,2,859,12926,314,493,572,647,552,536,522,677,774,843,943,880,885,854,922,966,664,497,265,109,11,1546
2026,2026-01-01,22429,224294,静岡県,榛原郡川根本町,town,22429,5393,65,92,153,152,123,116,122,189,207,236,267,332,456,518,524,593,423,438,275,93,19,1248,2656,25,52,68,80,76,65,72,107,102,136,150,183,238,281,267,306,172,161,89,23,3,448,2737,40,40,85,72,47,51,50,82,105,100,117,149,218,237,257,287,251,277,186,70,16,800
2026,2026-01-01,22460,224600,静岡県,周智郡,gun_agg,,16058,350,548,696,733,635,489,533,804,952,1004,1028,940,1089,1359,1460,1317,839,663,419,164,36,2121,7995,175,288,368,395,335,272,289,415,515,546,525,487,547,677,735,668,370,225,120,37,6,758,8063,175,260,328,338,300,217,244,389,437,458,503,453,542,682,725,649,469,438,299,127,30,1363
2026,2026-01-01,22461,224618,静岡県,周智郡森町,town,22461,16058,350,548,696,733,635,489,533,804,952,1004,1028,940,1089,1359,1460,1317,839,663,419,164,36,2121,7995,175,288,368,395,335,272,289,415,515,546,525,487,547,677,735,668,370,225,120,37,6,758,8063,175,260,328,338,300,217,244,389,437,458,503,453,542,682,725,649,469,438,299,127,30,1363
2026,2026-01-01,23000,230006,愛知県,,pref,,7125326,238429,292199,326529,343798,361381,388387,382255,401327,444979,495977,596459,516787,447363,375651,386298,458648,327254,210929,99576,27119,3981,668859,3561321,122235,150109,167598,176858,188656,204099,201131,212090,234429,259128,309870,268405,228431,186956,183928,208673,140236,81731,30530,5719,509,258725,3564005,116194,142090,158931,166940,172725,184288,181124,189237,210550,236849,286589,248382,218932,188695,202370,249975,187018,129198,69046,21400,3472,410134
2026,2026-01-01,23100,231002,愛知県,名古屋市,city_agg,,2200128,73869,85384,91251,94518,113608,139009,132076,128974,141164,152106,179329,159455,140939,115923,114824,133455,95912,65091,33032,8889,1320,204244,1086448,37835,43729,46880,48162,57716,70975,68077,66769,73729,78522,92104,81999,71356,57718,55383,60752,39695,23484,9590,1788,185,74742,1113680,36034,41655,44371,46356,55892,68034,63999,62205,67435,73584,87225,77456,69583,58205,59441,72703,56217,41607,23442,7101,1135,129502
2026,2026-01-01,23101,231011,愛知県,名古屋市千種区,ward,23100,152859,4685,5841,6478,6631,8314,9301,8367,8356,9770,10952,12945,11276,9807,8151,8071,9559,6524,4475,2521,734,101,14355,73457,2422,3015,3362,3307,4328,4775,4204,4230,4780,5392,6301,5624,4838,3928,3761,4176,2575,1571,719,135,14,5014,79402,2263,2826,3116,3324,3986,4526,4163,4126,4990,5560,6644,5652,4969,4223,4310,5383,3949,2904,1802,599,87,9341
2026,2026-01-01,23102,231029,愛知県,名古屋市東区,ward,23100,81717,3092,3407,3296,3042,3801,5908,5589,5695,6084,6164,6589,5681,4760,4070,3824,4382,2925,1990,1069,307,42,6333,39224,1576,1763,1716,1572,1899,2937,2680,2784,3007,3045,3248,2839,2319,1895,1786,1915,1167,706,300,60,10,2243,42493,1516,1644,1580,1470,1902,2971,2909,2911,3077,3119,3341,2842,2441,2175,2038,2467,1758,1284,769,247,32,4090
2026,2026-01-01,23103,231037,愛知県,名古屋市北区,ward,23100,153647,4661,5116,5493,5946,7398,9397,8967,8463,9098,10090,12211,11251,10171,8766,9115,10789,7756,5360,2776,713,110,16715,75000,2406,2617,2780,3015,3670,4662,4530,4429,4833,5279,6374,5758,5137,4332,4344,4837,3188,1859,798,140,12,5997,78647,2255,2499,2713,2931,3728,4735,4437,4034,4265,4811,5837,5493,5034,4434,4771,5952,4568,3501,1978,573,98,10718
2026,2026-01-01,23104,231045,愛知県,名古屋市西区,ward,23100,143638,4839,5214,5640,5692,7712,10171,9388,8832,9219,9984,12007,10601,9263,7099,6944,7885,6035,4335,2183,535,60,13148,71323,2480,2707,2846,2867,3951,5190,4879,4587,4865,5171,6272,5569,4721,3582,3398,3616,2334,1509,661,109,9,4622,72315,2359,2507,2794,2825,3761,4981,4509,4245,4354,4813,5735,5032,4542,3517,3546,4269,3701,2826,1522,426,51,8526
2026,2026-01-01,23105,231053,愛知県,名古屋市中村区,ward,23100,130647,4082,3884,4148,4426,7452,11753,10170,8274,8187,8533,9673,8572,7899,6624,6605,7904,5662,4118,2061,530,90,12461,66138,2100,1966,2132,2255,3792,6095,5341,4541,4479,4653,5183,4665,4072,3449,3307,3694,2305,1423,566,105,15,4414,64509,1982,1918,2016,2171,3660,5658,4829,3733,3708,3880,4490,3907,3827,3175,3298,4210,3357,2695,1495,425,75,8047
2026,2026-01-01,23106,231061,愛知県,名古屋市中区,ward,23100,90683,2358,1833,1725,1960,7261,12525,9595,7014,6305,6028,6312,5720,4685,3845,3589,3936,2696,1891,1065,307,33,5992,46418,1227,938,875,966,3500,6642,5291,3842,3508,3233,3378,3074,2459,1911,1780,1791,1020,628,288,63,4,2003,44265,1131,895,850,994,3761,5883,4304,3172,2797,2795,2934,2646,2226,1934,1809,2145,1676,1263,777,244,29,3989
2026,2026-01-01,23107,231070,愛知県,名古屋市昭和区,ward,23100,101803,3751,4532,4465,4363,5838,6205,5740,6291,6877,6998,7737,6912,6492,5423,5221,5743,4176,2816,1613,528,82,9215,49366,1893,2286,2311,2245,3036,3123,2824,3110,3482,3553,3808,3392,3249,2633,2488,2622,1698,1042,441,115,15,3311,52437,1858,2246,2154,2118,2802,3082,2916,3181,3395,3445,3929,3520,3243,2790,2733,3121,2478,1774,1172,413,67,5904
2026,2026-01-01,23108,231088,愛知県,名古屋市瑞穂区,ward,23100,105852,3822,4664,4752,4402,4941,6056,5914,6325,7039,7393,8304,7221,6845,5750,5646,6670,4570,3154,1771,513,100,10108,51175,1915,2413,2418,2221,2349,2979,2908,3188,3617,3689,4228,3640,3367,2816,2701,3051,1947,1112,500,107,9,3675,54677,1907,2251,2334,2181,2592,3077,3006,3137,3422,3704,4076,3581,3478,2934,2945,3619,2623,2042,1271,406,91,6433
2026,2026-01-01,23109,231096,愛知県,名古屋市熱田区,ward,23100,62738,1872,2134,2266,2356,3305,4190,3776,3738,4081,4248,5012,4449,4172,3635,3602,3967,2725,1822,1049,292,47,5935,31272,954,1111,1172,1216,1732,2239,1987,1984,2192,2186,2600,2274,2094,1832,1755,1851,1135,618,288,44,8,2093,31466,918,1023,1094,1140,1573,1951,1789,1754,1889,2062,2412,2175,2078,1803,1847,2116,1590,1204,761,248,39,3842
2026,2026-01-01,23110,231100,愛知県,名古屋市中川区,ward,23100,205351,6709,7437,8223,9067,10566,13588,12868,11785,12444,13830,17352,15078,13418,10555,10572,12584,9331,6211,2954,676,103,19275,102484,3455,3772,4267,4635,5423,6949,6803,6243,6581,7334,9077,7778,6870,5342,5139,5713,3910,2181,855,148,9,7103,102867,3254,3665,3956,4432,5143,6639,6065,5542,5863,6496,8275,7300,6548,5213,5433,6871,5421,4030,2099,528,94,12172
2026,2026-01-01,23111,231118,愛知県,名古屋市港区,ward,23100,127932,3544,4228,4719,5898,6267,6535,6343,6460,7364,8360,10872,9915,8799,7576,7979,9496,6656,4353,2008,474,86,13577,64459,1875,2123,2412,3035,3226,3446,3370,3511,4039,4459,5816,5267,4538,3837,3954,4413,2894,1586,566,79,13,5138,63473,1669,2105,2307,2863,3041,3089,2973,2949,3325,3901,5056,4648,4261,3739,4025,5083,3762,2767,1442,395,73,8439
2026,2026-01-01,23112,231126,愛知県,名古屋市南区,ward,23100,123285,3567,4160,4503,4798,5643,7180,6866,6529,7309,7688,9551,8726,8311,7486,7865,9119,6487,4492,2284,630,91,13984,62935,1843,2108,2267,2437,2954,3923,3719,3517,4023,4134,5278,4662,4412,3881,3998,4409,2853,1672,701,133,11,5370,60350,1724,2052,2236,2361,2689,3257,3147,3012,3286,3554,4273,4064,3899,3605,3867,4710,3634,2820,1583,497,80,8614
2026,2026-01-01,23113,231134,愛知県,名古屋市守山区,ward,23100,170163,6463,7725,8510,8758,8205,8299,8835,9568,11021,12253,14568,12490,10379,8198,8532,10303,7816,5061,2423,667,89,16056,83825,3308,3940,4377,4475,4257,4191,4517,4843,5638,6298,7471,6478,5299,4069,4076,4633,3247,1935,643,118,12,5955,86338,3155,3785,4133,4283,3948,4108,4318,4725,5383,5955,7097,6012,5080,4129,4456,5670,4569,3126,1780,549,77,10101
2026,2026-01-01,23114,231142,愛知県,名古屋市緑区,ward,23100,242949,9550,11688,12542,12688,11639,11867,12898,14062,16286,17908,20609,17519,15099,12068,12046,13954,10122,6502,2983,786,133,20526,119995,4854,6020,6525,6510,5937,5879,6474,7124,8391,9158,10518,8920,7684,5987,5612,6383,4362,2530,937,164,26,8019,122954,4696,5668,6017,6178,5702,5988,6424,6938,7895,8750,10091,8599,7415,6081,6434,7571,5760,3972,2046,622,107,12507
2026,2026-01-01,23115,231151,愛知県,名古屋市名東区,ward,23100,154835,5649,7154,7734,7548,7674,7900,8203,8875,10357,11266,13059,11852,10217,8119,7615,8650,6013,4069,2174,629,78,12963,74302,2880,3661,3933,3823,3776,3858,4117,4353,5152,5625,6320,5864,5003,3905,3517,3775,2469,1483,638,143,7,4740,80533,2769,3493,3801,3725,3898,4042,4086,4522,5205,5641,6739,5988,5214,4214,4098,4875,3544,2586,1536,486,71,8223
2026,2026-01-01,23116,231169,愛知県,名古屋市天白区,ward,23100,152029,5225,6367,6757,6943,7592,8134,8557,8707,9723,10411,12528,12192,10622,8558,7598,8514,6418,4442,2098,568,75,13601,75075,2647,3289,3487,3583,3886,4087,4433,4483,5142,5313,6232,6195,5294,4319,3767,3873,2591,1629,689,125,11,5045,76954,2578,3078,3270,3360,3706,4047,4124,4224,4581,5098,6296,5997,5328,4239,3831,4641,3827,2813,1409,443,64,8556
2026,2026-01-01,23201,232017,愛知県,豊橋市,city,23201,341035,10548,13609,16026,16764,17091,16216,16267,17855,20828,23735,28626,24254,22228,20057,20396,23765,15941,10225,4994,1370,240,32770,170631,5391,6879,8199,8608,9238,8561,8595,9492,10987,12465,15137,12698,11250,9997,9698,10952,6742,3944,1483,286,29,12484,170404,5157,6730,7827,8156,7853,7655,7672,8363,9841,11270,13489,11556,10978,10060,10698,12813,9199,6281,3511,1084,211,20286
2026,2026-01-01,23202,232025,愛知県,岡崎市,city,23202,365945,12297,15679,18398,18473,18235,19478,19347,21102,23732,26404,29929,25384,22636,20212,20918,22923,15205,9250,4743,1400,200,30798,185651,6233,8061,9494,9577,9664,10464,10368,11483,12711,13915,15725,13273,11615,10024,10096,10688,6827,3684,1434,285,30,12260,180294,6064,7618,8904,8896,8571,9014,8979,9619,11021,12489,14204,12111,11021,10188,10822,12235,8378,5566,3309,1115,170,18538
2026,2026-01-01,23203,232033,愛知県,一宮市,city,23203,365024,11548,14873,16718,18271,17395,17055,17341,18839,20928,24598,32097,28263,23970,19448,20549,24864,18671,12625,5414,1349,208,38267,178238,5916,7712,8662,9344,8662,8442,8728,9641,10785,12598,16418,14436,11965,9556,9651,10983,7783,4954,1703,276,23,14739,186786,5632,7161,8056,8927,8733,8613,8613,9198,10143,12000,15679,13827,12005,9892,10898,13881,10888,7671,3711,1073,185,23528
2026,2026-01-01,23204,232041,愛知県,瀬戸市,city,23204,119545,3502,4712,5360,5750,5136,4469,5149,5920,6708,8212,10119,8877,7954,6942,7308,9345,7030,4445,2003,540,64,14082,58673,1806,2374,2797,2944,2650,2297,2660,3042,3500,4244,5267,4522,3994,3438,3380,4162,3052,1790,634,114,6,5596,60872,1696,2338,2563,2806,2486,2172,2489,2878,3208,3968,4852,4355,3960,3504,3928,5183,3978,2655,1369,426,58,8486
2026,2026-01-01,23205,232050,愛知県,半田市,city,23205,110205,3397,4511,4977,5352,5648,5805,5572,6178,6692,7372,9163,8335,7655,6294,6172,7097,4871,3100,1508,430,76,9985,55687,1747,2375,2593,2722,3050,3193,3015,3335,3581,3950,4692,4242,3898,3121,3055,3227,2144,1176,477,86,8,3891,54518,1650,2136,2384,2630,2598,2612,2557,2843,3111,3422,4471,4093,3757,3173,3117,3870,2727,1924,1031,344,68,6094
2026,2026-01-01,23206,232068,愛知県,春日井市,city,23206,294829,9983,12155,13918,14864,14841,15150,15040,15743,17438,21153,26198,21828,17504,14231,15288,19914,15094,9366,3919,1042,160,29581,145811,5095,6213,7124,7587,7584,7814,7813,8226,8954,10924,13504,11370,8898,7022,7041,8763,6358,3950,1318,231,22,11879,149018,4888,5942,6794,7277,7257,7336,7227,7517,8484,10229,12694,10458,8606,7209,8247,11151,8736,5416,2601,811,138,17702
2026,2026-01-01,23207,232076,愛知県,豊川市,city,23207,176370,6208,7480,8416,8821,8511,8960,9119,9697,10658,11943,14693,12166,10760,9731,10082,12099,8363,5315,2524,707,117,17026,87848,3157,3825,4294,4465,4472,4785,4781,5170,5597,6242,7684,6355,5457,4764,4774,5432,3659,1958,814,152,11,6594,88522,3051,3655,4122,4356,4039,4175,4338,4527,5061,5701,7009,5811,5303,4967,5308,6667,4704,3357,1710,555,106,10432
2026,2026-01-01,23208,232084,愛知県,津島市,city,23208,56119,1349,1743,2101,2724,2789,2532,2346,2314,2722,3741,5295,4655,4149,3265,3527,4334,3250,2097,918,239,29,6533,27557,669,929,1143,1404,1437,1294,1251,1202,1398,1934,2719,2434,2092,1624,1684,1906,1332,794,265,44,2,2437,28562,680,814,958,1320,1352,1238,1095,1112,1324,1807,2576,2221,2057,1641,1843,2428,1918,1303,653,195,27,4096
2026,2026-01-01,23209,232092,愛知県,碧南市,city,23209,65286,2251,2801,3085,3332,3456,3367,3439,3895,4045,4318,5132,4666,4218,3635,3827,3917,2804,1854,922,281,41,5902,33349,1144,1486,1587,1751,1867,1799,1887,2085,2216,2379,2731,2446,2146,1813,1875,1897,1190,707,286,54,3,2240,31937,1107,1315,1498,1581,1589,1568,1552,1810,1829,1939,2401,2220,2072,1822,1952,2020,1614,1147,636,227,38,3662
2026,2026-01-01,23210,232106,愛知県,刈谷市,city,23210,146540,5864,6494,7168,7177,8147,9841,9517,9596,10005,10265,11710,10312,8683,6603,6772,7878,5272,3237,1506,436,57,10508,76541,3045,3379,3643,3809,4553,5519,5284,5346,5546,5618,6200,5458,4650,3371,3283,3692,2299,1277,479,83,7,4145,69999,2819,3115,3525,3368,3594,4322,4233,4250,4459,4647,5510,4854,4033,3232,3489,4186,2973,1960,1027,353,50,6363
2026,2026-01-01,23211,232114,愛知県,豊田市,city,23211,390665,11834,15452,18184,20859,22160,21775,20152,21750,24763,27166,32079,28229,22841,20889,21969,26690,17214,10412,4598,1444,205,33873,203422,6113,7910,9359,11062,12550,12634,11442,12104,13632,14598,17015,15014,12154,10506,10342,12685,7936,4517,1502,322,25,14302,187243,5721,7542,8825,9797,9610,9141,8710,9646,11131,12568,15064,13215,10687,10383,11627,14005,9278,5895,3096,1122,180,19571
2026,2026-01-01,23212,232122,愛知県,安城市,city,23212,178568,6386,7952,8822,9412,9575,10288,9973,10643,11506,12850,15046,13411,11174,8597,8872,10356,6832,4202,2044,561,66,13705,91316,3315,4079,4499,4927,5124,5677,5375,5787,6116,6830,7863,7042,5872,4419,4187,4813,2982,1629,634,133,13,5391,87252,3071,3873,4323,4485,4451,4611,4598,4856,5390,6020,7183,6369,5302,4178,4685,5543,3850,2573,1410,428,53,8314
2026,2026-01-01,23213,232131,愛知県,西尾市,city,23213,156114,5062,6720,7697,8114,7572,7239,7495,8703,9869,10640,12566,10643,9783,9008,9669,10818,7069,4433,2278,653,83,14516,78610,2602,3442,3900,4148,3994,3921,4015,4721,5273,5607,6744,5528,4885,4477,4649,5123,3127,1652,656,131,15,5581,77504,2460,3278,3797,3966,3578,3318,3480,3982,4596,5033,5822,5115,4898,4531,5020,5695,3942,2781,1622,522,68,8935
2026,2026-01-01,23214,232149,愛知県,蒲郡市,city,23214,72964,2236,2673,3073,3338,3203,3160,3322,3858,4229,4503,5817,5224,5107,4558,4499,5495,4039,2696,1467,401,66,8669,36009,1159,1390,1598,1730,1705,1618,1759,2034,2250,2360,3077,2681,2520,2299,2128,2465,1711,994,451,74,6,3236,36955,1077,1283,1475,1608,1498,1542,1563,1824,1979,2143,2740,2543,2587,2259,2371,3030,2328,1702,1016,327,60,5433
2026,2026-01-01,23215,232157,愛知県,犬山市,city,23215,67941,1852,2443,2870,3525,3246,2994,2836,3207,3701,4861,6010,5200,4298,3567,4032,5285,4098,2522,1070,294,30,8014,33498,960,1223,1452,1787,1722,1565,1512,1720,1906,2487,3094,2740,2190,1728,1832,2307,1801,1055,347,64,6,3273,34443,892,1220,1418,1738,1524,1429,1324,1487,1795,2374,2916,2460,2108,1839,2200,2978,2297,1467,723,230,24,4741
2026,2026-01-01,23216,232165,愛知県,常滑市,city,23216,56197,1687,2446,3037,3012,3064,2739,2533,3219,3810,4163,4481,3646,3324,2982,2989,3455,2597,1823,894,265,31,5610,27714,877,1268,1547,1520,1366,1356,1352,1663,1948,2189,2385,1897,1718,1471,1474,1550,1103,705,266,55,4,2133,28483,810,1178,1490,1492,1698,1383,1181,1556,1862,1974,2096,1749,1606,1511,1515,1905,1494,1118,628,210,27,3477
2026,2026-01-01,23217,232173,愛知県,江南市,city,23217,94923,2908,3715,4302,4589,4532,4291,4452,4907,5340,6522,8229,7348,6363,5109,5428,6725,5204,3256,1335,334,34,10163,46593,1514,1878,2215,2372,2319,2199,2309,2532,2766,3347,4159,3754,3224,2496,2513,2992,2204,1282,446,69,3,4004,48330,1394,1837,2087,2217,2213,2092,2143,2375,2574,3175,4070,3594,3139,2613,2915,3733,3000,1974,889,265,31,6159
2026,2026-01-01,23219,232190,愛知県,小牧市,city,23219,136452,4154,5066,6217,6895,7065,7019,6713,7177,8099,9437,12206,10224,8444,7163,7789,9493,7003,4163,1647,418,60,13291,69142,2102,2600,3161,3537,3753,3872,3686,3925,4361,5017,6452,5387,4323,3609,3659,4272,3062,1720,553,84,7,5426,67310,2052,2466,3056,3358,3312,3147,3027,3252,3738,4420,5754,4837,4121,3554,4130,5221,3941,2443,1094,334,53,7865
2026,2026-01-01,23220,232203,愛知県,稲沢市,city,23220,127915,4125,5151,5783,6081,5990,6028,6128,6625,7486,8707,10775,9465,8202,7185,7819,9279,6567,4127,1822,514,56,13086,63209,2115,2602,2995,3181,3111,3116,3175,3534,3794,4503,5501,4833,4192,3457,3677,4209,2850,1689,548,123,4,5214,64706,2010,2549,2788,2900,2879,2912,2953,3091,3692,4204,5274,4632,4010,3728,4142,5070,3717,2438,1274,391,52,7872
2026,2026-01-01,23221,232211,愛知県,新城市,city,23221,40159,745,1259,1669,1781,1570,1224,1243,1641,2253,2588,2826,2521,2796,3112,3522,3791,2420,1727,1070,343,58,5618,19964,381,664,845,905,839,683,680,882,1224,1412,1490,1322,1362,1502,1719,1880,1078,698,311,80,7,2174,20195,364,595,824,876,731,541,563,759,1029,1176,1336,1199,1434,1610,1803,1911,1342,1029,759,263,51,3444
2026,2026-01-01,23222,232220,愛知県,東海市,city,23222,110122,4253,4958,5709,5974,6194,6537,6623,6724,7247,7802,9068,7426,6033,5134,5155,6053,4527,2979,1339,337,50,9232,57130,2196,2614,2974,3186,3539,3766,3673,3663,3904,4128,4832,4019,3126,2614,2537,2744,1931,1177,410,88,9,3615,52992,2057,2344,2735,2788,2655,2771,2950,3061,3343,3674,4236,3407,2907,2520,2618,3309,2596,1802,929,249,41,5617
2026,2026-01-01,23223,232238,愛知県,大府市,city,23223,89445,3753,4516,4833,4876,4757,4812,4973,5532,6100,6614,7767,6149,4720,3708,4037,5009,3739,2242,999,260,49,7289,45269,1858,2291,2431,2525,2577,2685,2642,2957,3199,3424,3981,3214,2426,1876,1901,2276,1657,950,332,58,9,3006,44176,1895,2225,2402,2351,2180,2127,2331,2575,2901,3190,3786,2935,2294,1832,2136,2733,2082,1292,667,202,40,4283
2026,2026-01-01,23224,232246,愛知県,知多市,city,23224,80004,2419,3182,3594,4019,3856,3796,3750,4222,4600,5592,6873,5632,4798,4395,5000,5897,4353,2617,1099,273,37,8379,40283,1246,1673,1890,2068,2004,2032,1997,2320,2406,2929,3632,2967,2478,2123,2360,2614,2014,1095,364,70,1,3544,39721,1173,1509,1704,1951,1852,1764,1753,1902,2194,2663,3241,2665,2320,2272,2640,3283,2339,1522,735,203,36,4835
2026,2026-01-01,23225,232254,愛知県,知立市,city,23225,66890,2687,2806,3007,3174,3657,4532,4441,4287,4388,4550,5573,4838,4185,3247,3004,3512,2452,1599,726,189,36,5002,35332,1415,1485,1577,1739,1948,2562,2558,2434,2454,2497,3027,2617,2249,1664,1528,1591,1072,609,252,49,5,1987,31558,1272,1321,1430,1435,1709,1970,1883,1853,1934,2053,2546,2221,1936,1583,1476,1921,1380,990,474,140,31,3015
2026,2026-01-01,23226,232262,愛知県,尾張旭市,city,23226,81649,2964,3617,3938,4143,3888,3531,3844,4403,4989,5753,7310,6051,5224,4247,4309,5443,4042,2444,1164,302,43,7995,39897,1566,1849,2019,2116,1904,1744,1982,2229,2533,2884,3691,3115,2622,2059,1927,2442,1784,991,362,72,6,3215,41752,1398,1768,1919,2027,1984,1787,1862,2174,2456,2869,3619,2936,2602,2188,2382,3001,2258,1453,802,230,37,4780
2026,2026-01-01,23227,232271,愛知県,高浜市,city,23227,43984,1545,2068,2294,2524,2474,2364,2541,2940,2927,3207,3663,3175,2734,2179,2068,2149,1448,1029,508,132,15,3132,22867,798,1076,1142,1315,1424,1328,1383,1631,1602,1719,1967,1672,1472,1153,1028,994,611,375,151,25,1,1163,21117,747,992,1152,1209,1050,1036,1158,1309,1325,1488,1696,1503,1262,1026,1040,1155,837,654,357,107,14,1969
2026,2026-01-01,23228,232289,愛知県,岩倉市,city,23228,44019,1594,1706,1816,1924,1959,2460,2599,2580,2607,3013,3834,3312,2758,2215,2474,2879,2195,1339,602,135,18,4289,21872,768,864,890,997,1028,1248,1335,1381,1417,1569,2019,1686,1424,1124,1180,1264,908,542,193,35,0,1678,22147,826,842,926,927,931,1212,1264,1199,1190,1444,1815,1626,1334,1091,1294,1615,1287,797,409,100,18,2611
2026,2026-01-01,23229,232297,愛知県,豊明市,city,23229,63111,2137,2509,2775,2851,3119,3435,3347,3498,3632,4193,5270,4752,3982,3142,3476,4334,3355,2176,871,231,26,6659,31773,1107,1303,1466,1500,1564,1760,1739,1930,1987,2208,2795,2454,2085,1578,1637,1946,1447,899,301,63,4,2714,31338,1030,1206,1309,1351,1555,1675,1608,1568,1645,1985,2475,2298,1897,1564,1839,2388,1908,1277,570,168,22,3945
2026,2026-01-01,23230,232301,愛知県,日進市,city,23230,92175,4115,4929,5295,5066,4486,4640,5342,5634,6395,6958,7806,6642,5501,4053,3754,4488,3609,2222,946,262,32,7071,45786,2098,2583,2705,2556,2280,2408,2683,2861,3247,3546,3915,3426,2819,2019,1773,1955,1576,945,327,60,4,2912,46389,2017,2346,2590,2510,2206,2232,2659,2773,3148,3412,3891,3216,2682,2034,1981,2533,2033,1277,619,202,28,4159
2026,2026-01-01,23231,232319,愛知県,田原市,city,23231,55486,1405,2114,2651,2769,2685,2288,2201,3083,3440,3746,4019,3711,3772,3821,3943,4076,2644,1710,1000,347,61,5762,28686,684,1085,1378,1536,1602,1369,1290,1698,1875,2110,2110,1955,1925,1911,1964,2001,1163,656,290,72,12,2193,26800,721,1029,1273,1233,1083,919,911,1385,1565,1636,1909,1756,1847,1910,1979,2075,1481,1054,710,275,49,3569
2026,2026-01-01,23232,232327,愛知県,愛西市,city,23232,58137,1671,2113,2329,2759,2760,2423,2315,2527,2908,3729,5189,4379,4018,3355,3664,4820,3598,2308,969,262,41,7178,28366,867,1046,1189,1383,1432,1210,1189,1278,1490,1925,2670,2233,2018,1634,1691,2183,1616,935,315,59,3,2928,29771,804,1067,1140,1376,1328,1213,1126,1249,1418,1804,2519,2146,2000,1721,1973,2637,1982,1373,654,203,38,4250
2026,2026-01-01,23233,232335,愛知県,清須市,city,23233,66500,2775,3185,3245,3198,3109,3816,4024,4255,4407,4860,5558,4462,3706,3176,3302,3860,2733,1802,817,190,20,5562,33351,1443,1634,1641,1623,1611,1968,2094,2226,2322,2517,2932,2360,1918,1557,1582,1773,1154,718,226,47,5,2150,33149,1332,1551,1604,1575,1498,1848,1930,2029,2085,2343,2626,2102,1788,1619,1720,2087,1579,1084,591,143,15,3412
2026,2026-01-01,23234,232343,愛知県,北名古屋市,city,23234,83280,3171,3789,4004,4143,4218,4701,4658,4842,5350,6047,7588,6091,4583,3430,3704,5089,4153,2564,936,194,25,7872,41440,1629,1984,2011,2111,2126,2387,2385,2547,2799,3140,4008,3197,2354,1749,1696,2148,1745,1050,329,43,2,3169,41840,1542,1805,1993,2032,2092,2314,2273,2295,2551,2907,3580,2894,2229,1681,2008,2941,2408,1514,607,151,23,4703
2026,2026-01-01,23235,232351,愛知県,弥富市,city,23235,40243,1273,1476,1716,1983,2101,2163,1956,1996,2390,2793,3508,2973,2527,2192,2244,2792,2090,1288,579,177,26,4160,19928,632,733,891,1004,1094,1113,1020,1044,1255,1476,1852,1558,1268,1081,1037,1241,896,523,171,38,1,1629,20315,641,743,825,979,1007,1050,936,952,1135,1317,1656,1415,1259,1111,1207,1551,1194,765,408,139,25,2531
2026,2026-01-01,23236,232360,愛知県,みよし市,city,23236,58277,2326,2752,2973,3140,3390,3359,3281,3438,3702,3949,5388,4845,3800,2660,2379,2891,2171,1188,502,119,24,4004,29751,1162,1408,1532,1649,1777,1804,1713,1823,1984,2092,2718,2524,2034,1386,1183,1283,966,516,164,31,2,1679,28526,1164,1344,1441,1491,1613,1555,1568,1615,1718,1857,2670,2321,1766,1274,1196,1608,1205,672,338,88,22,2325
2026,2026-01-01,23237,232378,愛知県,あま市,city,23237,84395,2951,3603,3950,4216,4127,4016,4192,4424,5038,5968,7880,6448,5037,4005,4224,5846,4457,2734,1037,210,32,8470,41836,1494,1889,2057,2114,2068,2030,2171,2308,2669,3090,4126,3430,2615,1981,1901,2512,1875,1098,354,50,4,3381,42559,1457,1714,1893,2102,2059,1986,2021,2116,2369,2878,3754,3018,2422,2024,2323,3334,2582,1636,683,160,28,5089
2026,2026-01-01,23238,232386,愛知県,長久手市,city,23238,60186,2559,3470,3868,3591,3349,2945,3319,3840,4643,5016,5269,4220,3267,2414,2308,2555,1836,1085,476,139,17,3553,29692,1341,1737,2000,1799,1637,1437,1665,1892,2340,2533,2637,2156,1663,1193,1084,1153,790,457,146,30,2,1425,30494,1218,1733,1868,1792,1712,1508,1654,1948,2303,2483,2632,2064,1604,1221,1224,1402,1046,628,330,109,15,2128
2026,2026-01-01,23300,233005,愛知県,愛知郡,gun_agg,,42035,1485,2038,2238,2452,2204,1999,2062,2309,2682,3085,3858,3281,2325,1878,1972,2590,1931,1075,440,118,13,3577,21004,792,1066,1124,1253,1152,1037,1076,1193,1365,1643,1934,1740,1220,949,876,1133,853,448,128,20,2,1451,21031,693,972,1114,1199,1052,962,986,1116,1317,1442,1924,1541,1105,929,1096,1457,1078,627,312,98,11,2126
2026,2026-01-01,23302,233021,愛知県,愛知郡東郷町,town,23302,42035,1485,2038,2238,2452,2204,1999,2062,2309,2682,3085,3858,3281,2325,1878,1972,2590,1931,1075,440,118,13,3577,21004,792,1066,1124,1253,1152,1037,1076,1193,1365,1643,1934,1740,1220,949,876,1133,853,448,128,20,2,1451,21031,693,972,1114,1199,1052,962,986,1116,1317,1442,1924,1541,1105,929,1096,1457,1078,627,312,98,11,2126
2026,2026-01-01,23340,233404,愛知県,西春日井郡,gun_agg,,15298,520,725,788,851,834,821,845,957,1063,1222,1290,1096,823,615,702,857,717,397,141,29,5,1289,7851,246,366,401,448,436,451,457,521,563,664,715,598,451,326,333,380,293,154,45,3,0,495,7447,274,359,387,403,398,370,388,436,500,558,575,498,372,289,369,477,424,243,96,26,5,794
2026,2026-01-01,23342,233421,愛知県,西春日井郡豊山町,town,23342,15298,520,725,788,851,834,821,845,957,1063,1222,1290,1096,823,615,702,857,717,397,141,29,5,1289,7851,246,366,401,448,436,451,457,521,563,664,715,598,451,326,333,380,293,154,45,3,0,495,7447,274,359,387,403,398,370,388,436,500,558,575,498,372,289,369,477,424,243,96,26,5,794
2026,2026-01-01,23360,233609,愛知県,丹羽郡,gun_agg,,56914,2031,2570,2920,2928,2786,2927,2921,3159,3690,4030,4872,4069,3405,2617,2788,3653,2747,1798,769,211,23,5548,28407,1016,1362,1454,1465,1498,1614,1548,1680,1931,2085,2523,2056,1750,1303,1267,1604,1207,730,265,47,2,2251,28507,1015,1208,1466,1463,1288,1313,1373,1479,1759,1945,2349,2013,1655,1314,1521,2049,1540,1068,504,164,21,3297
2026,2026-01-01,23361,233617,愛知県,丹羽郡大口町,town,23361,22890,821,1137,1248,1230,1157,1213,1176,1296,1565,1589,1926,1597,1346,987,1143,1372,1071,678,265,60,13,2087,11531,397,610,632,629,632,695,623,686,823,838,1003,788,684,496,522,627,465,273,92,16,0,846,11359,424,527,616,601,525,518,553,610,742,751,923,809,662,491,621,745,606,405,173,44,13,1241
2026,2026-01-01,23362,233625,愛知県,丹羽郡扶桑町,town,23362,34024,1210,1433,1672,1698,1629,1714,1745,1863,2125,2441,2946,2472,2059,1630,1645,2281,1676,1120,504,151,10,3461,16876,619,752,822,836,866,919,925,994,1108,1247,1520,1268,1066,807,745,977,742,457,173,31,2,1405,17148,591,681,850,862,763,795,820,869,1017,1194,1426,1204,993,823,900,1304,934,663,331,120,8,2056
2026,2026-01-01,23420,234206,愛知県,海部郡,gun_agg,,71066,2527,3021,3445,3587,3327,3642,3804,3816,4436,5204,6450,5425,4486,3568,3632,4488,3143,1974,865,192,34,6208,35519,1317,1552,1720,1845,1655,1839,1974,1993,2322,2723,3439,2849,2322,1815,1716,2015,1347,755,280,36,5,2423,35547,1210,1469,1725,1742,1672,1803,1830,1823,2114,2481,3011,2576,2164,1753,1916,2473,1796,1219,585,156,29,3785
2026,2026-01-01,23424,234249,愛知県,海部郡大治町,town,23424,32405,1274,1567,1743,1737,1665,1731,1842,1796,2044,2476,3114,2519,1894,1368,1406,1822,1284,767,294,53,9,2407,16357,642,793,870,895,818,868,949,944,1068,1320,1688,1356,1027,697,665,801,555,292,99,8,2,956,16048,632,774,873,842,847,863,893,852,976,1156,1426,1163,867,671,741,1021,729,475,195,45,7,1451
2026,2026-01-01,23425,234257,愛知県,海部郡蟹江町,town,23425,34491,1134,1274,1464,1617,1482,1794,1830,1809,2126,2438,2990,2675,2356,1922,1933,2331,1652,1070,473,104,17,3316,17112,608,667,730,828,750,911,958,941,1117,1246,1568,1365,1190,980,908,1066,690,421,146,19,3,1279,17379,526,607,734,789,732,883,872,868,1009,1192,1422,1310,1166,942,1025,1265,962,649,327,85,14,2037
2026,2026-01-01,23427,234273,愛知県,海部郡飛島村,village,23427,4170,119,180,238,233,180,117,132,211,266,290,346,231,236,278,293,335,207,137,98,35,8,485,2050,67,92,120,122,87,60,67,108,137,157,183,128,105,138,143,148,102,42,35,9,0,188,2120,52,88,118,111,93,57,65,103,129,133,163,103,131,140,150,187,105,95,63,26,8,297
2026,2026-01-01,23440,234401,愛知県,知多郡,gun_agg,,151176,4826,6404,7425,7442,6988,6527,6888,8184,9119,10007,12264,10704,9889,8571,9059,11166,7728,4981,2288,614,102,15713,75160,2478,3290,3764,3791,3685,3428,3609,4314,4743,5342,6351,5570,5010,4217,4270,5081,3451,1929,700,129,8,6217,76016,2348,3114,3661,3651,3303,3099,3279,3870,4376,4665,5913,5134,4879,4354,4789,6085,4277,3052,1588,485,94,9496
2026,2026-01-01,23441,234419,愛知県,知多郡阿久比町,town,23441,27475,918,1435,1890,1534,1085,999,1141,1569,2073,2104,2128,1695,1426,1419,1475,1923,1281,886,380,101,13,2661,13559,477,726,963,787,552,502,607,778,1055,1101,1127,881,705,689,672,864,581,355,111,25,1,1073,13916,441,709,927,747,533,497,534,791,1018,1003,1001,814,721,730,803,1059,700,531,269,76,12,1588
2026,2026-01-01,23442,234427,愛知県,知多郡東浦町,town,23442,47887,1731,2187,2258,2327,2363,2297,2464,2831,2857,3188,3971,3474,3038,2423,2633,3245,2265,1500,634,169,32,4600,23872,877,1137,1129,1139,1262,1172,1285,1540,1474,1686,2049,1812,1548,1211,1191,1488,1020,608,204,37,3,1872,24015,854,1050,1129,1188,1101,1125,1179,1291,1383,1502,1922,1662,1490,1212,1442,1757,1245,892,430,132,29,2728
2026,2026-01-01,23445,234451,愛知県,知多郡南知多町,town,23445,14516,217,347,504,584,449,378,382,564,689,776,1002,1005,1269,1255,1347,1497,966,730,427,113,15,2251,7114,101,178,246,293,258,214,193,285,369,437,528,541,649,632,666,717,409,247,133,18,0,807,7402,116,169,258,291,191,164,189,279,320,339,474,464,620,623,681,780,557,483,294,95,15,1444
2026,2026-01-01,23446,234460,愛知県,知多郡美浜町,town,23446,19657,364,596,777,887,984,783,703,817,975,1200,1593,1445,1619,1438,1428,1708,1109,746,363,99,23,2340,9735,165,307,421,496,510,410,381,433,485,653,802,742,798,702,720,794,509,267,116,20,4,916,9922,199,289,356,391,474,373,322,384,490,547,791,703,821,736,708,914,600,479,247,79,19,1424
2026,2026-01-01,23447,234478,愛知県,知多郡武豊町,town,23447,41641,1596,1839,1996,2110,2107,2070,2198,2403,2525,2739,3570,3085,2537,2036,2176,2793,2107,1119,484,132,19,3861,20880,858,942,1005,1076,1103,1130,1143,1278,1360,1465,1845,1594,1310,983,1021,1218,932,452,136,29,0,1549,20761,738,897,991,1034,1004,940,1055,1125,1165,1274,1725,1491,1227,1053,1155,1575,1175,667,348,103,19,2312
2026,2026-01-01,23500,235008,愛知県,額田郡,gun_agg,,40658,1527,2157,2430,2300,2069,1864,2104,2610,2930,3011,3420,2608,2230,1883,2104,2373,1529,897,451,135,26,3038,20625,851,1097,1241,1176,1120,1013,1091,1354,1578,1548,1801,1374,1128,918,980,1163,689,343,125,31,4,1192,20033,676,1060,1189,1124,949,851,1013,1256,1352,1463,1619,1234,1102,965,1124,1210,840,554,326,104,22,1846
2026,2026-01-01,23501,235016,愛知県,額田郡幸田町,town,23501,40658,1527,2157,2430,2300,2069,1864,2104,2610,2930,3011,3420,2608,2230,1883,2104,2373,1529,897,451,135,26,3038,20625,851,1097,1241,1176,1120,1013,1091,1354,1578,1548,1801,1374,1128,918,980,1163,689,343,125,31,4,1192,20033,676,1060,1189,1124,949,851,1013,1256,1352,1463,1619,1234,1102,965,1124,1210,840,554,326,104,22,1846
2026,2026-01-01,23560,235601,愛知県,北設楽郡,gun_agg,,7352,110,173,214,236,210,150,165,224,320,344,416,392,532,635,745,850,601,515,344,151,25,1636,3585,55,104,114,117,119,82,93,120,170,195,234,204,293,314,377,427,256,177,103,29,2,567,3767,55,69,100,119,91,68,72,104,150,149,182,188,239,321,368,423,345,338,241,122,23,1069
2026,2026-01-01,23561,235610,愛知県,北設楽郡設楽町,town,23561,3907,62,79,107,124,105,74,91,107,163,188,236,210,297,340,394,451,333,273,178,83,12,879,1915,30,44,54,61,60,40,52,57,88,114,137,108,168,170,194,228,144,95,56,14,1,310,1992,32,35,53,63,45,34,39,50,75,74,99,102,129,170,200,223,189,178,122,69,11,569
2026,2026-01-01,23562,235628,愛知県,北設楽郡東栄町,town,23562,2575,40,68,89,84,66,50,60,94,112,118,133,136,179,220,249,303,198,186,124,54,12,574,1239,20,45,50,45,35,26,34,50,55,64,76,68,91,106,125,157,79,67,35,10,1,192,1336,20,23,39,39,31,24,26,44,57,54,57,68,88,114,124,146,119,119,89,44,11,382
2026,2026-01-01,23563,235636,愛知県,北設楽郡豊根村,village,23563,870,8,26,18,28,39,26,14,23,45,38,47,46,56,75,102,96,70,56,42,14,1,183,431,5,15,10,11,24,16,7,13,27,17,21,28,34,38,58,42,33,15,12,5,0,65,439,3,11,8,17,15,10,7,10,18,21,26,18,22,37,44,54,37,41,30,9,1,118
2026,2026-01-01,24000,240001,三重県,,pref,,1653387,48578,61294,71619,77565,73784,72628,74140,83312,94715,109290,133450,116280,111539,102971,110016,124927,86570,58760,31049,9466,1434,187279,808978,24985,31544,36732,39593,38375,38400,39255,43663,49025,56262,68321,58765,55181,49695,51874,56991,36690,22235,9189,2025,178,70317,844409,23593,29750,34887,37972,35409,34228,34885,39649,45690,53028,65129,57515,56358,53276,58142,67936,49880,36525,21860,7441,1256,116962
2026,2026-01-01,24201,242012,三重県,津市,city,24201,254420,7729,9565,11000,11927,11895,11107,11492,12733,14548,16715,20265,17488,17039,15948,16546,18838,13287,9449,4999,1618,232,29585,123216,3994,4998,5701,6028,6216,5703,5859,6595,7333,8483,10226,8788,8341,7719,7861,8439,5548,3502,1482,372,28,10932,131204,3735,4567,5299,5899,5679,5404,5633,6138,7215,8232,10039,8700,8698,8229,8685,10399,7739,5947,3517,1246,204,18653
2026,2026-01-01,24202,242021,三重県,四日市市,city,24202,291196,9637,11201,12537,13307,14067,16423,15788,16016,17236,19686,24833,21255,19298,16127,16309,19381,13753,8883,4238,1072,149,28095,145979,4972,5752,6382,6872,7437,9017,8653,8609,9215,10262,13042,11113,9751,7873,7655,8668,5814,3393,1253,224,22,10706,145217,4665,5449,6155,6435,6630,7406,7135,7407,8021,9424,11791,10142,9547,8254,8654,10713,7939,5490,2985,848,127,17389
2026,2026-01-01,24203,242039,三重県,伊勢市,city,24203,115738,3118,4159,4897,5259,4896,4611,4851,5675,6400,7312,8891,8233,8253,7737,8002,8999,6295,4647,2640,759,104,14445,54850,1626,2138,2511,2637,2532,2293,2516,2881,3159,3660,4365,3928,3893,3702,3679,4125,2555,1688,778,172,12,5205,60888,1492,2021,2386,2622,2364,2318,2335,2794,3241,3652,4526,4305,4360,4035,4323,4874,3740,2959,1862,587,92,9240
2026,2026-01-01,24204,242047,三重県,松阪市,city,24204,148678,4244,5542,6480,7084,6384,6158,6367,7526,8355,9800,11959,10438,10136,9830,10087,11118,7695,5329,3033,982,131,17170,71790,2161,2876,3334,3633,3241,3150,3332,3897,4236,5033,5945,5154,4927,4686,4786,5066,3210,2010,891,210,12,6333,76888,2083,2666,3146,3451,3143,3008,3035,3629,4119,4767,6014,5284,5209,5144,5301,6052,4485,3319,2142,772,119,10837
2026,2026-01-01,24205,242055,三重県,桑名市,city,24205,130244,3776,4988,6184,6537,6166,5823,5883,6513,7963,9166,11110,9580,8718,7656,7912,9136,6457,4049,1998,536,93,13133,64185,1943,2616,3136,3278,3109,3068,3128,3405,4140,4648,5694,4838,4417,3686,3701,4234,2794,1626,590,117,17,5144,66059,1833,2372,3048,3259,3057,2755,2755,3108,3823,4518,5416,4742,4301,3970,4211,4902,3663,2423,1408,419,76,7989
2026,2026-01-01,24207,242071,三重県,鈴鹿市,city,24207,182200,5760,6776,8071,9094,9157,9046,8779,9585,10461,12634,16096,13940,12284,10060,10792,12514,8713,5134,2476,731,97,17151,90795,2949,3446,4115,4626,4740,4765,4700,5057,5513,6523,8280,7115,6369,5017,5038,5702,3899,2010,766,158,7,6840,91405,2811,3330,3956,4468,4417,4281,4079,4528,4948,6111,7816,6825,5915,5043,5754,6812,4814,3124,1710,573,90,10311
2026,2026-01-01,24208,242080,三重県,名張市,city,24208,71719,1847,2560,3194,3341,2825,2293,2763,3478,4291,4887,5465,4463,4628,4997,5986,6510,4145,2466,1166,350,64,8191,34541,957,1321,1603,1700,1435,1191,1410,1783,2180,2463,2744,2153,2144,2308,2870,3051,1782,990,372,76,8,3228,37178,890,1239,1591,1641,1390,1102,1353,1695,2111,2424,2721,2310,2484,2689,3116,3459,2363,1476,794,274,56,4963
2026,2026-01-01,24209,242098,三重県,尾鷲市,city,24209,14726,244,357,454,536,445,446,397,479,592,742,982,1010,1065,1137,1352,1594,1289,940,486,154,25,2894,6862,117,182,228,267,250,243,204,255,310,387,505,505,506,532,652,680,496,349,156,34,4,1039,7864,127,175,226,269,195,203,193,224,282,355,477,505,559,605,700,914,793,591,330,120,21,1855
2026,2026-01-01,24210,242101,三重県,亀山市,city,24210,46273,1571,2029,2365,2343,2034,2019,2148,2659,3041,3265,3737,2937,2718,2773,2926,3233,2063,1392,731,247,42,4475,23272,804,1080,1225,1177,1076,1103,1162,1404,1568,1745,2028,1554,1353,1319,1390,1541,945,532,206,53,7,1743,23001,767,949,1140,1166,958,916,986,1255,1473,1520,1709,1383,1365,1454,1536,1692,1118,860,525,194,35,2732
2026,2026-01-01,24211,242110,三重県,鳥羽市,city,24211,15426,258,437,499,588,619,446,460,549,753,821,939,1059,1290,1316,1491,1552,972,745,455,158,19,2349,7325,133,238,262,316,322,236,238,292,384,426,452,501,643,619,713,730,385,265,128,41,1,820,8101,125,199,237,272,297,210,222,257,369,395,487,558,647,697,778,822,587,480,327,117,18,1529
2026,2026-01-01,24212,242128,三重県,熊野市,city,24212,14375,274,396,559,513,431,386,377,471,664,772,940,964,1011,1141,1298,1482,1130,825,522,171,48,2696,6724,144,198,271,269,239,193,188,231,337,393,489,493,508,545,610,679,478,276,144,35,4,937,7651,130,198,288,244,192,193,189,240,327,379,451,471,503,596,688,803,652,549,378,136,44,1759
2026,2026-01-01,24214,242144,三重県,いなべ市,city,24214,41719,1444,1671,1766,2072,2027,1896,2108,2300,2504,2803,3141,2821,2746,2479,2775,2952,1989,1291,667,238,29,4214,21276,737,854,912,1157,1142,1058,1105,1283,1415,1558,1698,1459,1395,1219,1300,1379,865,488,204,46,2,1605,20443,707,817,854,915,885,838,1003,1017,1089,1245,1443,1362,1351,1260,1475,1573,1124,803,463,192,27,2609
2026,2026-01-01,24215,242152,三重県,志摩市,city,24215,42338,717,1065,1383,1530,1327,1148,1243,1449,1889,2299,3212,3169,3581,3342,3673,4325,2948,2264,1334,377,63,6986,19811,363,529,695,776,680,614,648,738,941,1182,1570,1545,1744,1576,1718,1964,1220,831,399,70,8,2528,22527,354,536,688,754,647,534,595,711,948,1117,1642,1624,1837,1766,1955,2361,1728,1433,935,307,55,4458
2026,2026-01-01,24216,242161,三重県,伊賀市,city,24216,77015,1876,2554,3102,3470,3171,2991,3055,3730,4187,4958,5626,4915,5087,5324,6109,6673,4345,3211,1842,672,117,10187,37471,963,1314,1575,1743,1679,1675,1699,1968,2211,2589,2907,2481,2441,2567,2906,3099,1848,1166,488,135,17,3654,39544,913,1240,1527,1727,1492,1316,1356,1762,1976,2369,2719,2434,2646,2757,3203,3574,2497,2045,1354,537,100,6533
2026,2026-01-01,24300,243001,三重県,桑名郡,gun_agg,,5080,97,128,162,245,184,180,158,196,256,339,435,359,404,345,454,489,345,198,81,20,5,649,2512,53,60,79,130,98,93,86,99,144,167,236,188,205,175,213,228,144,88,24,2,0,258,2568,44,68,83,115,86,87,72,97,112,172,199,171,199,170,241,261,201,110,57,18,5,391
2026,2026-01-01,24303,243035,三重県,桑名郡木曽岬町,town,24303,5080,97,128,162,245,184,180,158,196,256,339,435,359,404,345,454,489,345,198,81,20,5,649,2512,53,60,79,130,98,93,86,99,144,167,236,188,205,175,213,228,144,88,24,2,0,258,2568,44,68,83,115,86,87,72,97,112,172,199,171,199,170,241,261,201,110,57,18,5,391
2026,2026-01-01,24320,243205,三重県,員弁郡,gun_agg,,24734,911,1150,1210,1180,994,882,1040,1462,1649,1574,1834,1319,1418,1600,1936,2242,1244,657,329,88,15,2333,12068,477,570,642,577,486,434,506,762,856,845,937,661,648,724,906,1031,596,297,94,18,1,1006,12666,434,580,568,603,508,448,534,700,793,729,897,658,770,876,1030,1211,648,360,235,70,14,1327
2026,2026-01-01,24324,243248,三重県,員弁郡東員町,town,24324,24734,911,1150,1210,1180,994,882,1040,1462,1649,1574,1834,1319,1418,1600,1936,2242,1244,657,329,88,15,2333,12068,477,570,642,577,486,434,506,762,856,845,937,661,648,724,906,1031,596,297,94,18,1,1006,12666,434,580,568,603,508,448,534,700,793,729,897,658,770,876,1030,1211,648,360,235,70,14,1327
2026,2026-01-01,24340,243400,三重県,三重郡,gun_agg,,65027,2359,2963,3388,3569,3202,3279,3360,3686,4058,4881,5848,4768,3899,3121,3163,3773,2792,1814,835,229,40,5710,32457,1200,1490,1747,1814,1691,1743,1779,1932,2046,2540,3073,2522,1985,1565,1430,1710,1197,720,229,38,6,2190,32570,1159,1473,1641,1755,1511,1536,1581,1754,2012,2341,2775,2246,1914,1556,1733,2063,1595,1094,606,191,34,3520
2026,2026-01-01,24341,243418,三重県,三重郡菰野町,town,24341,39168,1296,1767,2025,1947,1684,1744,1795,2121,2401,2682,3377,2969,2551,2148,2206,2599,1895,1221,548,160,32,3856,19354,669,890,1043,984,861,939,943,1102,1214,1389,1758,1551,1295,1050,1011,1174,823,489,148,17,4,1481,19814,627,877,982,963,823,805,852,1019,1187,1293,1619,1418,1256,1098,1195,1425,1072,732,400,143,28,2375
2026,2026-01-01,24343,243434,三重県,三重郡朝日町,town,24343,10857,441,562,624,861,674,455,524,608,683,1067,1156,714,461,368,370,479,390,258,130,28,4,810,5384,226,280,314,432,358,226,260,317,340,540,588,398,234,188,155,198,173,109,37,9,2,330,5473,215,282,310,429,316,229,264,291,343,527,568,316,227,180,215,281,217,149,93,19,2,480
2026,2026-01-01,24344,243442,三重県,三重郡川越町,town,24344,15002,622,634,739,761,844,1080,1041,957,974,1132,1315,1085,887,605,587,695,507,335,157,41,4,1044,7719,305,320,390,398,472,578,576,513,492,611,727,573,456,327,264,338,201,122,44,12,0,379,7283,317,314,349,363,372,502,465,444,482,521,588,512,431,278,323,357,306,213,113,29,4,665
2026,2026-01-01,24440,244406,三重県,多気郡,gun_agg,,43309,1284,1766,1834,2155,1679,1502,1711,2110,2531,2717,3241,2787,2784,2937,3253,3459,2314,1747,1072,373,53,5559,20835,671,875,951,1133,831,770,878,1096,1252,1370,1656,1385,1350,1397,1543,1635,961,660,322,90,9,2042,22474,613,891,883,1022,848,732,833,1014,1279,1347,1585,1402,1434,1540,1710,1824,1353,1087,750,283,44,3517
2026,2026-01-01,24441,244414,三重県,多気郡多気町,town,24441,13218,364,514,591,711,512,397,458,626,808,866,978,864,874,910,994,1060,683,575,302,116,15,1691,6390,197,240,318,357,276,228,238,333,386,427,501,440,416,445,472,507,276,215,84,32,2,609,6828,167,274,273,354,236,169,220,293,422,439,477,424,458,465,522,553,407,360,218,84,13,1082
2026,2026-01-01,24442,244422,三重県,多気郡明和町,town,24442,22205,776,1033,972,1022,894,906,1019,1228,1371,1381,1785,1433,1368,1416,1541,1614,1085,722,457,162,20,2446,10649,396,526,493,539,420,444,511,627,694,700,911,707,650,666,722,749,453,272,134,32,3,894,11556,380,507,479,483,474,462,508,601,677,681,874,726,718,750,819,865,632,450,323,130,17,1552
2026,2026-01-01,24443,244431,三重県,多気郡大台町,town,24443,7886,144,219,271,422,273,199,234,256,352,470,478,490,542,611,718,785,546,450,313,95,18,1422,3796,78,109,140,237,135,98,129,136,172,243,244,238,284,286,349,379,232,173,104,26,4,539,4090,66,110,131,185,138,101,105,120,180,227,234,252,258,325,369,406,314,277,209,69,14,883
2026,2026-01-01,24460,244601,三重県,度会郡,gun_agg,,38898,849,1178,1455,1597,1335,1181,1264,1593,1966,2166,2709,2703,2859,2767,3237,3590,2695,2124,1176,394,60,6449,18618,420,596,802,819,674,598,689,827,1053,1077,1369,1377,1438,1329,1571,1672,1057,777,380,82,11,2307,20280,429,582,653,778,661,583,575,766,913,1089,1340,1326,1421,1438,1666,1918,1638,1347,796,312,49,4142
2026,2026-01-01,24461,244619,三重県,度会郡玉城町,town,24461,14695,480,652,749,777,681,579,592,844,969,1017,1122,1035,996,811,940,1009,644,467,238,79,14,1442,7098,232,328,403,391,327,286,310,431,509,491,564,515,468,397,440,456,280,180,76,12,2,550,7597,248,324,346,386,354,293,282,413,460,526,558,520,528,414,500,553,364,287,162,67,12,892
2026,2026-01-01,24470,244708,三重県,度会郡度会町,town,24470,7319,166,258,307,333,259,243,259,312,402,450,549,476,533,562,636,637,405,310,157,56,9,937,3585,83,138,174,180,133,126,143,158,216,232,276,241,280,249,318,313,160,105,49,11,0,325,3734,83,120,133,153,126,117,116,154,186,218,273,235,253,313,318,324,245,205,108,45,9,612
2026,2026-01-01,24471,244716,三重県,度会郡大紀町,town,24471,6877,63,112,192,249,197,157,141,164,292,332,454,453,499,565,685,785,616,504,293,112,12,1537,3236,32,63,112,123,103,82,78,80,162,165,229,231,239,270,337,361,250,193,96,25,5,569,3641,31,49,80,126,94,75,63,84,130,167,225,222,260,295,348,424,366,311,197,87,7,968
2026,2026-01-01,24472,244724,三重県,度会郡南伊勢町,town,24472,10007,140,156,207,238,198,202,272,273,303,367,584,739,831,829,976,1159,1030,843,488,147,25,2533,4699,73,67,113,125,111,104,158,158,166,189,300,390,451,413,476,542,367,299,159,34,4,863,5308,67,89,94,113,87,98,114,115,137,178,284,349,380,416,500,617,663,544,329,113,21,1670
2026,2026-01-01,24540,245402,三重県,北牟婁郡,gun_agg,,12920,193,266,378,460,375,305,338,407,517,671,904,980,1020,993,1258,1368,1062,827,443,134,21,2487,6143,108,139,189,250,200,176,188,208,285,352,461,474,491,481,632,597,438,309,138,26,1,912,6777,85,127,189,210,175,129,150,199,232,319,443,506,529,512,626,771,624,518,305,108,20,1575
2026,2026-01-01,24543,245437,三重県,北牟婁郡紀北町,town,24543,12920,193,266,378,460,375,305,338,407,517,671,904,980,1020,993,1258,1368,1062,827,443,134,21,2487,6143,108,139,189,250,200,176,188,208,285,352,461,474,491,481,632,597,438,309,138,26,1,912,6777,85,127,189,210,175,129,150,199,232,319,443,506,529,512,626,771,624,518,305,108,20,1575
2026,2026-01-01,24560,245607,三重県,南牟婁郡,gun_agg,,17352,390,543,701,758,571,506,558,695,854,1082,1283,1092,1301,1341,1457,1699,1037,768,526,163,27,2521,8248,193,272,372,391,297,277,287,341,447,559,644,531,632,656,700,761,458,258,145,26,1,888,9104,197,271,329,367,274,229,271,354,407,523,639,561,669,685,757,938,579,510,381,137,26,1633
2026,2026-01-01,24561,245615,三重県,南牟婁郡御浜町,town,24561,7558,131,208,294,340,246,191,214,260,342,465,557,491,621,610,636,754,476,360,272,78,12,1198,3588,58,112,146,172,128,105,118,121,184,240,289,223,301,308,309,343,218,121,79,13,0,431,3970,73,96,148,168,118,86,96,139,158,225,268,268,320,302,327,411,258,239,193,65,12,767
2026,2026-01-01,24562,245623,三重県,南牟婁郡紀宝町,town,24562,9794,259,335,407,418,325,315,344,435,512,617,726,601,680,731,821,945,561,408,254,85,15,1323,4660,135,160,226,219,169,172,169,220,263,319,355,308,331,348,391,418,240,137,66,13,1,457,5134,124,175,181,199,156,143,175,215,249,298,371,293,349,383,430,527,321,271,188,72,14,866
2026,2026-01-01,25000,250007,滋賀県,,pref,,1356003,47408,58262,66562,69190,66938,63902,65124,74302,84222,95374,109446,92013,83903,77330,81947,91738,60486,39167,21034,6624,1031,128342,667256,24351,29849,34188,35726,34990,33393,33574,38215,42957,48195,55781,46285,41362,37378,39178,42422,26329,15204,6344,1408,127,49412,688747,23057,28413,32374,33464,31948,30509,31550,36087,41265,47179,53665,45728,42541,39952,42769,49316,34157,23963,14690,5216,904,78930
2026,2026-01-01,25201,252018,滋賀県,大津市,city,25201,337121,12010,14380,16042,16588,15994,15175,15855,18131,20202,23066,27606,23893,22195,19852,20270,23473,15378,9791,5279,1683,258,32389,161880,6150,7257,8219,8495,8084,7416,7819,9033,9944,11262,13636,11586,10804,9494,9632,10717,6610,3719,1607,361,35,12332,175241,5860,7123,7823,8093,7910,7759,8036,9098,10258,11804,13970,12307,11391,10358,10638,12756,8768,6072,3672,1322,223,20057
2026,2026-01-01,25202,252026,滋賀県,彦根市,city,25202,106220,3290,4280,5087,5436,5725,5439,5180,5846,6452,7482,8710,7323,6799,6185,6358,6770,4610,3039,1641,500,68,9858,53061,1710,2238,2614,2850,3079,3017,2779,3121,3352,3790,4466,3708,3347,2990,3055,3158,1972,1178,512,116,9,3787,53159,1580,2042,2473,2586,2646,2422,2401,2725,3100,3692,4244,3615,3452,3195,3303,3612,2638,1861,1129,384,59,6071
2026,2026-01-01,25203,252034,滋賀県,長浜市,city,25203,106989,3324,4237,5005,5308,5049,4612,4686,5457,6357,7213,8439,7228,6881,6609,6945,7580,5354,3798,2096,696,115,12059,52302,1698,2154,2569,2791,2643,2436,2460,2826,3291,3712,4307,3666,3334,3145,3386,3472,2215,1416,620,147,14,4412,54687,1626,2083,2436,2517,2406,2176,2226,2631,3066,3501,4132,3562,3547,3464,3559,4108,3139,2382,1476,549,101,7647
2026,2026-01-01,25204,252042,滋賀県,近江八幡市,city,25204,79387,2973,3375,3995,4018,3652,3748,3943,4607,5042,5586,6019,5049,4640,4372,5048,5691,3672,2397,1157,329,74,7629,38865,1512,1705,2060,2006,1858,1970,2041,2388,2584,2815,3034,2560,2253,2128,2381,2650,1588,913,355,56,8,2920,40522,1461,1670,1935,2012,1794,1778,1902,2219,2458,2771,2985,2489,2387,2244,2667,3041,2084,1484,802,273,66,4709
2026,2026-01-01,25206,252069,滋賀県,草津市,city,25206,137317,5670,6700,7275,7204,7657,7503,7426,7973,9395,10441,11559,9404,7590,6131,6696,7912,5456,3290,1529,427,79,10781,68522,2896,3466,3733,3705,4175,3975,3825,4025,4774,5255,5978,4787,3875,3013,3107,3494,2491,1364,484,90,10,4439,68795,2774,3234,3542,3499,3482,3528,3601,3948,4621,5186,5581,4617,3715,3118,3589,4418,2965,1926,1045,337,69,6342
2026,2026-01-01,25207,252077,滋賀県,守山市,city,25207,84786,3650,4339,4835,4983,4340,3954,4465,5071,5747,6457,7342,5585,4567,3931,4220,4862,3127,1956,1049,272,34,6438,41699,1829,2201,2502,2543,2184,2038,2262,2548,2889,3220,3718,2844,2247,1907,1986,2180,1432,793,311,60,5,2601,43087,1821,2138,2333,2440,2156,1916,2203,2523,2858,3237,3624,2741,2320,2024,2234,2682,1695,1163,738,212,29,3837
2026,2026-01-01,25208,252085,滋賀県,栗東市,city,25208,68514,3104,3282,3616,3887,3783,4156,4174,4217,4474,5318,6252,4847,3552,2796,2946,3561,2343,1384,621,171,30,4549,33994,1612,1678,1838,1960,1972,2122,2116,2112,2290,2696,3104,2502,1807,1336,1381,1597,1038,593,191,46,3,1871,34520,1492,1604,1778,1927,1811,2034,2058,2105,2184,2622,3148,2345,1745,1460,1565,1964,1305,791,430,125,27,2678
2026,2026-01-01,25209,252093,滋賀県,甲賀市,city,25209,81890,2400,3216,3740,4060,3960,3501,3499,4185,4852,5474,6513,5328,5414,5454,5624,6030,3770,2680,1547,570,73,8640,40729,1269,1635,1934,2174,2106,1847,1862,2202,2543,2764,3474,2714,2697,2634,2777,2843,1627,1053,452,115,7,3254,41161,1131,1581,1806,1886,1854,1654,1637,1983,2309,2710,3039,2614,2717,2820,2847,3187,2143,1627,1095,455,66,5386
2026,2026-01-01,25210,252107,滋賀県,野洲市,city,25210,49362,1756,2189,2451,2555,2324,2685,2392,2670,3077,3537,4047,3315,2839,2508,2908,3501,2366,1373,648,192,29,4608,24646,936,1151,1313,1300,1254,1480,1253,1440,1547,1817,2039,1664,1431,1171,1359,1601,1089,554,208,36,3,1890,24716,820,1038,1138,1255,1070,1205,1139,1230,1530,1720,2008,1651,1408,1337,1549,1900,1277,819,440,156,26,2718
2026,2026-01-01,25211,252115,滋賀県,湖南市,city,25211,49698,1529,2052,2388,2413,2345,2330,2352,3008,3210,3512,4051,3360,3049,3036,3312,3569,2190,1187,604,182,19,4182,25554,768,1101,1231,1257,1237,1308,1298,1645,1738,1918,2236,1810,1515,1471,1609,1687,1001,503,173,44,4,1725,24144,761,951,1157,1156,1108,1022,1054,1363,1472,1594,1815,1550,1534,1565,1703,1882,1189,684,431,138,15,2457
2026,2026-01-01,25212,252123,滋賀県,高島市,city,25212,43557,1103,1466,1654,1861,1790,1540,1595,1916,2323,2615,3064,2911,3127,3306,3520,3815,2603,1789,1106,390,63,5951,21264,571,777,860,992,963,840,836,1011,1217,1294,1594,1406,1550,1639,1691,1839,1081,658,343,95,7,2184,22293,532,689,794,869,827,700,759,905,1106,1321,1470,1505,1577,1667,1829,1976,1522,1131,763,295,56,3767
2026,2026-01-01,25213,252131,滋賀県,東近江市,city,25213,105462,3476,4322,5130,5395,5272,4966,5003,5673,6494,7465,8135,6956,6562,6346,6923,7279,4683,3039,1702,549,92,10065,52442,1769,2184,2622,2825,2724,2625,2631,3031,3393,3830,4226,3574,3263,3101,3371,3449,2046,1174,480,115,9,3824,53020,1707,2138,2508,2570,2548,2341,2372,2642,3101,3635,3909,3382,3299,3245,3552,3830,2637,1865,1222,434,83,6241
2026,2026-01-01,25214,252140,滋賀県,米原市,city,25214,35804,1037,1492,1733,1687,1646,1444,1615,1869,2133,2367,2555,2471,2442,2354,2392,2444,1778,1293,754,258,40,4123,17584,543,777,865,872,877,792,821,958,1073,1261,1283,1233,1162,1207,1165,1167,763,479,229,53,4,1528,18220,494,715,868,815,769,652,794,911,1060,1106,1272,1238,1280,1147,1227,1277,1015,814,525,205,36,2595
2026,2026-01-01,25380,253804,滋賀県,蒲生郡,gun_agg,,30180,826,1178,1408,1536,1466,1154,1232,1514,1876,2002,2119,1842,2037,2072,2282,2410,1409,980,624,190,23,3226,15210,438,629,718,830,848,672,650,812,985,1077,1092,932,992,997,1090,1201,628,394,182,39,4,1247,14970,388,549,690,706,618,482,582,702,891,925,1027,910,1045,1075,1192,1209,781,586,442,151,19,1979
2026,2026-01-01,25383,253839,滋賀県,蒲生郡日野町,town,25383,19380,540,776,874,917,837,796,824,1007,1171,1277,1384,1191,1304,1331,1422,1525,936,675,442,134,17,2204,9664,285,422,440,492,427,439,441,530,610,690,720,610,634,643,686,763,404,271,124,30,3,832,9716,255,354,434,425,410,357,383,477,561,587,664,581,670,688,736,762,532,404,318,104,14,1372
2026,2026-01-01,25384,253847,滋賀県,蒲生郡竜王町,town,25384,10800,286,402,534,619,629,358,408,507,705,725,735,651,733,741,860,885,473,305,182,56,6,1022,5546,153,207,278,338,421,233,209,282,375,387,372,322,358,354,404,438,224,123,58,9,1,415,5254,133,195,256,281,208,125,199,225,330,338,363,329,375,387,456,447,249,182,124,47,5,607
2026,2026-01-01,25420,254207,滋賀県,愛知郡,gun_agg,,19592,678,884,1216,1218,970,949,896,1133,1388,1524,1543,1253,1068,1037,1050,1181,735,482,300,73,14,1604,9730,347,436,605,614,511,480,485,559,710,810,808,661,529,504,500,573,309,184,85,17,3,598,9862,331,448,611,604,459,469,411,574,678,714,735,592,539,533,550,608,426,298,215,56,11,1006
2026,2026-01-01,25425,254258,滋賀県,愛知郡愛荘町,town,25425,19592,678,884,1216,1218,970,949,896,1133,1388,1524,1543,1253,1068,1037,1050,1181,735,482,300,73,14,1604,9730,347,436,605,614,511,480,485,559,710,810,808,661,529,504,500,573,309,184,85,17,3,598,9862,331,448,611,604,459,469,411,574,678,714,735,592,539,533,550,608,426,298,215,56,11,1006
2026,2026-01-01,25440,254401,滋賀県,犬上郡,gun_agg,,20124,582,870,987,1041,965,746,811,1032,1200,1315,1492,1248,1141,1341,1453,1660,1012,689,377,142,20,2240,9774,303,460,505,512,475,375,436,504,627,674,786,638,556,641,688,794,439,229,112,18,2,800,10350,279,410,482,529,490,371,375,528,573,641,706,610,585,700,765,866,573,460,265,124,18,1440
2026,2026-01-01,25441,254410,滋賀県,犬上郡豊郷町,town,25441,6774,212,275,377,407,348,281,284,361,441,481,551,398,355,439,448,519,297,161,92,41,6,597,3295,98,152,187,197,148,134,161,191,222,249,303,211,174,196,211,245,131,56,24,4,1,216,3479,114,123,190,210,200,147,123,170,219,232,248,187,181,243,237,274,166,105,68,37,5,381
2026,2026-01-01,25442,254428,滋賀県,犬上郡甲良町,town,25442,6179,126,192,261,300,313,240,220,257,322,382,495,417,395,462,484,546,346,236,138,42,5,767,2979,70,105,145,148,159,130,120,121,166,195,248,219,187,224,234,253,143,70,35,6,1,255,3200,56,87,116,152,154,110,100,136,156,187,247,198,208,238,250,293,203,166,103,36,4,512
2026,2026-01-01,25443,254436,滋賀県,犬上郡多賀町,town,25443,7171,244,403,349,334,304,225,307,414,437,452,446,433,391,440,521,595,369,292,147,59,9,876,3500,135,203,173,167,168,111,155,192,239,230,235,208,195,221,243,296,165,103,53,8,0,329,3671,109,200,176,167,136,114,152,222,198,222,211,225,196,219,278,299,204,189,94,51,9,547
2026,2026-01-01,26000,260002,京都府,,pref,,2366519,69258,88160,100207,110893,122003,112230,107056,118245,136861,161739,196696,170649,151802,132239,142089,181154,124789,81697,43471,13115,2166,265238,1128848,35582,45105,51390,57095,62140,55993,53292,58776,67350,79955,97219,84051,73707,63474,65328,80116,51769,30543,13039,2666,258,98275,1237671,33676,43055,48817,53798,59863,56237,53764,59469,69511,81784,99477,86598,78095,68765,76761,101038,73020,51154,30432,10449,1908,166963
2026,2026-01-01,26100,261009,京都府,京都市,city_agg,,1301939,36471,45502,51791,57709,71834,69933,63565,66931,76417,89479,108040,96120,85212,71208,73413,95341,66001,44599,24155,7058,1160,142973,613396,18645,23329,26670,29553,35990,34164,31168,32747,37022,43467,52484,46731,40959,34044,33654,41804,26360,16032,7062,1375,136,50965,688543,17826,22173,25121,28156,35844,35769,32397,34184,39395,46012,55556,49389,44253,37164,39759,53537,39641,28567,17093,5683,1024,92008
2026,2026-01-01,26101,261017,京都府,京都市北区,ward,26100,101898,2705,3671,4151,4882,5960,4099,3945,4577,5563,6704,8196,7681,7345,6202,6113,7834,5312,3878,2268,698,114,12270,47630,1359,1869,2170,2486,3100,2011,1900,2161,2676,3280,3957,3665,3508,2943,2855,3406,2127,1345,627,164,21,4284,54268,1346,1802,1981,2396,2860,2088,2045,2416,2887,3424,4239,4016,3837,3259,3258,4428,3185,2533,1641,534,93,7986
2026,2026-01-01,26102,261025,京都府,京都市上京区,ward,26100,69787,1529,2130,2577,3293,4947,3587,3185,3357,4028,4851,5620,5040,4662,3915,3746,4919,3524,2681,1625,476,95,8401,31726,758,1075,1333,1688,2448,1643,1485,1580,1874,2193,2611,2335,2209,1781,1762,2169,1307,919,441,102,13,2782,38061,771,1055,1244,1605,2499,1944,1700,1777,2154,2658,3009,2705,2453,2134,1984,2750,2217,1762,1184,374,82,5619
2026,2026-01-01,26103,261033,京都府,京都市左京区,ward,26100,139475,3761,5132,5914,6851,8939,6018,5379,6660,7883,9449,10941,9953,9002,8124,8331,10640,7306,5063,2941,1030,158,16498,65435,1903,2524,3013,3582,4935,3008,2671,3195,3741,4463,5209,4715,4235,3873,3822,4664,2959,1873,864,166,20,5882,74040,1858,2608,2901,3269,4004,3010,2708,3465,4142,4986,5732,5238,4767,4251,4509,5976,4347,3190,2077,864,138,10616
2026,2026-01-01,26104,261041,京都府,京都市中京区,ward,26100,100766,2847,3406,3966,4035,5339,6064,5836,5802,6823,7762,8531,7457,6546,5339,5007,6282,4280,3025,1789,523,107,9724,45656,1447,1732,2007,2028,2546,2747,2731,2711,3047,3540,3947,3455,3032,2482,2209,2786,1613,997,496,89,14,3209,55110,1400,1674,1959,2007,2793,3317,3105,3091,3776,4222,4584,4002,3514,2857,2798,3496,2667,2028,1293,434,93,6515
2026,2026-01-01,26105,261050,京都府,京都市東山区,ward,26100,30146,571,776,989,1103,1697,1542,1338,1475,1720,2014,2267,2162,2072,1821,1814,2623,1769,1316,793,241,43,4162,13599,301,411,547,530,687,693,616,741,799,999,1108,1031,981,871,815,1149,680,393,204,38,5,1320,16547,270,365,442,573,1010,849,722,734,921,1015,1159,1131,1091,950,999,1474,1089,923,589,203,38,2842
2026,2026-01-01,26106,261068,京都府,京都市下京区,ward,26100,72682,1908,2387,2633,2584,4043,5418,4751,4797,5112,5797,6184,5172,4296,3603,3206,4150,2903,2052,1272,361,53,6641,33387,992,1210,1356,1361,1884,2505,2223,2235,2389,2708,2927,2457,1969,1731,1462,1751,1110,683,366,63,5,2227,39295,916,1177,1277,1223,2159,2913,2528,2562,2723,3089,3257,2715,2327,1872,1744,2399,1793,1369,906,298,48,4414
2026,2026-01-01,26107,261076,京都府,京都市南区,ward,26100,93710,3106,3292,3607,3789,5129,7029,6211,5771,5832,6279,7424,6452,5816,4604,4951,6073,3888,2661,1374,367,55,8345,46482,1600,1647,1841,1997,2597,3695,3282,3035,3047,3177,3827,3276,2899,2336,2407,2795,1620,933,394,74,3,3024,47228,1506,1645,1766,1792,2532,3334,2929,2736,2785,3102,3597,3176,2917,2268,2544,3278,2268,1728,980,293,52,5321
2026,2026-01-01,26108,261084,京都府,京都市右京区,ward,26100,182804,5430,6628,7296,7979,9332,9336,8943,9593,10617,12393,15287,13515,12392,10067,10253,13130,9434,6667,3392,973,147,20613,86031,2747,3513,3742,4072,4549,4461,4333,4603,5158,6118,7431,6650,5936,4897,4701,5782,3685,2428,1027,183,15,7338,96773,2683,3115,3554,3907,4783,4875,4610,4990,5459,6275,7856,6865,6456,5170,5552,7348,5749,4239,2365,790,132,13275
2026,2026-01-01,26109,261092,京都府,京都市伏見区,ward,26100,250462,7020,8654,9860,11410,13224,13468,11863,12285,14310,17010,21422,18907,16244,13600,15011,19378,13027,8203,4242,1134,190,26796,120162,3547,4492,5092,5798,6698,6853,5986,6196,7372,8515,10696,9486,7950,6522,6809,8530,5209,2907,1263,221,20,9620,130300,3473,4162,4768,5612,6526,6615,5877,6089,6938,8495,10726,9421,8294,7078,8202,10848,7818,5296,2979,913,170,17176
2026,2026-01-01,26110,261106,京都府,京都市山科区,ward,26100,121836,3336,3949,4605,5181,6153,6526,5823,5760,6621,8151,10579,9406,7851,6205,6925,10026,7347,4497,2213,595,87,14739,57450,1744,2051,2365,2607,2963,3160,2925,2920,3123,4045,5159,4639,3872,2969,3138,4305,2946,1739,637,132,11,5465,64386,1592,1898,2240,2574,3190,3366,2898,2840,3498,4106,5420,4767,3979,3236,3787,5721,4401,2758,1576,463,76,9274
2026,2026-01-01,26111,261114,京都府,京都市西京区,ward,26100,138373,4258,5477,6193,6602,7071,6846,6291,6854,7908,9069,11589,10375,8986,7728,8056,10286,7211,4556,2246,660,111,14784,65838,2247,2805,3204,3404,3583,3388,3016,3370,3796,4429,5612,5022,4368,3639,3674,4467,3104,1815,743,143,9,5814,72535,2011,2672,2989,3198,3488,3458,3275,3484,4112,4640,5977,5353,4618,4089,4382,5819,4107,2741,1503,517,102,8970
2026,2026-01-01,26201,262013,京都府,福知山市,city,26201,72273,2525,3106,3376,3442,3355,3231,3252,3857,4171,4660,5714,4724,4405,4403,4490,5414,3564,2404,1504,582,94,8148,35966,1278,1570,1716,1783,1905,1803,1791,2044,2191,2466,3039,2414,2206,2160,2193,2447,1503,894,427,117,19,2960,36307,1247,1536,1660,1659,1450,1428,1461,1813,1980,2194,2675,2310,2199,2243,2297,2967,2061,1510,1077,465,75,5188
2026,2026-01-01,26202,262021,京都府,舞鶴市,city,26202,72716,2136,2724,3269,3717,3371,3088,3061,3353,3953,4816,5851,4757,4435,4347,4624,6193,4022,2768,1598,551,82,9021,36131,1057,1306,1639,1973,1997,1761,1681,1842,2086,2612,3097,2507,2207,2144,2198,2751,1651,1013,490,109,10,3273,36585,1079,1418,1630,1744,1374,1327,1380,1511,1867,2204,2754,2250,2228,2203,2426,3442,2371,1755,1108,442,72,5748
2026,2026-01-01,26203,262030,京都府,綾部市,city,26203,29745,746,1073,1148,1318,1194,1052,1001,1297,1476,1814,2294,1960,1807,1943,2267,2768,1898,1399,889,347,54,4587,14393,385,548,583,672,647,594,540,670,776,946,1160,1010,923,934,1049,1266,850,508,270,58,4,1690,15352,361,525,565,646,547,458,461,627,700,868,1134,950,884,1009,1218,1502,1048,891,619,289,50,2897
2026,2026-01-01,26204,262048,京都府,宇治市,city,26204,174221,5156,6307,7570,8834,9005,7527,7199,8023,9185,11856,15436,13074,11074,9474,10765,13956,9812,6202,2901,753,112,19780,83441,2661,3206,3949,4608,4620,3782,3621,3989,4577,5845,7640,6479,5359,4485,4838,6092,4124,2449,923,182,12,7690,90780,2495,3101,3621,4226,4385,3745,3578,4034,4608,6011,7796,6595,5715,4989,5927,7864,5688,3753,1978,571,100,12090
2026,2026-01-01,26205,262056,京都府,宮津市,city,26205,15376,312,413,537,617,493,387,424,534,699,829,1072,1004,1090,1244,1383,1611,1107,848,546,195,31,2727,7334,174,220,287,311,260,200,229,281,363,425,534,506,547,605,690,729,474,291,160,45,3,973,8042,138,193,250,306,233,187,195,253,336,404,538,498,543,639,693,882,633,557,386,150,28,1754
2026,2026-01-01,26206,262064,京都府,亀岡市,city,26206,84018,2614,3310,3829,4161,3832,3316,3552,4170,4963,5692,6440,5618,5374,5406,6071,6903,4423,2600,1289,400,55,8767,40772,1318,1708,1989,2138,2004,1671,1796,2106,2475,2882,3294,2740,2550,2586,2853,3176,1956,1048,410,68,4,3486,43246,1296,1602,1840,2023,1828,1645,1756,2064,2488,2810,3146,2878,2824,2820,3218,3727,2467,1552,879,332,51,5281
2026,2026-01-01,26207,262072,京都府,城陽市,city,26207,71627,2091,2600,2953,3251,3185,2867,2877,3266,3938,4909,6137,4924,4163,3743,4791,6847,4898,2657,1182,301,47,9085,34421,1108,1355,1541,1671,1568,1434,1428,1637,1959,2455,3103,2522,2033,1711,2094,3031,2178,1127,391,69,6,3771,37206,983,1245,1412,1580,1617,1433,1449,1629,1979,2454,3034,2402,2130,2032,2697,3816,2720,1530,791,232,41,5314
2026,2026-01-01,26208,262081,京都府,向日市,city,26208,55198,1926,2602,2602,2681,2625,2349,2585,2975,3436,3979,4896,4086,3362,2709,2862,3905,2831,1739,809,206,33,5618,26411,1022,1324,1309,1379,1282,1158,1251,1465,1687,1993,2360,2045,1668,1311,1278,1683,1188,700,256,45,7,2196,28787,904,1278,1293,1302,1343,1191,1334,1510,1749,1986,2536,2041,1694,1398,1584,2222,1643,1039,553,161,26,3422
2026,2026-01-01,26209,262099,京都府,長岡京市,city,26209,80813,3173,3681,3875,4052,3840,3652,3869,4535,5165,5862,6979,5801,4772,3785,4162,5516,3975,2533,1193,338,55,8094,39038,1660,1853,1961,2091,1950,1887,1895,2268,2502,2938,3494,2866,2394,1819,1842,2398,1694,1044,393,79,10,3220,41775,1513,1828,1914,1961,1890,1765,1974,2267,2663,2924,3485,2935,2378,1966,2320,3118,2281,1489,800,259,45,4874
2026,2026-01-01,26210,262102,京都府,八幡市,city,26210,64965,1653,2201,2707,3178,3024,2434,2542,2787,3527,4508,5742,4893,4089,3696,4613,5909,4043,2201,956,232,30,7462,31301,859,1156,1313,1642,1543,1226,1259,1410,1774,2244,2895,2504,2000,1770,2064,2583,1789,911,311,47,1,3059,33664,794,1045,1394,1536,1481,1208,1283,1377,1753,2264,2847,2389,2089,1926,2549,3326,2254,1290,645,185,29,4403
2026,2026-01-01,26211,262111,京都府,京田辺市,city,26211,70135,2599,3405,3861,4247,4074,2842,2939,3670,4298,5289,6422,4761,3953,3158,3581,4629,3405,1892,881,192,37,6407,34171,1373,1753,1969,2197,2102,1435,1459,1876,2085,2601,3185,2391,1979,1517,1578,1997,1563,788,282,38,3,2674,35964,1226,1652,1892,2050,1972,1407,1480,1794,2213,2688,3237,2370,1974,1641,2003,2632,1842,1104,599,154,34,3733
2026,2026-01-01,26212,262129,京都府,京丹後市,city,26212,48510,1305,1732,1964,2071,1738,1521,1745,2038,2414,2724,3563,3370,3575,3532,3691,4269,3022,2164,1390,559,123,7258,23470,680,874,997,1075,923,824,926,1064,1273,1423,1892,1675,1824,1775,1776,1970,1215,767,382,125,10,2499,25040,625,858,967,996,815,697,819,974,1141,1301,1671,1695,1751,1757,1915,2299,1807,1397,1008,434,113,4759
2026,2026-01-01,26213,262137,京都府,南丹市,city,26213,28386,666,984,1182,1280,1271,960,1114,1346,1574,1664,1898,1867,1978,1997,2258,2417,1635,1173,797,278,47,3930,13806,339,546,591,673,690,483,582,709,791,845,982,910,1002,977,1126,1123,702,411,254,61,9,1437,14580,327,438,591,607,581,477,532,637,783,819,916,957,976,1020,1132,1294,933,762,543,217,38,2493
2026,2026-01-01,26214,262145,京都府,木津川市,city,26214,77597,2681,4127,4573,4776,3900,2684,3064,4179,5256,6130,6560,5050,4326,4025,4479,5319,3299,1873,941,312,43,6468,37357,1375,2136,2324,2485,1969,1302,1459,1999,2555,2949,3259,2474,2033,1924,2003,2460,1539,758,292,59,3,2651,40240,1306,1991,2249,2291,1931,1382,1605,2180,2701,3181,3301,2576,2293,2101,2476,2859,1760,1115,649,253,40,3817
2026,2026-01-01,26300,263001,京都府,乙訓郡,gun_agg,,16331,844,883,712,753,697,699,846,1044,1107,1148,1277,1012,898,766,810,1067,805,572,279,91,21,1768,7876,435,446,358,369,350,330,418,511,563,598,646,491,437,387,357,484,339,232,93,27,5,696,8455,409,437,354,384,347,369,428,533,544,550,631,521,461,379,453,583,466,340,186,64,16,1072
2026,2026-01-01,26303,263036,京都府,乙訓郡大山崎町,town,26303,16331,844,883,712,753,697,699,846,1044,1107,1148,1277,1012,898,766,810,1067,805,572,279,91,21,1768,7876,435,446,358,369,350,330,418,511,563,598,646,491,437,387,357,484,339,232,93,27,5,696,8455,409,437,354,384,347,369,428,533,544,550,631,521,461,379,453,583,466,340,186,64,16,1072
2026,2026-01-01,26320,263206,京都府,久世郡,gun_agg,,13816,358,467,612,730,695,587,498,544,780,988,1293,941,749,705,921,1345,819,516,203,58,7,1603,6765,183,227,324,375,377,327,254,275,407,502,665,487,380,339,409,577,361,210,70,14,2,657,7051,175,240,288,355,318,260,244,269,373,486,628,454,369,366,512,768,458,306,133,44,5,946
2026,2026-01-01,26322,263222,京都府,久世郡久御山町,town,26322,13816,358,467,612,730,695,587,498,544,780,988,1293,941,749,705,921,1345,819,516,203,58,7,1603,6765,183,227,324,375,377,327,254,275,407,502,665,487,380,339,409,577,361,210,70,14,2,657,7051,175,240,288,355,318,260,244,269,373,486,628,454,369,366,512,768,458,306,133,44,5,946
2026,2026-01-01,26340,263401,京都府,綴喜郡,gun_agg,,14573,364,473,578,625,632,524,515,639,810,864,1118,1137,1080,1012,1150,1259,840,552,302,83,16,1793,7141,186,249,300,354,328,273,279,330,431,443,577,569,537,487,550,560,356,215,101,16,0,688,7432,178,224,278,271,304,251,236,309,379,421,541,568,543,525,600,699,484,337,201,67,16,1105
2026,2026-01-01,26343,263435,京都府,綴喜郡井手町,town,26343,6541,167,191,221,260,283,264,239,278,358,389,493,497,480,447,506,571,390,279,165,50,13,897,3171,88,102,119,151,153,140,126,142,195,186,261,255,235,214,235,246,157,102,52,12,0,323,3370,79,89,102,109,130,124,113,136,163,203,232,242,245,233,271,325,233,177,113,38,13,574
2026,2026-01-01,26344,263443,京都府,綴喜郡宇治田原町,town,26344,8032,197,282,357,365,349,260,276,361,452,475,625,640,600,565,644,688,450,273,137,33,3,896,3970,98,147,181,203,175,133,153,188,236,257,316,314,302,273,315,314,199,113,49,4,0,365,4062,99,135,176,162,174,127,123,173,216,218,309,326,298,292,329,374,251,160,88,29,3,531
2026,2026-01-01,26360,263605,京都府,相楽郡,gun_agg,,41897,1006,1588,1907,2156,2127,1617,1420,1813,2212,2736,3602,3368,3049,2654,2920,3275,2189,1353,640,226,39,4447,20054,515,791,969,1096,1055,822,718,884,1062,1360,1721,1651,1460,1285,1373,1488,1007,560,180,53,4,1804,21843,491,797,938,1060,1072,795,702,929,1150,1376,1881,1717,1589,1369,1547,1787,1182,793,460,173,35,2643
2026,2026-01-01,26364,263648,京都府,相楽郡笠置町,town,26364,1029,7,14,16,16,15,20,29,29,41,43,62,72,78,95,120,132,93,88,39,18,2,240,485,3,8,4,8,6,10,16,20,24,25,38,40,35,39,55,65,39,34,11,4,1,89,544,4,6,12,8,9,10,13,9,17,18,24,32,43,56,65,67,54,54,28,14,1,151
2026,2026-01-01,26365,263656,京都府,相楽郡和束町,town,26365,3235,32,72,84,93,102,75,66,111,134,179,225,179,243,278,374,410,235,205,100,32,6,578,1515,20,32,49,44,53,46,30,59,65,103,111,98,112,133,161,187,104,79,22,7,0,212,1720,12,40,35,49,49,29,36,52,69,76,114,81,131,145,213,223,131,126,78,25,6,366
2026,2026-01-01,26366,263664,京都府,相楽郡精華町,town,26366,35352,938,1455,1758,1993,1953,1480,1279,1599,1941,2391,3165,2983,2559,2073,2162,2464,1645,914,423,149,28,3159,16971,475,727,886,1017,963,738,647,769,924,1170,1500,1445,1237,1011,1020,1114,768,395,126,36,3,1328,18381,463,728,872,976,990,742,632,830,1017,1221,1665,1538,1322,1062,1142,1350,877,519,297,113,25,1831
2026,2026-01-01,26367,263672,京都府,相楽郡南山城村,village,26367,2281,29,47,49,54,57,42,46,74,96,123,150,134,169,208,264,269,216,146,78,27,3,470,1083,17,24,30,27,33,28,25,36,49,62,72,68,76,102,137,122,96,52,21,6,0,175,1198,12,23,19,27,24,14,21,38,47,61,78,66,93,106,127,147,120,94,57,21,3,295
2026,2026-01-01,26400,264008,京都府,船井郡,gun_agg,,11796,174,283,372,432,402,342,330,366,506,653,832,788,904,914,1114,1294,872,649,396,144,29,2090,5671,92,149,185,206,204,195,179,198,271,349,423,399,453,454,553,619,358,236,114,28,6,742,6125,82,134,187,226,198,147,151,168,235,304,409,389,451,460,561,675,514,413,282,116,23,1348
2026,2026-01-01,26407,264075,京都府,船井郡京丹波町,town,26407,11796,174,283,372,432,402,342,330,366,506,653,832,788,904,914,1114,1294,872,649,396,144,29,2090,5671,92,149,185,206,204,195,179,198,271,349,423,399,453,454,553,619,358,236,114,28,6,742,6125,82,134,187,226,198,147,151,168,235,304,409,389,451,460,561,675,514,413,282,116,23,1348
2026,2026-01-01,26460,264601,京都府,与謝郡,gun_agg,,20587,458,699,789,863,709,618,658,878,974,1139,1530,1394,1507,1518,1724,1917,1329,1003,620,209,51,3212,9933,237,359,416,444,376,322,359,471,500,612,769,680,756,760,850,878,562,349,178,51,4,1144,10654,221,340,373,419,333,296,299,407,474,527,761,714,751,758,874,1039,767,654,442,158,47,2068
2026,2026-01-01,26463,264636,京都府,与謝郡伊根町,town,26463,1808,45,71,59,48,48,45,53,79,89,83,89,95,125,131,204,198,121,109,87,23,6,346,892,20,41,30,30,31,28,32,39,54,45,53,46,64,61,119,93,43,34,24,5,0,106,916,25,30,29,18,17,17,21,40,35,38,36,49,61,70,85,105,78,75,63,18,6,240
2026,2026-01-01,26465,264652,京都府,与謝郡与謝野町,town,26465,18779,413,628,730,815,661,573,605,799,885,1056,1441,1299,1382,1387,1520,1719,1208,894,533,186,45,2866,9041,217,318,386,414,345,294,327,432,446,567,716,634,692,699,731,785,519,315,154,46,4,1038,9738,196,310,344,401,316,279,278,367,439,489,725,665,690,688,789,934,689,579,379,140,41,1828
2026,2026-01-01,27000,270008,大阪府,,pref,,8405797,273482,317168,349933,376525,430979,480550,457781,459525,500887,569561,712321,634984,533822,428995,456341,567116,417238,272748,127580,33394,4866,855826,4029317,140381,162540,178568,192453,216161,236070,226544,228909,249679,282345,353946,315648,263318,208137,212008,249058,168911,100515,37005,6546,575,313552,4376480,133101,154628,171365,184072,214818,244480,231237,230616,251208,287216,358375,319336,270504,220858,244333,318058,248327,172233,90575,26848,4291,542274
2026,2026-01-01,27100,271004,大阪府,大阪市,city_agg,,2584445,80699,89227,96015,99816,136402,192162,173303,162134,169265,179879,211729,187819,159584,126870,129231,154524,109767,76208,38256,10140,1415,235786,1248137,41521,45725,49072,50991,66692,93815,85221,80434,85078,90084,106452,94561,79630,63120,62825,70569,43835,26170,10322,1847,173,82347,1336308,39178,43502,46943,48825,69710,98347,88082,81700,84187,89795,105277,93258,79954,63750,66406,83955,65932,50038,27934,8293,1242,153439
2026,2026-01-01,27102,271021,大阪府,大阪市都島区,ward,27100,102228,3103,3553,4060,4087,5507,7709,6646,6465,6971,7399,8206,6987,6090,5372,5582,6112,3906,2628,1400,392,53,8379,48819,1557,1843,2139,2064,2685,3753,3197,3139,3428,3677,4047,3483,2926,2474,2655,2855,1572,871,369,78,7,2897,53409,1546,1710,1921,2023,2822,3956,3449,3326,3543,3722,4159,3504,3164,2898,2927,3257,2334,1757,1031,314,46,5482
2026,2026-01-01,27103,271039,大阪府,大阪市福島区,ward,27100,79606,2986,3258,3134,2844,4258,7078,6705,6122,6384,6411,6558,4996,4121,3047,2980,3512,2409,1603,921,243,36,5212,37877,1596,1637,1604,1457,2042,3394,3189,2859,3160,3134,3241,2499,1994,1491,1349,1478,948,518,238,44,5,1753,41729,1390,1621,1530,1387,2216,3684,3516,3263,3224,3277,3317,2497,2127,1556,1631,2034,1461,1085,683,199,31,3459
2026,2026-01-01,27104,271047,大阪府,大阪市此花区,ward,27100,60453,1744,2093,2528,2609,2870,3363,3184,3182,3608,4140,5257,4791,4091,3296,3479,4093,2854,2085,920,239,27,6125,29372,883,1022,1277,1388,1485,1689,1609,1636,1811,2067,2692,2485,2042,1666,1709,1838,1109,697,217,48,2,2073,31081,861,1071,1251,1221,1385,1674,1575,1546,1797,2073,2565,2306,2049,1630,1770,2255,1745,1388,703,191,25,4052
2026,2026-01-01,27106,271063,大阪府,大阪市西区,ward,27100,104329,3670,4033,4092,3297,6008,11223,9637,8813,9347,8807,8278,6234,4715,3555,3541,3915,2458,1629,820,215,42,5164,48759,1851,2079,2091,1655,2876,5237,4336,4042,4385,4210,4014,3016,2257,1653,1606,1718,972,536,193,25,7,1733,55570,1819,1954,2001,1642,3132,5986,5301,4771,4962,4597,4264,3218,2458,1902,1935,2197,1486,1093,627,190,35,3431
2026,2026-01-01,27107,271071,大阪府,大阪市港区,ward,27100,74779,1931,2311,2561,3040,4143,5634,4571,4166,4459,4781,6209,5593,4883,3907,4006,4868,3647,2535,1220,274,40,7716,36399,1018,1243,1275,1505,2056,2795,2304,2095,2330,2400,3161,2847,2445,1954,2033,2166,1504,889,338,37,4,2772,38380,913,1068,1286,1535,2087,2839,2267,2071,2129,2381,3048,2746,2438,1953,1973,2702,2143,1646,882,237,36,4944
2026,2026-01-01,27108,271080,大阪府,大阪市大正区,ward,27100,58500,1408,1833,2088,2413,3009,3236,2748,2889,3094,3681,4915,4517,3932,3329,3837,4739,3295,2218,1001,277,41,6832,28592,723,920,1068,1223,1518,1611,1373,1555,1575,1873,2575,2348,2035,1638,1894,2220,1335,755,296,53,4,2443,29908,685,913,1020,1190,1491,1625,1375,1334,1519,1808,2340,2169,1897,1691,1943,2519,1960,1463,705,224,37,4389
2026,2026-01-01,27109,271098,大阪府,大阪市天王寺区,ward,27100,78687,3323,3952,3921,3578,3540,4995,5157,5513,6097,6210,6300,5495,4723,3683,3388,3586,2340,1627,925,303,31,5226,36280,1737,2009,2035,1815,1710,2254,2351,2514,2832,2885,2878,2558,2177,1727,1552,1567,844,530,240,59,6,1679,42407,1586,1943,1886,1763,1830,2741,2806,2999,3265,3325,3422,2937,2546,1956,1836,2019,1496,1097,685,244,25,3547
2026,2026-01-01,27111,271110,大阪府,大阪市浪速区,ward,27100,65220,1426,1353,1322,1277,5240,9942,7406,5854,5030,4274,4251,3479,2855,2277,2496,2840,1835,1281,604,153,25,3898,33387,734,736,688,625,2312,4901,3728,3057,2799,2423,2438,1956,1568,1204,1340,1467,764,455,166,24,2,1411,31833,692,617,634,652,2928,5041,3678,2797,2231,1851,1813,1523,1287,1073,1156,1373,1071,826,438,129,23,2487
2026,2026-01-01,27113,271136,大阪府,大阪市西淀川区,ward,27100,91597,2572,3008,3414,4053,5496,6671,5593,5038,5260,6272,8022,6924,5671,4531,4836,5791,4060,2745,1276,325,39,8445,44799,1297,1526,1721,2078,2686,3231,2829,2576,2658,3170,4217,3584,2875,2258,2396,2690,1635,962,349,58,3,3007,46798,1275,1482,1693,1975,2810,3440,2764,2462,2602,3102,3805,3340,2796,2273,2440,3101,2425,1783,927,267,36,5438
2026,2026-01-01,27114,271144,大阪府,大阪市東淀川区,ward,27100,162909,4753,4686,5322,6186,9534,13600,11920,10313,10264,10840,13017,11838,9865,7934,8207,9630,7064,4920,2327,618,71,15000,80443,2430,2401,2709,3157,4712,6871,6170,5517,5432,5648,6744,6071,4964,4054,4034,4338,2810,1664,595,109,13,5191,82466,2323,2285,2613,3029,4822,6729,5750,4796,4832,5192,6273,5767,4901,3880,4173,5292,4254,3256,1732,509,58,9809
2026,2026-01-01,27115,271152,大阪府,大阪市東成区,ward,27100,79018,2423,2547,2759,2921,4786,7336,6034,5184,4888,5311,6274,5317,4588,3656,3769,4355,3049,2205,1242,334,40,6870,37107,1236,1300,1427,1509,2211,3250,2819,2448,2410,2613,3088,2673,2222,1777,1772,2019,1203,742,330,52,6,2333,41911,1187,1247,1332,1412,2575,4086,3215,2736,2478,2698,3186,2644,2366,1879,1997,2336,1846,1463,912,282,34,4537
2026,2026-01-01,27116,271161,大阪府,大阪市生野区,ward,27100,96528,2866,3069,3404,3812,5297,6993,5710,5345,5294,5770,7286,7016,6193,5089,5304,6613,5099,3794,2003,500,71,11467,46630,1529,1571,1727,1949,2607,3454,2834,2696,2798,2881,3754,3499,3103,2616,2609,3056,1999,1314,539,86,9,3947,49898,1337,1498,1677,1863,2690,3539,2876,2649,2496,2889,3532,3517,3090,2473,2695,3557,3100,2480,1464,414,62,7520
2026,2026-01-01,27117,271179,大阪府,大阪市旭区,ward,27100,87938,2926,3087,3189,3316,4223,5764,5302,5037,5269,5687,6917,6272,5623,4656,4825,6064,4370,3170,1729,444,68,9781,42093,1529,1561,1645,1715,2045,2799,2630,2457,2701,2843,3512,3148,2767,2281,2361,2768,1686,1053,483,99,10,3331,45845,1397,1526,1544,1601,2178,2965,2672,2580,2568,2844,3405,3124,2856,2375,2464,3296,2684,2117,1246,345,58,6450
2026,2026-01-01,27118,271187,大阪府,大阪市城東区,ward,27100,163461,5604,6266,6599,7121,7878,10056,9851,9658,10705,11835,14210,12233,10064,8035,8152,9954,7190,4829,2516,627,78,15240,77592,2883,3216,3377,3661,3859,4803,4834,4764,5219,5859,6944,5966,4923,3852,3789,4402,2766,1679,682,109,5,5241,85869,2721,3050,3222,3460,4019,5253,5017,4894,5486,5976,7266,6267,5141,4183,4363,5552,4424,3150,1834,518,73,9999
2026,2026-01-01,27119,271195,大阪府,大阪市阿倍野区,ward,27100,107094,3674,4733,5111,4742,5107,5902,5870,6251,7021,7675,8707,7772,7162,5815,5300,6216,4395,3183,1818,560,80,10036,49490,1918,2459,2640,2391,2455,2723,2745,2919,3333,3635,4170,3574,3346,2757,2450,2677,1662,1042,476,105,13,3298,57604,1756,2274,2471,2351,2652,3179,3125,3332,3688,4040,4537,4198,3816,3058,2850,3539,2733,2141,1342,455,67,6738
2026,2026-01-01,27120,271209,大阪府,大阪市住吉区,ward,27100,145646,4636,5160,5620,6030,7231,8673,8716,8159,8572,9599,11787,11248,10049,7648,7786,9397,6957,4904,2591,753,130,15335,68109,2375,2630,2782,3040,3615,4204,4214,4071,4180,4699,5660,5446,4822,3679,3612,4025,2658,1584,655,140,18,5055,77537,2261,2530,2838,2990,3616,4469,4502,4088,4392,4900,6127,5802,5227,3969,4174,5372,4299,3320,1936,613,112,10280
2026,2026-01-01,27121,271217,大阪府,大阪市東住吉区,ward,27100,127615,4303,4852,4889,5133,6314,7826,7434,7317,7522,8081,10106,9564,8553,6847,6576,8290,6197,4580,2448,680,103,14008,60652,2248,2445,2474,2591,3067,3625,3656,3581,3781,3983,5025,4785,4298,3430,3181,3687,2451,1553,664,118,9,4795,66963,2055,2407,2415,2542,3247,4201,3778,3736,3741,4098,5081,4779,4255,3417,3395,4603,3746,3027,1784,562,94,9213
2026,2026-01-01,27122,271225,大阪府,大阪市西成区,ward,27100,87858,1517,1787,2190,2650,3265,4143,3899,3847,4550,5085,7283,7280,6726,6098,7219,8628,5720,3702,1763,450,56,11691,51334,767,909,1164,1388,1760,2270,2178,2197,2721,3013,4459,4603,4314,4035,4790,5401,3068,1627,587,76,7,5365,36524,750,878,1026,1262,1505,1873,1721,1650,1829,2072,2824,2677,2412,2063,2429,3227,2652,2075,1176,374,49,6326
2026,2026-01-01,27123,271233,大阪府,大阪市淀川区,ward,27100,175166,5090,5373,5755,6009,11012,16704,13633,11656,11988,12242,14363,12064,9870,7961,8047,9697,6658,4179,2162,619,84,13702,87160,2591,2834,2975,3136,5583,8569,7046,6127,6240,6356,7500,6288,4973,3958,3744,4390,2681,1452,584,118,15,4850,88006,2499,2539,2780,2873,5429,8135,6587,5529,5748,5886,6863,5776,4897,4003,4303,5307,3977,2727,1578,501,69,8852
2026,2026-01-01,27124,271241,大阪府,大阪市鶴見区,ward,27100,108827,4244,4771,5416,5746,5496,5944,6207,6469,6780,7955,9628,8494,6732,5020,4811,5766,4382,3146,1415,358,47,9348,51653,2170,2430,2759,2960,2669,2851,2979,3129,3327,3897,4662,4153,3306,2452,2190,2446,1652,1126,419,74,2,3273,57174,2074,2341,2657,2786,2827,3093,3228,3340,3453,4058,4966,4341,3426,2568,2621,3320,2730,2020,996,284,45,6075
2026,2026-01-01,27125,271250,大阪府,大阪市住之江区,ward,27100,109711,2632,3487,4176,4628,4687,5104,5137,5427,6373,7273,9019,8543,7575,6638,7501,9131,6028,3992,1844,452,64,12380,52801,1384,1736,2173,2350,2407,2612,2649,2748,3277,3653,4568,4329,3714,3121,3507,4166,2466,1386,474,74,7,4407,56910,1248,1751,2003,2278,2280,2492,2488,2679,3096,3620,4451,4214,3861,3517,3994,4965,3562,2606,1370,378,57,7973
2026,2026-01-01,27126,271268,大阪府,大阪市平野区,ward,27100,176293,5177,5767,6831,7766,8963,10263,9300,8716,9029,10500,15155,15116,13047,9144,8971,11835,9679,7083,3174,686,91,20713,83416,2639,2998,3461,4065,4413,5086,4612,4412,4518,5234,7383,7348,6443,4574,4230,5068,3581,2366,837,137,11,6932,92877,2538,2769,3370,3701,4550,5177,4688,4304,4511,5266,7772,7768,6604,4570,4741,6767,6098,4717,2337,549,80,13781
2026,2026-01-01,27127,271276,大阪府,大阪市北区,ward,27100,134240,4814,4751,4278,3705,6735,12435,11927,11110,11373,11046,11282,9218,7237,5487,5078,5815,3723,2537,1285,348,56,7949,65185,2436,2449,2156,1855,3190,6258,5944,5498,5734,5651,5648,4558,3556,2655,2355,2497,1493,827,349,72,4,2745,69055,2378,2302,2122,1850,3545,6177,5983,5612,5639,5395,5634,4660,3681,2832,2723,3318,2230,1710,936,276,52,5204
2026,2026-01-01,27128,271284,大阪府,大阪市中央区,ward,27100,106742,3877,3497,3356,2853,5803,11568,10716,9603,9387,9005,8699,6828,5219,3845,3540,3677,2452,1633,852,290,42,5269,50188,1990,1771,1705,1414,2729,5575,4995,4397,4429,4280,4072,3344,2560,1814,1667,1630,976,542,242,52,4,1816,56554,1887,1726,1651,1439,3074,5993,5721,5206,4958,4725,4627,3484,2659,2031,1873,2047,1476,1091,610,238,38,3453
2026,2026-01-01,27140,271403,大阪府,堺市,city_agg,,787259,25327,30169,34407,38378,40479,39332,38272,39712,44470,53652,69246,58836,48478,39273,44187,57750,42593,26794,12141,3285,477,85290,374991,12787,15431,17583,19564,20600,19534,19050,19941,21909,26244,34433,29108,23801,18691,19927,24618,17387,10036,3673,614,60,31770,412268,12540,14738,16824,18814,19879,19798,19222,19771,22561,27408,34813,29728,24677,20582,24260,33132,25206,16758,8468,2671,417,53520
2026,2026-01-01,27141,271411,大阪府,堺市堺区,ward,27140,140821,4726,5040,5314,5760,7179,8800,8061,8165,8100,9424,11863,10406,9259,7425,7740,9545,6703,4313,2257,635,106,14014,68922,2372,2596,2713,2983,3747,4627,4148,4232,4174,4748,6081,5238,4747,3701,3679,4212,2647,1514,639,109,15,4924,71899,2354,2444,2601,2777,3432,4173,3913,3933,3926,4676,5782,5168,4512,3724,4061,5333,4056,2799,1618,526,91,9090
2026,2026-01-01,27142,271420,大阪府,堺市中区,ward,27140,114530,3707,4526,5444,5985,6202,5576,5381,5437,6371,7984,10253,8758,6975,5493,6424,8156,6214,3653,1544,404,43,11858,55221,1953,2320,2776,3098,3127,2759,2716,2752,3152,4022,5229,4341,3458,2616,2927,3452,2633,1379,427,76,8,4523,59309,1754,2206,2668,2887,3075,2817,2665,2685,3219,3962,5024,4417,3517,2877,3497,4704,3581,2274,1117,328,35,7335
2026,2026-01-01,27143,271438,大阪府,堺市東区,ward,27140,84233,3115,3584,3762,4077,3994,3759,4074,4348,4787,5714,6960,5929,5053,4230,4675,6406,4784,3135,1375,399,73,9766,40053,1605,1852,1924,2037,2043,1867,1999,2186,2327,2757,3451,2949,2416,2049,2114,2806,1942,1200,444,76,9,3671,44180,1510,1732,1838,2040,1951,1892,2075,2162,2460,2957,3509,2980,2637,2181,2561,3600,2842,1935,931,323,64,6095
2026,2026-01-01,27144,271446,大阪府,堺市西区,ward,27140,131788,4261,5230,6186,6991,7244,6532,6346,6590,7654,9212,12150,9975,7913,6465,7232,8669,6281,4146,2046,577,88,13138,63153,2118,2649,3170,3480,3680,3255,3172,3341,3764,4525,6059,5044,3923,3150,3340,3705,2587,1495,588,95,13,4778,68635,2143,2581,3016,3511,3564,3277,3174,3249,3890,4687,6091,4931,3990,3315,3892,4964,3694,2651,1458,482,75,8360
2026,2026-01-01,27145,271454,大阪府,堺市南区,ward,27140,126625,2861,4290,5272,6267,5822,4127,4009,4853,6361,8281,11190,9371,7938,6963,8792,12547,9288,5481,2251,574,86,17680,58187,1379,2230,2716,3196,2911,2004,1953,2321,3046,3867,5364,4473,3681,3078,3718,5197,3917,2245,762,124,5,7053,68438,1482,2060,2556,3071,2911,2123,2056,2532,3315,4414,5826,4898,4257,3885,5074,7350,5371,3236,1489,450,81,10627
2026,2026-01-01,27146,271462,大阪府,堺市北区,ward,27140,153571,5615,6147,6749,7405,8252,9108,9027,8758,9242,10537,13686,11815,9257,6882,7053,9389,7141,4803,2094,543,68,14649,72233,2792,3103,3405,3801,4146,4290,4398,4334,4504,5060,6646,5724,4576,3235,3148,3918,2700,1709,632,103,9,5153,81338,2823,3044,3344,3604,4106,4818,4629,4424,4738,5477,7040,6091,4681,3647,3905,5471,4441,3094,1462,440,59,9496
2026,2026-01-01,27147,271471,大阪府,堺市美原区,ward,27140,35691,1042,1352,1680,1893,1786,1430,1374,1561,1955,2500,3144,2582,2083,1815,2271,3038,2182,1263,574,153,13,4185,17222,568,681,879,969,946,732,664,775,942,1265,1603,1339,1000,862,1001,1328,961,494,181,31,1,1668,18469,474,671,801,924,840,698,710,786,1013,1235,1541,1243,1083,953,1270,1710,1221,769,393,122,12,2517
2026,2026-01-01,27202,272027,大阪府,岸和田市,city,27202,180774,6001,7046,8097,8783,9469,9078,8678,8803,9589,11340,14970,13991,12339,10196,10803,12672,9250,5990,2822,743,114,18919,86045,3046,3650,4125,4447,4869,4540,4419,4462,4786,5575,7262,6841,5915,4883,4987,5534,3704,2102,752,130,16,6704,94729,2955,3396,3972,4336,4600,4538,4259,4341,4803,5765,7708,7150,6424,5313,5816,7138,5546,3888,2070,613,98,12215
2026,2026-01-01,27203,272035,大阪府,豊中市,city,27203,397216,14545,17854,19246,19038,18544,19351,20110,22064,25359,28147,33502,29981,25471,19871,19829,24584,18500,12993,6288,1704,235,39720,187800,7422,9234,9908,9759,9173,9278,9655,10593,12420,13582,16250,14710,12343,9530,9075,10701,7125,4780,1872,366,24,14167,209416,7123,8620,9338,9279,9371,10073,10455,11471,12939,14565,17252,15271,13128,10341,10754,13883,11375,8213,4416,1338,211,25553
2026,2026-01-01,27204,272043,大阪府,池田市,city,27204,100394,3369,4163,4535,4858,5311,4980,4841,5381,5884,6802,8263,7508,6545,5345,5339,6689,4871,3351,1750,517,92,10581,47638,1691,2076,2269,2510,2734,2529,2403,2641,2894,3290,4008,3678,3154,2535,2420,2891,1970,1257,551,122,15,3915,52756,1678,2087,2266,2348,2577,2451,2438,2740,2990,3512,4255,3830,3391,2810,2919,3798,2901,2094,1199,395,77,6666
2026,2026-01-01,27205,272051,大阪府,吹田市,city,27205,378032,14771,16998,18366,17788,20345,21814,21784,22196,24806,26711,31505,27686,22512,17461,17998,22312,15571,10525,5288,1387,208,32979,179829,7657,8697,9375,9169,10267,10674,10543,10862,12052,12810,15377,13461,11090,8271,7925,9684,6283,3761,1569,274,28,11915,198203,7114,8301,8991,8619,10078,11140,11241,11334,12754,13901,16128,14225,11422,9190,10073,12628,9288,6764,3719,1113,180,21064
2026,2026-01-01,27206,272060,大阪府,泉大津市,city,27206,70238,2484,2668,2810,3224,3958,4010,3692,3493,3716,4536,6349,5870,4613,3632,3865,4661,3306,2102,979,234,36,6657,33382,1305,1340,1381,1683,1916,1979,1838,1762,1833,2218,3134,2842,2278,1770,1772,1959,1348,715,263,44,2,2372,36856,1179,1328,1429,1541,2042,2031,1854,1731,1883,2318,3215,3028,2335,1862,2093,2702,1958,1387,716,190,34,4285
2026,2026-01-01,27207,272078,大阪府,高槻市,city,27207,338681,11388,13237,14724,16072,16289,15345,15982,17230,19688,23215,29263,25498,20515,17180,18766,24743,19558,12470,5719,1562,237,39546,160947,5881,6879,7353,8261,8214,7458,7943,8481,9840,11380,14442,12660,9978,8151,8209,10520,8106,4984,1834,344,29,15297,177734,5507,6358,7371,7811,8075,7887,8039,8749,9848,11835,14821,12838,10537,9029,10557,14223,11452,7486,3885,1218,208,24249
2026,2026-01-01,27208,272086,大阪府,貝塚市,city,27208,78379,2058,2921,3630,4238,4364,3454,3176,3507,4230,5172,7012,6367,5529,4523,4649,5284,4000,2653,1258,318,36,8265,37608,1035,1508,1899,2152,2236,1737,1639,1715,2114,2469,3424,3174,2731,2183,2176,2369,1625,1007,365,45,5,3047,40771,1023,1413,1731,2086,2128,1717,1537,1792,2116,2703,3588,3193,2798,2340,2473,2915,2375,1646,893,273,31,5218
2026,2026-01-01,27209,272094,大阪府,守口市,city,27209,137146,5291,5273,4877,5366,6324,7919,8130,7524,7557,8659,11566,10749,9092,6860,7186,9451,7416,5103,2199,514,90,15322,66454,2752,2732,2552,2688,3233,3900,4060,3820,3897,4439,5883,5478,4595,3435,3438,4104,2824,1876,633,106,9,5448,70692,2539,2541,2325,2678,3091,4019,4070,3704,3660,4220,5683,5271,4497,3425,3748,5347,4592,3227,1566,408,81,9874
2026,2026-01-01,27210,272108,大阪府,枚方市,city,27210,383819,12280,14770,16926,19097,19149,16953,17324,18888,21857,26363,32950,29103,24583,20471,23024,28703,21039,12733,5792,1585,229,41378,182962,6370,7453,8632,9688,9627,8357,8537,9490,10699,12922,16223,14324,12041,9677,10522,12396,8814,5032,1790,338,30,16004,200857,5910,7317,8294,9409,9522,8596,8787,9398,11158,13441,16727,14779,12542,10794,12502,16307,12225,7701,4002,1247,199,25374
2026,2026-01-01,27211,272116,大阪府,茨木市,city,27211,280496,10898,12279,13486,14285,14736,14755,15506,16089,17505,20543,24358,20711,16311,13081,13836,17259,12392,7788,3534,993,151,24858,134764,5551,6256,6893,7292,7485,6996,7629,7977,8550,10144,11920,10304,8107,6263,6332,7499,5179,3078,1110,185,14,9566,145732,5347,6023,6593,6993,7251,7759,7877,8112,8955,10399,12438,10407,8204,6818,7504,9760,7213,4710,2424,808,137,15292
2026,2026-01-01,27212,272124,大阪府,八尾市,city,27212,247960,8344,9956,10509,11326,11789,11978,12097,12598,13703,16341,21427,19565,16559,12700,13724,17498,13849,8989,3931,917,160,27846,117657,4337,5040,5364,5752,6002,5913,5883,6265,6784,8128,10584,9705,8057,6104,6220,7439,5439,3286,1146,195,14,10080,130303,4007,4916,5145,5574,5787,6065,6214,6333,6919,8213,10843,9860,8502,6596,7504,10059,8410,5703,2785,722,146,17766
2026,2026-01-01,27213,272132,大阪府,泉佐野市,city,27213,95278,3059,3554,3901,4311,5810,5535,4851,4813,5272,6205,8189,7387,6326,5102,5414,6143,4579,3003,1453,342,29,9406,45572,1547,1866,1964,2256,2868,2636,2465,2446,2627,3148,4087,3639,3099,2467,2464,2716,1769,1056,402,48,2,3277,49706,1512,1688,1937,2055,2942,2899,2386,2367,2645,3057,4102,3748,3227,2635,2950,3427,2810,1947,1051,294,27,6129
2026,2026-01-01,27214,272141,大阪府,富田林市,city,27214,102040,2869,3751,4212,4647,4915,4363,4212,4538,5055,6209,8141,7817,7712,6550,6837,8267,5759,3768,1842,492,84,11945,47852,1445,1900,2168,2378,2429,2137,2078,2264,2444,3017,3910,3680,3552,3134,3139,3725,2357,1444,547,97,7,4452,54188,1424,1851,2044,2269,2486,2226,2134,2274,2611,3192,4231,4137,4160,3416,3698,4542,3402,2324,1295,395,77,7493
2026,2026-01-01,27215,272159,大阪府,寝屋川市,city,27215,219002,6771,7745,8875,9791,10095,10918,10409,10297,11676,14547,19679,17666,14136,11274,12809,17071,13080,7950,3366,754,93,25243,105274,3550,4006,4528,5005,5194,5469,5201,5231,5854,7311,9947,8882,7046,5543,5920,7247,5141,3009,1026,156,8,9340,113728,3221,3739,4347,4786,4901,5449,5208,5066,5822,7236,9732,8784,7090,5731,6889,9824,7939,4941,2340,598,85,15903
2026,2026-01-01,27216,272167,大阪府,河内長野市,city,27216,95340,2280,3057,3546,4027,3965,3367,3350,4070,4720,5534,7370,6915,6703,6714,7524,8896,6678,4124,1886,531,83,13302,44648,1169,1540,1834,2087,1959,1656,1652,2033,2306,2649,3563,3213,3112,3091,3548,3911,2876,1745,577,116,11,5325,50692,1111,1517,1712,1940,2006,1711,1698,2037,2414,2885,3807,3702,3591,3623,3976,4985,3802,2379,1309,415,72,7977
2026,2026-01-01,27217,272175,大阪府,松原市,city,27217,112776,3677,3985,4260,4886,5617,6065,5819,5464,5734,6674,9504,9316,7571,5838,6341,8456,6823,4500,1764,425,57,13569,53869,1918,2057,2154,2541,2832,2992,2919,2803,2890,3392,4729,4604,3751,2834,2879,3579,2728,1685,501,79,2,4995,58907,1759,1928,2106,2345,2785,3073,2900,2661,2844,3282,4775,4712,3820,3004,3462,4877,4095,2815,1263,346,55,8574
2026,2026-01-01,27218,272183,大阪府,大東市,city,27218,111040,3369,3980,4515,5317,6002,5817,5459,5525,5835,7449,9987,9281,7336,5490,6268,7935,5945,3699,1431,356,44,11475,53857,1735,2048,2294,2770,3094,2922,2766,2819,2966,3805,4942,4744,3657,2674,2853,3426,2368,1454,446,69,5,4342,57183,1634,1932,2221,2547,2908,2895,2693,2706,2869,3644,5045,4537,3679,2816,3415,4509,3577,2245,985,287,39,7133
2026,2026-01-01,27219,272191,大阪府,和泉市,city,27219,177329,5987,7283,8686,9701,9437,8223,7823,8840,10198,12064,15595,13745,11845,9665,10167,11881,8118,5062,2298,622,89,16189,85169,3122,3691,4418,4935,4905,4113,3870,4409,5049,5898,7650,6657,5822,4604,4631,5290,3384,1905,682,122,12,6105,92160,2865,3592,4268,4766,4532,4110,3953,4431,5149,6166,7945,7088,6023,5061,5536,6591,4734,3157,1616,500,77,10084
2026,2026-01-01,27220,272205,大阪府,箕面市,city,27220,136938,4946,6750,7804,7600,7125,5278,5906,7505,9056,10097,11501,9785,7959,6728,6902,8740,6463,4127,1984,583,99,13256,65366,2547,3458,3959,3930,3808,2593,2808,3599,4356,4939,5626,4712,3881,3126,3121,3716,2773,1665,597,141,11,5187,71572,2399,3292,3845,3670,3317,2685,3098,3906,4700,5158,5875,5073,4078,3602,3781,5024,3690,2462,1387,442,88,8069
2026,2026-01-01,27221,272213,大阪府,柏原市,city,27221,63861,1926,2199,2588,2888,3136,2991,2935,3267,3368,3949,5342,4877,4555,3692,3969,5049,3585,2282,984,243,36,7130,30446,975,1145,1307,1457,1594,1510,1503,1641,1706,1934,2677,2369,2178,1751,1850,2160,1471,897,272,48,1,2689,33415,951,1054,1281,1431,1542,1481,1432,1626,1662,2015,2665,2508,2377,1941,2119,2889,2114,1385,712,195,35,4441
2026,2026-01-01,27222,272221,大阪府,羽曳野市,city,27222,104713,3288,3762,4243,4834,5266,4891,4745,4887,5415,6621,8845,8343,7108,5826,6401,8058,6008,3874,1738,497,63,12180,49693,1703,1952,2159,2425,2683,2430,2414,2487,2704,3229,4365,4064,3461,2800,2856,3475,2439,1462,469,110,6,4486,55020,1585,1810,2084,2409,2583,2461,2331,2400,2711,3392,4480,4279,3647,3026,3545,4583,3569,2412,1269,387,57,7694
2026,2026-01-01,27223,272230,大阪府,門真市,city,27223,110423,2851,3146,3711,4530,5554,6505,5590,5212,5575,6929,10392,9596,7629,5471,6292,8394,6584,4361,1723,334,44,13046,54079,1462,1603,1905,2305,2869,3418,2931,2673,2950,3579,5334,4960,3915,2771,3016,3649,2597,1545,509,80,8,4739,56344,1389,1543,1806,2225,2685,3087,2659,2539,2625,3350,5058,4636,3714,2700,3276,4745,3987,2816,1214,254,36,8307
2026,2026-01-01,27224,272248,大阪府,摂津市,city,27224,84051,3232,3550,3494,3711,4233,4922,5010,5010,5288,5787,7373,6106,4628,3775,4296,5593,4350,2451,994,217,31,8043,41297,1601,1824,1783,1892,2129,2459,2532,2526,2726,3001,3831,3247,2364,1877,1958,2445,1777,983,299,41,2,3102,42754,1631,1726,1711,1819,2104,2463,2478,2484,2562,2786,3542,2859,2264,1898,2338,3148,2573,1468,695,176,29,4941
2026,2026-01-01,27225,272256,大阪府,高石市,city,27225,54680,1782,2248,2419,2632,2898,2740,2615,2820,3142,3475,4660,4281,3489,2953,3077,3817,2694,1839,834,234,31,5632,25934,889,1140,1214,1333,1471,1382,1302,1404,1554,1727,2268,2094,1684,1428,1376,1665,1063,677,214,45,4,2003,28746,893,1108,1205,1299,1427,1358,1313,1416,1588,1748,2392,2187,1805,1525,1701,2152,1631,1162,620,189,27,3629
2026,2026-01-01,27226,272264,大阪府,藤井寺市,city,27226,60642,1804,2198,2687,2933,3139,3049,2704,2946,3312,4020,5185,4831,4012,3328,3499,4326,3234,2134,985,282,34,6669,28698,931,1121,1422,1472,1521,1475,1355,1469,1618,1977,2580,2319,1950,1561,1614,1871,1289,793,298,57,5,2442,31944,873,1077,1265,1461,1618,1574,1349,1477,1694,2043,2605,2512,2062,1767,1885,2455,1945,1341,687,225,29,4227
2026,2026-01-01,27227,272272,大阪府,東大阪市,city,27227,453691,13796,15493,17340,20098,24265,25897,24103,23039,24899,29114,39767,36786,30572,23298,24595,31945,24148,15707,6998,1572,259,48684,219877,7121,7977,8839,10223,12337,12924,12213,11929,12878,14802,20127,18637,15319,11572,11441,13920,9615,5626,2013,323,41,17618,233814,6675,7516,8501,9875,11928,12973,11890,11110,12021,14312,19640,18149,15253,11726,13154,18025,14533,10081,4985,1249,218,31066
2026,2026-01-01,27228,272281,大阪府,泉南市,city,27228,56056,1711,2057,2513,2858,3007,2533,2443,2516,2906,3508,4786,4270,3739,3056,3552,4290,3243,1943,851,231,43,6311,26940,854,1062,1284,1443,1490,1240,1278,1275,1444,1804,2294,2177,1869,1469,1616,1887,1388,771,252,38,5,2454,29116,857,995,1229,1415,1517,1293,1165,1241,1462,1704,2492,2093,1870,1587,1936,2403,1855,1172,599,193,38,3857
2026,2026-01-01,27229,272299,大阪府,四條畷市,city,27229,52743,1749,2051,2246,2613,2977,2588,2541,2576,2809,3445,5034,4472,3338,2346,2693,3750,2904,1734,668,181,28,5515,25566,878,1041,1143,1363,1595,1274,1263,1298,1381,1756,2494,2235,1715,1162,1259,1571,1215,673,202,44,4,2138,27177,871,1010,1103,1250,1382,1314,1278,1278,1428,1689,2540,2237,1623,1184,1434,2179,1689,1061,466,137,24,3377
2026,2026-01-01,27230,272302,大阪府,交野市,city,27230,76484,2826,3286,3465,3727,3677,3303,3607,3864,4175,4980,6701,6040,4997,3880,4166,5335,4319,2699,1114,276,47,8455,36570,1405,1655,1795,1911,1867,1576,1797,1896,2061,2428,3285,2914,2491,1906,1925,2247,1800,1149,386,69,7,3411,39914,1421,1631,1670,1816,1810,1727,1810,1968,2114,2552,3416,3126,2506,1974,2241,3088,2519,1550,728,207,40,5044
2026,2026-01-01,27231,272311,大阪府,大阪狭山市,city,27231,56649,2086,2739,2767,2856,2729,2332,2476,3048,3395,3856,4729,3871,3457,3023,3255,3994,2958,1875,919,255,29,6036,26520,1053,1401,1401,1452,1371,1091,1182,1497,1693,1822,2292,1847,1621,1420,1473,1641,1236,688,291,44,4,2263,30129,1033,1338,1366,1404,1358,1241,1294,1551,1702,2034,2437,2024,1836,1603,1782,2353,1722,1187,628,211,25,3773
2026,2026-01-01,27232,272329,大阪府,阪南市,city,27232,48553,1001,1427,1970,2327,2236,1891,1669,1996,2379,3184,4074,3716,3403,3152,3717,4337,3255,1786,804,198,31,6074,23033,523,753,981,1178,1094,925,869,973,1168,1533,1999,1836,1639,1483,1670,1974,1418,724,253,36,4,2435,25520,478,674,989,1149,1142,966,800,1023,1211,1651,2075,1880,1764,1669,2047,2363,1837,1062,551,162,27,3639
2026,2026-01-01,27300,273007,大阪府,三島郡,gun_agg,,32888,1539,1632,1692,1552,1226,1292,1794,2053,2240,2315,2544,2147,1930,1651,1933,2276,1548,918,444,143,19,3072,15518,802,824,822,782,619,588,839,1020,1093,1149,1260,1026,922,748,835,1023,648,352,143,21,2,1166,17370,737,808,870,770,607,704,955,1033,1147,1166,1284,1121,1008,903,1098,1253,900,566,301,122,17,1906
2026,2026-01-01,27301,273015,大阪府,三島郡島本町,town,27301,32888,1539,1632,1692,1552,1226,1292,1794,2053,2240,2315,2544,2147,1930,1651,1933,2276,1548,918,444,143,19,3072,15518,802,824,822,782,619,588,839,1020,1093,1149,1260,1026,922,748,835,1023,648,352,143,21,2,1166,17370,737,808,870,770,607,704,955,1033,1147,1166,1284,1121,1008,903,1098,1253,900,566,301,122,17,1906
2026,2026-01-01,27320,273201,大阪府,豊能郡,gun_agg,,25969,389,565,680,798,760,591,680,862,1057,1253,1714,1849,1961,2218,2774,3367,2265,1311,639,205,31,4451,12437,207,290,335,409,405,320,362,434,528,649,839,909,941,1019,1336,1575,1014,599,219,45,2,1879,13532,182,275,345,389,355,271,318,428,529,604,875,940,1020,1199,1438,1792,1251,712,420,160,29,2572
2026,2026-01-01,27321,273210,大阪府,豊能郡豊能町,town,27321,17327,263,355,443,525,488,362,442,578,697,806,1127,1136,1257,1449,1864,2317,1688,942,433,135,20,3218,8254,141,195,223,270,263,195,235,295,344,398,558,576,578,645,866,1063,767,445,163,32,2,1409,9073,122,160,220,255,225,167,207,283,353,408,569,560,679,804,998,1254,921,497,270,103,18,1809
2026,2026-01-01,27322,273228,大阪府,豊能郡能勢町,town,27322,8642,126,210,237,273,272,229,238,284,360,447,587,713,704,769,910,1050,577,369,206,70,11,1233,4183,66,95,112,139,142,125,127,139,184,251,281,333,363,374,470,512,247,154,56,13,0,470,4459,60,115,125,134,130,104,111,145,176,196,306,380,341,395,440,538,330,215,150,57,11,763
2026,2026-01-01,27340,273406,大阪府,泉北郡,gun_agg,,15460,457,552,653,776,823,785,722,740,798,1026,1392,1238,984,821,899,1109,793,565,243,79,5,1685,7458,239,278,333,398,443,413,375,371,398,534,699,616,498,399,407,487,302,195,61,12,0,570,8002,218,274,320,378,380,372,347,369,400,492,693,622,486,422,492,622,491,370,182,67,5,1115
2026,2026-01-01,27341,273414,大阪府,泉北郡忠岡町,town,27341,15460,457,552,653,776,823,785,722,740,798,1026,1392,1238,984,821,899,1109,793,565,243,79,5,1685,7458,239,278,333,398,443,413,375,371,398,534,699,616,498,399,407,487,302,195,61,12,0,570,8002,218,274,320,378,380,372,347,369,400,492,693,622,486,422,492,622,491,370,182,67,5,1115
2026,2026-01-01,27360,273601,大阪府,泉南郡,gun_agg,,63343,1891,2513,2781,3311,3370,2426,2404,2781,3490,4098,5157,4655,4056,3652,4243,5240,3783,2104,1043,296,49,7275,30362,963,1306,1440,1753,1743,1248,1220,1351,1709,2015,2505,2279,2018,1690,1901,2356,1685,838,272,67,3,2865,32981,928,1207,1341,1558,1627,1178,1184,1430,1781,2083,2652,2376,2038,1962,2342,2884,2098,1266,771,229,46,4410
2026,2026-01-01,27361,273619,大阪府,泉南郡熊取町,town,27361,41569,1344,1825,1947,2245,2175,1585,1643,1948,2445,2762,3385,2982,2554,2325,2736,3382,2305,1236,547,168,30,4286,19933,676,945,1019,1173,1098,832,827,934,1189,1344,1627,1444,1257,1051,1211,1520,1079,513,155,36,3,1786,21636,668,880,928,1072,1077,753,816,1014,1256,1418,1758,1538,1297,1274,1525,1862,1226,723,392,132,27,2500
2026,2026-01-01,27362,273627,大阪府,泉南郡田尻町,town,27362,8074,271,350,384,549,652,428,378,364,428,562,692,602,426,371,366,479,376,223,133,34,6,772,4023,141,182,197,305,371,222,204,172,214,299,331,319,226,174,159,222,162,84,29,10,0,285,4051,130,168,187,244,281,206,174,192,214,263,361,283,200,197,207,257,214,139,104,24,6,487
2026,2026-01-01,27366,273660,大阪府,泉南郡岬町,town,27366,13700,276,338,450,517,543,413,383,469,617,774,1080,1071,1076,956,1141,1379,1102,645,363,94,13,2217,6406,146,179,224,275,274,194,189,245,306,372,547,516,535,465,531,614,444,241,88,21,0,794,7294,130,159,226,242,269,219,194,224,311,402,533,555,541,491,610,765,658,404,275,73,13,1423
2026,2026-01-01,27380,273805,大阪府,南河内郡,gun_agg,,31009,741,1084,1257,1532,1558,1117,1019,1237,1464,1862,2520,2310,2245,2029,2281,2717,2010,1233,618,147,28,4036,15068,387,581,680,799,793,569,530,618,720,962,1251,1142,1093,995,1092,1219,919,496,194,28,0,1637,15941,354,503,577,733,765,548,489,619,744,900,1269,1168,1152,1034,1189,1498,1091,737,424,119,28,2399
2026,2026-01-01,27381,273813,大阪府,南河内郡太子町,town,27381,12406,357,488,542,620,660,509,464,524,620,752,1022,957,936,760,836,993,696,417,195,49,9,1366,6074,187,262,291,321,335,254,244,263,299,394,500,479,480,367,394,455,309,175,51,14,0,549,6332,170,226,251,299,325,255,220,261,321,358,522,478,456,393,442,538,387,242,144,35,9,817
2026,2026-01-01,27382,273821,大阪府,南河内郡河南町,town,27382,14094,305,494,586,730,746,500,441,584,652,875,1154,1062,1042,936,1020,1118,873,586,304,70,16,1849,6892,166,275,321,386,379,266,224,290,321,449,584,516,495,471,510,497,394,235,103,10,0,742,7202,139,219,265,344,367,234,217,294,331,426,570,546,547,465,510,621,479,351,201,60,16,1107
2026,2026-01-01,27383,273830,大阪府,南河内郡千早赤阪村,village,27383,4509,79,102,129,182,152,108,114,129,192,235,344,291,267,333,425,606,441,230,119,28,3,821,2102,34,44,68,92,79,49,62,65,100,119,167,147,118,157,188,267,216,86,40,4,0,346,2407,45,58,61,90,73,59,52,64,92,116,177,144,149,176,237,339,225,144,79,24,3,475
2026,2026-01-01,28000,280003,兵庫県,,pref,,5212392,164164,203578,231147,245186,244357,236763,241110,267921,307222,350719,431380,381875,344118,305417,323091,376014,262786,172274,91577,27524,4169,558330,2487750,84205,104328,118343,125495,123759,117793,120075,134156,152366,172726,212433,187336,166623,145616,150252,167748,108044,63622,26624,5697,509,204496,2724642,79959,99250,112804,119691,120598,118970,121035,133765,154856,177993,218947,194539,177495,159801,172839,208266,154742,108652,64953,21827,3660,353834
2026,2026-01-01,28100,281000,兵庫県,神戸市,city_agg,,1422918,41442,52736,60989,65861,69887,67262,64771,72386,84668,96975,118771,104971,95339,84777,87391,101873,70896,47413,25818,7566,1126,152819,671226,21321,27028,31255,33737,34608,32691,31688,35677,41295,46782,57578,51178,45797,39946,40477,45260,28864,17001,7323,1572,148,54908,751692,20121,25708,29734,32124,35279,34571,33083,36709,43373,50193,61193,53793,49542,44831,46914,56613,42032,30412,18495,5994,978,97911
2026,2026-01-01,28101,281018,兵庫県,神戸市東灘区,ward,28100,201221,6488,8456,9445,9866,10045,9168,9149,10357,12414,14324,17598,16102,13993,11646,10777,12388,8448,5873,3431,1090,163,19005,93572,3378,4328,4891,5069,4940,4283,4361,4918,5803,6755,8155,7652,6742,5465,4890,5405,3299,2070,928,217,23,6537,107649,3110,4128,4554,4797,5105,4885,4788,5439,6611,7569,9443,8450,7251,6181,5887,6983,5149,3803,2503,873,140,12468
2026,2026-01-01,28102,281026,兵庫県,神戸市灘区,ward,28100,126440,4136,5163,5851,6135,7088,5997,6013,6768,8077,9195,11126,9547,8125,6563,6614,7705,5416,3801,2279,753,88,12337,58869,2144,2595,3013,3142,3701,2879,2812,3256,3819,4287,5257,4579,3916,3085,2971,3324,2102,1230,588,153,16,4089,67571,1992,2568,2838,2993,3387,3118,3201,3512,4258,4908,5869,4968,4209,3478,3643,4381,3314,2571,1691,600,72,8248
2026,2026-01-01,28105,281051,兵庫県,神戸市兵庫区,ward,28100,101861,2660,3014,3281,3691,5796,8048,6317,5693,6198,6574,8223,7338,6410,5403,5611,6723,4925,3417,1916,548,75,10881,49515,1392,1527,1674,1885,2778,4072,3254,2940,3155,3426,4194,3778,3316,2643,2779,3079,1869,1126,519,103,6,3623,52346,1268,1487,1607,1806,3018,3976,3063,2753,3043,3148,4029,3560,3094,2760,2832,3644,3056,2291,1397,445,69,7258
2026,2026-01-01,28106,281069,兵庫県,神戸市長田区,ward,28100,85700,2201,2478,2857,3364,4030,4706,4111,4205,4611,5224,6952,6424,5993,5115,5520,6799,4933,3588,1953,551,85,11110,41083,1117,1277,1487,1721,2051,2456,2210,2145,2361,2663,3518,3250,3033,2474,2664,3018,1881,1140,516,95,6,3638,44617,1084,1201,1370,1643,1979,2250,1901,2060,2250,2561,3434,3174,2960,2641,2856,3781,3052,2448,1437,456,79,7472
2026,2026-01-01,28107,281077,兵庫県,神戸市須磨区,ward,28100,149545,4530,5693,6218,6486,6428,5846,6179,7368,8325,9701,11732,10857,10083,9307,9706,12318,8896,5925,2996,830,121,18768,69235,2286,2943,3146,3253,3123,2774,2967,3532,4058,4613,5674,5209,4731,4324,4327,5364,3623,2207,880,183,18,6911,80310,2244,2750,3072,3233,3305,3072,3212,3836,4267,5088,6058,5648,5352,4983,5379,6954,5273,3718,2116,647,103,11857
2026,2026-01-01,28108,281085,兵庫県,神戸市垂水区,ward,28100,205744,5904,8563,10235,10350,9074,7673,7866,10113,12640,14080,17010,14587,13303,12041,12545,15081,11270,7790,4260,1179,180,24679,96298,3039,4400,5327,5327,4582,3822,3770,4912,6124,6812,8183,7056,6227,5598,5736,6512,4542,2779,1266,262,22,8871,109446,2865,4163,4908,5023,4492,3851,4096,5201,6516,7268,8827,7531,7076,6443,6809,8569,6728,5011,2994,917,158,15808
2026,2026-01-01,28109,281093,兵庫県,神戸市北区,ward,28100,202013,5716,7398,8775,10074,9325,7479,7905,9134,10812,12979,16810,14909,13753,12672,13637,16297,11748,7524,3780,1111,175,24338,96018,2986,3804,4449,5130,4715,3687,3877,4525,5352,6225,8324,7316,6579,6041,6327,7219,5014,2978,1186,261,23,9462,105995,2730,3594,4326,4944,4610,3792,4028,4609,5460,6754,8486,7593,7174,6631,7310,9078,6734,4546,2594,850,152,14876
2026,2026-01-01,28110,281107,兵庫県,神戸市中央区,ward,28100,125981,3932,3977,4131,4171,7058,9741,8648,8066,8665,9351,10543,8953,7860,6348,6413,7368,4851,3346,1913,548,98,10756,58432,1986,2013,2087,2107,3144,4398,4092,3974,4205,4467,4982,4360,3808,3015,2953,3240,1899,1089,493,105,15,3601,67549,1946,1964,2044,2064,3914,5343,4556,4092,4460,4884,5561,4593,4052,3333,3460,4128,2952,2257,1420,443,83,7155
2026,2026-01-01,28111,281115,兵庫県,神戸市西区,ward,28100,224413,5875,7994,10196,11724,11043,8604,8583,10682,12926,15547,18777,16254,15819,15682,16568,17194,10409,6149,3290,956,141,20945,108204,2993,4141,5181,6103,5574,4320,4345,5475,6418,7534,9291,7978,7445,7301,7830,8099,4635,2382,947,193,19,8176,116209,2882,3853,5015,5621,5469,4284,4238,5207,6508,8013,9486,8276,8374,8381,8738,9095,5774,3767,2343,763,122,12769
2026,2026-01-01,28201,282014,兵庫県,姫路市,city,28201,505179,17219,20601,23478,24764,24841,25478,24821,26827,29997,34135,42326,36098,32541,28129,29586,34505,24289,15423,7685,2102,334,49833,244550,8848,10495,12059,12760,12798,13206,12862,13794,15174,17278,21173,17841,15757,13599,13887,15188,9687,5582,2122,395,45,17831,260629,8371,10106,11419,12004,12043,12272,11959,13033,14823,16857,21153,18257,16784,14530,15699,19317,14602,9841,5563,1707,289,32002
2026,2026-01-01,28202,282022,兵庫県,尼崎市,city,28202,442298,15333,16152,16979,18103,20802,26402,26643,25194,26580,29975,37466,33557,28057,22538,23874,29652,21625,14452,6850,1814,250,44991,214098,7941,8317,8732,9151,10510,13210,13344,12759,13543,15186,19063,16913,14014,11087,11136,13075,8699,5115,1931,347,25,16117,228200,7392,7835,8247,8952,10292,13192,13299,12435,13037,14789,18403,16644,14043,11451,12738,16577,12926,9337,4919,1467,225,28874
2026,2026-01-01,28203,282031,兵庫県,明石市,city,28203,303142,13668,14877,14447,13395,12930,14990,17600,18746,19414,20022,23620,21105,18510,15408,16304,19762,14035,8666,4257,1222,164,28344,145974,6971,7652,7355,6859,6529,7486,8700,9465,9677,9937,11624,10415,8971,7482,7565,8761,5780,3237,1244,249,15,10525,157168,6697,7225,7092,6536,6401,7504,8900,9281,9737,10085,11996,10690,9539,7926,8739,11001,8255,5429,3013,973,149,17819
2026,2026-01-01,28204,282049,兵庫県,西宮市,city,28204,469982,16559,19862,22351,23928,24462,22287,22876,25128,28937,33633,42140,37766,31200,24505,23997,28528,19656,12962,6941,2001,263,41823,220751,8530,10038,11366,12272,12158,10395,10877,12108,13771,15704,19916,18473,15195,11614,10809,12414,7893,4686,2069,429,34,15111,249231,8029,9824,10985,11656,12304,11892,11999,13020,15166,17929,22224,19293,16005,12891,13188,16114,11763,8276,4872,1572,229,26712
2026,2026-01-01,28205,282057,兵庫県,洲本市,city,28205,39608,985,1301,1489,1695,1633,1465,1480,1621,2033,2556,3018,2681,2736,2699,3172,3700,2306,1566,1035,374,63,5344,18984,517,685,783,861,859,765,773,844,1015,1297,1523,1294,1348,1257,1516,1726,967,564,315,69,6,1921,20624,468,616,706,834,774,700,707,777,1018,1259,1495,1387,1388,1442,1656,1974,1339,1002,720,305,57,3423
2026,2026-01-01,28206,282065,兵庫県,芦屋市,city,28206,91089,2517,3440,4101,4573,3964,3053,3025,3782,5150,6201,8173,7683,6749,5765,5633,6812,4781,3221,1825,555,86,10468,40847,1274,1759,2058,2336,2011,1405,1325,1672,2361,2760,3659,3523,3059,2585,2455,2905,1883,1145,539,123,10,3700,50242,1243,1681,2043,2237,1953,1648,1700,2110,2789,3441,4514,4160,3690,3180,3178,3907,2898,2076,1286,432,76,6768
2026,2026-01-01,28207,282073,兵庫県,伊丹市,city,28207,196943,7435,8834,9270,9569,9372,9467,10297,11120,12210,14020,16905,14730,12411,9570,10245,12539,9118,6034,2940,766,91,18949,94789,3712,4434,4710,4990,4819,4767,5175,5553,6121,6983,8394,7289,6211,4574,4584,5443,3695,2249,896,178,12,7030,102154,3723,4400,4560,4579,4553,4700,5122,5567,6089,7037,8511,7441,6200,4996,5661,7096,5423,3785,2044,588,79,11919
2026,2026-01-01,28208,282081,兵庫県,相生市,city,28208,25945,608,925,1114,1158,965,905,942,1190,1404,1624,1997,1698,1694,1524,1898,2532,1794,1162,617,157,37,3767,12561,314,499,579,598,483,506,509,653,720,861,1013,855,835,737,876,1130,748,425,184,33,3,1393,13384,294,426,535,560,482,399,433,537,684,763,984,843,859,787,1022,1402,1046,737,433,124,34,2374
2026,2026-01-01,28209,282090,兵庫県,豊岡市,city,28209,72400,1862,2607,3198,3583,2850,2445,2695,3234,4079,4554,5436,4871,4862,5155,5511,5960,4062,2772,1895,639,130,9498,34909,909,1372,1638,1741,1492,1328,1378,1712,2104,2370,2812,2418,2335,2547,2583,2757,1697,1026,553,124,13,3413,37491,953,1235,1560,1842,1358,1117,1317,1522,1975,2184,2624,2453,2527,2608,2928,3203,2365,1746,1342,515,117,6085
2026,2026-01-01,28210,282103,兵庫県,加古川市,city,28210,251292,8185,9553,11328,12303,11995,11857,12077,13257,14896,17062,21230,18000,15661,14039,16054,18456,13093,7707,3476,941,122,25339,122600,4240,4995,5834,6301,6289,6183,6305,6895,7551,8656,10690,8854,7609,6590,7548,8188,5605,3067,979,202,19,9872,128692,3945,4558,5494,6002,5706,5674,5772,6362,7345,8406,10540,9146,8052,7449,8506,10268,7488,4640,2497,739,103,15467
2026,2026-01-01,28212,282120,兵庫県,赤穂市,city,28212,42870,1012,1419,1794,1996,1869,1625,1605,2061,2269,2721,3367,3076,2934,2788,3173,3676,2439,1728,973,292,53,5485,20659,505,727,939,1036,999,863,847,1084,1215,1374,1646,1532,1406,1367,1492,1669,965,649,276,63,5,1958,22211,507,692,855,960,870,762,758,977,1054,1347,1721,1544,1528,1421,1681,2007,1474,1079,697,229,48,3527
2026,2026-01-01,28213,282138,兵庫県,西脇市,city,28213,36172,913,1254,1588,1700,1464,1355,1400,1596,1897,2262,2842,2560,2522,2313,2575,2936,2179,1608,860,306,42,4995,17369,447,665,841,895,739,693,721,827,977,1122,1396,1296,1260,1111,1194,1368,864,606,284,61,2,1817,18803,466,589,747,805,725,662,679,769,920,1140,1446,1264,1262,1202,1381,1568,1315,1002,576,245,40,3178
2026,2026-01-01,28214,282146,兵庫県,宝塚市,city,28214,223120,6694,9199,10438,11083,10496,8699,8799,10544,12542,15198,19832,18252,15630,12878,12703,15687,11364,7732,3968,1205,177,24446,103015,3411,4681,5338,5500,5053,3889,4135,5036,5881,7097,9388,8670,7432,6013,5674,6686,4674,2945,1229,259,24,9131,120105,3283,4518,5100,5583,5443,4810,4664,5508,6661,8101,10444,9582,8198,6865,7029,9001,6690,4787,2739,946,153,15315
2026,2026-01-01,28215,282154,兵庫県,三木市,city,28215,69315,1713,2315,2856,3002,2868,2462,2501,2988,3747,4490,5426,4736,4479,4467,5346,6367,4771,2849,1407,463,62,9552,33373,909,1174,1455,1505,1504,1250,1245,1541,1938,2249,2814,2374,2148,2118,2471,2825,2062,1234,454,93,10,3853,35942,804,1141,1401,1497,1364,1212,1256,1447,1809,2241,2612,2362,2331,2349,2875,3542,2709,1615,953,370,52,5699
2026,2026-01-01,28216,282162,兵庫県,高砂市,city,28216,84186,2558,3282,3799,4232,4033,3848,3791,4403,4828,5620,6872,5876,5235,4807,5637,6719,4436,2605,1213,349,43,8646,40834,1344,1648,1892,2135,2145,2056,1998,2267,2434,2858,3459,2898,2525,2216,2634,2976,1916,1013,336,77,7,3349,43352,1214,1634,1907,2097,1888,1792,1793,2136,2394,2762,3413,2978,2710,2591,3003,3743,2520,1592,877,272,36,5297
2026,2026-01-01,28217,282171,兵庫県,川西市,city,28217,150118,4724,5764,6508,6933,6902,5905,6404,7141,8195,9524,12858,11821,9662,8107,8744,11298,9361,6441,2899,802,125,19628,70603,2431,3001,3310,3569,3344,2846,3034,3492,4006,4556,6288,5731,4720,3718,3957,4851,3854,2694,987,197,17,7749,79515,2293,2763,3198,3364,3558,3059,3370,3649,4189,4968,6570,6090,4942,4389,4787,6447,5507,3747,1912,605,108,11879
2026,2026-01-01,28218,282189,兵庫県,小野市,city,28218,44732,1267,1840,2126,2366,2166,1724,1874,2229,2634,3001,3740,3090,2796,2657,3058,3367,2320,1397,794,247,39,4797,21891,644,979,1130,1214,1158,917,946,1153,1322,1543,1855,1527,1387,1284,1435,1541,990,559,256,47,4,1856,22841,623,861,996,1152,1008,807,928,1076,1312,1458,1885,1563,1409,1373,1623,1826,1330,838,538,200,35,2941
2026,2026-01-01,28219,282197,兵庫県,三田市,city,28219,103823,2706,4149,5117,5192,4778,3858,4134,5301,6250,6540,7244,7363,8713,8557,8153,7134,4040,2486,1522,508,78,8634,50190,1340,2166,2611,2705,2502,1955,2061,2620,3072,3206,3511,3411,3995,4112,4044,3606,1805,932,409,117,10,3273,53633,1366,1983,2506,2487,2276,1903,2073,2681,3178,3334,3733,3952,4718,4445,4109,3528,2235,1554,1113,391,68,5361
2026,2026-01-01,28220,282201,兵庫県,加西市,city,28220,39134,937,1344,1592,1630,1589,1450,1502,1811,2104,2314,2931,2659,2732,2820,3230,3454,2245,1493,908,328,61,5035,19156,466,690,774,853,853,777,801,948,1120,1208,1526,1305,1336,1438,1527,1674,968,571,239,78,4,1860,19978,471,654,818,777,736,673,701,863,984,1106,1405,1354,1396,1382,1703,1780,1277,922,669,250,57,3175
2026,2026-01-01,28221,282219,兵庫県,丹波篠山市,city,28221,37421,1028,1371,1643,1628,1303,1191,1370,1706,2143,2260,2649,2436,2619,2784,3097,3224,2011,1547,984,373,54,4969,18079,549,700,850,837,693,630,692,867,1074,1177,1362,1194,1260,1370,1510,1537,836,560,291,79,11,1777,19342,479,671,793,791,610,561,678,839,1069,1083,1287,1242,1359,1414,1587,1687,1175,987,693,294,43,3192
2026,2026-01-01,28222,282227,兵庫県,養父市,city,28222,20320,511,725,803,895,747,582,657,843,1084,1173,1311,1227,1394,1633,1727,1849,1294,898,649,267,51,3159,9767,254,376,424,479,390,317,338,427,547,623,662,623,660,821,825,886,569,303,183,54,6,1115,10553,257,349,379,416,357,265,319,416,537,550,649,604,734,812,902,963,725,595,466,213,45,2044
2026,2026-01-01,28223,282235,兵庫県,丹波市,city,28223,57641,1582,2238,2566,2620,2277,2021,2233,2632,3114,3641,4059,3604,3724,4134,4520,4893,3297,2296,1513,584,93,7783,27744,801,1129,1294,1349,1197,1047,1198,1383,1602,1896,2054,1762,1770,1976,2165,2313,1397,848,429,127,7,2808,29897,781,1109,1272,1271,1080,974,1035,1249,1512,1745,2005,1842,1954,2158,2355,2580,1900,1448,1084,457,86,4975
2026,2026-01-01,28224,282243,兵庫県,南あわじ市,city,28224,42212,945,1586,1830,1937,1647,1204,1419,1886,2356,2641,3155,2779,2915,3030,3414,3868,2374,1663,1118,378,67,5600,20433,496,838,912,996,897,655,722,951,1178,1400,1622,1421,1411,1471,1632,1786,1018,590,345,84,8,2045,21779,449,748,918,941,750,549,697,935,1178,1241,1533,1358,1504,1559,1782,2082,1356,1073,773,294,59,3555
2026,2026-01-01,28225,282251,兵庫県,朝来市,city,28225,26765,698,1015,1168,1173,979,907,980,1170,1440,1653,1830,1752,1863,1946,2215,2252,1531,1079,736,311,67,3724,12896,351,500,593,603,533,479,512,606,753,856,928,912,898,931,1091,1066,613,397,207,58,9,1284,13869,347,515,575,570,446,428,468,564,687,797,902,840,965,1015,1124,1186,918,682,529,253,58,2440
2026,2026-01-01,28226,282260,兵庫県,淡路市,city,28226,39865,974,1402,1712,1672,1472,1221,1342,1879,2168,2519,2776,2542,2581,2832,3357,3653,2345,1726,1159,461,72,5763,19066,491,695,861,851,755,605,701,968,1103,1242,1430,1248,1229,1389,1673,1726,1001,658,340,94,6,2099,20799,483,707,851,821,717,616,641,911,1065,1277,1346,1294,1352,1443,1684,1927,1344,1068,819,367,66,3664
2026,2026-01-01,28227,282278,兵庫県,宍粟市,city,28227,32651,734,1024,1395,1540,1233,957,1023,1397,1780,2019,2426,2078,2260,2644,2918,2999,1803,1286,818,273,44,4224,15742,367,530,759,765,640,511,566,692,952,1056,1241,1010,1095,1275,1433,1394,727,418,250,58,3,1456,16909,367,494,636,775,593,446,457,705,828,963,1185,1068,1165,1369,1485,1605,1076,868,568,215,41,2768
2026,2026-01-01,28228,282286,兵庫県,加東市,city,28228,37061,1244,1596,1666,1805,1801,1521,1713,1941,2326,2515,2993,2548,2430,2332,2389,2496,1627,1170,695,219,34,3745,18323,630,838,830,908,949,785,896,1001,1219,1303,1572,1283,1234,1154,1143,1182,726,423,197,45,5,1396,18738,614,758,836,897,852,736,817,940,1107,1212,1421,1265,1196,1178,1246,1314,901,747,498,174,29,2349
2026,2026-01-01,28229,282294,兵庫県,たつの市,city,28229,70218,1995,2686,3294,3364,3107,2699,2627,3457,4140,4717,5684,4769,4515,4479,5094,5798,3957,2305,1155,329,47,7793,34067,1063,1374,1726,1741,1605,1399,1371,1801,2150,2403,2871,2332,2209,2145,2374,2641,1658,826,319,53,6,2862,36151,932,1312,1568,1623,1502,1300,1256,1656,1990,2314,2813,2437,2306,2334,2720,3157,2299,1479,836,276,41,4931
2026,2026-01-01,28300,283002,兵庫県,川辺郡,gun_agg,,27933,447,934,1322,1632,1397,718,676,1007,1435,1896,2422,2211,2003,2048,2333,2341,1578,875,448,185,25,3111,13289,223,480,663,823,727,345,332,463,684,888,1193,1080,947,948,1145,1079,738,358,138,33,2,1269,14644,224,454,659,809,670,373,344,544,751,1008,1229,1131,1056,1100,1188,1262,840,517,310,152,23,1842
2026,2026-01-01,28301,283011,兵庫県,川辺郡猪名川町,town,28301,27933,447,934,1322,1632,1397,718,676,1007,1435,1896,2422,2211,2003,2048,2333,2341,1578,875,448,185,25,3111,13289,223,480,663,823,727,345,332,463,684,888,1193,1080,947,948,1145,1079,738,358,138,33,2,1269,14644,224,454,659,809,670,373,344,544,751,1008,1229,1131,1056,1100,1188,1262,840,517,310,152,23,1842
2026,2026-01-01,28360,283606,兵庫県,多可郡,gun_agg,,17717,296,495,701,767,721,497,523,653,851,1007,1322,1235,1330,1391,1485,1644,1192,857,507,194,49,2799,8583,145,266,348,373,395,282,273,363,429,521,669,636,651,667,721,782,506,314,181,53,8,1062,9134,151,229,353,394,326,215,250,290,422,486,653,599,679,724,764,862,686,543,326,141,41,1737
2026,2026-01-01,28365,283657,兵庫県,多可郡多可町,town,28365,17717,296,495,701,767,721,497,523,653,851,1007,1322,1235,1330,1391,1485,1644,1192,857,507,194,49,2799,8583,145,266,348,373,395,282,273,363,429,521,669,636,651,667,721,782,506,314,181,53,8,1062,9134,151,229,353,394,326,215,250,290,422,486,653,599,679,724,764,862,686,543,326,141,41,1737
2026,2026-01-01,28380,283801,兵庫県,加古郡,gun_agg,,63685,2357,2853,3222,3052,2666,2603,2925,3491,3945,4343,5135,4166,3617,3535,4070,5077,3488,1958,909,232,41,6628,31033,1235,1437,1669,1617,1385,1347,1460,1791,2022,2214,2654,2073,1776,1658,1835,2244,1489,810,267,43,7,2616,32652,1122,1416,1553,1435,1281,1256,1465,1700,1923,2129,2481,2093,1841,1877,2235,2833,1999,1148,642,189,34,4012
2026,2026-01-01,28381,283819,兵庫県,加古郡稲美町,town,28381,29600,994,1260,1410,1374,1188,1056,1140,1483,1795,1967,2387,1946,1761,1797,2121,2640,1738,963,437,120,23,3281,14442,515,639,733,743,614,554,578,740,924,1016,1244,968,867,859,949,1187,756,401,126,26,3,1312,15158,479,621,677,631,574,502,562,743,871,951,1143,978,894,938,1172,1453,982,562,311,94,20,1969
2026,2026-01-01,28382,283827,兵庫県,加古郡播磨町,town,28382,34085,1363,1593,1812,1678,1478,1547,1785,2008,2150,2376,2748,2220,1856,1738,1949,2437,1750,995,472,112,18,3347,16591,720,798,936,874,771,793,882,1051,1098,1198,1410,1105,909,799,886,1057,733,409,141,17,4,1304,17494,643,795,876,804,707,754,903,957,1052,1178,1338,1115,947,939,1063,1380,1017,586,331,95,14,2043
2026,2026-01-01,28440,284408,兵庫県,神崎郡,gun_agg,,37856,926,1370,1637,1830,1600,1323,1426,1644,2091,2382,2786,2416,2613,2735,2981,3254,2218,1397,842,328,57,4842,18284,490,718,845,928,824,722,748,862,1047,1223,1406,1203,1293,1293,1431,1496,956,509,228,57,5,1755,19572,436,652,792,902,776,601,678,782,1044,1159,1380,1213,1320,1442,1550,1758,1262,888,614,271,52,3087
2026,2026-01-01,28442,284424,兵庫県,神崎郡市川町,town,28442,10304,167,284,411,427,358,293,318,426,546,604,719,655,770,919,967,987,668,446,222,105,12,1453,5009,90,146,207,223,183,168,171,227,279,310,371,318,377,445,481,462,304,162,61,22,2,551,5295,77,138,204,204,175,125,147,199,267,294,348,337,393,474,486,525,364,284,161,83,10,902
2026,2026-01-01,28443,284432,兵庫県,神崎郡福崎町,town,28443,17764,556,749,858,933,900,762,784,831,1058,1218,1405,1108,1076,1083,1153,1377,925,550,311,106,21,1913,8637,289,407,436,474,483,418,410,430,515,635,711,561,528,512,519,614,386,201,88,19,1,695,9127,267,342,422,459,417,344,374,401,543,583,694,547,548,571,634,763,539,349,223,87,20,1218
2026,2026-01-01,28446,284467,兵庫県,神崎郡神河町,town,28446,9788,203,337,368,470,342,268,324,387,487,560,662,653,767,733,861,890,625,401,309,117,24,1476,4638,111,165,202,231,158,136,167,205,253,278,324,324,388,336,431,420,266,146,79,16,2,509,5150,92,172,166,239,184,132,157,182,234,282,338,329,379,397,430,470,359,255,230,101,22,967
2026,2026-01-01,28460,284602,兵庫県,揖保郡,gun_agg,,32859,1125,1389,1652,1917,1715,1400,1421,1726,1917,2393,3016,2202,1822,1632,2043,2397,1660,893,407,111,21,3092,16091,557,713,874,1013,917,690,713,861,911,1260,1555,1110,921,771,914,1049,728,387,127,17,3,1262,16768,568,676,778,904,798,710,708,865,1006,1133,1461,1092,901,861,1129,1348,932,506,280,94,18,1830
2026,2026-01-01,28464,284645,兵庫県,揖保郡太子町,town,28464,32859,1125,1389,1652,1917,1715,1400,1421,1726,1917,2393,3016,2202,1822,1632,2043,2397,1660,893,407,111,21,3092,16091,557,713,874,1013,917,690,713,861,911,1260,1555,1110,921,771,914,1049,728,387,127,17,3,1262,16768,568,676,778,904,798,710,708,865,1006,1133,1461,1092,901,861,1129,1348,932,506,280,94,18,1830
2026,2026-01-01,28480,284807,兵庫県,赤穂郡,gun_agg,,13026,225,314,463,549,491,358,358,471,674,744,970,841,926,1087,1226,1405,949,536,322,102,15,1924,6356,116,164,254,303,254,199,192,252,373,373,492,422,456,549,563,677,411,200,87,19,0,717,6670,109,150,209,246,237,159,166,219,301,371,478,419,470,538,663,728,538,336,235,83,15,1207
2026,2026-01-01,28481,284815,兵庫県,赤穂郡上郡町,town,28481,13026,225,314,463,549,491,358,358,471,674,744,970,841,926,1087,1226,1405,949,536,322,102,15,1924,6356,116,164,254,303,254,199,192,252,373,373,492,422,456,549,563,677,411,200,87,19,0,717,6670,109,150,209,246,237,159,166,219,301,371,478,419,470,538,663,728,538,336,235,83,15,1207
2026,2026-01-01,28500,285005,兵庫県,佐用郡,gun_agg,,14005,232,380,488,532,438,348,412,490,636,834,899,827,1043,1272,1436,1414,891,732,490,180,31,2324,6748,109,197,259,269,249,200,215,265,324,455,480,407,506,615,708,687,383,256,123,36,5,803,7257,123,183,229,263,189,148,197,225,312,379,419,420,537,657,728,727,508,476,367,144,26,1521
2026,2026-01-01,28501,285013,兵庫県,佐用郡佐用町,town,28501,14005,232,380,488,532,438,348,412,490,636,834,899,827,1043,1272,1436,1414,891,732,490,180,31,2324,6748,109,197,259,269,249,200,215,265,324,455,480,407,506,615,708,687,383,256,123,36,5,803,7257,123,183,229,263,189,148,197,225,312,379,419,420,537,657,728,727,508,476,367,144,26,1521
2026,2026-01-01,28580,285803,兵庫県,美方郡,gun_agg,,26891,508,746,1023,1207,897,676,768,969,1288,1555,1753,1649,2000,2400,2502,2493,1761,1339,942,360,55,4457,12870,254,368,523,622,496,392,422,503,701,809,914,823,967,1188,1225,1160,672,465,287,74,5,1503,14021,254,378,500,585,401,284,346,466,587,746,839,826,1033,1212,1277,1333,1089,874,655,286,50,2954
2026,2026-01-01,28585,285854,兵庫県,美方郡香美町,town,28585,14640,262,401,564,633,521,376,415,508,672,819,983,945,1128,1275,1340,1302,994,761,513,194,34,2496,6994,132,192,294,322,295,216,229,261,372,421,513,483,551,618,679,590,370,259,148,47,2,826,7646,130,209,270,311,226,160,186,247,300,398,470,462,577,657,661,712,624,502,365,147,32,1670
2026,2026-01-01,28586,285862,兵庫県,美方郡新温泉町,town,28586,12251,246,345,459,574,376,300,353,461,616,736,770,704,872,1125,1162,1191,767,578,429,166,21,1961,5876,122,176,229,300,201,176,193,242,329,388,401,340,416,570,546,570,302,206,139,27,3,677,6375,124,169,230,274,175,124,160,219,287,348,369,364,456,555,616,621,465,372,290,139,18,1284
2026,2026-01-01,29000,290009,奈良県,,pref,,1272054,36723,47085,54278,59779,57549,50877,52902,61189,70782,81921,101383,91697,85217,78816,87028,102721,72632,47468,23662,7188,1157,152107,601201,18832,24101,27724,30392,29062,24982,25983,30209,34607,39876,49503,44095,40701,37104,40265,45506,30734,18620,7240,1516,149,58259,670853,17891,22984,26554,29387,28487,25895,26919,30980,36175,42045,51880,47602,44516,41712,46763,57215,41898,28848,16422,5672,1008,93848
2026,2026-01-01,29201,292010,奈良県,奈良市,city,29201,338978,9615,12439,14115,15036,15281,13428,14076,16350,19296,21681,27480,25086,23139,21015,22790,27025,19234,12938,6600,2029,325,41126,157933,4976,6382,7174,7559,7579,6513,6788,7982,9157,10445,13095,11781,10957,9861,10363,11857,7914,4998,2062,448,42,15464,181045,4639,6057,6941,7477,7702,6915,7288,8368,10139,11236,14385,13305,12182,11154,12427,15168,11320,7940,4538,1581,283,25662
2026,2026-01-01,29202,292028,奈良県,大和高田市,city,29202,60084,1515,1801,1994,2324,2551,2721,2816,2869,3026,3491,4686,4790,4939,4254,4265,4874,3486,2294,1086,261,41,7168,28207,753,913,1018,1174,1246,1336,1418,1453,1522,1723,2319,2235,2333,2029,2025,2104,1349,876,330,47,4,2606,31877,762,888,976,1150,1305,1385,1398,1416,1504,1768,2367,2555,2606,2225,2240,2770,2137,1418,756,214,37,4562
2026,2026-01-01,29203,292036,奈良県,大和郡山市,city,29203,80404,2143,2603,3255,3650,3683,3373,3297,3733,4384,5051,6711,5838,5215,4746,5694,6748,5044,3185,1521,432,98,10280,38012,1098,1307,1638,1899,1865,1665,1642,1872,2209,2495,3343,2795,2521,2228,2548,3003,2120,1224,453,77,10,3884,42392,1045,1296,1617,1751,1818,1708,1655,1861,2175,2556,3368,3043,2694,2518,3146,3745,2924,1961,1068,355,88,6396
2026,2026-01-01,29204,292044,奈良県,天理市,city,29204,58673,1748,2260,2644,3962,3503,2791,2720,2795,3136,3637,4373,4217,3807,3312,3690,4076,2737,1883,1027,307,48,6002,28628,925,1095,1364,2151,1851,1396,1386,1449,1532,1792,2233,2115,1886,1619,1721,1875,1126,710,316,79,7,2238,30045,823,1165,1280,1811,1652,1395,1334,1346,1604,1845,2140,2102,1921,1693,1969,2201,1611,1173,711,228,41,3764
2026,2026-01-01,29205,292052,奈良県,橿原市,city,29205,116168,3674,4328,4929,5404,5548,5601,5629,6136,6513,7890,9376,8463,7630,6546,7200,8584,6303,4054,1791,493,76,12717,54886,1814,2244,2452,2772,2760,2720,2780,3045,3211,3794,4596,4058,3621,3005,3313,3705,2654,1652,581,100,9,4996,61282,1860,2084,2477,2632,2788,2881,2849,3091,3302,4096,4780,4405,4009,3541,3887,4879,3649,2402,1210,393,67,7721
2026,2026-01-01,29206,292061,奈良県,桜井市,city,29206,52931,1511,1885,2202,2443,2280,2180,2336,2626,2969,3433,4004,3666,3657,3580,3740,4307,2820,1939,985,320,48,6112,25026,752,947,1139,1207,1203,1101,1133,1285,1497,1683,1917,1766,1741,1658,1764,1950,1178,747,286,67,5,2283,27905,759,938,1063,1236,1077,1079,1203,1341,1472,1750,2087,1900,1916,1922,1976,2357,1642,1192,699,253,43,3829
2026,2026-01-01,29207,292079,奈良県,五條市,city,29207,25622,412,626,884,1067,935,803,797,975,1242,1439,1722,1859,2101,2131,2357,2450,1587,1230,726,245,34,3822,12212,226,313,441,558,475,442,396,491,654,754,876,931,973,1023,1128,1187,648,429,207,55,5,1344,13410,186,313,443,509,460,361,401,484,588,685,846,928,1128,1108,1229,1263,939,801,519,190,29,2478
2026,2026-01-01,29208,292087,奈良県,御所市,city,29208,22094,365,537,632,786,788,787,758,812,958,1107,1539,1599,1736,1677,1975,2308,1675,1197,621,204,33,3730,10364,188,280,319,393,394,399,401,431,497,546,777,774,851,800,955,1027,665,426,188,47,6,1332,11730,177,257,313,393,394,388,357,381,461,561,762,825,885,877,1020,1281,1010,771,433,157,27,2398
2026,2026-01-01,29209,292095,奈良県,生駒市,city,29209,114452,3455,4799,5731,6154,5514,4104,4250,5308,6701,8096,10184,8451,7060,6479,6969,8873,6369,3618,1724,525,88,12324,54132,1759,2488,2931,3131,2783,1959,2017,2527,3159,3802,4876,4132,3421,3033,3168,3863,2866,1536,560,107,14,5083,60320,1696,2311,2800,3023,2731,2145,2233,2781,3542,4294,5308,4319,3639,3446,3801,5010,3503,2082,1164,418,74,7241
2026,2026-01-01,29210,292109,奈良県,香芝市,city,29210,77190,2891,3467,4108,4453,4178,3426,3680,4048,4620,5603,7002,5757,4765,3728,4023,4768,3339,2133,870,285,46,6673,36813,1531,1737,2132,2161,2121,1614,1774,1958,2202,2685,3463,2752,2336,1752,1836,2081,1479,854,266,72,7,2678,40377,1360,1730,1976,2292,2057,1812,1906,2090,2418,2918,3539,3005,2429,1976,2187,2687,1860,1279,604,213,39,3995
2026,2026-01-01,29211,292117,奈良県,葛城市,city,29211,37105,1508,1865,2014,2055,1600,1452,1790,2148,2350,2656,2872,2359,2011,1969,2213,2693,1861,1041,474,155,19,3550,17768,784,974,1036,1061,801,730,876,1047,1165,1260,1427,1128,928,926,1041,1186,833,410,127,26,2,1398,19337,724,891,978,994,799,722,914,1101,1185,1396,1445,1231,1083,1043,1172,1507,1028,631,347,129,17,2152
2026,2026-01-01,29212,292125,奈良県,宇陀市,city,29212,25659,388,678,883,977,935,690,641,883,1241,1420,1754,1519,1828,2190,2623,2891,1885,1287,677,228,41,4118,12320,208,363,455,503,497,367,334,458,636,707,873,766,896,1036,1255,1385,815,504,209,47,6,1581,13339,180,315,428,474,438,323,307,425,605,713,881,753,932,1154,1368,1506,1070,783,468,181,35,2537
2026,2026-01-01,29320,293202,奈良県,山辺郡,gun_agg,,2928,35,62,81,110,82,62,59,80,133,171,169,150,184,259,352,380,213,163,129,44,10,559,1405,18,31,42,57,43,34,28,43,68,101,86,77,96,126,176,180,98,60,30,10,1,199,1523,17,31,39,53,39,28,31,37,65,70,83,73,88,133,176,200,115,103,99,34,9,360
2026,2026-01-01,29322,293229,奈良県,山辺郡山添村,village,29322,2928,35,62,81,110,82,62,59,80,133,171,169,150,184,259,352,380,213,163,129,44,10,559,1405,18,31,42,57,43,34,28,43,68,101,86,77,96,126,176,180,98,60,30,10,1,199,1523,17,31,39,53,39,28,31,37,65,70,83,73,88,133,176,200,115,103,99,34,9,360
2026,2026-01-01,29340,293407,奈良県,生駒郡,gun_agg,,73839,2307,2872,3113,3382,3054,2785,2949,3600,4109,4897,5752,5232,4602,4442,4921,6329,4746,2927,1382,392,46,9493,35007,1153,1460,1611,1733,1537,1406,1451,1780,2040,2423,2810,2571,2154,2114,2243,2733,2120,1176,420,70,2,3788,38832,1154,1412,1502,1649,1517,1379,1498,1820,2069,2474,2942,2661,2448,2328,2678,3596,2626,1751,962,322,44,5705
2026,2026-01-01,29342,293423,奈良県,生駒郡平群町,town,29342,17779,480,576,667,716,745,526,606,751,845,1065,1361,1261,1181,1172,1270,1768,1445,837,378,112,17,2789,8352,238,290,344,381,375,254,310,377,398,537,640,608,543,553,571,781,641,364,125,21,1,1152,9427,242,286,323,335,370,272,296,374,447,528,721,653,638,619,699,987,804,473,253,91,16,1637
2026,2026-01-01,29343,293431,奈良県,生駒郡三郷町,town,29343,21916,679,832,920,1050,996,979,930,1115,1205,1474,1814,1611,1311,1227,1415,1768,1292,767,396,121,14,2590,10478,334,419,482,550,529,498,450,567,606,711,907,795,639,593,645,740,595,285,110,22,1,1013,11438,345,413,438,500,467,481,480,548,599,763,907,816,672,634,770,1028,697,482,286,99,13,1577
2026,2026-01-01,29344,293440,奈良県,生駒郡斑鳩町,town,29344,27650,1019,1261,1327,1381,1108,1050,1148,1412,1704,1947,2130,1891,1635,1499,1684,2152,1609,1068,492,122,11,3302,13084,523,649,684,687,526,543,549,677,845,951,1033,935,771,705,762,932,701,433,158,20,0,1312,14566,496,612,643,694,582,507,599,735,859,996,1097,956,864,794,922,1220,908,635,334,102,11,1990
2026,2026-01-01,29345,293458,奈良県,生駒郡安堵町,town,29345,6494,129,203,199,235,205,230,265,322,355,411,447,469,475,544,552,641,400,255,116,37,4,812,3093,58,102,101,115,107,111,142,159,191,224,230,233,201,263,265,280,183,94,27,7,0,311,3401,71,101,98,120,98,119,123,163,164,187,217,236,274,281,287,361,217,161,89,30,4,501
2026,2026-01-01,29360,293601,奈良県,磯城郡,gun_agg,,44695,1514,1685,1789,1998,1923,1759,2061,2245,2488,2837,3411,2991,2767,2718,3198,3740,2732,1745,815,242,37,5571,21404,761,866,935,1003,985,836,1042,1120,1246,1439,1706,1482,1313,1282,1517,1655,1181,703,269,55,8,2216,23291,753,819,854,995,938,923,1019,1125,1242,1398,1705,1509,1454,1436,1681,2085,1551,1042,546,187,29,3355
2026,2026-01-01,29361,293610,奈良県,磯城郡川西町,town,29361,7770,166,282,336,359,345,258,282,319,415,554,628,506,479,484,592,718,536,307,155,45,4,1047,3741,83,149,184,166,178,130,152,166,198,280,331,247,223,229,280,309,236,129,59,11,1,436,4029,83,133,152,193,167,128,130,153,217,274,297,259,256,255,312,409,300,178,96,34,3,611
2026,2026-01-01,29362,293628,奈良県,磯城郡三宅町,town,29362,6232,167,219,205,256,240,214,237,285,311,346,469,495,409,423,465,561,464,306,119,35,6,930,2992,89,117,105,123,123,100,113,149,169,173,240,256,195,199,223,239,207,114,44,12,2,379,3240,78,102,100,133,117,114,124,136,142,173,229,239,214,224,242,322,257,192,75,23,4,551
2026,2026-01-01,29363,293636,奈良県,磯城郡田原本町,town,29363,30693,1181,1184,1248,1383,1338,1287,1542,1641,1762,1937,2314,1990,1879,1811,2141,2461,1732,1132,541,162,27,3594,14671,589,600,646,714,684,606,777,805,879,986,1135,979,895,854,1014,1107,738,460,166,32,5,1401,16022,592,584,602,669,654,681,765,836,883,951,1179,1011,984,957,1127,1354,994,672,375,130,22,2193
2026,2026-01-01,29380,293806,奈良県,宇陀郡,gun_agg,,2498,30,57,61,39,53,47,42,96,85,105,126,140,180,248,319,303,197,201,115,45,9,567,1169,14,32,22,22,27,27,23,46,40,54,70,86,78,129,166,138,78,68,38,11,0,195,1329,16,25,39,17,26,20,19,50,45,51,56,54,102,119,153,165,119,133,77,34,9,372
2026,2026-01-01,29385,293857,奈良県,宇陀郡曽爾村,village,29385,1211,18,34,40,27,19,18,17,57,48,64,59,69,90,116,150,149,94,78,42,18,4,236,560,9,19,16,15,11,7,9,25,23,29,32,45,37,61,76,66,39,24,14,3,0,80,651,9,15,24,12,8,11,8,32,25,35,27,24,53,55,74,83,55,54,28,15,4,156
2026,2026-01-01,29386,293865,奈良県,宇陀郡御杖村,village,29386,1287,12,23,21,12,34,29,25,39,37,41,67,71,90,132,169,154,103,123,73,27,5,331,609,5,13,6,7,16,20,14,21,17,25,38,41,41,68,90,72,39,44,24,8,0,115,678,7,10,15,5,18,9,11,18,20,16,29,30,49,64,79,82,64,79,49,19,5,216
2026,2026-01-01,29400,294004,奈良県,高市郡,gun_agg,,10848,188,308,429,460,398,297,297,436,526,618,776,705,780,863,973,1077,737,543,319,98,20,1717,5186,88,151,207,244,209,146,158,228,275,328,400,354,347,421,477,503,314,228,85,23,0,650,5662,100,157,222,216,189,151,139,208,251,290,376,351,433,442,496,574,423,315,234,75,20,1067
2026,2026-01-01,29401,294012,奈良県,高市郡高取町,town,29401,5876,78,135,223,264,224,168,149,214,285,338,437,401,446,468,524,566,415,291,185,57,8,956,2791,33,58,104,139,119,73,83,109,155,183,224,196,199,230,270,249,181,125,47,14,0,367,3085,45,77,119,125,105,95,66,105,130,155,213,205,247,238,254,317,234,166,138,43,8,589
2026,2026-01-01,29402,294021,奈良県,高市郡明日香村,village,29402,4972,110,173,206,196,174,129,148,222,241,280,339,304,334,395,449,511,322,252,134,41,12,761,2395,55,93,103,105,90,73,75,119,120,145,176,158,148,191,207,254,133,103,38,9,0,283,2577,55,80,103,91,84,56,73,103,121,135,163,146,186,204,242,257,189,149,96,32,12,478
2026,2026-01-01,29420,294209,奈良県,北葛城郡,gun_agg,,94660,2991,4064,4433,4321,4183,3622,3800,4806,5541,6021,7264,6688,6279,5711,6340,7795,5324,3241,1645,521,70,10801,44914,1569,2128,2306,2144,2127,1745,1839,2330,2756,2950,3517,3191,3010,2647,2889,3450,2360,1344,501,96,15,4316,49746,1422,1936,2127,2177,2056,1877,1961,2476,2785,3071,3747,3497,3269,3064,3451,4345,2964,1897,1144,425,55,6485
2026,2026-01-01,29424,294241,奈良県,北葛城郡上牧町,town,29424,20553,485,646,720,868,927,791,701,918,985,1137,1771,1598,1540,1341,1477,1942,1371,791,397,132,15,2706,9752,247,345,362,428,508,411,331,451,507,543,859,794,740,643,666,830,608,332,122,23,2,1087,10801,238,301,358,440,419,380,370,467,478,594,912,804,800,698,811,1112,763,459,275,109,13,1619
2026,2026-01-01,29425,294250,奈良県,北葛城郡王寺町,town,29425,23365,828,1172,1311,1058,942,997,1095,1323,1609,1592,1677,1473,1325,1303,1469,1714,1179,731,426,124,17,2477,11086,435,618,709,536,460,480,528,634,799,767,814,687,624,583,680,750,516,299,135,28,4,982,12279,393,554,602,522,482,517,567,689,810,825,863,786,701,720,789,964,663,432,291,96,13,1495
2026,2026-01-01,29426,294268,奈良県,北葛城郡広陵町,town,29426,34564,1319,1783,1817,1713,1677,1326,1490,1938,2186,2331,2625,2449,2249,2048,2174,2423,1492,908,445,148,23,3016,16577,703,938,940,837,824,606,727,940,1081,1160,1271,1172,1074,931,1019,1151,675,368,126,29,5,1203,17987,616,845,877,876,853,720,763,998,1105,1171,1354,1277,1175,1117,1155,1272,817,540,319,119,18,1813
2026,2026-01-01,29427,294276,奈良県,北葛城郡河合町,town,29427,16178,359,463,585,682,637,508,514,627,761,961,1191,1168,1165,1019,1220,1716,1282,811,377,117,15,2602,7499,184,227,295,343,335,248,253,305,369,480,573,538,572,490,524,719,561,345,118,16,4,1044,8679,175,236,290,339,302,260,261,322,392,481,618,630,593,529,696,997,721,466,259,101,11,1558
2026,2026-01-01,29440,294403,奈良県,吉野郡,gun_agg,,33226,433,749,981,1158,1060,949,904,1243,1464,1768,2182,2187,2537,2948,3386,3500,2343,1849,1155,362,68,5777,15815,215,390,502,620,559,546,497,664,741,895,1119,1101,1239,1415,1680,1624,936,675,312,79,6,2008,17411,218,359,479,538,501,403,407,579,723,873,1063,1086,1298,1533,1706,1876,1407,1174,843,283,62,3769
2026,2026-01-01,29441,294411,奈良県,吉野郡吉野町,town,29441,5520,51,90,118,150,122,117,119,169,218,265,316,316,396,532,640,750,497,346,221,73,14,1151,2542,27,46,59,78,65,62,65,92,96,139,166,152,189,234,326,337,203,136,54,15,1,409,2978,24,44,59,72,57,55,54,77,122,126,150,164,207,298,314,413,294,210,167,58,13,742
2026,2026-01-01,29442,294420,奈良県,吉野郡大淀町,town,29442,15068,215,386,534,690,621,494,452,618,766,979,1171,1109,1150,1290,1394,1355,831,611,303,90,9,1844,7169,116,200,269,363,316,276,236,326,382,478,589,546,528,611,656,616,354,217,77,13,0,661,7899,99,186,265,327,305,218,216,292,384,501,582,563,622,679,738,739,477,394,226,77,9,1183
2026,2026-01-01,29443,294438,奈良県,吉野郡下市町,town,29443,4227,31,73,110,117,113,117,109,131,157,171,232,292,378,380,453,482,358,277,184,54,8,881,1992,14,42,58,60,58,67,65,68,85,76,116,140,177,190,233,231,139,108,51,12,2,312,2235,17,31,52,57,55,50,44,63,72,95,116,152,201,190,220,251,219,169,133,42,6,569
2026,2026-01-01,29444,294446,奈良県,吉野郡黒滝村,village,29444,567,8,15,9,15,7,12,15,21,18,27,42,29,35,45,71,72,47,36,24,13,6,126,269,4,10,4,6,3,9,8,12,11,16,21,15,20,20,40,27,20,11,9,2,1,43,298,4,5,5,9,4,3,7,9,7,11,21,14,15,25,31,45,27,25,15,11,5,83
2026,2026-01-01,29446,294462,奈良県,吉野郡天川村,village,29446,1162,12,27,39,37,30,28,33,51,32,43,57,47,107,125,136,125,74,79,55,21,4,233,563,8,13,23,25,14,20,14,29,18,23,27,25,48,78,62,61,24,26,19,6,0,75,599,4,14,16,12,16,8,19,22,14,20,30,22,59,47,74,64,50,53,36,15,4,158
2026,2026-01-01,29447,294471,奈良県,吉野郡野迫川村,village,29447,300,3,4,9,3,7,12,6,17,10,10,20,21,20,23,35,24,25,21,21,6,3,76,148,1,4,6,1,2,7,4,10,6,6,12,13,14,13,20,10,8,6,2,3,0,19,152,2,0,3,2,5,5,2,7,4,4,8,8,6,10,15,14,17,15,19,3,3,57
2026,2026-01-01,29449,294497,奈良県,吉野郡十津川村,village,29449,2661,49,70,84,94,78,76,82,98,126,120,149,147,208,230,270,247,160,185,140,39,9,533,1350,25,35,40,59,46,55,51,52,70,70,79,86,120,119,145,123,57,65,40,11,2,175,1311,24,35,44,35,32,21,31,46,56,50,70,61,88,111,125,124,103,120,100,28,7,358
2026,2026-01-01,29450,294501,奈良県,吉野郡下北山村,village,29450,772,18,21,22,12,24,39,17,31,23,38,44,69,55,55,73,64,61,51,45,9,1,167,364,5,10,12,6,9,18,12,19,11,21,22,41,33,22,35,35,18,22,10,3,0,53,408,13,11,10,6,15,21,5,12,12,17,22,28,22,33,38,29,43,29,35,6,1,114
2026,2026-01-01,29451,294519,奈良県,吉野郡上北山村,village,29451,412,7,7,9,1,19,19,13,15,14,12,23,25,41,29,36,42,37,41,15,5,2,100,218,5,4,5,1,13,15,9,5,11,10,15,13,26,15,21,17,13,13,5,2,0,33,194,2,3,4,0,6,4,4,10,3,2,8,12,15,14,15,25,24,28,10,3,2,67
2026,2026-01-01,29452,294527,奈良県,吉野郡川上村,village,29452,1142,25,37,27,15,13,14,29,41,36,49,54,65,67,112,117,143,118,82,72,20,6,298,537,8,15,14,8,12,5,17,23,15,29,29,41,40,51,63,70,47,26,19,5,0,97,605,17,22,13,7,1,9,12,18,21,20,25,24,27,61,54,73,71,56,53,15,6,201
2026,2026-01-01,29453,294535,奈良県,吉野郡東吉野村,village,29453,1395,14,19,20,24,26,21,29,51,64,54,74,67,80,127,161,196,135,120,75,32,6,368,663,2,11,12,13,21,12,16,28,36,27,43,29,44,62,79,97,53,45,26,7,0,131,732,12,8,8,11,5,9,13,23,28,27,31,38,36,65,82,99,82,75,49,25,6,237
2026,2026-01-01,30000,300004,和歌山県,,pref,,878098,24591,31442,36644,38456,36118,35132,36817,42474,48214,54684,67966,61265,61346,58777,62914,71757,49613,33833,19060,6024,971,109501,416314,12565,16174,18629,19718,18801,18108,18866,21542,24089,27439,33942,29608,28880,27996,29451,31965,20011,12007,5265,1158,100,38541,461784,12026,15268,18015,18738,17317,17024,17951,20932,24125,27245,34024,31657,32466,30781,33463,39792,29602,21826,13795,4866,871,70960
2026,2026-01-01,30201,302015,和歌山県,和歌山市,city,30201,344638,10630,13131,14790,15203,15145,15567,15954,18041,19763,21844,27570,24431,23238,20792,21786,26458,19028,12581,6514,1887,285,40295,163577,5504,6707,7568,7766,7868,7972,8179,9037,9850,10992,13667,11724,10956,9954,10025,11497,7612,4513,1802,354,30,14311,181061,5126,6424,7222,7437,7277,7595,7775,9004,9913,10852,13903,12707,12282,10838,11761,14961,11416,8068,4712,1533,255,25984
2026,2026-01-01,30202,302023,和歌山県,海南市,city,30202,45314,1089,1425,1700,1802,1705,1682,1680,1963,2321,2740,3475,3172,3179,3168,3475,4121,2861,2005,1286,405,60,6617,21172,560,736,846,924,866,848,879,1021,1149,1373,1701,1515,1496,1490,1634,1812,1149,701,383,85,4,2322,24142,529,689,854,878,839,834,801,942,1172,1367,1774,1657,1683,1678,1841,2309,1712,1304,903,320,56,4295
2026,2026-01-01,30203,302031,和歌山県,橋本市,city,30203,57335,1554,2031,2351,2568,2430,2093,2282,2782,3027,3420,4300,3784,4124,4367,4623,4826,3171,2044,1137,361,60,6773,27110,769,1038,1175,1341,1217,1058,1134,1402,1502,1689,2119,1776,1871,2042,2266,2163,1400,768,312,62,6,2548,30225,785,993,1176,1227,1213,1035,1148,1380,1525,1731,2181,2008,2253,2325,2357,2663,1771,1276,825,299,54,4225
2026,2026-01-01,30204,302040,和歌山県,有田市,city,30204,24453,539,710,970,1057,1097,932,873,1032,1243,1413,1899,1761,1833,1704,1954,2200,1478,995,563,170,30,3236,11681,267,366,480,583,617,513,475,552,608,729,942,873,832,800,912,999,620,341,135,34,3,1133,12772,272,344,490,474,480,419,398,480,635,684,957,888,1001,904,1042,1201,858,654,428,136,27,2103
2026,2026-01-01,30205,302058,和歌山県,御坊市,city,30205,20313,536,627,850,884,860,861,817,945,1062,1270,1703,1467,1503,1372,1519,1613,1086,758,418,136,26,2424,9693,255,311,454,449,456,470,426,488,540,634,880,721,714,640,702,716,439,265,110,19,4,837,10620,281,316,396,435,404,391,391,457,522,636,823,746,789,732,817,897,647,493,308,117,22,1587
2026,2026-01-01,30206,302066,和歌山県,田辺市,city,30206,65629,1670,2224,2715,2898,2425,2389,2682,2962,3573,4211,5130,4604,4944,4641,4808,5142,3691,2691,1633,509,87,8611,30894,859,1133,1333,1413,1226,1264,1393,1496,1799,2133,2552,2239,2343,2224,2264,2303,1406,931,479,97,7,2920,34735,811,1091,1382,1485,1199,1125,1289,1466,1774,2078,2578,2365,2601,2417,2544,2839,2285,1760,1154,412,80,5691
2026,2026-01-01,30207,302074,和歌山県,新宮市,city,30207,24996,613,845,997,1033,859,808,916,1068,1293,1410,1758,1706,1780,1872,2018,2263,1633,1169,670,242,43,3757,11643,310,418,529,540,469,435,460,559,638,679,895,824,820,865,952,976,644,408,172,45,5,1274,13353,303,427,468,493,390,373,456,509,655,731,863,882,960,1007,1066,1287,989,761,498,197,38,2483
2026,2026-01-01,30208,302082,和歌山県,紀の川市,city,30208,57573,1596,1988,2417,2548,2343,2270,2341,2661,3236,3606,4200,4066,4236,4062,4401,4765,3129,2081,1183,389,55,6837,27376,816,990,1206,1283,1254,1186,1189,1372,1630,1798,2084,1920,2008,1914,2089,2212,1295,716,340,71,3,2425,30197,780,998,1211,1265,1089,1084,1152,1289,1606,1808,2116,2146,2228,2148,2312,2553,1834,1365,843,318,52,4412
2026,2026-01-01,30209,302091,和歌山県,岩出市,city,30209,52877,1810,2246,2481,2682,2606,2492,2693,2942,3022,3674,4759,4102,3649,3133,3142,3361,2143,1210,556,146,28,4083,25342,912,1198,1295,1384,1291,1216,1335,1439,1476,1788,2349,1956,1690,1499,1464,1518,889,470,145,27,1,1532,27535,898,1048,1186,1298,1315,1276,1358,1503,1546,1886,2410,2146,1959,1634,1678,1843,1254,740,411,119,27,2551
2026,2026-01-01,30300,303003,和歌山県,海草郡,gun_agg,,7434,120,160,215,221,194,171,233,247,325,385,490,454,529,586,759,887,558,421,332,128,19,1458,3472,69,86,97,119,108,85,123,139,170,200,266,225,270,266,340,423,226,137,98,23,2,486,3962,51,74,118,102,86,86,110,108,155,185,224,229,259,320,419,464,332,284,234,105,17,972
2026,2026-01-01,30304,303046,和歌山県,海草郡紀美野町,town,30304,7434,120,160,215,221,194,171,233,247,325,385,490,454,529,586,759,887,558,421,332,128,19,1458,3472,69,86,97,119,108,85,123,139,170,200,266,225,270,266,340,423,226,137,98,23,2,486,3962,51,74,118,102,86,86,110,108,155,185,224,229,259,320,419,464,332,284,234,105,17,972
2026,2026-01-01,30340,303402,和歌山県,伊都郡,gun_agg,,21017,444,609,786,807,735,638,708,885,1003,1128,1435,1269,1491,1576,1781,2078,1524,1130,707,242,41,3644,9917,225,330,404,410,410,345,369,453,499,566,750,656,711,760,849,943,618,367,197,52,3,1237,11100,219,279,382,397,325,293,339,432,504,562,685,613,780,816,932,1135,906,763,510,190,38,2407
2026,2026-01-01,30341,303411,和歌山県,伊都郡かつらぎ町,town,30341,14926,360,482,610,594,557,466,547,676,753,798,1020,888,1074,1082,1250,1436,1011,706,447,143,26,2333,7059,187,266,313,289,305,245,290,349,389,398,529,441,503,517,587,643,426,227,120,34,1,808,7867,173,216,297,305,252,221,257,327,364,400,491,447,571,565,663,793,585,479,327,109,25,1525
2026,2026-01-01,30343,303437,和歌山県,伊都郡九度山町,town,30343,3621,47,75,97,128,102,100,93,122,140,183,240,227,246,285,322,402,321,265,152,63,11,812,1643,16,38,48,71,54,50,37,63,59,88,117,122,114,139,170,184,125,86,47,14,1,273,1978,31,37,49,57,48,50,56,59,81,95,123,105,132,146,152,218,196,179,105,49,10,539
2026,2026-01-01,30344,303445,和歌山県,伊都郡高野町,town,30344,2470,37,52,79,85,76,72,68,87,110,147,175,154,171,209,209,240,192,159,108,36,4,499,1215,22,26,43,50,51,50,42,41,51,80,104,93,94,104,92,116,67,54,30,4,1,156,1255,15,26,36,35,25,22,26,46,59,67,71,61,77,105,117,124,125,105,78,32,3,343
2026,2026-01-01,30360,303607,和歌山県,有田郡,gun_agg,,41145,1231,1582,1840,1905,1624,1537,1689,1963,2390,2560,2964,2669,2804,2938,3104,3298,2127,1621,922,330,47,5047,19460,636,831,928,975,842,766,865,977,1195,1275,1502,1314,1283,1376,1469,1495,836,582,240,66,7,1731,21685,595,751,912,930,782,771,824,986,1195,1285,1462,1355,1521,1562,1635,1803,1291,1039,682,264,40,3316
2026,2026-01-01,30361,303615,和歌山県,有田郡湯浅町,town,30361,10449,240,307,432,446,407,376,336,432,557,663,822,724,703,759,860,1036,610,431,217,84,7,1349,4908,123,151,236,232,217,187,184,213,289,326,420,364,326,330,394,462,249,139,50,16,0,454,5541,117,156,196,214,190,189,152,219,268,337,402,360,377,429,466,574,361,292,167,68,7,895
2026,2026-01-01,30362,303623,和歌山県,有田郡広川町,town,30362,6219,133,201,258,326,266,205,223,232,342,419,501,387,441,439,553,581,328,228,119,32,5,712,2943,71,110,130,168,131,107,114,127,167,189,255,194,202,215,257,261,131,73,34,6,1,245,3276,62,91,128,158,135,98,109,105,175,230,246,193,239,224,296,320,197,155,85,26,4,467
2026,2026-01-01,30366,303666,和歌山県,有田郡有田川町,town,30366,24477,858,1074,1150,1133,951,956,1130,1299,1491,1478,1641,1558,1660,1740,1691,1681,1189,962,586,214,35,2986,11609,442,570,562,575,494,472,567,637,739,760,827,756,755,831,818,772,456,370,156,44,6,1032,12868,416,504,588,558,457,484,563,662,752,718,814,802,905,909,873,909,733,592,430,170,29,1954
2026,2026-01-01,30380,303801,和歌山県,日高郡,gun_agg,,46004,1235,1753,1941,2167,1831,1570,1680,2066,2476,2930,3278,3018,3136,3413,3811,3834,2507,1765,1124,409,60,5865,22001,599,901,1007,1121,978,826,909,1103,1235,1475,1672,1457,1498,1620,1803,1771,1032,602,303,82,7,2026,24003,636,852,934,1046,853,744,771,963,1241,1455,1606,1561,1638,1793,2008,2063,1475,1163,821,327,53,3839
2026,2026-01-01,30381,303810,和歌山県,日高郡美浜町,town,30381,6082,120,189,233,244,234,192,173,258,316,383,407,382,482,474,551,548,416,238,172,59,11,896,2829,56,95,131,110,133,106,95,135,157,196,197,178,224,224,257,233,173,78,41,9,1,302,3253,64,94,102,134,101,86,78,123,159,187,210,204,258,250,294,315,243,160,131,50,10,594
2026,2026-01-01,30382,303828,和歌山県,日高郡日高町,town,30382,7889,322,428,434,399,357,329,371,440,532,544,541,482,430,461,528,509,321,242,151,58,10,782,3784,153,231,235,202,188,165,189,229,256,268,262,221,206,214,260,238,121,82,48,14,2,267,4105,169,197,199,197,169,164,182,211,276,276,279,261,224,247,268,271,200,160,103,44,8,515
2026,2026-01-01,30383,303836,和歌山県,日高郡由良町,town,30383,4805,75,101,152,224,157,174,153,162,243,278,339,355,359,395,482,459,307,219,125,41,5,697,2378,38,58,77,122,86,108,102,95,130,148,200,167,174,191,228,230,119,76,23,6,0,224,2427,37,43,75,102,71,66,51,67,113,130,139,188,185,204,254,229,188,143,102,35,5,473
2026,2026-01-01,30390,303909,和歌山県,日高郡印南町,town,30390,7392,188,269,301,356,278,238,244,317,410,451,544,458,486,536,629,706,431,307,178,57,8,981,3508,89,128,151,186,151,123,126,173,208,221,263,224,241,244,292,338,174,112,52,12,0,350,3884,99,141,150,170,127,115,118,144,202,230,281,234,245,292,337,368,257,195,126,45,8,631
2026,2026-01-01,30391,303917,和歌山県,日高郡みなべ町,town,30391,11146,269,416,456,542,461,371,427,517,563,756,852,762,791,839,892,896,576,406,251,92,11,1336,5320,138,210,218,292,236,188,223,275,268,392,452,374,369,389,416,405,251,133,70,19,2,475,5826,131,206,238,250,225,183,204,242,295,364,400,388,422,450,476,491,325,273,181,73,9,861
2026,2026-01-01,30392,303925,和歌山県,日高郡日高川町,town,30392,8690,261,350,365,402,344,266,312,372,412,518,595,579,588,708,729,716,456,353,247,102,15,1173,4182,125,179,195,209,184,136,174,196,216,250,298,293,284,358,350,327,194,121,69,22,2,408,4508,136,171,170,193,160,130,138,176,196,268,297,286,304,350,379,389,262,232,178,80,13,765
2026,2026-01-01,30400,304000,和歌山県,西牟婁郡,gun_agg,,37696,1026,1308,1516,1640,1376,1288,1448,1735,2117,2405,2898,2657,2700,2626,2826,3231,2185,1532,838,290,54,4899,18015,520,692,773,858,699,688,697,879,1089,1232,1464,1345,1312,1293,1309,1461,867,533,235,59,10,1704,19681,506,616,743,782,677,600,751,856,1028,1173,1434,1312,1388,1333,1517,1770,1318,999,603,231,44,3195
2026,2026-01-01,30401,304018,和歌山県,西牟婁郡白浜町,town,30401,18810,361,548,646,746,695,556,588,716,1009,1162,1410,1360,1437,1381,1478,1861,1270,900,481,181,24,2856,8951,181,302,321,370,363,302,290,374,504,603,726,692,714,701,679,827,512,307,142,37,4,1002,9859,180,246,325,376,332,254,298,342,505,559,684,668,723,680,799,1034,758,593,339,144,20,1854
2026,2026-01-01,30404,304042,和歌山県,西牟婁郡上富田町,town,30404,15554,608,693,768,777,589,647,771,914,1000,1088,1272,1053,1006,969,1025,1010,638,414,226,71,15,1364,7454,310,354,398,419,280,332,360,455,523,548,622,518,473,455,469,465,254,147,55,14,3,473,8100,298,339,370,358,309,315,411,459,477,540,650,535,533,514,556,545,384,267,171,57,12,891
2026,2026-01-01,30406,304069,和歌山県,西牟婁郡すさみ町,town,30406,3332,57,67,102,117,92,85,89,105,108,155,216,244,257,276,323,360,277,218,131,38,15,679,1610,29,36,54,69,56,54,47,50,62,81,116,135,125,137,161,169,101,79,38,8,3,229,1722,28,31,48,48,36,31,42,55,46,74,100,109,132,139,162,191,176,139,93,30,12,450
2026,2026-01-01,30420,304204,和歌山県,東牟婁郡,gun_agg,,31674,498,803,1075,1041,888,834,821,1182,1363,1688,2107,2105,2200,2527,2907,3680,2492,1830,1177,380,76,5955,14961,264,437,534,552,500,436,433,625,709,876,1099,1063,1076,1253,1373,1676,978,673,314,82,8,2055,16713,234,366,541,489,388,398,388,557,654,812,1008,1042,1124,1274,1534,2004,1514,1157,863,298,68,3900
2026,2026-01-01,30421,304212,和歌山県,東牟婁郡那智勝浦町,town,30421,12969,225,348,482,480,367,348,326,454,591,733,908,921,935,973,1136,1429,1008,705,438,135,27,2313,6092,119,187,246,230,197,173,154,242,296,372,473,483,465,482,535,636,390,264,124,21,3,802,6877,106,161,236,250,170,175,172,212,295,361,435,438,470,491,601,793,618,441,314,114,24,1511
2026,2026-01-01,30422,304221,和歌山県,東牟婁郡太地町,town,30422,2766,59,75,82,57,92,79,89,125,126,144,198,180,194,229,245,283,196,175,110,22,6,509,1250,26,40,31,39,42,37,45,66,68,72,96,91,80,111,114,137,61,59,28,7,0,155,1516,33,35,51,18,50,42,44,59,58,72,102,89,114,118,131,146,135,116,82,15,6,354
2026,2026-01-01,30424,304247,和歌山県,東牟婁郡古座川町,town,30424,2188,18,46,74,67,53,29,39,62,74,117,115,116,164,192,220,279,194,170,112,41,6,523,1049,11,29,37,41,29,21,28,32,33,62,59,58,93,97,100,129,80,58,39,13,0,190,1139,7,17,37,26,24,8,11,30,41,55,56,58,71,95,120,150,114,112,73,28,6,333
2026,2026-01-01,30427,304271,和歌山県,東牟婁郡北山村,village,30427,378,12,12,23,6,14,6,13,18,18,12,19,31,37,28,17,32,23,25,28,4,0,80,183,8,4,11,0,9,5,6,10,11,5,13,17,22,12,12,17,8,5,7,1,0,21,195,4,8,12,6,5,1,7,8,7,7,6,14,15,16,5,15,15,20,21,3,0,59
2026,2026-01-01,30428,304280,和歌山県,東牟婁郡串本町,town,30428,13373,184,322,414,431,362,372,354,523,554,682,867,857,870,1105,1289,1657,1071,755,489,178,37,2530,6387,100,177,209,242,223,200,200,275,301,365,458,414,416,551,612,757,439,287,116,40,5,887,6986,84,145,205,189,139,172,154,248,253,317,409,443,454,554,677,900,632,468,373,138,32,1643
2026,2026-01-01,31000,310000,鳥取県,,pref,,520799,16643,20924,23573,24175,21426,19837,21655,25940,31133,34786,38131,31936,33349,35919,39483,40222,25626,18976,11986,4307,772,61667,250351,8601,10881,11980,12530,11028,10339,11058,13177,16005,17800,19348,15857,16244,17326,18880,18320,10420,6516,3182,772,87,20977,270448,8042,10043,11593,11645,10398,9498,10597,12763,15128,16986,18783,16079,17105,18593,20603,21902,15206,12460,8804,3535,685,40690
2026,2026-01-01,31201,312011,鳥取県,鳥取市,city,31201,175050,5685,7042,8207,8556,7992,6879,7436,9190,10890,12233,12887,10954,11357,11910,12950,12634,7623,5636,3546,1219,224,18248,84668,2966,3608,4219,4429,4165,3576,3766,4658,5609,6255,6518,5479,5496,5698,6200,5820,3085,1922,941,231,27,6206,90382,2719,3434,3988,4127,3827,3303,3670,4532,5281,5978,6369,5475,5861,6212,6750,6814,4538,3714,2605,988,197,12042
2026,2026-01-01,31202,312029,鳥取県,米子市,city,31202,141274,5135,6145,6550,6667,6186,6351,6754,7374,8687,9915,11157,9083,8536,8480,9009,9913,6794,4728,2663,959,188,15332,67560,2675,3228,3269,3446,3140,3248,3405,3676,4353,5033,5627,4470,4135,4090,4162,4333,2734,1613,739,165,19,5270,73714,2460,2917,3281,3221,3046,3103,3349,3698,4334,4882,5530,4613,4401,4390,4847,5580,4060,3115,1924,794,169,10062
2026,2026-01-01,31203,312037,鳥取県,倉吉市,city,31203,42542,1247,1693,1905,2021,1558,1537,1647,1968,2470,2743,3068,2557,2763,3015,3449,3520,2287,1601,1002,423,68,5381,20206,645,885,972,1092,801,800,850,976,1267,1338,1558,1251,1306,1408,1633,1597,928,557,264,74,4,1827,22336,602,808,933,929,757,737,797,992,1203,1405,1510,1306,1457,1607,1816,1923,1359,1044,738,349,64,3554
2026,2026-01-01,31204,312045,鳥取県,境港市,city,31204,31312,948,1188,1363,1372,1249,1318,1346,1515,1775,1969,2399,2038,2068,2109,2261,2528,1715,1204,682,225,40,3866,15209,483,599,698,740,678,730,707,814,932,1009,1207,979,1049,1031,1094,1149,665,419,190,28,8,1310,16103,465,589,665,632,571,588,639,701,843,960,1192,1059,1019,1078,1167,1379,1050,785,492,197,32,2556
2026,2026-01-01,31300,313009,鳥取県,岩美郡,gun_agg,,10377,317,380,409,415,355,318,389,495,596,642,640,565,702,887,954,894,539,426,304,133,17,1419,5045,157,197,232,210,187,180,192,251,331,350,332,283,350,437,456,428,234,141,71,26,0,472,5332,160,183,177,205,168,138,197,244,265,292,308,282,352,450,498,466,305,285,233,107,17,947
2026,2026-01-01,31302,313025,鳥取県,岩美郡岩美町,town,31302,10377,317,380,409,415,355,318,389,495,596,642,640,565,702,887,954,894,539,426,304,133,17,1419,5045,157,197,232,210,187,180,192,251,331,350,332,283,350,437,456,428,234,141,71,26,0,472,5332,160,183,177,205,168,138,197,244,265,292,308,282,352,450,498,466,305,285,233,107,17,947
2026,2026-01-01,31320,313203,鳥取県,八頭郡,gun_agg,,23500,505,773,895,963,780,658,795,1038,1299,1369,1455,1372,1646,2009,2320,2078,1262,1127,788,323,45,3545,11266,251,402,449,503,402,345,434,534,707,694,771,658,815,971,1160,1022,483,391,207,60,7,1148,12234,254,371,446,460,378,313,361,504,592,675,684,714,831,1038,1160,1056,779,736,581,263,38,2397
2026,2026-01-01,31325,313254,鳥取県,八頭郡若桜町,town,31325,2547,35,55,59,65,67,65,64,101,112,116,145,139,194,232,271,272,201,172,133,43,6,555,1230,19,34,34,31,39,38,36,57,65,64,80,72,93,112,142,132,78,57,33,13,1,182,1317,16,21,25,34,28,27,28,44,47,52,65,67,101,120,129,140,123,115,100,30,5,373
2026,2026-01-01,31328,313289,鳥取県,八頭郡智頭町,town,31328,5831,97,156,214,212,162,165,175,230,311,305,311,337,411,564,619,513,368,303,255,110,13,1049,2740,48,89,108,103,81,82,103,115,168,159,167,153,198,288,313,245,125,111,63,20,1,320,3091,49,67,106,109,81,83,72,115,143,146,144,184,213,276,306,268,243,192,192,90,12,729
2026,2026-01-01,31329,313297,鳥取県,八頭郡八頭町,town,31329,15122,373,562,622,686,551,428,556,707,876,948,999,896,1041,1213,1430,1293,693,652,400,170,26,1941,7296,184,279,307,369,282,225,295,362,474,471,524,433,524,571,705,645,280,223,111,27,5,646,7826,189,283,315,317,269,203,261,345,402,477,475,463,517,642,725,648,413,429,289,143,21,1295
2026,2026-01-01,31360,313602,鳥取県,東伯郡,gun_agg,,50447,1594,2004,2376,2366,1791,1473,1807,2363,2901,3189,3485,2876,3303,3821,4240,4217,2622,2033,1420,456,110,6641,24240,819,1055,1223,1214,888,748,926,1239,1512,1656,1777,1430,1613,1878,2047,1968,1083,713,352,83,16,2247,26207,775,949,1153,1152,903,725,881,1124,1389,1533,1708,1446,1690,1943,2193,2249,1539,1320,1068,373,94,4394
2026,2026-01-01,31364,313645,鳥取県,東伯郡三朝町,town,31364,5525,94,172,231,258,212,135,141,224,294,343,369,302,361,483,532,521,291,262,215,66,19,853,2677,45,93,114,140,119,76,82,128,142,188,186,155,174,243,262,245,116,97,61,8,3,285,2848,49,79,117,118,93,59,59,96,152,155,183,147,187,240,270,276,175,165,154,58,16,568
2026,2026-01-01,31370,313700,鳥取県,東伯郡湯梨浜町,town,31370,15992,650,730,786,769,567,569,668,840,908,1040,1144,904,1045,1141,1189,1209,713,571,392,124,33,1833,7674,320,388,402,384,273,289,332,418,461,540,593,434,505,584,575,581,278,194,97,21,5,595,8318,330,342,384,385,294,280,336,422,447,500,551,470,540,557,614,628,435,377,295,103,28,1238
2026,2026-01-01,31371,313718,鳥取県,東伯郡琴浦町,town,31371,15120,401,552,676,697,515,413,504,657,878,877,1016,944,1014,1149,1262,1304,922,687,467,148,37,2261,7219,225,271,349,343,249,204,274,350,469,443,506,482,506,554,618,609,381,240,110,31,5,767,7901,176,281,327,354,266,209,230,307,409,434,510,462,508,595,644,695,541,447,357,117,32,1494
2026,2026-01-01,31372,313726,鳥取県,東伯郡北栄町,town,31372,13810,449,550,683,642,497,356,494,642,821,929,956,726,883,1048,1257,1183,696,513,346,118,21,1694,6670,229,303,358,347,247,179,238,343,440,485,492,359,428,497,592,533,308,182,84,23,3,600,7140,220,247,325,295,250,177,256,299,381,444,464,367,455,551,665,650,388,331,262,95,18,1094
2026,2026-01-01,31380,313807,鳥取県,西伯郡,gun_agg,,37651,1071,1508,1628,1579,1282,1118,1230,1707,2168,2319,2631,2039,2360,2866,3359,3554,2159,1563,1073,380,57,5232,18078,540,804,797,781,641,604,645,863,1100,1238,1340,1065,1155,1384,1662,1602,940,549,291,72,5,1857,19573,531,704,831,798,641,514,585,844,1068,1081,1291,974,1205,1482,1697,1952,1219,1014,782,308,52,3375
2026,2026-01-01,31384,313840,鳥取県,西伯郡日吉津村,village,31384,3551,162,219,179,159,149,132,177,240,255,245,268,195,167,204,219,256,131,106,60,26,2,325,1681,71,126,82,83,75,65,86,114,133,127,132,99,71,97,100,106,59,39,13,3,0,114,1870,91,93,97,76,74,67,91,126,122,118,136,96,96,107,119,150,72,67,47,23,2,211
2026,2026-01-01,31386,313866,鳥取県,西伯郡大山町,town,31386,14328,368,537,614,557,458,376,425,608,806,884,1015,782,941,1107,1289,1465,864,631,444,134,23,2096,6926,179,292,309,279,227,217,223,307,409,482,529,417,483,533,634,671,371,216,121,26,1,735,7402,189,245,305,278,231,159,202,301,397,402,486,365,458,574,655,794,493,415,323,108,22,1361
2026,2026-01-01,31389,313891,鳥取県,西伯郡南部町,town,31389,9779,254,343,407,408,369,317,323,413,532,633,708,550,602,732,864,914,576,425,289,103,17,1410,4664,129,183,190,197,175,174,182,209,267,330,362,281,298,349,431,399,255,152,81,19,1,508,5115,125,160,217,211,194,143,141,204,265,303,346,269,304,383,433,515,321,273,208,84,16,902
2026,2026-01-01,31390,313904,鳥取県,西伯郡伯耆町,town,31390,9993,287,409,428,455,306,293,305,446,575,557,640,512,650,823,987,919,588,401,280,117,15,1401,4807,161,203,216,222,164,148,154,233,291,299,317,268,303,405,497,426,255,142,76,24,3,500,5186,126,206,212,233,142,145,151,213,284,258,323,244,347,418,490,493,333,259,204,93,12,901
2026,2026-01-01,31400,314005,鳥取県,日野郡,gun_agg,,8646,141,191,240,236,233,185,251,290,347,407,409,452,614,822,941,884,625,658,508,189,23,2003,4079,65,103,121,115,126,108,133,166,194,227,218,242,325,429,466,401,268,211,127,33,1,640,4567,76,88,119,121,107,77,118,124,153,180,191,210,289,393,475,483,357,447,381,156,22,1363
2026,2026-01-01,31401,314013,鳥取県,日野郡日南町,town,31401,3704,56,78,99,102,89,62,105,136,138,168,154,194,269,361,413,372,255,312,241,91,9,908,1767,20,51,52,51,50,36,59,83,77,101,79,103,149,199,214,172,101,102,55,12,1,271,1937,36,27,47,51,39,26,46,53,61,67,75,91,120,162,199,200,154,210,186,79,8,637
2026,2026-01-01,31402,314021,鳥取県,日野郡日野町,town,31402,2533,34,48,65,79,79,65,68,67,95,118,135,133,170,244,278,290,209,164,128,55,9,565,1178,18,21,28,40,36,33,36,33,51,63,81,75,92,124,138,125,90,49,35,10,0,184,1355,16,27,37,39,43,32,32,34,44,55,54,58,78,120,140,165,119,115,93,45,9,381
2026,2026-01-01,31403,314030,鳥取県,日野郡江府町,town,31403,2409,51,65,76,55,65,58,78,87,114,121,120,125,175,217,250,222,161,182,139,43,5,530,1134,27,31,41,24,40,39,38,50,66,63,58,64,84,106,114,104,77,60,37,11,0,185,1275,24,34,35,31,25,19,40,37,48,58,62,61,91,111,136,118,84,122,102,32,5,345
2026,2026-01-01,32000,320005,島根県,,pref,,623022,19297,24601,28234,29069,24975,23403,25462,29553,34772,39745,44152,37602,38945,42424,46971,52253,32924,24864,16774,5922,1080,81564,300656,9733,12636,14598,14948,12975,12288,13064,15129,17810,20644,22614,18870,19135,20867,22801,24475,13503,8673,4687,1082,124,28069,322366,9564,11965,13636,14121,12000,11115,12398,14424,16962,19101,21538,18732,19810,21557,24170,27778,19421,16191,12087,4840,956,53495
2026,2026-01-01,32201,322016,島根県,松江市,city,32201,190159,6411,7858,9102,9339,8708,8069,8523,9778,11323,12524,14480,12417,12081,11939,12335,13888,9201,6440,4130,1381,232,21384,91499,3228,4038,4689,4754,4611,4207,4310,4906,5722,6341,7275,6150,5830,5827,5940,6288,3690,2238,1170,258,27,7383,98660,3183,3820,4413,4585,4097,3862,4213,4872,5601,6183,7205,6267,6251,6112,6395,7600,5511,4202,2960,1123,205,14001
2026,2026-01-01,32202,322024,島根県,浜田市,city,32202,46755,1212,1651,1986,1994,1788,1472,1736,1940,2467,2856,3277,2865,3093,3407,3799,4349,2845,2088,1343,514,73,6863,22538,611,833,1014,1030,964,829,918,1015,1271,1499,1697,1500,1507,1754,1807,2025,1136,689,356,79,4,2264,24217,601,818,972,964,824,643,818,925,1196,1357,1580,1365,1586,1653,1992,2324,1709,1399,987,435,69,4599
2026,2026-01-01,32203,322032,島根県,出雲市,city,32203,166191,6276,7525,8082,7945,7271,7405,8077,8849,9703,11237,11920,9978,9927,10258,11130,12294,7490,5637,3770,1214,203,18314,80663,3126,3830,4171,4084,3626,3793,4094,4511,4935,5810,6173,5006,4920,5012,5331,5795,3143,2038,1020,217,28,6446,85528,3150,3695,3911,3861,3645,3612,3983,4338,4768,5427,5747,4972,5007,5246,5799,6499,4347,3599,2750,997,175,11868
2026,2026-01-01,32204,322041,島根県,益田市,city,32204,41616,1154,1577,1823,1907,1365,1285,1394,1754,2189,2597,2852,2301,2630,3171,3629,4002,2436,1844,1221,415,70,5986,19782,577,860,915,1000,688,685,707,932,1087,1360,1432,1162,1250,1537,1752,1850,940,622,338,80,8,1988,21834,577,717,908,907,677,600,687,822,1102,1237,1420,1139,1380,1634,1877,2152,1496,1222,883,335,62,3998
2026,2026-01-01,32205,322059,島根県,大田市,city,32205,30232,753,1050,1256,1232,939,874,1016,1259,1555,1766,1887,1715,2012,2411,2706,2983,1855,1422,1039,412,90,4818,14549,401,558,692,638,488,461,538,667,815,940,948,849,1006,1156,1354,1429,771,461,287,77,13,1609,15683,352,492,564,594,451,413,478,592,740,826,939,866,1006,1255,1352,1554,1084,961,752,335,77,3209
2026,2026-01-01,32206,322067,島根県,安来市,city,32206,34170,794,1257,1410,1589,1285,1123,1223,1440,1797,2207,2536,2042,2199,2312,2740,3244,2009,1630,969,298,66,4972,16524,408,641,717,838,653,613,615,748,932,1160,1313,1056,1092,1156,1318,1490,855,594,267,54,4,1774,17646,386,616,693,751,632,510,608,692,865,1047,1223,986,1107,1156,1422,1754,1154,1036,702,244,62,3198
2026,2026-01-01,32207,322075,島根県,江津市,city,32207,20396,485,657,812,893,672,621,629,856,1091,1222,1378,1217,1338,1647,1828,1941,1266,920,628,250,45,3109,9673,252,316,407,463,350,335,339,410,547,657,707,592,664,802,873,940,526,292,149,47,5,1019,10723,233,341,405,430,322,286,290,446,544,565,671,625,674,845,955,1001,740,628,479,203,40,2090
2026,2026-01-01,32209,322091,島根県,雲南市,city,32209,33466,792,1137,1424,1485,1152,951,1072,1359,1714,2127,2216,1945,2182,2504,3018,3200,1847,1584,1193,477,87,5188,16282,413,570,768,758,610,490,567,716,898,1128,1146,966,1108,1235,1524,1555,781,585,364,90,10,1830,17184,379,567,656,727,542,461,505,643,816,999,1070,979,1074,1269,1494,1645,1066,999,829,387,77,3358
2026,2026-01-01,32340,323403,島根県,仁多郡,gun_agg,,10586,196,319,404,457,386,216,265,373,473,553,635,602,664,910,1037,1098,704,609,453,203,29,1998,5141,91,166,217,217,212,129,148,192,275,290,341,318,314,464,530,544,298,213,140,34,8,693,5445,105,153,187,240,174,87,117,181,198,263,294,284,350,446,507,554,406,396,313,169,21,1305
2026,2026-01-01,32343,323438,島根県,仁多郡奥出雲町,town,32343,10586,196,319,404,457,386,216,265,373,473,553,635,602,664,910,1037,1098,704,609,453,203,29,1998,5141,91,166,217,217,212,129,148,192,275,290,341,318,314,464,530,544,298,213,140,34,8,693,5445,105,153,187,240,174,87,117,181,198,263,294,284,350,446,507,554,406,396,313,169,21,1305
2026,2026-01-01,32380,323802,島根県,飯石郡,gun_agg,,4187,97,126,146,221,101,90,129,145,174,220,264,190,271,338,394,432,258,286,209,77,19,849,2010,50,72,74,123,55,48,66,74,90,119,144,83,138,178,203,207,100,111,59,15,1,286,2177,47,54,72,98,46,42,63,71,84,101,120,107,133,160,191,225,158,175,150,62,18,563
2026,2026-01-01,32386,323861,島根県,飯石郡飯南町,town,32386,4187,97,126,146,221,101,90,129,145,174,220,264,190,271,338,394,432,258,286,209,77,19,849,2010,50,72,74,123,55,48,66,74,90,119,144,83,138,178,203,207,100,111,59,15,1,286,2177,47,54,72,98,46,42,63,71,84,101,120,107,133,160,191,225,158,175,150,62,18,563
2026,2026-01-01,32440,324400,島根県,邑智郡,gun_agg,,15986,360,492,656,758,417,401,435,594,797,856,1029,842,849,1233,1475,1709,1134,874,720,280,75,3083,7704,197,266,327,372,222,221,236,307,423,457,568,424,433,609,714,830,486,321,234,51,6,1098,8282,163,226,329,386,195,180,199,287,374,399,461,418,416,624,761,879,648,553,486,229,69,1985
2026,2026-01-01,32441,324418,島根県,邑智郡川本町,town,32441,2882,71,83,114,161,91,95,106,96,131,152,179,158,144,202,246,301,215,162,118,44,13,552,1374,42,50,54,69,54,51,62,39,75,79,97,80,75,86,119,149,91,50,44,8,0,193,1508,29,33,60,92,37,44,44,57,56,73,82,78,69,116,127,152,124,112,74,36,13,359
2026,2026-01-01,32448,324485,島根県,邑智郡美郷町,town,32448,3914,82,110,158,202,100,86,96,147,203,217,249,175,188,323,365,452,293,208,175,68,17,761,1905,40,63,74,106,50,53,44,84,114,115,143,86,94,171,184,215,135,72,55,6,1,269,2009,42,47,84,96,50,33,52,63,89,102,106,89,94,152,181,237,158,136,120,62,16,492
2026,2026-01-01,32449,324493,島根県,邑智郡邑南町,town,32449,9190,207,299,384,395,226,220,233,351,463,487,601,509,517,708,864,956,626,504,427,168,45,1770,4425,115,153,199,197,118,117,130,184,234,263,328,258,264,352,411,466,260,199,135,37,5,636,4765,92,146,185,198,108,103,103,167,229,224,273,251,253,356,453,490,366,305,292,131,40,1134
2026,2026-01-01,32500,325007,島根県,鹿足郡,gun_agg,,11388,260,345,376,435,261,242,304,437,506,591,638,595,724,947,1140,1296,813,731,513,184,50,2291,5430,123,178,203,228,144,143,166,243,276,329,328,314,356,472,573,615,324,237,143,28,7,739,5958,137,167,173,207,117,99,138,194,230,262,310,281,368,475,567,681,489,494,370,156,43,1552
2026,2026-01-01,32501,325015,島根県,鹿足郡津和野町,town,32501,6166,121,160,197,233,128,125,157,244,270,309,339,328,387,534,632,718,457,432,275,92,28,1284,2931,62,91,108,120,66,73,93,135,142,177,173,187,181,255,325,331,172,144,78,14,4,412,3235,59,69,89,113,62,52,64,109,128,132,166,141,206,279,307,387,285,288,197,78,24,872
2026,2026-01-01,32505,325058,島根県,鹿足郡吉賀町,town,32505,5222,139,185,179,202,133,117,147,193,236,282,299,267,337,413,508,578,356,299,238,92,22,1007,2499,61,87,95,108,78,70,73,108,134,152,155,127,175,217,248,284,152,93,65,14,3,327,2723,78,98,84,94,55,47,74,85,102,130,144,140,162,196,260,294,204,206,173,78,19,680
2026,2026-01-01,32520,325201,島根県,隠岐郡,gun_agg,,17890,507,607,757,814,630,654,659,769,983,989,1040,893,975,1347,1740,1817,1066,799,586,217,41,2709,8861,256,308,404,443,352,334,360,408,539,554,542,450,517,665,882,907,453,272,160,52,3,940,9029,251,299,353,371,278,320,299,361,444,435,498,443,458,682,858,910,613,527,426,165,38,1769
2026,2026-01-01,32525,325252,島根県,隠岐郡海士町,town,32525,2232,64,76,93,136,131,149,100,102,120,120,122,78,95,158,201,179,128,83,64,27,6,308,1063,32,35,47,59,57,62,54,48,56,70,66,43,54,77,104,92,52,30,18,7,0,107,1169,32,41,46,77,74,87,46,54,64,50,56,35,41,81,97,87,76,53,46,20,6,201
2026,2026-01-01,32526,325261,島根県,隠岐郡西ノ島町,town,32526,2407,44,65,92,69,57,98,66,92,155,129,134,113,114,188,300,277,166,121,86,35,6,414,1216,22,39,45,43,33,51,36,56,98,76,70,58,58,85,155,145,76,36,27,7,0,146,1191,22,26,47,26,24,47,30,36,57,53,64,55,56,103,145,132,90,85,59,28,6,268
2026,2026-01-01,32527,325279,島根県,隠岐郡知夫村,village,32527,565,21,20,17,13,26,30,19,26,28,25,28,31,27,31,50,69,45,35,16,6,2,104,287,9,7,9,6,18,18,10,15,17,13,15,15,17,17,23,35,23,14,6,0,0,43,278,12,13,8,7,8,12,9,11,11,12,13,16,10,14,27,34,22,21,10,6,2,61
2026,2026-01-01,32528,325287,島根県,隠岐郡隠岐の島町,town,32528,12686,378,446,555,596,416,377,474,549,680,715,756,671,739,970,1189,1292,727,560,420,149,27,1883,6295,193,227,303,335,244,203,260,289,368,395,391,334,388,486,600,635,302,192,109,38,3,644,6391,185,219,252,261,172,174,214,260,312,320,365,337,351,484,589,657,425,368,311,111,24,1239
2026,2026-01-01,33000,330001,岡山県,,pref,,1778481,57939,71568,80362,84270,82187,81244,82308,91416,104604,117239,140652,116251,107575,107605,114196,134343,93246,61679,35979,11908,1910,204722,858944,29601,36596,41334,43423,41878,41484,42208,46308,53000,59768,71077,57832,52795,51890,54336,60877,38991,22628,10324,2377,217,74537,919537,28338,34972,39028,40847,40309,39760,40100,45108,51604,57471,69575,58419,54780,55715,59860,73466,54255,39051,25655,9531,1693,130185
2026,2026-01-01,33100,331007,岡山県,岡山市,city_agg,,675110,23634,28000,31176,32713,34441,34926,34383,36728,42108,46922,55606,45276,40956,37997,38176,45101,31273,19824,11580,3720,570,66967,324064,11997,14272,16045,16740,17159,17362,17397,18150,21093,23584,27706,22297,19994,18175,17934,20125,12853,7171,3231,722,57,24034,351046,11637,13728,15131,15973,17282,17564,16986,18578,21015,23338,27900,22979,20962,19822,20242,24976,18420,12653,8349,2998,513,42933
2026,2026-01-01,33101,331015,岡山県,岡山市北区,ward,33100,284270,10012,11576,12738,13411,15644,16173,15269,16074,18277,20234,23483,18973,17015,15490,15219,17497,12397,7953,4898,1693,244,27185,136964,5058,5921,6619,6990,7730,8026,7762,7937,9114,10253,11688,9429,8351,7417,7195,7845,5082,2884,1313,322,28,9629,147306,4954,5655,6119,6421,7914,8147,7507,8137,9163,9981,11795,9544,8664,8073,8024,9652,7315,5069,3585,1371,216,17556
2026,2026-01-01,33102,331023,岡山県,岡山市中区,ward,33100,142557,5355,6417,7127,7297,6982,6954,7378,7761,9054,10007,11681,9532,8581,7729,7788,9316,6339,4100,2318,710,131,13598,67562,2761,3232,3662,3696,3410,3345,3675,3781,4498,4888,5727,4595,4145,3637,3625,4058,2573,1475,636,130,13,4827,74995,2594,3185,3465,3601,3572,3609,3703,3980,4556,5119,5954,4937,4436,4092,4163,5258,3766,2625,1682,580,118,8771
2026,2026-01-01,33103,331031,岡山県,岡山市東区,ward,33100,88141,2631,3283,3797,4271,4317,3762,3672,4250,4930,5747,7058,5830,5629,5598,5663,6963,5097,3118,1850,584,91,10740,42010,1342,1678,1922,2154,2195,1906,1891,2109,2498,2892,3550,2844,2714,2667,2623,3092,2120,1174,517,112,10,3933,46131,1289,1605,1875,2117,2122,1856,1781,2141,2432,2855,3508,2986,2915,2931,3040,3871,2977,1944,1333,472,81,6807
2026,2026-01-01,33104,331040,岡山県,岡山市南区,ward,33100,160142,5636,6724,7514,7734,7498,8037,8064,8643,9847,10934,13384,10941,9731,9180,9506,11325,7440,4653,2514,733,104,15444,77528,2836,3441,3842,3900,3824,4085,4069,4323,4983,5551,6741,5429,4784,4454,4491,5130,3078,1638,765,158,6,5645,82614,2800,3283,3672,3834,3674,3952,3995,4320,4864,5383,6643,5512,4947,4726,5015,6195,4362,3015,1749,575,98,9799
2026,2026-01-01,33202,332020,岡山県,倉敷市,city,33202,461866,16749,19785,22117,22945,22477,23727,23620,24960,27730,30684,38227,30779,26361,24825,26615,32302,23316,14508,7664,2159,316,47963,224948,8638,10023,11326,11799,11535,12265,12128,12776,14063,15462,19334,15463,12908,12001,12702,14325,9877,5511,2292,482,38,18200,236918,8111,9762,10791,11146,10942,11462,11492,12184,13667,15222,18893,15316,13453,12824,13913,17977,13439,8997,5372,1677,278,29763
2026,2026-01-01,33203,332038,岡山県,津山市,city,33203,92135,2909,3680,4175,4537,4112,3706,3868,4638,5251,6210,6996,6084,5694,6120,6393,7206,4531,3264,1944,715,102,10556,44420,1434,1908,2125,2407,2103,1952,1994,2396,2626,3189,3591,3059,2791,2923,3003,3245,1856,1140,541,124,13,3674,47715,1475,1772,2050,2130,2009,1754,1874,2242,2625,3021,3405,3025,2903,3197,3390,3961,2675,2124,1403,591,89,6882
2026,2026-01-01,33204,332046,岡山県,玉野市,city,33204,52054,1130,1671,1924,2012,1946,1848,1971,2310,2663,2985,3971,3325,3324,3387,4140,5419,3937,2334,1259,429,69,8028,25403,596,872,998,1080,1072,1038,1105,1201,1411,1599,2055,1615,1636,1606,2004,2458,1708,893,360,84,12,3057,26651,534,799,926,932,874,810,866,1109,1252,1386,1916,1710,1688,1781,2136,2961,2229,1441,899,345,57,4971
2026,2026-01-01,33205,332054,岡山県,笠岡市,city,33205,41982,841,1282,1640,1735,1513,1354,1515,1775,2140,2314,3135,2930,3057,3234,3364,3809,2698,1912,1256,393,85,6344,20247,448,647,837,878,812,735,795,965,1118,1233,1582,1415,1552,1552,1673,1756,1091,687,375,88,8,2249,21735,393,635,803,857,701,619,720,810,1022,1081,1553,1515,1505,1682,1691,2053,1607,1225,881,305,77,4095
2026,2026-01-01,33207,332071,岡山県,井原市,city,33207,35160,904,1129,1288,1529,1332,1214,1229,1496,1781,2117,2564,2467,2331,2532,2840,3060,2298,1631,976,363,79,5347,16894,434,578,650,769,718,647,631,802,943,1100,1291,1259,1153,1236,1380,1421,947,588,276,66,5,1882,18266,470,551,638,760,614,567,598,694,838,1017,1273,1208,1178,1296,1460,1639,1351,1043,700,297,74,3465
2026,2026-01-01,33208,332089,岡山県,総社市,city,33208,67427,2680,3296,3351,3411,3177,3007,3236,3854,4200,4567,5134,3988,3702,3942,4125,4984,3211,2010,1139,354,59,6773,32939,1385,1707,1739,1772,1664,1495,1636,1938,2122,2364,2617,2033,1783,1888,1956,2278,1389,758,330,82,3,2562,34488,1295,1589,1612,1639,1513,1512,1600,1916,2078,2203,2517,1955,1919,2054,2169,2706,1822,1252,809,272,56,4211
2026,2026-01-01,33209,332097,岡山県,高梁市,city,33209,24332,432,668,846,989,885,652,770,887,1082,1367,1499,1463,1639,2018,2296,2339,1563,1440,1009,414,74,4500,11706,220,328,428,517,504,356,444,494,565,714,756,766,830,1004,1169,1122,607,502,288,80,12,1489,12626,212,340,418,472,381,296,326,393,517,653,743,697,809,1014,1127,1217,956,938,721,334,62,3011
2026,2026-01-01,33210,332101,岡山県,新見市,city,33210,24782,467,690,883,1012,994,744,724,937,1153,1344,1588,1373,1685,2120,2254,2363,1558,1440,1027,363,63,4451,11957,234,364,479,535,518,387,400,499,605,735,841,699,835,1055,1126,1124,640,501,295,73,12,1521,12825,233,326,404,477,476,357,324,438,548,609,747,674,850,1065,1128,1239,918,939,732,290,51,2930
2026,2026-01-01,33211,332119,岡山県,備前市,city,33211,29226,576,802,1036,1070,1078,985,988,1184,1347,1605,2106,2075,2113,2088,2425,2890,2209,1559,789,260,41,4858,13987,289,431,511,566,575,538,546,627,692,829,1106,1041,1050,1028,1170,1275,882,546,244,37,4,1713,15239,287,371,525,504,503,447,442,557,655,776,1000,1034,1063,1060,1255,1615,1327,1013,545,223,37,3145
2026,2026-01-01,33212,332127,岡山県,瀬戸内市,city,33212,34992,1079,1352,1462,1533,1331,1316,1476,1690,1910,2227,2797,2259,2238,2322,2441,3017,2118,1338,769,271,46,4542,16947,563,734,787,813,627,659,759,849,982,1159,1433,1121,1109,1126,1146,1384,897,503,229,62,5,1696,18045,516,618,675,720,704,657,717,841,928,1068,1364,1138,1129,1196,1295,1633,1221,835,540,209,41,2846
2026,2026-01-01,33213,332135,岡山県,赤磐市,city,33213,41359,1211,1856,2081,1939,1612,1343,1549,2038,2489,2717,3172,2399,2426,2662,3088,3733,2427,1494,804,275,44,5044,19833,638,960,1087,962,813,675,750,1018,1249,1378,1622,1144,1157,1251,1398,1742,1085,607,242,47,8,1989,21526,573,896,994,977,799,668,799,1020,1240,1339,1550,1255,1269,1411,1690,1991,1342,887,562,228,36,3055
2026,2026-01-01,33214,332143,岡山県,真庭市,city,33214,39381,935,1395,1660,1783,1356,1152,1250,1688,2098,2443,2518,2228,2562,3089,3569,3655,2257,1902,1280,489,72,6000,18936,440,720,851,921,698,624,651,889,1082,1305,1314,1124,1276,1521,1701,1776,919,661,360,93,10,2043,20445,495,675,809,862,658,528,599,799,1016,1138,1204,1104,1286,1568,1868,1879,1338,1241,920,396,62,3957
2026,2026-01-01,33215,332151,岡山県,美作市,city,33215,23615,447,732,922,982,788,646,735,955,1225,1386,1609,1391,1546,1883,2133,2333,1461,1203,823,351,64,3902,11354,235,363,462,528,380,335,421,493,626,757,826,701,763,935,1047,1138,602,424,231,78,9,1344,12261,212,369,460,454,408,311,314,462,599,629,783,690,783,948,1086,1195,859,779,592,273,55,2558
2026,2026-01-01,33216,332160,岡山県,浅口市,city,33216,31749,914,1136,1228,1398,1282,1192,1190,1449,1741,1882,2433,2120,1954,1999,2242,2899,2234,1372,779,268,37,4690,15403,490,597,617,736,678,622,600,730,922,984,1235,1059,1018,979,1031,1323,982,530,203,61,6,1782,16346,424,539,611,662,604,570,590,719,819,898,1198,1061,936,1020,1211,1576,1252,842,576,207,31,2908
2026,2026-01-01,33340,333409,岡山県,和気郡,gun_agg,,12256,224,391,430,474,460,370,382,464,562,746,946,872,775,881,1013,1298,892,599,327,124,26,1968,5863,124,208,221,243,231,190,215,239,293,384,499,424,382,438,464,619,354,212,98,24,1,689,6393,100,183,209,231,229,180,167,225,269,362,447,448,393,443,549,679,538,387,229,100,25,1279
2026,2026-01-01,33346,333468,岡山県,和気郡和気町,town,33346,12256,224,391,430,474,460,370,382,464,562,746,946,872,775,881,1013,1298,892,599,327,124,26,1968,5863,124,208,221,243,231,190,215,239,293,384,499,424,382,438,464,619,354,212,98,24,1,689,6393,100,183,209,231,229,180,167,225,269,362,447,448,393,443,549,679,538,387,229,100,25,1279
2026,2026-01-01,33420,334201,岡山県,都窪郡,gun_agg,,12629,547,753,706,659,538,551,644,770,819,883,995,733,572,599,654,917,649,377,188,69,6,1289,6062,302,364,388,342,275,265,309,372,395,434,491,372,278,261,305,406,283,157,55,7,1,503,6567,245,389,318,317,263,286,335,398,424,449,504,361,294,338,349,511,366,220,133,62,5,786
2026,2026-01-01,33423,334235,岡山県,都窪郡早島町,town,33423,12629,547,753,706,659,538,551,644,770,819,883,995,733,572,599,654,917,649,377,188,69,6,1289,6062,302,364,388,342,275,265,309,372,395,434,491,372,278,261,305,406,283,157,55,7,1,503,6567,245,389,318,317,263,286,335,398,424,449,504,361,294,338,349,511,366,220,133,62,5,786
2026,2026-01-01,33440,334405,岡山県,浅口郡,gun_agg,,10545,361,479,553,540,412,375,445,610,623,669,815,647,585,669,687,775,617,354,248,73,8,1300,5109,191,263,282,293,204,201,221,310,303,342,412,326,276,308,330,344,277,134,74,17,1,503,5436,170,216,271,247,208,174,224,300,320,327,403,321,309,361,357,431,340,220,174,56,7,797
2026,2026-01-01,33445,334456,岡山県,浅口郡里庄町,town,33445,10545,361,479,553,540,412,375,445,610,623,669,815,647,585,669,687,775,617,354,248,73,8,1300,5109,191,263,282,293,204,201,221,310,303,342,412,326,276,308,330,344,277,134,74,17,1,503,5436,170,216,271,247,208,174,224,300,320,327,403,321,309,361,357,431,340,220,174,56,7,797
2026,2026-01-01,33460,334600,岡山県,小田郡,gun_agg,,12433,318,453,488,485,427,387,410,481,645,743,907,808,739,918,1009,1202,859,594,396,137,27,2013,6008,157,231,242,240,225,203,215,257,321,397,484,398,364,456,484,563,378,232,130,30,1,771,6425,161,222,246,245,202,184,195,224,324,346,423,410,375,462,525,639,481,362,266,107,26,1242
2026,2026-01-01,33461,334618,岡山県,小田郡矢掛町,town,33461,12433,318,453,488,485,427,387,410,481,645,743,907,808,739,918,1009,1202,859,594,396,137,27,2013,6008,157,231,242,240,225,203,215,257,321,397,484,398,364,456,484,563,378,232,130,30,1,771,6425,161,222,246,245,202,184,195,224,324,346,423,410,375,462,525,639,481,362,266,107,26,1242
2026,2026-01-01,33580,335801,岡山県,真庭郡,gun_agg,,739,15,30,27,27,19,21,16,36,33,50,33,37,48,68,62,64,52,42,45,12,2,153,349,9,15,8,15,10,10,10,18,19,22,18,17,26,40,27,33,24,11,15,2,0,52,390,6,15,19,12,9,11,6,18,14,28,15,20,22,28,35,31,28,31,30,10,2,101
2026,2026-01-01,33586,335860,岡山県,真庭郡新庄村,village,33586,739,15,30,27,27,19,21,16,36,33,50,33,37,48,68,62,64,52,42,45,12,2,153,349,9,15,8,15,10,10,10,18,19,22,18,17,26,40,27,33,24,11,15,2,0,52,390,6,15,19,12,9,11,6,18,14,28,15,20,22,28,35,31,28,31,30,10,2,101
2026,2026-01-01,33600,336009,岡山県,苫田郡,gun_agg,,11709,405,481,515,536,419,373,430,565,663,744,751,596,613,953,1028,1027,658,464,332,135,21,1610,5699,206,256,285,275,218,186,225,283,345,410,381,300,306,447,516,501,287,166,85,21,0,559,6010,199,225,230,261,201,187,205,282,318,334,370,296,307,506,512,526,371,298,247,114,21,1051
2026,2026-01-01,33606,336068,岡山県,苫田郡鏡野町,town,33606,11709,405,481,515,536,419,373,430,565,663,744,751,596,613,953,1028,1027,658,464,332,135,21,1610,5699,206,256,285,275,218,186,225,283,345,410,381,300,306,447,516,501,287,166,85,21,0,559,6010,199,225,230,261,201,187,205,282,318,334,370,296,307,506,512,526,371,298,247,114,21,1051
2026,2026-01-01,33620,336203,岡山県,勝田郡,gun_agg,,15770,576,724,798,770,667,628,690,847,962,1033,1032,808,897,1097,1165,1210,752,570,359,161,24,1866,7647,272,364,412,394,388,341,342,434,499,539,529,392,437,518,544,595,329,184,102,30,2,647,8123,304,360,386,376,279,287,348,413,463,494,503,416,460,579,621,615,423,386,257,131,22,1219
2026,2026-01-01,33622,336220,岡山県,勝田郡勝央町,town,33622,10476,372,495,546,532,422,406,475,571,679,720,706,542,601,737,753,743,469,373,218,99,17,1176,5056,176,262,278,271,233,218,233,276,356,370,371,255,294,336,353,369,207,118,60,18,2,405,5420,196,233,268,261,189,188,242,295,323,350,335,287,307,401,400,374,262,255,158,81,15,771
2026,2026-01-01,33623,336238,岡山県,勝田郡奈義町,town,33623,5294,204,229,252,238,245,222,215,276,283,313,326,266,296,360,412,467,283,197,141,62,7,690,2591,96,102,134,123,155,123,109,158,143,169,158,137,143,182,191,226,122,66,42,12,0,242,2703,108,127,118,115,90,99,106,118,140,144,168,129,153,178,221,241,161,131,99,50,7,448
2026,2026-01-01,33640,336408,岡山県,英田郡,gun_agg,,1286,39,51,64,64,41,35,51,65,90,90,69,54,68,102,123,110,46,51,52,16,5,170,611,24,26,33,27,24,18,27,38,46,47,30,26,27,54,56,55,18,18,11,5,1,53,675,15,25,31,37,17,17,24,27,44,43,39,28,41,48,67,55,28,33,41,11,4,117
2026,2026-01-01,33643,336432,岡山県,英田郡西粟倉村,village,33643,1286,39,51,64,64,41,35,51,65,90,90,69,54,68,102,123,110,46,51,52,16,5,170,611,24,26,33,27,24,18,27,38,46,47,30,26,27,54,56,55,18,18,11,5,1,53,675,15,25,31,37,17,17,24,27,44,43,39,28,41,48,67,55,28,33,41,11,4,117
2026,2026-01-01,33660,336602,岡山県,久米郡,gun_agg,,16269,357,486,632,691,569,437,445,629,811,945,1126,973,1037,1232,1464,1671,1046,866,583,225,44,2764,7821,179,235,335,329,281,241,229,342,418,496,600,501,527,633,724,801,461,296,154,33,6,950,8448,178,251,297,362,288,196,216,287,393,449,526,472,510,599,740,870,585,570,429,192,38,1814
2026,2026-01-01,33663,336637,岡山県,久米郡久米南町,town,33663,4153,87,104,123,152,153,127,112,152,184,229,247,253,287,324,367,450,296,243,187,63,13,802,1981,47,54,60,63,66,64,61,79,95,118,128,136,144,172,178,219,137,85,65,8,2,297,2172,40,50,63,89,87,63,51,73,89,111,119,117,143,152,189,231,159,158,122,55,11,505
2026,2026-01-01,33666,336661,岡山県,久米郡美咲町,town,33666,12116,270,382,509,539,416,310,333,477,627,716,879,720,750,908,1097,1221,750,623,396,162,31,1962,5840,132,181,275,266,215,177,168,263,323,378,472,365,383,461,546,582,324,211,89,25,4,653,6276,138,201,234,273,201,133,165,214,304,338,407,355,367,447,551,639,426,412,307,137,27,1309
2026,2026-01-01,33680,336807,岡山県,加賀郡,gun_agg,,9675,189,246,360,436,311,255,291,360,478,566,623,566,653,868,890,959,584,531,351,132,26,1624,4737,96,130,186,242,166,139,158,188,262,305,324,280,317,455,446,468,245,196,103,29,2,575,4938,93,116,174,194,145,116,133,172,216,261,299,286,336,413,444,491,339,335,248,103,24,1049
2026,2026-01-01,33681,336815,岡山県,加賀郡吉備中央町,town,33681,9675,189,246,360,436,311,255,291,360,478,566,623,566,653,868,890,959,584,531,351,132,26,1624,4737,96,130,186,242,166,139,158,188,262,305,324,280,317,455,446,468,245,196,103,29,2,575,4938,93,116,174,194,145,116,133,172,216,261,299,286,336,413,444,491,339,335,248,103,24,1049
2026,2026-01-01,34000,340006,広島県,,pref,,2635114,83319,104488,120902,126283,121291,118578,122814,135798,154303,177438,214448,179916,161513,155097,167866,197380,136992,88445,49342,16079,2822,293680,1278894,42816,53590,61735,64787,63436,62198,63679,69608,78601,89901,108233,89756,79201,74648,79442,89725,57056,32860,14057,3246,319,107538,1356220,40503,50898,59167,61496,57855,56380,59135,66190,75702,87537,106215,90160,82312,80449,88424,107655,79936,55585,35285,12833,2503,186142
2026,2026-01-01,34100,341002,広島県,広島市,city_agg,,1143238,38659,47200,53767,56247,56753,58246,58656,62861,70018,81318,98533,81776,69935,61604,63859,75843,52322,32426,16918,5402,895,107963,552491,19807,24032,27487,28598,28828,29665,29674,31518,35048,40432,49065,40600,34325,29548,29933,34019,21664,12217,4855,1073,103,39912,590747,18852,23168,26280,27649,27925,28581,28982,31343,34970,40886,49468,41176,35610,32056,33926,41824,30658,20209,12063,4329,792,68051
2026,2026-01-01,34101,341011,広島県,広島市中区,ward,34100,131567,3934,4639,4885,4853,6976,8592,8126,8077,8645,9656,11389,9499,8025,7221,7184,8155,5495,3464,2023,618,111,11711,61465,2004,2343,2477,2464,3330,4218,3959,3916,4144,4680,5487,4573,3839,3385,3302,3560,2058,1104,493,117,12,3784,70102,1930,2296,2408,2389,3646,4374,4167,4161,4501,4976,5902,4926,4186,3836,3882,4595,3437,2360,1530,501,99,7927
2026,2026-01-01,34102,341029,広島県,広島市東区,ward,34100,114258,3859,4856,5446,5620,5243,5439,5551,6066,6958,7685,9467,8334,7719,6500,6463,7676,5509,3360,1849,554,104,11376,54835,1967,2495,2838,2825,2627,2749,2809,3008,3468,3787,4680,4113,3693,3151,3030,3412,2264,1267,530,110,12,4183,59423,1892,2361,2608,2795,2616,2690,2742,3058,3490,3898,4787,4221,4026,3349,3433,4264,3245,2093,1319,444,92,7193
2026,2026-01-01,34103,341037,広島県,広島市南区,ward,34100,137261,4764,5681,6388,6575,7268,7163,7269,7774,8529,9947,12031,9912,8545,7361,7214,8452,5856,3723,2030,670,109,12388,66843,2371,2936,3297,3317,3832,3670,3722,4016,4309,4919,6039,4931,4311,3553,3475,3790,2346,1330,542,119,18,4355,70418,2393,2745,3091,3258,3436,3493,3547,3758,4220,5028,5992,4981,4234,3808,3739,4662,3510,2393,1488,551,91,8033
2026,2026-01-01,34104,341045,広島県,広島市西区,ward,34100,179657,6047,6965,8050,8488,8955,10207,10114,10420,11333,13237,15789,13354,11475,9679,9588,10837,7136,4590,2480,805,108,15119,87029,3166,3486,4119,4304,4509,5276,5134,5215,5660,6615,7798,6620,5569,4648,4584,4887,2910,1654,697,166,12,5439,92628,2881,3479,3931,4184,4446,4931,4980,5205,5673,6622,7991,6734,5906,5031,5004,5950,4226,2936,1783,639,96,9680
2026,2026-01-01,34105,341053,広島県,広島市安佐南区,ward,34100,238583,9532,11244,13106,13655,13061,12974,12976,13302,15075,18108,21864,17204,12942,10460,10572,13235,9478,5959,2812,886,138,19273,116188,4866,5736,6682,6878,6581,6485,6530,6652,7451,8890,10981,8712,6529,5098,4923,5856,3934,2347,852,189,16,7338,122395,4666,5508,6424,6777,6480,6489,6446,6650,7624,9218,10883,8492,6413,5362,5649,7379,5544,3612,1960,697,122,11935
2026,2026-01-01,34106,341061,広島県,広島市安佐北区,ward,34100,132508,3464,4632,5559,6267,5366,4561,4883,5939,6874,8330,10809,9148,8198,8544,10029,12427,8706,5184,2604,852,132,17478,63464,1767,2377,2841,3199,2696,2360,2509,2970,3547,4260,5437,4481,3999,4005,4606,5545,3797,2103,793,163,9,6865,69044,1697,2255,2718,3068,2670,2201,2374,2969,3327,4070,5372,4667,4199,4539,5423,6882,4909,3081,1811,689,123,10613
2026,2026-01-01,34107,341070,広島県,広島市安芸区,ward,34100,72572,2163,2729,3282,3884,3714,3765,3507,3506,3986,4877,6244,5506,4664,3791,4061,5236,3755,2359,1120,354,69,7657,36127,1121,1372,1676,2045,2016,2092,1861,1852,2101,2486,3170,2773,2378,1917,1899,2387,1632,944,329,71,5,2981,36445,1042,1357,1606,1839,1698,1673,1646,1654,1885,2391,3074,2733,2286,1874,2162,2849,2123,1415,791,283,64,4676
2026,2026-01-01,34108,341088,広島県,広島市佐伯区,ward,34100,136832,4896,6454,7051,6905,6170,5545,6230,7777,8618,9478,10940,8819,8367,8048,8748,9825,6387,3787,2000,663,124,12961,66540,2545,3287,3557,3566,3237,2815,3150,3889,4368,4795,5473,4397,4007,3791,4114,4582,2723,1468,619,138,19,4967,70292,2351,3167,3494,3339,2933,2730,3080,3888,4250,4683,5467,4422,4360,4257,4634,5243,3664,2319,1381,525,105,7994
2026,2026-01-01,34202,342025,広島県,呉市,city,34202,192962,4435,6093,7601,8555,8425,7439,7328,8096,9664,11842,15426,13395,12417,12103,13578,17920,13421,8819,4701,1459,245,28645,93182,2273,3130,3903,4413,4634,4169,3958,4310,5061,6047,7969,6657,6063,5808,6483,7922,5539,3230,1318,264,31,10382,99780,2162,2963,3698,4142,3791,3270,3370,3786,4603,5795,7457,6738,6354,6295,7095,9998,7882,5589,3383,1195,214,18263
2026,2026-01-01,34203,342033,広島県,竹原市,city,34203,21624,415,558,660,839,715,676,704,739,942,1206,1571,1548,1477,1562,1873,2334,1718,1184,648,221,34,3805,10324,224,283,330,424,395,374,371,398,494,629,787,802,739,752,905,1066,680,425,200,41,5,1351,11300,191,275,330,415,320,302,333,341,448,577,784,746,738,810,968,1268,1038,759,448,180,29,2454
2026,2026-01-01,34204,342041,広島県,三原市,city,34204,82411,1902,2796,3626,3734,3195,2655,2958,3588,4391,5125,6488,5444,5348,5729,6600,7474,4981,3377,2124,765,111,11358,39652,944,1495,1853,1912,1685,1407,1587,1833,2243,2681,3288,2720,2569,2793,3040,3528,2122,1197,578,166,11,4074,42759,958,1301,1773,1822,1510,1248,1371,1755,2148,2444,3200,2724,2779,2936,3560,3946,2859,2180,1546,599,100,7284
2026,2026-01-01,34205,342050,広島県,尾道市,city,34205,120011,2731,4010,4984,5328,4669,3877,4344,5208,6528,7302,9022,7884,7642,8578,9490,10970,8002,5137,3078,1049,178,17444,57489,1379,2105,2491,2765,2502,2146,2307,2705,3356,3696,4550,3872,3659,4193,4569,4945,3291,1844,879,217,18,6249,62522,1352,1905,2493,2563,2167,1731,2037,2503,3172,3606,4472,4012,3983,4385,4921,6025,4711,3293,2199,832,160,11195
2026,2026-01-01,34207,342076,広島県,福山市,city,34207,438936,14842,18066,20888,21386,20068,20173,20587,22914,26200,29983,35542,28936,25913,25619,28537,32153,22356,14400,7561,2378,434,47129,213781,7682,9314,10681,10928,10543,10653,10748,11882,13389,15342,17950,14295,12592,12332,13454,14715,9277,5381,2082,491,50,17281,225155,7160,8752,10207,10458,9525,9520,9839,11032,12811,14641,17592,14641,13321,13287,15083,17438,13079,9019,5479,1887,384,29848
2026,2026-01-01,34208,342084,広島県,府中市,city,34208,33545,651,960,1318,1500,1306,1027,1081,1299,1623,1992,2610,2337,2276,2400,2761,3158,2272,1635,940,327,72,5246,16217,329,504,688,776,722,571,590,701,863,1033,1338,1190,1128,1168,1263,1446,937,611,282,70,7,1907,17328,322,456,630,724,584,456,491,598,760,959,1272,1147,1148,1232,1498,1712,1335,1024,658,257,65,3339
2026,2026-01-01,34209,342092,広島県,三次市,city,34209,46307,1368,1714,2009,2086,1666,1561,1831,2104,2494,2856,3394,2820,2793,3366,3727,4018,2586,1914,1392,517,91,6500,22411,697,884,1015,1103,872,824,986,1106,1300,1466,1786,1433,1350,1681,1809,1910,1029,659,383,108,10,2189,23896,671,830,994,983,794,737,845,998,1194,1390,1608,1387,1443,1685,1918,2108,1557,1255,1009,409,81,4311
2026,2026-01-01,34210,342106,広島県,庄原市,city,34210,29798,641,942,1192,1278,999,797,916,1134,1345,1658,1841,1660,1782,2294,2786,2980,1924,1682,1358,501,88,5553,14296,326,477,602,681,534,446,491,609,741,870,972,878,875,1120,1401,1422,782,568,373,121,7,1851,15502,315,465,590,597,465,351,425,525,604,788,869,782,907,1174,1385,1558,1142,1114,985,380,81,3702
2026,2026-01-01,34211,342114,広島県,大竹市,city,34211,24533,626,872,987,992,1045,1013,996,1238,1308,1380,1836,1663,1456,1619,1852,2154,1532,1089,624,210,41,3496,11962,318,437,528,508,548,563,549,689,678,701,940,867,718,753,906,990,654,396,176,40,3,1269,12571,308,435,459,484,497,450,447,549,630,679,896,796,738,866,946,1164,878,693,448,170,38,2227
2026,2026-01-01,34212,342122,広島県,東広島市,city,34212,181215,6633,8221,9319,9645,9806,8755,9502,10532,11451,12577,14406,11942,10798,9814,10129,11767,7735,4632,2562,841,148,15918,91412,3479,4202,4828,4996,5516,4872,5131,5533,6022,6601,7455,6149,5442,4742,4844,5433,3423,1805,760,165,14,6167,89803,3154,4019,4491,4649,4290,3883,4371,4999,5429,5976,6951,5793,5356,5072,5285,6334,4312,2827,1802,676,134,9751
2026,2026-01-01,34213,342131,広島県,廿日市市,city,34213,112766,3917,4959,5471,5208,4610,4283,4956,5933,6994,7397,8382,7217,6859,7435,8095,8907,5642,3600,2094,687,120,12143,54228,2069,2599,2750,2715,2342,2114,2452,2992,3507,3713,4157,3508,3256,3495,3782,4170,2470,1360,622,142,13,4607,58538,1848,2360,2721,2493,2268,2169,2504,2941,3487,3684,4225,3709,3603,3940,4313,4737,3172,2240,1472,545,107,7536
2026,2026-01-01,34214,342149,広島県,安芸高田市,city,34214,24239,473,708,965,1029,810,685,762,930,1160,1467,1729,1523,1515,1854,2140,2465,1636,1127,872,319,70,4024,11786,240,373,476,556,452,368,420,495,612,790,920,805,767,894,1072,1150,704,387,237,54,14,1396,12453,233,335,489,473,358,317,342,435,548,677,809,718,748,960,1068,1315,932,740,635,265,56,2628
2026,2026-01-01,34215,342157,広島県,江田島市,city,34215,19138,296,440,564,591,682,520,604,697,844,1087,1282,1207,1213,1471,1750,2289,1603,1090,663,208,37,3601,9375,144,236,283,324,430,316,375,377,463,613,697,646,602,698,832,1052,669,392,179,41,6,1287,9763,152,204,281,267,252,204,229,320,381,474,585,561,611,773,918,1237,934,698,484,167,31,2314
2026,2026-01-01,34300,343005,広島県,安芸郡,gun_agg,,115967,4792,5567,5764,5435,5074,5649,6155,6840,7213,7640,9263,7874,6919,5772,6309,7858,5964,3638,1690,457,94,11843,56775,2415,2814,2916,2784,2640,2983,3220,3539,3667,3898,4641,3964,3500,2773,2929,3550,2462,1456,527,90,7,4542,59192,2377,2753,2848,2651,2434,2666,2935,3301,3546,3742,4622,3910,3419,2999,3380,4308,3502,2182,1163,367,87,7301
2026,2026-01-01,34302,343021,広島県,安芸郡府中町,town,34302,51038,2109,2541,2652,2324,2174,2518,2826,3209,3367,3432,4055,3551,3283,2664,2684,2987,2268,1431,724,213,26,4662,25052,1052,1330,1322,1187,1133,1324,1475,1646,1715,1725,2035,1750,1653,1285,1292,1345,938,562,236,47,0,1783,25986,1057,1211,1330,1137,1041,1194,1351,1563,1652,1707,2020,1801,1630,1379,1392,1642,1330,869,488,166,26,2879
2026,2026-01-01,34304,343048,広島県,安芸郡海田町,town,34304,29725,1397,1537,1504,1338,1421,1698,1860,1983,1965,2022,2370,1879,1634,1326,1494,1783,1272,776,351,88,27,2514,14772,723,752,765,677,755,914,1007,1043,1021,1052,1167,984,845,638,664,814,517,302,113,16,3,951,14953,674,785,739,661,666,784,853,940,944,970,1203,895,789,688,830,969,755,474,238,72,24,1563
2026,2026-01-01,34307,343072,広島県,安芸郡熊野町,town,34307,23117,855,941,1025,1083,934,924,990,1094,1176,1378,1826,1641,1285,1167,1411,2126,1745,1032,377,88,19,3261,11183,442,465,538,553,464,473,494,583,595,714,936,811,663,553,638,951,724,447,122,16,1,1310,11934,413,476,487,530,470,451,496,511,581,664,890,830,622,614,773,1175,1021,585,255,72,18,1951
2026,2026-01-01,34309,343099,広島県,安芸郡坂町,town,34309,12087,431,548,583,690,545,509,479,554,705,808,1012,803,717,615,720,962,679,399,238,68,22,1406,5768,198,267,291,367,288,272,244,267,336,407,503,419,339,297,335,440,283,145,56,11,3,498,6319,233,281,292,323,257,237,235,287,369,401,509,384,378,318,385,522,396,254,182,57,19,908
2026,2026-01-01,34360,343609,広島県,山県郡,gun_agg,,21018,453,620,753,894,703,598,627,791,934,1151,1490,1236,1359,1615,1856,2160,1338,1121,909,330,80,3778,10220,241,319,379,422,375,358,354,442,508,610,831,634,719,781,943,1035,537,392,268,67,5,1269,10798,212,301,374,472,328,240,273,349,426,541,659,602,640,834,913,1125,801,729,641,263,75,2509
2026,2026-01-01,34368,343684,広島県,山県郡安芸太田町,town,34368,5124,67,123,169,177,117,96,117,169,185,213,324,271,334,425,501,601,418,372,318,99,28,1235,2427,36,65,79,73,67,59,66,89,106,109,185,145,180,206,261,282,168,127,99,24,1,419,2697,31,58,90,104,50,37,51,80,79,104,139,126,154,219,240,319,250,245,219,75,27,816
2026,2026-01-01,34369,343692,広島県,山県郡北広島町,town,34369,15894,386,497,584,717,586,502,510,622,749,938,1166,965,1025,1190,1355,1559,920,749,591,231,52,2543,7793,205,254,300,349,308,299,288,353,402,501,646,489,539,575,682,753,369,265,169,43,4,850,8101,181,243,284,368,278,203,222,269,347,437,520,476,486,615,673,806,551,484,422,188,48,1693
2026,2026-01-01,34420,344206,広島県,豊田郡,gun_agg,,6279,88,135,226,679,177,145,167,144,227,255,340,342,381,412,506,714,573,388,267,91,22,1341,3146,47,68,120,444,113,97,96,90,132,133,196,185,214,217,241,319,235,119,68,10,2,434,3133,41,67,106,235,64,48,71,54,95,122,144,157,167,195,265,395,338,269,199,81,20,907
2026,2026-01-01,34431,344311,広島県,豊田郡大崎上島町,town,34431,6279,88,135,226,679,177,145,167,144,227,255,340,342,381,412,506,714,573,388,267,91,22,1341,3146,47,68,120,444,113,97,96,90,132,133,196,185,214,217,241,319,235,119,68,10,2,434,3133,41,67,106,235,64,48,71,54,95,122,144,157,167,195,265,395,338,269,199,81,20,907
2026,2026-01-01,34460,344605,広島県,世羅郡,gun_agg,,13704,268,445,556,599,380,326,439,503,668,829,872,738,935,1177,1255,1412,874,716,508,169,35,2302,6549,140,227,272,306,202,180,256,260,351,437,461,366,432,567,631,674,354,256,132,41,4,787,7155,128,218,284,293,178,146,183,243,317,392,411,372,503,610,624,738,520,460,376,128,31,1515
2026,2026-01-01,34462,344621,広島県,世羅郡世羅町,town,34462,13704,268,445,556,599,380,326,439,503,668,829,872,738,935,1177,1255,1412,874,716,508,169,35,2302,6549,140,227,272,306,202,180,256,260,351,437,461,366,432,567,631,674,354,256,132,41,4,787,7155,128,218,284,293,178,146,183,243,317,392,411,372,503,610,624,738,520,460,376,128,31,1515
2026,2026-01-01,34540,345407,広島県,神石郡,gun_agg,,7423,129,182,252,258,208,153,201,247,299,373,421,374,495,673,763,804,513,470,433,148,27,1591,3598,62,91,133,132,103,92,114,129,166,209,230,185,251,333,405,379,227,165,138,45,9,584,3825,67,91,119,126,105,61,87,118,133,164,191,189,244,340,358,425,286,305,295,103,18,1007
2026,2026-01-01,34545,345458,広島県,神石郡神石高原町,town,34545,7423,129,182,252,258,208,153,201,247,299,373,421,374,495,673,763,804,513,470,433,148,27,1591,3598,62,91,133,132,103,92,114,129,166,209,230,185,251,333,405,379,227,165,138,45,9,584,3825,67,91,119,126,105,61,87,118,133,164,191,189,244,340,358,425,286,305,295,103,18,1007
2026,2026-01-01,35000,350001,山口県,,pref,,1252391,35979,45152,52990,56964,51712,47521,50370,57663,69122,80046,96349,82220,77766,82007,93559,109389,73142,50578,29055,9217,1585,163577,597261,18392,23144,27335,29156,27138,24930,26305,29843,35002,40501,49081,40078,37625,39072,44048,48598,29394,17742,7974,1736,162,57008,655130,17587,22008,25655,27808,24574,22591,24065,27820,34120,39545,47268,42142,40141,42935,49511,60791,43748,32836,21081,7481,1423,106569
2026,2026-01-01,35201,352012,山口県,下関市,city,35201,234096,6315,8032,9667,10500,9213,8301,9007,10310,12944,14832,17588,15507,14804,15746,18107,21383,14013,9976,5786,1762,303,31840,109154,3204,4120,4949,5374,4743,4247,4573,5275,6465,7452,8812,7329,6981,7349,8328,9279,5384,3356,1577,319,38,10674,124942,3111,3912,4718,5126,4470,4054,4434,5035,6479,7380,8776,8178,7823,8397,9779,12104,8629,6620,4209,1443,265,21166
2026,2026-01-01,35202,352021,山口県,宇部市,city,35202,151652,4580,5644,6482,6681,6707,6284,6399,7186,8542,10007,11627,10039,9267,9336,11039,13283,8347,5736,3268,1015,183,18549,72382,2317,2873,3384,3391,3514,3222,3311,3664,4344,5005,5943,4857,4512,4502,5151,5930,3379,2029,837,199,18,6462,79270,2263,2771,3098,3290,3193,3062,3088,3522,4198,5002,5684,5182,4755,4834,5888,7353,4968,3707,2431,816,165,12087
2026,2026-01-01,35203,352039,山口県,山口市,city,35203,181670,5834,7401,8464,9034,8409,7488,7941,9268,10989,12421,14398,11906,11278,11605,11952,13494,8635,6071,3651,1236,195,19788,86829,2998,3759,4377,4591,4330,3794,4025,4697,5475,6231,7227,5804,5455,5498,5690,6092,3454,2098,978,237,19,6786,94841,2836,3642,4087,4443,4079,3694,3916,4571,5514,6190,7171,6102,5823,6107,6262,7402,5181,3973,2673,999,176,13002
2026,2026-01-01,35204,352047,山口県,萩市,city,35204,40019,683,980,1325,1527,1248,1023,1092,1409,1847,2351,2820,2479,2745,3248,4065,4427,2862,2171,1274,375,68,6750,18607,339,500,666,767,630,542,588,705,955,1226,1463,1193,1304,1581,1902,2007,1093,732,344,64,6,2239,21412,344,480,659,760,618,481,504,704,892,1125,1357,1286,1441,1667,2163,2420,1769,1439,930,311,62,4511
2026,2026-01-01,35206,352063,山口県,防府市,city,35206,109783,3675,4594,5084,5210,4945,4739,5017,5917,6598,7221,8450,7029,6516,6465,7275,8655,5589,3878,2167,631,128,12393,53622,1904,2385,2662,2683,2672,2516,2623,3119,3408,3750,4429,3474,3263,3082,3373,3900,2254,1377,617,117,14,4379,56161,1771,2209,2422,2527,2273,2223,2394,2798,3190,3471,4021,3555,3253,3383,3902,4755,3335,2501,1550,514,114,8014
2026,2026-01-01,35207,352071,山口県,下松市,city,35207,55451,2226,2520,2652,2693,2306,2614,2911,3143,3410,3758,4547,3489,2941,2866,3348,4073,2940,1788,891,294,41,5954,27235,1163,1320,1357,1366,1228,1450,1550,1667,1729,1905,2357,1747,1446,1381,1557,1810,1230,665,245,61,1,2202,28216,1063,1200,1295,1327,1078,1164,1361,1476,1681,1853,2190,1742,1495,1485,1791,2263,1710,1123,646,233,40,3752
2026,2026-01-01,35208,352080,山口県,岩国市,city,35208,119974,3498,4227,4951,5253,4554,4582,4682,5215,6050,7252,9160,7976,7789,8193,9161,10516,7310,5255,3219,966,165,16915,57222,1809,2177,2499,2641,2267,2402,2412,2678,3021,3656,4656,3960,3844,3999,4448,4751,2960,1876,954,191,21,6002,62752,1689,2050,2452,2612,2287,2180,2270,2537,3029,3596,4504,4016,3945,4194,4713,5765,4350,3379,2265,775,144,10913
2026,2026-01-01,35210,352101,山口県,光市,city,35210,46591,1274,1651,1831,2075,1789,1715,1932,2010,2287,2919,3825,3270,2764,2883,3242,4174,3561,2034,978,324,53,6950,22225,642,863,945,1077,947,903,1037,1052,1153,1467,1936,1577,1358,1351,1488,1740,1566,803,262,54,4,2689,24366,632,788,886,998,842,812,895,958,1134,1452,1889,1693,1406,1532,1754,2434,1995,1231,716,270,49,4261
2026,2026-01-01,35211,352110,山口県,長門市,city,35211,28958,520,773,1039,1151,863,687,764,1020,1446,1728,1910,1732,1921,2336,3025,3245,1980,1583,920,276,39,4798,13468,259,409,521,588,472,355,436,528,756,903,950,838,899,1099,1429,1461,740,517,255,48,5,1565,15490,261,364,518,563,391,332,328,492,690,825,960,894,1022,1237,1596,1784,1240,1066,665,228,34,3233
2026,2026-01-01,35212,352128,山口県,柳井市,city,35212,28435,670,890,1104,1230,1020,963,1000,1123,1381,1723,2182,1827,1867,2072,2273,2754,1902,1287,811,307,49,4356,13366,336,464,569,641,507,502,531,604,686,864,1120,884,908,999,1070,1238,754,427,207,52,3,1443,15069,334,426,535,589,513,461,469,519,695,859,1062,943,959,1073,1203,1516,1148,860,604,255,46,2913
2026,2026-01-01,35213,352136,山口県,美祢市,city,35213,20055,283,425,614,781,643,511,552,637,914,1132,1381,1344,1486,1604,2070,2294,1418,1038,647,235,46,3384,9506,153,223,320,421,326,270,306,362,464,589,730,670,730,761,988,1067,543,349,187,44,3,1126,10549,130,202,294,360,317,241,246,275,450,543,651,674,756,843,1082,1227,875,689,460,191,43,2258
2026,2026-01-01,35215,352152,山口県,周南市,city,35215,130907,3937,4665,5518,6079,5583,5275,5544,6100,7179,8306,10712,9047,8088,8344,9324,10995,7733,4932,2602,806,138,16211,63695,1989,2347,2857,3180,3098,2929,3012,3247,3727,4195,5462,4513,3917,3986,4469,4797,3225,1823,759,150,13,5970,67212,1948,2318,2661,2899,2485,2346,2532,2853,3452,4111,5250,4534,4171,4358,4855,6198,4508,3109,1843,656,125,10241
2026,2026-01-01,35216,352161,山口県,山陽小野田市,city,35216,57182,1544,2045,2581,2828,2925,2064,2163,2589,3263,3665,4282,3544,3382,3664,4449,5046,3233,2171,1260,408,76,7148,27316,780,1016,1364,1451,1595,1109,1149,1331,1626,1849,2186,1717,1612,1733,2077,2255,1357,703,313,84,9,2466,29866,764,1029,1217,1377,1330,955,1014,1258,1637,1816,2096,1827,1770,1931,2372,2791,1876,1468,947,324,67,4682
2026,2026-01-01,35300,353001,山口県,大島郡,gun_agg,,13044,178,243,323,423,265,217,266,339,462,605,763,756,866,1135,1328,1750,1239,979,606,251,50,3125,6113,100,132,178,238,147,111,140,170,255,324,392,373,438,583,658,793,514,354,170,40,3,1081,6931,78,111,145,185,118,106,126,169,207,281,371,383,428,552,670,957,725,625,436,211,47,2044
2026,2026-01-01,35305,353051,山口県,大島郡周防大島町,town,35305,13044,178,243,323,423,265,217,266,339,462,605,763,756,866,1135,1328,1750,1239,979,606,251,50,3125,6113,100,132,178,238,147,111,140,170,255,324,392,373,438,583,658,793,514,354,170,40,3,1081,6931,78,111,145,185,118,106,126,169,207,281,371,383,428,552,670,957,725,625,436,211,47,2044
2026,2026-01-01,35320,353205,山口県,玖珂郡,gun_agg,,5513,178,277,332,311,241,226,256,294,375,341,402,344,270,353,378,364,261,166,109,27,8,571,2698,92,154,172,141,131,120,141,159,179,178,198,176,131,165,195,183,87,63,27,5,1,183,2815,86,123,160,170,110,106,115,135,196,163,204,168,139,188,183,181,174,103,82,22,7,388
2026,2026-01-01,35321,353213,山口県,玖珂郡和木町,town,35321,5513,178,277,332,311,241,226,256,294,375,341,402,344,270,353,378,364,261,166,109,27,8,571,2698,92,154,172,141,131,120,141,159,179,178,198,176,131,165,195,183,87,63,27,5,1,183,2815,86,123,160,170,110,106,115,135,196,163,204,168,139,188,183,181,174,103,82,22,7,388
2026,2026-01-01,35340,353400,山口県,熊毛郡,gun_agg,,26228,524,736,921,1089,941,780,789,1008,1306,1627,2141,1758,1621,1921,2208,2593,1898,1325,744,263,35,4265,12531,278,379,461,554,496,423,442,534,690,831,1135,890,750,892,1070,1134,781,510,213,65,3,1572,13697,246,357,460,535,445,357,347,474,616,796,1006,868,871,1029,1138,1459,1117,815,531,198,32,2693
2026,2026-01-01,35341,353418,山口県,熊毛郡上関町,town,35341,2095,19,43,43,50,37,36,43,67,64,75,109,109,144,170,236,277,204,201,116,50,2,573,997,10,25,20,23,22,23,29,33,33,45,66,65,75,89,118,134,84,66,29,8,0,187,1098,9,18,23,27,15,13,14,34,31,30,43,44,69,81,118,143,120,135,87,42,2,386
2026,2026-01-01,35343,353434,山口県,熊毛郡田布施町,town,35343,13747,313,411,504,632,519,410,463,566,732,913,1195,928,843,1018,1050,1270,945,599,319,99,18,1980,6606,161,209,259,319,274,219,253,305,383,464,640,464,375,471,512,538,404,232,93,29,2,760,7141,152,202,245,313,245,191,210,261,349,449,555,464,468,547,538,732,541,367,226,70,16,1220
2026,2026-01-01,35344,353442,山口県,熊毛郡平生町,town,35344,10386,192,282,374,407,385,334,283,375,510,639,837,721,634,733,922,1046,749,525,309,114,15,1712,4928,107,145,182,212,200,181,160,196,274,322,429,361,300,332,440,462,293,212,91,28,1,625,5458,85,137,192,195,185,153,123,179,236,317,408,360,334,401,482,584,456,313,218,86,14,1087
2026,2026-01-01,35500,355003,山口県,阿武郡,gun_agg,,2833,60,49,102,99,60,52,55,95,129,158,161,173,161,236,315,343,221,188,122,41,8,580,1292,29,23,54,52,35,35,29,51,69,76,85,76,77,111,155,161,73,60,29,6,1,169,1541,31,26,48,47,25,17,26,44,60,82,76,97,84,125,160,182,148,128,93,35,7,411
2026,2026-01-01,35502,355020,山口県,阿武郡阿武町,town,35502,2833,60,49,102,99,60,52,55,95,129,158,161,173,161,236,315,343,221,188,122,41,8,580,1292,29,23,54,52,35,35,29,51,69,76,85,76,77,111,155,161,73,60,29,6,1,169,1541,31,26,48,47,25,17,26,44,60,82,76,97,84,125,160,182,148,128,93,35,7,411
2026,2026-01-01,36000,360007,徳島県,,pref,,681660,19282,24375,28095,29539,27320,25997,27664,32943,39516,44645,51575,44744,44735,47122,53556,57807,35686,25664,15464,5156,775,82745,327552,9921,12590,14603,15115,14248,13620,14451,16845,20082,22829,25520,21948,21402,22592,25469,26853,14867,9193,4316,1001,87,29464,354108,9361,11785,13492,14424,13072,12377,13213,16098,19434,21816,26055,22796,23333,24530,28087,30954,20819,16471,11148,4155,688,53281
2026,2026-01-01,36201,362018,徳島県,徳島市,city,36201,239281,7858,9417,10470,10540,10391,10290,11076,13041,14515,15933,18885,16581,15851,15142,15995,17855,11615,7839,4375,1393,219,25441,113862,4078,4858,5395,5354,5310,5311,5614,6601,7196,8056,9137,8000,7496,7188,7320,7996,4719,2755,1186,272,20,8952,125419,3780,4559,5075,5186,5081,4979,5462,6440,7319,7877,9748,8581,8355,7954,8675,9859,6896,5084,3189,1121,199,16489
2026,2026-01-01,36202,362026,徳島県,鳴門市,city,36202,51845,1180,1638,2009,2117,2122,1868,1875,2292,2840,3397,4161,3682,3574,3557,4238,4834,2980,1949,1126,351,55,6461,24935,630,829,1067,1098,1105,974,962,1170,1439,1742,2073,1789,1738,1742,1992,2257,1224,710,319,69,6,2328,26910,550,809,942,1019,1017,894,913,1122,1401,1655,2088,1893,1836,1815,2246,2577,1756,1239,807,282,49,4133
2026,2026-01-01,36203,362034,徳島県,小松島市,city,36203,33575,747,950,1130,1465,1366,1294,1271,1406,1833,2110,2733,2260,2290,2378,2830,3123,1984,1322,800,236,47,4389,16398,371,488,609,764,728,699,722,743,989,1079,1407,1125,1095,1152,1373,1403,862,483,243,57,6,1651,17177,376,462,521,701,638,595,549,663,844,1031,1326,1135,1195,1226,1457,1720,1122,839,557,179,41,2738
2026,2026-01-01,36204,362042,徳島県,阿南市,city,36204,66438,1906,2370,2879,3235,2704,2562,2623,3156,3880,4421,4973,4215,4281,4365,5053,5652,3600,2532,1499,475,57,8163,32387,992,1233,1477,1645,1463,1402,1477,1667,1987,2310,2498,2113,2087,2031,2417,2607,1521,937,428,89,6,2981,34051,914,1137,1402,1590,1241,1160,1146,1489,1893,2111,2475,2102,2194,2334,2636,3045,2079,1595,1071,386,51,5182
2026,2026-01-01,36205,362051,徳島県,吉野川市,city,36205,36245,791,1117,1379,1474,1333,1141,1289,1565,1995,2261,2578,2283,2482,2793,3257,3468,2031,1549,1004,407,48,5039,17194,400,577,711,718,681,608,674,818,1040,1129,1277,1106,1141,1319,1550,1647,879,542,289,84,4,1798,19051,391,540,668,756,652,533,615,747,955,1132,1301,1177,1341,1474,1707,1821,1152,1007,715,323,44,3241
2026,2026-01-01,36206,362069,徳島県,阿波市,city,36206,32939,698,1038,1202,1396,1240,994,1039,1343,1792,2191,2469,2095,2177,2566,3158,3289,1744,1330,873,269,36,4252,15903,352,526,616,715,642,514,538,683,946,1112,1251,1040,1066,1255,1517,1582,759,491,249,44,5,1548,17036,346,512,586,681,598,480,501,660,846,1079,1218,1055,1111,1311,1641,1707,985,839,624,225,31,2704
2026,2026-01-01,36207,362077,徳島県,美馬市,city,36207,25081,567,739,917,972,868,805,783,1106,1394,1515,1712,1546,1661,2121,2499,2394,1334,1121,729,262,36,3482,12156,302,407,480,506,446,451,434,559,722,780,874,776,793,1043,1238,1166,547,392,185,51,4,1179,12925,265,332,437,466,422,354,349,547,672,735,838,770,868,1078,1261,1228,787,729,544,211,32,2303
2026,2026-01-01,36208,362085,徳島県,三好市,city,36208,21343,354,519,716,743,549,499,564,770,1016,1126,1193,1245,1501,2111,2354,2137,1371,1269,894,353,59,3946,10235,185,267,387,387,315,280,311,399,544,621,577,630,747,1056,1191,1073,551,413,231,61,9,1265,11108,169,252,329,356,234,219,253,371,472,505,616,615,754,1055,1163,1064,820,856,663,292,50,2681
2026,2026-01-01,36300,363006,徳島県,勝浦郡,gun_agg,,5691,99,173,177,192,142,126,161,217,284,301,335,302,380,456,561,604,440,385,258,81,17,1181,2724,43,90,89,112,75,70,95,119,146,160,177,160,186,206,278,308,170,156,73,10,1,410,2967,56,83,88,80,67,56,66,98,138,141,158,142,194,250,283,296,270,229,185,71,16,771
2026,2026-01-01,36301,363014,徳島県,勝浦郡勝浦町,town,36301,4416,71,145,144,156,121,89,123,182,225,243,263,236,298,360,453,472,318,265,177,63,12,835,2126,29,78,73,93,62,48,73,99,118,131,138,120,139,169,225,246,118,112,48,7,0,285,2290,42,67,71,63,59,41,50,83,107,112,125,116,159,191,228,226,200,153,129,56,12,550
2026,2026-01-01,36302,363022,徳島県,勝浦郡上勝町,town,36302,1275,28,28,33,36,21,37,38,35,59,58,72,66,82,96,108,132,122,120,81,18,5,346,598,14,12,16,19,13,22,22,20,28,29,39,40,47,37,53,62,52,44,25,3,1,125,677,14,16,17,17,8,15,16,15,31,29,33,26,35,59,55,70,70,76,56,15,4,221
2026,2026-01-01,36320,363201,徳島県,名東郡,gun_agg,,2060,31,51,73,64,60,56,55,58,100,129,124,117,134,163,222,234,150,130,78,27,4,389,1014,17,27,44,39,40,35,26,29,60,61,62,61,75,69,104,119,69,46,24,7,0,146,1046,14,24,29,25,20,21,29,29,40,68,62,56,59,94,118,115,81,84,54,20,4,243
2026,2026-01-01,36321,363219,徳島県,名東郡佐那河内村,village,36321,2060,31,51,73,64,60,56,55,58,100,129,124,117,134,163,222,234,150,130,78,27,4,389,1014,17,27,44,39,40,35,26,29,60,61,62,61,75,69,104,119,69,46,24,7,0,146,1046,14,24,29,25,20,21,29,29,40,68,62,56,59,94,118,115,81,84,54,20,4,243
2026,2026-01-01,36340,363405,徳島県,名西郡,gun_agg,,28486,817,1039,1217,1273,998,978,1094,1318,1684,1873,1965,1708,1842,1994,2358,2596,1535,1138,754,268,37,3732,13646,436,549,628,652,531,495,566,649,839,976,973,813,886,957,1133,1224,652,398,220,63,6,1339,14840,381,490,589,621,467,483,528,669,845,897,992,895,956,1037,1225,1372,883,740,534,205,31,2393
2026,2026-01-01,36341,363413,徳島県,名西郡石井町,town,36341,23989,749,922,1099,1048,920,873,984,1139,1470,1659,1776,1499,1544,1603,1835,2098,1243,810,504,191,23,2771,11471,398,489,555,537,482,443,505,558,728,853,870,715,741,758,857,957,548,292,141,40,4,1025,12518,351,433,544,511,438,430,479,581,742,806,906,784,803,845,978,1141,695,518,363,151,19,1746
2026,2026-01-01,36342,363421,徳島県,名西郡神山町,town,36342,4497,68,117,118,225,78,105,110,179,214,214,189,209,298,391,523,498,292,328,250,77,14,961,2175,38,60,73,115,49,52,61,91,111,123,103,98,145,199,276,267,104,106,79,23,2,314,2322,30,57,45,110,29,53,49,88,103,91,86,111,153,192,247,231,188,222,171,54,12,647
2026,2026-01-01,36360,363600,徳島県,那賀郡,gun_agg,,6754,85,159,182,250,178,131,140,188,291,324,379,355,464,566,734,784,496,541,356,133,18,1544,3260,42,85,97,140,108,74,77,99,160,172,211,176,238,287,389,378,192,190,117,28,0,527,3494,43,74,85,110,70,57,63,89,131,152,168,179,226,279,345,406,304,351,239,105,18,1017
2026,2026-01-01,36368,363685,徳島県,那賀郡那賀町,town,36368,6754,85,159,182,250,178,131,140,188,291,324,379,355,464,566,734,784,496,541,356,133,18,1544,3260,42,85,97,140,108,74,77,99,160,172,211,176,238,287,389,378,192,190,117,28,0,527,3494,43,74,85,110,70,57,63,89,131,152,168,179,226,279,345,406,304,351,239,105,18,1017
2026,2026-01-01,36380,363804,徳島県,海部郡,gun_agg,,16428,252,355,438,503,448,420,406,505,712,803,961,1056,1206,1342,1644,1927,1371,1104,718,216,41,3450,7789,123,177,200,281,237,228,219,282,378,430,488,522,588,696,808,891,559,428,201,48,5,1241,8639,129,178,238,222,211,192,187,223,334,373,473,534,618,646,836,1036,812,676,517,168,36,2209
2026,2026-01-01,36383,363839,徳島県,海部郡牟岐町,town,36383,3258,36,56,65,100,74,80,69,86,117,160,189,201,238,260,342,433,314,207,171,47,13,752,1536,16,30,28,59,44,40,42,49,67,88,104,103,116,127,157,197,131,75,52,11,0,269,1722,20,26,37,41,30,40,27,37,50,72,85,98,122,133,185,236,183,132,119,36,13,483
2026,2026-01-01,36387,363871,徳島県,海部郡美波町,town,36387,5442,91,126,153,159,160,144,144,178,266,255,286,350,389,431,553,568,481,392,230,78,8,1189,2569,46,69,61,82,78,76,78,96,141,139,147,175,197,229,276,251,188,161,63,16,0,428,2873,45,57,92,77,82,68,66,82,125,116,139,175,192,202,277,317,293,231,167,62,8,761
2026,2026-01-01,36388,363880,徳島県,海部郡海陽町,town,36388,7728,125,173,220,244,214,196,193,241,329,388,486,505,579,651,749,926,576,505,317,91,20,1509,3684,61,78,111,140,115,112,99,137,170,203,237,244,275,340,375,443,240,192,86,21,5,544,4044,64,95,109,104,99,84,94,104,159,185,249,261,304,311,374,483,336,313,231,70,15,965
2026,2026-01-01,36400,364002,徳島県,板野郡,gun_agg,,95658,3456,4172,4560,4576,4298,4268,4597,5106,6130,7128,7818,6103,5514,5808,6670,7093,3979,2497,1397,432,56,8361,46532,1739,2154,2391,2338,2241,2180,2368,2574,3072,3598,3870,3043,2612,2728,3147,3329,1716,930,405,86,11,3148,49126,1717,2018,2169,2238,2057,2088,2229,2532,3058,3530,3948,3060,2902,3080,3523,3764,2263,1567,992,346,45,5213
2026,2026-01-01,36401,364011,徳島県,板野郡松茂町,town,36401,13952,397,464,639,694,742,700,669,679,822,1078,1255,1001,888,849,889,992,581,347,217,46,3,1194,6945,207,236,312,360,398,391,361,350,413,547,657,506,435,431,425,457,256,123,70,9,1,459,7007,190,228,327,334,344,309,308,329,409,531,598,495,453,418,464,535,325,224,147,37,2,735
2026,2026-01-01,36402,364029,徳島県,板野郡北島町,town,36402,23609,1029,1202,1203,1188,994,1083,1247,1358,1654,1754,1933,1477,1268,1289,1398,1562,936,614,317,96,7,1970,11536,519,630,638,605,512,552,641,678,829,873,981,731,612,607,645,742,400,229,92,18,2,741,12073,510,572,565,583,482,531,606,680,825,881,952,746,656,682,753,820,536,385,225,78,5,1229
2026,2026-01-01,36403,364037,徳島県,板野郡藍住町,town,36403,34850,1365,1675,1845,1751,1618,1638,1801,2029,2366,2681,2794,2098,1875,1984,2349,2379,1314,735,403,130,20,2602,16838,692,849,975,884,837,824,900,997,1153,1373,1323,1046,850,890,1106,1121,586,289,115,24,4,1018,18012,673,826,870,867,781,814,901,1032,1213,1308,1471,1052,1025,1094,1243,1258,728,446,288,106,16,1584
2026,2026-01-01,36404,364045,徳島県,板野郡板野町,town,36404,12449,389,473,459,497,491,506,520,553,701,851,994,827,821,879,1046,1071,599,420,249,88,15,1371,5999,179,253,248,257,269,239,275,288,368,431,502,407,407,415,507,485,241,137,68,21,2,469,6450,210,220,211,240,222,267,245,265,333,420,492,420,414,464,539,586,358,283,181,67,13,902
2026,2026-01-01,36405,364053,徳島県,板野郡上板町,town,36405,10798,276,358,414,446,453,341,360,487,587,764,842,700,662,807,988,1089,549,381,211,72,11,1224,5214,142,186,218,232,225,174,191,261,309,374,407,353,308,385,464,524,233,152,60,14,2,461,5584,134,172,196,214,228,167,169,226,278,390,435,347,354,422,524,565,316,229,151,58,9,763
2026,2026-01-01,36460,364606,徳島県,美馬郡,gun_agg,,7079,101,146,209,211,226,156,197,221,357,360,409,445,485,694,778,724,499,447,274,116,24,1360,3359,59,72,124,111,118,95,104,121,195,188,201,226,235,344,393,347,199,146,65,14,2,426,3720,42,74,85,100,108,61,93,100,162,172,208,219,250,350,385,377,300,301,209,102,22,934
2026,2026-01-01,36468,364681,徳島県,美馬郡つるぎ町,town,36468,7079,101,146,209,211,226,156,197,221,357,360,409,445,485,694,778,724,499,447,274,116,24,1360,3359,59,72,124,111,118,95,104,121,195,188,201,226,235,344,393,347,199,146,65,14,2,426,3720,42,74,85,100,108,61,93,100,162,172,208,219,250,350,385,377,300,301,209,102,22,934
2026,2026-01-01,36480,364801,徳島県,三好郡,gun_agg,,12757,340,492,537,528,397,409,494,651,693,773,880,751,893,1066,1205,1093,557,511,329,137,21,1555,6158,152,251,288,255,208,204,264,332,369,415,444,368,419,519,619,526,248,176,81,18,2,525,6599,188,241,249,273,189,205,230,319,324,358,436,383,474,547,586,567,309,335,248,119,19,1030
2026,2026-01-01,36489,364894,徳島県,三好郡東みよし町,town,36489,12757,340,492,537,528,397,409,494,651,693,773,880,751,893,1066,1205,1093,557,511,329,137,21,1555,6158,152,251,288,255,208,204,264,332,369,415,444,368,419,519,619,526,248,176,81,18,2,525,6599,188,241,249,273,189,205,230,319,324,358,436,383,474,547,586,567,309,335,248,119,19,1030
2026,2026-01-01,37000,370002,香川県,,pref,,910332,27544,34920,40134,42119,39589,38047,39125,45429,53057,62469,72965,59893,55947,57317,62648,74661,46063,31903,19150,6331,1021,104468,440243,14144,17831,20661,21646,20395,19925,20118,23280,26930,31689,37033,29954,27265,27567,29583,34125,19178,11873,5571,1324,151,38097,470089,13400,17089,19473,20473,19194,18122,19007,22149,26127,30780,35932,29939,28682,29750,33065,40536,26885,20030,13579,5007,870,66371
2026,2026-01-01,37201,372013,香川県,高松市,city,37201,408200,13618,16562,18753,19444,18696,18735,19157,21846,25290,29173,34399,27839,24787,23596,25146,30083,18478,12626,7173,2424,375,41076,196785,6971,8434,9588,10050,9491,9587,9695,11012,12578,14627,17351,13828,12023,11327,11770,13505,7614,4700,2081,491,62,14948,211415,6647,8128,9165,9394,9205,9148,9462,10834,12712,14546,17048,14011,12764,12269,13376,16578,10864,7926,5092,1933,313,26128
2026,2026-01-01,37202,372021,香川県,丸亀市,city,37202,107263,3803,4562,5092,5301,4865,4989,5086,5702,6592,7590,8843,6825,6172,6194,7027,8126,4824,3188,1865,548,69,10494,52068,1959,2376,2606,2663,2480,2554,2552,2948,3383,3865,4477,3438,2947,2902,3329,3696,2034,1204,526,119,10,3893,55195,1844,2186,2486,2638,2385,2435,2534,2754,3209,3725,4366,3387,3225,3292,3698,4430,2790,1984,1339,429,59,6601
2026,2026-01-01,37203,372030,香川県,坂出市,city,37203,47235,1225,1603,1978,2153,1983,1782,1850,2090,2436,3209,3847,3060,2822,3038,3350,4560,2750,1866,1160,397,76,6249,22854,669,847,998,1122,1056,972,980,1095,1230,1657,1919,1604,1407,1463,1544,2063,1161,656,323,78,10,2228,24381,556,756,980,1031,927,810,870,995,1206,1552,1928,1456,1415,1575,1806,2497,1589,1210,837,319,66,4021
2026,2026-01-01,37204,372048,香川県,善通寺市,city,37204,28969,891,1088,1246,1399,1534,1379,1326,1569,1672,1861,2072,1685,1706,1725,1990,2452,1458,1080,602,196,38,3374,14389,466,540,650,752,850,786,737,869,893,961,1087,864,832,811,970,1111,615,365,179,46,5,1210,14580,425,548,596,647,684,593,589,700,779,900,985,821,874,914,1020,1341,843,715,423,150,33,2164
2026,2026-01-01,37205,372056,香川県,観音寺市,city,37205,53956,1529,2043,2337,2372,2067,2072,2249,2559,3001,3586,3877,3508,3586,3741,4028,4491,2941,2142,1321,437,69,6910,26127,768,1052,1229,1250,1077,1121,1158,1323,1552,1837,1989,1733,1738,1844,1894,2063,1190,815,375,103,16,2499,27829,761,991,1108,1122,990,951,1091,1236,1449,1749,1888,1775,1848,1897,2134,2428,1751,1327,946,334,53,4411
2026,2026-01-01,37206,372064,香川県,さぬき市,city,37206,42698,809,1201,1568,1805,1780,1422,1382,1603,2137,2612,3340,2940,2906,3230,3513,4150,2749,1936,1182,376,57,6300,20559,412,597,812,898,929,754,720,830,1107,1344,1736,1442,1445,1586,1681,1947,1124,738,369,78,10,2319,22139,397,604,756,907,851,668,662,773,1030,1268,1604,1498,1461,1644,1832,2203,1625,1198,813,298,47,3981
2026,2026-01-01,37207,372072,香川県,東かがわ市,city,37207,26276,436,702,850,923,908,745,771,940,1210,1469,1898,1827,1791,1936,2295,2845,2018,1472,930,264,46,4730,12525,240,361,446,436,487,414,412,502,627,750,973,905,865,923,1117,1333,815,558,287,71,3,1734,13751,196,341,404,487,421,331,359,438,583,719,925,922,926,1013,1178,1512,1203,914,643,193,43,2996
2026,2026-01-01,37208,372081,香川県,三豊市,city,37208,58066,1517,2055,2475,2599,2178,1908,2000,2598,3110,3834,4308,3559,3797,4133,4595,5471,3337,2371,1599,546,76,7929,28005,755,1045,1276,1321,1124,997,1054,1355,1632,1962,2220,1817,1891,1955,2170,2576,1400,874,469,103,9,2855,30061,762,1010,1199,1278,1054,911,946,1243,1478,1872,2088,1742,1906,2178,2425,2895,1937,1497,1130,443,67,5074
2026,2026-01-01,37320,373206,香川県,小豆郡,gun_agg,,24502,461,754,833,840,716,581,732,914,1215,1468,1690,1528,1669,1974,2349,2682,1693,1207,817,319,60,4096,11721,235,368,434,447,389,316,422,440,651,754,859,778,800,970,1127,1256,715,451,242,58,9,1475,12781,226,386,399,393,327,265,310,474,564,714,831,750,869,1004,1222,1426,978,756,575,261,51,2621
2026,2026-01-01,37322,373222,香川県,小豆郡土庄町,town,37322,11930,219,371,411,416,337,292,321,443,621,760,780,752,781,974,1205,1326,803,564,380,147,27,1921,5666,113,191,211,211,176,159,187,212,322,387,396,367,384,465,579,633,336,213,102,19,3,673,6264,106,180,200,205,161,133,134,231,299,373,384,385,397,509,626,693,467,351,278,128,24,1248
2026,2026-01-01,37324,373249,香川県,小豆郡小豆島町,town,37324,12572,242,383,422,424,379,289,411,471,594,708,910,776,888,1000,1144,1356,890,643,437,172,33,2175,6055,122,177,223,236,213,157,235,228,329,367,463,411,416,505,548,623,379,238,140,39,6,802,6517,120,206,199,188,166,132,176,243,265,341,447,365,472,495,596,733,511,405,297,133,27,1373
2026,2026-01-01,37340,373401,香川県,木田郡,gun_agg,,26335,780,1116,1251,1239,1168,946,1008,1268,1598,1840,2030,1567,1613,1833,1988,2196,1281,849,558,177,29,2894,12724,384,571,660,623,586,485,508,626,811,930,1005,783,763,891,954,1019,594,329,171,28,3,1125,13611,396,545,591,616,582,461,500,642,787,910,1025,784,850,942,1034,1177,687,520,387,149,26,1769
2026,2026-01-01,37341,373419,香川県,木田郡三木町,town,37341,26335,780,1116,1251,1239,1168,946,1008,1268,1598,1840,2030,1567,1613,1833,1988,2196,1281,849,558,177,29,2894,12724,384,571,660,623,586,485,508,626,811,930,1005,783,763,891,954,1019,594,329,171,28,3,1125,13611,396,545,591,616,582,461,500,642,787,910,1025,784,850,942,1034,1177,687,520,387,149,26,1769
2026,2026-01-01,37360,373605,香川県,香川郡,gun_agg,,2773,78,100,86,91,108,193,153,180,154,190,182,159,141,154,174,244,179,116,74,13,4,386,1435,45,56,46,45,60,119,89,102,83,108,97,84,85,77,73,125,78,41,19,3,0,141,1338,33,44,40,46,48,74,64,78,71,82,85,75,56,77,101,119,101,75,55,10,4,245
2026,2026-01-01,37364,373648,香川県,香川郡直島町,town,37364,2773,78,100,86,91,108,193,153,180,154,190,182,159,141,154,174,244,179,116,74,13,4,386,1435,45,56,46,45,60,119,89,102,83,108,97,84,85,77,73,125,78,41,19,3,0,141,1338,33,44,40,46,48,74,64,78,71,82,85,75,56,77,101,119,101,75,55,10,4,245
2026,2026-01-01,37380,373800,香川県,綾歌郡,gun_agg,,39643,1353,1633,1773,1864,1751,1732,1849,2170,2285,2752,3187,2594,2264,2566,2725,3083,1828,1221,715,239,59,4062,19338,699,828,905,946,881,920,943,1126,1180,1391,1599,1283,1109,1223,1348,1423,781,473,216,56,8,1534,20305,654,805,868,918,870,812,906,1044,1105,1361,1588,1311,1155,1343,1377,1660,1047,748,499,183,51,2528
2026,2026-01-01,37386,373869,香川県,綾歌郡宇多津町,town,37386,17475,699,774,847,911,886,975,1021,1087,1092,1273,1570,1224,1007,960,876,964,618,385,235,57,14,1309,8527,369,388,435,462,433,505,514,574,567,633,785,593,474,468,427,428,250,140,70,10,2,472,8948,330,386,412,449,453,470,507,513,525,640,785,631,533,492,449,536,368,245,165,47,12,837
2026,2026-01-01,37387,373877,香川県,綾歌郡綾川町,town,37387,22168,654,859,926,953,865,757,828,1083,1193,1479,1617,1370,1257,1606,1849,2119,1210,836,480,182,45,2753,10811,330,440,470,484,448,415,429,552,613,758,814,690,635,755,921,995,531,333,146,46,6,1062,11357,324,419,456,469,417,342,399,531,580,721,803,680,622,851,928,1124,679,503,334,136,39,1691
2026,2026-01-01,37400,374008,香川県,仲多度郡,gun_agg,,44416,1044,1501,1892,2089,1835,1563,1562,1990,2357,2885,3292,2802,2693,3197,3468,4278,2527,1829,1154,395,63,5968,21713,541,756,1011,1093,985,900,848,1052,1203,1503,1721,1395,1360,1595,1606,2008,1057,669,314,90,6,2136,22703,503,745,881,996,850,663,714,938,1154,1382,1571,1407,1333,1602,1862,2270,1470,1160,840,305,57,3832
2026,2026-01-01,37403,374032,香川県,仲多度郡琴平町,town,37403,7662,155,203,255,292,296,293,214,268,330,457,569,557,494,544,623,827,523,418,255,76,13,1285,3617,69,103,142,145,154,161,119,143,158,232,290,286,251,260,287,383,192,140,80,19,3,434,4045,86,100,113,147,142,132,95,125,172,225,279,271,243,284,336,444,331,278,175,57,10,851
2026,2026-01-01,37404,374041,香川県,仲多度郡多度津町,town,37404,20214,469,700,851,1011,941,786,763,956,1106,1351,1627,1296,1212,1358,1467,1857,1153,704,437,144,25,2463,9995,251,360,447,527,527,470,420,509,571,705,852,621,614,673,685,847,490,277,116,31,2,916,10219,218,340,404,484,414,316,343,447,535,646,775,675,598,685,782,1010,663,427,321,113,23,1547
2026,2026-01-01,37406,374067,香川県,仲多度郡まんのう町,town,37406,16540,420,598,786,786,598,484,585,766,921,1077,1096,949,987,1295,1378,1594,851,707,462,175,25,2220,8101,221,293,422,421,304,269,309,400,474,566,579,488,495,662,634,778,375,252,118,40,1,786,8439,199,305,364,365,294,215,276,366,447,511,517,461,492,633,744,816,476,455,344,135,24,1434
2026,2026-01-01,38000,380008,愛媛県,,pref,,1259688,35440,45823,54085,57478,50348,48429,52519,60417,71798,82938,97382,83173,83514,85116,93172,103799,66813,48178,28084,9580,1602,154257,599061,18075,23590,27853,29326,26189,24975,27197,30398,35925,41765,48899,40572,40092,40549,43175,46645,26990,16933,7826,1890,197,53836,660627,17365,22233,26232,28152,24159,23454,25322,30019,35873,41173,48483,42601,43422,44567,49997,57154,39823,31245,20258,7690,1405,100421
2026,2026-01-01,38201,382019,愛媛県,松山市,city,38201,487305,15200,19126,22071,23117,22148,21633,23166,25838,29948,34188,39474,33362,32013,30540,31649,34339,22450,15083,8622,2884,454,49493,228850,7782,9842,11347,11605,11218,10700,11585,12614,14617,16554,19334,15896,14900,14282,14470,14957,9010,5200,2297,585,55,17147,258455,7418,9284,10724,11512,10930,10933,11581,13224,15331,17634,20140,17466,17113,16258,17179,19382,13440,9883,6325,2299,399,32346
2026,2026-01-01,38202,382027,愛媛県,今治市,city,38202,141007,3513,4719,5732,6208,5252,5079,5317,6223,7584,8969,11217,9616,9037,9302,10628,13254,8811,5922,3272,1132,220,19357,66647,1781,2417,2962,3176,2683,2650,2792,3213,3857,4573,5623,4653,4332,4424,4786,5933,3492,2118,953,204,25,6792,74360,1732,2302,2770,3032,2569,2429,2525,3010,3727,4396,5594,4963,4705,4878,5842,7321,5319,3804,2319,928,195,12565
2026,2026-01-01,38203,382035,愛媛県,宇和島市,city,38203,64676,1447,1881,2405,2624,2018,1959,2073,2402,3125,3943,4740,4266,4624,5108,5830,6710,4021,3023,1822,576,79,9521,30667,713,1015,1277,1381,1069,1081,1120,1240,1585,2103,2422,2105,2241,2429,2697,3073,1544,978,472,111,11,3116,34009,734,866,1128,1243,949,878,953,1162,1540,1840,2318,2161,2383,2679,3133,3637,2477,2045,1350,465,68,6405
2026,2026-01-01,38204,382043,愛媛県,八幡浜市,city,38204,28788,605,843,1030,1090,877,783,881,1193,1360,1635,2038,2042,2122,2274,2582,2846,1929,1502,818,291,47,4587,13610,314,437,545,558,442,417,485,576,714,861,1016,986,1053,1122,1194,1316,752,548,216,47,11,1574,15178,291,406,485,532,435,366,396,617,646,774,1022,1056,1069,1152,1388,1530,1177,954,602,244,36,3013
2026,2026-01-01,38205,382051,愛媛県,新居浜市,city,38205,109327,3447,4137,4827,5149,4469,4767,4863,5334,6182,7229,8657,6980,6854,6595,7366,9193,5856,4131,2343,801,147,13278,52827,1778,2121,2472,2671,2425,2570,2601,2771,3106,3751,4452,3533,3437,3099,3392,4028,2397,1424,628,158,13,4620,56500,1669,2016,2355,2478,2044,2197,2262,2563,3076,3478,4205,3447,3417,3496,3974,5165,3459,2707,1715,643,134,8658
2026,2026-01-01,38206,382060,愛媛県,西条市,city,38206,99893,2953,3854,4466,4597,3809,3720,4273,4835,5789,6492,7684,6368,6680,6724,7483,7997,5099,3761,2344,809,156,12169,48246,1495,1927,2302,2332,2094,2005,2213,2512,2933,3351,3949,3179,3232,3242,3485,3659,2147,1328,682,163,16,4336,51647,1458,1927,2164,2265,1715,1715,2060,2323,2856,3141,3735,3189,3448,3482,3998,4338,2952,2433,1662,646,140,7833
2026,2026-01-01,38207,382078,愛媛県,大洲市,city,38207,37797,911,1276,1606,1664,1295,1187,1342,1600,2036,2296,2711,2349,2662,3018,3226,3343,2050,1726,1034,400,65,5275,18278,469,644,832,857,716,634,714,833,998,1183,1370,1172,1328,1537,1525,1604,850,609,296,98,9,1862,19519,442,632,774,807,579,553,628,767,1038,1113,1341,1177,1334,1481,1701,1739,1200,1117,738,302,56,3413
2026,2026-01-01,38210,382108,愛媛県,伊予市,city,38210,34377,926,1374,1557,1597,1267,1090,1304,1674,2029,2183,2500,2186,2282,2505,2663,2878,1839,1389,810,278,46,4362,16305,464,720,829,812,648,557,656,842,1010,1122,1239,1078,1103,1190,1223,1330,742,472,215,48,5,1482,18072,462,654,728,785,619,533,648,832,1019,1061,1261,1108,1179,1315,1440,1548,1097,917,595,230,41,2880
2026,2026-01-01,38213,382132,愛媛県,四国中央市,city,38213,78327,2045,2721,3278,3629,3026,2928,3232,3825,4444,5140,6110,5075,5262,5380,6075,6571,4100,3041,1767,580,98,9586,38574,1038,1416,1702,1843,1698,1635,1757,2007,2386,2668,3214,2589,2574,2666,2884,3064,1686,1110,507,117,13,3433,39753,1007,1305,1576,1786,1328,1293,1475,1818,2058,2472,2896,2486,2688,2714,3191,3507,2414,1931,1260,463,85,6153
2026,2026-01-01,38214,382141,愛媛県,西予市,city,38214,32431,662,1000,1205,1291,867,755,939,1225,1596,1908,2078,1964,2263,2477,2980,3366,2160,1962,1224,438,71,5855,15534,341,506,597,710,481,413,520,637,799,1054,1068,968,1148,1234,1422,1591,878,705,356,96,10,2045,16897,321,494,608,581,386,342,419,588,797,854,1010,996,1115,1243,1558,1775,1282,1257,868,342,61,3810
2026,2026-01-01,38215,382159,愛媛県,東温市,city,38215,32282,1028,1297,1467,1519,1502,1254,1410,1626,1969,2244,2342,2023,1983,2243,2436,2420,1485,1134,643,223,34,3519,15304,544,658,736,759,705,591,724,800,1011,1104,1185,995,932,1045,1160,1090,608,428,184,40,5,1265,16978,484,639,731,760,797,663,686,826,958,1140,1157,1028,1051,1198,1276,1330,877,706,459,183,29,2254
2026,2026-01-01,38340,383406,愛媛県,越智郡,gun_agg,,5629,89,111,186,455,181,113,138,174,208,253,320,268,356,430,545,715,458,342,220,56,11,1087,2824,44,59,100,306,113,68,82,89,111,142,178,139,183,205,254,355,194,121,64,14,3,396,2805,45,52,86,149,68,45,56,85,97,111,142,129,173,225,291,360,264,221,156,42,8,691
2026,2026-01-01,38356,383562,愛媛県,越智郡上島町,town,38356,5629,89,111,186,455,181,113,138,174,208,253,320,268,356,430,545,715,458,342,220,56,11,1087,2824,44,59,100,306,113,68,82,89,111,142,178,139,183,205,254,355,194,121,64,14,3,396,2805,45,52,86,149,68,45,56,85,97,111,142,129,173,225,291,360,264,221,156,42,8,691
2026,2026-01-01,38380,383805,愛媛県,上浮穴郡,gun_agg,,6656,107,172,182,199,158,151,159,242,254,299,390,382,510,612,672,630,451,557,373,135,21,1537,3214,44,95,105,92,96,84,89,140,137,165,207,196,257,328,340,314,171,206,113,31,4,525,3442,63,77,77,107,62,67,70,102,117,134,183,186,253,284,332,316,280,351,260,104,17,1012
2026,2026-01-01,38386,383864,愛媛県,上浮穴郡久万高原町,town,38386,6656,107,172,182,199,158,151,159,242,254,299,390,382,510,612,672,630,451,557,373,135,21,1537,3214,44,95,105,92,96,84,89,140,137,165,207,196,257,328,340,314,171,206,113,31,4,525,3442,63,77,77,107,62,67,70,102,117,134,183,186,253,284,332,316,280,351,260,104,17,1012
2026,2026-01-01,38400,384003,愛媛県,伊予郡,gun_agg,,49449,1545,2036,2327,2426,1959,1811,2002,2458,3046,3322,3743,3012,3056,3422,3702,3881,2624,1732,961,327,57,5701,23446,766,1066,1140,1231,1010,915,1064,1195,1479,1668,1872,1446,1463,1547,1756,1690,1112,662,298,58,8,2138,26003,779,970,1187,1195,949,896,938,1263,1567,1654,1871,1566,1593,1875,1946,2191,1512,1070,663,269,49,3563
2026,2026-01-01,38401,384011,愛媛県,伊予郡松前町,town,38401,29615,998,1265,1459,1452,1187,1153,1219,1530,1908,1973,2251,1800,1817,1963,2118,2166,1529,1020,590,185,32,3356,14040,492,674,714,742,614,574,641,749,923,990,1116,862,875,895,1003,929,664,366,183,30,4,1247,15575,506,591,745,710,573,579,578,781,985,983,1135,938,942,1068,1115,1237,865,654,407,155,28,2109
2026,2026-01-01,38402,384020,愛媛県,伊予郡砥部町,town,38402,19834,547,771,868,974,772,658,783,928,1138,1349,1492,1212,1239,1459,1584,1715,1095,712,371,142,25,2345,9406,274,392,426,489,396,341,423,446,556,678,756,584,588,652,753,761,448,296,115,28,4,891,10428,273,379,442,485,376,317,360,482,582,671,736,628,651,807,831,954,647,416,256,114,21,1454
2026,2026-01-01,38420,384208,愛媛県,喜多郡,gun_agg,,14296,316,437,572,601,489,376,442,571,706,850,924,874,990,1188,1281,1350,862,795,451,194,27,2329,6899,155,220,309,303,241,200,240,285,360,426,492,451,489,617,627,632,372,298,137,41,4,852,7397,161,217,263,298,248,176,202,286,346,424,432,423,501,571,654,718,490,497,314,153,23,1477
2026,2026-01-01,38422,384224,愛媛県,喜多郡内子町,town,38422,14296,316,437,572,601,489,376,442,571,706,850,924,874,990,1188,1281,1350,862,795,451,194,27,2329,6899,155,220,309,303,241,200,240,285,360,426,492,451,489,617,627,632,372,298,137,41,4,852,7397,161,217,263,298,248,176,202,286,346,424,432,423,501,571,654,718,490,497,314,153,23,1477
2026,2026-01-01,38440,384402,愛媛県,西宇和郡,gun_agg,,7385,111,129,218,286,199,167,198,207,257,365,397,504,598,693,791,814,539,467,330,104,11,1451,3609,53,68,115,144,123,96,120,116,138,199,218,257,315,362,398,401,207,157,106,16,0,486,3776,58,61,103,142,76,71,78,91,119,166,179,247,283,331,393,413,332,310,224,88,11,965
2026,2026-01-01,38442,384429,愛媛県,西宇和郡伊方町,town,38442,7385,111,129,218,286,199,167,198,207,257,365,397,504,598,693,791,814,539,467,330,104,11,1451,3609,53,68,115,144,123,96,120,116,138,199,218,257,315,362,398,401,207,157,106,16,0,486,3776,58,61,103,142,76,71,78,91,119,166,179,247,283,331,393,413,332,310,224,88,11,965
2026,2026-01-01,38480,384801,愛媛県,北宇和郡,gun_agg,,12171,251,331,388,452,332,239,330,431,518,632,815,712,892,1021,1285,1369,822,674,476,169,32,2173,5769,135,190,180,238,171,118,183,228,275,336,423,342,464,487,622,647,335,230,139,23,3,730,6402,116,141,208,214,161,121,147,203,243,296,392,370,428,534,663,722,487,444,337,146,29,1443
2026,2026-01-01,38484,384844,愛媛県,北宇和郡松野町,town,38484,3353,60,95,93,113,91,60,99,102,145,166,245,232,219,288,367,375,239,180,130,46,8,603,1610,35,57,42,51,50,36,55,58,77,92,116,128,114,136,175,175,101,64,41,6,1,213,1743,25,38,51,62,41,24,44,44,68,74,129,104,105,152,192,200,138,116,89,40,7,390
2026,2026-01-01,38488,384887,愛媛県,北宇和郡鬼北町,town,38488,8818,191,236,295,339,241,179,231,329,373,466,570,480,673,733,918,994,583,494,346,123,24,1570,4159,100,133,138,187,121,82,128,170,198,244,307,214,350,351,447,472,234,166,98,17,2,517,4659,91,103,157,152,120,97,103,159,175,222,263,266,323,382,471,522,349,328,248,106,22,1053
2026,2026-01-01,38500,385000,愛媛県,南宇和郡,gun_agg,,17892,284,379,568,574,500,417,450,559,747,990,1242,1190,1330,1584,1978,2123,1257,937,574,183,26,2977,8458,159,189,303,308,256,241,252,300,409,505,637,587,641,733,940,961,493,339,163,40,2,1037,9434,125,190,265,266,244,176,198,259,338,485,605,603,689,851,1038,1162,764,598,411,143,24,1940
2026,2026-01-01,38506,385069,愛媛県,南宇和郡愛南町,town,38506,17892,284,379,568,574,500,417,450,559,747,990,1242,1190,1330,1584,1978,2123,1257,937,574,183,26,2977,8458,159,189,303,308,256,241,252,300,409,505,637,587,641,733,940,961,493,339,163,40,2,1037,9434,125,190,265,266,244,176,198,259,338,485,605,603,689,851,1038,1162,764,598,411,143,24,1940
2026,2026-01-01,39000,390003,高知県,,pref,,647039,17145,22376,25751,27855,24809,23331,25053,28827,36171,42206,49957,41754,43095,44222,49265,57332,37629,26401,16759,6041,1060,87890,306477,8745,11415,13106,14454,12894,12242,12936,14438,18198,21466,25075,20363,20938,21180,22994,26004,15051,9195,4544,1110,129,30029,340562,8400,10961,12645,13401,11915,11089,12117,14389,17973,20740,24882,21391,22157,23042,26271,31328,22578,17206,12215,4931,931,57861
2026,2026-01-01,39201,392014,高知県,高知市,city,39201,305969,8879,11215,13048,14005,13542,12830,13200,14544,18233,21654,26033,21315,20507,19128,20113,23541,15496,10014,6123,2183,366,34182,143009,4503,5710,6621,7139,6868,6500,6633,7096,8835,10672,12763,10093,9779,8993,9059,10343,6068,3384,1549,360,41,11402,162960,4376,5505,6427,6866,6674,6330,6567,7448,9398,10982,13270,11222,10728,10135,11054,13198,9428,6630,4574,1823,325,22780
2026,2026-01-01,39202,392022,高知県,室戸市,city,39202,10759,141,217,255,292,189,191,231,375,430,500,675,682,826,847,1190,1488,1010,703,355,141,21,2230,5184,69,116,128,152,114,121,134,216,256,264,376,359,429,428,540,682,392,283,97,26,2,800,5575,72,101,127,140,75,70,97,159,174,236,299,323,397,419,650,806,618,420,258,115,19,1430
2026,2026-01-01,39203,392031,高知県,安芸市,city,39203,15024,276,390,496,579,470,461,496,540,774,869,1099,952,1078,1124,1332,1606,1046,789,468,153,26,2482,7162,136,198,241,307,249,248,269,260,417,489,549,479,559,550,613,716,441,254,145,41,1,882,7862,140,192,255,272,221,213,227,280,357,380,550,473,519,574,719,890,605,535,323,112,25,1600
2026,2026-01-01,39204,392049,高知県,南国市,city,39204,44918,1505,1855,1954,2222,2023,1936,2085,2311,2570,3058,3403,2700,2765,2640,3113,3581,2311,1544,945,333,64,5197,21477,773,915,1007,1202,1064,984,1068,1178,1275,1514,1706,1315,1322,1218,1491,1661,899,547,262,66,10,1784,23441,732,940,947,1020,959,952,1017,1133,1295,1544,1697,1385,1443,1422,1622,1920,1412,997,683,267,54,3413
2026,2026-01-01,39205,392057,高知県,土佐市,city,39205,24746,764,925,982,1039,873,827,960,1100,1442,1548,1836,1542,1491,1650,1897,2370,1601,987,621,244,47,3500,12003,370,494,506,581,454,447,506,570,754,817,998,775,725,788,902,1096,631,370,166,46,7,1220,12743,394,431,476,458,419,380,454,530,688,731,838,767,766,862,995,1274,970,617,455,198,40,2280
2026,2026-01-01,39206,392065,高知県,須崎市,city,39206,18169,315,455,657,995,530,554,510,667,959,977,1234,1178,1229,1371,1679,1855,1322,887,561,198,36,3004,8920,176,218,329,581,285,343,290,353,520,524,624,616,629,661,826,858,562,327,160,32,6,1087,9249,139,237,328,414,245,211,220,314,439,453,610,562,600,710,853,997,760,560,401,166,30,1917
2026,2026-01-01,39208,392081,高知県,宿毛市,city,39208,17795,366,527,668,732,501,465,589,660,974,1145,1333,1098,1297,1398,1623,1853,1052,792,492,186,44,2566,8392,194,266,349,346,254,277,314,342,509,624,678,532,625,682,720,839,418,267,118,36,2,841,9403,172,261,319,386,247,188,275,318,465,521,655,566,672,716,903,1014,634,525,374,150,42,1725
2026,2026-01-01,39209,392090,高知県,土佐清水市,city,39209,11047,147,213,282,310,242,202,237,329,473,574,746,672,763,942,1178,1408,1006,688,479,136,20,2329,5257,87,107,152,158,124,108,144,174,257,317,401,323,389,453,582,632,429,256,126,35,3,849,5790,60,106,130,152,118,94,93,155,216,257,345,349,374,489,596,776,577,432,353,101,17,1480
2026,2026-01-01,39210,392103,高知県,四万十市,city,39210,30734,778,1139,1269,1236,958,965,1149,1401,1800,2056,2341,1872,1960,2192,2501,2899,1680,1290,859,336,53,4218,14602,399,570,650,615,470,527,602,689,924,1098,1167,939,942,1060,1178,1334,685,435,258,56,4,1438,16132,379,569,619,621,488,438,547,712,876,958,1174,933,1018,1132,1323,1565,995,855,601,280,49,2780
2026,2026-01-01,39211,392111,高知県,香南市,city,39211,31763,1071,1311,1369,1430,1401,1301,1394,1605,1834,2174,2450,1981,1910,1949,2114,2628,1707,1137,725,228,44,3841,15368,543,679,691,756,781,729,730,818,961,1090,1241,998,901,933,942,1212,712,387,212,47,5,1363,16395,528,632,678,674,620,572,664,787,873,1084,1209,983,1009,1016,1172,1416,995,750,513,181,39,2478
2026,2026-01-01,39212,392120,高知県,香美市,city,39212,23784,598,816,965,1020,1020,756,828,1010,1272,1582,1635,1259,1431,1677,1888,2209,1560,1160,769,276,53,3818,11367,319,447,477,540,644,396,442,505,635,808,840,629,709,792,878,1011,628,393,218,47,9,1295,12417,279,369,488,480,376,360,386,505,637,774,795,630,722,885,1010,1198,932,767,551,229,44,2523
2026,2026-01-01,39300,393002,高知県,安芸郡,gun_agg,,14438,281,430,505,463,410,406,467,547,703,769,949,851,1098,1170,1308,1475,1011,843,557,163,32,2606,6922,146,219,252,237,218,232,259,298,375,438,472,431,574,595,626,672,392,300,152,30,4,878,7516,135,211,253,226,192,174,208,249,328,331,477,420,524,575,682,803,619,543,405,133,28,1728
2026,2026-01-01,39301,393011,高知県,安芸郡東洋町,town,39301,1953,30,43,36,46,43,43,53,45,76,93,115,119,162,168,222,244,167,129,89,27,3,415,963,15,24,15,20,25,23,30,24,47,56,63,66,86,91,104,116,75,51,29,3,0,158,990,15,19,21,26,18,20,23,21,29,37,52,53,76,77,118,128,92,78,60,24,3,257
2026,2026-01-01,39302,393029,高知県,安芸郡奈半利町,town,39302,2738,38,80,85,92,77,77,71,93,120,143,163,154,204,244,273,286,189,178,136,27,8,538,1277,20,38,49,59,44,45,29,52,63,78,73,70,108,116,128,122,79,58,43,3,0,183,1461,18,42,36,33,33,32,42,41,57,65,90,84,96,128,145,164,110,120,93,24,8,355
2026,2026-01-01,39303,393037,高知県,安芸郡田野町,town,39303,2303,63,78,88,67,59,73,68,118,116,125,144,140,183,181,206,216,149,135,66,23,5,378,1097,29,32,38,36,29,42,41,72,59,76,67,70,92,86,106,108,56,36,16,6,0,114,1206,34,46,50,31,30,31,27,46,57,49,77,70,91,95,100,108,93,99,50,17,5,264
2026,2026-01-01,39304,393045,高知県,安芸郡安田町,town,39304,2168,22,60,83,51,48,40,67,58,108,112,143,132,186,207,200,226,154,154,84,28,5,425,1066,11,33,50,20,26,25,38,30,64,62,78,72,90,110,98,109,60,62,21,4,3,150,1102,11,27,33,31,22,15,29,28,44,50,65,60,96,97,102,117,94,92,63,24,2,275
2026,2026-01-01,39305,393053,高知県,安芸郡北川村,village,39305,1140,26,19,34,38,47,45,46,52,57,67,57,63,81,92,99,107,78,61,56,11,4,210,560,16,9,16,16,25,28,33,27,24,41,30,34,42,51,50,46,31,23,16,2,0,72,580,10,10,18,22,22,17,13,25,33,26,27,29,39,41,49,61,47,38,40,9,4,138
2026,2026-01-01,39306,393061,高知県,安芸郡馬路村,village,39306,730,13,23,26,27,23,27,39,29,35,24,50,42,62,53,53,57,62,46,34,4,1,147,346,8,14,6,12,15,17,20,17,16,17,20,22,36,28,24,27,19,13,11,3,1,47,384,5,9,20,15,8,10,19,12,19,7,30,20,26,25,29,30,43,33,23,1,0,100
2026,2026-01-01,39307,393070,高知県,安芸郡芸西村,village,39307,3406,89,127,153,142,113,101,123,152,191,205,277,201,220,225,255,339,212,140,92,43,6,493,1613,47,69,78,74,54,52,68,76,102,108,141,97,120,113,116,144,72,57,16,9,0,154,1793,42,58,75,68,59,49,55,76,89,97,136,104,100,112,139,195,140,83,76,34,6,339
2026,2026-01-01,39340,393401,高知県,長岡郡,gun_agg,,5819,87,127,171,167,126,136,135,166,248,236,327,282,424,503,586,651,495,483,326,124,19,1447,2756,47,55,91,87,66,85,71,86,120,141,192,145,232,263,312,307,186,162,87,17,4,456,3063,40,72,80,80,60,51,64,80,128,95,135,137,192,240,274,344,309,321,239,107,15,991
2026,2026-01-01,39341,393410,高知県,長岡郡本山町,town,39341,3012,55,77,101,113,84,85,93,101,148,143,204,163,203,209,262,309,222,216,149,66,9,662,1434,29,34,49,61,47,54,51,49,73,94,119,72,116,100,139,136,93,73,38,5,2,211,1578,26,43,52,52,37,31,42,52,75,49,85,91,87,109,123,173,129,143,111,61,7,451
2026,2026-01-01,39344,393444,高知県,長岡郡大豊町,town,39344,2807,32,50,70,54,42,51,42,65,100,93,123,119,221,294,324,342,273,267,177,58,10,785,1322,18,21,42,26,19,31,20,37,47,47,73,73,116,163,173,171,93,89,49,12,2,245,1485,14,29,28,28,23,20,22,28,53,46,50,46,105,131,151,171,180,178,128,46,8,540
2026,2026-01-01,39360,393606,高知県,土佐郡,gun_agg,,3705,91,124,144,127,86,109,120,132,177,189,212,215,254,302,338,364,236,234,167,73,11,721,1826,55,66,74,69,41,63,61,70,97,100,119,114,142,155,179,170,95,94,42,17,3,251,1879,36,58,70,58,45,46,59,62,80,89,93,101,112,147,159,194,141,140,125,56,8,470
2026,2026-01-01,39363,393631,高知県,土佐郡土佐町,town,39363,3370,82,111,123,116,76,96,106,113,161,173,200,197,231,278,309,338,224,219,145,61,11,660,1656,49,60,61,63,38,55,53,60,90,91,111,104,131,141,161,153,93,88,38,13,3,235,1714,33,51,62,53,38,41,53,53,71,82,89,93,100,137,148,185,131,131,107,48,8,425
2026,2026-01-01,39364,393649,高知県,土佐郡大川村,village,39364,335,9,13,21,11,10,13,14,19,16,16,12,18,23,24,29,26,12,15,22,12,0,61,170,6,6,13,6,3,8,8,10,7,9,8,10,11,14,18,17,2,6,4,4,0,16,165,3,7,8,5,7,5,6,9,9,7,4,8,12,10,11,9,10,9,18,8,0,45
2026,2026-01-01,39380,393801,高知県,吾川郡,gun_agg,,24700,582,810,817,878,741,670,795,997,1234,1399,1562,1480,1724,2088,2248,2550,1660,1292,825,297,51,4125,11874,294,425,446,455,388,353,423,508,654,746,817,757,818,1019,1114,1196,670,488,231,64,8,1461,12826,288,385,371,423,353,317,372,489,580,653,745,723,906,1069,1134,1354,990,804,594,233,43,2664
2026,2026-01-01,39386,393860,高知県,吾川郡いの町,town,39386,20446,502,721,706,783,658,592,697,867,1069,1193,1327,1263,1469,1757,1811,2044,1252,922,588,200,25,2987,9789,257,371,381,404,344,313,366,430,565,627,678,627,683,846,884,947,515,349,162,36,4,1066,10657,245,350,325,379,314,279,331,437,504,566,649,636,786,911,927,1097,737,573,426,164,21,1921
2026,2026-01-01,39387,393878,高知県,吾川郡仁淀川町,town,39387,4254,80,89,111,95,83,78,98,130,165,206,235,217,255,331,437,506,408,370,237,97,26,1138,2085,37,54,65,51,44,40,57,78,89,119,139,130,135,173,230,249,155,139,69,28,4,395,2169,43,35,46,44,39,38,41,52,76,87,96,87,120,158,207,257,253,231,168,69,22,743
2026,2026-01-01,39400,394009,高知県,高岡郡,gun_agg,,48644,971,1445,1724,1859,1352,1223,1409,1924,2370,2636,3093,2831,3275,3903,4610,5050,3380,2744,1917,781,147,8969,23104,485,742,858,957,692,643,741,1001,1244,1381,1597,1423,1620,1935,2259,2430,1415,946,555,162,18,3096,25540,486,703,866,902,660,580,668,923,1126,1255,1496,1408,1655,1968,2351,2620,1965,1798,1362,619,129,5873
2026,2026-01-01,39401,394017,高知県,高岡郡中土佐町,town,39401,5598,82,128,167,184,126,137,129,186,225,302,367,370,363,442,573,657,446,349,256,88,21,1160,2624,36,68,77,83,70,78,59,102,120,163,187,197,186,208,293,315,181,107,72,17,5,382,2974,46,60,90,101,56,59,70,84,105,139,180,173,177,234,280,342,265,242,184,71,16,778
2026,2026-01-01,39402,394025,高知県,高岡郡佐川町,town,39402,11423,247,358,468,510,403,288,342,471,609,668,752,694,791,879,1016,1085,690,580,381,166,25,1842,5372,137,184,242,250,200,138,177,229,301,349,385,328,377,434,465,520,302,204,112,34,4,656,6051,110,174,226,260,203,150,165,242,308,319,367,366,414,445,551,565,388,376,269,132,21,1186
2026,2026-01-01,39403,394033,高知県,高岡郡越知町,town,39403,4626,79,114,128,156,125,111,131,197,214,225,290,268,324,384,426,509,361,257,218,93,16,945,2185,34,67,61,81,66,54,75,103,110,114,153,136,166,192,210,238,156,87,62,19,1,325,2441,45,47,67,75,59,57,56,94,104,111,137,132,158,192,216,271,205,170,156,74,15,620
2026,2026-01-01,39405,394050,高知県,高岡郡檮原町,town,39405,2997,59,101,110,145,75,79,96,100,142,155,174,148,162,231,317,300,213,187,131,58,14,603,1441,23,46,49,83,40,46,46,52,75,80,92,80,84,116,169,133,90,70,49,16,2,227,1556,36,55,61,62,35,33,50,48,67,75,82,68,78,115,148,167,123,117,82,42,12,376
2026,2026-01-01,39410,394106,高知県,高岡郡日高村,village,39410,4571,110,165,168,149,119,127,155,192,252,273,286,284,290,339,411,484,336,211,150,60,10,767,2151,59,86,85,71,58,64,83,100,128,133,146,132,148,169,185,240,144,72,39,9,0,264,2420,51,79,83,78,61,63,72,92,124,140,140,152,142,170,226,244,192,139,111,51,10,503
2026,2026-01-01,39411,394114,高知県,高岡郡津野町,town,39411,5018,115,148,182,193,146,128,137,172,261,268,320,260,331,406,458,495,350,309,222,100,17,998,2396,52,76,92,99,73,66,79,89,131,151,160,142,151,199,238,253,152,103,63,24,3,345,2622,63,72,90,94,73,62,58,83,130,117,160,118,180,207,220,242,198,206,159,76,14,653
2026,2026-01-01,39412,394122,高知県,高岡郡四万十町,town,39412,14411,279,431,501,522,358,353,419,606,667,745,904,807,1014,1222,1409,1520,984,851,559,216,44,2654,6935,144,215,252,290,185,197,222,326,379,391,474,408,508,617,699,731,390,303,158,43,3,897,7476,135,216,249,232,173,156,197,280,288,354,430,399,506,605,710,789,594,548,401,173,41,1757
2026,2026-01-01,39420,394203,高知県,幡多郡,gun_agg,,15025,293,377,445,501,345,299,448,519,678,840,1029,844,1063,1338,1547,1804,1056,814,570,189,26,2655,7254,149,188,234,272,182,186,249,274,365,443,535,435,543,655,773,845,428,302,166,28,2,926,7771,144,189,211,229,163,113,199,245,313,397,494,409,520,683,774,959,628,512,404,161,24,1729
2026,2026-01-01,39424,394246,高知県,幡多郡大月町,town,39424,4174,81,68,109,128,95,94,152,140,174,209,270,215,290,420,472,503,297,220,171,54,12,754,2042,45,34,52,72,55,62,85,76,89,108,137,114,148,210,257,243,126,77,45,5,2,255,2132,36,34,57,56,40,32,67,64,85,101,133,101,142,210,215,260,171,143,126,49,10,499
2026,2026-01-01,39427,394271,高知県,幡多郡三原村,village,39427,1307,17,27,42,28,33,35,42,50,61,68,80,74,106,121,109,137,108,76,63,29,1,277,646,9,15,25,17,17,22,23,28,38,40,45,37,58,67,46,64,46,25,22,2,0,95,661,8,12,17,11,16,13,19,22,23,28,35,37,48,54,63,73,62,51,41,27,1,182
2026,2026-01-01,39428,394289,高知県,幡多郡黒潮町,town,39428,9544,195,282,294,345,217,170,254,329,443,563,679,555,667,797,966,1164,651,518,336,106,13,1624,4566,95,139,157,183,110,102,141,170,238,295,353,284,337,378,470,538,256,200,99,21,0,576,4978,100,143,137,162,107,68,113,159,205,268,326,271,330,419,496,626,395,318,237,85,13,1048
2026,2026-01-01,40000,400009,福岡県,,pref,,4953125,172146,212766,234770,239987,242345,246063,250915,272247,316840,346354,378298,322205,293840,288934,317370,338665,216176,150896,82552,25476,4280,479380,2354875,88089,108690,120368,122474,121361,121343,123454,134672,157633,172030,187747,156969,140731,137641,147340,149317,86173,51979,21786,4619,459,165016,2598250,84057,104076,114402,117513,120984,124720,127461,137575,159207,174324,190551,165236,153109,151293,170030,189348,130003,98917,60766,20857,3821,314364
2026,2026-01-01,40100,401005,福岡県,北九州市,city_agg,,887061,27640,34285,38836,41401,42121,40085,40576,44142,51552,58574,68393,59920,55483,53843,59789,67464,46469,32521,17839,5284,844,102957,420279,14108,17381,19941,21143,21856,20640,20367,22476,25876,29438,33933,29093,26466,25949,27511,28988,18137,11166,4702,1027,81,35113,466782,13532,16904,18895,20258,20265,19445,20209,21666,25676,29136,34460,30827,29017,27894,32278,38476,28332,21355,13137,4257,763,67844
2026,2026-01-01,40101,401013,福岡県,北九州市門司区,ward,40100,88270,2243,2978,3673,3879,3396,2924,3216,3710,4656,5586,6707,5962,5773,5894,6727,8187,5746,3914,2257,714,128,12759,40821,1125,1519,1910,1940,1746,1457,1581,1914,2301,2822,3314,2862,2674,2830,3034,3555,2208,1296,580,136,17,4237,47449,1118,1459,1763,1939,1650,1467,1635,1796,2355,2764,3393,3100,3099,3064,3693,4632,3538,2618,1677,578,111,8522
2026,2026-01-01,40103,401030,福岡県,北九州市若松区,ward,40100,76064,2287,3143,3648,3717,3267,2744,2999,3666,4290,4844,5554,4776,4924,5160,5642,6210,4153,2849,1627,481,83,9193,36383,1180,1609,1873,1937,1768,1412,1521,1913,2173,2478,2774,2315,2307,2524,2656,2742,1679,984,433,94,11,3201,39681,1107,1534,1775,1780,1499,1332,1478,1753,2117,2366,2780,2461,2617,2636,2986,3468,2474,1865,1194,387,72,5992
2026,2026-01-01,40105,401056,福岡県,北九州市戸畑区,ward,40100,53105,1723,1978,2078,2285,2790,2540,2668,2719,2991,3130,3872,3547,3440,3286,3544,4025,2870,2057,1180,331,51,6489,25442,877,984,1083,1197,1550,1360,1413,1437,1501,1587,1921,1735,1657,1605,1641,1752,1127,670,288,53,4,2142,27663,846,994,995,1088,1240,1180,1255,1282,1490,1543,1951,1812,1783,1681,1903,2273,1743,1387,892,278,47,4347
2026,2026-01-01,40106,401064,福岡県,北九州市小倉北区,ward,40100,171021,5316,5997,6604,6958,8621,9829,9417,9267,10538,11721,13255,11635,10701,9961,10928,12451,8065,5588,3105,930,134,17822,80826,2733,2987,3399,3521,4264,5018,4750,4698,5307,5911,6519,5704,5187,4840,4936,5314,3066,1730,752,177,13,5738,90195,2583,3010,3205,3437,4357,4811,4667,4569,5231,5810,6736,5931,5514,5121,5992,7137,4999,3858,2353,753,121,12084
2026,2026-01-01,40107,401072,福岡県,北九州市小倉南区,ward,40100,200236,6824,8475,9274,10215,9982,8986,9361,10150,11766,13760,15815,13826,12173,11448,12755,14106,9829,6787,3574,995,135,21320,95597,3472,4329,4719,5222,5155,4636,4655,5110,5909,6920,7870,6663,5849,5501,5862,6124,3862,2488,1041,198,12,7601,104639,3352,4146,4555,4993,4827,4350,4706,5040,5857,6840,7945,7163,6324,5947,6893,7982,5967,4299,2533,797,123,13719
2026,2026-01-01,40108,401081,福岡県,北九州市八幡東区,ward,40100,60108,1599,2152,2536,2754,2826,2391,2324,2738,3225,3841,4250,3989,3723,3709,4428,5009,3616,2871,1575,458,94,8614,28373,809,1061,1310,1482,1582,1318,1172,1386,1630,1924,2133,1936,1759,1803,2088,2123,1383,974,412,83,5,2857,31735,790,1091,1226,1272,1244,1073,1152,1352,1595,1917,2117,2053,1964,1906,2340,2886,2233,1897,1163,375,89,5757
2026,2026-01-01,40109,401099,福岡県,北九州市八幡西区,ward,40100,238257,7648,9562,11023,11593,11239,10671,10591,11892,14086,15692,18940,16185,14749,14385,15765,17476,12190,8455,4521,1375,219,26760,112837,3912,4892,5647,5844,5791,5439,5275,6018,7055,7796,9402,7878,7033,6846,7294,7378,4812,3024,1196,286,19,9337,125420,3736,4670,5376,5749,5448,5232,5316,5874,7031,7896,9538,8307,7716,7539,8471,10098,7378,5431,3325,1089,200,17423
2026,2026-01-01,40130,401307,福岡県,福岡市,city_agg,,1562759,58084,66917,70938,72802,90177,103575,99688,98178,109283,116348,123683,104101,89166,78908,81055,84501,52492,36040,19791,5989,1043,115355,737937,29964,34116,36355,36964,43357,48945,47493,47202,53134,56527,60217,50542,42782,37508,37308,36777,20326,12006,5216,1086,112,38746,824822,28120,32801,34583,35838,46820,54630,52195,50976,56149,59821,63466,53559,46384,41400,43747,47724,32166,24034,14575,4903,931,76609
2026,2026-01-01,40131,401315,福岡県,福岡市東区,ward,40130,318912,13002,14832,15455,15539,17763,19770,19730,19588,21887,23159,25358,20940,17974,16084,16810,17384,10737,7473,4026,1176,225,23637,154233,6703,7522,7897,7828,8703,9602,9730,9811,10913,11630,12730,10508,8870,7765,7885,7850,4337,2608,1091,231,19,8286,164679,6299,7310,7558,7711,9060,10168,10000,9777,10974,11529,12628,10432,9104,8319,8925,9534,6400,4865,2935,945,206,15351
2026,2026-01-01,40132,401323,福岡県,福岡市博多区,ward,40130,234807,8447,7625,7367,8441,17185,25079,21601,18060,17001,16797,17626,14294,11594,9944,9835,10353,6232,4301,2230,678,117,13558,113284,4456,3843,3753,4266,8126,12158,10443,8903,8537,8495,8960,7194,5759,4902,4608,4580,2344,1332,513,102,10,4301,121523,3991,3782,3614,4175,9059,12921,11158,9157,8464,8302,8666,7100,5835,5042,5227,5773,3888,2969,1717,576,107,9257
2026,2026-01-01,40133,401331,福岡県,福岡市中央区,ward,40130,194497,6203,6829,6961,7097,11693,16419,15173,13982,15150,15626,15734,13413,11255,9052,8862,9019,5390,3731,2158,641,109,12029,86612,3198,3478,3499,3465,5010,7394,6752,6277,6981,6934,6948,6113,5133,4081,3880,3786,1899,1129,528,115,12,3683,107885,3005,3351,3462,3632,6683,9025,8421,7705,8169,8692,8786,7300,6122,4971,4982,5233,3491,2602,1630,526,97,8346
2026,2026-01-01,40134,401340,福岡県,福岡市南区,ward,40130,263117,10070,12145,12984,12487,13410,15398,15129,15979,18493,19895,20877,17609,15466,13874,13971,14922,9246,6304,3590,1077,191,20408,122897,5134,6182,6695,6323,6288,7031,7169,7458,8982,9641,10057,8452,7258,6573,6400,6410,3551,2115,966,191,21,6844,140220,4936,5963,6289,6164,7122,8367,7960,8521,9511,10254,10820,9157,8208,7301,7571,8512,5695,4189,2624,886,170,13564
2026,2026-01-01,40135,401358,福岡県,福岡市西区,ward,40130,205260,7681,9260,10457,11044,11889,10298,10745,11422,13476,14945,16235,14229,12246,10679,11414,12014,7856,5365,2926,921,158,17226,97588,3937,4791,5447,5743,6364,4939,5112,5472,6463,7151,7948,6890,5908,5005,5268,5230,3095,1826,795,177,27,5920,107672,3744,4469,5010,5301,5525,5359,5633,5950,7013,7794,8287,7339,6338,5674,6146,6784,4761,3539,2131,744,131,11306
2026,2026-01-01,40136,401366,福岡県,福岡市城南区,ward,40130,125887,4432,5482,5986,6526,7408,6266,6393,7023,8173,9218,10059,8581,7560,6924,7439,7659,4922,3377,1810,543,106,10758,59583,2280,2764,3042,3315,3751,2967,3088,3489,3982,4535,4969,4150,3621,3318,3418,3226,1914,1109,530,109,6,3668,66304,2152,2718,2944,3211,3657,3299,3305,3534,4191,4683,5090,4431,3939,3606,4021,4433,3008,2268,1280,434,100,7090
2026,2026-01-01,40137,401374,福岡県,福岡市早良区,ward,40130,220279,8249,10744,11728,11668,10829,10345,10917,12124,15103,16708,17794,15035,13071,12351,12724,13150,8109,5489,3051,953,137,17739,103740,4256,5536,6022,6024,5115,4854,5199,5792,7276,8141,8605,7235,6233,5864,5849,5695,3186,1887,793,161,17,6044,116539,3993,5208,5706,5644,5714,5491,5718,6332,7827,8567,9189,7800,6838,6487,6875,7455,4923,3602,2258,792,120,11695
2026,2026-01-01,40202,402028,福岡県,大牟田市,city,40202,101685,2625,3628,4199,4497,3724,3522,3751,4660,5528,6056,6879,6298,6806,7405,8643,9502,5891,4409,2628,879,155,13962,47424,1287,1843,2168,2285,1911,1811,1957,2367,2820,3012,3402,3055,3165,3532,4031,4211,2246,1532,615,155,19,4567,54261,1338,1785,2031,2212,1813,1711,1794,2293,2708,3044,3477,3243,3641,3873,4612,5291,3645,2877,2013,724,136,9395
2026,2026-01-01,40203,402036,福岡県,久留米市,city,40203,292099,10639,13120,14633,14678,14054,13599,13748,15304,18307,20213,22115,19226,17734,17463,19112,19905,12580,8966,5011,1444,248,28249,138929,5413,6658,7553,7522,7096,6840,6874,7599,9042,10017,11044,9317,8442,8259,8926,8757,4947,3018,1328,250,27,9570,153170,5226,6462,7080,7156,6958,6759,6874,7705,9265,10196,11071,9909,9292,9204,10186,11148,7633,5948,3683,1194,221,18679
2026,2026-01-01,40204,402044,福岡県,直方市,city,40204,53161,1701,2167,2589,2600,2280,2238,2263,2675,3266,3515,3658,3148,3058,3286,3951,4199,2890,2140,1121,364,52,6567,25145,853,1105,1354,1348,1177,1126,1153,1352,1639,1809,1866,1553,1456,1530,1776,1864,1104,732,300,43,5,2184,28016,848,1062,1235,1252,1103,1112,1110,1323,1627,1706,1792,1595,1602,1756,2175,2335,1786,1408,821,321,47,4383
2026,2026-01-01,40205,402052,福岡県,飯塚市,city,40205,121297,4119,5058,5786,5871,5919,5193,5452,6298,7534,8262,8525,6941,6675,7665,9186,9657,5699,4117,2418,780,142,13156,57840,2132,2651,2907,3078,3231,2630,2759,3209,3853,4205,4305,3370,3198,3572,4189,4341,2146,1303,605,142,14,4210,63457,1987,2407,2879,2793,2688,2563,2693,3089,3681,4057,4220,3571,3477,4093,4997,5316,3553,2814,1813,638,128,8946
2026,2026-01-01,40206,402061,福岡県,田川市,city,40206,42746,1377,1705,1955,2128,1980,1671,1696,1984,2396,2724,2990,2549,2408,2839,3392,3735,2273,1707,921,277,39,5217,19875,689,841,977,1060,987,855,854,1025,1258,1399,1474,1190,1124,1349,1565,1569,874,518,216,44,7,1659,22871,688,864,978,1068,993,816,842,959,1138,1325,1516,1359,1284,1490,1827,2166,1399,1189,705,233,32,3558
2026,2026-01-01,40207,402079,福岡県,柳川市,city,40207,59724,1658,2280,2648,2874,2424,2069,2335,2632,3232,3614,4093,4111,4233,4353,4642,4968,3246,2533,1364,356,59,7558,28372,869,1150,1355,1463,1219,1009,1164,1314,1647,1837,2050,2013,2055,2154,2176,2224,1335,886,380,63,9,2673,31352,789,1130,1293,1411,1205,1060,1171,1318,1585,1777,2043,2098,2178,2199,2466,2744,1911,1647,984,293,50,4885
2026,2026-01-01,40210,402109,福岡県,八女市,city,40210,57760,1819,2257,2549,2540,2046,2066,2437,2639,3096,3425,3642,3591,3895,4331,4928,4760,3067,2581,1544,462,85,7739,27600,971,1165,1275,1294,1030,1080,1238,1340,1638,1733,1880,1711,1912,2122,2401,2194,1227,863,434,79,13,2616,30160,848,1092,1274,1246,1016,986,1199,1299,1458,1692,1762,1880,1983,2209,2527,2566,1840,1718,1110,383,72,5123
2026,2026-01-01,40211,402117,福岡県,筑後市,city,40211,48094,1853,2358,2498,2394,2066,2113,2248,2657,3112,3288,3442,3204,2922,2999,3099,3221,2052,1415,851,257,45,4620,23240,957,1185,1301,1238,1014,1128,1141,1319,1629,1634,1711,1552,1407,1438,1473,1457,851,517,236,44,8,1656,24854,896,1173,1197,1156,1052,985,1107,1338,1483,1654,1731,1652,1515,1561,1626,1764,1201,898,615,213,37,2964
2026,2026-01-01,40212,402125,福岡県,大川市,city,40212,29985,786,1049,1130,1247,1426,1049,1178,1210,1485,1706,2019,2212,2138,2067,2406,2613,1898,1411,732,188,35,4264,14190,407,510,575,595,639,548,589,633,744,879,990,1102,1072,998,1179,1156,772,534,219,45,4,1574,15795,379,539,555,652,787,501,589,577,741,827,1029,1110,1066,1069,1227,1457,1126,877,513,143,31,2690
2026,2026-01-01,40213,402133,福岡県,行橋市,city,40213,70608,2437,3092,3369,3309,3126,3160,3242,3761,4361,4672,5391,4536,4269,4260,4902,5358,3517,2280,1175,335,56,7363,34182,1205,1586,1759,1672,1585,1694,1701,1958,2278,2403,2757,2267,2036,2015,2294,2338,1434,818,317,60,5,2634,36426,1232,1506,1610,1637,1541,1466,1541,1803,2083,2269,2634,2269,2233,2245,2608,3020,2083,1462,858,275,51,4729
2026,2026-01-01,40214,402141,福岡県,豊前市,city,40214,22376,521,774,1035,1021,802,661,772,943,1189,1415,1700,1427,1423,1560,1873,2150,1369,992,554,169,26,3110,10600,260,394,504,519,440,337,414,470,624,704,881,695,695,739,881,973,546,367,126,29,2,1070,11776,261,380,531,502,362,324,358,473,565,711,819,732,728,821,992,1177,823,625,428,140,24,2040
2026,2026-01-01,40215,402150,福岡県,中間市,city,40215,38132,1072,1373,1527,1659,1478,1444,1528,1686,2105,2277,2758,2311,2207,2478,3124,3630,2513,1725,915,285,37,5475,17905,537,709,810,850,782,775,791,842,1099,1135,1391,1111,1010,1162,1417,1550,1020,626,237,50,1,1934,20227,535,664,717,809,696,669,737,844,1006,1142,1367,1200,1197,1316,1707,2080,1493,1099,678,235,36,3541
2026,2026-01-01,40216,402168,福岡県,小郡市,city,40216,57742,2026,2725,2959,3006,2680,2319,2566,2960,3393,3879,4278,3958,3883,3611,3661,3888,2694,1862,1028,317,49,5950,27443,1039,1390,1480,1546,1398,1127,1253,1459,1679,1904,2091,1846,1833,1733,1758,1718,1129,683,302,67,8,2189,30299,987,1335,1479,1460,1282,1192,1313,1501,1714,1975,2187,2112,2050,1878,1903,2170,1565,1179,726,250,41,3761
2026,2026-01-01,40217,402176,福岡県,筑紫野市,city,40217,105297,4073,5085,5216,5528,5067,4740,5190,6007,6901,7648,8398,6769,6057,6353,6839,6847,4038,2622,1373,480,66,8579,50239,2075,2688,2657,2842,2523,2331,2489,2900,3391,3700,4122,3277,2869,2926,3183,3111,1725,964,373,89,4,3155,55058,1998,2397,2559,2686,2544,2409,2701,3107,3510,3948,4276,3492,3188,3427,3656,3736,2313,1658,1000,391,62,5424
2026,2026-01-01,40218,402184,福岡県,春日市,city,40218,109992,3759,5258,6240,6361,5714,5094,5086,5910,7179,8221,9120,8051,7014,6163,6284,6203,3820,2626,1429,395,65,8335,52856,1871,2720,3232,3285,2881,2472,2532,2912,3461,4004,4442,3882,3398,3015,2887,2808,1571,975,415,85,8,3054,57136,1888,2538,3008,3076,2833,2622,2554,2998,3718,4217,4678,4169,3616,3148,3397,3395,2249,1651,1014,310,57,5281
2026,2026-01-01,40219,402192,福岡県,大野城市,city,40219,102574,4666,5227,5503,5374,4753,4926,5797,6370,7128,7691,8291,7167,6267,5314,5162,5506,3530,2388,1132,337,45,7432,49211,2312,2700,2792,2766,2393,2367,2826,3134,3498,3789,4056,3484,3019,2573,2417,2405,1382,879,341,74,4,2680,53363,2354,2527,2711,2608,2360,2559,2971,3236,3630,3902,4235,3683,3248,2741,2745,3101,2148,1509,791,263,41,4752
2026,2026-01-01,40220,402206,福岡県,宗像市,city,40220,95449,3340,4547,4837,4821,4384,3879,4240,5359,6196,6303,6653,5562,5580,6192,6785,7030,4491,2991,1631,531,97,9741,45800,1668,2324,2485,2401,2244,2004,2162,2709,3147,3216,3251,2668,2574,2945,3163,3210,1967,1122,424,102,14,3629,49649,1672,2223,2352,2420,2140,1875,2078,2650,3049,3087,3402,2894,3006,3247,3622,3820,2524,1869,1207,429,83,6112
2026,2026-01-01,40221,402214,福岡県,太宰府市,city,40221,70774,2458,3211,3715,3856,3252,2882,3193,3635,4542,5364,5901,4727,3937,3603,4235,5176,3364,2218,1070,385,50,7087,33853,1299,1637,1897,1975,1591,1414,1552,1796,2274,2622,2877,2374,1900,1714,1932,2262,1502,829,314,88,4,2737,36921,1159,1574,1818,1881,1661,1468,1641,1839,2268,2742,3024,2353,2037,1889,2303,2914,1862,1389,756,297,46,4350
2026,2026-01-01,40223,402231,福岡県,古賀市,city,40223,57557,2038,2668,3015,2924,2663,2257,2573,3146,3706,4043,4410,3497,3458,3731,3953,4223,2543,1589,840,233,47,5252,27628,1031,1357,1522,1525,1353,1157,1287,1539,1838,2013,2250,1703,1641,1727,1872,1887,1097,576,218,29,6,1926,29929,1007,1311,1493,1399,1310,1100,1286,1607,1868,2030,2160,1794,1817,2004,2081,2336,1446,1013,622,204,41,3326
2026,2026-01-01,40224,402249,福岡県,福津市,city,40224,68779,3087,4099,4175,3343,2518,2723,3442,4549,5179,4884,4758,3685,3428,3721,4137,4589,3014,1951,1044,389,64,6462,32513,1583,2052,2178,1704,1214,1268,1647,2171,2525,2456,2363,1755,1592,1709,1886,2032,1254,750,294,72,8,2378,36266,1504,2047,1997,1639,1304,1455,1795,2378,2654,2428,2395,1930,1836,2012,2251,2557,1760,1201,750,317,56,4084
2026,2026-01-01,40225,402257,福岡県,うきは市,city,40225,26447,744,1006,1242,1285,941,853,925,1218,1506,1689,1893,1650,1628,1907,2218,2271,1483,1105,604,241,38,3471,12561,368,509,659,664,503,445,484,612,762,871,974,834,799,906,1057,997,559,377,139,37,5,1117,13886,376,497,583,621,438,408,441,606,744,818,919,816,829,1001,1161,1274,924,728,465,204,33,2354
2026,2026-01-01,40226,402265,福岡県,宮若市,city,40226,24626,692,951,1107,1173,965,818,947,1173,1427,1552,1652,1378,1507,1770,2183,2185,1274,989,617,226,40,3146,11830,373,487,581,597,553,430,503,598,735,804,874,675,722,849,1045,1026,509,286,136,41,6,978,12796,319,464,526,576,412,388,444,575,692,748,778,703,785,921,1138,1159,765,703,481,185,34,2168
2026,2026-01-01,40227,402273,福岡県,嘉麻市,city,40227,32910,783,1153,1405,1437,1142,979,1098,1387,1725,1945,2124,1810,2058,2594,3213,3366,1931,1495,898,306,61,4691,15447,389,598,725,765,580,516,550,721,882,1016,1097,922,1004,1223,1503,1513,703,454,229,51,6,1443,17463,394,555,680,672,562,463,548,666,843,929,1027,888,1054,1371,1710,1853,1228,1041,669,255,55,3248
2026,2026-01-01,40228,402281,福岡県,朝倉市,city,40228,48169,1317,1883,2247,2167,1851,1712,1714,2212,2734,3103,3282,2993,3088,3448,4124,4187,2559,1931,1142,399,76,6107,22860,662,957,1114,1083,973,875,863,1124,1393,1586,1674,1480,1514,1616,1999,1927,1055,621,270,67,7,2020,25309,655,926,1133,1084,878,837,851,1088,1341,1517,1608,1513,1574,1832,2125,2260,1504,1310,872,332,69,4087
2026,2026-01-01,40229,402290,福岡県,みやま市,city,40229,33163,829,1196,1373,1485,1220,959,1082,1403,1771,2045,2103,2001,2217,2608,3091,3095,1874,1508,922,326,55,4685,15624,439,629,675,720,601,478,561,750,876,1032,1074,973,1073,1257,1412,1452,776,528,259,54,5,1622,17539,390,567,698,765,619,481,521,653,895,1013,1029,1028,1144,1351,1679,1643,1098,980,663,272,50,3063
2026,2026-01-01,40230,402303,福岡県,糸島市,city,40230,101956,3630,5003,5273,5114,4100,3475,4109,5413,6742,7156,7569,6385,6311,6656,7454,7699,4699,2973,1533,559,103,9867,48887,1877,2638,2762,2610,2117,1764,1996,2619,3348,3580,3709,3052,3002,3131,3536,3470,2025,1133,423,84,11,3676,53069,1753,2365,2511,2504,1983,1711,2113,2794,3394,3576,3860,3333,3309,3525,3918,4229,2674,1840,1110,475,92,6191
2026,2026-01-01,40231,402311,福岡県,那珂川市,city,40231,48705,1751,2402,2742,2851,2275,2139,2111,2591,3146,3726,4227,3484,2820,2691,2900,3176,1878,1089,490,185,31,3673,23454,860,1248,1381,1450,1141,1027,1022,1260,1567,1816,2124,1648,1437,1294,1332,1443,826,420,129,26,3,1404,25251,891,1154,1361,1401,1134,1112,1089,1331,1579,1910,2103,1836,1383,1397,1568,1733,1052,669,361,159,28,2269
2026,2026-01-01,40340,403407,福岡県,糟屋郡,gun_agg,,230237,9296,11814,13490,13613,10815,10485,11516,13269,16452,18620,19515,14405,11518,11552,12939,13588,8333,5403,2680,808,126,17350,112237,4770,6038,6949,6924,5368,5173,5684,6604,8254,9325,10140,7434,5653,5552,6014,6094,3451,1921,731,145,13,6261,118000,4526,5776,6541,6689,5447,5312,5832,6665,8198,9295,9375,6971,5865,6000,6925,7494,4882,3482,1949,663,113,11089
2026,2026-01-01,40341,403415,福岡県,糟屋郡宇美町,town,40341,35958,1331,1684,1901,1882,1572,1370,1549,1938,2439,2609,2689,2117,2003,2435,2781,2730,1426,875,459,150,18,2928,17627,662,877,964,961,800,694,784,973,1258,1319,1436,1090,955,1156,1343,1281,622,313,114,25,0,1074,18331,669,807,937,921,772,676,765,965,1181,1290,1253,1027,1048,1279,1438,1449,804,562,345,125,18,1854
2026,2026-01-01,40342,403423,福岡県,糟屋郡篠栗町,town,40342,30858,1243,1483,1539,1686,1418,1450,1685,1668,1990,2337,2510,2180,1797,1618,1802,1884,1223,802,406,122,15,2568,14961,645,780,813,874,690,709,859,849,996,1133,1259,1106,858,797,830,824,507,291,117,23,1,939,15897,598,703,726,812,728,741,826,819,994,1204,1251,1074,939,821,972,1060,716,511,289,99,14,1629
2026,2026-01-01,40343,403431,福岡県,糟屋郡志免町,town,40343,45277,1752,2279,2413,2602,2172,2100,2214,2542,3151,3647,4040,3009,2256,2148,2467,2714,1784,1218,579,160,30,3771,21835,899,1168,1217,1330,1075,1022,1050,1268,1579,1843,2125,1518,1120,1028,1100,1188,704,413,152,32,4,1305,23442,853,1111,1196,1272,1097,1078,1164,1274,1572,1804,1915,1491,1136,1120,1367,1526,1080,805,427,128,26,2466
2026,2026-01-01,40344,403440,福岡県,糟屋郡須惠町,town,40344,29183,1246,1603,1771,1676,1241,1285,1449,1740,2081,2200,2258,1700,1226,1407,1704,2085,1279,763,357,99,13,2511,14264,626,822,939,873,637,628,715,885,1072,1129,1179,881,613,642,783,919,543,269,88,19,2,921,14919,620,781,832,803,604,657,734,855,1009,1071,1079,819,613,765,921,1166,736,494,269,80,11,1590
2026,2026-01-01,40345,403458,福岡県,糟屋郡新宮町,town,40345,32568,1275,1790,2478,2444,1560,1335,1452,1772,2440,3029,2962,1934,1522,1530,1621,1497,915,562,315,115,20,1927,15777,682,897,1286,1196,782,655,689,832,1163,1486,1484,1002,739,718,775,695,374,203,102,15,2,696,16791,593,893,1192,1248,778,680,763,940,1277,1543,1478,932,783,812,846,802,541,359,213,100,18,1231
2026,2026-01-01,40348,403482,福岡県,糟屋郡久山町,town,40348,9049,383,545,590,493,376,255,346,496,694,744,715,481,426,485,526,610,404,279,148,46,7,884,4394,202,267,299,265,179,128,167,246,354,366,392,245,209,240,238,272,162,103,45,11,4,325,4655,181,278,291,228,197,127,179,250,340,378,323,236,217,245,288,338,242,176,103,35,3,559
2026,2026-01-01,40349,403491,福岡県,糟屋郡粕屋町,town,40349,47344,2066,2430,2798,2830,2476,2690,2821,3113,3657,4054,4341,2984,2288,1929,2038,2068,1302,904,416,116,23,2761,23379,1054,1227,1431,1425,1205,1337,1420,1551,1832,2049,2265,1592,1159,971,945,915,539,329,113,20,0,1001,23965,1012,1203,1367,1405,1271,1353,1401,1562,1825,2005,2076,1392,1129,958,1093,1153,763,575,303,96,23,1760
2026,2026-01-01,40380,403806,福岡県,遠賀郡,gun_agg,,88429,2904,3736,4136,4151,3746,3488,3794,4300,5192,5639,6422,5412,5224,5746,6705,7219,4916,3299,1745,547,108,10615,41960,1441,1882,2126,2092,1926,1819,1974,2189,2623,2815,3209,2624,2449,2694,3144,3187,2034,1198,418,99,17,3766,46469,1463,1854,2010,2059,1820,1669,1820,2111,2569,2824,3213,2788,2775,3052,3561,4032,2882,2101,1327,448,91,6849
2026,2026-01-01,40381,403814,福岡県,遠賀郡芦屋町,town,40381,12330,369,513,548,576,689,513,490,524,671,740,957,861,753,711,896,983,676,476,295,74,15,1536,5952,190,243,277,282,421,302,255,278,336,366,481,423,375,343,432,428,257,163,83,14,3,520,6378,179,270,271,294,268,211,235,246,335,374,476,438,378,368,464,555,419,313,212,60,12,1016
2026,2026-01-01,40382,403822,福岡県,遠賀郡水巻町,town,40382,26872,953,1123,1215,1126,1091,1264,1287,1410,1556,1692,1790,1542,1685,1858,2071,2225,1415,920,481,136,32,2984,12677,463,573,625,549,544,636,674,710,797,860,893,735,755,906,965,977,579,307,107,21,1,1015,14195,490,550,590,577,547,628,613,700,759,832,897,807,930,952,1106,1248,836,613,374,115,31,1969
2026,2026-01-01,40383,403831,福岡県,遠賀郡岡垣町,town,40383,30760,1027,1335,1477,1551,1252,1091,1248,1507,1842,1973,2330,1919,1808,1929,2266,2417,1719,1159,626,239,45,3788,14570,513,677,756,801,635,564,639,752,915,961,1192,935,866,878,1066,1069,729,433,131,48,10,1351,16190,514,658,721,750,617,527,609,755,927,1012,1138,984,942,1051,1200,1348,990,726,495,191,35,2437
2026,2026-01-01,40384,403849,福岡県,遠賀郡遠賀町,town,40384,18467,555,765,896,898,714,620,769,859,1123,1234,1345,1090,978,1248,1472,1594,1106,744,343,98,16,2307,8761,275,389,468,460,326,317,406,449,575,628,643,531,453,567,681,713,469,295,97,16,3,880,9706,280,376,428,438,388,303,363,410,548,606,702,559,525,681,791,881,637,449,246,82,13,1427
2026,2026-01-01,40400,404004,福岡県,鞍手郡,gun_agg,,20810,473,647,798,864,728,628,684,926,1068,1274,1451,1227,1276,1509,1999,2304,1332,924,487,179,32,2954,9810,248,326,394,434,400,322,369,485,532,675,766,584,632,722,865,1043,568,302,115,26,2,1013,11000,225,321,404,430,328,306,315,441,536,599,685,643,644,787,1134,1261,764,622,372,153,30,1941
2026,2026-01-01,40401,404012,福岡県,鞍手郡小竹町,town,40401,6545,111,173,208,227,213,227,205,291,312,409,460,380,412,486,641,773,427,328,178,68,16,1017,3077,60,80,115,111,118,117,117,155,160,217,241,203,198,224,286,325,192,102,42,12,2,350,3468,51,93,93,116,95,110,88,136,152,192,219,177,214,262,355,448,235,226,136,56,14,667
2026,2026-01-01,40402,404021,福岡県,鞍手郡鞍手町,town,40402,14265,362,474,590,637,515,401,479,635,756,865,991,847,864,1023,1358,1531,905,596,309,111,16,1937,6733,188,246,279,323,282,205,252,330,372,458,525,381,434,498,579,718,376,200,73,14,0,663,7532,174,228,311,314,233,196,227,305,384,407,466,466,430,525,779,813,529,396,236,97,16,1274
2026,2026-01-01,40420,404209,福岡県,嘉穂郡,gun_agg,,12425,378,461,574,568,511,426,501,602,710,816,859,673,738,918,1129,1187,625,426,232,73,18,1374,5915,204,233,291,303,276,209,256,305,366,405,435,329,347,420,530,549,260,136,46,15,0,457,6510,174,228,283,265,235,217,245,297,344,411,424,344,391,498,599,638,365,290,186,58,18,917
2026,2026-01-01,40421,404217,福岡県,嘉穂郡桂川町,town,40421,12425,378,461,574,568,511,426,501,602,710,816,859,673,738,918,1129,1187,625,426,232,73,18,1374,5915,204,233,291,303,276,209,256,305,366,405,435,329,347,420,530,549,260,136,46,15,0,457,6510,174,228,283,265,235,217,245,297,344,411,424,344,391,498,599,638,365,290,186,58,18,917
2026,2026-01-01,40440,404403,福岡県,朝倉郡,gun_agg,,32162,1347,1550,1622,1484,1251,1402,1489,1646,1987,2203,2271,1901,1920,2078,2368,2471,1396,948,605,199,24,3172,15490,700,799,827,759,654,674,751,834,1017,1145,1179,927,893,1006,1108,1098,611,310,171,26,1,1119,16672,647,751,795,725,597,728,738,812,970,1058,1092,974,1027,1072,1260,1373,785,638,434,173,23,2053
2026,2026-01-01,40447,404471,福岡県,朝倉郡筑前町,town,40447,30463,1309,1501,1560,1424,1201,1359,1443,1583,1916,2133,2183,1805,1794,1907,2172,2306,1294,863,531,161,18,2867,14691,679,774,801,729,623,652,732,800,981,1106,1134,876,835,927,996,1018,573,280,150,24,1,1028,15772,630,727,759,695,578,707,711,783,935,1027,1049,929,959,980,1176,1288,721,583,381,137,17,1839
2026,2026-01-01,40448,404489,福岡県,朝倉郡東峰村,village,40448,1699,38,49,62,60,50,43,46,63,71,70,88,96,126,171,196,165,102,85,74,38,6,305,799,21,25,26,30,31,22,19,34,36,39,45,51,58,79,112,80,38,30,21,2,0,91,900,17,24,36,30,19,21,27,29,35,31,43,45,68,92,84,85,64,55,53,36,6,214
2026,2026-01-01,40500,405001,福岡県,三井郡,gun_agg,,15477,718,874,795,711,575,618,801,957,1002,1070,1009,905,893,926,1072,1070,621,468,259,109,24,1481,7463,371,466,403,349,268,308,391,463,515,594,503,445,427,448,526,502,250,157,54,19,4,484,8014,347,408,392,362,307,310,410,494,487,476,506,460,466,478,546,568,371,311,205,90,20,997
2026,2026-01-01,40503,405035,福岡県,三井郡大刀洗町,town,40503,15477,718,874,795,711,575,618,801,957,1002,1070,1009,905,893,926,1072,1070,621,468,259,109,24,1481,7463,371,466,403,349,268,308,391,463,515,594,503,445,427,448,526,502,250,157,54,19,4,484,8014,347,408,392,362,307,310,410,494,487,476,506,460,466,478,546,568,371,311,205,90,20,997
2026,2026-01-01,40520,405205,福岡県,三潴郡,gun_agg,,13294,453,602,759,779,528,431,514,631,837,971,1033,840,819,866,936,1005,572,424,222,61,11,1290,6371,237,280,380,411,250,224,258,304,415,512,529,410,405,412,441,469,219,144,61,10,0,434,6923,216,322,379,368,278,207,256,327,422,459,504,430,414,454,495,536,353,280,161,51,11,856
2026,2026-01-01,40522,405221,福岡県,三潴郡大木町,town,40522,13294,453,602,759,779,528,431,514,631,837,971,1033,840,819,866,936,1005,572,424,222,61,11,1290,6371,237,280,380,411,250,224,258,304,415,512,529,410,405,412,441,469,219,144,61,10,0,434,6923,216,322,379,368,278,207,256,327,422,459,504,430,414,454,495,536,353,280,161,51,11,856
2026,2026-01-01,40540,405400,福岡県,八女郡,gun_agg,,18487,623,820,970,953,786,747,763,978,1175,1256,1279,1233,1115,1271,1281,1333,845,599,345,94,21,1904,9023,325,399,479,497,421,392,393,488,616,650,675,605,557,618,611,610,369,205,96,16,1,687,9464,298,421,491,456,365,355,370,490,559,606,604,628,558,653,670,723,476,394,249,78,20,1217
2026,2026-01-01,40544,405442,福岡県,八女郡広川町,town,40544,18487,623,820,970,953,786,747,763,978,1175,1256,1279,1233,1115,1271,1281,1333,845,599,345,94,21,1904,9023,325,399,479,497,421,392,393,488,616,650,675,605,557,618,611,610,369,205,96,16,1,687,9464,298,421,491,456,365,355,370,490,559,606,604,628,558,653,670,723,476,394,249,78,20,1217
2026,2026-01-01,40600,406007,福岡県,田川郡,gun_agg,,68057,1800,2526,3094,3193,2557,2229,2305,2701,3734,3976,4594,3905,3935,5027,6445,6781,3941,2992,1711,533,78,9255,32179,940,1331,1603,1660,1310,1159,1212,1359,1907,2029,2340,1926,1912,2348,3014,3086,1524,977,447,87,8,3043,35878,860,1195,1491,1533,1247,1070,1093,1342,1827,1947,2254,1979,2023,2679,3431,3695,2417,2015,1264,446,70,6212
2026,2026-01-01,40601,406015,福岡県,田川郡香春町,town,40601,9727,239,335,417,425,322,302,313,389,520,525,606,540,598,752,931,1011,640,490,289,69,14,1502,4575,128,181,206,223,153,159,168,200,261,274,315,276,281,360,439,460,246,164,70,9,2,491,5152,111,154,211,202,169,143,145,189,259,251,291,264,317,392,492,551,394,326,219,60,12,1011
2026,2026-01-01,40602,406023,福岡県,田川郡添田町,town,40602,8046,141,207,298,343,285,209,212,266,395,460,531,476,495,658,853,910,516,454,237,83,17,1307,3826,72,115,163,183,152,116,114,142,211,237,286,254,234,306,402,391,198,158,75,15,2,448,4220,69,92,135,160,133,93,98,124,184,223,245,222,261,352,451,519,318,296,162,68,15,859
2026,2026-01-01,40604,406040,福岡県,田川郡糸田町,town,40604,8007,215,326,396,399,297,275,273,332,443,492,550,483,412,541,735,777,462,337,208,51,3,1061,3784,122,168,207,211,150,141,132,166,216,269,271,241,199,255,328,365,180,99,53,11,0,343,4223,93,158,189,188,147,134,141,166,227,223,279,242,213,286,407,412,282,238,155,40,3,718
2026,2026-01-01,40605,406058,福岡県,田川郡川崎町,town,40605,14338,356,474,612,666,581,455,495,500,749,846,1045,870,839,1103,1389,1452,892,586,315,99,14,1906,6738,192,244,323,337,301,234,258,238,402,406,527,423,411,508,658,660,327,193,75,19,2,616,7600,164,230,289,329,280,221,237,262,347,440,518,447,428,595,731,792,565,393,240,80,12,1290
2026,2026-01-01,40608,406082,福岡県,田川郡大任町,town,40608,4903,189,233,270,220,178,188,186,199,295,290,285,225,293,316,436,449,219,236,140,48,8,651,2239,93,115,145,101,86,95,96,88,146,149,139,113,139,157,181,198,93,60,37,8,0,198,2664,96,118,125,119,92,93,90,111,149,141,146,112,154,159,255,251,126,176,103,40,8,453
2026,2026-01-01,40609,406091,福岡県,田川郡赤村,village,40609,2751,75,114,128,141,97,80,91,109,129,171,177,144,135,220,285,278,161,111,76,24,5,377,1299,30,57,69,74,47,41,50,57,64,88,89,68,73,95,128,135,65,44,22,2,1,134,1452,45,57,59,67,50,39,41,52,65,83,88,76,62,125,157,143,96,67,54,22,4,243
2026,2026-01-01,40610,406104,福岡県,田川郡福智町,town,40610,20285,585,837,973,999,797,720,735,906,1203,1192,1400,1167,1163,1437,1816,1904,1051,778,446,159,17,2451,9718,303,451,490,531,421,373,394,468,607,606,713,551,575,667,878,877,415,259,115,23,1,813,10567,282,386,483,468,376,347,341,438,596,586,687,616,588,770,938,1027,636,519,331,136,16,1638
2026,2026-01-01,40620,406201,福岡県,京都郡,gun_agg,,52901,1798,2220,2481,2532,2431,2317,2509,2813,3311,3438,3898,3297,2932,3294,3768,4027,2635,1915,937,292,56,5835,26607,924,1170,1281,1347,1387,1365,1388,1525,1886,1821,2054,1717,1375,1584,1820,1862,1094,689,251,61,6,2101,26294,874,1050,1200,1185,1044,952,1121,1288,1425,1617,1844,1580,1557,1710,1948,2165,1541,1226,686,231,50,3734
2026,2026-01-01,40621,406210,福岡県,京都郡苅田町,town,40621,35774,1418,1665,1823,1820,1835,1828,2000,2221,2511,2458,2739,2137,1850,2025,2154,2186,1414,1048,475,148,19,3104,18400,713,881,944,986,1080,1104,1115,1222,1472,1320,1466,1133,859,971,1033,998,588,363,121,29,2,1103,17374,705,784,879,834,755,724,885,999,1039,1138,1273,1004,991,1054,1121,1188,826,685,354,119,17,2001
2026,2026-01-01,40625,406252,福岡県,京都郡みやこ町,town,40625,17127,380,555,658,712,596,489,509,592,800,980,1159,1160,1082,1269,1614,1841,1221,867,462,144,37,2731,8207,211,289,337,361,307,261,273,303,414,501,588,584,516,613,787,864,506,326,130,32,4,998,8920,169,266,321,351,289,228,236,289,386,479,571,576,566,656,827,977,715,541,332,112,33,1733
2026,2026-01-01,40640,406406,福岡県,築上郡,gun_agg,,29219,832,1039,1310,1393,1269,1092,1052,1322,1651,1753,2020,1715,1800,1928,2387,2576,1812,1324,712,203,29,4080,14096,431,538,661,734,712,605,556,706,845,918,1038,824,884,892,1158,1157,748,457,199,32,1,1437,15123,401,501,649,659,557,487,496,616,806,835,982,891,916,1036,1229,1419,1064,867,513,171,28,2643
2026,2026-01-01,40642,406422,福岡県,築上郡吉富町,town,40642,6360,260,245,309,310,292,280,275,324,362,411,481,397,387,381,403,497,334,263,106,38,5,746,3045,142,135,151,153,146,150,140,172,174,206,247,201,181,183,180,207,144,97,27,9,0,277,3315,118,110,158,157,146,130,135,152,188,205,234,196,206,198,223,290,190,166,79,29,5,469
2026,2026-01-01,40646,406465,福岡県,築上郡上毛町,town,40646,7015,201,268,402,330,240,201,217,331,467,412,472,393,440,491,629,559,414,316,188,40,4,962,3361,99,136,211,185,128,102,113,176,238,216,237,189,204,224,318,252,176,108,48,1,0,333,3654,102,132,191,145,112,99,104,155,229,196,235,204,236,267,311,307,238,208,140,39,4,629
2026,2026-01-01,40647,406473,福岡県,築上郡築上町,town,40647,15844,371,526,599,753,737,611,560,667,822,930,1067,925,973,1056,1355,1520,1064,745,418,125,20,2372,7690,190,267,299,396,438,353,303,358,433,496,554,434,499,485,660,698,428,252,124,22,1,827,8154,181,259,300,357,299,258,257,309,389,434,513,491,474,571,695,822,636,493,294,103,19,1545
2026,2026-01-01,41000,410004,佐賀県,,pref,,775258,26291,33634,37901,38766,33715,31941,33928,39210,46670,51344,53742,48380,49297,52561,58374,56201,35256,26302,15620,5210,915,83303,370045,13365,17366,19449,19745,17048,16322,17299,19523,23389,25835,26797,23517,23707,24989,27621,25713,13988,9099,4188,988,97,28360,405213,12926,16268,18452,19021,16667,15619,16629,19687,23281,25509,26945,24863,25590,27572,30753,30488,21268,17203,11432,4222,818,54943
2026,2026-01-01,41201,412015,佐賀県,佐賀市,city,41201,221982,7586,9734,11012,10915,10349,9564,10310,11723,14023,14922,16103,14616,14354,14053,15232,14884,9914,7028,4125,1306,229,22602,105080,3880,5017,5703,5513,5146,4781,5189,5789,6970,7394,7896,7056,6773,6553,7098,6626,3857,2478,1089,249,23,7696,116902,3706,4717,5309,5402,5203,4783,5121,5934,7053,7528,8207,7560,7581,7500,8134,8258,6057,4550,3036,1057,206,14906
2026,2026-01-01,41202,412023,佐賀県,唐津市,city,41202,111196,3572,4682,5468,5648,4470,4204,4355,5149,6388,7254,7682,6484,7255,8092,9059,8735,5215,4094,2436,825,129,12699,52705,1824,2421,2805,2910,2290,2184,2245,2548,3207,3645,3844,3051,3466,3773,4267,4001,2010,1389,666,145,14,4224,58491,1748,2261,2663,2738,2180,2020,2110,2601,3181,3609,3838,3433,3789,4319,4792,4734,3205,2705,1770,680,115,8475
2026,2026-01-01,41203,412031,佐賀県,鳥栖市,city,41203,71796,2545,3289,3821,4186,3883,3472,3557,3981,4724,5674,5858,4709,4029,3818,4147,4167,2712,1860,1000,317,47,5936,34774,1331,1722,1971,2131,1916,1775,1737,2016,2375,2855,2933,2357,1965,1848,1889,1889,1092,637,267,64,4,2064,37022,1214,1567,1850,2055,1967,1697,1820,1965,2349,2819,2925,2352,2064,1970,2258,2278,1620,1223,733,253,43,3872
2026,2026-01-01,41204,412040,佐賀県,多久市,city,41204,16952,404,604,733,761,598,572,551,706,908,1058,1108,1063,1121,1342,1734,1518,890,647,432,166,36,2171,8050,192,318,359,347,314,311,299,356,478,528,563,513,563,648,860,708,345,213,101,32,2,693,8902,212,286,374,414,284,261,252,350,430,530,545,550,558,694,874,810,545,434,331,134,34,1478
2026,2026-01-01,41205,412058,佐賀県,伊万里市,city,41205,49968,1651,2077,2509,2492,1990,1898,1976,2475,3028,3296,3293,2868,3074,3669,4142,3861,2279,1818,1096,400,76,5669,24207,843,1083,1296,1228,1067,1021,1080,1259,1559,1711,1717,1391,1499,1737,1989,1799,913,633,304,72,6,1928,25761,808,994,1213,1264,923,877,896,1216,1469,1585,1576,1477,1575,1932,2153,2062,1366,1185,792,328,70,3741
2026,2026-01-01,41206,412066,佐賀県,武雄市,city,41206,45962,1600,2069,2197,2328,1821,1867,1992,2326,2727,2934,3022,2791,2940,3289,3628,3422,2047,1564,1000,326,72,5009,21952,804,1080,1094,1220,888,972,1013,1160,1349,1457,1501,1347,1428,1613,1740,1609,846,525,247,54,5,1677,24010,796,989,1103,1108,933,895,979,1166,1378,1477,1521,1444,1512,1676,1888,1813,1201,1039,753,272,67,3332
2026,2026-01-01,41207,412074,佐賀県,鹿島市,city,41207,26543,848,1162,1307,1266,1048,1024,1026,1216,1472,1641,1628,1658,1802,1955,2146,2119,1270,1033,650,211,61,3225,12573,384,617,670,658,538,540,534,591,736,818,789,829,864,874,1025,964,519,384,190,40,9,1142,13970,464,545,637,608,510,484,492,625,736,823,839,829,938,1081,1121,1155,751,649,460,171,52,2083
2026,2026-01-01,41208,412082,佐賀県,小城市,city,41208,43486,1716,1921,2054,2210,2002,2032,2155,2365,2672,2808,2818,2671,2760,2945,3151,2982,1772,1342,800,269,41,4224,20813,894,1004,1036,1092,992,1007,1067,1155,1326,1436,1380,1297,1272,1455,1543,1397,717,490,197,48,8,1460,22673,822,917,1018,1118,1010,1025,1088,1210,1346,1372,1438,1374,1488,1490,1608,1585,1055,852,603,221,33,2764
2026,2026-01-01,41209,412091,佐賀県,嬉野市,city,41209,23879,775,1012,1094,1113,861,820,969,1068,1337,1436,1442,1479,1611,1858,2140,1910,1193,948,563,211,39,2954,11297,401,493,533,569,422,396,511,524,663,735,722,711,793,912,1028,890,469,303,170,47,5,994,12582,374,519,561,544,439,424,458,544,674,701,720,768,818,946,1112,1020,724,645,393,164,34,1960
2026,2026-01-01,41210,412104,佐賀県,神埼市,city,41210,29477,923,1151,1330,1513,1352,1235,1255,1428,1700,1861,2064,1889,1842,2042,2307,2266,1460,1064,578,187,30,3319,14209,447,559,672,815,702,620,659,709,873,957,1033,931,923,987,1090,1058,588,392,150,43,1,1174,15268,476,592,658,698,650,615,596,719,827,904,1031,958,919,1055,1217,1208,872,672,428,144,29,2145
2026,2026-01-01,41320,413208,佐賀県,神埼郡,gun_agg,,15819,681,770,789,859,843,774,851,937,1022,1062,1108,976,882,1010,994,946,601,390,232,81,11,1315,7783,353,406,413,448,462,411,443,465,538,539,546,482,405,503,474,433,240,133,66,20,3,462,8036,328,364,376,411,381,363,408,472,484,523,562,494,477,507,520,513,361,257,166,61,8,853
2026,2026-01-01,41327,413275,佐賀県,神埼郡吉野ヶ里町,town,41327,15819,681,770,789,859,843,774,851,937,1022,1062,1108,976,882,1010,994,946,601,390,232,81,11,1315,7783,353,406,413,448,462,411,443,465,538,539,546,482,405,503,474,433,240,133,66,20,3,462,8036,328,364,376,411,381,363,408,472,484,523,562,494,477,507,520,513,361,257,166,61,8,853
2026,2026-01-01,41340,413402,佐賀県,三養基郡,gun_agg,,52353,2086,2649,2531,2350,2090,2244,2417,2883,3125,3374,3485,3073,3023,3409,3991,4068,2548,1729,940,303,35,5555,25189,1034,1381,1324,1196,1042,1123,1220,1434,1521,1729,1760,1518,1457,1626,1879,1853,1112,632,284,64,0,2092,27164,1052,1268,1207,1154,1048,1121,1197,1449,1604,1645,1725,1555,1566,1783,2112,2215,1436,1097,656,239,35,3463
2026,2026-01-01,41341,413411,佐賀県,三養基郡基山町,town,41341,17201,668,880,837,738,670,705,795,998,1068,1033,1041,949,1036,1296,1446,1343,807,524,272,87,8,1698,8229,313,450,430,367,343,372,396,490,527,513,523,453,472,596,689,630,346,216,84,19,0,665,8972,355,430,407,371,327,333,399,508,541,520,518,496,564,700,757,713,461,308,188,68,8,1033
2026,2026-01-01,41345,413453,佐賀県,三養基郡上峰町,town,41345,9755,424,471,524,527,468,555,524,558,593,623,759,631,553,514,616,614,320,268,151,57,5,801,4714,212,253,276,269,236,274,272,281,278,309,367,315,270,251,286,284,129,90,43,19,0,281,5041,212,218,248,258,232,281,252,277,315,314,392,316,283,263,330,330,191,178,108,38,5,520
2026,2026-01-01,41346,413461,佐賀県,三養基郡みやき町,town,41346,25397,994,1298,1170,1085,952,984,1098,1327,1464,1718,1685,1493,1434,1599,1929,2111,1421,937,517,159,22,3056,12246,509,678,618,560,463,477,552,663,716,907,870,750,715,779,904,939,637,326,157,26,0,1146,13151,485,620,552,525,489,507,546,664,748,811,815,743,719,820,1025,1172,784,611,360,133,22,1910
2026,2026-01-01,41380,413801,佐賀県,東松浦郡,gun_agg,,4685,106,150,218,244,264,173,161,197,235,292,272,279,303,376,468,382,191,211,109,45,9,565,2397,63,73,116,134,179,122,97,109,122,155,158,137,153,183,211,201,75,66,27,12,4,184,2288,43,77,102,110,85,51,64,88,113,137,114,142,150,193,257,181,116,145,82,33,5,381
2026,2026-01-01,41387,413879,佐賀県,東松浦郡玄海町,town,41387,4685,106,150,218,244,264,173,161,197,235,292,272,279,303,376,468,382,191,211,109,45,9,565,2397,63,73,116,134,179,122,97,109,122,155,158,137,153,183,211,201,75,66,27,12,4,184,2288,43,77,102,110,85,51,64,88,113,137,114,142,150,193,257,181,116,145,82,33,5,381
2026,2026-01-01,41400,414000,佐賀県,西松浦郡,gun_agg,,18038,492,718,911,877,612,523,654,787,1026,1122,1185,1160,1212,1380,1462,1521,988,757,477,151,23,2396,8443,250,372,451,428,326,279,319,371,528,522,615,581,601,680,687,677,358,239,132,24,3,756,9595,242,346,460,449,286,244,335,416,498,600,570,579,611,700,775,844,630,518,345,127,20,1640
2026,2026-01-01,41401,414018,佐賀県,西松浦郡有田町,town,41401,18038,492,718,911,877,612,523,654,787,1026,1122,1185,1160,1212,1380,1462,1521,988,757,477,151,23,2396,8443,250,372,451,428,326,279,319,371,528,522,615,581,601,680,687,677,358,239,132,24,3,756,9595,242,346,460,449,286,244,335,416,498,600,570,579,611,700,775,844,630,518,345,127,20,1640
2026,2026-01-01,41420,414204,佐賀県,杵島郡,gun_agg,,35555,1120,1397,1647,1662,1267,1302,1454,1705,1977,2186,2195,2155,2487,2702,3084,2758,1717,1404,947,322,67,4457,16917,565,696,864,871,633,640,758,889,982,1126,1106,1052,1243,1261,1515,1315,651,448,234,60,8,1401,18638,555,701,783,791,634,662,696,816,995,1060,1089,1103,1244,1441,1569,1443,1066,956,713,262,59,3056
2026,2026-01-01,41423,414239,佐賀県,杵島郡大町町,town,41423,5777,155,197,240,236,222,215,211,264,285,339,342,341,391,398,577,598,304,250,150,50,12,766,2690,75,104,122,112,113,106,104,143,142,180,165,164,193,178,271,278,117,78,34,9,2,240,3087,80,93,118,124,109,109,107,121,143,159,177,177,198,220,306,320,187,172,116,41,10,526
2026,2026-01-01,41424,414247,佐賀県,杵島郡江北町,town,41424,9425,434,493,492,462,332,402,503,522,617,661,601,488,586,630,692,579,351,285,206,75,14,931,4518,226,233,263,244,164,194,252,269,308,339,297,224,288,300,354,269,137,88,55,12,2,294,4907,208,260,229,218,168,208,251,253,309,322,304,264,298,330,338,310,214,197,151,63,12,637
2026,2026-01-01,41425,414255,佐賀県,杵島郡白石町,town,41425,20353,531,707,915,964,713,685,740,919,1075,1186,1252,1326,1510,1674,1815,1581,1062,869,591,197,41,2760,9709,264,359,479,515,356,340,402,477,532,607,644,664,762,783,890,768,397,282,145,39,4,867,10644,267,348,436,449,357,345,338,442,543,579,608,662,748,891,925,813,665,587,446,158,37,1893
2026,2026-01-01,41440,414409,佐賀県,藤津郡,gun_agg,,7567,186,249,280,342,265,237,245,264,306,424,479,509,602,621,689,662,459,413,235,90,10,1207,3656,100,124,142,185,131,140,128,148,162,228,234,264,302,336,326,293,196,137,64,14,2,413,3911,86,125,138,157,134,97,117,116,144,196,245,245,300,285,363,369,263,276,171,76,8,794
2026,2026-01-01,41441,414417,佐賀県,藤津郡太良町,town,41441,7567,186,249,280,342,265,237,245,264,306,424,479,509,602,621,689,662,459,413,235,90,10,1207,3656,100,124,142,185,131,140,128,148,162,228,234,264,302,336,326,293,196,137,64,14,2,413,3911,86,125,138,157,134,97,117,116,144,196,245,245,300,285,363,369,263,276,171,76,8,794
2026,2026-01-01,42000,420000,長崎県,,pref,,1240628,38420,49496,56459,57629,48341,45478,49671,58652,69325,76996,87675,80994,84324,90311,100134,99019,61871,47436,27808,8980,1609,147704,587275,19688,25512,28942,29604,25070,23617,25180,29240,34330,38003,43214,38815,40304,43393,47367,44772,24243,16465,7644,1737,135,50224,653353,18732,23984,27517,28025,23271,21861,24491,29412,34995,38993,44461,42179,44020,46918,52767,54247,37628,30971,20164,7243,1474,97480
2026,2026-01-01,42201,422011,長崎県,長崎市,city,42201,380066,10498,13817,15910,16599,15722,14070,15227,17938,20840,23480,28279,25818,26806,27412,30830,31317,19263,14547,8456,2717,520,45503,175707,5325,7188,8163,8401,7852,6956,7479,8765,10124,11284,13569,12086,12523,12811,14213,13788,7440,4918,2259,517,46,15180,204359,5173,6629,7747,8198,7870,7114,7748,9173,10716,12196,14710,13732,14283,14601,16617,17529,11823,9629,6197,2200,474,30323
2026,2026-01-01,42202,422029,長崎県,佐世保市,city,42202,227001,7337,9171,10690,11340,9684,8966,9440,10903,13121,14587,16133,14541,14137,14974,17510,18113,11367,8279,4827,1587,294,26354,107651,3841,4723,5424,5860,5169,4677,4876,5488,6545,7154,7910,6938,6696,7146,8202,8120,4342,2881,1333,305,21,8882,119350,3496,4448,5266,5480,4515,4289,4564,5415,6576,7433,8223,7603,7441,7828,9308,9993,7025,5398,3494,1282,273,17472
2026,2026-01-01,42203,422037,長崎県,島原市,city,42203,40528,1247,1617,1921,1809,1214,1220,1424,1703,2196,2398,2687,2649,2889,3243,3385,3439,2212,1798,1068,343,66,5487,18997,635,871,952,930,610,640,724,860,1086,1202,1331,1253,1369,1578,1557,1521,901,614,288,71,4,1878,21531,612,746,969,879,604,580,700,843,1110,1196,1356,1396,1520,1665,1828,1918,1311,1184,780,272,62,3609
2026,2026-01-01,42204,422045,長崎県,諫早市,city,42204,131191,4406,5694,6401,6400,5280,5499,5782,6608,7737,8494,9489,8591,8690,8991,9749,9443,5978,4420,2564,832,143,13937,62965,2278,2924,3312,3317,2863,2959,2996,3320,3855,4167,4689,4107,4088,4311,4638,4273,2446,1534,710,168,10,4868,68226,2128,2770,3089,3083,2417,2540,2786,3288,3882,4327,4800,4484,4602,4680,5111,5170,3532,2886,1854,664,133,9069
2026,2026-01-01,42205,422053,長崎県,大村市,city,42205,98716,4391,5238,5495,5274,4601,4695,5127,5864,6181,6609,7113,6195,5901,5886,6042,5907,3667,2577,1423,449,81,8197,47403,2221,2703,2785,2756,2425,2425,2549,2830,3025,3136,3510,2964,2822,2837,2850,2654,1463,948,410,80,10,2911,51313,2170,2535,2710,2518,2176,2270,2578,3034,3156,3473,3603,3231,3079,3049,3192,3253,2204,1629,1013,369,71,5286
2026,2026-01-01,42207,422070,長崎県,平戸市,city,42207,26869,674,989,1134,1077,713,710,843,987,1192,1377,1665,1748,2000,2316,2702,2498,1673,1395,853,281,42,4244,12878,360,534,581,534,379,415,469,514,621,724,858,883,995,1148,1345,1176,613,465,221,41,2,1342,13991,314,455,553,543,334,295,374,473,571,653,807,865,1005,1168,1357,1322,1060,930,632,240,40,2902
2026,2026-01-01,42208,422088,長崎県,松浦市,city,42208,19627,502,677,898,886,645,580,660,809,1054,1148,1144,1193,1345,1673,1881,1767,1025,939,584,184,33,2765,9466,264,326,457,431,371,321,357,441,542,610,609,571,662,856,944,833,372,290,164,44,1,871,10161,238,351,441,455,274,259,303,368,512,538,535,622,683,817,937,934,653,649,420,140,32,1894
2026,2026-01-01,42209,422096,長崎県,対馬市,city,42209,26007,651,895,973,1051,814,829,878,1082,1365,1566,1724,1546,1733,2336,2589,2472,1459,1164,688,158,34,3503,12943,341,462,507,528,460,490,484,612,721,886,995,814,884,1173,1251,1127,567,411,195,31,4,1208,13064,310,433,466,523,354,339,394,470,644,680,729,732,849,1163,1338,1345,892,753,493,127,30,2295
2026,2026-01-01,42210,422100,長崎県,壱岐市,city,42210,23103,589,860,1074,1106,741,632,732,932,1220,1478,1514,1361,1585,1816,2017,2104,1329,1063,676,234,40,3342,11190,314,443,553,571,391,346,369,497,637,762,807,705,779,909,946,986,539,386,199,47,4,1175,11913,275,417,521,535,350,286,363,435,583,716,707,656,806,907,1071,1118,790,677,477,187,36,2167
2026,2026-01-01,42211,422118,長崎県,五島市,city,42211,32663,796,1045,1193,1225,791,838,1042,1225,1618,1755,2066,2136,2555,3201,3402,2962,1827,1634,967,336,49,4813,15663,381,507,599,620,444,467,565,618,802,923,1067,1079,1282,1588,1690,1404,707,591,258,66,5,1627,17000,415,538,594,605,347,371,477,607,816,832,999,1057,1273,1613,1712,1558,1120,1043,709,270,44,3186
2026,2026-01-01,42212,422126,長崎県,西海市,city,42212,23473,573,859,963,1000,725,695,766,960,1150,1269,1452,1380,1791,1930,2285,2139,1294,1163,757,275,47,3536,11517,288,427,488,514,409,423,423,517,608,692,766,681,903,999,1145,1036,503,417,216,55,7,1198,11956,285,432,475,486,316,272,343,443,542,577,686,699,888,931,1140,1103,791,746,541,220,40,2338
2026,2026-01-01,42213,422134,長崎県,雲仙市,city,42213,39094,1247,1503,1727,1728,1231,1286,1420,1724,2098,2233,2396,2539,3021,3276,3540,3022,1916,1683,1058,385,61,5103,18836,639,761,882,922,611,705,743,869,1079,1157,1199,1238,1527,1634,1752,1431,767,587,266,66,1,1687,20258,608,742,845,806,620,581,677,855,1019,1076,1197,1301,1494,1642,1788,1591,1149,1096,792,319,60,3416
2026,2026-01-01,42214,422142,長崎県,南島原市,city,42214,39231,932,1327,1602,1647,1075,899,992,1418,1929,2094,2453,2529,2979,3629,3817,3675,2415,2100,1251,414,54,6234,18426,481,654,816,820,545,502,494,699,984,1045,1240,1189,1475,1752,1824,1751,962,736,372,80,5,2155,20805,451,673,786,827,530,397,498,719,945,1049,1213,1340,1504,1877,1993,1924,1453,1364,879,334,49,4079
2026,2026-01-01,42300,423009,長崎県,西彼杵郡,gun_agg,,67650,2545,3203,3572,3679,2940,2635,2871,3528,4083,4503,5231,4599,4371,4284,4563,4653,2998,2004,1055,280,53,6390,32385,1307,1661,1900,1960,1475,1302,1389,1713,1955,2224,2509,2200,2080,2027,2158,2115,1275,745,315,67,8,2410,35265,1238,1542,1672,1719,1465,1333,1482,1815,2128,2279,2722,2399,2291,2257,2405,2538,1723,1259,740,213,45,3980
2026,2026-01-01,42307,423076,長崎県,西彼杵郡長与町,town,42307,39042,1432,1887,2029,1934,1666,1433,1618,2019,2300,2499,2985,2745,2731,2616,2632,2697,1757,1219,640,175,28,3819,18610,743,959,1053,966,861,712,793,1000,1089,1229,1403,1305,1277,1268,1279,1222,755,462,188,39,7,1451,20432,689,928,976,968,805,721,825,1019,1211,1270,1582,1440,1454,1348,1353,1475,1002,757,452,136,21,2368
2026,2026-01-01,42308,423084,長崎県,西彼杵郡時津町,town,42308,28608,1113,1316,1543,1745,1274,1202,1253,1509,1783,2004,2246,1854,1640,1668,1931,1956,1241,785,415,105,25,2571,13775,564,702,847,994,614,590,596,713,866,995,1106,895,803,759,879,893,520,283,127,28,1,959,14833,549,614,696,751,660,612,657,796,917,1009,1140,959,837,909,1052,1063,721,502,288,77,24,1612
2026,2026-01-01,42320,423203,長崎県,東彼杵郡,gun_agg,,33623,1046,1398,1550,1531,1227,998,1290,1634,1909,2125,2226,2143,2264,2589,2826,2721,1745,1297,799,254,51,4146,15976,522,727,803,800,590,500,668,822,931,1055,1069,1082,1113,1268,1353,1272,658,453,234,52,4,1401,17647,524,671,747,731,637,498,622,812,978,1070,1157,1061,1151,1321,1473,1449,1087,844,565,202,47,2745
2026,2026-01-01,42321,423211,長崎県,東彼杵郡東彼杵町,town,42321,7148,199,247,293,282,248,166,240,349,363,423,436,466,528,639,680,631,388,286,200,74,10,958,3458,86,134,141,154,128,100,115,183,182,222,218,242,262,315,335,310,148,108,57,18,0,331,3690,113,113,152,128,120,66,125,166,181,201,218,224,266,324,345,321,240,178,143,56,10,627
2026,2026-01-01,42322,423220,長崎県,東彼杵郡川棚町,town,42322,12550,328,498,584,599,488,381,435,562,711,840,887,831,793,926,1053,1031,712,504,284,83,20,1603,5903,154,267,304,305,247,201,235,273,340,404,415,419,388,447,491,465,252,180,97,18,1,548,6647,174,231,280,294,241,180,200,289,371,436,472,412,405,479,562,566,460,324,187,65,19,1055
2026,2026-01-01,42323,423238,長崎県,東彼杵郡波佐見町,town,42323,13925,519,653,673,650,491,451,615,723,835,862,903,846,943,1024,1093,1059,645,507,315,97,21,1585,6615,282,326,358,341,215,199,318,366,409,429,436,421,463,506,527,497,258,165,80,16,3,522,7310,237,327,315,309,276,252,297,357,426,433,467,425,480,518,566,562,387,342,235,81,18,1063
2026,2026-01-01,42380,423807,長崎県,北松浦郡,gun_agg,,15771,680,783,885,768,599,579,736,828,973,1038,1069,835,877,1081,1224,1242,682,470,303,100,19,1574,7530,333,397,467,375,301,297,354,413,488,528,536,404,417,500,582,574,310,158,77,17,2,564,8241,347,386,418,393,298,282,382,415,485,510,533,431,460,581,642,668,372,312,226,83,17,1010
2026,2026-01-01,42383,423831,長崎県,北松浦郡小値賀町,town,42383,2040,50,51,69,59,32,42,50,70,104,95,99,100,130,205,291,223,134,111,94,26,5,370,962,22,26,29,22,16,24,27,38,55,63,54,45,57,98,150,111,65,32,25,3,0,125,1078,28,25,40,37,16,18,23,32,49,32,45,55,73,107,141,112,69,79,69,23,5,245
2026,2026-01-01,42391,423912,長崎県,北松浦郡佐々町,town,42391,13731,630,732,816,709,567,537,686,758,869,943,970,735,747,876,933,1019,548,359,209,74,14,1204,6568,311,371,438,353,285,273,327,375,433,465,482,359,360,402,432,463,245,126,52,14,2,439,7163,319,361,378,356,282,264,359,383,436,478,488,376,387,474,501,556,303,233,157,60,12,765
2026,2026-01-01,42400,424005,長崎県,南松浦郡,gun_agg,,16015,306,420,471,509,339,347,441,509,659,842,1034,1191,1380,1674,1772,1545,1021,903,479,151,22,2576,7742,158,204,253,265,175,192,241,262,327,454,550,621,689,856,917,711,378,331,127,30,1,867,8273,148,216,218,244,164,155,200,247,332,388,484,570,691,818,855,834,643,572,352,121,21,1709
2026,2026-01-01,42411,424111,長崎県,南松浦郡新上五島町,town,42411,16015,306,420,471,509,339,347,441,509,659,842,1034,1191,1380,1674,1772,1545,1021,903,479,151,22,2576,7742,158,204,253,265,175,192,241,262,327,454,550,621,689,856,917,711,378,331,127,30,1,867,8273,148,216,218,244,164,155,200,247,332,388,484,570,691,818,855,834,643,572,352,121,21,1709
2026,2026-01-01,43000,430005,熊本県,,pref,,1671247,56676,71564,80452,81043,70901,67768,72939,84510,99681,107802,114464,102758,107401,113844,124157,122628,78803,61633,37275,12692,2256,192659,796956,28835,36532,41521,41245,36261,34709,36713,42150,49918,53982,56840,49659,51413,54532,58969,56312,31898,21902,10762,2537,266,67365,874291,27841,35032,38931,39798,34640,33059,36226,42360,49763,53820,57624,53099,55988,59312,65188,66316,46905,39731,26513,10155,1990,125294
2026,2026-01-01,43100,431001,熊本県,熊本市,city_agg,,717311,26824,31984,34754,35794,36157,35100,36095,39364,45329,49130,53672,46348,45050,43860,44639,45435,29199,21224,12494,4156,703,67776,339338,13677,16266,17937,18098,18195,17443,17784,19377,22306,24007,25987,22061,21248,20741,20728,19998,11520,7382,3631,856,96,23485,377973,13147,15718,16817,17696,17962,17657,18311,19987,23023,25123,27685,24287,23802,23119,23911,25437,17679,13842,8863,3300,607,44291
2026,2026-01-01,43101,431010,熊本県,熊本市中央区,ward,43100,172271,5482,6332,7076,8098,10649,10136,9396,9353,10658,11993,13285,12032,11459,10506,9998,10267,6519,4750,3015,1084,183,15551,80157,2809,3164,3702,4006,5332,5000,4534,4562,5179,5654,6322,5654,5349,4943,4543,4350,2467,1563,800,204,20,5054,92114,2673,3168,3374,4092,5317,5136,4862,4791,5479,6339,6963,6378,6110,5563,5455,5917,4052,3187,2215,880,163,10497
2026,2026-01-01,43102,431028,熊本県,熊本市東区,ward,43100,187784,7487,9128,10001,9869,9029,8660,9307,10642,12574,13436,14364,11738,11615,11637,11676,11117,6874,4804,2811,866,149,15504,89592,3868,4682,5149,5054,4599,4272,4618,5269,6156,6562,6954,5598,5501,5436,5480,4947,2714,1697,823,193,20,5447,98192,3619,4446,4852,4815,4430,4388,4689,5373,6418,6874,7410,6140,6114,6201,6196,6170,4160,3107,1988,673,129,10057
2026,2026-01-01,43103,431036,熊本県,熊本市西区,ward,43100,88235,3028,3589,3794,3976,4182,4019,4186,4604,5165,5534,6355,5899,5662,5611,6013,6423,4377,3228,1864,634,92,10195,41385,1529,1825,1948,2012,2072,1983,2100,2255,2585,2755,3053,2850,2665,2689,2780,2794,1729,1087,531,122,21,3490,46850,1499,1764,1846,1964,2110,2036,2086,2349,2580,2779,3302,3049,2997,2922,3233,3629,2648,2141,1333,512,71,6705
2026,2026-01-01,43104,431044,熊本県,熊本市南区,ward,43100,132582,5937,7062,7354,6996,5890,6178,6756,7786,8846,9055,9629,7789,7711,7593,8082,8020,5083,3772,2204,713,126,11898,63110,3015,3560,3806,3572,2834,3038,3286,3783,4345,4493,4759,3713,3669,3595,3799,3688,2058,1341,619,121,16,4155,69472,2922,3502,3548,3424,3056,3140,3470,4003,4501,4562,4870,4076,4042,3998,4283,4332,3025,2431,1585,592,110,7743
2026,2026-01-01,43105,431052,熊本県,熊本市北区,ward,43100,136439,4890,5873,6529,6855,6407,6107,6450,6979,8086,9112,10039,8890,8603,8513,8870,9608,6346,4670,2600,859,153,14628,65094,2456,3035,3332,3454,3358,3150,3246,3508,4041,4543,4899,4246,4064,4078,4126,4219,2552,1694,858,216,19,5339,71345,2434,2838,3197,3401,3049,2957,3204,3471,4045,4569,5140,4644,4539,4435,4744,5389,3794,2976,1742,643,134,9289
2026,2026-01-01,43202,432024,熊本県,八代市,city,43202,114338,3419,4476,5155,5183,4208,4016,4471,5285,6363,6907,7653,7351,7827,8378,9264,9319,6283,4894,2822,941,123,15063,54057,1681,2308,2607,2650,2137,2058,2326,2614,3201,3431,3819,3595,3792,4067,4405,4255,2448,1700,774,173,16,5111,60281,1738,2168,2548,2533,2071,1958,2145,2671,3162,3476,3834,3756,4035,4311,4859,5064,3835,3194,2048,768,107,9952
2026,2026-01-01,43203,432032,熊本県,人吉市,city,43203,28706,772,1054,1282,1282,932,877,966,1269,1508,1688,1808,1834,2057,2283,2495,2493,1632,1261,882,281,50,4106,13406,412,509,677,664,474,469,494,647,776,843,890,907,963,1066,1153,1112,625,406,261,52,6,1350,15300,360,545,605,618,458,408,472,622,732,845,918,927,1094,1217,1342,1381,1007,855,621,229,44,2756
2026,2026-01-01,43204,432041,熊本県,荒尾市,city,43204,47968,1407,1951,2214,2270,1741,1706,1763,2197,2801,3250,3239,2723,2761,3271,4158,4313,2575,2037,1110,392,89,6203,22673,710,982,1112,1199,860,880,891,1111,1414,1676,1610,1340,1293,1515,1933,1975,1049,744,303,66,10,2172,25295,697,969,1102,1071,881,826,872,1086,1387,1574,1629,1383,1468,1756,2225,2338,1526,1293,807,326,79,4031
2026,2026-01-01,43205,432059,熊本県,水俣市,city,43205,20953,469,726,855,886,584,585,652,822,1070,1097,1348,1341,1367,1708,2032,1984,1392,1096,672,225,42,3427,9830,236,380,447,467,275,308,358,421,555,562,657,654,654,805,975,882,562,415,177,36,4,1194,11123,233,346,408,419,309,277,294,401,515,535,691,687,713,903,1057,1102,830,681,495,189,38,2233
2026,2026-01-01,43206,432067,熊本県,玉名市,city,43206,60178,1870,2441,2783,2806,2293,2071,2310,2808,3501,3607,3865,3552,4016,4438,5040,4775,3223,2666,1555,478,80,8002,28864,955,1298,1442,1429,1133,1068,1195,1409,1785,1854,1948,1715,1934,2135,2488,2245,1304,974,448,98,7,2831,31314,915,1143,1341,1377,1160,1003,1115,1399,1716,1753,1917,1837,2082,2303,2552,2530,1919,1692,1107,380,73,5171
2026,2026-01-01,43208,432083,熊本県,山鹿市,city,43208,46760,1271,1795,2114,2066,1629,1388,1679,2125,2578,2735,2824,2842,3002,3576,4193,4061,2663,2191,1408,509,111,6882,22235,642,944,1050,1075,842,727,850,1062,1360,1433,1430,1363,1403,1737,2017,1878,1087,808,397,114,16,2422,24525,629,851,1064,991,787,661,829,1063,1218,1302,1394,1479,1599,1839,2176,2183,1576,1383,1011,395,95,4460
2026,2026-01-01,43210,432105,熊本県,菊池市,city,43210,44901,1436,1872,2125,2185,1819,1680,1861,2319,2678,2709,2717,2460,2930,3399,3656,3453,2193,1821,1131,376,81,5602,21790,729,973,1101,1091,959,901,983,1203,1372,1432,1385,1165,1409,1623,1826,1623,910,684,343,69,9,2015,23111,707,899,1024,1094,860,779,878,1116,1306,1277,1332,1295,1521,1776,1830,1830,1283,1137,788,307,72,3587
2026,2026-01-01,43211,432113,熊本県,宇土市,city,43211,35336,1213,1550,1721,1821,1474,1436,1519,1796,2045,2229,2456,2314,2471,2410,2424,2413,1679,1311,757,257,40,4044,17006,632,821,883,912,764,727,750,908,990,1093,1211,1125,1240,1218,1123,1133,710,477,228,57,4,1476,18330,581,729,838,909,710,709,769,888,1055,1136,1245,1189,1231,1192,1301,1280,969,834,529,200,36,2568
2026,2026-01-01,43212,432121,熊本県,上天草市,city,43212,22638,447,683,837,864,644,579,662,808,1006,1164,1316,1486,1782,2145,2295,2224,1451,1207,762,239,37,3696,10879,232,342,418,426,328,325,351,430,519,624,679,755,883,1062,1123,1054,613,448,218,46,3,1328,11759,215,341,419,438,316,254,311,378,487,540,637,731,899,1083,1172,1170,838,759,544,193,34,2368
2026,2026-01-01,43213,432130,熊本県,宇城市,city,43213,54573,1677,2230,2593,2546,2077,1969,2127,2652,3062,3405,3507,3304,3694,3878,4533,4362,2832,2244,1373,438,70,6957,26197,867,1151,1387,1256,1081,1016,1078,1314,1571,1735,1769,1608,1755,1839,2178,2058,1179,833,425,89,8,2534,28376,810,1079,1206,1290,996,953,1049,1338,1491,1670,1738,1696,1939,2039,2355,2304,1653,1411,948,349,62,4423
2026,2026-01-01,43214,432148,熊本県,阿蘇市,city,43214,23013,559,819,975,900,858,718,814,978,1167,1273,1260,1405,1598,1819,2152,2088,1322,1217,762,280,49,3630,10981,304,409,537,457,458,365,420,498,617,656,654,664,772,905,1037,963,565,427,213,56,4,1265,12032,255,410,438,443,400,353,394,480,550,617,606,741,826,914,1115,1125,757,790,549,224,45,2365
2026,2026-01-01,43215,432156,熊本県,天草市,city,43215,69727,1743,2268,2815,2889,1990,1776,2176,2513,3292,3875,4256,4432,5145,6189,6918,6475,4312,3447,2233,820,163,10975,33087,881,1161,1482,1445,1017,945,1108,1308,1653,2035,2167,2191,2482,3036,3332,3100,1756,1225,604,146,13,3744,36640,862,1107,1333,1444,973,831,1068,1205,1639,1840,2089,2241,2663,3153,3586,3375,2556,2222,1629,674,150,7231
2026,2026-01-01,43216,432164,熊本県,合志市,city,43216,64585,3116,4113,4284,3882,2766,2560,3321,4053,4574,4868,4462,3427,3247,3396,3693,3744,2226,1592,907,296,58,5079,31287,1590,2104,2215,1982,1413,1372,1606,1983,2264,2410,2264,1646,1520,1578,1708,1737,946,609,261,75,4,1895,33298,1526,2009,2069,1900,1353,1188,1715,2070,2310,2458,2198,1781,1727,1818,1985,2007,1280,983,646,221,54,3184
2026,2026-01-01,43340,433403,熊本県,下益城郡,gun_agg,,8247,129,161,256,315,243,178,209,277,404,432,453,432,626,828,907,854,550,482,330,154,27,1543,3965,74,77,125,161,128,88,119,150,225,238,231,214,315,408,463,439,227,162,92,24,5,510,4282,55,84,131,154,115,90,90,127,179,194,222,218,311,420,444,415,323,320,238,130,22,1033
2026,2026-01-01,43348,433489,熊本県,下益城郡美里町,town,43348,8247,129,161,256,315,243,178,209,277,404,432,453,432,626,828,907,854,550,482,330,154,27,1543,3965,74,77,125,161,128,88,119,150,225,238,231,214,315,408,463,439,227,162,92,24,5,510,4282,55,84,131,154,115,90,90,127,179,194,222,218,311,420,444,415,323,320,238,130,22,1033
2026,2026-01-01,43360,433608,熊本県,玉名郡,gun_agg,,36104,1018,1364,1620,1520,1170,988,1219,1616,2007,2055,2071,2048,2461,2832,3450,3305,2104,1742,1096,350,68,5360,17519,532,708,817,791,630,527,667,807,1035,1065,1052,1047,1202,1391,1739,1592,897,636,303,76,5,1917,18585,486,656,803,729,540,461,552,809,972,990,1019,1001,1259,1441,1711,1713,1207,1106,793,274,63,3443
2026,2026-01-01,43364,433641,熊本県,玉名郡玉東町,town,43364,5018,185,230,267,244,195,131,185,247,284,291,284,281,361,324,401,389,296,240,133,43,7,719,2423,98,125,138,127,100,65,100,114,145,153,138,149,174,165,185,188,125,85,34,14,1,259,2595,87,105,129,117,95,66,85,133,139,138,146,132,187,159,216,201,171,155,99,29,6,460
2026,2026-01-01,43367,433675,熊本県,玉名郡南関町,town,43367,8160,180,277,333,300,237,190,259,359,436,417,445,502,621,696,769,786,470,474,298,88,23,1353,3920,93,146,168,147,113,105,153,179,223,213,220,257,306,360,394,378,199,177,74,15,0,465,4240,87,131,165,153,124,85,106,180,213,204,225,245,315,336,375,408,271,297,224,73,23,888
2026,2026-01-01,43368,433683,熊本県,玉名郡長洲町,town,43368,14189,415,578,652,644,492,448,517,664,808,883,874,756,834,1015,1446,1345,806,549,343,102,18,1818,6971,223,302,320,345,274,250,272,345,425,449,445,389,408,460,737,661,349,194,98,23,2,666,7218,192,276,332,299,218,198,245,319,383,434,429,367,426,555,709,684,457,355,245,79,16,1152
2026,2026-01-01,43369,433691,熊本県,玉名郡和水町,town,43369,8737,238,279,368,332,246,219,258,346,479,464,468,509,645,797,834,785,532,479,322,117,20,1470,4205,118,135,191,172,143,107,142,169,242,250,249,252,314,406,423,365,224,180,97,24,2,527,4532,120,144,177,160,103,112,116,177,237,214,219,257,331,391,411,420,308,299,225,93,18,943
2026,2026-01-01,43400,434001,熊本県,菊池郡,gun_agg,,78025,3341,4189,4712,4671,3888,4266,4258,4969,5650,5856,5663,4327,4165,4113,4287,4084,2392,1747,1017,370,60,5586,38842,1624,2117,2413,2494,2183,2425,2226,2515,2876,2975,2868,2163,2045,1957,2041,1849,1042,636,309,76,8,2071,39183,1717,2072,2299,2177,1705,1841,2032,2454,2774,2881,2795,2164,2120,2156,2246,2235,1350,1111,708,294,52,3515
2026,2026-01-01,43403,434035,熊本県,菊池郡大津町,town,43403,35199,1428,1805,2155,2197,1748,1881,1864,2233,2569,2444,2404,1945,1999,2024,1995,1843,1066,820,528,209,42,2665,17701,704,943,1124,1222,999,1101,970,1133,1323,1273,1240,960,984,988,954,843,456,289,139,50,6,940,17498,724,862,1031,975,749,780,894,1100,1246,1171,1164,985,1015,1036,1041,1000,610,531,389,159,36,1725
2026,2026-01-01,43404,434043,熊本県,菊池郡菊陽町,town,43404,42826,1913,2384,2557,2474,2140,2385,2394,2736,3081,3412,3259,2382,2166,2089,2292,2241,1326,927,489,161,18,2921,21141,920,1174,1289,1272,1184,1324,1256,1382,1553,1702,1628,1203,1061,969,1087,1006,586,347,170,26,2,1131,21685,993,1210,1268,1202,956,1061,1138,1354,1528,1710,1631,1179,1105,1120,1205,1235,740,580,319,135,16,1790
2026,2026-01-01,43420,434205,熊本県,阿蘇郡,gun_agg,,32980,845,1178,1365,1415,1062,906,997,1376,1699,1844,1988,1895,2333,2806,3215,3081,1837,1618,1066,380,74,4975,16175,452,599,739,750,587,496,527,722,854,989,1060,907,1181,1415,1579,1554,766,572,328,90,8,1764,16805,393,579,626,665,475,410,470,654,845,855,928,988,1152,1391,1636,1527,1071,1046,738,290,66,3211
2026,2026-01-01,43423,434230,熊本県,阿蘇郡南小国町,town,43423,3516,89,134,149,128,121,111,117,147,202,227,182,202,222,295,329,326,191,180,114,41,9,535,1704,47,66,72,65,67,60,56,77,108,128,88,98,120,143,161,170,74,55,37,11,1,178,1812,42,68,77,63,54,51,61,70,94,99,94,104,102,152,168,156,117,125,77,30,8,357
2026,2026-01-01,43424,434248,熊本県,阿蘇郡小国町,town,43424,6034,117,225,219,219,184,154,174,257,275,308,351,356,445,524,596,607,400,322,198,85,18,1023,2919,49,114,115,119,101,88,106,140,136,183,195,169,219,265,278,300,160,107,55,18,2,342,3115,68,111,104,100,83,66,68,117,139,125,156,187,226,259,318,307,240,215,143,67,16,681
2026,2026-01-01,43425,434256,熊本県,阿蘇郡産山村,village,43425,1253,36,31,53,58,30,26,50,43,54,67,56,81,95,104,120,121,71,74,60,18,5,228,645,18,15,27,35,20,15,29,24,26,44,30,42,45,63,60,65,33,26,19,8,1,87,608,18,16,26,23,10,11,21,19,28,23,26,39,50,41,60,56,38,48,41,10,4,141
2026,2026-01-01,43428,434281,熊本県,阿蘇郡高森町,town,43428,5608,121,169,232,249,180,124,168,227,258,267,294,316,421,507,586,561,318,340,202,56,12,928,2748,68,91,122,126,99,66,89,123,136,126,165,145,219,275,291,279,122,130,62,13,1,328,2860,53,78,110,123,81,58,79,104,122,141,129,171,202,232,295,282,196,210,140,43,11,600
2026,2026-01-01,43432,434329,熊本県,阿蘇郡西原村,village,43432,6889,232,310,337,370,263,244,237,348,445,437,486,400,458,505,582,502,276,215,167,60,15,733,3434,141,161,185,191,136,121,122,178,212,233,257,196,234,235,288,259,117,88,63,16,1,285,3455,91,149,152,179,127,123,115,170,233,204,229,204,224,270,294,243,159,127,104,44,14,448
2026,2026-01-01,43433,434337,熊本県,阿蘇郡南阿蘇村,village,43433,9680,250,309,375,391,284,247,251,354,465,538,619,540,692,871,1002,964,581,487,325,120,15,1528,4725,129,152,218,214,164,146,125,180,236,275,325,257,344,434,501,481,260,166,92,24,2,544,4955,121,157,157,177,120,101,126,174,229,263,294,283,348,437,501,483,321,321,233,96,13,984
2026,2026-01-01,43440,434400,熊本県,上益城郡,gun_agg,,83332,3203,4023,4362,4052,2972,2997,3558,4194,4964,5104,5055,4435,5022,5660,6697,6501,4048,3401,2158,769,157,10533,40187,1662,2014,2250,2046,1543,1497,1811,2089,2522,2628,2580,2142,2408,2746,3235,3191,1690,1246,687,178,22,3823,43145,1541,2009,2112,2006,1429,1500,1747,2105,2442,2476,2475,2293,2614,2914,3462,3310,2358,2155,1471,591,135,6710
2026,2026-01-01,43441,434418,熊本県,上益城郡御船町,town,43441,17094,670,817,846,817,624,662,762,890,1008,1041,1025,907,1059,1163,1395,1359,858,633,387,141,30,2049,8224,328,418,423,407,325,341,389,447,503,543,505,429,519,566,663,649,382,238,112,35,2,769,8870,342,399,423,410,299,321,373,443,505,498,520,478,540,597,732,710,476,395,275,106,28,1280
2026,2026-01-01,43442,434426,熊本県,上益城郡嘉島町,town,43442,10194,539,701,676,505,371,409,577,672,719,734,609,565,524,548,570,544,367,305,190,61,8,931,4938,283,348,329,247,185,212,295,325,363,370,318,282,248,259,272,271,148,112,52,17,2,331,5256,256,353,347,258,186,197,282,347,356,364,291,283,276,289,298,273,219,193,138,44,6,600
2026,2026-01-01,43443,434434,熊本県,上益城郡益城町,town,43443,34175,1556,1792,1972,1854,1405,1448,1612,1889,2224,2225,2253,1813,1897,2074,2378,2370,1399,1122,633,219,40,3413,16513,829,899,1049,941,714,701,797,923,1126,1121,1143,872,907,954,1129,1114,600,418,218,51,7,1294,17662,727,893,923,913,691,747,815,966,1098,1104,1110,941,990,1120,1249,1256,799,704,415,168,33,2119
2026,2026-01-01,43444,434442,熊本県,上益城郡甲佐町,town,43444,9591,243,386,471,454,301,260,322,361,521,569,576,511,635,720,843,894,558,473,345,124,24,1524,4567,124,191,252,228,166,119,167,194,261,299,301,233,306,349,406,443,227,166,107,27,1,528,5024,119,195,219,226,135,141,155,167,260,270,275,278,329,371,437,451,331,307,238,97,23,996
2026,2026-01-01,43447,434477,熊本県,上益城郡山都町,town,43447,12278,195,327,397,422,271,218,285,382,492,535,592,639,907,1155,1511,1334,866,868,603,224,55,2616,5945,98,158,197,223,153,124,163,200,269,295,313,326,428,618,765,714,333,312,198,48,10,901,6333,97,169,200,199,118,94,122,182,223,240,279,313,479,537,746,620,533,556,405,176,45,1715
2026,2026-01-01,43460,434604,熊本県,八代郡,gun_agg,,10208,228,320,419,488,345,231,299,385,505,654,698,595,735,811,965,972,595,526,318,97,22,1558,4781,113,144,242,237,170,105,161,198,265,309,376,295,368,377,437,464,248,174,83,12,3,520,5427,115,176,177,251,175,126,138,187,240,345,322,300,367,434,528,508,347,352,235,85,19,1038
2026,2026-01-01,43468,434680,熊本県,八代郡氷川町,town,43468,10208,228,320,419,488,345,231,299,385,505,654,698,595,735,811,965,972,595,526,318,97,22,1558,4781,113,144,242,237,170,105,161,198,265,309,376,295,368,377,437,464,248,174,83,12,3,520,5427,115,176,177,251,175,126,138,187,240,345,322,300,367,434,528,508,347,352,235,85,19,1038
2026,2026-01-01,43480,434809,熊本県,葦北郡,gun_agg,,18424,344,521,717,720,455,405,485,659,878,915,1017,1135,1341,1638,1974,1778,1246,1175,710,266,45,3442,8764,167,281,367,349,243,226,267,342,436,480,564,575,679,771,953,862,507,425,220,49,1,1202,9660,177,240,350,371,212,179,218,317,442,435,453,560,662,867,1021,916,739,750,490,217,44,2240
2026,2026-01-01,43482,434825,熊本県,葦北郡芦北町,town,43482,14443,269,401,551,562,354,307,369,515,682,729,781,879,1055,1286,1561,1438,981,937,555,195,36,2704,6866,128,225,286,268,193,169,207,262,337,387,443,443,534,594,747,685,408,339,170,40,1,958,7577,141,176,265,294,161,138,162,253,345,342,338,436,521,692,814,753,573,598,385,155,35,1746
2026,2026-01-01,43484,434841,熊本県,葦北郡津奈木町,town,43484,3981,75,120,166,158,101,98,116,144,196,186,236,256,286,352,413,340,265,238,155,71,9,738,1898,39,56,81,81,50,57,60,80,99,93,121,132,145,177,206,177,99,86,50,9,0,244,2083,36,64,85,77,51,41,56,64,97,93,115,124,141,175,207,163,166,152,105,62,9,494
2026,2026-01-01,43500,435007,熊本県,球磨郡,gun_agg,,46988,1246,1682,2241,2241,1419,1207,1370,1880,2347,2657,2762,2704,3334,3857,4524,4329,2670,2417,1468,537,96,7188,22226,610,849,1145,1136,746,659,673,967,1200,1318,1435,1334,1652,1869,2178,2054,1090,817,397,83,14,2401,24762,636,833,1096,1105,673,548,697,913,1147,1339,1327,1370,1682,1988,2346,2275,1580,1600,1071,454,82,4787
2026,2026-01-01,43501,435015,熊本県,球磨郡錦町,town,43501,9835,352,436,536,477,371,364,364,478,562,592,623,543,649,701,880,791,455,368,210,68,15,1116,4636,159,222,272,247,194,187,186,238,278,285,320,271,296,328,403,363,187,125,60,13,2,387,5199,193,214,264,230,177,177,178,240,284,307,303,272,353,373,477,428,268,243,150,55,13,729
2026,2026-01-01,43505,435058,熊本県,球磨郡多良木町,town,43505,8053,163,236,359,374,227,208,180,276,363,415,517,464,595,677,814,805,505,461,285,105,24,1380,3797,72,136,182,182,120,117,84,146,189,202,271,232,307,333,372,394,193,165,78,19,3,458,4256,91,100,177,192,107,91,96,130,174,213,246,232,288,344,442,411,312,296,207,86,21,922
2026,2026-01-01,43506,435066,熊本県,球磨郡湯前町,town,43506,3337,78,85,155,124,73,63,110,107,150,166,178,223,266,286,307,353,237,193,126,50,7,613,1573,38,42,80,68,40,38,62,59,78,80,94,110,147,138,142,160,93,63,35,4,2,197,1764,40,43,75,56,33,25,48,48,72,86,84,113,119,148,165,193,144,130,91,46,5,416
2026,2026-01-01,43507,435074,熊本県,球磨郡水上村,village,43507,1879,40,66,81,91,53,36,46,58,74,105,96,110,142,166,178,170,105,141,81,31,9,367,884,21,33,47,47,25,25,24,35,41,49,49,57,72,90,85,82,42,36,20,2,2,102,995,19,33,34,44,28,11,22,23,33,56,47,53,70,76,93,88,63,105,61,29,7,265
2026,2026-01-01,43510,435104,熊本県,球磨郡相良村,village,43510,3860,101,134,154,160,110,73,129,131,172,221,214,219,278,353,377,391,232,226,122,54,9,643,1841,48,59,84,80,56,40,56,63,88,130,110,105,137,172,200,178,97,83,43,9,3,235,2019,53,75,70,80,54,33,73,68,84,91,104,114,141,181,177,213,135,143,79,45,6,408
2026,2026-01-01,43511,435112,熊本県,球磨郡五木村,village,43511,887,12,19,16,26,23,25,23,47,30,37,42,44,75,85,88,98,74,70,35,16,2,197,436,7,10,8,13,11,16,16,22,20,18,27,20,43,42,47,51,32,24,8,1,0,65,451,5,9,8,13,12,9,7,25,10,19,15,24,32,43,41,47,42,46,27,15,2,132
2026,2026-01-01,43512,435121,熊本県,球磨郡山江村,village,43512,3084,98,139,190,184,104,57,94,115,186,205,156,169,191,266,293,243,156,127,88,21,2,394,1449,56,70,101,91,58,26,41,50,84,100,73,90,99,117,154,114,59,41,21,4,0,125,1635,42,69,89,93,46,31,53,65,102,105,83,79,92,149,139,129,97,86,67,17,2,269
2026,2026-01-01,43513,435139,熊本県,球磨郡球磨村,village,43513,2552,36,60,88,94,63,37,52,84,107,119,147,119,220,265,305,275,165,171,106,33,6,481,1228,20,25,46,53,30,14,29,38,64,57,90,61,115,140,164,129,71,50,27,4,1,153,1324,16,35,42,41,33,23,23,46,43,62,57,58,105,125,141,146,94,121,79,29,5,328
2026,2026-01-01,43514,435147,熊本県,球磨郡あさぎり町,town,43514,13501,366,507,662,711,395,344,372,584,703,797,789,813,918,1058,1282,1203,741,660,415,159,22,1997,6382,189,252,325,355,212,196,175,316,358,397,401,388,436,509,611,583,316,230,105,27,1,679,7119,177,255,337,356,183,148,197,268,345,400,388,425,482,549,671,620,425,430,310,132,21,1318
2026,2026-01-01,43520,435201,熊本県,天草郡,gun_agg,,5952,99,164,253,247,175,129,128,165,253,348,374,368,437,549,646,585,379,317,244,81,11,1032,2867,53,95,128,130,95,82,68,75,122,189,204,193,215,271,318,294,157,102,60,16,0,335,3085,46,69,125,117,80,47,60,90,131,159,170,175,222,278,328,291,222,215,184,65,11,697
2026,2026-01-01,43531,435317,熊本県,天草郡苓北町,town,43531,5952,99,164,253,247,175,129,128,165,253,348,374,368,437,549,646,585,379,317,244,81,11,1032,2867,53,95,128,130,95,82,68,75,122,189,204,193,215,271,318,294,157,102,60,16,0,335,3085,46,69,125,117,80,47,60,90,131,159,170,175,222,278,328,291,222,215,184,65,11,697
2026,2026-01-01,44000,440001,大分県,,pref,,1068648,31817,41098,47102,49427,43457,41981,44750,51857,61517,70859,77931,67465,67162,72496,81250,86650,56578,41111,24621,8224,1295,131829,510485,16334,21027,24232,25236,22720,21902,23137,26594,31174,36103,39026,32846,32162,34496,38301,39077,22920,14513,6889,1657,139,46118,558163,15483,20071,22870,24191,20737,20079,21613,25263,30343,34756,38905,34619,35000,38000,42949,47573,33658,26598,17732,6567,1156,85711
2026,2026-01-01,44201,442011,大分県,大分市,city,44201,465141,16305,19845,22019,22794,20976,21642,22861,25263,29203,33396,36668,29940,27861,28358,31005,32396,20668,13493,7629,2435,384,44609,223461,8313,10189,11275,11619,10931,11101,11637,12817,14522,16877,18226,14420,13156,13249,14268,14512,8605,4990,2216,502,36,16349,241680,7992,9656,10744,11175,10045,10541,11224,12446,14681,16519,18442,15520,14705,15109,16737,17884,12063,8503,5413,1933,348,28260
2026,2026-01-01,44202,442020,大分県,別府市,city,44202,105459,2835,3676,4205,4704,4986,4066,4214,4754,5624,6717,7812,7007,6953,6813,7480,9140,6404,4483,2668,801,117,14473,48431,1471,1873,2180,2384,2549,2044,2087,2337,2732,3250,3777,3328,3228,3160,3416,3810,2446,1468,738,143,10,4805,57028,1364,1803,2025,2320,2437,2022,2127,2417,2892,3467,4035,3679,3725,3653,4064,5330,3958,3015,1930,658,107,9668
2026,2026-01-01,44203,442038,大分県,中津市,city,44203,77985,2443,3293,3832,3802,3160,3186,3366,4280,4998,5120,5580,4921,4630,5248,5576,5906,3824,2722,1528,497,73,8644,37857,1232,1641,1971,1963,1679,1723,1800,2324,2658,2706,2839,2411,2210,2482,2653,2607,1538,929,385,99,7,2958,40128,1211,1652,1861,1839,1481,1463,1566,1956,2340,2414,2741,2510,2420,2766,2923,3299,2286,1793,1143,398,66,5686
2026,2026-01-01,44204,442046,大分県,日田市,city,44204,58562,1641,2217,2554,2785,2142,1872,2125,2580,3068,3675,3997,3764,4020,4502,4949,4902,3173,2462,1521,525,88,7769,27902,867,1137,1295,1414,1097,1003,1134,1293,1561,1878,1941,1880,1976,2224,2366,2181,1279,834,435,96,11,2655,30660,774,1080,1259,1371,1045,869,991,1287,1507,1797,2056,1884,2044,2278,2583,2721,1894,1628,1086,429,77,5114
2026,2026-01-01,44205,442054,大分県,佐伯市,city,44205,62150,1303,1918,2413,2546,1922,1632,1933,2479,3117,3834,4163,3790,4242,4876,5778,6103,4166,3209,1956,669,101,10101,29063,668,955,1276,1272,995,857,1059,1298,1617,1927,2136,1803,2040,2299,2742,2720,1621,1117,519,132,10,3399,33087,635,963,1137,1274,927,775,874,1181,1500,1907,2027,1987,2202,2577,3036,3383,2545,2092,1437,537,91,6702
2026,2026-01-01,44206,442062,大分県,臼杵市,city,44206,33685,754,1006,1288,1431,1114,969,1023,1246,1690,2002,2319,2050,2231,2625,2977,3495,2313,1726,1052,332,42,5465,15981,363,507,672,740,587,532,520,648,884,1054,1189,1031,1059,1257,1400,1622,941,591,305,69,10,1916,17704,391,499,616,691,527,437,503,598,806,948,1130,1019,1172,1368,1577,1873,1372,1135,747,263,32,3549
2026,2026-01-01,44207,442071,大分県,津久見市,city,44207,14503,217,339,492,513,466,422,346,461,643,805,990,841,1019,1195,1485,1680,1074,819,500,166,30,2589,6862,107,180,245,265,262,235,180,246,339,395,508,445,511,540,740,782,434,276,132,35,5,882,7641,110,159,247,248,204,187,166,215,304,410,482,396,508,655,745,898,640,543,368,131,25,1707
2026,2026-01-01,44208,442089,大分県,竹田市,city,44208,18035,295,474,596,739,455,404,439,598,813,931,969,949,1183,1578,1895,2003,1286,1210,831,328,59,3714,8590,161,266,304,382,239,231,255,320,427,489,507,461,585,781,961,988,502,418,236,71,6,1233,9445,134,208,292,357,216,173,184,278,386,442,462,488,598,797,934,1015,784,792,595,257,53,2481
2026,2026-01-01,44209,442097,大分県,豊後高田市,city,44209,20454,628,851,854,842,641,613,786,916,1082,1232,1303,1232,1283,1491,1803,1832,1183,997,631,227,27,3065,9926,344,454,444,457,354,331,397,469,557,662,700,624,651,723,857,882,453,334,176,52,5,1020,10528,284,397,410,385,287,282,389,447,525,570,603,608,632,768,946,950,730,663,455,175,22,2045
2026,2026-01-01,44210,442101,大分県,杵築市,city,44210,25370,529,792,1012,1133,864,801,843,1101,1384,1632,1776,1588,1678,1959,2216,2286,1529,1170,754,262,61,3776,12453,282,406,534,596,447,441,470,619,736,865,916,798,832,994,1086,1115,637,398,224,52,5,1316,12917,247,386,478,537,417,360,373,482,648,767,860,790,846,965,1130,1171,892,772,530,210,56,2460
2026,2026-01-01,44211,442119,大分県,宇佐市,city,44211,49789,1260,1812,2168,2260,1771,1588,1794,2213,2672,3128,3392,3211,3202,3621,4376,4387,2881,2199,1345,454,55,6934,23847,670,945,1093,1141,955,846,934,1143,1408,1628,1707,1633,1558,1713,2115,2023,1139,792,322,74,8,2335,25942,590,867,1075,1119,816,742,860,1070,1264,1500,1685,1578,1644,1908,2261,2364,1742,1407,1023,380,47,4599
2026,2026-01-01,44212,442127,大分県,豊後大野市,city,44212,30727,597,900,1117,1289,946,836,875,1130,1462,1776,1872,1689,1965,2505,2931,3168,1961,1846,1257,516,89,5669,14496,332,439,590,656,486,431,460,562,766,909,958,839,946,1226,1433,1506,798,667,367,115,10,1957,16231,265,461,527,633,460,405,415,568,696,867,914,850,1019,1279,1498,1662,1163,1179,890,401,79,3712
2026,2026-01-01,44213,442135,大分県,由布市,city,44213,32559,1152,1413,1495,1440,1474,1434,1455,1613,1863,2145,2135,1871,1883,2054,2471,2592,1641,1315,802,263,48,4069,15692,592,725,784,736,746,755,770,826,934,1103,1073,905,944,1004,1163,1208,665,461,236,57,5,1424,16867,560,688,711,704,728,679,685,787,929,1042,1062,966,939,1050,1308,1384,976,854,566,206,43,2645
2026,2026-01-01,44214,442143,大分県,国東市,city,44214,24061,443,655,846,892,747,778,739,890,1097,1296,1565,1505,1710,2052,2206,2414,1641,1362,865,312,46,4226,11765,229,331,455,443,437,469,420,481,606,697,814,737,860,1047,1125,1138,689,487,226,69,5,1476,12296,214,324,391,449,310,309,319,409,491,599,751,768,850,1005,1081,1276,952,875,639,243,41,2750
2026,2026-01-01,44320,443204,大分県,東国東郡,gun_agg,,1659,17,34,51,43,28,24,33,52,62,67,88,78,128,171,241,210,147,87,70,24,4,332,797,13,13,34,20,17,17,18,30,33,39,45,35,63,92,112,100,62,26,23,5,0,116,862,4,21,17,23,11,7,15,22,29,28,43,43,65,79,129,110,85,61,47,19,4,216
2026,2026-01-01,44322,443221,大分県,東国東郡姫島村,village,44322,1659,17,34,51,43,28,24,33,52,62,67,88,78,128,171,241,210,147,87,70,24,4,332,797,13,13,34,20,17,17,18,30,33,39,45,35,63,92,112,100,62,26,23,5,0,116,862,4,21,17,23,11,7,15,22,29,28,43,43,65,79,129,110,85,61,47,19,4,216
2026,2026-01-01,44340,443409,大分県,速見郡,gun_agg,,27317,935,1218,1317,1295,1082,1087,1231,1484,1686,1874,2026,1755,1708,1758,1864,2043,1351,908,492,172,31,2954,13125,447,640,645,661,533,529,606,773,852,974,1015,853,822,860,880,915,581,353,154,29,3,1120,14192,488,578,672,634,549,558,625,711,834,900,1011,902,886,898,984,1128,770,555,338,143,28,1834
2026,2026-01-01,44341,443417,大分県,速見郡日出町,town,44341,27317,935,1218,1317,1295,1082,1087,1231,1484,1686,1874,2026,1755,1708,1758,1864,2043,1351,908,492,172,31,2954,13125,447,640,645,661,533,529,606,773,852,974,1015,853,822,860,880,915,581,353,154,29,3,1120,14192,488,578,672,634,549,558,625,711,834,900,1011,902,886,898,984,1128,770,555,338,143,28,1834
2026,2026-01-01,44460,444600,大分県,玖珠郡,gun_agg,,21192,463,655,843,919,683,627,687,797,1053,1229,1276,1274,1466,1690,1997,2093,1336,1103,720,241,40,3440,10237,243,326,435,487,406,357,390,408,542,650,675,643,721,845,984,968,530,372,195,57,3,1157,10955,220,329,408,432,277,270,297,389,511,579,601,631,745,845,1013,1125,806,731,525,184,37,2283
2026,2026-01-01,44461,444618,大分県,玖珠郡九重町,town,44461,7892,148,228,330,311,198,188,213,286,362,468,457,446,556,647,821,812,532,474,300,96,19,1421,3792,83,109,165,165,110,106,111,139,190,246,253,234,262,343,412,381,212,153,93,23,2,483,4100,65,119,165,146,88,82,102,147,172,222,204,212,294,304,409,431,320,321,207,73,17,938
2026,2026-01-01,44462,444626,大分県,玖珠郡玖珠町,town,44462,13300,315,427,513,608,485,439,474,511,691,761,819,828,910,1043,1176,1281,804,629,420,145,21,2019,6445,160,217,270,322,296,251,279,269,352,404,422,409,459,502,572,587,318,219,102,34,1,674,6855,155,210,243,286,189,188,195,242,339,357,397,419,451,541,604,694,486,410,318,111,20,1345
2026,2026-01-01,45000,450006,宮崎県,,pref,,1023281,33512,42971,49396,50048,39254,38187,42046,49882,60248,67131,71830,62258,65740,72616,79480,80018,49366,37861,22724,7453,1260,118664,486033,17026,22066,25178,25531,20234,19645,21425,24681,29729,33653,35520,30164,31469,34544,37506,35902,20159,13481,6518,1479,123,41760,537248,16486,20905,24218,24517,19020,18542,20621,25201,30519,33478,36310,32094,34271,38072,41974,44116,29207,24380,16206,5974,1137,76904
2026,2026-01-01,45201,452017,宮崎県,宮崎市,city,45201,387331,13352,16848,19144,19574,16951,16235,17322,20380,23956,27262,29976,25205,24587,24761,26362,27420,16944,11708,6792,2150,402,37996,182859,6772,8601,9730,9921,8499,8129,8604,9871,11545,13465,14495,11950,11760,11578,12182,11995,7001,4296,1967,456,42,13762,204472,6580,8247,9414,9653,8452,8106,8718,10509,12411,13797,15481,13255,12827,13183,14180,15425,9943,7412,4825,1694,360,24234
2026,2026-01-01,45202,452025,宮崎県,都城市,city,45202,159193,6354,7479,8097,8066,5976,6199,7361,8361,9882,10285,10580,9048,9734,11174,11811,11522,6960,5644,3384,1116,160,17264,75627,3233,3831,4142,4105,3085,3097,3702,4167,4838,5219,5250,4388,4605,5346,5492,5265,2788,1945,908,205,16,5862,83566,3121,3648,3955,3961,2891,3102,3659,4194,5044,5066,5330,4660,5129,5828,6319,6257,4172,3699,2476,911,144,11402
2026,2026-01-01,45203,452033,宮崎県,延岡市,city,45203,111060,3517,4300,4969,5225,4248,4368,4345,5179,6112,6875,7802,6784,7418,7920,8883,9294,5727,4450,2684,825,135,13821,52893,1812,2196,2553,2702,2283,2378,2376,2606,3054,3471,3914,3352,3569,3706,4103,4138,2257,1519,756,137,11,4680,58167,1705,2104,2416,2523,1965,1990,1969,2573,3058,3404,3888,3432,3849,4214,4780,5156,3470,2931,1928,688,124,9141
2026,2026-01-01,45204,452041,宮崎県,日南市,city,45204,46470,1163,1713,1958,2123,1355,1274,1643,1959,2594,2768,2865,2670,3156,3857,4216,4181,2761,2291,1410,436,77,6975,22022,581,905,987,1084,717,652,863,981,1302,1405,1437,1360,1493,1896,2023,1898,1135,807,402,86,8,2438,24448,582,808,971,1039,638,622,780,978,1292,1363,1428,1310,1663,1961,2193,2283,1626,1484,1008,350,69,4537
2026,2026-01-01,45205,452050,宮崎県,小林市,city,45205,40319,1068,1560,1896,1777,1285,1180,1435,1746,2259,2574,2475,2299,2744,3193,3625,3435,2228,1851,1177,440,72,5768,19007,536,769,990,894,678,600,716,902,1152,1262,1261,1122,1287,1515,1726,1575,919,643,353,101,6,2022,21312,532,791,906,883,607,580,719,844,1107,1312,1214,1177,1457,1678,1899,1860,1309,1208,824,339,66,3746
2026,2026-01-01,45206,452068,宮崎県,日向市,city,45206,56387,1746,2334,2737,2724,2037,2146,2309,2558,3237,3829,4155,3478,3593,4048,4508,4496,2761,2076,1168,388,59,6452,27048,882,1216,1404,1398,1089,1143,1208,1300,1635,1907,2109,1708,1767,1881,2159,1941,1136,730,344,88,3,2301,29339,864,1118,1333,1326,948,1003,1101,1258,1602,1922,2046,1770,1826,2167,2349,2555,1625,1346,824,300,56,4151
2026,2026-01-01,45207,452076,宮崎県,串間市,city,45207,15361,351,521,708,645,421,335,417,588,806,834,812,760,1002,1470,1644,1476,850,873,611,202,35,2571,7295,181,271,346,332,232,196,218,307,394,447,423,386,473,731,840,713,331,280,157,32,5,805,8066,170,250,362,313,189,139,199,281,412,387,389,374,529,739,804,763,519,593,454,170,30,1766
2026,2026-01-01,45208,452084,宮崎県,西都市,city,45208,27387,730,1050,1146,1261,995,919,925,1204,1465,1617,1776,1651,1834,2126,2471,2470,1533,1182,717,275,40,3747,13061,370,534,603,652,519,496,468,590,748,839,876,799,899,1039,1187,1126,601,436,211,63,5,1316,14326,360,516,543,609,476,423,457,614,717,778,900,852,935,1087,1284,1344,932,746,506,212,35,2431
2026,2026-01-01,45209,452092,宮崎県,えびの市,city,45209,16247,324,488,654,695,445,389,475,523,820,909,874,909,1139,1439,1712,1614,1038,951,606,211,32,2838,7715,164,245,329,350,245,214,258,267,441,458,454,464,532,674,888,753,427,340,167,42,3,979,8532,160,243,325,345,200,175,217,256,379,451,420,445,607,765,824,861,611,611,439,169,29,1859
2026,2026-01-01,45340,453404,宮崎県,北諸県郡,gun_agg,,25227,972,1428,1669,1444,930,833,992,1396,1721,1739,1628,1440,1570,1739,1795,1664,1015,722,394,115,21,2267,11972,478,781,847,739,459,407,473,676,850,854,787,681,709,817,842,766,411,269,102,22,2,806,13255,494,647,822,705,471,426,519,720,871,885,841,759,861,922,953,898,604,453,292,93,19,1461
2026,2026-01-01,45341,453412,宮崎県,北諸県郡三股町,town,45341,25227,972,1428,1669,1444,930,833,992,1396,1721,1739,1628,1440,1570,1739,1795,1664,1015,722,394,115,21,2267,11972,478,781,847,739,459,407,473,676,850,854,787,681,709,817,842,766,411,269,102,22,2,806,13255,494,647,822,705,471,426,519,720,871,885,841,759,861,922,953,898,604,453,292,93,19,1461
2026,2026-01-01,45360,453609,宮崎県,西諸県郡,gun_agg,,8138,178,289,343,338,213,188,220,296,421,447,435,473,628,748,869,727,442,445,309,109,20,1325,3883,94,158,185,179,112,99,114,129,223,230,218,238,318,349,448,352,174,145,93,24,1,437,4255,84,131,158,159,101,89,106,167,198,217,217,235,310,399,421,375,268,300,216,85,19,888
2026,2026-01-01,45361,453617,宮崎県,西諸県郡高原町,town,45361,8138,178,289,343,338,213,188,220,296,421,447,435,473,628,748,869,727,442,445,309,109,20,1325,3883,94,158,185,179,112,99,114,129,223,230,218,238,318,349,448,352,174,145,93,24,1,437,4255,84,131,158,159,101,89,106,167,198,217,217,235,310,399,421,375,268,300,216,85,19,888
2026,2026-01-01,45380,453803,宮崎県,東諸県郡,gun_agg,,24459,710,932,1122,1108,763,653,843,1116,1376,1499,1596,1463,1581,2030,2210,2189,1297,1073,646,222,30,3268,11581,368,481,577,537,393,339,429,544,703,746,791,697,755,997,1044,989,551,396,200,41,3,1191,12878,342,451,545,571,370,314,414,572,673,753,805,766,826,1033,1166,1200,746,677,446,181,27,2077
2026,2026-01-01,45382,453820,宮崎県,東諸県郡国富町,town,45382,17778,537,675,767,773,574,492,634,835,1002,1068,1145,1067,1135,1530,1625,1579,935,758,468,159,20,2340,8404,275,349,390,379,296,264,321,403,517,536,566,502,540,744,780,716,383,269,147,27,0,826,9374,262,326,377,394,278,228,313,432,485,532,579,565,595,786,845,863,552,489,321,132,20,1514
2026,2026-01-01,45383,453838,宮崎県,東諸県郡綾町,town,45383,6681,173,257,355,335,189,161,209,281,374,431,451,396,446,500,585,610,362,315,178,63,10,928,3177,93,132,187,158,97,75,108,141,186,210,225,195,215,253,264,273,168,127,53,14,3,365,3504,80,125,168,177,92,86,101,140,188,221,226,201,231,247,321,337,194,188,125,49,7,563
2026,2026-01-01,45400,454001,宮崎県,児湯郡,gun_agg,,64103,1950,2564,3163,3189,2442,2334,2402,2972,3556,4181,4414,3671,3896,4576,5299,5633,3368,2470,1454,479,90,7861,30845,997,1337,1556,1663,1304,1259,1260,1507,1783,2162,2243,1796,1837,2231,2522,2537,1424,907,429,81,10,2851,33258,953,1227,1607,1526,1138,1075,1142,1465,1773,2019,2171,1875,2059,2345,2777,3096,1944,1563,1025,398,80,5010
2026,2026-01-01,45401,454010,宮崎県,児湯郡高鍋町,town,45401,18870,534,742,917,956,760,768,710,904,1099,1308,1389,1140,1087,1302,1464,1608,978,677,392,115,20,2182,9010,268,386,477,473,394,402,363,474,539,658,694,552,518,611,687,720,407,243,124,19,1,794,9860,266,356,440,483,366,366,347,430,560,650,695,588,569,691,777,888,571,434,268,96,19,1388
2026,2026-01-01,45402,454028,宮崎県,児湯郡新富町,town,45402,16055,533,638,796,822,769,674,665,789,874,1006,1125,950,1036,1095,1242,1284,765,557,318,99,18,1757,7868,270,324,381,459,431,388,351,395,461,512,585,453,467,557,607,570,329,220,97,8,3,657,8187,263,314,415,363,338,286,314,394,413,494,540,497,569,538,635,714,436,337,221,91,15,1100
2026,2026-01-01,45403,454036,宮崎県,児湯郡西米良村,village,45403,982,32,39,43,42,33,33,29,31,58,61,69,53,53,65,73,92,66,66,32,7,5,176,500,15,20,25,28,21,21,16,18,34,31,44,27,32,36,31,45,24,18,11,2,1,56,482,17,19,18,14,12,12,13,13,24,30,25,26,21,29,42,47,42,48,21,5,4,120
2026,2026-01-01,45404,454044,宮崎県,児湯郡木城町,town,45404,4617,130,208,295,242,125,112,163,203,276,319,281,244,263,327,385,403,244,215,124,51,7,641,2135,62,103,132,124,67,50,81,97,127,175,141,131,111,154,176,188,103,71,33,9,0,216,2482,68,105,163,118,58,62,82,106,149,144,140,113,152,173,209,215,141,144,91,42,7,425
2026,2026-01-01,45405,454052,宮崎県,児湯郡川南町,town,45405,13865,363,542,651,710,452,437,465,646,733,902,942,751,896,1073,1246,1322,763,529,316,103,23,1734,6690,192,306,330,364,233,227,257,315,367,478,472,367,432,534,584,618,316,191,81,23,3,614,7175,171,236,321,346,219,210,208,331,366,424,470,384,464,539,662,704,447,338,235,80,20,1120
2026,2026-01-01,45406,454061,宮崎県,児湯郡都農町,town,45406,9714,358,395,461,417,303,310,370,399,516,585,608,533,561,714,889,924,552,426,272,104,17,1371,4642,190,198,211,215,158,171,192,208,255,308,307,266,277,339,437,396,245,164,83,20,2,514,5072,168,197,250,202,145,139,178,191,261,277,301,267,284,375,452,528,307,262,189,84,15,857
2026,2026-01-01,45420,454206,宮崎県,東臼杵郡,gun_agg,,24664,718,907,1073,1098,801,758,900,963,1232,1449,1519,1542,1653,1940,2275,2225,1437,1170,724,239,41,3611,12002,360,457,550,578,416,422,478,498,651,745,784,781,855,965,1137,1028,586,428,235,45,3,1297,12662,358,450,523,520,385,336,422,465,581,704,735,761,798,975,1138,1197,851,742,489,194,38,2314
2026,2026-01-01,45421,454214,宮崎県,東臼杵郡門川町,town,45421,16616,544,676,804,837,610,592,696,718,862,1067,1114,1092,1082,1149,1404,1379,896,640,333,97,24,1990,7978,263,340,389,442,322,326,362,368,442,531,566,538,547,544,676,615,378,216,93,17,3,707,8638,281,336,415,395,288,266,334,350,420,536,548,554,535,605,728,764,518,424,240,80,21,1283
2026,2026-01-01,45429,454290,宮崎県,東臼杵郡諸塚村,village,45429,1351,23,46,47,44,37,19,33,53,65,66,70,89,101,134,126,137,87,88,62,23,1,261,681,12,27,28,23,21,12,22,31,37,30,40,45,54,64,68,73,38,24,28,4,0,94,670,11,19,19,21,16,7,11,22,28,36,30,44,47,70,58,64,49,64,34,19,1,167
2026,2026-01-01,45430,454303,宮崎県,東臼杵郡椎葉村,village,45430,2321,56,70,95,79,51,41,63,81,119,125,124,130,175,223,247,220,133,150,102,33,4,422,1196,31,35,64,37,24,20,35,45,65,75,64,73,99,126,141,110,45,67,36,4,0,152,1125,25,35,31,42,27,21,28,36,54,50,60,57,76,97,106,110,88,83,66,29,4,270
2026,2026-01-01,45431,454311,宮崎県,東臼杵郡美郷町,town,45431,4376,95,115,127,138,103,106,108,111,186,191,211,231,295,434,498,489,321,292,227,86,12,938,2147,54,55,69,76,49,64,59,54,107,109,114,125,155,231,252,230,125,121,78,20,0,344,2229,41,60,58,62,54,42,49,57,79,82,97,106,140,203,246,259,196,171,149,66,12,594
2026,2026-01-01,45440,454401,宮崎県,西臼杵郡,gun_agg,,16935,379,558,717,781,392,376,457,641,811,863,923,865,1205,1595,1800,1672,1005,955,648,246,46,2900,8223,198,284,379,397,203,214,258,336,410,443,478,442,610,819,913,826,418,340,194,56,5,1013,8712,181,274,338,384,189,162,199,305,401,420,445,423,595,776,887,846,587,615,454,190,41,1887
2026,2026-01-01,45441,454419,宮崎県,西臼杵郡高千穂町,town,45441,10451,232,372,416,449,252,239,299,418,522,561,600,525,722,970,1121,1047,595,550,395,145,21,1706,5072,128,198,220,227,127,128,161,214,269,281,315,262,367,494,564,508,256,193,127,30,3,609,5379,104,174,196,222,125,111,138,204,253,280,285,263,355,476,557,539,339,357,268,115,18,1097
2026,2026-01-01,45442,454427,宮崎県,西臼杵郡日之影町,town,45442,3313,78,92,110,124,77,67,85,117,159,156,151,169,276,337,359,313,238,204,140,50,11,643,1586,39,43,61,56,34,44,48,61,77,85,83,91,138,180,182,162,88,69,31,13,1,202,1727,39,49,49,68,43,23,37,56,82,71,68,78,138,157,177,151,150,135,109,37,10,441
2026,2026-01-01,45443,454435,宮崎県,西臼杵郡五ヶ瀬町,town,45443,3171,69,94,191,208,63,70,73,106,130,146,172,171,207,288,320,312,172,201,113,51,14,551,1565,31,43,98,114,42,42,49,61,64,77,80,89,105,145,167,156,74,78,36,13,1,202,1606,38,51,93,94,21,28,24,45,66,69,92,82,102,143,153,156,98,123,77,38,13,349
2026,2026-01-01,46000,460001,鹿児島県,,pref,,1520093,49479,64528,74101,73057,57391,55934,62283,75010,91386,97579,101498,93495,100509,112965,121946,112063,71019,56493,35155,12036,2166,176869,722243,25102,32944,37980,37443,29169,28151,30832,36643,44754,47958,50065,45074,48370,54736,58781,52404,29218,20078,10003,2286,252,61837,797850,24377,31584,36121,35614,28222,27783,31451,38367,46632,49621,51433,48421,52139,58229,63165,59659,41801,36415,25152,9750,1914,115032
2026,2026-01-01,46201,462012,鹿児島県,鹿児島市,city,46201,581663,20204,25420,28784,29494,26671,25203,26874,31035,37316,40714,42636,37036,36964,38306,40586,38233,24594,17279,10257,3437,620,56187,270851,10224,13006,14768,14953,12865,11906,12799,14658,17771,19236,20437,17239,17146,17992,18780,17225,10183,6101,2839,645,78,19846,310812,9980,12414,14016,14541,13806,13297,14075,16377,19545,21478,22199,19797,19818,20314,21806,21008,14411,11178,7418,2792,542,36341
2026,2026-01-01,46203,462039,鹿児島県,鹿屋市,city,46203,96102,3602,4669,5297,4907,3701,3593,4208,5129,6091,6270,6158,5633,6248,6899,7103,6522,3872,3445,2039,631,85,10072,46154,1853,2357,2653,2499,1971,1865,2178,2520,3010,3135,3025,2676,2970,3419,3373,3068,1586,1208,645,130,13,3582,49948,1749,2312,2644,2408,1730,1728,2030,2609,3081,3135,3133,2957,3278,3480,3730,3454,2286,2237,1394,501,72,6490
2026,2026-01-01,46204,462047,鹿児島県,枕崎市,city,46204,17803,358,532,693,748,409,426,467,668,830,1017,1075,1224,1282,1558,1926,1806,1147,941,505,165,26,2784,8328,177,280,346,406,221,233,244,338,425,493,535,606,592,732,915,863,434,319,146,21,2,922,9475,181,252,347,342,188,193,223,330,405,524,540,618,690,826,1011,943,713,622,359,144,24,1862
2026,2026-01-01,46206,462063,鹿児島県,阿久根市,city,46206,17496,438,546,684,697,481,458,580,628,783,883,1028,1151,1341,1552,1630,1605,1127,993,641,224,26,3011,8362,217,281,361,357,273,231,305,326,400,446,511,582,672,776,796,787,442,361,198,37,3,1041,9134,221,265,323,340,208,227,275,302,383,437,517,569,669,776,834,818,685,632,443,187,23,1970
2026,2026-01-01,46208,462080,鹿児島県,出水市,city,46208,49494,1584,2117,2494,2401,1625,1672,1976,2388,2892,3149,3317,3087,3175,3586,4047,4004,2401,1956,1173,391,59,5980,23652,812,1068,1282,1253,839,856,1015,1199,1442,1586,1651,1515,1545,1677,1888,1906,988,689,349,83,9,2118,25842,772,1049,1212,1148,786,816,961,1189,1450,1563,1666,1572,1630,1909,2159,2098,1413,1267,824,308,50,3862
2026,2026-01-01,46210,462101,鹿児島県,指宿市,city,46210,35761,885,1301,1562,1523,1000,946,1102,1511,2034,2075,2065,2017,2316,3091,3653,3305,2121,1691,1091,403,69,5375,16842,442,667,810,805,495,489,551,741,1027,1034,1006,968,1107,1473,1831,1496,856,651,308,73,12,1900,18919,443,634,752,718,505,457,551,770,1007,1041,1059,1049,1209,1618,1822,1809,1265,1040,783,330,57,3475
2026,2026-01-01,46213,462136,鹿児島県,西之表市,city,46213,13669,374,508,563,488,320,487,486,597,744,812,927,913,983,1111,1315,1134,709,663,412,110,13,1907,6717,191,257,280,234,175,290,258,320,402,430,499,495,518,555,636,539,276,209,131,21,1,638,6952,183,251,283,254,145,197,228,277,342,382,428,418,465,556,679,595,433,454,281,89,12,1269
2026,2026-01-01,46214,462144,鹿児島県,垂水市,city,46214,12116,191,325,427,402,286,286,308,435,561,647,693,710,918,1222,1405,1259,793,630,446,150,22,2041,5825,99,163,214,219,146,162,165,223,287,346,368,355,447,612,707,614,331,226,112,29,0,698,6291,92,162,213,183,140,124,143,212,274,301,325,355,471,610,698,645,462,404,334,121,22,1343
2026,2026-01-01,46215,462152,鹿児島県,薩摩川内市,city,46215,88344,3068,3833,4421,4246,3791,3554,3768,4458,5190,5386,5717,5150,5669,6316,7016,6405,4054,3209,2104,838,151,10356,43091,1566,1954,2262,2183,2119,2019,1912,2289,2628,2728,2936,2477,2830,3065,3474,3061,1719,1145,558,144,22,3588,45253,1502,1879,2159,2063,1672,1535,1856,2169,2562,2658,2781,2673,2839,3251,3542,3344,2335,2064,1546,694,129,6768
2026,2026-01-01,46216,462161,鹿児島県,日置市,city,46216,45143,1417,1894,2205,2455,1492,1348,1588,2046,2550,2712,2740,2677,3069,3631,3887,3686,2327,1804,1145,391,79,5746,21464,701,976,1116,1328,765,647,804,992,1189,1335,1334,1226,1503,1793,1885,1811,978,683,312,79,7,2059,23679,716,918,1089,1127,727,701,784,1054,1361,1377,1406,1451,1566,1838,2002,1875,1349,1121,833,312,72,3687
2026,2026-01-01,46217,462179,鹿児島県,曽於市,city,46217,30681,716,1077,1297,1254,740,685,861,1248,1674,1641,1616,1783,2213,2910,3199,2730,1716,1802,1113,354,52,5037,14501,350,561,657,625,376,363,436,620,848,862,788,898,1096,1412,1597,1312,653,639,337,67,4,1700,16180,366,516,640,629,364,322,425,628,826,779,828,885,1117,1498,1602,1418,1063,1163,776,287,48,3337
2026,2026-01-01,46218,462187,鹿児島県,霧島市,city,46218,120970,4348,5561,6178,6447,5425,5369,5498,6544,7455,8014,8138,7738,8183,8354,8430,7739,4583,3821,2306,700,139,11549,58697,2191,2809,3150,3453,2914,2879,2749,3268,3662,3978,4015,3744,3960,4047,4148,3655,1890,1327,694,147,17,4075,62273,2157,2752,3028,2994,2511,2490,2749,3276,3793,4036,4123,3994,4223,4307,4282,4084,2693,2494,1612,553,122,7474
2026,2026-01-01,46219,462195,鹿児島県,いちき串木野市,city,46219,24832,623,856,1073,1129,854,700,743,991,1292,1556,1628,1617,1695,1904,2257,2289,1531,1156,663,228,47,3625,11792,341,433,533,564,466,356,367,507,659,757,827,807,803,892,1091,1084,644,436,190,32,3,1305,13040,282,423,540,565,388,344,376,484,633,799,801,810,892,1012,1166,1205,887,720,473,196,44,2320
2026,2026-01-01,46220,462209,鹿児島県,南さつま市,city,46220,30261,813,1146,1280,1595,831,816,1043,1285,1553,1633,1626,1745,2010,2566,2960,2689,1758,1468,1010,375,59,4670,14249,409,591,677,721,411,402,510,674,753,837,802,823,978,1276,1517,1291,726,511,286,49,5,1577,16012,404,555,603,874,420,414,533,611,800,796,824,922,1032,1290,1443,1398,1032,957,724,326,54,3093
2026,2026-01-01,46221,462217,鹿児島県,志布志市,city,46221,27274,760,1087,1388,1284,822,805,957,1268,1587,1556,1573,1617,1898,2324,2485,2246,1330,1288,750,213,36,3617,13130,355,531,706,674,421,428,507,603,787,797,796,823,949,1110,1255,1080,551,462,242,48,5,1308,14144,405,556,682,610,401,377,450,665,800,759,777,794,949,1214,1230,1166,779,826,508,165,31,2309
2026,2026-01-01,46222,462225,鹿児島県,奄美市,city,46222,39401,1294,1714,1811,1685,952,1217,1604,1918,2500,2599,2775,2594,2791,3206,3464,2849,1832,1351,881,310,54,4428,18974,648,913,928,852,513,647,821,943,1247,1323,1429,1310,1391,1579,1653,1286,721,467,245,52,6,1491,20427,646,801,883,833,439,570,783,975,1253,1276,1346,1284,1400,1627,1811,1563,1111,884,636,258,48,2937
2026,2026-01-01,46223,462233,鹿児島県,南九州市,city,46223,29885,691,1028,1234,1180,740,702,927,1220,1578,1665,1706,1767,2231,2795,3031,2625,1676,1569,1060,377,83,4765,14183,380,544,618,601,363,368,472,645,828,818,849,888,1062,1374,1548,1253,662,546,286,69,9,1572,15702,311,484,616,579,377,334,455,575,750,847,857,879,1169,1421,1483,1372,1014,1023,774,308,74,3193
2026,2026-01-01,46224,462241,鹿児島県,伊佐市,city,46224,21918,543,794,899,816,581,554,674,902,1087,1157,1374,1339,1457,1842,2143,2110,1360,1200,752,275,59,3646,10299,276,395,493,434,313,308,343,437,554,580,687,667,730,855,1031,998,555,390,189,59,5,1198,11619,267,399,406,382,268,246,331,465,533,577,687,672,727,987,1112,1112,805,810,563,216,54,2448
2026,2026-01-01,46225,462250,鹿児島県,姶良市,city,46225,77312,3039,3749,4244,3944,2885,2904,3527,4134,4947,5090,5222,4389,4583,5137,5698,5538,3504,2531,1583,554,110,8282,36449,1564,1915,2173,1965,1432,1394,1688,1992,2395,2469,2556,2102,2118,2481,2618,2597,1470,956,423,124,17,2990,40863,1475,1834,2071,1979,1453,1510,1839,2142,2552,2621,2666,2287,2465,2656,3080,2941,2034,1575,1160,430,93,5292
2026,2026-01-01,46300,463001,鹿児島県,鹿児島郡,gun_agg,,985,31,66,115,34,16,34,42,45,76,51,72,54,56,71,68,46,38,36,23,8,3,108,524,15,38,62,21,10,20,25,21,36,24,40,28,34,45,42,24,14,12,10,2,1,39,461,16,28,53,13,6,14,17,24,40,27,32,26,22,26,26,22,24,24,13,6,2,69
2026,2026-01-01,46303,463035,鹿児島県,鹿児島郡三島村,village,46303,349,10,27,47,12,3,12,16,13,30,19,28,19,16,21,18,16,14,12,10,4,2,42,178,5,17,22,6,2,7,12,3,16,8,12,10,12,14,9,8,4,5,4,1,1,15,171,5,10,25,6,1,5,4,10,14,11,16,9,4,7,9,8,10,7,6,3,1,27
2026,2026-01-01,46304,463043,鹿児島県,鹿児島郡十島村,village,46304,636,21,39,68,22,13,22,26,32,46,32,44,35,40,50,50,30,24,24,13,4,1,66,346,10,21,40,15,8,13,13,18,20,16,28,18,22,31,33,16,10,7,6,1,0,24,290,11,18,28,7,5,9,13,14,26,16,16,17,18,19,17,14,14,17,7,3,1,42
2026,2026-01-01,46380,463809,鹿児島県,薩摩郡,gun_agg,,17769,365,581,721,744,450,456,538,702,897,930,1002,1074,1344,1470,1778,1629,1059,996,720,255,58,3088,8411,176,298,357,383,244,240,302,342,438,501,510,542,677,726,867,782,411,336,235,40,4,1026,9358,189,283,364,361,206,216,236,360,459,429,492,532,667,744,911,847,648,660,485,215,54,2062
2026,2026-01-01,46392,463922,鹿児島県,薩摩郡さつま町,town,46392,17769,365,581,721,744,450,456,538,702,897,930,1002,1074,1344,1470,1778,1629,1059,996,720,255,58,3088,8411,176,298,357,383,244,240,302,342,438,501,510,542,677,726,867,782,411,336,235,40,4,1026,9358,189,283,364,361,206,216,236,360,459,429,492,532,667,744,911,847,648,660,485,215,54,2062
2026,2026-01-01,46400,464007,鹿児島県,出水郡,gun_agg,,9037,297,432,447,383,250,211,316,420,507,518,501,471,643,804,868,712,454,429,280,80,14,1257,4423,150,225,231,190,125,124,161,217,253,279,272,243,329,426,424,347,177,159,80,10,1,427,4614,147,207,216,193,125,87,155,203,254,239,229,228,314,378,444,365,277,270,200,70,13,830
2026,2026-01-01,46404,464040,鹿児島県,出水郡長島町,town,46404,9037,297,432,447,383,250,211,316,420,507,518,501,471,643,804,868,712,454,429,280,80,14,1257,4423,150,225,231,190,125,124,161,217,253,279,272,243,329,426,424,347,177,159,80,10,1,427,4614,147,207,216,193,125,87,155,203,254,239,229,228,314,378,444,365,277,270,200,70,13,830
2026,2026-01-01,46440,464406,鹿児島県,姶良郡,gun_agg,,7988,178,271,301,280,188,194,229,293,392,393,483,444,542,742,837,811,518,447,314,112,19,1410,3822,96,140,158,152,104,116,117,150,211,211,228,227,267,360,403,410,206,162,72,31,1,472,4166,82,131,143,128,84,78,112,143,181,182,255,217,275,382,434,401,312,285,242,81,18,938
2026,2026-01-01,46452,464520,鹿児島県,姶良郡湧水町,town,46452,7988,178,271,301,280,188,194,229,293,392,393,483,444,542,742,837,811,518,447,314,112,19,1410,3822,96,140,158,152,104,116,117,150,211,211,228,227,267,360,403,410,206,162,72,31,1,472,4166,82,131,143,128,84,78,112,143,181,182,255,217,275,382,434,401,312,285,242,81,18,938
2026,2026-01-01,46460,464601,鹿児島県,曽於郡,gun_agg,,11145,290,425,494,457,317,274,313,450,612,602,609,620,843,1021,1129,1013,662,602,304,90,18,1676,5414,166,213,270,226,171,159,155,230,314,324,312,321,415,515,543,466,293,221,87,12,1,614,5731,124,212,224,231,146,115,158,220,298,278,297,299,428,506,586,547,369,381,217,78,17,1062
2026,2026-01-01,46468,464686,鹿児島県,曽於郡大崎町,town,46468,11145,290,425,494,457,317,274,313,450,612,602,609,620,843,1021,1129,1013,662,602,304,90,18,1676,5414,166,213,270,226,171,159,155,230,314,324,312,321,415,515,543,466,293,221,87,12,1,614,5731,124,212,224,231,146,115,158,220,298,278,297,299,428,506,586,547,369,381,217,78,17,1062
2026,2026-01-01,46480,464805,鹿児島県,肝属郡,gun_agg,,30582,727,1017,1327,1337,742,709,844,1072,1421,1510,1717,1807,2243,2996,3028,2758,1821,1761,1278,402,65,5327,14910,365,519,723,742,384,393,446,552,738,798,906,903,1132,1561,1565,1337,758,622,365,94,7,1846,15672,362,498,604,595,358,316,398,520,683,712,811,904,1111,1435,1463,1421,1063,1139,913,308,58,3481
2026,2026-01-01,46482,464821,鹿児島県,肝属郡東串良町,town,46482,6046,198,276,311,307,196,160,191,268,360,337,349,315,410,526,484,478,301,302,196,64,17,880,2897,95,146,169,170,93,85,102,127,186,175,175,164,193,267,231,235,113,109,48,12,2,284,3149,103,130,142,137,103,75,89,141,174,162,174,151,217,259,253,243,188,193,148,52,15,596
2026,2026-01-01,46490,464902,鹿児島県,肝属郡錦江町,town,46490,5860,111,152,205,224,105,111,143,179,235,260,318,397,449,614,651,559,367,378,301,86,15,1147,2833,57,73,102,101,63,67,67,100,128,136,166,201,226,321,352,275,163,125,90,19,1,398,3027,54,79,103,123,42,44,76,79,107,124,152,196,223,293,299,284,204,253,211,67,14,749
2026,2026-01-01,46491,464911,鹿児島県,肝属郡南大隅町,town,46491,5592,104,140,185,203,102,99,139,149,229,225,278,341,449,631,647,540,362,397,261,96,15,1131,2732,53,74,97,107,51,52,77,83,120,122,152,174,236,340,341,255,153,148,68,28,1,398,2860,51,66,88,96,51,47,62,66,109,103,126,167,213,291,306,285,209,249,193,68,14,733
2026,2026-01-01,46492,464929,鹿児島県,肝属郡肝付町,town,46492,13084,314,449,626,603,339,339,371,476,597,688,772,754,935,1225,1246,1181,791,684,520,156,18,2169,6448,160,226,355,364,177,189,200,242,304,365,413,364,477,633,641,572,329,240,159,35,3,766,6636,154,223,271,239,162,150,171,234,293,323,359,390,458,592,605,609,462,444,361,121,15,1403
2026,2026-01-01,46500,465003,鹿児島県,熊毛郡,gun_agg,,22994,598,946,1112,841,580,664,771,923,1383,1458,1514,1458,1615,2021,2175,1834,1237,1059,583,190,32,3101,11420,298,476,580,436,335,366,433,467,708,752,792,794,856,1055,1119,872,515,353,169,43,1,1081,11574,300,470,532,405,245,298,338,456,675,706,722,664,759,966,1056,962,722,706,414,147,31,2020
2026,2026-01-01,46501,465011,鹿児島県,熊毛郡中種子町,town,46501,6950,166,282,311,265,167,197,225,266,393,381,429,426,531,628,640,522,417,399,215,79,11,1121,3369,85,139,156,137,96,113,115,137,201,215,233,229,283,314,308,243,153,135,61,16,0,365,3581,81,143,155,128,71,84,110,129,192,166,196,197,248,314,332,279,264,264,154,63,11,756
2026,2026-01-01,46502,465020,鹿児島県,熊毛郡南種子町,town,46502,5060,149,213,267,182,125,138,163,198,300,313,312,281,438,485,444,368,241,251,137,46,9,684,2558,68,112,155,86,81,85,104,100,154,158,169,153,225,277,220,180,91,84,41,14,1,231,2502,81,101,112,96,44,53,59,98,146,155,143,128,213,208,224,188,150,167,96,32,8,453
2026,2026-01-01,46505,465054,鹿児島県,熊毛郡屋久島町,town,46505,10984,283,451,534,394,288,329,383,459,690,764,773,751,646,908,1091,944,579,409,231,65,12,1296,5493,145,225,269,213,158,168,214,230,353,379,390,412,348,464,591,449,271,134,67,13,0,485,5491,138,226,265,181,130,161,169,229,337,385,383,339,298,444,500,495,308,275,164,52,12,811
2026,2026-01-01,46520,465208,鹿児島県,大島郡,gun_agg,,59468,2045,2633,3050,2286,1242,1667,2039,2700,3434,3541,3586,3380,4197,5530,5828,4486,2795,2366,1722,773,168,7824,29759,1040,1334,1572,1167,718,890,1069,1369,1742,1879,1954,1815,2243,2928,3075,2240,1179,887,495,145,18,2724,29709,1005,1299,1478,1119,524,777,970,1331,1692,1662,1632,1565,1954,2602,2753,2246,1616,1479,1227,628,150,5100
2026,2026-01-01,46523,465232,鹿児島県,大島郡大和村,village,46523,1347,44,62,47,38,25,34,47,55,68,71,65,92,117,127,120,115,78,72,55,10,5,220,697,23,39,30,26,14,23,26,26,34,42,37,52,65,67,69,51,28,26,17,1,1,73,650,21,23,17,12,11,11,21,29,34,29,28,40,52,60,51,64,50,46,38,9,4,147
2026,2026-01-01,46524,465241,鹿児島県,大島郡宇検村,village,46524,1552,33,71,82,28,10,37,32,63,76,87,88,99,98,174,178,157,86,76,54,20,3,239,774,14,32,45,15,8,21,19,29,47,48,38,53,47,95,94,83,41,30,13,2,0,86,778,19,39,37,13,2,16,13,34,29,39,50,46,51,79,84,74,45,46,41,18,3,153
2026,2026-01-01,46525,465259,鹿児島県,大島郡瀬戸内町,town,46525,7869,267,311,323,224,178,209,308,386,395,466,505,469,574,778,800,625,363,311,225,126,26,1051,3941,138,182,165,102,121,120,168,200,216,258,269,244,291,410,405,311,150,105,52,31,3,341,3928,129,129,158,122,57,89,140,186,179,208,236,225,283,368,395,314,213,206,173,95,23,710
2026,2026-01-01,46527,465275,鹿児島県,大島郡龍郷町,town,46527,5864,207,290,350,246,131,167,230,274,407,369,368,344,426,452,472,408,274,213,152,67,17,723,2808,105,151,199,114,65,79,111,128,199,170,186,170,207,238,237,204,95,86,45,16,3,245,3056,102,139,151,132,66,88,119,146,208,199,182,174,219,214,235,204,179,127,107,51,14,478
2026,2026-01-01,46529,465291,鹿児島県,大島郡喜界町,town,46529,6132,137,229,257,250,132,164,162,238,315,348,399,383,395,607,635,576,357,255,202,77,14,905,3074,63,119,128,139,86,88,83,133,155,187,238,207,188,333,329,296,143,93,58,7,1,302,3058,74,110,129,111,46,76,79,105,160,161,161,176,207,274,306,280,214,162,144,70,13,603
2026,2026-01-01,46530,465305,鹿児島県,大島郡徳之島町,town,46530,9543,428,468,508,403,252,329,358,464,519,625,575,511,688,852,861,655,377,312,202,125,31,1047,4754,236,220,267,213,140,171,180,231,245,319,320,273,368,438,459,315,165,110,62,20,2,359,4789,192,248,241,190,112,158,178,233,274,306,255,238,320,414,402,340,212,202,140,105,29,688
2026,2026-01-01,46531,465313,鹿児島県,大島郡天城町,town,46531,5357,219,239,269,190,137,154,189,236,292,305,306,307,394,524,525,358,258,232,141,63,19,713,2759,106,119,141,103,87,79,100,128,153,168,170,172,240,286,283,174,111,82,43,10,4,250,2598,113,120,128,87,50,75,89,108,139,137,136,135,154,238,242,184,147,150,98,53,15,463
2026,2026-01-01,46532,465321,鹿児島県,大島郡伊仙町,town,46532,5975,202,261,363,287,130,140,189,269,316,332,292,298,489,578,576,388,267,272,218,91,17,865,3007,96,122,178,140,73,69,104,139,156,184,170,164,276,313,309,217,110,102,61,20,4,297,2968,106,139,185,147,57,71,85,130,160,148,122,134,213,265,267,171,157,170,157,71,13,568
2026,2026-01-01,46533,465330,鹿児島県,大島郡和泊町,town,46533,5722,178,264,297,234,113,173,209,240,358,331,361,338,347,488,613,462,263,213,156,70,14,716,2888,94,138,147,120,54,92,115,127,184,173,194,191,192,254,328,220,132,77,45,11,0,265,2834,84,126,150,114,59,81,94,113,174,158,167,147,155,234,285,242,131,136,111,59,14,451
2026,2026-01-01,46534,465348,鹿児島県,大島郡知名町,town,46534,5193,164,210,292,192,82,154,157,234,355,292,320,265,298,493,578,436,243,210,164,48,6,671,2640,75,96,148,99,47,87,81,118,186,172,163,147,158,257,323,220,114,83,53,13,0,263,2553,89,114,144,93,35,67,76,116,169,120,157,118,140,236,255,216,129,127,111,35,6,408
2026,2026-01-01,46535,465356,鹿児島県,大島郡与論町,town,46535,4914,166,228,262,194,52,106,158,241,333,315,307,274,371,457,470,306,229,200,153,76,16,674,2417,90,116,124,96,23,61,82,110,167,158,169,142,211,237,239,149,90,93,46,14,0,243,2497,76,112,138,98,29,45,76,131,166,157,138,132,160,220,231,157,139,107,107,62,16,431
2026,2026-01-01,47000,470007,沖縄県,,pref,,1451090,63840,78723,84520,81926,70150,71249,76442,84977,94869,99070,107453,92888,87295,88100,90229,72539,42527,36630,19937,6548,1178,106820,713463,32631,40440,43039,41873,35829,36076,38232,42237,46933,49730,54403,46421,43475,43724,44144,34344,18222,14082,6117,1407,104,39932,737627,31209,38283,41481,40053,34321,35173,38210,42740,47936,49340,53050,46467,43820,44376,46085,38195,24305,22548,13820,5141,1074,66888
2026,2026-01-01,47201,472018,沖縄県,那覇市,city,47201,303165,10828,13807,15762,16224,14411,14559,15476,17390,19525,20956,24379,21778,19370,18028,19058,16226,10037,8923,4751,1435,242,25388,146484,5443,7139,7986,8238,7349,7501,7841,8786,9662,10364,12218,10831,9455,8672,8924,7264,3952,3140,1402,292,25,8811,156681,5385,6668,7776,7986,7062,7058,7635,8604,9863,10592,12161,10947,9915,9356,10134,8962,6085,5783,3349,1143,217,16577
2026,2026-01-01,47205,472051,沖縄県,宜野湾市,city,47205,97858,4565,5398,5730,5614,5246,5344,5703,5868,6563,6815,7623,6525,5506,5173,5320,4369,2639,2292,1176,331,58,6496,47356,2348,2745,2866,2841,2704,2683,2826,2803,3239,3362,3721,3186,2664,2499,2525,1918,1115,875,362,66,8,2426,50502,2217,2653,2864,2773,2542,2661,2877,3065,3324,3453,3902,3339,2842,2674,2795,2451,1524,1417,814,265,50,4070
2026,2026-01-01,47207,472077,沖縄県,石垣市,city,47207,48319,2120,2613,2733,2470,1713,2300,2579,3017,3555,3665,3496,3060,2933,3290,3208,2377,1205,1086,637,221,41,3190,24498,1104,1341,1338,1280,906,1227,1335,1537,1795,1887,1865,1645,1534,1665,1649,1162,538,446,193,49,2,1228,23821,1016,1272,1395,1190,807,1073,1244,1480,1760,1778,1631,1415,1399,1625,1559,1215,667,640,444,172,39,1962
2026,2026-01-01,47208,472085,沖縄県,浦添市,city,47208,113566,5176,5953,6604,6695,5744,6136,6353,6774,7363,7813,8952,7803,6864,6181,6286,5202,3187,2678,1336,398,68,7667,54965,2672,3026,3338,3433,2923,3083,3094,3351,3593,3843,4404,3792,3271,3004,2857,2418,1318,1046,407,87,5,2863,58601,2504,2927,3266,3262,2821,3053,3259,3423,3770,3970,4548,4011,3593,3177,3429,2784,1869,1632,929,311,63,4804
2026,2026-01-01,47209,472093,沖縄県,名護市,city,47209,64045,2984,3610,3743,3976,3538,3070,3358,3811,4255,4282,4316,3568,3663,3964,4034,3298,1850,1516,794,338,77,4575,31810,1530,1851,1926,2132,1769,1530,1692,1900,2066,2167,2217,1781,1848,2007,2012,1589,837,615,267,71,3,1793,32235,1454,1759,1817,1844,1769,1540,1666,1911,2189,2115,2099,1787,1815,1957,2022,1709,1013,901,527,267,74,2782
2026,2026-01-01,47210,472107,沖縄県,糸満市,city,47210,60577,2912,3667,3695,3438,2746,2956,3209,3752,4158,4021,4134,3419,3621,3914,3981,3068,1566,1362,708,219,31,3886,30549,1488,1920,1866,1749,1388,1522,1669,1864,2103,2168,2155,1737,1855,1985,1994,1561,706,537,232,49,1,1525,30028,1424,1747,1829,1689,1358,1434,1540,1888,2055,1853,1979,1682,1766,1929,1987,1507,860,825,476,170,30,2361
2026,2026-01-01,47211,472115,沖縄県,沖縄市,city,47211,139335,6542,7536,8150,8121,7196,7634,8007,8093,8539,9577,10520,9202,8296,7923,7902,6567,3716,3364,1801,571,78,9530,67373,3376,3942,4138,4120,3621,3808,3906,3990,4162,4699,5187,4442,4035,3787,3763,3027,1510,1233,511,110,6,3370,71962,3166,3594,4012,4001,3575,3826,4101,4103,4377,4878,5333,4760,4261,4136,4139,3540,2206,2131,1290,461,72,6160
2026,2026-01-01,47212,472123,沖縄県,豊見城市,city,47212,65215,3310,4043,4439,4018,3079,3200,3535,4019,4574,4789,4823,3902,3497,3377,3592,3017,1738,1376,663,186,38,4001,31843,1658,2083,2258,2053,1516,1551,1772,1995,2270,2346,2467,1899,1709,1614,1711,1401,748,552,198,39,3,1540,33372,1652,1960,2181,1965,1563,1649,1763,2024,2304,2443,2356,2003,1788,1763,1881,1616,990,824,465,147,35,2461
2026,2026-01-01,47213,472131,沖縄県,うるま市,city,47213,125213,5835,7226,7344,7215,6336,6487,6603,7210,7859,8194,9077,7763,7422,7719,7717,6280,3577,3022,1672,562,93,8926,62439,3021,3774,3797,3663,3230,3281,3299,3597,3952,4201,4622,3908,3818,3895,3880,3048,1647,1182,499,118,7,3453,62774,2814,3452,3547,3552,3106,3206,3304,3613,3907,3993,4455,3855,3604,3824,3837,3232,1930,1840,1173,444,86,5473
2026,2026-01-01,47214,472140,沖縄県,宮古島市,city,47214,54111,2058,2628,2857,2525,2015,2554,2719,3007,3704,3775,3574,3202,3707,4356,4177,2894,1655,1360,950,340,54,4359,27573,1050,1324,1470,1355,1071,1351,1430,1573,1949,2037,1950,1734,1934,2239,2064,1394,745,510,299,85,9,1648,26538,1008,1304,1387,1170,944,1203,1289,1434,1755,1738,1624,1468,1773,2117,2113,1500,910,850,651,255,45,2711
2026,2026-01-01,47215,472158,沖縄県,南城市,city,47215,46799,2314,2932,2904,2605,2078,1983,2330,2643,3059,2917,3132,2660,2697,3066,3147,2477,1555,1323,699,222,56,3855,23484,1190,1513,1497,1313,1077,1032,1168,1349,1519,1496,1623,1386,1336,1597,1660,1194,708,533,238,47,8,1534,23315,1124,1419,1407,1292,1001,951,1162,1294,1540,1421,1509,1274,1361,1469,1487,1283,847,790,461,175,48,2321
2026,2026-01-01,47300,473006,沖縄県,国頭郡,gun_agg,,62098,2246,3049,3407,3185,2687,2342,2492,3131,3662,3924,4068,3540,3981,4797,5312,4107,2258,1943,1256,579,132,6168,31715,1147,1547,1751,1624,1368,1258,1269,1579,1857,2072,2170,1875,2128,2587,2916,2182,1045,823,379,131,7,2385,30383,1099,1502,1656,1561,1319,1084,1223,1552,1805,1852,1898,1665,1853,2210,2396,1925,1213,1120,877,448,125,3783
2026,2026-01-01,47301,473014,沖縄県,国頭郡国頭村,village,47301,4315,133,175,195,189,166,136,142,224,233,229,229,255,300,419,456,326,172,171,104,51,10,508,2263,73,94,112,81,90,79,73,115,120,128,128,148,163,214,267,179,83,68,36,12,0,199,2052,60,81,83,108,76,57,69,109,113,101,101,107,137,205,189,147,89,103,68,39,10,309
2026,2026-01-01,47302,473022,沖縄県,国頭郡大宜味村,village,47302,2869,73,115,110,112,80,71,99,113,167,172,157,153,211,290,334,243,121,97,85,48,18,369,1525,33,64,55,53,39,43,55,60,86,91,95,83,111,159,196,147,62,50,26,13,4,155,1344,40,51,55,59,41,28,44,53,81,81,62,70,100,131,138,96,59,47,59,35,14,214
2026,2026-01-01,47303,473031,沖縄県,国頭郡東村,village,47303,1659,57,77,75,55,50,43,64,79,90,106,105,81,119,160,172,140,61,55,41,24,5,186,907,34,37,38,30,28,23,38,41,50,66,59,46,72,88,97,78,28,28,19,5,2,82,752,23,40,37,25,22,20,26,38,40,40,46,35,47,72,75,62,33,27,22,19,3,104
2026,2026-01-01,47306,473065,沖縄県,国頭郡今帰仁村,village,47306,9003,289,439,499,452,317,263,302,416,501,579,550,505,612,800,841,677,324,294,209,105,29,961,4613,147,227,262,223,168,126,155,202,242,303,286,258,328,452,474,372,160,144,64,19,1,388,4390,142,212,237,229,149,137,147,214,259,276,264,247,284,348,367,305,164,150,145,86,28,573
2026,2026-01-01,47308,473081,沖縄県,国頭郡本部町,town,47308,12571,424,566,677,617,499,440,491,668,751,801,723,669,836,1050,1233,877,473,361,248,139,28,1249,6405,213,270,346,336,257,230,242,331,375,419,376,363,436,559,692,491,235,142,54,38,0,469,6166,211,296,331,281,242,210,249,337,376,382,347,306,400,491,541,386,238,219,194,101,28,780
2026,2026-01-01,47311,473111,沖縄県,国頭郡恩納村,village,47311,9769,292,433,527,526,580,465,416,489,585,648,761,627,639,645,726,561,323,282,169,61,14,849,4950,144,226,250,252,295,264,221,247,291,344,392,316,348,353,397,285,143,116,52,14,0,325,4819,148,207,277,274,285,201,195,242,294,304,369,311,291,292,329,276,180,166,117,47,14,524
2026,2026-01-01,47313,473138,沖縄県,国頭郡宜野座村,village,47313,6496,347,403,433,431,345,304,297,364,415,434,498,336,299,352,402,360,203,143,87,35,8,476,3254,165,193,224,232,175,156,143,183,203,213,253,184,159,192,203,178,96,62,30,10,0,198,3242,182,210,209,199,170,148,154,181,212,221,245,152,140,160,199,182,107,81,57,25,8,278
2026,2026-01-01,47314,473146,沖縄県,国頭郡金武町,town,47314,11269,489,617,695,637,536,516,554,578,679,712,818,704,676,642,717,646,419,346,197,78,13,1053,5640,265,324,365,322,254,274,283,294,355,378,443,368,354,331,352,308,169,131,55,15,0,370,5629,224,293,330,315,282,242,271,284,324,334,375,336,322,311,365,338,250,215,142,63,13,683
2026,2026-01-01,47315,473154,沖縄県,国頭郡伊江村,village,47315,4147,142,224,196,166,114,104,127,200,241,243,227,210,289,439,431,277,162,194,116,38,7,517,2158,73,112,99,95,62,63,59,106,135,130,138,109,157,239,238,144,69,82,43,5,0,199,1989,69,112,97,71,52,41,68,94,106,113,89,101,132,200,193,133,93,112,73,33,7,318
2026,2026-01-01,47320,473201,沖縄県,中頭郡,gun_agg,,156636,7090,9038,9742,9346,8352,7305,7892,8994,10142,10695,11648,10024,9181,9276,9454,7322,4465,3858,2024,663,125,11135,76208,3620,4520,5007,4768,4318,3589,3816,4295,4866,5165,5804,4864,4535,4573,4639,3501,1917,1575,664,163,9,4328,80428,3470,4518,4735,4578,4034,3716,4076,4699,5276,5530,5844,5160,4646,4703,4815,3821,2548,2283,1360,500,116,6807
2026,2026-01-01,47324,473243,沖縄県,中頭郡読谷村,village,47324,41236,1804,2334,2634,2432,2068,1901,1936,2304,2632,2895,3137,2649,2539,2540,2578,1851,1194,1056,556,161,35,3002,20074,921,1155,1338,1229,1041,953,945,1083,1246,1389,1590,1304,1234,1254,1298,889,524,454,182,40,5,1205,21162,883,1179,1296,1203,1027,948,991,1221,1386,1506,1547,1345,1305,1286,1280,962,670,602,374,121,30,1797
2026,2026-01-01,47325,473251,沖縄県,中頭郡嘉手納町,town,47325,12779,581,753,806,744,637,593,659,703,754,802,869,753,782,834,772,608,413,379,252,75,10,1129,6171,306,364,399,399,336,283,333,340,350,382,451,370,394,412,375,269,164,148,80,16,0,408,6608,275,389,407,345,301,310,326,363,404,420,418,383,388,422,397,339,249,231,172,59,10,721
2026,2026-01-01,47326,473260,沖縄県,中頭郡北谷町,town,47326,27897,1314,1689,1757,1707,1352,1275,1476,1662,1911,1986,2142,1877,1554,1417,1540,1301,822,661,326,114,14,1937,13104,654,832,922,862,669,599,661,768,856,902,1022,874,725,673,749,617,342,252,94,30,1,719,14793,660,857,835,845,683,676,815,894,1055,1084,1120,1003,829,744,791,684,480,409,232,84,13,1218
2026,2026-01-01,47327,473278,沖縄県,中頭郡北中城村,village,47327,17490,784,1013,1072,988,827,807,852,1035,1143,1226,1372,1169,1034,975,1024,808,509,479,273,81,19,1361,8330,420,513,512,508,429,387,368,471,546,578,688,554,489,485,496,376,203,187,98,22,0,510,9160,364,500,560,480,398,420,484,564,597,648,684,615,545,490,528,432,306,292,175,59,19,851
2026,2026-01-01,47328,473286,沖縄県,中頭郡中城村,village,47328,22509,1236,1501,1416,1280,1287,1094,1244,1412,1507,1524,1632,1338,1205,1285,1256,919,523,467,270,89,24,1373,11138,628,755,756,642,679,529,640,691,742,741,812,678,629,652,610,460,224,171,80,18,1,494,11371,608,746,660,638,608,565,604,721,765,783,820,660,576,633,646,459,299,296,190,71,23,879
2026,2026-01-01,47329,473294,沖縄県,中頭郡西原町,town,47329,34725,1371,1748,2057,2195,2181,1635,1725,1878,2195,2262,2496,2238,2067,2225,2284,1835,1004,816,347,143,23,2333,17391,691,901,1080,1128,1164,838,869,942,1126,1173,1241,1084,1064,1097,1111,890,460,363,130,37,2,992,17334,680,847,977,1067,1017,797,856,936,1069,1089,1255,1154,1003,1128,1173,945,544,453,217,106,21,1341
2026,2026-01-01,47340,473405,沖縄県,島尻郡,gun_agg,,107424,5640,6884,7065,6179,4735,5016,5860,6844,7398,7131,7200,6034,6143,6536,6567,4993,2907,2402,1371,439,80,7199,53525,2872,3531,3625,3137,2443,2481,2918,3393,3644,3627,3709,3113,3122,3293,3283,2489,1346,963,437,89,10,2845,53899,2768,3353,3440,3042,2292,2535,2942,3451,3754,3504,3491,2921,3021,3243,3284,2504,1561,1439,934,350,70,4354
2026,2026-01-01,47348,473481,沖縄県,島尻郡与那原町,town,47348,19637,972,1184,1232,1164,914,972,1105,1292,1339,1327,1376,1144,1102,1105,1185,925,561,438,223,66,11,1299,9566,490,604,638,583,460,466,558,631,664,652,691,575,535,509,571,439,250,169,68,11,2,500,10071,482,580,594,581,454,506,547,661,675,675,685,569,567,596,614,486,311,269,155,55,9,799
2026,2026-01-01,47350,473502,沖縄県,島尻郡南風原町,town,47350,41154,2332,2787,2812,2466,1923,2153,2410,2745,2964,2850,2872,2256,2037,2170,2196,1763,1030,836,423,110,19,2418,20133,1203,1419,1444,1266,972,1041,1180,1308,1433,1427,1454,1116,997,1052,1042,807,460,357,137,18,0,972,21021,1129,1368,1368,1200,951,1112,1230,1437,1531,1423,1418,1140,1040,1118,1154,956,570,479,286,92,19,1446
2026,2026-01-01,47353,473537,沖縄県,島尻郡渡嘉敷村,village,47353,626,25,33,40,8,10,33,26,49,55,52,30,44,41,54,41,34,15,20,8,7,1,51,349,12,22,21,2,8,18,13,23,30,29,21,27,25,28,27,20,9,9,2,3,0,23,277,13,11,19,6,2,15,13,26,25,23,9,17,16,26,14,14,6,11,6,4,1,28
2026,2026-01-01,47354,473545,沖縄県,島尻郡座間味村,village,47354,844,28,42,47,18,19,36,69,54,56,54,83,68,69,47,60,35,24,20,9,4,2,59,469,16,25,25,7,14,24,31,27,33,28,40,43,39,34,37,23,10,8,3,1,1,23,375,12,17,22,11,5,12,38,27,23,26,43,25,30,13,23,12,14,12,6,3,1,36
2026,2026-01-01,47355,473553,沖縄県,島尻郡粟国村,village,47355,629,18,23,24,24,25,15,27,24,32,41,32,53,42,58,69,40,14,25,20,19,4,82,352,10,11,9,11,15,7,15,15,14,22,19,35,27,39,45,30,8,10,6,4,0,28,277,8,12,15,13,10,8,12,9,18,19,13,18,15,19,24,10,6,15,14,15,4,54
2026,2026-01-01,47356,473561,沖縄県,島尻郡渡名喜村,village,47356,275,1,4,8,6,1,12,6,11,11,11,15,19,27,34,37,22,11,23,11,4,1,50,164,0,3,4,5,0,5,6,7,10,7,11,11,14,25,22,14,5,11,4,0,0,20,111,1,1,4,1,1,7,0,4,1,4,4,8,13,9,15,8,6,12,7,4,1,30
2026,2026-01-01,47357,473570,沖縄県,島尻郡南大東村,village,47357,1124,48,55,63,56,30,47,63,59,67,74,66,70,92,109,78,47,38,39,19,4,0,100,662,32,25,28,29,16,29,40,33,39,53,39,43,69,64,50,27,18,22,5,1,0,46,462,16,30,35,27,14,18,23,26,28,21,27,27,23,45,28,20,20,17,14,3,0,54
2026,2026-01-01,47358,473588,沖縄県,島尻郡北大東村,village,47358,515,23,21,30,17,8,27,36,29,28,26,33,37,47,59,35,19,16,16,6,2,0,40,301,15,13,18,4,2,18,24,14,20,16,22,19,31,35,22,11,9,6,2,0,0,17,214,8,8,12,13,6,9,12,15,8,10,11,18,16,24,13,8,7,10,4,2,0,23
2026,2026-01-01,47359,473596,沖縄県,島尻郡伊平屋村,village,47359,1145,55,47,58,60,57,37,42,66,58,59,77,69,71,117,96,70,36,26,30,12,2,106,627,30,24,22,34,27,18,23,35,37,27,43,42,44,71,59,48,18,11,11,2,1,43,518,25,23,36,26,30,19,19,31,21,32,34,27,27,46,37,22,18,15,19,10,1,63
2026,2026-01-01,47360,473600,沖縄県,島尻郡伊是名村,village,47360,1189,35,55,74,56,33,40,45,56,60,66,70,77,75,129,130,60,48,44,27,8,1,128,666,21,26,35,30,15,24,32,34,32,39,40,50,45,84,73,33,28,20,5,0,0,53,523,14,29,39,26,18,16,13,22,28,27,30,27,30,45,57,27,20,24,22,8,1,75
2026,2026-01-01,47361,473618,沖縄県,島尻郡久米島町,town,47361,6855,271,287,332,348,258,250,286,371,372,396,420,405,544,604,593,424,254,185,174,72,9,694,3664,132,157,169,193,137,139,155,196,200,209,235,234,318,332,336,239,126,77,58,20,2,283,3191,139,130,163,155,121,111,131,175,172,187,185,171,226,272,257,185,128,108,116,52,7,411
2026,2026-01-01,47362,473626,沖縄県,島尻郡八重瀬町,town,47362,33431,1832,2346,2345,1956,1457,1394,1745,2088,2356,2175,2126,1792,1996,2050,2047,1554,860,730,421,131,30,2172,16572,911,1202,1212,973,777,692,841,1070,1132,1118,1094,918,978,1020,999,798,405,263,136,29,4,837,16859,921,1144,1133,983,680,702,904,1018,1224,1057,1032,874,1018,1030,1048,756,455,467,285,102,26,1335
2026,2026-01-01,47370,473707,沖縄県,宮古郡,gun_agg,,1007,18,46,49,54,44,32,37,36,60,52,75,73,82,98,87,61,40,37,21,5,0,103,559,8,31,26,29,19,20,24,21,30,24,51,43,45,59,56,29,20,17,6,1,0,44,448,10,15,23,25,25,12,13,15,30,28,24,30,37,39,31,32,20,20,15,4,0,59
2026,2026-01-01,47375,473758,沖縄県,宮古郡多良間村,village,47375,1007,18,46,49,54,44,32,37,36,60,52,75,73,82,98,87,61,40,37,21,5,0,103,559,8,31,26,29,19,20,24,21,30,24,51,43,45,59,56,29,20,17,6,1,0,44,448,10,15,23,25,25,12,13,15,30,28,24,30,37,39,31,32,20,20,15,4,0,59
2026,2026-01-01,47380,473804,沖縄県,八重山郡,gun_agg,,5722,202,293,296,261,230,331,289,388,453,464,436,335,332,402,387,281,132,88,78,39,5,342,3082,104,153,150,138,127,159,173,204,226,272,240,185,186,248,211,167,70,35,23,10,1,139,2640,98,140,146,123,103,172,116,184,227,192,196,150,146,154,176,114,62,53,55,29,4,203
2026,2026-01-01,47381,473812,沖縄県,八重山郡竹富町,town,47381,4071,142,206,227,194,175,247,197,253,319,310,299,241,229,282,290,194,100,69,59,35,3,266,2127,72,108,112,98,100,110,117,111,149,160,150,137,131,174,169,119,54,29,17,9,1,110,1944,70,98,115,96,75,137,80,142,170,150,149,104,98,108,121,75,46,40,42,26,2,156
2026,2026-01-01,47382,473821,沖縄県,八重山郡与那国町,town,47382,1651,60,87,69,67,55,84,92,135,134,154,137,94,103,120,97,87,32,19,19,4,2,76,955,32,45,38,40,27,49,56,93,77,112,90,48,55,74,42,48,16,6,6,1,0,29,696,28,42,31,27,28,35,36,42,57,42,47,46,48,46,55,39,16,13,13,3,2,47
