year,ref_date,muni_code,muni_code_6digit,pref,muni,row_type,city_code,pop_total,age_0_4,age_5_9,age_10_14,age_15_19,age_20_24,age_25_29,age_30_34,age_35_39,age_40_44,age_45_49,age_50_54,age_55_59,age_60_64,age_65_69,age_70_74,age_75_79,age_80_84,age_85_89,age_90_94,age_95_99,age_100p,age_80p,pop_m,age_0_4_m,age_5_9_m,age_10_14_m,age_15_19_m,age_20_24_m,age_25_29_m,age_30_34_m,age_35_39_m,age_40_44_m,age_45_49_m,age_50_54_m,age_55_59_m,age_60_64_m,age_65_69_m,age_70_74_m,age_75_79_m,age_80_84_m,age_85_89_m,age_90_94_m,age_95_99_m,age_100p_m,age_80p_m,pop_f,age_0_4_f,age_5_9_f,age_10_14_f,age_15_19_f,age_20_24_f,age_25_29_f,age_30_34_f,age_35_39_f,age_40_44_f,age_45_49_f,age_50_54_f,age_55_59_f,age_60_64_f,age_65_69_f,age_70_74_f,age_75_79_f,age_80_84_f,age_85_89_f,age_90_94_f,age_95_99_f,age_100p_f,age_80p_f
2010,2010-03-31,01000,010006,北海道,,pref,,5520894,204247,223809,240523,258365,269777,298389,349394,396576,355511,349507,353211,434160,448151,369990,320697,279345,,,,,,369242,2618969,104565,113860,122863,131510,135923,148227,173750,196625,172080,169002,171556,208349,210472,168224,143142,121672,,,,,,127149,2901925,99682,109949,117660,126855,133854,150162,175644,199951,183431,180505,181655,225811,237679,201766,177555,157673,,,,,,242093
2010,2010-03-31,01100,011002,北海道,札幌市,city_agg,,1891494,71614,74879,80524,87511,109141,123048,137575,153922,135831,127478,121886,142078,146224,113621,90453,77008,,,,,,98701,890794,36561,38043,40877,44173,53410,58749,66552,74994,64939,60552,57945,67305,68552,52183,39953,32417,,,,,,33589,1000700,35053,36836,39647,43338,55731,64299,71023,78928,70892,66926,63941,74773,77672,61438,50500,44591,,,,,,65112
2010,2010-03-31,01101,011011,北海道,札幌市中央区,ward,01100,209934,7424,7495,7584,8036,13704,16517,16992,18654,17328,15523,13247,13913,14428,10920,8853,8223,,,,,,11093,95077,3789,3784,3864,3868,6139,7524,7850,8719,7992,7195,6343,6411,6580,4677,3610,3177,,,,,,3555,114857,3635,3711,3720,4168,7565,8993,9142,9935,9336,8328,6904,7502,7848,6243,5243,5046,,,,,,7538
2010,2010-03-31,01102,011029,北海道,札幌市北区,ward,01100,274416,10575,11586,12410,13153,17080,17090,19176,22027,19126,17811,17383,20821,21332,16629,13163,10806,,,,,,14248,130911,5377,5922,6396,6609,8791,8273,9326,10883,9312,8630,8390,9980,9890,7729,5936,4610,,,,,,4857,143505,5198,5664,6014,6544,8289,8817,9850,11144,9814,9181,8993,10841,11442,8900,7227,6196,,,,,,9391
2010,2010-03-31,01103,011037,北海道,札幌市東区,ward,01100,252733,10331,10401,10810,11337,14322,17582,19777,22157,18249,16013,15379,18536,19069,14691,11587,9800,,,,,,12692,120995,5261,5312,5602,5732,7098,8515,9786,11134,8957,7833,7458,8960,9019,6771,5104,4133,,,,,,4320,131738,5070,5089,5208,5605,7224,9067,9991,11023,9292,8180,7921,9576,10050,7920,6483,5667,,,,,,8372
2010,2010-03-31,01104,011045,北海道,札幌市白石区,ward,01100,204055,8457,7707,7785,8206,11544,15532,17796,18746,15501,13737,12311,14200,14446,11416,9285,7959,,,,,,9427,97633,4286,3880,3926,4225,5594,7551,8853,9275,7687,6774,5967,6860,7001,5151,4088,3321,,,,,,3194,106422,4171,3827,3859,3981,5950,7981,8943,9471,7814,6963,6344,7340,7445,6265,5197,4638,,,,,,6233
2010,2010-03-31,01105,011053,北海道,札幌市豊平区,ward,01100,209931,7978,7738,8159,8741,12465,15464,17018,18287,15854,14192,12672,14370,15115,12063,10128,8751,,,,,,10936,98107,4078,3936,4080,4447,6096,7332,8105,8896,7680,6723,5938,6682,6972,5432,4287,3664,,,,,,3759,111824,3900,3802,4079,4294,6369,8132,8913,9391,8174,7469,6734,7688,8143,6631,5841,5087,,,,,,7177
2010,2010-03-31,01106,011061,北海道,札幌市南区,ward,01100,146310,4485,5243,6232,7581,7893,7463,8086,9106,8959,9868,9910,12134,13065,10384,8695,7593,,,,,,9613,68497,2253,2658,3124,3806,4098,3673,3926,4387,4224,4583,4611,5665,6091,4813,3874,3320,,,,,,3391,77813,2232,2585,3108,3775,3795,3790,4160,4719,4735,5285,5299,6469,6974,5571,4821,4273,,,,,,6222
2010,2010-03-31,01107,011070,北海道,札幌市西区,ward,01100,210104,8157,8234,8852,9377,10608,13152,15339,17219,15320,14102,13550,15923,16395,13079,10497,9010,,,,,,11290,98248,4228,4186,4483,4716,4991,6140,7432,8402,7153,6669,6452,7518,7619,5937,4657,3775,,,,,,3890,111856,3929,4048,4369,4661,5617,7012,7907,8817,8167,7433,7098,8405,8776,7142,5840,5235,,,,,,7400
2010,2010-03-31,01108,011088,北海道,札幌市厚別区,ward,01100,129572,4377,5141,6160,6847,7408,6867,7694,9388,9017,9051,9313,10423,10723,8569,6785,5411,,,,,,6398,60200,2235,2580,3096,3473,3599,3340,3668,4407,4139,4156,4182,4867,4904,3973,3049,2321,,,,,,2211,69372,2142,2561,3064,3374,3809,3527,4026,4981,4878,4895,5131,5556,5819,4596,3736,3090,,,,,,4187
2010,2010-03-31,01109,011096,北海道,札幌市手稲区,ward,01100,139494,5211,5863,6492,7445,7759,7751,8917,10010,8574,8935,9735,12054,12273,9066,6488,5312,,,,,,7609,66280,2667,3013,3309,3860,3848,3786,4368,4835,4071,4107,4605,5702,5864,4367,3049,2254,,,,,,2575,73214,2544,2850,3183,3585,3911,3965,4549,5175,4503,4828,5130,6352,6409,4699,3439,3058,,,,,,5034
2010,2010-03-31,01110,011100,北海道,札幌市清田区,ward,01100,114945,4619,5471,6040,6788,6358,5630,6780,8328,7903,8246,8386,9704,9378,6804,4972,4143,,,,,,5395,54846,2387,2772,2997,3437,3156,2615,3238,4056,3724,3882,3999,4660,4612,3333,2299,1842,,,,,,1837,60099,2232,2699,3043,3351,3202,3015,3542,4272,4179,4364,4387,5044,4766,3471,2673,2301,,,,,,3558
2010,2010-03-31,01202,012025,北海道,函館市,city,01202,282459,9276,10354,11605,12764,12648,13728,16303,19276,17523,16994,18143,22908,24731,20813,18216,16055,,,,,,21122,129182,4780,5320,6043,6527,6207,6717,7919,9314,8223,7804,8398,10694,11323,9135,7666,6423,,,,,,6689,153277,4496,5034,5562,6237,6441,7011,8384,9962,9300,9190,9745,12214,13408,11678,10550,9632,,,,,,14433
2010,2010-03-31,01203,012033,北海道,小樽市,city,01203,133604,3774,4432,5030,5632,5586,5629,6788,8213,7639,7533,7841,11008,12913,11004,9471,8946,,,,,,12165,60606,1913,2261,2516,2880,2739,2771,3340,4072,3567,3490,3693,5024,5935,4874,4045,3661,,,,,,3825,72998,1861,2171,2514,2752,2847,2858,3448,4141,4072,4043,4148,5984,6978,6130,5426,5285,,,,,,8340
2010,2010-03-31,01204,012041,北海道,旭川市,city,01204,353289,13034,14245,14854,15786,16067,18936,22356,24495,22082,21443,22356,27865,30413,25452,21359,18385,,,,,,24161,164815,6654,7278,7608,7942,7755,9248,11020,11791,10362,9980,10592,13009,14066,11480,9633,8078,,,,,,8319,188474,6380,6967,7246,7844,8312,9688,11336,12704,11720,11463,11764,14856,16347,13972,11726,10307,,,,,,15842
2010,2010-03-31,01205,012050,北海道,室蘭市,city,01205,95150,3232,3680,3769,3886,4666,4466,5074,6415,5369,5014,5250,7546,8608,8030,6935,5832,,,,,,7378,45731,1660,1833,1923,2090,2819,2327,2641,3323,2661,2414,2677,3685,3991,3638,3093,2501,,,,,,2455,49419,1572,1847,1846,1796,1847,2139,2433,3092,2708,2600,2573,3861,4617,4392,3842,3331,,,,,,4923
2010,2010-03-31,01206,012068,北海道,釧路市,city,01206,185487,7022,7570,7880,8764,8397,9268,11442,12928,11568,11382,12136,15904,15640,13189,11588,9563,,,,,,11246,87923,3619,3776,4019,4529,4125,4504,5721,6401,5681,5512,5923,7591,7293,6030,5187,4240,,,,,,3772,97564,3403,3794,3861,4235,4272,4764,5721,6527,5887,5870,6213,8313,8347,7159,6401,5323,,,,,,7474
2010,2010-03-31,01207,012076,北海道,帯広市,city,01207,167395,6739,7114,7912,8143,8609,9617,10889,12440,11045,11106,11045,12829,12843,10642,9188,7743,,,,,,9491,80027,3483,3632,3987,4048,4276,4829,5398,6181,5359,5337,5474,6137,5961,4811,4112,3525,,,,,,3477,87368,3256,3482,3925,4095,4333,4788,5491,6259,5686,5769,5571,6692,6882,5831,5076,4218,,,,,,6014
2010,2010-03-31,01208,012084,北海道,北見市,city,01208,125545,4640,5199,5721,6004,5605,6337,7845,8743,7744,7945,8068,9969,10372,8427,7544,6660,,,,,,8722,59851,2403,2596,2970,3110,2960,3100,3976,4406,3732,3890,3923,4765,4775,3797,3401,2996,,,,,,3051,65694,2237,2603,2751,2894,2645,3237,3869,4337,4012,4055,4145,5204,5597,4630,4143,3664,,,,,,5671
2010,2010-03-31,01209,012092,北海道,夕張市,city,01209,11213,219,213,314,354,289,320,419,477,504,533,652,938,1015,1042,1258,1136,,,,,,1530,5237,110,103,160,184,168,167,254,237,275,270,338,476,476,422,555,508,,,,,,534,5976,109,110,154,170,121,153,165,240,229,263,314,462,539,620,703,628,,,,,,996
2010,2010-03-31,01210,012106,北海道,岩見沢市,city,01210,90553,3027,3456,3959,4333,4210,4175,4919,5822,5175,5640,6116,7229,7782,6431,5869,5516,,,,,,6894,42550,1545,1782,2018,2185,2047,2097,2491,2851,2415,2721,2931,3424,3701,2885,2581,2383,,,,,,2493,48003,1482,1674,1941,2148,2163,2078,2428,2971,2760,2919,3185,3805,4081,3546,3288,3133,,,,,,4401
2010,2010-03-31,01211,012114,北海道,網走市,city,01211,39384,1624,1763,1726,1910,2114,2042,2484,2770,2337,2492,2590,3146,3157,2509,2211,1912,,,,,,2597,19425,854,940,918,1008,1171,1075,1291,1451,1196,1262,1306,1534,1478,1171,1025,876,,,,,,869,19959,770,823,808,902,943,967,1193,1319,1141,1230,1284,1612,1679,1338,1186,1036,,,,,,1728
2010,2010-03-31,01212,012122,北海道,留萌市,city,01212,25021,967,919,953,1080,969,1229,1482,1655,1526,1523,1609,2127,2170,1948,1676,1405,,,,,,1783,12000,471,462,481,527,551,654,760,855,797,793,813,1014,1004,856,741,637,,,,,,584,13021,496,457,472,553,418,575,722,800,729,730,796,1113,1166,1092,935,768,,,,,,1199
2010,2010-03-31,01213,012131,北海道,苫小牧市,city,01213,173812,7712,7982,8126,8325,8738,10172,12075,13571,11009,10619,11228,14467,14016,10751,8900,7120,,,,,,9001,84826,3915,4096,4111,4305,4424,5313,6065,7022,5449,5290,5545,7188,6745,5126,4093,3047,,,,,,3092,88986,3797,3886,4015,4020,4314,4859,6010,6549,5560,5329,5683,7279,7271,5625,4807,4073,,,,,,5909
2010,2010-03-31,01214,012149,北海道,稚内市,city,01214,39005,1545,1667,1553,1736,1483,1967,2456,2870,2521,2510,2652,3321,3208,2694,2453,2027,,,,,,2342,19129,801,829,787,867,779,1038,1291,1574,1285,1324,1346,1685,1525,1195,1095,930,,,,,,778,19876,744,838,766,869,704,929,1165,1296,1236,1186,1306,1636,1683,1499,1358,1097,,,,,,1564
2010,2010-03-31,01215,012157,北海道,美唄市,city,01215,26449,737,864,1039,1258,963,1038,1257,1495,1452,1511,1653,2190,2344,2087,1940,1938,,,,,,2683,12507,374,454,534,661,540,525,633,784,729,765,813,1062,1109,941,835,828,,,,,,920,13942,363,410,505,597,423,513,624,711,723,746,840,1128,1235,1146,1105,1110,,,,,,1763
2010,2010-03-31,01216,012165,北海道,芦別市,city,01216,17211,389,478,611,740,502,548,737,842,850,945,1059,1417,1620,1533,1522,1465,,,,,,1953,7948,190,246,311,391,244,287,372,425,400,458,492,678,727,731,662,665,,,,,,669,9263,199,232,300,349,258,261,365,417,450,487,567,739,893,802,860,800,,,,,,1284
2010,2010-03-31,01217,012173,北海道,江別市,city,01217,121987,4006,5150,6190,7386,7295,5644,6493,8141,8179,8623,8649,9786,9690,7739,6409,5558,,,,,,7049,58172,2021,2582,3149,3747,3831,2784,3174,4021,3841,4059,4177,4699,4641,3579,2901,2434,,,,,,2532,63815,1985,2568,3041,3639,3464,2860,3319,4120,4338,4564,4472,5087,5049,4160,3508,3124,,,,,,4517
2010,2010-03-31,01218,012181,北海道,赤平市,city,01218,12877,290,393,418,496,373,431,529,593,588,742,758,1095,1278,1160,1214,1103,,,,,,1416,5915,156,202,206,252,178,220,250,302,273,347,378,502,613,522,553,496,,,,,,465,6962,134,191,212,244,195,211,279,291,315,395,380,593,665,638,661,607,,,,,,951
2010,2010-03-31,01219,012190,北海道,紋別市,city,01219,24912,824,978,1005,1083,873,1111,1411,1534,1487,1615,1707,2023,2131,1933,1715,1544,,,,,,1938,11831,418,528,542,558,446,596,720,785,729,795,869,999,976,862,706,684,,,,,,618,13081,406,450,463,525,427,515,691,749,758,820,838,1024,1155,1071,1009,860,,,,,,1320
2010,2010-03-31,01220,012203,北海道,士別市,city,01220,22367,752,872,987,931,707,843,1119,1296,1271,1302,1427,1812,1877,1754,1697,1551,,,,,,2169,10534,405,409,512,479,362,457,557,637,611,638,701,878,855,781,731,754,,,,,,767,11833,347,463,475,452,345,386,562,659,660,664,726,934,1022,973,966,797,,,,,,1402
2010,2010-03-31,01221,012211,北海道,名寄市,city,01221,30608,1301,1305,1226,1328,1644,1732,1935,1979,1753,1763,1778,2215,2427,2062,1947,1796,,,,,,2417,14834,648,660,607,652,906,946,1030,1007,905,909,888,1078,1148,933,853,799,,,,,,865,15774,653,645,619,676,738,786,905,972,848,854,890,1137,1279,1129,1094,997,,,,,,1552
2010,2010-03-31,01222,012220,北海道,三笠市,city,01222,10673,234,248,295,393,317,315,421,499,469,524,557,871,1015,1021,1028,1036,,,,,,1430,4839,113,127,147,211,153,165,244,261,236,243,280,411,447,469,443,433,,,,,,456,5834,121,121,148,182,164,150,177,238,233,281,277,460,568,552,585,603,,,,,,974
2010,2010-03-31,01223,012238,北海道,根室市,city,01223,29868,1109,1267,1335,1484,1176,1423,1671,1918,1895,1952,1988,2524,2365,2183,2063,1550,,,,,,1965,14339,607,650,668,752,614,759,908,983,958,951,999,1210,1098,938,898,703,,,,,,643,15529,502,617,667,732,562,664,763,935,937,1001,989,1314,1267,1245,1165,847,,,,,,1322
2010,2010-03-31,01224,012246,北海道,千歳市,city,01224,93117,4641,4650,4712,5014,6225,6841,7170,7737,6662,5839,5371,6189,6179,4850,4098,3332,,,,,,3607,47451,2402,2430,2418,2706,3521,3785,3717,4070,3531,3018,2713,3077,3016,2255,1957,1566,,,,,,1269,45666,2239,2220,2294,2308,2704,3056,3453,3667,3131,2821,2658,3112,3163,2595,2141,1766,,,,,,2338
2010,2010-03-31,01225,012254,北海道,滝川市,city,01225,43594,1609,1734,1882,2063,1879,1957,2546,2894,2623,2720,2674,3509,3730,3196,2997,2465,,,,,,3116,20598,865,921,975,1023,937,957,1253,1421,1317,1310,1310,1576,1774,1428,1321,1131,,,,,,1079,22996,744,813,907,1040,942,1000,1293,1473,1306,1410,1364,1933,1956,1768,1676,1334,,,,,,2037
2010,2010-03-31,01226,012262,北海道,砂川市,city,01226,19150,616,773,793,834,823,848,967,1123,1000,1102,1169,1499,1673,1503,1407,1308,,,,,,1712,8939,318,378,413,417,408,436,489,544,467,546,565,710,776,666,611,593,,,,,,602,10211,298,395,380,417,415,412,478,579,533,556,604,789,897,837,796,715,,,,,,1110
2010,2010-03-31,01227,012271,北海道,歌志内市,city,01227,4589,86,125,128,163,113,182,188,204,201,241,277,404,410,437,398,413,,,,,,619,2080,47,64,63,83,52,96,100,109,100,120,143,198,204,184,182,152,,,,,,183,2509,39,61,65,80,61,86,88,95,101,121,134,206,206,253,216,261,,,,,,436
2010,2010-03-31,01228,012289,北海道,深川市,city,01228,23858,641,815,916,1082,815,918,1151,1292,1359,1348,1507,1888,2080,2035,1885,1752,,,,,,2374,11093,340,389,465,553,399,454,579,652,629,676,746,876,951,884,867,757,,,,,,876,12765,301,426,451,529,416,464,572,640,730,672,761,1012,1129,1151,1018,995,,,,,,1498
2010,2010-03-31,01229,012297,北海道,富良野市,city,01229,24270,917,1083,1207,1194,1006,1100,1420,1670,1558,1532,1569,1796,1844,1576,1551,1376,,,,,,1871,11444,455,518,599,589,468,540,711,832,751,749,766,899,859,704,706,623,,,,,,675,12826,462,565,608,605,538,560,709,838,807,783,803,897,985,872,845,753,,,,,,1196
2010,2010-03-31,01230,012301,北海道,登別市,city,01230,52199,1850,2098,2239,2506,2208,2311,2930,3597,3005,2858,3001,4278,4786,4213,3542,2953,,,,,,3824,24893,977,1088,1099,1321,1115,1165,1503,1803,1485,1337,1492,2045,2200,1981,1623,1334,,,,,,1325,27306,873,1010,1140,1185,1093,1146,1427,1794,1520,1521,1509,2233,2586,2232,1919,1619,,,,,,2499
2010,2010-03-31,01231,012319,北海道,恵庭市,city,01231,68571,2989,3328,3513,3834,3760,3905,4678,5160,4653,4379,4175,5134,5094,4113,3600,2910,,,,,,3346,33772,1481,1698,1800,1999,1977,2001,2409,2578,2351,2165,2096,2519,2456,1900,1645,1385,,,,,,1312,34799,1508,1630,1713,1835,1783,1904,2269,2582,2302,2214,2079,2615,2638,2213,1955,1525,,,,,,2034
2010,2010-03-31,01233,012335,北海道,伊達市,city,01233,36927,1319,1482,1586,1729,1345,1518,2044,2493,2186,2103,2174,2982,3147,2833,2635,2237,,,,,,3114,17351,674,776,796,898,703,752,1029,1234,1003,1008,1009,1435,1477,1263,1163,1050,,,,,,1081,19576,645,706,790,831,642,766,1015,1259,1183,1095,1165,1547,1670,1570,1472,1187,,,,,,2033
2010,2010-03-31,01234,012343,北海道,北広島市,city,01234,60729,2201,2924,3057,3246,2955,2795,3557,4510,4086,3874,4031,5049,5420,4308,3184,2385,,,,,,3147,29363,1113,1485,1579,1691,1505,1367,1751,2196,2031,1838,1954,2425,2562,2096,1539,1071,,,,,,1160,31366,1088,1439,1478,1555,1450,1428,1806,2314,2055,2036,2077,2624,2858,2212,1645,1314,,,,,,1987
2010,2010-03-31,01235,012351,北海道,石狩市,city,01235,61109,2493,2909,2828,2939,2824,2980,4013,4383,3661,3482,3657,5420,5907,4248,3114,2529,,,,,,3722,29658,1288,1481,1427,1558,1371,1478,2012,2213,1876,1754,1775,2600,2874,2110,1449,1098,,,,,,1294,31451,1205,1428,1401,1381,1453,1502,2001,2170,1785,1728,1882,2820,3033,2138,1665,1431,,,,,,2428
2010,2010-03-31,01236,012360,北海道,北斗市,city,01236,49295,2185,2501,2659,2505,1990,2366,3254,3848,3489,3200,3109,3758,3605,2969,2612,2273,,,,,,2972,23379,1107,1246,1372,1280,976,1191,1572,1896,1672,1572,1505,1855,1691,1349,1167,941,,,,,,987,25916,1078,1255,1287,1225,1014,1175,1682,1952,1817,1628,1604,1903,1914,1620,1445,1332,,,,,,1985
2010,2010-03-31,01303,013030,北海道,石狩郡当別町,town,01303,18774,517,729,1032,1232,1017,785,790,1095,1239,1512,1359,1464,1489,1253,1064,892,,,,,,1305,9150,262,378,495,610,548,444,418,546,575,760,717,750,699,582,505,412,,,,,,449,9624,255,351,537,622,469,341,372,549,664,752,642,714,790,671,559,480,,,,,,856
2010,2010-03-31,01304,013048,北海道,石狩郡新篠津村,village,01304,3630,121,140,169,223,173,151,206,211,191,221,207,256,283,232,248,238,,,,,,360,1765,69,70,91,132,83,71,96,110,111,113,103,132,137,96,115,115,,,,,,121,1865,52,70,78,91,90,80,110,101,80,108,104,124,146,136,133,123,,,,,,239
2010,2010-03-31,01331,013315,北海道,松前郡松前町,town,01331,9377,192,266,367,377,210,246,402,520,496,494,628,865,914,862,840,702,,,,,,996,4505,104,129,186,193,110,141,211,284,272,285,328,452,423,378,377,306,,,,,,326,4872,88,137,181,184,100,105,191,236,224,209,300,413,491,484,463,396,,,,,,670
2010,2010-03-31,01332,013323,北海道,松前郡福島町,town,01332,5303,100,160,187,197,159,160,197,264,255,272,399,514,517,461,463,419,,,,,,579,2491,44,80,98,85,87,90,116,139,133,126,201,263,243,214,206,182,,,,,,184,2812,56,80,89,112,72,70,81,125,122,146,198,251,274,247,257,237,,,,,,395
2010,2010-03-31,01333,013331,北海道,上磯郡知内町,town,01333,5218,195,212,231,217,185,227,267,272,288,300,362,476,450,372,357,342,,,,,,465,2530,101,114,117,113,108,132,132,132,140,158,187,244,234,158,158,159,,,,,,143,2688,94,98,114,104,77,95,135,140,148,142,175,232,216,214,199,183,,,,,,322
2010,2010-03-31,01334,013340,北海道,上磯郡木古内町,town,01334,5349,93,146,204,234,138,158,189,253,264,310,342,471,469,484,493,445,,,,,,656,2534,52,75,107,127,86,98,96,123,136,160,166,245,215,211,217,205,,,,,,215,2815,41,71,97,107,52,60,93,130,128,150,176,226,254,273,276,240,,,,,,441
2010,2010-03-31,01337,013374,北海道,亀田郡七飯町,town,01337,28815,979,1220,1418,1416,1097,1214,1467,1996,1736,1856,1931,2402,2497,2009,1730,1654,,,,,,2193,13304,482,621,728,694,502,600,710,931,814,853,906,1143,1206,934,759,718,,,,,,703,15511,497,599,690,722,595,614,757,1065,922,1003,1025,1259,1291,1075,971,936,,,,,,1490
2010,2010-03-31,01343,013439,北海道,茅部郡鹿部町,town,01343,4596,162,170,218,237,220,203,214,267,272,260,306,355,451,430,326,231,,,,,,274,2241,93,71,111,126,101,118,111,133,135,136,147,167,216,205,167,106,,,,,,98,2355,69,99,107,111,119,85,103,134,137,124,159,188,235,225,159,125,,,,,,176
2010,2010-03-31,01345,013455,北海道,茅部郡森町,town,01345,18181,636,787,823,749,658,798,951,1137,1046,1021,1101,1607,1623,1354,1178,1070,,,,,,1642,8658,339,413,427,410,355,407,481,602,511,504,551,789,749,618,532,464,,,,,,506,9523,297,374,396,339,303,391,470,535,535,517,550,818,874,736,646,606,,,,,,1136
2010,2010-03-31,01346,013463,北海道,二海郡八雲町,town,01346,19106,758,792,825,879,747,956,1193,1239,1107,1182,1287,1608,1510,1217,1094,1068,,,,,,1644,9298,403,406,417,475,386,520,645,659,543,597,662,783,753,560,488,459,,,,,,542,9808,355,386,408,404,361,436,548,580,564,585,625,825,757,657,606,609,,,,,,1102
2010,2010-03-31,01347,013471,北海道,山越郡長万部町,town,01347,6235,187,188,209,229,213,231,289,292,269,380,408,513,493,444,555,574,,,,,,761,2890,89,89,112,110,100,127,148,156,139,173,209,252,249,183,226,229,,,,,,299,3345,98,99,97,119,113,104,141,136,130,207,199,261,244,261,329,345,,,,,,462
2010,2010-03-31,01361,013617,北海道,檜山郡江差町,town,01361,9209,316,387,376,359,289,390,532,641,553,556,626,770,713,648,657,575,,,,,,821,4383,164,198,196,177,154,204,294,317,279,283,338,381,334,285,285,243,,,,,,251,4826,152,189,180,182,135,186,238,324,274,273,288,389,379,363,372,332,,,,,,570
2010,2010-03-31,01362,013625,北海道,檜山郡上ノ国町,town,01362,6020,151,237,265,286,172,204,289,316,314,364,391,526,558,460,476,440,,,,,,571,2852,68,122,137,136,105,108,151,169,147,182,189,276,268,193,219,194,,,,,,188,3168,83,115,128,150,67,96,138,147,167,182,202,250,290,267,257,246,,,,,,383
2010,2010-03-31,01363,013633,北海道,檜山郡厚沢部町,town,01363,4614,146,170,165,184,155,168,216,247,212,277,305,413,383,331,366,360,,,,,,516,2242,82,92,79,97,92,91,125,121,117,144,157,200,193,147,170,146,,,,,,189,2372,64,78,86,87,63,77,91,126,95,133,148,213,190,184,196,214,,,,,,327
2010,2010-03-31,01364,013641,北海道,爾志郡乙部町,town,01364,4502,130,178,200,180,135,171,195,242,235,242,285,382,400,385,373,323,,,,,,446,2086,57,85,94,95,60,94,97,125,119,125,133,193,185,160,180,143,,,,,,141,2416,73,93,106,85,75,77,98,117,116,117,152,189,215,225,193,180,,,,,,305
2010,2010-03-31,01367,013676,北海道,奥尻郡奥尻町,town,01367,3229,92,120,116,132,123,149,186,154,165,195,235,279,255,234,245,217,,,,,,332,1641,43,65,55,72,85,100,106,92,106,110,119,140,129,100,114,101,,,,,,104,1588,49,55,61,60,38,49,80,62,59,85,116,139,126,134,131,116,,,,,,228
2010,2010-03-31,01370,013706,北海道,瀬棚郡今金町,town,01370,6105,190,236,229,280,195,233,306,348,284,379,372,520,506,459,434,445,,,,,,689,2918,97,109,119,147,102,126,164,188,129,187,196,258,241,198,198,215,,,,,,244,3187,93,127,110,133,93,107,142,160,155,192,176,262,265,261,236,230,,,,,,445
2010,2010-03-31,01371,013714,北海道,久遠郡せたな町,town,01371,9903,287,344,412,364,257,358,439,529,451,523,628,857,824,805,811,783,,,,,,1231,4677,150,186,211,192,140,176,229,273,221,250,320,447,370,346,382,355,,,,,,429,5226,137,158,201,172,117,182,210,256,230,273,308,410,454,459,429,428,,,,,,802
2010,2010-03-31,01391,013919,北海道,島牧郡島牧村,village,01391,1908,50,69,60,80,52,63,94,99,99,106,122,126,157,152,179,144,,,,,,256,902,27,38,36,40,25,41,49,49,56,57,66,62,79,60,64,58,,,,,,95,1006,23,31,24,40,27,22,45,50,43,49,56,64,78,92,115,86,,,,,,161
2010,2010-03-31,01392,013927,北海道,寿都郡寿都町,town,01392,3495,97,102,144,136,87,137,194,199,150,160,232,302,296,293,270,265,,,,,,431,1694,55,55,81,66,38,82,108,119,74,79,117,159,146,124,129,121,,,,,,141,1801,42,47,63,70,49,55,86,80,76,81,115,143,150,169,141,144,,,,,,290
2010,2010-03-31,01393,013935,北海道,寿都郡黒松内町,town,01393,3198,113,107,159,149,125,129,168,181,158,196,202,227,213,223,209,243,,,,,,396,1508,56,53,73,90,55,66,85,92,80,105,109,106,98,86,108,91,,,,,,155,1690,57,54,86,59,70,63,83,89,78,91,93,121,115,137,101,152,,,,,,241
2010,2010-03-31,01394,013943,北海道,磯谷郡蘭越町,town,01394,5455,153,219,274,263,170,194,221,289,302,345,368,446,452,382,389,370,,,,,,618,2624,86,105,146,144,87,94,117,137,155,170,184,237,209,171,188,168,,,,,,226,2831,67,114,128,119,83,100,104,152,147,175,184,209,243,211,201,202,,,,,,392
2010,2010-03-31,01395,013951,北海道,虻田郡ニセコ町,town,01395,4662,192,187,209,215,148,194,305,374,305,310,297,365,361,268,281,263,,,,,,388,2273,110,90,105,112,79,114,134,187,157,162,151,189,177,123,128,127,,,,,,128,2389,82,97,104,103,69,80,171,187,148,148,146,176,184,145,153,136,,,,,,260
2010,2010-03-31,01396,013960,北海道,虻田郡真狩村,village,01396,2237,86,86,80,106,71,94,156,131,106,142,154,176,174,151,129,135,,,,,,260,1097,45,40,40,47,37,60,82,71,60,77,80,93,83,72,63,59,,,,,,88,1140,41,46,40,59,34,34,74,60,46,65,74,83,91,79,66,76,,,,,,172
2010,2010-03-31,01397,013978,北海道,虻田郡留寿都村,village,01397,1990,94,90,78,97,90,149,134,106,105,129,143,146,111,114,102,115,,,,,,187,965,43,43,41,47,47,70,69,60,53,73,75,79,50,51,51,52,,,,,,61,1025,51,47,37,50,43,79,65,46,52,56,68,67,61,63,51,63,,,,,,126
2010,2010-03-31,01398,013986,北海道,虻田郡喜茂別町,town,01398,2504,84,91,65,81,82,113,133,156,143,144,149,180,222,220,181,188,,,,,,272,1256,44,49,33,37,40,68,67,87,81,74,74,89,116,98,89,101,,,,,,109,1248,40,42,32,44,42,45,66,69,62,70,75,91,106,122,92,87,,,,,,163
2010,2010-03-31,01399,013994,北海道,虻田郡京極町,town,01399,3439,152,158,133,127,125,141,208,243,203,171,208,282,271,224,213,237,,,,,,343,1665,78,90,63,66,63,74,101,120,103,86,109,142,132,102,95,107,,,,,,134,1774,74,68,70,61,62,67,107,123,100,85,99,140,139,122,118,130,,,,,,209
2010,2010-03-31,01400,014001,北海道,虻田郡倶知安町,town,01400,15345,766,728,659,605,634,863,1201,1311,1067,959,1007,1112,1137,881,786,668,,,,,,961,7606,378,374,326,323,318,449,614,690,581,513,538,542,571,399,354,301,,,,,,335,7739,388,354,333,282,316,414,587,621,486,446,469,570,566,482,432,367,,,,,,626
2010,2010-03-31,01401,014010,北海道,岩内郡共和町,town,01401,6643,266,260,320,284,281,299,391,461,395,399,412,490,478,456,424,391,,,,,,636,3270,147,122,153,144,188,170,208,248,199,207,211,251,240,202,193,171,,,,,,216,3373,119,138,167,140,93,129,183,213,196,192,201,239,238,254,231,220,,,,,,420
2010,2010-03-31,01402,014028,北海道,岩内郡岩内町,town,01402,15086,473,595,657,716,578,617,746,984,920,956,901,1217,1222,1175,1177,958,,,,,,1194,7033,233,299,353,354,310,300,374,509,439,491,437,600,541,496,509,415,,,,,,373,8053,240,296,304,362,268,317,372,475,481,465,464,617,681,679,668,543,,,,,,821
2010,2010-03-31,01403,014036,北海道,古宇郡泊村,village,01403,1960,78,91,86,92,54,73,101,111,85,122,123,145,125,141,138,133,,,,,,262,907,43,49,44,46,23,37,53,59,43,63,76,77,52,67,56,51,,,,,,68,1053,35,42,42,46,31,36,48,52,42,59,47,68,73,74,82,82,,,,,,194
2010,2010-03-31,01404,014044,北海道,古宇郡神恵内村,village,01404,1077,41,34,27,32,27,43,52,54,61,59,66,98,85,73,71,103,,,,,,151,508,22,19,17,17,14,25,23,26,38,29,35,50,45,35,26,42,,,,,,45,569,19,15,10,15,13,18,29,28,23,30,31,48,40,38,45,61,,,,,,106
2010,2010-03-31,01405,014052,北海道,積丹郡積丹町,town,01405,2656,60,77,97,86,57,75,92,127,147,140,150,220,243,216,242,232,,,,,,395,1225,30,40,56,42,29,42,48,63,75,76,70,98,121,87,97,101,,,,,,150,1431,30,37,41,44,28,33,44,64,72,64,80,122,122,129,145,131,,,,,,245
2010,2010-03-31,01406,014061,北海道,古平郡古平町,town,01406,3815,98,81,109,139,120,163,159,207,233,224,239,294,312,331,346,323,,,,,,437,1790,52,35,61,74,59,92,91,95,126,114,129,159,125,146,150,133,,,,,,149,2025,46,46,48,65,61,71,68,112,107,110,110,135,187,185,196,190,,,,,,288
2010,2010-03-31,01407,014079,北海道,余市郡仁木町,town,01407,3829,103,123,174,173,141,121,173,175,203,211,231,351,342,300,293,285,,,,,,430,1850,51,62,106,89,72,66,92,81,104,116,116,180,168,138,125,132,,,,,,152,1979,52,61,68,84,69,55,81,94,99,95,115,171,174,162,168,153,,,,,,278
2010,2010-03-31,01408,014087,北海道,余市郡余市町,town,01408,21524,700,808,917,941,800,891,1057,1274,1187,1194,1349,1795,1944,1573,1632,1425,,,,,,2037,10032,362,447,469,471,422,464,546,617,567,576,663,877,891,698,681,619,,,,,,662,11492,338,361,448,470,378,427,511,657,620,618,686,918,1053,875,951,806,,,,,,1375
2010,2010-03-31,01409,014095,北海道,余市郡赤井川村,village,01409,1220,66,51,50,34,42,45,75,99,83,58,64,106,101,83,77,79,,,,,,107,611,30,25,24,16,20,27,40,57,48,33,32,51,51,38,39,39,,,,,,41,609,36,26,26,18,22,18,35,42,35,25,32,55,50,45,38,40,,,,,,66
2010,2010-03-31,01423,014231,北海道,空知郡南幌町,town,01423,8895,242,319,491,668,512,340,335,484,627,831,730,685,636,502,508,446,,,,,,539,4294,129,165,253,334,247,185,171,229,284,398,372,343,310,244,220,212,,,,,,198,4601,113,154,238,334,265,155,164,255,343,433,358,342,326,258,288,234,,,,,,341
2010,2010-03-31,01424,014249,北海道,空知郡奈井江町,town,01424,6411,158,237,290,258,227,193,308,384,328,395,401,511,534,525,490,439,,,,,,733,3040,87,125,159,129,123,102,161,209,151,202,213,236,255,238,208,185,,,,,,257,3371,71,112,131,129,104,91,147,175,177,193,188,275,279,287,282,254,,,,,,476
2010,2010-03-31,01425,014257,北海道,空知郡上砂川町,town,01425,4023,90,121,149,150,98,113,154,190,165,168,221,331,372,409,417,351,,,,,,524,1826,45,59,71,68,53,56,82,98,89,77,115,170,172,169,183,150,,,,,,169,2197,45,62,78,82,45,57,72,92,76,91,106,161,200,240,234,201,,,,,,355
2010,2010-03-31,01427,014273,北海道,夕張郡由仁町,town,01427,6123,162,226,244,280,250,217,305,308,316,377,382,523,470,469,510,425,,,,,,659,2918,87,118,122,133,143,110,155,161,148,190,193,277,227,194,228,184,,,,,,248,3205,75,108,122,147,107,107,150,147,168,187,189,246,243,275,282,241,,,,,,411
2010,2010-03-31,01428,014281,北海道,夕張郡長沼町,town,01428,12056,412,400,540,597,596,569,551,740,673,799,810,916,981,848,817,744,,,,,,1063,5827,215,195,274,303,314,299,300,361,356,403,416,440,467,403,356,338,,,,,,387,6229,197,205,266,294,282,270,251,379,317,396,394,476,514,445,461,406,,,,,,676
2010,2010-03-31,01429,014290,北海道,夕張郡栗山町,town,01429,13580,396,531,574,613,484,554,703,839,731,753,779,1096,1148,1098,1001,919,,,,,,1361,6361,189,279,278,300,222,291,360,425,364,373,391,516,547,472,469,406,,,,,,479,7219,207,252,296,313,262,263,343,414,367,380,388,580,601,626,532,513,,,,,,882
2010,2010-03-31,01430,014303,北海道,樺戸郡月形町,town,01430,3888,99,100,133,187,171,170,200,215,186,229,263,325,306,269,270,285,,,,,,480,1916,45,54,68,93,100,102,116,124,91,119,147,171,148,120,115,133,,,,,,170,1972,54,46,65,94,71,68,84,91,95,110,116,154,158,149,155,152,,,,,,310
2010,2010-03-31,01431,014311,北海道,樺戸郡浦臼町,town,01431,2292,57,83,94,79,79,85,113,122,103,109,132,219,183,172,179,185,,,,,,298,1104,34,47,51,37,44,54,57,70,45,48,70,111,90,87,75,76,,,,,,108,1188,23,36,43,42,35,31,56,52,58,61,62,108,93,85,104,109,,,,,,190
2010,2010-03-31,01432,014320,北海道,樺戸郡新十津川町,town,01432,7297,238,309,329,326,249,250,325,412,445,457,467,552,623,562,584,496,,,,,,673,3377,118,144,166,162,112,123,153,193,212,242,225,269,277,244,265,214,,,,,,258,3920,120,165,163,164,137,127,172,219,233,215,242,283,346,318,319,282,,,,,,415
2010,2010-03-31,01433,014338,北海道,雨竜郡妹背牛町,town,01433,3635,103,101,151,151,117,131,157,150,187,187,221,313,334,326,311,299,,,,,,396,1730,53,56,80,83,57,78,87,72,79,108,110,146,159,141,146,148,,,,,,127,1905,50,45,71,68,60,53,70,78,108,79,111,167,175,185,165,151,,,,,,269
2010,2010-03-31,01434,014346,北海道,雨竜郡秩父別町,town,01434,2763,60,85,110,131,104,91,112,146,138,154,177,200,231,213,230,261,,,,,,320,1331,23,49,63,64,66,58,57,76,65,69,99,104,105,97,99,131,,,,,,106,1432,37,36,47,67,38,33,55,70,73,85,78,96,126,116,131,130,,,,,,214
2010,2010-03-31,01436,014362,北海道,雨竜郡雨竜町,town,01436,2970,79,117,136,187,78,120,149,176,147,177,158,230,237,201,245,206,,,,,,327,1423,51,63,69,99,44,63,79,94,78,83,67,127,111,83,111,91,,,,,,110,1547,28,54,67,88,34,57,70,82,69,94,91,103,126,118,134,115,,,,,,217
2010,2010-03-31,01437,014371,北海道,雨竜郡北竜町,town,01437,2238,61,64,102,104,76,82,101,95,123,101,157,151,181,217,166,169,,,,,,288,1056,22,30,55,52,41,43,53,46,61,52,81,77,79,106,82,68,,,,,,108,1182,39,34,47,52,35,39,48,49,62,49,76,74,102,111,84,101,,,,,,180
2010,2010-03-31,01438,014389,北海道,雨竜郡沼田町,town,01438,3724,110,135,127,173,154,126,184,189,178,230,230,271,318,277,289,282,,,,,,451,1759,57,60,70,87,79,63,95,98,88,116,118,127,160,116,135,124,,,,,,166,1965,53,75,57,86,75,63,89,91,90,114,112,144,158,161,154,158,,,,,,285
2010,2010-03-31,01439,014397,北海道,雨竜郡幌加内町,town,01439,1721,61,79,52,58,45,67,83,97,81,92,92,122,154,146,151,147,,,,,,194,831,32,35,21,32,20,39,45,49,41,47,46,56,78,66,77,68,,,,,,79,890,29,44,31,26,25,28,38,48,40,45,46,66,76,80,74,79,,,,,,115
2010,2010-03-31,01452,014524,北海道,上川郡鷹栖町,town,01452,7553,327,412,403,288,240,268,498,530,479,450,490,563,586,518,452,448,,,,,,601,3586,173,204,204,123,106,132,238,269,233,224,241,281,274,244,205,215,,,,,,220,3967,154,208,199,165,134,136,260,261,246,226,249,282,312,274,247,233,,,,,,381
2010,2010-03-31,01453,014532,北海道,上川郡東神楽町,town,01453,9486,406,578,602,577,392,344,472,722,734,706,626,664,646,552,492,426,,,,,,547,4495,215,266,305,299,191,173,227,324,349,325,318,320,299,260,203,213,,,,,,208,4991,191,312,297,278,201,171,245,398,385,381,308,344,347,292,289,213,,,,,,339
2010,2010-03-31,01454,014541,北海道,上川郡当麻町,town,01454,7277,209,290,323,315,234,239,323,408,389,425,449,541,638,530,593,522,,,,,,849,3390,107,144,172,147,122,116,169,204,173,210,218,253,327,220,264,233,,,,,,311,3887,102,146,151,168,112,123,154,204,216,215,231,288,311,310,329,289,,,,,,538
2010,2010-03-31,01455,014559,北海道,上川郡比布町,town,01455,4214,104,132,160,158,168,149,173,230,218,231,270,324,366,348,369,332,,,,,,482,1992,51,63,76,82,84,73,87,118,98,108,143,159,180,161,166,155,,,,,,188,2222,53,69,84,76,84,76,86,112,120,123,127,165,186,187,203,177,,,,,,294
2010,2010-03-31,01456,014567,北海道,上川郡愛別町,town,01456,3446,100,108,144,136,109,107,154,198,169,170,201,283,302,304,279,286,,,,,,396,1648,51,55,78,73,55,50,78,108,84,101,100,141,141,132,128,131,,,,,,142,1798,49,53,66,63,54,57,76,90,85,69,101,142,161,172,151,155,,,,,,254
2010,2010-03-31,01457,014575,北海道,上川郡上川町,town,01457,4329,125,158,156,158,142,175,168,191,217,212,264,358,391,343,443,395,,,,,,433,2038,62,75,70,91,80,91,86,97,111,115,143,167,171,145,202,176,,,,,,156,2291,63,83,86,67,62,84,82,94,106,97,121,191,220,198,241,219,,,,,,277
2010,2010-03-31,01458,014583,北海道,上川郡東川町,town,01458,7773,292,375,389,396,254,259,429,550,508,434,440,602,696,567,475,421,,,,,,686,3700,144,173,197,200,123,125,229,270,253,210,231,286,326,257,237,183,,,,,,256,4073,148,202,192,196,131,134,200,280,255,224,209,316,370,310,238,238,,,,,,430
2010,2010-03-31,01459,014591,北海道,上川郡美瑛町,town,01459,11048,328,451,481,424,338,430,534,678,667,658,657,852,888,852,845,826,,,,,,1139,5240,164,225,276,208,167,208,265,332,326,325,321,423,418,387,384,375,,,,,,436,5808,164,226,205,216,171,222,269,346,341,333,336,429,470,465,461,451,,,,,,703
2010,2010-03-31,01460,014605,北海道,空知郡上富良野町,town,01460,11887,560,557,538,559,664,720,750,741,724,686,684,826,891,749,767,643,,,,,,828,5966,287,275,263,275,424,428,418,373,381,366,342,402,431,332,344,322,,,,,,303,5921,273,282,275,284,240,292,332,368,343,320,342,424,460,417,423,321,,,,,,525
2010,2010-03-31,01461,014613,北海道,空知郡中富良野町,town,01461,5615,248,262,287,256,185,223,328,308,325,363,352,426,415,339,418,373,,,,,,507,2659,116,146,162,120,81,105,170,140,162,175,177,218,203,155,191,166,,,,,,172,2956,132,116,125,136,104,118,158,168,163,188,175,208,212,184,227,207,,,,,,335
2010,2010-03-31,01462,014621,北海道,空知郡南富良野町,town,01462,2879,89,116,115,138,161,129,158,178,179,166,179,203,191,177,187,189,,,,,,324,1443,45,66,67,73,75,74,92,103,85,88,99,108,92,84,80,87,,,,,,125,1436,44,50,48,65,86,55,66,75,94,78,80,95,99,93,107,102,,,,,,199
2010,2010-03-31,01463,014630,北海道,勇払郡占冠村,village,01463,1211,43,51,39,58,36,62,74,111,82,90,83,97,92,58,72,70,,,,,,93,595,17,22,20,28,18,30,38,59,40,54,41,51,49,26,35,30,,,,,,37,616,26,29,19,30,18,32,36,52,42,36,42,46,43,32,37,40,,,,,,56
2010,2010-03-31,01464,014648,北海道,上川郡和寒町,town,01464,3983,129,135,148,136,130,141,188,198,199,181,236,282,340,354,340,290,,,,,,556,1850,66,65,82,71,67,69,110,100,106,85,109,133,154,160,165,111,,,,,,197,2133,63,70,66,65,63,72,78,98,93,96,127,149,186,194,175,179,,,,,,359
2010,2010-03-31,01465,014656,北海道,上川郡剣淵町,town,01465,3676,109,125,147,169,133,162,170,195,154,209,253,326,296,253,255,267,,,,,,453,1760,63,66,84,85,60,88,98,90,74,102,121,165,140,118,105,125,,,,,,176,1916,46,59,63,84,73,74,72,105,80,107,132,161,156,135,150,142,,,,,,277
2010,2010-03-31,01468,014681,北海道,上川郡下川町,town,01468,3717,112,129,123,132,95,115,189,214,170,199,227,314,309,305,313,304,,,,,,467,1754,59,69,63,72,51,63,98,109,83,106,117,141,143,136,140,137,,,,,,167,1963,53,60,60,60,44,52,91,105,87,93,110,173,166,169,173,167,,,,,,300
2010,2010-03-31,01469,014699,北海道,中川郡美深町,town,01469,5101,153,168,227,200,143,181,283,318,234,271,313,417,421,376,432,387,,,,,,577,2427,80,87,113,97,67,89,156,155,112,139,149,203,209,173,191,188,,,,,,219,2674,73,81,114,103,76,92,127,163,122,132,164,214,212,203,241,199,,,,,,358
2010,2010-03-31,01470,014702,北海道,中川郡音威子府村,village,01470,847,15,15,22,108,29,28,32,36,23,49,104,83,62,47,61,62,,,,,,71,432,6,2,8,64,19,17,16,24,9,32,55,42,33,21,25,32,,,,,,27,415,9,13,14,44,10,11,16,12,14,17,49,41,29,26,36,30,,,,,,44
2010,2010-03-31,01471,014711,北海道,中川郡中川町,town,01471,1870,57,63,58,85,51,54,83,93,107,128,130,134,155,152,163,146,,,,,,211,925,34,32,26,42,35,28,52,47,56,68,67,61,82,74,69,70,,,,,,82,945,23,31,32,43,16,26,31,46,51,60,63,73,73,78,94,76,,,,,,129
2010,2010-03-31,01481,014818,北海道,増毛郡増毛町,town,01481,5332,130,192,169,201,168,182,211,302,254,302,280,437,472,414,404,456,,,,,,758,2457,71,109,94,90,91,94,105,160,137,153,137,185,227,184,176,187,,,,,,257,2875,59,83,75,111,77,88,106,142,117,149,143,252,245,230,228,269,,,,,,501
2010,2010-03-31,01482,014826,北海道,留萌郡小平町,town,01482,3754,109,122,133,172,100,153,174,233,197,221,237,294,292,304,303,279,,,,,,431,1804,65,64,72,92,46,72,90,119,104,111,129,144,137,134,127,131,,,,,,167,1950,44,58,61,80,54,81,84,114,93,110,108,150,155,170,176,148,,,,,,264
2010,2010-03-31,01483,014834,北海道,苫前郡苫前町,town,01483,3679,105,136,163,148,99,116,153,192,204,205,236,286,258,303,319,314,,,,,,442,1723,54,75,87,69,41,53,82,97,94,115,107,152,110,128,153,147,,,,,,159,1956,51,61,76,79,58,63,71,95,110,90,129,134,148,175,166,167,,,,,,283
2010,2010-03-31,01484,014842,北海道,苫前郡羽幌町,town,01484,8203,256,289,294,306,219,307,403,446,429,428,518,691,732,689,659,615,,,,,,922,3909,129,155,155,157,121,166,223,224,224,221,253,340,331,302,286,281,,,,,,341,4294,127,134,139,149,98,141,180,222,205,207,265,351,401,387,373,334,,,,,,581
2010,2010-03-31,01485,014851,北海道,苫前郡初山別村,village,01485,1445,42,50,68,54,57,34,61,88,80,98,100,120,94,98,125,112,,,,,,164,697,27,21,40,31,29,17,31,43,39,55,51,62,44,41,59,47,,,,,,60,748,15,29,28,23,28,17,30,45,41,43,49,58,50,57,66,65,,,,,,104
2010,2010-03-31,01486,014869,北海道,天塩郡遠別町,town,01486,3121,98,123,136,136,81,103,131,179,147,194,213,273,237,227,255,241,,,,,,347,1522,56,62,79,66,45,58,74,92,69,97,116,138,113,87,120,110,,,,,,140,1599,42,61,57,70,36,45,57,87,78,97,97,135,124,140,135,131,,,,,,207
2010,2010-03-31,01487,014877,北海道,天塩郡天塩町,town,01487,3650,148,132,157,156,130,170,199,182,195,238,241,357,308,225,227,227,,,,,,358,1810,67,75,88,79,77,93,108,91,106,127,140,183,157,107,95,108,,,,,,109,1840,81,57,69,77,53,77,91,91,89,111,101,174,151,118,132,119,,,,,,249
2010,2010-03-31,01488,014885,北海道,天塩郡幌延町,town,01488,2592,119,102,92,112,87,162,165,153,144,165,198,258,197,153,147,145,,,,,,193,1302,70,48,59,49,42,92,91,84,76,84,104,143,104,63,70,60,,,,,,63,1290,49,54,33,63,45,70,74,69,68,81,94,115,93,90,77,85,,,,,,130
2010,2010-03-31,01511,015113,北海道,宗谷郡猿払村,village,01511,2815,159,145,130,136,140,144,160,187,165,202,225,204,186,142,127,142,,,,,,221,1373,69,61,73,75,80,80,90,103,86,102,117,98,85,64,54,64,,,,,,72,1442,90,84,57,61,60,64,70,84,79,100,108,106,101,78,73,78,,,,,,149
2010,2010-03-31,01512,015121,北海道,枝幸郡浜頓別町,town,01512,4159,157,175,185,167,139,162,242,270,234,237,320,387,370,280,283,222,,,,,,329,2027,73,94,94,76,82,86,130,148,117,134,166,189,172,136,125,102,,,,,,103,2132,84,81,91,91,57,76,112,122,117,103,154,198,198,144,158,120,,,,,,226
2010,2010-03-31,01513,015130,北海道,枝幸郡中頓別町,town,01513,2013,51,78,75,65,48,63,121,111,101,94,146,177,176,175,148,123,,,,,,261,975,29,40,36,28,28,36,65,62,48,49,73,81,83,81,81,66,,,,,,89,1038,22,38,39,37,20,27,56,49,53,45,73,96,93,94,67,57,,,,,,172
2010,2010-03-31,01514,015148,北海道,枝幸郡枝幸町,town,01514,9260,350,425,422,420,310,355,500,596,502,586,639,781,743,662,601,597,,,,,,771,4428,167,213,221,197,166,197,252,321,236,294,315,373,357,303,286,266,,,,,,264,4832,183,212,201,223,144,158,248,275,266,292,324,408,386,359,315,331,,,,,,507
2010,2010-03-31,01516,015164,北海道,天塩郡豊富町,town,01516,4511,168,186,184,231,161,242,238,240,243,275,350,456,335,266,257,270,,,,,,409,2249,87,101,89,137,90,142,133,122,115,134,190,240,165,123,120,129,,,,,,132,2262,81,85,95,94,71,100,105,118,128,141,160,216,170,143,137,141,,,,,,277
2010,2010-03-31,01517,015172,北海道,礼文郡礼文町,town,01517,3051,105,103,102,137,98,139,153,152,168,163,224,297,227,201,225,220,,,,,,337,1496,57,58,48,62,63,71,80,95,86,77,114,154,110,88,111,89,,,,,,133,1555,48,45,54,75,35,68,73,57,82,86,110,143,117,113,114,131,,,,,,204
2010,2010-03-31,01518,015181,北海道,利尻郡利尻町,town,01518,2489,89,79,76,92,76,91,129,123,131,132,157,207,200,191,201,181,,,,,,334,1175,40,31,46,44,38,50,69,57,82,64,75,110,98,73,101,81,,,,,,116,1314,49,48,30,48,38,41,60,66,49,68,82,97,102,118,100,100,,,,,,218
2010,2010-03-31,01519,015199,北海道,利尻郡利尻富士町,town,01519,2949,127,108,106,119,76,104,156,134,157,172,214,232,207,197,215,226,,,,,,399,1412,71,52,58,65,43,48,81,71,76,88,115,124,94,85,97,100,,,,,,144,1537,56,56,48,54,33,56,75,63,81,84,99,108,113,112,118,126,,,,,,255
2010,2010-03-31,01543,015431,北海道,網走郡美幌町,town,01543,21963,832,912,954,1009,987,1095,1217,1322,1264,1443,1421,1726,1824,1458,1505,1315,,,,,,1679,10672,424,478,471,532,587,598,624,660,619,705,707,849,873,641,671,627,,,,,,606,11291,408,434,483,477,400,497,593,662,645,738,714,877,951,817,834,688,,,,,,1073
2010,2010-03-31,01544,015440,北海道,網走郡津別町,town,01544,5824,131,189,247,263,162,162,264,284,285,314,322,534,522,468,506,464,,,,,,707,2795,68,117,124,135,84,104,141,152,143,163,167,253,262,199,228,211,,,,,,244,3029,63,72,123,128,78,58,123,132,142,151,155,281,260,269,278,253,,,,,,463
2010,2010-03-31,01545,015458,北海道,斜里郡斜里町,town,01545,12760,497,506,550,598,547,616,756,767,695,812,859,1111,1030,889,781,735,,,,,,1011,6248,255,269,297,296,313,342,392,407,340,419,444,531,500,415,354,316,,,,,,358,6512,242,237,253,302,234,274,364,360,355,393,415,580,530,474,427,419,,,,,,653
2010,2010-03-31,01546,015466,北海道,斜里郡清里町,town,01546,4605,154,186,202,213,173,195,237,256,223,274,300,355,361,339,350,301,,,,,,486,2251,86,108,99,110,87,104,127,134,118,136,153,186,176,159,151,135,,,,,,182,2354,68,78,103,103,86,91,110,122,105,138,147,169,185,180,199,166,,,,,,304
2010,2010-03-31,01547,015474,北海道,斜里郡小清水町,town,01547,5503,201,199,228,236,225,234,296,289,275,357,353,465,434,369,407,368,,,,,,567,2610,97,98,120,110,124,125,155,149,125,182,171,229,217,168,176,169,,,,,,195,2893,104,101,108,126,101,109,141,140,150,175,182,236,217,201,231,199,,,,,,372
2010,2010-03-31,01549,015491,北海道,常呂郡訓子府町,town,01549,5656,187,239,242,233,221,238,283,315,285,339,372,458,493,428,358,391,,,,,,574,2715,102,120,121,105,118,133,150,150,139,165,182,235,232,215,159,190,,,,,,199,2941,85,119,121,128,103,105,133,165,146,174,190,223,261,213,199,201,,,,,,375
2010,2010-03-31,01550,015504,北海道,常呂郡置戸町,town,01550,3422,98,119,136,132,102,138,149,162,177,173,191,284,287,277,278,273,,,,,,446,1604,53,68,70,70,47,64,73,74,93,99,91,120,136,127,131,123,,,,,,165,1818,45,51,66,62,55,74,76,88,84,74,100,164,151,150,147,150,,,,,,281
2010,2010-03-31,01552,015521,北海道,常呂郡佐呂間町,town,01552,5973,220,232,241,260,203,252,270,361,295,326,367,503,498,438,429,434,,,,,,644,2845,99,105,128,134,111,132,144,184,148,163,184,245,232,207,204,194,,,,,,231,3128,121,127,113,126,92,120,126,177,147,163,183,258,266,231,225,240,,,,,,413
2010,2010-03-31,01555,015555,北海道,紋別郡遠軽町,town,01555,22508,826,961,987,987,889,1030,1265,1335,1267,1272,1286,1703,1845,1666,1638,1530,,,,,,2021,10902,427,490,550,529,494,548,662,688,654,636,621,829,841,743,746,716,,,,,,728,11606,399,471,437,458,395,482,603,647,613,636,665,874,1004,923,892,814,,,,,,1293
2010,2010-03-31,01559,015598,北海道,紋別郡湧別町,town,01559,10217,354,433,489,469,328,390,498,567,525,602,663,816,784,747,743,717,,,,,,1092,4882,186,214,263,232,170,195,268,277,271,306,326,407,369,337,346,335,,,,,,380,5335,168,219,226,237,158,195,230,290,254,296,337,409,415,410,397,382,,,,,,712
2010,2010-03-31,01560,015601,北海道,紋別郡滝上町,town,01560,3153,86,94,102,128,104,108,118,152,140,193,209,267,265,238,278,253,,,,,,418,1487,45,52,59,66,51,59,50,86,72,96,108,128,127,109,122,111,,,,,,146,1666,41,42,43,62,53,49,68,66,68,97,101,139,138,129,156,142,,,,,,272
2010,2010-03-31,01561,015610,北海道,紋別郡興部町,town,01561,4327,158,181,218,190,146,178,230,275,256,268,327,341,331,285,315,248,,,,,,380,2110,85,96,115,89,79,93,129,145,116,153,172,166,154,116,138,117,,,,,,147,2217,73,85,103,101,67,85,101,130,140,115,155,175,177,169,177,131,,,,,,233
2010,2010-03-31,01562,015628,北海道,紋別郡西興部村,village,01562,1171,42,37,38,44,66,83,79,54,49,85,73,93,54,68,86,74,,,,,,146,559,26,18,21,22,34,43,43,30,26,42,39,54,26,25,32,30,,,,,,48,612,16,19,17,22,32,40,36,24,23,43,34,39,28,43,54,44,,,,,,98
2010,2010-03-31,01563,015636,北海道,紋別郡雄武町,town,01563,4917,162,185,190,216,187,234,232,302,268,336,331,414,384,358,360,309,,,,,,449,2354,87,99,89,111,100,131,132,163,127,169,169,205,165,158,159,133,,,,,,157,2563,75,86,101,105,87,103,100,139,141,167,162,209,219,200,201,176,,,,,,292
2010,2010-03-31,01564,015644,北海道,網走郡大空町,town,01564,8217,337,373,371,381,323,335,451,494,452,523,546,656,639,511,501,496,,,,,,828,4005,179,202,193,194,173,177,249,245,236,255,270,343,306,217,243,217,,,,,,306,4212,158,171,178,187,150,158,202,249,216,268,276,313,333,294,258,279,,,,,,522
2010,2010-03-31,01571,015717,北海道,虻田郡豊浦町,town,01571,4492,120,148,177,195,216,196,234,259,230,259,268,355,352,319,339,284,,,,,,541,2121,65,67,94,113,125,92,127,144,104,135,114,166,174,146,150,140,,,,,,165,2371,55,81,83,82,91,104,107,115,126,124,154,189,178,173,189,144,,,,,,376
2010,2010-03-31,01575,015750,北海道,有珠郡壮瞥町,town,01575,2969,116,104,128,122,97,116,147,173,149,182,186,226,257,228,203,221,,,,,,314,1408,62,54,67,56,41,57,71,92,79,94,100,106,120,110,97,90,,,,,,112,1561,54,50,61,66,56,59,76,81,70,88,86,120,137,118,106,131,,,,,,202
2010,2010-03-31,01578,015784,北海道,白老郡白老町,town,01578,19794,492,661,823,851,694,741,892,1053,1050,1027,1184,1788,2037,1900,1575,1298,,,,,,1728,9463,250,337,432,425,385,382,465,510,500,505,599,870,935,932,753,582,,,,,,601,10331,242,324,391,426,309,359,427,543,550,522,585,918,1102,968,822,716,,,,,,1127
2010,2010-03-31,01581,015814,北海道,勇払郡厚真町,town,01581,4886,171,165,199,252,185,205,254,258,224,286,320,372,391,380,360,354,,,,,,510,2369,81,79,106,124,102,110,135,152,107,134,170,194,191,179,155,165,,,,,,185,2517,90,86,93,128,83,95,119,106,117,152,150,178,200,201,205,189,,,,,,325
2010,2010-03-31,01584,015849,北海道,虻田郡洞爺湖町,town,01584,10323,317,351,390,470,404,434,511,545,513,573,649,830,921,852,822,716,,,,,,1025,4836,165,184,218,230,202,212,263,259,252,244,321,424,431,355,378,323,,,,,,375,5487,152,167,172,240,202,222,248,286,261,329,328,406,490,497,444,393,,,,,,650
2010,2010-03-31,01585,015857,北海道,勇払郡安平町,town,01585,9069,312,366,409,428,402,393,476,606,526,509,557,643,779,664,568,618,,,,,,813,4500,143,204,206,235,229,232,263,318,286,267,283,324,372,315,246,265,,,,,,312,4569,169,162,203,193,173,161,213,288,240,242,274,319,407,349,322,353,,,,,,501
2010,2010-03-31,01586,015865,北海道,勇払郡むかわ町,town,01586,9800,325,349,439,443,384,370,476,533,478,584,632,869,817,766,702,656,,,,,,977,4808,162,176,230,241,204,225,255,285,235,319,323,448,402,336,316,291,,,,,,360,4992,163,173,209,202,180,145,221,248,243,265,309,421,415,430,386,365,,,,,,617
2010,2010-03-31,01601,016012,北海道,沙流郡日高町,town,01601,13828,577,554,565,604,516,711,896,870,759,798,896,1134,1089,967,895,809,,,,,,1188,6835,290,277,292,314,278,430,483,467,394,398,469,567,519,459,425,357,,,,,,416,6993,287,277,273,290,238,281,413,403,365,400,427,567,570,508,470,452,,,,,,772
2010,2010-03-31,01602,016021,北海道,沙流郡平取町,town,01602,5681,194,232,277,286,189,229,281,340,354,354,341,466,484,403,371,367,,,,,,513,2752,101,116,144,133,99,123,158,160,184,192,178,220,244,181,183,162,,,,,,174,2929,93,116,133,153,90,106,123,180,170,162,163,246,240,222,188,205,,,,,,339
2010,2010-03-31,01604,016047,北海道,新冠郡新冠町,town,01604,5862,229,265,260,288,217,288,395,397,339,318,384,477,443,354,350,327,,,,,,531,2855,110,138,138,126,122,172,220,215,160,162,201,239,216,171,151,144,,,,,,170,3007,119,127,122,162,95,116,175,182,179,156,183,238,227,183,199,183,,,,,,361
2010,2010-03-31,01607,016071,北海道,浦河郡浦河町,town,01607,14327,532,625,671,653,655,694,892,971,901,881,950,1205,1053,937,827,806,,,,,,1074,7009,284,333,332,343,305,377,485,510,434,470,515,615,492,430,387,333,,,,,,364,7318,248,292,339,310,350,317,407,461,467,411,435,590,561,507,440,473,,,,,,710
2010,2010-03-31,01608,016080,北海道,様似郡様似町,town,01608,5273,172,197,224,229,194,217,268,296,284,305,347,492,440,369,385,334,,,,,,520,2519,92,105,117,113,111,109,140,154,128,158,172,249,221,160,183,139,,,,,,168,2754,80,92,107,116,83,108,128,142,156,147,175,243,219,209,202,195,,,,,,352
2010,2010-03-31,01609,016098,北海道,幌泉郡えりも町,town,01609,5560,277,252,252,295,237,298,344,339,316,333,392,476,397,314,323,276,,,,,,439,2768,146,125,127,150,135,176,185,188,173,181,185,250,195,138,147,113,,,,,,154,2792,131,127,125,145,102,122,159,151,143,152,207,226,202,176,176,163,,,,,,285
2010,2010-03-31,01610,016101,北海道,日高郡新ひだか町,town,01610,25791,1019,1061,1176,1260,1016,1362,1541,1680,1517,1646,1547,2060,2005,1805,1688,1490,,,,,,1918,12579,511,563,603,645,552,742,820,859,722,842,787,1041,952,816,755,675,,,,,,694,13212,508,498,573,615,464,620,721,821,795,804,760,1019,1053,989,933,815,,,,,,1224
2010,2010-03-31,01631,016314,北海道,河東郡音更町,town,01631,45395,2261,2506,2478,2340,1915,2257,3079,3567,3034,2976,2689,3157,3248,2679,2379,2036,,,,,,2794,21606,1148,1308,1290,1165,900,1044,1488,1713,1473,1452,1346,1475,1582,1201,1102,953,,,,,,966,23789,1113,1198,1188,1175,1015,1213,1591,1854,1561,1524,1343,1682,1666,1478,1277,1083,,,,,,1828
2010,2010-03-31,01632,016322,北海道,河東郡士幌町,town,01632,6611,311,303,278,321,308,336,366,373,368,378,461,586,475,361,394,350,,,,,,642,3157,163,141,140,176,143,189,183,173,187,203,210,312,222,161,191,148,,,,,,215,3454,148,162,138,145,165,147,183,200,181,175,251,274,253,200,203,202,,,,,,427
2010,2010-03-31,01633,016331,北海道,河東郡上士幌町,town,01633,5225,205,206,200,180,227,253,297,267,264,292,363,454,377,374,392,367,,,,,,507,2542,103,96,101,94,125,125,166,143,126,157,188,223,183,160,179,163,,,,,,210,2683,102,110,99,86,102,128,131,124,138,135,175,231,194,214,213,204,,,,,,297
2010,2010-03-31,01634,016349,北海道,河東郡鹿追町,town,01634,5693,275,282,264,265,307,294,381,340,329,372,320,456,378,327,338,322,,,,,,443,2830,141,148,144,139,171,161,200,168,166,183,157,239,185,148,158,149,,,,,,173,2863,134,134,120,126,136,133,181,172,163,189,163,217,193,179,180,173,,,,,,270
2010,2010-03-31,01635,016357,北海道,上川郡新得町,town,01635,6743,220,247,241,264,270,291,358,397,382,402,423,534,550,505,540,453,,,,,,666,3299,128,122,120,124,149,153,175,209,187,211,229,275,258,242,249,213,,,,,,255,3444,92,125,121,140,121,138,183,188,195,191,194,259,292,263,291,240,,,,,,411
2010,2010-03-31,01636,016365,北海道,上川郡清水町,town,01636,10327,369,409,403,482,457,439,536,606,581,602,659,837,834,759,712,685,,,,,,957,5035,205,203,206,252,246,219,294,320,286,309,321,434,399,342,334,304,,,,,,361,5292,164,206,197,230,211,220,242,286,295,293,338,403,435,417,378,381,,,,,,596
2010,2010-03-31,01637,016373,北海道,河西郡芽室町,town,01637,19376,973,1104,1056,993,813,950,1266,1427,1301,1292,1149,1356,1355,1088,1060,927,,,,,,1266,9286,493,559,540,493,429,465,613,716,585,686,561,648,659,498,498,399,,,,,,444,10090,480,545,516,500,384,485,653,711,716,606,588,708,696,590,562,528,,,,,,822
2010,2010-03-31,01638,016381,北海道,河西郡中札内村,village,01638,4044,165,163,201,267,185,189,203,284,287,273,277,273,273,246,251,213,,,,,,294,1972,71,79,104,146,89,92,112,145,142,142,151,137,124,99,120,105,,,,,,114,2072,94,84,97,121,96,97,91,139,145,131,126,136,149,147,131,108,,,,,,180
2010,2010-03-31,01639,016390,北海道,河西郡更別村,village,01639,3477,157,160,183,189,169,170,208,228,218,203,218,259,204,179,221,218,,,,,,293,1713,86,83,96,89,100,92,108,124,111,96,106,139,99,65,106,91,,,,,,122,1764,71,77,87,100,69,78,100,104,107,107,112,120,105,114,115,127,,,,,,171
2010,2010-03-31,01641,016411,北海道,広尾郡大樹町,town,01641,6081,242,242,249,249,260,301,389,359,310,331,370,500,492,438,390,374,,,,,,585,2942,119,110,128,120,144,169,206,187,160,173,177,251,238,203,177,169,,,,,,211,3139,123,132,121,129,116,132,183,172,150,158,193,249,254,235,213,205,,,,,,374
2010,2010-03-31,01642,016420,北海道,広尾郡広尾町,town,01642,8121,280,353,378,413,283,312,398,494,465,477,573,718,661,577,577,487,,,,,,675,3928,146,183,203,222,158,163,192,262,230,228,299,357,306,245,276,218,,,,,,240,4193,134,170,175,191,125,149,206,232,235,249,274,361,355,332,301,269,,,,,,435
2010,2010-03-31,01643,016438,北海道,中川郡幕別町,town,01643,27338,1044,1300,1460,1408,1149,1211,1562,1821,1708,1826,1777,2071,2261,1833,1624,1353,,,,,,1930,13046,537,657,746,686,597,588,772,876,819,884,870,979,1062,885,760,626,,,,,,702,14292,507,643,714,722,552,623,790,945,889,942,907,1092,1199,948,864,727,,,,,,1228
2010,2010-03-31,01644,016446,北海道,中川郡池田町,town,01644,7847,205,279,370,378,269,265,322,403,440,450,479,629,710,610,623,591,,,,,,824,3644,91,138,181,182,142,121,151,217,212,227,236,291,341,268,290,262,,,,,,294,4203,114,141,189,196,127,144,171,186,228,223,243,338,369,342,333,329,,,,,,530
2010,2010-03-31,01645,016454,北海道,中川郡豊頃町,town,01645,3629,110,134,135,159,152,145,174,184,162,210,261,296,301,266,280,271,,,,,,389,1731,56,67,63,70,70,86,87,97,77,107,133,141,149,115,131,124,,,,,,158,1898,54,67,72,89,82,59,87,87,85,103,128,155,152,151,149,147,,,,,,231
2010,2010-03-31,01646,016462,北海道,中川郡本別町,town,01646,8449,280,307,331,402,257,299,412,451,446,493,509,738,751,671,636,568,,,,,,898,4135,143,155,188,229,150,164,212,238,203,266,262,366,357,307,283,274,,,,,,338,4314,137,152,143,173,107,135,200,213,243,227,247,372,394,364,353,294,,,,,,560
2010,2010-03-31,01647,016471,北海道,足寄郡足寄町,town,01647,7891,300,297,287,335,235,320,378,443,394,448,503,659,679,597,606,578,,,,,,832,3833,159,143,149,170,128,183,197,228,211,237,234,335,318,279,272,258,,,,,,332,4058,141,154,138,165,107,137,181,215,183,211,269,324,361,318,334,320,,,,,,500
2010,2010-03-31,01648,016489,北海道,足寄郡陸別町,town,01648,2760,75,80,111,105,81,105,122,156,142,167,169,215,235,234,211,207,,,,,,345,1387,37,40,58,53,41,56,72,87,73,98,88,117,100,116,103,105,,,,,,143,1373,38,40,53,52,40,49,50,69,69,69,81,98,135,118,108,102,,,,,,202
2010,2010-03-31,01649,016497,北海道,十勝郡浦幌町,town,01649,5762,179,192,228,258,225,225,237,268,275,359,391,537,516,385,461,437,,,,,,589,2758,92,93,107,137,119,131,128,133,120,192,194,271,247,163,219,200,,,,,,212,3004,87,99,121,121,106,94,109,135,155,167,197,266,269,222,242,237,,,,,,377
2010,2010-03-31,01661,016616,北海道,釧路郡釧路町,town,01661,21003,812,969,1102,1286,1146,1123,1264,1423,1354,1562,1592,1830,1588,1214,1017,828,,,,,,893,10213,444,498,558,655,601,561,651,690,650,730,805,909,757,548,458,378,,,,,,320,10790,368,471,544,631,545,562,613,733,704,832,787,921,831,666,559,450,,,,,,573
2010,2010-03-31,01662,016624,北海道,厚岸郡厚岸町,town,01662,10894,397,424,490,570,442,449,558,637,599,748,750,894,824,766,791,680,,,,,,875,5177,181,224,247,302,227,229,288,315,300,353,382,443,394,321,343,324,,,,,,304,5717,216,200,243,268,215,220,270,322,299,395,368,451,430,445,448,356,,,,,,571
2010,2010-03-31,01663,016632,北海道,厚岸郡浜中町,town,01663,6624,225,328,293,329,279,322,374,383,376,447,499,582,472,402,390,366,,,,,,557,3213,108,155,152,160,149,168,194,198,183,229,252,307,234,196,173,156,,,,,,199,3411,117,173,141,169,130,154,180,185,193,218,247,275,238,206,217,210,,,,,,358
2010,2010-03-31,01664,016641,北海道,川上郡標茶町,town,01664,8496,333,381,351,403,336,404,442,455,472,554,621,738,598,579,548,518,,,,,,763,4101,159,186,189,186,189,233,240,224,228,292,293,376,287,244,257,236,,,,,,282,4395,174,195,162,217,147,171,202,231,244,262,328,362,311,335,291,282,,,,,,481
2010,2010-03-31,01665,016659,北海道,川上郡弟子屈町,town,01665,8305,298,323,366,334,229,336,424,470,453,533,573,724,731,702,614,499,,,,,,696,3949,142,157,196,174,112,182,219,232,223,262,280,359,337,328,285,216,,,,,,245,4356,156,166,170,160,117,154,205,238,230,271,293,365,394,374,329,283,,,,,,451
2010,2010-03-31,01667,016675,北海道,阿寒郡鶴居村,village,01667,2561,105,123,140,125,79,121,116,172,156,144,191,226,197,165,161,132,,,,,,208,1277,53,69,75,64,46,64,59,84,74,85,96,112,99,77,72,58,,,,,,90,1284,52,54,65,61,33,57,57,88,82,59,95,114,98,88,89,74,,,,,,118
2010,2010-03-31,01668,016683,北海道,白糠郡白糠町,town,01668,9756,289,346,418,466,362,461,432,516,568,564,618,870,867,720,776,644,,,,,,839,4623,159,174,209,243,173,242,225,262,264,262,311,440,406,319,343,292,,,,,,299,5133,130,172,209,223,189,219,207,254,304,302,307,430,461,401,433,352,,,,,,540
2010,2010-03-31,01691,016918,北海道,野付郡別海町,town,01691,16154,845,893,801,766,819,907,1070,1075,888,1020,1176,1375,1144,900,691,741,,,,,,1043,8062,422,453,423,403,443,511,561,558,463,515,600,710,568,420,311,322,,,,,,379,8092,423,440,378,363,376,396,509,517,425,505,576,665,576,480,380,419,,,,,,664
2010,2010-03-31,01692,016926,北海道,標津郡中標津町,town,01692,24058,1221,1335,1243,1187,1076,1434,1830,1870,1670,1567,1581,1857,1620,1300,1169,957,,,,,,1141,11754,660,650,596,595,519,727,937,943,848,794,789,879,796,580,548,462,,,,,,431,12304,561,685,647,592,557,707,893,927,822,773,792,978,824,720,621,495,,,,,,710
2010,2010-03-31,01693,016934,北海道,標津郡標津町,town,01693,5803,230,288,312,311,222,263,350,412,346,372,374,459,467,363,368,277,,,,,,389,2816,113,135,162,152,115,135,183,212,181,197,189,224,226,171,156,134,,,,,,131,2987,117,153,150,159,107,128,167,200,165,175,185,235,241,192,212,143,,,,,,258
2010,2010-03-31,01694,016942,北海道,目梨郡羅臼町,town,01694,6069,218,293,297,371,281,298,326,397,441,438,445,484,405,366,386,274,,,,,,349,3010,107,148,154,191,147,169,163,206,229,233,243,248,197,155,163,126,,,,,,131,3059,111,145,143,180,134,129,163,191,212,205,202,236,208,211,223,148,,,,,,218
2010,2010-03-31,01695,016951,北海道,色丹郡色丹村,zero_pop,,0,0,0,0,0,0,0,0,0,0,0,0,0,0,0,0,0,,,,,,0,0,0,0,0,0,0,0,0,0,0,0,0,0,0,0,0,0,,,,,,0,0,0,0,0,0,0,0,0,0,0,0,0,0,0,0,0,0,,,,,,0
2010,2010-03-31,01696,016969,北海道,国後郡泊村,zero_pop,,0,0,0,0,0,0,0,0,0,0,0,0,0,0,0,0,0,,,,,,0,0,0,0,0,0,0,0,0,0,0,0,0,0,0,0,0,0,,,,,,0,0,0,0,0,0,0,0,0,0,0,0,0,0,0,0,0,0,,,,,,0
2010,2010-03-31,01697,016977,北海道,国後郡留夜別村,zero_pop,,0,0,0,0,0,0,0,0,0,0,0,0,0,0,0,0,0,,,,,,0,0,0,0,0,0,0,0,0,0,0,0,0,0,0,0,0,0,,,,,,0,0,0,0,0,0,0,0,0,0,0,0,0,0,0,0,0,0,,,,,,0
2010,2010-03-31,01698,016985,北海道,択捉郡留別村,zero_pop,,0,0,0,0,0,0,0,0,0,0,0,0,0,0,0,0,0,,,,,,0,0,0,0,0,0,0,0,0,0,0,0,0,0,0,0,0,0,,,,,,0,0,0,0,0,0,0,0,0,0,0,0,0,0,0,0,0,0,,,,,,0
2010,2010-03-31,01699,016993,北海道,紗那郡紗那村,zero_pop,,0,0,0,0,0,0,0,0,0,0,0,0,0,0,0,0,0,,,,,,0,0,0,0,0,0,0,0,0,0,0,0,0,0,0,0,0,0,,,,,,0,0,0,0,0,0,0,0,0,0,0,0,0,0,0,0,0,0,,,,,,0
2010,2010-03-31,01700,017001,北海道,蘂取郡蘂取村,zero_pop,,0,0,0,0,0,0,0,0,0,0,0,0,0,0,0,0,0,,,,,,0,0,0,0,0,0,0,0,0,0,0,0,0,0,0,0,0,0,,,,,,0,0,0,0,0,0,0,0,0,0,0,0,0,0,0,0,0,0,,,,,,0
2010,2010-03-31,02000,020001,青森県,,pref,,1405535,50307,59928,67903,69757,61983,69711,81424,90443,87274,90845,97669,113172,111215,92173,85183,79490,,,,,,97058,667377,25635,30682,34602,35454,31404,35631,41501,45605,43126,44832,47823,55646,53910,41848,36984,32169,,,,,,30525,738158,24672,29246,33301,34303,30579,34080,39923,44838,44148,46013,49846,57526,57305,50325,48199,47321,,,,,,66533
2010,2010-03-31,02201,022012,青森県,青森市,city,02201,304321,11423,13227,14248,14800,13924,15827,19263,21205,19989,20384,21261,23703,24422,19748,17151,15464,,,,,,18282,142317,5777,6815,7211,7428,6775,7811,9574,10445,9678,9820,10271,11284,11480,8883,7431,5989,,,,,,5645,162004,5646,6412,7037,7372,7149,8016,9689,10760,10311,10564,10990,12419,12942,10865,9720,9475,,,,,,12637
2010,2010-03-31,02202,022021,青森県,弘前市,city,02202,183834,6518,7573,8713,9424,9121,9363,10647,11668,11339,12148,12505,13730,14622,11965,11036,10555,,,,,,12907,85097,3313,3938,4469,4648,4683,4640,5217,5692,5390,5802,5834,6525,6851,5268,4691,4175,,,,,,3961,98737,3205,3635,4244,4776,4438,4723,5430,5976,5949,6346,6671,7205,7771,6697,6345,6380,,,,,,8946
2010,2010-03-31,02203,022039,青森県,八戸市,city,02203,241928,9461,11080,12370,12816,10906,12364,14692,17140,16195,15753,16363,19077,19059,16105,13668,11747,,,,,,13132,116290,4805,5719,6310,6535,5517,6214,7439,8703,8114,7692,8093,9449,9092,7457,6092,4890,,,,,,4169,125638,4656,5361,6060,6281,5389,6150,7253,8437,8081,8061,8270,9628,9967,8648,7576,6857,,,,,,8963
2010,2010-03-31,02204,022047,青森県,黒石市,city,02204,37423,1190,1651,1971,1983,1722,1936,2209,2246,2259,2432,2588,3064,2997,2292,2224,2112,,,,,,2547,17644,620,834,1051,1009,870,972,1106,1123,1110,1182,1231,1458,1486,1010,930,821,,,,,,831,19779,570,817,920,974,852,964,1103,1123,1149,1250,1357,1606,1511,1282,1294,1291,,,,,,1716
2010,2010-03-31,02205,022055,青森県,五所川原市,city,02205,61061,1953,2581,3028,2987,2476,2804,3240,3641,3875,4284,4389,5017,4463,4052,4054,3865,,,,,,4352,28411,980,1323,1523,1539,1236,1416,1644,1748,1801,2099,2088,2461,2092,1759,1711,1628,,,,,,1363,32650,973,1258,1505,1448,1240,1388,1596,1893,2074,2185,2301,2556,2371,2293,2343,2237,,,,,,2989
2010,2010-03-31,02206,022063,青森県,十和田市,city,02206,65852,2368,2960,3471,3264,2830,3017,3920,4280,4069,4078,4535,5559,5559,4285,3846,3517,,,,,,4294,31643,1211,1537,1760,1679,1463,1579,2018,2202,2012,2004,2224,2691,2763,1983,1716,1458,,,,,,1343,34209,1157,1423,1711,1585,1367,1438,1902,2078,2057,2074,2311,2868,2796,2302,2130,2059,,,,,,2951
2010,2010-03-31,02207,022071,青森県,三沢市,city,02207,42226,2241,2206,2382,2199,2106,2659,2936,3252,2877,2653,2707,2999,2547,2219,1968,2019,,,,,,2256,20828,1163,1117,1221,1129,1173,1482,1486,1664,1444,1346,1408,1533,1251,981,893,787,,,,,,750,21398,1078,1089,1161,1070,933,1177,1450,1588,1433,1307,1299,1466,1296,1238,1075,1232,,,,,,1506
2010,2010-03-31,02208,022080,青森県,むつ市,city,02208,64247,2481,2872,3183,3116,2542,3198,3890,4320,3987,4101,4305,5442,5165,4207,3771,3281,,,,,,4386,31068,1272,1439,1589,1614,1364,1719,2022,2225,2037,2149,2149,2672,2522,1961,1683,1374,,,,,,1277,33179,1209,1433,1594,1502,1178,1479,1868,2095,1950,1952,2156,2770,2643,2246,2088,1907,,,,,,3109
2010,2010-03-31,02209,022098,青森県,つがる市,city,02209,37698,1207,1498,1671,1719,1602,1780,1901,2041,2106,2361,2729,3043,2876,2421,2657,2646,,,,,,3440,17919,607,765,849,892,840,975,975,1040,1080,1177,1315,1541,1430,1065,1142,1084,,,,,,1142,19779,600,733,822,827,762,805,926,1001,1026,1184,1414,1502,1446,1356,1515,1562,,,,,,2298
2010,2010-03-31,02210,022101,青森県,平川市,city,02210,34291,1143,1404,1657,1655,1461,1733,1981,2051,1951,2173,2369,2802,2689,2205,2246,2161,,,,,,2610,16155,590,702,817,859,739,902,1033,1052,949,1047,1146,1397,1263,1007,938,893,,,,,,821,18136,553,702,840,796,722,831,948,999,1002,1126,1223,1405,1426,1198,1308,1268,,,,,,1789
2010,2010-03-31,02300,023001,青森県,東津軽郡,gun_agg,,27734,669,844,972,1193,1006,1146,1267,1363,1298,1551,2085,2531,2522,2065,2117,2188,,,,,,2917,13235,359,463,485,606,517,601,721,717,696,788,1055,1283,1301,927,871,916,,,,,,929,14499,310,381,487,587,489,545,546,646,602,763,1030,1248,1221,1138,1246,1272,,,,,,1988
2010,2010-03-31,02301,023019,青森県,東津軽郡平内町,town,02301,13177,378,431,488,636,538,636,672,650,648,754,1036,1243,1227,899,853,884,,,,,,1204,6331,202,228,251,324,270,332,371,347,350,365,522,620,647,411,358,360,,,,,,373,6846,176,203,237,312,268,304,301,303,298,389,514,623,580,488,495,524,,,,,,831
2010,2010-03-31,02303,023035,青森県,東津軽郡今別町,town,02303,3496,42,78,97,135,97,92,112,162,132,171,265,314,325,309,348,369,,,,,,448,1643,22,50,44,66,52,49,67,91,70,92,131,169,163,143,141,152,,,,,,141,1853,20,28,53,69,45,43,45,71,62,79,134,145,162,166,207,217,,,,,,307
2010,2010-03-31,02304,023043,青森県,東津軽郡蓬田村,village,02304,3300,96,107,137,151,141,144,168,166,148,201,237,286,275,214,240,252,,,,,,337,1569,48,57,75,72,73,78,92,78,75,92,114,150,141,97,104,112,,,,,,111,1731,48,50,62,79,68,66,76,88,73,109,123,136,134,117,136,140,,,,,,226
2010,2010-03-31,02307,023078,青森県,東津軽郡外ヶ浜町,town,02307,7761,153,228,250,271,230,274,315,385,370,425,547,688,695,643,676,683,,,,,,928,3692,87,128,115,144,122,142,191,201,201,239,288,344,350,276,268,292,,,,,,304,4069,66,100,135,127,108,132,124,184,169,186,259,344,345,367,408,391,,,,,,624
2010,2010-03-31,02320,023205,青森県,西津軽郡,gun_agg,,22445,551,683,924,955,714,874,988,1053,1104,1333,1577,1929,1854,1739,1886,1852,,,,,,2429,10515,253,339,476,485,362,447,554,530,573,681,778,966,918,795,819,763,,,,,,776,11930,298,344,448,470,352,427,434,523,531,652,799,963,936,944,1067,1089,,,,,,1653
2010,2010-03-31,02321,023213,青森県,西津軽郡鰺ヶ沢町,town,02321,12242,331,364,526,526,465,548,543,586,623,781,888,1048,960,863,960,959,,,,,,1271,5688,156,179,259,261,235,279,305,295,313,384,438,510,502,399,406,373,,,,,,394,6554,175,185,267,265,230,269,238,291,310,397,450,538,458,464,554,586,,,,,,877
2010,2010-03-31,02323,023230,青森県,西津軽郡深浦町,town,02323,10203,220,319,398,429,249,326,445,467,481,552,689,881,894,876,926,893,,,,,,1158,4827,97,160,217,224,127,168,249,235,260,297,340,456,416,396,413,390,,,,,,382,5376,123,159,181,205,122,158,196,232,221,255,349,425,478,480,513,503,,,,,,776
2010,2010-03-31,02340,023400,青森県,中津軽郡,gun_agg,,1594,49,43,55,69,68,69,70,78,79,111,100,102,125,106,121,145,,,,,,204,777,34,19,28,34,34,35,40,43,42,56,57,58,64,47,52,61,,,,,,73,817,15,24,27,35,34,34,30,35,37,55,43,44,61,59,69,84,,,,,,131
2010,2010-03-31,02343,023434,青森県,中津軽郡西目屋村,village,02343,1594,49,43,55,69,68,69,70,78,79,111,100,102,125,106,121,145,,,,,,204,777,34,19,28,34,34,35,40,43,42,56,57,58,64,47,52,61,,,,,,73,817,15,24,27,35,34,34,30,35,37,55,43,44,61,59,69,84,,,,,,131
2010,2010-03-31,02360,023604,青森県,南津軽郡,gun_agg,,36368,1097,1366,1575,1764,1529,1722,1955,1972,2046,2343,2591,2985,2882,2465,2537,2508,,,,,,3031,17094,558,685,807,945,768,878,1009,979,1008,1186,1261,1460,1424,1080,1074,1027,,,,,,945,19274,539,681,768,819,761,844,946,993,1038,1157,1330,1525,1458,1385,1463,1481,,,,,,2086
2010,2010-03-31,02361,023612,青森県,南津軽郡藤崎町,town,02361,16206,543,670,763,836,724,827,902,947,947,1058,1182,1294,1175,1012,1025,1031,,,,,,1270,7656,285,335,383,438,371,432,473,457,472,530,557,667,561,449,423,430,,,,,,393,8550,258,335,380,398,353,395,429,490,475,528,625,627,614,563,602,601,,,,,,877
2010,2010-03-31,02362,023621,青森県,南津軽郡大鰐町,town,02362,11694,270,385,456,526,429,481,519,583,640,745,809,991,1032,920,894,916,,,,,,1098,5395,128,190,226,279,221,229,255,295,319,385,383,492,515,399,367,378,,,,,,334,6299,142,195,230,247,208,252,264,288,321,360,426,499,517,521,527,538,,,,,,764
2010,2010-03-31,02367,023671,青森県,南津軽郡田舎館村,village,02367,8468,284,311,356,402,376,414,534,442,459,540,600,700,675,533,618,561,,,,,,663,4043,145,160,198,228,176,217,281,227,217,271,321,301,348,232,284,219,,,,,,218,4425,139,151,158,174,200,197,253,215,242,269,279,399,327,301,334,342,,,,,,445
2010,2010-03-31,02380,023809,青森県,北津軽郡,gun_agg,,43558,1242,1654,2060,2033,1748,1882,2136,2312,2555,2700,3156,3606,3480,3085,3173,3036,,,,,,3700,20365,652,817,1052,1055,818,957,1085,1178,1266,1337,1540,1782,1705,1403,1318,1243,,,,,,1157,23193,590,837,1008,978,930,925,1051,1134,1289,1363,1616,1824,1775,1682,1855,1793,,,,,,2543
2010,2010-03-31,02381,023817,青森県,北津軽郡板柳町,town,02381,15515,461,592,747,759,657,719,794,863,933,997,1096,1226,1204,1095,1086,1028,,,,,,1258,7138,245,281,370,379,290,358,410,440,435,494,523,592,579,500,449,413,,,,,,380,8377,216,311,377,380,367,361,384,423,498,503,573,634,625,595,637,615,,,,,,878
2010,2010-03-31,02384,023841,青森県,北津軽郡鶴田町,town,02384,14495,451,617,756,672,577,634,739,825,852,912,968,1173,1108,981,999,974,,,,,,1257,6798,237,311,378,340,278,329,359,417,438,468,481,581,516,457,405,411,,,,,,392,7697,214,306,378,332,299,305,380,408,414,444,487,592,592,524,594,563,,,,,,865
2010,2010-03-31,02387,023876,青森県,北津軽郡中泊町,town,02387,13548,330,445,557,602,514,529,603,624,770,791,1092,1207,1168,1009,1088,1034,,,,,,1185,6429,170,225,304,336,250,270,316,321,393,375,536,609,610,446,464,419,,,,,,385,7119,160,220,253,266,264,259,287,303,377,416,556,598,558,563,624,615,,,,,,800
2010,2010-03-31,02400,024007,青森県,上北郡,gun_agg,,104833,3864,4641,5053,4958,4319,5241,5845,6616,6108,6313,7381,9061,8416,6718,6391,6016,,,,,,7892,51070,1951,2341,2555,2560,2219,2792,3148,3501,3147,3242,3709,4689,4327,3130,2837,2426,,,,,,2496,53763,1913,2300,2498,2398,2100,2449,2697,3115,2961,3071,3672,4372,4089,3588,3554,3590,,,,,,5396
2010,2010-03-31,02401,024015,青森県,上北郡野辺地町,town,02401,14915,483,578,635,641,577,731,765,872,807,912,1098,1340,1278,1096,1008,885,,,,,,1209,7025,253,284,314,330,277,386,409,442,403,458,520,653,632,509,426,352,,,,,,377,7890,230,294,321,311,300,345,356,430,404,454,578,687,646,587,582,533,,,,,,832
2010,2010-03-31,02402,024023,青森県,上北郡七戸町,town,02402,17920,569,626,828,814,652,793,892,1014,922,1000,1254,1617,1603,1279,1183,1210,,,,,,1664,8612,297,309,418,423,342,419,496,523,477,527,634,839,823,586,525,463,,,,,,511,9308,272,317,410,391,310,374,396,491,445,473,620,778,780,693,658,747,,,,,,1153
2010,2010-03-31,02405,024058,青森県,上北郡六戸町,town,02405,10664,370,466,488,487,397,474,548,621,616,622,782,971,849,725,695,674,,,,,,879,5196,185,252,254,245,190,244,280,341,311,335,396,508,434,345,305,276,,,,,,295,5468,185,214,234,242,207,230,268,280,305,287,386,463,415,380,390,398,,,,,,584
2010,2010-03-31,02406,024066,青森県,上北郡横浜町,town,02406,5191,141,218,222,233,230,271,267,299,293,262,332,428,435,379,393,346,,,,,,442,2563,69,115,110,122,143,158,159,169,154,140,165,229,212,176,178,137,,,,,,127,2628,72,103,112,111,87,113,108,130,139,122,167,199,223,203,215,209,,,,,,315
2010,2010-03-31,02408,024082,青森県,上北郡東北町,town,02408,19843,663,863,904,889,796,943,991,1159,1107,1249,1386,1717,1615,1282,1276,1342,,,,,,1661,9569,334,433,464,450,389,496,549,615,571,640,689,888,830,602,538,560,,,,,,521,10274,329,430,440,439,407,447,442,544,536,609,697,829,785,680,738,782,,,,,,1140
2010,2010-03-31,02411,024112,青森県,上北郡六ヶ所村,village,02411,11225,529,515,487,546,578,730,857,830,650,659,792,900,774,541,586,551,,,,,,700,5938,271,242,260,293,332,438,490,490,386,363,444,508,435,255,268,234,,,,,,229,5287,258,273,227,253,246,292,367,340,264,296,348,392,339,286,318,317,,,,,,471
2010,2010-03-31,02412,024121,青森県,上北郡おいらせ町,town,02412,25075,1109,1375,1489,1348,1089,1299,1525,1821,1713,1609,1737,2088,1862,1416,1250,1008,,,,,,1337,12167,542,706,735,697,546,651,765,921,845,779,861,1064,961,657,597,404,,,,,,436,12908,567,669,754,651,543,648,760,900,868,830,876,1024,901,759,653,604,,,,,,901
2010,2010-03-31,02420,024201,青森県,下北郡,gun_agg,,18582,643,717,909,884,741,838,992,1052,984,1087,1360,1710,1355,1190,1269,1230,,,,,,1621,9398,339,365,483,475,391,455,559,587,530,609,731,943,715,567,565,525,,,,,,559,9184,304,352,426,409,350,383,433,465,454,478,629,767,640,623,704,705,,,,,,1062
2010,2010-03-31,02423,024236,青森県,下北郡大間町,town,02423,6210,257,277,353,313,266,278,394,387,348,357,427,575,441,346,392,339,,,,,,460,3135,139,143,202,178,145,141,208,202,185,202,232,311,218,160,181,142,,,,,,146,3075,118,134,151,135,121,137,186,185,163,155,195,264,223,186,211,197,,,,,,314
2010,2010-03-31,02424,024244,青森県,下北郡東通村,village,02424,7403,268,284,331,354,321,407,386,415,377,441,592,657,506,417,498,522,,,,,,627,3770,143,149,155,168,175,228,227,236,210,254,312,359,278,201,226,225,,,,,,224,3633,125,135,176,186,146,179,159,179,167,187,280,298,228,216,272,297,,,,,,403
2010,2010-03-31,02425,024252,青森県,下北郡風間浦村,village,02425,2475,65,65,113,119,103,79,111,128,124,152,169,224,211,206,190,178,,,,,,238,1234,30,31,62,64,45,48,66,76,71,82,84,121,113,96,80,80,,,,,,85,1241,35,34,51,55,58,31,45,52,53,70,85,103,98,110,110,98,,,,,,153
2010,2010-03-31,02426,024261,青森県,下北郡佐井村,village,02426,2494,53,91,112,98,51,74,101,122,135,137,172,254,197,221,189,191,,,,,,296,1259,27,42,64,65,26,38,58,73,64,71,103,152,106,110,78,78,,,,,,104,1235,26,49,48,33,25,36,43,49,71,66,69,102,91,111,111,113,,,,,,192
2010,2010-03-31,02440,024406,青森県,三戸郡,gun_agg,,77540,2207,2928,3661,3938,3168,3258,3492,4153,4453,5040,5668,6812,6182,5306,5068,5148,,,,,,7058,37551,1151,1464,1916,1962,1635,1756,1871,2176,2249,2615,2933,3454,3226,2525,2221,2109,,,,,,2288,39989,1056,1464,1745,1976,1533,1502,1621,1977,2204,2425,2735,3358,2956,2781,2847,3039,,,,,,4770
2010,2010-03-31,02441,024414,青森県,三戸郡三戸町,town,02441,12110,350,433,521,580,416,468,566,630,680,714,808,1056,989,938,851,865,,,,,,1245,5784,194,223,285,283,206,246,312,327,352,378,424,507,508,434,368,333,,,,,,404,6326,156,210,236,297,210,222,254,303,328,336,384,549,481,504,483,532,,,,,,841
2010,2010-03-31,02442,024422,青森県,三戸郡五戸町,town,02442,19731,537,688,884,924,829,843,911,1020,1088,1300,1474,1752,1631,1351,1333,1332,,,,,,1834,9504,289,341,450,464,413,454,478,559,568,654,759,874,846,643,587,549,,,,,,576,10227,248,347,434,460,416,389,433,461,520,646,715,878,785,708,746,783,,,,,,1258
2010,2010-03-31,02443,024431,青森県,三戸郡田子町,town,02443,6758,175,235,300,347,231,271,269,323,344,393,499,583,516,474,537,543,,,,,,718,3266,87,123,152,173,120,150,154,175,164,217,245,306,254,217,240,247,,,,,,242,3492,88,112,148,174,111,121,115,148,180,176,254,277,262,257,297,296,,,,,,476
2010,2010-03-31,02445,024457,青森県,三戸郡南部町,town,02445,21123,626,818,1026,1065,838,880,945,1139,1204,1359,1487,1792,1693,1439,1362,1441,,,,,,2009,10128,308,405,550,544,426,478,501,584,588,707,762,889,876,693,603,563,,,,,,651,10995,318,413,476,521,412,402,444,555,616,652,725,903,817,746,759,878,,,,,,1358
2010,2010-03-31,02446,024465,青森県,三戸郡階上町,town,02446,14741,449,657,818,898,733,681,681,910,1021,1087,1184,1345,1102,865,740,695,,,,,,875,7374,240,326,421,444,405,366,357,459,512,558,631,719,603,437,309,300,,,,,,287,7367,209,331,397,454,328,315,324,451,509,529,553,626,499,428,431,395,,,,,,588
2010,2010-03-31,02450,024503,青森県,三戸郡新郷村,village,02450,3077,70,97,112,124,121,115,120,131,116,187,216,284,251,239,245,272,,,,,,377,1495,33,46,58,54,65,62,69,72,65,101,112,159,139,101,114,117,,,,,,128,1582,37,51,54,70,56,53,51,59,51,86,104,125,112,138,131,155,,,,,,249
2010,2010-03-31,03000,030007,岩手県,,pref,,1345007,50751,58149,63271,66809,59408,66408,77386,83967,78622,83550,90583,105347,100207,87293,83871,80105,,,,,,109280,645922,26014,29805,32556,33906,30137,33801,39783,43289,39595,42319,45778,53045,49667,40244,36776,33294,,,,,,35913,699085,24737,28344,30715,32903,29271,32607,37603,40678,39027,41231,44805,52302,50540,47049,47095,46811,,,,,,73367
2010,2010-03-31,03201,032018,岩手県,盛岡市,city,03201,291709,12319,13360,13768,14907,15677,17565,19743,21703,19525,19661,19526,20794,20774,17152,14586,13495,,,,,,17154,138129,6230,6880,7082,7522,7529,8466,9787,10728,9528,9642,9485,10042,9837,7808,6300,5529,,,,,,5734,153580,6089,6480,6686,7385,8148,9099,9956,10975,9997,10019,10041,10752,10937,9344,8286,7966,,,,,,11420
2010,2010-03-31,03202,032026,岩手県,宮古市,city,03202,60548,2157,2464,2792,2757,2140,2595,2942,3517,3482,3602,3925,4766,5028,4608,4378,3969,,,,,,5426,28866,1095,1281,1430,1420,1082,1350,1489,1820,1773,1876,1956,2358,2483,2113,1921,1665,,,,,,1754,31682,1062,1183,1362,1337,1058,1245,1453,1697,1709,1726,1969,2408,2545,2495,2457,2304,,,,,,3672
2010,2010-03-31,03203,032034,岩手県,大船渡市,city,03203,41016,1315,1589,2027,2047,1411,1539,1994,2340,2397,2632,2569,3240,3240,3248,2891,2733,,,,,,3804,19578,653,825,1071,1060,755,807,1002,1215,1206,1329,1301,1598,1634,1458,1307,1156,,,,,,1201,21438,662,764,956,987,656,732,992,1125,1191,1303,1268,1642,1606,1790,1584,1577,,,,,,2603
2010,2010-03-31,03205,032051,岩手県,花巻市,city,03205,102993,3827,4473,4750,5095,4629,4980,5904,6339,5842,6069,6641,7829,7826,7048,6693,6279,,,,,,8769,49121,1982,2315,2398,2634,2423,2532,3038,3281,2926,3071,3345,3901,3748,3239,2888,2542,,,,,,2858,53872,1845,2158,2352,2461,2206,2448,2866,3058,2916,2998,3296,3928,4078,3809,3805,3737,,,,,,5911
2010,2010-03-31,03206,032069,岩手県,北上市,city,03206,92883,4222,4687,4764,4695,4321,5201,6600,6980,6026,5733,5799,6891,6237,5297,4843,4492,,,,,,6095,45388,2155,2379,2452,2444,2190,2652,3471,3770,3133,2991,2981,3457,3028,2410,2130,1838,,,,,,1907,47495,2067,2308,2312,2251,2131,2549,3129,3210,2893,2742,2818,3434,3209,2887,2713,2654,,,,,,4188
2010,2010-03-31,03207,032077,岩手県,久慈市,city,03207,38264,1524,1754,2004,2019,1580,1828,2022,2366,2392,2472,2717,3011,2760,2354,2381,2166,,,,,,2914,18489,810,891,1047,1016,797,916,1019,1205,1208,1283,1395,1549,1407,1099,1041,898,,,,,,908,19775,714,863,957,1003,783,912,1003,1161,1184,1189,1322,1462,1353,1255,1340,1268,,,,,,2006
2010,2010-03-31,03208,032085,岩手県,遠野市,city,03208,30455,1027,1135,1314,1416,1119,1373,1377,1430,1483,1679,2142,2444,2290,2068,2368,2428,,,,,,3362,14576,539,612,670,689,571,732,731,762,756,894,1079,1279,1198,892,1019,1001,,,,,,1152,15879,488,523,644,727,548,641,646,668,727,785,1063,1165,1092,1176,1349,1427,,,,,,2210
2010,2010-03-31,03209,032093,岩手県,一関市,city,03209,120747,4514,5048,5571,5834,4761,5388,6560,6614,6388,7217,8291,9872,8860,7707,7902,8148,,,,,,12072,58382,2292,2549,2907,2985,2468,2806,3456,3450,3277,3646,4273,5139,4529,3618,3484,3409,,,,,,4094,62365,2222,2499,2664,2849,2293,2582,3104,3164,3111,3571,4018,4733,4331,4089,4418,4739,,,,,,7978
2010,2010-03-31,03210,032107,岩手県,陸前高田市,city,03210,24277,710,981,1086,1128,741,871,1115,1334,1345,1454,1599,1875,1899,1936,1847,1762,,,,,,2594,11655,371,473,611,575,387,449,609,696,686,722,801,924,936,921,837,768,,,,,,889,12622,339,508,475,553,354,422,506,638,659,732,798,951,963,1015,1010,994,,,,,,1705
2010,2010-03-31,03211,032115,岩手県,釜石市,city,03211,40338,1304,1538,1690,1653,1274,1535,1869,2128,2218,2255,2435,3401,3156,3345,3343,3097,,,,,,4097,18950,670,777,887,839,653,794,942,1086,1119,1144,1213,1720,1503,1518,1453,1265,,,,,,1367,21388,634,761,803,814,621,741,927,1042,1099,1111,1222,1681,1653,1827,1890,1832,,,,,,2730
2010,2010-03-31,03213,032131,岩手県,二戸市,city,03213,30599,1040,1277,1403,1444,1139,1300,1590,1780,1807,1785,2095,2549,2303,2090,2073,2041,,,,,,2883,14564,522,662,737,732,568,664,824,906,909,932,1078,1299,1132,968,877,859,,,,,,895,16035,518,615,666,712,571,636,766,874,898,853,1017,1250,1171,1122,1196,1182,,,,,,1988
2010,2010-03-31,03214,032140,岩手県,八幡平市,city,03214,29577,886,1016,1308,1370,1241,1324,1489,1533,1429,1743,2114,2691,2219,1974,2136,2170,,,,,,2934,14314,475,537,661,651,640,708,768,815,748,865,1120,1393,1180,938,935,885,,,,,,995,15263,411,479,647,719,601,616,721,718,681,878,994,1298,1039,1036,1201,1285,,,,,,1939
2010,2010-03-31,03215,032158,岩手県,奥州市,city,03215,127020,4812,5579,6007,6264,5486,6137,7302,7433,6692,7532,8498,9810,9361,8042,8439,8226,,,,,,11400,61223,2514,2849,3067,3120,2870,3224,3836,3905,3430,3804,4381,4962,4654,3715,3716,3437,,,,,,3739,65797,2298,2730,2940,3144,2616,2913,3466,3528,3262,3728,4117,4848,4707,4327,4723,4789,,,,,,7661
2010,2010-03-31,03300,033006,岩手県,岩手郡,gun_agg,,95275,3775,4288,4555,5165,5008,5229,5775,6078,5557,6181,6806,7909,7324,5785,5197,4635,,,,,,6008,46654,1929,2261,2321,2647,2639,2671,2989,3089,2783,3131,3442,3995,3685,2759,2354,2011,,,,,,1948,48621,1846,2027,2234,2518,2369,2558,2786,2989,2774,3050,3364,3914,3639,3026,2843,2624,,,,,,4060
2010,2010-03-31,03301,033014,岩手県,岩手郡雫石町,town,03301,18459,593,717,805,924,862,875,958,1009,1020,1143,1302,1604,1493,1218,1256,1191,,,,,,1489,8886,306,359,409,478,428,446,495,504,514,583,661,826,761,568,572,504,,,,,,472,9573,287,358,396,446,434,429,463,505,506,560,641,778,732,650,684,687,,,,,,1017
2010,2010-03-31,03302,033022,岩手県,岩手郡葛巻町,town,03302,7594,159,209,270,348,240,266,282,294,354,448,555,700,621,590,657,683,,,,,,918,3690,78,104,149,180,141,154,168,159,198,224,286,382,322,277,288,280,,,,,,300,3904,81,105,121,168,99,112,114,135,156,224,269,318,299,313,369,403,,,,,,618
2010,2010-03-31,03303,033031,岩手県,岩手郡岩手町,town,03303,15741,474,579,704,805,691,678,736,789,853,1015,1130,1346,1114,1006,1153,1135,,,,,,1533,7727,249,306,356,445,376,371,383,421,416,543,590,717,591,436,495,499,,,,,,533,8014,225,273,348,360,315,307,353,368,437,472,540,629,523,570,658,636,,,,,,1000
2010,2010-03-31,03305,033057,岩手県,岩手郡滝沢村,village,03305,53481,2549,2783,2776,3088,3215,3410,3799,3986,3330,3575,3819,4259,4096,2971,2131,1626,,,,,,2068,26351,1296,1492,1407,1544,1694,1700,1943,2005,1655,1781,1905,2070,2011,1478,999,728,,,,,,643,27130,1253,1291,1369,1544,1521,1710,1856,1981,1675,1794,1914,2189,2085,1493,1132,898,,,,,,1425
2010,2010-03-31,03320,033201,岩手県,紫波郡,gun_agg,,61239,2443,3034,3289,3449,2990,3207,3704,4287,3897,4160,4290,4753,4647,3484,3057,2842,,,,,,3706,29413,1246,1534,1675,1738,1471,1646,1829,2164,1900,2056,2135,2355,2345,1647,1329,1161,,,,,,1182,31826,1197,1500,1614,1711,1519,1561,1875,2123,1997,2104,2155,2398,2302,1837,1728,1681,,,,,,2524
2010,2010-03-31,03321,033219,岩手県,紫波郡紫波町,town,03321,34223,1282,1646,1754,1896,1618,1645,1968,2262,2142,2264,2379,2673,2644,2077,1901,1784,,,,,,2288,16357,641,847,910,961,787,853,975,1130,1046,1150,1175,1313,1334,955,823,730,,,,,,727,17866,641,799,844,935,831,792,993,1132,1096,1114,1204,1360,1310,1122,1078,1054,,,,,,1561
2010,2010-03-31,03322,033227,岩手県,紫波郡矢巾町,town,03322,27016,1161,1388,1535,1553,1372,1562,1736,2025,1755,1896,1911,2080,2003,1407,1156,1058,,,,,,1418,13056,605,687,765,777,684,793,854,1034,854,906,960,1042,1011,692,506,431,,,,,,455,13960,556,701,770,776,688,769,882,991,901,990,951,1038,992,715,650,627,,,,,,963
2010,2010-03-31,03360,033600,岩手県,和賀郡,gun_agg,,6990,169,197,240,303,254,235,246,236,265,374,511,583,520,541,603,680,,,,,,1033,3267,82,99,119,167,128,125,133,119,130,191,293,300,265,230,251,288,,,,,,347,3723,87,98,121,136,126,110,113,117,135,183,218,283,255,311,352,392,,,,,,686
2010,2010-03-31,03366,033669,岩手県,和賀郡西和賀町,town,03366,6990,169,197,240,303,254,235,246,236,265,374,511,583,520,541,603,680,,,,,,1033,3267,82,99,119,167,128,125,133,119,130,191,293,300,265,230,251,288,,,,,,347,3723,87,98,121,136,126,110,113,117,135,183,218,283,255,311,352,392,,,,,,686
2010,2010-03-31,03380,033804,岩手県,胆沢郡,gun_agg,,16298,682,778,721,893,776,857,1037,1051,886,1010,1071,1245,1074,923,1021,944,,,,,,1329,8091,349,398,374,458,431,464,546,574,471,540,540,651,560,437,447,410,,,,,,441,8207,333,380,347,435,345,393,491,477,415,470,531,594,514,486,574,534,,,,,,888
2010,2010-03-31,03381,033812,岩手県,胆沢郡金ケ崎町,town,03381,16298,682,778,721,893,776,857,1037,1051,886,1010,1071,1245,1074,923,1021,944,,,,,,1329,8091,349,398,374,458,431,464,546,574,471,540,540,651,560,437,447,410,,,,,,441,8207,333,380,347,435,345,393,491,477,415,470,531,594,514,486,574,534,,,,,,888
2010,2010-03-31,03400,034002,岩手県,西磐井郡,gun_agg,,8577,309,338,365,407,357,405,480,434,386,521,603,736,687,561,554,582,,,,,,852,4144,166,166,188,205,186,233,261,239,190,253,309,373,366,262,245,237,,,,,,265,4433,143,172,177,202,171,172,219,195,196,268,294,363,321,299,309,345,,,,,,587
2010,2010-03-31,03402,034029,岩手県,西磐井郡平泉町,town,03402,8577,309,338,365,407,357,405,480,434,386,521,603,736,687,561,554,582,,,,,,852,4144,166,166,188,205,186,233,261,239,190,253,309,373,366,262,245,237,,,,,,265,4433,143,172,177,202,171,172,219,195,196,268,294,363,321,299,309,345,,,,,,587
2010,2010-03-31,03420,034207,岩手県,東磐井郡,gun_agg,,9299,275,343,406,433,316,387,436,415,407,556,689,801,688,553,624,759,,,,,,1211,4582,157,165,204,224,161,214,240,239,199,312,352,427,397,286,291,286,,,,,,428,4717,118,178,202,209,155,173,196,176,208,244,337,374,291,267,333,473,,,,,,783
2010,2010-03-31,03422,034223,岩手県,東磐井郡藤沢町,town,03422,9299,275,343,406,433,316,387,436,415,407,556,689,801,688,553,624,759,,,,,,1211,4582,157,165,204,224,161,214,240,239,199,312,352,427,397,286,291,286,,,,,,428,4717,118,178,202,209,155,173,196,176,208,244,337,374,291,267,333,473,,,,,,783
2010,2010-03-31,03440,034401,岩手県,気仙郡,gun_agg,,6376,175,201,210,271,220,228,259,250,277,368,450,532,479,466,494,588,,,,,,908,3087,91,87,122,141,119,121,150,123,148,203,242,294,248,212,234,242,,,,,,310,3289,84,114,88,130,101,107,109,127,129,165,208,238,231,254,260,346,,,,,,598
2010,2010-03-31,03441,034410,岩手県,気仙郡住田町,town,03441,6376,175,201,210,271,220,228,259,250,277,368,450,532,479,466,494,588,,,,,,908,3087,91,87,122,141,119,121,150,123,148,203,242,294,248,212,234,242,,,,,,310,3289,84,114,88,130,101,107,109,127,129,165,208,238,231,254,260,346,,,,,,598
2010,2010-03-31,03460,034606,岩手県,上閉伊郡,gun_agg,,16171,474,592,737,795,617,596,721,886,847,973,1097,1366,1364,1296,1233,1140,,,,,,1437,7652,248,298,364,380,299,308,365,489,409,481,555,701,683,599,517,473,,,,,,483,8519,226,294,373,415,318,288,356,397,438,492,542,665,681,697,716,667,,,,,,954
2010,2010-03-31,03461,034614,岩手県,上閉伊郡大槌町,town,03461,16171,474,592,737,795,617,596,721,886,847,973,1097,1366,1364,1296,1233,1140,,,,,,1437,7652,248,298,364,380,299,308,365,489,409,481,555,701,683,599,517,473,,,,,,483,8519,226,294,373,415,318,288,356,397,438,492,542,665,681,697,716,667,,,,,,954
2010,2010-03-31,03480,034801,岩手県,下閉伊郡,gun_agg,,37854,1136,1450,1749,1730,1195,1394,1617,2016,2005,2134,2537,3180,3153,2968,3020,2784,,,,,,3786,18328,580,738,890,874,636,736,867,1098,1038,1135,1324,1641,1601,1379,1350,1231,,,,,,1210,19526,556,712,859,856,559,658,750,918,967,999,1213,1539,1552,1589,1670,1553,,,,,,2576
2010,2010-03-31,03482,034827,岩手県,下閉伊郡山田町,town,03482,19461,603,786,1007,893,595,783,914,1110,1162,1048,1195,1570,1725,1597,1480,1233,,,,,,1760,9372,318,392,503,449,315,394,482,598,595,564,613,781,870,728,672,546,,,,,,552,10089,285,394,504,444,280,389,432,512,567,484,582,789,855,869,808,687,,,,,,1208
2010,2010-03-31,03483,034835,岩手県,下閉伊郡岩泉町,town,03483,11318,312,406,413,495,371,360,402,518,512,665,806,957,870,891,1039,1010,,,,,,1291,5488,155,213,214,250,197,217,211,289,266,346,431,516,449,419,448,441,,,,,,426,5830,157,193,199,245,174,143,191,229,246,319,375,441,421,472,591,569,,,,,,865
2010,2010-03-31,03484,034843,岩手県,下閉伊郡田野畑村,village,03484,3976,121,143,193,194,123,142,163,218,176,220,305,367,321,273,279,296,,,,,,442,1954,60,72,103,101,69,71,88,118,90,114,153,207,161,137,127,135,,,,,,148,2022,61,71,90,93,54,71,75,100,86,106,152,160,160,136,152,161,,,,,,294
2010,2010-03-31,03485,034851,岩手県,下閉伊郡普代村,village,03485,3099,100,115,136,148,106,109,138,170,155,201,231,286,237,207,222,245,,,,,,293,1514,47,61,70,74,55,54,86,93,87,111,127,137,121,95,103,109,,,,,,84,1585,53,54,66,74,51,55,52,77,68,90,104,149,116,112,119,136,,,,,,209
2010,2010-03-31,03500,035009,岩手県,九戸郡,gun_agg,,41824,1251,1570,1962,2127,1626,1624,1990,2114,2309,2557,3041,3734,3213,2863,3039,2933,,,,,,3871,20398,632,803,995,1081,860,844,1082,1158,1224,1347,1595,1958,1681,1297,1353,1203,,,,,,1285,21426,619,767,967,1046,766,780,908,956,1085,1210,1446,1776,1532,1566,1686,1730,,,,,,2586
2010,2010-03-31,03501,035017,岩手県,九戸郡軽米町,town,03501,10727,317,363,474,557,401,420,470,467,625,690,777,975,791,741,814,786,,,,,,1059,5286,159,176,243,279,223,217,273,267,330,375,424,521,421,332,359,325,,,,,,362,5441,158,187,231,278,178,203,197,200,295,315,353,454,370,409,455,461,,,,,,697
2010,2010-03-31,03503,035033,岩手県,九戸郡野田村,village,03503,4884,152,160,232,295,211,184,224,273,299,311,355,394,369,314,313,349,,,,,,449,2388,81,92,118,155,103,99,114,152,154,162,194,204,182,140,147,136,,,,,,155,2496,71,68,114,140,108,85,110,121,145,149,161,190,187,174,166,213,,,,,,294
2010,2010-03-31,03506,035068,岩手県,九戸郡九戸村,village,03506,6699,195,249,266,319,229,208,322,316,316,361,473,631,523,492,551,503,,,,,,745,3254,93,133,135,170,132,106,173,175,169,190,238,333,268,218,243,212,,,,,,266,3445,102,116,131,149,97,102,149,141,147,171,235,298,255,274,308,291,,,,,,479
2010,2010-03-31,03507,035076,岩手県,九戸郡洋野町,town,03507,19514,587,798,990,956,785,812,974,1058,1069,1195,1436,1734,1530,1316,1361,1295,,,,,,1618,9470,299,402,499,477,402,422,522,564,571,620,739,900,810,607,604,530,,,,,,502,10044,288,396,491,479,383,390,452,494,498,575,697,834,720,709,757,765,,,,,,1116
2010,2010-03-31,03520,035203,岩手県,二戸郡,gun_agg,,14678,405,457,553,607,530,610,614,703,760,882,1137,1335,1105,984,1149,1212,,,,,,1635,7071,226,226,284,304,274,339,349,358,404,471,583,729,567,439,497,500,,,,,,521,7607,179,231,269,303,256,271,265,345,356,411,554,606,538,545,652,712,,,,,,1114
2010,2010-03-31,03524,035246,岩手県,二戸郡一戸町,town,03524,14678,405,457,553,607,530,610,614,703,760,882,1137,1335,1105,984,1149,1212,,,,,,1635,7071,226,226,284,304,274,339,349,358,404,471,583,729,567,439,497,500,,,,,,521,7607,179,231,269,303,256,271,265,345,356,411,554,606,538,545,652,712,,,,,,1114
2010,2010-03-31,04000,040002,宮城県,,pref,,2329344,96833,105046,110094,114727,129427,143198,159103,168797,146979,144361,152087,175026,166876,136029,120524,109804,,,,,,150433,1132240,49735,53842,56672,58496,65764,71293,80544,85530,74300,72329,75864,87065,83039,65492,54700,46435,,,,,,51140,1197104,47098,51204,53422,56231,63663,71905,78559,83267,72679,72032,76223,87961,83837,70537,65824,63369,,,,,,99293
2010,2010-03-31,04100,041009,宮城県,仙台市,city_agg,,1010256,44878,45766,47066,48764,63927,71039,78770,85390,72662,64663,61830,68435,68725,55872,44863,38062,,,,,,49544,488671,23011,23494,24167,24810,31883,34202,38870,42627,36543,32120,30334,33041,33197,26583,20452,16165,,,,,,17172,521585,21867,22272,22899,23954,32044,36837,39900,42763,36119,32543,31496,35394,35528,29289,24411,21897,,,,,,32372
2010,2010-03-31,04101,041017,宮城県,仙台市青葉区,ward,04100,271520,10903,11281,11764,12550,20145,19773,20766,21942,19235,17470,16573,17978,18010,14719,12100,10949,,,,,,15362,129344,5660,5855,6049,6380,10272,9382,10042,10798,9506,8514,7908,8642,8547,6834,5294,4494,,,,,,5167,142176,5243,5426,5715,6170,9873,10391,10724,11144,9729,8956,8665,9336,9463,7885,6806,6455,,,,,,10195
2010,2010-03-31,04102,041025,宮城県,仙台市宮城野区,ward,04100,183307,9498,8439,8188,8634,11172,14774,16465,16882,13387,11503,10784,11342,11296,9074,7543,6413,,,,,,7913,89637,4877,4351,4163,4442,5339,7178,8354,8603,6982,5828,5506,5501,5589,4209,3363,2653,,,,,,2699,93670,4621,4088,4025,4192,5833,7596,8111,8279,6405,5675,5278,5841,5707,4865,4180,3760,,,,,,5214
2010,2010-03-31,04103,041033,宮城県,仙台市若林区,ward,04100,127967,5728,5523,5875,5829,7814,9655,10395,11125,9247,8252,7692,8514,8393,6820,5690,4975,,,,,,6440,62343,2906,2769,3009,3001,3839,4760,5192,5678,4719,4161,3876,4229,4130,3242,2545,2080,,,,,,2207,65624,2822,2754,2866,2828,3975,4895,5203,5447,4528,4091,3816,4285,4263,3578,3145,2895,,,,,,4233
2010,2010-03-31,04104,041041,宮城県,仙台市太白区,ward,04100,217025,9690,10217,10424,10351,12383,13772,16144,18277,15804,13633,13027,14824,15068,12727,10435,8686,,,,,,11563,105471,4964,5273,5373,5238,6434,6645,7990,9107,7955,6904,6425,7216,7163,6115,4830,3736,,,,,,4103,111554,4726,4944,5051,5113,5949,7127,8154,9170,7849,6729,6602,7608,7905,6612,5605,4950,,,,,,7460
2010,2010-03-31,04105,041050,宮城県,仙台市泉区,ward,04100,210437,9059,10306,10815,11400,12413,13065,15000,17164,14989,13805,13754,15777,15958,12532,9095,7039,,,,,,8266,101876,4604,5246,5573,5749,5999,6237,7292,8441,7381,6713,6619,7453,7768,6183,4420,3202,,,,,,2996,108561,4455,5060,5242,5651,6414,6828,7708,8723,7608,7092,7135,8324,8190,6349,4675,3837,,,,,,5270
2010,2010-03-31,04202,042021,宮城県,石巻市,city,04202,163594,5920,7044,7720,7969,7865,8388,9544,9995,9448,9862,10663,12648,12627,11319,10407,9347,,,,,,12828,78850,3025,3571,3920,4052,4063,4325,4948,5109,4784,4943,5355,6308,6239,5408,4643,3929,,,,,,4228,84744,2895,3473,3800,3917,3802,4063,4596,4886,4664,4919,5308,6340,6388,5911,5764,5418,,,,,,8600
2010,2010-03-31,04203,042030,宮城県,塩竈市,city,04203,57837,1852,2240,2566,2935,2995,2940,3198,3602,3411,3565,3851,4498,4747,4145,3761,3296,,,,,,4235,27723,948,1140,1300,1451,1489,1561,1606,1830,1705,1758,1918,2222,2268,1953,1672,1409,,,,,,1493,30114,904,1100,1266,1484,1506,1379,1592,1772,1706,1807,1933,2276,2479,2192,2089,1887,,,,,,2742
2010,2010-03-31,04205,042056,宮城県,気仙沼市,city,04205,74926,2312,3009,3589,3582,2560,2790,3631,4271,4465,4734,5090,5969,6349,5869,5406,4880,,,,,,6420,36226,1173,1559,1898,1789,1354,1425,1866,2246,2310,2368,2522,3043,3139,2786,2523,2098,,,,,,2127,38700,1139,1450,1691,1793,1206,1365,1765,2025,2155,2366,2568,2926,3210,3083,2883,2782,,,,,,4293
2010,2010-03-31,04206,042064,宮城県,白石市,city,04206,38049,1327,1525,1631,1850,1926,2038,2134,2205,2003,2255,2691,3150,2853,2391,2252,2280,,,,,,3538,18617,690,808,815,988,1025,1051,1106,1167,1006,1126,1405,1594,1471,1178,1009,957,,,,,,1221,19432,637,717,816,862,901,987,1028,1038,997,1129,1286,1556,1382,1213,1243,1323,,,,,,2317
2010,2010-03-31,04207,042072,宮城県,名取市,city,04207,72150,3385,3677,3944,4138,3889,4384,5115,5616,4832,4920,4747,5134,4662,3939,3339,2779,,,,,,3650,35293,1676,1855,2070,2125,1917,2142,2580,2804,2469,2381,2388,2597,2379,1864,1582,1221,,,,,,1243,36857,1709,1822,1874,2013,1972,2242,2535,2812,2363,2539,2359,2537,2283,2075,1757,1558,,,,,,2407
2010,2010-03-31,04208,042081,宮城県,角田市,city,04208,32062,1183,1368,1369,1542,1721,1782,1819,1853,1570,1776,2250,2717,2540,1918,1730,1853,,,,,,3071,15836,602,723,702,805,940,926,973,945,832,878,1148,1377,1335,988,817,770,,,,,,1075,16226,581,645,667,737,781,856,846,908,738,898,1102,1340,1205,930,913,1083,,,,,,1996
2010,2010-03-31,04209,042099,宮城県,多賀城市,city,04209,62658,3207,3137,3201,3241,3594,4420,4896,5036,4238,3816,3829,4366,4323,3528,2842,2317,,,,,,2667,31293,1676,1611,1686,1678,1967,2252,2505,2583,2208,1947,1946,2116,2150,1678,1324,1023,,,,,,943,31365,1531,1526,1515,1563,1627,2168,2391,2453,2030,1869,1883,2250,2173,1850,1518,1294,,,,,,1724
2010,2010-03-31,04211,042111,宮城県,岩沼市,city,04211,44308,2232,2371,2212,2160,2436,2882,3447,3479,2678,2577,2766,3401,3090,2407,2031,1706,,,,,,2433,21793,1183,1216,1178,1121,1221,1430,1688,1827,1389,1277,1396,1692,1511,1171,966,714,,,,,,813,22515,1049,1155,1034,1039,1215,1452,1759,1652,1289,1300,1370,1709,1579,1236,1065,992,,,,,,1620
2010,2010-03-31,04212,042129,宮城県,登米市,city,04212,86289,3125,3680,3925,4124,3986,4578,4880,4448,4056,5132,6471,7735,5989,4644,5350,5670,,,,,,8496,41886,1643,1907,2006,2146,2070,2342,2684,2310,2079,2582,3295,4006,3180,2270,2300,2283,,,,,,2783,44403,1482,1773,1919,1978,1916,2236,2196,2138,1977,2550,3176,3729,2809,2374,3050,3387,,,,,,5713
2010,2010-03-31,04213,042137,宮城県,栗原市,city,04213,77340,2467,2914,3248,3391,3354,3605,3887,3730,3338,4220,5709,7048,5852,4646,5391,6049,,,,,,8491,37355,1292,1502,1665,1728,1783,1926,2108,1961,1713,2203,2870,3616,3087,2207,2270,2538,,,,,,2886,39985,1175,1412,1583,1663,1571,1679,1779,1769,1625,2017,2839,3432,2765,2439,3121,3511,,,,,,5605
2010,2010-03-31,04214,042145,宮城県,東松島市,city,04214,43337,1918,2128,2219,2260,2188,2572,2829,3029,2489,2480,2765,3396,3250,2702,2355,1996,,,,,,2761,21220,1008,1098,1152,1152,1172,1313,1446,1529,1267,1255,1362,1729,1604,1325,1074,854,,,,,,880,22117,910,1030,1067,1108,1016,1259,1383,1500,1222,1225,1403,1667,1646,1377,1281,1142,,,,,,1881
2010,2010-03-31,04215,042153,宮城県,大崎市,city,04215,135975,5788,6208,6357,6656,6716,8129,8791,8632,7494,8382,9449,11115,9487,7253,7478,7634,,,,,,10406,66194,2951,3148,3321,3405,3431,4266,4572,4435,3809,4336,4742,5682,4844,3475,3282,3092,,,,,,3403,69781,2837,3060,3036,3251,3285,3863,4219,4197,3685,4046,4707,5433,4643,3778,4196,4542,,,,,,7003
2010,2010-03-31,04300,043001,宮城県,刈田郡,gun_agg,,14956,474,602,672,801,718,711,719,741,733,880,1022,1277,1149,914,922,996,,,,,,1625,7297,231,300,334,397,375,368,384,363,367,475,547,659,611,466,414,424,,,,,,582,7659,243,302,338,404,343,343,335,378,366,405,475,618,538,448,508,572,,,,,,1043
2010,2010-03-31,04301,043010,宮城県,刈田郡蔵王町,town,04301,13212,434,551,604,713,652,652,656,680,674,787,923,1153,1040,806,793,807,,,,,,1287,6445,214,276,296,344,337,334,350,335,336,424,490,591,556,417,353,342,,,,,,450,6767,220,275,308,369,315,318,306,345,338,363,433,562,484,389,440,465,,,,,,837
2010,2010-03-31,04302,043028,宮城県,刈田郡七ヶ宿町,town,04302,1744,40,51,68,88,66,59,63,61,59,93,99,124,109,108,129,189,,,,,,338,852,17,24,38,53,38,34,34,28,31,51,57,68,55,49,61,82,,,,,,132,892,23,27,30,35,28,25,29,33,28,42,42,56,54,59,68,107,,,,,,206
2010,2010-03-31,04320,043206,宮城県,柴田郡,gun_agg,,84335,3511,3704,3938,4140,4872,5163,5363,5636,4656,4699,5712,6800,6535,5126,4481,3996,,,,,,6003,41664,1791,1883,2060,2110,2578,2693,2829,2927,2337,2401,2825,3397,3336,2611,2128,1717,,,,,,2041,42671,1720,1821,1878,2030,2294,2470,2534,2709,2319,2298,2887,3403,3199,2515,2353,2279,,,,,,3962
2010,2010-03-31,04321,043214,宮城県,柴田郡大河原町,town,04321,23437,1139,1152,1129,1093,1213,1554,1612,1738,1417,1349,1555,1656,1663,1365,1219,1084,,,,,,1499,11447,586,571,584,546,582,799,856,886,690,721,743,831,816,688,566,465,,,,,,517,11990,553,581,545,547,631,755,756,852,727,628,812,825,847,677,653,619,,,,,,982
2010,2010-03-31,04322,043222,宮城県,柴田郡村田町,town,04322,12259,454,477,581,580,665,690,683,717,594,666,907,1080,918,740,681,723,,,,,,1103,6078,233,245,315,295,324,361,371,370,299,342,457,565,502,390,312,303,,,,,,394,6181,221,232,266,285,341,329,312,347,295,324,450,515,416,350,369,420,,,,,,709
2010,2010-03-31,04323,043231,宮城県,柴田郡柴田町,town,04323,38491,1608,1711,1757,1991,2472,2348,2589,2634,2124,2120,2471,3082,3177,2429,1998,1619,,,,,,2361,19149,808,882,923,1028,1412,1232,1344,1367,1095,1050,1223,1478,1591,1231,986,705,,,,,,794,19342,800,829,834,963,1060,1116,1245,1267,1029,1070,1248,1604,1586,1198,1012,914,,,,,,1567
2010,2010-03-31,04324,043249,宮城県,柴田郡川崎町,town,04324,10148,310,364,471,476,522,571,479,547,521,564,779,982,777,592,583,570,,,,,,1040,4990,164,185,238,241,260,301,258,304,253,288,402,523,427,302,264,244,,,,,,336,5158,146,179,233,235,262,270,221,243,268,276,377,459,350,290,319,326,,,,,,704
2010,2010-03-31,04340,043401,宮城県,伊具郡,gun_agg,,16033,474,583,642,777,699,788,760,679,736,883,1106,1425,1175,1007,1042,1174,,,,,,2083,7920,254,288,342,394,381,420,412,363,365,468,604,754,627,503,467,516,,,,,,762,8113,220,295,300,383,318,368,348,316,371,415,502,671,548,504,575,658,,,,,,1321
2010,2010-03-31,04341,043419,宮城県,伊具郡丸森町,town,04341,16033,474,583,642,777,699,788,760,679,736,883,1106,1425,1175,1007,1042,1174,,,,,,2083,7920,254,288,342,394,381,420,412,363,365,468,604,754,627,503,467,516,,,,,,762,8113,220,295,300,383,318,368,348,316,371,415,502,671,548,504,575,658,,,,,,1321
2010,2010-03-31,04360,043605,宮城県,亘理郡,gun_agg,,52540,1858,2258,2454,2529,2693,2790,3149,3194,2761,2924,3630,4479,4498,3483,3000,2745,,,,,,4095,25559,926,1170,1252,1254,1350,1416,1603,1601,1397,1476,1840,2280,2234,1768,1419,1180,,,,,,1393,26981,932,1088,1202,1275,1343,1374,1546,1593,1364,1448,1790,2199,2264,1715,1581,1565,,,,,,2702
2010,2010-03-31,04361,043613,宮城県,亘理郡亘理町,town,04361,35648,1398,1662,1775,1775,1866,2030,2283,2281,1985,2026,2530,2965,2955,2205,1860,1673,,,,,,2379,17359,682,884,884,888,939,1010,1159,1134,994,1015,1290,1504,1470,1117,874,713,,,,,,802,18289,716,778,891,887,927,1020,1124,1147,991,1011,1240,1461,1485,1088,986,960,,,,,,1577
2010,2010-03-31,04362,043621,宮城県,亘理郡山元町,town,04362,16892,460,596,679,754,827,760,866,913,776,898,1100,1514,1543,1278,1140,1072,,,,,,1716,8200,244,286,368,366,411,406,444,467,403,461,550,776,764,651,545,467,,,,,,591,8692,216,310,311,388,416,354,422,446,373,437,550,738,779,627,595,605,,,,,,1125
2010,2010-03-31,04400,044008,宮城県,宮城郡,gun_agg,,70702,2872,3419,3687,4326,3999,3781,4166,4843,4444,4840,5190,5629,5088,4124,3511,2974,,,,,,3809,34692,1506,1774,1887,2215,2011,1870,2113,2467,2201,2337,2640,2882,2601,1984,1625,1309,,,,,,1270,36010,1366,1645,1800,2111,1988,1911,2053,2376,2243,2503,2550,2747,2487,2140,1886,1665,,,,,,2539
2010,2010-03-31,04401,044016,宮城県,宮城郡松島町,town,04401,15540,428,531,612,776,795,749,803,806,908,890,1040,1257,1274,1119,1142,1010,,,,,,1400,7522,237,292,345,377,404,352,438,434,455,429,531,609,653,507,525,441,,,,,,493,8018,191,239,267,399,391,397,365,372,453,461,509,648,621,612,617,569,,,,,,907
2010,2010-03-31,04404,044041,宮城県,宮城郡七ヶ浜町,town,04404,20991,825,993,1113,1249,1149,1073,1137,1397,1354,1424,1519,1719,1549,1329,1131,898,,,,,,1132,10411,430,509,578,677,585,575,573,714,684,696,777,901,793,622,530,407,,,,,,360,10580,395,484,535,572,564,498,564,683,670,728,742,818,756,707,601,491,,,,,,772
2010,2010-03-31,04406,044067,宮城県,宮城郡利府町,town,04406,34171,1619,1895,1962,2301,2055,1959,2226,2640,2182,2526,2631,2653,2265,1676,1238,1066,,,,,,1277,16759,839,973,964,1161,1022,943,1102,1319,1062,1212,1332,1372,1155,855,570,461,,,,,,417,17412,780,922,998,1140,1033,1016,1124,1321,1120,1314,1299,1281,1110,821,668,605,,,,,,860
2010,2010-03-31,04420,044202,宮城県,黒川郡,gun_agg,,86605,4528,5122,4981,4674,4527,5189,6351,6848,5752,5558,5696,6603,5756,4199,3517,3007,,,,,,4297,42929,2357,2595,2505,2429,2263,2556,3211,3528,2887,2853,2792,3391,2957,2136,1680,1301,,,,,,1488,43676,2171,2527,2476,2245,2264,2633,3140,3320,2865,2705,2904,3212,2799,2063,1837,1706,,,,,,2809
2010,2010-03-31,04421,044211,宮城県,黒川郡大和町,town,04421,24825,1229,1199,1242,1335,1411,1675,1890,1754,1463,1626,1671,1823,1474,1127,1136,1149,,,,,,1621,12501,652,626,648,686,744,868,1006,926,763,853,872,983,770,537,529,495,,,,,,543,12324,577,573,594,649,667,807,884,828,700,773,799,840,704,590,607,654,,,,,,1078
2010,2010-03-31,04422,044229,宮城県,黒川郡大郷町,town,04422,9111,318,340,351,404,486,581,545,401,380,455,679,917,707,508,499,602,,,,,,938,4456,176,173,163,203,254,305,295,228,196,216,335,486,375,262,215,248,,,,,,326,4655,142,167,188,201,232,276,250,173,184,239,344,431,332,246,284,354,,,,,,612
2010,2010-03-31,04423,044237,宮城県,黒川郡富谷町,town,04423,47211,2761,3308,3102,2664,2339,2643,3563,4368,3663,3164,2956,3381,3165,2286,1593,969,,,,,,1286,23258,1403,1658,1539,1381,1121,1232,1727,2219,1809,1620,1387,1662,1604,1183,813,435,,,,,,465,23953,1358,1650,1563,1283,1218,1411,1836,2149,1854,1544,1569,1719,1561,1103,780,534,,,,,,821
2010,2010-03-31,04424,044245,宮城県,黒川郡大衡村,village,04424,5458,220,275,286,271,291,290,353,325,246,313,390,482,410,278,289,287,,,,,,452,2714,126,138,155,159,144,151,183,155,119,164,198,260,208,154,123,123,,,,,,154,2744,94,137,131,112,147,139,170,170,127,149,192,222,202,124,166,164,,,,,,298
2010,2010-03-31,04440,044407,宮城県,加美郡,gun_agg,,33899,1228,1436,1457,1583,1590,1746,1818,1744,1591,2003,2495,2985,2503,1915,2138,2321,,,,,,3346,16498,618,735,713,791,799,919,997,902,797,1023,1311,1572,1318,912,969,953,,,,,,1169,17401,610,701,744,792,791,827,821,842,794,980,1184,1413,1185,1003,1169,1368,,,,,,2177
2010,2010-03-31,04444,044440,宮城県,加美郡色麻町,town,04444,7569,309,342,327,345,380,453,447,367,356,468,560,668,571,361,448,473,,,,,,694,3667,155,171,157,181,188,240,237,185,182,234,301,336,313,174,196,180,,,,,,237,3902,154,171,170,164,192,213,210,182,174,234,259,332,258,187,252,293,,,,,,457
2010,2010-03-31,04445,044458,宮城県,加美郡加美町,town,04445,26330,919,1094,1130,1238,1210,1293,1371,1377,1235,1535,1935,2317,1932,1554,1690,1848,,,,,,2652,12831,463,564,556,610,611,679,760,717,615,789,1010,1236,1005,738,773,773,,,,,,932,13499,456,530,574,628,599,614,611,660,620,746,925,1081,927,816,917,1075,,,,,,1720
2010,2010-03-31,04500,045004,宮城県,遠田郡,gun_agg,,43446,1399,1775,1858,1941,2068,2293,2482,2348,2063,2460,3227,3989,3514,2716,2690,2746,,,,,,3877,21052,706,911,994,960,1063,1227,1312,1258,1035,1234,1658,1991,1799,1330,1154,1149,,,,,,1271,22394,693,864,864,981,1005,1066,1170,1090,1028,1226,1569,1998,1715,1386,1536,1597,,,,,,2606
2010,2010-03-31,04501,045012,宮城県,遠田郡涌谷町,town,04501,17854,555,752,746,788,911,1000,996,904,813,1055,1370,1700,1404,1096,1106,1164,,,,,,1494,8705,277,400,389,400,474,544,529,491,393,530,709,870,720,544,484,478,,,,,,473,9149,278,352,357,388,437,456,467,413,420,525,661,830,684,552,622,686,,,,,,1021
2010,2010-03-31,04505,045055,宮城県,遠田郡美里町,town,04505,25592,844,1023,1112,1153,1157,1293,1486,1444,1250,1405,1857,2289,2110,1620,1584,1582,,,,,,2383,12347,429,511,605,560,589,683,783,767,642,704,949,1121,1079,786,670,671,,,,,,798,13245,415,512,507,593,568,610,703,677,608,701,908,1168,1031,834,914,911,,,,,,1585
2010,2010-03-31,04580,045802,宮城県,牡鹿郡,gun_agg,,10232,317,372,435,433,446,474,521,497,522,522,618,783,843,833,817,767,,,,,,1032,4952,162,202,212,234,257,280,286,258,270,273,299,390,418,383,377,325,,,,,,326,5280,155,170,223,199,189,194,235,239,252,249,319,393,425,450,440,442,,,,,,706
2010,2010-03-31,04581,045811,宮城県,牡鹿郡女川町,town,04581,10232,317,372,435,433,446,474,521,497,522,522,618,783,843,833,817,767,,,,,,1032,4952,162,202,212,234,257,280,286,258,270,273,299,390,418,383,377,325,,,,,,326,5280,155,170,223,199,189,194,235,239,252,249,319,393,425,450,440,442,,,,,,706
2010,2010-03-31,04600,046001,宮城県,本吉郡,gun_agg,,17815,578,708,923,911,658,716,833,981,1037,1210,1280,1444,1321,1079,1201,1209,,,,,,1726,8720,306,352,493,462,372,383,445,490,530,615,667,726,734,513,553,508,,,,,,571,9095,272,356,430,449,286,333,388,491,507,595,613,718,587,566,648,701,,,,,,1155
2010,2010-03-31,04606,046060,宮城県,本吉郡南三陸町,town,04606,17815,578,708,923,911,658,716,833,981,1037,1210,1280,1444,1321,1079,1201,1209,,,,,,1726,8720,306,352,493,462,372,383,445,490,530,615,667,726,734,513,553,508,,,,,,571,9095,272,356,430,449,286,333,388,491,507,595,613,718,587,566,648,701,,,,,,1155
2010,2010-03-31,05000,050008,秋田県,,pref,,1108237,36878,42052,48366,50759,44585,50735,60663,64528,60549,67953,77914,92061,89588,73685,74836,73204,,,,,,99881,523940,18846,21475,24751,25762,22824,26111,31494,32705,30211,33601,38549,45675,44023,33656,32271,29833,,,,,,32153,584297,18032,20577,23615,24997,21761,24624,29169,31823,30338,34352,39365,46386,45565,40029,42565,43371,,,,,,67728
2010,2010-03-31,05201,052019,秋田県,秋田市,city,05201,323425,12220,13458,14815,15527,15149,16882,20681,22906,20300,21009,22233,25457,25699,20104,18432,16589,,,,,,21964,152683,6200,6794,7642,7827,7444,8260,10400,11424,9926,10044,10718,12367,12312,9371,8057,6696,,,,,,7201,170742,6020,6664,7173,7700,7705,8622,10281,11482,10374,10965,11515,13090,13387,10733,10375,9893,,,,,,14763
2010,2010-03-31,05202,052027,秋田県,能代市,city,05202,60578,1883,2210,2555,2535,1962,2393,3083,3403,3320,3519,4066,5062,5209,4574,4551,4451,,,,,,5802,28245,990,1130,1348,1235,1040,1268,1577,1713,1663,1732,1998,2490,2494,2018,1919,1826,,,,,,1804,32333,893,1080,1207,1300,922,1125,1506,1690,1657,1787,2068,2572,2715,2556,2632,2625,,,,,,3998
2010,2010-03-31,05203,052035,秋田県,横手市,city,05203,101340,3397,3850,4358,4474,3886,4629,5232,5405,5159,5921,7408,8751,7893,6433,6882,7157,,,,,,10505,48162,1768,1946,2221,2310,2019,2429,2804,2751,2567,2957,3717,4332,3883,3044,2974,2972,,,,,,3468,53178,1629,1904,2137,2164,1867,2200,2428,2654,2592,2964,3691,4419,4010,3389,3908,4185,,,,,,7037
2010,2010-03-31,05204,052043,秋田県,大館市,city,05204,80428,2747,2991,3501,3457,2765,3455,4209,4506,4220,4867,5364,6547,6634,5858,5988,5785,,,,,,7534,37673,1418,1546,1769,1764,1394,1785,2199,2303,2102,2422,2692,3217,3228,2555,2535,2331,,,,,,2413,42755,1329,1445,1732,1693,1371,1670,2010,2203,2118,2445,2672,3330,3406,3303,3453,3454,,,,,,5121
2010,2010-03-31,05206,052060,秋田県,男鹿市,city,05206,33164,787,941,1157,1344,1231,1451,1550,1555,1541,1872,2366,3089,3124,2533,2620,2547,,,,,,3456,15621,419,468,595,650,601,748,840,805,785,944,1196,1570,1565,1199,1143,1038,,,,,,1055,17543,368,473,562,694,630,703,710,750,756,928,1170,1519,1559,1334,1477,1509,,,,,,2401
2010,2010-03-31,05207,052078,秋田県,湯沢市,city,05207,52957,1487,1954,2430,2588,1871,2096,2588,2717,2813,3318,4019,4464,3925,3551,3641,3925,,,,,,5570,25202,763,1046,1179,1269,938,1155,1363,1378,1423,1707,2033,2277,1904,1638,1608,1588,,,,,,1933,27755,724,908,1251,1319,933,941,1225,1339,1390,1611,1986,2187,2021,1913,2033,2337,,,,,,3637
2010,2010-03-31,05209,052094,秋田県,鹿角市,city,05209,35619,1207,1349,1562,1642,1101,1496,1830,1897,1689,2143,2430,2897,2905,2582,2692,2662,,,,,,3535,16724,591,715,817,839,606,779,990,1011,839,1096,1213,1447,1463,1102,1101,1107,,,,,,1008,18895,616,634,745,803,495,717,840,886,850,1047,1217,1450,1442,1480,1591,1555,,,,,,2527
2010,2010-03-31,05210,052108,秋田県,由利本荘市,city,05210,86720,3105,3311,3835,4056,3844,4153,4737,4819,4464,5120,6220,7346,6858,5466,5751,5562,,,,,,8073,41498,1575,1686,1943,2079,2080,2205,2508,2500,2254,2576,3093,3705,3510,2471,2481,2226,,,,,,2606,45222,1530,1625,1892,1977,1764,1948,2229,2319,2210,2544,3127,3641,3348,2995,3270,3336,,,,,,5467
2010,2010-03-31,05211,052116,秋田県,潟上市,city,05211,35034,1154,1510,1700,1760,1417,1629,2105,2280,2132,2207,2420,2991,2988,2306,2132,1853,,,,,,2450,16721,640,780,898,916,689,816,1065,1099,1039,1112,1199,1492,1452,1033,969,792,,,,,,730,18313,514,730,802,844,728,813,1040,1181,1093,1095,1221,1499,1536,1273,1163,1061,,,,,,1720
2010,2010-03-31,05212,052124,秋田県,大仙市,city,05212,91308,2967,3286,3769,4137,3652,4159,4876,4808,4627,5596,6504,7730,7120,5739,6538,6802,,,,,,8998,43071,1477,1733,1923,2088,1884,2167,2564,2409,2335,2787,3224,3827,3550,2503,2862,2788,,,,,,2950,48237,1490,1553,1846,2049,1768,1992,2312,2399,2292,2809,3280,3903,3570,3236,3676,4014,,,,,,6048
2010,2010-03-31,05213,052132,秋田県,北秋田市,city,05213,37510,979,1194,1501,1619,1162,1213,1667,1749,1787,2274,2586,3214,3186,2868,3045,3149,,,,,,4317,17674,485,589,757,841,665,650,886,933,956,1165,1303,1588,1582,1329,1273,1272,,,,,,1400,19836,494,605,744,778,497,563,781,816,831,1109,1283,1626,1604,1539,1772,1877,,,,,,2917
2010,2010-03-31,05214,052141,秋田県,にかほ市,city,05214,28317,942,1164,1361,1295,1154,1422,1536,1554,1591,1705,1866,2357,2304,1869,1917,1759,,,,,,2521,13591,490,598,673,659,637,802,826,815,803,847,918,1171,1150,870,801,737,,,,,,794,14726,452,566,688,636,517,620,710,739,788,858,948,1186,1154,999,1116,1022,,,,,,1727
2010,2010-03-31,05215,052159,秋田県,仙北市,city,05215,30599,984,1066,1236,1224,1104,1286,1497,1656,1362,1764,2142,2634,2649,2073,2360,2334,,,,,,3228,14374,471,556,623,624,594,653,794,859,694,877,1058,1292,1334,964,997,968,,,,,,1016,16225,513,510,613,600,510,633,703,797,668,887,1084,1342,1315,1109,1363,1366,,,,,,2212
2010,2010-03-31,05300,053007,秋田県,鹿角郡,gun_agg,,6161,160,232,232,270,154,208,251,304,344,368,389,422,551,521,548,544,,,,,,663,2888,77,130,117,136,81,116,130,152,180,192,196,222,285,224,221,218,,,,,,211,3273,83,102,115,134,73,92,121,152,164,176,193,200,266,297,327,326,,,,,,452
2010,2010-03-31,05303,053031,秋田県,鹿角郡小坂町,town,05303,6161,160,232,232,270,154,208,251,304,344,368,389,422,551,521,548,544,,,,,,663,2888,77,130,117,136,81,116,130,152,180,192,196,222,285,224,221,218,,,,,,211,3273,83,102,115,134,73,92,121,152,164,176,193,200,266,297,327,326,,,,,,452
2010,2010-03-31,05320,053201,秋田県,北秋田郡,gun_agg,,2895,51,56,111,109,67,90,95,108,144,154,185,230,228,254,260,288,,,,,,465,1380,24,27,57,62,45,51,51,61,82,85,99,127,109,112,120,112,,,,,,156,1515,27,29,54,47,22,39,44,47,62,69,86,103,119,142,140,176,,,,,,309
2010,2010-03-31,05327,053279,秋田県,北秋田郡上小阿仁村,village,05327,2895,51,56,111,109,67,90,95,108,144,154,185,230,228,254,260,288,,,,,,465,1380,24,27,57,62,45,51,51,61,82,85,99,127,109,112,120,112,,,,,,156,1515,27,29,54,47,22,39,44,47,62,69,86,103,119,142,140,176,,,,,,309
2010,2010-03-31,05340,053406,秋田県,山本郡,gun_agg,,32414,791,998,1291,1414,1152,1147,1358,1531,1588,1923,2452,2834,2806,2402,2469,2639,,,,,,3619,15215,391,495,670,727,566,633,723,777,829,959,1281,1466,1419,1116,1043,1036,,,,,,1084,17199,400,503,621,687,586,514,635,754,759,964,1171,1368,1387,1286,1426,1603,,,,,,2535
2010,2010-03-31,05346,053465,秋田県,山本郡藤里町,town,05346,3993,93,117,141,133,133,129,168,170,196,191,282,354,341,324,335,357,,,,,,529,1913,42,56,84,77,74,74,92,93,103,106,135,190,174,147,148,143,,,,,,175,2080,51,61,57,56,59,55,76,77,93,85,147,164,167,177,187,214,,,,,,354
2010,2010-03-31,05348,053481,秋田県,山本郡三種町,town,05348,19765,490,598,796,927,770,746,828,929,936,1196,1537,1753,1689,1428,1475,1571,,,,,,2096,9228,242,315,392,474,363,405,437,457,504,576,793,907,850,658,626,628,,,,,,601,10537,248,283,404,453,407,341,391,472,432,620,744,846,839,770,849,943,,,,,,1495
2010,2010-03-31,05349,053490,秋田県,山本郡八峰町,town,05349,8656,208,283,354,354,249,272,362,432,456,536,633,727,776,650,659,711,,,,,,994,4074,107,124,194,176,129,154,194,227,222,277,353,369,395,311,269,265,,,,,,308,4582,101,159,160,178,120,118,168,205,234,259,280,358,381,339,390,446,,,,,,686
2010,2010-03-31,05360,053601,秋田県,南秋田郡,gun_agg,,26866,728,966,1116,1262,1077,1121,1274,1365,1393,1572,1775,2306,2301,1975,2054,1948,,,,,,2633,12679,382,471,576,660,571,584,651,708,687,808,858,1160,1135,881,899,823,,,,,,825,14187,346,495,540,602,506,537,623,657,706,764,917,1146,1166,1094,1155,1125,,,,,,1808
2010,2010-03-31,05361,053619,秋田県,南秋田郡五城目町,town,05361,11092,236,322,393,458,390,458,501,481,536,627,747,965,968,848,967,911,,,,,,1284,5183,116,176,196,240,195,242,260,242,288,319,350,492,489,379,411,370,,,,,,418,5909,120,146,197,218,195,216,241,239,248,308,397,473,479,469,556,541,,,,,,866
2010,2010-03-31,05363,053635,秋田県,南秋田郡八郎潟町,town,05363,6834,195,250,254,295,293,324,319,337,353,405,503,660,585,468,491,485,,,,,,617,3204,97,113,132,144,160,173,167,186,164,203,247,319,299,201,207,202,,,,,,190,3630,98,137,122,151,133,151,152,151,189,202,256,341,286,267,284,283,,,,,,427
2010,2010-03-31,05366,053660,秋田県,南秋田郡井川町,town,05366,5631,154,223,267,284,199,211,305,309,278,339,374,511,471,406,370,390,,,,,,540,2649,86,96,141,147,110,110,145,155,138,172,183,263,234,178,163,165,,,,,,163,2982,68,127,126,137,89,101,160,154,140,167,191,248,237,228,207,225,,,,,,377
2010,2010-03-31,05368,053686,秋田県,南秋田郡大潟村,village,05368,3309,143,171,202,225,195,128,149,238,226,201,151,170,277,253,226,162,,,,,,192,1643,83,86,107,129,106,59,79,125,97,114,78,86,113,123,118,86,,,,,,54,1666,60,85,95,96,89,69,70,113,129,87,73,84,164,130,108,76,,,,,,138
2010,2010-03-31,05420,054208,秋田県,仙北郡,gun_agg,,22412,684,816,915,1063,978,1014,1169,1063,1090,1334,1763,1946,1735,1392,1547,1626,,,,,,2277,10634,356,421,482,560,513,523,618,559,548,640,860,997,849,664,660,668,,,,,,716,11778,328,395,433,503,465,491,551,504,542,694,903,949,886,728,887,958,,,,,,1561
2010,2010-03-31,05434,054348,秋田県,仙北郡美郷町,town,05434,22412,684,816,915,1063,978,1014,1169,1063,1090,1334,1763,1946,1735,1392,1547,1626,,,,,,2277,10634,356,421,482,560,513,523,618,559,548,640,860,997,849,664,660,668,,,,,,716,11778,328,395,433,503,465,491,551,504,542,694,903,949,886,728,887,958,,,,,,1561
2010,2010-03-31,05460,054607,秋田県,雄勝郡,gun_agg,,20490,605,700,921,983,859,891,925,902,985,1287,1726,1784,1473,1185,1409,1584,,,,,,2271,9905,329,344,461,516,457,487,505,448,499,651,893,928,799,562,608,635,,,,,,783,10585,276,356,460,467,402,404,420,454,486,636,833,856,674,623,801,949,,,,,,1488
2010,2010-03-31,05463,054631,秋田県,雄勝郡羽後町,town,05463,17603,526,580,800,880,759,744,800,785,860,1121,1486,1510,1272,993,1198,1362,,,,,,1927,8515,281,289,402,463,410,398,434,397,430,561,770,782,691,472,512,559,,,,,,664,9088,245,291,398,417,349,346,366,388,430,560,716,728,581,521,686,803,,,,,,1263
2010,2010-03-31,05464,054640,秋田県,雄勝郡東成瀬村,village,05464,2887,79,120,121,103,100,147,125,117,125,166,240,274,201,192,211,222,,,,,,344,1390,48,55,59,53,47,89,71,51,69,90,123,146,108,90,96,76,,,,,,119,1497,31,65,62,50,53,58,54,66,56,76,117,128,93,102,115,146,,,,,,225
2010,2010-03-31,06000,060003,山形県,,pref,,1176759,45256,51292,55421,58567,53890,58623,67118,70210,65180,70825,79084,92716,87370,72066,71092,71079,,,,,,106970,566781,23249,26144,28400,29551,27627,30206,34795,35807,32688,35362,39692,46903,44649,34545,31935,29904,,,,,,35324,609978,22007,25148,27021,29016,26263,28417,32323,34403,32492,35463,39392,45813,42721,37521,39157,41175,,,,,,71646
2010,2010-03-31,06201,062014,山形県,山形市,city,06201,250040,10721,11297,11932,12505,12694,14134,16514,17457,15390,15280,15909,17884,18014,15228,13297,12734,,,,,,19050,119477,5534,5716,6083,6137,6180,6987,8247,8710,7610,7516,7813,8805,8821,7289,6164,5479,,,,,,6386,130563,5187,5581,5849,6368,6514,7147,8267,8747,7780,7764,8096,9079,9193,7939,7133,7255,,,,,,12664
2010,2010-03-31,06202,062022,山形県,米沢市,city,06202,87491,3487,4021,4238,4431,4454,4307,5091,5680,5416,5393,5517,6498,6188,5358,5192,4714,,,,,,7506,42461,1820,2070,2179,2208,2435,2217,2673,2959,2817,2775,2778,3288,3179,2554,2328,1920,,,,,,2261,45030,1667,1951,2059,2223,2019,2090,2418,2721,2599,2618,2739,3210,3009,2804,2864,2794,,,,,,5245
2010,2010-03-31,06203,062031,山形県,鶴岡市,city,06203,138499,5225,5858,6660,7114,5619,6274,7406,8181,7638,8318,9420,11029,10409,8822,8849,8783,,,,,,12894,66032,2675,3064,3394,3726,2861,3227,3850,4205,3828,4123,4723,5619,5217,4047,3752,3671,,,,,,4050,72467,2550,2794,3266,3388,2758,3047,3556,3976,3810,4195,4697,5410,5192,4775,5097,5112,,,,,,8844
2010,2010-03-31,06204,062049,山形県,酒田市,city,06204,112944,4106,4872,5370,5164,4097,5007,6302,6869,6396,6826,7629,9114,9242,7402,7289,7033,,,,,,10226,53685,2023,2438,2746,2617,2101,2552,3315,3483,3214,3400,3861,4566,4614,3453,3144,2831,,,,,,3327,59259,2083,2434,2624,2547,1996,2455,2987,3386,3182,3426,3768,4548,4628,3949,4145,4202,,,,,,6899
2010,2010-03-31,06205,062057,山形県,新庄市,city,06205,39107,1586,1904,1996,2046,1610,1816,2229,2409,2136,2491,2725,3044,2877,2413,2347,2351,,,,,,3127,18664,842,949,1031,1004,799,951,1128,1219,1066,1223,1345,1483,1435,1152,1052,928,,,,,,1057,20443,744,955,965,1042,811,865,1101,1190,1070,1268,1380,1561,1442,1261,1295,1423,,,,,,2070
2010,2010-03-31,06206,062065,山形県,寒河江市,city,06206,43012,1763,2015,2091,2222,2169,2315,2416,2516,2298,2574,2997,3338,3050,2496,2446,2514,,,,,,3792,20963,928,1059,1069,1124,1146,1186,1237,1241,1166,1256,1521,1669,1608,1217,1132,1081,,,,,,1323,22049,835,956,1022,1098,1023,1129,1179,1275,1132,1318,1476,1669,1442,1279,1314,1433,,,,,,2469
2010,2010-03-31,06207,062073,山形県,上山市,city,06207,34273,1025,1263,1519,1660,1490,1551,1720,1847,1830,1981,2295,2857,2726,2354,2268,2273,,,,,,3614,16386,539,651,800,840,709,785,899,953,925,944,1165,1434,1404,1123,1038,955,,,,,,1222,17887,486,612,719,820,781,766,821,894,905,1037,1130,1423,1322,1231,1230,1318,,,,,,2392
2010,2010-03-31,06208,062081,山形県,村山市,city,06208,27649,907,1122,1265,1391,1330,1272,1318,1321,1297,1610,1870,2312,2008,1660,1749,2157,,,,,,3060,13385,455,577,659,712,709,649,688,655,667,794,948,1222,1068,817,811,903,,,,,,1051,14264,452,545,606,679,621,623,630,666,630,816,922,1090,940,843,938,1254,,,,,,2009
2010,2010-03-31,06209,062090,山形県,長井市,city,06209,29538,1057,1283,1403,1478,1315,1396,1543,1624,1573,1717,1940,2374,2160,1886,1930,1904,,,,,,2955,14309,551,642,720,752,660,747,834,871,780,880,963,1208,1111,896,884,835,,,,,,975,15229,506,641,683,726,655,649,709,753,793,837,977,1166,1049,990,1046,1069,,,,,,1980
2010,2010-03-31,06210,062103,山形県,天童市,city,06210,62176,2669,2871,3106,3113,3013,3527,4025,4068,3704,3724,3996,4805,4684,3703,3435,3136,,,,,,4597,30311,1378,1475,1574,1565,1536,1837,2079,2069,1824,1832,1983,2394,2365,1852,1580,1416,,,,,,1552,31865,1291,1396,1532,1548,1477,1690,1946,1999,1880,1892,2013,2411,2319,1851,1855,1720,,,,,,3045
2010,2010-03-31,06211,062111,山形県,東根市,city,06211,46448,2243,2278,2183,2285,2672,2890,3158,3031,2628,2772,2822,3347,3036,2523,2577,2550,,,,,,3453,23049,1149,1117,1103,1203,1502,1585,1653,1574,1353,1388,1418,1679,1559,1228,1194,1089,,,,,,1255,23399,1094,1161,1080,1082,1170,1305,1505,1457,1275,1384,1404,1668,1477,1295,1383,1461,,,,,,2198
2010,2010-03-31,06212,062120,山形県,尾花沢市,city,06212,19526,628,777,823,946,859,906,949,869,816,1159,1430,1696,1489,1094,1387,1527,,,,,,2171,9469,350,385,428,472,426,485,517,434,406,576,734,886,816,549,622,624,,,,,,759,10057,278,392,395,474,433,421,432,435,410,583,696,810,673,545,765,903,,,,,,1412
2010,2010-03-31,06213,062138,山形県,南陽市,city,06213,34199,1312,1494,1571,1748,1596,1744,1881,1988,1832,2055,2331,2647,2504,2139,2081,2095,,,,,,3181,16424,673,758,787,878,812,899,983,1019,912,1010,1211,1314,1286,1055,920,874,,,,,,1033,17775,639,736,784,870,784,845,898,969,920,1045,1120,1333,1218,1084,1161,1221,,,,,,2148
2010,2010-03-31,06300,063002,山形県,東村山郡,gun_agg,,27751,1021,1190,1264,1445,1354,1394,1478,1459,1503,1748,2009,2358,2060,1638,1599,1636,,,,,,2595,13440,495,623,628,743,668,704,781,761,756,854,1028,1164,1069,826,738,734,,,,,,868,14311,526,567,636,702,686,690,697,698,747,894,981,1194,991,812,861,902,,,,,,1727
2010,2010-03-31,06301,063011,山形県,東村山郡山辺町,town,06301,15396,602,674,666,793,762,761,833,881,813,964,1086,1304,1141,916,857,913,,,,,,1430,7428,294,347,322,398,371,383,439,457,408,478,554,651,578,479,386,416,,,,,,467,7968,308,327,344,395,391,378,394,424,405,486,532,653,563,437,471,497,,,,,,963
2010,2010-03-31,06302,063029,山形県,東村山郡中山町,town,06302,12355,419,516,598,652,592,633,645,578,690,784,923,1054,919,722,742,723,,,,,,1165,6012,201,276,306,345,297,321,342,304,348,376,474,513,491,347,352,318,,,,,,401,6343,218,240,292,307,295,312,303,274,342,408,449,541,428,375,390,405,,,,,,764
2010,2010-03-31,06320,063207,山形県,西村山郡,gun_agg,,44635,1498,1730,1931,2161,2028,2054,2171,2078,2119,2579,3033,3704,3478,2652,3018,3177,,,,,,5224,21801,788,890,998,1063,1113,1076,1167,1077,1074,1308,1512,1944,1871,1339,1379,1438,,,,,,1764,22834,710,840,933,1098,915,978,1004,1001,1045,1271,1521,1760,1607,1313,1639,1739,,,,,,3460
2010,2010-03-31,06321,063215,山形県,西村山郡河北町,town,06321,20338,731,848,928,970,929,1013,1073,1039,1057,1158,1431,1637,1623,1214,1305,1319,,,,,,2063,9891,383,441,472,483,492,524,567,532,530,573,705,847,855,607,605,595,,,,,,680,10447,348,407,456,487,437,489,506,507,527,585,726,790,768,607,700,724,,,,,,1383
2010,2010-03-31,06322,063223,山形県,西村山郡西川町,town,06322,6598,213,224,260,309,269,296,281,270,254,370,446,557,520,386,510,538,,,,,,895,3197,109,108,139,138,145,166,149,146,123,195,215,279,295,185,227,262,,,,,,316,3401,104,116,121,171,124,130,132,124,131,175,231,278,225,201,283,276,,,,,,579
2010,2010-03-31,06323,063231,山形県,西村山郡朝日町,town,06323,8177,252,289,318,385,372,346,357,332,351,475,537,707,601,548,569,637,,,,,,1101,4050,130,154,163,198,214,180,201,181,177,257,273,389,315,295,257,289,,,,,,377,4127,122,135,155,187,158,166,156,151,174,218,264,318,286,253,312,348,,,,,,724
2010,2010-03-31,06324,063240,山形県,西村山郡大江町,town,06324,9522,302,369,425,497,458,399,460,437,457,576,619,803,734,504,634,683,,,,,,1165,4663,166,187,224,244,262,206,250,218,244,283,319,429,406,252,290,292,,,,,,391,4859,136,182,201,253,196,193,210,219,213,293,300,374,328,252,344,391,,,,,,774
2010,2010-03-31,06340,063401,山形県,北村山郡,gun_agg,,8448,259,359,354,405,379,372,437,407,363,479,620,772,683,481,488,616,,,,,,974,4140,132,182,193,207,181,207,227,221,187,245,312,415,377,245,241,235,,,,,,333,4308,127,177,161,198,198,165,210,186,176,234,308,357,306,236,247,381,,,,,,641
2010,2010-03-31,06341,063410,山形県,北村山郡大石田町,town,06341,8448,259,359,354,405,379,372,437,407,363,479,620,772,683,481,488,616,,,,,,974,4140,132,182,193,207,181,207,227,221,187,245,312,415,377,245,241,235,,,,,,333,4308,127,177,161,198,198,165,210,186,176,234,308,357,306,236,247,381,,,,,,641
2010,2010-03-31,06360,063606,山形県,最上郡,gun_agg,,47078,1458,1838,1999,2413,2047,2005,2174,2025,2101,2898,3715,4329,3409,2770,3121,3432,,,,,,5344,22885,766,932,1048,1233,1065,1115,1169,1078,1046,1461,1870,2298,1879,1300,1388,1406,,,,,,1831,24193,692,906,951,1180,982,890,1005,947,1055,1437,1845,2031,1530,1470,1733,2026,,,,,,3513
2010,2010-03-31,06361,063614,山形県,最上郡金山町,town,06361,6508,227,291,321,335,283,279,310,286,303,453,487,550,483,363,404,421,,,,,,712,3165,108,151,180,178,146,152,175,153,143,229,242,291,264,168,176,171,,,,,,238,3343,119,140,141,157,137,127,135,133,160,224,245,259,219,195,228,250,,,,,,474
2010,2010-03-31,06362,063622,山形県,最上郡最上町,town,06362,10254,344,399,443,535,430,465,461,462,432,618,792,991,718,600,669,778,,,,,,1117,5025,189,192,235,279,239,262,245,249,211,325,380,529,391,295,297,323,,,,,,384,5229,155,207,208,256,191,203,216,213,221,293,412,462,327,305,372,455,,,,,,733
2010,2010-03-31,06363,063631,山形県,最上郡舟形町,town,06363,6354,207,223,234,316,298,299,276,249,267,374,543,585,455,370,400,482,,,,,,776,3110,116,117,119,174,150,178,146,133,131,181,271,317,259,175,167,194,,,,,,282,3244,91,106,115,142,148,121,130,116,136,193,272,268,196,195,233,288,,,,,,494
2010,2010-03-31,06364,063649,山形県,最上郡真室川町,town,06364,9390,280,346,363,503,391,356,451,415,449,534,705,876,682,602,664,715,,,,,,1058,4509,133,171,192,260,197,186,236,224,224,267,371,452,367,270,321,280,,,,,,358,4881,147,175,171,243,194,170,215,191,225,267,334,424,315,332,343,435,,,,,,700
2010,2010-03-31,06365,063657,山形県,最上郡大蔵村,village,06365,3885,128,166,171,194,173,157,189,155,159,252,315,344,271,235,246,277,,,,,,453,1887,70,99,82,82,88,91,102,81,77,129,162,180,157,112,108,122,,,,,,145,1998,58,67,89,112,85,66,87,74,82,123,153,164,114,123,138,155,,,,,,308
2010,2010-03-31,06366,063665,山形県,最上郡鮭川村,village,06366,5140,119,212,236,246,222,220,230,234,242,301,436,459,401,283,347,366,,,,,,586,2505,68,102,124,129,120,120,121,122,128,145,226,249,209,136,152,148,,,,,,206,2635,51,110,112,117,102,100,109,112,114,156,210,210,192,147,195,218,,,,,,380
2010,2010-03-31,06367,063673,山形県,最上郡戸沢村,village,06367,5547,153,201,231,284,250,229,257,224,249,366,437,524,399,317,391,393,,,,,,642,2684,82,100,116,131,125,126,144,116,132,185,218,280,232,144,167,168,,,,,,218,2863,71,101,115,153,125,103,113,108,117,181,219,244,167,173,224,225,,,,,,424
2010,2010-03-31,06380,063801,山形県,東置賜郡,gun_agg,,43202,1596,1863,1975,2076,1953,2135,2408,2344,2141,2505,3137,3702,3170,2447,2670,2681,,,,,,4399,21022,788,978,998,1074,1017,1135,1296,1220,1069,1308,1602,1929,1715,1215,1182,1098,,,,,,1398,22180,808,885,977,1002,936,1000,1112,1124,1072,1197,1535,1773,1455,1232,1488,1583,,,,,,3001
2010,2010-03-31,06381,063819,山形県,東置賜郡高畠町,town,06381,25530,1011,1174,1245,1290,1157,1268,1507,1478,1359,1478,1768,2098,1840,1445,1498,1454,,,,,,2460,12414,512,597,631,666,623,672,795,768,676,758,867,1079,985,736,668,596,,,,,,785,13116,499,577,614,624,534,596,712,710,683,720,901,1019,855,709,830,858,,,,,,1675
2010,2010-03-31,06382,063827,山形県,東置賜郡川西町,town,06382,17672,585,689,730,786,796,867,901,866,782,1027,1369,1604,1330,1002,1172,1227,,,,,,1939,8608,276,381,367,408,394,463,501,452,393,550,735,850,730,479,514,502,,,,,,613,9064,309,308,363,378,402,404,400,414,389,477,634,754,600,523,658,725,,,,,,1326
2010,2010-03-31,06400,064009,山形県,西置賜郡,gun_agg,,33216,1112,1299,1537,1709,1479,1532,1515,1556,1522,1901,2350,2839,2429,2028,2122,2456,,,,,,3830,16192,570,665,827,845,788,791,806,783,756,996,1214,1494,1337,1009,975,1052,,,,,,1284,17024,542,634,710,864,691,741,709,773,766,905,1136,1345,1092,1019,1147,1404,,,,,,2546
2010,2010-03-31,06401,064017,山形県,西置賜郡小国町,town,06401,9135,303,343,435,486,358,384,377,424,458,558,586,742,642,638,648,726,,,,,,1027,4441,147,178,241,235,186,194,198,225,220,319,303,399,342,304,302,301,,,,,,347,4694,156,165,194,251,172,190,179,199,238,239,283,343,300,334,346,425,,,,,,680
2010,2010-03-31,06402,064025,山形県,西置賜郡白鷹町,town,06402,15810,528,658,730,855,702,684,752,789,713,866,1152,1375,1195,948,951,1130,,,,,,1782,7746,290,333,384,419,392,356,397,389,360,419,591,720,657,492,448,484,,,,,,615,8064,238,325,346,436,310,328,355,400,353,447,561,655,538,456,503,646,,,,,,1167
2010,2010-03-31,06403,064033,山形県,西置賜郡飯豊町,town,06403,8271,281,298,372,368,419,464,386,343,351,477,612,722,592,442,523,600,,,,,,1021,4005,133,154,202,191,210,241,211,169,176,258,320,375,338,213,225,267,,,,,,322,4266,148,144,170,177,209,223,175,174,175,219,292,347,254,229,298,333,,,,,,699
2010,2010-03-31,06420,064203,山形県,東田川郡,gun_agg,,31380,1144,1381,1528,1510,1128,1365,1663,1686,1672,1880,2125,2585,2381,1901,2114,2146,,,,,,3171,15029,583,686,794,782,598,713,860,866,821,986,1064,1320,1218,860,950,876,,,,,,1052,16351,561,695,734,728,530,652,803,820,851,894,1061,1265,1163,1041,1164,1270,,,,,,2119
2010,2010-03-31,06426,064262,山形県,東田川郡三川町,town,06426,7687,300,353,356,364,312,346,436,426,410,439,515,626,576,407,507,487,,,,,,827,3723,163,185,186,195,162,189,215,207,205,225,253,329,298,198,225,202,,,,,,286,3964,137,168,170,169,150,157,221,219,205,214,262,297,278,209,282,285,,,,,,541
2010,2010-03-31,06428,064289,山形県,東田川郡庄内町,town,06428,23693,844,1028,1172,1146,816,1019,1227,1260,1262,1441,1610,1959,1805,1494,1607,1659,,,,,,2344,11306,420,501,608,587,436,524,645,659,616,761,811,991,920,662,725,674,,,,,,766,12387,424,527,564,559,380,495,582,601,646,680,799,968,885,832,882,985,,,,,,1578
2010,2010-03-31,06460,064602,山形県,飽海郡,gun_agg,,16147,439,577,676,745,604,627,720,795,805,935,1214,1482,1373,1071,1113,1164,,,,,,1807,7657,210,287,341,366,321,358,386,409,411,487,627,772,700,519,461,459,,,,,,543,8490,229,290,335,379,283,269,334,386,394,448,587,710,673,552,652,705,,,,,,1264
2010,2010-03-31,06461,064611,山形県,飽海郡遊佐町,town,06461,16147,439,577,676,745,604,627,720,795,805,935,1214,1482,1373,1071,1113,1164,,,,,,1807,7657,210,287,341,366,321,358,386,409,411,487,627,772,700,519,461,459,,,,,,543,8490,229,290,335,379,283,269,334,386,394,448,587,710,673,552,652,705,,,,,,1264
2010,2010-03-31,07000,070009,福島県,,pref,,2051626,84185,95378,103108,108167,102484,109237,122961,131277,118634,126661,139537,160003,147292,122651,111646,109121,,,,,,159284,998942,43171,48914,52716,55225,52574,56371,63648,67497,59867,64048,70613,81243,75154,59229,50159,45491,,,,,,53022,1052684,41014,46464,50392,52942,49910,52866,59313,63780,58767,62613,68924,78760,72138,63422,61487,63630,,,,,,106262
2010,2010-03-31,07201,072010,福島県,福島市,city,07201,292301,12414,13832,14751,15169,15082,15878,18449,21021,18265,17836,18616,21541,21312,18190,15465,14545,,,,,,19935,141073,6401,7110,7596,7747,7628,7868,9258,10553,8953,8898,9225,10585,10357,8595,7084,6265,,,,,,6950,151228,6013,6722,7155,7422,7454,8010,9191,10468,9312,8938,9391,10956,10955,9595,8381,8280,,,,,,12985
2010,2010-03-31,07202,072028,福島県,会津若松市,city,07202,126623,5167,5935,6539,6769,6121,6279,7264,7889,7442,8264,8665,9613,9036,7758,7307,6812,,,,,,9763,60190,2645,3029,3259,3372,3112,3134,3779,3913,3708,4063,4350,4738,4520,3606,3107,2681,,,,,,3174,66433,2522,2906,3280,3397,3009,3145,3485,3976,3734,4201,4315,4875,4516,4152,4200,4131,,,,,,6589
2010,2010-03-31,07203,072036,福島県,郡山市,city,07203,334189,15582,16767,17326,17821,18568,20641,23402,25078,21718,21663,22235,24164,22823,18145,15401,13827,,,,,,19028,163235,8032,8558,8786,9068,9474,10533,11844,12851,10882,10873,11075,11975,11393,8807,6923,5749,,,,,,6412,170954,7550,8209,8540,8753,9094,10108,11558,12227,10836,10790,11160,12189,11430,9338,8478,8078,,,,,,12616
2010,2010-03-31,07204,072044,福島県,いわき市,city,07204,349181,14359,16079,17759,18263,16476,17953,21169,23349,21178,21526,22800,27171,25895,22684,19539,17865,,,,,,25116,169945,7400,8129,9116,9339,8462,9152,11101,12019,10843,10872,11557,13733,12872,10909,8725,7423,,,,,,8293,179236,6959,7950,8643,8924,8014,8801,10068,11330,10335,10654,11243,13438,13023,11775,10814,10442,,,,,,16823
2010,2010-03-31,07205,072052,福島県,白河市,city,07205,64828,2774,3259,3473,3459,3363,3632,4163,4198,3816,4028,4620,5093,4384,3552,3161,3280,,,,,,4573,32046,1438,1703,1774,1812,1755,1926,2196,2263,1984,2047,2320,2614,2237,1752,1400,1360,,,,,,1465,32782,1336,1556,1699,1647,1608,1706,1967,1935,1832,1981,2300,2479,2147,1800,1761,1920,,,,,,3108
2010,2010-03-31,07207,072079,福島県,須賀川市,city,07207,80352,3631,4090,4267,4385,4152,4433,5177,5477,4776,5158,5667,6390,5654,4297,3890,3652,,,,,,5256,39417,1881,2123,2252,2280,2106,2247,2671,2832,2422,2611,2856,3232,2897,2112,1706,1530,,,,,,1659,40935,1750,1967,2015,2105,2046,2186,2506,2645,2354,2547,2811,3158,2757,2185,2184,2122,,,,,,3597
2010,2010-03-31,07208,072087,福島県,喜多方市,city,07208,53470,1865,2335,2582,2779,2256,2435,2639,2653,2712,3294,3700,4202,3810,3173,3468,3632,,,,,,5935,25519,988,1164,1333,1376,1145,1303,1383,1386,1345,1691,1926,2221,1994,1502,1547,1429,,,,,,1786,27951,877,1171,1249,1403,1111,1132,1256,1267,1367,1603,1774,1981,1816,1671,1921,2203,,,,,,4149
2010,2010-03-31,07209,072095,福島県,相馬市,city,07209,38139,1628,1799,1852,1983,1885,2090,2301,2353,2060,2195,2529,2914,2921,2256,2138,2160,,,,,,3075,18567,824,905,939,1012,1017,1153,1174,1259,1027,1099,1260,1447,1507,1064,957,912,,,,,,1011,19572,804,894,913,971,868,937,1127,1094,1033,1096,1269,1467,1414,1192,1181,1248,,,,,,2064
2010,2010-03-31,07210,072109,福島県,二本松市,city,07210,61319,2304,2663,2920,3285,3177,3315,3451,3491,3156,3590,4381,5268,4366,3549,3382,3582,,,,,,5439,29926,1163,1410,1484,1643,1609,1686,1848,1775,1637,1799,2186,2742,2374,1700,1506,1534,,,,,,1830,31393,1141,1253,1436,1642,1568,1629,1603,1716,1519,1791,2195,2526,1992,1849,1876,2048,,,,,,3609
2010,2010-03-31,07211,072117,福島県,田村市,city,07211,42125,1432,1789,2075,2467,2213,2080,1973,2009,2284,2722,3138,3385,2702,2535,2549,2733,,,,,,4039,20611,711,918,1014,1251,1130,1103,1026,1044,1140,1417,1641,1826,1500,1209,1133,1179,,,,,,1369,21514,721,871,1061,1216,1083,977,947,965,1144,1305,1497,1559,1202,1326,1416,1554,,,,,,2670
2010,2010-03-31,07212,072125,福島県,南相馬市,city,07212,71732,3117,3424,3287,3474,3116,3528,4310,4530,3826,4065,4736,5937,5744,4474,4091,4044,,,,,,6029,34897,1617,1752,1682,1832,1630,1840,2234,2334,1968,2044,2342,3005,2944,2137,1880,1661,,,,,,1995,36835,1500,1672,1605,1642,1486,1688,2076,2196,1858,2021,2394,2932,2800,2337,2211,2383,,,,,,4034
2010,2010-03-31,07213,072133,福島県,伊達市,city,07213,67684,2246,3000,3344,3562,3208,3180,3549,4013,3847,3994,4411,5466,5198,4552,4033,3929,,,,,,6152,33022,1118,1518,1682,1854,1615,1609,1865,2055,1925,2038,2225,2770,2709,2226,1887,1716,,,,,,2210,34662,1128,1482,1662,1708,1593,1571,1684,1958,1922,1956,2186,2696,2489,2326,2146,2213,,,,,,3942
2010,2010-03-31,07214,072141,福島県,本宮市,city,07214,31734,1465,1598,1686,1773,1717,1889,2024,2060,1803,1999,2140,2428,2054,1603,1575,1636,,,,,,2284,15552,754,832,854,925,880,979,1028,1044,894,1025,1073,1229,1081,777,714,674,,,,,,789,16182,711,766,832,848,837,910,996,1016,909,974,1067,1199,973,826,861,962,,,,,,1495
2010,2010-03-31,07300,073008,福島県,伊達郡,gun_agg,,39729,1240,1576,1783,1954,1785,1819,2045,2170,1938,2196,2554,3367,3225,2812,2525,2607,,,,,,4133,19257,603,815,900,993,872,970,1082,1115,985,1121,1305,1694,1727,1401,1153,1123,,,,,,1398,20472,637,761,883,961,913,849,963,1055,953,1075,1249,1673,1498,1411,1372,1484,,,,,,2735
2010,2010-03-31,07301,073016,福島県,伊達郡桑折町,town,07301,13262,449,535,594,688,594,638,712,762,680,752,812,1025,1045,936,811,866,,,,,,1363,6327,215,276,308,341,278,342,362,387,342,375,396,490,544,475,364,364,,,,,,468,6935,234,259,286,347,316,296,350,375,338,377,416,535,501,461,447,502,,,,,,895
2010,2010-03-31,07303,073032,福島県,伊達郡国見町,town,07303,10402,322,411,482,507,441,444,540,585,501,572,645,960,893,804,645,665,,,,,,985,5017,155,191,239,260,205,237,272,293,248,295,331,477,474,385,305,292,,,,,,358,5385,167,220,243,247,236,207,268,292,253,277,314,483,419,419,340,373,,,,,,627
2010,2010-03-31,07308,073083,福島県,伊達郡川俣町,town,07308,16065,469,630,707,759,750,737,793,823,757,872,1097,1382,1287,1072,1069,1076,,,,,,1785,7913,233,348,353,392,389,391,448,435,395,451,578,727,709,541,484,467,,,,,,572,8152,236,282,354,367,361,346,345,388,362,421,519,655,578,531,585,609,,,,,,1213
2010,2010-03-31,07320,073202,福島県,安達郡,gun_agg,,8560,369,389,423,488,473,526,535,556,413,520,610,713,573,387,405,459,,,,,,721,4233,188,214,231,255,236,272,275,296,217,246,298,361,332,190,181,191,,,,,,250,4327,181,175,192,233,237,254,260,260,196,274,312,352,241,197,224,268,,,,,,471
2010,2010-03-31,07322,073229,福島県,安達郡大玉村,village,07322,8560,369,389,423,488,473,526,535,556,413,520,610,713,573,387,405,459,,,,,,721,4233,188,214,231,255,236,272,275,296,217,246,298,361,332,190,181,191,,,,,,250,4327,181,175,192,233,237,254,260,260,196,274,312,352,241,197,224,268,,,,,,471
2010,2010-03-31,07340,073407,福島県,岩瀬郡,gun_agg,,19538,832,988,1004,1066,1055,1143,1247,1203,948,1198,1421,1650,1342,1058,965,1046,,,,,,1372,9605,441,513,496,560,543,598,637,625,491,593,738,855,688,527,428,422,,,,,,450,9933,391,475,508,506,512,545,610,578,457,605,683,795,654,531,537,624,,,,,,922
2010,2010-03-31,07342,073423,福島県,岩瀬郡鏡石町,town,07342,13031,595,706,729,725,666,777,911,900,694,797,870,1037,893,738,609,622,,,,,,762,6415,322,362,363,382,342,406,469,467,360,393,442,520,441,364,278,256,,,,,,248,6616,273,344,366,343,324,371,442,433,334,404,428,517,452,374,331,366,,,,,,514
2010,2010-03-31,07344,073440,福島県,岩瀬郡天栄村,village,07344,6507,237,282,275,341,389,366,336,303,254,401,551,613,449,320,356,424,,,,,,610,3190,119,151,133,178,201,192,168,158,131,200,296,335,247,163,150,166,,,,,,202,3317,118,131,142,163,188,174,168,145,123,201,255,278,202,157,206,258,,,,,,408
2010,2010-03-31,07360,073601,福島県,南会津郡,gun_agg,,31124,963,1144,1360,1526,1081,1088,1287,1411,1497,1794,2106,2376,2242,2236,2329,2564,,,,,,4120,15118,495,602,678,765,560,602,679,741,805,976,1128,1259,1177,1082,1065,1141,,,,,,1363,16006,468,542,682,761,521,486,608,670,692,818,978,1117,1065,1154,1264,1423,,,,,,2757
2010,2010-03-31,07362,073628,福島県,南会津郡下郷町,town,07362,6772,204,248,293,312,237,245,273,283,304,369,509,558,496,480,505,557,,,,,,899,3315,109,127,151,157,113,134,139,143,166,199,281,309,284,235,248,241,,,,,,279,3457,95,121,142,155,124,111,134,140,138,170,228,249,212,245,257,316,,,,,,620
2010,2010-03-31,07364,073644,福島県,南会津郡檜枝岐村,village,07364,617,15,33,34,31,22,18,24,38,42,34,46,31,33,46,50,41,,,,,,79,308,6,17,17,16,13,10,11,21,26,18,25,17,16,18,27,20,,,,,,30,309,9,16,17,15,9,8,13,17,16,16,21,14,17,28,23,21,,,,,,49
2010,2010-03-31,07367,073679,福島県,南会津郡只見町,town,07367,5091,168,179,193,214,120,164,206,221,230,241,288,369,399,386,444,496,,,,,,773,2434,81,87,102,110,73,97,108,111,124,134,149,189,200,181,200,222,,,,,,266,2657,87,92,91,104,47,67,98,110,106,107,139,180,199,205,244,274,,,,,,507
2010,2010-03-31,07368,073687,福島県,南会津郡南会津町,town,07368,18644,576,684,840,969,702,661,784,869,921,1150,1263,1418,1314,1324,1330,1470,,,,,,2369,9061,299,371,408,482,361,361,421,466,489,625,673,744,677,648,590,658,,,,,,788,9583,277,313,432,487,341,300,363,403,432,525,590,674,637,676,740,812,,,,,,1581
2010,2010-03-31,07400,074004,福島県,耶麻郡,gun_agg,,31324,1015,1205,1420,1585,1367,1300,1406,1416,1393,1818,2165,2686,2300,1897,2147,2335,,,,,,3869,15159,514,613,763,817,722,702,755,737,714,921,1157,1422,1265,914,959,963,,,,,,1221,16165,501,592,657,768,645,598,651,679,679,897,1008,1264,1035,983,1188,1372,,,,,,2648
2010,2010-03-31,07402,074021,福島県,耶麻郡北塩原村,village,07402,3308,134,142,151,149,150,147,173,161,163,202,229,312,261,177,179,197,,,,,,381,1649,75,83,85,73,76,85,93,83,79,106,130,153,156,94,82,77,,,,,,119,1659,59,59,66,76,74,62,80,78,84,96,99,159,105,83,97,120,,,,,,262
2010,2010-03-31,07405,074055,福島県,耶麻郡西会津町,town,07405,7862,175,241,338,372,286,225,255,278,288,478,535,643,563,537,653,769,,,,,,1226,3797,83,108,175,205,162,122,142,153,157,243,287,365,332,266,297,310,,,,,,390,4065,92,133,163,167,124,103,113,125,131,235,248,278,231,271,356,459,,,,,,836
2010,2010-03-31,07407,074071,福島県,耶麻郡磐梯町,town,07407,3882,141,163,170,185,202,195,179,162,183,216,293,332,282,204,240,280,,,,,,455,1887,76,81,91,95,115,115,100,85,88,118,151,172,157,91,104,115,,,,,,133,1995,65,82,79,90,87,80,79,77,95,98,142,160,125,113,136,165,,,,,,322
2010,2010-03-31,07408,074080,福島県,耶麻郡猪苗代町,town,07408,16272,565,659,761,879,729,733,799,815,759,922,1108,1399,1194,979,1075,1089,,,,,,1807,7826,280,341,412,444,369,380,420,416,390,454,589,732,620,463,476,461,,,,,,579,8446,285,318,349,435,360,353,379,399,369,468,519,667,574,516,599,628,,,,,,1228
2010,2010-03-31,07420,074209,福島県,河沼郡,gun_agg,,25686,914,1119,1307,1347,1133,1169,1258,1216,1196,1478,1771,2142,1851,1464,1560,1776,,,,,,2985,12361,486,571,676,695,581,631,639,642,592,743,910,1103,1017,692,715,668,,,,,,1000,13325,428,548,631,652,552,538,619,574,604,735,861,1039,834,772,845,1108,,,,,,1985
2010,2010-03-31,07421,074217,福島県,河沼郡会津坂下町,town,07421,17944,638,796,940,941,800,833,899,856,866,1082,1260,1528,1272,1008,1033,1224,,,,,,1968,8631,336,402,484,492,409,454,459,453,417,534,647,791,704,470,475,454,,,,,,650,9313,302,394,456,449,391,379,440,403,449,548,613,737,568,538,558,770,,,,,,1318
2010,2010-03-31,07422,074225,福島県,河沼郡湯川村,village,07422,3565,155,181,192,196,147,161,187,194,171,180,240,300,265,190,205,197,,,,,,404,1693,88,91,96,96,72,85,91,102,89,95,111,151,139,96,96,64,,,,,,131,1872,67,90,96,100,75,76,96,92,82,85,129,149,126,94,109,133,,,,,,273
2010,2010-03-31,07423,074233,福島県,河沼郡柳津町,town,07423,4177,121,142,175,210,186,175,172,166,159,216,271,314,314,266,322,355,,,,,,613,2037,62,78,96,107,100,92,89,87,86,114,152,161,174,126,144,150,,,,,,219,2140,59,64,79,103,86,83,83,79,73,102,119,153,140,140,178,205,,,,,,394
2010,2010-03-31,07440,074403,福島県,大沼郡,gun_agg,,30017,866,1056,1258,1425,1220,1221,1274,1130,1335,1664,2225,2552,2219,1929,2109,2408,,,,,,4126,14383,432,557,682,706,618,635,683,594,682,863,1174,1353,1177,959,908,1037,,,,,,1323,15634,434,499,576,719,602,586,591,536,653,801,1051,1199,1042,970,1201,1371,,,,,,2803
2010,2010-03-31,07444,074446,福島県,大沼郡三島町,town,07444,2059,34,59,54,70,70,60,62,58,73,98,109,175,180,158,174,206,,,,,,419,969,17,31,29,38,35,34,35,28,44,55,55,103,91,81,71,85,,,,,,137,1090,17,28,25,32,35,26,27,30,29,43,54,72,89,77,103,121,,,,,,282
2010,2010-03-31,07445,074454,福島県,大沼郡金山町,town,07445,2604,34,49,71,76,63,42,61,68,77,109,149,197,199,234,260,315,,,,,,600,1231,20,23,37,30,34,26,41,38,43,54,90,102,113,102,120,151,,,,,,207,1373,14,26,34,46,29,16,20,30,34,55,59,95,86,132,140,164,,,,,,393
2010,2010-03-31,07446,074462,福島県,大沼郡昭和村,village,07446,1578,31,38,33,32,39,43,37,40,44,50,108,122,127,116,157,180,,,,,,381,771,18,21,21,18,22,22,17,20,28,28,62,64,71,51,72,85,,,,,,151,807,13,17,12,14,17,21,20,20,16,22,46,58,56,65,85,95,,,,,,230
2010,2010-03-31,07447,074471,福島県,大沼郡会津美里町,town,07447,23776,767,910,1100,1247,1048,1076,1114,964,1141,1407,1859,2058,1713,1421,1518,1707,,,,,,2726,11412,377,482,595,620,527,553,590,508,567,726,967,1084,902,725,645,716,,,,,,828,12364,390,428,505,627,521,523,524,456,574,681,892,974,811,696,873,991,,,,,,1898
2010,2010-03-31,07460,074608,福島県,西白河郡,gun_agg,,50106,2236,2533,2600,2690,2706,3020,3239,3235,2806,3075,3788,4094,3499,2662,2341,2358,,,,,,3224,24992,1111,1347,1335,1373,1399,1644,1700,1700,1473,1578,1944,2137,1799,1375,1079,915,,,,,,1083,25114,1125,1186,1265,1317,1307,1376,1539,1535,1333,1497,1844,1957,1700,1287,1262,1443,,,,,,2141
2010,2010-03-31,07461,074616,福島県,西白河郡西郷村,village,07461,19741,938,1070,1067,1065,1065,1285,1389,1371,1217,1212,1523,1600,1344,940,800,760,,,,,,1095,9899,475,564,505,547,539,716,732,720,655,647,772,830,700,487,358,292,,,,,,360,9842,463,506,562,518,526,569,657,651,562,565,751,770,644,453,442,468,,,,,,735
2010,2010-03-31,07464,074641,福島県,西白河郡泉崎村,village,07464,6927,295,349,329,387,383,399,410,374,320,459,557,598,478,368,331,372,,,,,,518,3412,146,177,174,189,189,210,217,212,167,209,297,328,239,200,153,140,,,,,,165,3515,149,172,155,198,194,189,193,162,153,250,260,270,239,168,178,232,,,,,,353
2010,2010-03-31,07465,074659,福島県,西白河郡中島村,village,07465,5332,221,276,321,321,289,322,330,279,297,360,411,450,316,243,252,274,,,,,,370,2637,99,157,163,162,148,170,175,137,143,185,211,239,162,123,118,113,,,,,,132,2695,122,119,158,159,141,152,155,142,154,175,200,211,154,120,134,161,,,,,,238
2010,2010-03-31,07466,074667,福島県,西白河郡矢吹町,town,07466,18106,782,838,883,917,969,1014,1110,1211,972,1044,1297,1446,1361,1111,958,952,,,,,,1241,9044,391,449,493,475,523,548,576,631,508,537,664,740,698,565,450,370,,,,,,426,9062,391,389,390,442,446,466,534,580,464,507,633,706,663,546,508,582,,,,,,815
2010,2010-03-31,07480,074802,福島県,東白川郡,gun_agg,,36300,1408,1537,1907,1892,1730,1889,1756,1766,1804,2238,2734,2993,2366,2041,2221,2346,,,,,,3672,17852,693,798,988,971,929,1006,946,913,928,1151,1403,1590,1281,985,1024,984,,,,,,1262,18448,715,739,919,921,801,883,810,853,876,1087,1331,1403,1085,1056,1197,1362,,,,,,2410
2010,2010-03-31,07481,074811,福島県,東白川郡棚倉町,town,07481,15415,687,745,873,789,772,860,842,878,841,960,1115,1200,1007,847,858,861,,,,,,1280,7590,338,384,478,408,429,450,433,454,439,482,566,635,526,406,390,343,,,,,,429,7825,349,361,395,381,343,410,409,424,402,478,549,565,481,441,468,518,,,,,,851
2010,2010-03-31,07482,074829,福島県,東白川郡矢祭町,town,07482,6641,227,238,319,336,279,325,287,258,285,406,515,574,460,413,430,475,,,,,,814,3231,111,118,154,177,138,181,155,141,132,217,274,303,246,199,204,209,,,,,,272,3410,116,120,165,159,141,144,132,117,153,189,241,271,214,214,226,266,,,,,,542
2010,2010-03-31,07483,074837,福島県,東白川郡塙町,town,07483,10066,348,380,533,519,455,486,441,479,519,609,761,852,650,561,664,713,,,,,,1096,4970,174,214,259,257,247,268,251,235,269,323,383,452,367,271,299,311,,,,,,390,5096,174,166,274,262,208,218,190,244,250,286,378,400,283,290,365,402,,,,,,706
2010,2010-03-31,07484,074845,福島県,東白川郡鮫川村,village,07484,4178,146,174,182,248,224,218,186,151,159,263,343,367,249,220,269,297,,,,,,482,2061,70,82,97,129,115,107,107,83,88,129,180,200,142,109,131,121,,,,,,171,2117,76,92,85,119,109,111,79,68,71,134,163,167,107,111,138,176,,,,,,311
2010,2010-03-31,07500,075001,福島県,石川郡,gun_agg,,45644,1688,1987,2223,2472,2345,2308,2377,2361,2273,2904,3541,3924,3148,2569,2669,2760,,,,,,4095,22600,846,1012,1149,1246,1242,1227,1281,1282,1150,1536,1848,2084,1728,1267,1194,1155,,,,,,1353,23044,842,975,1074,1226,1103,1081,1096,1079,1123,1368,1693,1840,1420,1302,1475,1605,,,,,,2742
2010,2010-03-31,07501,075019,福島県,石川郡石川町,town,07501,17718,584,720,820,978,928,802,899,907,884,1078,1352,1524,1337,1111,1035,1146,,,,,,1613,8651,296,365,402,478,470,417,478,489,450,562,697,813,727,528,468,478,,,,,,533,9067,288,355,418,500,458,385,421,418,434,516,655,711,610,583,567,668,,,,,,1080
2010,2010-03-31,07502,075027,福島県,石川郡玉川村,village,07502,7351,335,347,371,394,388,422,444,430,366,458,543,656,480,354,378,369,,,,,,616,3657,160,171,198,199,200,215,250,237,181,234,280,338,269,184,174,161,,,,,,206,3694,175,176,173,195,188,207,194,193,185,224,263,318,211,170,204,208,,,,,,410
2010,2010-03-31,07503,075035,福島県,石川郡平田村,village,07503,7101,265,302,344,393,392,411,371,337,353,523,612,634,441,375,418,397,,,,,,533,3582,129,155,186,210,199,240,198,189,181,286,316,336,261,186,178,157,,,,,,175,3519,136,147,158,183,193,171,173,148,172,237,296,298,180,189,240,240,,,,,,358
2010,2010-03-31,07504,075043,福島県,石川郡浅川町,town,07504,7145,276,375,372,381,351,390,372,393,373,444,524,569,513,417,426,363,,,,,,606,3569,148,205,191,197,201,207,192,208,193,227,272,303,279,213,191,146,,,,,,196,3576,128,170,181,184,150,183,180,185,180,217,252,266,234,204,235,217,,,,,,410
2010,2010-03-31,07505,075051,福島県,石川郡古殿町,town,07505,6329,228,243,316,326,286,283,291,294,297,401,510,541,377,312,412,485,,,,,,727,3141,113,116,172,162,172,148,163,159,145,227,283,294,192,156,183,213,,,,,,243,3188,115,127,144,164,114,135,128,135,152,174,227,247,185,156,229,272,,,,,,484
2010,2010-03-31,07520,075205,福島県,田村郡,gun_agg,,30699,1030,1236,1503,1674,1639,1580,1591,1573,1649,1992,2378,2535,2203,1759,1725,1863,,,,,,2769,14998,527,642,758,864,827,831,844,789,822,1028,1216,1345,1182,861,732,786,,,,,,944,15701,503,594,745,810,812,749,747,784,827,964,1162,1190,1021,898,993,1077,,,,,,1825
2010,2010-03-31,07521,075213,福島県,田村郡三春町,town,07521,18998,613,761,943,1027,1021,1012,977,1029,1043,1221,1465,1584,1458,1122,1005,1103,,,,,,1614,9284,312,406,468,521,508,505,528,521,520,625,740,846,772,539,427,473,,,,,,573,9714,301,355,475,506,513,507,449,508,523,596,725,738,686,583,578,630,,,,,,1041
2010,2010-03-31,07522,075221,福島県,田村郡小野町,town,07522,11701,417,475,560,647,618,568,614,544,606,771,913,951,745,637,720,760,,,,,,1155,5714,215,236,290,343,319,326,316,268,302,403,476,499,410,322,305,313,,,,,,371,5987,202,239,270,304,299,242,298,276,304,368,437,452,335,315,415,447,,,,,,784
2010,2010-03-31,07540,075400,福島県,双葉郡,gun_agg,,74189,3095,3354,3749,4058,3903,4099,4353,4272,3835,4627,5409,6140,5290,4214,3767,3950,,,,,,6074,36919,1570,1721,1920,2080,2097,2305,2322,2282,1936,2409,2840,3217,2802,2127,1744,1589,,,,,,1958,37270,1525,1633,1829,1978,1806,1794,2031,1990,1899,2218,2569,2923,2488,2087,2023,2361,,,,,,4116
2010,2010-03-31,07541,075418,福島県,双葉郡広野町,town,07541,5495,223,252,328,341,298,278,332,306,290,328,403,467,402,310,259,278,,,,,,400,2739,106,135,176,196,171,157,182,177,140,153,211,230,205,160,120,113,,,,,,107,2756,117,117,152,145,127,121,150,129,150,175,192,237,197,150,139,165,,,,,,293
2010,2010-03-31,07542,075426,福島県,双葉郡楢葉町,town,07542,8061,283,354,407,505,402,377,435,415,386,554,585,674,601,477,449,458,,,,,,699,3958,136,184,206,271,201,201,219,220,198,277,314,360,317,232,224,173,,,,,,225,4103,147,170,201,234,201,176,216,195,188,277,271,314,284,245,225,285,,,,,,474
2010,2010-03-31,07543,075434,福島県,双葉郡富岡町,town,07543,15868,660,734,884,893,887,927,1021,1081,930,1026,1104,1249,1084,862,694,725,,,,,,1107,8007,325,368,474,436,492,529,556,578,470,557,584,665,559,429,318,305,,,,,,362,7861,335,366,410,457,395,398,465,503,460,469,520,584,525,433,376,420,,,,,,745
2010,2010-03-31,07544,075442,福島県,双葉郡川内村,village,07544,3029,71,97,90,134,159,126,130,112,121,188,235,285,229,180,199,271,,,,,,402,1550,37,54,52,62,107,77,72,62,65,106,138,141,135,87,97,115,,,,,,143,1479,34,43,38,72,52,49,58,50,56,82,97,144,94,93,102,156,,,,,,259
2010,2010-03-31,07545,075451,福島県,双葉郡大熊町,town,07545,11405,642,637,615,599,681,757,790,769,585,695,788,893,757,551,456,464,,,,,,726,5697,334,316,294,312,355,436,392,408,296,355,426,455,398,276,216,190,,,,,,238,5708,308,321,321,287,326,321,398,361,289,340,362,438,359,275,240,274,,,,,,488
2010,2010-03-31,07546,075469,福島県,双葉郡双葉町,town,07546,7178,316,306,332,346,380,387,414,383,356,400,514,609,512,422,396,409,,,,,,696,3547,181,160,170,172,199,230,220,196,177,218,255,318,274,210,178,156,,,,,,233,3631,135,146,162,174,181,157,194,187,179,182,259,291,238,212,218,253,,,,,,463
2010,2010-03-31,07547,075477,福島県,双葉郡浪江町,town,07547,21577,855,914,1027,1150,1016,1172,1163,1146,1113,1350,1654,1825,1585,1320,1204,1224,,,,,,1859,10592,424,466,509,585,522,628,641,606,562,698,849,968,843,680,538,488,,,,,,585,10985,431,448,518,565,494,544,522,540,551,652,805,857,742,640,666,736,,,,,,1274
2010,2010-03-31,07548,075485,福島県,双葉郡葛尾村,village,07548,1576,45,60,66,90,80,75,68,60,54,86,126,138,120,92,110,121,,,,,,185,829,27,38,39,46,50,47,40,35,28,45,63,80,71,53,53,49,,,,,,65,747,18,22,27,44,30,28,28,25,26,41,63,58,49,39,57,72,,,,,,120
2010,2010-03-31,07560,075604,福島県,相馬郡,gun_agg,,15033,545,684,710,801,713,742,722,847,664,823,1197,1259,1135,855,884,952,,,,,,1500,7465,293,358,369,389,385,415,398,453,344,406,616,706,594,453,408,404,,,,,,474,7568,252,326,341,412,328,327,324,394,320,417,581,553,541,402,476,548,,,,,,1026
2010,2010-03-31,07561,075612,福島県,相馬郡新地町,town,07561,8449,314,388,410,450,394,402,438,534,398,425,647,691,671,515,461,473,,,,,,838,4147,165,215,221,232,204,209,229,273,213,192,328,372,337,281,214,196,,,,,,266,4302,149,173,189,218,190,193,209,261,185,233,319,319,334,234,247,277,,,,,,572
2010,2010-03-31,07564,075647,福島県,相馬郡飯舘村,village,07564,6584,231,296,300,351,319,340,284,313,266,398,550,568,464,340,423,479,,,,,,662,3318,128,143,148,157,181,206,169,180,131,214,288,334,257,172,194,208,,,,,,208,3266,103,153,152,194,138,134,115,133,135,184,262,234,207,168,229,271,,,,,,454
2010,2010-03-31,08000,080004,茨城県,,pref,,2979139,124479,137233,143821,149466,159094,171350,193375,222609,192090,179031,189124,227181,232237,195713,154186,126353,,,,,,181797,1489569,64014,70281,73976,77517,83362,89630,101591,116997,100445,92331,96746,115109,116825,98091,75471,55755,,,,,,61428,1489570,60465,66952,69845,71949,75732,81720,91784,105612,91645,86700,92378,112072,115412,97622,78715,70598,,,,,,120369
2010,2010-03-31,08201,082015,茨城県,水戸市,city,08201,266713,12198,12670,13055,12863,13771,15917,18316,21603,18916,17166,16375,18121,18691,16423,13459,11354,,,,,,15815,130629,6338,6536,6681,6592,6968,8027,9317,11080,9575,8642,8305,9005,9159,7827,6228,4920,,,,,,5429,136084,5860,6134,6374,6271,6803,7890,8999,10523,9341,8524,8070,9116,9532,8596,7231,6434,,,,,,10386
2010,2010-03-31,08202,082023,茨城県,日立市,city,08202,196329,7709,9079,9637,9762,9872,10351,11449,15048,13467,11735,11449,13704,14634,15198,12633,8741,,,,,,11861,98512,4006,4607,4934,5093,5444,5707,6074,7788,7176,6205,5792,6898,6995,7434,6378,4008,,,,,,3973,97817,3703,4472,4703,4669,4428,4644,5375,7260,6291,5530,5657,6806,7639,7764,6255,4733,,,,,,7888
2010,2010-03-31,08203,082031,茨城県,土浦市,city,08203,143532,6143,6541,6731,6890,7581,8677,9915,11305,9715,8429,8455,10269,11390,9877,7561,5966,,,,,,8087,71783,3194,3337,3441,3622,3996,4665,5202,6031,5118,4382,4314,5096,5582,4876,3581,2614,,,,,,2732,71749,2949,3204,3290,3268,3585,4012,4713,5274,4597,4047,4141,5173,5808,5001,3980,3352,,,,,,5355
2010,2010-03-31,08204,082040,茨城県,古河市,city,08204,145092,5873,6583,6878,7653,8261,8726,9322,10612,9516,8891,9607,11499,11545,9779,7421,5613,,,,,,7313,72813,3044,3313,3552,3922,4311,4497,4947,5554,4970,4583,4933,5825,5865,4905,3613,2437,,,,,,2542,72279,2829,3270,3326,3731,3950,4229,4375,5058,4546,4308,4674,5674,5680,4874,3808,3176,,,,,,4771
2010,2010-03-31,08205,082058,茨城県,石岡市,city,08205,80726,2915,3539,3813,4181,4245,4338,4790,5486,4996,4855,5286,6275,6238,5427,4576,3945,,,,,,5821,40093,1485,1825,1939,2134,2149,2279,2510,2876,2597,2511,2700,3277,3185,2711,2166,1793,,,,,,1956,40633,1430,1714,1874,2047,2096,2059,2280,2610,2399,2344,2586,2998,3053,2716,2410,2152,,,,,,3865
2010,2010-03-31,08207,082074,茨城県,結城市,city,08207,52328,2219,2353,2270,2500,2725,3097,3603,3786,3168,2878,3371,4357,4246,3487,2732,2258,,,,,,3278,26176,1152,1171,1204,1310,1425,1612,1841,2014,1698,1440,1725,2222,2128,1729,1373,1014,,,,,,1118,26152,1067,1182,1066,1190,1300,1485,1762,1772,1470,1438,1646,2135,2118,1758,1359,1244,,,,,,2160
2010,2010-03-31,08208,082082,茨城県,龍ケ崎市,city,08208,79309,3224,3787,4229,4441,4675,4447,5119,6109,5368,5153,5222,6150,6465,5195,3598,2674,,,,,,3453,39532,1620,1931,2172,2299,2423,2273,2649,3167,2788,2566,2598,3071,3314,2590,1745,1187,,,,,,1139,39777,1604,1856,2057,2142,2252,2174,2470,2942,2580,2587,2624,3079,3151,2605,1853,1487,,,,,,2314
2010,2010-03-31,08210,082104,茨城県,下妻市,city,08210,44825,1929,2147,2260,2367,2324,2537,2994,3250,2828,2570,2982,3554,3301,2549,2112,2013,,,,,,3108,22515,983,1121,1151,1219,1186,1318,1628,1726,1493,1341,1546,1851,1717,1295,1025,917,,,,,,998,22310,946,1026,1109,1148,1138,1219,1366,1524,1335,1229,1436,1703,1584,1254,1087,1096,,,,,,2110
2010,2010-03-31,08211,082112,茨城県,常総市,city,08211,63696,2649,2934,3097,3051,3212,3597,4131,4526,3866,3539,4010,5068,5161,4035,3354,2923,,,,,,4543,31658,1364,1467,1612,1561,1613,1851,2220,2366,2083,1875,2065,2517,2660,2040,1616,1276,,,,,,1472,32038,1285,1467,1485,1490,1599,1746,1911,2160,1783,1664,1945,2551,2501,1995,1738,1647,,,,,,3071
2010,2010-03-31,08212,082121,茨城県,常陸太田市,city,08212,59240,1525,2165,2811,3330,3110,2550,2529,3056,3246,3985,4579,4932,4507,3843,3615,3644,,,,,,5813,29107,786,1118,1415,1710,1586,1311,1297,1558,1612,2003,2347,2600,2396,1944,1742,1648,,,,,,2034,30133,739,1047,1396,1620,1524,1239,1232,1498,1634,1982,2232,2332,2111,1899,1873,1996,,,,,,3779
2010,2010-03-31,08214,082147,茨城県,高萩市,city,08214,31999,1075,1375,1462,1571,1710,1760,1770,1945,1835,1852,2181,2834,2663,2354,1778,1488,,,,,,2346,15787,564,704,753,823,873,905,946,1021,938,932,1075,1410,1356,1203,891,660,,,,,,733,16212,511,671,709,748,837,855,824,924,897,920,1106,1424,1307,1151,887,828,,,,,,1613
2010,2010-03-31,08215,082155,茨城県,北茨城市,city,08215,48840,1721,1995,2374,2578,2549,2573,2478,2847,2716,3248,3582,4261,3780,3154,2641,2534,,,,,,3809,24238,867,1067,1232,1334,1291,1360,1322,1480,1365,1668,1847,2218,2007,1621,1209,1080,,,,,,1270,24602,854,928,1142,1244,1258,1213,1156,1367,1351,1580,1735,2043,1773,1533,1432,1454,,,,,,2539
2010,2010-03-31,08216,082163,茨城県,笠間市,city,08216,80374,3022,3624,3796,4132,4153,4423,4888,5524,4872,4930,5284,6502,6389,5276,4256,3751,,,,,,5552,39556,1573,1873,1957,2119,2055,2250,2545,2888,2508,2478,2689,3199,3239,2617,2077,1598,,,,,,1891,40818,1449,1751,1839,2013,2098,2173,2343,2636,2364,2452,2595,3303,3150,2659,2179,2153,,,,,,3661
2010,2010-03-31,08217,082171,茨城県,取手市,city,08217,110694,3966,4166,4686,4880,5510,6302,7253,8354,7099,6074,6292,8653,10864,9998,6910,4305,,,,,,5382,54997,2050,2136,2404,2552,2850,3198,3753,4409,3806,3083,3067,4112,5187,4967,3581,1993,,,,,,1849,55697,1916,2030,2282,2328,2660,3104,3500,3945,3293,2991,3225,4541,5677,5031,3329,2312,,,,,,3533
2010,2010-03-31,08219,082198,茨城県,牛久市,city,08219,80403,3716,3641,3570,3748,4054,5009,6187,6724,5155,4600,4673,6004,7484,6168,3802,2593,,,,,,3275,40091,1882,1838,1812,1919,2064,2588,3182,3536,2698,2324,2323,2839,3583,3244,1954,1179,,,,,,1126,40312,1834,1803,1758,1829,1990,2421,3005,3188,2457,2276,2350,3165,3901,2924,1848,1414,,,,,,2149
2010,2010-03-31,08220,082201,茨城県,つくば市,city,08220,203116,10839,10732,10299,10799,14433,13934,16175,17936,14955,12683,11913,12630,12973,9941,7326,6096,,,,,,9452,103974,5570,5606,5377,5728,7972,7422,8524,9379,7900,6746,6182,6359,6614,5096,3613,2714,,,,,,3172,99142,5269,5126,4922,5071,6461,6512,7651,8557,7055,5937,5731,6271,6359,4845,3713,3382,,,,,,6280
2010,2010-03-31,08221,082210,茨城県,ひたちなか市,city,08221,158393,7617,8299,8535,8174,7921,9085,11014,13978,11951,9938,9006,10287,11066,10316,8043,5782,,,,,,7381,79700,3919,4201,4375,4207,4137,4867,5778,7262,6335,5197,4579,5080,5248,5155,4080,2663,,,,,,2617,78693,3698,4098,4160,3967,3784,4218,5236,6716,5616,4741,4427,5207,5818,5161,3963,3119,,,,,,4764
2010,2010-03-31,08222,082228,茨城県,鹿嶋市,city,08222,66401,2909,3185,3287,3182,3321,3787,4415,4969,3964,3506,4052,5450,5897,5145,3637,2577,,,,,,3118,34053,1432,1632,1702,1697,1892,2013,2378,2756,2106,1831,2030,2897,2991,2644,1859,1142,,,,,,1051,32348,1477,1553,1585,1485,1429,1774,2037,2213,1858,1675,2022,2553,2906,2501,1778,1435,,,,,,2067
2010,2010-03-31,08223,082236,茨城県,潮来市,city,08223,30594,1135,1282,1470,1699,1642,1546,1792,2011,1768,1909,2130,2553,2570,2019,1746,1439,,,,,,1883,15132,568,640,740,852,846,786,946,1034,884,977,1120,1311,1321,1024,854,622,,,,,,607,15462,567,642,730,847,796,760,846,977,884,932,1010,1242,1249,995,892,817,,,,,,1276
2010,2010-03-31,08224,082244,茨城県,守谷市,city,08224,61551,3393,3426,3153,3071,3479,4232,5049,5637,4383,3575,3625,4884,4866,3286,2049,1424,,,,,,2019,31168,1784,1771,1642,1612,1837,2130,2599,2922,2267,1830,1731,2388,2543,1754,1074,639,,,,,,645,30383,1609,1655,1511,1459,1642,2102,2450,2715,2116,1745,1894,2496,2323,1532,975,785,,,,,,1374
2010,2010-03-31,08225,082252,茨城県,常陸大宮市,city,08225,46977,1502,1892,2123,2329,2378,2376,2384,2603,2545,2793,3333,3835,3448,2828,2677,2904,,,,,,5027,23196,801,959,1097,1166,1195,1245,1250,1337,1310,1424,1739,2042,1833,1428,1294,1286,,,,,,1790,23781,701,933,1026,1163,1183,1131,1134,1266,1235,1369,1594,1793,1615,1400,1383,1618,,,,,,3237
2010,2010-03-31,08226,082261,茨城県,那珂市,city,08226,56110,2145,2559,2688,2844,2855,2943,3364,3905,3470,3380,3761,4458,4481,3858,2950,2589,,,,,,3860,27646,1089,1362,1409,1491,1415,1462,1700,2015,1776,1692,1876,2222,2286,1927,1470,1146,,,,,,1308,28464,1056,1197,1279,1353,1440,1481,1664,1890,1694,1688,1885,2236,2195,1931,1480,1443,,,,,,2552
2010,2010-03-31,08227,082279,茨城県,筑西市,city,08227,110842,4283,4980,5491,5549,5783,6076,6919,7935,6682,6397,7268,9192,8961,6959,5734,5048,,,,,,7585,55284,2148,2576,2853,2924,2991,3209,3649,4255,3458,3295,3745,4713,4521,3467,2736,2194,,,,,,2550,55558,2135,2404,2638,2625,2792,2867,3270,3680,3224,3102,3523,4479,4440,3492,2998,2854,,,,,,5035
2010,2010-03-31,08228,082287,茨城県,坂東市,city,08228,56610,2307,2656,2738,2977,3023,3250,3480,4035,3327,3260,3875,4771,4644,3408,2801,2439,,,,,,3619,28731,1175,1355,1441,1552,1644,1695,1861,2207,1780,1649,2023,2515,2419,1707,1406,1088,,,,,,1214,27879,1132,1301,1297,1425,1379,1555,1619,1828,1547,1611,1852,2256,2225,1701,1395,1351,,,,,,2405
2010,2010-03-31,08229,082295,茨城県,稲敷市,city,08229,46949,1484,1817,2090,2457,2469,2504,2375,2723,2575,3032,3379,4089,3949,3063,2734,2518,,,,,,3691,23414,750,927,1065,1257,1353,1368,1263,1430,1328,1555,1798,2162,2062,1532,1280,1070,,,,,,1214,23535,734,890,1025,1200,1116,1136,1112,1293,1247,1477,1581,1927,1887,1531,1454,1448,,,,,,2477
2010,2010-03-31,08230,082309,茨城県,かすみがうら市,city,08230,44084,1886,2070,2072,2073,2205,2615,2968,3302,2652,2503,2702,3514,3649,2940,2175,1846,,,,,,2912,22258,975,1070,1037,1099,1156,1374,1607,1772,1393,1300,1382,1824,1883,1491,1111,809,,,,,,975,21826,911,1000,1035,974,1049,1241,1361,1530,1259,1203,1320,1690,1766,1449,1064,1037,,,,,,1937
2010,2010-03-31,08231,082317,茨城県,桜川市,city,08231,47625,1669,2090,2278,2605,2526,2558,2689,2956,2653,2897,3466,4005,3546,2722,2495,2451,,,,,,4019,23521,880,1081,1146,1338,1311,1339,1446,1556,1368,1478,1835,2079,1830,1339,1172,1023,,,,,,1300,24104,789,1009,1132,1267,1215,1219,1243,1400,1285,1419,1631,1926,1716,1383,1323,1428,,,,,,2719
2010,2010-03-31,08232,082325,茨城県,神栖市,city,08232,91921,4853,5010,4949,4726,4884,5931,6775,7908,6544,5764,5869,6844,6541,5043,3746,2923,,,,,,3611,47027,2510,2568,2573,2482,2608,3188,3546,4206,3480,3076,3130,3638,3298,2521,1821,1217,,,,,,1165,44894,2343,2442,2376,2244,2276,2743,3229,3702,3064,2688,2739,3206,3243,2522,1925,1706,,,,,,2446
2010,2010-03-31,08233,082333,茨城県,行方市,city,08233,38767,1284,1510,1744,1882,2052,2085,2026,2133,1957,2327,2921,3376,2952,2262,2227,2408,,,,,,3621,19288,653,746,880,928,1127,1089,1135,1169,1026,1188,1532,1782,1588,1163,1031,1026,,,,,,1225,19479,631,764,864,954,925,996,891,964,931,1139,1389,1594,1364,1099,1196,1382,,,,,,2396
2010,2010-03-31,08234,082341,茨城県,鉾田市,city,08234,51463,1901,2098,2323,2440,2600,2774,2809,3158,2766,2983,3557,4445,4162,3449,3024,2804,,,,,,4170,25849,982,1075,1177,1292,1381,1465,1511,1684,1430,1527,1898,2382,2154,1794,1447,1235,,,,,,1415,25614,919,1023,1146,1148,1219,1309,1298,1474,1336,1456,1659,2063,2008,1655,1577,1569,,,,,,2755
2010,2010-03-31,08235,082350,茨城県,つくばみらい市,city,08235,44889,2066,1898,2011,2050,2274,2780,3518,3553,2829,2367,2549,3399,3900,3298,2263,1656,,,,,,2478,22494,1022,969,1025,1061,1182,1403,1853,1947,1561,1208,1288,1648,1909,1703,1160,750,,,,,,805,22395,1044,929,986,989,1092,1377,1665,1606,1268,1159,1261,1751,1991,1595,1103,906,,,,,,1673
2010,2010-03-31,08236,082368,茨城県,小美玉市,city,08236,52895,2349,2545,2618,2780,2868,3229,3494,3834,3018,3165,3474,4076,4051,3213,2657,2212,,,,,,3312,26791,1179,1309,1332,1462,1522,1769,1942,2014,1581,1609,1818,2102,2063,1625,1339,993,,,,,,1132,26104,1170,1236,1286,1318,1346,1460,1552,1820,1437,1556,1656,1974,1988,1588,1318,1219,,,,,,2180
2010,2010-03-31,08300,083003,茨城県,東茨城郡,gun_agg,,75546,2593,3049,3439,3726,3893,3937,4179,4581,4345,4527,5393,6505,5923,4873,4134,4032,,,,,,6417,37385,1376,1562,1763,1966,1987,2020,2161,2420,2247,2318,2768,3347,3108,2400,1976,1746,,,,,,2220,38161,1217,1487,1676,1760,1906,1917,2018,2161,2098,2209,2625,3158,2815,2473,2158,2286,,,,,,4197
2010,2010-03-31,08302,083020,茨城県,東茨城郡茨城町,town,08302,34858,1289,1442,1583,1616,1838,1914,2098,2182,1970,1965,2366,3058,2802,2306,1873,1749,,,,,,2807,17330,696,758,826,848,922,994,1078,1183,1011,989,1187,1533,1466,1128,944,765,,,,,,1002,17528,593,684,757,768,916,920,1020,999,959,976,1179,1525,1336,1178,929,984,,,,,,1805
2010,2010-03-31,08309,083097,茨城県,東茨城郡大洗町,town,08309,18322,636,740,757,872,887,924,1022,1148,1120,1157,1282,1469,1480,1185,1091,1033,,,,,,1519,9030,326,386,380,462,471,481,532,607,583,626,694,747,762,572,486,431,,,,,,484,9292,310,354,377,410,416,443,490,541,537,531,588,722,718,613,605,602,,,,,,1035
2010,2010-03-31,08310,083101,茨城県,東茨城郡城里町,town,08310,22366,668,867,1099,1238,1168,1099,1059,1251,1255,1405,1745,1978,1641,1382,1170,1250,,,,,,2091,11025,354,418,557,656,594,545,551,630,653,703,887,1067,880,700,546,550,,,,,,734,11341,314,449,542,582,574,554,508,621,602,702,858,911,761,682,624,700,,,,,,1357
2010,2010-03-31,08340,083402,茨城県,那珂郡,gun_agg,,37405,2047,2158,1990,1725,1666,2092,2715,3566,2975,2238,1885,2198,2617,2633,1935,1199,,,,,,1766,18872,1053,1121,1006,864,871,1109,1408,1858,1543,1250,954,1077,1210,1367,1010,537,,,,,,634,18533,994,1037,984,861,795,983,1307,1708,1432,988,931,1121,1407,1266,925,662,,,,,,1132
2010,2010-03-31,08341,083411,茨城県,那珂郡東海村,village,08341,37405,2047,2158,1990,1725,1666,2092,2715,3566,2975,2238,1885,2198,2617,2633,1935,1199,,,,,,1766,18872,1053,1121,1006,864,871,1109,1408,1858,1543,1250,954,1077,1210,1367,1010,537,,,,,,634,18533,994,1037,984,861,795,983,1307,1708,1432,988,931,1121,1407,1266,925,662,,,,,,1132
2010,2010-03-31,08360,083607,茨城県,久慈郡,gun_agg,,20865,497,633,783,939,900,765,804,794,920,1198,1590,1950,1626,1413,1532,1686,,,,,,2835,10263,264,311,425,462,484,419,421,442,462,665,866,1025,883,721,734,709,,,,,,970,10602,233,322,358,477,416,346,383,352,458,533,724,925,743,692,798,977,,,,,,1865
2010,2010-03-31,08364,083640,茨城県,久慈郡大子町,town,08364,20865,497,633,783,939,900,765,804,794,920,1198,1590,1950,1626,1413,1532,1686,,,,,,2835,10263,264,311,425,462,484,419,421,442,462,665,866,1025,883,721,734,709,,,,,,970,10602,233,322,358,477,416,346,383,352,458,533,724,925,743,692,798,977,,,,,,1865
2010,2010-03-31,08440,084409,茨城県,稲敷郡,gun_agg,,75022,3007,3320,3515,3751,4140,4269,4922,5730,4840,4460,4855,5817,6132,4962,3946,3123,,,,,,4233,37628,1549,1644,1795,1930,2157,2245,2663,3080,2591,2280,2529,2984,3118,2486,1828,1363,,,,,,1386,37394,1458,1676,1720,1821,1983,2024,2259,2650,2249,2180,2326,2833,3014,2476,2118,1760,,,,,,2847
2010,2010-03-31,08442,084425,茨城県,稲敷郡美浦村,village,08442,17700,749,774,845,886,910,1057,1208,1383,1175,1117,1158,1407,1368,1128,915,742,,,,,,878,9155,405,379,442,478,495,607,694,777,641,561,632,740,706,565,447,320,,,,,,266,8545,344,395,403,408,415,450,514,606,534,556,526,667,662,563,468,422,,,,,,612
2010,2010-03-31,08443,084433,茨城県,稲敷郡阿見町,town,08443,46762,1996,2171,2186,2298,2676,2756,3222,3746,3037,2655,2961,3541,3901,3121,2316,1754,,,,,,2425,23296,1035,1069,1106,1151,1387,1404,1689,1973,1638,1362,1508,1781,1956,1557,1059,789,,,,,,832,23466,961,1102,1080,1147,1289,1352,1533,1773,1399,1293,1453,1760,1945,1564,1257,965,,,,,,1593
2010,2010-03-31,08447,084476,茨城県,稲敷郡河内町,town,08447,10560,262,375,484,567,554,456,492,601,628,688,736,869,863,713,715,627,,,,,,930,5177,109,196,247,301,275,234,280,330,312,357,389,463,456,364,322,254,,,,,,288,5383,153,179,237,266,279,222,212,271,316,331,347,406,407,349,393,373,,,,,,642
2010,2010-03-31,08520,085201,茨城県,結城郡,gun_agg,,23376,939,1160,1178,1240,1234,1297,1445,1489,1274,1326,1725,1937,1782,1285,1106,1081,,,,,,1878,11739,493,625,617,641,635,676,773,800,654,687,889,1022,917,669,535,464,,,,,,642,11637,446,535,561,599,599,621,672,689,620,639,836,915,865,616,571,617,,,,,,1236
2010,2010-03-31,08521,085219,茨城県,結城郡八千代町,town,08521,23376,939,1160,1178,1240,1234,1297,1445,1489,1274,1326,1725,1937,1782,1285,1106,1081,,,,,,1878,11739,493,625,617,641,635,676,773,800,654,687,889,1022,917,669,535,464,,,,,,642,11637,446,535,561,599,599,621,672,689,620,639,836,915,865,616,571,617,,,,,,1236
2010,2010-03-31,08540,085405,茨城県,猿島郡,gun_agg,,35754,1391,1616,1741,1845,1967,2058,2212,2497,2096,2136,2457,3071,2901,2150,1732,1528,,,,,,2356,17929,688,809,906,953,1006,1040,1186,1317,1107,1113,1233,1609,1577,1089,865,662,,,,,,769,17825,703,807,835,892,961,1018,1026,1180,989,1023,1224,1462,1324,1061,867,866,,,,,,1587
2010,2010-03-31,08542,085421,茨城県,猿島郡五霞町,town,08542,9545,310,365,421,466,652,526,560,571,571,591,690,934,837,596,460,356,,,,,,639,4789,151,177,217,241,312,276,293,311,299,299,335,505,481,301,240,145,,,,,,206,4756,159,188,204,225,340,250,267,260,272,292,355,429,356,295,220,211,,,,,,433
2010,2010-03-31,08546,085464,茨城県,猿島郡境町,town,08546,26209,1081,1251,1320,1379,1315,1532,1652,1926,1525,1545,1767,2137,2064,1554,1272,1172,,,,,,1717,13140,537,632,689,712,694,764,893,1006,808,814,898,1104,1096,788,625,517,,,,,,563,13069,544,619,631,667,621,768,759,920,717,731,869,1033,968,766,647,655,,,,,,1154
2010,2010-03-31,08560,085600,茨城県,北相馬郡,gun_agg,,17884,499,649,637,656,829,923,1108,1201,838,762,991,1712,2242,1884,1069,786,,,,,,1098,8740,246,318,334,344,419,456,558,641,433,403,475,761,1076,986,597,333,,,,,,360,9144,253,331,303,312,410,467,550,560,405,359,516,951,1166,898,472,453,,,,,,738
2010,2010-03-31,08564,085642,茨城県,北相馬郡利根町,town,08564,17884,499,649,637,656,829,923,1108,1201,838,762,991,1712,2242,1884,1069,786,,,,,,1098,8740,246,318,334,344,419,456,558,641,433,403,475,761,1076,986,597,333,,,,,,360,9144,253,331,303,312,410,467,550,560,405,359,516,951,1166,898,472,453,,,,,,738
2010,2010-03-31,09000,090000,栃木県,,pref,,2000774,86013,92627,94366,98089,104533,115513,133886,150451,128565,121206,130066,154228,155564,123143,99537,87570,,,,,,125417,996502,44281,47415,48462,50229,54289,61311,70446,79343,66755,62604,66664,78340,79012,60834,46948,37665,,,,,,41904,1004272,41732,45212,45904,47860,50244,54202,63440,71108,61810,58602,63402,75888,76552,62309,52589,49905,,,,,,83513
2010,2010-03-31,09201,092011,栃木県,宇都宮市,city,09201,505804,24714,24789,23595,23536,26049,32208,38959,43212,36113,31439,30543,35259,37437,30516,23223,18990,,,,,,25222,253259,12708,12687,12130,11954,13655,17386,20647,22808,18929,16360,15621,17522,18520,14841,10909,8143,,,,,,8439,252545,12006,12102,11465,11582,12394,14822,18312,20404,17184,15079,14922,17737,18917,15675,12314,10847,,,,,,16783
2010,2010-03-31,09202,092029,栃木県,足利市,city,09202,155061,5959,6817,7030,7179,7182,7527,9421,11106,10090,9231,9251,11643,13667,11561,9014,7750,,,,,,10633,75851,3023,3490,3563,3623,3687,3912,4942,5906,5146,4775,4716,5731,6829,5574,4150,3285,,,,,,3499,79210,2936,3327,3467,3556,3495,3615,4479,5200,4944,4456,4535,5912,6838,5987,4864,4465,,,,,,7134
2010,2010-03-31,09203,092037,栃木県,栃木市,city,09203,140888,5421,6212,6448,6856,7002,7442,8617,9984,8505,7961,9116,11485,11852,9459,7722,6722,,,,,,10084,69441,2818,3123,3251,3506,3559,3866,4534,5226,4400,4102,4597,5798,6016,4737,3671,2867,,,,,,3370,71447,2603,3089,3197,3350,3443,3576,4083,4758,4105,3859,4519,5687,5836,4722,4051,3855,,,,,,6714
2010,2010-03-31,09204,092045,栃木県,佐野市,city,09204,122816,4782,5247,5634,5948,6246,6617,7440,8411,7670,7462,8086,9875,9901,7839,6714,6248,,,,,,8696,60549,2482,2636,2856,3048,3204,3515,3853,4464,3976,3826,4166,5044,5063,3837,3076,2652,,,,,,2851,62267,2300,2611,2778,2900,3042,3102,3587,3947,3694,3636,3920,4831,4838,4002,3638,3596,,,,,,5845
2010,2010-03-31,09205,092053,栃木県,鹿沼市,city,09205,103003,4311,4702,5009,5352,5410,5546,6429,7319,6452,6215,6808,8055,7905,6078,5070,4869,,,,,,7473,50956,2223,2366,2567,2799,2769,2839,3345,3756,3333,3199,3505,4098,4091,3025,2414,2097,,,,,,2530,52047,2088,2336,2442,2553,2641,2707,3084,3563,3119,3016,3303,3957,3814,3053,2656,2772,,,,,,4943
2010,2010-03-31,09206,092061,栃木県,日光市,city,09206,92176,3141,3533,4151,4660,4541,4387,4938,5782,5558,5716,6024,7274,7546,6467,5674,5214,,,,,,7570,44970,1659,1803,2105,2373,2312,2283,2499,3084,2898,2925,3094,3749,3813,3058,2601,2189,,,,,,2525,47206,1482,1730,2046,2287,2229,2104,2439,2698,2660,2791,2930,3525,3733,3409,3073,3025,,,,,,5045
2010,2010-03-31,09208,092088,栃木県,小山市,city,09208,159055,7428,7734,7811,8029,8666,9524,11267,13083,11103,9916,10314,11971,11814,9588,7262,5630,,,,,,7915,80117,3893,3938,4084,4136,4461,4955,5934,6917,5805,5149,5207,6236,5989,4706,3543,2501,,,,,,2663,78938,3535,3796,3727,3893,4205,4569,5333,6166,5298,4767,5107,5735,5825,4882,3719,3129,,,,,,5252
2010,2010-03-31,09209,092096,栃木県,真岡市,city,09209,79351,3712,3938,3875,3843,4329,4862,5567,5965,4692,4532,5375,6583,6092,4371,3496,3271,,,,,,4848,40139,1862,2086,2005,1975,2262,2629,2944,3172,2461,2385,2790,3337,3216,2240,1714,1448,,,,,,1613,39212,1850,1852,1870,1868,2067,2233,2623,2793,2231,2147,2585,3246,2876,2131,1782,1823,,,,,,3235
2010,2010-03-31,09210,092100,栃木県,大田原市,city,09210,74089,3042,3447,3518,3688,4185,4333,4818,5172,4143,4321,5261,6272,5541,3858,3603,3551,,,,,,5336,36824,1526,1791,1793,1878,2217,2304,2548,2766,2122,2200,2693,3202,2907,1907,1672,1528,,,,,,1770,37265,1516,1656,1725,1810,1968,2029,2270,2406,2021,2121,2568,3070,2634,1951,1931,2023,,,,,,3566
2010,2010-03-31,09211,092118,栃木県,矢板市,city,09211,35340,1391,1613,1693,1797,1859,2002,2273,2440,2104,2174,2359,2893,2821,2176,1756,1642,,,,,,2347,17613,731,840,836,933,978,1093,1209,1303,1085,1092,1223,1470,1438,1087,811,698,,,,,,786,17727,660,773,857,864,881,909,1064,1137,1019,1082,1136,1423,1383,1089,945,944,,,,,,1561
2010,2010-03-31,09213,092134,栃木県,那須塩原市,city,09213,116739,5356,5875,5968,5940,5968,7009,8269,9313,7712,7025,7693,9109,8776,6912,5364,4415,,,,,,6035,58177,2706,3021,3032,2996,3035,3718,4344,4824,4047,3666,3943,4642,4308,3429,2533,1943,,,,,,1990,58562,2650,2854,2936,2944,2933,3291,3925,4489,3665,3359,3750,4467,4468,3483,2831,2472,,,,,,4045
2010,2010-03-31,09214,092142,栃木県,さくら市,city,09214,43781,2218,2185,2138,2168,2250,2909,3269,3368,2690,2546,2711,3228,3173,2386,2071,1780,,,,,,2691,22164,1108,1135,1139,1110,1268,1644,1752,1776,1405,1338,1425,1649,1604,1192,999,732,,,,,,888,21617,1110,1050,999,1058,982,1265,1517,1592,1285,1208,1286,1579,1569,1194,1072,1048,,,,,,1803
2010,2010-03-31,09215,092151,栃木県,那須烏山市,city,09215,30302,978,1159,1291,1492,1502,1538,1698,1796,1628,1827,2133,2507,2458,1879,1732,1752,,,,,,2932,14984,493,616,674,727,757,792,920,979,847,949,1133,1301,1279,970,799,753,,,,,,995,15318,485,543,617,765,745,746,778,817,781,878,1000,1206,1179,909,933,999,,,,,,1937
2010,2010-03-31,09216,092169,栃木県,下野市,city,09216,59518,2623,3063,3158,3283,3859,3381,3832,4603,3965,4053,4089,4366,4068,3234,2604,2276,,,,,,3061,29598,1328,1591,1606,1728,1977,1664,1906,2383,1953,2056,2109,2289,2083,1623,1260,1000,,,,,,1042,29920,1295,1472,1552,1555,1882,1717,1926,2220,2012,1997,1980,2077,1985,1611,1344,1276,,,,,,2019
2010,2010-03-31,09300,093009,栃木県,河内郡,gun_agg,,31673,1677,1851,1739,1686,1803,2012,2165,2732,2135,1998,2206,2285,1989,1572,1192,1094,,,,,,1537,16094,885,966,927,902,934,1049,1114,1413,1083,1060,1140,1214,999,817,582,484,,,,,,525,15579,792,885,812,784,869,963,1051,1319,1052,938,1066,1071,990,755,610,610,,,,,,1012
2010,2010-03-31,09301,093017,栃木県,河内郡上三川町,town,09301,31673,1677,1851,1739,1686,1803,2012,2165,2732,2135,1998,2206,2285,1989,1572,1192,1094,,,,,,1537,16094,885,966,927,902,934,1049,1114,1413,1083,1060,1140,1214,999,817,582,484,,,,,,525,15579,792,885,812,784,869,963,1051,1319,1052,938,1066,1071,990,755,610,610,,,,,,1012
2010,2010-03-31,09320,093203,栃木県,上都賀郡,gun_agg,,6759,217,303,338,334,301,315,366,446,382,382,505,578,593,407,350,330,,,,,,612,3336,122,162,173,165,162,174,171,244,191,198,273,291,321,199,162,128,,,,,,200,3423,95,141,165,169,139,141,195,202,191,184,232,287,272,208,188,202,,,,,,412
2010,2010-03-31,09321,093211,栃木県,上都賀郡西方町,town,09321,6759,217,303,338,334,301,315,366,446,382,382,505,578,593,407,350,330,,,,,,612,3336,122,162,173,165,162,174,171,244,191,198,273,291,321,199,162,128,,,,,,200,3423,95,141,165,169,139,141,195,202,191,184,232,287,272,208,188,202,,,,,,412
2010,2010-03-31,09340,093408,栃木県,芳賀郡,gun_agg,,69802,2567,2881,3214,3503,3713,3778,4038,4187,3775,4269,5224,6104,5566,3771,3593,3714,,,,,,5905,34899,1343,1467,1680,1781,1921,2019,2160,2225,1941,2187,2733,3145,3020,1945,1703,1625,,,,,,2004,34903,1224,1414,1534,1722,1792,1759,1878,1962,1834,2082,2491,2959,2546,1826,1890,2089,,,,,,3901
2010,2010-03-31,09342,093424,栃木県,芳賀郡益子町,town,09342,24963,946,1064,1202,1336,1353,1419,1557,1566,1401,1592,1885,2251,2041,1326,1193,1080,,,,,,1751,12470,485,553,609,663,691,755,831,829,696,813,987,1141,1112,674,587,486,,,,,,558,12493,461,511,593,673,662,664,726,737,705,779,898,1110,929,652,606,594,,,,,,1193
2010,2010-03-31,09343,093432,栃木県,芳賀郡茂木町,town,09343,15672,460,527,638,717,755,749,756,794,673,882,1201,1359,1304,897,950,1132,,,,,,1878,7751,244,254,353,362,396,394,411,418,348,448,644,700,707,462,450,481,,,,,,679,7921,216,273,285,355,359,355,345,376,325,434,557,659,597,435,500,651,,,,,,1199
2010,2010-03-31,09344,093441,栃木県,芳賀郡市貝町,town,09344,12479,502,533,616,710,725,722,719,770,768,857,944,1031,877,606,574,599,,,,,,926,6325,251,272,319,365,391,403,386,407,397,439,503,542,485,320,264,261,,,,,,320,6154,251,261,297,345,334,319,333,363,371,418,441,489,392,286,310,338,,,,,,606
2010,2010-03-31,09345,093459,栃木県,芳賀郡芳賀町,town,09345,16688,659,757,758,740,880,888,1006,1057,933,938,1194,1463,1344,942,876,903,,,,,,1350,8353,363,388,399,391,443,467,532,571,500,487,599,762,716,489,402,397,,,,,,447,8335,296,369,359,349,437,421,474,486,433,451,595,701,628,453,474,506,,,,,,903
2010,2010-03-31,09360,093602,栃木県,下都賀郡,gun_agg,,83960,3231,3580,3685,4158,4763,5046,5195,5883,4814,4748,6046,7197,7162,5740,4244,3435,,,,,,5033,41828,1690,1814,1908,2176,2423,2582,2704,3101,2518,2341,2980,3700,3659,2928,2068,1507,,,,,,1729,42132,1541,1766,1777,1982,2340,2464,2491,2782,2296,2407,3066,3497,3503,2812,2176,1928,,,,,,3304
2010,2010-03-31,09361,093611,栃木県,下都賀郡壬生町,town,09361,39475,1630,1833,1784,1870,2159,2344,2473,2977,2420,2279,2656,3132,3271,2731,2005,1611,,,,,,2300,19531,873,905,933,964,1049,1208,1253,1569,1237,1172,1318,1610,1607,1369,959,718,,,,,,787,19944,757,928,851,906,1110,1136,1220,1408,1183,1107,1338,1522,1664,1362,1046,893,,,,,,1513
2010,2010-03-31,09364,093645,栃木県,下都賀郡野木町,town,09364,26039,967,1039,1062,1326,1630,1704,1650,1690,1364,1391,2027,2547,2350,1775,1227,943,,,,,,1347,12963,487,515,560,686,867,833,861,883,736,623,962,1295,1222,941,622,398,,,,,,472,13076,480,524,502,640,763,871,789,807,628,768,1065,1252,1128,834,605,545,,,,,,875
2010,2010-03-31,09367,093670,栃木県,下都賀郡岩舟町,town,09367,18446,634,708,839,962,974,998,1072,1216,1030,1078,1363,1518,1541,1234,1012,881,,,,,,1386,9334,330,394,415,526,507,541,590,649,545,546,700,795,830,618,487,391,,,,,,470,9112,304,314,424,436,467,457,482,567,485,532,663,723,711,616,525,490,,,,,,916
2010,2010-03-31,09380,093807,栃木県,塩谷郡,gun_agg,,43719,1838,1911,2011,2331,2577,2851,3052,3075,2613,2642,2866,3337,3116,2302,2018,2009,,,,,,3170,22306,984,954,1062,1216,1472,1686,1707,1648,1365,1370,1510,1742,1626,1162,954,857,,,,,,991,21413,854,957,949,1115,1105,1165,1345,1427,1248,1272,1356,1595,1490,1140,1064,1152,,,,,,2179
2010,2010-03-31,09384,093840,栃木県,塩谷郡塩谷町,town,09384,13217,415,513,564,644,722,681,704,684,677,742,937,1208,1136,769,793,782,,,,,,1246,6532,232,256,303,326,359,372,394,360,349,386,501,621,611,385,361,337,,,,,,379,6685,183,257,261,318,363,309,310,324,328,356,436,587,525,384,432,445,,,,,,867
2010,2010-03-31,09386,093866,栃木県,塩谷郡高根沢町,town,09386,30502,1423,1398,1447,1687,1855,2170,2348,2391,1936,1900,1929,2129,1980,1533,1225,1227,,,,,,1924,15774,752,698,759,890,1113,1314,1313,1288,1016,984,1009,1121,1015,777,593,520,,,,,,612,14728,671,700,688,797,742,856,1035,1103,920,916,920,1008,965,756,632,707,,,,,,1312
2010,2010-03-31,09400,094005,栃木県,那須郡,gun_agg,,46938,1407,1787,2060,2306,2328,2226,2273,2574,2421,2749,3456,4207,4087,3027,2835,2878,,,,,,4317,23397,697,929,1071,1203,1236,1201,1213,1348,1250,1426,1806,2180,2231,1557,1327,1228,,,,,,1494,23541,710,858,989,1103,1092,1025,1060,1226,1171,1323,1650,2027,1856,1470,1508,1650,,,,,,2823
2010,2010-03-31,09407,094072,栃木県,那須郡那須町,town,09407,27594,859,1090,1208,1285,1335,1295,1334,1560,1470,1591,1960,2516,2522,1966,1732,1588,,,,,,2283,13695,422,546,624,679,695,708,704,814,764,837,1015,1294,1358,1002,801,672,,,,,,760,13899,437,544,584,606,640,587,630,746,706,754,945,1222,1164,964,931,916,,,,,,1523
2010,2010-03-31,09411,094111,栃木県,那須郡那珂川町,town,09411,19344,548,697,852,1021,993,931,939,1014,951,1158,1496,1691,1565,1061,1103,1290,,,,,,2034,9702,275,383,447,524,541,493,509,534,486,589,791,886,873,555,526,556,,,,,,734,9642,273,314,405,497,452,438,430,480,465,569,705,805,692,506,577,734,,,,,,1300
2010,2010-03-31,10000,100005,群馬県,,pref,,2004786,84544,93736,98410,99878,101030,107401,127515,149538,130484,118479,121635,146203,159424,131870,105422,93341,,,,,,135876,990601,43473,47977,50227,51388,53071,55841,66239,77457,67353,60681,62158,73367,79793,64482,49639,40859,,,,,,46596,1014185,41071,45759,48183,48490,47959,51560,61276,72081,63131,57798,59477,72836,79631,67388,55783,52482,,,,,,89280
2010,2010-03-31,10201,102016,群馬県,前橋市,city,10201,340383,14397,15692,16389,16755,17548,18570,21490,25561,22772,20723,20927,24441,26224,22081,17930,16164,,,,,,22719,166566,7427,8031,8432,8501,9022,9559,10959,13083,11553,10411,10497,12265,12916,10658,8341,7028,,,,,,7883,173817,6970,7661,7957,8254,8526,9011,10531,12478,11219,10312,10430,12176,13308,11423,9589,9136,,,,,,14836
2010,2010-03-31,10202,102024,群馬県,高崎市,city,10202,370301,17033,17573,18075,18154,19118,20580,25003,29547,25135,21851,21440,25447,28648,24335,18848,16319,,,,,,23195,182739,8766,9069,9255,9346,10123,10515,12847,15155,12940,11116,10935,12576,14194,11782,8870,7158,,,,,,8092,187562,8267,8504,8820,8808,8995,10065,12156,14392,12195,10735,10505,12871,14454,12553,9978,9161,,,,,,15103
2010,2010-03-31,10203,102032,群馬県,桐生市,city,10203,123810,4003,5029,5714,5880,5853,5657,6590,8334,7763,7242,7402,8687,10889,9623,8052,7088,,,,,,10004,59807,1982,2602,2945,3026,3209,2978,3448,4283,3921,3691,3706,4334,5251,4556,3651,2964,,,,,,3260,64003,2021,2427,2769,2854,2644,2679,3142,4051,3842,3551,3696,4353,5638,5067,4401,4124,,,,,,6744
2010,2010-03-31,10204,102041,群馬県,伊勢崎市,city,10204,199820,9676,10483,10481,10010,10265,11520,14568,16303,13733,11764,11469,13295,14720,12089,9512,8445,,,,,,11487,99664,4858,5416,5337,5182,5325,5904,7563,8572,7237,6171,5950,6633,7380,5983,4437,3765,,,,,,3951,100156,4818,5067,5144,4828,4940,5616,7005,7731,6496,5593,5519,6662,7340,6106,5075,4680,,,,,,7536
2010,2010-03-31,10205,102059,群馬県,太田市,city,10205,212036,10667,11294,10645,10096,10619,12414,15415,17791,14591,11873,11722,14652,17422,13963,9989,7762,,,,,,11121,106978,5520,5716,5450,5317,5701,6621,8232,9303,7826,6322,6032,7236,8730,7011,4870,3461,,,,,,3630,105058,5147,5578,5195,4779,4918,5793,7183,8488,6765,5551,5690,7416,8692,6952,5119,4301,,,,,,7491
2010,2010-03-31,10206,102067,群馬県,沼田市,city,10206,52837,2025,2398,2684,2661,2479,2557,2898,3406,3088,3117,3622,3991,3927,3432,3025,3064,,,,,,4463,25674,1031,1211,1404,1382,1318,1312,1478,1735,1552,1544,1835,2038,1982,1625,1356,1332,,,,,,1539,27163,994,1187,1280,1279,1161,1245,1420,1671,1536,1573,1787,1953,1945,1807,1669,1732,,,,,,2924
2010,2010-03-31,10207,102075,群馬県,館林市,city,10207,78270,3383,3781,3889,3852,3753,4214,5134,6283,5280,4547,4623,5747,6491,5226,4002,3424,,,,,,4641,39237,1805,1940,2029,1946,2046,2226,2660,3345,2787,2387,2381,2936,3237,2569,1886,1499,,,,,,1558,39033,1578,1841,1860,1906,1707,1988,2474,2938,2493,2160,2242,2811,3254,2657,2116,1925,,,,,,3083
2010,2010-03-31,10208,102083,群馬県,渋川市,city,10208,85198,2920,3550,4022,4202,4381,4489,4857,5332,4915,5048,5504,7048,6852,5750,5040,4475,,,,,,6813,41779,1512,1799,2047,2114,2266,2370,2537,2755,2467,2561,2834,3590,3481,2762,2370,1935,,,,,,2379,43419,1408,1751,1975,2088,2115,2119,2320,2577,2448,2487,2670,3458,3371,2988,2670,2540,,,,,,4434
2010,2010-03-31,10209,102091,群馬県,藤岡市,city,10209,69390,2748,3179,3508,3665,3373,3551,4175,5077,4424,4137,4351,5345,5772,4525,3729,3251,,,,,,4580,34149,1430,1598,1769,1872,1742,1833,2173,2629,2237,2113,2205,2637,2905,2228,1787,1462,,,,,,1529,35241,1318,1581,1739,1793,1631,1718,2002,2448,2187,2024,2146,2708,2867,2297,1942,1789,,,,,,3051
2010,2010-03-31,10210,102105,群馬県,富岡市,city,10210,52677,2033,2397,2580,2657,2556,2557,2977,3646,3104,3101,3373,4046,4191,3450,2937,2706,,,,,,4366,25911,1052,1233,1291,1354,1325,1335,1527,1875,1577,1555,1741,2043,2116,1767,1397,1202,,,,,,1521,26766,981,1164,1289,1303,1231,1222,1450,1771,1527,1546,1632,2003,2075,1683,1540,1504,,,,,,2845
2010,2010-03-31,10211,102113,群馬県,安中市,city,10211,63178,2159,2580,3031,3178,3010,2989,3328,4159,3756,3738,3894,5033,5395,4401,3761,3410,,,,,,5356,30887,1117,1324,1525,1660,1525,1618,1669,2092,1911,1882,1980,2510,2752,2165,1789,1509,,,,,,1859,32291,1042,1256,1506,1518,1485,1371,1659,2067,1845,1856,1914,2523,2643,2236,1972,1901,,,,,,3497
2010,2010-03-31,10212,102121,群馬県,みどり市,city,10212,52438,2453,2641,2639,2516,2436,2905,3623,4148,3426,2965,3056,3904,4233,3407,2606,2210,,,,,,3270,25963,1261,1366,1333,1333,1269,1492,1886,2132,1816,1543,1516,1966,2132,1661,1203,946,,,,,,1108,26475,1192,1275,1306,1183,1167,1413,1737,2016,1610,1422,1540,1938,2101,1746,1403,1264,,,,,,2162
2010,2010-03-31,10340,103403,群馬県,北群馬郡,gun_agg,,33894,1696,1892,1827,1818,1879,1961,2564,2709,2308,2036,2075,2389,2400,1894,1355,1273,,,,,,1818,16954,862,931,944,966,990,994,1316,1412,1166,1054,1067,1208,1243,949,654,572,,,,,,626,16940,834,961,883,852,889,967,1248,1297,1142,982,1008,1181,1157,945,701,701,,,,,,1192
2010,2010-03-31,10344,103446,群馬県,北群馬郡榛東村,village,10344,14610,638,729,795,825,889,860,1048,1110,1004,848,911,1090,1076,807,591,591,,,,,,798,7460,334,364,422,454,508,454,562,581,519,446,480,566,556,384,296,267,,,,,,267,7150,304,365,373,371,381,406,486,529,485,402,431,524,520,423,295,324,,,,,,531
2010,2010-03-31,10345,103454,群馬県,北群馬郡吉岡町,town,10345,19284,1058,1163,1032,993,990,1101,1516,1599,1304,1188,1164,1299,1324,1087,764,682,,,,,,1020,9494,528,567,522,512,482,540,754,831,647,608,587,642,687,565,358,305,,,,,,359,9790,530,596,510,481,508,561,762,768,657,580,577,657,637,522,406,377,,,,,,661
2010,2010-03-31,10360,103608,群馬県,多野郡,gun_agg,,3916,68,83,95,109,117,130,136,133,136,138,228,327,326,329,390,431,,,,,,740,1871,28,47,50,56,56,73,78,77,72,75,119,174,169,146,186,197,,,,,,268,2045,40,36,45,53,61,57,58,56,64,63,109,153,157,183,204,234,,,,,,472
2010,2010-03-31,10366,103667,群馬県,多野郡上野村,village,10366,1360,35,43,47,36,41,67,58,67,47,54,65,102,105,107,120,144,,,,,,222,669,17,25,21,15,17,36,35,41,26,30,34,55,53,53,60,66,,,,,,85,691,18,18,26,21,24,31,23,26,21,24,31,47,52,54,60,78,,,,,,137
2010,2010-03-31,10367,103675,群馬県,多野郡神流町,town,10367,2556,33,40,48,73,76,63,78,66,89,84,163,225,221,222,270,287,,,,,,518,1202,11,22,29,41,39,37,43,36,46,45,85,119,116,93,126,131,,,,,,183,1354,22,18,19,32,37,26,35,30,43,39,78,106,105,129,144,156,,,,,,335
2010,2010-03-31,10380,103802,群馬県,甘楽郡,gun_agg,,26270,632,854,1077,1266,1220,1073,1114,1310,1290,1500,1800,2202,2154,1832,1789,1908,,,,,,3249,12845,337,463,546,650,619,565,575,700,652,753,918,1155,1133,900,825,829,,,,,,1225,13425,295,391,531,616,601,508,539,610,638,747,882,1047,1021,932,964,1079,,,,,,2024
2010,2010-03-31,10382,103829,群馬県,甘楽郡下仁田町,town,10382,9484,173,244,326,425,394,358,335,384,407,526,671,788,780,723,733,803,,,,,,1414,4683,97,133,170,218,205,202,179,215,227,250,343,424,406,357,345,352,,,,,,560,4801,76,111,156,207,189,156,156,169,180,276,328,364,374,366,388,451,,,,,,854
2010,2010-03-31,10383,103837,群馬県,甘楽郡南牧村,village,10383,2631,20,36,42,59,78,61,47,65,90,93,157,193,192,234,279,366,,,,,,619,1232,12,21,18,25,50,33,24,35,48,55,76,98,112,102,121,165,,,,,,237,1399,8,15,24,34,28,28,23,30,42,38,81,95,80,132,158,201,,,,,,382
2010,2010-03-31,10384,103845,群馬県,甘楽郡甘楽町,town,10384,14155,439,574,709,782,748,654,732,861,793,881,972,1221,1182,875,777,739,,,,,,1216,6930,228,309,358,407,364,330,372,450,377,448,499,633,615,441,359,312,,,,,,428,7225,211,265,351,375,384,324,360,411,416,433,473,588,567,434,418,427,,,,,,788
2010,2010-03-31,10420,104205,群馬県,吾妻郡,gun_agg,,62917,1969,2447,2826,3248,2830,2656,2943,3635,3438,3668,4172,5161,4970,4438,4079,4005,,,,,,6432,30928,1033,1268,1367,1635,1480,1385,1545,1948,1736,1914,2222,2652,2524,2154,1989,1814,,,,,,2262,31989,936,1179,1459,1613,1350,1271,1398,1687,1702,1754,1950,2509,2446,2284,2090,2191,,,,,,4170
2010,2010-03-31,10421,104213,群馬県,吾妻郡中之条町,town,10421,18510,562,693,830,988,858,799,853,1032,1035,1033,1180,1406,1471,1260,1242,1275,,,,,,1993,9035,299,362,412,503,440,386,458,555,514,539,606,723,739,636,605,550,,,,,,708,9475,263,331,418,485,418,413,395,477,521,494,574,683,732,624,637,725,,,,,,1285
2010,2010-03-31,10424,104248,群馬県,吾妻郡長野原町,town,10424,6340,219,278,308,291,260,250,341,431,352,397,417,523,526,446,369,357,,,,,,575,3127,103,139,144,139,143,130,192,231,187,210,230,255,267,226,177,158,,,,,,196,3213,116,139,164,152,117,120,149,200,165,187,187,268,259,220,192,199,,,,,,379
2010,2010-03-31,10425,104256,群馬県,吾妻郡嬬恋村,village,10425,10477,364,406,487,592,450,438,506,611,576,702,759,846,799,717,652,612,,,,,,960,5252,196,207,247,302,238,245,259,335,308,346,428,430,409,357,323,287,,,,,,335,5225,168,199,240,290,212,193,247,276,268,356,331,416,390,360,329,325,,,,,,625
2010,2010-03-31,10426,104264,群馬県,吾妻郡草津町,town,10426,7084,214,306,286,292,287,269,330,482,430,345,418,566,645,673,561,405,,,,,,575,3499,109,154,132,143,162,155,181,268,202,208,217,286,309,298,271,186,,,,,,218,3585,105,152,154,149,125,114,149,214,228,137,201,280,336,375,290,219,,,,,,357
2010,2010-03-31,10428,104281,群馬県,吾妻郡高山村,village,10428,4075,132,193,207,209,224,172,197,225,212,266,254,333,273,221,261,269,,,,,,427,1992,76,104,98,103,118,97,91,107,105,136,134,172,152,96,130,128,,,,,,145,2083,56,89,109,106,106,75,106,118,107,130,120,161,121,125,131,141,,,,,,282
2010,2010-03-31,10429,104299,群馬県,吾妻郡東吾妻町,town,10429,16431,478,571,708,876,751,728,716,854,833,925,1144,1487,1256,1121,994,1087,,,,,,1902,8023,250,302,334,445,379,372,364,452,420,475,607,786,648,541,483,505,,,,,,660,8408,228,269,374,431,372,356,352,402,413,450,537,701,608,580,511,582,,,,,,1242
2010,2010-03-31,10440,104400,群馬県,利根郡,gun_agg,,39077,1145,1551,1870,2080,1904,1657,1818,1998,1994,2304,2849,3351,3115,2416,2402,2451,,,,,,4172,18980,593,751,934,1055,1009,886,944,1022,1036,1132,1515,1776,1632,1129,1122,1032,,,,,,1412,20097,552,800,936,1025,895,771,874,976,958,1172,1334,1575,1483,1287,1280,1419,,,,,,2760
2010,2010-03-31,10443,104434,群馬県,利根郡片品村,village,10443,5286,142,195,273,321,276,209,203,273,275,349,403,458,421,276,357,329,,,,,,526,2568,65,93,142,161,152,118,112,141,148,172,215,235,227,121,152,147,,,,,,167,2718,77,102,131,160,124,91,91,132,127,177,188,223,194,155,205,182,,,,,,359
2010,2010-03-31,10444,104442,群馬県,利根郡川場村,village,10444,3649,144,171,183,176,164,181,199,185,174,175,265,318,276,204,193,214,,,,,,427,1757,73,84,91,83,78,88,105,93,90,85,138,168,144,104,101,85,,,,,,147,1892,71,87,92,93,86,93,94,92,84,90,127,150,132,100,92,129,,,,,,280
2010,2010-03-31,10448,104485,群馬県,利根郡昭和村,village,10448,7723,294,372,368,393,376,383,442,422,398,433,565,712,579,402,402,434,,,,,,748,3824,167,191,187,199,208,202,218,219,207,211,309,378,310,197,193,186,,,,,,242,3899,127,181,181,194,168,181,224,203,191,222,256,334,269,205,209,248,,,,,,506
2010,2010-03-31,10449,104493,群馬県,利根郡みなかみ町,town,10449,22419,565,813,1046,1190,1088,884,974,1118,1147,1347,1616,1863,1839,1534,1450,1474,,,,,,2471,10831,288,383,514,612,571,478,509,569,591,664,853,995,951,707,676,614,,,,,,856,11588,277,430,532,578,517,406,465,549,556,683,763,868,888,827,774,860,,,,,,1615
2010,2010-03-31,10460,104604,群馬県,佐波郡,gun_agg,,37092,1572,1776,2217,2544,2202,2125,2337,2725,2708,2764,2683,2786,2792,1916,1323,1076,,,,,,1546,18419,824,905,1106,1261,1100,1075,1239,1377,1314,1368,1404,1436,1433,972,616,457,,,,,,532,18673,748,871,1111,1283,1102,1050,1098,1348,1394,1396,1279,1350,1359,944,707,619,,,,,,1014
2010,2010-03-31,10464,104647,群馬県,佐波郡玉村町,town,10464,37092,1572,1776,2217,2544,2202,2125,2337,2725,2708,2764,2683,2786,2792,1916,1323,1076,,,,,,1546,18419,824,905,1106,1261,1100,1075,1239,1377,1314,1368,1404,1436,1433,972,616,457,,,,,,532,18673,748,871,1111,1283,1102,1050,1098,1348,1394,1396,1279,1350,1359,944,707,619,,,,,,1014
2010,2010-03-31,10520,105201,群馬県,邑楽郡,gun_agg,,101282,3965,4536,4841,5187,5487,5796,6545,7441,6623,5963,6445,8351,8903,6763,4653,3879,,,,,,5904,51250,2035,2307,2463,2732,2946,3100,3563,3962,3553,3089,3301,4202,4583,3465,2290,1697,,,,,,1962,50032,1930,2229,2378,2455,2541,2696,2982,3479,3070,2874,3144,4149,4320,3298,2363,2182,,,,,,3942
2010,2010-03-31,10521,105210,群馬県,邑楽郡板倉町,town,10521,15939,532,651,771,795,825,820,915,953,975,925,1132,1495,1397,1018,775,731,,,,,,1229,7918,269,314,401,393,447,422,486,492,479,483,600,792,710,504,380,335,,,,,,411,8021,263,337,370,402,378,398,429,461,496,442,532,703,687,514,395,396,,,,,,818
2010,2010-03-31,10522,105228,群馬県,邑楽郡明和町,town,10522,11405,470,482,532,547,657,648,711,792,629,646,767,1015,967,737,520,510,,,,,,775,5720,256,244,261,277,331,326,388,420,337,319,392,505,539,370,248,221,,,,,,286,5685,214,238,271,270,326,322,323,372,292,327,375,510,428,367,272,289,,,,,,489
2010,2010-03-31,10523,105236,群馬県,邑楽郡千代田町,town,10523,11549,456,559,537,563,625,590,771,827,686,660,740,949,1039,726,510,514,,,,,,797,5784,261,290,273,296,321,304,409,428,362,340,389,468,535,398,247,211,,,,,,252,5765,195,269,264,267,304,286,362,399,324,320,351,481,504,328,263,303,,,,,,545
2010,2010-03-31,10524,105244,群馬県,邑楽郡大泉町,town,10524,34925,1454,1584,1677,1924,1952,2209,2401,2776,2627,2205,2050,2561,2859,2327,1577,1144,,,,,,1598,17976,713,802,870,1048,1062,1247,1345,1482,1470,1192,1031,1299,1451,1174,793,495,,,,,,502,16949,741,782,807,876,890,962,1056,1294,1157,1013,1019,1262,1408,1153,784,649,,,,,,1096
2010,2010-03-31,10525,105252,群馬県,邑楽郡邑楽町,town,10525,27464,1053,1260,1324,1358,1428,1529,1747,2093,1706,1527,1756,2331,2641,1955,1271,980,,,,,,1505,13852,536,657,658,718,785,801,935,1140,905,755,889,1138,1348,1019,622,435,,,,,,511,13612,517,603,666,640,643,728,812,953,801,772,867,1193,1293,936,649,545,,,,,,994
2010,2010-03-31,11000,110001,埼玉県,,pref,,7123084,306170,324198,337121,344459,382127,430993,506831,613256,529455,447796,415645,493971,563997,497330,371337,260515,,,,,,297883,3588368,157017,166452,172309,176896,197410,223640,265698,322896,279189,234414,214176,248442,278891,245161,182371,120592,,,,,,102814,3534716,149153,157746,164812,167563,184717,207353,241133,290360,250266,213382,201469,245529,285106,252169,188966,139923,,,,,,195069
2010,2010-03-31,11100,111007,埼玉県,さいたま市,city_agg,,1209234,54912,56930,59150,58660,65771,75595,89933,109123,96788,83032,71037,75421,85782,75870,58182,42528,,,,,,50520,606723,28054,29122,30112,30024,33874,39351,46682,56496,50321,43316,37171,38351,42104,36748,27831,19330,,,,,,17836,602511,26858,27808,29038,28636,31897,36244,43251,52627,46467,39716,33866,37070,43678,39122,30351,23198,,,,,,32684
2010,2010-03-31,11101,111015,埼玉県,さいたま市西区,ward,11100,83511,3593,3878,3990,3863,4175,4974,5770,7177,5990,4754,4513,5555,6863,6571,4962,3348,,,,,,3535,41520,1794,1904,2014,1953,2071,2498,3037,3766,3210,2480,2318,2694,3277,3218,2483,1606,,,,,,1197,41991,1799,1974,1976,1910,2104,2476,2733,3411,2780,2274,2195,2861,3586,3353,2479,1742,,,,,,2338
2010,2010-03-31,11102,111023,埼玉県,さいたま市北区,ward,11100,138421,7025,6947,6927,6805,7725,8925,10861,13108,11463,10140,8198,8211,8665,7434,5815,4612,,,,,,5560,69875,3595,3541,3508,3483,4064,4688,5576,6781,5951,5354,4349,4280,4307,3602,2667,2073,,,,,,2056,68546,3430,3406,3419,3322,3661,4237,5285,6327,5512,4786,3849,3931,4358,3832,3148,2539,,,,,,3504
2010,2010-03-31,11103,111031,埼玉県,さいたま市大宮区,ward,11100,106741,4331,4398,4457,4744,6137,7328,8060,9291,8022,7299,6665,6876,7362,6299,5086,4431,,,,,,5955,53193,2218,2247,2307,2374,3093,3880,4226,4842,4172,3782,3450,3531,3669,2989,2376,1876,,,,,,2161,53548,2113,2151,2150,2370,3044,3448,3834,4449,3850,3517,3215,3345,3693,3310,2710,2555,,,,,,3794
2010,2010-03-31,11104,111040,埼玉県,さいたま市見沼区,ward,11100,154882,6749,7336,7632,7957,8230,8757,10581,13344,11784,9997,8924,10040,12007,10924,8444,5722,,,,,,6454,77192,3479,3797,3867,4129,4176,4481,5404,6934,6057,5126,4589,5030,5851,5211,4135,2649,,,,,,2277,77690,3270,3539,3765,3828,4054,4276,5177,6410,5727,4871,4335,5010,6156,5713,4309,3073,,,,,,4177
2010,2010-03-31,11105,111058,埼玉県,さいたま市中央区,ward,11100,93945,4665,4395,4220,3985,5174,6491,7738,9128,7987,6474,5545,5554,6187,5066,4133,3228,,,,,,3975,47238,2384,2255,2147,2053,2721,3472,4009,4583,4232,3363,2888,2849,3122,2449,1908,1431,,,,,,1372,46707,2281,2140,2073,1932,2453,3019,3729,4545,3755,3111,2657,2705,3065,2617,2225,1797,,,,,,2603
2010,2010-03-31,11106,111066,埼玉県,さいたま市桜区,ward,11100,93535,4417,4419,4648,4768,5560,5992,7384,8716,7560,6225,5137,5556,6775,6272,4611,2787,,,,,,2708,47859,2241,2275,2327,2438,2992,3201,3953,4687,4033,3305,2749,2831,3240,3041,2286,1351,,,,,,909,45676,2176,2144,2321,2330,2568,2791,3431,4029,3527,2920,2388,2725,3535,3231,2325,1436,,,,,,1799
2010,2010-03-31,11107,111074,埼玉県,さいたま市浦和区,ward,11100,144291,5901,6675,7427,7175,7690,8819,9984,12418,12406,11252,9428,8757,9313,7840,6357,5374,,,,,,7475,70989,3004,3398,3784,3689,3907,4500,5071,6159,6197,5778,4911,4500,4534,3739,2811,2345,,,,,,2662,73302,2897,3277,3643,3486,3783,4319,4913,6259,6209,5474,4517,4257,4779,4101,3546,3029,,,,,,4813
2010,2010-03-31,11108,111082,埼玉県,さいたま市南区,ward,11100,172077,8268,8214,8639,8270,9642,11756,14261,16749,15072,13061,10115,10039,10791,9215,7226,5128,,,,,,5631,87497,4296,4220,4450,4163,5017,6254,7460,8706,7855,6924,5432,5165,5378,4417,3395,2327,,,,,,2038,84580,3972,3994,4189,4107,4625,5502,6801,8043,7217,6137,4683,4874,5413,4798,3831,2801,,,,,,3593
2010,2010-03-31,11109,111091,埼玉県,さいたま市緑区,ward,11100,110532,5581,5630,6119,5917,5923,6431,8077,9964,8744,7562,6436,6865,7809,6786,4886,3499,,,,,,4303,55231,2819,2908,3110,3055,2944,3260,4164,5127,4418,3943,3285,3524,3867,3376,2375,1596,,,,,,1460,55301,2762,2722,3009,2862,2979,3171,3913,4837,4326,3619,3151,3341,3942,3410,2511,1903,,,,,,2843
2010,2010-03-31,11110,111104,埼玉県,さいたま市岩槻区,ward,11100,111299,4382,5038,5091,5176,5515,6122,7217,9228,7760,6268,6076,7968,10010,9463,6662,4399,,,,,,4924,56129,2224,2577,2598,2687,2889,3117,3782,4911,4196,3261,3200,3947,4859,4706,3395,2076,,,,,,1704,55170,2158,2461,2493,2489,2626,3005,3435,4317,3564,3007,2876,4021,5151,4757,3267,2323,,,,,,3220
2010,2010-03-31,11201,112011,埼玉県,川越市,city,11201,335924,14400,14969,15574,16082,17901,20657,24476,28586,24321,20350,18548,22778,27536,24984,18450,12513,,,,,,13799,169191,7277,7668,8040,8384,9407,10759,12950,15066,12838,10590,9534,11260,13413,12217,9142,5897,,,,,,4749,166733,7123,7301,7534,7698,8494,9898,11526,13520,11483,9760,9014,11518,14123,12767,9308,6616,,,,,,9050
2010,2010-03-31,11202,112020,埼玉県,熊谷市,city,11202,202505,8070,8915,9404,10478,11066,11571,13103,15188,13524,12654,13216,15466,16292,13477,10615,8350,,,,,,11116,101368,4132,4636,4913,5390,5773,6110,6895,7940,7062,6567,6786,7823,8185,6643,5089,3650,,,,,,3774,101137,3938,4279,4491,5088,5293,5461,6208,7248,6462,6087,6430,7643,8107,6834,5526,4700,,,,,,7342
2010,2010-03-31,11203,112038,埼玉県,川口市,city,11203,495110,22978,22662,22903,22418,25303,32111,38654,47052,40988,32704,26997,31483,36276,32652,25297,17454,,,,,,17178,253525,11922,11575,11615,11571,13160,16960,20597,25136,22110,17764,14381,16321,18374,16175,12040,7970,,,,,,5854,241585,11056,11087,11288,10847,12143,15151,18057,21916,18878,14940,12616,15162,17902,16477,13257,9484,,,,,,11324
2010,2010-03-31,11206,112062,埼玉県,行田市,city,11206,86335,3132,3714,3979,4418,4716,4892,5492,6188,5457,5161,5645,6878,7517,5966,4501,3559,,,,,,5120,43006,1619,1898,2050,2325,2474,2510,2878,3282,2827,2667,2877,3447,3844,2905,2163,1551,,,,,,1689,43329,1513,1816,1929,2093,2242,2382,2614,2906,2630,2494,2768,3431,3673,3061,2338,2008,,,,,,3431
2010,2010-03-31,11207,112071,埼玉県,秩父市,city,11207,68842,2616,2957,3404,3709,3242,3212,3541,4333,4180,4203,4543,5181,5187,4573,4346,4041,,,,,,5574,33736,1325,1525,1772,1850,1702,1659,1888,2237,2120,2171,2367,2630,2618,2171,2026,1724,,,,,,1951,35106,1291,1432,1632,1859,1540,1553,1653,2096,2060,2032,2176,2551,2569,2402,2320,2317,,,,,,3623
2010,2010-03-31,11208,112089,埼玉県,所沢市,city,11208,337686,14438,14716,15224,15758,18830,21470,24388,29036,25238,21732,19397,23102,26392,23783,17694,12608,,,,,,13880,169029,7387,7619,7829,7997,9602,11002,12681,15093,13253,11356,9866,11402,12765,11580,8624,6021,,,,,,4952,168657,7051,7097,7395,7761,9228,10468,11707,13943,11985,10376,9531,11700,13627,12203,9070,6587,,,,,,8928
2010,2010-03-31,11209,112097,埼玉県,飯能市,city,11209,82233,2832,3215,3826,4543,4561,4393,4808,5829,5224,5306,5424,6685,7200,5803,4486,3438,,,,,,4660,41133,1485,1686,1985,2294,2355,2292,2464,3092,2671,2702,2735,3424,3690,2892,2210,1544,,,,,,1612,41100,1347,1529,1841,2249,2206,2101,2344,2737,2553,2604,2689,3261,3510,2911,2276,1894,,,,,,3048
2010,2010-03-31,11210,112101,埼玉県,加須市,city,11210,116057,4433,4815,5567,6515,6865,6728,7061,8020,7060,7347,8465,9887,9561,7134,5453,4670,,,,,,6476,58074,2312,2454,2780,3389,3538,3398,3766,4252,3583,3691,4337,5137,4978,3631,2622,2013,,,,,,2193,57983,2121,2361,2787,3126,3327,3330,3295,3768,3477,3656,4128,4750,4583,3503,2831,2657,,,,,,4283
2010,2010-03-31,11211,112119,埼玉県,本庄市,city,11211,79217,3138,3479,3868,4143,4198,4470,5013,5921,5308,4964,5091,5875,6240,5065,4156,3487,,,,,,4801,39404,1574,1793,1934,2155,2193,2295,2647,3181,2774,2563,2616,2987,3143,2494,1926,1484,,,,,,1645,39813,1564,1686,1934,1988,2005,2175,2366,2740,2534,2401,2475,2888,3097,2571,2230,2003,,,,,,3156
2010,2010-03-31,11212,112127,埼玉県,東松山市,city,11212,87724,3324,3679,3934,4693,5400,5138,5502,6402,5646,5341,5958,7171,7422,6046,4526,3479,,,,,,4063,44085,1704,1877,2009,2444,2864,2632,2875,3389,2946,2692,2958,3637,3785,2994,2272,1587,,,,,,1420,43639,1620,1802,1925,2249,2536,2506,2627,3013,2700,2649,3000,3534,3637,3052,2254,1892,,,,,,2643
2010,2010-03-31,11214,112143,埼玉県,春日部市,city,11214,237721,9088,10041,11128,11622,11931,13598,16164,19802,17069,14126,13305,17625,21502,19517,13783,8524,,,,,,8896,118974,4680,5100,5638,5962,6075,6989,8509,10446,8974,7265,6742,8505,10302,9686,6992,4121,,,,,,2988,118747,4408,4941,5490,5660,5856,6609,7655,9356,8095,6861,6563,9120,11200,9831,6791,4403,,,,,,5908
2010,2010-03-31,11215,112151,埼玉県,狭山市,city,11215,155386,5773,6321,6697,7445,8920,9561,10354,12579,10399,8984,8977,11774,13848,12514,8588,5828,,,,,,6824,78801,2947,3202,3406,3842,4850,5211,5536,6777,5484,4718,4564,5814,6747,6260,4369,2700,,,,,,2374,76585,2826,3119,3291,3603,4070,4350,4818,5802,4915,4266,4413,5960,7101,6254,4219,3128,,,,,,4450
2010,2010-03-31,11216,112160,埼玉県,羽生市,city,11216,56036,2072,2506,2769,2872,3034,3046,3420,3946,3521,3423,3882,4421,4586,3651,2969,2510,,,,,,3408,28010,1075,1277,1390,1503,1584,1607,1855,2046,1857,1728,1995,2258,2339,1812,1390,1115,,,,,,1179,28026,997,1229,1379,1369,1450,1439,1565,1900,1664,1695,1887,2163,2247,1839,1579,1395,,,,,,2229
2010,2010-03-31,11217,112178,埼玉県,鴻巣市,city,11217,119157,4598,5088,5615,6253,6829,6981,7633,8839,7889,7561,7950,9432,10197,8427,6026,4487,,,,,,5352,59297,2369,2568,2853,3289,3407,3568,3969,4564,4056,3735,3978,4759,5058,4219,2997,2086,,,,,,1822,59860,2229,2520,2762,2964,3422,3413,3664,4275,3833,3826,3972,4673,5139,4208,3029,2401,,,,,,3530
2010,2010-03-31,11218,112186,埼玉県,深谷市,city,11218,144961,6228,6876,7103,7339,7540,8342,9471,11286,9563,8454,9000,11403,11863,9419,7169,5811,,,,,,8094,72535,3159,3488,3671,3809,3877,4306,5001,5942,5014,4410,4545,5704,6107,4741,3498,2587,,,,,,2676,72426,3069,3388,3432,3530,3663,4036,4470,5344,4549,4044,4455,5699,5756,4678,3671,3224,,,,,,5418
2010,2010-03-31,11219,112194,埼玉県,上尾市,city,11219,224538,9785,10688,11094,10742,11535,13131,15744,19911,17239,13881,12469,14799,17480,16848,12895,8092,,,,,,8205,112504,5046,5506,5570,5564,5936,6801,8171,10303,8964,7232,6386,7264,8370,8067,6488,3858,,,,,,2978,112034,4739,5182,5524,5178,5599,6330,7573,9608,8275,6649,6083,7535,9110,8781,6407,4234,,,,,,5227
2010,2010-03-31,11221,112216,埼玉県,草加市,city,11221,237872,10781,11656,11641,10827,12172,14211,17786,23347,19797,15208,12021,14709,18241,17110,12896,8039,,,,,,7430,121685,5496,5935,6017,5600,6328,7474,9389,12513,10702,8308,6401,7506,8822,8383,6319,3891,,,,,,2601,116187,5285,5721,5624,5227,5844,6737,8397,10834,9095,6900,5620,7203,9419,8727,6577,4148,,,,,,4829
2010,2010-03-31,11222,112224,埼玉県,越谷市,city,11222,321766,14454,15179,16034,15180,16838,19674,23496,29622,25257,19785,17425,21022,25384,23684,17620,10628,,,,,,10484,161550,7408,7823,8156,7715,8565,10003,12142,15595,13317,10367,8868,10307,12257,11395,8886,5165,,,,,,3581,160216,7046,7356,7878,7465,8273,9671,11354,14027,11940,9418,8557,10715,13127,12289,8734,5463,,,,,,6903
2010,2010-03-31,11223,112232,埼玉県,蕨市,city,11223,68455,2538,2523,2717,2825,4047,4792,5209,5687,5330,4563,4203,4475,5052,4468,3576,2977,,,,,,3473,35169,1290,1309,1380,1474,2173,2677,2908,3136,2875,2478,2251,2367,2612,2171,1587,1287,,,,,,1194,33286,1248,1214,1337,1351,1874,2115,2301,2551,2455,2085,1952,2108,2440,2297,1989,1690,,,,,,2279
2010,2010-03-31,11224,112241,埼玉県,戸田市,city,11224,118801,6657,6325,6152,5486,6985,8512,10502,12591,10884,8706,6215,6297,6725,5951,4521,3131,,,,,,3161,62048,3426,3355,3172,2781,3607,4507,5578,6732,5883,4837,3508,3426,3633,2980,2161,1369,,,,,,1093,56753,3231,2970,2980,2705,3378,4005,4924,5859,5001,3869,2707,2871,3092,2971,2360,1762,,,,,,2068
2010,2010-03-31,11225,112259,埼玉県,入間市,city,11225,149096,6082,6863,7387,7745,8170,8592,9755,12076,10426,9166,9215,11528,12411,10531,7727,5367,,,,,,6055,74373,3074,3547,3731,3880,4173,4416,5064,6320,5487,4621,4601,5689,6151,5152,3906,2425,,,,,,2136,74723,3008,3316,3656,3865,3997,4176,4691,5756,4939,4545,4614,5839,6260,5379,3821,2942,,,,,,3919
2010,2010-03-31,11226,112267,埼玉県,鳩ケ谷市,city,11226,60611,2948,2784,2667,2543,2934,3493,4683,5952,4932,3724,3012,3462,4331,4313,3644,2719,,,,,,2470,31114,1526,1508,1351,1278,1530,1831,2472,3255,2695,2103,1616,1844,2160,2057,1722,1259,,,,,,907,29497,1422,1276,1316,1265,1404,1662,2211,2697,2237,1621,1396,1618,2171,2256,1922,1460,,,,,,1563
2010,2010-03-31,11227,112275,埼玉県,朝霞市,city,11227,126861,6480,6162,6269,5857,6995,9051,10547,12698,11277,9141,6903,7055,7893,7044,5670,4002,,,,,,3817,65046,3331,3095,3191,2963,3771,4768,5619,6634,5969,4946,3791,3695,4037,3288,2691,1900,,,,,,1357,61815,3149,3067,3078,2894,3224,4283,4928,6064,5308,4195,3112,3360,3856,3756,2979,2102,,,,,,2460
2010,2010-03-31,11228,112283,埼玉県,志木市,city,11228,69711,3067,3176,3242,3109,3707,4511,5330,6403,5674,4361,3730,4548,5387,4772,3743,2517,,,,,,2434,35115,1595,1626,1681,1607,1878,2337,2779,3331,3047,2288,1844,2242,2614,2355,1817,1205,,,,,,869,34596,1472,1550,1561,1502,1829,2174,2551,3072,2627,2073,1886,2306,2773,2417,1926,1312,,,,,,1565
2010,2010-03-31,11229,112291,埼玉県,和光市,city,11229,75642,4056,3836,3487,2880,4409,6426,7425,8276,6795,4825,3701,4095,4659,3627,2829,2125,,,,,,2191,39191,2082,1984,1743,1488,2345,3467,3938,4433,3743,2696,2007,2091,2335,1775,1311,980,,,,,,773,36451,1974,1852,1744,1392,2064,2959,3487,3843,3052,2129,1694,2004,2324,1852,1518,1145,,,,,,1418
2010,2010-03-31,11230,112305,埼玉県,新座市,city,11230,156647,7233,7276,7192,7299,7993,9313,11792,14089,12613,9887,8364,9910,12221,11634,8773,5669,,,,,,5389,78974,3721,3624,3759,3780,4038,4769,6179,7447,6685,5292,4403,4852,5944,5542,4289,2767,,,,,,1883,77673,3512,3652,3433,3519,3955,4544,5613,6642,5928,4595,3961,5058,6277,6092,4484,2902,,,,,,3506
2010,2010-03-31,11231,112313,埼玉県,桶川市,city,11231,75366,3048,3371,3553,3682,3854,4231,4928,6228,5385,4669,4459,5356,6246,5730,4444,2929,,,,,,3253,37606,1611,1738,1774,1879,1965,2194,2543,3214,2774,2395,2213,2719,3015,2781,2235,1413,,,,,,1143,37760,1437,1633,1779,1803,1889,2037,2385,3014,2611,2274,2246,2637,3231,2949,2209,1516,,,,,,2110
2010,2010-03-31,11232,112321,埼玉県,久喜市,city,11232,154647,5841,6469,6839,8011,8746,9078,10164,11688,9910,9396,10226,12709,13894,11100,7958,5801,,,,,,6817,77582,2966,3326,3446,4121,4540,4642,5417,6175,5136,4698,5114,6361,6984,5643,3972,2666,,,,,,2375,77065,2875,3143,3393,3890,4206,4436,4747,5513,4774,4698,5112,6348,6910,5457,3986,3135,,,,,,4442
2010,2010-03-31,11233,112330,埼玉県,北本市,city,11233,69859,2705,3048,3187,3548,3810,3984,4459,5615,4840,4333,4296,5244,5909,5475,4112,2568,,,,,,2726,34938,1359,1550,1695,1828,1920,2030,2303,2919,2536,2137,2174,2586,2868,2691,2113,1248,,,,,,981,34921,1346,1498,1492,1720,1890,1954,2156,2696,2304,2196,2122,2658,3041,2784,1999,1320,,,,,,1745
2010,2010-03-31,11234,112348,埼玉県,八潮市,city,11234,80002,3888,3876,3784,3778,3921,4936,6431,7868,6403,4496,4003,5067,6407,6180,4267,2452,,,,,,2245,41665,2019,2004,1961,1905,2037,2665,3416,4342,3520,2501,2187,2575,3244,3168,2185,1187,,,,,,749,38337,1869,1872,1823,1873,1884,2271,3015,3526,2883,1995,1816,2492,3163,3012,2082,1265,,,,,,1496
2010,2010-03-31,11235,112356,埼玉県,富士見市,city,11235,105267,4805,4925,4956,4718,5142,6587,8014,10057,8680,6531,5448,6376,8040,7770,5822,3791,,,,,,3605,52922,2443,2517,2490,2396,2555,3308,4179,5249,4613,3514,2890,3186,3907,3768,2833,1809,,,,,,1265,52345,2362,2408,2466,2322,2587,3279,3835,4808,4067,3017,2558,3190,4133,4002,2989,1982,,,,,,2340
2010,2010-03-31,11237,112372,埼玉県,三郷市,city,11237,129557,5477,5589,5892,6238,7322,8001,9139,10907,8941,7287,7605,10030,12245,10361,6793,3933,,,,,,3797,66131,2778,2851,3043,3188,3815,4140,4809,5907,4816,3793,3818,5013,6155,5365,3483,1867,,,,,,1290,63426,2699,2738,2849,3050,3507,3861,4330,5000,4125,3494,3787,5017,6090,4996,3310,2066,,,,,,2507
2010,2010-03-31,11238,112381,埼玉県,蓮田市,city,11238,63476,2545,2653,2730,2752,3205,3794,4430,5161,4219,3500,3541,4763,5714,5270,3732,2522,,,,,,2945,31790,1361,1409,1430,1418,1531,1932,2309,2659,2298,1801,1727,2372,2762,2655,1895,1210,,,,,,1021,31686,1184,1244,1300,1334,1674,1862,2121,2502,1921,1699,1814,2391,2952,2615,1837,1312,,,,,,1924
2010,2010-03-31,11239,112399,埼玉県,坂戸市,city,11239,99501,4448,4623,4354,4662,5253,5879,7437,8653,6562,5380,5450,7447,9022,7954,5191,3384,,,,,,3802,50134,2261,2380,2251,2426,2734,3044,3839,4648,3501,2807,2728,3579,4315,4030,2685,1630,,,,,,1276,49367,2187,2243,2103,2236,2519,2835,3598,4005,3061,2573,2722,3868,4707,3924,2506,1754,,,,,,2526
2010,2010-03-31,11240,112402,埼玉県,幸手市,city,11240,53851,1854,2026,2222,2544,2918,3133,3438,3975,3193,2945,3444,4745,5294,4639,3015,2086,,,,,,2380,27049,972,1062,1138,1310,1514,1555,1781,2154,1687,1500,1667,2372,2627,2361,1570,1006,,,,,,773,26802,882,964,1084,1234,1404,1578,1657,1821,1506,1445,1777,2373,2667,2278,1445,1080,,,,,,1607
2010,2010-03-31,11241,112411,埼玉県,鶴ヶ島市,city,11241,69022,3099,3447,3196,3273,3864,4261,5189,6228,4858,3840,3969,5275,6221,5169,3095,1857,,,,,,2181,34464,1564,1767,1634,1660,1937,2170,2597,3230,2571,1956,1890,2536,2988,2708,1651,886,,,,,,719,34558,1535,1680,1562,1613,1927,2091,2592,2998,2287,1884,2079,2739,3233,2461,1444,971,,,,,,1462
2010,2010-03-31,11242,112429,埼玉県,日高市,city,11242,57066,2481,2654,2536,2566,2932,3284,4020,4643,3508,2849,3224,4603,5444,4681,3087,1976,,,,,,2578,28534,1255,1352,1335,1320,1461,1658,2084,2473,1863,1442,1579,2210,2658,2427,1604,961,,,,,,852,28532,1226,1302,1201,1246,1471,1626,1936,2170,1645,1407,1645,2393,2786,2254,1483,1015,,,,,,1726
2010,2010-03-31,11243,112437,埼玉県,吉川市,city,11243,65147,3396,3621,3529,3245,3318,3974,4839,6302,4937,3632,3510,4479,5419,4440,2818,1715,,,,,,1973,32817,1746,1837,1773,1653,1703,2011,2499,3307,2598,1944,1801,2178,2653,2277,1422,815,,,,,,600,32330,1650,1784,1756,1592,1615,1963,2340,2995,2339,1688,1709,2301,2766,2163,1396,900,,,,,,1373
2010,2010-03-31,11245,112453,埼玉県,ふじみ野市,city,11245,105045,4721,5058,5254,4915,5063,5823,7544,9792,8571,6702,5385,6247,7830,7760,6321,4129,,,,,,3930,52772,2411,2601,2672,2543,2703,2976,3903,5074,4575,3579,2855,3116,3751,3737,2995,2002,,,,,,1279,52273,2310,2457,2582,2372,2360,2847,3641,4718,3996,3123,2530,3131,4079,4023,3326,2127,,,,,,2651
2010,2010-03-31,11300,113000,埼玉県,北足立郡,gun_agg,,42107,2633,2616,2222,1816,1964,2592,3535,4574,3275,2199,1963,2555,3143,2962,1780,1105,,,,,,1173,21424,1394,1405,1139,940,976,1297,1791,2411,1746,1219,1004,1224,1484,1503,953,512,,,,,,426,20683,1239,1211,1083,876,988,1295,1744,2163,1529,980,959,1331,1659,1459,827,593,,,,,,747
2010,2010-03-31,11301,113018,埼玉県,北足立郡伊奈町,town,11301,42107,2633,2616,2222,1816,1964,2592,3535,4574,3275,2199,1963,2555,3143,2962,1780,1105,,,,,,1173,21424,1394,1405,1139,940,976,1297,1791,2411,1746,1219,1004,1224,1484,1503,953,512,,,,,,426,20683,1239,1211,1083,876,988,1295,1744,2163,1529,980,959,1331,1659,1459,827,593,,,,,,747
2010,2010-03-31,11320,113204,埼玉県,入間郡,gun_agg,,86949,3318,3953,3967,4272,4690,4606,5675,7089,5999,4980,5001,6387,7573,7170,5068,3367,,,,,,3834,43554,1725,2034,2056,2174,2320,2309,2969,3696,3241,2577,2577,3202,3658,3581,2537,1592,,,,,,1306,43395,1593,1919,1911,2098,2370,2297,2706,3393,2758,2403,2424,3185,3915,3589,2531,1775,,,,,,2528
2010,2010-03-31,11324,113247,埼玉県,入間郡三芳町,town,11324,37764,1720,1948,1822,1776,1723,1910,2710,3569,2906,2174,1966,2448,3204,3162,2200,1299,,,,,,1227,19006,893,992,945,880,894,982,1406,1894,1556,1128,1028,1195,1500,1549,1115,648,,,,,,401,18758,827,956,877,896,829,928,1304,1675,1350,1046,938,1253,1704,1613,1085,651,,,,,,826
2010,2010-03-31,11326,113263,埼玉県,入間郡毛呂山町,town,11326,36343,1210,1504,1579,1782,2313,2061,2257,2675,2320,2004,2186,2824,3241,3054,2150,1462,,,,,,1721,18151,631,772,826,925,1081,1003,1190,1376,1259,1063,1121,1424,1553,1566,1076,682,,,,,,603,18192,579,732,753,857,1232,1058,1067,1299,1061,941,1065,1400,1688,1488,1074,780,,,,,,1118
2010,2010-03-31,11327,113271,埼玉県,入間郡越生町,town,11327,12842,388,501,566,714,654,635,708,845,773,802,849,1115,1128,954,718,606,,,,,,886,6397,201,270,285,369,345,324,373,426,426,386,428,583,605,466,346,262,,,,,,302,6445,187,231,281,345,309,311,335,419,347,416,421,532,523,488,372,344,,,,,,584
2010,2010-03-31,11340,113409,埼玉県,比企郡,gun_agg,,141250,4485,5569,6149,7330,8103,7622,8005,9328,8288,8420,10142,12598,13101,9948,7413,5921,,,,,,8828,70739,2282,2923,3144,3746,4259,3906,4183,5003,4291,4244,5093,6469,6773,5067,3767,2637,,,,,,2952,70511,2203,2646,3005,3584,3844,3716,3822,4325,3997,4176,5049,6129,6328,4881,3646,3284,,,,,,5876
2010,2010-03-31,11341,113417,埼玉県,比企郡滑川町,town,11341,16621,976,963,694,685,763,1106,1337,1587,1147,917,1011,1197,1257,938,740,533,,,,,,770,8478,484,515,368,380,408,550,691,846,626,487,526,612,648,478,377,233,,,,,,249,8143,492,448,326,305,355,556,646,741,521,430,485,585,609,460,363,300,,,,,,521
2010,2010-03-31,11342,113425,埼玉県,比企郡嵐山町,town,11342,18696,663,744,829,855,1004,1068,1150,1364,1181,1037,1204,1489,1741,1481,1051,799,,,,,,1036,9283,359,372,423,406,513,538,566,763,622,533,624,736,870,719,524,364,,,,,,351,9413,304,372,406,449,491,530,584,601,559,504,580,753,871,762,527,435,,,,,,685
2010,2010-03-31,11343,113433,埼玉県,比企郡小川町,town,11343,33859,866,1134,1405,1847,2076,1750,1631,1810,1848,2146,2714,3250,3063,2366,1878,1646,,,,,,2429,16759,446,623,713,926,1090,902,865,925,926,1065,1318,1715,1607,1171,910,731,,,,,,826,17100,420,511,692,921,986,848,766,885,922,1081,1396,1535,1456,1195,968,915,,,,,,1603
2010,2010-03-31,11346,113468,埼玉県,比企郡川島町,town,11346,22226,721,948,1009,1189,1376,1226,1318,1488,1208,1260,1545,2074,2115,1459,1100,903,,,,,,1287,11296,356,512,505,625,755,631,710,817,621,636,765,1055,1147,745,575,404,,,,,,437,10930,365,436,504,564,621,595,608,671,587,624,780,1019,968,714,525,499,,,,,,850
2010,2010-03-31,11347,113476,埼玉県,比企郡吉見町,town,11347,21556,595,823,1104,1344,1303,1099,1110,1382,1444,1518,1621,1899,1855,1332,1049,828,,,,,,1250,10812,308,406,572,680,672,578,573,741,721,773,859,1008,960,674,536,344,,,,,,407,10744,287,417,532,664,631,521,537,641,723,745,762,891,895,658,513,484,,,,,,843
2010,2010-03-31,11348,113484,埼玉県,比企郡鳩山町,town,11348,15443,357,526,549,713,854,744,841,991,761,712,1010,1494,1905,1509,899,580,,,,,,998,7681,180,276,278,353,450,398,444,530,407,340,456,720,922,808,506,281,,,,,,332,7762,177,250,271,360,404,346,397,461,354,372,554,774,983,701,393,299,,,,,,666
2010,2010-03-31,11349,113492,埼玉県,比企郡ときがわ町,town,11349,12849,307,431,559,697,727,629,618,706,699,830,1037,1195,1165,863,696,632,,,,,,1058,6430,149,219,285,376,371,309,334,381,368,410,545,623,619,472,339,280,,,,,,350,6419,158,212,274,321,356,320,284,325,331,420,492,572,546,391,357,352,,,,,,708
2010,2010-03-31,11360,113603,埼玉県,秩父郡,gun_agg,,45764,1573,1895,2095,2360,2240,2079,2175,2672,2565,2689,3094,3866,3553,3222,2802,2623,,,,,,4261,22575,806,980,1121,1208,1135,1081,1151,1387,1336,1363,1578,2002,1848,1614,1364,1151,,,,,,1450,23189,767,915,974,1152,1105,998,1024,1285,1229,1326,1516,1864,1705,1608,1438,1472,,,,,,2811
2010,2010-03-31,11361,113611,埼玉県,秩父郡横瀬町,town,11361,9275,361,437,452,536,474,436,415,568,611,597,625,754,667,611,572,469,,,,,,690,4611,176,217,252,289,238,224,218,273,327,307,318,400,355,297,268,208,,,,,,244,4664,185,220,200,247,236,212,197,295,284,290,307,354,312,314,304,261,,,,,,446
2010,2010-03-31,11362,113620,埼玉県,秩父郡皆野町,town,11362,11155,397,445,496,519,517,531,580,688,571,628,720,958,940,782,678,625,,,,,,1080,5499,213,212,262,275,271,267,311,366,279,324,371,482,497,390,335,267,,,,,,377,5656,184,233,234,244,246,264,269,322,292,304,349,476,443,392,343,358,,,,,,703
2010,2010-03-31,11363,113638,埼玉県,秩父郡長瀞町,town,11363,8046,232,362,372,419,373,319,384,466,478,500,530,608,658,663,517,440,,,,,,725,3931,114,198,196,222,181,166,192,240,249,242,273,312,313,330,259,199,,,,,,245,4115,118,164,176,197,192,153,192,226,229,258,257,296,345,333,258,241,,,,,,480
2010,2010-03-31,11365,113654,埼玉県,秩父郡小鹿野町,town,11365,13807,504,544,617,701,701,642,661,757,737,781,977,1185,1007,905,839,875,,,,,,1374,6804,257,296,324,349,352,346,355,410,394,402,491,604,537,454,403,383,,,,,,447,7003,247,248,293,352,349,296,306,347,343,379,486,581,470,451,436,492,,,,,,927
2010,2010-03-31,11369,113697,埼玉県,秩父郡東秩父村,village,11369,3481,79,107,158,185,175,151,135,193,168,183,242,361,281,261,196,214,,,,,,392,1730,46,57,87,73,93,78,75,98,87,88,125,204,146,143,99,94,,,,,,137,1751,33,50,71,112,82,73,60,95,81,95,117,157,135,118,97,120,,,,,,255
2010,2010-03-31,11380,113808,埼玉県,児玉郡,gun_agg,,56885,2260,2745,2987,3157,3103,3167,3665,4138,3560,3497,3828,4557,4522,3348,2562,2235,,,,,,3554,28483,1140,1419,1558,1580,1600,1664,1967,2209,1854,1810,1941,2320,2299,1754,1226,970,,,,,,1172,28402,1120,1326,1429,1577,1503,1503,1698,1929,1706,1687,1887,2237,2223,1594,1336,1265,,,,,,2382
2010,2010-03-31,11381,113816,埼玉県,児玉郡美里町,town,11381,11746,369,504,574,654,611,591,696,772,696,734,814,954,924,712,651,521,,,,,,969,5883,184,263,312,340,332,304,370,417,375,383,425,471,493,365,314,223,,,,,,312,5863,185,241,262,314,279,287,326,355,321,351,389,483,431,347,337,298,,,,,,657
2010,2010-03-31,11383,113832,埼玉県,児玉郡神川町,town,11383,14404,546,613,762,833,791,799,835,966,925,911,989,1165,1119,886,684,621,,,,,,959,7262,261,322,409,410,400,416,464,529,465,482,516,625,580,459,328,267,,,,,,329,7142,285,291,353,423,391,383,371,437,460,429,473,540,539,427,356,354,,,,,,630
2010,2010-03-31,11385,113859,埼玉県,児玉郡上里町,town,11385,30735,1345,1628,1651,1670,1701,1777,2134,2400,1939,1852,2025,2438,2479,1750,1227,1093,,,,,,1626,15338,695,834,837,830,868,944,1133,1263,1014,945,1000,1224,1226,930,584,480,,,,,,531,15397,650,794,814,840,833,833,1001,1137,925,907,1025,1214,1253,820,643,613,,,,,,1095
2010,2010-03-31,11400,114006,埼玉県,大里郡,gun_agg,,36543,1234,1450,1778,1974,2053,1841,2060,2450,2242,2247,2556,2958,3071,2543,2028,1673,,,,,,2385,18203,628,751,905,1012,1042,973,1083,1271,1175,1108,1313,1531,1577,1286,987,732,,,,,,829,18340,606,699,873,962,1011,868,977,1179,1067,1139,1243,1427,1494,1257,1041,941,,,,,,1556
2010,2010-03-31,11408,114081,埼玉県,大里郡寄居町,town,11408,36543,1234,1450,1778,1974,2053,1841,2060,2450,2242,2247,2556,2958,3071,2543,2028,1673,,,,,,2385,18203,628,751,905,1012,1042,973,1083,1271,1175,1108,1313,1531,1577,1286,987,732,,,,,,829,18340,606,699,873,962,1011,868,977,1179,1067,1139,1243,1427,1494,1257,1041,941,,,,,,1556
2010,2010-03-31,11440,114405,埼玉県,南埼玉郡,gun_agg,,83207,3106,3549,3861,4166,4543,4454,5389,6655,5547,5106,5112,6273,7173,6653,4724,3195,,,,,,3701,41794,1618,1823,1971,2162,2431,2261,2787,3524,2866,2609,2572,3166,3488,3335,2395,1533,,,,,,1253,41413,1488,1726,1890,2004,2112,2193,2602,3131,2681,2497,2540,3107,3685,3318,2329,1662,,,,,,2448
2010,2010-03-31,11442,114421,埼玉県,南埼玉郡宮代町,town,11442,33063,1089,1280,1373,1530,1892,1718,2080,2503,2026,1865,1935,2600,3158,2980,2126,1361,,,,,,1547,16691,567,650,689,820,1045,889,1116,1328,1054,943,946,1323,1493,1491,1107,673,,,,,,557,16372,522,630,684,710,847,829,964,1175,972,922,989,1277,1665,1489,1019,688,,,,,,990
2010,2010-03-31,11445,114456,埼玉県,南埼玉郡白岡町,town,11445,50144,2017,2269,2488,2636,2651,2736,3309,4152,3521,3241,3177,3673,4015,3673,2598,1834,,,,,,2154,25103,1051,1173,1282,1342,1386,1372,1671,2196,1812,1666,1626,1843,1995,1844,1288,860,,,,,,696,25041,966,1096,1206,1294,1265,1364,1638,1956,1709,1575,1551,1830,2020,1829,1310,974,,,,,,1458
2010,2010-03-31,11460,114600,埼玉県,北葛飾郡,gun_agg,,78445,3140,3710,4003,4011,4191,4196,5013,6451,5573,4509,4696,5954,6991,6092,4170,2700,,,,,,3045,39532,1662,1923,2025,2069,2153,2125,2656,3406,2935,2314,2327,2983,3450,3077,2131,1279,,,,,,1017,38913,1478,1787,1978,1942,2038,2071,2357,3045,2638,2195,2369,2971,3541,3015,2039,1421,,,,,,2028
2010,2010-03-31,11464,114642,埼玉県,北葛飾郡杉戸町,town,11464,47270,1862,2078,2204,2307,2551,2556,3041,3788,3107,2745,2847,3681,4351,3867,2591,1713,,,,,,1981,23783,992,1086,1123,1199,1291,1288,1627,2009,1605,1390,1425,1815,2139,1958,1336,824,,,,,,676,23487,870,992,1081,1108,1260,1268,1414,1779,1502,1355,1422,1866,2212,1909,1255,889,,,,,,1305
2010,2010-03-31,11465,114651,埼玉県,北葛飾郡松伏町,town,11465,31175,1278,1632,1799,1704,1640,1640,1972,2663,2466,1764,1849,2273,2640,2225,1579,987,,,,,,1064,15749,670,837,902,870,862,837,1029,1397,1330,924,902,1168,1311,1119,795,455,,,,,,341,15426,608,795,897,834,778,803,943,1266,1136,840,947,1105,1329,1106,784,532,,,,,,723
2010,2010-03-31,12000,120006,千葉県,,pref,,6149799,263945,277571,282114,281958,328221,380131,437631,520003,448545,381280,357587,424386,487099,424139,324493,240280,,,,,,290416,3084888,135590,142273,144250,145150,170470,198593,228197,272528,236335,199254,183196,212281,240280,208278,158614,109531,,,,,,100068,3064911,128355,135298,137864,136808,157751,181538,209434,247475,212210,182026,174391,212105,246819,215861,165879,130749,,,,,,190348
2010,2010-03-31,12100,121002,千葉県,千葉市,city_agg,,932421,41339,44186,44379,41911,48209,56008,66915,84409,74430,60370,51576,59477,71161,65527,50362,34592,,,,,,37570,466950,21205,22589,22681,21500,24670,28960,34422,43586,39052,31677,26439,29706,34408,31697,24898,16384,,,,,,13076,465471,20134,21597,21698,20411,23539,27048,32493,40823,35378,28693,25137,29771,36753,33830,25464,18208,,,,,,24494
2010,2010-03-31,12101,121011,千葉県,千葉市中央区,ward,12100,190404,8660,8322,7747,7645,10902,13532,15104,17714,14934,12244,10569,11558,13032,11848,9656,7653,,,,,,9284,96739,4461,4300,4008,3938,5550,7068,7911,9386,8067,6632,5709,6116,6604,5807,4521,3398,,,,,,3263,93665,4199,4022,3739,3707,5352,6464,7193,8328,6867,5612,4860,5442,6428,6041,5135,4255,,,,,,6021
2010,2010-03-31,12102,121029,千葉県,千葉市花見川区,ward,12100,176944,7037,7782,8320,7875,9358,10701,12285,15913,14123,11178,9279,11480,14145,13281,10145,6779,,,,,,7263,88866,3661,3956,4242,4058,4832,5678,6422,8294,7521,5947,4622,5625,6762,6383,5005,3312,,,,,,2546,88078,3376,3826,4078,3817,4526,5023,5863,7619,6602,5231,4657,5855,7383,6898,5140,3467,,,,,,4717
2010,2010-03-31,12103,121037,千葉県,千葉市稲毛区,ward,12100,152676,6954,7058,6716,6668,8567,9884,11493,13513,11520,9432,8772,9987,11627,10279,8107,5785,,,,,,6314,76348,3510,3635,3384,3419,4491,5140,6033,7096,6098,4868,4440,4907,5637,4916,3935,2692,,,,,,2147,76328,3444,3423,3332,3249,4076,4744,5460,6417,5422,4564,4332,5080,5990,5363,4172,3093,,,,,,4167
2010,2010-03-31,12104,121045,千葉県,千葉市若葉区,ward,12100,148548,5823,6461,6822,6581,7039,8280,9612,12434,10717,8821,7730,9818,12385,12482,9869,6611,,,,,,7063,75011,3028,3345,3533,3409,3680,4369,5039,6560,5698,4692,4025,4992,5883,6070,4987,3213,,,,,,2488,73537,2795,3116,3289,3172,3359,3911,4573,5874,5019,4129,3705,4826,6502,6412,4882,3398,,,,,,4575
2010,2010-03-31,12105,121053,千葉県,千葉市緑区,ward,12100,119995,6149,7013,7225,7108,6390,6556,7930,10689,10043,8816,7563,7381,7798,6801,4976,3429,,,,,,4128,59429,3089,3545,3657,3621,3173,3240,3935,5348,5042,4450,3840,3782,3883,3372,2479,1560,,,,,,1413,60566,3060,3468,3568,3487,3217,3316,3995,5341,5001,4366,3723,3599,3915,3429,2497,1869,,,,,,2715
2010,2010-03-31,12106,121061,千葉県,千葉市美浜区,ward,12100,143854,6716,7550,7549,6034,5953,7055,10491,14146,13093,9879,7663,9253,12174,10836,7609,4335,,,,,,3518,70557,3456,3808,3857,3055,2944,3465,5082,6902,6626,5088,3803,4284,5639,5149,3971,2209,,,,,,1219,73297,3260,3742,3692,2979,3009,3590,5409,7244,6467,4791,3860,4969,6535,5687,3638,2126,,,,,,2299
2010,2010-03-31,12202,122025,千葉県,銚子市,city,12202,70402,1924,2489,2987,3486,3250,3030,3258,4079,4207,4610,4993,5693,5956,5149,4914,4535,,,,,,5842,33992,972,1265,1532,1814,1727,1616,1662,2095,2110,2381,2527,2946,2989,2411,2147,1893,,,,,,1905,36410,952,1224,1455,1672,1523,1414,1596,1984,2097,2229,2466,2747,2967,2738,2767,2642,,,,,,3937
2010,2010-03-31,12203,122033,千葉県,市川市,city,12203,461638,21158,20360,19266,18718,26974,36475,40782,45979,38416,30715,25121,27378,31658,26808,19967,14661,,,,,,17202,236878,10799,10434,9796,9549,14458,20061,22074,24623,20806,16665,13274,13846,15733,13129,9336,6497,,,,,,5798,224760,10359,9926,9470,9169,12516,16414,18708,21356,17610,14050,11847,13532,15925,13679,10631,8164,,,,,,11404
2010,2010-03-31,12204,122041,千葉県,船橋市,city,12204,598213,28693,27647,26353,24671,31170,40440,49012,57241,48276,37710,31327,35741,43296,39962,31701,22162,,,,,,22811,302044,14780,14267,13549,12694,16306,21123,25484,30190,25770,20169,16155,17617,20798,19063,15439,10495,,,,,,8145,296169,13913,13380,12804,11977,14864,19317,23528,27051,22506,17541,15172,18124,22498,20899,16262,11667,,,,,,14666
2010,2010-03-31,12205,122050,千葉県,館山市,city,12205,50177,1841,1920,2092,2102,1787,2129,2804,3151,2710,2610,2917,3875,4792,4037,3327,3183,,,,,,4900,24146,953,1000,1084,1084,933,1138,1423,1628,1423,1318,1479,1878,2398,1926,1518,1370,,,,,,1593,26031,888,920,1008,1018,854,991,1381,1523,1287,1292,1438,1997,2394,2111,1809,1813,,,,,,3307
2010,2010-03-31,12206,122068,千葉県,木更津市,city,12206,127904,5570,5975,5977,6207,6334,7267,8588,10622,8321,7340,7508,9192,10712,9594,6910,5252,,,,,,6535,64538,2852,3051,3044,3266,3307,3825,4568,5674,4421,3903,3954,4688,5181,4772,3381,2415,,,,,,2236,63366,2718,2924,2933,2941,3027,3442,4020,4948,3900,3437,3554,4504,5531,4822,3529,2837,,,,,,4299
2010,2010-03-31,12207,122076,千葉県,松戸市,city,12207,477894,20664,21474,21784,20861,25145,31141,35583,43327,38556,30918,26170,30367,36472,33009,25674,17939,,,,,,18810,240736,10629,10988,11118,10664,12905,16421,18729,22809,20539,16431,13441,15026,17865,15777,12352,8373,,,,,,6669,237158,10035,10486,10666,10197,12240,14720,16854,20518,18017,14487,12729,15341,18607,17232,13322,9566,,,,,,12141
2010,2010-03-31,12208,122084,千葉県,野田市,city,12208,155379,6545,6932,7213,7337,8637,9097,10462,11952,9555,8614,9165,12125,14379,11756,8379,5961,,,,,,7270,78206,3385,3549,3752,3810,4620,4752,5506,6382,5050,4455,4557,5917,7101,6071,4201,2711,,,,,,2387,77173,3160,3383,3461,3527,4017,4345,4956,5570,4505,4159,4608,6208,7278,5685,4178,3250,,,,,,4883
2010,2010-03-31,12210,122106,千葉県,茂原市,city,12210,93554,3386,3881,4265,4520,4839,4931,5796,6858,6097,5712,6056,7010,8212,6851,5337,4217,,,,,,5586,46386,1745,1934,2232,2265,2485,2609,3074,3625,3162,2922,3014,3551,4025,3402,2571,1891,,,,,,1879,47168,1641,1947,2033,2255,2354,2322,2722,3233,2935,2790,3042,3459,4187,3449,2766,2326,,,,,,3707
2010,2010-03-31,12211,122114,千葉県,成田市,city,12211,126098,6512,5996,5670,5851,8749,10359,10089,10602,8260,7208,7364,8804,8804,6652,5205,4092,,,,,,5881,63785,3426,3107,2912,3028,4450,5360,5273,5627,4372,3758,3793,4531,4589,3361,2490,1778,,,,,,1930,62313,3086,2889,2758,2823,4299,4999,4816,4975,3888,3450,3571,4273,4215,3291,2715,2314,,,,,,3951
2010,2010-03-31,12212,122122,千葉県,佐倉市,city,12212,175914,6578,7405,7797,8385,9790,10205,11077,13165,11605,10394,11025,14019,16341,14035,9659,6544,,,,,,7890,86840,3395,3838,3956,4350,4851,5027,5652,6670,5971,5201,5418,6723,8059,7035,4961,3019,,,,,,2714,89074,3183,3567,3841,4035,4939,5178,5425,6495,5634,5193,5607,7296,8282,7000,4698,3525,,,,,,5176
2010,2010-03-31,12213,122131,千葉県,東金市,city,12213,59593,2292,2539,2887,3447,3539,3285,3456,4139,3703,3880,4279,4820,4832,3729,2974,2442,,,,,,3350,29699,1146,1338,1495,1815,1840,1729,1783,2189,1902,1920,2200,2454,2437,1930,1400,1036,,,,,,1085,29894,1146,1201,1392,1632,1699,1556,1673,1950,1801,1960,2079,2366,2395,1799,1574,1406,,,,,,2265
2010,2010-03-31,12215,122157,千葉県,旭市,city,12215,68955,2762,3052,3256,3376,3585,3724,4080,4643,4067,4293,4737,5449,5462,4183,3751,3488,,,,,,5047,33838,1421,1589,1643,1746,1757,1957,2162,2413,2163,2199,2463,2756,2837,2029,1657,1438,,,,,,1608,35117,1341,1463,1613,1630,1828,1767,1918,2230,1904,2094,2274,2693,2625,2154,2094,2050,,,,,,3439
2010,2010-03-31,12216,122165,千葉県,習志野市,city,12216,159880,7258,7692,7756,7215,8801,10382,12267,14435,12984,10304,8928,9569,11500,10235,8355,5865,,,,,,6334,80120,3697,3937,4048,3832,4730,5434,6404,7421,6800,5325,4562,4656,5479,4806,4010,2764,,,,,,2215,79760,3561,3755,3708,3383,4071,4948,5863,7014,6184,4979,4366,4913,6021,5429,4345,3101,,,,,,4119
2010,2010-03-31,12217,122173,千葉県,柏市,city,12217,394188,18229,18175,17963,17813,21447,26144,30462,34307,28600,23526,22017,26970,31487,27166,20064,14178,,,,,,15640,197189,9340,9314,9161,9134,11159,13632,15840,17950,15000,12114,10878,12922,15289,13408,9880,6588,,,,,,5580,196999,8889,8861,8802,8679,10288,12512,14622,16357,13600,11412,11139,14048,16198,13758,10184,7590,,,,,,10060
2010,2010-03-31,12218,122181,千葉県,勝浦市,city,12218,20882,528,585,718,1231,1503,823,845,1017,1078,1086,1218,1597,1825,1682,1472,1484,,,,,,2190,10539,268,290,363,777,1031,457,429,571,568,553,649,799,939,809,671,643,,,,,,722,10343,260,295,355,454,472,366,416,446,510,533,569,798,886,873,801,841,,,,,,1468
2010,2010-03-31,12219,122190,千葉県,市原市,city,12219,279629,11156,12352,13066,14119,15891,16907,18223,21843,18541,16659,17848,21959,23329,20206,14664,10365,,,,,,12501,144100,5795,6310,6645,7409,8607,9152,9850,11856,9926,8735,9382,11697,11877,10299,7535,4627,,,,,,4398,135529,5361,6042,6421,6710,7284,7755,8373,9987,8615,7924,8466,10262,11452,9907,7129,5738,,,,,,8103
2010,2010-03-31,12220,122203,千葉県,流山市,city,12220,161258,7682,7368,6954,6930,8295,10561,12803,14366,11354,9395,8663,10846,13024,11749,8400,5915,,,,,,6953,80264,3949,3701,3501,3595,4338,5451,6517,7511,5904,4830,4293,5147,6268,5760,4240,2759,,,,,,2500,80994,3733,3667,3453,3335,3957,5110,6286,6855,5450,4565,4370,5699,6756,5989,4160,3156,,,,,,4453
2010,2010-03-31,12221,122211,千葉県,八千代市,city,12221,188381,9415,9980,9609,8449,8795,10813,13886,17921,15268,11800,9620,11269,13990,13328,10381,6889,,,,,,6968,93885,4876,5050,4978,4270,4295,5355,7019,9207,8036,6216,4979,5501,6658,6376,5146,3374,,,,,,2549,94496,4539,4930,4631,4179,4500,5458,6867,8714,7232,5584,4641,5768,7332,6952,5235,3515,,,,,,4419
2010,2010-03-31,12222,122220,千葉県,我孫子市,city,12222,134986,5806,6141,6137,5695,6332,7694,9367,11734,9944,8115,7325,8975,11268,10755,7938,5483,,,,,,6277,66740,3000,3146,3162,2907,3309,3998,4755,6052,5121,4193,3701,4184,5234,5176,3962,2566,,,,,,2274,68246,2806,2995,2975,2788,3023,3696,4612,5682,4823,3922,3624,4791,6034,5579,3976,2917,,,,,,4003
2010,2010-03-31,12223,122238,千葉県,鴨川市,city,12223,36067,1331,1364,1335,1482,1576,1654,1951,2194,1989,1838,2083,2701,3220,2772,2389,2344,,,,,,3844,17291,726,708,672,752,716,794,964,1138,1007,941,1055,1371,1621,1380,1108,1019,,,,,,1319,18776,605,656,663,730,860,860,987,1056,982,897,1028,1330,1599,1392,1281,1325,,,,,,2525
2010,2010-03-31,12224,122246,千葉県,鎌ケ谷市,city,12224,107314,4678,4882,4839,4797,5477,6540,7806,9551,7752,6232,5689,7249,9210,8564,6230,3947,,,,,,3871,53597,2359,2477,2430,2378,2739,3303,4028,5098,4145,3236,2878,3490,4390,4198,3169,1898,,,,,,1381,53717,2319,2405,2409,2419,2738,3237,3778,4453,3607,2996,2811,3759,4820,4366,3061,2049,,,,,,2490
2010,2010-03-31,12225,122254,千葉県,君津市,city,12225,89799,3422,3714,4133,4817,5067,4984,5376,6286,5669,5482,5903,7163,7061,6598,4777,4129,,,,,,5218,45692,1784,1958,2142,2595,2791,2710,2913,3376,2936,2882,3196,3749,3547,3298,2260,1742,,,,,,1813,44107,1638,1756,1991,2222,2276,2274,2463,2910,2733,2600,2707,3414,3514,3300,2517,2387,,,,,,3405
2010,2010-03-31,12226,122262,千葉県,富津市,city,12226,49214,1377,1698,2099,2349,2376,2320,2484,3078,2765,2980,3198,3979,4477,3902,3330,2782,,,,,,4020,24661,716,892,1083,1218,1273,1265,1363,1656,1463,1539,1718,2093,2259,1883,1610,1262,,,,,,1368,24553,661,806,1016,1131,1103,1055,1121,1422,1302,1441,1480,1886,2218,2019,1720,1520,,,,,,2652
2010,2010-03-31,12227,122271,千葉県,浦安市,city,12227,160337,8458,9393,8820,7125,10520,13116,13981,16483,15296,11177,8294,8954,9866,7315,4866,3071,,,,,,3602,80239,4301,4744,4358,3589,5084,6608,6997,8221,8049,5940,4198,4379,4969,3721,2476,1443,,,,,,1162,80098,4157,4649,4462,3536,5436,6508,6984,8262,7247,5237,4096,4575,4897,3594,2390,1628,,,,,,2440
2010,2010-03-31,12228,122289,千葉県,四街道市,city,12228,87626,3645,4120,4146,3980,4093,4646,6003,7643,6260,5001,4505,5845,8033,7560,5328,3308,,,,,,3510,43818,1900,2176,2114,1990,2014,2318,3066,3996,3246,2628,2307,2751,3745,3840,2810,1613,,,,,,1304,43808,1745,1944,2032,1990,2079,2328,2937,3647,3014,2373,2198,3094,4288,3720,2518,1695,,,,,,2206
2010,2010-03-31,12229,122297,千葉県,袖ケ浦市,city,12229,60788,2628,2910,3039,3096,3239,3590,4138,4850,4015,3503,3789,4937,5142,4145,2778,2160,,,,,,2829,30728,1334,1498,1582,1599,1689,1824,2155,2611,2129,1773,1913,2550,2625,2142,1431,940,,,,,,933,30060,1294,1412,1457,1497,1550,1766,1983,2239,1886,1730,1876,2387,2517,2003,1347,1220,,,,,,1896
2010,2010-03-31,12230,122301,千葉県,八街市,city,12230,75008,2659,3266,4042,4681,4296,4044,4266,5299,5102,5068,5350,6264,6437,5073,3582,2438,,,,,,3141,38088,1344,1683,2043,2405,2228,2109,2259,2764,2714,2605,2825,3271,3353,2631,1775,1074,,,,,,1005,36920,1315,1583,1999,2276,2068,1935,2007,2535,2388,2463,2525,2993,3084,2442,1807,1364,,,,,,2136
2010,2010-03-31,12231,122319,千葉県,印西市,city,12231,87957,3998,4218,4528,5586,6052,5038,5427,6253,5876,6361,6946,7290,6419,4327,3109,2727,,,,,,3802,43734,2092,2143,2302,2934,3044,2469,2655,3196,2909,3076,3472,3839,3412,2275,1531,1141,,,,,,1244,44223,1906,2075,2226,2652,3008,2569,2772,3057,2967,3285,3474,3451,3007,2052,1578,1586,,,,,,2558
2010,2010-03-31,12232,122327,千葉県,白井市,city,12232,60334,3271,3324,2959,3063,3228,3330,4454,5372,4141,3682,3665,4433,5029,4151,2625,1679,,,,,,1928,30195,1651,1688,1539,1609,1637,1584,2247,2750,2191,1841,1811,2151,2523,2118,1403,774,,,,,,678,30139,1620,1636,1420,1454,1591,1746,2207,2622,1950,1841,1854,2282,2506,2033,1222,905,,,,,,1250
2010,2010-03-31,12233,122335,千葉県,富里市,city,12233,49812,1988,2158,2260,2487,3284,3505,3463,3832,3060,2813,3274,4362,4590,3319,2053,1530,,,,,,1834,25623,1004,1066,1164,1294,1871,1881,1864,2051,1616,1475,1605,2221,2398,1748,1093,651,,,,,,621,24189,984,1092,1096,1193,1413,1624,1599,1781,1444,1338,1669,2141,2192,1571,960,879,,,,,,1213
2010,2010-03-31,12234,122343,千葉県,南房総市,city,12234,43424,1149,1420,1628,1815,1331,1429,1752,2141,2169,2208,2702,3647,4287,3839,3241,3213,,,,,,5453,20809,547,748,842,940,683,776,901,1122,1092,1149,1370,1870,2184,1879,1521,1378,,,,,,1807,22615,602,672,786,875,648,653,851,1019,1077,1059,1332,1777,2103,1960,1720,1835,,,,,,3646
2010,2010-03-31,12235,122351,千葉県,匝瑳市,city,12235,40345,1425,1610,1789,1932,1840,2042,2259,2590,2251,2453,2727,3260,3364,2541,2330,2361,,,,,,3571,19827,697,839,907,937,944,1098,1203,1421,1171,1254,1420,1725,1725,1243,1075,982,,,,,,1186,20518,728,771,882,995,896,944,1056,1169,1080,1199,1307,1535,1639,1298,1255,1379,,,,,,2385
2010,2010-03-31,12236,122360,千葉県,香取市,city,12236,85069,2736,3335,3768,4071,4095,4041,4514,5380,4696,5168,5765,7105,7308,5790,5326,4789,,,,,,7182,42047,1382,1729,1935,2050,2161,2165,2406,2890,2443,2673,3021,3671,3761,2813,2552,2006,,,,,,2389,43022,1354,1606,1833,2021,1934,1876,2108,2490,2253,2495,2744,3434,3547,2977,2774,2783,,,,,,4793
2010,2010-03-31,12237,122378,千葉県,山武市,city,12237,57730,1794,2168,2769,3196,3043,2836,2949,3566,3526,3671,4095,4849,4933,3974,3265,2876,,,,,,4220,28819,928,1134,1441,1592,1564,1499,1554,1867,1852,1922,2114,2648,2568,1947,1553,1277,,,,,,1359,28911,866,1034,1328,1604,1479,1337,1395,1699,1674,1749,1981,2201,2365,2027,1712,1599,,,,,,2861
2010,2010-03-31,12238,122386,千葉県,いすみ市,city,12238,42170,1268,1435,1690,1773,1739,1901,2005,2433,2243,2386,2726,3322,3770,3430,2906,2832,,,,,,4311,20728,670,737,876,928,904,1033,1037,1279,1157,1242,1429,1695,1905,1723,1337,1254,,,,,,1522,21442,598,698,814,845,835,868,968,1154,1086,1144,1297,1627,1865,1707,1569,1578,,,,,,2789
2010,2010-03-31,12320,123200,千葉県,印旛郡,gun_agg,,44479,1499,1724,1735,2085,2885,2774,2807,3075,2367,2217,2959,4288,4503,3377,2340,1603,,,,,,2241,22137,750,871,871,1090,1566,1429,1480,1608,1223,1065,1428,2062,2297,1726,1177,731,,,,,,763,22342,749,853,864,995,1319,1345,1327,1467,1144,1152,1531,2226,2206,1651,1163,872,,,,,,1478
2010,2010-03-31,12322,123226,千葉県,印旛郡酒々井町,town,12322,21329,860,991,847,910,1363,1241,1527,1837,1253,994,1099,1670,2102,1838,1189,695,,,,,,913,10785,439,513,423,501,796,675,784,962,666,501,542,774,1031,914,625,328,,,,,,311,10544,421,478,424,409,567,566,743,875,587,493,557,896,1071,924,564,367,,,,,,602
2010,2010-03-31,12329,123293,千葉県,印旛郡栄町,town,12329,23150,639,733,888,1175,1522,1533,1280,1238,1114,1223,1860,2618,2401,1539,1151,908,,,,,,1328,11352,311,358,448,589,770,754,696,646,557,564,886,1288,1266,812,552,403,,,,,,452,11798,328,375,440,586,752,779,584,592,557,659,974,1330,1135,727,599,505,,,,,,876
2010,2010-03-31,12340,123404,千葉県,香取郡,gun_agg,,38462,1132,1392,1760,1908,1750,1754,1935,2272,2213,2231,2683,3281,3266,2659,2458,2266,,,,,,3502,19172,594,720,901,986,940,962,1052,1170,1165,1183,1409,1766,1675,1312,1156,970,,,,,,1211,19290,538,672,859,922,810,792,883,1102,1048,1048,1274,1515,1591,1347,1302,1296,,,,,,2291
2010,2010-03-31,12342,123421,千葉県,香取郡神崎町,town,12342,6597,184,273,318,334,303,278,335,413,478,438,443,499,516,469,424,355,,,,,,537,3338,106,138,157,186,163,136,198,207,254,225,253,280,264,228,201,152,,,,,,190,3259,78,135,161,148,140,142,137,206,224,213,190,219,252,241,223,203,,,,,,347
2010,2010-03-31,12347,123471,千葉県,香取郡多古町,town,12347,16275,473,512,739,825,784,768,790,909,916,938,1175,1352,1272,1069,1050,1040,,,,,,1663,8115,234,288,383,400,415,442,427,486,484,495,619,750,668,520,487,439,,,,,,578,8160,239,224,356,425,369,326,363,423,432,443,556,602,604,549,563,601,,,,,,1085
2010,2010-03-31,12349,123498,千葉県,香取郡東庄町,town,12349,15590,475,607,703,749,663,708,810,950,819,855,1065,1430,1478,1121,984,871,,,,,,1302,7719,254,294,361,400,362,384,427,477,427,463,537,736,743,564,468,379,,,,,,443,7871,221,313,342,349,301,324,383,473,392,392,528,694,735,557,516,492,,,,,,859
2010,2010-03-31,12400,124001,千葉県,山武郡,gun_agg,,103197,3442,4092,4851,5252,5210,5064,5523,6550,6140,6394,7239,8596,9027,7248,5907,5200,,,,,,7462,51055,1729,2150,2458,2674,2707,2575,2917,3378,3158,3225,3741,4456,4698,3600,2844,2261,,,,,,2484,52142,1713,1942,2393,2578,2503,2489,2606,3172,2982,3169,3498,4140,4329,3648,3063,2939,,,,,,4978
2010,2010-03-31,12402,124028,千葉県,山武郡大網白里町,town,12402,50720,1783,2121,2501,2786,2731,2537,2852,3278,3202,3329,3682,4243,4347,3535,2673,2132,,,,,,2988,25113,873,1113,1263,1453,1444,1239,1466,1691,1592,1627,1890,2174,2230,1751,1328,956,,,,,,1023,25607,910,1008,1238,1333,1287,1298,1386,1587,1610,1702,1792,2069,2117,1784,1345,1176,,,,,,1965
2010,2010-03-31,12403,124036,千葉県,山武郡九十九里町,town,12403,18594,532,629,767,877,862,903,962,1143,1099,1038,1252,1622,1764,1371,1177,1043,,,,,,1553,9171,267,321,384,445,467,470,525,603,615,531,645,866,926,668,541,424,,,,,,473,9423,265,308,383,432,395,433,437,540,484,507,607,756,838,703,636,619,,,,,,1080
2010,2010-03-31,12409,124095,千葉県,山武郡芝山町,town,12409,8007,271,300,377,398,438,388,416,487,430,515,592,656,650,537,434,456,,,,,,662,4029,125,151,193,194,233,224,230,259,233,256,324,354,350,279,215,191,,,,,,218,3978,146,149,184,204,205,164,186,228,197,259,268,302,300,258,219,265,,,,,,444
2010,2010-03-31,12410,124109,千葉県,山武郡横芝光町,town,12410,25876,856,1042,1206,1191,1179,1236,1293,1642,1409,1512,1713,2075,2266,1805,1623,1569,,,,,,2259,12742,464,565,618,582,563,642,696,825,718,811,882,1062,1192,902,760,690,,,,,,770,13134,392,477,588,609,616,594,597,817,691,701,831,1013,1074,903,863,879,,,,,,1489
2010,2010-03-31,12420,124206,千葉県,長生郡,gun_agg,,65274,2026,2352,2684,3003,3070,3055,3561,4029,3665,3723,4323,5448,5958,4809,4080,3713,,,,,,5775,32223,1095,1173,1395,1516,1647,1581,1880,2148,1889,1902,2200,2794,3058,2415,1933,1607,,,,,,1990,33051,931,1179,1289,1487,1423,1474,1681,1881,1776,1821,2123,2654,2900,2394,2147,2106,,,,,,3785
2010,2010-03-31,12421,124214,千葉県,長生郡一宮町,town,12421,12492,489,519,550,541,572,614,807,918,726,669,764,887,1084,893,730,707,,,,,,1022,6145,273,260,303,290,318,303,426,479,386,324,374,436,548,431,334,297,,,,,,363,6347,216,259,247,251,254,311,381,439,340,345,390,451,536,462,396,410,,,,,,659
2010,2010-03-31,12422,124222,千葉県,長生郡睦沢町,town,12422,7609,185,243,309,338,352,334,419,397,392,427,509,681,737,636,460,442,,,,,,748,3685,100,108,150,167,188,174,219,206,191,216,264,338,362,324,216,205,,,,,,257,3924,85,135,159,171,164,160,200,191,201,211,245,343,375,312,244,237,,,,,,491
2010,2010-03-31,12423,124231,千葉県,長生郡長生村,village,12423,14930,541,627,714,740,681,683,880,1035,958,923,887,1174,1316,1066,884,740,,,,,,1081,7417,277,320,366,396,383,357,464,541,495,481,450,587,666,524,407,315,,,,,,388,7513,264,307,348,344,298,326,416,494,463,442,437,587,650,542,477,425,,,,,,693
2010,2010-03-31,12424,124249,千葉県,長生郡白子町,town,12424,12685,363,403,457,553,591,593,652,738,722,696,859,1096,1214,1034,878,722,,,,,,1114,6288,194,217,237,265,304,292,345,399,375,361,441,577,629,500,449,324,,,,,,379,6397,169,186,220,288,287,301,307,339,347,335,418,519,585,534,429,398,,,,,,735
2010,2010-03-31,12426,124265,千葉県,長生郡長柄町,town,12426,8037,231,272,327,389,407,356,402,460,401,488,600,711,791,550,498,454,,,,,,700,4050,128,137,168,198,218,194,215,261,201,261,305,383,422,293,246,193,,,,,,227,3987,103,135,159,191,189,162,187,199,200,227,295,328,369,257,252,261,,,,,,473
2010,2010-03-31,12427,124273,千葉県,長生郡長南町,town,12427,9521,217,288,327,442,467,475,401,481,466,520,704,899,816,630,630,648,,,,,,1110,4638,123,131,171,200,236,261,211,262,241,259,366,473,431,343,281,273,,,,,,376,4883,94,157,156,242,231,214,190,219,225,261,338,426,385,287,349,375,,,,,,734
2010,2010-03-31,12440,124401,千葉県,夷隅郡,gun_agg,,18783,483,577,727,761,693,717,834,923,952,966,1211,1514,1762,1519,1392,1373,,,,,,2379,9081,245,288,360,387,358,377,432,498,462,495,621,777,935,749,642,603,,,,,,852,9702,238,289,367,374,335,340,402,425,490,471,590,737,827,770,750,770,,,,,,1527
2010,2010-03-31,12441,124419,千葉県,夷隅郡大多喜町,town,12441,10742,301,372,449,487,440,470,506,506,556,612,759,913,904,718,702,724,,,,,,1323,5263,161,182,219,245,225,248,266,278,264,315,402,483,511,362,306,316,,,,,,480,5479,140,190,230,242,215,222,240,228,292,297,357,430,393,356,396,408,,,,,,843
2010,2010-03-31,12443,124435,千葉県,夷隅郡御宿町,town,12443,8041,182,205,278,274,253,247,328,417,396,354,452,601,858,801,690,649,,,,,,1056,3818,84,106,141,142,133,129,166,220,198,180,219,294,424,387,336,287,,,,,,372,4223,98,99,137,132,120,118,162,197,198,174,233,307,434,414,354,362,,,,,,684
2010,2010-03-31,12460,124605,千葉県,安房郡,gun_agg,,9264,198,270,384,375,285,336,388,413,426,467,604,764,937,814,747,692,,,,,,1164,4449,109,154,183,178,132,176,198,211,222,243,307,407,468,400,363,284,,,,,,414,4815,89,116,201,197,153,160,190,202,204,224,297,357,469,414,384,408,,,,,,750
2010,2010-03-31,12463,124630,千葉県,安房郡鋸南町,town,12463,9264,198,270,384,375,285,336,388,413,426,467,604,764,937,814,747,692,,,,,,1164,4449,109,154,183,178,132,176,198,211,222,243,307,407,468,400,363,284,,,,,,414,4815,89,116,201,197,153,160,190,202,204,224,297,357,469,414,384,408,,,,,,750
2010,2010-03-31,13000,130001,東京都,,pref,,12609912,505603,493968,493365,501024,715817,936862,1037869,1144201,1019383,848858,710300,757654,873726,762573,634712,520718,,,,,,653277,6255821,259579,253036,252572,255983,365086,486060,538354,586835,531451,442780,365676,386960,435307,361989,288242,223837,,,,,,222073,6354091,246024,240932,240793,245041,350731,450802,499515,557366,487932,406078,344624,370694,438419,400584,346470,296881,,,,,,431204
2010,2010-03-31,13101,131016,東京都,千代田区,special_ward,13101,47483,1787,1764,1838,1591,2706,4112,4299,4392,3855,3351,2804,2605,3025,2516,2092,1872,,,,,,2874,23407,914,880,935,769,1400,2375,2329,2213,1897,1680,1424,1357,1477,1192,904,740,,,,,,921,24076,873,884,903,822,1306,1737,1970,2179,1958,1671,1380,1248,1548,1324,1188,1132,,,,,,1953
2010,2010-03-31,13102,131024,東京都,中央区,special_ward,13102,115008,5404,3820,3229,2867,4804,9613,13031,14016,11677,8692,6095,5778,6865,5617,4611,3826,,,,,,5063,54945,2766,1981,1604,1503,2371,4671,6175,6645,5755,4379,3112,2917,3394,2571,1998,1567,,,,,,1536,60063,2638,1839,1625,1364,2433,4942,6856,7371,5922,4313,2983,2861,3471,3046,2613,2259,,,,,,3527
2010,2010-03-31,13103,131032,東京都,港区,special_ward,13103,202505,9532,7032,5988,5798,9009,15580,20728,22808,19687,15283,11494,10952,12849,10128,8291,7279,,,,,,10067,94357,4916,3627,3031,2886,4277,7327,9662,10542,9517,7496,5617,5246,6075,4562,3532,2908,,,,,,3136,108148,4616,3405,2957,2912,4732,8253,11066,12266,10170,7787,5877,5706,6774,5566,4759,4371,,,,,,6931
2010,2010-03-31,13104,131041,東京都,新宿区,special_ward,13104,282612,8684,7625,7522,8506,18207,27131,27048,26471,22263,18865,15829,16389,19481,16252,13786,11746,,,,,,16807,141347,4478,3884,3818,4332,9119,14673,14848,13950,11792,9863,8217,8615,9963,7686,6095,4687,,,,,,5327,141265,4206,3741,3704,4174,9088,12458,12200,12521,10471,9002,7612,7774,9518,8566,7691,7059,,,,,,11480
2010,2010-03-31,13105,131059,東京都,文京区,special_ward,13105,189959,7221,6664,6480,6458,11886,15996,17094,17355,15681,13377,11010,10806,12309,9951,8530,7576,,,,,,11565,90606,3619,3363,3316,3186,6304,8046,8528,8407,7464,6547,5479,5288,5997,4641,3604,3082,,,,,,3735,99353,3602,3301,3164,3272,5582,7950,8566,8948,8217,6830,5531,5518,6312,5310,4926,4494,,,,,,7830
2010,2010-03-31,13106,131067,東京都,台東区,special_ward,13106,167482,5556,5140,5054,5263,7526,11877,13705,15084,13235,10872,9487,10793,13323,11670,9973,8114,,,,,,10810,85756,2858,2586,2547,2674,3911,6355,7401,8030,7020,5876,5114,5971,7282,5942,4935,3635,,,,,,3619,81726,2698,2554,2507,2589,3615,5522,6304,7054,6215,4996,4373,4822,6041,5728,5038,4479,,,,,,7191
2010,2010-03-31,13107,131075,東京都,墨田区,special_ward,13107,239440,9151,8358,8218,8132,12601,18468,20240,21642,18621,15267,13353,15575,17438,15648,13219,10390,,,,,,13119,120368,4656,4250,4297,4092,6374,9767,10752,11405,9887,8078,7032,8253,9104,7553,6165,4419,,,,,,4284,119072,4495,4108,3921,4040,6227,8701,9488,10237,8734,7189,6321,7322,8334,8095,7054,5971,,,,,,8835
2010,2010-03-31,13108,131083,東京都,江東区,special_ward,13108,447255,20327,17674,15557,15210,21590,30615,38308,45157,38067,29035,25106,29019,33659,28609,22825,17348,,,,,,19149,223355,10360,9051,7933,7812,11049,15971,19554,23167,20277,15419,12797,14846,16973,13854,10584,7404,,,,,,6304,223900,9967,8623,7624,7398,10541,14644,18754,21990,17790,13616,12309,14173,16686,14755,12241,9944,,,,,,12845
2010,2010-03-31,13109,131091,東京都,品川区,special_ward,13109,349829,13645,11673,10720,10747,18639,29673,33445,34686,29044,22996,19391,20869,24562,20463,16454,14085,,,,,,18737,172071,7021,5971,5504,5417,9467,15233,16946,17542,15065,12009,9959,10613,12495,9772,7275,5703,,,,,,6079,177758,6624,5702,5216,5330,9172,14440,16499,17144,13979,10987,9432,10256,12067,10691,9179,8382,,,,,,12658
2010,2010-03-31,13110,131105,東京都,目黒区,special_ward,13110,253557,9047,8185,8375,8430,13570,22658,26208,24882,21904,18338,14139,13398,16030,13271,10927,9786,,,,,,14409,118806,4661,4169,4313,4247,6356,10928,12640,11571,10506,8961,6976,6530,7574,6070,4708,3932,,,,,,4664,134751,4386,4016,4062,4183,7214,11730,13568,13311,11398,9377,7163,6868,8456,7201,6219,5854,,,,,,9745
2010,2010-03-31,13111,131113,東京都,大田区,special_ward,13111,674637,26013,25234,25005,24883,39592,51882,53886,61125,53795,44622,38184,41913,49081,41883,33361,27480,,,,,,36698,339363,13239,13017,12849,12838,20338,27380,28466,31728,28673,23805,20159,22030,25324,20701,15057,11477,,,,,,12282,335274,12774,12217,12156,12045,19254,24502,25420,29397,25122,20817,18025,19883,23757,21182,18304,16003,,,,,,24416
2010,2010-03-31,13112,131121,東京都,世田谷区,special_ward,13112,833015,32729,30747,30424,30587,48027,68555,78455,79749,73124,61166,48715,44925,51481,42122,35797,31528,,,,,,44884,398305,17066,15984,15392,15587,23931,33530,37982,38011,35976,30591,24229,22044,24884,19235,15681,12956,,,,,,15226,434710,15663,14763,15032,15000,24096,35025,40473,41738,37148,30575,24486,22881,26597,22887,20116,18572,,,,,,29658
2010,2010-03-31,13113,131130,東京都,渋谷区,special_ward,13113,195980,6654,5450,5215,5310,10126,17924,21261,20271,17577,14028,11351,10836,12555,10000,8669,7624,,,,,,11129,92761,3392,2759,2623,2515,4822,8858,10797,9703,8648,6892,5563,5423,6024,4520,3600,3022,,,,,,3600,103219,3262,2691,2592,2795,5304,9066,10464,10568,8929,7136,5788,5413,6531,5480,5069,4602,,,,,,7529
2010,2010-03-31,13114,131148,東京都,中野区,special_ward,13114,300009,9187,8220,8254,9128,19642,31053,30439,28200,23594,19460,16265,16918,19302,16152,13874,12676,,,,,,17645,150637,4708,4243,4247,4638,9991,16909,16677,15022,12703,10160,8381,8662,9675,7627,6073,5135,,,,,,5786,149372,4479,3977,4007,4490,9651,14144,13762,13178,10891,9300,7884,8256,9627,8525,7801,7541,,,,,,11859
2010,2010-03-31,13115,131156,東京都,杉並区,special_ward,13115,527773,17843,16549,16608,18121,33122,50608,50430,48691,42773,36283,30096,29445,33504,27958,23130,21255,,,,,,31357,254253,9161,8450,8437,9211,16023,25336,25590,23998,21497,18302,15153,14613,16360,12992,10010,8632,,,,,,10488,273520,8682,8099,8171,8910,17099,25272,24840,24693,21276,17981,14943,14832,17144,14966,13120,12623,,,,,,20869
2010,2010-03-31,13116,131164,東京都,豊島区,special_ward,13116,245356,7472,6837,6727,7358,15841,23769,23724,22529,18860,15858,13646,14454,17163,14256,11871,10231,,,,,,14760,123748,3834,3433,3425,3712,8000,12897,13186,12171,10221,8407,7158,7630,8774,6892,5162,4095,,,,,,4751,121608,3638,3404,3302,3646,7841,10872,10538,10358,8639,7451,6488,6824,8389,7364,6709,6136,,,,,,10009
2010,2010-03-31,13117,131172,東京都,北区,special_ward,13117,318715,10790,10164,10046,10651,17481,23482,25562,26836,22593,19523,17615,20794,24663,22110,18979,16308,,,,,,21118,158348,5467,5249,5119,5382,8889,12594,13800,14225,12069,10277,9225,10958,12578,10517,8445,6631,,,,,,6923,160367,5323,4915,4927,5269,8592,10888,11762,12611,10524,9246,8390,9836,12085,11593,10534,9677,,,,,,14195
2010,2010-03-31,13118,131181,東京都,荒川区,special_ward,13118,188129,7577,6923,6605,6946,9518,13173,15291,16589,13955,11934,10423,12067,14225,12217,10686,8776,,,,,,11224,94250,3832,3519,3457,3534,4762,6755,7932,8618,7422,6403,5586,6398,7485,6095,4868,3787,,,,,,3797,93879,3745,3404,3148,3412,4756,6418,7359,7971,6533,5531,4837,5669,6740,6122,5818,4989,,,,,,7427
2010,2010-03-31,13119,131199,東京都,板橋区,special_ward,13119,518242,20010,19072,19147,19821,31293,41091,42740,45881,39327,33446,29166,32771,37435,31825,26450,21981,,,,,,26786,258744,10230,9784,9753,10136,15620,21325,22507,24004,20842,17733,15159,17022,19111,15365,11819,9236,,,,,,9098,259498,9780,9288,9394,9685,15673,19766,20233,21877,18485,15713,14007,15749,18324,16460,14631,12745,,,,,,17688
2010,2010-03-31,13120,131202,東京都,練馬区,special_ward,13120,693276,28721,29396,30503,30266,40624,51684,55732,61780,57751,48954,40148,38705,43122,38112,33841,28985,,,,,,34952,342715,14849,15153,15667,15446,20328,26408,28628,31505,29899,25318,20625,19819,21312,17559,14980,12612,,,,,,12607,350561,13872,14243,14836,14820,20296,25276,27104,30275,27852,23636,19523,18886,21810,20553,18861,16373,,,,,,22345
2010,2010-03-31,13121,131211,東京都,足立区,special_ward,13121,643077,26895,26930,27654,28226,33077,40354,46831,56549,50950,41637,34631,39479,46728,45452,38473,29324,,,,,,29887,325487,13925,13728,14260,14506,17178,21280,24742,30030,27397,22440,18559,20839,23701,21775,17766,13209,,,,,,10152,317590,12970,13202,13394,13720,15899,19074,22089,26519,23553,19197,16072,18640,23027,23677,20707,16115,,,,,,19735
2010,2010-03-31,13122,131229,東京都,葛飾区,special_ward,13122,432958,17615,17685,18005,18454,22063,26968,30976,37519,33925,29330,25182,27474,31157,28461,24900,20301,,,,,,22943,217906,9102,9161,9202,9396,11525,14252,16418,19761,17967,15591,13342,14595,16107,13609,11226,8816,,,,,,7836,215052,8513,8524,8803,9058,10538,12716,14558,17758,15958,13739,11840,12879,15050,14852,13674,11485,,,,,,15107
2010,2010-03-31,13123,131237,東京都,江戸川区,special_ward,13123,652762,31288,32146,31832,29177,34968,44407,51827,63147,56894,44142,33903,36891,42741,39230,32375,23526,,,,,,24268,333104,16057,16200,16164,15013,18235,23680,27260,33289,30593,24168,18211,19607,21709,19028,15102,10542,,,,,,8246,319658,15231,15946,15668,14164,16733,20727,24567,29858,26301,19974,15692,17284,21032,20202,17273,12984,,,,,,16022
2010,2010-03-31,13201,132012,東京都,八王子市,city,13201,551216,22797,24567,25663,28338,36637,33413,37086,44248,40659,35044,31096,36220,41985,36923,28809,21547,,,,,,26184,277704,11641,12593,13094,14851,20038,17760,19666,23095,21567,18233,15821,17836,20631,17928,13995,9795,,,,,,9160,273512,11156,11974,12569,13487,16599,15653,17420,21153,19092,16811,15275,18384,21354,18995,14814,11752,,,,,,17024
2010,2010-03-31,13202,132021,東京都,立川市,city,13202,174345,7377,7554,7603,7799,10432,12037,13417,15512,13655,11352,9418,10736,12428,11029,8906,6962,,,,,,8128,87343,3751,3906,3875,3884,5255,6428,7252,8146,7323,6060,4848,5433,6067,5276,4036,3073,,,,,,2730,87002,3626,3648,3728,3915,5177,5609,6165,7366,6332,5292,4570,5303,6361,5753,4870,3889,,,,,,5398
2010,2010-03-31,13203,132039,東京都,武蔵野市,city,13203,135065,4926,4725,4853,5116,8210,11449,12323,11877,10803,9404,7973,7652,8656,7063,6098,5658,,,,,,8279,65159,2538,2454,2526,2649,4022,5702,6309,5926,5401,4688,3936,3785,4181,3197,2679,2366,,,,,,2800,69906,2388,2271,2327,2467,4188,5747,6014,5951,5402,4716,4037,3867,4475,3866,3419,3292,,,,,,5479
2010,2010-03-31,13204,132047,東京都,三鷹市,city,13204,176820,7243,7117,7343,7272,10761,14019,14923,16092,14714,12313,9925,10189,11244,9488,7893,6931,,,,,,9353,87348,3713,3610,3712,3745,5369,7213,7704,8182,7584,6383,5097,5247,5550,4519,3471,2979,,,,,,3270,89472,3530,3507,3631,3527,5392,6806,7219,7910,7130,5930,4828,4942,5694,4969,4422,3952,,,,,,6083
2010,2010-03-31,13205,132055,東京都,青梅市,city,13205,138263,5347,6234,6804,7101,7418,8049,8495,10781,9756,9069,8361,10054,10909,9613,7077,5428,,,,,,7766,69806,2731,3214,3539,3679,3876,4388,4519,5807,5206,4827,4332,5158,5362,4823,3505,2443,,,,,,2397,68457,2616,3020,3265,3422,3542,3661,3976,4974,4550,4242,4029,4896,5547,4790,3572,2985,,,,,,5369
2010,2010-03-31,13206,132063,東京都,府中市,city,13206,245438,11430,11581,11158,11050,14454,17396,19429,22606,20908,17165,13622,13911,15635,13485,11164,9265,,,,,,11179,125077,5935,5913,5812,5667,7673,9457,10414,12020,11249,9240,7268,7170,7788,6288,5097,4067,,,,,,4019,120361,5495,5668,5346,5383,6781,7939,9015,10586,9659,7925,6354,6741,7847,7197,6067,5198,,,,,,7160
2010,2010-03-31,13207,132071,東京都,昭島市,city,13207,111265,4724,4866,4946,5117,6071,7361,8037,9284,8322,7165,6559,7604,8491,7145,5614,4479,,,,,,5480,56154,2435,2484,2533,2626,3139,3947,4375,4915,4530,3760,3324,3891,4268,3410,2634,1977,,,,,,1906,55111,2289,2382,2413,2491,2932,3414,3662,4369,3792,3405,3235,3713,4223,3735,2980,2502,,,,,,3574
2010,2010-03-31,13208,132080,東京都,調布市,city,13208,217081,9548,8957,8656,8681,13309,16658,18481,20475,18303,15185,11727,12192,13693,11883,10246,8790,,,,,,10297,107529,4942,4573,4462,4370,6900,8436,9527,10544,9493,7924,6034,6101,6774,5368,4573,3812,,,,,,3696,109552,4606,4384,4194,4311,6409,8222,8954,9931,8810,7261,5693,6091,6919,6515,5673,4978,,,,,,6601
2010,2010-03-31,13209,132098,東京都,町田市,city,13209,417919,18115,20305,20039,18882,22514,24174,28493,36578,33245,26715,23346,26005,30849,29047,23385,17031,,,,,,19196,206512,9249,10488,10265,9652,11611,12490,14599,18697,17292,13753,11557,12674,14499,13556,11241,7950,,,,,,6939,211407,8866,9817,9774,9230,10903,11684,13894,17881,15953,12962,11789,13331,16350,15491,12144,9081,,,,,,12257
2010,2010-03-31,13210,132101,東京都,小金井市,city,13210,111820,4196,4461,4820,5058,7890,8672,8659,8919,8951,8278,6883,6727,7128,5747,4840,4495,,,,,,6095,55583,2197,2287,2516,2578,4242,4516,4536,4573,4536,4253,3574,3383,3497,2661,2109,1888,,,,,,2236,56237,1999,2174,2304,2480,3648,4156,4123,4346,4415,4025,3309,3344,3631,3086,2731,2607,,,,,,3859
2010,2010-03-31,13211,132110,東京都,小平市,city,13211,179120,7638,7873,8502,8987,10923,11462,12849,14736,14381,12589,10417,10614,11692,10350,9296,7757,,,,,,9054,89036,3930,4059,4461,4515,5467,6079,6764,7613,7429,6574,5334,5360,5687,4761,4235,3438,,,,,,3330,90084,3708,3814,4041,4472,5456,5383,6085,7123,6952,6015,5083,5254,6005,5589,5061,4319,,,,,,5724
2010,2010-03-31,13212,132128,東京都,日野市,city,13212,174572,7628,7986,7743,7834,10325,11102,13006,15416,14006,11133,9056,10372,12255,11539,9272,7452,,,,,,8447,88459,3854,4091,3945,4129,5644,6022,7009,8169,7615,5964,4708,5140,5866,5408,4395,3388,,,,,,3112,86113,3774,3895,3798,3705,4681,5080,5997,7247,6391,5169,4348,5232,6389,6131,4877,4064,,,,,,5335
2010,2010-03-31,13213,132136,東京都,東村山市,city,13213,150450,6495,6546,6896,7177,8137,9078,10167,12671,11415,10189,8628,9328,10378,9561,8428,7087,,,,,,8269,74505,3383,3312,3508,3665,4124,4711,5300,6589,5936,5329,4346,4689,4986,4490,3827,3209,,,,,,3101,75945,3112,3234,3388,3512,4013,4367,4867,6082,5479,4860,4282,4639,5392,5071,4601,3878,,,,,,5168
2010,2010-03-31,13214,132144,東京都,国分寺市,city,13214,116182,4603,4782,4925,5150,7621,9026,8877,9843,9534,8561,6960,6684,7330,6118,5465,4833,,,,,,5870,57866,2333,2422,2595,2681,3917,4806,4650,5049,4962,4425,3563,3386,3489,2846,2449,2094,,,,,,2199,58316,2270,2360,2330,2469,3704,4220,4227,4794,4572,4136,3397,3298,3841,3272,3016,2739,,,,,,3671
2010,2010-03-31,13215,132152,東京都,国立市,city,13215,72899,2772,2940,3371,3572,4494,4807,5081,6018,6200,5721,4516,4515,4844,3949,3445,2920,,,,,,3734,36155,1452,1513,1718,1849,2388,2552,2704,3018,3145,2916,2354,2293,2389,1777,1501,1302,,,,,,1284,36744,1320,1427,1653,1723,2106,2255,2377,3000,3055,2805,2162,2222,2455,2172,1944,1618,,,,,,2450
2010,2010-03-31,13218,132187,東京都,福生市,city,13218,58023,2327,2355,2545,2862,3319,3767,4007,4699,4374,3956,3740,4116,4171,3652,2852,2402,,,,,,2879,29296,1167,1188,1346,1446,1709,2031,2157,2525,2353,2080,1977,2147,2141,1763,1325,1017,,,,,,924,28727,1160,1167,1199,1416,1610,1736,1850,2174,2021,1876,1763,1969,2030,1889,1527,1385,,,,,,1955
2010,2010-03-31,13219,132195,東京都,狛江市,city,13219,76251,2796,2889,2912,2978,4501,5818,6076,6580,6222,5111,4280,4294,5199,4691,4184,3590,,,,,,4130,37453,1443,1477,1491,1475,2247,2968,3157,3317,3270,2689,2179,2196,2542,2099,1839,1557,,,,,,1507,38798,1353,1412,1421,1503,2254,2850,2919,3263,2952,2422,2101,2098,2657,2592,2345,2033,,,,,,2623
2010,2010-03-31,13220,132209,東京都,東大和市,city,13220,82734,3817,3933,3916,3879,4194,4759,5612,7035,6484,5433,4540,5112,6187,5791,4859,3649,,,,,,3534,41170,1904,1988,2019,1972,2069,2400,2896,3698,3453,2853,2318,2557,3023,2732,2237,1762,,,,,,1289,41564,1913,1945,1897,1907,2125,2359,2716,3337,3031,2580,2222,2555,3164,3059,2622,1887,,,,,,2245
2010,2010-03-31,13221,132217,東京都,清瀬市,city,13221,72734,2928,3300,3393,3252,3713,3887,4769,6066,5426,4673,3973,4530,5201,4989,4787,3752,,,,,,4095,35389,1521,1723,1722,1627,1804,1912,2384,3079,2866,2396,1968,2296,2483,2256,2217,1697,,,,,,1438,37345,1407,1577,1671,1625,1909,1975,2385,2987,2560,2277,2005,2234,2718,2733,2570,2055,,,,,,2657
2010,2010-03-31,13222,132225,東京都,東久留米市,city,13222,114754,4543,5014,5411,5568,5928,6414,7438,9330,8616,7712,6466,7244,8502,8200,7144,5578,,,,,,5646,56807,2353,2608,2793,2839,2989,3309,3821,4906,4493,4024,3205,3686,4015,3760,3315,2586,,,,,,2105,57947,2190,2406,2618,2729,2939,3105,3617,4424,4123,3688,3261,3558,4487,4440,3829,2992,,,,,,3541
2010,2010-03-31,13223,132233,東京都,武蔵村山市,city,13223,70150,3614,3813,3547,3515,3600,3993,4904,6251,5229,4085,3569,4521,5219,5081,3925,2689,,,,,,2595,35250,1809,1908,1782,1801,1862,2067,2535,3365,2819,2240,1871,2278,2483,2446,1860,1239,,,,,,885,34900,1805,1905,1765,1714,1738,1926,2369,2886,2410,1845,1698,2243,2736,2635,2065,1450,,,,,,1710
2010,2010-03-31,13224,132241,東京都,多摩市,city,13224,145596,6073,5996,5890,6372,8639,9612,10734,12311,10875,8898,8093,9942,12333,10674,7832,5473,,,,,,5849,72246,3125,3073,2951,3278,4524,5015,5583,6389,5716,4610,3893,4646,5903,5081,3783,2612,,,,,,2064,73350,2948,2923,2939,3094,4115,4597,5151,5922,5159,4288,4200,5296,6430,5593,4049,2861,,,,,,3785
2010,2010-03-31,13225,132250,東京都,稲城市,city,13225,82543,4254,4457,4253,3977,4413,4962,6156,7963,7393,5789,4638,4865,5556,4969,3684,2486,,,,,,2728,41930,2151,2303,2203,2064,2258,2577,3170,4163,3995,3079,2431,2441,2727,2460,1814,1186,,,,,,908,40613,2103,2154,2050,1913,2155,2385,2986,3800,3398,2710,2207,2424,2829,2509,1870,1300,,,,,,1820
2010,2010-03-31,13227,132276,東京都,羽村市,city,13227,56077,2550,2749,2857,2915,3254,3251,3886,4892,4401,3597,3155,3633,4127,3702,2860,1941,,,,,,2307,28618,1333,1310,1458,1543,1827,1808,2148,2581,2310,1896,1693,1834,2024,1789,1394,897,,,,,,773,27459,1217,1439,1399,1372,1427,1443,1738,2311,2091,1701,1462,1799,2103,1913,1466,1044,,,,,,1534
2010,2010-03-31,13228,132284,東京都,あきる野市,city,13228,81086,3563,3904,4141,3984,4182,4201,5107,6484,5715,4745,4541,5371,6320,6134,4585,3348,,,,,,4761,40645,1844,2068,2117,2021,2128,2188,2655,3437,3011,2487,2298,2665,3149,3043,2332,1556,,,,,,1646,40441,1719,1836,2024,1963,2054,2013,2452,3047,2704,2258,2243,2706,3171,3091,2253,1792,,,,,,3115
2010,2010-03-31,13229,132292,東京都,西東京市,city,13229,191614,7878,8152,8445,8769,11280,12644,13676,16156,15375,13691,11494,11489,12828,11209,9793,8581,,,,,,10154,94267,4061,4151,4334,4476,5788,6502,7066,8274,7912,7066,5815,5757,6283,5079,4297,3709,,,,,,3697,97347,3817,4001,4111,4293,5492,6142,6610,7882,7463,6625,5679,5732,6545,6130,5496,4872,,,,,,6457
2010,2010-03-31,13300,133001,東京都,西多摩郡,gun_agg,,59033,2160,2488,2695,2783,3035,3113,3483,4212,3728,3223,3379,4496,5273,4577,3360,2753,,,,,,4275,29748,1109,1297,1342,1474,1625,1671,1859,2256,2052,1713,1766,2274,2710,2359,1666,1225,,,,,,1350,29285,1051,1191,1353,1309,1410,1442,1624,1956,1676,1510,1613,2222,2563,2218,1694,1528,,,,,,2925
2010,2010-03-31,13303,133035,東京都,西多摩郡瑞穂町,town,13303,33732,1308,1656,1787,1833,1851,1906,2106,2732,2436,2009,1971,2498,2805,2346,1694,1261,,,,,,1533,17236,677,862,875,965,969,1051,1134,1430,1343,1044,1023,1288,1436,1209,844,583,,,,,,503,16496,631,794,912,868,882,855,972,1302,1093,965,948,1210,1369,1137,850,678,,,,,,1030
2010,2010-03-31,13305,133051,東京都,西多摩郡日の出町,town,13305,16302,703,622,649,661,850,879,1067,1098,853,762,850,1237,1623,1489,920,727,,,,,,1312,8095,351,330,330,369,476,445,557,617,454,405,420,566,803,790,469,317,,,,,,396,8207,352,292,319,292,374,434,510,481,399,357,430,671,820,699,451,410,,,,,,916
2010,2010-03-31,13307,133078,東京都,西多摩郡檜原村,village,13307,2735,52,53,86,89,97,103,95,101,132,152,164,226,235,202,228,253,,,,,,467,1358,24,24,42,45,56,60,44,57,82,90,103,127,141,97,110,109,,,,,,147,1377,28,29,44,44,41,43,51,44,50,62,61,99,94,105,118,144,,,,,,320
2010,2010-03-31,13308,133086,東京都,西多摩郡奥多摩町,town,13308,6264,97,157,173,200,237,225,215,281,307,300,394,535,610,540,518,512,,,,,,963,3059,57,81,95,95,124,115,124,152,173,174,220,293,330,263,243,216,,,,,,304,3205,40,76,78,105,113,110,91,129,134,126,174,242,280,277,275,296,,,,,,659
2010,2010-03-31,13360,133604,東京都,島しょ,island_agg,,27803,1113,1136,1032,1106,651,1065,1438,1807,1541,1603,1912,2382,2595,2061,1795,1824,,,,,,2742,14127,564,581,560,595,321,555,775,965,846,923,1089,1361,1412,1056,827,786,,,,,,911,13676,549,555,472,511,330,510,663,842,695,680,823,1021,1183,1005,968,1038,,,,,,1831
2010,2010-03-31,13361,133612,東京都,大島町,town,13361,8591,313,364,316,415,183,299,425,532,481,478,550,695,817,725,587,547,,,,,,864,4262,162,177,173,252,89,165,215,283,255,265,293,377,423,345,258,242,,,,,,288,4329,151,187,143,163,94,134,210,249,226,213,257,318,394,380,329,305,,,,,,576
2010,2010-03-31,13362,133621,東京都,利島村,village,13362,297,19,10,10,9,7,10,33,17,15,22,20,24,26,18,16,15,,,,,,26,164,9,8,6,3,5,8,19,9,9,14,11,14,15,12,6,7,,,,,,9,133,10,2,4,6,2,2,14,8,6,8,9,10,11,6,10,8,,,,,,17
2010,2010-03-31,13363,133639,東京都,新島村,village,13363,3060,109,134,101,85,86,125,179,162,133,164,198,264,290,215,200,229,,,,,,386,1476,57,62,55,37,42,61,99,93,59,89,105,143,149,110,83,96,,,,,,136,1584,52,72,46,48,44,64,80,69,74,75,93,121,141,105,117,133,,,,,,250
2010,2010-03-31,13364,133647,東京都,神津島村,village,13364,1985,80,100,94,91,51,68,96,122,97,120,176,208,159,113,100,134,,,,,,176,1001,35,56,51,38,26,31,60,62,45,68,93,125,82,55,48,53,,,,,,73,984,45,44,43,53,25,37,36,60,52,52,83,83,77,58,52,81,,,,,,103
2010,2010-03-31,13381,133817,東京都,三宅島　三宅村,village,13381,2769,73,54,63,94,96,123,113,135,119,147,214,239,277,199,232,257,,,,,,334,1486,37,33,37,41,50,68,66,85,85,92,141,150,168,108,104,110,,,,,,111,1283,36,21,26,53,46,55,47,50,34,55,73,89,109,91,128,147,,,,,,223
2010,2010-03-31,13382,133825,東京都,御蔵島村,village,13382,303,22,18,15,9,13,29,25,19,26,12,25,22,23,16,4,7,,,,,,18,165,15,9,8,5,5,12,13,9,13,6,19,13,15,12,3,1,,,,,,7,138,7,9,7,4,8,17,12,10,13,6,6,9,8,4,1,6,,,,,,11
2010,2010-03-31,13401,134015,東京都,八丈島　八丈町,town,13401,8216,310,306,316,314,139,252,380,513,416,468,528,745,829,668,587,584,,,,,,861,4127,151,164,164,169,75,132,212,266,242,263,304,407,447,343,281,250,,,,,,257,4089,159,142,152,145,64,120,168,247,174,205,224,338,382,325,306,334,,,,,,604
2010,2010-03-31,13402,134023,東京都,青ヶ島村,village,13402,165,6,9,15,1,7,11,9,15,14,16,22,12,10,3,4,5,,,,,,6,100,2,5,11,1,3,8,5,6,5,12,17,9,7,3,1,2,,,,,,3,65,4,4,4,0,4,3,4,9,9,4,5,3,3,0,3,3,,,,,,3
2010,2010-03-31,13421,134210,東京都,小笠原村,village,13421,2417,181,141,102,88,69,148,178,292,240,176,179,173,164,104,65,46,,,,,,71,1346,96,67,55,49,26,70,86,152,133,114,106,123,106,68,43,25,,,,,,27,1071,85,74,47,39,43,78,92,140,107,62,73,50,58,36,22,21,,,,,,44
2010,2010-03-31,14000,140007,神奈川県,,pref,,8885458,389658,401093,405718,399556,473234,564218,659760,787513,712410,592254,505947,566674,652319,572134,448725,342096,,,,,,412149,4476728,199810,205077,207956,205605,248207,296865,344731,409946,377829,313268,262815,287362,322859,277722,215972,154143,,,,,,146561,4408730,189848,196016,197762,193951,225027,267353,315029,377567,334581,278986,243132,279312,329460,294412,232753,187953,,,,,,265588
2010,2010-03-31,14100,141003,神奈川県,横浜市,city_agg,,3620562,158950,164044,166094,160154,190440,227796,266859,324050,300140,250309,209419,226889,258476,224878,181866,141828,,,,,,168370,1818463,81669,83789,84781,82445,99466,118483,138147,166527,158092,131852,108503,115761,128806,108598,86815,63837,,,,,,60892,1802099,77281,80255,81313,77709,90974,109313,128712,157523,142048,118457,100916,111128,129670,116280,95051,77991,,,,,,107478
2010,2010-03-31,14101,141011,神奈川県,横浜市鶴見区,ward,14100,266144,12409,11686,11108,10941,14532,18945,21499,25182,21158,17876,15435,17498,18698,15654,11895,9546,,,,,,12082,138722,6346,5989,5669,5580,7808,10477,11813,13695,11808,9890,8304,9527,9919,7975,5553,4172,,,,,,4197,127422,6063,5697,5439,5361,6724,8468,9686,11487,9350,7986,7131,7971,8779,7679,6342,5374,,,,,,7885
2010,2010-03-31,14102,141020,神奈川県,横浜市神奈川区,ward,14100,224723,9664,8797,8222,8531,13320,17249,18859,21263,18741,15001,12827,13771,15344,12564,10218,8817,,,,,,11535,114578,4996,4482,4210,4403,7289,9385,10019,11078,10215,8146,6773,7245,7900,6061,4709,3692,,,,,,3975,110145,4668,4315,4012,4128,6031,7864,8840,10185,8526,6855,6054,6526,7444,6503,5509,5125,,,,,,7560
2010,2010-03-31,14103,141038,神奈川県,横浜市西区,ward,14100,90830,3746,3185,2827,2927,4623,7223,8372,9468,8048,6148,5285,5303,6016,4760,3957,3719,,,,,,5223,45706,1927,1617,1394,1443,2448,3852,4448,4929,4356,3284,2783,2794,3085,2302,1775,1511,,,,,,1758,45124,1819,1568,1433,1484,2175,3371,3924,4539,3692,2864,2502,2509,2931,2458,2182,2208,,,,,,3465
2010,2010-03-31,14104,141046,神奈川県,横浜市中区,ward,14100,133582,5071,4940,4924,4761,5841,7697,9428,12007,12074,10251,8396,8823,10557,8668,6768,5972,,,,,,7404,70353,2645,2513,2513,2460,2960,4049,4922,6185,6487,5734,4723,5136,6094,4977,3580,2776,,,,,,2599,63229,2426,2427,2411,2301,2881,3648,4506,5822,5587,4517,3673,3687,4463,3691,3188,3196,,,,,,4805
2010,2010-03-31,14105,141054,神奈川県,横浜市南区,ward,14100,193831,6938,7193,7402,7448,9796,12005,13378,16062,14945,13132,11654,13281,15404,13012,11134,9312,,,,,,11735,97785,3550,3680,3717,3827,4877,6250,7041,8536,8046,7061,6196,7112,8096,6331,5212,4042,,,,,,4211,96046,3388,3513,3685,3621,4919,5755,6337,7526,6899,6071,5458,6169,7308,6681,5922,5270,,,,,,7524
2010,2010-03-31,14106,141062,神奈川県,横浜市保土ケ谷区,ward,14100,202251,7596,8547,9145,9183,11232,11964,13613,16474,16112,14237,11939,13011,14683,13051,11351,9217,,,,,,10896,100991,3867,4406,4612,4791,6217,6300,7102,8481,8436,7474,6189,6624,7238,6069,5244,4029,,,,,,3912,101260,3729,4141,4533,4392,5015,5664,6511,7993,7676,6763,5750,6387,7445,6982,6107,5188,,,,,,6984
2010,2010-03-31,14107,141071,神奈川県,横浜市磯子区,ward,14100,162399,6644,6514,6525,7012,8082,10050,11299,13606,11920,10596,9505,10900,12742,11095,9101,7670,,,,,,9138,80437,3441,3291,3271,3673,4264,5297,5809,7112,6236,5458,4831,5464,6287,5277,4049,3336,,,,,,3341,81962,3203,3223,3254,3339,3818,4753,5490,6494,5684,5138,4674,5436,6455,5818,5052,4334,,,,,,5797
2010,2010-03-31,14108,141089,神奈川県,横浜市金沢区,ward,14100,207207,8445,8874,9585,9737,11220,12119,13361,16281,15178,13468,12533,14793,16662,14026,11101,8747,,,,,,11077,102739,4272,4559,4998,5062,5944,6233,6827,8279,7780,6799,6223,7374,8223,6794,5344,3969,,,,,,4059,104468,4173,4315,4587,4675,5276,5886,6534,8002,7398,6669,6310,7419,8439,7232,5757,4778,,,,,,7018
2010,2010-03-31,14109,141097,神奈川県,横浜市港北区,ward,14100,318828,14462,13580,13389,12664,18441,25827,29159,31345,28050,22602,17900,18086,20020,16521,13029,10380,,,,,,13373,160730,7305,6934,6768,6502,9514,13542,15362,16206,14968,11920,9295,9187,9988,7868,6035,4494,,,,,,4842,158098,7157,6646,6621,6162,8927,12285,13797,15139,13082,10682,8605,8899,10032,8653,6994,5886,,,,,,8531
2010,2010-03-31,14110,141101,神奈川県,横浜市戸塚区,ward,14100,271813,13309,13235,12907,12177,13753,16053,20539,24723,22125,17726,14841,17368,19684,17429,14370,10336,,,,,,11238,136137,6873,6785,6627,6242,7177,8236,10564,12805,11680,9322,7564,8562,9568,8284,6926,4812,,,,,,4110,135676,6436,6450,6280,5935,6576,7817,9975,11918,10445,8404,7277,8806,10116,9145,7444,5524,,,,,,7128
2010,2010-03-31,14111,141119,神奈川県,横浜市港南区,ward,14100,220279,8870,9651,10166,9916,11254,12900,14627,18594,17274,14926,12815,14287,16861,15586,12991,9714,,,,,,9847,109173,4571,4895,5195,5048,5789,6715,7449,9535,8876,7681,6500,7099,7999,7246,6282,4552,,,,,,3741,111106,4299,4756,4971,4868,5465,6185,7178,9059,8398,7245,6315,7188,8862,8340,6709,5162,,,,,,6106
2010,2010-03-31,14112,141127,神奈川県,横浜市旭区,ward,14100,251073,9956,10854,11518,11436,12982,14151,16356,20268,19085,16184,14306,16354,18993,17906,15381,11868,,,,,,13475,124167,5098,5553,5912,5799,6689,7140,8373,10412,10032,8369,7257,8121,9272,8309,7330,5371,,,,,,5130,126906,4858,5301,5606,5637,6293,7011,7983,9856,9053,7815,7049,8233,9721,9597,8051,6497,,,,,,8345
2010,2010-03-31,14113,141135,神奈川県,横浜市緑区,ward,14100,174447,8443,8866,8637,8082,9338,10803,12962,16032,14636,11893,9835,10634,12081,10623,8516,6265,,,,,,6801,87226,4376,4481,4368,4100,4771,5452,6700,8274,7766,6203,5035,5351,5866,5084,4108,2846,,,,,,2445,87221,4067,4385,4269,3982,4567,5351,6262,7758,6870,5690,4800,5283,6215,5539,4408,3419,,,,,,4356
2010,2010-03-31,14114,141143,神奈川県,横浜市瀬谷区,ward,14100,126913,5695,6377,6376,6007,6369,7108,8718,11190,9758,7951,6738,7667,8996,8725,7349,5550,,,,,,6339,63129,2936,3225,3308,3094,3310,3730,4512,5760,5135,4125,3466,3810,4207,4147,3515,2526,,,,,,2323,63784,2759,3152,3068,2913,3059,3378,4206,5430,4623,3826,3272,3857,4789,4578,3834,3024,,,,,,4016
2010,2010-03-31,14115,141151,神奈川県,横浜市栄区,ward,14100,125466,5331,5770,5528,5121,5979,6863,8554,11126,9566,7435,6477,7987,10300,10354,7963,5387,,,,,,5725,62205,2733,2993,2867,2590,3055,3472,4328,5655,5075,3831,3180,3830,4694,4952,4090,2660,,,,,,2200,63261,2598,2777,2661,2531,2924,3391,4226,5471,4491,3604,3297,4157,5606,5402,3873,2727,,,,,,3525
2010,2010-03-31,14116,141160,神奈川県,横浜市泉区,ward,14100,154597,6831,7292,7610,7414,7485,8376,10284,13404,12305,10092,8632,9803,11758,10983,8979,6492,,,,,,6857,76871,3574,3716,3851,3833,3770,4146,5354,6805,6419,5184,4402,4877,5709,5282,4367,3069,,,,,,2513,77726,3257,3576,3759,3581,3715,4230,4930,6599,5886,4908,4230,4926,6049,5701,4612,3423,,,,,,4344
2010,2010-03-31,14117,141178,神奈川県,横浜市青葉区,ward,14100,298758,14002,15884,17039,15651,16427,17724,21177,26975,28570,24275,18851,17255,19378,15492,11346,8312,,,,,,10400,147807,7164,8109,8682,8166,8551,8847,10352,12984,14229,12555,9599,8448,9398,7577,5589,3877,,,,,,3680,150951,6838,7775,8357,7485,7876,8877,10825,13991,14341,11720,9252,8807,9980,7915,5757,4435,,,,,,6720
2010,2010-03-31,14118,141186,神奈川県,横浜市都筑区,ward,14100,197421,11538,12799,13186,11146,9766,10739,14674,20050,20595,16516,11450,10068,10299,8429,6417,4524,,,,,,5225,99707,5995,6561,6819,5832,5033,5360,7172,9796,10548,8816,6183,5200,5263,4063,3107,2103,,,,,,1856,97714,5543,6238,6367,5314,4733,5379,7502,10254,10047,7700,5267,4868,5036,4366,3310,2421,,,,,,3369
2010,2010-03-31,14130,141305,神奈川県,川崎市,city_agg,,1373851,66720,60799,58327,57441,80299,107900,123459,135338,117685,94032,75761,79553,86349,72957,57917,45153,,,,,,54161,707339,34228,31084,30011,29511,42557,58155,65788,71908,63886,51088,40457,41794,44173,36072,27377,19959,,,,,,19291,666512,32492,29715,28316,27930,37742,49745,57671,63430,53799,42944,35304,37759,42176,36885,30540,25194,,,,,,34870
2010,2010-03-31,14131,141313,神奈川県,川崎市川崎区,ward,14130,208797,9141,8343,7688,8549,12301,15244,16589,19092,15459,13039,11862,13847,15119,13127,10578,8510,,,,,,10309,113124,4695,4290,3887,4499,6932,8783,9453,11044,8977,7525,6805,8015,8508,7113,5249,3753,,,,,,3596,95673,4446,4053,3801,4050,5369,6461,7136,8048,6482,5514,5057,5832,6611,6014,5329,4757,,,,,,6713
2010,2010-03-31,14132,141321,神奈川県,川崎市幸区,ward,14130,150868,7401,6315,5693,5644,7790,11195,13563,14605,11689,9297,8248,9529,10448,9108,7202,5870,,,,,,7271,77730,3708,3202,2943,2896,4168,6175,7385,7955,6429,5154,4368,4989,5378,4558,3350,2515,,,,,,2557,73138,3693,3113,2750,2748,3622,5020,6178,6650,5260,4143,3880,4540,5070,4550,3852,3355,,,,,,4714
2010,2010-03-31,14133,141330,神奈川県,川崎市中原区,ward,14130,223666,11374,9608,8530,8100,13097,21544,24466,24594,20505,15420,11711,11355,11560,9413,7541,6152,,,,,,8696,115776,5927,4987,4365,4123,6864,11757,13038,12967,11223,8392,6475,6100,5947,4621,3420,2579,,,,,,2991,107890,5447,4621,4165,3977,6233,9787,11428,11627,9282,7028,5236,5255,5613,4792,4121,3573,,,,,,5705
2010,2010-03-31,14134,141348,神奈川県,川崎市高津区,ward,14130,209450,10881,9670,8948,8319,12018,17504,20552,22220,18931,14553,11025,11604,12462,9907,7736,6059,,,,,,7061,106651,5530,4980,4501,4205,6184,9139,10750,11638,10239,7909,5762,6059,6279,4810,3569,2597,,,,,,2500,102799,5351,4690,4447,4114,5834,8365,9802,10582,8692,6644,5263,5545,6183,5097,4167,3462,,,,,,4561
2010,2010-03-31,14135,141356,神奈川県,川崎市多摩区,ward,14130,200823,9090,8252,8470,8887,13994,17871,18204,18991,16914,13952,11046,11298,11887,9961,8228,6283,,,,,,7495,104243,4647,4248,4417,4614,7610,9651,10012,10233,9292,7635,5849,5863,6033,4757,3832,2817,,,,,,2733,96580,4443,4004,4053,4273,6384,8220,8192,8758,7622,6317,5197,5435,5854,5204,4396,3466,,,,,,4762
2010,2010-03-31,14136,141364,神奈川県,川崎市宮前区,ward,14130,215143,11144,10782,11120,10192,11708,14279,17725,21105,20128,15997,11926,12129,13396,11825,9115,6278,,,,,,6294,108186,5763,5442,5850,5181,6049,7437,8983,10716,10471,8425,6172,6028,6532,5599,4385,2880,,,,,,2273,106957,5381,5340,5270,5011,5659,6842,8742,10389,9657,7572,5754,6101,6864,6226,4730,3398,,,,,,4021
2010,2010-03-31,14137,141372,神奈川県,川崎市麻生区,ward,14130,165104,7689,7829,7878,7750,9391,10263,12360,14731,14059,11774,9943,9791,11477,9616,7517,6001,,,,,,7035,81629,3958,3935,4048,3993,4750,5213,6167,7355,7255,6048,5026,4740,5496,4614,3572,2818,,,,,,2641,83475,3731,3894,3830,3757,4641,5050,6193,7376,6804,5726,4917,5051,5981,5002,3945,3183,,,,,,4394
2010,2010-03-31,14201,142018,神奈川県,横須賀市,city,14201,425258,16217,18480,18897,19957,22256,22740,26519,33066,28853,25250,23806,28636,35230,32510,25749,20958,,,,,,26134,212512,8382,9557,9705,10655,12078,12150,13923,17341,15193,13171,12394,14385,17143,15679,12316,9400,,,,,,9040,212746,7835,8923,9192,9302,10178,10590,12596,15725,13660,12079,11412,14251,18087,16831,13433,11558,,,,,,17094
2010,2010-03-31,14203,142034,神奈川県,平塚市,city,14203,257387,10916,11819,11979,12300,13691,15317,17535,20919,19048,16225,15034,18076,20493,17917,13335,10015,,,,,,12768,129791,5585,6052,6121,6386,7251,8196,9126,11021,10147,8498,7836,9159,10194,8779,6516,4418,,,,,,4506,127596,5331,5767,5858,5914,6440,7121,8409,9898,8901,7727,7198,8917,10299,9138,6819,5597,,,,,,8262
2010,2010-03-31,14204,142042,神奈川県,鎌倉市,city,14204,177161,6751,7413,7152,6745,7372,8336,10796,14351,13935,11869,9750,10848,14091,13173,11377,9813,,,,,,13389,84574,3469,3775,3625,3455,3731,4161,5324,6907,7066,6057,4888,5237,6545,5950,5241,4339,,,,,,4804,92587,3282,3638,3527,3290,3641,4175,5472,7444,6869,5812,4862,5611,7546,7223,6136,5474,,,,,,8585
2010,2010-03-31,14205,142051,神奈川県,藤沢市,city,14205,404808,18406,19381,19180,18645,20672,24615,29833,36517,33081,27620,22332,24751,29501,25630,20216,15396,,,,,,19032,201983,9354,9861,9936,9501,11022,13063,15479,18744,17259,14567,11446,12097,14346,12277,9496,6897,,,,,,6638,202825,9052,9520,9244,9144,9650,11552,14354,17773,15822,13053,10886,12654,15155,13353,10720,8499,,,,,,12394
2010,2010-03-31,14206,142069,神奈川県,小田原市,city,14206,197081,7680,8650,9316,9467,9951,10927,12204,14991,14158,12673,11840,13788,15614,13648,11206,9133,,,,,,11835,97048,3905,4425,4801,4830,5048,5466,6317,7699,7408,6572,6010,6934,7860,6501,5146,4028,,,,,,4098,100033,3775,4225,4515,4637,4903,5461,5887,7292,6750,6101,5830,6854,7754,7147,6060,5105,,,,,,7737
2010,2010-03-31,14207,142077,神奈川県,茅ヶ崎市,city,14207,235643,10550,11315,11168,10769,11455,13248,16697,20657,18886,15708,13359,14988,17598,15710,12623,9481,,,,,,11431,116300,5298,5722,5719,5494,5934,6644,8464,10481,9817,8189,6733,7405,8410,7504,6094,4299,,,,,,4093,119343,5252,5593,5449,5275,5521,6604,8233,10176,9069,7519,6626,7583,9188,8206,6529,5182,,,,,,7338
2010,2010-03-31,14208,142085,神奈川県,逗子市,city,14208,60346,2212,2590,2727,2401,2414,2495,3482,4767,4757,4125,3435,3634,4797,4582,3867,3382,,,,,,4679,28660,1073,1337,1394,1243,1253,1223,1689,2284,2345,2103,1696,1785,2239,2086,1731,1488,,,,,,1691,31686,1139,1253,1333,1158,1161,1272,1793,2483,2412,2022,1739,1849,2558,2496,2136,1894,,,,,,2988
2010,2010-03-31,14209,142093,神奈川県,相模原市,city,14209,696994,30544,31514,32953,33990,39422,44673,51782,61594,54974,45457,39241,45710,52626,47752,34777,23654,,,,,,26331,353894,15761,16199,16948,17302,20192,23521,27387,32735,29364,24125,20498,22942,25575,23433,17528,10989,,,,,,9395,343100,14783,15315,16005,16688,19230,21152,24395,28859,25610,21332,18743,22768,27051,24319,17249,12665,,,,,,16936
2010,2010-03-31,14210,142107,神奈川県,三浦市,city,14210,49290,1447,1755,2056,2358,2419,2367,2491,3082,2952,2901,2920,4083,4528,4075,3349,2870,,,,,,3637,24140,700,904,1050,1230,1244,1185,1289,1607,1535,1481,1496,2049,2304,1997,1597,1277,,,,,,1195,25150,747,851,1006,1128,1175,1182,1202,1475,1417,1420,1424,2034,2224,2078,1752,1593,,,,,,2442
2010,2010-03-31,14211,142115,神奈川県,秦野市,city,14211,161986,6560,7092,7499,8022,9268,9794,10964,12610,10996,9747,9646,12280,14415,11671,8104,5827,,,,,,7491,81675,3332,3579,3816,4112,5009,5182,5797,6655,5957,5054,4842,6046,7189,5891,4034,2653,,,,,,2527,80311,3228,3513,3683,3910,4259,4612,5167,5955,5039,4693,4804,6234,7226,5780,4070,3174,,,,,,4964
2010,2010-03-31,14212,142123,神奈川県,厚木市,city,14212,219027,9705,10438,10833,10676,12491,14606,16198,19501,16762,13534,12392,15257,17588,14535,9933,6725,,,,,,7853,113523,5007,5327,5528,5587,6889,8158,8804,10618,9184,7307,6506,7554,8738,7362,5003,3083,,,,,,2868,105504,4698,5111,5305,5089,5602,6448,7394,8883,7578,6227,5886,7703,8850,7173,4930,3642,,,,,,4985
2010,2010-03-31,14213,142131,神奈川県,大和市,city,14213,222640,10232,9859,10322,9940,11310,14535,17582,20917,18424,14699,12351,13830,16366,15271,11097,7435,,,,,,8470,112995,5275,5062,5215,5034,5791,7610,9254,11145,9897,7895,6565,7101,7879,7376,5576,3353,,,,,,2967,109645,4957,4797,5107,4906,5519,6925,8328,9772,8527,6804,5786,6729,8487,7895,5521,4082,,,,,,5503
2010,2010-03-31,14214,142140,神奈川県,伊勢原市,city,14214,97907,4431,4607,4753,4688,5378,6403,7331,8294,7401,6267,5370,6454,7433,6531,4921,3347,,,,,,4298,49765,2264,2356,2480,2441,2760,3368,3873,4395,3970,3346,2780,3262,3667,3230,2438,1600,,,,,,1535,48142,2167,2251,2273,2247,2618,3035,3458,3899,3431,2921,2590,3192,3766,3301,2483,1747,,,,,,2763
2010,2010-03-31,14215,142158,神奈川県,海老名市,city,14215,126072,5903,6292,5956,5690,6366,7886,9778,11687,10006,7957,7017,8579,9949,8562,6169,3945,,,,,,4330,64052,3018,3209,3064,2942,3413,4093,5094,6083,5378,4211,3573,4275,4908,4254,3155,1864,,,,,,1518,62020,2885,3083,2892,2748,2953,3793,4684,5604,4628,3746,3444,4304,5041,4308,3014,2081,,,,,,2812
2010,2010-03-31,14216,142166,神奈川県,座間市,city,14216,127643,5505,5502,6172,6203,6868,7821,9306,11531,10407,8558,7351,8378,9803,8790,6606,4351,,,,,,4491,65062,2855,2868,3260,3164,3557,4143,4925,6134,5602,4519,3849,4271,4798,4208,3321,2062,,,,,,1526,62581,2650,2634,2912,3039,3311,3678,4381,5397,4805,4039,3502,4107,5005,4582,3285,2289,,,,,,2965
2010,2010-03-31,14217,142174,神奈川県,南足柄市,city,14217,44439,1767,2043,2273,2164,2029,2513,2797,3368,3048,2610,2489,3155,3689,3359,2708,2045,,,,,,2382,22153,903,1061,1189,1081,1064,1427,1462,1781,1547,1338,1300,1530,1777,1600,1332,941,,,,,,820,22286,864,982,1084,1083,965,1086,1335,1587,1501,1272,1189,1625,1912,1759,1376,1104,,,,,,1562
2010,2010-03-31,14218,142182,神奈川県,綾瀬市,city,14218,81486,3812,4019,3927,3716,4081,4752,5896,7375,6043,4498,4206,5386,6948,6644,4621,2747,,,,,,2815,41648,1944,1998,2002,1926,2179,2525,3145,3916,3324,2501,2185,2685,3288,3267,2475,1320,,,,,,968,39838,1868,2021,1925,1790,1902,2227,2751,3459,2719,1997,2021,2701,3660,3377,2146,1427,,,,,,1847
2010,2010-03-31,14300,143006,神奈川県,三浦郡,gun_agg,,33508,1345,1639,1552,1353,1209,1297,1813,2753,2773,2173,1806,2094,2837,2701,2110,1640,,,,,,2413,15883,684,824,801,682,607,604,843,1297,1348,1118,916,1001,1268,1274,1012,781,,,,,,823,17625,661,815,751,671,602,693,970,1456,1425,1055,890,1093,1569,1427,1098,859,,,,,,1590
2010,2010-03-31,14301,143014,神奈川県,三浦郡葉山町,town,14301,33508,1345,1639,1552,1353,1209,1297,1813,2753,2773,2173,1806,2094,2837,2701,2110,1640,,,,,,2413,15883,684,824,801,682,607,604,843,1297,1348,1118,916,1001,1268,1274,1012,781,,,,,,823,17625,661,815,751,671,602,693,970,1456,1425,1055,890,1093,1569,1427,1098,859,,,,,,1590
2010,2010-03-31,14320,143201,神奈川県,高座郡,gun_agg,,47581,2097,2395,2186,2424,2678,2866,3534,3984,3179,2822,2715,3459,3874,3449,2451,1645,,,,,,1823,24268,1099,1222,1125,1236,1430,1529,1832,2181,1689,1472,1375,1737,1909,1742,1281,777,,,,,,632,23313,998,1173,1061,1188,1248,1337,1702,1803,1490,1350,1340,1722,1965,1707,1170,868,,,,,,1191
2010,2010-03-31,14321,143219,神奈川県,高座郡寒川町,town,14321,47581,2097,2395,2186,2424,2678,2866,3534,3984,3179,2822,2715,3459,3874,3449,2451,1645,,,,,,1823,24268,1099,1222,1125,1236,1430,1529,1832,2181,1689,1472,1375,1737,1909,1742,1281,777,,,,,,632,23313,998,1173,1061,1188,1248,1337,1702,1803,1490,1350,1340,1722,1965,1707,1170,868,,,,,,1191
2010,2010-03-31,14340,143405,神奈川県,中郡,gun_agg,,63700,2185,2630,2894,2857,2942,3061,3588,4520,4394,3941,3770,4465,5709,5159,4140,3195,,,,,,4250,31152,1109,1339,1474,1470,1462,1592,1874,2267,2296,2023,1841,2179,2762,2536,1988,1472,,,,,,1468,32548,1076,1291,1420,1387,1480,1469,1714,2253,2098,1918,1929,2286,2947,2623,2152,1723,,,,,,2782
2010,2010-03-31,14341,143413,神奈川県,中郡大磯町,town,14341,33513,1172,1419,1475,1404,1554,1640,1905,2459,2310,1998,1948,2428,3092,2669,2139,1628,,,,,,2273,16401,594,727,748,727,762,857,986,1245,1217,1053,930,1183,1507,1326,1016,744,,,,,,779,17112,578,692,727,677,792,783,919,1214,1093,945,1018,1245,1585,1343,1123,884,,,,,,1494
2010,2010-03-31,14342,143421,神奈川県,中郡二宮町,town,14342,30187,1013,1211,1419,1453,1388,1421,1683,2061,2084,1943,1822,2037,2617,2490,2001,1567,,,,,,1977,14751,515,612,726,743,700,735,888,1022,1079,970,911,996,1255,1210,972,728,,,,,,689,15436,498,599,693,710,688,686,795,1039,1005,973,911,1041,1362,1280,1029,839,,,,,,1288
2010,2010-03-31,14360,143600,神奈川県,足柄上郡,gun_agg,,68122,2756,3266,3392,3185,3338,3675,4361,5265,4643,3969,3991,4995,5716,4885,3712,3004,,,,,,3969,33875,1414,1673,1787,1638,1740,1940,2266,2741,2437,2034,2058,2446,2831,2356,1768,1356,,,,,,1390,34247,1342,1593,1605,1547,1598,1735,2095,2524,2206,1935,1933,2549,2885,2529,1944,1648,,,,,,2579
2010,2010-03-31,14361,143618,神奈川県,足柄上郡中井町,town,14361,9956,361,457,472,419,504,542,652,739,625,501,595,813,975,785,528,400,,,,,,588,5006,165,253,254,209,257,308,350,393,342,249,304,370,510,391,256,197,,,,,,198,4950,196,204,218,210,247,234,302,346,283,252,291,443,465,394,272,203,,,,,,390
2010,2010-03-31,14362,143626,神奈川県,足柄上郡大井町,town,14362,17997,878,1053,1018,843,798,1052,1345,1609,1288,1053,902,1167,1462,1246,853,632,,,,,,798,9043,466,532,545,448,395,546,698,818,685,544,484,560,711,612,411,304,,,,,,284,8954,412,521,473,395,403,506,647,791,603,509,418,607,751,634,442,328,,,,,,514
2010,2010-03-31,14363,143634,神奈川県,足柄上郡松田町,town,14363,11946,355,439,526,556,659,616,638,808,785,747,759,922,1000,901,761,633,,,,,,841,5906,177,228,286,276,352,336,330,438,395,385,385,482,483,421,348,275,,,,,,309,6040,178,211,240,280,307,280,308,370,390,362,374,440,517,480,413,358,,,,,,532
2010,2010-03-31,14364,143642,神奈川県,足柄上郡山北町,town,14364,12177,325,405,520,620,659,593,584,679,651,686,857,1061,1129,853,762,737,,,,,,1056,5954,177,219,259,310,345,318,305,346,338,346,440,540,576,411,354,314,,,,,,356,6223,148,186,261,310,314,275,279,333,313,340,417,521,553,442,408,423,,,,,,700
2010,2010-03-31,14366,143669,神奈川県,足柄上郡開成町,town,14366,16046,837,912,856,747,718,872,1142,1430,1294,982,878,1032,1150,1100,808,602,,,,,,686,7966,429,441,443,395,391,432,583,746,677,510,445,494,551,521,399,266,,,,,,243,8080,408,471,413,352,327,440,559,684,617,472,433,538,599,579,409,336,,,,,,443
2010,2010-03-31,14380,143804,神奈川県,足柄下郡,gun_agg,,48869,1326,1625,1956,2124,2402,2128,2270,3027,2940,2814,3014,3696,4681,4462,3545,2949,,,,,,3910,22993,664,835,1002,1058,1173,1089,1175,1606,1468,1438,1499,1782,2194,2064,1548,1203,,,,,,1195,25876,662,790,954,1066,1229,1039,1095,1421,1472,1376,1515,1914,2487,2398,1997,1746,,,,,,2715
2010,2010-03-31,14382,143821,神奈川県,足柄下郡箱根町,town,14382,13007,328,400,452,524,879,673,624,804,726,674,805,1037,1359,1131,875,730,,,,,,986,6213,161,206,246,262,406,365,353,436,380,346,398,518,644,543,370,307,,,,,,272,6794,167,194,206,262,473,308,271,368,346,328,407,519,715,588,505,423,,,,,,714
2010,2010-03-31,14383,143839,神奈川県,足柄下郡真鶴町,town,14383,8526,176,256,333,383,391,354,331,472,521,536,573,668,800,813,624,579,,,,,,716,4028,82,136,147,203,190,195,172,246,250,253,281,349,383,385,284,240,,,,,,232,4498,94,120,186,180,201,159,159,226,271,283,292,319,417,428,340,339,,,,,,484
2010,2010-03-31,14384,143847,神奈川県,足柄下郡湯河原町,town,14384,27336,822,969,1171,1217,1132,1101,1315,1751,1693,1604,1636,1991,2522,2518,2046,1640,,,,,,2208,12752,421,493,609,593,577,529,650,924,838,839,820,915,1167,1136,894,656,,,,,,691,14584,401,476,562,624,555,572,665,827,855,765,816,1076,1355,1382,1152,984,,,,,,1517
2010,2010-03-31,14400,144002,神奈川県,愛甲郡,gun_agg,,44097,1641,1926,2154,2287,2483,2467,2685,3349,2925,2496,2932,3690,4008,3283,2326,1558,,,,,,1887,22980,818,1019,1122,1182,1357,1358,1454,1873,1620,1309,1569,1945,2056,1686,1184,747,,,,,,681,21117,823,907,1032,1105,1126,1109,1231,1476,1305,1187,1363,1745,1952,1597,1142,811,,,,,,1206
2010,2010-03-31,14401,144011,神奈川県,愛甲郡愛川町,town,14401,40780,1520,1805,2023,2138,2275,2299,2495,3106,2728,2319,2680,3382,3699,3036,2156,1416,,,,,,1703,21264,759,949,1047,1109,1242,1265,1352,1739,1513,1225,1429,1782,1896,1563,1099,673,,,,,,622,19516,761,856,976,1029,1033,1034,1143,1367,1215,1094,1251,1600,1803,1473,1057,743,,,,,,1081
2010,2010-03-31,14402,144029,神奈川県,愛甲郡清川村,village,14402,3317,121,121,131,149,208,168,190,243,197,177,252,308,309,247,170,142,,,,,,184,1716,59,70,75,73,115,93,102,134,107,84,140,163,160,123,85,74,,,,,,59,1601,62,51,56,76,93,75,88,109,90,93,112,145,149,124,85,68,,,,,,125
2010,2010-03-31,15000,150002,新潟県,,pref,,2391091,92135,101902,112207,118209,115855,122668,144815,157615,143785,141246,152406,182722,185677,150332,139491,130357,,,,,,199669,1160033,47344,52131,57438,60450,59872,63115,74647,80830,73245,71672,77340,91763,93341,72135,63769,55356,,,,,,65585,1231058,44791,49771,54769,57759,55983,59553,70168,76785,70540,69574,75066,90959,92336,78197,75722,75001,,,,,,134084
2010,2010-03-31,15100,151009,新潟県,新潟市,city_agg,,803421,32635,34718,37203,39007,41688,44993,54035,59620,52821,49231,50190,59369,62549,49645,43190,37839,,,,,,54688,387189,16686,17793,19090,19814,21012,22452,27298,30014,26407,24479,24985,29211,30616,23701,19701,16002,,,,,,17928,416232,15949,16925,18113,19193,20676,22541,26737,29606,26414,24752,25205,30158,31933,25944,23489,21837,,,,,,36760
2010,2010-03-31,15101,151017,新潟県,新潟市北区,ward,15100,77739,3139,3390,3787,4362,4204,4169,4940,5249,4711,4651,4959,6386,6574,4871,4134,3391,,,,,,4822,37893,1696,1730,1993,2227,2100,2084,2563,2674,2341,2339,2477,3186,3258,2409,1950,1403,,,,,,1463,39846,1443,1660,1794,2135,2104,2085,2377,2575,2370,2312,2482,3200,3316,2462,2184,1988,,,,,,3359
2010,2010-03-31,15102,151025,新潟県,新潟市東区,ward,15100,138974,5895,6173,6577,6721,6819,8109,9770,11225,9584,8170,8141,10035,10827,8974,7564,6224,,,,,,8166,67382,3019,3175,3333,3431,3409,4020,4910,5755,4867,4132,4010,4863,5292,4283,3442,2716,,,,,,2725,71592,2876,2998,3244,3290,3410,4089,4860,5470,4717,4038,4131,5172,5535,4691,4122,3508,,,,,,5441
2010,2010-03-31,15103,151033,新潟県,新潟市中央区,ward,15100,172820,6972,7002,7320,7542,8925,10384,12404,14078,12792,11461,10421,11352,12844,10419,8902,8164,,,,,,11838,81971,3571,3581,3832,3809,4384,5113,6109,6941,6333,5677,5178,5503,6041,4768,3852,3401,,,,,,3878,90849,3401,3421,3488,3733,4541,5271,6295,7137,6459,5784,5243,5849,6803,5651,5050,4763,,,,,,7960
2010,2010-03-31,15104,151041,新潟県,新潟市江南区,ward,15100,69499,3092,3204,3337,3251,3521,3821,5080,5199,4253,3868,4328,5353,5578,4335,3571,3030,,,,,,4678,33717,1585,1649,1697,1629,1770,1875,2614,2656,2147,1924,2145,2652,2812,2116,1703,1275,,,,,,1468,35782,1507,1555,1640,1622,1751,1946,2466,2543,2106,1944,2183,2701,2766,2219,1868,1755,,,,,,3210
2010,2010-03-31,15105,151050,新潟県,新潟市秋葉区,ward,15100,78663,3108,3524,3635,3804,3834,4001,4941,5325,4682,4581,4994,6070,6102,4894,4530,4126,,,,,,6512,37749,1575,1790,1845,1913,1909,2013,2499,2656,2371,2241,2526,3061,3013,2325,2073,1700,,,,,,2239,40914,1533,1734,1790,1891,1925,1988,2442,2669,2311,2340,2468,3009,3089,2569,2457,2426,,,,,,4273
2010,2010-03-31,15106,151068,新潟県,新潟市南区,ward,15100,47603,1822,1971,2325,2690,2667,2687,3004,2979,2929,3081,3409,3718,3487,2447,2527,2270,,,,,,3590,23265,911,995,1157,1410,1352,1433,1547,1528,1499,1512,1736,1922,1790,1221,1153,943,,,,,,1156,24338,911,976,1168,1280,1315,1254,1457,1451,1430,1569,1673,1796,1697,1226,1374,1327,,,,,,2434
2010,2010-03-31,15107,151076,新潟県,新潟市西区,ward,15100,155809,6520,6893,7155,7342,8354,8583,10531,11733,10253,9524,9514,11386,12201,10108,8377,7364,,,,,,9971,75152,3243,3558,3663,3741,4394,4275,5318,5861,5097,4692,4648,5450,5874,4830,3911,3202,,,,,,3395,80657,3277,3335,3492,3601,3960,4308,5213,5872,5156,4832,4866,5936,6327,5278,4466,4162,,,,,,6576
2010,2010-03-31,15108,151084,新潟県,新潟市西蒲区,ward,15100,62314,2087,2561,3067,3295,3364,3239,3365,3832,3617,3895,4424,5069,4936,3597,3585,3270,,,,,,5111,30060,1086,1315,1570,1654,1694,1639,1738,1943,1752,1962,2265,2574,2536,1749,1617,1362,,,,,,1604,32254,1001,1246,1497,1641,1670,1600,1627,1889,1865,1933,2159,2495,2400,1848,1968,1908,,,,,,3507
2010,2010-03-31,15202,152021,新潟県,長岡市,city,15202,283631,11616,12511,13523,13833,13996,15039,17738,19372,17176,16610,17729,21560,21518,17447,15959,14761,,,,,,23243,138531,5933,6336,6865,7089,7378,7827,9212,10088,8834,8387,8956,10750,10848,8407,7364,6279,,,,,,7978,145100,5683,6175,6658,6744,6618,7212,8526,9284,8342,8223,8773,10810,10670,9040,8595,8482,,,,,,15265
2010,2010-03-31,15204,152048,新潟県,三条市,city,15204,104877,4046,4496,5105,5300,5149,5355,6397,7024,6300,6299,6701,8040,8130,6694,6369,5571,,,,,,7901,51006,2029,2313,2581,2721,2645,2736,3253,3591,3208,3155,3400,4006,4125,3172,2973,2424,,,,,,2674,53871,2017,2183,2524,2579,2504,2619,3144,3433,3092,3144,3301,4034,4005,3522,3396,3147,,,,,,5227
2010,2010-03-31,15205,152056,新潟県,柏崎市,city,15205,91577,3340,3768,4114,4403,4279,4507,5213,5827,5251,5679,6051,7071,7177,5795,5344,5299,,,,,,8459,45175,1728,1969,2118,2268,2345,2515,2792,3022,2769,2924,3166,3634,3674,2833,2404,2191,,,,,,2823,46402,1612,1799,1996,2135,1934,1992,2421,2805,2482,2755,2885,3437,3503,2962,2940,3108,,,,,,5636
2010,2010-03-31,15206,152064,新潟県,新発田市,city,15206,102994,3801,4219,4727,5357,5511,5503,6035,6305,5867,6204,7003,8130,7906,6042,6004,5961,,,,,,8419,49914,1959,2116,2436,2780,2878,2867,3178,3281,3015,3119,3592,4027,4029,2827,2643,2465,,,,,,2702,53080,1842,2103,2291,2577,2633,2636,2857,3024,2852,3085,3411,4103,3877,3215,3361,3496,,,,,,5717
2010,2010-03-31,15208,152081,新潟県,小千谷市,city,15208,39444,1589,1639,1895,1870,1854,2021,2299,2417,2312,2070,2432,3062,3100,2533,2360,2245,,,,,,3746,19443,818,852,1002,969,980,1027,1231,1288,1239,1072,1208,1570,1576,1213,1115,1049,,,,,,1234,20001,771,787,893,901,874,994,1068,1129,1073,998,1224,1492,1524,1320,1245,1196,,,,,,2512
2010,2010-03-31,15209,152099,新潟県,加茂市,city,15209,30859,956,1185,1429,1525,1440,1467,1657,1800,1722,1821,2123,2427,2516,2104,1977,1876,,,,,,2834,14907,494,605,742,807,740,760,862,913,878,920,1083,1253,1257,1014,876,815,,,,,,888,15952,462,580,687,718,700,707,795,887,844,901,1040,1174,1259,1090,1101,1061,,,,,,1946
2010,2010-03-31,15210,152102,新潟県,十日町市,city,15210,60418,2130,2425,2767,2937,2312,2407,3034,3339,3147,3151,3874,4988,4753,4234,4086,4073,,,,,,6761,29569,1093,1276,1392,1506,1210,1289,1612,1759,1671,1650,2015,2547,2419,2093,1905,1832,,,,,,2300,30849,1037,1149,1375,1431,1102,1118,1422,1580,1476,1501,1859,2441,2334,2141,2181,2241,,,,,,4461
2010,2010-03-31,15211,152111,新潟県,見附市,city,15211,42784,1582,1834,1970,2213,2148,2110,2536,2756,2530,2636,2867,3236,3372,2736,2625,2292,,,,,,3341,20747,803,957,989,1096,1095,1082,1284,1418,1256,1343,1450,1594,1712,1307,1207,1028,,,,,,1126,22037,779,877,981,1117,1053,1028,1252,1338,1274,1293,1417,1642,1660,1429,1418,1264,,,,,,2215
2010,2010-03-31,15212,152129,新潟県,村上市,city,15212,68325,2131,2717,3196,3429,2864,2851,3418,3743,3738,3824,4289,5474,5594,4707,4680,4685,,,,,,6985,32723,1111,1411,1651,1733,1491,1510,1803,1931,1870,1999,2196,2731,2817,2218,2107,1913,,,,,,2231,35602,1020,1306,1545,1696,1373,1341,1615,1812,1868,1825,2093,2743,2777,2489,2573,2772,,,,,,4754
2010,2010-03-31,15213,152137,新潟県,燕市,city,15213,83539,3320,3671,4059,4286,3954,4245,5241,5940,5443,5069,5120,6167,6414,5532,5221,4020,,,,,,5837,40875,1713,1875,2088,2199,2026,2134,2697,3049,2766,2636,2670,3091,3123,2681,2468,1724,,,,,,1935,42664,1607,1796,1971,2087,1928,2111,2544,2891,2677,2433,2450,3076,3291,2851,2753,2296,,,,,,3902
2010,2010-03-31,15216,152161,新潟県,糸魚川市,city,15216,48426,1695,1881,2071,2153,1832,1974,2377,2698,2644,2505,3005,3710,4011,3558,3532,3349,,,,,,5431,23455,891,940,1081,1137,997,1047,1277,1405,1374,1334,1556,1889,1976,1732,1632,1412,,,,,,1775,24971,804,941,990,1016,835,927,1100,1293,1270,1171,1449,1821,2035,1826,1900,1937,,,,,,3656
2010,2010-03-31,15217,152170,新潟県,妙高市,city,15217,36560,1245,1486,1733,1938,1665,1568,1872,2066,2078,2314,2328,2776,2858,2304,2294,2359,,,,,,3676,17775,636,766,920,1020,826,827,995,1078,1064,1209,1190,1406,1490,1114,1033,1006,,,,,,1195,18785,609,720,813,918,839,741,877,988,1014,1105,1138,1370,1368,1190,1261,1353,,,,,,2481
2010,2010-03-31,15218,152188,新潟県,五泉市,city,15218,56239,1856,2350,2555,2797,2704,2898,3189,3304,3180,3266,3532,4429,4585,3582,3541,3277,,,,,,5194,26976,959,1158,1303,1408,1359,1497,1662,1738,1647,1675,1779,2224,2329,1689,1563,1349,,,,,,1637,29263,897,1192,1252,1389,1345,1401,1527,1566,1533,1591,1753,2205,2256,1893,1978,1928,,,,,,3557
2010,2010-03-31,15222,152226,新潟県,上越市,city,15222,205708,8533,9473,10209,10270,9599,10273,12232,13383,12220,11843,12933,15485,15904,12785,11598,11222,,,,,,17746,100305,4350,4902,5216,5229,5047,5401,6360,6932,6333,6012,6607,7827,8163,6186,5292,4793,,,,,,5655,105403,4183,4571,4993,5041,4552,4872,5872,6451,5887,5831,6326,7658,7741,6599,6306,6429,,,,,,12091
2010,2010-03-31,15223,152234,新潟県,阿賀野市,city,15223,46608,1650,1966,2286,2454,2456,2483,2752,2675,2481,2779,3236,3966,3461,2588,2577,2592,,,,,,4206,22553,889,1006,1167,1270,1220,1281,1465,1382,1256,1395,1635,2071,1766,1270,1158,1057,,,,,,1265,24055,761,960,1119,1184,1236,1202,1287,1293,1225,1384,1601,1895,1695,1318,1419,1535,,,,,,2941
2010,2010-03-31,15224,152242,新潟県,佐渡市,city,15224,64358,2127,2318,2743,2876,2306,2476,2905,2947,3022,3449,3999,4587,5270,4472,4868,5435,,,,,,8558,30756,1146,1173,1363,1467,1191,1339,1495,1551,1583,1827,2083,2424,2746,2110,2137,2313,,,,,,2808,33602,981,1145,1380,1409,1115,1137,1410,1396,1439,1622,1916,2163,2524,2362,2731,3122,,,,,,5750
2010,2010-03-31,15225,152251,新潟県,魚沼市,city,15225,41634,1460,1794,2031,2112,1826,1944,2170,2182,2210,2321,2982,3518,2996,2556,2521,2518,,,,,,4493,20350,761,866,1036,1111,968,1005,1166,1096,1127,1228,1539,1827,1621,1213,1203,1090,,,,,,1493,21284,699,928,995,1001,858,939,1004,1086,1083,1093,1443,1691,1375,1343,1318,1428,,,,,,3000
2010,2010-03-31,15226,152269,新潟県,南魚沼市,city,15226,61188,2469,2699,3185,3291,2773,3185,3559,3536,3193,3469,4150,5189,4453,3392,3262,3411,,,,,,5972,29980,1276,1407,1617,1661,1478,1672,1797,1800,1602,1788,2117,2699,2303,1682,1559,1460,,,,,,2062,31208,1193,1292,1568,1630,1295,1513,1762,1736,1591,1681,2033,2490,2150,1710,1703,1951,,,,,,3910
2010,2010-03-31,15227,152277,新潟県,胎内市,city,15227,32040,1123,1311,1447,1614,1596,1561,1772,1893,1766,1841,2168,2614,2587,2131,1852,1885,,,,,,2879,15586,597,634,758,833,827,816,908,1001,889,926,1112,1334,1338,1072,864,796,,,,,,881,16454,526,677,689,781,769,745,864,892,877,915,1056,1280,1249,1059,988,1089,,,,,,1998
2010,2010-03-31,15300,153001,新潟県,北蒲原郡,gun_agg,,14056,677,697,772,941,810,788,881,961,912,827,902,1023,968,720,653,603,,,,,,921,7026,357,373,392,518,462,405,466,473,496,444,466,536,488,340,299,233,,,,,,278,7030,320,324,380,423,348,383,415,488,416,383,436,487,480,380,354,370,,,,,,643
2010,2010-03-31,15307,153079,新潟県,北蒲原郡聖籠町,town,15307,14056,677,697,772,941,810,788,881,961,912,827,902,1023,968,720,653,603,,,,,,921,7026,357,373,392,518,462,405,466,473,496,444,466,536,488,340,299,233,,,,,,278,7030,320,324,380,423,348,383,415,488,416,383,436,487,480,380,354,370,,,,,,643
2010,2010-03-31,15340,153401,新潟県,西蒲原郡,gun_agg,,8796,369,433,414,438,405,464,572,639,530,506,543,715,708,512,469,424,,,,,,655,4259,192,204,190,234,210,250,293,322,283,265,271,353,355,236,224,165,,,,,,212,4537,177,229,224,204,195,214,279,317,247,241,272,362,353,276,245,259,,,,,,443
2010,2010-03-31,15342,153427,新潟県,西蒲原郡弥彦村,village,15342,8796,369,433,414,438,405,464,572,639,530,506,543,715,708,512,469,424,,,,,,655,4259,192,204,190,234,210,250,293,322,283,265,271,353,355,236,224,165,,,,,,212,4537,177,229,224,204,195,214,279,317,247,241,272,362,353,276,245,259,,,,,,443
2010,2010-03-31,15360,153605,新潟県,南蒲原郡,gun_agg,,13011,381,517,631,728,640,573,730,797,761,728,863,1134,1151,881,746,677,,,,,,1073,6313,199,272,318,344,335,297,379,415,379,361,443,577,577,436,347,286,,,,,,348,6698,182,245,313,384,305,276,351,382,382,367,420,557,574,445,399,391,,,,,,725
2010,2010-03-31,15361,153613,新潟県,南蒲原郡田上町,town,15361,13011,381,517,631,728,640,573,730,797,761,728,863,1134,1151,881,746,677,,,,,,1073,6313,199,272,318,344,335,297,379,415,379,361,443,577,577,436,347,286,,,,,,348,6698,182,245,313,384,305,276,351,382,382,367,420,557,574,445,399,391,,,,,,725
2010,2010-03-31,15380,153800,新潟県,東蒲原郡,gun_agg,,13950,311,484,551,541,503,461,571,580,641,748,827,1061,1042,1014,1308,1293,,,,,,2014,6715,166,252,283,276,290,249,288,302,328,445,462,586,565,445,589,538,,,,,,651,7235,145,232,268,265,213,212,283,278,313,303,365,475,477,569,719,755,,,,,,1363
2010,2010-03-31,15385,153851,新潟県,東蒲原郡阿賀町,town,15385,13950,311,484,551,541,503,461,571,580,641,748,827,1061,1042,1014,1308,1293,,,,,,2014,6715,166,252,283,276,290,249,288,302,328,445,462,586,565,445,589,538,,,,,,651,7235,145,232,268,265,213,212,283,278,313,303,365,475,477,569,719,755,,,,,,1363
2010,2010-03-31,15400,154008,新潟県,三島郡,gun_agg,,5168,152,161,181,253,238,207,218,216,249,300,316,387,411,330,359,431,,,,,,759,2444,80,90,86,116,129,109,121,114,128,156,178,198,221,167,146,176,,,,,,229,2724,72,71,95,137,109,98,97,102,121,144,138,189,190,163,213,255,,,,,,530
2010,2010-03-31,15405,154059,新潟県,三島郡出雲崎町,town,15405,5168,152,161,181,253,238,207,218,216,249,300,316,387,411,330,359,431,,,,,,759,2444,80,90,86,116,129,109,121,114,128,156,178,198,221,167,146,176,,,,,,229,2724,72,71,95,137,109,98,97,102,121,144,138,189,190,163,213,255,,,,,,530
2010,2010-03-31,15460,154601,新潟県,南魚沼郡,gun_agg,,8348,265,300,387,447,326,348,446,499,496,476,556,687,661,594,536,538,,,,,,786,4158,138,147,200,221,173,182,227,280,262,245,300,367,359,287,256,239,,,,,,275,4190,127,153,187,226,153,166,219,219,234,231,256,320,302,307,280,299,,,,,,511
2010,2010-03-31,15461,154610,新潟県,南魚沼郡湯沢町,town,15461,8348,265,300,387,447,326,348,446,499,496,476,556,687,661,594,536,538,,,,,,786,4158,138,147,200,221,173,182,227,280,262,245,300,367,359,287,256,239,,,,,,275,4190,127,153,187,226,153,166,219,219,234,231,256,320,302,307,280,299,,,,,,511
2010,2010-03-31,15480,154806,新潟県,中魚沼郡,gun_agg,,11154,302,405,500,568,451,424,418,502,541,580,838,917,700,686,739,841,,,,,,1742,5451,147,220,260,305,263,241,222,275,278,326,424,509,375,336,347,351,,,,,,572,5703,155,185,240,263,188,183,196,227,263,254,414,408,325,350,392,490,,,,,,1170
2010,2010-03-31,15482,154822,新潟県,中魚沼郡津南町,town,15482,11154,302,405,500,568,451,424,418,502,541,580,838,917,700,686,739,841,,,,,,1742,5451,147,220,260,305,263,241,222,275,278,326,424,509,375,336,347,351,,,,,,572,5703,155,185,240,263,188,183,196,227,263,254,414,408,325,350,392,490,,,,,,1170
2010,2010-03-31,15500,155004,新潟県,刈羽郡,gun_agg,,4892,183,203,211,261,232,266,255,281,237,291,359,432,369,291,295,277,,,,,,449,2469,92,100,124,140,130,146,146,158,122,151,184,219,208,135,143,119,,,,,,152,2423,91,103,87,121,102,120,109,123,115,140,175,213,161,156,152,158,,,,,,297
2010,2010-03-31,15504,155047,新潟県,刈羽郡刈羽村,village,15504,4892,183,203,211,261,232,266,255,281,237,291,359,432,369,291,295,277,,,,,,449,2469,92,100,124,140,130,146,146,158,122,151,184,219,208,135,143,119,,,,,,152,2423,91,103,87,121,102,120,109,123,115,140,175,213,161,156,152,158,,,,,,297
2010,2010-03-31,15580,155802,新潟県,岩船郡,gun_agg,,7086,191,241,312,367,298,277,293,313,317,409,490,568,513,467,526,603,,,,,,901,3383,101,118,170,178,167,152,158,154,181,201,273,303,265,219,214,251,,,,,,278,3703,90,123,142,189,131,125,135,159,136,208,217,265,248,248,312,352,,,,,,623
2010,2010-03-31,15581,155811,新潟県,岩船郡関川村,village,15581,6741,187,237,302,349,290,273,283,310,305,391,464,530,495,433,488,560,,,,,,844,3220,100,116,162,172,162,149,152,152,172,191,259,279,255,204,200,232,,,,,,263,3521,87,121,140,177,128,124,131,158,133,200,205,251,240,229,288,328,,,,,,581
2010,2010-03-31,15586,155861,新潟県,岩船郡粟島浦村,village,15586,345,4,4,10,18,8,4,10,3,12,18,26,38,18,34,38,43,,,,,,57,163,1,2,8,6,5,3,6,2,9,10,14,24,10,15,14,19,,,,,,15,182,3,2,2,12,3,1,4,1,3,8,12,14,8,19,24,24,,,,,,42
2010,2010-03-31,16000,160008,富山県,,pref,,1097736,43530,48923,50988,50104,50290,54709,67624,81583,67757,63044,64074,78035,93297,76947,62076,58220,,,,,,86535,529963,22431,25140,26104,25512,25886,28520,35231,42034,34381,31529,31693,38366,45918,36493,27885,24242,,,,,,28598,567773,21099,23783,24884,24592,24404,26189,32393,39549,33376,31515,32381,39669,47379,40454,34191,33978,,,,,,57937
2010,2010-03-31,16201,162019,富山県,富山市,city,16201,417322,17741,19250,19588,19169,19788,21904,27360,32857,27248,24645,23999,28834,33906,28836,22749,20294,,,,,,29154,202240,9086,9891,10056,9737,10227,11377,14217,16787,13899,12383,11809,14206,16476,13592,10357,8468,,,,,,9672,215082,8655,9359,9532,9432,9561,10527,13143,16070,13349,12262,12190,14628,17430,15244,12392,11826,,,,,,19482
2010,2010-03-31,16202,162027,富山県,高岡市,city,16202,178047,6564,7356,7999,7960,7872,8740,10538,13105,10958,10124,10320,12743,16155,13329,10471,9540,,,,,,14273,85708,3419,3816,4075,4020,3973,4514,5482,6908,5538,5052,5066,6151,7980,6319,4722,3995,,,,,,4678,92339,3145,3540,3924,3940,3899,4226,5056,6197,5420,5072,5254,6592,8175,7010,5749,5545,,,,,,9595
2010,2010-03-31,16204,162043,富山県,魚津市,city,16204,45164,1738,1982,2017,2041,1991,2160,2729,3386,2877,2447,2467,3146,3954,3322,2742,2521,,,,,,3644,21885,890,1034,1063,1043,1056,1123,1447,1788,1484,1250,1237,1564,1916,1572,1229,1073,,,,,,1116,23279,848,948,954,998,935,1037,1282,1598,1393,1197,1230,1582,2038,1750,1513,1448,,,,,,2528
2010,2010-03-31,16205,162051,富山県,氷見市,city,16205,53475,1657,2081,2266,2321,2365,2381,2832,3402,2874,2870,3340,4100,5003,3776,3373,3541,,,,,,5293,25561,831,1091,1133,1174,1282,1237,1521,1783,1452,1351,1693,1993,2551,1740,1469,1448,,,,,,1812,27914,826,990,1133,1147,1083,1144,1311,1619,1422,1519,1647,2107,2452,2036,1904,2093,,,,,,3481
2010,2010-03-31,16206,162060,富山県,滑川市,city,16206,33912,1451,1657,1744,1597,1500,1750,2147,2648,2273,1967,1905,2296,2708,2331,1823,1647,,,,,,2468,16365,742,847,922,853,759,912,1102,1357,1189,999,949,1115,1313,1073,816,635,,,,,,782,17547,709,810,822,744,741,838,1045,1291,1084,968,956,1181,1395,1258,1007,1012,,,,,,1686
2010,2010-03-31,16207,162078,富山県,黒部市,city,16207,42605,1711,1941,1968,1905,2020,2185,2637,3189,2474,2489,2569,2923,3507,2876,2453,2253,,,,,,3505,20696,905,1005,1035,937,1043,1194,1378,1673,1232,1248,1321,1405,1735,1349,1086,975,,,,,,1175,21909,806,936,933,968,977,991,1259,1516,1242,1241,1248,1518,1772,1527,1367,1278,,,,,,2330
2010,2010-03-31,16208,162086,富山県,砺波市,city,16208,49352,2225,2497,2536,2315,2205,2542,3305,3748,3110,2780,2807,3490,3896,3013,2437,2532,,,,,,3914,23934,1142,1291,1276,1188,1160,1312,1711,1890,1552,1419,1372,1717,1992,1385,1123,1055,,,,,,1349,25418,1083,1206,1260,1127,1045,1230,1594,1858,1558,1361,1435,1773,1904,1628,1314,1477,,,,,,2565
2010,2010-03-31,16209,162094,富山県,小矢部市,city,16209,32560,1085,1309,1322,1471,1599,1578,1827,1972,1675,1887,2136,2513,2897,2233,1900,1970,,,,,,3186,15787,528,671,703,779,860,826,981,1009,850,918,1039,1278,1487,1109,830,836,,,,,,1083,16773,557,638,619,692,739,752,846,963,825,969,1097,1235,1410,1124,1070,1134,,,,,,2103
2010,2010-03-31,16210,162108,富山県,南砺市,city,16210,56140,1940,2148,2443,2537,2492,2544,2977,3321,2792,3022,3494,4294,4959,3802,3541,3731,,,,,,6103,26854,1014,1117,1230,1305,1243,1328,1579,1703,1397,1518,1735,2174,2540,1815,1483,1556,,,,,,2117,29286,926,1031,1213,1232,1249,1216,1398,1618,1395,1504,1759,2120,2419,1987,2058,2175,,,,,,3986
2010,2010-03-31,16211,162116,富山県,射水市,city,16211,94374,4076,4599,4679,4376,4330,4709,6049,7548,5797,5305,5421,6744,8243,6562,4926,4536,,,,,,6474,45635,2121,2301,2378,2239,2254,2396,3108,3839,2954,2663,2678,3270,4016,3235,2245,1891,,,,,,2047,48739,1955,2298,2301,2137,2076,2313,2941,3709,2843,2642,2743,3474,4227,3327,2681,2645,,,,,,4427
2010,2010-03-31,16320,163201,富山県,中新川郡,gun_agg,,53294,2012,2527,2614,2494,2282,2446,3149,3882,3344,3037,3076,3858,4453,3800,3079,2912,,,,,,4329,25529,1065,1285,1313,1241,1105,1326,1615,1987,1673,1495,1526,1950,2148,1821,1375,1206,,,,,,1398,27765,947,1242,1301,1253,1177,1120,1534,1895,1671,1542,1550,1908,2305,1979,1704,1706,,,,,,2931
2010,2010-03-31,16321,163210,富山県,中新川郡舟橋村,village,16321,3008,198,239,207,181,110,130,233,317,271,209,142,141,143,127,130,99,,,,,,131,1469,95,123,106,93,55,64,110,166,133,107,80,66,75,58,60,39,,,,,,39,1539,103,116,101,88,55,66,123,151,138,102,62,75,68,69,70,60,,,,,,92
2010,2010-03-31,16322,163228,富山県,中新川郡上市町,town,16322,22486,739,971,1043,1043,930,992,1292,1578,1389,1256,1262,1628,2065,1689,1368,1284,,,,,,1957,10712,393,494,509,513,435,556,681,822,695,614,624,807,988,786,634,529,,,,,,632,11774,346,477,534,530,495,436,611,756,694,642,638,821,1077,903,734,755,,,,,,1325
2010,2010-03-31,16323,163236,富山県,中新川郡立山町,town,16323,27800,1075,1317,1364,1270,1242,1324,1624,1987,1684,1572,1672,2089,2245,1984,1581,1529,,,,,,2241,13348,577,668,698,635,615,706,824,999,845,774,822,1077,1085,977,681,638,,,,,,727,14452,498,649,666,635,627,618,800,988,839,798,850,1012,1160,1007,900,891,,,,,,1514
2010,2010-03-31,16340,163406,富山県,下新川郡,gun_agg,,41491,1330,1576,1812,1918,1846,1770,2074,2525,2335,2471,2540,3094,3616,3067,2582,2743,,,,,,4192,19769,688,791,920,996,924,975,1090,1310,1161,1233,1268,1543,1764,1483,1150,1104,,,,,,1369,21722,642,785,892,922,922,795,984,1215,1174,1238,1272,1551,1852,1584,1432,1639,,,,,,2823
2010,2010-03-31,16342,163422,富山県,下新川郡入善町,town,16342,27257,964,1088,1262,1276,1220,1233,1464,1762,1565,1636,1712,2018,2344,1914,1591,1665,,,,,,2543,13120,501,531,645,671,607,661,791,919,784,813,858,1009,1143,942,726,681,,,,,,838,14137,463,557,617,605,613,572,673,843,781,823,854,1009,1201,972,865,984,,,,,,1705
2010,2010-03-31,16343,163431,富山県,下新川郡朝日町,town,16343,14234,366,488,550,642,626,537,610,763,770,835,828,1076,1272,1153,991,1078,,,,,,1649,6649,187,260,275,325,317,314,299,391,377,420,410,534,621,541,424,423,,,,,,531,7585,179,228,275,317,309,223,311,372,393,415,418,542,651,612,567,655,,,,,,1118
2010,2010-03-31,17000,170003,石川県,,pref,,1162950,50164,54484,56386,57752,58425,61909,75232,88365,73665,68936,69203,79518,96116,76382,59356,54734,,,,,,82323,560522,25416,27828,28882,29889,30065,31333,38483,44727,36709,34058,33993,39133,47082,36570,26734,22757,,,,,,26863,602428,24748,26656,27504,27863,28360,30576,36749,43638,36956,34878,35210,40385,49034,39812,32622,31977,,,,,,55460
2010,2010-03-31,17201,172014,石川県,金沢市,city,17201,444125,20401,21076,21225,21676,23753,26114,31260,36661,30127,27422,26305,28754,35216,27631,20578,18780,,,,,,27146,213961,10318,10822,10819,11228,12201,13072,15817,18341,14996,13463,12842,14076,16992,13148,9166,7810,,,,,,8850,230164,10083,10254,10406,10448,11552,13042,15443,18320,15131,13959,13463,14678,18224,14483,11412,10970,,,,,,18296
2010,2010-03-31,17202,172022,石川県,七尾市,city,17202,59390,2083,2319,2645,2905,2707,2543,3163,3536,3102,3399,3807,4694,5425,4254,3587,3524,,,,,,5697,28144,1063,1153,1335,1468,1386,1295,1637,1820,1522,1672,1918,2289,2724,2019,1588,1424,,,,,,1831,31246,1020,1166,1310,1437,1321,1248,1526,1716,1580,1727,1889,2405,2701,2235,1999,2100,,,,,,3866
2010,2010-03-31,17203,172031,石川県,小松市,city,17203,108709,4824,5504,5614,5563,5511,5800,7054,8207,7007,6607,5994,6968,8840,7470,5506,4788,,,,,,7452,52630,2444,2787,2910,2790,2815,3094,3639,4237,3422,3266,2907,3406,4260,3634,2538,2040,,,,,,2441,56079,2380,2717,2704,2773,2696,2706,3415,3970,3585,3341,3087,3562,4580,3836,2968,2748,,,,,,5011
2010,2010-03-31,17204,172049,石川県,輪島市,city,17204,31841,803,988,1144,1625,1185,1133,1269,1392,1416,1644,2077,2444,2936,2391,2495,2671,,,,,,4228,15112,421,493,579,935,632,610,696,704,708,871,1079,1236,1447,1102,1091,1071,,,,,,1437,16729,382,495,565,690,553,523,573,688,708,773,998,1208,1489,1289,1404,1600,,,,,,2791
2010,2010-03-31,17205,172057,石川県,珠洲市,city,17205,17560,382,503,631,701,585,589,716,725,746,852,1040,1437,1711,1459,1473,1596,,,,,,2414,8116,185,254,339,336,305,332,376,378,386,431,507,740,835,664,609,661,,,,,,778,9444,197,249,292,365,280,257,340,347,360,421,533,697,876,795,864,935,,,,,,1636
2010,2010-03-31,17206,172065,石川県,加賀市,city,17206,73848,2768,3015,3442,3463,3582,3529,4084,5105,4376,4332,4449,5327,6688,5583,4377,3951,,,,,,5777,34825,1409,1482,1769,1790,1806,1744,2120,2622,2220,2096,2084,2513,3200,2631,1893,1564,,,,,,1882,39023,1359,1533,1673,1673,1776,1785,1964,2483,2156,2236,2365,2814,3488,2952,2484,2387,,,,,,3895
2010,2010-03-31,17207,172073,石川県,羽咋市,city,17207,23970,764,919,1061,1099,988,1035,1253,1512,1274,1285,1445,1877,2291,1896,1527,1441,,,,,,2303,11350,374,468,533,544,509,514,652,768,662,631,700,919,1164,889,689,568,,,,,,766,12620,390,451,528,555,479,521,601,744,612,654,745,958,1127,1007,838,873,,,,,,1537
2010,2010-03-31,17209,172090,石川県,かほく市,city,17209,35145,1430,1821,1934,1800,1636,1662,2193,2649,2444,2018,1869,2375,2998,2482,1867,1576,,,,,,2391,16912,743,890,1001,894,789,838,1080,1341,1204,1053,923,1162,1504,1202,862,673,,,,,,753,18233,687,931,933,906,847,824,1113,1308,1240,965,946,1213,1494,1280,1005,903,,,,,,1638
2010,2010-03-31,17210,172103,石川県,白山市,city,17210,113340,5331,5933,5881,5684,5867,6419,7721,8950,7160,6601,7085,8209,9425,7019,4901,4436,,,,,,6718,55282,2683,3032,3033,2920,3010,3186,3957,4474,3607,3219,3446,4070,4719,3504,2287,1891,,,,,,2244,58058,2648,2901,2848,2764,2857,3233,3764,4476,3553,3382,3639,4139,4706,3515,2614,2545,,,,,,4474
2010,2010-03-31,17211,172111,石川県,能美市,city,17211,48671,2551,2778,2736,2451,2246,2575,3442,4337,3290,2830,2661,2943,3715,3081,2176,1935,,,,,,2924,23932,1299,1468,1416,1263,1198,1323,1771,2198,1626,1433,1330,1443,1812,1497,1054,836,,,,,,965,24739,1252,1310,1320,1188,1048,1252,1671,2139,1664,1397,1331,1500,1903,1584,1122,1099,,,,,,1959
2010,2010-03-31,17320,173207,石川県,能美郡,gun_agg,,6017,437,461,339,273,266,302,460,609,413,322,321,346,367,283,226,232,,,,,,360,2920,229,249,166,127,136,151,215,303,204,161,164,173,192,137,107,91,,,,,,115,3097,208,212,173,146,130,151,245,306,209,161,157,173,175,146,119,141,,,,,,245
2010,2010-03-31,17324,173240,石川県,能美郡川北町,town,17324,6017,437,461,339,273,266,302,460,609,413,322,321,346,367,283,226,232,,,,,,360,2920,229,249,166,127,136,151,215,303,204,161,164,173,192,137,107,91,,,,,,115,3097,208,212,173,146,130,151,245,306,209,161,157,173,175,146,119,141,,,,,,245
2010,2010-03-31,17340,173401,石川県,石川郡,gun_agg,,46293,2796,2477,2194,2573,2697,3403,4227,4505,3191,2599,2447,2883,3215,2358,1651,1243,,,,,,1834,23359,1425,1259,1141,1566,1523,1752,2180,2378,1608,1284,1188,1437,1591,1138,778,537,,,,,,574,22934,1371,1218,1053,1007,1174,1651,2047,2127,1583,1315,1259,1446,1624,1220,873,706,,,,,,1260
2010,2010-03-31,17344,173444,石川県,石川郡野々市町,town,17344,46293,2796,2477,2194,2573,2697,3403,4227,4505,3191,2599,2447,2883,3215,2358,1651,1243,,,,,,1834,23359,1425,1259,1141,1566,1523,1752,2180,2378,1608,1284,1188,1437,1591,1138,778,537,,,,,,574,22934,1371,1218,1053,1007,1174,1651,2047,2127,1583,1315,1259,1446,1624,1220,873,706,,,,,,1260
2010,2010-03-31,17360,173606,石川県,河北郡,gun_agg,,64313,2929,3457,3872,3887,3656,3272,4074,5222,4727,4423,3967,4172,4732,3764,2755,2239,,,,,,3165,31289,1490,1786,1991,1966,1807,1589,2084,2568,2295,2159,2037,2108,2311,1818,1279,976,,,,,,1025,33024,1439,1671,1881,1921,1849,1683,1990,2654,2432,2264,1930,2064,2421,1946,1476,1263,,,,,,2140
2010,2010-03-31,17361,173614,石川県,河北郡津幡町,town,17361,37544,1818,2043,2336,2378,2033,1888,2346,3026,2848,2749,2305,2336,2595,1996,1509,1364,,,,,,1974,18314,933,1050,1182,1225,1031,905,1203,1465,1376,1363,1209,1180,1296,966,676,594,,,,,,660,19230,885,993,1154,1153,1002,983,1143,1561,1472,1386,1096,1156,1299,1030,833,770,,,,,,1314
2010,2010-03-31,17365,173657,石川県,河北郡内灘町,town,17365,26769,1111,1414,1536,1509,1623,1384,1728,2196,1879,1674,1662,1836,2137,1768,1246,875,,,,,,1191,12975,557,736,809,741,776,684,881,1103,919,796,828,928,1015,852,603,382,,,,,,365,13794,554,678,727,768,847,700,847,1093,960,878,834,908,1122,916,643,493,,,,,,826
2010,2010-03-31,17380,173801,石川県,羽咋郡,gun_agg,,38700,1175,1497,1682,1785,1691,1592,1854,2266,1988,2006,2401,3092,3791,2772,2556,2516,,,,,,4036,18353,554,771,816,906,848,826,983,1201,1021,982,1175,1541,1925,1308,1169,1086,,,,,,1241,20347,621,726,866,879,843,766,871,1065,967,1024,1226,1551,1866,1464,1387,1430,,,,,,2795
2010,2010-03-31,17384,173843,石川県,羽咋郡志賀町,town,17384,23645,721,839,927,1047,985,946,1096,1312,1131,1174,1512,1948,2348,1744,1659,1641,,,,,,2615,11207,339,439,449,516,494,489,579,721,600,561,744,979,1181,820,759,714,,,,,,823,12438,382,400,478,531,491,457,517,591,531,613,768,969,1167,924,900,927,,,,,,1792
2010,2010-03-31,17386,173860,石川県,羽咋郡宝達志水町,town,17386,15055,454,658,755,738,706,646,758,954,857,832,889,1144,1443,1028,897,875,,,,,,1421,7146,215,332,367,390,354,337,404,480,421,421,431,562,744,488,410,372,,,,,,418,7909,239,326,388,348,352,309,354,474,436,411,458,582,699,540,487,503,,,,,,1003
2010,2010-03-31,17400,174009,石川県,鹿島郡,gun_agg,,19641,747,861,881,876,841,841,1107,1302,1079,1060,1201,1431,1740,1429,1238,1153,,,,,,1854,9490,391,446,458,444,439,434,538,678,555,555,612,702,874,694,570,469,,,,,,631,10151,356,415,423,432,402,407,569,624,524,505,589,729,866,735,668,684,,,,,,1223
2010,2010-03-31,17407,174076,石川県,鹿島郡中能登町,town,17407,19641,747,861,881,876,841,841,1107,1302,1079,1060,1201,1431,1740,1429,1238,1153,,,,,,1854,9490,391,446,458,444,439,434,538,678,555,555,612,702,874,694,570,469,,,,,,631,10151,356,415,423,432,402,407,569,624,524,505,589,729,866,735,668,684,,,,,,1223
2010,2010-03-31,17460,174602,石川県,鳳珠郡,gun_agg,,31387,743,875,1105,1391,1214,1100,1355,1387,1325,1536,2134,2566,3026,2510,2443,2653,,,,,,4024,14847,388,468,576,712,661,573,738,716,673,782,1081,1318,1532,1185,1054,1060,,,,,,1330,16540,355,407,529,679,553,527,617,671,652,754,1053,1248,1494,1325,1389,1593,,,,,,2694
2010,2010-03-31,17461,174611,石川県,鳳珠郡穴水町,town,17461,10145,255,285,349,443,374,331,449,440,423,511,674,852,973,793,796,855,,,,,,1342,4864,132,145,182,269,220,154,247,241,209,266,348,435,492,402,332,351,,,,,,439,5281,123,140,167,174,154,177,202,199,214,245,326,417,481,391,464,504,,,,,,903
2010,2010-03-31,17463,174637,石川県,鳳珠郡能登町,town,17463,21242,488,590,756,948,840,769,906,947,902,1025,1460,1714,2053,1717,1647,1798,,,,,,2682,9983,256,323,394,443,441,419,491,475,464,516,733,883,1040,783,722,709,,,,,,891,11259,232,267,362,505,399,350,415,472,438,509,727,831,1013,934,925,1089,,,,,,1791
2010,2010-03-31,18000,180009,福井県,,pref,,809465,36113,37949,40768,41687,41129,42245,48926,55414,48275,49233,50380,57740,60981,50623,43074,41813,,,,,,63115,392782,18583,19439,20925,21479,21212,21532,25124,28451,24055,24558,25140,28884,30449,24256,19457,18078,,,,,,21160,416683,17530,18510,19843,20208,19917,20713,23802,26963,24220,24675,25240,28856,30532,26367,23617,23735,,,,,,41955
2010,2010-03-31,18201,182010,福井県,福井市,city,18201,265457,12309,12452,12889,13034,13401,14443,16727,19461,16787,16487,16052,18243,20329,17051,13927,12978,,,,,,18887,128473,6340,6447,6622,6677,6880,7310,8561,9859,8369,8113,7863,8942,9967,8142,6364,5643,,,,,,6374,136984,5969,6005,6267,6357,6521,7133,8166,9602,8418,8374,8189,9301,10362,8909,7563,7335,,,,,,12513
2010,2010-03-31,18202,182028,福井県,敦賀市,city,18202,67909,3706,3336,3482,3404,3418,3742,4527,4833,4193,4283,4465,5096,4738,3837,3307,3261,,,,,,4281,33434,1928,1705,1825,1763,1722,1914,2345,2500,2168,2248,2286,2604,2334,1856,1464,1401,,,,,,1371,34475,1778,1631,1657,1641,1696,1828,2182,2333,2025,2035,2179,2492,2404,1981,1843,1860,,,,,,2910
2010,2010-03-31,18204,182044,福井県,小浜市,city,18204,31594,1308,1414,1611,1689,1454,1499,1762,1891,1708,1935,2089,2164,2367,1999,1843,1912,,,,,,2949,15449,702,766,847,855,780,796,937,975,858,997,1113,1106,1218,915,804,803,,,,,,977,16145,606,648,764,834,674,703,825,916,850,938,976,1058,1149,1084,1039,1109,,,,,,1972
2010,2010-03-31,18205,182052,福井県,大野市,city,18205,37109,1286,1445,1703,1898,1864,1861,1881,1957,1850,2157,2450,2984,2934,2480,2331,2335,,,,,,3693,17746,640,751,872,943,976,947,980,1032,894,1035,1218,1515,1524,1162,1021,1025,,,,,,1211,19363,646,694,831,955,888,914,901,925,956,1122,1232,1469,1410,1318,1310,1310,,,,,,2482
2010,2010-03-31,18206,182061,福井県,勝山市,city,18206,26190,924,984,1147,1324,1387,1269,1375,1422,1250,1462,1784,2139,2072,1701,1560,1645,,,,,,2745,12612,474,495,554,703,750,654,727,734,594,695,878,1115,1093,807,697,720,,,,,,922,13578,450,489,593,621,637,615,648,688,656,767,906,1024,979,894,863,925,,,,,,1823
2010,2010-03-31,18207,182079,福井県,鯖江市,city,18207,67734,3383,3663,3581,3412,3339,3656,4586,5326,4266,4004,3861,4509,5158,4197,3411,2965,,,,,,4417,32903,1728,1833,1840,1758,1668,1820,2314,2749,2138,1994,1888,2210,2512,2101,1559,1314,,,,,,1477,34831,1655,1830,1741,1654,1671,1836,2272,2577,2128,2010,1973,2299,2646,2096,1852,1651,,,,,,2940
2010,2010-03-31,18208,182087,福井県,あわら市,city,18208,30430,1094,1228,1430,1601,1629,1528,1606,1863,1721,1921,2013,2362,2536,1983,1678,1702,,,,,,2535,14421,553,621,739,838,839,740,818,952,826,926,980,1155,1252,934,719,693,,,,,,836,16009,541,607,691,763,790,788,788,911,895,995,1033,1207,1284,1049,959,1009,,,,,,1699
2010,2010-03-31,18209,182095,福井県,越前市,city,18209,82946,3622,3982,4384,4452,4339,4208,5027,5611,4968,4775,5185,5831,6202,5108,4427,4246,,,,,,6579,40579,1896,2018,2217,2309,2244,2182,2616,2943,2523,2376,2621,2894,3115,2491,2019,1830,,,,,,2285,42367,1726,1964,2167,2143,2095,2026,2411,2668,2445,2399,2564,2937,3087,2617,2408,2416,,,,,,4294
2010,2010-03-31,18210,182109,福井県,坂井市,city,18210,93552,4257,4762,5284,5098,4891,4915,5739,6840,5855,5997,5788,6536,6770,5548,4481,4283,,,,,,6508,45486,2210,2445,2711,2630,2526,2518,2885,3472,2870,2958,2897,3244,3383,2679,2064,1849,,,,,,2145,48066,2047,2317,2573,2468,2365,2397,2854,3368,2985,3039,2891,3292,3387,2869,2417,2434,,,,,,4363
2010,2010-03-31,18320,183202,福井県,吉田郡,gun_agg,,19703,808,920,1006,1081,1095,967,1117,1286,1169,1195,1220,1339,1418,1213,1077,1125,,,,,,1667,9532,403,494,531,585,541,480,557,645,568,613,599,690,722,568,498,493,,,,,,545,10171,405,426,475,496,554,487,560,641,601,582,621,649,696,645,579,632,,,,,,1122
2010,2010-03-31,18322,183229,福井県,吉田郡永平寺町,town,18322,19703,808,920,1006,1081,1095,967,1117,1286,1169,1195,1220,1339,1418,1213,1077,1125,,,,,,1667,9532,403,494,531,585,541,480,557,645,568,613,599,690,722,568,498,493,,,,,,545,10171,405,426,475,496,554,487,560,641,601,582,621,649,696,645,579,632,,,,,,1122
2010,2010-03-31,18380,183806,福井県,今立郡,gun_agg,,3300,90,79,125,162,180,141,109,142,112,214,196,238,206,223,252,305,,,,,,526,1591,45,33,56,92,94,73,63,84,49,107,95,144,101,104,107,133,,,,,,211,1709,45,46,69,70,86,68,46,58,63,107,101,94,105,119,145,172,,,,,,315
2010,2010-03-31,18382,183822,福井県,今立郡池田町,town,18382,3300,90,79,125,162,180,141,109,142,112,214,196,238,206,223,252,305,,,,,,526,1591,45,33,56,92,94,73,63,84,49,107,95,144,101,104,107,133,,,,,,211,1709,45,46,69,70,86,68,46,58,63,107,101,94,105,119,145,172,,,,,,315
2010,2010-03-31,18400,184004,福井県,南条郡,gun_agg,,12011,427,523,586,659,665,611,577,604,569,656,802,910,889,720,710,816,,,,,,1287,5784,230,263,319,343,345,320,291,305,281,335,386,472,472,342,313,345,,,,,,422,6227,197,260,267,316,320,291,286,299,288,321,416,438,417,378,397,471,,,,,,865
2010,2010-03-31,18404,184047,福井県,南条郡南越前町,town,18404,12011,427,523,586,659,665,611,577,604,569,656,802,910,889,720,710,816,,,,,,1287,5784,230,263,319,343,345,320,291,305,281,335,386,472,472,342,313,345,,,,,,422,6227,197,260,267,316,320,291,286,299,288,321,416,438,417,378,397,471,,,,,,865
2010,2010-03-31,18420,184209,福井県,丹生郡,gun_agg,,24165,964,1042,1200,1232,1260,1306,1279,1435,1354,1394,1492,1934,1772,1471,1318,1359,,,,,,2353,11667,485,528,606,641,655,666,649,742,682,697,720,1001,936,688,593,605,,,,,,773,12498,479,514,594,591,605,640,630,693,672,697,772,933,836,783,725,754,,,,,,1580
2010,2010-03-31,18423,184233,福井県,丹生郡越前町,town,18423,24165,964,1042,1200,1232,1260,1306,1279,1435,1354,1394,1492,1934,1772,1471,1318,1359,,,,,,2353,11667,485,528,606,641,655,666,649,742,682,697,720,1001,936,688,593,605,,,,,,773,12498,479,514,594,591,605,640,630,693,672,697,772,933,836,783,725,754,,,,,,1580
2010,2010-03-31,18440,184403,福井県,三方郡,gun_agg,,10793,393,410,444,562,527,505,616,571,497,596,679,869,889,756,698,639,,,,,,1142,5269,199,214,220,298,292,280,333,313,255,309,360,447,445,349,298,274,,,,,,383,5524,194,196,224,264,235,225,283,258,242,287,319,422,444,407,400,365,,,,,,759
2010,2010-03-31,18442,184420,福井県,三方郡美浜町,town,18442,10793,393,410,444,562,527,505,616,571,497,596,679,869,889,756,698,639,,,,,,1142,5269,199,214,220,298,292,280,333,313,255,309,360,447,445,349,298,274,,,,,,383,5524,194,196,224,264,235,225,283,258,242,287,319,422,444,407,400,365,,,,,,759
2010,2010-03-31,18480,184802,福井県,大飯郡,gun_agg,,20021,882,971,1063,1091,954,934,1129,1229,1107,1162,1265,1398,1495,1259,1080,1157,,,,,,1845,9866,428,459,551,569,520,494,601,657,569,622,680,745,766,613,490,473,,,,,,629,10155,454,512,512,522,434,440,528,572,538,540,585,653,729,646,590,684,,,,,,1216
2010,2010-03-31,18481,184811,福井県,大飯郡高浜町,town,18481,11212,479,547,603,647,534,516,654,739,621,633,666,767,877,729,593,612,,,,,,995,5556,231,275,312,331,297,275,342,396,319,331,361,402,452,356,274,256,,,,,,346,5656,248,272,291,316,237,241,312,343,302,302,305,365,425,373,319,356,,,,,,649
2010,2010-03-31,18483,184837,福井県,大飯郡おおい町,town,18483,8809,403,424,460,444,420,418,475,490,486,529,599,631,618,530,487,545,,,,,,850,4310,197,184,239,238,223,219,259,261,250,291,319,343,314,257,216,217,,,,,,283,4499,206,240,221,206,197,199,216,229,236,238,280,288,304,273,271,328,,,,,,567
2010,2010-03-31,18500,185001,福井県,三方上中郡,gun_agg,,16551,660,738,833,988,726,660,869,943,869,995,1039,1188,1206,1077,974,1085,,,,,,1701,7970,322,367,415,475,380,338,447,489,411,533,556,600,609,505,447,477,,,,,,599,8581,338,371,418,513,346,322,422,454,458,462,483,588,597,572,527,608,,,,,,1102
2010,2010-03-31,18501,185019,福井県,三方上中郡若狭町,town,18501,16551,660,738,833,988,726,660,869,943,869,995,1039,1188,1206,1077,974,1085,,,,,,1701,7970,322,367,415,475,380,338,447,489,411,533,556,600,609,505,447,477,,,,,,599,8581,338,371,418,513,346,322,422,454,458,462,483,588,597,572,527,608,,,,,,1102
2010,2010-03-31,19000,190004,山梨県,,pref,,864210,34747,38991,43275,45736,44128,44330,50899,60078,56924,54411,54057,61421,63724,55220,46520,42489,,,,,,67260,424339,17778,20202,22417,23496,22844,23044,26297,31199,29278,27906,27355,30975,31805,26679,21649,18370,,,,,,23045,439871,16969,18789,20858,22240,21284,21286,24602,28879,27646,26505,26702,30446,31919,28541,24871,24119,,,,,,44215
2010,2010-03-31,19201,192015,山梨県,甲府市,city,19201,192725,8135,8488,8866,9288,9925,10270,12200,14271,13161,11892,11232,12432,13885,12649,11019,10109,,,,,,14903,93827,4153,4404,4617,4863,5227,5278,6253,7380,6930,6111,5609,6095,6748,5878,4996,4294,,,,,,4991,98898,3982,4084,4249,4425,4698,4992,5947,6891,6231,5781,5623,6337,7137,6771,6023,5815,,,,,,9912
2010,2010-03-31,19202,192023,山梨県,富士吉田市,city,19202,52186,2051,2412,2834,3045,2732,2782,2933,3580,3579,3539,3436,3720,3517,3329,2865,2457,,,,,,3375,25670,1038,1239,1475,1564,1453,1448,1500,1830,1847,1832,1691,1939,1734,1573,1295,1081,,,,,,1131,26516,1013,1173,1359,1481,1279,1334,1433,1750,1732,1707,1745,1781,1783,1756,1570,1376,,,,,,2244
2010,2010-03-31,19204,192040,山梨県,都留市,city,19204,31947,1270,1456,1655,1920,1968,1558,1681,2125,2117,2038,2007,2334,2201,1865,1675,1635,,,,,,2442,15655,634,740,850,940,1014,816,855,1097,1076,1070,1022,1175,1108,924,774,703,,,,,,857,16292,636,716,805,980,954,742,826,1028,1041,968,985,1159,1093,941,901,932,,,,,,1585
2010,2010-03-31,19205,192058,山梨県,山梨市,city,19205,38140,1415,1753,1859,1943,1877,1769,2026,2483,2356,2291,2449,2781,2850,2566,2105,2089,,,,,,3528,18384,734,899,977,955,932,875,1008,1281,1171,1133,1213,1420,1428,1254,974,899,,,,,,1231,19756,681,854,882,988,945,894,1018,1202,1185,1158,1236,1361,1422,1312,1131,1190,,,,,,2297
2010,2010-03-31,19206,192066,山梨県,大月市,city,19206,28911,731,1003,1295,1580,1517,1269,1287,1511,1749,1826,1987,2443,2312,2034,1843,1724,,,,,,2800,14111,353,525,689,792,792,646,676,814,881,917,982,1313,1192,1008,844,713,,,,,,974,14800,378,478,606,788,725,623,611,697,868,909,1005,1130,1120,1026,999,1011,,,,,,1826
2010,2010-03-31,19207,192074,山梨県,韮崎市,city,19207,31490,1219,1440,1700,1859,1657,1665,1825,2162,2015,2043,1981,2378,2335,1916,1619,1392,,,,,,2284,15713,651,737,886,981,886,926,962,1135,1007,1034,1023,1196,1172,952,768,617,,,,,,780,15777,568,703,814,878,771,739,863,1027,1008,1009,958,1182,1163,964,851,775,,,,,,1504
2010,2010-03-31,19208,192082,山梨県,南アルプス市,city,19208,73087,3314,3898,4116,4149,3662,3846,4682,5483,4891,4602,4506,5211,5223,4204,3256,3033,,,,,,5011,36106,1701,2004,2101,2128,1798,1945,2428,2805,2548,2340,2252,2608,2678,2125,1594,1303,,,,,,1748,36981,1613,1894,2015,2021,1864,1901,2254,2678,2343,2262,2254,2603,2545,2079,1662,1730,,,,,,3263
2010,2010-03-31,19209,192091,山梨県,北杜市,city,19209,49201,1491,1809,2185,2485,2158,1957,2203,2707,2751,3104,3251,3865,4451,3741,3097,2911,,,,,,5035,24098,745,961,1124,1284,1147,1048,1175,1403,1369,1602,1662,1984,2255,1864,1446,1298,,,,,,1731,25103,746,848,1061,1201,1011,909,1028,1304,1382,1502,1589,1881,2196,1877,1651,1613,,,,,,3304
2010,2010-03-31,19210,192104,山梨県,甲斐市,city,19210,73073,3744,3703,3847,3842,3637,4336,5480,6299,5199,4508,4297,5061,5541,4540,3250,2514,,,,,,3275,36314,1837,1943,1980,1996,1841,2226,2865,3334,2695,2321,2142,2436,2681,2212,1540,1143,,,,,,1122,36759,1907,1760,1867,1846,1796,2110,2615,2965,2504,2187,2155,2625,2860,2328,1710,1371,,,,,,2153
2010,2010-03-31,19211,192112,山梨県,笛吹市,city,19211,71166,3043,3355,3841,3625,3509,3624,4402,5316,4875,4295,4262,4802,5363,4545,3733,3229,,,,,,5347,34509,1571,1756,2003,1825,1754,1835,2179,2738,2452,2170,2169,2348,2601,2178,1760,1347,,,,,,1823,36657,1472,1599,1838,1800,1755,1789,2223,2578,2423,2125,2093,2454,2762,2367,1973,1882,,,,,,3524
2010,2010-03-31,19212,192121,山梨県,上野原市,city,19212,26947,798,978,1281,1559,1509,1210,1300,1552,1556,1846,1974,2202,2076,1845,1612,1401,,,,,,2248,13470,412,517,660,791,807,604,676,846,782,934,1060,1180,1107,901,782,597,,,,,,814,13477,386,461,621,768,702,606,624,706,774,912,914,1022,969,944,830,804,,,,,,1434
2010,2010-03-31,19213,192139,山梨県,甲州市,city,19213,35619,1219,1619,1771,1845,1696,1605,1803,2056,2179,2087,2314,2658,2677,2352,2128,2103,,,,,,3507,17279,648,808,921,940,873,818,921,1040,1106,1037,1167,1335,1374,1106,1006,931,,,,,,1248,18340,571,811,850,905,823,787,882,1016,1073,1050,1147,1323,1303,1246,1122,1172,,,,,,2259
2010,2010-03-31,19214,192147,山梨県,中央市,city,19214,29919,1366,1485,1598,1687,1709,1849,1936,2283,2134,1966,1984,2239,2099,1664,1234,1032,,,,,,1654,14943,735,759,823,873,850,970,1007,1172,1104,1043,979,1136,1056,824,586,474,,,,,,552,14976,631,726,775,814,859,879,929,1111,1030,923,1005,1103,1043,840,648,558,,,,,,1102
2010,2010-03-31,19340,193402,山梨県,西八代郡,gun_agg,,17737,527,667,802,888,812,760,799,1083,943,1072,1138,1310,1334,1274,1169,1109,,,,,,2050,8703,269,359,412,470,424,407,430,604,455,564,587,703,655,606,573,480,,,,,,705,9034,258,308,390,418,388,353,369,479,488,508,551,607,679,668,596,629,,,,,,1345
2010,2010-03-31,19346,193461,山梨県,西八代郡市川三郷町,town,19346,17737,527,667,802,888,812,760,799,1083,943,1072,1138,1310,1334,1274,1169,1109,,,,,,2050,8703,269,359,412,470,424,407,430,604,455,564,587,703,655,606,573,480,,,,,,705,9034,258,308,390,418,388,353,369,479,488,508,551,607,679,668,596,629,,,,,,1345
2010,2010-03-31,19360,193607,山梨県,南巨摩郡,gun_agg,,42891,1234,1413,1820,2137,1999,1723,1921,2153,2316,2519,2813,3151,3232,2934,2767,2943,,,,,,5816,20757,661,728,946,1063,1044,918,1035,1134,1211,1304,1476,1666,1663,1430,1255,1253,,,,,,1970,22134,573,685,874,1074,955,805,886,1019,1105,1215,1337,1485,1569,1504,1512,1690,,,,,,3846
2010,2010-03-31,19364,193640,山梨県,南巨摩郡早川町,town,19364,1345,22,38,34,36,54,39,45,44,63,60,74,77,96,101,125,166,,,,,,271,624,14,20,13,20,21,23,25,28,42,32,43,43,49,44,44,76,,,,,,87,721,8,18,21,16,33,16,20,16,21,28,31,34,47,57,81,90,,,,,,184
2010,2010-03-31,19365,193658,山梨県,南巨摩郡身延町,town,19365,15282,340,393,599,679,716,561,596,625,695,843,1072,1094,1184,1107,1068,1176,,,,,,2534,7325,180,198,313,334,381,301,332,328,370,429,559,605,608,535,481,505,,,,,,866,7957,160,195,286,345,335,260,264,297,325,414,513,489,576,572,587,671,,,,,,1668
2010,2010-03-31,19366,193666,山梨県,南巨摩郡南部町,town,19366,9413,246,316,362,495,417,385,380,421,456,562,685,820,760,624,578,615,,,,,,1291,4603,140,169,185,266,230,212,207,223,238,283,360,431,398,316,261,256,,,,,,428,4810,106,147,177,229,187,173,173,198,218,279,325,389,362,308,317,359,,,,,,863
2010,2010-03-31,19368,193682,山梨県,南巨摩郡富士川町,town,19368,16851,626,666,825,927,812,738,900,1063,1102,1054,982,1160,1192,1102,996,986,,,,,,1720,8205,327,341,435,443,412,382,471,555,561,560,514,587,608,535,469,416,,,,,,589,8646,299,325,390,484,400,356,429,508,541,494,468,573,584,567,527,570,,,,,,1131
2010,2010-03-31,19380,193801,山梨県,中巨摩郡,gun_agg,,17016,921,973,1011,936,923,1047,1278,1521,1478,1174,955,1052,1027,824,658,534,,,,,,704,8778,489,516,532,526,508,574,708,791,781,614,506,514,513,426,305,225,,,,,,250,8238,432,457,479,410,415,473,570,730,697,560,449,538,514,398,353,309,,,,,,454
2010,2010-03-31,19384,193844,山梨県,中巨摩郡昭和町,town,19384,17016,921,973,1011,936,923,1047,1278,1521,1478,1174,955,1052,1027,824,658,534,,,,,,704,8778,489,516,532,526,508,574,708,791,781,614,506,514,513,426,305,225,,,,,,250,8238,432,457,479,410,415,473,570,730,697,560,449,538,514,398,353,309,,,,,,454
2010,2010-03-31,19420,194204,山梨県,南都留郡,gun_agg,,50605,2245,2503,2741,2891,2804,2999,3090,3441,3557,3525,3367,3656,3462,2841,2340,2120,,,,,,3023,25275,1141,1283,1402,1479,1476,1670,1594,1763,1831,1834,1756,1854,1758,1381,1085,947,,,,,,1021,25330,1104,1220,1339,1412,1328,1329,1496,1678,1726,1691,1611,1802,1704,1460,1255,1173,,,,,,2002
2010,2010-03-31,19422,194221,山梨県,南都留郡道志村,village,19422,1967,67,74,85,88,124,86,93,94,110,120,164,170,156,118,112,126,,,,,,180,984,39,36,45,44,61,45,49,51,52,65,89,92,83,57,53,59,,,,,,64,983,28,38,40,44,63,41,44,43,58,55,75,78,73,61,59,67,,,,,,116
2010,2010-03-31,19423,194239,山梨県,南都留郡西桂町,town,19423,4745,169,262,278,315,255,206,251,324,306,342,328,338,318,293,232,210,,,,,,318,2319,85,133,142,158,120,91,123,172,153,172,170,172,166,128,112,101,,,,,,121,2426,84,129,136,157,135,115,128,152,153,170,158,166,152,165,120,109,,,,,,197
2010,2010-03-31,19424,194247,山梨県,南都留郡忍野村,village,19424,8897,492,466,513,466,548,865,671,606,618,641,583,603,511,361,275,281,,,,,,397,4721,245,237,282,250,337,586,368,313,330,356,295,301,273,185,122,131,,,,,,110,4176,247,229,231,216,211,279,303,293,288,285,288,302,238,176,153,150,,,,,,287
2010,2010-03-31,19425,194255,山梨県,南都留郡山中湖村,village,19425,5933,241,258,263,326,334,313,312,377,368,424,415,472,536,375,324,254,,,,,,341,2964,117,130,148,164,172,167,173,191,180,217,219,237,270,198,142,131,,,,,,108,2969,124,128,115,162,162,146,139,186,188,207,196,235,266,177,182,123,,,,,,233
2010,2010-03-31,19429,194298,山梨県,南都留郡鳴沢村,village,19429,3166,111,160,174,161,161,155,150,200,226,204,197,253,248,228,182,129,,,,,,227,1559,54,84,78,82,90,91,72,93,125,100,104,138,121,112,94,56,,,,,,65,1607,57,76,96,79,71,64,78,107,101,104,93,115,127,116,88,73,,,,,,162
2010,2010-03-31,19430,194301,山梨県,南都留郡富士河口湖町,town,19430,25897,1165,1283,1428,1535,1382,1374,1613,1840,1929,1794,1680,1820,1693,1466,1215,1120,,,,,,1560,12728,601,663,707,781,696,690,809,943,991,924,879,914,845,701,562,469,,,,,,553,13169,564,620,721,754,686,684,804,897,938,870,801,906,848,765,653,651,,,,,,1007
2010,2010-03-31,19440,194409,山梨県,北都留郡,gun_agg,,1550,24,36,53,57,34,61,53,52,68,84,104,126,139,97,150,154,,,,,,258,747,6,24,19,26,18,40,25,32,32,46,59,73,82,37,66,65,,,,,,97,803,18,12,34,31,16,21,28,20,36,38,45,53,57,60,84,89,,,,,,161
2010,2010-03-31,19442,194425,山梨県,北都留郡小菅村,village,19442,842,17,24,32,39,14,33,28,33,43,30,58,71,89,54,79,63,,,,,,135,403,4,16,11,18,8,20,11,20,20,14,30,39,60,20,34,27,,,,,,51,439,13,8,21,21,6,13,17,13,23,16,28,32,29,34,45,36,,,,,,84
2010,2010-03-31,19443,194433,山梨県,北都留郡丹波山村,village,19443,708,7,12,21,18,20,28,25,19,25,54,46,55,50,43,71,91,,,,,,123,344,2,8,8,8,10,20,14,12,12,32,29,34,22,17,32,38,,,,,,46,364,5,4,13,10,10,8,11,7,13,22,17,21,28,26,39,53,,,,,,77
2010,2010-03-31,20000,200000,長野県,,pref,,2161572,90817,100529,106259,106031,98896,106391,130970,152085,135509,127554,128878,147700,162700,144495,120846,115137,,,,,,186775,1055513,46578,51599,54668,54013,51019,54933,67652,78871,69443,64718,65103,74037,80825,70146,56066,50565,,,,,,65277,1106059,44239,48930,51591,52018,47877,51458,63318,73214,66066,62836,63775,73663,81875,74349,64780,64572,,,,,,121498
2010,2010-03-31,20201,202011,長野県,長野市,city,20201,384854,16819,18413,18958,18528,17961,19684,24608,29182,25721,23763,23288,25545,28147,24778,20613,19135,,,,,,29711,186753,8536,9443,9738,9479,9050,9926,12439,14873,12931,11937,11655,12578,13862,11922,9451,8436,,,,,,10497,198101,8283,8970,9220,9049,8911,9758,12169,14309,12790,11826,11633,12967,14285,12856,11162,10699,,,,,,19214
2010,2010-03-31,20202,202029,長野県,松本市,city,20202,238602,11144,11491,11537,11340,11660,13099,16455,18958,16418,14398,13505,14785,16760,15009,12428,11732,,,,,,17883,117351,5832,6016,5843,5879,6200,6809,8397,9901,8419,7338,6871,7397,8225,7174,5671,5140,,,,,,6239,121251,5312,5475,5694,5461,5460,6290,8058,9057,7999,7060,6634,7388,8535,7835,6757,6592,,,,,,11644
2010,2010-03-31,20203,202037,長野県,上田市,city,20203,159525,6744,7477,7796,8020,7788,7872,9556,11351,10014,9431,9554,10870,11943,10710,8782,8207,,,,,,13410,78030,3434,3792,4033,4140,4069,4068,4946,6003,5107,4695,4816,5478,5879,5233,4099,3562,,,,,,4676,81495,3310,3685,3763,3880,3719,3804,4610,5348,4907,4736,4738,5392,6064,5477,4683,4645,,,,,,8734
2010,2010-03-31,20204,202045,長野県,岡谷市,city,20204,53329,2273,2425,2579,2438,2256,2482,3425,3956,3373,2957,2763,3421,4204,4055,3389,2922,,,,,,4411,25994,1164,1236,1337,1240,1175,1286,1777,2087,1809,1491,1375,1637,2039,1924,1592,1284,,,,,,1541,27335,1109,1189,1242,1198,1081,1196,1648,1869,1564,1466,1388,1784,2165,2131,1797,1638,,,,,,2870
2010,2010-03-31,20205,202053,長野県,飯田市,city,20205,105535,4610,5052,5159,5195,4439,5029,6054,6918,6068,6034,6346,7130,7829,6963,6115,6186,,,,,,10408,50495,2330,2534,2631,2610,2174,2517,3126,3527,3105,3019,3117,3575,3820,3346,2799,2655,,,,,,3610,55040,2280,2518,2528,2585,2265,2512,2928,3391,2963,3015,3229,3555,4009,3617,3316,3531,,,,,,6798
2010,2010-03-31,20206,202061,長野県,諏訪市,city,20206,50862,2313,2342,2505,2290,2331,2660,3422,4054,3399,2759,2819,3184,3862,3764,2833,2437,,,,,,3888,24960,1208,1195,1287,1131,1236,1371,1785,2160,1765,1447,1432,1549,1891,1773,1315,1059,,,,,,1356,25902,1105,1147,1218,1159,1095,1289,1637,1894,1634,1312,1387,1635,1971,1991,1518,1378,,,,,,2532
2010,2010-03-31,20207,202070,長野県,須坂市,city,20207,52871,2153,2508,2652,2653,2300,2519,3198,3759,3265,3051,3066,3692,4297,3804,3020,2679,,,,,,4255,25638,1073,1305,1335,1348,1146,1288,1667,1910,1711,1499,1511,1783,2089,1889,1383,1214,,,,,,1487,27233,1080,1203,1317,1305,1154,1231,1531,1849,1554,1552,1555,1909,2208,1915,1637,1465,,,,,,2768
2010,2010-03-31,20208,202088,長野県,小諸市,city,20208,43819,1919,1962,2160,2239,1904,2157,2764,2969,2620,2575,2685,3249,3473,2927,2321,2241,,,,,,3654,21557,991,1003,1112,1160,938,1120,1407,1561,1331,1354,1378,1671,1743,1470,1072,994,,,,,,1252,22262,928,959,1048,1079,966,1037,1357,1408,1289,1221,1307,1578,1730,1457,1249,1247,,,,,,2402
2010,2010-03-31,20209,202096,長野県,伊那市,city,20209,70276,3141,3418,3466,3637,3194,3299,4137,4826,4197,4156,4297,4695,5054,4548,3874,3912,,,,,,6425,34360,1622,1758,1754,1811,1643,1716,2197,2521,2170,2102,2208,2420,2468,2183,1788,1730,,,,,,2269,35916,1519,1660,1712,1826,1551,1583,1940,2305,2027,2054,2089,2275,2586,2365,2086,2182,,,,,,4156
2010,2010-03-31,20210,202100,長野県,駒ヶ根市,city,20210,33846,1516,1688,1715,1745,1508,1739,2031,2446,2157,1966,2008,2166,2396,2286,1809,1793,,,,,,2877,16638,787,855,889,880,784,958,1057,1274,1112,1001,1034,1093,1166,1089,873,787,,,,,,999,17208,729,833,826,865,724,781,974,1172,1045,965,974,1073,1230,1197,936,1006,,,,,,1878
2010,2010-03-31,20211,202118,長野県,中野市,city,20211,46965,1934,2266,2406,2462,2293,2356,2814,3103,2822,2838,2948,3438,3503,2860,2562,2451,,,,,,3909,22968,1023,1128,1247,1254,1178,1200,1437,1586,1427,1437,1476,1780,1768,1370,1203,1076,,,,,,1378,23997,911,1138,1159,1208,1115,1156,1377,1517,1395,1401,1472,1658,1735,1490,1359,1375,,,,,,2531
2010,2010-03-31,20212,202126,長野県,大町市,city,20212,30380,1004,1238,1547,1476,1149,1274,1571,1888,1821,1690,1807,2200,2532,2232,1933,1914,,,,,,3104,14774,530,606,811,770,607,653,850,961,978,854,916,1107,1256,1102,872,832,,,,,,1069,15606,474,632,736,706,542,621,721,927,843,836,891,1093,1276,1130,1061,1082,,,,,,2035
2010,2010-03-31,20213,202134,長野県,飯山市,city,20213,24401,833,994,1200,1301,1062,1131,1260,1329,1256,1429,1547,1872,1887,1481,1526,1598,,,,,,2695,11817,439,525,629,644,522,597,650,678,646,716,801,943,1008,728,668,665,,,,,,958,12584,394,469,571,657,540,534,610,651,610,713,746,929,879,753,858,933,,,,,,1737
2010,2010-03-31,20214,202142,長野県,茅野市,city,20214,56137,2644,2895,2763,2595,2692,2931,3775,4259,3697,3125,3220,3739,4357,3877,3017,2496,,,,,,4055,27870,1386,1456,1445,1378,1383,1525,1979,2229,1979,1586,1622,1847,2178,1866,1493,1118,,,,,,1400,28267,1258,1439,1318,1217,1309,1406,1796,2030,1718,1539,1598,1892,2179,2011,1524,1378,,,,,,2655
2010,2010-03-31,20215,202151,長野県,塩尻市,city,20215,67208,2960,3136,3400,3262,3234,3948,4542,5053,4677,4025,3886,4441,4845,4324,3486,3092,,,,,,4897,33447,1510,1574,1740,1677,1732,2119,2456,2620,2423,2093,1973,2241,2390,2123,1684,1410,,,,,,1682,33761,1450,1562,1660,1585,1502,1829,2086,2433,2254,1932,1913,2200,2455,2201,1802,1682,,,,,,3215
2010,2010-03-31,20217,202177,長野県,佐久市,city,20217,99830,4279,4729,5247,5143,4663,5016,6016,6610,6028,6070,6183,7157,6959,6097,5277,5343,,,,,,9013,49062,2189,2468,2676,2613,2389,2617,3134,3443,3068,3120,3153,3617,3553,3030,2468,2379,,,,,,3145,50768,2090,2261,2571,2530,2274,2399,2882,3167,2960,2950,3030,3540,3406,3067,2809,2964,,,,,,5868
2010,2010-03-31,20218,202185,長野県,千曲市,city,20218,62721,2364,2894,3126,3186,2935,2960,3562,4453,3825,3550,3817,4264,4962,4570,3581,3361,,,,,,5311,30581,1212,1475,1671,1613,1534,1549,1804,2277,1980,1764,1925,2101,2499,2204,1666,1433,,,,,,1874,32140,1152,1419,1455,1573,1401,1411,1758,2176,1845,1786,1892,2163,2463,2366,1915,1928,,,,,,3437
2010,2010-03-31,20219,202193,長野県,東御市,city,20219,31147,1314,1466,1616,1614,1563,1563,1846,2116,1812,1830,1966,2333,2360,1982,1611,1534,,,,,,2621,15339,663,772,842,823,833,807,950,1096,892,927,973,1210,1166,1034,774,675,,,,,,902,15808,651,694,774,791,730,756,896,1020,920,903,993,1123,1194,948,837,859,,,,,,1719
2010,2010-03-31,20220,202207,長野県,安曇野市,city,20220,97481,3944,4667,4940,4741,4163,4544,6076,7216,6512,5917,5689,6621,7695,6763,5371,4957,,,,,,7665,47508,2022,2466,2513,2337,2131,2284,3122,3736,3328,2988,2840,3183,3787,3332,2499,2195,,,,,,2745,49973,1922,2201,2427,2404,2032,2260,2954,3480,3184,2929,2849,3438,3908,3431,2872,2762,,,,,,4920
2010,2010-03-31,20300,203009,長野県,南佐久郡,gun_agg,,27552,900,1107,1389,1547,1340,1146,1198,1380,1497,1635,1827,2071,1891,1722,1687,1915,,,,,,3300,13447,470,585,714,769,712,618,593,718,767,813,941,1123,1009,823,780,855,,,,,,1157,14105,430,522,675,778,628,528,605,662,730,822,886,948,882,899,907,1060,,,,,,2143
2010,2010-03-31,20303,203033,長野県,南佐久郡小海町,town,20303,5365,151,193,231,294,241,218,235,246,297,295,317,427,393,357,375,376,,,,,,719,2584,80,109,117,145,129,119,111,129,155,149,151,230,202,166,173,173,,,,,,246,2781,71,84,114,149,112,99,124,117,142,146,166,197,191,191,202,203,,,,,,473
2010,2010-03-31,20304,203041,長野県,南佐久郡川上村,village,20304,4315,156,221,262,285,236,183,198,221,240,268,304,293,273,253,243,247,,,,,,432,2170,83,119,146,140,131,99,103,110,120,131,159,172,149,126,121,111,,,,,,150,2145,73,102,116,145,105,84,95,111,120,137,145,121,124,127,122,136,,,,,,282
2010,2010-03-31,20305,203050,長野県,南佐久郡南牧村,village,20305,3300,142,160,165,180,183,140,147,165,183,209,219,246,222,161,163,222,,,,,,393,1604,69,74,85,97,88,70,73,82,94,103,116,137,130,75,67,102,,,,,,142,1696,73,86,80,83,95,70,74,83,89,106,103,109,92,86,96,120,,,,,,251
2010,2010-03-31,20306,203068,長野県,南佐久郡南相木村,village,20306,1151,34,43,67,55,34,29,55,52,52,68,71,70,78,61,88,143,,,,,,151,561,20,19,37,25,24,13,25,30,23,41,40,37,40,32,32,67,,,,,,56,590,14,24,30,30,10,16,30,22,29,27,31,33,38,29,56,76,,,,,,95
2010,2010-03-31,20307,203076,長野県,南佐久郡北相木村,village,20307,845,19,23,32,48,40,18,20,27,42,51,73,53,46,58,56,88,,,,,,151,401,10,15,17,22,21,12,9,21,21,19,36,36,26,26,22,32,,,,,,56,444,9,8,15,26,19,6,11,6,21,32,37,17,20,32,34,56,,,,,,95
2010,2010-03-31,20309,203092,長野県,南佐久郡佐久穂町,town,20309,12576,398,467,632,685,606,558,543,669,683,744,843,982,879,832,762,839,,,,,,1454,6127,208,249,312,340,319,305,272,346,354,370,439,511,462,398,365,370,,,,,,507,6449,190,218,320,345,287,253,271,323,329,374,404,471,417,434,397,469,,,,,,947
2010,2010-03-31,20320,203203,長野県,北佐久郡,gun_agg,,41639,1633,1983,2085,1937,1923,2014,2398,2966,2883,2639,2593,3060,3319,2750,2196,1969,,,,,,3291,20473,814,1020,1120,1001,955,1058,1201,1508,1480,1365,1289,1582,1678,1347,1035,883,,,,,,1137,21166,819,963,965,936,968,956,1197,1458,1403,1274,1304,1478,1641,1403,1161,1086,,,,,,2154
2010,2010-03-31,20321,203211,長野県,北佐久郡軽井沢町,town,20321,18993,717,836,923,831,877,859,1087,1385,1440,1217,1129,1417,1593,1379,1063,878,,,,,,1362,9195,349,424,508,424,412,435,525,677,735,614,548,726,804,653,489,402,,,,,,470,9798,368,412,415,407,465,424,562,708,705,603,581,691,789,726,574,476,,,,,,892
2010,2010-03-31,20323,203238,長野県,北佐久郡御代田町,town,20323,14616,673,821,761,694,719,806,931,1104,983,904,953,1043,1054,848,673,616,,,,,,1033,7344,346,441,405,364,390,448,467,573,518,474,476,534,541,417,332,264,,,,,,354,7272,327,380,356,330,329,358,464,531,465,430,477,509,513,431,341,352,,,,,,679
2010,2010-03-31,20324,203246,長野県,北佐久郡立科町,town,20324,8030,243,326,401,412,327,349,380,477,460,518,511,600,672,523,460,475,,,,,,896,3934,119,155,207,213,153,175,209,258,227,277,265,322,333,277,214,217,,,,,,313,4096,124,171,194,199,174,174,171,219,233,241,246,278,339,246,246,258,,,,,,583
2010,2010-03-31,20340,203408,長野県,小県郡,gun_agg,,11936,417,428,506,549,561,467,531,606,592,662,785,917,979,840,749,829,,,,,,1518,5847,226,227,250,271,300,239,295,298,309,341,403,470,502,428,359,366,,,,,,563,6089,191,201,256,278,261,228,236,308,283,321,382,447,477,412,390,463,,,,,,955
2010,2010-03-31,20349,203491,長野県,小県郡青木村,village,20349,4815,186,179,220,200,211,192,216,277,263,260,276,358,400,375,289,321,,,,,,592,2329,97,91,110,100,117,96,116,132,137,135,135,184,202,191,139,150,,,,,,197,2486,89,88,110,100,94,96,100,145,126,125,141,174,198,184,150,171,,,,,,395
2010,2010-03-31,20350,203505,長野県,小県郡長和町,town,20350,7121,231,249,286,349,350,275,315,329,329,402,509,559,579,465,460,508,,,,,,926,3518,129,136,140,171,183,143,179,166,172,206,268,286,300,237,220,216,,,,,,366,3603,102,113,146,178,167,132,136,163,157,196,241,273,279,228,240,292,,,,,,560
2010,2010-03-31,20360,203602,長野県,諏訪郡,gun_agg,,45152,1778,1848,2019,2062,1965,2114,2493,2984,2628,2497,2678,3074,3604,3435,2814,2678,,,,,,4481,22111,911,914,1033,1040,1044,1129,1370,1577,1378,1335,1343,1527,1746,1655,1330,1153,,,,,,1626,23041,867,934,986,1022,921,985,1123,1407,1250,1162,1335,1547,1858,1780,1484,1525,,,,,,2855
2010,2010-03-31,20361,203611,長野県,諏訪郡下諏訪町,town,20361,21894,824,885,942,931,904,970,1222,1518,1285,1187,1108,1436,1795,1852,1545,1365,,,,,,2125,10599,439,437,499,454,453,519,659,799,699,631,546,678,844,878,749,592,,,,,,723,11295,385,448,443,477,451,451,563,719,586,556,562,758,951,974,796,773,,,,,,1402
2010,2010-03-31,20362,203629,長野県,諏訪郡富士見町,town,20362,15399,609,625,721,719,714,788,871,947,889,834,996,1061,1133,1079,828,928,,,,,,1657,7618,311,312,344,362,384,436,495,518,457,459,492,548,556,531,385,391,,,,,,637,7781,298,313,377,357,330,352,376,429,432,375,504,513,577,548,443,537,,,,,,1020
2010,2010-03-31,20363,203637,長野県,諏訪郡原村,village,20363,7859,345,338,356,412,347,356,400,519,454,476,574,577,676,504,441,385,,,,,,699,3894,161,165,190,224,207,174,216,260,222,245,305,301,346,246,196,170,,,,,,266,3965,184,173,166,188,140,182,184,259,232,231,269,276,330,258,245,215,,,,,,433
2010,2010-03-31,20380,203807,長野県,上伊那郡,gun_agg,,84676,3794,4033,4254,4286,3925,4228,5219,5860,5076,4868,4862,5866,6505,5840,4606,4361,,,,,,7093,41796,1951,2108,2187,2174,2071,2251,2749,3125,2594,2525,2462,2923,3201,2877,2125,1971,,,,,,2502,42880,1843,1925,2067,2112,1854,1977,2470,2735,2482,2343,2400,2943,3304,2963,2481,2390,,,,,,4591
2010,2010-03-31,20382,203823,長野県,上伊那郡辰野町,town,20382,21389,809,931,1006,1009,907,938,1183,1403,1188,1148,1187,1549,1774,1681,1382,1257,,,,,,2037,10481,405,476,526,511,486,500,638,756,613,589,577,769,871,837,641,560,,,,,,726,10908,404,455,480,498,421,438,545,647,575,559,610,780,903,844,741,697,,,,,,1311
2010,2010-03-31,20383,203831,長野県,上伊那郡箕輪町,town,20383,24822,1170,1233,1208,1195,1190,1324,1661,1850,1546,1379,1406,1712,1939,1663,1262,1179,,,,,,1905,12385,584,664,631,608,622,727,870,998,810,713,724,843,953,831,578,539,,,,,,690,12437,586,569,577,587,568,597,791,852,736,666,682,869,986,832,684,640,,,,,,1215
2010,2010-03-31,20384,203840,長野県,上伊那郡飯島町,town,20384,9945,347,390,466,499,467,437,487,553,524,592,642,742,787,725,601,622,,,,,,1064,4815,179,200,239,252,232,221,256,290,253,307,332,374,404,343,287,267,,,,,,379,5130,168,190,227,247,235,216,231,263,271,285,310,368,383,382,314,355,,,,,,685
2010,2010-03-31,20385,203858,長野県,上伊那郡南箕輪村,village,20385,14137,784,756,797,735,750,827,1073,1097,922,882,795,926,943,827,599,544,,,,,,880,7065,420,396,400,382,393,439,569,577,467,464,409,457,465,408,278,256,,,,,,285,7072,364,360,397,353,357,388,504,520,455,418,386,469,478,419,321,288,,,,,,595
2010,2010-03-31,20386,203866,長野県,上伊那郡中川村,village,20386,5288,219,214,239,349,241,257,261,266,271,307,344,398,403,359,304,305,,,,,,551,2572,113,111,125,163,134,140,138,137,137,155,162,213,193,182,136,133,,,,,,200,2716,106,103,114,186,107,117,123,129,134,152,182,185,210,177,168,172,,,,,,351
2010,2010-03-31,20388,203882,長野県,上伊那郡宮田村,village,20388,9095,465,509,538,499,370,445,554,691,625,560,488,539,659,585,458,454,,,,,,656,4478,250,261,266,258,204,224,278,367,314,297,258,267,315,276,205,216,,,,,,222,4617,215,248,272,241,166,221,276,324,311,263,230,272,344,309,253,238,,,,,,434
2010,2010-03-31,20400,204005,長野県,下伊那郡,gun_agg,,65096,2561,3001,3280,3267,2744,2795,3238,3604,3438,3539,3916,4607,4666,4302,4105,4089,,,,,,7944,31418,1312,1516,1704,1648,1391,1446,1646,1842,1742,1798,1961,2392,2408,2089,1903,1765,,,,,,2855,33678,1249,1485,1576,1619,1353,1349,1592,1762,1696,1741,1955,2215,2258,2213,2202,2324,,,,,,5089
2010,2010-03-31,20402,204021,長野県,下伊那郡松川町,town,20402,14036,501,655,777,831,579,615,739,833,846,863,847,1018,1002,956,844,762,,,,,,1368,6789,245,320,398,412,298,307,392,417,421,434,422,508,501,462,395,345,,,,,,512,7247,256,335,379,419,281,308,347,416,425,429,425,510,501,494,449,417,,,,,,856
2010,2010-03-31,20403,204030,長野県,下伊那郡高森町,town,20403,13475,702,730,698,612,578,645,857,899,766,735,770,921,997,886,748,695,,,,,,1236,6497,351,373,378,308,272,319,412,464,386,370,360,457,508,429,362,291,,,,,,457,6978,351,357,320,304,306,326,445,435,380,365,410,464,489,457,386,404,,,,,,779
2010,2010-03-31,20404,204048,長野県,下伊那郡阿南町,town,20404,5441,169,189,229,260,206,186,186,207,235,299,325,381,402,373,416,420,,,,,,958,2565,94,97,102,131,98,97,101,111,111,160,178,216,211,173,175,177,,,,,,333,2876,75,92,127,129,108,89,85,96,124,139,147,165,191,200,241,243,,,,,,625
2010,2010-03-31,20407,204072,長野県,下伊那郡阿智村,village,20407,6962,257,313,360,394,326,341,318,340,338,392,440,526,506,402,420,424,,,,,,865,3366,135,159,191,202,169,176,158,174,163,200,232,263,268,198,197,168,,,,,,313,3596,122,154,169,192,157,165,160,166,175,192,208,263,238,204,223,256,,,,,,552
2010,2010-03-31,20409,204099,長野県,下伊那郡平谷村,village,20409,517,16,16,23,20,38,27,9,25,13,26,41,31,18,27,37,47,,,,,,103,240,9,7,8,11,21,17,6,12,6,12,21,20,11,16,11,21,,,,,,31,277,7,9,15,9,17,10,3,13,7,14,20,11,7,11,26,26,,,,,,72
2010,2010-03-31,20410,204102,長野県,下伊那郡根羽村,village,20410,1157,23,37,45,46,45,35,32,37,34,58,87,82,83,74,104,113,,,,,,222,576,19,16,19,28,22,23,17,22,18,30,49,45,48,37,49,53,,,,,,81,581,4,21,26,18,23,12,15,15,16,28,38,37,35,37,55,60,,,,,,141
2010,2010-03-31,20411,204111,長野県,下伊那郡下條村,village,20411,4165,212,238,240,227,169,164,252,234,219,225,243,271,271,231,225,246,,,,,,498,2015,100,126,127,107,83,80,132,108,113,107,129,145,143,117,104,114,,,,,,180,2150,112,112,113,120,86,84,120,126,106,118,114,126,128,114,121,132,,,,,,318
2010,2010-03-31,20412,204129,長野県,下伊那郡売木村,village,20412,619,17,15,32,25,18,18,11,20,31,33,28,44,47,56,61,61,,,,,,102,282,8,9,15,12,8,6,4,13,14,16,10,25,27,20,30,27,,,,,,38,337,9,6,17,13,10,12,7,7,17,17,18,19,20,36,31,34,,,,,,64
2010,2010-03-31,20413,204137,長野県,下伊那郡天龍村,village,20413,1740,27,34,41,44,55,52,44,55,56,60,72,141,139,144,198,204,,,,,,374,804,13,9,24,21,26,29,29,31,34,33,33,82,72,66,96,89,,,,,,117,936,14,25,17,23,29,23,15,24,22,27,39,59,67,78,102,115,,,,,,257
2010,2010-03-31,20414,204145,長野県,下伊那郡泰阜村,village,20414,1868,60,61,91,94,101,61,45,71,91,99,110,125,125,111,150,155,,,,,,318,889,26,27,60,42,59,30,23,31,47,52,58,72,68,58,67,67,,,,,,102,979,34,34,31,52,42,31,22,40,44,47,52,53,57,53,83,88,,,,,,216
2010,2010-03-31,20415,204153,長野県,下伊那郡喬木村,village,20415,6874,278,342,329,295,283,296,371,457,359,332,435,496,500,509,351,406,,,,,,835,3372,152,180,180,151,149,166,191,237,198,158,222,256,249,269,168,160,,,,,,286,3502,126,162,149,144,134,130,180,220,161,174,213,240,251,240,183,246,,,,,,549
2010,2010-03-31,20416,204161,長野県,下伊那郡豊丘村,village,20416,7033,276,333,378,382,304,332,344,386,400,359,463,501,489,435,398,413,,,,,,840,3440,152,173,188,204,162,183,167,203,203,192,220,258,254,204,185,178,,,,,,314,3593,124,160,190,178,142,149,177,183,197,167,243,243,235,231,213,235,,,,,,526
2010,2010-03-31,20417,204170,長野県,下伊那郡大鹿村,village,20417,1209,23,38,37,37,42,23,30,40,50,58,55,70,87,98,153,143,,,,,,225,583,8,20,14,19,24,13,14,19,28,34,27,45,48,40,64,75,,,,,,91,626,15,18,23,18,18,10,16,21,22,24,28,25,39,58,89,68,,,,,,134
2010,2010-03-31,20420,204200,長野県,木曽郡,gun_agg,,31609,998,1112,1323,1459,1133,1147,1351,1533,1651,1764,1911,2370,2566,2419,2392,2468,,,,,,4012,15119,518,564,686,746,607,589,715,841,857,918,1029,1216,1311,1090,1075,1072,,,,,,1285,16490,480,548,637,713,526,558,636,692,794,846,882,1154,1255,1329,1317,1396,,,,,,2727
2010,2010-03-31,20422,204226,長野県,木曽郡上松町,town,20422,5349,167,173,234,256,199,195,214,259,276,292,348,390,382,410,386,448,,,,,,720,2589,89,98,126,139,120,110,118,156,149,156,182,194,197,189,161,189,,,,,,216,2760,78,75,108,117,79,85,96,103,127,136,166,196,185,221,225,259,,,,,,504
2010,2010-03-31,20423,204234,長野県,木曽郡南木曽町,town,20423,4932,175,167,184,225,157,203,237,197,256,265,303,366,381,361,357,376,,,,,,722,2337,92,73,94,101,92,104,116,101,138,132,168,180,192,176,164,153,,,,,,261,2595,83,94,90,124,65,99,121,96,118,133,135,186,189,185,193,223,,,,,,461
2010,2010-03-31,20425,204251,長野県,木曽郡木祖村,village,20425,3297,107,99,130,138,140,141,149,149,150,190,201,271,290,231,252,241,,,,,,418,1550,49,51,69,71,78,66,66,85,75,100,105,146,139,101,118,100,,,,,,131,1747,58,48,61,67,62,75,83,64,75,90,96,125,151,130,134,141,,,,,,287
2010,2010-03-31,20429,204293,長野県,木曽郡王滝村,village,20429,943,25,25,44,49,41,28,25,58,58,54,55,62,71,72,73,85,,,,,,118,442,14,12,21,27,19,10,14,34,28,27,34,29,43,31,33,32,,,,,,34,501,11,13,23,22,22,18,11,24,30,27,21,33,28,41,40,53,,,,,,84
2010,2010-03-31,20430,204307,長野県,木曽郡大桑村,village,20430,4270,113,175,199,196,156,141,172,198,230,239,232,345,347,314,339,356,,,,,,518,2047,60,90,103,101,74,73,96,105,116,121,127,169,187,134,161,146,,,,,,184,2223,53,85,96,95,82,68,76,93,114,118,105,176,160,180,178,210,,,,,,334
2010,2010-03-31,20432,204323,長野県,木曽郡木曽町,town,20432,12818,411,473,532,595,440,439,554,672,681,724,772,936,1095,1031,985,962,,,,,,1516,6154,214,240,273,307,224,226,305,360,351,382,413,498,553,459,438,452,,,,,,459,6664,197,233,259,288,216,213,249,312,330,342,359,438,542,572,547,510,,,,,,1057
2010,2010-03-31,20440,204404,長野県,東筑摩郡,gun_agg,,24232,804,1046,1164,1229,1021,1047,1271,1509,1414,1424,1464,1713,1915,1659,1380,1491,,,,,,2681,11834,404,531,614,629,525,536,684,770,756,742,770,869,955,840,640,659,,,,,,910,12398,400,515,550,600,496,511,587,739,658,682,694,844,960,819,740,832,,,,,,1771
2010,2010-03-31,20446,204463,長野県,東筑摩郡麻績村,village,20446,3103,70,110,124,138,111,115,126,137,159,163,168,224,224,237,233,246,,,,,,518,1440,40,52,58,74,52,64,71,67,80,81,105,106,120,114,109,99,,,,,,148,1663,30,58,66,64,59,51,55,70,79,82,63,118,104,123,124,147,,,,,,370
2010,2010-03-31,20448,204480,長野県,東筑摩郡生坂村,village,20448,2035,44,68,72,81,81,72,79,108,96,119,116,155,152,157,152,179,,,,,,304,1005,17,32,39,40,39,40,41,57,67,65,61,82,81,85,64,84,,,,,,111,1030,27,36,33,41,42,32,38,51,29,54,55,73,71,72,88,95,,,,,,193
2010,2010-03-31,20450,204501,長野県,東筑摩郡山形村,village,20450,8739,388,488,450,462,393,420,564,709,565,531,521,588,730,523,385,365,,,,,,657,4331,190,257,240,238,211,218,302,362,289,269,261,297,353,279,176,166,,,,,,223,4408,198,231,210,224,182,202,262,347,276,262,260,291,377,244,209,199,,,,,,434
2010,2010-03-31,20451,204510,長野県,東筑摩郡朝日村,village,20451,4898,170,201,304,333,228,198,237,294,321,336,350,319,337,291,259,294,,,,,,426,2403,88,94,166,160,113,88,130,140,171,177,184,169,172,141,131,130,,,,,,149,2495,82,107,138,173,115,110,107,154,150,159,166,150,165,150,128,164,,,,,,277
2010,2010-03-31,20452,204528,長野県,東筑摩郡筑北村,village,20452,5457,132,179,214,215,208,242,265,261,273,275,309,427,472,451,351,407,,,,,,776,2655,69,96,111,117,110,126,140,144,149,150,159,215,229,221,160,180,,,,,,279,2802,63,83,103,98,98,116,125,117,124,125,150,212,243,230,191,227,,,,,,497
2010,2010-03-31,20480,204803,長野県,北安曇郡,gun_agg,,33127,1190,1466,1565,1630,1323,1442,1854,2256,2005,2018,1993,2421,2890,2286,1892,1879,,,,,,3017,16190,590,739,812,841,703,767,958,1157,1010,1028,1028,1228,1425,1148,905,816,,,,,,1035,16937,600,727,753,789,620,675,896,1099,995,990,965,1193,1465,1138,987,1063,,,,,,1982
2010,2010-03-31,20481,204811,長野県,北安曇郡池田町,town,20481,10580,347,433,455,483,410,493,566,663,595,573,622,765,968,801,621,665,,,,,,1120,5082,172,216,240,221,206,265,307,348,308,281,304,378,465,406,300,294,,,,,,371,5498,175,217,215,262,204,228,259,315,287,292,318,387,503,395,321,371,,,,,,749
2010,2010-03-31,20482,204820,長野県,北安曇郡松川村,village,20482,10057,371,503,519,540,433,469,587,695,610,627,611,671,857,677,533,566,,,,,,788,4882,177,244,268,306,224,233,290,352,293,324,320,324,425,344,233,237,,,,,,288,5175,194,259,251,234,209,236,297,343,317,303,291,347,432,333,300,329,,,,,,500
2010,2010-03-31,20485,204854,長野県,北安曇郡白馬村,village,20485,9134,368,401,450,470,363,369,519,699,611,609,604,746,806,560,454,409,,,,,,696,4551,189,212,224,238,207,202,260,357,307,306,316,391,407,287,233,172,,,,,,243,4583,179,189,226,232,156,167,259,342,304,303,288,355,399,273,221,237,,,,,,453
2010,2010-03-31,20486,204862,長野県,北安曇郡小谷村,village,20486,3356,104,129,141,137,117,111,182,199,189,209,156,239,259,248,284,239,,,,,,413,1675,52,67,80,76,66,67,101,100,102,117,88,135,128,111,139,113,,,,,,133,1681,52,62,61,61,51,44,81,99,87,92,68,104,131,137,145,126,,,,,,280
2010,2010-03-31,20520,205206,長野県,埴科郡,gun_agg,,16169,617,694,724,828,722,749,924,1034,953,903,920,1131,1321,1308,969,933,,,,,,1439,7921,307,349,371,415,373,387,501,538,486,449,484,549,685,648,482,400,,,,,,497,8248,310,345,353,413,349,362,423,496,467,454,436,582,636,660,487,533,,,,,,942
2010,2010-03-31,20521,205214,長野県,埴科郡坂城町,town,20521,16169,617,694,724,828,722,749,924,1034,953,903,920,1131,1321,1308,969,933,,,,,,1439,7921,307,349,371,415,373,387,501,538,486,449,484,549,685,648,482,400,,,,,,497,8248,310,345,353,413,349,362,423,496,467,454,436,582,636,660,487,533,,,,,,942
2010,2010-03-31,20540,205401,長野県,上高井郡,gun_agg,,19209,721,859,981,976,897,864,1027,1254,1119,1122,1189,1457,1663,1316,1108,986,,,,,,1670,9355,358,464,508,471,424,440,554,663,549,534,582,732,847,674,521,449,,,,,,585,9854,363,395,473,505,473,424,473,591,570,588,607,725,816,642,587,537,,,,,,1085
2010,2010-03-31,20541,205419,長野県,上高井郡小布施町,town,20541,11465,436,515,592,541,511,532,634,783,658,651,663,834,1025,814,684,587,,,,,,1005,5562,216,276,309,259,246,267,340,405,314,314,324,406,513,422,322,270,,,,,,359,5903,220,239,283,282,265,265,294,378,344,337,339,428,512,392,362,317,,,,,,646
2010,2010-03-31,20543,205435,長野県,上高井郡高山村,village,20543,7744,285,344,389,435,386,332,393,471,461,471,526,623,638,502,424,399,,,,,,665,3793,142,188,199,212,178,173,214,258,235,220,258,326,334,252,199,179,,,,,,226,3951,143,156,190,223,208,159,179,213,226,251,268,297,304,250,225,220,,,,,,439
2010,2010-03-31,20560,205605,長野県,下高井郡,gun_agg,,23707,706,879,1068,1162,1052,999,1081,1222,1234,1409,1532,1895,1924,1592,1577,1633,,,,,,2742,11416,365,448,570,574,558,501,541,646,652,722,806,1007,993,765,689,675,,,,,,904,12291,341,431,498,588,494,498,540,576,582,687,726,888,931,827,888,958,,,,,,1838
2010,2010-03-31,20561,205613,長野県,下高井郡山ノ内町,town,20561,14374,399,515,644,695,622,596,670,759,787,850,904,1115,1184,1062,992,986,,,,,,1594,6947,216,272,345,347,317,304,338,401,425,444,478,585,589,499,442,407,,,,,,538,7427,183,243,299,348,305,292,332,358,362,406,426,530,595,563,550,579,,,,,,1056
2010,2010-03-31,20562,205621,長野県,下高井郡木島平村,village,20562,5283,177,218,233,270,258,241,222,271,237,282,352,460,419,297,323,357,,,,,,666,2550,84,102,131,127,145,109,108,147,126,138,187,253,232,149,145,145,,,,,,222,2733,93,116,102,143,113,132,114,124,111,144,165,207,187,148,178,212,,,,,,444
2010,2010-03-31,20563,205630,長野県,下高井郡野沢温泉村,village,20563,4050,130,146,191,197,172,162,189,192,210,277,276,320,321,233,262,290,,,,,,482,1919,65,74,94,100,96,88,95,98,101,140,141,169,172,117,102,123,,,,,,144,2131,65,72,97,97,76,74,94,94,109,137,135,151,149,116,160,167,,,,,,338
2010,2010-03-31,20580,205800,長野県,上水内郡,gun_agg,,25350,750,937,1045,1149,1116,1052,1184,1356,1268,1397,1658,2153,2205,1834,1638,1688,,,,,,2920,12331,377,487,526,602,588,528,617,708,647,717,845,1125,1162,897,767,753,,,,,,985,13019,373,450,519,547,528,524,567,648,621,680,813,1028,1043,937,871,935,,,,,,1935
2010,2010-03-31,20583,205834,長野県,上水内郡信濃町,town,20583,9713,286,358,375,409,398,365,446,540,481,548,625,882,868,734,642,653,,,,,,1103,4705,142,201,186,207,199,178,233,278,250,275,325,460,452,367,297,296,,,,,,359,5008,144,157,189,202,199,187,213,262,231,273,300,422,416,367,345,357,,,,,,744
2010,2010-03-31,20588,205885,長野県,上水内郡小川村,village,20588,3097,85,107,112,102,101,114,125,166,131,130,184,201,231,231,208,290,,,,,,579,1496,45,62,57,54,51,54,69,88,73,72,103,118,121,113,91,121,,,,,,204,1601,40,45,55,48,50,60,56,78,58,58,81,83,110,118,117,169,,,,,,375
2010,2010-03-31,20590,205907,長野県,上水内郡飯綱町,town,20590,12540,379,472,558,638,617,573,613,650,656,719,849,1070,1106,869,788,745,,,,,,1238,6130,190,224,283,341,338,296,315,342,324,370,417,547,589,417,379,336,,,,,,422,6410,189,248,275,297,279,277,298,308,332,349,432,523,517,452,409,409,,,,,,816
2010,2010-03-31,20600,206008,長野県,下水内郡,gun_agg,,2329,40,75,84,85,79,64,89,75,69,113,156,163,187,162,185,228,,,,,,475,1113,24,40,40,45,44,34,48,37,35,63,84,84,116,73,85,104,,,,,,157,1216,16,35,44,40,35,30,41,38,34,50,72,79,71,89,100,124,,,,,,318
2010,2010-03-31,20602,206024,長野県,下水内郡栄村,village,20602,2329,40,75,84,85,79,64,89,75,69,113,156,163,187,162,185,228,,,,,,475,1113,24,40,40,45,44,34,48,37,35,63,84,84,116,73,85,104,,,,,,157,1216,16,35,44,40,35,30,41,38,34,50,72,79,71,89,100,124,,,,,,318
2010,2010-03-31,21000,210005,岐阜県,,pref,,2083118,88681,98938,104396,104212,105720,110687,128353,151693,132819,125756,124144,146069,165083,140600,116342,100686,,,,,,138939,1014995,45312,50632,53412,53229,53830,56719,65963,77580,66664,62356,60967,71642,81690,67896,54080,44322,,,,,,48701,1068123,43369,48306,50984,50983,51890,53968,62390,74113,66155,63400,63177,74427,83393,72704,62262,56364,,,,,,90238
2010,2010-03-31,21201,212016,岐阜県,岐阜市,city,21201,410971,17548,19263,20183,19567,20688,21793,25881,31692,28513,25882,23914,26899,31785,28641,23978,20051,,,,,,24693,197469,8923,9835,10396,9842,10328,10969,13081,15867,14081,12769,11778,12949,15231,13428,10793,8628,,,,,,8571,213502,8625,9428,9787,9725,10360,10824,12800,15825,14432,13113,12136,13950,16554,15213,13185,11423,,,,,,16122
2010,2010-03-31,21202,212024,岐阜県,大垣市,city,21202,158959,7104,7675,7889,7980,8421,8955,10378,12002,10544,9786,9252,10699,11739,10482,8845,7431,,,,,,9777,77483,3597,3830,3980,4096,4403,4633,5370,6169,5281,4795,4522,5207,5800,4950,4088,3308,,,,,,3454,81476,3507,3845,3909,3884,4018,4322,5008,5833,5263,4991,4730,5492,5939,5532,4757,4123,,,,,,6323
2010,2010-03-31,21203,212032,岐阜県,高山市,city,21203,93452,4052,4561,4784,4523,3709,4441,5526,6444,5592,5549,5372,6479,7530,6462,5643,5152,,,,,,7633,44528,2064,2296,2444,2320,1853,2164,2795,3264,2783,2741,2614,3192,3624,2975,2566,2260,,,,,,2573,48924,1988,2265,2340,2203,1856,2277,2731,3180,2809,2808,2758,3287,3906,3487,3077,2892,,,,,,5060
2010,2010-03-31,21204,212041,岐阜県,多治見市,city,21204,115314,4550,5166,5949,6300,6118,6203,6770,8246,7999,7320,7448,8428,9678,8023,6129,4780,,,,,,6207,56271,2339,2723,3023,3209,3036,3117,3438,4187,3966,3600,3608,4214,4772,3867,2967,2141,,,,,,2064,59043,2211,2443,2926,3091,3082,3086,3332,4059,4033,3720,3840,4214,4906,4156,3162,2639,,,,,,4143
2010,2010-03-31,21205,212059,岐阜県,関市,city,21205,91488,4026,4468,4567,4656,4933,5117,5754,6487,5493,5435,5791,6780,7359,5713,4547,4163,,,,,,6199,44727,2078,2258,2387,2378,2463,2582,2960,3326,2746,2640,2840,3342,3733,2852,2107,1840,,,,,,2195,46761,1948,2210,2180,2278,2470,2535,2794,3161,2747,2795,2951,3438,3626,2861,2440,2323,,,,,,4004
2010,2010-03-31,21206,212067,岐阜県,中津川市,city,21206,83272,3416,3886,4116,4071,3983,4158,4696,5306,4785,4885,5073,5909,6301,5397,5070,4845,,,,,,7375,40380,1764,1979,2081,2086,2052,2201,2464,2727,2458,2437,2534,2930,3158,2579,2322,2070,,,,,,2538,42892,1652,1907,2035,1985,1931,1957,2232,2579,2327,2448,2539,2979,3143,2818,2748,2775,,,,,,4837
2010,2010-03-31,21207,212075,岐阜県,美濃市,city,21207,22943,758,848,1030,1118,1241,1186,1254,1334,1247,1341,1491,1925,1903,1473,1285,1331,,,,,,2178,11158,374,407,517,572,658,624,666,723,621,659,693,976,987,712,604,553,,,,,,812,11785,384,441,513,546,583,562,588,611,626,682,798,949,916,761,681,778,,,,,,1366
2010,2010-03-31,21208,212083,岐阜県,瑞浪市,city,21208,40020,1537,1777,1969,2379,2022,2132,2387,2608,2500,2372,2377,2756,3017,2582,2338,2125,,,,,,3142,19308,812,897,1014,1209,1006,1124,1252,1364,1223,1190,1170,1375,1495,1211,1045,909,,,,,,1012,20712,725,880,955,1170,1016,1008,1135,1244,1277,1182,1207,1381,1522,1371,1293,1216,,,,,,2130
2010,2010-03-31,21209,212091,岐阜県,羽島市,city,21209,67934,3066,3553,3717,3301,3636,3610,4483,5554,4719,4271,3840,4732,5336,4559,3608,2723,,,,,,3226,33641,1586,1844,1902,1700,1814,1831,2277,2893,2386,2141,1918,2326,2702,2286,1690,1242,,,,,,1103,34293,1480,1709,1815,1601,1822,1779,2206,2661,2333,2130,1922,2406,2634,2273,1918,1481,,,,,,2123
2010,2010-03-31,21210,212105,岐阜県,恵那市,city,21210,54771,2077,2379,2638,2733,2625,2603,2937,3294,2984,3128,3396,4034,4333,3642,3294,3339,,,,,,5335,26510,1059,1277,1347,1394,1355,1387,1529,1693,1508,1588,1670,2009,2163,1751,1469,1430,,,,,,1881,28261,1018,1102,1291,1339,1270,1216,1408,1601,1476,1540,1726,2025,2170,1891,1825,1909,,,,,,3454
2010,2010-03-31,21211,212113,岐阜県,美濃加茂市,city,21211,50114,2556,2663,2665,2669,2817,2931,3455,4000,3365,2963,2965,3235,3551,2828,2358,2071,,,,,,3022,24888,1254,1396,1343,1405,1455,1507,1775,2075,1768,1469,1491,1638,1812,1402,1085,914,,,,,,1099,25226,1302,1267,1322,1264,1362,1424,1680,1925,1597,1494,1474,1597,1739,1426,1273,1157,,,,,,1923
2010,2010-03-31,21212,212121,岐阜県,土岐市,city,21212,61031,2345,2584,2810,3096,3136,3011,3417,4156,3735,3831,3653,4233,4762,4408,3904,3451,,,,,,4499,29516,1196,1319,1455,1565,1582,1524,1745,2062,1958,1945,1778,2135,2342,2073,1783,1545,,,,,,1509,31515,1149,1265,1355,1531,1554,1487,1672,2094,1777,1886,1875,2098,2420,2335,2121,1906,,,,,,2990
2010,2010-03-31,21213,212130,岐阜県,各務原市,city,21213,145775,6743,7339,7472,6927,7421,8103,9975,11979,9987,8595,7829,9729,12281,10482,7801,5736,,,,,,7376,72073,3465,3718,3842,3496,3860,4272,5116,6158,5097,4367,3809,4590,5904,5269,3873,2608,,,,,,2629,73702,3278,3621,3630,3431,3561,3831,4859,5821,4890,4228,4020,5139,6377,5213,3928,3128,,,,,,4747
2010,2010-03-31,21214,212148,岐阜県,可児市,city,21214,95759,4308,4720,4805,4672,5132,5660,6575,7527,6016,5486,5738,7255,8510,6773,4605,3411,,,,,,4566,47525,2215,2394,2422,2450,2627,2919,3396,3840,3085,2704,2730,3477,4188,3547,2335,1543,,,,,,1653,48234,2093,2326,2383,2222,2505,2741,3179,3687,2931,2782,3008,3778,4322,3226,2270,1868,,,,,,2913
2010,2010-03-31,21215,212156,岐阜県,山県市,city,21215,29898,1014,1312,1493,1524,1612,1488,1593,1818,1719,1824,2029,2400,2554,2108,1724,1504,,,,,,2182,14658,512,686,750,786,842,768,859,915,867,906,997,1178,1317,1042,784,670,,,,,,779,15240,502,626,743,738,770,720,734,903,852,918,1032,1222,1237,1066,940,834,,,,,,1403
2010,2010-03-31,21216,212164,岐阜県,瑞穂市,city,21216,49410,2888,2736,2651,2514,2602,3280,3970,4641,3488,3027,2716,3110,3452,2821,1969,1538,,,,,,2007,24605,1500,1402,1346,1320,1313,1655,2042,2420,1763,1500,1343,1547,1692,1410,938,714,,,,,,700,24805,1388,1334,1305,1194,1289,1625,1928,2221,1725,1527,1373,1563,1760,1411,1031,824,,,,,,1307
2010,2010-03-31,21217,212172,岐阜県,飛騨市,city,21217,27715,938,1215,1291,1275,1059,1077,1350,1588,1524,1620,1580,1970,2267,2066,1982,1996,,,,,,2917,13361,460,646,645,669,568,586,723,827,768,835,783,970,1164,949,887,882,,,,,,999,14354,478,569,646,606,491,491,627,761,756,785,797,1000,1103,1117,1095,1114,,,,,,1918
2010,2010-03-31,21218,212181,岐阜県,本巣市,city,21218,35523,1686,1863,1826,1911,1772,1915,2146,2701,2171,1922,2089,2605,2958,2321,1801,1530,,,,,,2306,17361,887,961,933,1067,857,946,1094,1381,1092,940,1002,1268,1481,1144,855,672,,,,,,781,18162,799,902,893,844,915,969,1052,1320,1079,982,1087,1337,1477,1177,946,858,,,,,,1525
2010,2010-03-31,21219,212199,岐阜県,郡上市,city,21219,46716,1644,2032,2265,2495,2155,1851,2249,2545,2465,2833,2998,3457,3345,2844,2938,3256,,,,,,5344,22658,813,1084,1167,1273,1084,983,1152,1319,1247,1396,1547,1745,1715,1365,1321,1448,,,,,,1999,24058,831,948,1098,1222,1071,868,1097,1226,1218,1437,1451,1712,1630,1479,1617,1808,,,,,,3345
2010,2010-03-31,21220,212202,岐阜県,下呂市,city,21220,36980,1330,1493,1764,1790,1397,1393,1756,2055,1943,2159,2213,2679,2985,2697,2705,2639,,,,,,3982,17743,688,773,940,871,740,721,931,1046,955,1056,1106,1349,1479,1229,1226,1192,,,,,,1441,19237,642,720,824,919,657,672,825,1009,988,1103,1107,1330,1506,1468,1479,1447,,,,,,2541
2010,2010-03-31,21221,212211,岐阜県,海津市,city,21221,38662,1340,1708,1867,2106,2178,2123,2116,2463,2279,2396,2639,3266,3220,2548,2092,1778,,,,,,2543,18989,684,854,952,1039,1124,1057,1130,1248,1138,1190,1279,1645,1679,1288,986,772,,,,,,924,19673,656,854,915,1067,1054,1066,986,1215,1141,1206,1360,1621,1541,1260,1106,1006,,,,,,1619
2010,2010-03-31,21300,213004,岐阜県,羽島郡,gun_agg,,45450,2351,2393,2323,2142,2248,2758,3389,4050,3259,2702,2342,2748,3351,3136,2374,1842,,,,,,2042,22353,1201,1249,1165,1057,1152,1353,1718,2100,1657,1403,1165,1345,1652,1497,1138,811,,,,,,690,23097,1150,1144,1158,1085,1096,1405,1671,1950,1602,1299,1177,1403,1699,1639,1236,1031,,,,,,1352
2010,2010-03-31,21302,213021,岐阜県,羽島郡岐南町,town,21302,23307,1288,1197,1207,1141,1183,1550,1799,2205,1698,1425,1227,1437,1689,1500,1094,812,,,,,,855,11640,669,641,613,536,607,773,938,1150,875,750,609,724,843,730,528,371,,,,,,283,11667,619,556,594,605,576,777,861,1055,823,675,618,713,846,770,566,441,,,,,,572
2010,2010-03-31,21303,213039,岐阜県,羽島郡笠松町,town,21303,22143,1063,1196,1116,1001,1065,1208,1590,1845,1561,1277,1115,1311,1662,1636,1280,1030,,,,,,1187,10713,532,608,552,521,545,580,780,950,782,653,556,621,809,767,610,440,,,,,,407,11430,531,588,564,480,520,628,810,895,779,624,559,690,853,869,670,590,,,,,,780
2010,2010-03-31,21340,213403,岐阜県,養老郡,gun_agg,,32284,1241,1441,1494,1742,1869,1762,1844,2101,1837,1911,2188,2630,2749,2111,1619,1562,,,,,,2183,15837,632,735,760,901,941,910,934,1140,895,921,1072,1316,1440,1029,772,677,,,,,,762,16447,609,706,734,841,928,852,910,961,942,990,1116,1314,1309,1082,847,885,,,,,,1421
2010,2010-03-31,21341,213411,岐阜県,養老郡養老町,town,21341,32284,1241,1441,1494,1742,1869,1762,1844,2101,1837,1911,2188,2630,2749,2111,1619,1562,,,,,,2183,15837,632,735,760,901,941,910,934,1140,895,921,1072,1316,1440,1029,772,677,,,,,,762,16447,609,706,734,841,928,852,910,961,942,990,1116,1314,1309,1082,847,885,,,,,,1421
2010,2010-03-31,21360,213608,岐阜県,不破郡,gun_agg,,36240,1523,1672,1764,1796,1832,1908,2114,2550,2146,2060,2165,2699,3116,2493,2011,1824,,,,,,2567,17785,791,852,922,902,946,1010,1118,1331,1096,985,1067,1310,1579,1256,954,808,,,,,,858,18455,732,820,842,894,886,898,996,1219,1050,1075,1098,1389,1537,1237,1057,1016,,,,,,1709
2010,2010-03-31,21361,213616,岐阜県,不破郡垂井町,town,21361,28002,1270,1365,1423,1372,1432,1540,1719,2066,1681,1599,1638,2041,2370,1877,1475,1294,,,,,,1840,13737,656,704,740,674,733,806,896,1083,845,765,808,994,1189,960,704,563,,,,,,617,14265,614,661,683,698,699,734,823,983,836,834,830,1047,1181,917,771,731,,,,,,1223
2010,2010-03-31,21362,213624,岐阜県,不破郡関ケ原町,town,21362,8238,253,307,341,424,400,368,395,484,465,461,527,658,746,616,536,530,,,,,,727,4048,135,148,182,228,213,204,222,248,251,220,259,316,390,296,250,245,,,,,,241,4190,118,159,159,196,187,164,173,236,214,241,268,342,356,320,286,285,,,,,,486
2010,2010-03-31,21380,213802,岐阜県,安八郡,gun_agg,,45529,2168,2342,2444,2145,2231,2663,3099,3636,2838,2445,2654,3302,3724,3084,2343,1880,,,,,,2531,22617,1094,1194,1277,1108,1158,1377,1591,1904,1484,1244,1262,1635,1840,1552,1159,830,,,,,,908,22912,1074,1148,1167,1037,1073,1286,1508,1732,1354,1201,1392,1667,1884,1532,1184,1050,,,,,,1623
2010,2010-03-31,21381,213811,岐阜県,安八郡神戸町,town,21381,20356,865,973,1027,952,1024,1127,1350,1487,1259,1036,1170,1511,1803,1540,1155,917,,,,,,1160,10049,438,515,534,493,514,592,690,765,644,514,552,716,893,765,584,416,,,,,,424,10307,427,458,493,459,510,535,660,722,615,522,618,795,910,775,571,501,,,,,,736
2010,2010-03-31,21382,213829,岐阜県,安八郡輪之内町,town,21382,9786,526,532,550,458,475,663,693,834,601,537,589,737,704,533,421,384,,,,,,549,4883,267,258,289,238,266,334,358,436,316,279,278,383,360,281,195,167,,,,,,178,4903,259,274,261,220,209,329,335,398,285,258,311,354,344,252,226,217,,,,,,371
2010,2010-03-31,21383,213837,岐阜県,安八郡安八町,town,21383,15387,777,837,867,735,732,873,1056,1315,978,872,895,1054,1217,1011,767,579,,,,,,822,7685,389,421,454,377,378,451,543,703,524,451,432,536,587,506,380,247,,,,,,306,7702,388,416,413,358,354,422,513,612,454,421,463,518,630,505,387,332,,,,,,516
2010,2010-03-31,21400,214001,岐阜県,揖斐郡,gun_agg,,73537,2986,3772,4030,3902,3898,3764,4063,5156,4390,4361,4384,5263,5996,4876,3955,3568,,,,,,5173,35878,1552,1897,2069,1977,1985,1980,2087,2645,2111,2207,2176,2553,2980,2394,1868,1550,,,,,,1847,37659,1434,1875,1961,1925,1913,1784,1976,2511,2279,2154,2208,2710,3016,2482,2087,2018,,,,,,3326
2010,2010-03-31,21401,214019,岐阜県,揖斐郡揖斐川町,town,21401,24685,821,1037,1110,1151,1313,1152,1195,1459,1252,1381,1539,1887,2120,1697,1588,1533,,,,,,2450,11845,421,525,557,568,690,567,629,757,611,695,757,942,1087,789,732,671,,,,,,847,12840,400,512,553,583,623,585,566,702,641,686,782,945,1033,908,856,862,,,,,,1603
2010,2010-03-31,21403,214035,岐阜県,揖斐郡大野町,town,21403,24062,1056,1378,1445,1334,1253,1287,1411,1783,1579,1490,1411,1706,1932,1566,1158,974,,,,,,1299,11820,554,710,740,688,637,661,712,921,759,755,684,796,953,799,543,423,,,,,,485,12242,502,668,705,646,616,626,699,862,820,735,727,910,979,767,615,551,,,,,,814
2010,2010-03-31,21404,214043,岐阜県,揖斐郡池田町,town,21404,24790,1109,1357,1475,1417,1332,1325,1457,1914,1559,1490,1434,1670,1944,1613,1209,1061,,,,,,1424,12213,577,662,772,721,658,752,746,967,741,757,735,815,940,806,593,456,,,,,,515,12577,532,695,703,696,674,573,711,947,818,733,699,855,1004,807,616,605,,,,,,909
2010,2010-03-31,21420,214205,岐阜県,本巣郡,gun_agg,,18079,985,985,1048,1005,933,1104,1333,1544,1251,1196,998,1118,1224,1103,837,639,,,,,,776,8747,496,501,523,530,498,554,651,746,596,571,499,521,611,494,377,300,,,,,,279,9332,489,484,525,475,435,550,682,798,655,625,499,597,613,609,460,339,,,,,,497
2010,2010-03-31,21421,214213,岐阜県,本巣郡北方町,town,21421,18079,985,985,1048,1005,933,1104,1333,1544,1251,1196,998,1118,1224,1103,837,639,,,,,,776,8747,496,501,523,530,498,554,651,746,596,571,499,521,611,494,377,300,,,,,,279,9332,489,484,525,475,435,550,682,798,655,625,499,597,613,609,460,339,,,,,,497
2010,2010-03-31,21500,215007,岐阜県,加茂郡,gun_agg,,54414,1751,2164,2552,2758,2831,2517,2690,2909,2861,3183,3605,4067,4390,3553,3445,3558,,,,,,5580,26625,903,1129,1299,1437,1488,1331,1451,1519,1446,1547,1810,2088,2289,1644,1550,1586,,,,,,2108,27789,848,1035,1253,1321,1343,1186,1239,1390,1415,1636,1795,1979,2101,1909,1895,1972,,,,,,3472
2010,2010-03-31,21501,215015,岐阜県,加茂郡坂祝町,town,21501,7839,346,340,368,419,499,468,529,532,442,476,564,607,686,457,353,313,,,,,,440,4034,190,183,198,235,273,272,312,303,229,223,269,324,344,241,165,129,,,,,,144,3805,156,157,170,184,226,196,217,229,213,253,295,283,342,216,188,184,,,,,,296
2010,2010-03-31,21502,215023,岐阜県,加茂郡富加町,town,21502,5621,229,224,271,286,356,301,356,304,303,344,373,441,478,353,280,292,,,,,,430,2740,117,127,122,152,191,156,184,152,144,166,175,224,256,181,115,128,,,,,,150,2881,112,97,149,134,165,145,172,152,159,178,198,217,222,172,165,164,,,,,,280
2010,2010-03-31,21503,215031,岐阜県,加茂郡川辺町,town,21503,10739,400,455,558,591,587,540,551,695,604,663,662,768,826,675,627,587,,,,,,950,5295,200,236,297,314,319,261,287,353,303,325,344,386,437,314,293,252,,,,,,374,5444,200,219,261,277,268,279,264,342,301,338,318,382,389,361,334,335,,,,,,576
2010,2010-03-31,21504,215040,岐阜県,加茂郡七宗町,town,21504,4745,116,160,186,231,218,192,193,202,210,256,304,368,403,362,343,350,,,,,,651,2285,57,82,100,116,106,96,108,111,104,120,164,186,206,160,159,159,,,,,,251,2460,59,78,86,115,112,96,85,91,106,136,140,182,197,202,184,191,,,,,,400
2010,2010-03-31,21505,215058,岐阜県,加茂郡八百津町,town,21505,12609,334,503,573,595,605,557,588,650,699,688,860,943,1026,861,857,905,,,,,,1365,6132,173,258,302,298,301,294,308,338,371,342,439,458,538,404,375,394,,,,,,539,6477,161,245,271,297,304,263,280,312,328,346,421,485,488,457,482,511,,,,,,826
2010,2010-03-31,21506,215066,岐阜県,加茂郡白川町,town,21506,10112,259,364,475,502,448,362,374,429,456,569,687,752,771,651,782,846,,,,,,1385,4829,132,182,228,255,236,198,202,209,227,267,338,419,404,274,358,383,,,,,,517,5283,127,182,247,247,212,164,172,220,229,302,349,333,367,377,424,463,,,,,,868
2010,2010-03-31,21507,215074,岐阜県,加茂郡東白川村,village,21507,2749,67,118,121,134,118,97,99,97,147,187,155,188,200,194,203,265,,,,,,359,1310,34,61,52,67,62,54,50,53,68,104,81,91,104,70,85,141,,,,,,133,1439,33,57,69,67,56,43,49,44,79,83,74,97,96,124,118,124,,,,,,226
2010,2010-03-31,21520,215201,岐阜県,可児郡,gun_agg,,19112,676,833,877,1038,1149,1107,1058,1189,1087,1178,1306,1533,1535,1241,1023,864,,,,,,1418,9438,338,449,458,532,603,592,563,637,537,561,649,761,790,632,486,375,,,,,,475,9674,338,384,419,506,546,515,495,552,550,617,657,772,745,609,537,489,,,,,,943
2010,2010-03-31,21521,215210,岐阜県,可児郡御嵩町,town,21521,19112,676,833,877,1038,1149,1107,1058,1189,1087,1178,1306,1533,1535,1241,1023,864,,,,,,1418,9438,338,449,458,532,603,592,563,637,537,561,649,761,790,632,486,375,,,,,,475,9674,338,384,419,506,546,515,495,552,550,617,657,772,745,609,537,489,,,,,,943
2010,2010-03-31,21600,216003,岐阜県,大野郡,gun_agg,,1766,74,95,113,77,72,74,95,118,82,95,99,129,132,133,119,99,,,,,,160,863,35,47,53,38,39,42,55,54,51,49,55,51,71,69,52,44,,,,,,58,903,39,48,60,39,33,32,40,64,31,46,44,78,61,64,67,55,,,,,,102
2010,2010-03-31,21604,216046,岐阜県,大野郡白川村,village,21604,1766,74,95,113,77,72,74,95,118,82,95,99,129,132,133,119,99,,,,,,160,863,35,47,53,38,39,42,55,54,51,49,55,51,71,69,52,44,,,,,,58,903,39,48,60,39,33,32,40,64,31,46,44,78,61,64,67,55,,,,,,102
2010,2010-03-31,22000,220001,静岡県,,pref,,3769685,162420,172867,177598,180051,187982,208592,240810,281434,248958,229986,231679,268223,293675,255215,207967,177127,,,,,,245101,1862426,83189,89161,91067,92389,97457,109298,125688,146064,128820,117752,117595,134643,145571,123801,97940,77541,,,,,,84450,1907259,79231,83706,86531,87662,90525,99294,115122,135370,120138,112234,114084,133580,148104,131414,110027,99586,,,,,,160651
2010,2010-03-31,22100,221007,静岡県,静岡市,city_agg,,717578,28784,31299,32679,32961,34970,38961,44987,54606,49357,44680,42926,50225,56435,51254,41584,34933,,,,,,46937,350088,14814,16048,16866,17018,17903,19797,23073,27966,24896,22569,21481,25046,27583,24603,19334,15163,,,,,,15928,367490,13970,15251,15813,15943,17067,19164,21914,26640,24461,22111,21445,25179,28852,26651,22250,19770,,,,,,31009
2010,2010-03-31,22101,221015,静岡県,静岡市葵区,ward,22100,257790,9958,11183,11579,11849,12053,13622,15522,19123,17197,16324,16025,18354,20258,18503,15030,13096,,,,,,18114,124484,5204,5775,5983,6103,5970,6730,7951,9690,8557,8096,7947,9091,9810,8779,7043,5689,,,,,,6066,133306,4754,5408,5596,5746,6083,6892,7571,9433,8640,8228,8078,9263,10448,9724,7987,7407,,,,,,12048
2010,2010-03-31,22102,221023,静岡県,静岡市駿河区,ward,22100,209550,9449,9498,9773,9589,10849,12489,14610,17345,15591,13193,12260,13871,15376,13787,11206,9039,,,,,,11625,103727,4878,4822,5058,4959,5648,6441,7567,8910,7978,6776,6234,6932,7518,6592,5340,4023,,,,,,4051,105823,4571,4676,4715,4630,5201,6048,7043,8435,7613,6417,6026,6939,7858,7195,5866,5016,,,,,,7574
2010,2010-03-31,22103,221031,静岡県,静岡市清水区,ward,22100,250238,9377,10618,11327,11523,12068,12850,14855,18138,16569,15163,14641,18000,20801,18964,15348,12798,,,,,,17198,121877,4732,5451,5825,5956,6285,6626,7555,9366,8361,7697,7300,9023,10255,9232,6951,5451,,,,,,5811,128361,4645,5167,5502,5567,5783,6224,7300,8772,8208,7466,7341,8977,10546,9732,8397,7347,,,,,,11387
2010,2010-03-31,22130,221309,静岡県,浜松市,city_agg,,792446,36339,37514,37935,37450,40787,46464,52531,60892,53044,48923,49217,53850,58337,50161,41885,36415,,,,,,50702,394388,18613,19548,19489,19163,21151,24425,27384,31547,27669,25405,25307,27187,29209,24404,19882,16165,,,,,,17840,398058,17726,17966,18446,18287,19636,22039,25147,29345,25375,23518,23910,26663,29128,25757,22003,20250,,,,,,32862
2010,2010-03-31,22131,221317,静岡県,浜松市中区,ward,22130,233307,10174,10486,10882,10886,12511,14250,15437,18297,16769,15450,14942,15484,16763,14250,12150,10718,,,,,,13858,116156,5189,5430,5637,5582,6657,7546,8027,9446,8780,8011,7783,7894,8303,6806,5570,4587,,,,,,4908,117151,4985,5056,5245,5304,5854,6704,7410,8851,7989,7439,7159,7590,8460,7444,6580,6131,,,,,,8950
2010,2010-03-31,22132,221325,静岡県,浜松市東区,ward,22130,125376,6478,6449,6041,5818,6243,7554,9109,10771,8843,7643,7222,8018,9013,8084,6424,5082,,,,,,6584,62988,3324,3418,3150,2993,3124,3945,4749,5606,4663,4042,3752,4108,4418,3940,3114,2372,,,,,,2270,62388,3154,3031,2891,2825,3119,3609,4360,5165,4180,3601,3470,3910,4595,4144,3310,2710,,,,,,4314
2010,2010-03-31,22133,221333,静岡県,浜松市西区,ward,22130,113121,5878,5849,5747,5291,5500,6546,7846,9255,7638,6711,6708,7350,8271,7030,5763,4852,,,,,,6886,56155,3012,3060,3006,2692,2851,3386,4020,4733,4013,3473,3385,3644,4140,3442,2782,2174,,,,,,2342,56966,2866,2789,2741,2599,2649,3160,3826,4522,3625,3238,3323,3706,4131,3588,2981,2678,,,,,,4544
2010,2010-03-31,22134,221341,静岡県,浜松市南区,ward,22130,100875,4507,4792,5043,4739,5284,6164,6863,7771,6908,6079,5982,6617,7599,6731,5646,4532,,,,,,5618,50782,2338,2511,2562,2468,2803,3439,3591,4042,3650,3209,3086,3304,3721,3317,2741,2071,,,,,,1929,50093,2169,2281,2481,2271,2481,2725,3272,3729,3258,2870,2896,3313,3878,3414,2905,2461,,,,,,3689
2010,2010-03-31,22135,221350,静岡県,浜松市北区,ward,22130,93874,3930,4293,4673,4741,4965,5246,5794,6514,5623,5796,6135,7005,7177,5764,4579,4339,,,,,,7300,46395,2024,2282,2351,2418,2527,2729,3093,3417,2812,2951,3098,3516,3717,2847,2203,1866,,,,,,2544,47479,1906,2011,2322,2323,2438,2517,2701,3097,2811,2845,3037,3489,3460,2917,2376,2473,,,,,,4756
2010,2010-03-31,22136,221368,静岡県,浜松市浜北区,ward,22130,90605,4547,4622,4304,4298,4643,5324,6203,6841,5660,5257,5731,6475,6768,5694,4673,3948,,,,,,5617,44900,2315,2318,2171,2204,2317,2673,3191,3552,2941,2720,2853,3177,3452,2807,2315,1832,,,,,,2062,45705,2232,2304,2133,2094,2326,2651,3012,3289,2719,2537,2878,3298,3316,2887,2358,2116,,,,,,3555
2010,2010-03-31,22137,221376,静岡県,浜松市天竜区,ward,22130,35288,825,1023,1245,1677,1641,1380,1279,1443,1603,1987,2497,2901,2746,2608,2650,2944,,,,,,4839,17012,411,529,612,806,872,707,713,751,810,999,1350,1544,1458,1245,1157,1263,,,,,,1785,18276,414,494,633,871,769,673,566,692,793,988,1147,1357,1288,1363,1493,1681,,,,,,3054
2010,2010-03-31,22203,222038,静岡県,沼津市,city,22203,207835,8173,8790,9457,9751,9886,10865,12885,15739,14382,13204,12868,15034,16837,14921,12075,9894,,,,,,13074,102900,4141,4470,4871,4927,5263,5917,6825,8218,7538,6786,6609,7552,8308,7285,5537,4247,,,,,,4406,104935,4032,4320,4586,4824,4623,4948,6060,7521,6844,6418,6259,7482,8529,7636,6538,5647,,,,,,8668
2010,2010-03-31,22205,222054,静岡県,熱海市,city,22205,40281,961,1046,1322,1498,1471,1443,1626,2290,2196,2128,2079,2900,4184,4247,3590,3058,,,,,,4242,18280,497,531,674,765,701,722,836,1163,1118,1101,1010,1398,1913,1858,1502,1182,,,,,,1309,22001,464,515,648,733,770,721,790,1127,1078,1027,1069,1502,2271,2389,2088,1876,,,,,,2933
2010,2010-03-31,22206,222062,静岡県,三島市,city,22206,111903,4720,5156,5310,5505,5737,5677,7036,8687,7976,7145,6870,8033,8877,7860,6196,4852,,,,,,6266,54954,2412,2599,2728,2765,2953,2942,3630,4386,4116,3609,3440,4021,4271,3808,2951,2149,,,,,,2174,56949,2308,2557,2582,2740,2784,2735,3406,4301,3860,3536,3430,4012,4606,4052,3245,2703,,,,,,4092
2010,2010-03-31,22207,222071,静岡県,富士宮市,city,22207,134080,6039,6460,6593,6529,6708,7448,8496,10211,8875,8015,8460,10165,10536,8997,6961,5576,,,,,,8011,66223,3108,3377,3414,3348,3352,3982,4479,5297,4616,4047,4230,5111,5180,4413,3261,2336,,,,,,2672,67857,2931,3083,3179,3181,3356,3466,4017,4914,4259,3968,4230,5054,5356,4584,3700,3240,,,,,,5339
2010,2010-03-31,22208,222089,静岡県,伊東市,city,22208,74106,2325,2869,3078,3032,2595,2733,3526,4802,4684,4060,4055,5319,7311,7344,5843,4531,,,,,,5999,34821,1157,1443,1614,1531,1302,1383,1740,2414,2363,2009,2057,2458,3385,3397,2662,1926,,,,,,1980,39285,1168,1426,1464,1501,1293,1350,1786,2388,2321,2051,1998,2861,3926,3947,3181,2605,,,,,,4019
2010,2010-03-31,22209,222097,静岡県,島田市,city,22209,102179,4258,4605,4791,5109,5137,5378,6022,6987,6140,6087,6428,7367,7947,6771,5826,5378,,,,,,7948,50120,2129,2416,2447,2594,2579,2751,3122,3609,3170,3087,3247,3707,3948,3305,2759,2428,,,,,,2822,52059,2129,2189,2344,2515,2558,2627,2900,3378,2970,3000,3181,3660,3999,3466,3067,2950,,,,,,5126
2010,2010-03-31,22210,222101,静岡県,富士市,city,22210,256523,11531,12642,13181,13268,12903,13949,16359,20016,18409,16413,15924,17900,19124,17109,13776,10657,,,,,,13362,127198,5843,6455,6599,6839,6662,7357,8588,10417,9582,8377,8077,9200,9412,8198,6533,4566,,,,,,4493,129325,5688,6187,6582,6429,6241,6592,7771,9599,8827,8036,7847,8700,9712,8911,7243,6091,,,,,,8869
2010,2010-03-31,22211,222119,静岡県,磐田市,city,22211,166918,7533,7798,7757,8011,8918,10175,11056,12268,10042,9859,10637,12659,13368,10662,8277,7364,,,,,,10534,83969,3841,4035,4047,4178,4786,5484,5850,6520,5250,5098,5459,6411,6758,5383,4021,3190,,,,,,3658,82949,3692,3763,3710,3833,4132,4691,5206,5748,4792,4761,5178,6248,6610,5279,4256,4174,,,,,,6876
2010,2010-03-31,22212,222127,静岡県,焼津市,city,22212,143386,6270,6807,6937,6902,7109,7572,9486,10596,9500,8680,8594,10078,11613,10056,7921,6619,,,,,,8646,70712,3297,3588,3572,3531,3574,3730,4914,5556,4915,4427,4354,4938,5673,4988,3780,2936,,,,,,2939,72674,2973,3219,3365,3371,3535,3842,4572,5040,4585,4253,4240,5140,5940,5068,4141,3683,,,,,,5707
2010,2010-03-31,22213,222135,静岡県,掛川市,city,22213,115449,5331,5447,5376,5853,6363,7068,7743,7915,6858,7157,7662,8884,8481,6361,5552,5201,,,,,,8197,57589,2753,2816,2713,2996,3291,3721,4104,4172,3549,3583,3877,4624,4457,3141,2606,2319,,,,,,2867,57860,2578,2631,2663,2857,3072,3347,3639,3743,3309,3574,3785,4260,4024,3220,2946,2882,,,,,,5330
2010,2010-03-31,22214,222143,静岡県,藤枝市,city,22214,143426,5972,6622,7076,6990,6799,7559,9001,10567,9090,8623,9083,10689,11747,10035,7875,6668,,,,,,9030,70293,3075,3407,3641,3577,3389,3816,4586,5335,4606,4314,4479,5138,5712,4983,3900,3082,,,,,,3253,73133,2897,3215,3435,3413,3410,3743,4415,5232,4484,4309,4604,5551,6035,5052,3975,3586,,,,,,5777
2010,2010-03-31,22215,222151,静岡県,御殿場市,city,22215,87596,4675,4755,4297,4303,4712,5712,6766,7524,6219,5254,4958,5821,5798,4937,4086,3544,,,,,,4235,44924,2383,2485,2206,2257,2717,3183,3676,4000,3367,2841,2569,2942,2892,2379,1862,1641,,,,,,1524,42672,2292,2270,2091,2046,1995,2529,3090,3524,2852,2413,2389,2879,2906,2558,2224,1903,,,,,,2711
2010,2010-03-31,22216,222160,静岡県,袋井市,city,22216,83251,4543,4283,4065,4060,4533,5544,6276,6579,5212,4856,5368,5950,5879,4457,3622,3196,,,,,,4828,42020,2365,2191,2087,2082,2322,2953,3324,3525,2781,2489,2702,3109,3051,2212,1742,1380,,,,,,1705,41231,2178,2092,1978,1978,2211,2591,2952,3054,2431,2367,2666,2841,2828,2245,1880,1816,,,,,,3123
2010,2010-03-31,22219,222194,静岡県,下田市,city,22219,25217,772,911,989,996,855,925,1180,1554,1483,1452,1542,1897,2472,2289,1856,1653,,,,,,2391,12134,400,497,513,487,450,465,625,836,754,769,775,947,1213,1060,846,711,,,,,,786,13083,372,414,476,509,405,460,555,718,729,683,767,950,1259,1229,1010,942,,,,,,1605
2010,2010-03-31,22220,222208,静岡県,裾野市,city,22220,53656,2838,2652,2551,2560,3075,3886,4078,4319,3561,3208,3187,3823,3862,3283,2452,1898,,,,,,2423,27445,1426,1356,1287,1340,1738,2198,2237,2301,1851,1670,1656,1890,1966,1627,1221,827,,,,,,854,26211,1412,1296,1264,1220,1337,1688,1841,2018,1710,1538,1531,1933,1896,1656,1231,1071,,,,,,1569
2010,2010-03-31,22221,222216,静岡県,湖西市,city,22221,59074,2506,2878,2905,2864,3143,3418,3984,4593,4060,3599,3447,4183,4661,3778,2866,2579,,,,,,3610,30038,1273,1478,1471,1510,1677,1906,2147,2453,2238,1918,1772,2122,2392,1892,1397,1135,,,,,,1257,29036,1233,1400,1434,1354,1466,1512,1837,2140,1822,1681,1675,2061,2269,1886,1469,1444,,,,,,2353
2010,2010-03-31,22222,222224,静岡県,伊豆市,city,22222,35474,971,1257,1512,1681,1574,1478,1671,2014,2094,2129,2261,2840,3198,2757,2372,2195,,,,,,3470,16982,474,627,781,841,813,760,836,1050,1020,1104,1121,1430,1626,1324,1078,921,,,,,,1176,18492,497,630,731,840,761,718,835,964,1074,1025,1140,1410,1572,1433,1294,1274,,,,,,2294
2010,2010-03-31,22223,222232,静岡県,御前崎市,city,22223,34762,1540,1666,1640,1791,1982,1970,2268,2458,1947,2055,2344,2591,2671,1939,1676,1597,,,,,,2627,17575,788,834,812,929,1066,1092,1217,1319,1067,1080,1198,1380,1374,980,792,719,,,,,,928,17187,752,832,828,862,916,878,1051,1139,880,975,1146,1211,1297,959,884,878,,,,,,1699
2010,2010-03-31,22224,222241,静岡県,菊川市,city,22224,45522,2108,2190,2118,2275,2482,2661,3030,3094,2526,2619,2973,3544,3535,2604,2240,2073,,,,,,3450,22782,1063,1129,1079,1101,1290,1437,1585,1667,1324,1314,1509,1811,1876,1286,1098,942,,,,,,1271,22740,1045,1061,1039,1174,1192,1224,1445,1427,1202,1305,1464,1733,1659,1318,1142,1131,,,,,,2179
2010,2010-03-31,22225,222259,静岡県,伊豆の国市,city,22225,50130,1947,2213,2366,2391,2296,2420,3045,3583,3251,2896,3019,3746,4461,3733,2963,2452,,,,,,3348,24188,1028,1143,1198,1175,1122,1224,1501,1796,1674,1419,1541,1812,2203,1829,1349,1084,,,,,,1090,25942,919,1070,1168,1216,1174,1196,1544,1787,1577,1477,1478,1934,2258,1904,1614,1368,,,,,,2258
2010,2010-03-31,22226,222267,静岡県,牧之原市,city,22226,49486,1997,2042,2394,2574,2742,2823,2955,3137,2722,2930,3493,3749,3715,2871,2534,2615,,,,,,4193,24426,1009,1050,1193,1280,1432,1509,1606,1676,1420,1473,1797,1945,1904,1413,1161,1129,,,,,,1429,25060,988,992,1201,1294,1310,1314,1349,1461,1302,1457,1696,1804,1811,1458,1373,1486,,,,,,2764
2010,2010-03-31,22300,223000,静岡県,賀茂郡,gun_agg,,49976,1406,1752,1996,1877,1584,1579,2060,2791,2670,2520,2909,4161,5022,4574,3833,3577,,,,,,5665,23789,662,921,985,952,829,806,1033,1443,1356,1291,1504,2030,2499,2153,1834,1552,,,,,,1939,26187,744,831,1011,925,755,773,1027,1348,1314,1229,1405,2131,2523,2421,1999,2025,,,,,,3726
2010,2010-03-31,22301,223018,静岡県,賀茂郡東伊豆町,town,22301,14228,353,488,615,592,514,494,577,866,882,757,804,1178,1477,1411,1122,899,,,,,,1199,6759,161,269,295,283,255,248,298,457,449,380,399,567,736,643,530,396,,,,,,393,7469,192,219,320,309,259,246,279,409,433,377,405,611,741,768,592,503,,,,,,806
2010,2010-03-31,22302,223026,静岡県,賀茂郡河津町,town,22302,8186,296,314,339,313,260,284,401,504,447,451,437,671,775,689,552,545,,,,,,908,3925,130,150,164,175,137,150,207,255,231,239,226,337,364,318,275,246,,,,,,321,4261,166,164,175,138,123,134,194,249,216,212,211,334,411,371,277,299,,,,,,587
2010,2010-03-31,22304,223042,静岡県,賀茂郡南伊豆町,town,22304,9633,287,362,349,338,290,281,379,541,481,436,582,812,1025,838,682,671,,,,,,1279,4611,125,196,182,176,142,159,186,275,245,223,307,389,553,418,321,273,,,,,,441,5022,162,166,167,162,148,122,193,266,236,213,275,423,472,420,361,398,,,,,,838
2010,2010-03-31,22305,223051,静岡県,賀茂郡松崎町,town,22305,8038,210,285,351,305,253,246,329,375,402,417,540,649,760,708,601,631,,,,,,976,3806,106,151,171,151,143,116,162,188,201,202,304,321,361,341,276,263,,,,,,349,4232,104,134,180,154,110,130,167,187,201,215,236,328,399,367,325,368,,,,,,627
2010,2010-03-31,22306,223069,静岡県,賀茂郡西伊豆町,town,22306,9891,260,303,342,329,267,274,374,505,458,459,546,851,985,928,876,831,,,,,,1303,4688,140,155,173,167,152,133,180,268,230,247,268,416,485,433,432,374,,,,,,435,5203,120,148,169,162,115,141,194,237,228,212,278,435,500,495,444,457,,,,,,868
2010,2010-03-31,22320,223204,静岡県,田方郡,gun_agg,,38689,1514,1780,1824,1945,1867,1975,2473,2881,2560,2359,2209,2841,3393,3020,2215,1631,,,,,,2202,19011,786,923,949,1001,951,1003,1271,1474,1292,1221,1123,1338,1648,1468,1106,726,,,,,,731,19678,728,857,875,944,916,972,1202,1407,1268,1138,1086,1503,1745,1552,1109,905,,,,,,1471
2010,2010-03-31,22325,223255,静岡県,田方郡函南町,town,22325,38689,1514,1780,1824,1945,1867,1975,2473,2881,2560,2359,2209,2841,3393,3020,2215,1631,,,,,,2202,19011,786,923,949,1001,951,1003,1271,1474,1292,1221,1123,1338,1648,1468,1106,726,,,,,,731,19678,728,857,875,944,916,972,1202,1407,1268,1138,1086,1503,1745,1552,1109,905,,,,,,1471
2010,2010-03-31,22340,223409,静岡県,駿東郡,gun_agg,,92789,4945,4850,4730,5001,4605,5558,6913,7812,6783,5691,5255,5706,6084,5734,4642,3738,,,,,,4742,46695,2583,2446,2411,2724,2481,2901,3702,4072,3538,2972,2701,2885,2984,2777,2214,1626,,,,,,1678,46094,2362,2404,2319,2277,2124,2657,3211,3740,3245,2719,2554,2821,3100,2957,2428,2112,,,,,,3064
2010,2010-03-31,22341,223417,静岡県,駿東郡清水町,town,22341,31810,1629,1680,1764,1653,1475,1723,2223,2823,2482,1992,1776,1853,2181,2085,1723,1252,,,,,,1496,15627,889,859,891,843,722,850,1141,1433,1281,1003,910,901,1056,991,832,535,,,,,,490,16183,740,821,873,810,753,873,1082,1390,1201,989,866,952,1125,1094,891,717,,,,,,1006
2010,2010-03-31,22342,223425,静岡県,駿東郡長泉町,town,22342,40357,2408,2242,1968,2280,1853,2613,3308,3538,3047,2519,2163,2350,2503,2459,1873,1475,,,,,,1758,20401,1203,1104,1036,1325,974,1332,1743,1839,1573,1340,1107,1185,1211,1213,901,645,,,,,,670,19956,1205,1138,932,955,879,1281,1565,1699,1474,1179,1056,1165,1292,1246,972,830,,,,,,1088
2010,2010-03-31,22344,223441,静岡県,駿東郡小山町,town,22344,20622,908,928,998,1068,1277,1222,1382,1451,1254,1180,1316,1503,1400,1190,1046,1011,,,,,,1488,10667,491,483,484,556,785,719,818,800,684,629,684,799,717,573,481,446,,,,,,518,9955,417,445,514,512,492,503,564,651,570,551,632,704,683,617,565,565,,,,,,970
2010,2010-03-31,22420,224201,静岡県,榛原郡,gun_agg,,37973,1680,1740,1853,1877,1938,2195,2340,2480,2352,2275,2450,2637,2727,2288,2140,2012,,,,,,2989,18978,863,916,960,964,1016,1196,1247,1313,1271,1189,1256,1354,1388,1070,1018,913,,,,,,1044,18995,817,824,893,913,922,999,1093,1167,1081,1086,1194,1283,1339,1218,1122,1099,,,,,,1945
2010,2010-03-31,22424,224243,静岡県,榛原郡吉田町,town,22424,29472,1500,1513,1525,1513,1601,1922,2021,2150,1974,1825,1900,2032,2071,1654,1394,1167,,,,,,1710,14802,771,788,792,763,832,1053,1063,1139,1065,962,959,1025,1038,779,679,532,,,,,,562,14670,729,725,733,750,769,869,958,1011,909,863,941,1007,1033,875,715,635,,,,,,1148
2010,2010-03-31,22429,224294,静岡県,榛原郡川根本町,town,22429,8501,180,227,328,364,337,273,319,330,378,450,550,605,656,634,746,845,,,,,,1279,4176,92,128,168,201,184,143,184,174,206,227,297,329,350,291,339,381,,,,,,482,4325,88,99,160,163,153,130,135,156,172,223,253,276,306,343,407,464,,,,,,797
2010,2010-03-31,22460,224600,静岡県,周智郡,gun_agg,,19980,742,843,866,997,1211,1156,1017,1039,965,1169,1461,1631,1400,1173,1109,1221,,,,,,1980,9904,406,432,460,514,647,638,550,539,479,590,744,857,746,565,494,546,,,,,,697,10076,336,411,406,483,564,518,467,500,486,579,717,774,654,608,615,675,,,,,,1283
2010,2010-03-31,22461,224618,静岡県,周智郡森町,town,22461,19980,742,843,866,997,1211,1156,1017,1039,965,1169,1461,1631,1400,1173,1109,1221,,,,,,1980,9904,406,432,460,514,647,638,550,539,479,590,744,857,746,565,494,546,,,,,,697,10076,336,411,406,483,564,518,467,500,486,579,717,774,654,608,615,675,,,,,,1283
2010,2010-03-31,23000,230006,愛知県,,pref,,7237612,344806,354963,361299,352012,399738,456030,518492,611805,524198,452800,404886,455755,536544,466464,365216,285011,,,,,,347593,3632381,176908,182110,184902,180891,210884,243039,271575,319473,274735,233948,207023,227993,266432,229167,175822,127366,,,,,,120113,3605231,167898,172853,176397,171121,188854,212991,246917,292332,249463,218852,197863,227762,270112,237297,189394,157645,,,,,,227480
2010,2010-03-31,23100,231002,愛知県,名古屋市,city_agg,,2178272,96650,95324,97910,98101,120716,143647,158093,183225,161824,142587,123760,135348,158907,138924,114889,94324,,,,,,114043,1081664,49430,48927,49746,49652,61873,75608,82106,94734,84269,73276,63582,69116,79753,67344,52918,40723,,,,,,38607,1096608,47220,46397,48164,48449,58843,68039,75987,88491,77555,69311,60178,66232,79154,71580,61971,53601,,,,,,75436
2010,2010-03-31,23101,231011,愛知県,名古屋市千種区,ward,23100,148668,6011,5993,6021,5984,8194,9843,10799,12553,11472,10055,8775,9420,10998,9033,7671,6881,,,,,,8965,71495,3062,3092,3066,3004,4185,5062,5443,6118,5888,5083,4369,4670,5263,4142,3309,2780,,,,,,2959,77173,2949,2901,2955,2980,4009,4781,5356,6435,5584,4972,4406,4750,5735,4891,4362,4101,,,,,,6006
2010,2010-03-31,23102,231029,愛知県,名古屋市東区,ward,23100,68877,2693,2412,2593,2639,3941,5053,5389,5898,5222,4612,4188,4384,5125,4114,3485,2997,,,,,,4132,32943,1396,1248,1325,1317,1938,2566,2634,2849,2674,2269,2051,2194,2573,1913,1498,1171,,,,,,1327,35934,1297,1164,1268,1322,2003,2487,2755,3049,2548,2343,2137,2190,2552,2201,1987,1826,,,,,,2805
2010,2010-03-31,23103,231037,愛知県,名古屋市北区,ward,23100,161907,6532,6436,6680,7128,8510,9870,10874,12639,11216,10257,9376,10826,12715,11308,9715,8270,,,,,,9555,79536,3338,3271,3416,3644,4395,5113,5678,6554,5777,5232,4740,5576,6303,5417,4339,3490,,,,,,3253,82371,3194,3165,3264,3484,4115,4757,5196,6085,5439,5025,4636,5250,6412,5891,5376,4780,,,,,,6302
2010,2010-03-31,23104,231045,愛知県,名古屋市西区,ward,23100,140646,6134,5854,6008,6049,7360,9227,10416,12311,10786,9313,7579,8492,9890,9276,8158,6468,,,,,,7325,70348,3151,3030,2985,3085,3710,4939,5430,6587,5729,4864,4030,4359,5056,4365,3777,2842,,,,,,2409,70298,2983,2824,3023,2964,3650,4288,4986,5724,5057,4449,3549,4133,4834,4911,4381,3626,,,,,,4916
2010,2010-03-31,23105,231053,愛知県,名古屋市中村区,ward,23100,128745,4355,4149,4408,4945,7579,9430,9265,9779,8449,7931,7122,8227,10240,9338,8147,6945,,,,,,8436,65190,2233,2123,2292,2432,3837,5134,5129,5224,4662,4229,3861,4389,5386,4625,3717,3094,,,,,,2823,63555,2122,2026,2116,2513,3742,4296,4136,4555,3787,3702,3261,3838,4854,4713,4430,3851,,,,,,5613
2010,2010-03-31,23106,231061,愛知県,名古屋市中区,ward,23100,68178,2218,1811,1794,2023,5052,6811,6197,5957,5126,4278,4022,4215,4943,3866,3280,2774,,,,,,3811,33925,1133,911,919,974,2413,3625,3266,3254,2786,2303,2127,2227,2530,1797,1399,1058,,,,,,1203,34253,1085,900,875,1049,2639,3186,2931,2703,2340,1975,1895,1988,2413,2069,1881,1716,,,,,,2608
2010,2010-03-31,23107,231070,愛知県,名古屋市昭和区,ward,23100,97202,3772,3762,3795,4040,6502,6650,6732,7557,7099,6592,5785,6035,6904,5879,5017,4536,,,,,,6545,47248,1931,1920,1949,2035,3383,3443,3436,3781,3519,3347,2915,3077,3498,2818,2242,1824,,,,,,2130,49954,1841,1842,1846,2005,3119,3207,3296,3776,3580,3245,2870,2958,3406,3061,2775,2712,,,,,,4415
2010,2010-03-31,23108,231088,愛知県,名古屋市瑞穂区,ward,23100,103460,4046,4188,4318,4409,5510,6636,7042,8093,7117,6896,6157,6712,7945,6780,5650,4972,,,,,,6989,50537,2030,2114,2152,2211,2784,3538,3605,4161,3643,3431,3103,3441,4015,3284,2571,2052,,,,,,2402,52923,2016,2074,2166,2198,2726,3098,3437,3932,3474,3465,3054,3271,3930,3496,3079,2920,,,,,,4587
2010,2010-03-31,23109,231096,愛知県,名古屋市熱田区,ward,23100,62435,2230,2251,2309,2571,3590,4110,4195,4894,4321,4102,3900,4293,4839,4076,3488,3142,,,,,,4124,31039,1149,1172,1160,1305,1876,2133,2171,2634,2284,2097,2001,2302,2488,2017,1532,1320,,,,,,1398,31396,1081,1079,1149,1266,1714,1977,2024,2260,2037,2005,1899,1991,2351,2059,1956,1822,,,,,,2726
2010,2010-03-31,23110,231100,愛知県,名古屋市中川区,ward,23100,215553,10379,9945,10451,10542,11358,14152,16329,18626,15696,13610,11413,12905,15484,14024,11402,9160,,,,,,10077,107739,5287,5226,5313,5263,5689,7315,8573,9818,8182,7021,5919,6630,7753,6951,5242,4116,,,,,,3441,107814,5092,4719,5138,5279,5669,6837,7756,8808,7514,6589,5494,6275,7731,7073,6160,5044,,,,,,6636
2010,2010-03-31,23111,231118,愛知県,名古屋市港区,ward,23100,146380,6754,6610,7275,7419,8501,9118,9778,11641,10219,9126,8365,9774,11301,9758,7818,6098,,,,,,6825,74097,3409,3405,3757,3733,4474,4879,5220,6137,5518,4717,4355,5138,5830,4885,3710,2704,,,,,,2226,72283,3345,3205,3518,3686,4027,4239,4558,5504,4701,4409,4010,4636,5471,4873,4108,3394,,,,,,4599
2010,2010-03-31,23112,231126,愛知県,名古屋市南区,ward,23100,138101,5103,5200,5757,6290,7346,8635,8691,10022,9016,8521,8131,9601,11332,10182,8486,7162,,,,,,8626,70542,2595,2650,2868,3203,3936,4707,4725,5516,4810,4532,4352,5147,5995,5288,4102,3128,,,,,,2988,67559,2508,2550,2889,3087,3410,3928,3966,4506,4206,3989,3779,4454,5337,4894,4384,4034,,,,,,5638
2010,2010-03-31,23113,231134,愛知県,名古屋市守山区,ward,23100,164266,9131,8475,8075,7395,7927,10195,12610,15252,12500,10217,8535,9462,11785,10527,8375,6295,,,,,,7510,82013,4677,4301,4077,3789,4191,5413,6511,7932,6526,5309,4339,4644,5768,5120,4096,2758,,,,,,2562,82253,4454,4174,3998,3606,3736,4782,6099,7320,5974,4908,4196,4818,6017,5407,4279,3537,,,,,,4948
2010,2010-03-31,23114,231142,愛知県,名古屋市緑区,ward,23100,227862,12410,12678,12379,11401,11674,14004,17014,20482,17616,14944,12570,13681,15919,13902,10619,7831,,,,,,8738,113552,6429,6486,6345,5834,5829,7211,8719,10396,9028,7673,6364,6741,7851,6832,5151,3589,,,,,,3074,114310,5981,6192,6034,5567,5845,6793,8295,10086,8588,7271,6206,6940,8068,7070,5468,4242,,,,,,5664
2010,2010-03-31,23115,231151,愛知県,名古屋市名東区,ward,23100,154703,7638,8184,8321,7586,8677,9914,11438,14104,13346,11198,8861,8839,9984,8278,6521,5345,,,,,,6469,75746,3938,4211,4246,3886,4376,5127,5691,6995,6734,5668,4419,4267,4791,3901,2918,2297,,,,,,2281,78957,3700,3973,4075,3700,4301,4787,5747,7109,6612,5530,4442,4572,5193,4377,3603,3048,,,,,,4188
2010,2010-03-31,23116,231169,愛知県,名古屋市天白区,ward,23100,151289,7244,7376,7726,7680,8995,9999,11324,13417,12623,10935,8981,8482,9503,8583,7057,5448,,,,,,5916,75714,3672,3767,3876,3937,4857,5403,5875,6778,6509,5501,4637,4314,4653,3989,3315,2500,,,,,,2131,75575,3572,3609,3850,3743,4138,4596,5449,6639,6114,5434,4344,4168,4850,4594,3742,2948,,,,,,3785
2010,2010-03-31,23201,232017,愛知県,豊橋市,city,23201,365539,17202,18353,19219,18459,20355,21808,24947,29468,24922,22771,21884,24054,27712,22726,17890,14601,,,,,,19168,183043,8793,9374,9838,9506,11006,11475,13059,15655,12979,11693,11110,12070,13884,11059,8495,6474,,,,,,6573,182496,8409,8979,9381,8953,9349,10333,11888,13813,11943,11078,10774,11984,13828,11667,9395,8127,,,,,,12595
2010,2010-03-31,23202,232025,愛知県,岡崎市,city,23202,365486,18682,18898,19124,18746,20874,24144,27057,30506,26006,23325,22029,24232,26261,20746,15462,12902,,,,,,16492,184630,9695,9734,9858,9526,10880,12867,14257,16114,13746,12038,11275,12202,13246,10452,7487,5642,,,,,,5611,180856,8987,9164,9266,9220,9994,11277,12800,14392,12260,11287,10754,12030,13015,10294,7975,7260,,,,,,10881
2010,2010-03-31,23203,232033,愛知県,一宮市,city,23203,380743,17973,19491,20139,18830,19112,20626,25326,32486,28500,23685,20488,23930,28683,26677,21709,15555,,,,,,17533,187244,9158,9943,10222,9483,9604,10385,12884,16650,14548,11955,10296,11789,13694,12835,10605,7136,,,,,,6057,193499,8815,9548,9917,9347,9508,10241,12442,15836,13952,11730,10192,12141,14989,13842,11104,8419,,,,,,11476
2010,2010-03-31,23204,232041,愛知県,瀬戸市,city,23204,129928,5393,6005,6321,6399,6454,6739,8232,10377,8877,8046,7415,8682,10962,9978,7496,5704,,,,,,6848,64043,2803,3020,3347,3271,3320,3475,4214,5375,4528,4089,3734,4153,5300,4892,3660,2583,,,,,,2279,65885,2590,2985,2974,3128,3134,3264,4018,5002,4349,3957,3681,4529,5662,5086,3836,3121,,,,,,4569
2010,2010-03-31,23205,232050,愛知県,半田市,city,23205,117583,5555,6209,6441,6249,6793,7040,7891,9763,8686,7826,6856,7176,8220,7045,5679,4561,,,,,,5593,58921,2910,3215,3405,3220,3474,3640,4179,5087,4425,4025,3538,3677,4061,3513,2691,2009,,,,,,1852,58662,2645,2994,3036,3029,3319,3400,3712,4676,4261,3801,3318,3499,4159,3532,2988,2552,,,,,,3741
2010,2010-03-31,23206,232068,愛知県,春日井市,city,23206,301265,15200,15562,15379,13773,14973,17816,23080,27582,22091,17679,15404,18611,23733,21565,15785,10847,,,,,,12185,150729,7760,7928,7788,7074,7816,9122,11946,14406,11654,9053,7785,8955,11458,10579,8006,5086,,,,,,4313,150536,7440,7634,7591,6699,7157,8694,11134,13176,10437,8626,7619,9656,12275,10986,7779,5761,,,,,,7872
2010,2010-03-31,23207,232076,愛知県,豊川市,city,23207,180003,8633,9093,9254,8962,9667,10533,12282,14799,12072,10759,10377,11737,13970,11880,9138,7135,,,,,,9712,89790,4418,4630,4755,4607,5007,5584,6470,7773,6403,5462,5198,5826,6828,5942,4315,3235,,,,,,3337,90213,4215,4463,4499,4355,4660,4949,5812,7026,5669,5297,5179,5911,7142,5938,4823,3900,,,,,,6375
2010,2010-03-31,23208,232084,愛知県,津島市,city,23208,65643,2752,3270,3637,3450,3129,3269,4105,5461,4838,4115,3506,4143,5124,4863,3747,2850,,,,,,3384,32174,1362,1665,1873,1757,1554,1673,2077,2807,2504,2069,1792,2028,2482,2278,1869,1255,,,,,,1129,33469,1390,1605,1764,1693,1575,1596,2028,2654,2334,2046,1714,2115,2642,2585,1878,1595,,,,,,2255
2010,2010-03-31,23209,232092,愛知県,碧南市,city,23209,69979,3491,3668,3668,3807,4368,4454,4656,5413,4869,4347,3962,4510,4491,4165,3300,3018,,,,,,3792,35560,1782,1931,1909,1998,2353,2439,2549,2858,2606,2225,2043,2325,2334,1986,1580,1295,,,,,,1347,34419,1709,1737,1759,1809,2015,2015,2107,2555,2263,2122,1919,2185,2157,2179,1720,1723,,,,,,2445
2010,2010-03-31,23210,232106,愛知県,刈谷市,city,23210,141242,7519,7186,7484,7336,9316,11451,11474,12580,10740,8894,7339,8145,9361,7374,5558,4258,,,,,,5227,74377,3878,3706,3757,3934,5456,6734,6421,6847,5818,4823,3872,4133,4809,3688,2739,1950,,,,,,1812,66865,3641,3480,3727,3402,3860,4717,5053,5733,4922,4071,3467,4012,4552,3686,2819,2308,,,,,,3415
2010,2010-03-31,23211,232114,愛知県,豊田市,city,23211,408191,20744,20838,20905,21984,27202,30817,30816,34066,28500,24313,23225,26311,30272,23910,16508,11918,,,,,,15862,213660,10621,10759,10747,11782,15639,18179,17012,18333,15374,12954,11989,13063,15459,12246,8409,5479,,,,,,5615,194531,10123,10079,10158,10202,11563,12638,13804,15733,13126,11359,11236,13248,14813,11664,8099,6439,,,,,,10247
2010,2010-03-31,23212,232122,愛知県,安城市,city,23212,174305,9823,9722,9762,9003,9856,11569,13497,15671,13738,11377,9335,10464,11662,9301,7219,5604,,,,,,6702,89464,5101,4989,5051,4731,5378,6243,7187,8210,7325,6140,4971,5176,5962,4537,3542,2501,,,,,,2420,84841,4722,4733,4711,4272,4478,5326,6310,7461,6413,5237,4364,5288,5700,4764,3677,3103,,,,,,4282
2010,2010-03-31,23213,232131,愛知県,西尾市,city,23213,104039,5158,5299,5534,5528,6236,6688,6983,8412,7050,6322,6081,6924,7591,6029,4778,4114,,,,,,5312,52513,2649,2767,2816,2811,3362,3649,3639,4563,3675,3247,3105,3500,3896,2973,2230,1858,,,,,,1773,51526,2509,2532,2718,2717,2874,3039,3344,3849,3375,3075,2976,3424,3695,3056,2548,2256,,,,,,3539
2010,2010-03-31,23214,232149,愛知県,蒲郡市,city,23214,81280,3294,3551,3895,4112,4428,4338,4753,5836,5300,5225,4871,5201,6422,5881,4871,4211,,,,,,5091,40025,1721,1845,2015,2097,2236,2286,2488,3066,2728,2654,2493,2568,3161,2806,2248,1887,,,,,,1726,41255,1573,1706,1880,2015,2192,2052,2265,2770,2572,2571,2378,2633,3261,3075,2623,2324,,,,,,3365
2010,2010-03-31,23215,232157,愛知県,犬山市,city,23215,73961,3351,3606,3781,3327,3508,3991,5017,6060,5179,4231,3850,4773,6242,5676,4299,3150,,,,,,3920,36779,1702,1868,1965,1670,1866,2095,2614,3113,2741,2188,1877,2258,2946,2850,2141,1461,,,,,,1424,37182,1649,1738,1816,1657,1642,1896,2403,2947,2438,2043,1973,2515,3296,2826,2158,1689,,,,,,2496
2010,2010-03-31,23216,232165,愛知県,常滑市,city,23216,54679,2556,2580,2546,2587,3217,3427,3712,4135,3461,3094,3019,3338,4004,3659,3229,2619,,,,,,3496,26983,1295,1290,1306,1346,1666,1719,1935,2179,1795,1608,1547,1708,1974,1785,1520,1139,,,,,,1171,27696,1261,1290,1240,1241,1551,1708,1777,1956,1666,1486,1472,1630,2030,1874,1709,1480,,,,,,2325
2010,2010-03-31,23217,232173,愛知県,江南市,city,23217,100064,4481,5172,5161,5010,5123,5234,6574,8214,7355,6249,5443,6331,7761,7375,5652,4136,,,,,,4793,49421,2287,2681,2713,2523,2597,2658,3373,4161,3810,3158,2698,3077,3755,3534,2778,1930,,,,,,1688,50643,2194,2491,2448,2487,2526,2576,3201,4053,3545,3091,2745,3254,4006,3841,2874,2206,,,,,,3105
2010,2010-03-31,23219,232190,愛知県,小牧市,city,23219,145039,7072,7366,7468,7394,8422,9067,10405,12659,10598,8631,8032,9454,11154,9945,7258,4797,,,,,,5317,73805,3660,3770,3852,3783,4524,4973,5463,6647,5649,4486,4116,4643,5516,4961,3695,2224,,,,,,1843,71234,3412,3596,3616,3611,3898,4094,4942,6012,4949,4145,3916,4811,5638,4984,3563,2573,,,,,,3474
2010,2010-03-31,23220,232203,愛知県,稲沢市,city,23220,135028,5878,6546,6937,6661,7100,7765,8934,10994,9510,8326,7815,9132,10706,9428,7210,5476,,,,,,6610,67000,3055,3353,3517,3418,3718,4033,4542,5582,4918,4216,3864,4519,5228,4666,3567,2465,,,,,,2339,68028,2823,3193,3420,3243,3382,3732,4392,5412,4592,4110,3951,4613,5478,4762,3643,3011,,,,,,4271
2010,2010-03-31,23221,232211,愛知県,新城市,city,23221,50948,1752,2168,2417,2570,2603,2640,2725,2917,2638,2935,3349,3976,4184,3377,2965,3019,,,,,,4713,25098,919,1148,1193,1322,1381,1388,1470,1548,1309,1474,1634,2004,2198,1674,1351,1344,,,,,,1741,25850,833,1020,1224,1248,1222,1252,1255,1369,1329,1461,1715,1972,1986,1703,1614,1675,,,,,,2972
2010,2010-03-31,23222,232220,愛知県,東海市,city,23222,106831,5776,5806,5293,5329,6691,7326,8396,9406,7546,6158,5724,6328,7261,6593,5265,3896,,,,,,4037,55921,3003,2994,2755,2868,4060,4162,4561,5078,4141,3259,3037,3312,3625,3217,2613,1760,,,,,,1476,50910,2773,2812,2538,2461,2631,3164,3835,4328,3405,2899,2687,3016,3636,3376,2652,2136,,,,,,2561
2010,2010-03-31,23223,232238,愛知県,大府市,city,23223,83244,4818,4646,4195,3940,4509,5832,6854,8044,6168,4739,4120,4835,5834,5167,3739,2674,,,,,,3130,42930,2468,2405,2170,2154,2617,3271,3527,4214,3298,2519,2112,2406,2880,2618,1884,1236,,,,,,1151,40314,2350,2241,2025,1786,1892,2561,3327,3830,2870,2220,2008,2429,2954,2549,1855,1438,,,,,,1979
2010,2010-03-31,23224,232246,愛知県,知多市,city,23224,84725,4059,4229,4359,4032,4419,5093,5930,7052,5693,4845,4884,5913,6928,6176,4465,2998,,,,,,3650,42760,2043,2164,2246,2049,2313,2660,3120,3728,2985,2523,2437,2947,3323,3251,2259,1377,,,,,,1335,41965,2016,2065,2113,1983,2106,2433,2810,3324,2708,2322,2447,2966,3605,2925,2206,1621,,,,,,2315
2010,2010-03-31,23225,232254,愛知県,知立市,city,23225,65104,3431,3370,3353,3400,3842,4690,5010,5946,5140,4351,3617,3642,4246,3581,2912,2164,,,,,,2409,34098,1810,1728,1704,1773,2148,2670,2782,3249,2854,2338,1915,1955,2097,1753,1446,1014,,,,,,862,31006,1621,1642,1649,1627,1694,2020,2228,2697,2286,2013,1702,1687,2149,1828,1466,1150,,,,,,1547
2010,2010-03-31,23226,232262,愛知県,尾張旭市,city,23226,80556,3953,4217,4201,3958,4029,4501,5559,7343,6108,5071,4460,5035,6196,5541,3962,3015,,,,,,3407,39669,1976,2132,2142,2072,2035,2254,2751,3739,3157,2561,2206,2378,3003,2717,1958,1382,,,,,,1206,40887,1977,2085,2059,1886,1994,2247,2808,3604,2951,2510,2254,2657,3193,2824,2004,1633,,,,,,2201
2010,2010-03-31,23227,232271,愛知県,高浜市,city,23227,42784,2449,2466,2381,2365,2720,2887,3144,3591,3278,2838,2269,2347,2481,2125,1875,1611,,,,,,1957,22213,1289,1279,1234,1250,1606,1607,1696,1941,1751,1526,1210,1254,1273,1027,858,736,,,,,,676,20571,1160,1187,1147,1115,1114,1280,1448,1650,1527,1312,1059,1093,1208,1098,1017,875,,,,,,1281
2010,2010-03-31,23228,232289,愛知県,岩倉市,city,23228,46111,2245,2096,2215,2108,2247,2673,3395,4185,3455,2837,2494,3073,3592,3312,2485,1729,,,,,,1970,23046,1145,1083,1117,1010,1139,1359,1758,2215,1797,1485,1256,1547,1741,1636,1244,806,,,,,,708,23065,1100,1013,1098,1098,1108,1314,1637,1970,1658,1352,1238,1526,1851,1676,1241,923,,,,,,1262
2010,2010-03-31,23229,232297,愛知県,豊明市,city,23229,66202,2950,3278,3481,3267,3686,3836,4575,5688,4863,4062,3536,4257,5128,4758,3573,2502,,,,,,2762,33480,1591,1680,1740,1663,1874,2035,2390,2997,2549,2165,1825,2060,2521,2346,1813,1211,,,,,,1020,32722,1359,1598,1741,1604,1812,1801,2185,2691,2314,1897,1711,2197,2607,2412,1760,1291,,,,,,1742
2010,2010-03-31,23230,232301,愛知県,日進市,city,23230,80481,4738,4585,4554,4075,4059,5143,6507,7597,6698,5243,4164,4270,5159,4816,3444,2451,,,,,,2978,40256,2446,2295,2364,2037,2159,2716,3293,3801,3453,2725,2133,2060,2412,2356,1776,1141,,,,,,1089,40225,2292,2290,2190,2038,1900,2427,3214,3796,3245,2518,2031,2210,2747,2460,1668,1310,,,,,,1889
2010,2010-03-31,23231,232319,愛知県,田原市,city,23231,65372,2757,3003,3275,3620,4268,4211,4156,4433,3973,4009,4233,4490,4582,3685,2948,3035,,,,,,4694,33458,1444,1572,1683,1945,2434,2390,2332,2412,2101,2063,2226,2360,2399,1821,1369,1276,,,,,,1631,31914,1313,1431,1592,1675,1834,1821,1824,2021,1872,1946,2007,2130,2183,1864,1579,1759,,,,,,3063
2010,2010-03-31,23232,232327,愛知県,愛西市,city,23232,66213,2504,3422,3665,3354,3131,3088,3825,5440,4494,3956,3599,4336,5672,5236,3964,2892,,,,,,3635,32604,1279,1813,1888,1706,1587,1570,1932,2761,2293,2015,1765,2058,2769,2600,1992,1319,,,,,,1257,33609,1225,1609,1777,1648,1544,1518,1893,2679,2201,1941,1834,2278,2903,2636,1972,1573,,,,,,2378
2010,2010-03-31,23233,232335,愛知県,清須市,city,23233,64446,3391,3014,2913,2889,3317,4310,5441,5705,4485,3811,3468,4084,4689,4119,3338,2588,,,,,,2884,32272,1716,1489,1473,1476,1690,2249,2853,3011,2415,1957,1744,2054,2357,2032,1588,1143,,,,,,1025,32174,1675,1525,1440,1413,1627,2061,2588,2694,2070,1854,1724,2030,2332,2087,1750,1445,,,,,,1859
2010,2010-03-31,23234,232343,愛知県,北名古屋市,city,23234,80155,4332,4285,3943,3436,3810,5070,6512,7710,6023,4390,3775,4570,6251,6086,4505,2760,,,,,,2697,40462,2239,2224,2004,1794,1982,2651,3339,4099,3196,2310,1958,2183,2945,2949,2320,1314,,,,,,955,39693,2093,2061,1939,1642,1828,2419,3173,3611,2827,2080,1817,2387,3306,3137,2185,1446,,,,,,1742
2010,2010-03-31,23235,232351,愛知県,弥富市,city,23235,43249,2087,2147,2247,2113,2235,2646,3133,3648,2989,2640,2298,2730,3274,2966,2265,1752,,,,,,2079,21608,1047,1134,1173,1121,1137,1344,1628,1899,1543,1352,1172,1317,1572,1465,1133,821,,,,,,750,21641,1040,1013,1074,992,1098,1302,1505,1749,1446,1288,1126,1413,1702,1501,1132,931,,,,,,1329
2010,2010-03-31,23236,232360,愛知県,みよし市,city,23236,56202,3414,3926,3823,3055,2934,3735,4273,5655,4980,3875,2827,2822,3302,2943,1973,1305,,,,,,1360,29098,1780,1988,1989,1611,1630,2053,2243,2856,2632,2112,1520,1444,1577,1503,1047,611,,,,,,502,27104,1634,1938,1834,1444,1304,1682,2030,2799,2348,1763,1307,1378,1725,1440,926,694,,,,,,858
2010,2010-03-31,23237,232378,愛知県,あま市,city,23237,86451,4217,4682,4446,3943,4003,4830,6360,8003,6345,5050,4208,5200,7125,6628,4973,3219,,,,,,3219,43251,2118,2372,2256,2070,2036,2470,3293,4170,3344,2674,2123,2446,3396,3297,2511,1578,,,,,,1097,43200,2099,2310,2190,1873,1967,2360,3067,3833,3001,2376,2085,2754,3729,3331,2462,1641,,,,,,2122
2010,2010-03-31,23300,233005,愛知県,愛知郡,gun_agg,,88675,5468,5563,4977,4231,4707,5740,7569,8989,7346,5523,4421,4803,5789,5023,3365,2402,,,,,,2759,44562,2771,2859,2521,2228,2396,2894,3898,4571,3866,2897,2228,2307,2789,2501,1722,1143,,,,,,971,44113,2697,2704,2456,2003,2311,2846,3671,4418,3480,2626,2193,2496,3000,2522,1643,1259,,,,,,1788
2010,2010-03-31,23302,233021,愛知県,愛知郡東郷町,town,23302,40606,2316,2541,2354,1907,1909,2452,3157,4043,3287,2345,1958,2307,2999,2698,1764,1230,,,,,,1339,20485,1199,1285,1201,1024,975,1272,1638,2078,1749,1230,987,1086,1413,1375,905,594,,,,,,474,20121,1117,1256,1153,883,934,1180,1519,1965,1538,1115,971,1221,1586,1323,859,636,,,,,,865
2010,2010-03-31,23304,233048,愛知県,愛知郡長久手町,town,23304,48069,3152,3022,2623,2324,2798,3288,4412,4946,4059,3178,2463,2496,2790,2325,1601,1172,,,,,,1420,24077,1572,1574,1320,1204,1421,1622,2260,2493,2117,1667,1241,1221,1376,1126,817,549,,,,,,497,23992,1580,1448,1303,1120,1377,1666,2152,2453,1942,1511,1222,1275,1414,1199,784,623,,,,,,923
2010,2010-03-31,23340,233404,愛知県,西春日井郡,gun_agg,,14192,852,725,604,638,835,945,1200,1280,1056,771,671,831,1067,1034,708,469,,,,,,506,7288,434,357,293,317,478,514,630,697,595,415,363,399,524,513,352,230,,,,,,177,6904,418,368,311,321,357,431,570,583,461,356,308,432,543,521,356,239,,,,,,329
2010,2010-03-31,23342,233421,愛知県,西春日井郡豊山町,town,23342,14192,852,725,604,638,835,945,1200,1280,1056,771,671,831,1067,1034,708,469,,,,,,506,7288,434,357,293,317,478,514,630,697,595,415,363,399,524,513,352,230,,,,,,177,6904,418,368,311,321,357,431,570,583,461,356,308,432,543,521,356,239,,,,,,329
2010,2010-03-31,23360,233609,愛知県,丹羽郡,gun_agg,,55742,2886,2925,2974,2676,2849,3380,4039,4887,4135,3225,2752,3285,4165,3867,2974,2171,,,,,,2552,27980,1467,1500,1521,1392,1601,1789,2100,2509,2113,1682,1393,1574,1998,1918,1484,1029,,,,,,910,27762,1419,1425,1453,1284,1248,1591,1939,2378,2022,1543,1359,1711,2167,1949,1490,1142,,,,,,1642
2010,2010-03-31,23361,233617,愛知県,丹羽郡大口町,town,23361,22108,1193,1202,1283,1159,1229,1427,1579,1958,1686,1293,1065,1317,1557,1466,1046,749,,,,,,899,11251,622,609,651,641,749,797,838,996,830,674,539,635,763,731,522,348,,,,,,306,10857,571,593,632,518,480,630,741,962,856,619,526,682,794,735,524,401,,,,,,593
2010,2010-03-31,23362,233625,愛知県,丹羽郡扶桑町,town,23362,33634,1693,1723,1691,1517,1620,1953,2460,2929,2449,1932,1687,1968,2608,2401,1928,1422,,,,,,1653,16729,845,891,870,751,852,992,1262,1513,1283,1008,854,939,1235,1187,962,681,,,,,,604,16905,848,832,821,766,768,961,1198,1416,1166,924,833,1029,1373,1214,966,741,,,,,,1049
2010,2010-03-31,23420,234206,愛知県,海部郡,gun_agg,,70416,3603,3561,3725,3490,3549,4051,5248,6418,5349,4421,3865,4368,5338,4598,3511,2451,,,,,,2870,35281,1830,1801,1903,1776,1735,2078,2676,3403,2791,2321,2000,2177,2659,2266,1746,1124,,,,,,995,35135,1773,1760,1822,1714,1814,1973,2572,3015,2558,2100,1865,2191,2679,2332,1765,1327,,,,,,1875
2010,2010-03-31,23424,234249,愛知県,海部郡大治町,town,23424,29380,1757,1729,1683,1393,1366,1729,2416,3004,2362,1769,1429,1650,2161,1872,1325,867,,,,,,868,14906,893,855,876,725,682,901,1233,1584,1257,977,740,805,1062,937,678,420,,,,,,281,14474,864,874,807,668,684,828,1183,1420,1105,792,689,845,1099,935,647,447,,,,,,587
2010,2010-03-31,23425,234257,愛知県,海部郡蟹江町,town,23425,36540,1650,1636,1856,1894,1919,2099,2574,3086,2745,2400,2142,2383,2768,2457,1929,1362,,,,,,1640,18150,828,850,937,949,915,1060,1309,1640,1413,1220,1107,1206,1374,1193,948,607,,,,,,594,18390,822,786,919,945,1004,1039,1265,1446,1332,1180,1035,1177,1394,1264,981,755,,,,,,1046
2010,2010-03-31,23427,234273,愛知県,海部郡飛島村,village,23427,4496,196,196,186,203,264,223,258,328,242,252,294,335,409,269,257,222,,,,,,362,2225,109,96,90,102,138,117,134,179,121,124,153,166,223,136,120,97,,,,,,120,2271,87,100,96,101,126,106,124,149,121,128,141,169,186,133,137,125,,,,,,242
2010,2010-03-31,23440,234401,愛知県,知多郡,gun_agg,,159908,6892,7808,8385,8393,8889,8946,10078,12276,10790,9874,9158,10542,12805,11032,8711,6828,,,,,,8501,79909,3547,4002,4333,4316,4571,4802,5378,6300,5627,5007,4694,5188,6357,5494,4231,3132,,,,,,2930,79999,3345,3806,4052,4077,4318,4144,4700,5976,5163,4867,4464,5354,6448,5538,4480,3696,,,,,,5571
2010,2010-03-31,23441,234419,愛知県,知多郡阿久比町,town,23441,25229,1133,1201,1202,1224,1356,1514,1693,1881,1608,1438,1486,1684,2137,1835,1437,1095,,,,,,1305,12502,588,586,594,649,661,762,914,967,843,716,760,799,1049,918,710,522,,,,,,464,12727,545,615,608,575,695,752,779,914,765,722,726,885,1088,917,727,573,,,,,,841
2010,2010-03-31,23442,234427,愛知県,知多郡東浦町,town,23442,48648,2209,2471,2794,2618,2676,2920,3265,4081,3441,3099,2611,3046,3712,3194,2537,1794,,,,,,2180,24497,1119,1288,1461,1335,1382,1599,1732,2104,1802,1576,1354,1419,1863,1577,1277,837,,,,,,772,24151,1090,1183,1333,1283,1294,1321,1533,1977,1639,1523,1257,1627,1849,1617,1260,957,,,,,,1408
2010,2010-03-31,23445,234451,愛知県,知多郡南知多町,town,23445,20789,619,753,921,1025,1107,975,956,1146,1152,1323,1396,1591,1738,1458,1407,1394,,,,,,1828,10112,321,382,467,500,553,533,521,600,579,688,707,820,904,700,623,606,,,,,,608,10677,298,371,454,525,554,442,435,546,573,635,689,771,834,758,784,788,,,,,,1220
2010,2010-03-31,23446,234460,愛知県,知多郡美浜町,town,23446,23529,857,1105,1230,1432,1450,1163,1290,1585,1543,1533,1475,1611,1891,1526,1322,1083,,,,,,1433,11619,460,573,647,728,737,610,687,792,795,753,730,820,930,768,610,503,,,,,,476,11910,397,532,583,704,713,553,603,793,748,780,745,791,961,758,712,580,,,,,,957
2010,2010-03-31,23447,234478,愛知県,知多郡武豊町,town,23447,41713,2074,2278,2238,2094,2300,2374,2874,3583,3046,2481,2190,2610,3327,3019,2008,1462,,,,,,1755,21179,1059,1173,1164,1104,1238,1298,1524,1837,1608,1274,1143,1330,1611,1531,1011,664,,,,,,610,20534,1015,1105,1074,990,1062,1076,1350,1746,1438,1207,1047,1280,1716,1488,997,798,,,,,,1145
2010,2010-03-31,23480,234800,愛知県,幡豆郡,gun_agg,,59340,2456,2895,3002,3051,3185,3168,3618,4143,3599,3593,3652,4252,4748,3759,3171,2996,,,,,,4052,29381,1241,1459,1552,1585,1721,1688,1872,2134,1870,1764,1866,2141,2435,1855,1492,1305,,,,,,1401,29959,1215,1436,1450,1466,1464,1480,1746,2009,1729,1829,1786,2111,2313,1904,1679,1691,,,,,,2651
2010,2010-03-31,23481,234818,愛知県,幡豆郡一色町,town,23481,24058,989,1160,1269,1262,1269,1293,1415,1685,1450,1510,1486,1715,1924,1523,1282,1219,,,,,,1607,11881,503,571,675,647,685,692,726,847,760,739,751,900,976,751,572,540,,,,,,546,12177,486,589,594,615,584,601,689,838,690,771,735,815,948,772,710,679,,,,,,1061
2010,2010-03-31,23482,234826,愛知県,幡豆郡吉良町,town,23482,22664,998,1166,1115,1161,1232,1283,1481,1664,1389,1327,1327,1602,1766,1375,1168,1100,,,,,,1510,11300,512,588,562,619,674,682,785,880,702,646,695,787,903,687,576,471,,,,,,531,11364,486,578,553,542,558,601,696,784,687,681,632,815,863,688,592,629,,,,,,979
2010,2010-03-31,23483,234834,愛知県,幡豆郡幡豆町,town,23483,12618,469,569,618,628,684,592,722,794,760,756,839,935,1058,861,721,677,,,,,,935,6200,226,300,315,319,362,314,361,407,408,379,420,454,556,417,344,294,,,,,,324,6418,243,269,303,309,322,278,361,387,352,377,419,481,502,444,377,383,,,,,,611
2010,2010-03-31,23500,235008,愛知県,額田郡,gun_agg,,36477,2110,2083,1924,1912,1984,2501,2771,3293,2509,2230,1942,2375,2549,2030,1459,1159,,,,,,1646,18439,1096,1081,980,948,1002,1379,1448,1742,1337,1147,973,1162,1336,1037,702,489,,,,,,580,18038,1014,1002,944,964,982,1122,1323,1551,1172,1083,969,1213,1213,993,757,670,,,,,,1066
2010,2010-03-31,23501,235016,愛知県,額田郡幸田町,town,23501,36477,2110,2083,1924,1912,1984,2501,2771,3293,2509,2230,1942,2375,2549,2030,1459,1159,,,,,,1646,18439,1096,1081,980,948,1002,1379,1448,1742,1337,1147,973,1162,1336,1037,702,489,,,,,,580,18038,1014,1002,944,964,982,1122,1323,1551,1172,1083,969,1213,1213,993,757,670,,,,,,1066
2010,2010-03-31,23560,235601,愛知県,北設楽郡,gun_agg,,11519,259,324,382,449,388,365,340,449,422,551,709,895,941,865,989,1145,,,,,,2046,5492,129,156,188,219,223,209,190,239,223,298,348,474,500,395,436,513,,,,,,752,6027,130,168,194,230,165,156,150,210,199,253,361,421,441,470,553,632,,,,,,1294
2010,2010-03-31,23561,235610,愛知県,北設楽郡設楽町,town,23561,6116,139,178,214,258,219,214,191,242,232,299,385,467,479,475,523,575,,,,,,1026,2947,71,77,112,121,124,125,110,135,120,166,182,241,257,222,237,265,,,,,,382,3169,68,101,102,137,95,89,81,107,112,133,203,226,222,253,286,310,,,,,,644
2010,2010-03-31,23562,235628,愛知県,北設楽郡東栄町,town,23562,3995,87,99,123,142,124,108,114,143,142,195,235,308,354,293,358,408,,,,,,762,1862,45,49,54,73,75,59,63,72,75,99,123,159,194,122,155,180,,,,,,265,2133,42,50,69,69,49,49,51,71,67,96,112,149,160,171,203,228,,,,,,497
2010,2010-03-31,23563,235636,愛知県,北設楽郡豊根村,village,23563,1408,33,47,45,49,45,43,35,64,48,57,89,120,108,97,108,162,,,,,,258,683,13,30,22,25,24,25,17,32,28,33,43,74,49,51,44,68,,,,,,105,725,20,17,23,24,21,18,18,32,20,24,46,46,59,46,64,94,,,,,,153
2010,2010-03-31,24000,240001,三重県,,pref,,1849703,78542,85763,89884,91796,94010,99393,114810,137031,119292,114037,110779,127133,142132,124128,103164,91459,,,,,,126350,902510,39944,43999,46132,47179,48561,51330,58926,70274,60302,56932,55046,62665,69965,59583,48336,40389,,,,,,42947,947193,38598,41764,43752,44617,45449,48063,55884,66757,58990,57105,55733,64468,72167,64545,54828,51070,,,,,,83403
2010,2010-03-31,24201,242012,三重県,津市,city,24201,281758,12031,12697,13249,13841,14506,14861,17534,20735,18106,17471,17070,18974,21355,18782,16100,14700,,,,,,19746,136669,6114,6534,6695,7055,7549,7588,8960,10524,9029,8729,8519,9321,10347,8945,7423,6613,,,,,,6724,145089,5917,6163,6554,6786,6957,7273,8574,10211,9077,8742,8551,9653,11008,9837,8677,8087,,,,,,13022
2010,2010-03-31,24202,242021,三重県,四日市市,city,24202,305277,13799,14928,15288,15242,15920,18020,20857,25395,21612,19687,17319,19166,22613,20121,16056,13113,,,,,,16141,151785,7056,7617,7836,7884,8320,9650,10869,13290,11237,10010,8696,9474,11108,9674,7758,5802,,,,,,5504,153492,6743,7311,7452,7358,7600,8370,9988,12105,10375,9677,8623,9692,11505,10447,8298,7311,,,,,,10637
2010,2010-03-31,24203,242039,三重県,伊勢市,city,24203,132934,5246,5893,6304,6580,6797,6580,7734,9193,8508,8272,8249,9243,10089,9025,8029,7341,,,,,,9851,63108,2666,3029,3171,3337,3473,3297,3850,4579,4092,3970,4056,4386,4940,4196,3620,3157,,,,,,3289,69826,2580,2864,3133,3243,3324,3283,3884,4614,4416,4302,4193,4857,5149,4829,4409,4184,,,,,,6562
2010,2010-03-31,24204,242047,三重県,松阪市,city,24204,167281,7384,7681,7786,7874,8271,8951,10407,12378,10718,10338,10314,11565,12432,10876,9190,8638,,,,,,12478,80733,3813,4003,3997,4033,4135,4446,5308,6222,5319,5067,5075,5733,6088,5170,4228,3810,,,,,,4286,86548,3571,3678,3789,3841,4136,4505,5099,6156,5399,5271,5239,5832,6344,5706,4962,4828,,,,,,8192
2010,2010-03-31,24205,242055,三重県,桑名市,city,24205,138750,6260,6850,7317,7278,7218,7873,9169,11153,9887,8774,8128,9143,10414,8905,7057,5787,,,,,,7537,68298,3167,3470,3839,3683,3675,4030,4688,5680,5072,4437,3996,4508,5171,4303,3410,2528,,,,,,2641,70452,3093,3380,3478,3595,3543,3843,4481,5473,4815,4337,4132,4635,5243,4602,3647,3259,,,,,,4896
2010,2010-03-31,24207,242071,三重県,鈴鹿市,city,24207,194313,9469,10221,10412,10018,10482,11301,13499,16800,13951,12330,10960,12618,14371,12245,8928,7207,,,,,,9501,97529,4824,5200,5379,5293,5582,6003,6934,8781,7196,6376,5625,6183,7112,6146,4305,3292,,,,,,3298,96784,4645,5021,5033,4725,4900,5298,6565,8019,6755,5954,5335,6435,7259,6099,4623,3915,,,,,,6203
2010,2010-03-31,24208,242080,三重県,名張市,city,24208,82264,3265,3660,3739,4398,4687,4717,5191,5487,4530,4920,5484,6969,7256,5830,4227,3310,,,,,,4594,39746,1625,1891,1902,2191,2338,2371,2580,2738,2218,2272,2602,3447,3606,2847,2084,1469,,,,,,1565,42518,1640,1769,1837,2207,2349,2346,2611,2749,2312,2648,2882,3522,3650,2983,2143,1841,,,,,,3029
2010,2010-03-31,24209,242098,三重県,尾鷲市,city,24209,21272,658,701,868,909,757,803,921,1130,1082,1145,1302,1619,1846,1979,1682,1608,,,,,,2262,9958,325,358,439,459,370,391,476,583,526,560,629,818,855,904,788,716,,,,,,761,11314,333,343,429,450,387,412,445,547,556,585,673,801,991,1075,894,892,,,,,,1501
2010,2010-03-31,24210,242101,三重県,亀山市,city,24210,47751,2239,2322,2189,2170,2654,2926,3142,3617,2917,2740,3003,3311,3618,2919,2442,2221,,,,,,3321,23848,1098,1215,1104,1154,1430,1593,1652,1952,1550,1384,1481,1660,1839,1521,1140,942,,,,,,1133,23903,1141,1107,1085,1016,1224,1333,1490,1665,1367,1356,1522,1651,1779,1398,1302,1279,,,,,,2188
2010,2010-03-31,24211,242110,三重県,鳥羽市,city,24211,22269,688,848,1052,1136,1075,1046,1035,1126,1215,1459,1531,1796,1781,1539,1502,1419,,,,,,2021,10574,364,435,533,588,556,542,553,539,578,742,750,893,903,684,643,592,,,,,,679,11695,324,413,519,548,519,504,482,587,637,717,781,903,878,855,859,827,,,,,,1342
2010,2010-03-31,24212,242128,三重県,熊野市,city,24212,20080,590,712,846,973,642,690,826,958,987,1116,1216,1500,1673,1669,1519,1603,,,,,,2560,9355,310,358,424,555,319,344,425,469,490,578,598,752,799,731,664,682,,,,,,857,10725,280,354,422,418,323,346,401,489,497,538,618,748,874,938,855,921,,,,,,1703
2010,2010-03-31,24214,242144,三重県,いなべ市,city,24214,45340,1882,2132,2333,2509,2754,2626,2783,3189,2861,2788,2702,3120,3350,2789,2262,1981,,,,,,3279,22636,976,1044,1234,1263,1505,1406,1480,1713,1461,1451,1361,1582,1673,1383,1060,923,,,,,,1121,22704,906,1088,1099,1246,1249,1220,1303,1476,1400,1337,1341,1538,1677,1406,1202,1058,,,,,,2158
2010,2010-03-31,24215,242152,三重県,志摩市,city,24215,57871,1694,2176,2666,2787,2457,2316,2608,3467,3401,3707,3658,4287,4799,4466,4261,3860,,,,,,5261,27237,871,1117,1375,1397,1216,1152,1284,1703,1633,1804,1784,2091,2350,2091,1979,1657,,,,,,1733,30634,823,1059,1291,1390,1241,1164,1324,1764,1768,1903,1874,2196,2449,2375,2282,2203,,,,,,3528
2010,2010-03-31,24216,242161,三重県,伊賀市,city,24216,95718,3682,3975,4301,4788,4915,4987,5465,5988,5150,5319,5785,7020,7734,6504,5776,5699,,,,,,8630,46275,1876,2043,2250,2523,2632,2592,2868,3081,2592,2544,2879,3530,3872,3069,2616,2459,,,,,,2849,49443,1806,1932,2051,2265,2283,2395,2597,2907,2558,2775,2906,3490,3862,3435,3160,3240,,,,,,5781
2010,2010-03-31,24300,243001,三重県,桑名郡,gun_agg,,6600,235,254,304,392,357,370,380,437,381,462,374,567,618,516,395,259,,,,,,299,3317,119,133,155,210,180,201,199,217,220,220,193,268,312,262,193,127,,,,,,108,3283,116,121,149,182,177,169,181,220,161,242,181,299,306,254,202,132,,,,,,191
2010,2010-03-31,24303,243035,三重県,桑名郡木曽岬町,town,24303,6600,235,254,304,392,357,370,380,437,381,462,374,567,618,516,395,259,,,,,,299,3317,119,133,155,210,180,201,199,217,220,220,193,268,312,262,193,127,,,,,,108,3283,116,121,149,182,177,169,181,220,161,242,181,299,306,254,202,132,,,,,,191
2010,2010-03-31,24320,243205,三重県,員弁郡,gun_agg,,25324,999,1162,1168,1235,1460,1590,1580,1780,1383,1449,1793,2250,2510,1773,1083,887,,,,,,1222,12444,495,579,622,601,714,838,830,903,718,678,824,1077,1261,981,550,384,,,,,,389,12880,504,583,546,634,746,752,750,877,665,771,969,1173,1249,792,533,503,,,,,,833
2010,2010-03-31,24324,243248,三重県,員弁郡東員町,town,24324,25324,999,1162,1168,1235,1460,1590,1580,1780,1383,1449,1793,2250,2510,1773,1083,887,,,,,,1222,12444,495,579,622,601,714,838,830,903,718,678,824,1077,1261,981,550,384,,,,,,389,12880,504,583,546,634,746,752,750,877,665,771,969,1173,1249,792,533,503,,,,,,833
2010,2010-03-31,24340,243400,三重県,三重郡,gun_agg,,63173,3459,3596,3497,3096,3046,3551,4690,5704,4649,3818,3251,3557,4307,3869,3109,2509,,,,,,3465,31288,1724,1886,1778,1562,1559,1776,2406,2987,2417,1988,1679,1721,2142,1862,1535,1108,,,,,,1158,31885,1735,1710,1719,1534,1487,1775,2284,2717,2232,1830,1572,1836,2165,2007,1574,1401,,,,,,2307
2010,2010-03-31,24341,243418,三重県,三重郡菰野町,town,24341,40153,1811,2106,2334,2093,1986,2077,2489,3309,2938,2515,2266,2460,2945,2624,2070,1722,,,,,,2408,19740,888,1065,1178,1079,1032,1035,1281,1735,1485,1298,1150,1202,1468,1273,1025,763,,,,,,783,20413,923,1041,1156,1014,954,1042,1208,1574,1453,1217,1116,1258,1477,1351,1045,959,,,,,,1625
2010,2010-03-31,24343,243434,三重県,三重郡朝日町,town,24343,9425,816,731,425,336,355,566,994,1084,638,448,362,410,555,527,430,319,,,,,,429,4707,408,408,216,163,173,283,498,555,368,230,190,196,244,265,218,135,,,,,,157,4718,408,323,209,173,182,283,496,529,270,218,172,214,311,262,212,184,,,,,,272
2010,2010-03-31,24344,243442,三重県,三重郡川越町,town,24344,13595,832,759,738,667,705,908,1207,1311,1073,855,623,687,807,718,609,468,,,,,,628,6841,428,413,384,320,354,458,627,697,564,460,339,323,430,324,292,210,,,,,,218,6754,404,346,354,347,351,450,580,614,509,395,284,364,377,394,317,258,,,,,,410
2010,2010-03-31,24440,244406,三重県,多気郡,gun_agg,,49546,1956,2218,2323,2249,2300,2508,2796,3278,2866,2827,3108,3610,3812,3238,2953,2862,,,,,,4642,23852,980,1159,1196,1119,1139,1227,1462,1700,1437,1416,1512,1795,1900,1538,1370,1252,,,,,,1650,25694,976,1059,1127,1130,1161,1281,1334,1578,1429,1411,1596,1815,1912,1700,1583,1610,,,,,,2992
2010,2010-03-31,24441,244414,三重県,多気郡多気町,town,24441,15593,630,666,684,684,753,821,921,993,876,910,972,1178,1136,960,978,914,,,,,,1517,7589,310,357,346,335,386,407,499,541,446,475,469,605,576,442,447,407,,,,,,541,8004,320,309,338,349,367,414,422,452,430,435,503,573,560,518,531,507,,,,,,976
2010,2010-03-31,24442,244422,三重県,多気郡明和町,town,24442,23285,977,1153,1210,1100,1138,1271,1395,1724,1464,1369,1493,1635,1797,1493,1233,1149,,,,,,1684,11245,498,584,634,552,543,616,725,881,734,650,738,798,884,718,585,507,,,,,,598,12040,479,569,576,548,595,655,670,843,730,719,755,837,913,775,648,642,,,,,,1086
2010,2010-03-31,24443,244431,三重県,多気郡大台町,town,24443,10668,349,399,429,465,409,416,480,561,526,548,643,797,879,785,742,799,,,,,,1441,5018,172,218,216,232,210,204,238,278,257,291,305,392,440,378,338,338,,,,,,511,5650,177,181,213,233,199,212,242,283,269,257,338,405,439,407,404,461,,,,,,930
2010,2010-03-31,24460,244601,三重県,度会郡,gun_agg,,50862,1628,2069,2293,2420,2214,2172,2330,2903,2860,2949,3037,3637,4024,3904,3711,3590,,,,,,5121,24380,852,1058,1198,1295,1117,1126,1174,1447,1439,1512,1522,1808,1999,1780,1671,1652,,,,,,1730,26482,776,1011,1095,1125,1097,1046,1156,1456,1421,1437,1515,1829,2025,2124,2040,1938,,,,,,3391
2010,2010-03-31,24461,244619,三重県,度会郡玉城町,town,24461,15362,741,895,824,808,751,879,956,1164,1036,953,869,1040,1070,909,760,693,,,,,,1014,7511,394,436,432,432,384,475,474,579,513,470,428,507,526,446,353,310,,,,,,352,7851,347,459,392,376,367,404,482,585,523,483,441,533,544,463,407,383,,,,,,662
2010,2010-03-31,24470,244708,三重県,度会郡度会町,town,24470,9027,322,412,464,467,452,435,480,563,515,544,606,693,709,566,520,510,,,,,,769,4381,171,206,240,259,231,218,246,268,261,284,285,348,374,278,222,236,,,,,,254,4646,151,206,224,208,221,217,234,295,254,260,321,345,335,288,298,274,,,,,,515
2010,2010-03-31,24471,244716,三重県,度会郡大紀町,town,24471,10312,248,333,394,429,407,365,400,482,503,532,627,789,898,869,850,900,,,,,,1286,4851,124,183,213,218,188,185,210,247,240,267,306,394,445,406,378,427,,,,,,420,5461,124,150,181,211,219,180,190,235,263,265,321,395,453,463,472,473,,,,,,866
2010,2010-03-31,24472,244724,三重県,度会郡南伊勢町,town,24472,16161,317,429,611,716,604,493,494,694,806,920,935,1115,1347,1560,1581,1487,,,,,,2052,7637,163,233,313,386,314,248,244,353,425,491,503,559,654,650,718,679,,,,,,704,8524,154,196,298,330,290,245,250,341,381,429,432,556,693,910,863,808,,,,,,1348
2010,2010-03-31,24540,245402,三重県,北牟婁郡,gun_agg,,19228,526,682,851,797,703,678,792,1001,1031,1114,1123,1528,1626,1674,1493,1466,,,,,,2143,9119,267,355,442,417,359,362,415,503,502,544,561,792,778,751,708,645,,,,,,718,10109,259,327,409,380,344,316,377,498,529,570,562,736,848,923,785,821,,,,,,1425
2010,2010-03-31,24543,245437,三重県,北牟婁郡紀北町,town,24543,19228,526,682,851,797,703,678,792,1001,1031,1114,1123,1528,1626,1674,1493,1466,,,,,,2143,9119,267,355,442,417,359,362,415,503,502,544,561,792,778,751,708,645,,,,,,718,10109,259,327,409,380,344,316,377,498,529,570,562,736,848,923,785,821,,,,,,1425
2010,2010-03-31,24560,245607,三重県,南牟婁郡,gun_agg,,22092,852,986,1098,1104,795,827,1071,1312,1197,1352,1372,1653,1904,1505,1389,1399,,,,,,2276,10359,422,515,563,560,393,395,513,663,576,650,704,826,910,745,591,579,,,,,,754,11733,430,471,535,544,402,432,558,649,621,702,668,827,994,760,798,820,,,,,,1522
2010,2010-03-31,24561,245615,三重県,南牟婁郡御浜町,town,24561,9753,367,440,469,489,315,302,444,552,531,616,583,690,793,695,671,654,,,,,,1142,4542,174,234,252,254,150,139,213,276,244,297,306,348,375,346,284,257,,,,,,393,5211,193,206,217,235,165,163,231,276,287,319,277,342,418,349,387,397,,,,,,749
2010,2010-03-31,24562,245623,三重県,南牟婁郡紀宝町,town,24562,12339,485,546,629,615,480,525,627,760,666,736,789,963,1111,810,718,745,,,,,,1134,5817,248,281,311,306,243,256,300,387,332,353,398,478,535,399,307,322,,,,,,361,6522,237,265,318,309,237,269,327,373,334,383,391,485,576,411,411,423,,,,,,773
2010,2010-03-31,25000,250007,滋賀県,,pref,,1386570,67410,71447,72207,72127,78632,83031,95610,109141,91631,84566,81957,93187,101139,82825,64255,56953,,,,,,80452,683318,34731,36811,37171,37045,41116,42548,48308,55781,46444,42139,40738,46566,50163,40838,30471,25361,,,,,,27087,703252,32679,34636,35036,35082,37516,40483,47302,53360,45187,42427,41219,46621,50976,41987,33784,31592,,,,,,53365
2010,2010-03-31,25201,252018,滋賀県,大津市,city,25201,333038,15402,16877,17284,17321,18129,18770,21877,26842,23282,21875,20360,22355,25473,20583,15560,13435,,,,,,17613,161591,7891,8622,8920,8786,9108,9176,10688,13286,11440,10835,10003,11033,12368,10058,7319,5982,,,,,,6076,171447,7511,8255,8364,8535,9021,9594,11189,13556,11842,11040,10357,11322,13105,10525,8241,7453,,,,,,11537
2010,2010-03-31,25202,252026,滋賀県,彦根市,city,25202,109482,5357,5588,5743,5797,6431,6435,7671,8674,7264,6828,6622,7302,7426,6272,5093,4520,,,,,,6459,54006,2766,2906,2984,2929,3368,3360,3907,4465,3698,3406,3297,3708,3689,3046,2326,1998,,,,,,2153,55476,2591,2682,2759,2868,3063,3075,3764,4209,3566,3422,3325,3594,3737,3226,2767,2522,,,,,,4306
2010,2010-03-31,25203,252034,滋賀県,長浜市,city,25203,122168,5500,6184,6481,6470,6757,6961,7857,8640,7518,7093,7048,8031,8573,7564,6340,5943,,,,,,9208,59740,2870,3218,3275,3329,3508,3591,4018,4434,3845,3473,3479,4091,4276,3633,2937,2669,,,,,,3094,62428,2630,2966,3206,3141,3249,3370,3839,4206,3673,3620,3569,3940,4297,3931,3403,3274,,,,,,6114
2010,2010-03-31,25204,252042,滋賀県,近江八幡市,city,25204,80516,3958,3833,3817,3877,4456,5061,5495,6023,5022,4639,4799,5857,6244,5113,4035,3479,,,,,,4808,39502,1990,1985,1961,2021,2281,2539,2782,3099,2550,2234,2400,2888,3134,2558,1929,1574,,,,,,1577,41014,1968,1848,1856,1856,2175,2522,2713,2924,2472,2405,2399,2969,3110,2555,2106,1905,,,,,,3231
2010,2010-03-31,25206,252069,滋賀県,草津市,city,25206,119077,6278,6266,6123,5801,7036,7721,9467,10830,8963,7255,6309,7544,8712,7207,4978,3756,,,,,,4831,59691,3198,3233,3150,2987,3933,3899,4820,5568,4602,3745,3168,3689,4174,3665,2499,1729,,,,,,1632,59386,3080,3033,2973,2814,3103,3822,4647,5262,4361,3510,3141,3855,4538,3542,2479,2027,,,,,,3199
2010,2010-03-31,25207,252077,滋賀県,守山市,city,25207,76483,4630,4583,4174,3822,4088,4840,6173,7061,5419,4516,4162,4791,5250,4197,3008,2509,,,,,,3260,37810,2376,2319,2121,1945,2064,2416,3039,3576,2791,2249,2055,2339,2573,2116,1522,1119,,,,,,1190,38673,2254,2264,2053,1877,2024,2424,3134,3485,2628,2267,2107,2452,2677,2081,1486,1390,,,,,,2070
2010,2010-03-31,25208,252085,滋賀県,栗東市,city,25208,63509,4540,4259,3568,2988,3013,4247,5884,6662,4922,3631,3002,3506,4074,3171,2283,1658,,,,,,2101,31804,2333,2188,1903,1535,1539,2117,2985,3294,2596,1870,1522,1744,1981,1598,1119,760,,,,,,720,31705,2207,2071,1665,1453,1474,2130,2899,3368,2326,1761,1480,1762,2093,1573,1164,898,,,,,,1381
2010,2010-03-31,25209,252093,滋賀県,甲賀市,city,25209,92127,4079,4558,4892,5145,5369,5285,5750,6594,5499,5703,5908,6393,6726,5273,4449,4373,,,,,,6131,45461,2165,2368,2468,2633,2733,2784,2926,3499,2795,2858,2949,3307,3417,2567,2104,1882,,,,,,2006,46666,1914,2190,2424,2512,2636,2501,2824,3095,2704,2845,2959,3086,3309,2706,2345,2491,,,,,,4125
2010,2010-03-31,25210,252107,滋賀県,野洲市,city,25210,50033,2546,2586,2530,2493,2745,3189,3643,4135,3317,2869,2811,3318,3937,3211,2314,1770,,,,,,2619,24981,1324,1333,1286,1309,1575,1711,1869,2101,1690,1448,1349,1604,1910,1641,1148,797,,,,,,886,25052,1222,1253,1244,1184,1170,1478,1774,2034,1627,1421,1462,1714,2027,1570,1166,973,,,,,,1733
2010,2010-03-31,25211,252115,滋賀県,湖南市,city,25211,52894,2382,2688,2759,2913,3658,3683,3792,4152,3417,3261,3399,3963,4110,3064,2070,1578,,,,,,2005,27277,1226,1416,1454,1571,1971,2039,1993,2292,1817,1625,1696,2001,2128,1606,1068,713,,,,,,661,25617,1156,1272,1305,1342,1687,1644,1799,1860,1600,1636,1703,1962,1982,1458,1002,865,,,,,,1344
2010,2010-03-31,25212,252123,滋賀県,高島市,city,25212,53590,1998,2275,2614,2817,2956,2713,2905,3220,2997,3212,3444,3927,4091,3586,3125,3105,,,,,,4605,26124,1026,1176,1363,1476,1563,1429,1474,1662,1462,1598,1723,2007,2068,1673,1452,1395,,,,,,1577,27466,972,1099,1251,1341,1393,1284,1431,1558,1535,1614,1721,1920,2023,1913,1673,1710,,,,,,3028
2010,2010-03-31,25213,252131,滋賀県,東近江市,city,25213,114054,5467,5870,6208,6146,6505,6926,7668,8354,7139,6751,6838,7976,8130,6526,5064,4908,,,,,,7578,56331,2819,3013,3166,3133,3424,3641,3945,4356,3656,3384,3431,4005,4135,3243,2342,2148,,,,,,2490,57723,2648,2857,3042,3013,3081,3285,3723,3998,3483,3367,3407,3971,3995,3283,2722,2760,,,,,,5088
2010,2010-03-31,25214,252140,滋賀県,米原市,city,25214,40950,1653,2017,2195,2263,2363,2179,2403,2663,2500,2530,2494,2686,2739,2530,2192,2183,,,,,,3360,20087,866,1057,1167,1173,1230,1139,1256,1342,1246,1241,1288,1371,1374,1202,973,1008,,,,,,1154,20863,787,960,1028,1090,1133,1040,1147,1321,1254,1289,1206,1315,1365,1328,1219,1175,,,,,,2206
2010,2010-03-31,25380,253804,滋賀県,蒲生郡,gun_agg,,35833,1554,1577,1667,2065,2687,2295,2215,2258,1943,2140,2263,2587,2601,1967,1686,1689,,,,,,2639,18066,828,812,865,1106,1594,1283,1180,1209,994,1057,1140,1295,1384,965,801,707,,,,,,846,17767,726,765,802,959,1093,1012,1035,1049,949,1083,1123,1292,1217,1002,885,982,,,,,,1793
2010,2010-03-31,25383,253839,滋賀県,蒲生郡日野町,town,25383,22698,978,1021,1037,1177,1322,1483,1403,1472,1255,1336,1410,1606,1662,1317,1138,1208,,,,,,1873,11136,516,513,521,593,678,807,746,787,649,661,717,803,890,634,531,493,,,,,,597,11562,462,508,516,584,644,676,657,685,606,675,693,803,772,683,607,715,,,,,,1276
2010,2010-03-31,25384,253847,滋賀県,蒲生郡竜王町,town,25384,13135,576,556,630,888,1365,812,812,786,688,804,853,981,939,650,548,481,,,,,,766,6930,312,299,344,513,916,476,434,422,345,396,423,492,494,331,270,214,,,,,,249,6205,264,257,286,375,449,336,378,364,343,408,430,489,445,319,278,267,,,,,,517
2010,2010-03-31,25420,254207,滋賀県,愛知郡,gun_agg,,19632,1098,1157,1068,1018,1150,1389,1451,1511,1192,1070,1048,1215,1258,1051,802,864,,,,,,1290,9718,567,597,525,507,596,733,762,786,626,531,518,620,642,524,370,374,,,,,,440,9914,531,560,543,511,554,656,689,725,566,539,530,595,616,527,432,490,,,,,,850
2010,2010-03-31,25425,254258,滋賀県,愛知郡愛荘町,town,25425,19632,1098,1157,1068,1018,1150,1389,1451,1511,1192,1070,1048,1215,1258,1051,802,864,,,,,,1290,9718,567,597,525,507,596,733,762,786,626,531,518,620,642,524,370,374,,,,,,440,9914,531,560,543,511,554,656,689,725,566,539,530,595,616,527,432,490,,,,,,850
2010,2010-03-31,25440,254401,滋賀県,犬上郡,gun_agg,,23184,968,1129,1084,1191,1289,1337,1359,1522,1237,1193,1450,1736,1795,1510,1256,1183,,,,,,1945,11129,486,568,563,605,629,691,664,812,636,585,720,864,910,743,562,506,,,,,,585,12055,482,561,521,586,660,646,695,710,601,608,730,872,885,767,694,677,,,,,,1360
2010,2010-03-31,25441,254410,滋賀県,犬上郡豊郷町,town,25441,7239,373,377,302,370,437,465,503,521,394,353,479,512,551,452,306,328,,,,,,516,3525,191,179,156,193,216,246,254,292,209,173,233,259,272,224,146,127,,,,,,155,3714,182,198,146,177,221,219,249,229,185,180,246,253,279,228,160,201,,,,,,361
2010,2010-03-31,25442,254428,滋賀県,犬上郡甲良町,town,25442,7888,299,386,390,416,423,467,460,518,417,427,491,582,609,538,458,430,,,,,,577,3762,139,197,197,204,204,244,218,271,218,204,255,283,304,267,193,188,,,,,,176,4126,160,189,193,212,219,223,242,247,199,223,236,299,305,271,265,242,,,,,,401
2010,2010-03-31,25443,254436,滋賀県,犬上郡多賀町,town,25443,8057,296,366,392,405,429,405,396,483,426,413,480,642,635,520,492,425,,,,,,852,3842,156,192,210,208,209,201,192,249,209,208,232,322,334,252,223,191,,,,,,254,4215,140,174,182,197,220,204,204,234,217,205,248,320,301,268,269,234,,,,,,598
2010,2010-03-31,26000,260002,京都府,,pref,,2551706,107155,113285,117577,118423,138385,149996,171265,200173,171066,151823,140903,167205,209406,175513,139293,117832,,,,,,162406,1227484,55143,57875,60116,60584,70840,74382,85626,99965,85094,74893,69435,80870,100674,83227,64552,51311,,,,,,52897,1324222,52012,55410,57461,57839,67545,75614,85639,100208,85972,76930,71468,86335,108732,92286,74741,66521,,,,,,109509
2010,2010-03-31,26100,261009,京都府,京都市,city_agg,,1384896,55770,57373,59766,61181,79860,88320,96893,110562,96279,84460,74876,86730,110974,93631,76261,64660,,,,,,87300,659792,28763,29298,30428,31244,40254,43079,47996,54696,47495,41390,36828,41994,53236,43292,34505,27676,,,,,,27618,725104,27007,28075,29338,29937,39606,45241,48897,55866,48784,43070,38048,44736,57738,50339,41756,36984,,,,,,59682
2010,2010-03-31,26101,261017,京都府,京都市北区,ward,26100,112029,4067,4531,5072,5493,6508,5938,6726,8137,7746,7187,6335,7095,8833,7522,6403,5863,,,,,,8573,53043,2084,2282,2583,2909,3511,2912,3314,3965,3725,3453,3129,3479,4171,3448,2818,2493,,,,,,2767,58986,1983,2249,2489,2584,2997,3026,3412,4172,4021,3734,3206,3616,4662,4074,3585,3370,,,,,,5806
2010,2010-03-31,26102,261025,京都府,京都市上京区,ward,26100,74633,2500,2613,2704,2968,4663,4873,5021,5544,4885,4486,3962,4225,5676,4981,4583,4316,,,,,,6633,34088,1294,1332,1334,1478,2384,2247,2381,2663,2273,2174,1829,2061,2680,2175,1980,1757,,,,,,2046,40545,1206,1281,1370,1490,2279,2626,2640,2881,2612,2312,2133,2164,2996,2806,2603,2559,,,,,,4587
2010,2010-03-31,26103,261033,京都府,京都市左京区,ward,26100,151372,5788,5828,6057,6562,9806,9186,9922,11135,10125,9092,8402,9682,12191,10050,8467,7620,,,,,,11459,71585,2969,2957,3030,3374,5376,4642,4854,5402,4906,4395,4115,4634,5748,4600,3789,3240,,,,,,3554,79787,2819,2871,3027,3188,4430,4544,5068,5733,5219,4697,4287,5048,6443,5450,4678,4380,,,,,,7905
2010,2010-03-31,26104,261041,京都府,京都市中京区,ward,26100,98187,3601,3631,3699,3616,5789,7318,7561,8179,7174,6327,5355,5745,7195,6048,5170,4847,,,,,,6932,44910,1834,1821,1882,1865,2725,3267,3557,3866,3367,3005,2595,2723,3453,2724,2143,2024,,,,,,2059,53277,1767,1810,1817,1751,3064,4051,4004,4313,3807,3322,2760,3022,3742,3324,3027,2823,,,,,,4873
2010,2010-03-31,26105,261050,京都府,京都市東山区,ward,26100,37685,918,984,1015,1324,2131,2349,2416,2504,2227,2073,1998,2348,3396,2896,2614,2630,,,,,,3862,16861,471,483,510,631,950,1133,1187,1244,1038,1020,985,1137,1593,1242,1059,1012,,,,,,1166,20824,447,501,505,693,1181,1216,1229,1260,1189,1053,1013,1211,1803,1654,1555,1618,,,,,,2696
2010,2010-03-31,26106,261068,京都府,京都市下京区,ward,26100,73157,2784,2453,2327,2292,4805,6534,6425,6167,4987,4210,3656,3899,5173,4361,3858,3650,,,,,,5576,33939,1494,1268,1192,1156,2186,2936,3093,2965,2425,2070,1834,1893,2520,1950,1682,1501,,,,,,1774,39218,1290,1185,1135,1136,2619,3598,3332,3202,2562,2140,1822,2006,2653,2411,2176,2149,,,,,,3802
2010,2010-03-31,26107,261076,京都府,京都市南区,ward,26100,92746,4122,3761,3849,4062,5489,6564,6965,7459,6427,5743,4982,6012,7395,5954,4851,3966,,,,,,5145,46513,2133,1916,1954,2071,2865,3494,3685,3953,3341,2932,2641,3173,3824,2905,2254,1713,,,,,,1659,46233,1989,1845,1895,1991,2624,3070,3280,3506,3086,2811,2341,2839,3571,3049,2597,2253,,,,,,3486
2010,2010-03-31,26108,261084,京都府,京都市右京区,ward,26100,189945,7870,8114,8264,8907,10623,11304,12970,15501,13354,12020,10274,11753,14842,13189,11004,8869,,,,,,11087,91055,4051,4174,4257,4481,5272,5555,6484,7782,6657,5894,5096,5675,7052,6003,5060,3972,,,,,,3590,98890,3819,3940,4007,4426,5351,5749,6486,7719,6697,6126,5178,6078,7790,7186,5944,4897,,,,,,7497
2010,2010-03-31,26109,261092,京都府,京都市伏見区,ward,26100,273535,11900,12368,12960,12910,15028,17068,19117,22325,19082,16314,14616,17944,22686,18653,14503,11763,,,,,,14298,132312,6075,6384,6673,6660,7633,8642,9583,11207,9710,8064,7135,8611,11011,8766,6585,5062,,,,,,4511,141223,5825,5984,6287,6250,7395,8426,9534,11118,9372,8250,7481,9333,11675,9887,7918,6701,,,,,,9787
2010,2010-03-31,26110,261106,京都府,京都市山科区,ward,26100,131194,5444,5761,5906,5657,6777,7926,9261,11054,9224,7675,6723,8476,11674,10129,7414,5464,,,,,,6629,63000,2814,2864,2984,2865,3256,3805,4643,5557,4671,3832,3337,4043,5555,4738,3566,2361,,,,,,2109,68194,2630,2897,2922,2792,3521,4121,4618,5497,4553,3843,3386,4433,6119,5391,3848,3103,,,,,,4520
2010,2010-03-31,26111,261114,京都府,京都市西京区,ward,26100,150413,6776,7329,7913,7390,8241,9260,10509,12557,11048,9333,8573,9551,11913,9848,7394,5672,,,,,,7106,72486,3544,3817,4029,3754,4096,4446,5215,6092,5382,4551,4132,4565,5629,4741,3569,2541,,,,,,2383,77927,3232,3512,3884,3636,4145,4814,5294,6465,5666,4782,4441,4986,6284,5107,3825,3131,,,,,,4723
2010,2010-03-31,26201,262013,京都府,福知山市,city,26201,80804,3738,3821,3959,3948,4062,4224,4964,5757,4779,4574,4773,5156,6184,5025,4275,4420,,,,,,7145,39460,1888,1986,2014,2022,2230,2285,2614,3022,2450,2298,2412,2607,3012,2392,1948,1845,,,,,,2435,41344,1850,1835,1945,1926,1832,1939,2350,2735,2329,2276,2361,2549,3172,2633,2327,2575,,,,,,4710
2010,2010-03-31,26202,262021,京都府,舞鶴市,city,26202,89541,4050,4289,4378,4753,4421,4629,5504,6363,5169,4997,4887,5676,7308,5968,5096,4655,,,,,,7398,44508,2066,2238,2180,2634,2555,2544,2969,3374,2767,2640,2511,2840,3522,2840,2358,2031,,,,,,2439,45033,1984,2051,2198,2119,1866,2085,2535,2989,2402,2357,2376,2836,3786,3128,2738,2624,,,,,,4959
2010,2010-03-31,26203,262030,京都府,綾部市,city,26203,37047,1338,1542,1714,1708,1570,1520,1965,2274,1930,1817,2068,2549,3093,2701,2441,2569,,,,,,4248,17763,696,800,901,865,842,826,1013,1173,989,905,1013,1270,1503,1340,1049,1132,,,,,,1446,19284,642,742,813,843,728,694,952,1101,941,912,1055,1279,1590,1361,1392,1437,,,,,,2802
2010,2010-03-31,26204,262048,京都府,宇治市,city,26204,190091,8635,9331,9520,9267,9962,10611,12907,15801,13268,11310,10292,12721,16194,13560,10042,7620,,,,,,9050,92790,4523,4790,4916,4797,5105,5360,6401,7913,6590,5613,5039,5981,7681,6574,4926,3484,,,,,,3097,97301,4112,4541,4604,4470,4857,5251,6506,7888,6678,5697,5253,6740,8513,6986,5116,4136,,,,,,5953
2010,2010-03-31,26205,262056,京都府,宮津市,city,26205,20778,664,763,895,976,783,759,890,1107,1002,1152,1308,1553,1838,1542,1451,1548,,,,,,2547,9805,325,417,457,491,398,416,459,572,503,598,663,787,890,717,621,640,,,,,,851,10973,339,346,438,485,385,343,431,535,499,554,645,766,948,825,830,908,,,,,,1696
2010,2010-03-31,26206,262064,京都府,亀岡市,city,26206,92980,3914,4417,4869,4989,5461,5488,5965,6654,5762,5582,5964,7083,7850,6143,4412,3551,,,,,,4876,45333,2029,2261,2494,2498,2822,2734,3015,3363,2806,2673,2863,3487,3899,3062,2189,1550,,,,,,1588,47647,1885,2156,2375,2491,2639,2754,2950,3291,2956,2909,3101,3596,3951,3081,2223,2001,,,,,,3288
2010,2010-03-31,26207,262072,京都府,城陽市,city,26207,80362,3139,3447,3590,3581,3980,4562,5318,6339,4912,4225,4239,5927,8170,6895,4617,3284,,,,,,4137,38963,1598,1722,1783,1808,2040,2266,2692,3200,2522,2063,1949,2764,3878,3455,2298,1507,,,,,,1418,41399,1541,1725,1807,1773,1940,2296,2626,3139,2390,2162,2290,3163,4292,3440,2319,1777,,,,,,2719
2010,2010-03-31,26208,262081,京都府,向日市,city,26208,54643,2623,2758,2657,2380,2558,2944,3994,5002,4039,3161,2921,3448,4525,4031,2931,2070,,,,,,2601,26461,1385,1388,1363,1173,1343,1444,1981,2445,2068,1573,1435,1629,2122,1924,1367,919,,,,,,902,28182,1238,1370,1294,1207,1215,1500,2013,2557,1971,1588,1486,1819,2403,2107,1564,1151,,,,,,1699
2010,2010-03-31,26209,262099,京都府,長岡京市,city,26209,79248,3762,3828,3776,3443,3916,4702,5752,7086,5924,4792,4144,5126,6428,5572,4158,3074,,,,,,3765,38632,1922,1907,1955,1712,1959,2403,2917,3538,3015,2430,2011,2389,3042,2662,2019,1395,,,,,,1356,40616,1840,1921,1821,1731,1957,2299,2835,3548,2909,2362,2133,2737,3386,2910,2139,1679,,,,,,2409
2010,2010-03-31,26210,262102,京都府,八幡市,city,26210,73392,3283,3446,3316,3207,3794,4260,5006,5934,4820,4029,4211,5636,6914,5604,3918,2794,,,,,,3220,35965,1683,1759,1707,1660,1947,2122,2507,3005,2455,1979,2049,2683,3295,2801,1978,1258,,,,,,1077,37427,1600,1687,1609,1547,1847,2138,2499,2929,2365,2050,2162,2953,3619,2803,1940,1536,,,,,,2143
2010,2010-03-31,26211,262111,京都府,京田辺市,city,26211,62730,3175,3527,3394,3333,3381,3134,4286,5709,4339,3640,3172,4036,5219,4479,2951,2239,,,,,,2716,30561,1620,1766,1727,1759,1833,1508,2095,2821,2157,1775,1552,1822,2474,2266,1442,1048,,,,,,896,32169,1555,1761,1667,1574,1548,1626,2191,2888,2182,1865,1620,2214,2745,2213,1509,1191,,,,,,1820
2010,2010-03-31,26212,262129,京都府,京丹後市,city,26212,61661,2258,2793,3201,3350,2548,2421,2915,3711,3489,3718,3801,4203,4920,4277,3871,3809,,,,,,6376,29814,1168,1407,1662,1720,1362,1323,1559,1939,1728,1912,1953,2136,2439,1954,1757,1684,,,,,,2111,31847,1090,1386,1539,1630,1186,1098,1356,1772,1761,1806,1848,2067,2481,2323,2114,2125,,,,,,4265
2010,2010-03-31,26213,262137,京都府,南丹市,city,26213,34406,1159,1319,1575,1844,1932,1699,1696,1907,1873,2004,2021,2527,2598,2287,2145,2266,,,,,,3554,16549,583,693,816,953,1042,845,857,986,903,1026,1005,1310,1281,1077,939,1033,,,,,,1200,17857,576,626,759,891,890,854,839,921,970,978,1016,1217,1317,1210,1206,1233,,,,,,2354
2010,2010-03-31,26214,262145,京都府,木津川市,city,26214,69310,4088,4036,3557,3240,3421,3986,5260,6024,4616,3982,4087,4773,5687,4151,2794,2316,,,,,,3292,33484,2109,2072,1848,1616,1651,1869,2512,2973,2255,1879,1991,2243,2804,2134,1403,1036,,,,,,1089,35826,1979,1964,1709,1624,1770,2117,2748,3051,2361,2103,2096,2530,2883,2017,1391,1280,,,,,,2203
2010,2010-03-31,26300,263001,京都府,乙訓郡,gun_agg,,15410,746,693,678,740,812,901,1074,1242,975,911,812,941,1202,1174,929,720,,,,,,860,7566,373,371,345,390,476,442,542,631,469,453,402,435,567,561,448,345,,,,,,316,7844,373,322,333,350,336,459,532,611,506,458,410,506,635,613,481,375,,,,,,544
2010,2010-03-31,26303,263036,京都府,乙訓郡大山崎町,town,26303,15410,746,693,678,740,812,901,1074,1242,975,911,812,941,1202,1174,929,720,,,,,,860,7566,373,371,345,390,476,442,542,631,469,453,402,435,567,561,448,345,,,,,,316,7844,373,322,333,350,336,459,532,611,506,458,410,506,635,613,481,375,,,,,,544
2010,2010-03-31,26320,263206,京都府,久世郡,gun_agg,,16433,736,781,838,718,772,945,1207,1401,1010,834,830,1217,1641,1175,871,601,,,,,,856,8160,368,421,445,357,394,473,643,718,507,420,441,575,809,597,434,282,,,,,,276,8273,368,360,393,361,378,472,564,683,503,414,389,642,832,578,437,319,,,,,,580
2010,2010-03-31,26322,263222,京都府,久世郡久御山町,town,26322,16433,736,781,838,718,772,945,1207,1401,1010,834,830,1217,1641,1175,871,601,,,,,,856,8160,368,421,445,357,394,473,643,718,507,420,441,575,809,597,434,282,,,,,,276,8273,368,360,393,361,378,472,564,683,503,414,389,642,832,578,437,319,,,,,,580
2010,2010-03-31,26340,263401,京都府,綴喜郡,gun_agg,,18187,659,824,951,1012,976,996,935,1229,1223,1101,1095,1378,1455,1237,1020,930,,,,,,1166,8934,351,406,499,545,518,517,471,630,605,548,561,700,691,621,482,404,,,,,,385,9253,308,418,452,467,458,479,464,599,618,553,534,678,764,616,538,526,,,,,,781
2010,2010-03-31,26343,263435,京都府,綴喜郡井手町,town,26343,8245,298,327,380,408,422,455,451,556,531,491,494,608,664,626,508,473,,,,,,553,4038,164,174,200,209,210,238,222,295,275,244,258,301,310,317,233,196,,,,,,192,4207,134,153,180,199,212,217,229,261,256,247,236,307,354,309,275,277,,,,,,361
2010,2010-03-31,26344,263443,京都府,綴喜郡宇治田原町,town,26344,9942,361,497,571,604,554,541,484,673,692,610,601,770,791,611,512,457,,,,,,613,4896,187,232,299,336,308,279,249,335,330,304,303,399,381,304,249,208,,,,,,193,5046,174,265,272,268,246,262,235,338,362,306,298,371,410,307,263,249,,,,,,420
2010,2010-03-31,26360,263605,京都府,相楽郡,gun_agg,,45980,2032,2516,2707,2421,2336,2214,2749,3623,3392,3003,2765,3316,3644,2889,2205,1702,,,,,,2466,22188,1013,1277,1412,1191,1144,1055,1335,1750,1682,1467,1379,1592,1774,1455,1099,738,,,,,,825,23792,1019,1239,1295,1230,1192,1159,1414,1873,1710,1536,1386,1724,1870,1434,1106,964,,,,,,1641
2010,2010-03-31,26364,263648,京都府,相楽郡笠置町,town,26364,1744,25,35,64,72,100,77,71,76,84,81,110,145,160,141,165,134,,,,,,204,821,13,18,35,31,48,46,43,43,38,36,44,73,90,61,76,65,,,,,,61,923,12,17,29,41,52,31,28,33,46,45,66,72,70,80,89,69,,,,,,143
2010,2010-03-31,26365,263656,京都府,相楽郡和束町,town,26365,4804,98,156,153,216,231,245,210,254,212,265,300,450,495,379,357,298,,,,,,485,2286,43,80,86,98,115,126,119,117,114,119,150,210,256,181,178,129,,,,,,165,2518,55,76,67,118,116,119,91,137,98,146,150,240,239,198,179,169,,,,,,320
2010,2010-03-31,26366,263664,京都府,相楽郡精華町,town,26366,36180,1848,2244,2375,2001,1853,1754,2334,3127,2956,2470,2147,2425,2670,2060,1433,1029,,,,,,1454,17523,925,1136,1221,1004,896,814,1102,1498,1459,1228,1080,1156,1284,1052,740,448,,,,,,480,18657,923,1108,1154,997,957,940,1232,1629,1497,1242,1067,1269,1386,1008,693,581,,,,,,974
2010,2010-03-31,26367,263672,京都府,相楽郡南山城村,village,26367,3252,61,81,115,132,152,138,134,166,140,187,208,296,319,309,250,241,,,,,,323,1558,32,43,70,58,85,69,71,92,71,84,105,153,144,161,105,96,,,,,,119,1694,29,38,45,74,67,69,63,74,69,103,103,143,175,148,145,145,,,,,,204
2010,2010-03-31,26400,264008,京都府,船井郡,gun_agg,,16707,441,586,805,864,752,662,729,860,807,916,1005,1272,1387,1283,1129,1224,,,,,,1985,7924,210,286,424,414,369,352,382,437,401,459,523,639,686,610,507,532,,,,,,693,8783,231,300,381,450,383,310,347,423,406,457,482,633,701,673,622,692,,,,,,1292
2010,2010-03-31,26407,264075,京都府,船井郡京丹波町,town,26407,16707,441,586,805,864,752,662,729,860,807,916,1005,1272,1387,1283,1129,1224,,,,,,1985,7924,210,286,424,414,369,352,382,437,401,459,523,639,686,610,507,532,,,,,,693,8783,231,300,381,450,383,310,347,423,406,457,482,633,701,673,622,692,,,,,,1292
2010,2010-03-31,26460,264601,京都府,与謝郡,gun_agg,,27100,945,1195,1431,1468,1088,1019,1256,1588,1458,1615,1632,1937,2175,1889,1776,1780,,,,,,2848,12832,470,610,740,735,556,519,666,779,727,792,855,987,1069,893,783,772,,,,,,879,14268,475,585,691,733,532,500,590,809,731,823,777,950,1106,996,993,1008,,,,,,1969
2010,2010-03-31,26463,264636,京都府,与謝郡伊根町,town,26463,2590,40,65,101,139,95,95,81,86,98,136,141,220,214,181,210,262,,,,,,426,1209,26,29,54,78,56,57,41,42,51,65,74,132,105,79,84,103,,,,,,133,1381,14,36,47,61,39,38,40,44,47,71,67,88,109,102,126,159,,,,,,293
2010,2010-03-31,26465,264652,京都府,与謝郡与謝野町,town,26465,24510,905,1130,1330,1329,993,924,1175,1502,1360,1479,1491,1717,1961,1708,1566,1518,,,,,,2422,11623,444,581,686,657,500,462,625,737,676,727,781,855,964,814,699,669,,,,,,746,12887,461,549,644,672,493,462,550,765,684,752,710,862,997,894,867,849,,,,,,1676
2010,2010-03-31,27000,270008,大阪府,,pref,,8683035,374156,398852,417083,402612,458149,524068,602609,734893,639155,535123,464608,555396,682469,611392,487060,367601,,,,,,427809,4221854,191584,204615,213332,205922,229736,261182,299948,368204,320846,268010,231701,273499,331493,291484,228322,160846,,,,,,141130,4461181,182572,194237,203751,196690,228413,262886,302661,366689,318309,267113,232907,281897,350976,319908,258738,206755,,,,,,286679
2010,2010-03-31,27100,271004,大阪府,大阪市,city_agg,,2534176,104466,100873,104610,103658,139910,178328,191929,214025,184180,156704,135281,157990,190247,168654,144804,118439,,,,,,140078,1239552,53535,51682,53505,52747,68698,89076,96180,108627,93450,79162,69226,81992,97303,81998,66410,50492,,,,,,45469,1294624,50931,49191,51105,50911,71212,89252,95749,105398,90730,77542,66055,75998,92944,86656,78394,67947,,,,,,94609
2010,2010-03-31,27102,271021,大阪府,大阪市都島区,ward,27100,98786,4081,3853,3937,3959,5821,7236,7786,8390,7018,6272,6013,6891,7457,5892,4870,4300,,,,,,5010,47751,2061,2033,2022,2045,2775,3498,3872,4178,3447,3040,2925,3572,3916,2820,2165,1779,,,,,,1603,51035,2020,1820,1915,1914,3046,3738,3914,4212,3571,3232,3088,3319,3541,3072,2705,2521,,,,,,3407
2010,2010-03-31,27103,271039,大阪府,大阪市福島区,ward,27100,63860,2880,2526,2250,2244,3590,5602,6006,6219,4724,4024,3198,3716,4395,3546,2987,2608,,,,,,3345,30506,1506,1276,1123,1107,1718,2758,2870,3114,2380,2023,1635,1835,2116,1682,1287,1055,,,,,,1021,33354,1374,1250,1127,1137,1872,2844,3136,3105,2344,2001,1563,1881,2279,1864,1700,1553,,,,,,2324
2010,2010-03-31,27104,271047,大阪府,大阪市此花区,ward,27100,65925,2697,2588,2795,3009,3448,3966,4523,5404,4712,4060,3679,4471,5023,4629,4094,3164,,,,,,3663,32417,1415,1289,1423,1528,1792,1954,2313,2796,2476,2042,1930,2370,2523,2217,1841,1308,,,,,,1200,33508,1282,1299,1372,1481,1656,2012,2210,2608,2236,2018,1749,2101,2500,2412,2253,1856,,,,,,2463
2010,2010-03-31,27106,271063,大阪府,大阪市西区,ward,27100,76447,3342,2787,2548,2381,4809,8402,8753,7983,5905,4544,3899,4343,4843,3634,2912,2291,,,,,,3071,36364,1726,1434,1292,1236,2204,4066,4096,3911,2910,2207,1925,2129,2394,1679,1294,909,,,,,,952,40083,1616,1353,1256,1145,2605,4336,4657,4072,2995,2337,1974,2214,2449,1955,1618,1382,,,,,,2119
2010,2010-03-31,27107,271071,大阪府,大阪市港区,ward,27100,83693,3476,3236,3462,3536,4608,5657,6057,6937,5947,5095,4516,5250,6352,5964,5057,4179,,,,,,4364,41502,1713,1685,1798,1807,2263,2831,3078,3591,3086,2584,2376,2844,3209,2975,2348,1838,,,,,,1476,42191,1763,1551,1664,1729,2345,2826,2979,3346,2861,2511,2140,2406,3143,2989,2709,2341,,,,,,2888
2010,2010-03-31,27108,271080,大阪府,大阪市大正区,ward,27100,70610,2741,2895,3137,3077,3669,3885,4394,5451,4763,4213,3807,5161,6027,5435,4432,3443,,,,,,4080,35112,1380,1528,1628,1582,1963,1940,2242,2875,2470,2186,1953,2719,3158,2652,2029,1536,,,,,,1271,35498,1361,1367,1509,1495,1706,1945,2152,2576,2293,2027,1854,2442,2869,2783,2403,1907,,,,,,2809
2010,2010-03-31,27109,271098,大阪府,大阪市天王寺区,ward,27100,63420,2840,2742,2875,2913,3665,4729,5077,5339,5094,4576,3732,3776,4067,3203,2853,2550,,,,,,3389,29482,1433,1418,1486,1492,1699,2138,2398,2500,2349,2112,1848,1882,1969,1462,1208,1023,,,,,,1065,33938,1407,1324,1389,1421,1966,2591,2679,2839,2745,2464,1884,1894,2098,1741,1645,1527,,,,,,2324
2010,2010-03-31,27111,271110,大阪府,大阪市浪速区,ward,27100,51343,1587,1165,1133,1341,4225,6277,5137,4366,3283,2743,2592,3196,3856,3239,2673,2076,,,,,,2454,26820,810,616,576,628,1961,3233,2816,2444,1854,1580,1454,1893,2228,1747,1300,885,,,,,,795,24523,777,549,557,713,2264,3044,2321,1922,1429,1163,1138,1303,1628,1492,1373,1191,,,,,,1659
2010,2010-03-31,27113,271136,大阪府,大阪市西淀川区,ward,27100,95703,4557,4670,4365,3995,4969,6135,7092,8632,7154,5792,5017,6175,7240,6085,5064,3964,,,,,,4797,47873,2310,2400,2201,2086,2570,3138,3640,4551,3764,2998,2592,3288,3769,2976,2357,1664,,,,,,1569,47830,2247,2270,2164,1909,2399,2997,3452,4081,3390,2794,2425,2887,3471,3109,2707,2300,,,,,,3228
2010,2010-03-31,27114,271144,大阪府,大阪市東淀川区,ward,27100,167696,6981,6299,6993,7029,10852,14397,14020,14543,11823,10047,8623,9896,11748,10683,8967,6933,,,,,,7862,83376,3554,3222,3585,3641,5411,7417,7302,7654,6150,5118,4528,5155,5945,5080,4122,2874,,,,,,2618,84320,3427,3077,3408,3388,5441,6980,6718,6889,5673,4929,4095,4741,5803,5603,4845,4059,,,,,,5244
2010,2010-03-31,27115,271152,大阪府,大阪市東成区,ward,27100,73578,2975,3027,2946,2747,4192,5476,5663,6109,5182,4423,3871,4546,5361,4687,4112,3556,,,,,,4705,35530,1524,1545,1498,1385,2044,2755,2858,3131,2648,2181,1934,2292,2776,2236,1813,1425,,,,,,1485,38048,1451,1482,1448,1362,2148,2721,2805,2978,2534,2242,1937,2254,2585,2451,2299,2131,,,,,,3220
2010,2010-03-31,27116,271161,大阪府,大阪市生野区,ward,27100,103908,3823,3977,4374,4416,5583,6203,6565,7401,6674,5925,5186,6553,8334,7926,6954,6049,,,,,,7965,50697,1967,2020,2305,2260,2812,3160,3365,3821,3396,3031,2763,3427,4323,3855,3205,2576,,,,,,2411,53211,1856,1957,2069,2156,2771,3043,3200,3580,3278,2894,2423,3126,4011,4071,3749,3473,,,,,,5554
2010,2010-03-31,27117,271179,大阪府,大阪市旭区,ward,27100,91518,3277,3386,3809,3793,4851,5551,6141,6939,6213,5526,4928,5820,7291,6503,5745,5138,,,,,,6607,44092,1669,1714,1981,1961,2374,2796,3150,3564,3120,2781,2465,2969,3695,3059,2522,2155,,,,,,2117,47426,1608,1672,1828,1832,2477,2755,2991,3375,3093,2745,2463,2851,3596,3444,3223,2983,,,,,,4490
2010,2010-03-31,27118,271187,大阪府,大阪市城東区,ward,27100,163261,7717,7139,7188,6586,8204,10763,12549,14758,12170,10069,8457,9986,12092,10680,8872,7272,,,,,,8759,78845,3942,3647,3652,3377,4065,5325,6186,7323,6138,5022,4139,5006,6031,5040,3948,3051,,,,,,2953,84416,3775,3492,3536,3209,4139,5438,6363,7435,6032,5047,4318,4980,6061,5640,4924,4221,,,,,,5806
2010,2010-03-31,27119,271195,大阪府,大阪市阿倍野区,ward,27100,102573,3848,4449,4611,4526,5331,5834,6423,8040,7513,7047,6122,6440,7473,6501,5818,5339,,,,,,7258,47343,1948,2257,2372,2275,2555,2760,2966,3823,3536,3365,2974,3214,3595,2914,2415,2131,,,,,,2243,55230,1900,2192,2239,2251,2776,3074,3457,4217,3977,3682,3148,3226,3878,3587,3403,3208,,,,,,5015
2010,2010-03-31,27120,271209,大阪府,大阪市住吉区,ward,27100,151960,6354,6275,6840,6924,7984,9167,10209,12291,11399,9870,8189,9133,11302,10091,8910,7700,,,,,,9322,72085,3228,3236,3523,3526,3963,4523,5013,6130,5493,4881,4089,4490,5448,4637,3829,3095,,,,,,2981,79875,3126,3039,3317,3398,4021,4644,5196,6161,5906,4989,4100,4643,5854,5454,5081,4605,,,,,,6341
2010,2010-03-31,27121,271217,大阪府,大阪市東住吉区,ward,27100,130297,4937,5378,5809,5729,6627,7512,8354,9894,9424,8315,7099,7972,10017,9322,8210,6991,,,,,,8707,62530,2538,2759,2955,2936,3241,3708,4155,4957,4759,4191,3605,4050,4969,4421,3634,2915,,,,,,2737,67767,2399,2619,2854,2793,3386,3804,4199,4937,4665,4124,3494,3922,5048,4901,4576,4076,,,,,,5970
2010,2010-03-31,27122,271225,大阪府,大阪市西成区,ward,27100,109398,2886,2991,3181,3486,4183,4902,5331,6706,6293,5798,5735,8541,11531,11628,10574,7861,,,,,,7771,63718,1509,1559,1592,1823,2233,2581,2844,3671,3606,3351,3520,5641,7717,7704,6713,4494,,,,,,3160,45680,1377,1432,1589,1663,1950,2321,2487,3035,2687,2447,2215,2900,3814,3924,3861,3367,,,,,,4611
2010,2010-03-31,27123,271233,大阪府,大阪市淀川区,ward,27100,164482,6661,6053,5874,5878,10095,14282,14244,15015,11863,9957,8761,10202,12428,10284,8225,6764,,,,,,7896,81747,3528,3084,2961,2986,5005,7493,7421,7916,6354,5175,4490,5227,6311,4910,3586,2772,,,,,,2528,82735,3133,2969,2913,2892,5090,6789,6823,7099,5509,4782,4271,4975,6117,5374,4639,3992,,,,,,5368
2010,2010-03-31,27124,271241,大阪府,大阪市鶴見区,ward,27100,109742,6617,6043,5739,5246,5400,6586,9024,10662,8916,6720,5447,5750,6680,6430,5614,4435,,,,,,4433,53058,3416,3024,2933,2593,2661,3197,4392,5342,4454,3357,2790,2862,3221,2899,2515,1919,,,,,,1483,56684,3201,3019,2806,2653,2739,3389,4632,5320,4462,3363,2657,2888,3459,3531,3099,2516,,,,,,2950
2010,2010-03-31,27125,271250,大阪府,大阪市住之江区,ward,27100,126362,4996,4928,5748,5808,6778,7681,8439,9458,8719,7864,7415,9319,10954,8874,7307,5624,,,,,,6450,61390,2516,2549,2952,2993,3444,3910,4231,4767,4351,3870,3577,4630,5560,4307,3323,2368,,,,,,2042,64972,2480,2379,2796,2815,3334,3771,4208,4691,4368,3994,3838,4689,5394,4567,3984,3256,,,,,,4408
2010,2010-03-31,27126,271268,大阪府,大阪市平野区,ward,27100,197222,8962,9516,10333,9791,9605,10516,12444,16594,15758,12778,9588,10664,13981,14280,12994,9883,,,,,,9535,94769,4653,4828,5268,4872,4835,5267,6177,8144,7821,6498,4965,5356,6592,6385,5728,4204,,,,,,3176,102453,4309,4688,5065,4919,4770,5249,6267,8450,7937,6280,4623,5308,7389,7895,7266,5679,,,,,,6359
2010,2010-03-31,27127,271276,大阪府,大阪市北区,ward,27100,99325,3529,2947,2746,3158,6368,9624,9903,9573,7729,6419,5472,5980,7079,5446,4521,3795,,,,,,5036,47666,1779,1503,1409,1592,2885,4763,4986,4835,3932,3228,2803,2973,3451,2578,1925,1531,,,,,,1493,51659,1750,1444,1337,1566,3483,4861,4917,4738,3797,3191,2669,3007,3628,2868,2596,2264,,,,,,3543
2010,2010-03-31,27128,271284,大阪府,大阪市中央区,ward,27100,73067,2702,2003,1917,2086,5053,7945,7795,7321,5904,4627,3935,4209,4716,3692,3039,2524,,,,,,3599,34879,1410,1056,970,1016,2225,3865,3809,3589,2956,2341,1946,2168,2387,1763,1303,985,,,,,,1090,38188,1292,947,947,1070,2828,4080,3986,3732,2948,2286,1989,2041,2329,1929,1736,1539,,,,,,2509
2010,2010-03-31,27140,271403,大阪府,堺市,city_agg,,837680,38661,40709,40379,38572,41533,47040,58435,72313,60002,49301,43076,54340,68981,61717,47538,34723,,,,,,40360,404871,19831,20897,20523,19761,21236,23228,28716,36470,29856,24560,21071,25825,32621,29283,22509,15218,,,,,,13266,432809,18830,19812,19856,18811,20297,23812,29719,35843,30146,24741,22005,28515,36360,32434,25029,19505,,,,,,27094
2010,2010-03-31,27141,271411,大阪府,堺市堺区,ward,27140,143911,5616,6009,6223,6273,7195,8225,9584,11583,10326,9241,8015,9850,11724,10201,8293,6791,,,,,,8762,70634,2901,3140,3101,3235,3813,4307,4850,6044,5267,4797,4099,4998,5815,4817,3757,2853,,,,,,2840,73277,2715,2869,3122,3038,3382,3918,4734,5539,5059,4444,3916,4852,5909,5384,4536,3938,,,,,,5922
2010,2010-03-31,27142,271420,大阪府,堺市中区,ward,27140,122845,6053,6426,6527,6258,6590,7333,8879,10839,8848,7102,6149,7886,9831,8807,6225,4204,,,,,,4888,60170,3116,3261,3332,3226,3386,3688,4403,5587,4413,3573,3064,3742,4709,4302,3021,1868,,,,,,1479,62675,2937,3165,3195,3032,3204,3645,4476,5252,4435,3529,3085,4144,5122,4505,3204,2336,,,,,,3409
2010,2010-03-31,27143,271438,大阪府,堺市東区,ward,27140,86805,3562,3854,4008,3980,4201,4596,5506,6971,5943,5065,4595,5812,7550,6996,5519,4048,,,,,,4599,41749,1774,1983,2084,2037,2190,2225,2686,3556,2918,2472,2252,2752,3566,3249,2678,1768,,,,,,1559,45056,1788,1871,1924,1943,2011,2371,2820,3415,3025,2593,2343,3060,3984,3747,2841,2280,,,,,,3040
2010,2010-03-31,27144,271446,大阪府,堺市西区,ward,27140,134729,6709,7249,6771,6137,6502,7195,9368,12185,9829,7940,7001,8558,10342,9143,7260,5646,,,,,,6894,65537,3423,3743,3422,3119,3374,3537,4656,6158,4956,4002,3516,4185,4988,4369,3343,2431,,,,,,2315,69192,3286,3506,3349,3018,3128,3658,4712,6027,4873,3938,3485,4373,5354,4774,3917,3215,,,,,,4579
2010,2010-03-31,27145,271454,大阪府,堺市南区,ward,27140,155908,6658,7289,7418,7420,7858,8061,10167,12739,10349,8603,7939,10854,14925,13158,9477,6346,,,,,,6647,73742,3423,3672,3753,3789,3919,3872,4837,6120,4969,4023,3588,4769,6737,6320,4714,2982,,,,,,2255,82166,3235,3617,3665,3631,3939,4189,5330,6619,5380,4580,4351,6085,8188,6838,4763,3364,,,,,,4392
2010,2010-03-31,27146,271462,大阪府,堺市北区,ward,27140,154236,8296,7852,7353,6595,7232,9475,12308,14775,12145,9206,7414,8676,11018,10396,8659,6145,,,,,,6691,73888,4271,4042,3755,3398,3538,4545,5983,7366,6058,4638,3601,4116,5067,4702,3973,2639,,,,,,2196,80348,4025,3810,3598,3197,3694,4930,6325,7409,6087,4568,3813,4560,5951,5694,4686,3506,,,,,,4495
2010,2010-03-31,27147,271471,大阪府,堺市美原区,ward,27140,39246,1767,2030,2079,1909,1955,2155,2623,3221,2562,2144,1963,2704,3591,3016,2105,1543,,,,,,1879,19151,923,1056,1076,957,1016,1054,1301,1639,1275,1055,951,1263,1739,1524,1023,677,,,,,,622,20095,844,974,1003,952,939,1101,1322,1582,1287,1089,1012,1441,1852,1492,1082,866,,,,,,1257
2010,2010-03-31,27202,272027,大阪府,岸和田市,city,27202,201167,9237,10417,11072,10819,10724,11235,12681,16130,14425,12549,10980,12886,14947,13396,10914,8538,,,,,,10217,97012,4694,5382,5763,5553,5392,5600,6246,7900,7178,6185,5426,6211,7257,6393,4971,3630,,,,,,3231,104155,4543,5035,5309,5266,5332,5635,6435,8230,7247,6364,5554,6675,7690,7003,5943,4908,,,,,,6986
2010,2010-03-31,27203,272035,大阪府,豊中市,city,27203,389842,17296,18155,18833,17785,19453,21858,26797,33409,30762,25974,21578,24027,29701,26531,22152,16684,,,,,,18847,186964,8911,9321,9740,9083,9539,10614,13060,16301,15291,12843,10615,11693,14151,12112,10112,7296,,,,,,6282,202878,8385,8834,9093,8702,9914,11244,13737,17108,15471,13131,10963,12334,15550,14419,12040,9388,,,,,,12565
2010,2010-03-31,27204,272043,大阪府,池田市,city,27204,102545,4457,4850,4724,4766,5877,6144,6988,8513,7590,6605,5715,6354,7750,6642,5528,4383,,,,,,5659,49722,2278,2469,2457,2393,3246,3227,3431,4183,3797,3239,2768,3033,3689,3082,2517,1966,,,,,,1947,52823,2179,2381,2267,2373,2631,2917,3557,4330,3793,3366,2947,3321,4061,3560,3011,2417,,,,,,3712
2010,2010-03-31,27205,272051,大阪府,吹田市,city,27205,347279,16026,17284,17407,15977,18351,21002,24711,31080,28136,22909,18875,21624,25749,21335,17629,13490,,,,,,15694,167694,8255,8881,8819,8324,9347,10477,12096,15122,13933,11626,9225,10155,12232,9862,8023,5883,,,,,,5434,179585,7771,8403,8588,7653,9004,10525,12615,15958,14203,11283,9650,11469,13517,11473,9606,7607,,,,,,10260
2010,2010-03-31,27206,272060,大阪府,泉大津市,city,27206,76385,3633,4243,4542,3746,3767,4373,5279,6925,6077,4686,4065,4680,5579,4683,3798,2959,,,,,,3350,36911,1855,2189,2294,1936,1900,2181,2605,3412,3023,2368,2018,2279,2641,2212,1695,1253,,,,,,1050,39474,1778,2054,2248,1810,1867,2192,2674,3513,3054,2318,2047,2401,2938,2471,2103,1706,,,,,,2300
2010,2010-03-31,27207,272078,大阪府,高槻市,city,27207,355636,15932,16339,16581,15521,17400,20951,25101,30467,25568,20496,18575,22691,29031,27196,20900,15378,,,,,,17509,172118,8214,8449,8527,7972,8555,10396,12433,15312,12784,10171,8978,10645,13486,12809,10134,7030,,,,,,6223,183518,7718,7890,8054,7549,8845,10555,12668,15155,12784,10325,9597,12046,15545,14387,10766,8348,,,,,,11286
2010,2010-03-31,27208,272086,大阪府,貝塚市,city,27208,90065,4389,5086,5136,4814,4473,4682,5770,7495,6776,5811,4939,5574,6403,5826,4729,3767,,,,,,4395,43509,2238,2585,2590,2460,2220,2294,2816,3678,3357,2948,2471,2720,3173,2705,2192,1587,,,,,,1475,46556,2151,2501,2546,2354,2253,2388,2954,3817,3419,2863,2468,2854,3230,3121,2537,2180,,,,,,2920
2010,2010-03-31,27209,272094,大阪府,守口市,city,27209,145158,5616,6147,7116,6814,7207,7850,9311,12244,11060,9125,7413,8831,11718,11740,9380,6544,,,,,,7042,70929,2796,3132,3681,3433,3546,4025,4716,6218,5700,4683,3860,4501,5631,5442,4371,2885,,,,,,2309,74229,2820,3015,3435,3381,3661,3825,4595,6026,5360,4442,3553,4330,6087,6298,5009,3659,,,,,,4733
2010,2010-03-31,27210,272108,大阪府,枚方市,city,27210,406827,18296,19837,20651,20134,21400,23264,27768,34473,29783,24937,22421,27691,33668,29270,20995,14947,,,,,,17292,197488,9356,10304,10460,10264,10755,11350,13747,17103,14858,12317,10945,13241,15895,14120,10123,6790,,,,,,5860,209339,8940,9533,10191,9870,10645,11914,14021,17370,14925,12620,11476,14450,17773,15150,10872,8157,,,,,,11432
2010,2010-03-31,27211,272116,大阪府,茨木市,city,27211,270965,13722,14209,13500,12255,14404,16919,20918,25141,20749,16459,14416,17187,20572,17443,12835,9289,,,,,,10947,132507,7003,7342,6894,6256,7241,8355,10340,12486,10566,8318,7075,8336,9799,8370,6235,4195,,,,,,3696,138458,6719,6867,6606,5999,7163,8564,10578,12655,10183,8141,7341,8851,10773,9073,6600,5094,,,,,,7251
2010,2010-03-31,27212,272124,大阪府,八尾市,city,27212,265220,11208,12670,13662,12950,13235,14221,16939,22148,19906,16458,13598,16592,21012,20345,16032,11493,,,,,,12751,128272,5755,6416,7038,6588,6775,7078,8473,11079,9955,8263,6792,7900,9946,9487,7475,5128,,,,,,4124,136948,5453,6254,6624,6362,6460,7143,8466,11069,9951,8195,6806,8692,11066,10858,8557,6365,,,,,,8627
2010,2010-03-31,27213,272132,大阪府,泉佐野市,city,27213,101904,4501,5251,5502,5239,5662,5829,6795,8695,7527,6447,5531,6361,7230,6477,5517,4329,,,,,,5011,49246,2356,2711,2826,2641,2772,2892,3456,4370,3738,3227,2787,3167,3464,2954,2432,1856,,,,,,1597,52658,2145,2540,2676,2598,2890,2937,3339,4325,3789,3220,2744,3194,3766,3523,3085,2473,,,,,,3414
2010,2010-03-31,27214,272141,大阪府,富田林市,city,27214,119771,4333,5416,6764,7329,7017,6117,6643,8674,8276,8182,7376,8208,9551,8145,6588,5090,,,,,,6062,57157,2228,2712,3490,3787,3430,2975,3259,4127,3836,3856,3652,3962,4622,3824,3063,2253,,,,,,2081,62614,2105,2704,3274,3542,3587,3142,3384,4547,4440,4326,3724,4246,4929,4321,3525,2837,,,,,,3981
2010,2010-03-31,27215,272159,大阪府,寝屋川市,city,27215,239942,9793,10757,11697,11303,11921,13296,16334,20756,17721,14258,12604,16009,20702,19217,14187,9508,,,,,,9879,117582,4993,5562,5960,5844,6035,6638,8307,10565,9115,7234,6349,7801,9760,8983,6777,4311,,,,,,3348,122360,4800,5195,5737,5459,5886,6658,8027,10191,8606,7024,6255,8208,10942,10234,7410,5197,,,,,,6531
2010,2010-03-31,27216,272167,大阪府,河内長野市,city,27216,114778,3867,4812,5688,6022,6329,5884,6372,7959,7137,6949,7299,8692,10228,9137,6751,5128,,,,,,6524,54677,1992,2411,2922,3034,3218,2854,3072,3852,3319,3230,3458,4170,4813,4492,3295,2314,,,,,,2231,60101,1875,2401,2766,2988,3111,3030,3300,4107,3818,3719,3841,4522,5415,4645,3456,2814,,,,,,4293
2010,2010-03-31,27217,272175,大阪府,松原市,city,27217,125029,4786,5881,6727,6328,6291,6310,7331,10172,9535,7637,6346,7774,10263,10190,7985,5455,,,,,,6018,60573,2473,2983,3390,3240,3223,3202,3709,5100,4765,3828,3185,3712,4833,4754,3817,2405,,,,,,1954,64456,2313,2898,3337,3088,3068,3108,3622,5072,4770,3809,3161,4062,5430,5436,4168,3050,,,,,,4064
2010,2010-03-31,27218,272183,大阪府,大東市,city,27218,124791,5564,6098,6675,6396,6528,7258,8543,11020,9665,7570,6225,7930,10041,9197,6868,4491,,,,,,4722,61658,2859,3081,3472,3289,3318,3756,4418,5582,4982,3824,3139,3866,4811,4373,3344,2007,,,,,,1537,63133,2705,3017,3203,3107,3210,3502,4125,5438,4683,3746,3086,4064,5230,4824,3524,2484,,,,,,3185
2010,2010-03-31,27219,272191,大阪府,和泉市,city,27219,184174,9071,10476,10903,10132,9930,10183,12164,16161,14132,11972,10354,11978,13547,11293,8356,6195,,,,,,7327,89668,4633,5391,5624,5270,5072,5041,5887,7970,6921,5986,5069,5839,6488,5411,3955,2713,,,,,,2398,94506,4438,5085,5279,4862,4858,5142,6277,8191,7211,5986,5285,6139,7059,5882,4401,3482,,,,,,4929
2010,2010-03-31,27220,272205,大阪府,箕面市,city,27220,126886,5672,6183,6143,6123,7776,7517,8418,10509,9315,7900,7228,8126,9951,8695,6370,4642,,,,,,6318,61023,2965,3230,3125,3155,4065,3646,4130,5118,4504,3800,3407,3863,4577,4165,3134,2029,,,,,,2110,65863,2707,2953,3018,2968,3711,3871,4288,5391,4811,4100,3821,4263,5374,4530,3236,2613,,,,,,4208
2010,2010-03-31,27221,272213,大阪府,柏原市,city,27221,73349,2872,3371,3903,3961,4181,4198,4565,5703,5130,4601,4101,4938,6098,5313,4037,2908,,,,,,3469,35609,1469,1744,1984,2036,2114,2232,2290,2857,2547,2239,1988,2383,2880,2566,1902,1283,,,,,,1095,37740,1403,1627,1919,1925,2067,1966,2275,2846,2583,2362,2113,2555,3218,2747,2135,1625,,,,,,2374
2010,2010-03-31,27222,272221,大阪府,羽曳野市,city,27222,118046,4809,5832,6319,6080,6050,6208,7292,9437,8515,7212,6231,7608,9595,8702,6744,5158,,,,,,6254,56622,2422,3022,3156,3156,3062,3024,3573,4672,4210,3542,3060,3597,4503,4148,3136,2275,,,,,,2064,61424,2387,2810,3163,2924,2988,3184,3719,4765,4305,3670,3171,4011,5092,4554,3608,2883,,,,,,4190
2010,2010-03-31,27223,272230,大阪府,門真市,city,27223,128100,5121,5638,6490,6240,6201,7051,8577,11352,10034,7597,6225,8116,10702,10611,8249,5266,,,,,,4630,63671,2602,2927,3336,3169,3040,3617,4486,5866,5199,3967,3235,4104,5265,4963,3945,2418,,,,,,1532,64429,2519,2711,3154,3071,3161,3434,4091,5486,4835,3630,2990,4012,5437,5648,4304,2848,,,,,,3098
2010,2010-03-31,27224,272248,大阪府,摂津市,city,27224,82470,3981,4000,3965,3710,4286,5395,6373,7852,5907,4491,4158,5352,6900,6137,4235,2708,,,,,,3020,41617,2027,2085,2036,1901,2256,2852,3294,4155,3217,2368,2132,2639,3339,2976,2145,1230,,,,,,965,40853,1954,1915,1929,1809,2030,2543,3079,3697,2690,2123,2026,2713,3561,3161,2090,1478,,,,,,2055
2010,2010-03-31,27225,272256,大阪府,高石市,city,27225,59809,2732,3126,3157,2853,2988,3315,3842,5126,4376,3563,3249,3763,4632,3983,3260,2639,,,,,,3205,28791,1400,1545,1619,1478,1570,1628,1951,2544,2184,1755,1600,1815,2225,1831,1531,1105,,,,,,1010,31018,1332,1581,1538,1375,1418,1687,1891,2582,2192,1808,1649,1948,2407,2152,1729,1534,,,,,,2195
2010,2010-03-31,27226,272264,大阪府,藤井寺市,city,27226,66150,2812,3177,3416,3219,3479,3681,4206,5422,4812,3973,3559,4315,5152,4783,3714,2876,,,,,,3554,31612,1420,1605,1743,1613,1735,1799,2071,2677,2360,1954,1682,2078,2442,2272,1701,1241,,,,,,1219,34538,1392,1572,1673,1606,1744,1882,2135,2745,2452,2019,1877,2237,2710,2511,2013,1635,,,,,,2335
2010,2010-03-31,27227,272272,大阪府,東大阪市,city,27227,487869,20057,22365,24184,23125,25437,27441,31467,41662,36826,30229,25106,30754,39668,36785,29298,20676,,,,,,22789,239264,10165,11473,12314,11665,13051,14042,16030,21164,18869,15399,12853,15238,19327,17400,13816,9138,,,,,,7320,248605,9892,10892,11870,11460,12386,13399,15437,20498,17957,14830,12253,15516,20341,19385,15482,11538,,,,,,15469
2010,2010-03-31,27228,272281,大阪府,泉南市,city,27228,65112,3074,3670,3760,3546,3384,3588,4138,5083,4353,3817,3327,4294,5173,4692,3533,2647,,,,,,3033,31669,1561,1840,1892,1849,1713,1789,2094,2474,2224,1958,1604,2050,2480,2279,1694,1167,,,,,,1001,33443,1513,1830,1868,1697,1671,1799,2044,2609,2129,1859,1723,2244,2693,2413,1839,1480,,,,,,2032
2010,2010-03-31,27229,272299,大阪府,四條畷市,city,27229,57134,2745,3271,3256,2883,2683,2955,3783,5502,4643,3338,2651,3430,4633,4266,3079,1884,,,,,,2132,28148,1400,1753,1673,1489,1347,1485,1854,2733,2347,1740,1367,1655,2169,2077,1549,835,,,,,,675,28986,1345,1518,1583,1394,1336,1470,1929,2769,2296,1598,1284,1775,2464,2189,1530,1049,,,,,,1457
2010,2010-03-31,27230,272302,大阪府,交野市,city,27230,78492,3349,4181,4471,4442,3929,3856,4904,6681,6101,4951,4138,4856,6270,5976,4439,2720,,,,,,3228,38181,1710,2131,2285,2348,1962,1905,2346,3289,2958,2482,2058,2340,2880,2850,2261,1282,,,,,,1094,40311,1639,2050,2186,2094,1967,1951,2558,3392,3143,2469,2080,2516,3390,3126,2178,1438,,,,,,2134
2010,2010-03-31,27231,272311,大阪府,大阪狭山市,city,27231,57478,2590,2843,2992,2971,3071,3157,3759,4727,3890,3537,3248,3856,4678,4125,3070,2294,,,,,,2670,27438,1318,1450,1531,1532,1546,1512,1765,2306,1886,1673,1543,1826,2133,1965,1475,1047,,,,,,930,30040,1272,1393,1461,1439,1525,1645,1994,2421,2004,1864,1705,2030,2545,2160,1595,1247,,,,,,1740
2010,2010-03-31,27232,272329,大阪府,阪南市,city,27232,58194,2306,2805,3164,3086,3028,3091,3444,4329,3881,3462,3475,4358,5058,4516,3135,2310,,,,,,2746,27927,1168,1401,1645,1560,1475,1509,1679,2102,1891,1649,1655,2077,2425,2214,1538,1038,,,,,,901,30267,1138,1404,1519,1526,1553,1582,1765,2227,1990,1813,1820,2281,2633,2302,1597,1272,,,,,,1845
2010,2010-03-31,27300,273007,大阪府,三島郡,gun_agg,,29283,1315,1382,1430,1423,1526,1663,1945,2266,2012,1861,1686,2166,2484,2058,1467,1112,,,,,,1487,14090,683,700,726,722,797,843,964,1121,959,911,776,1017,1201,987,689,500,,,,,,494,15193,632,682,704,701,729,820,981,1145,1053,950,910,1149,1283,1071,778,612,,,,,,993
2010,2010-03-31,27301,273015,大阪府,三島郡島本町,town,27301,29283,1315,1382,1430,1423,1526,1663,1945,2266,2012,1861,1686,2166,2484,2058,1467,1112,,,,,,1487,14090,683,700,726,722,797,843,964,1121,959,911,776,1017,1201,987,689,500,,,,,,494,15193,632,682,704,701,729,820,981,1145,1053,950,910,1149,1283,1071,778,612,,,,,,993
2010,2010-03-31,27320,273201,大阪府,豊能郡,gun_agg,,35769,735,1132,1614,2038,2106,1732,1542,1845,2011,2123,2466,3231,3860,3065,2173,1602,,,,,,2494,17224,383,609,839,1046,1035,841,761,892,969,1023,1151,1534,1918,1531,1111,736,,,,,,845,18545,352,523,775,992,1071,891,781,953,1042,1100,1315,1697,1942,1534,1062,866,,,,,,1649
2010,2010-03-31,27321,273210,大阪府,豊能郡豊能町,town,27321,23365,469,738,1014,1259,1383,1180,1044,1221,1207,1299,1585,2187,2696,2184,1478,992,,,,,,1429,11205,241,399,531,659,664,574,486,585,591,588,716,1001,1321,1115,779,473,,,,,,482,12160,228,339,483,600,719,606,558,636,616,711,869,1186,1375,1069,699,519,,,,,,947
2010,2010-03-31,27322,273228,大阪府,豊能郡能勢町,town,27322,12404,266,394,600,779,723,552,498,624,804,824,881,1044,1164,881,695,610,,,,,,1065,6019,142,210,308,387,371,267,275,307,378,435,435,533,597,416,332,263,,,,,,363,6385,124,184,292,392,352,285,223,317,426,389,446,511,567,465,363,347,,,,,,702
2010,2010-03-31,27340,273406,大阪府,泉北郡,gun_agg,,17663,859,1002,974,855,878,921,1125,1492,1238,1021,879,1096,1352,1177,1049,755,,,,,,990,8569,438,510,506,430,452,464,559,752,634,513,446,545,652,531,489,334,,,,,,314,9094,421,492,468,425,426,457,566,740,604,508,433,551,700,646,560,421,,,,,,676
2010,2010-03-31,27341,273414,大阪府,泉北郡忠岡町,town,27341,17663,859,1002,974,855,878,921,1125,1492,1238,1021,879,1096,1352,1177,1049,755,,,,,,990,8569,438,510,506,430,452,464,559,752,634,513,446,545,652,531,489,334,,,,,,314,9094,421,492,468,425,426,457,566,740,604,508,433,551,700,646,560,421,,,,,,676
2010,2010-03-31,27360,273601,大阪府,泉南郡,gun_agg,,70797,2991,3613,3678,3463,3705,3827,4452,5478,4675,4100,4003,5102,6123,5270,3663,2888,,,,,,3766,34230,1548,1816,1905,1808,1937,1891,2154,2713,2274,2040,1913,2397,2927,2677,1763,1219,,,,,,1248,36567,1443,1797,1773,1655,1768,1936,2298,2765,2401,2060,2090,2705,3196,2593,1900,1669,,,,,,2518
2010,2010-03-31,27361,273619,大阪府,泉南郡熊取町,town,27361,44566,2015,2404,2442,2308,2451,2512,2895,3483,2997,2602,2585,3305,3944,3156,2026,1467,,,,,,1974,21754,1031,1227,1274,1211,1302,1228,1409,1710,1448,1278,1224,1533,1893,1664,1001,654,,,,,,667,22812,984,1177,1168,1097,1149,1284,1486,1773,1549,1324,1361,1772,2051,1492,1025,813,,,,,,1307
2010,2010-03-31,27362,273627,大阪府,泉南郡田尻町,town,27362,8125,460,489,443,349,363,488,623,776,565,444,398,438,532,531,421,376,,,,,,429,3951,237,226,235,176,188,253,311,375,301,228,210,222,254,254,189,157,,,,,,135,4174,223,263,208,173,175,235,312,401,264,216,188,216,278,277,232,219,,,,,,294
2010,2010-03-31,27366,273660,大阪府,泉南郡岬町,town,27366,18106,516,720,793,806,891,827,934,1219,1113,1054,1020,1359,1647,1583,1216,1045,,,,,,1363,8525,280,363,396,421,447,410,434,628,525,534,479,642,780,759,573,408,,,,,,446,9581,236,357,397,385,444,417,500,591,588,520,541,717,867,824,643,637,,,,,,917
2010,2010-03-31,27380,273805,大阪府,南河内郡,gun_agg,,37100,1282,1751,1998,2034,2029,1728,1968,2627,2429,2318,2211,2616,3220,2804,2059,1686,,,,,,2340,18059,650,874,1042,1090,1061,844,980,1312,1190,1129,1122,1293,1535,1386,993,757,,,,,,801,19041,632,877,956,944,968,884,988,1315,1239,1189,1089,1323,1685,1418,1066,929,,,,,,1539
2010,2010-03-31,27381,273813,大阪府,南河内郡太子町,town,27381,14278,531,803,901,885,805,678,765,1095,1022,932,829,975,1158,967,656,543,,,,,,733,7031,261,404,470,479,421,328,393,541,512,467,419,483,559,485,310,233,,,,,,266,7247,270,399,431,406,384,350,372,554,510,465,410,492,599,482,346,310,,,,,,467
2010,2010-03-31,27382,273821,大阪府,南河内郡河南町,town,27382,16509,570,742,861,880,950,757,868,1156,1105,1093,987,1128,1318,1215,992,798,,,,,,1089,8038,294,364,447,478,499,373,419,595,535,532,504,574,628,580,486,364,,,,,,366,8471,276,378,414,402,451,384,449,561,570,561,483,554,690,635,506,434,,,,,,723
2010,2010-03-31,27383,273830,大阪府,南河内郡千早赤阪村,village,27383,6313,181,206,236,269,274,293,335,376,302,293,395,513,744,622,411,345,,,,,,518,2990,95,106,125,133,141,143,168,176,143,130,199,236,348,321,197,160,,,,,,169,3323,86,100,111,136,133,150,167,200,159,163,196,277,396,301,214,185,,,,,,349
2010,2010-03-31,28000,280003,兵庫県,,pref,,5586182,242317,260624,273483,270985,291823,315862,366579,441055,385452,346188,326434,376640,435788,369420,299086,252442,,,,,,332004,2688838,124434,133630,139749,138482,147275,156035,180218,218355,190400,170322,160021,184388,211992,175634,137829,108853,,,,,,111221,2897344,117883,126994,133734,132503,144548,159827,186361,222700,195052,175866,166413,192252,223796,193786,161257,143589,,,,,,220783
2010,2010-03-31,28100,281000,兵庫県,神戸市,city_agg,,1511351,63356,66518,68473,69535,81710,89466,101048,119531,104617,95264,89927,101735,118354,100075,82163,70474,,,,,,89105,720584,32636,34060,35044,35601,40819,43255,48752,58446,51187,46328,43415,49635,57592,47045,36964,29741,,,,,,30064,790767,30720,32458,33429,33934,40891,46211,52296,61085,53430,48936,46512,52100,60762,53030,45199,40733,,,,,,59041
2010,2010-03-31,28101,281018,兵庫県,神戸市東灘区,ward,28100,204314,9457,10126,10014,9136,10660,11663,14305,18079,16593,14228,12435,12579,14367,11628,9527,8563,,,,,,10954,96463,4851,5165,5154,4713,5433,5511,6687,8467,7950,6864,6077,5994,6905,5318,4137,3521,,,,,,3716,107851,4606,4961,4860,4423,5227,6152,7618,9612,8643,7364,6358,6585,7462,6310,5390,5042,,,,,,7238
2010,2010-03-31,28102,281026,兵庫県,神戸市灘区,ward,28100,125543,5490,5570,5280,4920,6607,7855,9310,11135,9271,7943,6733,7667,8976,7596,6612,6197,,,,,,8381,58588,2833,2839,2719,2503,3373,3631,4328,5315,4485,3926,3205,3646,4288,3441,2776,2498,,,,,,2782,66955,2657,2731,2561,2417,3234,4224,4982,5820,4786,4017,3528,4021,4688,4155,3836,3699,,,,,,5599
2010,2010-03-31,28105,281051,兵庫県,神戸市兵庫区,ward,28100,106739,3889,3790,3697,3611,5373,7019,7263,8323,7169,6109,5717,6799,8404,7832,6956,6363,,,,,,8425,51989,2012,1938,1851,1804,2633,3568,3735,4284,3713,3252,2926,3625,4350,3757,3121,2628,,,,,,2792,54750,1877,1852,1846,1807,2740,3451,3528,4039,3456,2857,2791,3174,4054,4075,3835,3735,,,,,,5633
2010,2010-03-31,28106,281069,兵庫県,神戸市長田区,ward,28100,97771,3558,3473,3728,3862,4764,5390,5644,6932,6183,5674,5290,6614,8132,7676,7009,6067,,,,,,7775,46616,1845,1805,1897,1978,2310,2766,2917,3523,3180,2864,2605,3419,4033,3485,2991,2464,,,,,,2534,51155,1713,1668,1831,1884,2454,2624,2727,3409,3003,2810,2685,3195,4099,4191,4018,3603,,,,,,5241
2010,2010-03-31,28107,281077,兵庫県,神戸市須磨区,ward,28100,165995,6300,6768,7246,7761,8664,9462,10435,11941,10723,10182,9782,11460,14260,12419,10251,8379,,,,,,9962,78226,3226,3506,3756,3979,4203,4554,4992,5841,5162,4847,4611,5307,6768,5767,4631,3674,,,,,,3402,87769,3074,3262,3490,3782,4461,4908,5443,6100,5561,5335,5171,6153,7492,6652,5620,4705,,,,,,6560
2010,2010-03-31,28108,281085,兵庫県,神戸市垂水区,ward,28100,222632,9493,9704,10109,10465,11496,12448,14158,17001,14880,13527,12872,14677,17542,15698,13197,11420,,,,,,13945,105569,4843,4973,5154,5363,5917,6158,6864,8292,7211,6465,6155,6976,8305,7214,5911,4876,,,,,,4892,117063,4650,4731,4955,5102,5579,6290,7294,8709,7669,7062,6717,7701,9237,8484,7286,6544,,,,,,9053
2010,2010-03-31,28109,281093,兵庫県,神戸市北区,ward,28100,228107,9682,10798,11661,11812,12169,11893,13988,17431,15381,14117,13805,15882,18878,16165,12690,9677,,,,,,12078,109541,4971,5568,5980,6150,6004,5656,6672,8594,7473,6836,6659,7682,8957,7778,6140,4279,,,,,,4142,118566,4711,5230,5681,5662,6165,6237,7316,8837,7908,7281,7146,8200,9921,8387,6550,5398,,,,,,7936
2010,2010-03-31,28110,281107,兵庫県,神戸市中央区,ward,28100,112301,4176,3701,3412,3666,6478,8909,9671,9652,7818,6807,6360,7197,8679,7110,6155,5523,,,,,,6987,52740,2144,1837,1721,1826,2950,4146,4727,4754,3853,3426,3111,3613,4318,3306,2601,2197,,,,,,2210,59561,2032,1864,1691,1840,3528,4763,4944,4898,3965,3381,3249,3584,4361,3804,3554,3326,,,,,,4777
2010,2010-03-31,28111,281115,兵庫県,神戸市西区,ward,28100,247949,11311,12588,13326,14302,15499,14827,16274,19037,16599,16677,16933,18860,19116,13951,9766,8285,,,,,,10598,120852,5911,6429,6812,7285,7996,7265,7830,9376,8160,7848,8066,9373,9668,6979,4656,3604,,,,,,3594,127097,5400,6159,6514,7017,7503,7562,8444,9661,8439,8829,8867,9487,9448,6972,5110,4681,,,,,,7004
2010,2010-03-31,28201,282014,兵庫県,姫路市,city,28201,533547,25167,27054,28724,27949,28138,30251,35646,43008,36202,32531,30139,34728,40493,35157,27492,22576,,,,,,28292,258658,12935,13771,14657,14504,14378,15286,17895,21501,17925,16018,15051,17155,19575,16585,12630,9641,,,,,,9151,274889,12232,13283,14067,13445,13760,14965,17751,21507,18277,16513,15088,17573,20918,18572,14862,12935,,,,,,19141
2010,2010-03-31,28202,282022,兵庫県,尼崎市,city,28202,460245,20018,19372,19910,19823,23269,28773,33601,39555,33564,27865,24596,29715,36322,32343,26739,20578,,,,,,24202,225525,10239,9935,10128,10128,11670,14500,17091,20356,17340,14225,12566,14946,17866,15576,12361,8731,,,,,,7867,234720,9779,9437,9782,9695,11599,14273,16510,19199,16224,13640,12030,14769,18456,16767,14378,11847,,,,,,16335
2010,2010-03-31,28203,282031,兵庫県,明石市,city,28203,293846,13298,13897,15038,14619,15122,17253,20043,24467,21646,18688,16601,19306,22872,19685,15122,11852,,,,,,14337,142672,6803,7078,7677,7341,7686,8657,9999,12098,10779,9241,8373,9503,11041,9383,7035,5191,,,,,,4787,151174,6495,6819,7361,7278,7436,8596,10044,12369,10867,9447,8228,9803,11831,10302,8087,6661,,,,,,9550
2010,2010-03-31,28204,282049,兵庫県,西宮市,city,28204,470682,23554,24989,23619,21276,23946,27894,34715,43306,38529,31353,26235,28300,33510,27072,21941,17877,,,,,,22566,224538,12206,13025,12153,10831,11733,13219,16175,20760,19103,15551,12721,13456,15964,12634,9944,7593,,,,,,7470,246144,11348,11964,11466,10445,12213,14675,18540,22546,19426,15802,13514,14844,17546,14438,11997,10284,,,,,,15096
2010,2010-03-31,28205,282057,兵庫県,洲本市,city,28205,49001,1849,2135,2305,2324,2136,2238,2741,3170,2889,2752,2951,3567,4249,3194,2883,2895,,,,,,4723,23301,934,1119,1135,1180,1040,1111,1377,1603,1423,1360,1428,1757,2112,1528,1308,1241,,,,,,1645,25700,915,1016,1170,1144,1096,1127,1364,1567,1466,1392,1523,1810,2137,1666,1575,1654,,,,,,3078
2010,2010-03-31,28206,282065,兵庫県,芦屋市,city,28206,93504,4306,4345,4052,3732,3925,4698,6101,7984,7480,6478,5503,6040,7433,6054,5070,4379,,,,,,5924,42712,2223,2249,2055,1895,1925,2098,2697,3569,3505,2997,2529,2758,3384,2741,2220,1862,,,,,,2005,50792,2083,2096,1997,1837,2000,2600,3404,4415,3975,3481,2974,3282,4049,3313,2850,2517,,,,,,3919
2010,2010-03-31,28207,282073,兵庫県,伊丹市,city,28207,196572,9752,9800,10215,9489,9819,12000,14883,17659,15247,12542,10244,11952,14317,12630,9902,7453,,,,,,8668,96778,4990,4930,5232,4933,5215,6187,7528,8877,7702,6516,5111,5697,6862,5981,4702,3279,,,,,,3036,99794,4762,4870,4983,4556,4604,5813,7355,8782,7545,6026,5133,6255,7455,6649,5200,4174,,,,,,5632
2010,2010-03-31,28208,282081,兵庫県,相生市,city,28208,31449,1118,1118,1414,1409,1495,1632,1806,2060,1743,1662,1689,2332,3012,2580,2087,1718,,,,,,2574,15105,582,548,768,750,806,823,927,1059,878,815,836,1122,1463,1241,945,742,,,,,,800,16344,536,570,646,659,689,809,879,1001,865,847,853,1210,1549,1339,1142,976,,,,,,1774
2010,2010-03-31,28209,282090,兵庫県,豊岡市,city,28209,88641,3691,3964,4369,4596,4134,4238,4727,5604,5005,5093,5653,6380,6826,5741,5108,5237,,,,,,8275,42508,1826,2085,2224,2238,2146,2174,2465,2899,2481,2492,2826,3142,3430,2676,2349,2260,,,,,,2795,46133,1865,1879,2145,2358,1988,2064,2262,2705,2524,2601,2827,3238,3396,3065,2759,2977,,,,,,5480
2010,2010-03-31,28210,282103,兵庫県,加古川市,city,28210,267711,12110,13205,14372,13725,14752,15767,18177,21812,18142,15923,15414,19015,21458,18233,13307,10031,,,,,,12268,131446,6192,6774,7395,7147,7601,8000,9153,11001,9068,7793,7488,9380,10362,8968,6527,4381,,,,,,4216,136265,5918,6431,6977,6578,7151,7767,9024,10811,9074,8130,7926,9635,11096,9265,6780,5650,,,,,,8052
2010,2010-03-31,28212,282120,兵庫県,赤穂市,city,28212,51174,1968,2386,2643,2563,2856,2659,2937,3532,3141,2964,3028,3659,4094,3494,2994,2634,,,,,,3622,24673,1028,1231,1357,1301,1476,1356,1489,1741,1564,1442,1508,1789,2029,1641,1411,1096,,,,,,1214,26501,940,1155,1286,1262,1380,1303,1448,1791,1577,1522,1520,1870,2065,1853,1583,1538,,,,,,2408
2010,2010-03-31,28213,282138,兵庫県,西脇市,city,28213,43994,1746,2019,2311,2271,2113,2199,2486,2951,2682,2535,2610,2923,3386,3162,2779,2402,,,,,,3419,21159,899,1020,1195,1135,1105,1120,1299,1483,1332,1276,1278,1404,1691,1448,1293,1077,,,,,,1104,22835,847,999,1116,1136,1008,1079,1187,1468,1350,1259,1332,1519,1695,1714,1486,1325,,,,,,2315
2010,2010-03-31,28214,282146,兵庫県,宝塚市,city,28214,227826,10417,11336,11398,10607,10637,11397,14933,19788,17788,14847,13110,14447,17779,15156,12217,9668,,,,,,12301,106828,5293,5714,5695,5362,5053,5235,6885,9497,8554,7199,6239,6662,8290,7048,5617,4283,,,,,,4202,120998,5124,5622,5703,5245,5584,6162,8048,10291,9234,7648,6871,7785,9489,8108,6600,5385,,,,,,8099
2010,2010-03-31,28215,282154,兵庫県,三木市,city,28215,81849,2922,3507,3924,4049,4356,4209,4808,5586,4827,4606,4935,6341,7285,6473,4744,3844,,,,,,5433,39513,1495,1819,1980,2070,2170,2080,2391,2838,2341,2229,2367,3085,3504,3169,2389,1737,,,,,,1849,42336,1427,1688,1944,1979,2186,2129,2417,2748,2486,2377,2568,3256,3781,3304,2355,2107,,,,,,3584
2010,2010-03-31,28216,282162,兵庫県,高砂市,city,28216,95485,4239,4590,4882,5099,5561,5845,6285,7454,5952,5567,5371,6835,7962,6525,4735,3809,,,,,,4774,46821,2157,2292,2478,2652,3029,3064,3163,3817,2912,2720,2551,3399,3884,3261,2229,1640,,,,,,1573,48664,2082,2298,2404,2447,2532,2781,3122,3637,3040,2847,2820,3436,4078,3264,2506,2169,,,,,,3201
2010,2010-03-31,28217,282171,兵庫県,川西市,city,28217,160122,6570,7722,7898,7001,7619,7987,9620,13364,11745,9511,8386,9914,13100,12759,10614,7601,,,,,,8711,76492,3377,3950,4090,3514,3764,3806,4532,6526,5777,4714,3932,4662,5956,5952,5185,3586,,,,,,3169,83630,3193,3772,3808,3487,3855,4181,5088,6838,5968,4797,4454,5252,7144,6807,5429,4015,,,,,,5542
2010,2010-03-31,28218,282189,兵庫県,小野市,city,28218,49915,2393,2644,2707,2608,2576,2725,3139,3895,3186,2867,2913,3462,3894,3177,2443,2154,,,,,,3132,24350,1227,1383,1393,1338,1338,1363,1562,1922,1583,1432,1488,1712,1909,1532,1192,972,,,,,,1004,25565,1166,1261,1314,1270,1238,1362,1577,1973,1603,1435,1425,1750,1985,1645,1251,1182,,,,,,2128
2010,2010-03-31,28219,282197,兵庫県,三田市,city,28219,113458,4149,5180,6940,8441,8330,6385,5987,7113,7980,9356,9246,8885,7764,5351,4155,3597,,,,,,4599,55418,2175,2682,3552,4298,4305,3127,2879,3376,3663,4398,4515,4576,4131,2671,1941,1529,,,,,,1600,58040,1974,2498,3388,4143,4025,3258,3108,3737,4317,4958,4731,4309,3633,2680,2214,2068,,,,,,2999
2010,2010-03-31,28220,282201,兵庫県,加西市,city,28220,47592,1666,2116,2373,2529,2495,2409,2548,3013,2792,2827,3058,3732,3867,3132,2552,2526,,,,,,3957,23178,867,1109,1189,1322,1231,1266,1328,1536,1366,1416,1556,1839,1996,1515,1205,1111,,,,,,1326,24414,799,1007,1184,1207,1264,1143,1220,1477,1426,1411,1502,1893,1871,1617,1347,1415,,,,,,2631
2010,2010-03-31,28221,282219,兵庫県,篠山市,city,28221,44546,1578,1827,2101,2458,2337,2200,2286,2574,2390,2680,2897,3377,3440,2793,2659,2682,,,,,,4267,21403,813,958,1118,1295,1185,1116,1163,1311,1157,1298,1452,1721,1731,1336,1173,1170,,,,,,1406,23143,765,869,983,1163,1152,1084,1123,1263,1233,1382,1445,1656,1709,1457,1486,1512,,,,,,2861
2010,2010-03-31,28222,282227,兵庫県,養父市,city,28222,27524,965,1100,1275,1431,1216,1179,1334,1394,1310,1503,1815,2028,2128,1793,1647,1903,,,,,,3503,13171,500,569,667,699,623,610,708,733,676,705,934,1014,1093,908,721,823,,,,,,1188,14353,465,531,608,732,593,569,626,661,634,798,881,1014,1035,885,926,1080,,,,,,2315
2010,2010-03-31,28223,282235,兵庫県,丹波市,city,28223,69811,2694,3274,3615,3750,3413,3364,3808,4121,3730,3823,4377,5066,5453,4563,3888,4139,,,,,,6733,33488,1343,1691,1807,1917,1818,1749,1998,2047,1841,1855,2121,2557,2749,2214,1791,1733,,,,,,2257,36323,1351,1583,1808,1833,1595,1615,1810,2074,1889,1968,2256,2509,2704,2349,2097,2406,,,,,,4476
2010,2010-03-31,28224,282243,兵庫県,南あわじ市,city,28224,52057,1932,2201,2443,2589,2455,2448,2793,3274,2868,3007,3307,3976,4346,3268,3086,3098,,,,,,4966,25130,1001,1118,1246,1295,1217,1255,1427,1669,1438,1507,1664,2009,2185,1570,1401,1410,,,,,,1718,26927,931,1083,1197,1294,1238,1193,1366,1605,1430,1500,1643,1967,2161,1698,1685,1688,,,,,,3248
2010,2010-03-31,28225,282251,兵庫県,朝来市,city,28225,34017,1229,1481,1674,1799,1613,1541,1740,2032,1800,1956,2165,2471,2530,2176,1915,2154,,,,,,3741,16331,638,794,840,876,827,797,916,1038,927,961,1075,1280,1273,1007,869,919,,,,,,1294,17686,591,687,834,923,786,744,824,994,873,995,1090,1191,1257,1169,1046,1235,,,,,,2447
2010,2010-03-31,28226,282260,兵庫県,淡路市,city,28226,48798,1696,1832,2082,2274,2387,2167,2499,2799,2512,2569,3006,3752,4063,3298,3117,3232,,,,,,5513,23444,878,959,1085,1187,1222,1099,1257,1405,1270,1246,1506,1938,2095,1566,1457,1391,,,,,,1883,25354,818,873,997,1087,1165,1068,1242,1394,1242,1323,1500,1814,1968,1732,1660,1841,,,,,,3630
2010,2010-03-31,28227,282278,兵庫県,宍粟市,city,28227,43313,1683,1951,2241,2286,2249,2184,2330,2610,2245,2412,2785,3342,3403,2614,2403,2680,,,,,,3895,20683,856,999,1141,1184,1129,1122,1202,1352,1073,1178,1378,1695,1701,1218,1044,1201,,,,,,1210,22630,827,952,1100,1102,1120,1062,1128,1258,1172,1234,1407,1647,1702,1396,1359,1479,,,,,,2685
2010,2010-03-31,28228,282286,兵庫県,加東市,city,28228,39654,1862,1987,1996,2127,2357,2273,2586,2919,2486,2369,2465,2674,2891,2127,2005,1816,,,,,,2714,19389,946,1010,1006,1075,1178,1152,1341,1518,1204,1197,1256,1342,1473,1034,895,829,,,,,,933,20265,916,977,990,1052,1179,1121,1245,1401,1282,1172,1209,1332,1418,1093,1110,987,,,,,,1781
2010,2010-03-31,28229,282294,兵庫県,たつの市,city,28229,81159,3329,3866,4196,4109,4442,4472,5031,5857,4849,4646,4898,5948,6737,5581,4215,3659,,,,,,5324,39224,1719,1964,2150,2079,2261,2285,2584,2951,2369,2322,2395,2965,3287,2734,1906,1571,,,,,,1682,41935,1610,1902,2046,2030,2181,2187,2447,2906,2480,2324,2503,2983,3450,2847,2309,2088,,,,,,3642
2010,2010-03-31,28300,283002,兵庫県,川辺郡,gun_agg,,32444,1537,1853,1815,1778,1798,1509,2002,2420,2267,2056,2216,2524,2574,2037,1382,1074,,,,,,1602,15667,782,980,909,897,891,724,922,1157,1103,970,1058,1263,1282,1058,679,477,,,,,,515,16777,755,873,906,881,907,785,1080,1263,1164,1086,1158,1261,1292,979,703,597,,,,,,1087
2010,2010-03-31,28301,283011,兵庫県,川辺郡猪名川町,town,28301,32444,1537,1853,1815,1778,1798,1509,2002,2420,2267,2056,2216,2524,2574,2037,1382,1074,,,,,,1602,15667,782,980,909,897,891,724,922,1157,1103,970,1058,1263,1282,1058,679,477,,,,,,515,16777,755,873,906,881,907,785,1080,1263,1164,1086,1158,1261,1292,979,703,597,,,,,,1087
2010,2010-03-31,28360,283606,兵庫県,多可郡,gun_agg,,23825,827,1130,1336,1326,1179,1074,1114,1457,1305,1406,1460,1672,1875,1618,1442,1347,,,,,,2257,11542,405,609,688,671,625,531,568,728,677,685,725,837,956,793,673,614,,,,,,757,12283,422,521,648,655,554,543,546,729,628,721,735,835,919,825,769,733,,,,,,1500
2010,2010-03-31,28365,283657,兵庫県,多可郡多可町,town,28365,23825,827,1130,1336,1326,1179,1074,1114,1457,1305,1406,1460,1672,1875,1618,1442,1347,,,,,,2257,11542,405,609,688,671,625,531,568,728,677,685,725,837,956,793,673,614,,,,,,757,12283,422,521,648,655,554,543,546,729,628,721,735,835,919,825,769,733,,,,,,1500
2010,2010-03-31,28380,283801,兵庫県,加古郡,gun_agg,,65564,2620,3137,3386,3394,3553,3688,4193,5036,4203,3768,3775,4827,5873,4963,3443,2570,,,,,,3135,32229,1361,1591,1747,1712,1838,1875,2115,2571,2104,1861,1827,2277,2865,2498,1724,1168,,,,,,1095,33335,1259,1546,1639,1682,1715,1813,2078,2465,2099,1907,1948,2550,3008,2465,1719,1402,,,,,,2040
2010,2010-03-31,28381,283819,兵庫県,加古郡稲美町,town,28381,31761,1180,1493,1616,1602,1689,1684,1929,2385,1910,1811,1903,2452,3045,2465,1664,1234,,,,,,1699,15657,630,758,833,809,868,869,982,1220,956,909,930,1150,1499,1262,839,572,,,,,,571,16104,550,735,783,793,821,815,947,1165,954,902,973,1302,1546,1203,825,662,,,,,,1128
2010,2010-03-31,28382,283827,兵庫県,加古郡播磨町,town,28382,33803,1440,1644,1770,1792,1864,2004,2264,2651,2293,1957,1872,2375,2828,2498,1779,1336,,,,,,1436,16572,731,833,914,903,970,1006,1133,1351,1148,952,897,1127,1366,1236,885,596,,,,,,524,17231,709,811,856,889,894,998,1131,1300,1145,1005,975,1248,1462,1262,894,740,,,,,,912
2010,2010-03-31,28440,284408,兵庫県,神崎郡,gun_agg,,46026,1737,2051,2310,2494,2488,2386,2477,2831,2517,2703,2905,3413,3711,3055,2491,2498,,,,,,3959,22084,868,985,1178,1268,1263,1215,1238,1427,1211,1337,1454,1688,1873,1520,1128,1100,,,,,,1331,23942,869,1066,1132,1226,1225,1171,1239,1404,1306,1366,1451,1725,1838,1535,1363,1398,,,,,,2628
2010,2010-03-31,28442,284424,兵庫県,神崎郡市川町,town,28442,13826,436,519,655,721,744,699,702,766,712,818,985,1107,1161,942,817,799,,,,,,1243,6720,213,243,338,390,394,361,350,392,345,409,487,565,605,476,382,366,,,,,,404,7106,223,276,317,331,350,338,352,374,367,409,498,542,556,466,435,433,,,,,,839
2010,2010-03-31,28443,284432,兵庫県,神崎郡福崎町,town,28443,19279,849,981,993,1052,1061,1083,1152,1372,1099,1106,1135,1348,1545,1268,947,880,,,,,,1408,9256,422,483,519,520,530,553,576,690,537,530,576,631,748,621,428,393,,,,,,499,10023,427,498,474,532,531,530,576,682,562,576,559,717,797,647,519,487,,,,,,909
2010,2010-03-31,28446,284467,兵庫県,神崎郡神河町,town,28446,12921,452,551,662,721,683,604,623,693,706,779,785,958,1005,845,727,819,,,,,,1308,6108,233,259,321,358,339,301,312,345,329,398,391,492,520,423,318,341,,,,,,428,6813,219,292,341,363,344,303,311,348,377,381,394,466,485,422,409,478,,,,,,880
2010,2010-03-31,28460,284602,兵庫県,揖保郡,gun_agg,,34139,1876,2084,1860,1553,1737,1973,2577,3056,2200,1789,1757,2402,2780,2331,1566,1146,,,,,,1452,16733,974,1083,917,779,854,968,1317,1558,1105,918,848,1156,1333,1169,798,487,,,,,,469,17406,902,1001,943,774,883,1005,1260,1498,1095,871,909,1246,1447,1162,768,659,,,,,,983
2010,2010-03-31,28464,284645,兵庫県,揖保郡太子町,town,28464,34139,1876,2084,1860,1553,1737,1973,2577,3056,2200,1789,1757,2402,2780,2331,1566,1146,,,,,,1452,16733,974,1083,917,779,854,968,1317,1558,1105,918,848,1156,1333,1169,798,487,,,,,,469,17406,902,1001,943,774,883,1005,1260,1498,1095,871,909,1246,1447,1162,768,659,,,,,,983
2010,2010-03-31,28480,284807,兵庫県,赤穂郡,gun_agg,,17291,564,693,829,852,916,834,860,1053,868,993,1112,1397,1564,1318,957,994,,,,,,1487,8337,296,359,433,440,443,456,435,538,434,505,567,666,789,643,436,418,,,,,,479,8954,268,334,396,412,473,378,425,515,434,488,545,731,775,675,521,576,,,,,,1008
2010,2010-03-31,28481,284815,兵庫県,赤穂郡上郡町,town,28481,17291,564,693,829,852,916,834,860,1053,868,993,1112,1397,1564,1318,957,994,,,,,,1487,8337,296,359,433,440,443,456,435,538,434,505,567,666,789,643,436,418,,,,,,479,8954,268,334,396,412,473,378,425,515,434,488,545,731,775,675,521,576,,,,,,1008
2010,2010-03-31,28500,285005,兵庫県,佐用郡,gun_agg,,20063,609,744,896,1043,981,935,968,933,921,1107,1325,1596,1592,1302,1297,1446,,,,,,2368,9585,310,400,450,543,500,488,522,495,439,535,659,826,829,609,569,647,,,,,,764,10478,299,344,446,500,481,447,446,438,482,572,666,770,763,693,728,799,,,,,,1604
2010,2010-03-31,28501,285013,兵庫県,佐用郡佐用町,town,28501,20063,609,744,896,1043,981,935,968,933,921,1107,1325,1596,1592,1302,1297,1446,,,,,,2368,9585,310,400,450,543,500,488,522,495,439,535,659,826,829,609,569,647,,,,,,764,10478,299,344,446,500,481,447,446,438,482,572,666,770,763,693,728,799,,,,,,1604
2010,2010-03-31,28580,285803,兵庫県,美方郡,gun_agg,,37987,1290,1516,1861,2077,1713,1610,1750,1837,1824,2170,2560,2907,2851,2590,2526,2699,,,,,,4206,18139,660,787,970,1025,911,866,918,952,889,1080,1324,1475,1437,1162,1118,1202,,,,,,1363,19848,630,729,891,1052,802,744,832,885,935,1090,1236,1432,1414,1428,1408,1497,,,,,,2843
2010,2010-03-31,28585,285854,兵庫県,美方郡香美町,town,28585,21043,690,849,1049,1154,978,883,906,1069,1045,1234,1364,1599,1503,1472,1448,1502,,,,,,2298,10060,349,443,545,584,509,474,475,554,511,627,692,851,730,651,635,665,,,,,,765,10983,341,406,504,570,469,409,431,515,534,607,672,748,773,821,813,837,,,,,,1533
2010,2010-03-31,28586,285862,兵庫県,美方郡新温泉町,town,28586,16944,600,667,812,923,735,727,844,768,779,936,1196,1308,1348,1118,1078,1197,,,,,,1908,8079,311,344,425,441,402,392,443,398,378,453,632,624,707,511,483,537,,,,,,598,8865,289,323,387,482,333,335,401,370,401,483,564,684,641,607,595,660,,,,,,1310
2010,2010-03-31,29000,290009,奈良県,,pref,,1411715,56432,62853,68444,72110,75510,76174,85636,103581,93482,86310,84192,101088,115900,100744,78706,63783,,,,,,86770,674564,28660,32407,35131,36779,37568,36952,41865,50558,45000,41834,40525,48635,55231,48222,37663,28281,,,,,,29253,737151,27772,30446,33313,35331,37942,39222,43771,53023,48482,44476,43667,52453,60669,52522,41043,35502,,,,,,57517
2010,2010-03-31,29201,292010,奈良県,奈良市,city,29201,365157,14034,15712,17223,17906,19437,20145,22146,27310,24936,23112,22051,26024,30291,25961,20633,16510,,,,,,21726,172652,7060,8123,8863,9074,9617,9599,10739,13121,11683,11100,10514,12276,14264,12101,9754,7397,,,,,,7367,192505,6974,7589,8360,8832,9820,10546,11407,14189,13253,12012,11537,13748,16027,13860,10879,9113,,,,,,14359
2010,2010-03-31,29202,292028,奈良県,大和高田市,city,29202,70606,2452,2797,3653,4097,3957,3622,4020,4952,5046,5001,4519,4965,5665,5138,4031,3059,,,,,,3632,33811,1265,1396,1872,2118,1922,1781,2009,2437,2407,2413,2226,2483,2682,2344,1908,1362,,,,,,1186,36795,1187,1401,1781,1979,2035,1841,2011,2515,2639,2588,2293,2482,2983,2794,2123,1697,,,,,,2446
2010,2010-03-31,29203,292036,奈良県,大和郡山市,city,29203,90321,3534,3929,4182,4349,4702,4926,5597,6886,5965,5241,5166,6735,7688,6937,5312,4064,,,,,,5108,43448,1804,2029,2144,2230,2414,2473,2776,3371,2928,2552,2486,3188,3681,3301,2624,1746,,,,,,1701,46873,1730,1900,2038,2119,2288,2453,2821,3515,3037,2689,2680,3547,4007,3636,2688,2318,,,,,,3407
2010,2010-03-31,29204,292044,奈良県,天理市,city,29204,67860,3017,3109,3489,5044,5022,4296,4331,4818,4449,3895,3560,4304,4610,3925,3191,2809,,,,,,3991,33259,1589,1629,1748,2608,2569,2097,2158,2445,2243,1986,1764,2160,2294,1887,1525,1244,,,,,,1313,34601,1428,1480,1741,2436,2453,2199,2173,2373,2206,1909,1796,2144,2316,2038,1666,1565,,,,,,2678
2010,2010-03-31,29205,292052,奈良県,橿原市,city,29205,124557,5507,5855,6398,6358,6724,7145,8410,9944,8667,7753,7043,8453,9749,8766,6670,4889,,,,,,6226,59684,2831,3015,3284,3187,3310,3480,4121,4841,4243,3678,3416,3990,4601,4126,3264,2197,,,,,,2100,64873,2676,2840,3114,3171,3414,3665,4289,5103,4424,4075,3627,4463,5148,4640,3406,2692,,,,,,4126
2010,2010-03-31,29206,292061,奈良県,桜井市,city,29206,60537,2448,2601,3042,3185,3192,3370,3595,4103,3802,3723,3759,4370,4793,4073,3417,2940,,,,,,4124,28948,1215,1419,1570,1601,1602,1652,1769,1989,1832,1789,1836,2151,2308,1945,1588,1277,,,,,,1405,31589,1233,1182,1472,1584,1590,1718,1826,2114,1970,1934,1923,2219,2485,2128,1829,1663,,,,,,2719
2010,2010-03-31,29207,292079,奈良県,五條市,city,29207,35832,1014,1371,1714,1967,1917,1783,1741,1986,2018,2280,2398,2811,2837,2344,2242,2183,,,,,,3226,17105,490,730,906,996,971,902,886,989,1011,1069,1167,1421,1468,1071,991,952,,,,,,1085,18727,524,641,808,971,946,881,855,997,1007,1211,1231,1390,1369,1273,1251,1231,,,,,,2141
2010,2010-03-31,29208,292087,奈良県,御所市,city,29208,30526,894,964,1269,1495,1621,1470,1421,1731,1734,1766,1911,2311,2725,2464,2216,1797,,,,,,2737,14436,442,482,666,771,807,728,734,880,837,879,927,1183,1281,1133,1013,787,,,,,,886,16090,452,482,603,724,814,742,687,851,897,887,984,1128,1444,1331,1203,1010,,,,,,1851
2010,2010-03-31,29209,292095,奈良県,生駒市,city,29209,118675,5549,6044,6023,5636,6052,6225,7782,9950,8670,7351,7028,8194,10080,8407,5776,4291,,,,,,5617,56848,2870,3071,3096,2880,3006,2918,3631,4790,4166,3580,3352,3852,4700,4233,2870,1943,,,,,,1890,61827,2679,2973,2927,2756,3046,3307,4151,5160,4504,3771,3676,4342,5380,4174,2906,2348,,,,,,3727
2010,2010-03-31,29210,292109,奈良県,香芝市,city,29210,75052,4370,4741,4431,3905,3556,4039,5507,7112,5910,4654,3913,4532,5324,4514,3300,2297,,,,,,2947,36199,2189,2376,2231,1990,1745,1877,2695,3447,2854,2345,1877,2116,2517,2261,1630,1046,,,,,,1003,38853,2181,2365,2200,1915,1811,2162,2812,3665,3056,2309,2036,2416,2807,2253,1670,1251,,,,,,1944
2010,2010-03-31,29211,292117,奈良県,葛城市,city,29211,36172,1775,1845,1812,1733,1913,2055,2467,2816,2265,1994,2124,2521,3016,2564,1735,1470,,,,,,2067,17413,928,956,988,893,909,1011,1187,1413,1083,942,1007,1227,1456,1259,841,639,,,,,,674,18759,847,889,824,840,1004,1044,1280,1403,1182,1052,1117,1294,1560,1305,894,831,,,,,,1393
2010,2010-03-31,29212,292125,奈良県,宇陀市,city,29212,35815,1026,1245,1431,1653,1993,1826,1700,1991,1623,1988,2483,3071,3291,2782,2252,2078,,,,,,3382,17148,527,680,723,840,1022,928,838,988,801,975,1200,1524,1634,1371,1050,940,,,,,,1107,18667,499,565,708,813,971,898,862,1003,822,1013,1283,1547,1657,1411,1202,1138,,,,,,2275
2010,2010-03-31,29320,293202,奈良県,山辺郡,gun_agg,,4331,109,130,126,162,194,217,177,192,167,191,299,414,422,307,285,361,,,,,,578,2091,54,70,60,88,112,116,91,106,89,97,136,221,216,160,139,146,,,,,,190,2240,55,60,66,74,82,101,86,86,78,94,163,193,206,147,146,215,,,,,,388
2010,2010-03-31,29322,293229,奈良県,山辺郡山添村,village,29322,4331,109,130,126,162,194,217,177,192,167,191,299,414,422,307,285,361,,,,,,578,2091,54,70,60,88,112,116,91,106,89,97,136,221,216,160,139,146,,,,,,190,2240,55,60,66,74,82,101,86,86,78,94,163,193,206,147,146,215,,,,,,388
2010,2010-03-31,29340,293407,奈良県,生駒郡,gun_agg,,79728,3114,3426,3544,3711,4008,4310,4878,5767,5127,4499,4543,5744,7174,6561,4764,3696,,,,,,4862,38021,1555,1774,1813,1889,1973,2094,2374,2834,2485,2194,2174,2660,3335,3256,2304,1608,,,,,,1699,41707,1559,1652,1731,1822,2035,2216,2504,2933,2642,2305,2369,3084,3839,3305,2460,2088,,,,,,3163
2010,2010-03-31,29342,293423,奈良県,生駒郡平群町,town,29342,20335,689,862,825,911,994,964,1108,1384,1215,1090,1153,1510,2085,1936,1335,1033,,,,,,1241,9737,356,454,426,461,490,467,539,667,598,519,539,702,976,952,679,453,,,,,,459,10598,333,408,399,450,504,497,569,717,617,571,614,808,1109,984,656,580,,,,,,782
2010,2010-03-31,29343,293431,奈良県,生駒郡三郷町,town,29343,22950,977,1035,1028,1034,1172,1257,1467,1801,1511,1282,1234,1575,1946,1792,1306,1059,,,,,,1474,10953,484,556,533,535,555,622,721,885,726,656,596,712,885,913,615,453,,,,,,506,11997,493,479,495,499,617,635,746,916,785,626,638,863,1061,879,691,606,,,,,,968
2010,2010-03-31,29344,293440,奈良県,生駒郡斑鳩町,town,29344,28495,1180,1284,1366,1360,1397,1584,1819,2087,1938,1646,1613,1978,2428,2233,1674,1267,,,,,,1641,13511,574,640,706,689,700,746,858,1028,930,799,771,919,1127,1100,790,574,,,,,,560,14984,606,644,660,671,697,838,961,1059,1008,847,842,1059,1301,1133,884,693,,,,,,1081
2010,2010-03-31,29345,293458,奈良県,生駒郡安堵町,town,29345,7948,268,245,325,406,445,505,484,495,463,481,543,681,715,600,449,337,,,,,,506,3820,141,124,148,204,228,259,256,254,231,220,268,327,347,291,220,128,,,,,,174,4128,127,121,177,202,217,246,228,241,232,261,275,354,368,309,229,209,,,,,,332
2010,2010-03-31,29360,293601,奈良県,磯城郡,gun_agg,,49206,1963,2159,2246,2473,2597,2498,3080,3392,2991,2867,2844,3758,4135,3809,2915,2299,,,,,,3180,23635,989,1087,1128,1274,1276,1194,1541,1687,1471,1383,1381,1856,1946,1864,1390,1052,,,,,,1116,25571,974,1072,1118,1199,1321,1304,1539,1705,1520,1484,1463,1902,2189,1945,1525,1247,,,,,,2064
2010,2010-03-31,29361,293610,奈良県,磯城郡川西町,town,29361,8825,352,376,391,407,425,414,566,614,484,466,498,712,798,736,548,458,,,,,,580,4249,169,192,207,216,230,198,268,322,236,219,243,352,356,362,271,210,,,,,,198,4576,183,184,184,191,195,216,298,292,248,247,255,360,442,374,277,248,,,,,,382
2010,2010-03-31,29362,293628,奈良県,磯城郡三宅町,town,29362,7558,242,259,324,374,402,409,405,486,472,468,465,554,654,650,521,382,,,,,,491,3612,124,110,148,178,209,218,197,249,229,220,224,286,303,319,234,180,,,,,,184,3946,118,149,176,196,193,191,208,237,243,248,241,268,351,331,287,202,,,,,,307
2010,2010-03-31,29363,293636,奈良県,磯城郡田原本町,town,29363,32823,1369,1524,1531,1692,1770,1675,2109,2292,2035,1933,1881,2492,2683,2423,1846,1459,,,,,,2109,15774,696,785,773,880,837,778,1076,1116,1006,944,914,1218,1287,1183,885,662,,,,,,734,17049,673,739,758,812,933,897,1033,1176,1029,989,967,1274,1396,1240,961,797,,,,,,1375
2010,2010-03-31,29380,293806,奈良県,宇陀郡,gun_agg,,4038,54,89,130,171,161,132,124,140,164,204,281,330,348,305,386,361,,,,,,658,1903,30,46,63,82,71,66,64,75,101,89,147,175,185,134,185,148,,,,,,242,2135,24,43,67,89,90,66,60,65,63,115,134,155,163,171,201,213,,,,,,416
2010,2010-03-31,29385,293857,奈良県,宇陀郡曽爾村,village,29385,1876,28,37,49,78,98,65,69,66,79,106,141,160,161,149,147,139,,,,,,304,884,15,22,23,40,42,32,33,36,51,46,73,85,81,69,63,54,,,,,,119,992,13,15,26,38,56,33,36,30,28,60,68,75,80,80,84,85,,,,,,185
2010,2010-03-31,29386,293865,奈良県,宇陀郡御杖村,village,29386,2162,26,52,81,93,63,67,55,74,85,98,140,170,187,156,239,222,,,,,,354,1019,15,24,40,42,29,34,31,39,50,43,74,90,104,65,122,94,,,,,,123,1143,11,28,41,51,34,33,24,35,35,55,66,80,83,91,117,128,,,,,,231
2010,2010-03-31,29400,294004,奈良県,高市郡,gun_agg,,13905,417,462,562,638,733,703,670,773,714,795,896,1128,1248,1044,887,852,,,,,,1383,6630,219,248,292,326,389,355,340,394,347,366,427,573,623,491,414,357,,,,,,469,7275,198,214,270,312,344,348,330,379,367,429,469,555,625,553,473,495,,,,,,914
2010,2010-03-31,29401,294012,奈良県,高市郡高取町,town,29401,7729,249,271,301,364,373,401,384,465,406,445,496,588,668,600,499,505,,,,,,714,3662,134,145,140,187,192,209,196,243,185,203,240,311,316,284,227,210,,,,,,240,4067,115,126,161,177,181,192,188,222,221,242,256,277,352,316,272,295,,,,,,474
2010,2010-03-31,29402,294021,奈良県,高市郡明日香村,village,29402,6176,168,191,261,274,360,302,286,308,308,350,400,540,580,444,388,347,,,,,,669,2968,85,103,152,139,197,146,144,151,162,163,187,262,307,207,187,147,,,,,,229,3208,83,88,109,135,163,156,142,157,146,187,213,278,273,237,201,200,,,,,,440
2010,2010-03-31,29420,294209,奈良県,北葛城郡,gun_agg,,99684,3883,4763,5142,5264,5328,5258,5838,7277,6752,6186,6156,7306,8547,7266,5111,4070,,,,,,5537,47672,1933,2467,2619,2690,2633,2548,2834,3521,3215,3012,2889,3462,4070,3648,2535,1771,,,,,,1825,52012,1950,2296,2523,2574,2695,2710,3004,3756,3537,3174,3267,3844,4477,3618,2576,2299,,,,,,3712
2010,2010-03-31,29424,294241,奈良県,北葛城郡上牧町,town,29424,24170,864,1197,1299,1234,1290,1173,1306,1859,1661,1496,1451,1766,2158,1838,1243,901,,,,,,1434,11562,450,648,696,607,645,567,626,923,817,743,691,829,979,923,633,366,,,,,,419,12608,414,549,603,627,645,606,680,936,844,753,760,937,1179,915,610,535,,,,,,1015
2010,2010-03-31,29425,294250,奈良県,北葛城郡王寺町,town,29425,22411,853,927,1015,1116,1207,1296,1397,1659,1438,1347,1386,1684,1915,1668,1249,1028,,,,,,1226,10655,420,488,506,577,621,619,676,806,660,631,634,793,919,820,598,458,,,,,,429,11756,433,439,509,539,586,677,721,853,778,716,752,891,996,848,651,570,,,,,,797
2010,2010-03-31,29426,294268,奈良県,北葛城郡広陵町,town,29426,33821,1527,1888,1991,2039,1877,1792,2066,2481,2423,2239,2200,2479,2572,2063,1398,1184,,,,,,1602,16310,735,940,993,1045,922,872,989,1190,1166,1081,1040,1225,1291,1053,692,537,,,,,,539,17511,792,948,998,994,955,920,1077,1291,1257,1158,1160,1254,1281,1010,706,647,,,,,,1063
2010,2010-03-31,29427,294276,奈良県,北葛城郡河合町,town,29427,19282,639,751,837,875,954,997,1069,1278,1230,1104,1119,1377,1902,1697,1221,957,,,,,,1275,9145,328,391,424,461,445,490,543,602,572,557,524,615,881,852,612,410,,,,,,438,10137,311,360,413,414,509,507,526,676,658,547,595,762,1021,845,609,547,,,,,,837
2010,2010-03-31,29440,294403,奈良県,吉野郡,gun_agg,,49713,1272,1611,2027,2363,2403,2154,2152,2441,2482,2810,3218,4117,3957,3577,3583,3757,,,,,,5789,23661,670,809,1065,1242,1220,1133,1078,1230,1204,1385,1599,2117,1970,1637,1638,1669,,,,,,1995,26052,602,802,962,1121,1183,1021,1074,1211,1278,1425,1619,2000,1987,1940,1945,2088,,,,,,3794
2010,2010-03-31,29441,294411,奈良県,吉野郡吉野町,town,29441,9236,178,189,292,408,434,410,358,373,360,485,594,829,846,753,723,742,,,,,,1262,4298,94,88,150,216,219,214,178,187,172,229,270,414,415,352,343,335,,,,,,422,4938,84,101,142,192,215,196,180,186,188,256,324,415,431,401,380,407,,,,,,840
2010,2010-03-31,29442,294420,奈良県,吉野郡大淀町,town,29442,19759,700,888,966,1053,1140,999,1105,1262,1186,1246,1370,1652,1499,1209,1097,965,,,,,,1422,9451,365,437,504,556,594,499,535,624,564,601,655,835,741,566,519,410,,,,,,446,10308,335,451,462,497,546,500,570,638,622,645,715,817,758,643,578,555,,,,,,976
2010,2010-03-31,29443,294438,奈良県,吉野郡下市町,town,29443,7071,143,184,323,376,341,280,270,301,358,427,426,547,556,547,545,616,,,,,,831,3366,75,93,172,201,168,153,122,147,169,205,225,285,273,254,236,277,,,,,,311,3705,68,91,151,175,173,127,148,154,189,222,201,262,283,293,309,339,,,,,,520
2010,2010-03-31,29444,294446,奈良県,吉野郡黒滝村,village,29444,928,18,16,31,38,31,31,30,49,39,29,51,90,83,73,59,89,,,,,,171,434,8,4,17,22,18,19,19,25,20,16,27,50,39,34,29,35,,,,,,52,494,10,12,14,16,13,12,11,24,19,13,24,40,44,39,30,54,,,,,,119
2010,2010-03-31,29446,294462,奈良県,吉野郡天川村,village,29446,1791,34,46,60,74,79,43,46,56,71,104,134,155,138,116,152,178,,,,,,305,847,20,28,31,32,38,27,25,27,37,49,80,78,72,47,62,82,,,,,,112,944,14,18,29,42,41,16,21,29,34,55,54,77,66,69,90,96,,,,,,193
2010,2010-03-31,29447,294471,奈良県,吉野郡野迫川村,village,29447,556,9,14,17,14,24,23,14,31,29,22,28,47,32,44,51,74,,,,,,83,271,6,5,7,6,12,15,8,16,17,15,15,25,15,18,25,31,,,,,,35,285,3,9,10,8,12,8,6,15,12,7,13,22,17,26,26,43,,,,,,48
2010,2010-03-31,29449,294497,奈良県,吉野郡十津川村,village,29449,4153,103,134,152,194,145,173,149,161,163,221,258,307,289,283,364,422,,,,,,635,2042,55,77,84,108,73,105,83,92,82,124,146,168,145,116,171,191,,,,,,222,2111,48,57,68,86,72,68,66,69,81,97,112,139,144,167,193,231,,,,,,413
2010,2010-03-31,29450,294501,奈良県,吉野郡下北山村,village,29450,1179,19,40,53,50,33,37,36,47,69,61,72,76,74,95,109,129,,,,,,179,551,10,18,28,23,17,21,21,27,34,32,37,38,41,38,46,58,,,,,,62,628,9,22,25,27,16,16,15,20,35,29,35,38,33,57,63,71,,,,,,117
2010,2010-03-31,29451,294519,奈良県,吉野郡上北山村,village,29451,697,7,18,20,26,33,26,23,24,30,46,35,60,46,75,64,62,,,,,,102,329,6,11,10,10,14,12,16,11,17,24,12,36,23,36,23,27,,,,,,41,368,1,7,10,16,19,14,7,13,13,22,23,24,23,39,41,35,,,,,,61
2010,2010-03-31,29452,294527,奈良県,吉野郡川上村,village,29452,1886,21,26,40,55,54,55,55,53,83,69,101,159,170,180,174,228,,,,,,363,890,10,17,20,27,25,24,31,22,51,37,48,86,86,83,73,108,,,,,,142,996,11,9,20,28,29,31,24,31,32,32,53,73,84,97,101,120,,,,,,221
2010,2010-03-31,29453,294535,奈良県,吉野郡東吉野村,village,29453,2457,40,56,73,75,89,77,66,84,94,100,149,195,224,202,245,252,,,,,,436,1182,21,31,42,41,42,44,40,52,41,53,84,102,120,93,111,115,,,,,,150,1275,19,25,31,34,47,33,26,32,53,47,65,93,104,109,134,137,,,,,,286
2010,2010-03-31,30000,300004,和歌山県,,pref,,1032779,38967,44458,49565,51309,51152,51325,57504,70318,63756,63020,63342,73214,82672,72132,61400,56672,,,,,,81973,489718,20045,22853,25122,26370,25883,25398,28784,34960,30723,30173,31164,35760,39974,33811,27863,23915,,,,,,26920,543061,18922,21605,24443,24939,25269,25927,28720,35358,33033,32847,32178,37454,42698,38321,33537,32757,,,,,,55053
2010,2010-03-31,30201,302015,和歌山県,和歌山市,city,30201,380483,15077,16578,17788,18228,19616,20415,22856,28433,25239,23543,22294,25649,30661,27631,22440,18893,,,,,,25142,181037,7742,8452,9050,9450,10021,10141,11450,14161,12221,11250,11004,12302,14559,13014,10270,7797,,,,,,8153,199446,7335,8126,8738,8778,9595,10274,11406,14272,13018,12293,11290,13347,16102,14617,12170,11096,,,,,,16989
2010,2010-03-31,30202,302023,和歌山県,海南市,city,30202,56936,1788,2226,2489,2583,2654,2640,2966,3571,3338,3285,3507,4126,4735,4256,3672,3655,,,,,,5445,26736,910,1123,1296,1340,1342,1271,1497,1714,1611,1583,1677,2022,2328,2003,1603,1586,,,,,,1830,30200,878,1103,1193,1243,1312,1369,1469,1857,1727,1702,1830,2104,2407,2253,2069,2069,,,,,,3615
2010,2010-03-31,30203,302031,和歌山県,橋本市,city,30203,67985,2524,2947,3379,3749,4001,3568,3584,4384,3952,4306,4794,5334,5576,4494,3663,3152,,,,,,4578,32321,1295,1470,1708,1898,2029,1705,1731,2148,1853,1995,2297,2671,2739,2220,1713,1323,,,,,,1526,35664,1229,1477,1671,1851,1972,1863,1853,2236,2099,2311,2497,2663,2837,2274,1950,1829,,,,,,3052
2010,2010-03-31,30204,302040,和歌山県,有田市,city,30204,31811,1165,1406,1624,1621,1647,1551,1688,2129,1896,1915,1909,2346,2621,2188,1862,1764,,,,,,2479,15102,612,750,844,797,872,732,859,1066,905,915,924,1149,1302,1041,809,713,,,,,,812,16709,553,656,780,824,775,819,829,1063,991,1000,985,1197,1319,1147,1053,1051,,,,,,1667
2010,2010-03-31,30205,302058,和歌山県,御坊市,city,30205,25932,952,1236,1290,1375,1348,1270,1428,1796,1570,1539,1575,1823,1958,1684,1545,1545,,,,,,1998,12370,495,651,708,703,665,638,717,929,783,745,768,886,944,793,674,649,,,,,,622,13562,457,585,582,672,683,632,711,867,787,794,807,937,1014,891,871,896,,,,,,1376
2010,2010-03-31,30206,302066,和歌山県,田辺市,city,30206,81938,3285,3531,4042,4144,3727,3896,4644,5450,4921,5212,5095,5613,6030,5520,4958,4791,,,,,,7079,38785,1638,1782,2043,2141,1806,1974,2334,2682,2354,2505,2552,2789,2959,2512,2208,2132,,,,,,2374,43153,1647,1749,1999,2003,1921,1922,2310,2768,2567,2707,2543,2824,3071,3008,2750,2659,,,,,,4705
2010,2010-03-31,30207,302074,和歌山県,新宮市,city,30207,32380,1167,1311,1517,1558,1304,1352,1545,1930,1796,1891,2033,2403,2686,2399,2163,2104,,,,,,3221,14977,622,669,768,801,658,657,768,944,877,879,980,1184,1243,1074,968,848,,,,,,1037,17403,545,642,749,757,646,695,777,986,919,1012,1053,1219,1443,1325,1195,1256,,,,,,2184
2010,2010-03-31,30208,302082,和歌山県,紀の川市,city,30208,68247,2346,2891,3461,3810,3543,3447,3669,4345,4302,4384,4395,5049,5409,4438,3781,3595,,,,,,5382,32537,1212,1506,1784,1945,1784,1720,1813,2156,2003,2094,2173,2494,2692,2109,1709,1536,,,,,,1807,35710,1134,1385,1677,1865,1759,1727,1856,2189,2299,2290,2222,2555,2717,2329,2072,2059,,,,,,3575
2010,2010-03-31,30209,302091,和歌山県,岩出市,city,30209,52441,2689,3131,3221,3083,2795,2801,3603,4770,4154,3570,3205,3464,3688,2870,1975,1486,,,,,,1936,25382,1399,1615,1564,1608,1401,1355,1730,2311,1998,1704,1585,1715,1801,1401,958,609,,,,,,628,27059,1290,1516,1657,1475,1394,1446,1873,2459,2156,1866,1620,1749,1887,1469,1017,877,,,,,,1308
2010,2010-03-31,30300,303003,和歌山県,海草郡,gun_agg,,10914,214,323,393,444,483,431,479,519,497,532,679,876,992,838,764,884,,,,,,1566,5084,99,169,208,231,240,227,238,270,245,272,318,423,509,395,331,362,,,,,,547,5830,115,154,185,213,243,204,241,249,252,260,361,453,483,443,433,522,,,,,,1019
2010,2010-03-31,30304,303046,和歌山県,海草郡紀美野町,town,30304,10914,214,323,393,444,483,431,479,519,497,532,679,876,992,838,764,884,,,,,,1566,5084,99,169,208,231,240,227,238,270,245,272,318,423,509,395,331,362,,,,,,547,5830,115,154,185,213,243,204,241,249,252,260,361,453,483,443,433,522,,,,,,1019
2010,2010-03-31,30340,303402,和歌山県,伊都郡,gun_agg,,28168,836,908,1068,1354,1355,1292,1288,1526,1394,1612,1676,2076,2445,2172,1949,2093,,,,,,3124,13272,431,481,526,707,664,654,688,802,692,792,835,1020,1200,987,877,895,,,,,,1021,14896,405,427,542,647,691,638,600,724,702,820,841,1056,1245,1185,1072,1198,,,,,,2103
2010,2010-03-31,30341,303411,和歌山県,伊都郡かつらぎ町,town,30341,19065,604,669,773,919,926,902,875,1051,965,1136,1154,1417,1691,1429,1266,1336,,,,,,1952,8973,312,354,386,464,460,443,469,540,471,547,579,685,827,669,563,563,,,,,,641,10092,292,315,387,455,466,459,406,511,494,589,575,732,864,760,703,773,,,,,,1311
2010,2010-03-31,30343,303437,和歌山県,伊都郡九度山町,town,30343,5217,142,158,195,246,246,213,229,273,257,267,301,392,447,437,389,378,,,,,,647,2413,69,83,88,121,109,101,110,144,124,125,146,207,221,197,186,162,,,,,,220,2804,73,75,107,125,137,112,119,129,133,142,155,185,226,240,203,216,,,,,,427
2010,2010-03-31,30344,303445,和歌山県,伊都郡高野町,town,30344,3886,90,81,100,189,183,177,184,202,172,209,221,267,307,306,294,379,,,,,,525,1886,50,44,52,122,95,110,109,118,97,120,110,128,152,121,128,170,,,,,,160,2000,40,37,48,67,88,67,75,84,75,89,111,139,155,185,166,209,,,,,,365
2010,2010-03-31,30360,303607,和歌山県,有田郡,gun_agg,,50045,1899,2140,2570,2558,2412,2467,2626,3046,2781,2936,3178,3614,3819,3115,3017,3062,,,,,,4805,23698,976,1122,1234,1339,1201,1229,1318,1531,1339,1415,1537,1798,1885,1414,1396,1331,,,,,,1633,26347,923,1018,1336,1219,1211,1238,1308,1515,1442,1521,1641,1816,1934,1701,1621,1731,,,,,,3172
2010,2010-03-31,30361,303615,和歌山県,有田郡湯浅町,town,30361,13887,516,541,685,650,680,708,769,907,765,756,864,1050,1213,938,824,814,,,,,,1207,6576,270,273,329,340,341,366,368,475,387,359,399,514,599,451,347,360,,,,,,398,7311,246,268,356,310,339,342,401,432,378,397,465,536,614,487,477,454,,,,,,809
2010,2010-03-31,30362,303623,和歌山県,有田郡広川町,town,30362,7874,310,344,381,427,362,388,438,524,417,479,497,623,691,511,444,393,,,,,,645,3700,152,177,169,228,178,198,209,265,198,228,245,306,339,238,204,172,,,,,,194,4174,158,167,212,199,184,190,229,259,219,251,252,317,352,273,240,221,,,,,,451
2010,2010-03-31,30366,303666,和歌山県,有田郡有田川町,town,30366,28284,1073,1255,1504,1481,1370,1371,1419,1615,1599,1701,1817,1941,1915,1666,1749,1855,,,,,,2953,13422,554,672,736,771,682,665,741,791,754,828,893,978,947,725,845,799,,,,,,1041,14862,519,583,768,710,688,706,678,824,845,873,924,963,968,941,904,1056,,,,,,1912
2010,2010-03-31,30380,303801,和歌山県,日高郡,gun_agg,,57503,2193,2617,2821,2996,2762,2658,2986,3363,3144,3332,3688,4214,4299,3673,3455,3590,,,,,,5712,27266,1127,1389,1436,1544,1453,1290,1511,1713,1472,1628,1847,2072,2103,1678,1579,1580,,,,,,1844,30237,1066,1228,1385,1452,1309,1368,1475,1650,1672,1704,1841,2142,2196,1995,1876,2010,,,,,,3868
2010,2010-03-31,30381,303810,和歌山県,日高郡美浜町,town,30381,8196,279,330,411,388,415,417,452,441,431,538,514,602,612,571,521,508,,,,,,766,3831,137,174,213,204,231,191,235,219,187,272,266,291,273,263,239,207,,,,,,229,4365,142,156,198,184,184,226,217,222,244,266,248,311,339,308,282,301,,,,,,537
2010,2010-03-31,30382,303828,和歌山県,日高郡日高町,town,30382,7786,368,415,417,378,323,357,456,492,464,413,473,560,542,501,452,447,,,,,,728,3692,179,236,210,191,172,175,227,241,214,202,233,278,255,221,204,214,,,,,,240,4094,189,179,207,187,151,182,229,251,250,211,240,282,287,280,248,233,,,,,,488
2010,2010-03-31,30383,303836,和歌山県,日高郡由良町,town,30383,6918,222,267,308,315,335,338,323,383,386,397,465,550,579,479,437,448,,,,,,686,3332,127,147,176,165,166,178,175,206,180,189,234,264,314,211,193,188,,,,,,219,3586,95,120,132,150,169,160,148,177,206,208,231,286,265,268,244,260,,,,,,467
2010,2010-03-31,30390,303909,和歌山県,日高郡印南町,town,30390,9244,335,399,391,507,442,408,468,527,440,505,596,680,759,630,573,599,,,,,,985,4393,186,197,198,277,246,200,228,259,207,248,288,328,389,287,264,264,,,,,,327,4851,149,202,193,230,196,208,240,268,233,257,308,352,370,343,309,335,,,,,,658
2010,2010-03-31,30391,303917,和歌山県,日高郡みなべ町,town,30391,14328,608,707,749,835,723,666,791,881,817,849,909,1015,1018,852,781,854,,,,,,1273,6852,307,367,364,429,373,314,406,468,399,414,436,522,475,414,360,392,,,,,,412,7476,301,340,385,406,350,352,385,413,418,435,473,493,543,438,421,462,,,,,,861
2010,2010-03-31,30392,303925,和歌山県,日高郡日高川町,town,30392,11031,381,499,545,573,524,472,496,639,606,630,731,807,789,640,691,734,,,,,,1274,5166,191,268,275,278,265,232,240,320,285,303,390,389,397,282,319,315,,,,,,417,5865,190,231,270,295,259,240,256,319,321,327,341,418,392,358,372,419,,,,,,857
2010,2010-03-31,30400,304000,和歌山県,西牟婁郡,gun_agg,,43828,1613,1795,2094,2037,1966,2010,2304,2857,2580,2642,2629,3176,3593,3101,2776,2594,,,,,,4061,20681,843,937,1070,999,959,1016,1181,1408,1287,1291,1316,1560,1698,1425,1260,1105,,,,,,1326,23147,770,858,1024,1038,1007,994,1123,1449,1293,1351,1313,1616,1895,1676,1516,1489,,,,,,2735
2010,2010-03-31,30401,304018,和歌山県,西牟婁郡白浜町,town,30401,23600,792,901,1025,1055,1028,1058,1170,1429,1322,1389,1381,1677,2081,1861,1601,1509,,,,,,2321,11007,409,457,536,498,509,529,601,711,666,674,698,802,970,848,727,632,,,,,,740,12593,383,444,489,557,519,529,569,718,656,715,683,875,1111,1013,874,877,,,,,,1581
2010,2010-03-31,30404,304042,和歌山県,西牟婁郡上富田町,town,30404,15239,696,744,869,784,751,816,951,1191,1008,983,963,1147,1115,813,756,659,,,,,,993,7303,360,390,426,397,359,416,487,572,491,474,479,579,523,381,345,277,,,,,,347,7936,336,354,443,387,392,400,464,619,517,509,484,568,592,432,411,382,,,,,,646
2010,2010-03-31,30406,304069,和歌山県,西牟婁郡すさみ町,town,30406,4989,125,150,200,198,187,136,183,237,250,270,285,352,397,427,419,426,,,,,,747,2371,74,90,108,104,91,71,93,125,130,143,139,179,205,196,188,196,,,,,,239,2618,51,60,92,94,96,65,90,112,120,127,146,173,192,231,231,230,,,,,,508
2010,2010-03-31,30420,304204,和歌山県,東牟婁郡,gun_agg,,44168,1219,1418,1808,1769,1539,1527,1838,2199,2192,2321,2685,3451,4160,3753,3380,3464,,,,,,5445,20470,644,737,883,867,788,789,949,1125,1083,1105,1351,1675,2012,1745,1508,1449,,,,,,1760,23698,575,681,925,902,751,738,889,1074,1109,1216,1334,1776,2148,2008,1872,2015,,,,,,3685
2010,2010-03-31,30421,304212,和歌山県,東牟婁郡那智勝浦町,town,30421,17745,536,619,761,756,624,638,809,941,956,990,1061,1390,1645,1571,1332,1269,,,,,,1847,8251,261,312,373,367,322,316,413,486,479,483,500,671,789,710,620,541,,,,,,608,9494,275,307,388,389,302,322,396,455,477,507,561,719,856,861,712,728,,,,,,1239
2010,2010-03-31,30422,304221,和歌山県,東牟婁郡太地町,town,30422,3491,70,117,156,172,131,111,128,182,172,183,213,253,301,267,279,293,,,,,,463,1578,42,60,76,86,63,56,60,89,79,72,108,123,145,118,130,122,,,,,,149,1913,28,57,80,86,68,55,68,93,93,111,105,130,156,149,149,171,,,,,,314
2010,2010-03-31,30424,304247,和歌山県,東牟婁郡古座川町,town,30424,3298,74,85,121,99,82,76,91,129,128,150,174,246,316,280,289,334,,,,,,624,1489,43,42,61,57,34,36,49,63,69,76,86,125,158,131,120,145,,,,,,194,1809,31,43,60,42,48,40,42,66,59,74,88,121,158,149,169,189,,,,,,430
2010,2010-03-31,30427,304271,和歌山県,東牟婁郡北山村,village,30427,504,9,11,16,28,10,9,11,21,26,36,28,25,32,46,49,66,,,,,,81,238,6,7,9,13,5,5,7,10,14,18,17,16,17,22,10,31,,,,,,31,266,3,4,7,15,5,4,4,11,12,18,11,9,15,24,39,35,,,,,,50
2010,2010-03-31,30428,304280,和歌山県,東牟婁郡串本町,town,30428,19130,530,586,754,714,692,693,799,926,910,962,1209,1537,1866,1589,1431,1502,,,,,,2430,8914,292,316,364,344,364,376,420,477,442,456,640,740,903,764,628,610,,,,,,778,10216,238,270,390,370,328,317,379,449,468,506,569,797,963,825,803,892,,,,,,1652
2010,2010-03-31,31000,310000,鳥取県,,pref,,595331,24720,26800,27990,30401,29186,31647,35757,38333,33235,34523,38828,44790,45759,36219,32869,32333,,,,,,51941,284641,12682,13638,14391,15469,15069,16177,18362,19487,16519,17006,19315,22548,22790,17054,14538,13294,,,,,,16302,310690,12038,13162,13599,14932,14117,15470,17395,18846,16716,17517,19513,22242,22969,19165,18331,19039,,,,,,35639
2010,2010-03-31,31201,312011,鳥取県,鳥取市,city,31201,195957,8730,9265,9296,10361,10799,11125,12550,13228,11604,11899,13103,14724,14266,10829,9883,9565,,,,,,14730,94424,4513,4687,4739,5250,5587,5698,6439,6766,5829,5831,6473,7421,7223,5042,4339,3909,,,,,,4678,101533,4217,4578,4557,5111,5212,5427,6111,6462,5775,6068,6630,7303,7043,5787,5544,5656,,,,,,10052
2010,2010-03-31,31202,312029,鳥取県,米子市,city,31202,148915,6916,7205,7356,7574,6904,8349,9975,10984,9180,8566,9004,10300,11480,9329,7783,6949,,,,,,11061,70800,3529,3700,3746,3851,3443,4154,5048,5535,4546,4159,4439,5004,5525,4372,3501,2848,,,,,,3400,78115,3387,3505,3610,3723,3461,4195,4927,5449,4634,4407,4565,5296,5955,4957,4282,4101,,,,,,7661
2010,2010-03-31,31203,312037,鳥取県,倉吉市,city,31203,50830,2136,2163,2364,2564,2275,2566,2983,3098,2700,2832,3291,3906,4058,3232,2860,2898,,,,,,4904,24019,1141,1104,1255,1309,1165,1276,1477,1564,1321,1367,1589,1961,1976,1550,1259,1197,,,,,,1508,26811,995,1059,1109,1255,1110,1290,1506,1534,1379,1465,1702,1945,2082,1682,1601,1701,,,,,,3396
2010,2010-03-31,31204,312045,鳥取県,境港市,city,31204,36108,1398,1575,1785,1854,1772,1896,2144,2408,2111,2184,2176,2571,2900,2441,2097,1975,,,,,,2821,17515,725,798,930,956,981,1020,1128,1221,1028,1119,1095,1310,1433,1136,926,822,,,,,,887,18593,673,777,855,898,791,876,1016,1187,1083,1065,1081,1261,1467,1305,1171,1153,,,,,,1934
2010,2010-03-31,31300,313009,鳥取県,岩美郡,gun_agg,,12922,403,520,525,670,669,674,647,653,586,758,941,1103,1010,755,768,825,,,,,,1415,6175,204,293,263,329,342,380,336,333,293,386,475,584,489,382,335,313,,,,,,438,6747,199,227,262,341,327,294,311,320,293,372,466,519,521,373,433,512,,,,,,977
2010,2010-03-31,31302,313025,鳥取県,岩美郡岩美町,town,31302,12922,403,520,525,670,669,674,647,653,586,758,941,1103,1010,755,768,825,,,,,,1415,6175,204,293,263,329,342,380,336,333,293,386,475,584,489,382,335,313,,,,,,438,6747,199,227,262,341,327,294,311,320,293,372,466,519,521,373,433,512,,,,,,977
2010,2010-03-31,31320,313203,鳥取県,八頭郡,gun_agg,,31724,980,1178,1418,1657,1572,1576,1455,1592,1447,1820,2245,2651,2388,1924,2072,2176,,,,,,3573,15202,500,600,742,874,830,815,776,830,703,892,1138,1420,1263,849,916,915,,,,,,1139,16522,480,578,676,783,742,761,679,762,744,928,1107,1231,1125,1075,1156,1261,,,,,,2434
2010,2010-03-31,31325,313254,鳥取県,八頭郡若桜町,town,31325,4072,84,101,151,193,201,143,140,179,146,225,286,315,307,310,325,352,,,,,,614,1921,46,55,92,102,104,76,75,100,71,105,148,170,150,140,135,142,,,,,,210,2151,38,46,59,91,97,67,65,79,75,120,138,145,157,170,190,210,,,,,,404
2010,2010-03-31,31328,313289,鳥取県,八頭郡智頭町,town,31328,8266,209,243,345,416,345,383,330,357,349,473,621,718,621,555,585,655,,,,,,1061,3925,100,131,174,219,195,193,185,189,165,232,330,396,323,239,261,257,,,,,,336,4341,109,112,171,197,150,190,145,168,184,241,291,322,298,316,324,398,,,,,,725
2010,2010-03-31,31329,313297,鳥取県,八頭郡八頭町,town,31329,19386,687,834,922,1048,1026,1050,985,1056,952,1122,1338,1618,1460,1059,1162,1169,,,,,,1898,9356,354,414,476,553,531,546,516,541,467,555,660,854,790,470,520,516,,,,,,593,10030,333,420,446,495,495,504,469,515,485,567,678,764,670,589,642,653,,,,,,1305
2010,2010-03-31,31360,313602,鳥取県,東伯郡,gun_agg,,60468,2391,2637,2764,3038,2787,2961,3188,3422,3016,3403,4166,4764,4714,3724,3482,3744,,,,,,6267,28860,1200,1348,1413,1529,1470,1546,1656,1753,1467,1699,2119,2391,2416,1769,1565,1568,,,,,,1951,31608,1191,1289,1351,1509,1317,1415,1532,1669,1549,1704,2047,2373,2298,1955,1917,2176,,,,,,4316
2010,2010-03-31,31364,313645,鳥取県,東伯郡三朝町,town,31364,7314,280,287,281,328,315,329,381,348,329,412,489,598,593,435,458,566,,,,,,885,3465,150,147,153,161,162,169,207,192,155,207,253,305,298,200,202,230,,,,,,274,3849,130,140,128,167,153,160,174,156,174,205,236,293,295,235,256,336,,,,,,611
2010,2010-03-31,31370,313700,鳥取県,東伯郡湯梨浜町,town,31370,17670,783,805,888,906,838,838,1001,1071,944,1063,1184,1308,1350,984,957,993,,,,,,1757,8497,406,418,460,452,442,422,513,552,447,529,618,660,710,467,436,424,,,,,,541,9173,377,387,428,454,396,416,488,519,497,534,566,648,640,517,521,569,,,,,,1216
2010,2010-03-31,31371,313718,鳥取県,東伯郡琴浦町,town,31371,19276,698,820,883,947,862,917,904,1046,993,1030,1327,1436,1483,1331,1174,1273,,,,,,2152,9130,328,415,444,479,453,487,474,519,506,522,668,727,763,628,513,544,,,,,,660,10146,370,405,439,468,409,430,430,527,487,508,659,709,720,703,661,729,,,,,,1492
2010,2010-03-31,31372,313726,鳥取県,東伯郡北栄町,town,31372,16208,630,725,712,857,772,877,902,957,750,898,1166,1422,1288,974,893,912,,,,,,1473,7768,316,368,356,437,413,468,462,490,359,441,580,699,645,474,414,370,,,,,,476,8440,314,357,356,420,359,409,440,467,391,457,586,723,643,500,479,542,,,,,,997
2010,2010-03-31,31380,313807,鳥取県,西伯郡,gun_agg,,45172,1499,1863,1998,2091,1935,2030,2383,2504,2106,2405,3026,3725,3906,3052,2791,2899,,,,,,4959,21469,740,926,1054,1086,992,1026,1255,1246,1087,1191,1524,1889,1950,1519,1222,1207,,,,,,1555,23703,759,937,944,1005,943,1004,1128,1258,1019,1214,1502,1836,1956,1533,1569,1692,,,,,,3404
2010,2010-03-31,31384,313840,鳥取県,西伯郡日吉津村,village,31384,3306,166,182,158,147,146,202,260,243,176,167,210,233,266,183,160,155,,,,,,252,1551,80,84,83,76,74,99,136,112,93,75,103,110,129,93,68,67,,,,,,69,1755,86,98,75,71,72,103,124,131,83,92,107,123,137,90,92,88,,,,,,183
2010,2010-03-31,31386,313866,鳥取県,西伯郡大山町,town,31386,18253,555,716,756,824,753,784,936,1023,813,943,1187,1476,1633,1244,1173,1255,,,,,,2182,8704,268,376,396,422,358,400,488,530,435,489,615,757,827,616,502,528,,,,,,697,9549,287,340,360,402,395,384,448,493,378,454,572,719,806,628,671,727,,,,,,1485
2010,2010-03-31,31389,313891,鳥取県,西伯郡南部町,town,31389,11786,414,533,550,534,486,492,649,680,582,634,770,977,1015,811,737,754,,,,,,1168,5559,211,249,287,274,271,241,342,332,292,308,379,484,494,404,330,313,,,,,,348,6227,203,284,263,260,215,251,307,348,290,326,391,493,521,407,407,441,,,,,,820
2010,2010-03-31,31390,313904,鳥取県,西伯郡伯耆町,town,31390,11827,364,432,534,586,550,552,538,558,535,661,859,1039,992,814,721,735,,,,,,1357,5655,181,217,288,314,289,286,289,272,267,319,427,538,500,406,322,299,,,,,,441,6172,183,215,246,272,261,266,249,286,268,342,432,501,492,408,399,436,,,,,,916
2010,2010-03-31,31400,314005,鳥取県,日野郡,gun_agg,,13235,267,394,484,592,473,470,432,444,485,656,876,1046,1037,933,1133,1302,,,,,,2211,6177,130,182,249,285,259,262,247,239,245,362,463,568,515,435,475,515,,,,,,746,7058,137,212,235,307,214,208,185,205,240,294,413,478,522,498,658,787,,,,,,1465
2010,2010-03-31,31401,314013,鳥取県,日野郡日南町,town,31401,5811,123,166,187,248,188,185,173,166,202,272,390,459,423,396,531,649,,,,,,1053,2699,62,78,87,124,103,113,101,90,104,148,218,254,215,173,218,247,,,,,,364,3112,61,88,100,124,85,72,72,76,98,124,172,205,208,223,313,402,,,,,,689
2010,2010-03-31,31402,314021,鳥取県,日野郡日野町,town,31402,3873,72,120,141,149,140,133,132,153,133,203,249,310,362,298,315,342,,,,,,621,1816,35,48,71,73,78,75,74,88,67,117,124,170,172,142,129,148,,,,,,205,2057,37,72,70,76,62,58,58,65,66,86,125,140,190,156,186,194,,,,,,416
2010,2010-03-31,31403,314030,鳥取県,日野郡江府町,town,31403,3551,72,108,156,195,145,152,127,125,150,181,237,277,252,239,287,311,,,,,,537,1662,33,56,91,88,78,74,72,61,74,97,121,144,128,120,128,120,,,,,,177,1889,39,52,65,107,67,78,55,64,76,84,116,133,124,119,159,191,,,,,,360
2010,2010-03-31,32000,320005,島根県,,pref,,723182,28890,31459,33407,35391,32179,34028,40233,43791,38084,40314,45283,53932,58013,45640,44224,45230,,,,,,73084,345066,14722,16134,17101,17979,16397,17360,20925,22378,19041,19998,22954,27437,29300,21278,19536,19046,,,,,,23480,378116,14168,15325,16306,17412,15782,16668,19308,21413,19043,20316,22329,26495,28713,24362,24688,26184,,,,,,49604
2010,2010-03-31,32201,322016,島根県,松江市,city,32201,192049,8367,8586,9368,10094,9873,10192,11673,13156,11714,11822,11996,13440,14543,11724,10420,9980,,,,,,15101,91945,4205,4445,4825,5245,5037,5113,5960,6683,5756,5762,5970,6819,7086,5356,4656,4185,,,,,,4842,100104,4162,4141,4543,4849,4836,5079,5713,6473,5958,6060,6026,6621,7457,6368,5764,5795,,,,,,10259
2010,2010-03-31,32202,322024,島根県,浜田市,city,32202,59476,2254,2454,2485,2743,2301,2593,3029,3479,3063,3313,3758,4536,4976,4020,3891,4036,,,,,,6545,28235,1140,1251,1283,1407,1198,1309,1596,1785,1598,1652,2028,2264,2502,1890,1645,1650,,,,,,2037,31241,1114,1203,1202,1336,1103,1284,1433,1694,1465,1661,1730,2272,2474,2130,2246,2386,,,,,,4508
2010,2010-03-31,32203,322032,島根県,出雲市,city,32203,145776,6440,6966,7155,7419,7004,7540,9004,9430,8064,8205,8934,10748,11290,8546,8284,8318,,,,,,12429,70056,3330,3467,3642,3779,3509,3777,4652,4835,4041,4041,4473,5378,5788,4042,3723,3567,,,,,,4012,75720,3110,3499,3513,3640,3495,3763,4352,4595,4023,4164,4461,5370,5502,4504,4561,4751,,,,,,8417
2010,2010-03-31,32204,322041,島根県,益田市,city,32204,50880,1993,2163,2321,2367,1916,2039,2706,2833,2339,2708,3388,4134,4429,3461,3332,3533,,,,,,5218,23960,1029,1106,1198,1180,966,1032,1384,1411,1177,1295,1676,2073,2210,1536,1469,1502,,,,,,1716,26920,964,1057,1123,1187,950,1007,1322,1422,1162,1413,1712,2061,2219,1925,1863,2031,,,,,,3502
2010,2010-03-31,32205,322059,島根県,大田市,city,32205,39330,1362,1534,1571,1774,1605,1665,1811,1909,1781,2083,2613,3019,3280,2602,2611,2894,,,,,,5216,18481,722,784,808,878,822,871,953,962,894,1036,1323,1575,1683,1237,1087,1187,,,,,,1659,20849,640,750,763,896,783,794,858,947,887,1047,1290,1444,1597,1365,1524,1707,,,,,,3557
2010,2010-03-31,32206,322067,島根県,安来市,city,32206,42878,1647,1900,1950,1976,1872,2002,2396,2629,2098,2288,2534,3137,3659,2820,2848,2615,,,,,,4507,20481,854,972,991,969,959,1042,1246,1366,1083,1154,1310,1575,1847,1331,1298,1081,,,,,,1403,22397,793,928,959,1007,913,960,1150,1263,1015,1134,1224,1562,1812,1489,1550,1534,,,,,,3104
2010,2010-03-31,32207,322075,島根県,江津市,city,32207,26242,893,1035,1112,1227,949,1004,1338,1376,1203,1419,1708,2073,2231,1741,1778,1933,,,,,,3222,12181,463,537,563,643,446,512,721,694,570,712,867,1027,1167,795,762,730,,,,,,972,14061,430,498,549,584,503,492,617,682,633,707,841,1046,1064,946,1016,1203,,,,,,2250
2010,2010-03-31,32209,322091,島根県,雲南市,city,32209,43578,1516,1754,1931,2047,1821,2002,2293,2259,2030,2258,2734,3430,3513,2639,2827,3148,,,,,,5376,20967,759,925,972,1052,935,1019,1221,1160,1013,1158,1383,1822,1829,1256,1269,1354,,,,,,1840,22611,757,829,959,995,886,983,1072,1099,1017,1100,1351,1608,1684,1383,1558,1794,,,,,,3536
2010,2010-03-31,32300,323004,島根県,八束郡,gun_agg,,14677,772,901,844,712,643,827,1054,1225,937,819,754,931,1071,902,800,636,,,,,,849,7107,396,456,443,343,308,417,537,602,482,426,394,448,517,420,363,299,,,,,,256,7570,376,445,401,369,335,410,517,623,455,393,360,483,554,482,437,337,,,,,,593
2010,2010-03-31,32304,323047,島根県,八束郡東出雲町,town,32304,14677,772,901,844,712,643,827,1054,1225,937,819,754,931,1071,902,800,636,,,,,,849,7107,396,456,443,343,308,417,537,602,482,426,394,448,517,420,363,299,,,,,,256,7570,376,445,401,369,335,410,517,623,455,393,360,483,554,482,437,337,,,,,,593
2010,2010-03-31,32340,323403,島根県,仁多郡,gun_agg,,14948,439,535,686,767,652,534,592,666,610,714,981,1213,1175,979,1067,1178,,,,,,2160,7200,207,290,353,375,355,309,322,351,316,348,517,663,610,462,497,513,,,,,,712,7748,232,245,333,392,297,225,270,315,294,366,464,550,565,517,570,665,,,,,,1448
2010,2010-03-31,32343,323438,島根県,仁多郡奥出雲町,town,32343,14948,439,535,686,767,652,534,592,666,610,714,981,1213,1175,979,1067,1178,,,,,,2160,7200,207,290,353,375,355,309,322,351,316,348,517,663,610,462,497,513,,,,,,712,7748,232,245,333,392,297,225,270,315,294,366,464,550,565,517,570,665,,,,,,1448
2010,2010-03-31,32380,323802,島根県,飯石郡,gun_agg,,5658,174,203,204,282,204,177,228,250,184,291,362,443,451,341,443,514,,,,,,907,2677,89,104,113,130,107,99,121,140,81,155,199,238,228,154,198,217,,,,,,304,2981,85,99,91,152,97,78,107,110,103,136,163,205,223,187,245,297,,,,,,603
2010,2010-03-31,32386,323861,島根県,飯石郡飯南町,town,32386,5658,174,203,204,282,204,177,228,250,184,291,362,443,451,341,443,514,,,,,,907,2677,89,104,113,130,107,99,121,140,81,155,199,238,228,154,198,217,,,,,,304,2981,85,99,91,152,97,78,107,110,103,136,163,205,223,187,245,297,,,,,,603
2010,2010-03-31,32400,324001,島根県,簸川郡,gun_agg,,27937,1174,1424,1500,1471,1402,1396,1689,1909,1712,1666,1696,1998,2066,1589,1560,1504,,,,,,2181,13614,587,739,743,743,712,747,921,999,847,840,842,1010,1055,780,714,643,,,,,,692,14323,587,685,757,728,690,649,768,910,865,826,854,988,1011,809,846,861,,,,,,1489
2010,2010-03-31,32401,324019,島根県,簸川郡斐川町,town,32401,27937,1174,1424,1500,1471,1402,1396,1689,1909,1712,1666,1696,1998,2066,1589,1560,1504,,,,,,2181,13614,587,739,743,743,712,747,921,999,847,840,842,1010,1055,780,714,643,,,,,,692,14323,587,685,757,728,690,649,768,910,865,826,854,988,1011,809,846,861,,,,,,1489
2010,2010-03-31,32440,324400,島根県,邑智郡,gun_agg,,21769,686,717,787,880,700,694,864,1006,828,925,1275,1651,1856,1577,1545,1880,,,,,,3898,10199,340,390,411,425,381,375,465,532,403,488,652,854,986,741,654,822,,,,,,1280,11570,346,327,376,455,319,319,399,474,425,437,623,797,870,836,891,1058,,,,,,2618
2010,2010-03-31,32441,324418,島根県,邑智郡川本町,town,32441,3908,119,122,138,139,121,136,164,186,161,175,218,310,321,304,280,348,,,,,,666,1840,57,72,82,60,67,69,93,99,70,104,109,169,167,141,115,162,,,,,,204,2068,62,50,56,79,54,67,71,87,91,71,109,141,154,163,165,186,,,,,,462
2010,2010-03-31,32448,324485,島根県,邑智郡美郷町,town,32448,5615,192,167,200,219,169,180,202,240,182,212,331,428,498,424,411,502,,,,,,1058,2625,98,91,102,109,98,103,105,131,86,110,176,227,256,209,168,201,,,,,,355,2990,94,76,98,110,71,77,97,109,96,102,155,201,242,215,243,301,,,,,,703
2010,2010-03-31,32449,324493,島根県,邑智郡邑南町,town,32449,12246,375,428,449,522,410,378,498,580,485,538,726,913,1037,849,854,1030,,,,,,2174,5734,185,227,227,256,216,203,267,302,247,274,367,458,563,391,371,459,,,,,,721,6512,190,201,222,266,194,175,231,278,238,264,359,455,474,458,483,571,,,,,,1453
2010,2010-03-31,32500,325007,島根県,鹿足郡,gun_agg,,15755,428,476,623,662,513,499,571,679,625,749,1044,1256,1391,1130,1261,1417,,,,,,2431,7363,220,249,325,332,279,266,307,353,325,367,536,666,689,516,511,613,,,,,,809,8392,208,227,298,330,234,233,264,326,300,382,508,590,702,614,750,804,,,,,,1622
2010,2010-03-31,32501,325015,島根県,鹿足郡津和野町,town,32501,8758,218,239,320,346,284,267,306,372,329,416,591,717,767,649,746,847,,,,,,1344,4072,117,123,172,182,155,141,163,196,177,193,296,382,366,288,307,361,,,,,,453,4686,101,116,148,164,129,126,143,176,152,223,295,335,401,361,439,486,,,,,,891
2010,2010-03-31,32505,325058,島根県,鹿足郡吉賀町,town,32505,6997,210,237,303,316,229,232,265,307,296,333,453,539,624,481,515,570,,,,,,1087,3291,103,126,153,150,124,125,144,157,148,174,240,284,323,228,204,252,,,,,,356,3706,107,111,150,166,105,107,121,150,148,159,213,255,301,253,311,318,,,,,,731
2010,2010-03-31,32520,325201,島根県,隠岐郡,gun_agg,,22229,745,811,870,970,724,864,985,985,896,1054,1506,1923,2082,1569,1557,1644,,,,,,3044,10600,381,419,431,478,383,472,519,505,455,564,784,1025,1103,762,690,683,,,,,,946,11629,364,392,439,492,341,392,466,480,441,490,722,898,979,807,867,961,,,,,,2098
2010,2010-03-31,32525,325252,島根県,隠岐郡海士町,town,32525,2378,71,80,93,97,73,72,92,95,86,98,173,203,221,178,188,209,,,,,,349,1129,38,32,50,50,31,39,49,54,40,56,92,103,120,82,87,87,,,,,,119,1249,33,48,43,47,42,33,43,41,46,42,81,100,101,96,101,122,,,,,,230
2010,2010-03-31,32526,325261,島根県,隠岐郡西ノ島町,town,32526,3281,81,94,124,97,92,125,134,143,104,116,245,335,329,254,237,253,,,,,,518,1579,49,49,69,47,53,84,69,63,52,60,116,175,183,133,105,112,,,,,,160,1702,32,45,55,50,39,41,65,80,52,56,129,160,146,121,132,141,,,,,,358
2010,2010-03-31,32527,325279,島根県,隠岐郡知夫村,village,32527,640,20,26,23,24,13,15,18,16,27,25,33,45,66,64,58,51,,,,,,116,307,10,10,15,14,12,10,9,7,15,14,17,25,33,36,27,24,,,,,,29,333,10,16,8,10,1,5,9,9,12,11,16,20,33,28,31,27,,,,,,87
2010,2010-03-31,32528,325287,島根県,隠岐郡隠岐の島町,town,32528,15930,573,611,630,752,546,652,741,731,679,815,1055,1340,1466,1073,1074,1131,,,,,,2061,7585,284,328,297,367,287,339,392,381,348,434,559,722,767,511,471,460,,,,,,638,8345,289,283,333,385,259,313,349,350,331,381,496,618,699,562,603,671,,,,,,1423
2010,2010-03-31,33000,330001,岡山県,,pref,,1939449,84223,90612,94498,94242,100669,107657,121931,141368,116613,109289,114371,130714,153417,128171,106161,98862,,,,,,146651,935420,43699,46517,48381,48327,50705,54214,61832,71431,58239,54181,56809,65032,75271,61234,48558,42494,,,,,,48496,1004029,40524,44095,46117,45915,49964,53443,60099,69937,58374,55108,57562,65682,78146,66937,57603,56368,,,,,,98155
2010,2010-03-31,33100,331007,岡山県,岡山市,city_agg,,688996,32816,33797,34463,33246,37823,42241,48338,55803,45462,41437,40547,43477,51749,42373,33170,30360,,,,,,41894,331315,16887,17258,17691,17072,18649,20849,24131,27950,22467,20441,20010,21482,24976,20060,14872,12716,,,,,,13804,357681,15929,16539,16772,16174,19174,21392,24207,27853,22995,20996,20537,21995,26773,22313,18298,17644,,,,,,28090
2010,2010-03-31,33101,331015,岡山県,岡山市北区,ward,33100,281252,13181,13227,13222,12981,16651,18316,20231,22899,18950,16951,16425,17165,20011,16605,13166,12700,,,,,,18571,135180,6767,6742,6826,6692,8221,9050,10163,11490,9453,8429,8155,8571,9676,7846,5807,5218,,,,,,6074,146072,6414,6485,6396,6289,8430,9266,10068,11409,9497,8522,8270,8594,10335,8759,7359,7482,,,,,,12497
2010,2010-03-31,33102,331023,岡山県,岡山市中区,ward,33100,141139,7280,7110,7210,6894,7373,8673,10027,11645,9447,8555,8274,8817,10559,8576,6738,6114,,,,,,7847,66911,3750,3600,3584,3490,3546,4182,4910,5702,4621,4156,4041,4270,5028,3998,2967,2511,,,,,,2555,74228,3530,3510,3626,3404,3827,4491,5117,5943,4826,4399,4233,4547,5531,4578,3771,3603,,,,,,5292
2010,2010-03-31,33103,331031,岡山県,岡山市東区,ward,33100,98069,4063,4749,5208,4931,5001,5144,6026,7190,5940,5775,5879,6395,7943,6888,5288,4853,,,,,,6796,46946,2070,2439,2689,2570,2516,2583,3022,3579,2877,2812,2884,3106,3800,3258,2436,2083,,,,,,2222,51123,1993,2310,2519,2361,2485,2561,3004,3611,3063,2963,2995,3289,4143,3630,2852,2770,,,,,,4574
2010,2010-03-31,33104,331040,岡山県,岡山市南区,ward,33100,168536,8292,8711,8823,8440,8798,10108,12054,14069,11125,10156,9969,11100,13236,10304,7978,6693,,,,,,8680,82278,4300,4477,4592,4320,4366,5034,6036,7179,5516,5044,4930,5535,6472,4958,3662,2904,,,,,,2953,86258,3992,4234,4231,4120,4432,5074,6018,6890,5609,5112,5039,5565,6764,5346,4316,3789,,,,,,5727
2010,2010-03-31,33202,332020,岡山県,倉敷市,city,33202,474147,22858,23910,24782,23161,25244,28371,31857,38158,30504,26388,26454,31062,37429,31895,24753,20459,,,,,,26862,231962,11858,12238,12811,12028,12758,14318,16024,19362,15398,13212,13173,15494,18246,15361,11789,9093,,,,,,8799,242185,11000,11672,11971,11133,12486,14053,15833,18796,15106,13176,13281,15568,19183,16534,12964,11366,,,,,,18063
2010,2010-03-31,33203,332038,岡山県,津山市,city,33203,107412,4978,5292,5285,5525,5453,5665,6629,7310,6176,6021,6610,7349,8196,6446,5894,5605,,,,,,8978,51278,2610,2712,2685,2748,2755,2857,3374,3714,3136,2954,3259,3589,4028,3048,2630,2310,,,,,,2869,56134,2368,2580,2600,2777,2698,2808,3255,3596,3040,3067,3351,3760,4168,3398,3264,3295,,,,,,6109
2010,2010-03-31,33204,332046,岡山県,玉野市,city,33204,65845,2112,2461,2864,3036,3243,3430,3487,4333,3458,3421,3734,4994,6196,5377,4250,3743,,,,,,5706,32090,1136,1277,1478,1603,1774,1854,1859,2218,1694,1684,1816,2534,3049,2598,1991,1571,,,,,,1954,33755,976,1184,1386,1433,1469,1576,1628,2115,1764,1737,1918,2460,3147,2779,2259,2172,,,,,,3752
2010,2010-03-31,33205,332054,岡山県,笠岡市,city,33205,54728,1805,2090,2539,2787,2696,2473,2662,3306,3103,3182,3443,3906,4404,3900,3417,3462,,,,,,5553,26053,929,1059,1293,1429,1357,1280,1379,1637,1542,1596,1718,1980,2170,1841,1584,1450,,,,,,1809,28675,876,1031,1246,1358,1339,1193,1283,1669,1561,1586,1725,1926,2234,2059,1833,2012,,,,,,3744
2010,2010-03-31,33207,332071,岡山県,井原市,city,33207,44872,1512,1920,2098,2144,2024,1862,2354,2665,2524,2403,2731,3224,3517,3227,2879,2902,,,,,,4886,21533,788,1015,1033,1084,1053,983,1234,1331,1295,1200,1373,1630,1765,1522,1326,1284,,,,,,1617,23339,724,905,1065,1060,971,879,1120,1334,1229,1203,1358,1594,1752,1705,1553,1618,,,,,,3269
2010,2010-03-31,33208,332089,岡山県,総社市,city,33208,66486,3001,3283,3294,3391,3737,3644,4203,4815,3835,3667,4052,4617,5504,4266,3322,3176,,,,,,4679,32226,1579,1699,1648,1712,1893,1861,2161,2421,1970,1778,1998,2238,2714,2092,1546,1402,,,,,,1514,34260,1422,1584,1646,1679,1844,1783,2042,2394,1865,1889,2054,2379,2790,2174,1776,1774,,,,,,3165
2010,2010-03-31,33209,332097,岡山県,高梁市,city,33209,34482,1070,1205,1272,1635,1618,1478,1509,1611,1437,1762,2129,2622,2627,2288,2483,2746,,,,,,4990,16310,577,633,639,850,844,762,765,843,727,916,1067,1409,1347,1028,1080,1151,,,,,,1672,18172,493,572,633,785,774,716,744,768,710,846,1062,1213,1280,1260,1403,1595,,,,,,3318
2010,2010-03-31,33210,332101,岡山県,新見市,city,33210,34432,1126,1363,1388,1626,1520,1357,1513,1613,1446,1840,2257,2610,2664,2281,2535,2755,,,,,,4538,16444,618,727,705,786,793,726,811,848,711,920,1154,1382,1328,1065,1088,1187,,,,,,1595,17988,508,636,683,840,727,631,702,765,735,920,1103,1228,1336,1216,1447,1568,,,,,,2943
2010,2010-03-31,33211,332119,岡山県,備前市,city,33211,39038,1165,1519,1753,1938,1917,1830,1944,2292,2189,2172,2253,2817,3281,3170,2825,2450,,,,,,3523,18678,619,790,878,999,975,946,1021,1200,1078,1087,1119,1418,1572,1489,1279,1098,,,,,,1110,20360,546,729,875,939,942,884,923,1092,1111,1085,1134,1399,1709,1681,1546,1352,,,,,,2413
2010,2010-03-31,33212,332127,岡山県,瀬戸内市,city,33212,39092,1296,1713,1879,2013,1825,1725,2146,2659,2248,2186,2377,2675,3370,2841,2316,2157,,,,,,3666,18655,664,846,965,1020,898,839,1104,1336,1118,1076,1180,1285,1640,1396,1067,943,,,,,,1278,20437,632,867,914,993,927,886,1042,1323,1130,1110,1197,1390,1730,1445,1249,1214,,,,,,2388
2010,2010-03-31,33213,332135,岡山県,赤磐市,city,33213,44921,1723,2158,2232,2246,2182,2201,2657,3028,2306,2393,2722,3377,4098,3248,2549,2264,,,,,,3537,21492,875,1127,1112,1116,1086,1082,1341,1528,1085,1141,1329,1591,2038,1642,1199,1020,,,,,,1180,23429,848,1031,1120,1130,1096,1119,1316,1500,1221,1252,1393,1786,2060,1606,1350,1244,,,,,,2357
2010,2010-03-31,33214,332143,岡山県,真庭市,city,33214,51164,1885,2111,2293,2370,2299,2295,2577,2532,2292,2681,3242,4026,4030,3216,3380,3718,,,,,,6217,24393,978,1079,1161,1217,1210,1166,1375,1302,1174,1333,1631,2040,2086,1472,1499,1600,,,,,,2070,26771,907,1032,1132,1153,1089,1129,1202,1230,1118,1348,1611,1986,1944,1744,1881,2118,,,,,,4147
2010,2010-03-31,33215,332151,岡山県,美作市,city,33215,31859,1068,1199,1313,1494,1425,1339,1548,1603,1435,1591,1985,2398,2558,2033,2172,2420,,,,,,4278,15137,569,586,680,798,728,706,801,830,724,785,1023,1218,1311,960,946,1036,,,,,,1436,16722,499,613,633,696,697,633,747,773,711,806,962,1180,1247,1073,1226,1384,,,,,,2842
2010,2010-03-31,33216,332160,岡山県,浅口市,city,33216,37273,1281,1513,1664,1729,1781,1830,1982,2361,2077,1947,2182,2552,3366,3025,2411,2146,,,,,,3426,18113,685,792,854,853,906,950,1040,1198,1067,1010,1105,1218,1692,1492,1156,920,,,,,,1175,19160,596,721,810,876,875,880,942,1163,1010,937,1077,1334,1674,1533,1255,1226,,,,,,2251
2010,2010-03-31,33340,333409,岡山県,和気郡,gun_agg,,15739,468,626,660,699,701,666,825,942,827,783,890,1164,1478,1258,1065,984,,,,,,1703,7487,235,322,342,361,363,340,430,493,405,372,444,563,758,597,498,424,,,,,,540,8252,233,304,318,338,338,326,395,449,422,411,446,601,720,661,567,560,,,,,,1163
2010,2010-03-31,33346,333468,岡山県,和気郡和気町,town,33346,15739,468,626,660,699,701,666,825,942,827,783,890,1164,1478,1258,1065,984,,,,,,1703,7487,235,322,342,361,363,340,430,493,405,372,444,563,758,597,498,424,,,,,,540,8252,233,304,318,338,338,326,395,449,422,411,446,601,720,661,567,560,,,,,,1163
2010,2010-03-31,33420,334201,岡山県,都窪郡,gun_agg,,12281,676,648,642,516,555,702,842,1055,736,612,644,779,1053,866,627,566,,,,,,762,5940,365,353,324,249,261,333,417,510,397,289,303,382,509,413,310,252,,,,,,273,6341,311,295,318,267,294,369,425,545,339,323,341,397,544,453,317,314,,,,,,489
2010,2010-03-31,33423,334235,岡山県,都窪郡早島町,town,33423,12281,676,648,642,516,555,702,842,1055,736,612,644,779,1053,866,627,566,,,,,,762,5940,365,353,324,249,261,333,417,510,397,289,303,382,509,413,310,252,,,,,,273,6341,311,295,318,267,294,369,425,545,339,323,341,397,544,453,317,314,,,,,,489
2010,2010-03-31,33440,334405,岡山県,浅口郡,gun_agg,,11037,479,519,513,559,557,553,640,808,658,579,673,763,904,798,626,604,,,,,,804,5293,237,263,271,257,281,272,326,405,336,284,317,383,421,393,306,255,,,,,,286,5744,242,256,242,302,276,281,314,403,322,295,356,380,483,405,320,349,,,,,,518
2010,2010-03-31,33445,334456,岡山県,浅口郡里庄町,town,33445,11037,479,519,513,559,557,553,640,808,658,579,673,763,904,798,626,604,,,,,,804,5293,237,263,271,257,281,272,326,405,336,284,317,383,421,393,306,255,,,,,,286,5744,242,256,242,302,276,281,314,403,322,295,356,380,483,405,320,349,,,,,,518
2010,2010-03-31,33460,334600,岡山県,小田郡,gun_agg,,15581,481,595,705,703,685,685,763,886,825,759,942,1097,1332,1178,1004,1096,,,,,,1845,7438,226,326,362,372,353,344,410,466,401,380,480,547,648,579,458,490,,,,,,596,8143,255,269,343,331,332,341,353,420,424,379,462,550,684,599,546,606,,,,,,1249
2010,2010-03-31,33461,334618,岡山県,小田郡矢掛町,town,33461,15581,481,595,705,703,685,685,763,886,825,759,942,1097,1332,1178,1004,1096,,,,,,1845,7438,226,326,362,372,353,344,410,466,401,380,480,547,648,579,458,490,,,,,,596,8143,255,269,343,331,332,341,353,420,424,379,462,550,684,599,546,606,,,,,,1249
2010,2010-03-31,33580,335801,岡山県,真庭郡,gun_agg,,1043,30,42,45,45,32,32,41,47,46,57,72,63,74,75,75,100,,,,,,167,493,15,23,19,27,18,15,24,22,24,32,41,31,39,39,28,39,,,,,,57,550,15,19,26,18,14,17,17,25,22,25,31,32,35,36,47,61,,,,,,110
2010,2010-03-31,33586,335860,岡山県,真庭郡新庄村,village,33586,1043,30,42,45,45,32,32,41,47,46,57,72,63,74,75,75,100,,,,,,167,493,15,23,19,27,18,15,24,22,24,32,41,31,39,39,28,39,,,,,,57,550,15,19,26,18,14,17,17,25,22,25,31,32,35,36,47,61,,,,,,110
2010,2010-03-31,33600,336009,岡山県,苫田郡,gun_agg,,14390,529,555,612,638,676,701,731,746,584,612,1015,1089,1154,932,896,1096,,,,,,1824,6871,286,285,323,334,331,359,395,366,298,300,495,560,611,460,389,465,,,,,,614,7519,243,270,289,304,345,342,336,380,286,312,520,529,543,472,507,631,,,,,,1210
2010,2010-03-31,33606,336068,岡山県,苫田郡鏡野町,town,33606,14390,529,555,612,638,676,701,731,746,584,612,1015,1089,1154,932,896,1096,,,,,,1824,6871,286,285,323,334,331,359,395,366,298,300,495,560,611,460,389,465,,,,,,614,7519,243,270,289,304,345,342,336,380,286,312,520,529,543,472,507,631,,,,,,1210
2010,2010-03-31,33620,336203,岡山県,勝田郡,gun_agg,,17855,775,764,792,932,1045,1035,1039,1015,846,948,1124,1292,1360,1033,975,1067,,,,,,1813,8621,400,404,380,455,587,553,533,521,400,478,566,635,710,496,427,484,,,,,,592,9234,375,360,412,477,458,482,506,494,446,470,558,657,650,537,548,583,,,,,,1221
2010,2010-03-31,33622,336220,岡山県,勝田郡勝央町,town,33622,11480,538,492,501,585,641,666,721,691,557,642,736,828,837,649,633,673,,,,,,1090,5514,284,262,251,286,319,338,368,365,254,322,364,410,441,306,276,301,,,,,,367,5966,254,230,250,299,322,328,353,326,303,320,372,418,396,343,357,372,,,,,,723
2010,2010-03-31,33623,336238,岡山県,勝田郡奈義町,town,33623,6375,237,272,291,347,404,369,318,324,289,306,388,464,523,384,342,394,,,,,,723,3107,116,142,129,169,268,215,165,156,146,156,202,225,269,190,151,183,,,,,,225,3268,121,130,162,178,136,154,153,168,143,150,186,239,254,194,191,211,,,,,,498
2010,2010-03-31,33640,336408,岡山県,英田郡,gun_agg,,1599,61,52,59,82,75,90,75,65,65,89,109,137,116,72,92,153,,,,,,207,748,29,27,29,36,39,54,40,32,29,41,59,71,63,30,40,58,,,,,,71,851,32,25,30,46,36,36,35,33,36,48,50,66,53,42,52,95,,,,,,136
2010,2010-03-31,33643,336432,岡山県,英田郡西粟倉村,village,33643,1599,61,52,59,82,75,90,75,65,65,89,109,137,116,72,92,153,,,,,,207,748,29,27,29,36,39,54,40,32,29,41,59,71,63,30,40,58,,,,,,71,851,32,25,30,46,36,36,35,33,36,48,50,66,53,42,52,95,,,,,,136
2010,2010-03-31,33660,336602,岡山県,久米郡,gun_agg,,21872,666,836,846,953,898,932,994,1107,961,1080,1332,1642,1892,1527,1562,1772,,,,,,2872,10451,338,438,444,481,472,485,526,588,483,533,689,845,979,758,678,784,,,,,,930,11421,328,398,402,472,426,447,468,519,478,547,643,797,913,769,884,988,,,,,,1942
2010,2010-03-31,33663,336637,岡山県,久米郡久米南町,town,33663,5521,138,196,210,222,221,197,205,231,214,296,335,430,521,433,393,478,,,,,,801,2642,59,100,107,109,119,105,106,116,111,143,167,231,275,216,161,233,,,,,,284,2879,79,96,103,113,102,92,99,115,103,153,168,199,246,217,232,245,,,,,,517
2010,2010-03-31,33666,336661,岡山県,久米郡美咲町,town,33666,16351,528,640,636,731,677,735,789,876,747,784,997,1212,1371,1094,1169,1294,,,,,,2071,7809,279,338,337,372,353,380,420,472,372,390,522,614,704,542,517,551,,,,,,646,8542,249,302,299,359,324,355,369,404,375,394,475,598,667,552,652,743,,,,,,1425
2010,2010-03-31,33680,336807,岡山県,加賀郡,gun_agg,,13305,362,441,505,774,658,520,575,608,573,679,852,982,1065,846,883,1061,,,,,,1921,6399,196,238,254,440,321,280,311,310,280,339,460,507,571,403,372,462,,,,,,655,6906,166,203,251,334,337,240,264,298,293,340,392,475,494,443,511,599,,,,,,1266
2010,2010-03-31,33681,336815,岡山県,加賀郡吉備中央町,town,33681,13305,362,441,505,774,658,520,575,608,573,679,852,982,1065,846,883,1061,,,,,,1921,6399,196,238,254,440,321,280,311,310,280,339,460,507,571,403,372,462,,,,,,655,6906,166,203,251,334,337,240,264,298,293,340,392,475,494,443,511,599,,,,,,1266
2010,2010-03-31,34000,340006,広島県,,pref,,2856308,126957,131544,136134,138579,147350,159482,185123,218943,183291,166241,168563,197413,227639,188115,151221,131223,,,,,,198490,1382471,65098,67520,69630,71189,75718,81075,93653,110562,91880,82739,83569,98122,111932,89438,69278,55322,,,,,,65746,1473837,61859,64024,66504,67390,71632,78407,91470,108381,91411,83502,84994,99291,115707,98677,81943,75901,,,,,,132744
2010,2010-03-31,34100,341002,広島県,広島市,city_agg,,1157495,55876,56808,57192,56416,63540,71483,84026,100229,82965,71491,67399,75858,88286,70725,53511,42110,,,,,,59580,561372,28510,29047,29213,28885,31956,35462,41680,49960,41612,35554,33255,37378,43239,33578,24839,17704,,,,,,19500,596123,27366,27761,27979,27531,31584,36021,42346,50269,41353,35937,34144,38480,45047,37147,28672,24406,,,,,,40080
2010,2010-03-31,34101,341011,広島県,広島市中区,ward,34100,123047,4887,4466,4327,4647,7205,9109,9656,10658,8901,7682,7604,8203,9312,7438,5910,5210,,,,,,7832,56898,2507,2316,2176,2335,3209,4275,4537,5132,4350,3768,3721,4055,4488,3283,2445,1948,,,,,,2353,66149,2380,2150,2151,2312,3996,4834,5119,5526,4551,3914,3883,4148,4824,4155,3465,3262,,,,,,5479
2010,2010-03-31,34102,341029,広島県,広島市東区,ward,34100,119758,5556,5717,6290,6226,6257,6675,7733,9696,8712,8037,7357,7886,9169,7596,5796,4655,,,,,,6400,57701,2812,2934,3222,3193,3015,3239,3822,4834,4313,3903,3654,3941,4482,3587,2733,1907,,,,,,2110,62057,2744,2783,3068,3033,3242,3436,3911,4862,4399,4134,3703,3945,4687,4009,3063,2748,,,,,,4290
2010,2010-03-31,34103,341037,広島県,広島市南区,ward,34100,135768,6030,6161,6218,6417,8404,8404,9646,11685,9819,8664,7943,8578,10124,8062,6426,5443,,,,,,7744,66596,3057,3178,3141,3297,4689,4272,4820,5902,4944,4382,4021,4405,5089,3806,2879,2228,,,,,,2486,69172,2973,2983,3077,3120,3715,4132,4826,5783,4875,4282,3922,4173,5035,4256,3547,3215,,,,,,5258
2010,2010-03-31,34104,341045,広島県,広島市西区,ward,34100,182207,8908,8860,8817,8516,10275,12382,14238,16486,13802,11899,10664,11630,12674,9840,7807,6324,,,,,,9085,88137,4485,4485,4554,4383,5077,6228,7023,8149,6925,5892,5207,5850,6224,4585,3474,2592,,,,,,3004,94070,4423,4375,4263,4133,5198,6154,7215,8337,6877,6007,5457,5780,6450,5255,4333,3732,,,,,,6081
2010,2010-03-31,34105,341053,広島県,広島市安佐南区,ward,34100,229054,14192,14098,12971,11039,11364,14509,19082,23199,17845,13276,11545,12747,15418,12731,9482,6639,,,,,,8917,112869,7275,7215,6614,5543,5763,7260,9473,11626,9279,6794,5816,6147,7381,6097,4556,2954,,,,,,3076,116185,6917,6883,6357,5496,5601,7249,9609,11573,8566,6482,5729,6600,8037,6634,4926,3685,,,,,,5841
2010,2010-03-31,34106,341061,広島県,広島市安佐北区,ward,34100,152945,6027,6862,7689,8109,8280,7774,8945,11151,9240,8521,9286,11743,14407,11470,8156,6290,,,,,,8995,73747,3083,3475,3956,4166,4063,3886,4588,5570,4515,4139,4408,5571,6988,5687,3930,2779,,,,,,2943,79198,2944,3387,3733,3943,4217,3888,4357,5581,4725,4382,4878,6172,7419,5783,4226,3511,,,,,,6052
2010,2010-03-31,34107,341070,広島県,広島市安芸区,ward,34100,78804,4004,3957,4103,4118,4092,4702,5503,6648,5759,4834,4249,4910,6189,5179,3945,2803,,,,,,3809,39137,2059,2022,2083,2137,2215,2442,2830,3406,2910,2493,2184,2399,3068,2492,1927,1239,,,,,,1231,39667,1945,1935,2020,1981,1877,2260,2673,3242,2849,2341,2065,2511,3121,2687,2018,1564,,,,,,2578
2010,2010-03-31,34108,341088,広島県,広島市佐伯区,ward,34100,135912,6272,6687,6777,7344,7663,7928,9223,10706,8887,8578,8751,10161,10993,8409,5989,4746,,,,,,6798,66287,3232,3422,3467,3831,3925,3860,4587,5341,4376,4183,4244,5010,5519,4041,2895,2057,,,,,,2297,69625,3040,3265,3310,3513,3738,4068,4636,5365,4511,4395,4507,5151,5474,4368,3094,2689,,,,,,4501
2010,2010-03-31,34202,342025,広島県,呉市,city,34202,244490,9140,9643,10591,11069,11893,12205,13614,16815,14286,13170,13481,16371,21564,19050,15932,14215,,,,,,21451,117566,4644,4934,5529,5610,6386,6455,6999,8758,7181,6633,6724,8254,10426,9009,7246,5762,,,,,,7016,126924,4496,4709,5062,5459,5507,5750,6615,8057,7105,6537,6757,8117,11138,10041,8686,8453,,,,,,14435
2010,2010-03-31,34203,342033,広島県,竹原市,city,34203,29509,926,1095,1284,1348,1257,1248,1423,1746,1612,1574,1695,2242,2671,2388,2039,1893,,,,,,3068,13898,467,553,657,664,626,636,716,875,839,783,820,1137,1304,1104,919,816,,,,,,982,15611,459,542,627,684,631,612,707,871,773,791,875,1105,1367,1284,1120,1077,,,,,,2086
2010,2010-03-31,34204,342041,広島県,三原市,city,34204,101258,3941,4297,4610,4851,4564,4985,5674,6611,5620,5564,6152,7673,8498,6966,6026,5929,,,,,,9297,48472,2046,2182,2350,2435,2279,2630,2991,3295,2793,2718,3059,3759,4293,3341,2656,2487,,,,,,3158,52786,1895,2115,2260,2416,2285,2355,2683,3316,2827,2846,3093,3914,4205,3625,3370,3442,,,,,,6139
2010,2010-03-31,34205,342050,広島県,尾道市,city,34205,148398,5286,5955,6336,6878,6741,6697,7625,9251,7952,7915,9205,11212,12829,11230,9537,9145,,,,,,14604,70664,2721,3093,3276,3568,3486,3408,3892,4645,3903,3910,4616,5619,6305,5262,4286,3844,,,,,,4830,77734,2565,2862,3060,3310,3255,3289,3733,4606,4049,4005,4589,5593,6524,5968,5251,5301,,,,,,9774
2010,2010-03-31,34207,342076,広島県,福山市,city,34207,464790,21862,22476,22836,22501,23301,26391,31028,36085,29149,26587,27790,33421,36588,30947,24371,20016,,,,,,29441,225490,11228,11513,11518,11549,11890,13398,15772,18261,14423,13161,13772,16580,17947,14725,11329,8506,,,,,,9918,239300,10634,10963,11318,10952,11411,12993,15256,17824,14726,13426,14018,16841,18641,16222,13042,11510,,,,,,19523
2010,2010-03-31,34208,342084,広島県,府中市,city,34208,44086,1554,1800,1919,2054,1883,1956,2280,2823,2393,2390,2694,3337,3669,3294,2867,2792,,,,,,4381,21172,793,946,1000,1040,984,1032,1185,1477,1182,1213,1358,1605,1803,1567,1279,1232,,,,,,1476,22914,761,854,919,1014,899,924,1095,1346,1211,1177,1336,1732,1866,1727,1588,1560,,,,,,2905
2010,2010-03-31,34209,342092,広島県,三次市,city,34209,57840,2360,2517,2592,2803,2539,2571,3119,3417,2965,2949,3574,4162,4522,3551,3450,3761,,,,,,6988,27403,1235,1270,1276,1423,1325,1342,1618,1788,1492,1430,1831,2135,2282,1640,1469,1581,,,,,,2266,30437,1125,1247,1316,1380,1214,1229,1501,1629,1473,1519,1743,2027,2240,1911,1981,2180,,,,,,4722
2010,2010-03-31,34210,342106,広島県,庄原市,city,34210,40958,1392,1471,1585,1782,1634,1497,1781,1890,1690,1904,2500,3123,3380,2706,3041,3425,,,,,,6157,19438,723,762,866,902,885,837,960,986,891,937,1282,1631,1715,1224,1287,1405,,,,,,2145,21520,669,709,719,880,749,660,821,904,799,967,1218,1492,1665,1482,1754,2020,,,,,,4012
2010,2010-03-31,34211,342114,広島県,大竹市,city,34211,29093,989,1107,1240,1417,1464,1443,1468,1969,1821,1547,1806,2129,2506,2159,1863,1704,,,,,,2461,14102,512,563,630,738,785,744,752,1002,959,763,885,1091,1236,1034,841,752,,,,,,815,14991,477,544,610,679,679,699,716,967,862,784,921,1038,1270,1125,1022,952,,,,,,1646
2010,2010-03-31,34212,342122,広島県,東広島市,city,34212,177912,9030,8911,9408,9797,11411,10885,12315,14021,11757,10958,10267,11426,13211,10346,7465,6569,,,,,,10135,89110,4648,4586,4825,5159,6378,5936,6452,7316,6039,5549,5119,5735,6512,5178,3531,2865,,,,,,3282,88802,4382,4325,4583,4638,5033,4949,5863,6705,5718,5409,5148,5691,6699,5168,3934,3704,,,,,,6853
2010,2010-03-31,34213,342131,広島県,廿日市市,city,34213,117662,4779,5281,5732,6203,6404,6738,7017,8147,7187,6961,7968,9106,9873,7522,5829,5102,,,,,,7813,56468,2509,2758,2964,3140,3151,3305,3456,4010,3476,3330,3818,4469,4875,3683,2642,2161,,,,,,2721,61194,2270,2523,2768,3063,3253,3433,3561,4137,3711,3631,4150,4637,4998,3839,3187,2941,,,,,,5092
2010,2010-03-31,34214,342149,広島県,安芸高田市,city,34214,32017,1094,1205,1325,1485,1356,1345,1536,1768,1540,1540,1922,2465,2725,2233,2012,2228,,,,,,4238,15401,574,619,688,796,700,722,819,921,794,782,975,1299,1387,1075,925,928,,,,,,1397,16616,520,586,637,689,656,623,717,847,746,758,947,1166,1338,1158,1087,1300,,,,,,2841
2010,2010-03-31,34215,342157,広島県,江田島市,city,34215,27318,1088,830,981,1149,1116,1109,1440,1367,1237,1421,1718,2441,2451,2158,2186,1982,,,,,,2644,13053,573,436,501,631,600,584,784,724,674,710,886,1213,1201,1005,921,802,,,,,,808,14265,515,394,480,518,516,525,656,643,563,711,832,1228,1250,1153,1265,1180,,,,,,1836
2010,2010-03-31,34300,343005,広島県,安芸郡,gun_agg,,117628,5690,5825,5982,5725,5817,6741,8006,9681,8307,7109,6408,7655,9339,8229,6284,4672,,,,,,6158,57629,2942,3033,3061,2944,2968,3417,4066,4871,4198,3658,3156,3711,4630,3891,3046,2066,,,,,,1971,59999,2748,2792,2921,2781,2849,3324,3940,4810,4109,3451,3252,3944,4709,4338,3238,2606,,,,,,4187
2010,2010-03-31,34302,343021,広島県,安芸郡府中町,town,34302,50781,2488,2557,2656,2577,2560,3032,3578,4228,3842,3499,2996,3226,3648,3123,2414,1913,,,,,,2444,24985,1316,1338,1341,1320,1286,1534,1826,2125,1906,1790,1499,1630,1811,1486,1129,832,,,,,,816,25796,1172,1219,1315,1257,1274,1498,1752,2103,1936,1709,1497,1596,1837,1637,1285,1081,,,,,,1628
2010,2010-03-31,34304,343048,広島県,安芸郡海田町,town,34304,28021,1448,1396,1388,1394,1550,1806,2058,2455,1943,1642,1465,1882,2135,1798,1358,1013,,,,,,1290,13927,744,736,745,719,804,923,1071,1245,1011,868,735,892,1068,853,638,466,,,,,,409,14094,704,660,643,675,746,883,987,1210,932,774,730,990,1067,945,720,547,,,,,,881
2010,2010-03-31,34307,343072,広島県,安芸郡熊野町,town,34307,25440,1066,1198,1307,1210,1072,1176,1470,1951,1695,1230,1275,1700,2490,2396,1761,1085,,,,,,1358,12347,532,618,658,641,556,598,721,977,850,652,598,781,1220,1111,921,506,,,,,,407,13093,534,580,649,569,516,578,749,974,845,578,677,919,1270,1285,840,579,,,,,,951
2010,2010-03-31,34309,343099,広島県,安芸郡坂町,town,34309,13386,688,674,631,544,635,727,900,1047,827,738,672,847,1066,912,751,661,,,,,,1066,6370,350,341,317,264,322,362,448,524,431,348,324,408,531,441,358,262,,,,,,339,7016,338,333,314,280,313,365,452,523,396,390,348,439,535,471,393,399,,,,,,727
2010,2010-03-31,34360,343609,広島県,山県郡,gun_agg,,27908,860,1067,1159,1230,1100,964,1227,1449,1300,1331,1648,2064,2276,1932,1922,2298,,,,,,4081,13255,430,539,593,641,623,506,668,795,661,677,838,1095,1154,871,805,970,,,,,,1389,14653,430,528,566,589,477,458,559,654,639,654,810,969,1122,1061,1117,1328,,,,,,2692
2010,2010-03-31,34368,343684,広島県,山県郡安芸太田町,town,34368,7715,170,218,290,317,244,234,263,326,303,344,426,575,659,606,612,765,,,,,,1363,3601,86,102,155,167,130,125,142,183,147,178,209,313,332,268,250,337,,,,,,477,4114,84,116,135,150,114,109,121,143,156,166,217,262,327,338,362,428,,,,,,886
2010,2010-03-31,34369,343692,広島県,山県郡北広島町,town,34369,20193,690,849,869,913,856,730,964,1123,997,987,1222,1489,1617,1326,1310,1533,,,,,,2718,9654,344,437,438,474,493,381,526,612,514,499,629,782,822,603,555,633,,,,,,912,10539,346,412,431,439,363,349,438,511,483,488,593,707,795,723,755,900,,,,,,1806
2010,2010-03-31,34420,344206,広島県,豊田郡,gun_agg,,8611,202,222,266,537,201,213,282,373,362,363,422,586,834,800,749,807,,,,,,1392,4003,100,115,122,337,113,112,154,205,195,201,217,283,408,372,306,352,,,,,,411,4608,102,107,144,200,88,101,128,168,167,162,205,303,426,428,443,455,,,,,,981
2010,2010-03-31,34431,344311,広島県,豊田郡大崎上島町,town,34431,8611,202,222,266,537,201,213,282,373,362,363,422,586,834,800,749,807,,,,,,1392,4003,100,115,122,337,113,112,154,205,195,201,217,283,408,372,306,352,,,,,,411,4608,102,107,144,200,88,101,128,168,167,162,205,303,426,428,443,455,,,,,,981
2010,2010-03-31,34460,344605,広島県,世羅郡,gun_agg,,18269,607,701,713,859,710,667,830,882,771,943,1214,1355,1551,1189,1274,1468,,,,,,2535,8695,292,388,367,470,367,356,443,454,375,461,605,707,776,546,562,632,,,,,,894,9574,315,313,346,389,343,311,387,428,396,482,609,648,775,643,712,836,,,,,,1641
2010,2010-03-31,34462,344621,広島県,世羅郡世羅町,town,34462,18269,607,701,713,859,710,667,830,882,771,943,1214,1355,1551,1189,1274,1468,,,,,,2535,8695,292,388,367,470,367,356,443,454,375,461,605,707,776,546,562,632,,,,,,894,9574,315,313,346,389,343,311,387,428,396,482,609,648,775,643,712,836,,,,,,1641
2010,2010-03-31,34540,345407,広島県,神石郡,gun_agg,,11066,281,333,383,475,419,344,432,419,377,524,700,787,866,690,863,1107,,,,,,2066,5280,151,183,194,257,216,193,246,219,193,269,353,421,439,333,389,457,,,,,,767,5786,130,150,189,218,203,151,186,200,184,255,347,366,427,357,474,650,,,,,,1299
2010,2010-03-31,34545,345458,広島県,神石郡神石高原町,town,34545,11066,281,333,383,475,419,344,432,419,377,524,700,787,866,690,863,1107,,,,,,2066,5280,151,183,194,257,216,193,246,219,193,269,353,421,439,333,389,457,,,,,,767,5786,130,150,189,218,203,151,186,200,184,255,347,366,427,357,474,650,,,,,,1299
2010,2010-03-31,35000,350001,山口県,,pref,,1464275,57572,62756,66780,68431,67599,71692,83706,98115,83282,79689,88062,109077,125067,104306,90044,84139,,,,,,123958,692736,29426,32029,34260,35162,34592,36127,42053,49616,40598,38979,43035,53723,60264,48351,39667,34881,,,,,,39973,771539,28146,30727,32520,33269,33007,35565,41653,48499,42684,40710,45027,55354,64803,55955,50377,49258,,,,,,83985
2010,2010-03-31,35201,352012,山口県,下関市,city,35201,282091,10647,11329,12340,13127,13005,14086,15882,18041,15979,15408,17146,21508,24401,20304,18237,16875,,,,,,23776,131237,5461,5770,6287,6768,6530,6924,7890,8934,7580,7382,8221,10392,11554,9144,7830,6891,,,,,,7679,150854,5186,5559,6053,6359,6475,7162,7992,9107,8399,8026,8925,11116,12847,11160,10407,9984,,,,,,16097
2010,2010-03-31,35202,352021,山口県,宇部市,city,35202,172634,6873,7513,8039,8061,8714,9264,10502,11882,10117,9411,9989,12943,15233,11864,9977,9060,,,,,,13192,82098,3507,3816,4119,4120,4538,4645,5250,6003,4964,4651,4872,6358,7445,5552,4405,3618,,,,,,4235,90536,3366,3697,3920,3941,4176,4619,5252,5879,5153,4760,5117,6585,7788,6312,5572,5442,,,,,,8957
2010,2010-03-31,35203,352039,山口県,山口市,city,35203,194974,8408,9377,9570,10061,10654,10282,12065,14123,11794,11545,12065,13474,15075,11652,10229,9824,,,,,,14776,92567,4282,4802,4837,5120,5313,5077,6039,7123,5755,5630,5858,6670,7354,5327,4493,4138,,,,,,4749,102407,4126,4575,4733,4941,5341,5205,6026,7000,6039,5915,6207,6804,7721,6325,5736,5686,,,,,,10027
2010,2010-03-31,35204,352047,山口県,萩市,city,35204,55443,1733,1929,2267,2331,1980,2060,2622,2876,2580,2873,3516,4688,5047,4248,4276,4146,,,,,,6271,25438,879,990,1149,1174,939,1031,1329,1436,1242,1377,1785,2288,2402,1891,1840,1708,,,,,,1978,30005,854,939,1118,1157,1041,1029,1293,1440,1338,1496,1731,2400,2645,2357,2436,2438,,,,,,4293
2010,2010-03-31,35206,352063,山口県,防府市,city,35206,118019,5079,5370,5502,5754,6136,6399,7176,8578,6887,6520,6979,8412,9761,8104,6631,6076,,,,,,8655,57180,2614,2694,2859,3020,3332,3394,3679,4466,3420,3318,3419,4079,4776,3767,3010,2590,,,,,,2743,60839,2465,2676,2643,2734,2804,3005,3497,4112,3467,3202,3560,4333,4985,4337,3621,3486,,,,,,5912
2010,2010-03-31,35207,352071,山口県,下松市,city,35207,55698,2677,2641,2551,2344,2530,3006,3675,4412,3394,2889,3131,3946,4697,4181,3092,2685,,,,,,3847,26850,1327,1317,1329,1162,1312,1528,1814,2289,1707,1417,1549,1930,2248,2041,1417,1118,,,,,,1345,28848,1350,1324,1222,1182,1218,1478,1861,2123,1687,1472,1582,2016,2449,2140,1675,1567,,,,,,2502
2010,2010-03-31,35208,352080,山口県,岩国市,city,35208,146524,5730,6382,6924,6808,6332,6812,7986,9617,8215,8027,8982,10702,12259,10413,9452,8991,,,,,,12892,69627,2914,3251,3557,3439,3147,3381,4046,4853,4066,3978,4471,5430,6001,4777,4149,3809,,,,,,4358,76897,2816,3131,3367,3369,3185,3431,3940,4764,4149,4049,4511,5272,6258,5636,5303,5182,,,,,,8534
2010,2010-03-31,35210,352101,山口県,光市,city,35210,54305,2205,2466,2640,2649,2197,2335,3099,3940,3238,2862,3049,3802,4811,4960,3376,2664,,,,,,4012,25896,1157,1258,1327,1390,1138,1192,1524,1973,1559,1429,1489,1808,2162,2526,1595,1088,,,,,,1281,28409,1048,1208,1313,1259,1059,1143,1575,1967,1679,1433,1560,1994,2649,2434,1781,1576,,,,,,2731
2010,2010-03-31,35211,352110,山口県,長門市,city,35211,39363,1220,1326,1594,1706,1367,1575,1809,1959,1778,1996,2466,3546,3699,2979,2929,2928,,,,,,4486,18115,634,715,799,846,670,820,914,954,847,927,1206,1770,1778,1339,1240,1222,,,,,,1434,21248,586,611,795,860,697,755,895,1005,931,1069,1260,1776,1921,1640,1689,1706,,,,,,3052
2010,2010-03-31,35212,352128,山口県,柳井市,city,35212,35436,1215,1368,1487,1576,1363,1457,1782,2151,1879,1873,2174,2616,3162,2741,2376,2337,,,,,,3879,16454,659,671,780,757,711,699,886,1103,898,941,1049,1299,1528,1235,1035,963,,,,,,1240,18982,556,697,707,819,652,758,896,1048,981,932,1125,1317,1634,1506,1341,1374,,,,,,2639
2010,2010-03-31,35213,352136,山口県,美祢市,city,35213,28726,888,1037,1251,1297,1131,1204,1352,1522,1410,1537,1719,2374,2545,2081,1999,2082,,,,,,3297,13428,475,509,674,661,572,617,689,788,689,758,845,1194,1270,934,843,890,,,,,,1020,15298,413,528,577,636,559,587,663,734,721,779,874,1180,1275,1147,1156,1192,,,,,,2277
2010,2010-03-31,35215,352152,山口県,周南市,city,35215,151866,6199,6760,7144,7021,6890,7638,8979,11087,9354,8345,9101,11192,13132,11030,8945,7788,,,,,,11261,73276,3162,3529,3706,3724,3706,4026,4556,5633,4628,4080,4460,5566,6287,5206,4110,3279,,,,,,3618,78590,3037,3231,3438,3297,3184,3612,4423,5454,4726,4265,4641,5626,6845,5824,4835,4509,,,,,,7643
2010,2010-03-31,35216,352161,山口県,山陽小野田市,city,35216,65708,2651,2990,3066,3121,3015,3145,3862,4343,3691,3455,4001,5168,5572,4619,3889,3785,,,,,,5335,30885,1333,1556,1572,1599,1519,1549,1919,2197,1778,1655,1950,2512,2713,2165,1675,1563,,,,,,1630,34823,1318,1434,1494,1522,1496,1596,1943,2146,1913,1800,2051,2656,2859,2454,2214,2222,,,,,,3705
2010,2010-03-31,35300,353001,山口県,大島郡,gun_agg,,19889,384,478,590,741,531,502,621,771,737,818,1067,1376,1851,1778,1798,2017,,,,,,3829,8956,182,245,326,423,251,263,317,393,366,427,564,706,897,846,746,811,,,,,,1193,10933,202,233,264,318,280,239,304,378,371,391,503,670,954,932,1052,1206,,,,,,2636
2010,2010-03-31,35305,353051,山口県,大島郡周防大島町,town,35305,19889,384,478,590,741,531,502,621,771,737,818,1067,1376,1851,1778,1798,2017,,,,,,3829,8956,182,245,326,423,251,263,317,393,366,427,564,706,897,846,746,811,,,,,,1193,10933,202,233,264,318,280,239,304,378,371,391,503,670,954,932,1052,1206,,,,,,2636
2010,2010-03-31,35320,353205,山口県,玖珂郡,gun_agg,,6550,361,370,338,346,355,409,414,489,362,328,397,455,462,371,340,300,,,,,,453,3268,170,194,175,203,212,234,217,255,175,160,192,255,241,164,164,115,,,,,,142,3282,191,176,163,143,143,175,197,234,187,168,205,200,221,207,176,185,,,,,,311
2010,2010-03-31,35321,353213,山口県,玖珂郡和木町,town,35321,6550,361,370,338,346,355,409,414,489,362,328,397,455,462,371,340,300,,,,,,453,3268,170,194,175,203,212,234,217,255,175,160,192,255,241,164,164,115,,,,,,142,3282,191,176,163,143,143,175,197,234,187,168,205,200,221,207,176,185,,,,,,311
2010,2010-03-31,35340,353400,山口県,熊毛郡,gun_agg,,33138,1198,1328,1374,1357,1285,1410,1754,2179,1720,1635,2019,2532,3004,2691,2143,2159,,,,,,3350,15702,613,660,712,693,641,696,919,1142,856,776,977,1281,1431,1311,972,903,,,,,,1119,17436,585,668,662,664,644,714,835,1037,864,859,1042,1251,1573,1380,1171,1256,,,,,,2231
2010,2010-03-31,35341,353418,山口県,熊毛郡上関町,town,35341,3605,60,65,75,119,105,89,102,126,111,167,207,267,335,294,346,392,,,,,,745,1644,30,36,38,60,49,45,61,75,60,94,123,136,178,136,145,160,,,,,,218,1961,30,29,37,59,56,44,41,51,51,73,84,131,157,158,201,232,,,,,,527
2010,2010-03-31,35343,353434,山口県,熊毛郡田布施町,town,35343,16434,654,731,723,700,687,742,965,1184,887,837,1023,1211,1475,1340,979,917,,,,,,1379,7820,330,362,386,348,338,370,491,622,427,388,487,621,677,680,441,374,,,,,,478,8614,324,369,337,352,349,372,474,562,460,449,536,590,798,660,538,543,,,,,,901
2010,2010-03-31,35344,353442,山口県,熊毛郡平生町,town,35344,13099,484,532,576,538,493,579,687,869,722,631,789,1054,1194,1057,818,850,,,,,,1226,6238,253,262,288,285,254,281,367,445,369,294,367,524,576,495,386,369,,,,,,423,6861,231,270,288,253,239,298,320,424,353,337,422,530,618,562,432,481,,,,,,803
2010,2010-03-31,35500,355003,山口県,阿武郡,gun_agg,,3911,104,92,103,131,114,108,126,145,147,167,261,343,356,290,355,422,,,,,,647,1759,57,52,52,63,61,51,65,74,68,73,128,185,177,126,143,175,,,,,,209,2152,47,40,51,68,53,57,61,71,79,94,133,158,179,164,212,247,,,,,,438
2010,2010-03-31,35502,355020,山口県,阿武郡阿武町,town,35502,3911,104,92,103,131,114,108,126,145,147,167,261,343,356,290,355,422,,,,,,647,1759,57,52,52,63,61,51,65,74,68,73,128,185,177,126,143,175,,,,,,209,2152,47,40,51,68,53,57,61,71,79,94,133,158,179,164,212,247,,,,,,438
2010,2010-03-31,36000,360007,徳島県,,pref,,796897,29850,33751,36146,37508,38482,41447,46859,52692,46124,46200,51738,61810,65160,50756,46175,45536,,,,,,66663,379192,15240,17193,18320,19075,19610,20934,23681,25978,22415,22386,25426,30749,32632,24004,20682,19078,,,,,,21789,417705,14610,16558,17826,18433,18872,20513,23178,26714,23709,23814,26312,31061,32528,26752,25493,26458,,,,,,44874
2010,2010-03-31,36201,362018,徳島県,徳島市,city,36201,259281,10578,11482,12016,12649,13553,14377,16368,19257,16943,16321,16526,18656,20407,16388,13748,12696,,,,,,17316,121862,5331,5774,6051,6395,6910,7063,8113,9281,8076,7791,7922,9013,9829,7606,5974,5154,,,,,,5579,137419,5247,5708,5965,6254,6643,7314,8255,9976,8867,8530,8604,9643,10578,8782,7774,7542,,,,,,11737
2010,2010-03-31,36202,362026,徳島県,鳴門市,city,36202,62726,2257,2598,2832,2908,3067,3226,3713,4253,3798,3574,3861,4975,5415,4213,3545,3441,,,,,,5050,29924,1186,1333,1393,1473,1585,1597,1912,2116,1824,1749,1893,2448,2685,1984,1639,1476,,,,,,1631,32802,1071,1265,1439,1435,1482,1629,1801,2137,1974,1825,1968,2527,2730,2229,1906,1965,,,,,,3419
2010,2010-03-31,36203,362034,徳島県,小松島市,city,36203,41592,1595,1706,1838,1926,2067,2254,2375,2865,2350,2424,2613,3293,3572,2789,2401,2342,,,,,,3182,20016,791,895,955,993,1032,1154,1225,1470,1172,1186,1294,1635,1755,1360,1097,984,,,,,,1018,21576,804,811,883,933,1035,1100,1150,1395,1178,1238,1319,1658,1817,1429,1304,1358,,,,,,2164
2010,2010-03-31,36204,362042,徳島県,阿南市,city,36204,78135,3216,3546,3830,3774,3629,4053,4689,5220,4261,4411,4849,5831,6460,5057,4613,4298,,,,,,6398,37694,1651,1814,1924,1970,1837,2072,2391,2651,2080,2200,2368,2940,3199,2430,2126,1890,,,,,,2151,40441,1565,1732,1906,1804,1792,1981,2298,2569,2181,2211,2481,2891,3261,2627,2487,2408,,,,,,4247
2010,2010-03-31,36205,362051,徳島県,吉野川市,city,36205,45224,1483,1776,1923,2125,2121,2213,2425,2547,2406,2530,3013,3758,3863,2906,2743,2921,,,,,,4471,21392,742,873,994,1102,1098,1117,1184,1230,1200,1202,1439,1875,2019,1401,1206,1260,,,,,,1450,23832,741,903,929,1023,1023,1096,1241,1317,1206,1328,1574,1883,1844,1505,1537,1661,,,,,,3021
2010,2010-03-31,36206,362069,徳島県,阿波市,city,36206,41311,1365,1635,1820,1899,1796,2022,2318,2549,2164,2258,2826,3592,3605,2558,2437,2634,,,,,,3833,19843,698,838,931,918,900,1059,1182,1305,1070,1106,1397,1785,1908,1253,1096,1117,,,,,,1280,21468,667,797,889,981,896,963,1136,1244,1094,1152,1429,1807,1697,1305,1341,1517,,,,,,2553
2010,2010-03-31,36207,362077,徳島県,美馬市,city,36207,33170,1014,1293,1358,1486,1526,1568,1702,1722,1659,1756,2393,2814,2730,1967,2160,2374,,,,,,3648,15867,519,652,724,763,782,797,893,876,826,842,1254,1454,1428,922,959,965,,,,,,1211,17303,495,641,634,723,744,771,809,846,833,914,1139,1360,1302,1045,1201,1409,,,,,,2437
2010,2010-03-31,36208,362085,徳島県,三好市,city,36208,31758,787,951,1325,1381,1233,1269,1265,1314,1423,1670,2346,2658,2421,2086,2416,2722,,,,,,4491,14958,417,510,691,723,644,686,674,641,721,836,1213,1387,1291,954,1052,1095,,,,,,1423,16800,370,441,634,658,589,583,591,673,702,834,1133,1271,1130,1132,1364,1627,,,,,,3068
2010,2010-03-31,36300,363006,徳島県,勝浦郡,gun_agg,,8019,206,264,271,332,345,342,346,345,344,377,494,614,677,607,669,669,,,,,,1117,3845,117,131,142,179,171,185,177,169,180,185,242,317,368,264,316,299,,,,,,403,4174,89,133,129,153,174,157,169,176,164,192,252,297,309,343,353,370,,,,,,714
2010,2010-03-31,36301,363014,徳島県,勝浦郡勝浦町,town,36301,6047,164,202,224,268,278,281,290,256,277,297,402,495,524,435,469,445,,,,,,740,2915,96,98,115,141,141,158,149,125,142,138,201,258,279,192,228,193,,,,,,261,3132,68,104,109,127,137,123,141,131,135,159,201,237,245,243,241,252,,,,,,479
2010,2010-03-31,36302,363022,徳島県,勝浦郡上勝町,town,36302,1972,42,62,47,64,67,61,56,89,67,80,92,119,153,172,200,224,,,,,,377,930,21,33,27,38,30,27,28,44,38,47,41,59,89,72,88,106,,,,,,142,1042,21,29,20,26,37,34,28,45,29,33,51,60,64,100,112,118,,,,,,235
2010,2010-03-31,36320,363201,徳島県,名東郡,gun_agg,,2844,73,84,93,98,119,131,147,133,114,125,178,247,269,209,205,226,,,,,,393,1384,47,48,44,50,56,74,75,72,58,67,84,125,148,100,93,99,,,,,,144,1460,26,36,49,48,63,57,72,61,56,58,94,122,121,109,112,127,,,,,,249
2010,2010-03-31,36321,363219,徳島県,名東郡佐那河内村,village,36321,2844,73,84,93,98,119,131,147,133,114,125,178,247,269,209,205,226,,,,,,393,1384,47,48,44,50,56,74,75,72,58,67,84,125,148,100,93,99,,,,,,144,1460,26,36,49,48,63,57,72,61,56,58,94,122,121,109,112,127,,,,,,249
2010,2010-03-31,36340,363405,徳島県,名西郡,gun_agg,,33305,1139,1317,1400,1468,1513,1639,1854,2014,1780,1814,2158,2744,2798,2194,2078,2166,,,,,,3229,15867,585,706,690,749,765,826,954,976,847,873,1085,1379,1424,1043,934,927,,,,,,1104,17438,554,611,710,719,748,813,900,1038,933,941,1073,1365,1374,1151,1144,1239,,,,,,2125
2010,2010-03-31,36341,363413,徳島県,名西郡石井町,town,36341,26702,1043,1198,1202,1256,1255,1365,1648,1802,1546,1514,1732,2171,2246,1740,1464,1436,,,,,,2084,12722,536,633,601,629,623,679,833,867,730,731,860,1071,1121,851,669,605,,,,,,683,13980,507,565,601,627,632,686,815,935,816,783,872,1100,1125,889,795,831,,,,,,1401
2010,2010-03-31,36342,363421,徳島県,名西郡神山町,town,36342,6603,96,119,198,212,258,274,206,212,234,300,426,573,552,454,614,730,,,,,,1145,3145,49,73,89,120,142,147,121,109,117,142,225,308,303,192,265,322,,,,,,421,3458,47,46,109,92,116,127,85,103,117,158,201,265,249,262,349,408,,,,,,724
2010,2010-03-31,36360,363600,徳島県,那賀郡,gun_agg,,10372,246,339,360,380,367,412,401,438,407,504,674,822,885,702,903,943,,,,,,1589,4929,125,181,186,196,182,226,214,229,208,264,354,427,448,300,418,406,,,,,,565,5443,121,158,174,184,185,186,187,209,199,240,320,395,437,402,485,537,,,,,,1024
2010,2010-03-31,36368,363685,徳島県,那賀郡那賀町,town,36368,10372,246,339,360,380,367,412,401,438,407,504,674,822,885,702,903,943,,,,,,1589,4929,125,181,186,196,182,226,214,229,208,264,354,427,448,300,418,406,,,,,,565,5443,121,158,174,184,185,186,187,209,199,240,320,395,437,402,485,537,,,,,,1024
2010,2010-03-31,36380,363804,徳島県,海部郡,gun_agg,,24461,565,795,976,1094,850,887,896,1015,1122,1289,1499,1936,2199,1972,2089,2031,,,,,,3246,11487,297,423,497,558,439,471,452,486,535,636,786,989,1100,939,965,852,,,,,,1062,12974,268,372,479,536,411,416,444,529,587,653,713,947,1099,1033,1124,1179,,,,,,2184
2010,2010-03-31,36383,363839,徳島県,海部郡牟岐町,town,36383,5094,116,141,185,208,173,164,193,213,210,251,293,431,515,446,436,410,,,,,,709,2396,65,76,95,105,95,84,104,104,111,118,143,218,259,218,207,178,,,,,,216,2698,51,65,90,103,78,80,89,109,99,133,150,213,256,228,229,232,,,,,,493
2010,2010-03-31,36387,363871,徳島県,海部郡美波町,town,36387,8160,183,254,298,345,291,335,307,305,371,446,483,626,670,693,723,715,,,,,,1115,3807,94,135,144,171,145,185,157,148,173,223,251,318,318,322,335,295,,,,,,393,4353,89,119,154,174,146,150,150,157,198,223,232,308,352,371,388,420,,,,,,722
2010,2010-03-31,36388,363880,徳島県,海部郡海陽町,town,36388,11207,266,400,493,541,386,388,396,497,541,592,723,879,1014,833,930,906,,,,,,1422,5284,138,212,258,282,199,202,191,234,251,295,392,453,523,399,423,379,,,,,,453,5923,128,188,235,259,187,186,205,263,290,297,331,426,491,434,507,527,,,,,,969
2010,2010-03-31,36400,364002,徳島県,板野郡,gun_agg,,97672,4536,4998,4913,4645,5074,5806,7078,7746,6106,5672,6363,7643,7789,5506,4353,3987,,,,,,5457,47432,2347,2524,2491,2322,2594,2936,3567,3865,2989,2752,3100,3792,3958,2696,2043,1687,,,,,,1769,50240,2189,2474,2422,2323,2480,2870,3511,3881,3117,2920,3263,3851,3831,2810,2310,2300,,,,,,3688
2010,2010-03-31,36401,364011,徳島県,板野郡松茂町,town,36401,15151,724,794,777,762,847,962,1113,1346,1008,938,970,1089,1060,828,637,583,,,,,,713,7595,361,403,429,391,489,506,598,682,499,464,514,567,526,406,285,258,,,,,,217,7556,363,391,348,371,358,456,515,664,509,474,456,522,534,422,352,325,,,,,,496
2010,2010-03-31,36402,364029,徳島県,板野郡北島町,town,36402,21853,1057,1139,1089,982,1093,1339,1666,1812,1443,1279,1380,1532,1707,1255,1089,872,,,,,,1119,10641,554,567,557,486,552,688,847,927,720,613,653,749,859,590,516,367,,,,,,396,11212,503,572,532,496,541,651,819,885,723,666,727,783,848,665,573,505,,,,,,723
2010,2010-03-31,36403,364037,徳島県,板野郡藍住町,town,36403,33327,1775,1819,1819,1740,1767,2125,2587,2764,2093,1903,2151,2696,2645,1798,1144,1049,,,,,,1452,16062,930,917,891,852,867,1035,1273,1348,1012,904,996,1307,1349,938,545,442,,,,,,456,17265,845,902,928,888,900,1090,1314,1416,1081,999,1155,1389,1296,860,599,607,,,,,,996
2010,2010-03-31,36404,364045,徳島県,板野郡板野町,town,36404,14280,509,637,675,590,694,735,871,968,835,850,998,1174,1203,853,811,760,,,,,,1117,6878,262,333,334,301,345,375,440,483,400,432,506,599,596,406,384,320,,,,,,362,7402,247,304,341,289,349,360,431,485,435,418,492,575,607,447,427,440,,,,,,755
2010,2010-03-31,36405,364053,徳島県,板野郡上板町,town,36405,13061,471,609,553,571,673,645,841,856,727,702,864,1152,1174,772,672,723,,,,,,1056,6256,240,304,280,292,341,332,409,425,358,339,431,570,628,356,313,300,,,,,,338,6805,231,305,273,279,332,313,432,431,369,363,433,582,546,416,359,423,,,,,,718
2010,2010-03-31,36460,364606,徳島県,美馬郡,gun_agg,,11291,260,348,409,473,430,488,429,456,484,568,787,888,865,791,891,1070,,,,,,1654,5229,137,181,220,242,218,264,214,222,239,281,398,472,453,364,362,459,,,,,,503,6062,123,167,189,231,212,224,215,234,245,287,389,416,412,427,529,611,,,,,,1151
2010,2010-03-31,36468,364681,徳島県,美馬郡つるぎ町,town,36468,11291,260,348,409,473,430,488,429,456,484,568,787,888,865,791,891,1070,,,,,,1654,5229,137,181,220,242,218,264,214,222,239,281,398,472,453,364,362,459,,,,,,503,6062,123,167,189,231,212,224,215,234,245,287,389,416,412,427,529,611,,,,,,1151
2010,2010-03-31,36480,364801,徳島県,三好郡,gun_agg,,15736,530,619,782,870,792,760,853,818,763,907,1158,1339,1205,811,924,1016,,,,,,1589,7463,250,310,387,442,397,407,454,389,390,416,597,711,619,388,402,408,,,,,,496,8273,280,309,395,428,395,353,399,429,373,491,561,628,586,423,522,608,,,,,,1093
2010,2010-03-31,36489,364894,徳島県,三好郡東みよし町,town,36489,15736,530,619,782,870,792,760,853,818,763,907,1158,1339,1205,811,924,1016,,,,,,1589,7463,250,310,387,442,397,407,454,389,390,416,597,711,619,388,402,408,,,,,,496,8273,280,309,395,428,395,353,399,429,373,491,561,628,586,423,522,608,,,,,,1093
2010,2010-03-31,37000,370002,香川県,,pref,,1012755,42660,46671,47512,47024,48535,52783,64140,73496,60534,57006,61920,72034,84625,64470,55643,53031,,,,,,80671,487577,21734,23994,24282,24201,24762,26693,32326,37165,30266,28228,30591,35598,41960,30779,25201,22449,,,,,,27348,525178,20926,22677,23230,22823,23773,26090,31814,36331,30268,28778,31329,36436,42665,33691,30442,30582,,,,,,53323
2010,2010-03-31,37201,372013,香川県,高松市,city,37201,423564,19928,20769,20546,19508,20516,23636,29438,34235,28210,24958,25294,28971,33968,25506,21220,19215,,,,,,27646,203936,10203,10671,10415,9974,10355,11774,14630,17216,14037,12371,12495,14126,16635,12087,9598,8053,,,,,,9296,219628,9725,10098,10131,9534,10161,11862,14808,17019,14173,12587,12799,14845,17333,13419,11622,11162,,,,,,18350
2010,2010-03-31,37202,372021,香川県,丸亀市,city,37202,111674,5198,5769,5780,5340,5476,6061,7567,8646,6653,6228,6743,7964,9169,6855,5666,5030,,,,,,7529,54060,2641,2932,2941,2746,2785,3069,3871,4373,3321,3042,3289,3997,4475,3307,2644,2101,,,,,,2526,57614,2557,2837,2839,2594,2691,2992,3696,4273,3332,3186,3454,3967,4694,3548,3022,2929,,,,,,5003
2010,2010-03-31,37203,372030,香川県,坂出市,city,37203,57361,2133,2357,2486,2612,2706,2793,3451,4001,3119,2871,3369,3963,5374,4030,3476,3428,,,,,,5192,27506,1092,1231,1270,1410,1381,1409,1778,1994,1610,1406,1654,1953,2630,1980,1535,1445,,,,,,1728,29855,1041,1126,1216,1202,1325,1384,1673,2007,1509,1465,1715,2010,2744,2050,1941,1983,,,,,,3464
2010,2010-03-31,37204,372048,香川県,善通寺市,city,37204,33650,1475,1492,1426,1576,1915,1912,2109,2224,1792,1881,1973,2368,2825,2090,1914,1835,,,,,,2843,16426,755,769,763,813,1062,1009,1085,1165,907,975,965,1198,1391,1017,808,822,,,,,,922,17224,720,723,663,763,853,903,1024,1059,885,906,1008,1170,1434,1073,1106,1013,,,,,,1921
2010,2010-03-31,37205,372056,香川県,観音寺市,city,37205,64156,2456,2758,3053,3258,3026,3193,3696,4081,3574,3654,4130,4564,5206,4160,3759,3787,,,,,,5801,30857,1291,1422,1555,1666,1524,1652,1885,2072,1807,1789,2093,2241,2609,1960,1719,1593,,,,,,1979,33299,1165,1336,1498,1592,1502,1541,1811,2009,1767,1865,2037,2323,2597,2200,2040,2194,,,,,,3822
2010,2010-03-31,37206,372064,香川県,さぬき市,city,37206,53865,1805,2327,2406,2508,2572,2548,2891,3466,2981,3030,3422,4016,4649,3733,3360,3203,,,,,,4948,25924,907,1221,1249,1296,1324,1293,1465,1754,1468,1490,1724,1973,2321,1755,1571,1364,,,,,,1749,27941,898,1106,1157,1212,1248,1255,1426,1712,1513,1540,1698,2043,2328,1978,1789,1839,,,,,,3199
2010,2010-03-31,37207,372072,香川県,東かがわ市,city,37207,35101,950,1306,1405,1488,1393,1481,1652,2112,1885,1820,2110,2637,3287,2937,2604,2447,,,,,,3587,16709,453,679,778,752,703,779,809,1058,945,873,1046,1320,1636,1371,1214,1060,,,,,,1233,18392,497,627,627,736,690,702,843,1054,940,947,1064,1317,1651,1566,1390,1387,,,,,,2354
2010,2010-03-31,37208,372081,香川県,三豊市,city,37208,70941,2493,2951,3083,3365,3381,3321,3972,4249,3574,3831,4462,5240,6206,4658,4327,4478,,,,,,7350,34056,1228,1487,1565,1762,1742,1701,2035,2215,1802,1901,2148,2613,3174,2249,1930,1953,,,,,,2551,36885,1265,1464,1518,1603,1639,1620,1937,2034,1772,1930,2314,2627,3032,2409,2397,2525,,,,,,4799
2010,2010-03-31,37320,373206,香川県,小豆郡,gun_agg,,32732,947,1061,1310,1482,1251,1264,1427,1702,1578,1753,2160,2676,2992,2400,2232,2378,,,,,,4119,15444,497,563,678,786,631,666,745,855,770,867,1065,1353,1535,1111,982,976,,,,,,1364,17288,450,498,632,696,620,598,682,847,808,886,1095,1323,1457,1289,1250,1402,,,,,,2755
2010,2010-03-31,37322,373222,香川県,小豆郡土庄町,town,37322,16041,480,494,634,720,634,673,734,809,755,859,1097,1426,1478,1168,1027,1063,,,,,,1990,7514,246,278,331,366,305,351,381,419,351,435,520,724,760,540,469,414,,,,,,624,8527,234,216,303,354,329,322,353,390,404,424,577,702,718,628,558,649,,,,,,1366
2010,2010-03-31,37324,373249,香川県,小豆郡小豆島町,town,37324,16691,467,567,676,762,617,591,693,893,823,894,1063,1250,1514,1232,1205,1315,,,,,,2129,7930,251,285,347,420,326,315,364,436,419,432,545,629,775,571,513,562,,,,,,740,8761,216,282,329,342,291,276,329,457,404,462,518,621,739,661,692,753,,,,,,1389
2010,2010-03-31,37340,373401,香川県,木田郡,gun_agg,,29091,1116,1355,1390,1393,1537,1550,1822,1996,1604,1670,1945,2274,2389,1767,1482,1459,,,,,,2342,14061,565,691,713,696,763,763,868,1019,799,794,984,1153,1206,896,683,661,,,,,,807,15030,551,664,677,697,774,787,954,977,805,876,961,1121,1183,871,799,798,,,,,,1535
2010,2010-03-31,37341,373419,香川県,木田郡三木町,town,37341,29091,1116,1355,1390,1393,1537,1550,1822,1996,1604,1670,1945,2274,2389,1767,1482,1459,,,,,,2342,14061,565,691,713,696,763,763,868,1019,799,794,984,1153,1206,896,683,661,,,,,,807,15030,551,664,677,697,774,787,954,977,805,876,961,1121,1183,871,799,798,,,,,,1535
2010,2010-03-31,37360,373605,香川県,香川郡,gun_agg,,3298,107,119,134,124,140,178,197,205,168,159,183,249,313,253,206,221,,,,,,342,1625,56,62,74,66,81,95,104,100,88,100,82,130,171,123,91,104,,,,,,98,1673,51,57,60,58,59,83,93,105,80,59,101,119,142,130,115,117,,,,,,244
2010,2010-03-31,37364,373648,香川県,香川郡直島町,town,37364,3298,107,119,134,124,140,178,197,205,168,159,183,249,313,253,206,221,,,,,,342,1625,56,62,74,66,81,95,104,100,88,100,82,130,171,123,91,104,,,,,,98,1673,51,57,60,58,59,83,93,105,80,59,101,119,142,130,115,117,,,,,,244
2010,2010-03-31,37380,373800,香川県,綾歌郡,gun_agg,,43087,1997,2167,2084,1979,2103,2269,2909,3193,2633,2323,2725,3075,3435,2473,2102,2124,,,,,,3496,20956,989,1108,1071,1017,1102,1175,1488,1593,1333,1193,1320,1584,1735,1194,959,920,,,,,,1175,22131,1008,1059,1013,962,1001,1094,1421,1600,1300,1130,1405,1491,1700,1279,1143,1204,,,,,,2321
2010,2010-03-31,37386,373869,香川県,綾歌郡宇多津町,town,37386,17473,1111,1058,972,768,917,1124,1438,1642,1267,1041,1000,1015,1069,860,711,615,,,,,,865,8562,534,522,506,386,489,587,742,799,629,547,488,520,537,402,317,279,,,,,,278,8911,577,536,466,382,428,537,696,843,638,494,512,495,532,458,394,336,,,,,,587
2010,2010-03-31,37387,373877,香川県,綾歌郡綾川町,town,37387,25614,886,1109,1112,1211,1186,1145,1471,1551,1366,1282,1725,2060,2366,1613,1391,1509,,,,,,2631,12394,455,586,565,631,613,588,746,794,704,646,832,1064,1198,792,642,641,,,,,,897,13220,431,523,547,580,573,557,725,757,662,636,893,996,1168,821,749,868,,,,,,1734
2010,2010-03-31,37400,374008,香川県,仲多度郡,gun_agg,,54235,2055,2240,2409,2391,2519,2577,3009,3386,2763,2828,3404,4037,4812,3608,3295,3426,,,,,,5476,26017,1057,1158,1210,1217,1309,1308,1563,1751,1379,1427,1726,1957,2442,1729,1467,1397,,,,,,1920,28218,998,1082,1199,1174,1210,1269,1446,1635,1384,1401,1678,2080,2370,1879,1828,2029,,,,,,3556
2010,2010-03-31,37403,374032,香川県,仲多度郡琴平町,town,37403,10310,297,405,475,451,416,433,509,626,593,520,601,703,955,769,743,703,,,,,,1111,4795,147,207,246,219,218,222,258,315,297,264,293,337,477,337,310,288,,,,,,360,5515,150,198,229,232,198,211,251,311,296,256,308,366,478,432,433,415,,,,,,751
2010,2010-03-31,37404,374041,香川県,仲多度郡多度津町,town,37404,23742,1018,1093,1070,1061,1128,1173,1439,1644,1223,1249,1449,1753,2089,1622,1297,1330,,,,,,2104,11515,520,557,522,562,586,623,742,854,608,634,737,851,1021,791,607,544,,,,,,756,12227,498,536,548,499,542,550,697,790,615,615,712,902,1068,831,690,786,,,,,,1348
2010,2010-03-31,37406,374067,香川県,仲多度郡まんのう町,town,37406,20183,740,742,864,879,975,971,1061,1116,947,1059,1354,1581,1768,1217,1255,1393,,,,,,2261,9707,390,394,442,436,505,463,563,582,474,529,696,769,944,601,550,565,,,,,,804,10476,350,348,422,443,470,508,498,534,473,530,658,812,824,616,705,828,,,,,,1457
2010,2010-03-31,38000,380008,愛媛県,,pref,,1457950,57798,63260,68399,70722,68214,73738,86509,98817,86046,85766,91807,108765,118988,95176,84761,79293,,,,,,119891,689999,29443,32584,35022,36244,33733,36681,43323,49425,41980,41834,44762,53069,58083,44097,37445,32888,,,,,,39386,767951,28355,30676,33377,34478,34481,37057,43186,49392,44066,43932,47045,55696,60905,51079,47316,46405,,,,,,80505
2010,2010-03-31,38201,382019,愛媛県,松山市,city,38201,514924,22357,23543,24885,26004,27815,30346,34887,39523,34062,32275,32481,36638,39175,31192,25566,22374,,,,,,31801,242473,11280,12143,12836,13297,13503,14556,16862,19437,16348,15205,15496,17559,18762,14426,11326,9059,,,,,,10378,272451,11077,11400,12049,12707,14312,15790,18025,20086,17714,17070,16985,19079,20413,16766,14240,13315,,,,,,21423
2010,2010-03-31,38202,382027,愛媛県,今治市,city,38202,171947,6463,7164,7776,7903,7391,8180,9636,11711,9811,9402,10038,12915,15417,12779,10646,9654,,,,,,15061,80756,3318,3655,4003,3999,3642,4110,4880,5811,4720,4551,4885,6201,7425,5894,4797,4018,,,,,,4847,91191,3145,3509,3773,3904,3749,4070,4756,5900,5091,4851,5153,6714,7992,6885,5849,5636,,,,,,10214
2010,2010-03-31,38203,382035,愛媛県,宇和島市,city,38203,87018,2935,3381,4156,4008,3051,3331,4451,4909,4626,4856,5740,7021,8018,5979,5805,5937,,,,,,8814,40632,1547,1708,2166,2012,1488,1719,2287,2493,2249,2370,2775,3464,3980,2685,2468,2432,,,,,,2789,46386,1388,1673,1990,1996,1563,1612,2164,2416,2377,2486,2965,3557,4038,3294,3337,3505,,,,,,6025
2010,2010-03-31,38204,382043,愛媛県,八幡浜市,city,38204,39499,1240,1471,1721,1944,1456,1416,1736,2251,2232,2287,2618,3146,3445,2938,2796,2646,,,,,,4156,18363,647,749,847,969,690,736,887,1104,1065,1153,1314,1554,1693,1309,1225,1097,,,,,,1324,21136,593,722,874,975,766,680,849,1147,1167,1134,1304,1592,1752,1629,1571,1549,,,,,,2832
2010,2010-03-31,38205,382051,愛媛県,新居浜市,city,38205,125413,5479,5666,5913,5831,5601,6424,7593,8820,7381,7164,7123,8849,10709,8525,7415,6774,,,,,,10146,60041,2837,2904,2952,3107,2792,3245,3960,4500,3782,3698,3493,4249,5176,4014,3259,2781,,,,,,3292,65372,2642,2762,2961,2724,2809,3179,3633,4320,3599,3466,3630,4600,5533,4511,4156,3993,,,,,,6854
2010,2010-03-31,38206,382060,愛媛県,西条市,city,38206,114775,4797,5222,5547,5538,5259,5707,6694,7737,6583,6820,7215,8575,8936,7232,6600,6380,,,,,,9933,55004,2418,2692,2851,2832,2713,2915,3442,3937,3257,3393,3537,4229,4419,3402,2860,2728,,,,,,3379,59771,2379,2530,2696,2706,2546,2792,3252,3800,3326,3427,3678,4346,4517,3830,3740,3652,,,,,,6554
2010,2010-03-31,38207,382078,愛媛県,大洲市,city,38207,48811,1862,2097,2383,2403,2069,2240,2574,2829,2523,2819,3302,3720,3781,3000,2990,3154,,,,,,5065,23220,959,1111,1213,1240,992,1100,1329,1402,1233,1417,1673,1872,1921,1389,1293,1331,,,,,,1745,25591,903,986,1170,1163,1077,1140,1245,1427,1290,1402,1629,1848,1860,1611,1697,1823,,,,,,3320
2010,2010-03-31,38210,382108,愛媛県,伊予市,city,38210,39540,1369,1711,1970,1978,1928,1983,2111,2453,2224,2269,2675,2924,3269,2521,2380,2259,,,,,,3516,18562,702,884,961,997,941,989,1054,1213,1087,1136,1304,1394,1596,1174,1042,913,,,,,,1175,20978,667,827,1009,981,987,994,1057,1240,1137,1133,1371,1530,1673,1347,1338,1346,,,,,,2341
2010,2010-03-31,38213,382132,愛媛県,四国中央市,city,38213,93062,3820,4005,4322,4727,4620,4770,5603,6241,5360,5517,5910,7120,7480,5823,5407,4885,,,,,,7452,45386,1960,2081,2212,2421,2432,2597,2929,3230,2742,2759,2978,3556,3783,2760,2443,2088,,,,,,2415,47676,1860,1924,2110,2306,2188,2173,2674,3011,2618,2758,2932,3564,3697,3063,2964,2797,,,,,,5037
2010,2010-03-31,38214,382141,愛媛県,西予市,city,38214,43586,1418,1584,1813,1910,1349,1502,1992,2104,2046,2303,2702,3356,3818,3105,3369,3541,,,,,,5674,20480,728,871,933,936,702,780,1040,1054,1038,1163,1382,1671,1918,1422,1472,1486,,,,,,1884,23106,690,713,880,974,647,722,952,1050,1008,1140,1320,1685,1900,1683,1897,2055,,,,,,3790
2010,2010-03-31,38215,382159,愛媛県,東温市,city,38215,34716,1442,1615,1605,1750,1880,1960,2190,2287,1987,1982,2350,2693,2678,2019,1844,1695,,,,,,2739,16528,704,817,817,917,905,959,1076,1169,938,952,1142,1356,1328,935,830,695,,,,,,988,18188,738,798,788,833,975,1001,1114,1118,1049,1030,1208,1337,1350,1084,1014,1000,,,,,,1751
2010,2010-03-31,38340,383406,愛媛県,越智郡,gun_agg,,7535,171,225,204,427,199,203,268,295,258,373,451,662,825,716,652,640,,,,,,966,3632,80,101,93,285,115,106,142,156,136,194,218,346,426,349,294,257,,,,,,334,3903,91,124,111,142,84,97,126,139,122,179,233,316,399,367,358,383,,,,,,632
2010,2010-03-31,38356,383562,愛媛県,越智郡上島町,town,38356,7535,171,225,204,427,199,203,268,295,258,373,451,662,825,716,652,640,,,,,,966,3632,80,101,93,285,115,106,142,156,136,194,218,346,426,349,294,257,,,,,,334,3903,91,124,111,142,84,97,126,139,122,179,233,316,399,367,358,383,,,,,,632
2010,2010-03-31,38380,383805,愛媛県,上浮穴郡,gun_agg,,10366,239,325,379,366,369,319,374,434,412,551,660,744,708,693,1018,1093,,,,,,1682,4873,106,167,188,186,207,172,199,225,206,286,366,389,365,297,434,488,,,,,,592,5493,133,158,191,180,162,147,175,209,206,265,294,355,343,396,584,605,,,,,,1090
2010,2010-03-31,38386,383864,愛媛県,上浮穴郡久万高原町,town,38386,10366,239,325,379,366,369,319,374,434,412,551,660,744,708,693,1018,1093,,,,,,1682,4873,106,167,188,186,207,172,199,225,206,286,366,389,365,297,434,488,,,,,,592,5493,133,158,191,180,162,147,175,209,206,265,294,355,343,396,584,605,,,,,,1090
2010,2010-03-31,38400,384003,愛媛県,伊予郡,gun_agg,,53882,2187,2473,2594,2623,2770,2887,3267,3707,3065,3153,3612,4198,4354,3611,2893,2621,,,,,,3867,25755,1128,1314,1353,1367,1349,1416,1623,1871,1483,1505,1705,2076,2073,1767,1311,1124,,,,,,1290,28127,1059,1159,1241,1256,1421,1471,1644,1836,1582,1648,1907,2122,2281,1844,1582,1497,,,,,,2577
2010,2010-03-31,38401,384011,愛媛県,伊予郡松前町,town,38401,31430,1263,1474,1540,1531,1557,1651,1880,2213,1862,1837,2071,2378,2488,2129,1721,1571,,,,,,2264,15003,653,785,798,762,768,830,934,1122,918,875,977,1190,1171,1057,760,663,,,,,,740,16427,610,689,742,769,789,821,946,1091,944,962,1094,1188,1317,1072,961,908,,,,,,1524
2010,2010-03-31,38402,384020,愛媛県,伊予郡砥部町,town,38402,22452,924,999,1054,1092,1213,1236,1387,1494,1203,1316,1541,1820,1866,1482,1172,1050,,,,,,1603,10752,475,529,555,605,581,586,689,749,565,630,728,886,902,710,551,461,,,,,,550,11700,449,470,499,487,632,650,698,745,638,686,813,934,964,772,621,589,,,,,,1053
2010,2010-03-31,38420,384208,愛媛県,喜多郡,gun_agg,,19066,577,795,859,914,763,765,870,914,928,1047,1259,1498,1503,1218,1340,1406,,,,,,2410,9064,293,396,446,482,379,379,449,476,457,554,658,774,763,563,590,578,,,,,,827,10002,284,399,413,432,384,386,421,438,471,493,601,724,740,655,750,828,,,,,,1583
2010,2010-03-31,38422,384224,愛媛県,喜多郡内子町,town,38422,19066,577,795,859,914,763,765,870,914,928,1047,1259,1498,1503,1218,1340,1406,,,,,,2410,9064,293,396,446,482,379,379,449,476,457,554,658,774,763,563,590,578,,,,,,827,10002,284,399,413,432,384,386,421,438,471,493,601,724,740,655,750,828,,,,,,1583
2010,2010-03-31,38440,384402,愛媛県,西宇和郡,gun_agg,,11710,290,374,442,514,427,401,446,457,549,629,791,955,949,809,960,1105,,,,,,1612,5531,145,182,228,251,230,219,238,238,275,331,435,494,511,347,418,484,,,,,,505,6179,145,192,214,263,197,182,208,219,274,298,356,461,438,462,542,621,,,,,,1107
2010,2010-03-31,38442,384429,愛媛県,西宇和郡伊方町,town,38442,11710,290,374,442,514,427,401,446,457,549,629,791,955,949,809,960,1105,,,,,,1612,5531,145,182,228,251,230,219,238,238,275,331,435,494,511,347,418,484,,,,,,505,6179,145,192,214,263,197,182,208,219,274,298,356,461,438,462,542,621,,,,,,1107
2010,2010-03-31,38480,384801,愛媛県,北宇和郡,gun_agg,,16515,469,665,678,717,441,490,675,791,731,883,1015,1393,1489,1160,1270,1408,,,,,,2240,7741,241,331,348,357,222,263,341,408,357,459,499,702,750,505,558,631,,,,,,769,8774,228,334,330,360,219,227,334,383,374,424,516,691,739,655,712,777,,,,,,1471
2010,2010-03-31,38484,384844,愛媛県,北宇和郡松野町,town,38484,4524,123,170,185,185,124,138,187,239,209,216,289,405,400,340,350,402,,,,,,562,2150,58,83,108,90,65,70,98,127,106,106,148,203,206,148,163,176,,,,,,195,2374,65,87,77,95,59,68,89,112,103,110,141,202,194,192,187,226,,,,,,367
2010,2010-03-31,38488,384887,愛媛県,北宇和郡鬼北町,town,38488,11991,346,495,493,532,317,352,488,552,522,667,726,988,1089,820,920,1006,,,,,,1678,5591,183,248,240,267,157,193,243,281,251,353,351,499,544,357,395,455,,,,,,574,6400,163,247,253,265,160,159,245,271,271,314,375,489,545,463,525,551,,,,,,1104
2010,2010-03-31,38500,385000,愛媛県,南宇和郡,gun_agg,,25585,683,944,1152,1165,826,814,1142,1354,1268,1436,1865,2358,2434,1856,1810,1721,,,,,,2757,11958,350,478,575,589,431,420,585,701,607,708,902,1183,1194,859,825,698,,,,,,853,13627,333,466,577,576,395,394,557,653,661,728,963,1175,1240,997,985,1023,,,,,,1904
2010,2010-03-31,38506,385069,愛媛県,南宇和郡愛南町,town,38506,25585,683,944,1152,1165,826,814,1142,1354,1268,1436,1865,2358,2434,1856,1810,1721,,,,,,2757,11958,350,478,575,589,431,420,585,701,607,708,902,1183,1194,859,825,698,,,,,,853,13627,333,466,577,576,395,394,557,653,661,728,963,1175,1240,997,985,1023,,,,,,1904
2010,2010-03-31,39000,390003,高知県,,pref,,772401,28765,31721,34428,35847,33302,36648,44923,50916,42870,44361,48302,57385,65460,52794,45859,45898,,,,,,72922,363212,14758,16256,17733,18161,16446,18283,22724,25407,20878,21697,23806,28219,32128,24378,20267,18927,,,,,,23144,409189,14007,15465,16695,17686,16856,18365,22199,25509,21992,22664,24496,29166,33332,28416,25592,26971,,,,,,49778
2010,2010-03-31,39201,392014,高知県,高知市,city,39201,339714,14832,15481,16025,16314,16259,18546,22947,26289,21503,21237,20899,23761,27389,21538,17047,16069,,,,,,23578,158209,7636,7932,8134,8162,7795,8814,11281,12868,10231,10226,10018,11355,13094,9803,7344,6318,,,,,,7198,181505,7196,7549,7891,8152,8464,9732,11666,13421,11272,11011,10881,12406,14295,11735,9703,9751,,,,,,16380
2010,2010-03-31,39202,392022,高知県,室戸市,city,39202,16637,386,431,569,624,585,548,628,769,811,873,1016,1505,1790,1513,1377,1248,,,,,,1964,7886,209,224,282,305,313,311,314,398,433,431,537,742,874,701,663,533,,,,,,616,8751,177,207,287,319,272,237,314,371,378,442,479,763,916,812,714,715,,,,,,1348
2010,2010-03-31,39203,392031,高知県,安芸市,city,39203,19899,636,707,806,852,779,862,1011,1161,998,1136,1234,1590,1854,1469,1406,1276,,,,,,2122,9405,320,364,407,421,378,448,556,572,495,588,607,794,894,709,610,546,,,,,,696,10494,316,343,399,431,401,414,455,589,503,548,627,796,960,760,796,730,,,,,,1426
2010,2010-03-31,39204,392049,高知県,南国市,city,39204,49505,2120,2235,2390,2768,2395,2483,3151,3542,2850,2787,2936,3553,4092,3076,2560,2548,,,,,,4019,23507,1075,1166,1248,1480,1172,1216,1539,1733,1407,1345,1435,1750,2041,1410,1148,1034,,,,,,1308,25998,1045,1069,1142,1288,1223,1267,1612,1809,1443,1442,1501,1803,2051,1666,1412,1514,,,,,,2711
2010,2010-03-31,39205,392057,高知県,土佐市,city,39205,29153,982,1187,1242,1194,1182,1387,1603,1828,1591,1523,1846,2293,2725,2238,1699,1733,,,,,,2900,13991,510,607,676,601,587,713,864,960,808,747,898,1161,1372,1052,800,711,,,,,,924,15162,472,580,566,593,595,674,739,868,783,776,948,1132,1353,1186,899,1022,,,,,,1976
2010,2010-03-31,39206,392065,高知県,須崎市,city,39206,24812,779,896,1097,1324,966,1097,1251,1376,1261,1323,1586,1992,2108,1908,1528,1652,,,,,,2668,12050,400,476,602,720,493,614,672,712,637,680,785,1031,1061,909,692,715,,,,,,851,12762,379,420,495,604,473,483,579,664,624,643,801,961,1047,999,836,937,,,,,,1817
2010,2010-03-31,39208,392081,高知県,宿毛市,city,39208,23103,829,903,1133,1121,808,970,1311,1389,1199,1352,1552,1906,2061,1470,1435,1445,,,,,,2219,10868,401,457,609,555,421,496,687,700,561,660,788,915,1030,689,627,582,,,,,,690,12235,428,446,524,566,387,474,624,689,638,692,764,991,1031,781,808,863,,,,,,1529
2010,2010-03-31,39209,392090,高知県,土佐清水市,city,39209,16643,407,542,644,672,526,497,672,815,757,786,1016,1372,1631,1460,1349,1327,,,,,,2170,7755,192,267,336,340,268,261,364,420,371,382,483,709,784,710,610,558,,,,,,700,8888,215,275,308,332,258,236,308,395,386,404,533,663,847,750,739,769,,,,,,1470
2010,2010-03-31,39210,392103,高知県,四万十市,city,39210,36351,1353,1560,1685,1608,1350,1596,2117,2321,1864,1977,2388,2891,3168,2340,2199,2274,,,,,,3660,17160,673,783,890,804,664,839,1106,1147,945,958,1200,1426,1559,1081,948,962,,,,,,1175,19191,680,777,795,804,686,757,1011,1174,919,1019,1188,1465,1609,1259,1251,1312,,,,,,2485
2010,2010-03-31,39211,392111,高知県,香南市,city,39211,34460,1389,1662,1668,1649,1530,1651,2165,2392,2010,1927,1987,2366,2883,2351,1928,1862,,,,,,3040,16614,711,860,880,864,824,894,1143,1206,1016,936,1020,1140,1415,1110,872,785,,,,,,938,17846,678,802,788,785,706,757,1022,1186,994,991,967,1226,1468,1241,1056,1077,,,,,,2102
2010,2010-03-31,39212,392120,高知県,香美市,city,39212,28339,863,979,1110,1155,1185,1220,1490,1528,1243,1396,1748,2129,2491,2174,1950,2108,,,,,,3570,13259,459,513,564,595,609,625,773,807,607,687,881,1043,1218,1012,828,867,,,,,,1171,15080,404,466,546,560,576,595,717,721,636,709,867,1086,1273,1162,1122,1241,,,,,,2399
2010,2010-03-31,39300,393002,高知県,安芸郡,gun_agg,,19611,525,617,796,821,693,715,852,956,903,1095,1245,1498,1725,1524,1562,1586,,,,,,2498,9184,267,330,416,408,344,378,440,493,455,562,640,753,850,701,706,678,,,,,,763,10427,258,287,380,413,349,337,412,463,448,533,605,745,875,823,856,908,,,,,,1735
2010,2010-03-31,39301,393011,高知県,安芸郡東洋町,town,39301,3171,67,75,119,109,99,93,117,129,130,178,186,283,288,272,279,284,,,,,,463,1499,35,44,60,50,51,55,64,72,72,89,101,142,141,135,131,123,,,,,,134,1672,32,31,59,59,48,38,53,57,58,89,85,141,147,137,148,161,,,,,,329
2010,2010-03-31,39302,393029,高知県,安芸郡奈半利町,town,39302,3698,101,117,146,147,133,138,167,159,157,211,251,295,326,277,305,299,,,,,,469,1686,57,59,82,69,67,64,81,77,69,110,122,142,155,137,129,123,,,,,,143,2012,44,58,64,78,66,74,86,82,88,101,129,153,171,140,176,176,,,,,,326
2010,2010-03-31,39303,393037,高知県,安芸郡田野町,town,39303,3044,85,103,125,132,119,110,129,144,154,192,197,220,259,219,243,242,,,,,,371,1447,51,56,72,75,60,54,70,72,76,97,92,118,126,94,95,113,,,,,,126,1597,34,47,53,57,59,56,59,72,78,95,105,102,133,125,148,129,,,,,,245
2010,2010-03-31,39304,393045,高知県,安芸郡安田町,town,39304,3130,56,82,118,145,104,111,137,145,141,181,213,244,267,245,268,288,,,,,,385,1499,24,48,59,69,49,69,73,75,78,86,115,120,148,119,121,119,,,,,,127,1631,32,34,59,76,55,42,64,70,63,95,98,124,119,126,147,169,,,,,,258
2010,2010-03-31,39305,393053,高知県,安芸郡北川村,village,39305,1486,46,55,55,62,56,55,60,63,60,66,101,101,125,97,131,125,,,,,,228,696,22,27,27,38,25,28,32,36,33,37,53,53,60,45,58,49,,,,,,73,790,24,28,28,24,31,27,28,27,27,29,48,48,65,52,73,76,,,,,,155
2010,2010-03-31,39306,393061,高知県,安芸郡馬路村,village,39306,1043,31,26,59,54,47,39,40,51,51,61,65,64,71,87,79,97,,,,,,121,492,15,16,29,25,22,20,22,21,25,33,35,36,32,28,40,51,,,,,,42,551,16,10,30,29,25,19,18,30,26,28,30,28,39,59,39,46,,,,,,79
2010,2010-03-31,39307,393070,高知県,安芸郡芸西村,village,39307,4039,139,159,174,172,135,169,202,265,210,206,232,291,389,327,257,251,,,,,,461,1865,63,80,87,82,70,88,98,140,102,110,122,142,188,143,132,100,,,,,,118,2174,76,79,87,90,65,81,104,125,108,96,110,149,201,184,125,151,,,,,,343
2010,2010-03-31,39340,393401,高知県,長岡郡,gun_agg,,9000,163,189,248,283,247,260,315,356,309,411,540,651,728,733,856,1006,,,,,,1705,4154,81,96,127,132,131,141,178,198,167,223,284,350,369,312,362,443,,,,,,560,4846,82,93,121,151,116,119,137,158,142,188,256,301,359,421,494,563,,,,,,1145
2010,2010-03-31,39341,393410,高知県,長岡郡本山町,town,39341,3991,108,112,122,139,124,137,182,230,165,194,219,285,336,314,320,370,,,,,,634,1889,54,61,69,66,65,73,107,132,79,108,108,152,167,145,134,166,,,,,,203,2102,54,51,53,73,59,64,75,98,86,86,111,133,169,169,186,204,,,,,,431
2010,2010-03-31,39344,393444,高知県,長岡郡大豊町,town,39344,5009,55,77,126,144,123,123,133,126,144,217,321,366,392,419,536,636,,,,,,1071,2265,27,35,58,66,66,68,71,66,88,115,176,198,202,167,228,277,,,,,,357,2744,28,42,68,78,57,55,62,60,56,102,145,168,190,252,308,359,,,,,,714
2010,2010-03-31,39360,393606,高知県,土佐郡,gun_agg,,4935,134,140,165,188,184,170,190,192,195,278,323,364,391,337,423,480,,,,,,781,2354,71,71,81,86,98,96,103,106,90,152,183,187,199,159,198,202,,,,,,272,2581,63,69,84,102,86,74,87,86,105,126,140,177,192,178,225,278,,,,,,509
2010,2010-03-31,39363,393631,高知県,土佐郡土佐町,town,39363,4466,122,127,158,169,171,151,176,182,177,254,288,334,358,312,385,427,,,,,,675,2124,65,64,76,79,94,86,97,99,83,139,160,171,176,152,178,180,,,,,,225,2342,57,63,82,90,77,65,79,83,94,115,128,163,182,160,207,247,,,,,,450
2010,2010-03-31,39364,393649,高知県,土佐郡大川村,village,39364,469,12,13,7,19,13,19,14,10,18,24,35,30,33,25,38,53,,,,,,106,230,6,7,5,7,4,10,6,7,7,13,23,16,23,7,20,22,,,,,,47,239,6,6,2,12,9,9,8,3,11,11,12,14,10,18,18,31,,,,,,59
2010,2010-03-31,39380,393801,高知県,吾川郡,gun_agg,,33559,937,1164,1334,1632,1432,1391,1462,1708,1601,1843,2300,2621,2866,2404,2264,2394,,,,,,4206,15987,479,582,698,832,765,739,752,888,778,895,1167,1352,1453,1112,1034,1043,,,,,,1418,17572,458,582,636,800,667,652,710,820,823,948,1133,1269,1413,1292,1230,1351,,,,,,2788
2010,2010-03-31,39386,393860,高知県,吾川郡いの町,town,39386,26595,792,977,1108,1405,1267,1197,1224,1452,1343,1563,1929,2147,2324,1814,1609,1684,,,,,,2760,12711,405,489,567,713,675,635,636,743,635,740,967,1088,1180,854,734,731,,,,,,919,13884,387,488,541,692,592,562,588,709,708,823,962,1059,1144,960,875,953,,,,,,1841
2010,2010-03-31,39387,393878,高知県,吾川郡仁淀川町,town,39387,6964,145,187,226,227,165,194,238,256,258,280,371,474,542,590,655,710,,,,,,1446,3276,74,93,131,119,90,104,116,145,143,155,200,264,273,258,300,312,,,,,,499,3688,71,94,95,108,75,90,122,111,115,125,171,210,269,332,355,398,,,,,,947
2010,2010-03-31,39400,394009,高知県,高岡郡,gun_agg,,65369,1884,2328,2690,2716,2460,2538,2829,3239,2854,3305,4218,5157,5563,4692,4750,5197,,,,,,8949,30787,980,1163,1349,1383,1203,1307,1471,1659,1417,1664,2148,2634,2890,2187,2120,2250,,,,,,2962,34582,904,1165,1341,1333,1257,1231,1358,1580,1437,1641,2070,2523,2673,2505,2630,2947,,,,,,5987
2010,2010-03-31,39401,394017,高知県,高岡郡中土佐町,town,39401,8115,191,253,343,316,300,266,360,417,382,360,529,672,707,587,609,647,,,,,,1176,3818,88,115,172,158,150,138,191,209,199,191,264,366,368,278,284,273,,,,,,374,4297,103,138,171,158,150,128,169,208,183,169,265,306,339,309,325,374,,,,,,802
2010,2010-03-31,39402,394025,高知県,高岡郡佐川町,town,39402,14287,463,565,593,675,639,626,658,739,695,795,928,1129,1217,980,923,948,,,,,,1714,6704,232,276,305,327,312,316,333,382,326,384,466,550,633,485,403,408,,,,,,566,7583,231,289,288,348,327,310,325,357,369,411,462,579,584,495,520,540,,,,,,1148
2010,2010-03-31,39403,394033,高知県,高岡郡越知町,town,39403,6662,157,222,239,248,247,251,254,321,292,319,440,457,554,533,505,583,,,,,,1040,3117,86,112,109,134,119,124,131,170,148,164,223,237,280,246,245,238,,,,,,351,3545,71,110,130,114,128,127,123,151,144,155,217,220,274,287,260,345,,,,,,689
2010,2010-03-31,39405,394050,高知県,高岡郡檮原町,town,39405,3931,107,124,171,149,103,130,155,190,137,170,233,322,323,285,313,390,,,,,,629,1857,58,66,76,85,41,66,88,101,70,93,120,170,163,130,136,179,,,,,,215,2074,49,58,95,64,62,64,67,89,67,77,113,152,160,155,177,211,,,,,,414
2010,2010-03-31,39410,394106,高知県,高岡郡日高村,village,39410,5778,164,195,237,251,233,290,292,297,284,291,365,451,552,423,361,390,,,,,,702,2719,83,102,125,126,113,148,150,143,136,139,189,214,294,187,167,153,,,,,,250,3059,81,93,112,125,120,142,142,154,148,152,176,237,258,236,194,237,,,,,,452
2010,2010-03-31,39411,394114,高知県,高岡郡津野町,town,39411,6782,214,242,285,290,255,270,278,349,261,350,424,524,531,465,494,561,,,,,,989,3219,105,130,150,148,121,139,154,178,137,169,217,277,277,215,222,254,,,,,,326,3563,109,112,135,142,134,131,124,171,124,181,207,247,254,250,272,307,,,,,,663
2010,2010-03-31,39412,394122,高知県,高岡郡四万十町,town,39412,19814,588,727,822,787,683,705,832,926,803,1020,1299,1602,1679,1419,1545,1678,,,,,,2699,9353,328,362,412,405,347,376,424,476,401,524,669,820,875,646,663,745,,,,,,880,10461,260,365,410,382,336,329,408,450,402,496,630,782,804,773,882,933,,,,,,1819
2010,2010-03-31,39420,394203,高知県,幡多郡,gun_agg,,21311,546,700,826,926,721,717,929,1055,921,1112,1468,1736,1995,1567,1526,1693,,,,,,2873,10042,294,365,434,473,381,391,481,540,460,561,732,877,1025,721,705,700,,,,,,902,11269,252,335,392,453,340,326,448,515,461,551,736,859,970,846,821,993,,,,,,1971
2010,2010-03-31,39424,394246,高知県,幡多郡大月町,town,39424,6304,161,195,256,249,192,198,252,287,230,318,473,537,571,454,491,538,,,,,,902,2981,86,100,140,123,95,106,130,139,116,158,243,294,306,209,227,230,,,,,,279,3323,75,95,116,126,97,92,122,148,114,160,230,243,265,245,264,308,,,,,,623
2010,2010-03-31,39427,394271,高知県,幡多郡三原村,village,39427,1794,43,65,58,82,58,55,69,90,75,99,120,122,149,131,126,172,,,,,,280,855,27,40,32,45,31,30,39,45,38,58,62,53,71,60,51,81,,,,,,92,939,16,25,26,37,27,25,30,45,37,41,58,69,78,71,75,91,,,,,,188
2010,2010-03-31,39428,394289,高知県,幡多郡黒潮町,town,39428,13213,342,440,512,595,471,464,608,678,616,695,875,1077,1275,982,909,983,,,,,,1691,6206,181,225,262,305,255,255,312,356,306,345,427,530,648,452,427,389,,,,,,531,7007,161,215,250,290,216,209,296,322,310,350,448,547,627,530,482,594,,,,,,1160
2010,2010-03-31,40000,400009,福岡県,,pref,,5038574,227556,231043,239662,245871,280054,314226,345988,374390,320257,297278,309917,366400,383294,305445,258252,223920,,,,,,315021,2391310,116517,118460,122526,124437,139103,153611,170796,186065,156250,144295,151340,178487,184098,140984,112900,91230,,,,,,100211,2647264,111039,112583,117136,121434,140951,160615,175192,188325,164007,152983,158577,187913,199196,164461,145352,132690,,,,,,214810
2010,2010-03-31,40100,401005,福岡県,北九州市,city_agg,,979233,41656,43016,44639,45354,50588,54400,61425,69995,60840,56860,58531,70933,78798,67170,57394,50390,,,,,,67244,463124,21192,22144,22844,23184,25834,27158,30655,34796,29501,27555,28851,34449,37193,30921,24829,20332,,,,,,21686,516109,20464,20872,21795,22170,24754,27242,30770,35199,31339,29305,29680,36484,41605,36249,32565,30058,,,,,,45558
2010,2010-03-31,40101,401013,福岡県,北九州市門司区,ward,40100,107321,3764,4238,4390,4613,4689,4964,5916,6797,6039,5849,6303,8195,9675,8373,7205,6782,,,,,,9529,49543,1901,2204,2244,2335,2341,2476,2939,3366,2906,2770,3055,3861,4590,3831,2968,2674,,,,,,3082,57778,1863,2034,2146,2278,2348,2488,2977,3431,3133,3079,3248,4334,5085,4542,4237,4108,,,,,,6447
2010,2010-03-31,40103,401030,福岡県,北九州市若松区,ward,40100,86777,3304,3796,4170,4508,4499,4258,4670,5485,4977,5274,5608,6543,7206,6039,5168,4728,,,,,,6544,41077,1665,1968,2102,2344,2389,2118,2350,2736,2398,2505,2772,3214,3469,2879,2221,1883,,,,,,2064,45700,1639,1828,2068,2164,2110,2140,2320,2749,2579,2769,2836,3329,3737,3160,2947,2845,,,,,,4480
2010,2010-03-31,40105,401056,福岡県,北九州市戸畑区,ward,40100,61989,2480,2629,2645,2752,3611,3430,3567,4237,3774,3666,3805,4469,4894,4312,3769,3427,,,,,,4522,29766,1269,1313,1338,1446,2143,1810,1835,2151,1830,1772,1906,2231,2364,1982,1602,1370,,,,,,1404,32223,1211,1316,1307,1306,1468,1620,1732,2086,1944,1894,1899,2238,2530,2330,2167,2057,,,,,,3118
2010,2010-03-31,40106,401064,福岡県,北九州市小倉北区,ward,40100,177449,7370,6946,6995,7335,9415,11433,12451,12965,11164,10598,10664,12872,14841,11730,10069,9035,,,,,,11566,83525,3759,3536,3583,3671,4579,5687,6228,6494,5442,5223,5326,6266,7056,5321,4132,3590,,,,,,3632,93924,3611,3410,3412,3664,4836,5746,6223,6471,5722,5375,5338,6606,7785,6409,5937,5445,,,,,,7934
2010,2010-03-31,40107,401072,福岡県,北九州市小倉南区,ward,40100,215389,10518,10652,10985,10759,11478,12136,14544,16733,14534,12492,12648,14963,16277,13903,11381,9416,,,,,,11970,103257,5372,5576,5712,5463,5692,6054,7170,8283,7057,6096,6254,7273,7629,6393,5211,4056,,,,,,3966,112132,5146,5076,5273,5296,5786,6082,7374,8450,7477,6396,6394,7690,8648,7510,6170,5360,,,,,,8004
2010,2010-03-31,40108,401081,福岡県,北九州市八幡東区,ward,40100,72389,2358,2637,2857,3028,3649,3623,3813,4389,4047,3901,4154,5450,6073,5485,5190,4764,,,,,,6971,33595,1179,1344,1443,1624,1929,1861,1895,2158,1960,1891,2041,2632,2897,2471,2186,1880,,,,,,2204,38794,1179,1293,1414,1404,1720,1762,1918,2231,2087,2010,2113,2818,3176,3014,3004,2884,,,,,,4767
2010,2010-03-31,40109,401099,福岡県,北九州市八幡西区,ward,40100,257919,11862,12118,12597,12359,13247,14556,16464,19389,16305,15080,15349,18441,19832,17328,14612,12238,,,,,,16142,122361,6047,6203,6422,6301,6761,7152,8238,9608,7908,7298,7497,8972,9188,8044,6509,4879,,,,,,5334,135558,5815,5915,6175,6058,6486,7404,8226,9781,8397,7782,7852,9469,10644,9284,8103,7359,,,,,,10808
2010,2010-03-31,40130,401307,福岡県,福岡市,city_agg,,1396789,66994,64309,64159,64658,88553,107392,115206,120927,102000,88169,83651,92548,94630,71838,58488,48789,,,,,,64478,663179,34323,33034,32699,32563,42554,51043,55788,59412,49906,43084,40755,44954,45314,32399,25178,19949,,,,,,20224,733610,32671,31275,31460,32095,45999,56349,59418,61515,52094,45085,42896,47594,49316,39439,33310,28840,,,,,,44254
2010,2010-03-31,40131,401315,福岡県,福岡市東区,ward,40130,277082,14338,13598,13348,13638,17516,19740,22176,23817,19708,17223,16540,18565,18800,14376,11542,9467,,,,,,12690,134638,7259,6944,6805,6921,8961,9735,11135,12109,9890,8567,8147,9177,9253,6690,5041,3965,,,,,,4039,142444,7079,6654,6543,6717,8555,10005,11041,11708,9818,8656,8393,9388,9547,7686,6501,5502,,,,,,8651
2010,2010-03-31,40132,401323,福岡県,福岡市博多区,ward,40130,194817,9161,7470,6932,7431,15433,20017,18730,17988,13885,11366,10726,12011,12506,9194,7534,6211,,,,,,8222,94849,4667,3886,3561,3664,7092,9934,9535,9405,7195,5930,5513,6078,6203,4138,3197,2422,,,,,,2429,99968,4494,3584,3371,3767,8341,10083,9195,8583,6690,5436,5213,5933,6303,5056,4337,3789,,,,,,5793
2010,2010-03-31,40133,401331,福岡県,福岡市中央区,ward,40130,163183,6525,5810,5844,5903,11300,16624,16254,15276,12949,10760,9441,9996,10366,7455,6208,5332,,,,,,7140,71938,3344,2903,2909,2817,4783,7036,6974,6763,5948,4967,4423,4705,4695,3162,2425,1929,,,,,,2155,91245,3181,2907,2935,3086,6517,9588,9280,8513,7001,5793,5018,5291,5671,4293,3783,3403,,,,,,4985
2010,2010-03-31,40134,401340,福岡県,福岡市南区,ward,40130,243385,11225,11275,11526,11507,14474,17287,19356,20856,17793,15670,14998,16289,16773,12849,10647,9102,,,,,,11758,114684,5731,5832,5947,5908,6816,8172,9281,10183,8625,7564,7231,7807,7929,5682,4531,3730,,,,,,3715,128701,5494,5443,5579,5599,7658,9115,10075,10673,9168,8106,7767,8482,8844,7167,6116,5372,,,,,,8043
2010,2010-03-31,40135,401358,福岡県,福岡市西区,ward,40130,188532,10043,10162,9919,9350,10011,11488,14193,16313,14018,12097,11052,12440,12970,10339,8265,6792,,,,,,9080,90115,5183,5258,5058,4753,5054,5489,6794,7950,6856,5911,5333,6017,6154,4733,3731,2956,,,,,,2885,98417,4860,4904,4861,4597,4957,5999,7399,8363,7162,6186,5719,6423,6816,5606,4534,3836,,,,,,6195
2010,2010-03-31,40136,401366,福岡県,福岡市城南区,ward,40130,120764,5519,5476,5638,5978,8155,8349,9104,9923,8440,7423,7393,8465,8469,6544,5449,4571,,,,,,5868,57558,2869,2810,2867,3024,4215,4040,4491,4926,4074,3613,3546,3993,3997,2988,2334,1892,,,,,,1879,63206,2650,2666,2771,2954,3940,4309,4613,4997,4366,3810,3847,4472,4472,3556,3115,2679,,,,,,3989
2010,2010-03-31,40137,401374,福岡県,福岡市早良区,ward,40130,209026,10183,10518,10952,10851,11664,13887,15393,16754,15207,13630,13501,14782,14746,11081,8843,7314,,,,,,9720,99397,5270,5401,5552,5476,5633,6637,7578,8076,7318,6532,6562,7177,7083,5006,3919,3055,,,,,,3122,109629,4913,5117,5400,5375,6031,7250,7815,8678,7889,7098,6939,7605,7663,6075,4924,4259,,,,,,6598
2010,2010-03-31,40202,402028,福岡県,大牟田市,city,40202,126591,4467,4881,5582,5937,5903,6151,6381,7089,6641,7057,7970,10070,10925,8757,8167,7865,,,,,,12748,58019,2270,2513,2885,3030,2947,3051,3173,3453,3175,3352,3864,4948,5210,3980,3421,2939,,,,,,3808,68572,2197,2368,2697,2907,2956,3100,3208,3636,3466,3705,4106,5122,5715,4777,4746,4926,,,,,,8940
2010,2010-03-31,40203,402036,福岡県,久留米市,city,40203,302964,14168,14574,15169,15728,16827,18496,20525,21892,19260,18046,18638,21684,22352,17874,15537,13389,,,,,,18805,143642,7244,7470,7699,8032,8485,9041,10113,10907,9436,8676,9053,10544,10680,8180,6664,5452,,,,,,5966,159322,6924,7104,7470,7696,8342,9455,10412,10985,9824,9370,9585,11140,11672,9694,8873,7937,,,,,,12839
2010,2010-03-31,40204,402044,福岡県,直方市,city,40204,58828,2570,2435,2491,2721,2911,3337,3556,3737,3148,3054,3584,4609,4909,4154,3754,3240,,,,,,4618,27565,1345,1244,1248,1397,1436,1678,1852,1895,1521,1500,1703,2159,2345,1822,1635,1276,,,,,,1509,31263,1225,1191,1243,1324,1475,1659,1704,1842,1627,1554,1881,2450,2564,2332,2119,1964,,,,,,3109
2010,2010-03-31,40205,402052,福岡県,飯塚市,city,40205,131667,5639,5637,5849,6386,7112,7745,8465,8287,6821,6934,8281,10948,10994,8210,7447,6717,,,,,,10195,61977,2923,2862,2971,3174,3791,3923,4263,4175,3359,3369,4017,5239,5343,3683,3184,2649,,,,,,3052,69690,2716,2775,2878,3212,3321,3822,4202,4112,3462,3565,4264,5709,5651,4527,4263,4068,,,,,,7143
2010,2010-03-31,40206,402061,福岡県,田川市,city,40206,51027,2210,2199,2271,2446,2530,2662,2969,3070,2652,2578,3121,4094,4378,3377,3228,2941,,,,,,4301,23580,1125,1121,1179,1222,1284,1336,1525,1515,1260,1228,1499,1972,2038,1517,1321,1141,,,,,,1297,27447,1085,1078,1092,1224,1246,1326,1444,1555,1392,1350,1622,2122,2340,1860,1907,1800,,,,,,3004
2010,2010-03-31,40207,402079,福岡県,柳川市,city,40207,72456,2730,3131,3469,3894,3717,3645,3929,4189,4249,4356,4705,5432,5704,4797,4601,4037,,,,,,5871,34304,1372,1633,1763,1967,1762,1786,1983,2074,2085,2192,2361,2664,2784,2219,2050,1680,,,,,,1929,38152,1358,1498,1706,1927,1955,1859,1946,2115,2164,2164,2344,2768,2920,2578,2551,2357,,,,,,3942
2010,2010-03-31,40210,402109,福岡県,八女市,city,40210,70783,2504,2849,3429,3845,3596,3419,3512,3667,3795,4101,4724,5560,5273,4421,4534,4592,,,,,,6962,33322,1274,1459,1778,1900,1792,1693,1750,1865,1802,2018,2393,2788,2591,2009,1927,1937,,,,,,2346,37461,1230,1390,1651,1945,1804,1726,1762,1802,1993,2083,2331,2772,2682,2412,2607,2655,,,,,,4616
2010,2010-03-31,40211,402117,福岡県,筑後市,city,40211,48800,2366,2471,2680,2545,2565,2760,3088,3374,3120,2822,3117,3429,3576,2861,2462,2240,,,,,,3324,23321,1206,1274,1399,1309,1277,1401,1504,1690,1499,1379,1519,1690,1740,1350,1111,903,,,,,,1070,25479,1160,1197,1281,1236,1288,1359,1584,1684,1621,1443,1598,1739,1836,1511,1351,1337,,,,,,2254
2010,2010-03-31,40212,402125,福岡県,大川市,city,40212,38375,1297,1524,1865,1992,1933,1969,2013,2209,2364,2265,2329,2955,3045,2829,2562,2194,,,,,,3030,18386,646,806,989,1000,937,987,1039,1064,1187,1156,1170,1464,1468,1283,1185,987,,,,,,1018,19989,651,718,876,992,996,982,974,1145,1177,1109,1159,1491,1577,1546,1377,1207,,,,,,2012
2010,2010-03-31,40213,402133,福岡県,行橋市,city,40213,72032,3128,3333,3593,3673,3764,3957,4365,5018,4293,4267,4554,5551,5927,4872,3912,3358,,,,,,4467,34326,1592,1675,1850,1877,1881,1997,2180,2540,2131,2023,2281,2683,2812,2281,1757,1359,,,,,,1407,37706,1536,1658,1743,1796,1883,1960,2185,2478,2162,2244,2273,2868,3115,2591,2155,1999,,,,,,3060
2010,2010-03-31,40214,402141,福岡県,豊前市,city,40214,27788,1016,1202,1253,1322,1250,1316,1514,1742,1450,1418,1671,2140,2313,2031,1792,1721,,,,,,2637,13035,526,623,633,658,654,670,745,884,714,706,808,1040,1131,948,803,669,,,,,,823,14753,490,579,620,664,596,646,769,858,736,712,863,1100,1182,1083,989,1052,,,,,,1814
2010,2010-03-31,40215,402150,福岡県,中間市,city,40215,45606,1637,1744,1843,2087,2147,2377,2528,2756,2320,2291,2720,3648,4161,3705,3069,2747,,,,,,3826,21228,817,883,961,1057,1075,1158,1263,1385,1093,1064,1324,1749,1920,1769,1336,1071,,,,,,1303,24378,820,861,882,1030,1072,1219,1265,1371,1227,1227,1396,1899,2241,1936,1733,1676,,,,,,2523
2010,2010-03-31,40216,402168,福岡県,小郡市,city,40216,59029,2565,3204,3475,3521,3116,3036,3500,4130,3909,3810,3801,4085,4286,3556,3013,2643,,,,,,3379,28109,1300,1646,1787,1760,1596,1492,1666,1996,1812,1796,1855,2015,2049,1660,1378,1172,,,,,,1129,30920,1265,1558,1688,1761,1520,1544,1834,2134,2097,2014,1946,2070,2237,1896,1635,1471,,,,,,2250
2010,2010-03-31,40217,402176,福岡県,筑紫野市,city,40217,100383,5041,5162,5169,5225,5954,6157,7267,8097,6455,5868,6682,7600,7560,5515,4298,3475,,,,,,4858,48093,2527,2661,2701,2666,3002,2895,3498,4036,3099,2783,3127,3758,3630,2691,1988,1444,,,,,,1587,52290,2514,2501,2468,2559,2952,3262,3769,4061,3356,3085,3555,3842,3930,2824,2310,2031,,,,,,3271
2010,2010-03-31,40218,402184,福岡県,春日市,city,40218,108927,5367,6107,6643,6473,6201,6479,7478,9233,8498,7584,7061,7397,7186,5420,4304,3461,,,,,,4035,53079,2806,3159,3413,3328,3147,3117,3670,4463,4153,3722,3502,3623,3528,2535,1984,1542,,,,,,1387,55848,2561,2948,3230,3145,3054,3362,3808,4770,4345,3862,3559,3774,3658,2885,2320,1919,,,,,,2648
2010,2010-03-31,40219,402192,福岡県,大野城市,city,40219,94975,5143,5003,5276,5263,5125,6019,7421,8259,7189,6408,5790,6216,6376,4922,3999,2951,,,,,,3615,45857,2654,2545,2653,2633,2462,2913,3625,4097,3495,3128,2889,3027,3087,2266,1861,1320,,,,,,1202,49118,2489,2458,2623,2630,2663,3106,3796,4162,3694,3280,2901,3189,3289,2656,2138,1631,,,,,,2413
2010,2010-03-31,40220,402206,福岡県,宗像市,city,40220,94919,4079,4270,4606,4945,5626,5586,5766,6271,5474,5634,6537,7381,7612,6145,4703,4213,,,,,,6071,45016,2070,2191,2337,2374,2775,2711,2866,3077,2579,2618,3113,3610,3645,3012,2135,1726,,,,,,2177,49903,2009,2079,2269,2571,2851,2875,2900,3194,2895,3016,3424,3771,3967,3133,2568,2487,,,,,,3894
2010,2010-03-31,40221,402214,福岡県,太宰府市,city,40221,69297,3513,3237,3273,3161,3655,4337,5351,5524,4326,3745,3878,4896,5796,4509,3499,2788,,,,,,3809,33121,1827,1693,1665,1588,1822,2123,2626,2739,2116,1774,1844,2249,2755,2182,1623,1189,,,,,,1306,36176,1686,1544,1608,1573,1833,2214,2725,2785,2210,1971,2034,2647,3041,2327,1876,1599,,,,,,2503
2010,2010-03-31,40223,402231,福岡県,古賀市,city,40223,57996,2738,2774,2944,3311,3658,3549,4008,4248,3556,3594,3976,4403,4639,3425,2570,1953,,,,,,2650,27990,1424,1420,1512,1699,1769,1730,2006,2160,1771,1661,1916,2154,2240,1638,1191,816,,,,,,883,30006,1314,1354,1432,1612,1889,1819,2002,2088,1785,1933,2060,2249,2399,1787,1379,1137,,,,,,1767
2010,2010-03-31,40224,402249,福岡県,福津市,city,40224,55979,2247,2386,2511,2703,2817,3163,3364,3715,3121,3210,3584,4483,4869,4125,3144,2614,,,,,,3923,26215,1137,1206,1290,1319,1415,1501,1647,1779,1468,1505,1696,2078,2302,1952,1510,1048,,,,,,1362,29764,1110,1180,1221,1384,1402,1662,1717,1936,1653,1705,1888,2405,2567,2173,1634,1566,,,,,,2561
2010,2010-03-31,40225,402257,福岡県,うきは市,city,40225,32615,1327,1405,1586,1714,1648,1699,1867,1970,1669,1727,2092,2527,2559,2131,1949,1801,,,,,,2944,15344,687,722,805,853,809,834,947,1006,854,853,1027,1273,1234,948,870,696,,,,,,926,17271,640,683,781,861,839,865,920,964,815,874,1065,1254,1325,1183,1079,1105,,,,,,2018
2010,2010-03-31,40226,402265,福岡県,宮若市,city,40226,31066,1394,1239,1295,1374,1645,1924,1866,1770,1392,1569,1965,2553,2478,1907,1778,1823,,,,,,3094,14697,707,655,656,730,854,1004,957,940,677,746,977,1292,1259,877,703,729,,,,,,934,16369,687,584,639,644,791,920,909,830,715,823,988,1261,1219,1030,1075,1094,,,,,,2160
2010,2010-03-31,40227,402273,福岡県,嘉麻市,city,40227,44544,1589,1749,1949,2097,2223,2316,2379,2382,2000,2197,2876,3948,3869,2878,2791,2749,,,,,,4552,20627,821,898,1061,1074,1156,1176,1204,1198,993,1051,1395,1934,1893,1266,1139,1072,,,,,,1296,23917,768,851,888,1023,1067,1140,1175,1184,1007,1146,1481,2014,1976,1612,1652,1677,,,,,,3256
2010,2010-03-31,40228,402281,福岡県,朝倉市,city,40228,58448,2151,2479,2813,3045,3110,3113,3322,3323,3007,3126,3747,4646,4661,3701,3414,3334,,,,,,5456,27474,1064,1270,1432,1481,1595,1558,1705,1713,1449,1502,1817,2345,2307,1730,1397,1383,,,,,,1726,30974,1087,1209,1381,1564,1515,1555,1617,1610,1558,1624,1930,2301,2354,1971,2017,1951,,,,,,3730
2010,2010-03-31,40229,402290,福岡県,みやま市,city,40229,42006,1392,1681,1834,2005,2003,2033,2150,2169,2133,2287,2818,3587,3475,2784,2767,2620,,,,,,4268,19692,702,850,951,1010,1001,1012,1073,1087,1046,1115,1395,1743,1759,1273,1211,1069,,,,,,1395,22314,690,831,883,995,1002,1021,1077,1082,1087,1172,1423,1844,1716,1511,1556,1551,,,,,,2873
2010,2010-03-31,40230,402303,福岡県,糸島市,city,40230,100680,4326,4834,5363,5532,5464,5465,6141,6947,6008,6186,6707,8065,8310,6311,4841,3988,,,,,,6192,48038,2203,2454,2753,2796,2717,2658,3050,3377,2902,2968,3217,3980,4001,3074,2265,1707,,,,,,1916,52642,2123,2380,2610,2736,2747,2807,3091,3570,3106,3218,3490,4085,4309,3237,2576,2281,,,,,,4276
2010,2010-03-31,40300,403008,福岡県,筑紫郡,gun_agg,,49591,3011,2916,3022,2578,2564,3147,3746,4369,3658,2970,2959,3360,3497,2574,1812,1419,,,,,,1989,24259,1550,1497,1531,1306,1271,1554,1831,2208,1748,1535,1457,1642,1719,1270,868,605,,,,,,667,25332,1461,1419,1491,1272,1293,1593,1915,2161,1910,1435,1502,1718,1778,1304,944,814,,,,,,1322
2010,2010-03-31,40305,403059,福岡県,筑紫郡那珂川町,town,40305,49591,3011,2916,3022,2578,2564,3147,3746,4369,3658,2970,2959,3360,3497,2574,1812,1419,,,,,,1989,24259,1550,1497,1531,1306,1271,1554,1831,2208,1748,1535,1457,1642,1719,1270,868,605,,,,,,667,25332,1461,1419,1491,1272,1293,1593,1915,2161,1910,1435,1502,1718,1778,1304,944,814,,,,,,1322
2010,2010-03-31,40340,403407,福岡県,糟屋郡,gun_agg,,213861,12908,11730,10760,10397,11283,14378,17420,18839,13731,11758,12412,15191,15493,11778,8914,6989,,,,,,9880,104212,6695,5916,5521,5296,5559,7014,8672,9749,7057,5824,6114,7487,7651,5598,4066,2935,,,,,,3058,109649,6213,5814,5239,5101,5724,7364,8748,9090,6674,5934,6298,7704,7842,6180,4848,4054,,,,,,6822
2010,2010-03-31,40341,403415,福岡県,糟屋郡宇美町,town,40341,37868,1871,1890,1893,1998,2335,2443,2625,2656,2068,2079,2742,3297,3132,2115,1592,1301,,,,,,1831,18448,991,974,948,1006,1142,1237,1314,1382,1046,985,1335,1650,1595,1038,710,530,,,,,,565,19420,880,916,945,992,1193,1206,1311,1274,1022,1094,1407,1647,1537,1077,882,771,,,,,,1266
2010,2010-03-31,40342,403423,福岡県,糟屋郡篠栗町,town,40342,31656,1842,1761,1824,1616,1550,1966,2367,2734,2245,1922,1760,2212,2192,1730,1346,1071,,,,,,1518,15389,936,905,954,825,773,978,1175,1378,1121,956,886,1089,1073,813,623,451,,,,,,453,16267,906,856,870,791,777,988,1192,1356,1124,966,874,1123,1119,917,723,620,,,,,,1065
2010,2010-03-31,40343,403431,福岡県,糟屋郡志免町,town,40343,43013,2690,2417,2198,1901,2033,2816,3661,4015,2970,2279,2308,2841,3027,2445,1940,1481,,,,,,1991,20713,1399,1215,1126,956,962,1352,1796,2084,1502,1144,1123,1356,1472,1140,845,628,,,,,,613,22300,1291,1202,1072,945,1071,1464,1865,1931,1468,1135,1185,1485,1555,1305,1095,853,,,,,,1378
2010,2010-03-31,40344,403440,福岡県,糟屋郡須惠町,town,40344,26014,1342,1328,1250,1242,1392,1749,1907,2034,1531,1221,1487,2006,2352,1772,1236,906,,,,,,1259,12682,695,660,620,644,733,873,964,1059,789,621,699,1006,1128,851,585,398,,,,,,357,13332,647,668,630,598,659,876,943,975,742,600,788,1000,1224,921,651,508,,,,,,902
2010,2010-03-31,40345,403458,福岡県,糟屋郡新宮町,town,40345,24649,1554,1395,1292,1389,1474,1526,2017,2219,1547,1531,1505,1713,1610,1177,839,731,,,,,,1130,11988,815,696,667,687,738,717,1006,1112,806,738,721,870,807,552,389,311,,,,,,356,12661,739,699,625,702,736,809,1011,1107,741,793,784,843,803,625,450,420,,,,,,774
2010,2010-03-31,40348,403482,福岡県,糟屋郡久山町,town,40348,8394,446,462,394,396,371,436,599,665,460,413,479,605,657,581,439,380,,,,,,611,4019,239,244,196,201,195,205,297,336,240,198,234,285,313,279,204,159,,,,,,194,4375,207,218,198,195,176,231,302,329,220,215,245,320,344,302,235,221,,,,,,417
2010,2010-03-31,40349,403491,福岡県,糟屋郡粕屋町,town,40349,42267,3163,2477,1909,1855,2128,3442,4244,4516,2910,2313,2131,2517,2523,1958,1522,1119,,,,,,1540,20973,1620,1222,1010,977,1016,1652,2120,2398,1553,1182,1116,1231,1263,925,710,458,,,,,,520,21294,1543,1255,899,878,1112,1790,2124,2118,1357,1131,1015,1286,1260,1033,812,661,,,,,,1020
2010,2010-03-31,40380,403806,福岡県,遠賀郡,gun_agg,,97777,4013,4278,4630,4895,5119,5401,5847,6388,5298,5500,6049,7727,8201,6990,5661,4837,,,,,,6943,46449,2056,2139,2382,2524,2610,2749,2903,3171,2542,2629,2920,3760,3909,3360,2561,1891,,,,,,2343,51328,1957,2139,2248,2371,2509,2652,2944,3217,2756,2871,3129,3967,4292,3630,3100,2946,,,,,,4600
2010,2010-03-31,40381,403814,福岡県,遠賀郡芦屋町,town,40381,15610,683,822,867,744,873,852,960,1168,977,859,816,1091,1150,1009,873,789,,,,,,1077,7624,319,410,455,377,542,483,494,568,500,442,419,523,571,455,401,328,,,,,,337,7986,364,412,412,367,331,369,466,600,477,417,397,568,579,554,472,461,,,,,,740
2010,2010-03-31,40382,403822,福岡県,遠賀郡水巻町,town,40382,30054,1196,1105,1389,1611,1631,1728,1838,1790,1520,1806,1979,2486,2609,2115,1726,1489,,,,,,2036,14111,613,553,690,850,802,876,920,910,689,824,979,1190,1280,1018,724,561,,,,,,632,15943,583,552,699,761,829,852,918,880,831,982,1000,1296,1329,1097,1002,928,,,,,,1404
2010,2010-03-31,40383,403831,福岡県,遠賀郡岡垣町,town,40383,32542,1344,1584,1598,1570,1568,1626,1833,2196,1833,1782,2015,2477,2664,2335,1873,1675,,,,,,2569,15424,713,831,840,797,751,788,873,1109,883,868,943,1228,1221,1125,870,639,,,,,,945,17118,631,753,758,773,817,838,960,1087,950,914,1072,1249,1443,1210,1003,1036,,,,,,1624
2010,2010-03-31,40384,403849,福岡県,遠賀郡遠賀町,town,40384,19571,790,767,776,970,1047,1195,1216,1234,968,1053,1239,1673,1778,1531,1189,884,,,,,,1261,9290,411,345,397,500,515,602,616,584,470,495,579,819,837,762,566,363,,,,,,429,10281,379,422,379,470,532,593,600,650,498,558,660,854,941,769,623,521,,,,,,832
2010,2010-03-31,40400,404004,福岡県,鞍手郡,gun_agg,,26491,820,973,1061,1193,1285,1380,1457,1495,1271,1320,1628,2419,2621,1968,1686,1503,,,,,,2411,12495,425,510,543,639,679,677,763,774,630,654,810,1127,1287,965,740,603,,,,,,669,13996,395,463,518,554,606,703,694,721,641,666,818,1292,1334,1003,946,900,,,,,,1742
2010,2010-03-31,40401,404012,福岡県,鞍手郡小竹町,town,40401,8836,290,312,334,373,405,469,500,493,422,420,522,797,848,624,583,518,,,,,,926,4128,154,163,176,206,210,235,262,248,227,203,269,357,399,308,249,206,,,,,,256,4708,136,149,158,167,195,234,238,245,195,217,253,440,449,316,334,312,,,,,,670
2010,2010-03-31,40402,404021,福岡県,鞍手郡鞍手町,town,40402,17655,530,661,727,820,880,911,957,1002,849,900,1106,1622,1773,1344,1103,985,,,,,,1485,8367,271,347,367,433,469,442,501,526,403,451,541,770,888,657,491,397,,,,,,413,9288,259,314,360,387,411,469,456,476,446,449,565,852,885,687,612,588,,,,,,1072
2010,2010-03-31,40420,404209,福岡県,嘉穂郡,gun_agg,,14279,546,603,605,706,753,806,883,862,648,786,953,1348,1273,853,786,712,,,,,,1156,6714,317,317,286,355,379,414,441,450,313,389,432,664,633,394,326,260,,,,,,344,7565,229,286,319,351,374,392,442,412,335,397,521,684,640,459,460,452,,,,,,812
2010,2010-03-31,40421,404217,福岡県,嘉穂郡桂川町,town,40421,14279,546,603,605,706,753,806,883,862,648,786,953,1348,1273,853,786,712,,,,,,1156,6714,317,317,286,355,379,414,441,450,313,389,432,664,633,394,326,260,,,,,,344,7565,229,286,319,351,374,392,442,412,335,397,521,684,640,459,460,452,,,,,,812
2010,2010-03-31,40440,404403,福岡県,朝倉郡,gun_agg,,31875,1291,1462,1618,1722,1573,1722,1868,2021,1758,1858,2162,2618,2660,1919,1695,1494,,,,,,2434,15164,660,756,801,884,728,879,962,1037,855,908,1068,1298,1319,922,747,592,,,,,,748,16711,631,706,817,838,845,843,906,984,903,950,1094,1320,1341,997,948,902,,,,,,1686
2010,2010-03-31,40447,404471,福岡県,朝倉郡筑前町,town,40447,29277,1218,1380,1513,1587,1460,1626,1785,1935,1658,1710,1959,2391,2470,1768,1511,1277,,,,,,2029,13957,625,707,748,814,680,829,917,993,804,838,964,1167,1221,851,670,506,,,,,,623,15320,593,673,765,773,780,797,868,942,854,872,995,1224,1249,917,841,771,,,,,,1406
2010,2010-03-31,40448,404489,福岡県,朝倉郡東峰村,village,40448,2598,73,82,105,135,113,96,83,86,100,148,203,227,190,151,184,217,,,,,,405,1207,35,49,53,70,48,50,45,44,51,70,104,131,98,71,77,86,,,,,,125,1391,38,33,52,65,65,46,38,42,49,78,99,96,92,80,107,131,,,,,,280
2010,2010-03-31,40500,405001,福岡県,三井郡,gun_agg,,15517,715,725,835,916,863,901,996,1005,886,909,1008,1214,1123,852,775,701,,,,,,1093,7420,355,363,410,487,422,429,500,502,462,427,517,620,563,393,351,271,,,,,,348,8097,360,362,425,429,441,472,496,503,424,482,491,594,560,459,424,430,,,,,,745
2010,2010-03-31,40503,405035,福岡県,三井郡大刀洗町,town,40503,15517,715,725,835,916,863,901,996,1005,886,909,1008,1214,1123,852,775,701,,,,,,1093,7420,355,363,410,487,422,429,500,502,462,427,517,620,563,393,351,271,,,,,,348,8097,360,362,425,429,441,472,496,503,424,482,491,594,560,459,424,430,,,,,,745
2010,2010-03-31,40520,405205,福岡県,三潴郡,gun_agg,,14557,745,730,783,775,696,797,1032,1031,823,833,915,1062,1127,855,730,621,,,,,,1002,6861,380,372,400,364,318,389,525,506,407,421,437,511,561,401,306,259,,,,,,304,7696,365,358,383,411,378,408,507,525,416,412,478,551,566,454,424,362,,,,,,698
2010,2010-03-31,40522,405221,福岡県,三潴郡大木町,town,40522,14557,745,730,783,775,696,797,1032,1031,823,833,915,1062,1127,855,730,621,,,,,,1002,6861,380,372,400,364,318,389,525,506,407,421,437,511,561,401,306,259,,,,,,304,7696,365,358,383,411,378,408,507,525,416,412,478,551,566,454,424,362,,,,,,698
2010,2010-03-31,40540,405400,福岡県,八女郡,gun_agg,,19839,969,989,997,1009,1068,1190,1280,1282,1193,1128,1263,1458,1479,1222,1004,949,,,,,,1359,9539,503,490,503,503,540,598,652,657,575,565,638,717,734,609,441,387,,,,,,427,10300,466,499,494,506,528,592,628,625,618,563,625,741,745,613,563,562,,,,,,932
2010,2010-03-31,40544,405442,福岡県,八女郡広川町,town,40544,19839,969,989,997,1009,1068,1190,1280,1282,1193,1128,1263,1458,1479,1222,1004,949,,,,,,1359,9539,503,490,503,503,540,598,652,657,575,565,638,717,734,609,441,387,,,,,,427,10300,466,499,494,506,528,592,628,625,618,563,625,741,745,613,563,562,,,,,,932
2010,2010-03-31,40600,406007,福岡県,田川郡,gun_agg,,88385,3445,3681,3955,4226,4375,4769,4699,4986,4199,4184,5586,7691,7741,5938,5551,5238,,,,,,8121,41362,1792,1891,2022,2135,2190,2431,2439,2537,2056,2038,2672,3795,3813,2689,2378,2112,,,,,,2372,47023,1653,1790,1933,2091,2185,2338,2260,2449,2143,2146,2914,3896,3928,3249,3173,3126,,,,,,5749
2010,2010-03-31,40601,406015,福岡県,田川郡香春町,town,40601,12586,447,483,504,612,600,614,635,633,549,607,810,1078,1155,926,859,811,,,,,,1263,5851,229,252,254,293,294,308,337,319,259,285,388,551,570,425,386,318,,,,,,383,6735,218,231,250,319,306,306,298,314,290,322,422,527,585,501,473,493,,,,,,880
2010,2010-03-31,40602,406023,福岡県,田川郡添田町,town,40602,11600,362,433,471,505,498,506,574,603,502,533,737,1013,1087,791,845,818,,,,,,1322,5436,186,227,241,256,244,269,311,306,269,251,359,489,538,349,367,346,,,,,,428,6164,176,206,230,249,254,237,263,297,233,282,378,524,549,442,478,472,,,,,,894
2010,2010-03-31,40604,406040,福岡県,田川郡糸田町,town,40604,9986,402,380,453,463,539,559,521,553,528,437,598,899,855,696,605,635,,,,,,863,4672,217,178,231,239,258,282,283,290,264,206,299,443,415,318,240,262,,,,,,247,5314,185,202,222,224,281,277,238,263,264,231,299,456,440,378,365,373,,,,,,616
2010,2010-03-31,40605,406058,福岡県,田川郡川崎町,town,40605,19666,792,876,946,977,909,1061,1039,1214,956,920,1244,1676,1673,1376,1228,1109,,,,,,1670,9120,398,454,477,502,462,546,495,607,464,458,576,832,811,606,512,439,,,,,,481,10546,394,422,469,475,447,515,544,607,492,462,668,844,862,770,716,670,,,,,,1189
2010,2010-03-31,40608,406082,福岡県,田川郡大任町,town,40608,5709,213,233,246,251,288,362,295,302,263,272,373,539,501,370,375,312,,,,,,514,2658,98,120,121,142,146,185,152,162,133,138,184,256,246,171,151,123,,,,,,130,3051,115,113,125,109,142,177,143,140,130,134,189,283,255,199,224,189,,,,,,384
2010,2010-03-31,40609,406091,福岡県,田川郡赤村,village,40609,3503,128,137,141,146,168,192,198,188,154,161,237,323,301,239,192,216,,,,,,382,1643,64,71,73,72,80,102,113,103,72,85,113,148,152,110,90,81,,,,,,114,1860,64,66,68,74,88,90,85,85,82,76,124,175,149,129,102,135,,,,,,268
2010,2010-03-31,40610,406104,福岡県,田川郡福智町,town,40610,25335,1101,1139,1194,1272,1373,1475,1437,1493,1247,1254,1587,2163,2169,1540,1447,1337,,,,,,2107,11982,600,589,625,631,706,739,748,750,595,615,753,1076,1081,710,632,543,,,,,,589,13353,501,550,569,641,667,736,689,743,652,639,834,1087,1088,830,815,794,,,,,,1518
2010,2010-03-31,40620,406201,福岡県,京都郡,gun_agg,,56849,2413,2611,2703,2827,3034,3315,3446,3940,3271,3047,3692,4309,4492,3732,3207,2751,,,,,,4059,27409,1264,1319,1349,1412,1611,1764,1736,2026,1617,1471,1858,2143,2221,1746,1426,1155,,,,,,1291,29440,1149,1292,1354,1415,1423,1551,1710,1914,1654,1576,1834,2166,2271,1986,1781,1596,,,,,,2768
2010,2010-03-31,40621,406210,福岡県,京都郡苅田町,town,40621,34569,1726,1718,1673,1740,2029,2298,2349,2664,2084,1921,2304,2474,2412,2048,1752,1416,,,,,,1961,16914,911,855,853,861,1077,1241,1182,1385,1038,920,1173,1243,1173,977,766,594,,,,,,665,17655,815,863,820,879,952,1057,1167,1279,1046,1001,1131,1231,1239,1071,986,822,,,,,,1296
2010,2010-03-31,40625,406252,福岡県,京都郡みやこ町,town,40625,22280,687,893,1030,1087,1005,1017,1097,1276,1187,1126,1388,1835,2080,1684,1455,1335,,,,,,2098,10495,353,464,496,551,534,523,554,641,579,551,685,900,1048,769,660,561,,,,,,626,11785,334,429,534,536,471,494,543,635,608,575,703,935,1032,915,795,774,,,,,,1472
2010,2010-03-31,40640,406406,福岡県,築上郡,gun_agg,,35750,1426,1510,1664,1670,1800,1918,1958,2182,1831,1822,2180,2615,2926,2539,2414,2073,,,,,,3222,17066,736,779,864,851,967,1067,999,1125,905,910,1049,1299,1430,1172,1034,903,,,,,,976,18684,690,731,800,819,833,851,959,1057,926,912,1131,1316,1496,1367,1380,1170,,,,,,2246
2010,2010-03-31,40642,406422,福岡県,築上郡吉富町,town,40642,7087,302,345,397,373,329,368,403,491,431,393,399,477,553,475,455,373,,,,,,523,3363,160,176,204,198,166,181,190,259,214,187,195,230,259,222,191,174,,,,,,157,3724,142,169,193,175,163,187,213,232,217,206,204,247,294,253,264,199,,,,,,366
2010,2010-03-31,40646,406465,福岡県,築上郡上毛町,town,40646,8200,312,349,402,354,355,388,428,484,421,418,528,636,636,572,538,499,,,,,,880,3903,173,172,202,183,187,206,223,243,210,206,247,319,333,272,242,213,,,,,,272,4297,139,177,200,171,168,182,205,241,211,212,281,317,303,300,296,286,,,,,,608
2010,2010-03-31,40647,406473,福岡県,築上郡築上町,town,40647,20463,812,816,865,943,1116,1162,1127,1207,979,1011,1253,1502,1737,1492,1421,1201,,,,,,1819,9800,403,431,458,470,614,680,586,623,481,517,607,750,838,678,601,516,,,,,,547,10663,409,385,407,473,502,482,541,584,498,494,646,752,899,814,820,685,,,,,,1272
2010,2010-03-31,41000,410004,佐賀県,,pref,,859400,38442,41822,45106,46106,44267,47068,51472,53645,49138,50940,56422,65850,62437,49550,46032,43877,,,,,,67226,407174,19665,21428,23214,23687,21755,23227,25733,26703,23727,24752,27528,32551,30704,22669,20206,18133,,,,,,21492,452226,18777,20394,21892,22419,22512,23841,25739,26942,25411,26188,28894,33299,31733,26881,25826,25744,,,,,,45734
2010,2010-03-31,41201,412015,佐賀県,佐賀市,city,41201,236137,10488,11430,12417,12923,12716,13452,14587,15962,14858,14563,14987,17038,16589,13790,12156,11523,,,,,,16658,111533,5328,5813,6403,6798,6242,6581,7203,7876,7168,6979,7241,8256,7927,6210,5374,4734,,,,,,5400,124604,5160,5617,6014,6125,6474,6871,7384,8086,7690,7584,7746,8782,8662,7580,6782,6789,,,,,,11258
2010,2010-03-31,41202,412023,佐賀県,唐津市,city,41202,131061,5893,6431,6689,6751,6410,6918,7571,7869,6755,7685,8869,10341,9834,7605,7355,7196,,,,,,10889,61811,3071,3356,3445,3422,3195,3443,3819,3910,3190,3679,4247,5137,4888,3432,3158,2967,,,,,,3452,69250,2822,3075,3244,3329,3215,3475,3752,3959,3565,4006,4622,5204,4946,4173,4197,4229,,,,,,7437
2010,2010-03-31,41203,412031,佐賀県,鳥栖市,city,41203,67796,3880,3924,3671,3429,3501,4142,5211,5542,4369,3871,3921,4604,4624,3668,3124,2639,,,,,,3676,32569,1973,2017,1854,1720,1697,2026,2615,2800,2152,1899,1961,2182,2324,1709,1353,1096,,,,,,1191,35227,1907,1907,1817,1709,1804,2116,2596,2742,2217,1972,1960,2422,2300,1959,1771,1543,,,,,,2485
2010,2010-03-31,41204,412040,佐賀県,多久市,city,41204,22098,817,974,1145,1103,1131,1131,1163,1202,1098,1173,1498,1975,1709,1274,1235,1270,,,,,,2200,10353,370,499,594,597,541,573,558,618,523,570,749,1020,860,575,523,517,,,,,,666,11745,447,475,551,506,590,558,605,584,575,603,749,955,849,699,712,753,,,,,,1534
2010,2010-03-31,41205,412058,佐賀県,伊万里市,city,41205,58068,2699,2875,2968,2949,2794,3234,3450,3358,2980,3278,4028,4738,4233,3242,3229,3113,,,,,,4900,27775,1346,1494,1530,1495,1442,1671,1782,1705,1434,1625,1984,2397,2113,1492,1426,1290,,,,,,1549,30293,1353,1381,1438,1454,1352,1563,1668,1653,1546,1653,2044,2341,2120,1750,1803,1823,,,,,,3351
2010,2010-03-31,41206,412066,佐賀県,武雄市,city,41206,51498,2299,2480,2748,2829,2445,2718,2980,3024,2836,3014,3496,3997,3762,2900,2749,2787,,,,,,4434,24405,1192,1230,1446,1462,1211,1349,1512,1487,1368,1488,1752,2002,1863,1329,1191,1149,,,,,,1374,27093,1107,1250,1302,1367,1234,1369,1468,1537,1468,1526,1744,1995,1899,1571,1558,1638,,,,,,3060
2010,2010-03-31,41207,412074,佐賀県,鹿島市,city,41207,31664,1356,1521,1736,1771,1562,1607,1772,1721,1709,1915,2139,2445,2322,1780,1797,1741,,,,,,2770,14876,706,782,894,884,730,803,878,832,831,936,1006,1211,1139,835,777,727,,,,,,905,16788,650,739,842,887,832,804,894,889,878,979,1133,1234,1183,945,1020,1014,,,,,,1865
2010,2010-03-31,41208,412082,佐賀県,小城市,city,41208,46515,2186,2345,2708,2684,2520,2588,2759,2816,2705,2906,3139,3557,3274,2420,2289,2188,,,,,,3431,22010,1101,1205,1403,1347,1179,1243,1355,1374,1292,1373,1541,1831,1619,1136,1050,865,,,,,,1096,24505,1085,1140,1305,1337,1341,1345,1404,1442,1413,1533,1598,1726,1655,1284,1239,1323,,,,,,2335
2010,2010-03-31,41209,412091,佐賀県,嬉野市,city,41209,29012,1117,1303,1519,1689,1374,1478,1474,1461,1598,1751,2011,2405,2110,1661,1664,1652,,,,,,2745,13583,592,691,766,847,647,702,747,722,741,879,989,1234,1010,734,703,682,,,,,,897,15429,525,612,753,842,727,776,727,739,857,872,1022,1171,1100,927,961,970,,,,,,1848
2010,2010-03-31,41210,412104,佐賀県,神埼市,city,41210,33543,1507,1529,1669,1765,1842,1891,2011,2085,1878,1851,2167,2635,2558,2061,1741,1641,,,,,,2712,16029,787,787,855,901,918,946,1028,1042,911,918,1068,1286,1274,962,792,665,,,,,,889,17514,720,742,814,864,924,945,983,1043,967,933,1099,1349,1284,1099,949,976,,,,,,1823
2010,2010-03-31,41320,413208,佐賀県,神埼郡,gun_agg,,16203,853,907,885,901,1062,1006,1069,1093,1020,970,1075,1099,1056,811,755,698,,,,,,943,7860,453,475,464,473,557,505,533,523,490,474,540,542,513,360,333,290,,,,,,335,8343,400,432,421,428,505,501,536,570,530,496,535,557,543,451,422,408,,,,,,608
2010,2010-03-31,41327,413275,佐賀県,神埼郡吉野ヶ里町,town,41327,16203,853,907,885,901,1062,1006,1069,1093,1020,970,1075,1099,1056,811,755,698,,,,,,943,7860,453,475,464,473,557,505,533,523,490,474,540,542,513,360,333,290,,,,,,335,8343,400,432,421,428,505,501,536,570,530,496,535,557,543,451,422,408,,,,,,608
2010,2010-03-31,41340,413402,佐賀県,三養基郡,gun_agg,,53767,2101,2398,2732,2817,2982,2971,3111,3203,2998,3035,3618,4419,4519,3524,2961,2536,,,,,,3842,25690,1084,1215,1421,1477,1444,1434,1551,1599,1467,1465,1741,2142,2219,1717,1375,1091,,,,,,1248,28077,1017,1183,1311,1340,1538,1537,1560,1604,1531,1570,1877,2277,2300,1807,1586,1445,,,,,,2594
2010,2010-03-31,41341,413411,佐賀県,三養基郡基山町,town,41341,17952,624,764,995,1088,1227,1023,964,988,923,1105,1421,1603,1442,1104,854,729,,,,,,1098,8578,317,385,528,574,584,483,465,491,437,499,664,786,733,542,416,305,,,,,,369,9374,307,379,467,514,643,540,499,497,486,606,757,817,709,562,438,424,,,,,,729
2010,2010-03-31,41345,413453,佐賀県,三養基郡上峰町,town,41345,9367,535,526,577,490,474,568,637,658,624,524,557,673,656,458,438,417,,,,,,555,4493,269,274,294,260,222,269,306,325,309,254,284,320,314,226,188,190,,,,,,189,4874,266,252,283,230,252,299,331,333,315,270,273,353,342,232,250,227,,,,,,366
2010,2010-03-31,41346,413461,佐賀県,三養基郡みやき町,town,41346,26448,942,1108,1160,1239,1281,1380,1510,1557,1451,1406,1640,2143,2421,1962,1669,1390,,,,,,2189,12619,498,556,599,643,638,682,780,783,721,712,793,1036,1172,949,771,596,,,,,,690,13829,444,552,561,596,643,698,730,774,730,694,847,1107,1249,1013,898,794,,,,,,1499
2010,2010-03-31,41380,413801,佐賀県,東松浦郡,gun_agg,,6550,282,340,340,381,363,390,396,379,317,347,445,532,420,295,376,356,,,,,,591,3254,141,174,172,200,213,210,217,213,158,170,235,259,234,130,173,159,,,,,,196,3296,141,166,168,181,150,180,179,166,159,177,210,273,186,165,203,197,,,,,,395
2010,2010-03-31,41387,413879,佐賀県,東松浦郡玄海町,town,41387,6550,282,340,340,381,363,390,396,379,317,347,445,532,420,295,376,356,,,,,,591,3254,141,174,172,200,213,210,217,213,158,170,235,259,234,130,173,159,,,,,,196,3296,141,166,168,181,150,180,179,166,159,177,210,273,186,165,203,197,,,,,,395
2010,2010-03-31,41400,414000,佐賀県,西松浦郡,gun_agg,,21663,901,1042,1162,1136,919,980,1176,1209,1209,1260,1460,1747,1649,1414,1327,1212,,,,,,1860,10146,449,527,609,571,426,478,563,622,602,642,716,865,797,638,576,508,,,,,,557,11517,452,515,553,565,493,502,613,587,607,618,744,882,852,776,751,704,,,,,,1303
2010,2010-03-31,41401,414018,佐賀県,西松浦郡有田町,town,41401,21663,901,1042,1162,1136,919,980,1176,1209,1209,1260,1460,1747,1649,1414,1327,1212,,,,,,1860,10146,449,527,609,571,426,478,563,622,602,642,716,865,797,638,576,508,,,,,,557,11517,452,515,553,565,493,502,613,587,607,618,744,882,852,776,751,704,,,,,,1303
2010,2010-03-31,41420,414204,佐賀県,杵島郡,gun_agg,,43500,1705,1862,2168,2378,2212,2148,2261,2219,2248,2653,2878,3537,3067,2451,2558,2652,,,,,,4503,20333,879,942,1066,1206,1103,1046,1124,1129,1112,1320,1385,1804,1579,1105,1071,1104,,,,,,1358,23167,826,920,1102,1172,1109,1102,1137,1090,1136,1333,1493,1733,1488,1346,1487,1548,,,,,,3145
2010,2010-03-31,41423,414239,佐賀県,杵島郡大町町,town,41423,7593,242,317,339,370,324,349,394,376,355,400,458,703,665,476,459,452,,,,,,914,3502,126,153,165,191,169,178,207,194,181,190,221,348,337,228,189,180,,,,,,245,4091,116,164,174,179,155,171,187,182,174,210,237,355,328,248,270,272,,,,,,669
2010,2010-03-31,41424,414247,佐賀県,杵島郡江北町,town,41424,9653,449,414,464,516,532,568,586,542,500,586,645,749,675,465,505,531,,,,,,926,4560,235,220,235,247,263,276,285,283,243,286,314,388,354,211,215,228,,,,,,277,5093,214,194,229,269,269,292,301,259,257,300,331,361,321,254,290,303,,,,,,649
2010,2010-03-31,41425,414255,佐賀県,杵島郡白石町,town,41425,26254,1014,1131,1365,1492,1356,1231,1281,1301,1393,1667,1775,2085,1727,1510,1594,1669,,,,,,2663,12271,518,569,666,768,671,592,632,652,688,844,850,1068,888,666,667,696,,,,,,836,13983,496,562,699,724,685,639,649,649,705,823,925,1017,839,844,927,973,,,,,,1827
2010,2010-03-31,41440,414409,佐賀県,藤津郡,gun_agg,,10325,358,461,549,600,434,414,481,502,560,668,691,781,711,654,716,673,,,,,,1072,4947,193,221,292,287,210,217,248,251,288,335,373,383,345,305,331,289,,,,,,379,5378,165,240,257,313,224,197,233,251,272,333,318,398,366,349,385,384,,,,,,693
2010,2010-03-31,41441,414417,佐賀県,藤津郡太良町,town,41441,10325,358,461,549,600,434,414,481,502,560,668,691,781,711,654,716,673,,,,,,1072,4947,193,221,292,287,210,217,248,251,288,335,373,383,345,305,331,289,,,,,,379,5378,165,240,257,313,224,197,233,251,272,333,318,398,366,349,385,384,,,,,,693
2010,2010-03-31,42000,420000,長崎県,,pref,,1450027,60183,65252,72453,75429,66732,71943,80738,90446,84787,88517,98041,114959,110733,88602,84109,79063,,,,,,118040,680387,30824,33340,37097,38360,32819,35323,39690,44197,40629,42897,48105,56693,53795,39832,36911,32646,,,,,,37229,769640,29359,31912,35356,37069,33913,36620,41048,46249,44158,45620,49936,58266,56938,48770,47198,46417,,,,,,80811
2010,2010-03-31,42201,422011,長崎県,長崎市,city,42201,444757,16997,18799,20695,22037,22332,22986,25146,29310,27037,28051,29983,36269,35052,27407,25513,23240,,,,,,33903,205470,8636,9517,10544,11110,10777,11044,12163,13977,12745,13185,14359,17492,16796,12207,11008,9270,,,,,,10640,239287,8361,9282,10151,10927,11555,11942,12983,15333,14292,14866,15624,18777,18256,15200,14505,13970,,,,,,23263
2010,2010-03-31,42202,422029,長崎県,佐世保市,city,42202,264959,11746,11992,12978,13656,12886,14124,15634,17010,15364,14779,16598,20557,20829,16330,14978,14135,,,,,,21363,124158,5972,6179,6603,7139,6522,7016,7592,8344,7349,7102,8100,10064,10082,7246,6503,5723,,,,,,6622,140801,5774,5813,6375,6517,6364,7108,8042,8666,8015,7677,8498,10493,10747,9084,8475,8412,,,,,,14741
2010,2010-03-31,42203,422037,長崎県,島原市,city,42203,48949,1948,2145,2449,2542,1835,2203,2512,2738,2760,3004,3425,3782,3773,3100,3086,2992,,,,,,4655,22797,1011,1134,1247,1247,881,1082,1247,1364,1287,1470,1678,1832,1813,1398,1352,1247,,,,,,1507,26152,937,1011,1202,1295,954,1121,1265,1374,1473,1534,1747,1950,1960,1702,1734,1745,,,,,,3148
2010,2010-03-31,42204,422045,長崎県,諫早市,city,42204,141788,6269,6684,7576,7866,6967,7438,8451,9418,8692,9057,9579,11014,10444,8214,7416,6720,,,,,,9983,66843,3298,3388,3805,3945,3344,3621,4174,4601,4145,4304,4668,5408,5048,3822,3339,2787,,,,,,3146,74945,2971,3296,3771,3921,3623,3817,4277,4817,4547,4753,4911,5606,5396,4392,4077,3933,,,,,,6837
2010,2010-03-31,42205,422053,長崎県,大村市,city,42205,91763,4854,5209,5374,5267,5057,5361,5892,6657,5896,5665,5811,6526,6280,4897,4182,3729,,,,,,5106,43931,2502,2693,2724,2673,2566,2607,2856,3275,2855,2725,2854,3169,3031,2261,1874,1626,,,,,,1640,47832,2352,2516,2650,2594,2491,2754,3036,3382,3041,2940,2957,3357,3249,2636,2308,2103,,,,,,3466
2010,2010-03-31,42207,422070,長崎県,平戸市,city,42207,36584,1267,1448,1891,1944,1200,1275,1498,1750,1886,2203,2598,3001,2847,2530,2641,2701,,,,,,3904,17154,636,744,1000,946,633,678,760,894,927,1115,1298,1555,1458,1086,1123,1117,,,,,,1184,19430,631,704,891,998,567,597,738,856,959,1088,1300,1446,1389,1444,1518,1584,,,,,,2720
2010,2010-03-31,42208,422088,長崎県,松浦市,city,42208,25836,1034,1103,1277,1391,1019,1164,1231,1287,1276,1493,1887,2148,1950,1613,1661,1665,,,,,,2637,12347,512,607,652,727,509,640,645,670,623,745,981,1134,964,726,688,716,,,,,,808,13489,522,496,625,664,510,524,586,617,653,748,906,1014,986,887,973,949,,,,,,1829
2010,2010-03-31,42209,422096,長崎県,対馬市,city,42209,35724,1564,1774,1614,1551,1034,1494,1829,1947,1845,2159,2720,3027,2791,2332,2487,2431,,,,,,3125,17394,809,889,824,821,539,786,966,1015,989,1162,1451,1526,1344,1031,1129,1084,,,,,,1029,18330,755,885,790,730,495,708,863,932,856,997,1269,1501,1447,1301,1358,1347,,,,,,2096
2010,2010-03-31,42210,422100,長崎県,壱岐市,city,42210,30589,1287,1426,1525,1565,1048,1205,1541,1507,1509,1682,2060,2301,2417,1947,2022,2164,,,,,,3383,14550,664,707,774,780,550,634,800,782,758,861,1083,1131,1212,876,904,925,,,,,,1109,16039,623,719,751,785,498,571,741,725,751,821,977,1170,1205,1071,1118,1239,,,,,,2274
2010,2010-03-31,42211,422118,長崎県,五島市,city,42211,42652,1437,1621,1941,2028,1201,1461,1772,2105,2258,2717,3308,3696,3247,2765,3126,3120,,,,,,4849,19935,753,831,994,1034,626,711,901,1070,1093,1359,1657,1901,1593,1256,1355,1297,,,,,,1504,22717,684,790,947,994,575,750,871,1035,1165,1358,1651,1795,1654,1509,1771,1823,,,,,,3345
2010,2010-03-31,42212,422126,長崎県,西海市,city,42212,31889,1071,1240,1512,1610,1325,1286,1486,1573,1467,1888,2204,2616,2442,2045,2217,2259,,,,,,3648,15317,522,644,798,834,762,697,798,803,713,978,1162,1389,1253,916,986,938,,,,,,1124,16572,549,596,714,776,563,589,688,770,754,910,1042,1227,1189,1129,1231,1321,,,,,,2524
2010,2010-03-31,42213,422134,長崎県,雲仙市,city,42213,49139,1866,2085,2557,2735,2131,2272,2375,2468,2734,3185,3603,3925,3341,2854,2987,3133,,,,,,4888,23321,966,1069,1349,1356,1045,1134,1217,1204,1337,1638,1798,2044,1691,1277,1347,1285,,,,,,1564,25818,900,1016,1208,1379,1086,1138,1158,1264,1397,1547,1805,1881,1650,1577,1640,1848,,,,,,3324
2010,2010-03-31,42214,422142,長崎県,南島原市,city,42214,52928,1861,2156,2474,2652,2039,2147,2388,2569,2703,3140,3875,4312,4071,3511,3651,3639,,,,,,5740,24747,942,1076,1267,1319,974,1090,1184,1274,1274,1578,1920,2140,2024,1566,1628,1564,,,,,,1927,28181,919,1080,1207,1333,1065,1057,1204,1295,1429,1562,1955,2172,2047,1945,2023,2075,,,,,,3813
2010,2010-03-31,42300,423009,長崎県,西彼杵郡,gun_agg,,72780,3879,3935,4485,4433,3578,4129,4877,5675,4937,4647,4622,5281,5141,4046,3111,2462,,,,,,3542,34969,2003,2062,2382,2315,1658,1938,2358,2737,2355,2269,2193,2572,2474,1911,1464,1084,,,,,,1194,37811,1876,1873,2103,2118,1920,2191,2519,2938,2582,2378,2429,2709,2667,2135,1647,1378,,,,,,2348
2010,2010-03-31,42307,423076,長崎県,西彼杵郡長与町,town,42307,42656,2185,2321,2635,2603,2127,2236,2734,3292,2970,2916,2804,3096,2959,2326,1829,1470,,,,,,2153,20347,1123,1238,1358,1295,978,1029,1310,1526,1414,1417,1363,1515,1427,1102,854,633,,,,,,765,22309,1062,1083,1277,1308,1149,1207,1424,1766,1556,1499,1441,1581,1532,1224,975,837,,,,,,1388
2010,2010-03-31,42308,423084,長崎県,西彼杵郡時津町,town,42308,30124,1694,1614,1850,1830,1451,1893,2143,2383,1967,1731,1818,2185,2182,1720,1282,992,,,,,,1389,14622,880,824,1024,1020,680,909,1048,1211,941,852,830,1057,1047,809,610,451,,,,,,429,15502,814,790,826,810,771,984,1095,1172,1026,879,988,1128,1135,911,672,541,,,,,,960
2010,2010-03-31,42320,423203,長崎県,東彼杵郡,gun_agg,,39666,1620,1835,2030,2200,1855,1970,2187,2234,2187,2373,2807,3149,3012,2410,2350,2079,,,,,,3368,18737,847,909,1040,1133,888,964,1079,1074,1079,1158,1423,1596,1489,1060,1067,897,,,,,,1034,20929,773,926,990,1067,967,1006,1108,1160,1108,1215,1384,1553,1523,1350,1283,1182,,,,,,2334
2010,2010-03-31,42321,423211,長崎県,東彼杵郡東彼杵町,town,42321,9151,287,371,431,519,456,400,423,445,499,531,714,763,687,567,561,543,,,,,,954,4328,143,196,228,255,211,203,217,212,250,257,366,395,340,249,265,226,,,,,,315,4823,144,175,203,264,245,197,206,233,249,274,348,368,347,318,296,317,,,,,,639
2010,2010-03-31,42322,423220,長崎県,東彼杵郡川棚町,town,42322,15073,666,746,824,796,672,765,899,906,838,871,985,1212,1152,937,884,727,,,,,,1193,7143,364,373,446,414,306,373,418,444,428,418,489,607,567,408,399,328,,,,,,361,7930,302,373,378,382,366,392,481,462,410,453,496,605,585,529,485,399,,,,,,832
2010,2010-03-31,42323,423238,長崎県,東彼杵郡波佐見町,town,42323,15442,667,718,775,885,727,805,865,883,850,971,1108,1174,1173,906,905,809,,,,,,1221,7266,340,340,366,464,371,388,444,418,401,483,568,594,582,403,403,343,,,,,,358,8176,327,378,409,421,356,417,421,465,449,488,540,580,591,503,502,466,,,,,,863
2010,2010-03-31,42380,423807,長崎県,北松浦郡,gun_agg,,16753,788,832,903,836,659,805,959,1070,905,942,1122,1376,1350,945,876,905,,,,,,1480,7831,382,413,482,416,290,375,474,545,439,449,534,682,669,465,359,387,,,,,,470,8922,406,419,421,420,369,430,485,525,466,493,588,694,681,480,517,518,,,,,,1010
2010,2010-03-31,42383,423831,長崎県,北松浦郡小値賀町,town,42383,2961,62,78,97,134,56,62,79,93,105,145,232,295,256,218,234,302,,,,,,513,1373,24,41,57,64,31,29,51,49,50,67,114,155,140,109,87,132,,,,,,173,1588,38,37,40,70,25,33,28,44,55,78,118,140,116,109,147,170,,,,,,340
2010,2010-03-31,42391,423912,長崎県,北松浦郡佐々町,town,42391,13792,726,754,806,702,603,743,880,977,800,797,890,1081,1094,727,642,603,,,,,,967,6458,358,372,425,352,259,346,423,496,389,382,420,527,529,356,272,255,,,,,,297,7334,368,382,381,350,344,397,457,481,411,415,470,554,565,371,370,348,,,,,,670
2010,2010-03-31,42400,424005,長崎県,南松浦郡,gun_agg,,23271,695,968,1172,1116,566,623,960,1128,1331,1532,1839,1979,1746,1656,1805,1689,,,,,,2466,10886,369,478,612,565,255,306,476,568,661,799,946,1058,854,728,785,699,,,,,,727,12385,326,490,560,551,311,317,484,560,670,733,893,921,892,928,1020,990,,,,,,1739
2010,2010-03-31,42411,424111,長崎県,南松浦郡新上五島町,town,42411,23271,695,968,1172,1116,566,623,960,1128,1331,1532,1839,1979,1746,1656,1805,1689,,,,,,2466,10886,369,478,612,565,255,306,476,568,661,799,946,1058,854,728,785,699,,,,,,727,12385,326,490,560,551,311,317,484,560,670,733,893,921,892,928,1020,990,,,,,,1739
2010,2010-03-31,43000,430005,熊本県,,pref,,1833757,80295,83876,89548,92702,91398,99787,108754,113283,105360,110496,121664,138189,135375,108116,103345,99175,,,,,,152394,865885,40861,43246,46040,47061,45029,49446,54079,56165,50410,53467,59527,67996,66324,49594,45355,41655,,,,,,49630,967872,39434,40630,43508,45641,46369,50341,54675,57118,54950,57029,62137,70193,69051,58522,57990,57520,,,,,,102764
2010,2010-03-31,43201,432016,熊本県,熊本市,city,43201,723707,34812,35310,36763,37505,40575,45033,49305,52137,47130,46229,46923,50381,50622,39457,34478,31455,,,,,,45592,340770,17703,18053,18833,19044,19879,21793,24061,25472,22180,22000,22577,24176,24074,17915,14977,13129,,,,,,14904,382937,17109,17257,17930,18461,20696,23240,25244,26665,24950,24229,24346,26205,26548,21542,19501,18326,,,,,,30688
2010,2010-03-31,43202,432024,熊本県,八代市,city,43202,134447,5222,5763,6471,6638,5984,6485,7125,7635,7559,8093,8981,10399,10425,8801,8577,8308,,,,,,11981,62858,2657,2940,3314,3413,2854,3228,3544,3790,3667,3950,4443,5028,5109,3968,3683,3432,,,,,,3838,71589,2565,2823,3157,3225,3130,3257,3581,3845,3892,4143,4538,5371,5316,4833,4894,4876,,,,,,8143
2010,2010-03-31,43203,432032,熊本県,人吉市,city,43203,35935,1531,1597,1813,1712,1322,1555,1796,1961,1898,2195,2443,2775,2821,2287,2317,2312,,,,,,3600,16562,771,831,943,850,651,778,877,975,920,1035,1187,1355,1356,996,981,946,,,,,,1110,19373,760,766,870,862,671,777,919,986,978,1160,1256,1420,1465,1291,1336,1366,,,,,,2490
2010,2010-03-31,43204,432041,熊本県,荒尾市,city,43204,56456,2359,2455,2577,2557,2499,3015,3423,3279,2802,2833,3481,4697,4821,3738,3527,3101,,,,,,5292,26525,1234,1266,1329,1316,1220,1538,1764,1623,1371,1369,1655,2299,2355,1746,1529,1267,,,,,,1644,29931,1125,1189,1248,1241,1279,1477,1659,1656,1431,1464,1826,2398,2466,1992,1998,1834,,,,,,3648
2010,2010-03-31,43205,432059,熊本県,水俣市,city,43205,27826,1005,1091,1307,1358,1187,1133,1217,1478,1445,1468,1887,2294,2206,1978,1896,1854,,,,,,3022,12919,536,552,696,696,628,581,607,717,717,703,913,1144,1037,910,841,714,,,,,,927,14907,469,539,611,662,559,552,610,761,728,765,974,1150,1169,1068,1055,1140,,,,,,2095
2010,2010-03-31,43206,432067,熊本県,玉名市,city,43206,70483,2758,3091,3464,3611,3530,3631,3704,3844,3774,4150,4767,5534,5202,4492,4428,4132,,,,,,6371,33403,1424,1584,1761,1804,1702,1849,1852,1925,1849,2021,2366,2815,2611,2036,1990,1746,,,,,,2068,37080,1334,1507,1703,1807,1828,1782,1852,1919,1925,2129,2401,2719,2591,2456,2438,2386,,,,,,4303
2010,2010-03-31,43208,432083,熊本県,山鹿市,city,43208,57505,2181,2359,2661,2895,2740,2799,2909,2922,2918,3067,3776,4520,4483,3585,3684,3722,,,,,,6284,27092,1112,1244,1397,1417,1358,1462,1509,1485,1382,1456,1854,2268,2233,1611,1664,1554,,,,,,2086,30413,1069,1115,1264,1478,1382,1337,1400,1437,1536,1611,1922,2252,2250,1974,2020,2168,,,,,,4198
2010,2010-03-31,43210,432105,熊本県,菊池市,city,43210,51824,2193,2202,2495,2805,2808,2827,2697,2687,2569,2989,3676,4056,3781,3002,3048,3030,,,,,,4959,24880,1093,1174,1332,1453,1425,1449,1411,1342,1217,1467,1789,2081,1902,1415,1356,1290,,,,,,1684,26944,1100,1028,1163,1352,1383,1378,1286,1345,1352,1522,1887,1975,1879,1587,1692,1740,,,,,,3275
2010,2010-03-31,43211,432113,熊本県,宇土市,city,43211,38351,1683,1810,2132,2088,1932,2088,2183,2389,2372,2584,2523,2681,2626,2231,2147,1942,,,,,,2940,18389,853,941,1101,1059,977,1051,1089,1172,1146,1275,1289,1323,1291,1061,939,849,,,,,,973,19962,830,869,1031,1029,955,1037,1094,1217,1226,1309,1234,1358,1335,1170,1208,1093,,,,,,1967
2010,2010-03-31,43212,432121,熊本県,上天草市,city,43212,32193,1061,1205,1535,1614,1368,1327,1427,1501,1691,1911,2316,2544,2522,2044,2238,2339,,,,,,3550,15119,531,638,806,781,652,661,758,751,833,956,1184,1273,1273,943,987,996,,,,,,1096,17074,530,567,729,833,716,666,669,750,858,955,1132,1271,1249,1101,1251,1343,,,,,,2454
2010,2010-03-31,43213,432130,熊本県,宇城市,city,43213,63248,2591,2766,3009,3200,3092,3273,3570,3592,3398,3769,4153,4988,4779,3915,3722,3622,,,,,,5809,29858,1278,1453,1545,1632,1510,1614,1798,1790,1632,1825,2011,2504,2357,1872,1635,1565,,,,,,1837,33390,1313,1313,1464,1568,1582,1659,1772,1802,1766,1944,2142,2484,2422,2043,2087,2057,,,,,,3972
2010,2010-03-31,43214,432148,熊本県,阿蘇市,city,43214,29000,1029,1244,1226,1404,1383,1370,1472,1389,1502,1622,1864,2359,2295,1851,1979,1947,,,,,,3064,13679,507,664,632,705,695,724,742,696,710,801,948,1164,1148,876,834,818,,,,,,1015,15321,522,580,594,699,688,646,730,693,792,821,916,1195,1147,975,1145,1129,,,,,,2049
2010,2010-03-31,43215,432156,熊本県,天草市,city,43215,93098,3341,3855,4325,4506,3261,3605,4143,4541,4619,5376,6654,7615,7158,6220,6215,6695,,,,,,10969,43354,1653,2003,2222,2270,1585,1844,2071,2271,2236,2639,3321,3878,3585,2883,2755,2709,,,,,,3429,49744,1688,1852,2103,2236,1676,1761,2072,2270,2383,2737,3333,3737,3573,3337,3460,3986,,,,,,7540
2010,2010-03-31,43216,432164,熊本県,合志市,city,43216,54944,3103,3179,2870,2941,2753,3249,3902,4071,3238,3233,3507,4087,4043,2924,2474,2198,,,,,,3172,26428,1580,1641,1497,1545,1353,1537,1887,2029,1541,1541,1692,1954,2002,1379,1169,962,,,,,,1119,28516,1523,1538,1373,1396,1400,1712,2015,2042,1697,1692,1815,2133,2041,1545,1305,1236,,,,,,2053
2010,2010-03-31,43340,433403,熊本県,下益城郡,gun_agg,,12013,331,377,436,499,537,575,503,433,511,668,885,1014,911,781,882,945,,,,,,1725,5675,170,188,220,276,260,303,277,213,247,332,441,542,487,357,372,436,,,,,,554,6338,161,189,216,223,277,272,226,220,264,336,444,472,424,424,510,509,,,,,,1171
2010,2010-03-31,43348,433489,熊本県,下益城郡美里町,town,43348,12013,331,377,436,499,537,575,503,433,511,668,885,1014,911,781,882,945,,,,,,1725,5675,170,188,220,276,260,303,277,213,247,332,441,542,487,357,372,436,,,,,,554,6338,161,189,216,223,277,272,226,220,264,336,444,472,424,424,510,509,,,,,,1171
2010,2010-03-31,43360,433608,熊本県,玉名郡,gun_agg,,45369,1583,1717,2066,2203,2202,2206,2186,2106,2227,2503,3063,3891,3576,2889,3040,3066,,,,,,4845,21510,808,864,1053,1097,1091,1120,1100,1056,1117,1219,1557,1998,1809,1332,1368,1279,,,,,,1642,23859,775,853,1013,1106,1111,1086,1086,1050,1110,1284,1506,1893,1767,1557,1672,1787,,,,,,3203
2010,2010-03-31,43364,433641,熊本県,玉名郡玉東町,town,43364,5707,230,239,259,302,277,250,275,275,323,349,343,438,413,423,411,369,,,,,,531,2672,116,118,139,151,122,118,138,135,158,168,177,222,202,189,188,161,,,,,,170,3035,114,121,120,151,155,132,137,140,165,181,166,216,211,234,223,208,,,,,,361
2010,2010-03-31,43367,433675,熊本県,玉名郡南関町,town,43367,11060,322,400,506,580,551,508,479,478,539,648,728,865,834,677,799,867,,,,,,1279,5220,151,193,243,310,277,253,239,237,274,322,390,452,410,319,360,359,,,,,,431,5840,171,207,263,270,274,255,240,241,265,326,338,413,424,358,439,508,,,,,,848
2010,2010-03-31,43368,433683,熊本県,玉名郡長洲町,town,43368,16880,692,692,797,747,846,928,962,883,817,830,1167,1672,1451,1038,992,894,,,,,,1472,8115,361,348,415,363,420,484,472,456,414,408,566,866,760,498,434,360,,,,,,490,8765,331,344,382,384,426,444,490,427,403,422,601,806,691,540,558,534,,,,,,982
2010,2010-03-31,43369,433691,熊本県,玉名郡和水町,town,43369,11722,339,386,504,574,528,520,470,470,548,676,825,916,878,751,838,936,,,,,,1563,5503,180,205,256,273,272,265,251,228,271,321,424,458,437,326,386,399,,,,,,551,6219,159,181,248,301,256,255,219,242,277,355,401,458,441,425,452,537,,,,,,1012
2010,2010-03-31,43400,434001,熊本県,菊池郡,gun_agg,,67547,4114,3893,3648,3568,3929,4744,5367,5275,4211,4056,4234,4460,4340,2925,2691,2470,,,,,,3622,33151,2127,2010,1842,1839,2005,2468,2737,2731,2081,2036,2074,2155,2084,1420,1235,1059,,,,,,1248,34396,1987,1883,1806,1729,1924,2276,2630,2544,2130,2020,2160,2305,2256,1505,1456,1411,,,,,,2374
2010,2010-03-31,43403,434035,熊本県,菊池郡大津町,town,43403,31158,1773,1633,1677,1756,1906,2211,2174,2133,1913,1961,2120,2054,1939,1307,1282,1293,,,,,,2026,15295,912,846,854,926,1008,1162,1121,1090,935,993,1066,998,937,619,582,539,,,,,,707,15863,861,787,823,830,898,1049,1053,1043,978,968,1054,1056,1002,688,700,754,,,,,,1319
2010,2010-03-31,43404,434043,熊本県,菊池郡菊陽町,town,43404,36389,2341,2260,1971,1812,2023,2533,3193,3142,2298,2095,2114,2406,2401,1618,1409,1177,,,,,,1596,17856,1215,1164,988,913,997,1306,1616,1641,1146,1043,1008,1157,1147,801,653,520,,,,,,541,18533,1126,1096,983,899,1026,1227,1577,1501,1152,1052,1106,1249,1254,817,756,657,,,,,,1055
2010,2010-03-31,43420,434205,熊本県,阿蘇郡,gun_agg,,40727,1515,1606,1703,1948,1885,1730,1909,1942,1908,2372,2973,3392,3306,2526,2718,2779,,,,,,4515,19586,790,862,890,991,984,854,999,965,918,1214,1513,1726,1730,1143,1216,1205,,,,,,1586,21141,725,744,813,957,901,876,910,977,990,1158,1460,1666,1576,1383,1502,1574,,,,,,2929
2010,2010-03-31,43423,434230,熊本県,阿蘇郡南小国町,town,43423,4580,173,159,183,211,201,211,235,180,188,249,315,406,353,273,317,327,,,,,,599,2145,88,76,86,102,104,105,126,85,94,137,143,205,197,109,141,136,,,,,,211,2435,85,83,97,109,97,106,109,95,94,112,172,201,156,164,176,191,,,,,,388
2010,2010-03-31,43424,434248,熊本県,阿蘇郡小国町,town,43424,8373,294,316,377,416,357,308,388,368,377,491,559,712,700,546,570,604,,,,,,990,3973,145,177,190,205,177,157,208,193,177,252,281,365,354,251,239,250,,,,,,352,4400,149,139,187,211,180,151,180,175,200,239,278,347,346,295,331,354,,,,,,638
2010,2010-03-31,43425,434256,熊本県,阿蘇郡産山村,village,43425,1680,61,61,68,84,58,64,59,49,92,101,114,129,127,107,147,149,,,,,,210,856,30,38,40,45,32,29,32,20,49,50,66,74,69,52,70,78,,,,,,82,824,31,23,28,39,26,35,27,29,43,51,48,55,58,55,77,71,,,,,,128
2010,2010-03-31,43428,434281,熊本県,阿蘇郡高森町,town,43428,7166,225,252,275,362,304,292,300,307,336,415,561,589,565,454,548,540,,,,,,841,3445,125,140,142,176,163,154,150,153,147,217,309,297,294,191,259,225,,,,,,303,3721,100,112,133,186,141,138,150,154,189,198,252,292,271,263,289,315,,,,,,538
2010,2010-03-31,43432,434329,熊本県,阿蘇郡西原村,village,43432,6947,357,352,331,317,344,362,382,421,374,435,517,558,512,348,345,373,,,,,,619,3421,190,190,177,173,172,168,208,212,182,219,257,283,280,169,166,178,,,,,,197,3526,167,162,154,144,172,194,174,209,192,216,260,275,232,179,179,195,,,,,,422
2010,2010-03-31,43433,434337,熊本県,阿蘇郡南阿蘇村,village,43433,11981,405,466,469,558,621,493,545,617,541,681,907,998,1049,798,791,786,,,,,,1256,5746,212,241,255,290,336,241,275,302,269,339,457,502,536,371,341,338,,,,,,441,6235,193,225,214,268,285,252,270,315,272,342,450,496,513,427,450,448,,,,,,815
2010,2010-03-31,43440,434400,熊本県,上益城郡,gun_agg,,90145,3690,3696,4060,4366,4285,4679,4953,4950,4441,5128,6076,7427,7004,5509,5545,5438,,,,,,8898,43038,1850,1941,2096,2300,2166,2329,2453,2495,2101,2510,3016,3774,3583,2556,2516,2385,,,,,,2967,47107,1840,1755,1964,2066,2119,2350,2500,2455,2340,2618,3060,3653,3421,2953,3029,3053,,,,,,5931
2010,2010-03-31,43441,434418,熊本県,上益城郡御船町,town,43441,18236,727,732,832,874,868,971,1017,978,869,1051,1276,1559,1486,1155,1045,1079,,,,,,1717,8686,369,384,421,443,431,465,520,471,411,528,638,789,743,555,501,455,,,,,,562,9550,358,348,411,431,437,506,497,507,458,523,638,770,743,600,544,624,,,,,,1155
2010,2010-03-31,43442,434426,熊本県,上益城郡嘉島町,town,43442,8722,444,380,439,477,389,511,608,559,497,508,533,599,606,474,507,464,,,,,,727,4160,221,203,233,261,196,247,290,278,242,230,267,318,309,221,237,185,,,,,,222,4562,223,177,206,216,193,264,318,281,255,278,266,281,297,253,270,279,,,,,,505
2010,2010-03-31,43443,434434,熊本県,上益城郡益城町,town,43443,33340,1618,1618,1657,1686,1765,1915,2127,2179,1811,1935,2253,2666,2512,1901,1738,1555,,,,,,2404,15960,802,833,857,884,864,949,1044,1086,860,931,1073,1289,1255,905,798,694,,,,,,836,17380,816,785,800,802,901,966,1083,1093,951,1004,1180,1377,1257,996,940,861,,,,,,1568
2010,2010-03-31,43444,434442,熊本県,上益城郡甲佐町,town,43444,11498,388,437,465,520,516,590,515,561,523,650,737,922,949,770,765,807,,,,,,1383,5370,184,239,230,266,271,305,244,295,232,337,361,480,470,358,332,341,,,,,,425,6128,204,198,235,254,245,285,271,266,291,313,376,442,479,412,433,466,,,,,,958
2010,2010-03-31,43447,434477,熊本県,上益城郡山都町,town,43447,18349,513,529,667,809,747,692,686,673,741,984,1277,1681,1451,1209,1490,1533,,,,,,2667,8862,274,282,355,446,404,363,355,365,356,484,677,898,806,517,648,710,,,,,,922,9487,239,247,312,363,343,329,331,308,385,500,600,783,645,692,842,823,,,,,,1745
2010,2010-03-31,43460,434604,熊本県,八代郡,gun_agg,,13192,475,500,609,644,610,613,674,692,637,799,883,1095,1086,844,870,906,,,,,,1255,6178,259,255,302,322,290,295,347,362,316,410,409,545,534,396,371,368,,,,,,397,7014,216,245,307,322,320,318,327,330,321,389,474,550,552,448,499,538,,,,,,858
2010,2010-03-31,43468,434680,熊本県,八代郡氷川町,town,43468,13192,475,500,609,644,610,613,674,692,637,799,883,1095,1086,844,870,906,,,,,,1255,6178,259,255,302,322,290,295,347,362,316,410,409,545,534,396,371,368,,,,,,397,7014,216,245,307,322,320,318,327,330,321,389,474,550,552,448,499,538,,,,,,858
2010,2010-03-31,43480,434809,熊本県,葦北郡,gun_agg,,25534,833,919,1047,1191,944,996,1060,1084,1170,1459,1773,2157,1947,1811,1999,1981,,,,,,3163,11922,417,478,539,568,477,502,547,587,579,723,872,1065,1005,820,886,863,,,,,,994,13612,416,441,508,623,467,494,513,497,591,736,901,1092,942,991,1113,1118,,,,,,2169
2010,2010-03-31,43482,434825,熊本県,葦北郡芦北町,town,43482,20233,646,719,774,934,760,801,840,838,910,1164,1390,1743,1588,1444,1606,1573,,,,,,2503,9413,318,379,390,449,377,392,431,465,450,574,683,850,802,663,713,685,,,,,,792,10820,328,340,384,485,383,409,409,373,460,590,707,893,786,781,893,888,,,,,,1711
2010,2010-03-31,43484,434841,熊本県,葦北郡津奈木町,town,43484,5301,187,200,273,257,184,195,220,246,260,295,383,414,359,367,393,408,,,,,,660,2509,99,99,149,119,100,110,116,122,129,149,189,215,203,157,173,178,,,,,,202,2792,88,101,124,138,84,85,104,124,131,146,194,199,156,210,220,230,,,,,,458
2010,2010-03-31,43500,435007,熊本県,球磨郡,gun_agg,,61850,2570,2908,2953,3086,2290,2541,2840,2943,2949,3488,4212,5122,4811,3783,4273,4338,,,,,,6743,29065,1337,1496,1499,1500,1134,1304,1445,1499,1448,1733,2100,2577,2460,1713,1805,1833,,,,,,2182,32785,1233,1412,1454,1586,1156,1237,1395,1444,1501,1755,2112,2545,2351,2070,2468,2505,,,,,,4561
2010,2010-03-31,43501,435015,熊本県,球磨郡錦町,town,43501,11553,556,654,621,613,501,578,621,612,585,688,787,1004,856,623,625,632,,,,,,997,5390,287,323,317,277,258,285,313,309,286,315,375,494,436,285,259,258,,,,,,313,6163,269,331,304,336,243,293,308,303,299,373,412,510,420,338,366,374,,,,,,684
2010,2010-03-31,43505,435058,熊本県,球磨郡多良木町,town,43505,10976,400,474,535,510,360,417,474,519,504,621,712,936,900,712,796,801,,,,,,1305,5145,205,236,277,258,171,205,238,275,245,318,345,459,476,318,339,344,,,,,,436,5831,195,238,258,252,189,212,236,244,259,303,367,477,424,394,457,457,,,,,,869
2010,2010-03-31,43506,435066,熊本県,球磨郡湯前町,town,43506,4555,143,174,214,230,150,149,164,189,239,256,309,331,376,327,356,356,,,,,,592,2112,74,89,111,113,74,79,77,92,121,137,148,160,195,141,166,144,,,,,,191,2443,69,85,103,117,76,70,87,97,118,119,161,171,181,186,190,212,,,,,,401
2010,2010-03-31,43507,435074,熊本県,球磨郡水上村,village,43507,2530,105,100,109,130,85,81,107,95,115,142,171,190,184,148,231,206,,,,,,331,1192,59,54,48,74,40,40,51,45,59,76,93,98,92,69,90,88,,,,,,116,1338,46,46,61,56,45,41,56,50,56,66,78,92,92,79,141,118,,,,,,215
2010,2010-03-31,43510,435104,熊本県,球磨郡相良村,village,43510,5181,202,241,233,278,165,204,229,228,223,310,371,437,430,343,389,334,,,,,,564,2435,113,110,104,126,78,101,139,111,108,157,197,227,207,148,171,154,,,,,,184,2746,89,131,129,152,87,103,90,117,115,153,174,210,223,195,218,180,,,,,,380
2010,2010-03-31,43511,435112,熊本県,球磨郡五木村,village,43511,1358,36,36,42,59,55,39,46,53,48,73,99,108,113,105,131,121,,,,,,194,650,18,22,25,32,25,24,25,26,21,46,50,62,60,47,52,55,,,,,,60,708,18,14,17,27,30,15,21,27,27,27,49,46,53,58,79,66,,,,,,134
2010,2010-03-31,43512,435121,熊本県,球磨郡山江村,village,43512,3862,197,219,194,203,153,166,210,178,174,207,285,314,273,213,249,272,,,,,,355,1816,95,126,89,89,67,83,109,88,87,107,136,161,141,102,95,118,,,,,,123,2046,102,93,105,114,86,83,101,90,87,100,149,153,132,111,154,154,,,,,,232
2010,2010-03-31,43513,435139,熊本県,球磨郡球磨村,village,43513,4583,143,166,156,233,145,157,141,180,194,274,328,394,348,284,393,422,,,,,,625,2173,74,86,73,114,64,86,75,97,100,150,175,223,182,120,169,174,,,,,,211,2410,69,80,83,119,81,71,66,83,94,124,153,171,166,164,224,248,,,,,,414
2010,2010-03-31,43514,435147,熊本県,球磨郡あさぎり町,town,43514,17252,788,844,849,830,676,750,848,889,867,917,1150,1408,1331,1028,1103,1194,,,,,,1780,8152,412,450,455,417,357,401,418,456,421,427,581,693,671,483,464,498,,,,,,548,9100,376,394,394,413,319,349,430,433,446,490,569,715,660,545,639,696,,,,,,1232
2010,2010-03-31,43520,435201,熊本県,天草郡,gun_agg,,8363,315,333,378,363,282,313,389,432,391,504,614,701,610,523,597,595,,,,,,1023,3924,171,168,191,183,133,162,204,219,202,252,316,352,299,246,246,250,,,,,,330,4439,144,165,187,180,149,151,185,213,189,252,298,349,311,277,351,345,,,,,,693
2010,2010-03-31,43531,435317,熊本県,天草郡苓北町,town,43531,8363,315,333,378,363,282,313,389,432,391,504,614,701,610,523,597,595,,,,,,1023,3924,171,168,191,183,133,162,204,219,202,252,316,352,299,246,246,250,,,,,,330,4439,144,165,187,180,149,151,185,213,189,252,298,349,311,277,351,345,,,,,,693
2010,2010-03-31,44000,440001,大分県,,pref,,1206976,50161,52483,55842,57988,58450,63207,73068,78191,68435,68486,77113,90777,96747,78351,70153,67436,,,,,,100088,571782,25614,27075,28537,29643,29778,31808,36911,39102,33174,33189,37554,44446,46675,36109,30826,28385,,,,,,32956,635194,24547,25408,27305,28345,28672,31399,36157,39089,35261,35297,39559,46331,50072,42242,39327,39051,,,,,,67132
2010,2010-03-31,44201,442011,大分県,大分市,city,44201,470293,22311,22997,23625,23741,25260,28140,33177,36041,30230,28536,30873,34924,36254,27682,21642,18917,,,,,,25943,226240,11366,11872,12102,12268,12751,13907,16684,18006,14527,13619,14796,16791,17596,13210,9862,8153,,,,,,8730,244053,10945,11125,11523,11473,12509,14233,16493,18035,15703,14917,16077,18133,18658,14472,11780,10764,,,,,,17213
2010,2010-03-31,44202,442020,大分県,別府市,city,44202,120623,4626,4725,4963,5313,6234,6169,7117,7714,7092,6821,7041,8386,10411,8924,7745,7272,,,,,,10070,55167,2401,2453,2564,2670,3135,2991,3449,3774,3336,3269,3306,3917,4682,3826,3259,2958,,,,,,3177,65456,2225,2272,2399,2643,3099,3178,3668,3940,3756,3552,3735,4469,5729,5098,4486,4314,,,,,,6893
2010,2010-03-31,44203,442038,大分県,中津市,city,44203,85324,3964,3989,4141,4316,4134,4628,5042,5507,4946,4746,5505,6202,6529,5394,4824,4598,,,,,,6859,40403,2004,2066,2093,2222,2148,2351,2575,2746,2407,2291,2710,3104,3087,2501,2111,1846,,,,,,2141,44921,1960,1923,2048,2094,1986,2277,2467,2761,2539,2455,2795,3098,3442,2893,2713,2752,,,,,,4718
2010,2010-03-31,44204,442046,大分県,日田市,city,44204,72491,3089,3184,3449,3649,2970,3357,3917,4170,3896,4202,4817,5700,5617,4639,4502,4473,,,,,,6860,34169,1572,1666,1738,1849,1463,1643,1982,2027,1958,2093,2409,2880,2709,2124,1954,1896,,,,,,2206,38322,1517,1518,1711,1800,1507,1714,1935,2143,1938,2109,2408,2820,2908,2515,2548,2577,,,,,,4654
2010,2010-03-31,44205,442054,大分県,佐伯市,city,44205,80234,2727,3110,3371,3647,3247,3544,4119,4501,3953,4401,5316,6462,6843,5909,5589,5461,,,,,,8034,37093,1363,1571,1720,1813,1623,1814,2052,2268,1866,2115,2573,3185,3251,2659,2414,2266,,,,,,2540,43141,1364,1539,1651,1834,1624,1730,2067,2233,2087,2286,2743,3277,3592,3250,3175,3195,,,,,,5494
2010,2010-03-31,44206,442062,大分県,臼杵市,city,44206,43158,1438,1724,1769,1885,1785,1972,2221,2334,2001,2301,2765,3383,3977,3206,2970,2993,,,,,,4434,20364,749,916,925,945,902,1023,1146,1171,997,1112,1337,1684,1951,1486,1280,1246,,,,,,1494,22794,689,808,844,940,883,949,1075,1163,1004,1189,1428,1699,2026,1720,1690,1747,,,,,,2940
2010,2010-03-31,44207,442071,大分県,津久見市,city,44207,20958,622,672,852,883,815,890,1034,1125,946,1128,1334,1838,1945,1660,1506,1488,,,,,,2220,9862,324,345,421,448,413,466,506,582,471,567,639,934,952,771,663,598,,,,,,762,11096,298,327,431,435,402,424,528,543,475,561,695,904,993,889,843,890,,,,,,1458
2010,2010-03-31,44208,442089,大分県,竹田市,city,44208,25526,736,752,868,1067,962,959,1006,990,941,1259,1678,2041,2157,1829,2095,2409,,,,,,3777,11869,370,366,457,576,476,495,544,515,450,610,832,1084,1098,797,903,1013,,,,,,1283,13657,366,386,411,491,486,464,462,475,491,649,846,957,1059,1032,1192,1396,,,,,,2494
2010,2010-03-31,44209,442097,大分県,豊後高田市,city,44209,24341,787,914,1020,1147,992,986,1179,1240,1155,1249,1524,1901,1967,1693,1784,1836,,,,,,2967,11439,414,483,514,572,520,522,622,652,586,616,777,949,992,751,747,790,,,,,,932,12902,373,431,506,575,472,464,557,588,569,633,747,952,975,942,1037,1046,,,,,,2035
2010,2010-03-31,44210,442101,大分県,杵築市,city,44210,32811,1252,1239,1369,1560,1634,1764,1877,1855,1657,1682,1960,2363,2484,2130,2084,2196,,,,,,3705,15806,648,645,687,814,891,974,979,954,825,843,1008,1206,1238,1000,902,951,,,,,,1241,17005,604,594,682,746,743,790,898,901,832,839,952,1157,1246,1130,1182,1245,,,,,,2464
2010,2010-03-31,44211,442119,大分県,宇佐市,city,44211,61061,2278,2526,2884,2961,2633,2854,3338,3502,3251,3266,3806,4754,4848,4007,3914,4006,,,,,,6233,28567,1143,1294,1466,1459,1321,1478,1698,1763,1639,1597,1857,2347,2388,1813,1715,1613,,,,,,1976,32494,1135,1232,1418,1502,1312,1376,1640,1739,1612,1669,1949,2407,2460,2194,2199,2393,,,,,,4257
2010,2010-03-31,44212,442127,大分県,豊後大野市,city,44212,40862,1301,1483,1616,1717,1618,1701,1880,1954,1716,1977,2518,3149,3366,2786,3093,3357,,,,,,5630,18961,682,743,829,846,825,881,935,981,843,969,1236,1587,1652,1266,1300,1431,,,,,,1955,21901,619,740,787,871,793,820,945,973,873,1008,1282,1562,1714,1520,1793,1926,,,,,,3675
2010,2010-03-31,44213,442135,大分県,由布市,city,44213,36382,1537,1536,1643,1674,1880,1979,2187,2132,1865,1955,2185,2785,2898,2281,2246,2204,,,,,,3395,17389,802,781,858,864,987,983,1149,1050,909,987,1108,1360,1421,1029,985,970,,,,,,1146,18993,735,755,785,810,893,996,1038,1082,956,968,1077,1425,1477,1252,1261,1234,,,,,,2249
2010,2010-03-31,44214,442143,大分県,国東市,city,44214,33113,1011,1134,1452,1515,1480,1401,1566,1608,1593,1667,2025,2327,2592,2268,2431,2648,,,,,,4395,15847,513,603,722,791,860,788,846,842,777,844,1047,1149,1268,1068,1076,1111,,,,,,1542,17266,498,531,730,724,620,613,720,766,816,823,978,1178,1324,1200,1355,1537,,,,,,2853
2010,2010-03-31,44320,443204,大分県,東国東郡,gun_agg,,2449,60,69,101,117,85,79,94,91,110,134,202,254,231,200,148,172,,,,,,302,1161,34,37,59,60,44,41,53,42,44,72,107,126,121,93,68,69,,,,,,91,1288,26,32,42,57,41,38,41,49,66,62,95,128,110,107,80,103,,,,,,211
2010,2010-03-31,44322,443221,大分県,東国東郡姫島村,village,44322,2449,60,69,101,117,85,79,94,91,110,134,202,254,231,200,148,172,,,,,,302,1161,34,37,59,60,44,41,53,42,44,72,107,126,121,93,68,69,,,,,,91,1288,26,32,42,57,41,38,41,49,66,62,95,128,110,107,80,103,,,,,,211
2010,2010-03-31,44340,443409,大分県,速見郡,gun_agg,,28563,1357,1388,1404,1396,1451,1522,1915,2013,1696,1597,1725,2045,2240,1800,1537,1377,,,,,,2100,13665,699,686,713,708,730,756,970,998,824,802,847,1008,1067,862,693,611,,,,,,691,14898,658,702,691,688,721,766,945,1015,872,795,878,1037,1173,938,844,766,,,,,,1409
2010,2010-03-31,44341,443417,大分県,速見郡日出町,town,44341,28563,1357,1388,1404,1396,1451,1522,1915,2013,1696,1597,1725,2045,2240,1800,1537,1377,,,,,,2100,13665,699,686,713,708,730,756,970,998,824,802,847,1008,1067,862,693,611,,,,,,691,14898,658,702,691,688,721,766,945,1015,872,795,878,1037,1173,938,844,766,,,,,,1409
2010,2010-03-31,44460,444600,大分県,玖珠郡,gun_agg,,28787,1065,1041,1315,1400,1270,1262,1399,1414,1387,1565,1839,2263,2388,1943,2043,2029,,,,,,3164,13780,530,548,669,738,689,695,721,731,715,783,965,1135,1202,853,894,863,,,,,,1049,15007,535,493,646,662,581,567,678,683,672,782,874,1128,1186,1090,1149,1166,,,,,,2115
2010,2010-03-31,44461,444618,大分県,玖珠郡九重町,town,44461,11002,366,354,471,502,429,424,497,473,472,584,713,934,945,792,866,847,,,,,,1333,5224,180,190,235,261,205,208,254,257,258,275,378,489,478,351,384,376,,,,,,445,5778,186,164,236,241,224,216,243,216,214,309,335,445,467,441,482,471,,,,,,888
2010,2010-03-31,44462,444626,大分県,玖珠郡玖珠町,town,44462,17785,699,687,844,898,841,838,902,941,915,981,1126,1329,1443,1151,1177,1182,,,,,,1831,8556,350,358,434,477,484,487,467,474,457,508,587,646,724,502,510,487,,,,,,604,9229,349,329,410,421,357,351,435,467,458,473,539,683,719,649,667,695,,,,,,1227
2010,2010-03-31,45000,450006,宮崎県,,pref,,1152514,50560,53198,57732,58276,53645,59180,68008,71372,63440,68436,77939,90108,89046,70264,66081,63342,,,,,,91887,544397,25827,27228,29674,29531,26370,28934,33857,35203,30483,33064,37936,44312,43396,32746,29375,26731,,,,,,29730,608117,24733,25970,28058,28745,27275,30246,34151,36169,32957,35372,40003,45796,45650,37518,36706,36611,,,,,,62157
2010,2010-03-31,45201,452017,宮崎県,宮崎市,city,45201,400901,18990,19382,20979,20882,20731,22682,26962,29202,25308,25261,26169,29675,30488,23111,19385,17332,,,,,,24362,188745,9666,9819,10751,10438,9955,10723,13197,14190,11990,12067,12379,14205,14539,10899,8670,7239,,,,,,8018,212156,9324,9563,10228,10444,10776,11959,13765,15012,13318,13194,13790,15470,15949,12212,10715,10093,,,,,,16344
2010,2010-03-31,45202,452025,宮崎県,都城市,city,45202,171506,8001,7957,8360,8795,8250,9339,9854,10048,8893,10055,11704,13173,12865,10111,9918,9827,,,,,,14356,80834,4046,4152,4290,4441,4075,4579,4955,4943,4250,4814,5751,6403,6396,4741,4385,4058,,,,,,4555,90672,3955,3805,4070,4354,4175,4760,4899,5105,4643,5241,5953,6770,6469,5370,5533,5769,,,,,,9801
2010,2010-03-31,45203,452033,宮崎県,延岡市,city,45203,133616,5583,6333,6775,6532,5812,6316,7509,8121,7164,7739,8765,10611,10608,8460,8304,8121,,,,,,10863,63006,2930,3263,3537,3379,2902,3099,3760,4044,3507,3727,4208,5149,5160,3910,3597,3369,,,,,,3465,70610,2653,3070,3238,3153,2910,3217,3749,4077,3657,4012,4557,5462,5448,4550,4707,4752,,,,,,7398
2010,2010-03-31,45204,452041,宮崎県,日南市,city,45204,59305,2229,2330,2583,3015,2313,2666,3007,3024,2806,3384,4229,4759,4781,4081,4164,4011,,,,,,5923,27942,1132,1201,1337,1556,1105,1328,1527,1514,1429,1630,2136,2375,2347,1890,1844,1673,,,,,,1918,31363,1097,1129,1246,1459,1208,1338,1480,1510,1377,1754,2093,2384,2434,2191,2320,2338,,,,,,4005
2010,2010-03-31,45205,452050,宮崎県,小林市,city,45205,49266,1989,2173,2284,2374,2012,2317,2616,2455,2406,2839,3520,4080,3777,3167,3230,3170,,,,,,4857,23179,1029,1158,1156,1185,1016,1161,1275,1230,1148,1358,1758,2054,1840,1432,1405,1394,,,,,,1580,26087,960,1015,1128,1189,996,1156,1341,1225,1258,1481,1762,2026,1937,1735,1825,1776,,,,,,3277
2010,2010-03-31,45206,452068,宮崎県,日向市,city,45206,64506,2986,3153,3380,3228,2782,3268,4085,4192,3578,3781,4465,5163,5040,3970,3564,3294,,,,,,4577,30742,1510,1632,1752,1681,1379,1636,2039,2092,1726,1870,2163,2595,2402,1820,1587,1389,,,,,,1469,33764,1476,1521,1628,1547,1403,1632,2046,2100,1852,1911,2302,2568,2638,2150,1977,1905,,,,,,3108
2010,2010-03-31,45207,452076,宮崎県,串間市,city,45207,21399,744,788,892,991,843,937,922,848,825,1146,1638,1844,1582,1370,1570,1815,,,,,,2644,9997,387,384,471,491,439,494,472,422,416,550,828,985,803,611,662,741,,,,,,841,11402,357,404,421,500,404,443,450,426,409,596,810,859,779,759,908,1074,,,,,,1803
2010,2010-03-31,45208,452084,宮崎県,西都市,city,45208,33720,1331,1480,1650,1572,1484,1560,1732,1816,1651,1926,2311,2752,2664,2191,2252,2067,,,,,,3281,15991,684,763,835,772,730,760,877,896,807,947,1170,1385,1309,1009,1014,916,,,,,,1117,17729,647,717,815,800,754,800,855,920,844,979,1141,1367,1355,1182,1238,1151,,,,,,2164
2010,2010-03-31,45209,452092,宮崎県,えびの市,city,45209,22537,795,865,891,1023,911,918,1021,931,967,1226,1541,1981,1729,1476,1675,1805,,,,,,2782,10674,415,472,462,541,506,466,527,467,472,594,754,1082,849,684,716,746,,,,,,921,11863,380,393,429,482,405,452,494,464,495,632,787,899,880,792,959,1059,,,,,,1861
2010,2010-03-31,45340,453404,宮崎県,北諸県郡,gun_agg,,25215,1248,1330,1525,1486,1256,1371,1516,1570,1443,1552,1810,1925,1789,1406,1282,1057,,,,,,1649,11850,620,659,776,760,583,658,737,759,673,741,852,951,905,670,586,418,,,,,,502,13365,628,671,749,726,673,713,779,811,770,811,958,974,884,736,696,639,,,,,,1147
2010,2010-03-31,45341,453412,宮崎県,北諸県郡三股町,town,45341,25215,1248,1330,1525,1486,1256,1371,1516,1570,1443,1552,1810,1925,1789,1406,1282,1057,,,,,,1649,11850,620,659,776,760,583,658,737,759,673,741,852,951,905,670,586,418,,,,,,502,13365,628,671,749,726,673,713,779,811,770,811,958,974,884,736,696,639,,,,,,1147
2010,2010-03-31,45360,453609,宮崎県,西諸県郡,gun_agg,,10641,333,380,480,502,397,443,460,441,483,621,791,977,840,634,788,840,,,,,,1231,5094,182,200,254,270,197,236,245,221,232,320,384,522,443,281,348,369,,,,,,390,5547,151,180,226,232,200,207,215,220,251,301,407,455,397,353,440,471,,,,,,841
2010,2010-03-31,45361,453617,宮崎県,西諸県郡高原町,town,45361,10641,333,380,480,502,397,443,460,441,483,621,791,977,840,634,788,840,,,,,,1231,5094,182,200,254,270,197,236,245,221,232,320,384,522,443,281,348,369,,,,,,390,5547,151,180,226,232,200,207,215,220,251,301,407,455,397,353,440,471,,,,,,841
2010,2010-03-31,45380,453803,宮崎県,東諸県郡,gun_agg,,29089,1096,1158,1419,1466,1361,1430,1464,1547,1516,1713,2139,2496,2405,1845,1744,1774,,,,,,2516,13706,537,589,721,711,642,710,734,756,721,826,1072,1222,1188,867,798,788,,,,,,824,15383,559,569,698,755,719,720,730,791,795,887,1067,1274,1217,978,946,986,,,,,,1692
2010,2010-03-31,45382,453820,宮崎県,東諸県郡国富町,town,45382,21504,778,869,1043,1107,1054,1080,1080,1155,1121,1269,1627,1870,1750,1327,1268,1283,,,,,,1823,10138,384,448,539,540,493,528,529,577,524,607,817,925,870,617,583,572,,,,,,585,11366,394,421,504,567,561,552,551,578,597,662,810,945,880,710,685,711,,,,,,1238
2010,2010-03-31,45383,453838,宮崎県,東諸県郡綾町,town,45383,7585,318,289,376,359,307,350,384,392,395,444,512,626,655,518,476,491,,,,,,693,3568,153,141,182,171,149,182,205,179,197,219,255,297,318,250,215,216,,,,,,239,4017,165,148,194,188,158,168,179,213,198,225,257,329,337,268,261,275,,,,,,454
2010,2010-03-31,45400,454001,宮崎県,児湯郡,gun_agg,,75951,3214,3496,3908,3882,3670,3810,4379,4532,3895,4145,5014,6144,6196,4875,4318,4102,,,,,,6371,36401,1650,1741,2001,1964,1922,1981,2251,2318,1857,2057,2496,3023,3012,2315,2005,1800,,,,,,2008,39550,1564,1755,1907,1918,1748,1829,2128,2214,2038,2088,2518,3121,3184,2560,2313,2302,,,,,,4363
2010,2010-03-31,45401,454010,宮崎県,児湯郡高鍋町,town,45401,21528,952,956,1070,1032,1051,1101,1332,1401,1165,1154,1381,1674,1801,1421,1223,1152,,,,,,1662,10127,484,478,552,509,541,544,659,713,554,557,659,807,857,656,572,491,,,,,,494,11401,468,478,518,523,510,557,673,688,611,597,722,867,944,765,651,661,,,,,,1168
2010,2010-03-31,45402,454028,宮崎県,児湯郡新富町,town,45402,18760,799,911,1035,1075,1126,1052,1131,1174,1047,1178,1191,1453,1411,1101,937,882,,,,,,1257,9309,431,442,541,554,658,601,579,608,484,584,616,719,686,525,467,402,,,,,,412,9451,368,469,494,521,468,451,552,566,563,594,575,734,725,576,470,480,,,,,,845
2010,2010-03-31,45403,454036,宮崎県,児湯郡西米良村,village,45403,1272,41,46,44,31,34,41,62,72,51,48,72,86,101,102,118,128,,,,,,195,614,26,27,22,19,15,26,35,47,22,31,41,39,52,45,44,65,,,,,,58,658,15,19,22,12,19,15,27,25,29,17,31,47,49,57,74,63,,,,,,137
2010,2010-03-31,45404,454044,宮崎県,児湯郡木城町,town,45404,5341,209,226,261,272,225,267,277,281,230,266,349,453,438,355,346,355,,,,,,531,2488,105,113,129,118,104,127,148,132,114,119,173,223,220,173,159,145,,,,,,186,2853,104,113,132,154,121,140,129,149,116,147,176,230,218,182,187,210,,,,,,345
2010,2010-03-31,45405,454052,宮崎県,児湯郡川南町,town,45405,17336,781,838,922,906,764,809,986,972,863,939,1206,1449,1443,1109,938,909,,,,,,1502,8302,389,421,456,473,372,411,514,494,417,475,607,721,723,533,403,415,,,,,,478,9034,392,417,466,433,392,398,472,478,446,464,599,728,720,576,535,494,,,,,,1024
2010,2010-03-31,45406,454061,宮崎県,児湯郡都農町,town,45406,11714,432,519,576,566,470,540,591,632,539,560,815,1029,1002,787,756,676,,,,,,1224,5561,215,260,301,291,232,272,316,324,266,291,400,514,474,383,360,282,,,,,,380,6153,217,259,275,275,238,268,275,308,273,269,415,515,528,404,396,394,,,,,,844
2010,2010-03-31,45420,454206,宮崎県,東臼杵郡,gun_agg,,31329,1210,1380,1521,1422,1162,1292,1495,1635,1563,1728,2126,2562,2479,2117,2136,2191,,,,,,3310,15040,629,698,769,755,575,674,754,842,787,877,1073,1340,1245,966,1000,973,,,,,,1083,16289,581,682,752,667,587,618,741,793,776,851,1053,1222,1234,1151,1136,1218,,,,,,2227
2010,2010-03-31,45421,454214,宮崎県,東臼杵郡門川町,town,45421,19314,869,961,1026,979,836,907,1090,1165,1064,1084,1284,1556,1513,1289,1152,1018,,,,,,1521,9199,462,486,533,530,395,448,531,597,518,537,617,790,728,613,536,437,,,,,,441,10115,407,475,493,449,441,459,559,568,546,547,667,766,785,676,616,581,,,,,,1080
2010,2010-03-31,45429,454290,宮崎県,東臼杵郡諸塚村,village,45429,2001,60,80,94,84,51,64,76,73,105,115,140,162,156,136,167,176,,,,,,262,977,32,42,50,44,29,41,37,43,49,56,75,89,89,57,74,85,,,,,,85,1024,28,38,44,40,22,23,39,30,56,59,65,73,67,79,93,91,,,,,,177
2010,2010-03-31,45430,454303,宮崎県,東臼杵郡椎葉村,village,45430,3307,111,145,120,119,81,111,121,149,147,201,261,267,245,218,280,325,,,,,,406,1657,49,71,48,60,47,70,76,77,84,114,147,155,131,87,143,141,,,,,,157,1650,62,74,72,59,34,41,45,72,63,87,114,112,114,131,137,184,,,,,,249
2010,2010-03-31,45431,454311,宮崎県,東臼杵郡美郷町,town,45431,6707,170,194,281,240,194,210,208,248,247,328,441,577,565,474,537,672,,,,,,1121,3207,86,99,138,121,104,115,110,125,136,170,234,306,297,209,247,310,,,,,,400,3500,84,95,143,119,90,95,98,123,111,158,207,271,268,265,290,362,,,,,,721
2010,2010-03-31,45440,454401,宮崎県,西臼杵郡,gun_agg,,23533,811,993,1085,1106,661,831,986,1010,942,1320,1717,1966,1803,1450,1751,1936,,,,,,3165,11196,410,497,562,587,344,429,507,509,468,686,912,1021,958,651,758,858,,,,,,1039,12337,401,496,523,519,317,402,479,501,474,634,805,945,845,799,993,1078,,,,,,2126
2010,2010-03-31,45441,454419,宮崎県,西臼杵郡高千穂町,town,45441,14089,522,613,577,609,425,565,646,637,575,770,1027,1215,1126,847,1033,1132,,,,,,1770,6676,275,298,292,310,213,287,327,327,283,406,541,613,589,368,454,507,,,,,,586,7413,247,315,285,299,212,278,319,310,292,364,486,602,537,479,579,625,,,,,,1184
2010,2010-03-31,45442,454427,宮崎県,西臼杵郡日之影町,town,45442,4832,135,175,207,202,121,131,143,165,180,300,374,391,350,337,405,432,,,,,,784,2295,59,96,118,105,65,67,79,86,95,156,197,218,189,151,171,189,,,,,,254,2537,76,79,89,97,56,64,64,79,85,144,177,173,161,186,234,243,,,,,,530
2010,2010-03-31,45443,454435,宮崎県,西臼杵郡五ヶ瀬町,town,45443,4612,154,205,301,295,115,135,197,208,187,250,316,360,327,266,313,372,,,,,,611,2225,76,103,152,172,66,75,101,96,90,124,174,190,180,132,133,162,,,,,,199,2387,78,102,149,123,49,60,96,112,97,126,142,170,147,134,180,210,,,,,,412
2010,2010-03-31,46000,460001,鹿児島県,,pref,,1722405,74903,78352,83468,87835,79506,90403,98426,101096,95408,103770,119713,134451,123899,100611,98873,98514,,,,,,153177,808913,38609,40160,42485,44090,38237,43528,47896,49201,45688,50383,59303,67714,61878,47023,43763,40885,,,,,,48070,913492,36294,38192,40983,43745,41269,46875,50530,51895,49720,53387,60410,66737,62021,53588,55110,57629,,,,,,105107
2010,2010-03-31,46201,462012,鹿児島県,鹿児島市,city,46201,603444,28070,28210,29709,32684,33870,37433,41206,41752,37606,37751,40744,45348,43010,33681,28532,26090,,,,,,37748,281258,14353,14448,15147,16566,15698,17277,19504,19930,17527,17551,19387,21858,20921,15817,12615,10689,,,,,,11970,322186,13717,13762,14562,16118,18172,20156,21702,21822,20079,20200,21357,23490,22089,17864,15917,15401,,,,,,25778
2010,2010-03-31,46203,462039,鹿児島県,鹿屋市,city,46203,105386,5454,5313,5389,5457,4884,5966,6222,6336,5704,6481,7329,7826,7120,5617,6159,5962,,,,,,8167,50171,2799,2675,2761,2785,2393,2967,3064,3046,2710,3121,3707,3911,3581,2595,2716,2637,,,,,,2703,55215,2655,2638,2628,2672,2491,2999,3158,3290,2994,3360,3622,3915,3539,3022,3443,3325,,,,,,5464
2010,2010-03-31,46204,462047,鹿児島県,枕崎市,city,46204,24139,768,967,1042,1167,883,978,1101,1112,1308,1341,1700,2194,2030,1730,1767,1581,,,,,,2470,11082,395,489,543,607,424,476,526,535,648,647,819,1101,1024,768,780,612,,,,,,688,13057,373,478,499,560,459,502,575,577,660,694,881,1093,1006,962,987,969,,,,,,1782
2010,2010-03-31,46206,462063,鹿児島県,阿久根市,city,46206,23887,786,905,1056,1186,906,924,945,1149,1179,1404,1631,1823,1741,1706,1790,1906,,,,,,2850,11164,407,483,538,608,458,471,460,566,592,694,834,931,885,779,775,815,,,,,,868,12723,379,422,518,578,448,453,485,583,587,710,797,892,856,927,1015,1091,,,,,,1982
2010,2010-03-31,46208,462080,鹿児島県,出水市,city,46208,56208,2508,2715,2888,2961,2224,2715,3134,3335,3115,3195,3683,4371,4207,3250,3351,3342,,,,,,5214,26280,1309,1339,1449,1455,1090,1288,1550,1652,1517,1566,1761,2108,2118,1499,1509,1402,,,,,,1668,29928,1199,1376,1439,1506,1134,1427,1584,1683,1598,1629,1922,2263,2089,1751,1842,1940,,,,,,3546
2010,2010-03-31,46210,462101,鹿児島県,指宿市,city,46210,45060,1695,1898,1859,2031,1842,2091,2199,2113,2002,2430,3276,3885,3611,3069,2970,3179,,,,,,4910,20669,906,897,944,996,838,1005,1054,1019,939,1189,1629,1995,1738,1435,1364,1252,,,,,,1469,24391,789,1001,915,1035,1004,1086,1145,1094,1063,1241,1647,1890,1873,1634,1606,1927,,,,,,3441
2010,2010-03-31,46213,462136,鹿児島県,西之表市,city,46213,17056,712,845,800,662,403,675,840,918,905,1003,1231,1457,1311,1102,1280,1248,,,,,,1664,7999,363,440,413,302,188,332,429,454,438,521,635,747,661,477,542,541,,,,,,516,9057,349,405,387,360,215,343,411,464,467,482,596,710,650,625,738,707,,,,,,1148
2010,2010-03-31,46214,462144,鹿児島県,垂水市,city,46214,17854,542,555,692,745,704,783,795,734,775,1040,1325,1569,1418,1170,1222,1380,,,,,,2405,8288,297,283,337,343,345,405,396,367,371,507,685,837,720,548,518,543,,,,,,786,9566,245,272,355,402,359,378,399,367,404,533,640,732,698,622,704,837,,,,,,1619
2010,2010-03-31,46215,462152,鹿児島県,薩摩川内市,city,46215,100674,4639,4920,4969,4980,4481,5200,5613,5795,5447,5971,6670,7683,7058,5693,5650,5867,,,,,,10038,47795,2391,2588,2563,2515,2266,2607,2821,2868,2657,3007,3325,3953,3586,2668,2516,2377,,,,,,3087,52879,2248,2332,2406,2465,2215,2593,2792,2927,2790,2964,3345,3730,3472,3025,3134,3490,,,,,,6951
2010,2010-03-31,46216,462161,鹿児島県,日置市,city,46216,51567,2023,2137,2521,2904,2296,2373,2528,2571,2730,3046,3612,4076,3914,3114,3048,3247,,,,,,5427,24096,1041,1118,1266,1517,1127,1082,1232,1225,1295,1484,1811,2043,2038,1458,1336,1312,,,,,,1711,27471,982,1019,1255,1387,1169,1291,1296,1346,1435,1562,1801,2033,1876,1656,1712,1935,,,,,,3716
2010,2010-03-31,46217,462179,鹿児島県,曽於市,city,46217,41282,1371,1428,1807,1864,1630,1769,1708,1712,1871,2388,3149,3547,3053,2615,3257,3280,,,,,,4833,19371,673,765,878,933,812,897,859,859,904,1192,1610,1851,1599,1160,1443,1396,,,,,,1540,21911,698,663,929,931,818,872,849,853,967,1196,1539,1696,1454,1455,1814,1884,,,,,,3293
2010,2010-03-31,46218,462187,鹿児島県,霧島市,city,46218,127833,6311,6408,6869,7201,7091,7713,8051,8070,7744,8222,8519,9012,8254,6407,6370,6189,,,,,,9402,61516,3292,3319,3537,3813,3577,3793,4001,3957,3764,4026,4234,4612,4125,3006,2851,2638,,,,,,2971,66317,3019,3089,3332,3388,3514,3920,4050,4113,3980,4196,4285,4400,4129,3401,3519,3551,,,,,,6431
2010,2010-03-31,46219,462195,鹿児島県,いちき串木野市,city,46219,31243,1136,1326,1405,1541,1345,1461,1672,1649,1620,1766,2078,2544,2529,2164,2087,1844,,,,,,3076,14641,583,692,699,765,655,760,815,847,771,843,1008,1275,1262,1021,926,771,,,,,,948,16602,553,634,706,776,690,701,857,802,849,923,1070,1269,1267,1143,1161,1073,,,,,,2128
2010,2010-03-31,46220,462209,鹿児島県,南さつま市,city,46220,39584,1351,1421,1640,2380,1437,1582,1701,1646,1844,2123,2686,3199,2896,2582,2709,3068,,,,,,5319,17959,711,730,812,962,723,768,859,812,863,1046,1349,1696,1474,1220,1179,1228,,,,,,1527,21625,640,691,828,1418,714,814,842,834,981,1077,1337,1503,1422,1362,1530,1840,,,,,,3792
2010,2010-03-31,46221,462217,鹿児島県,志布志市,city,46221,34161,1462,1502,1616,1601,1426,1649,1573,1643,1667,1983,2526,2855,2470,1972,2455,2373,,,,,,3388,16109,737,779,817,791,641,823,804,811,827,976,1261,1493,1294,906,1058,1024,,,,,,1067,18052,725,723,799,810,785,826,769,832,840,1007,1265,1362,1176,1066,1397,1349,,,,,,2321
2010,2010-03-31,46222,462225,鹿児島県,奄美市,city,46222,46926,2168,2382,2482,2427,1319,2161,2536,2910,2704,3022,3640,3941,3252,2709,2533,2520,,,,,,4220,22038,1140,1212,1255,1211,613,1052,1218,1417,1341,1487,1866,2014,1589,1223,1138,1037,,,,,,1225,24888,1028,1170,1227,1216,706,1109,1318,1493,1363,1535,1774,1927,1663,1486,1395,1483,,,,,,2995
2010,2010-03-31,46223,462233,鹿児島県,南九州市,city,46223,40531,1396,1617,1794,1919,1614,1653,1745,1760,1811,2332,2969,3384,2842,2514,2829,3021,,,,,,5331,18704,705,811,868,924,819,838,876,841,898,1171,1509,1832,1426,1151,1253,1206,,,,,,1576,21827,691,806,926,995,795,815,869,919,913,1161,1460,1552,1416,1363,1576,1815,,,,,,3755
2010,2010-03-31,46224,462241,鹿児島県,伊佐市,city,46224,30276,1079,1178,1237,1283,1079,1226,1349,1507,1408,1557,2044,2362,2348,2007,2218,2353,,,,,,4041,13938,558,596,622,597,542,632,680,748,694,794,995,1212,1165,936,931,993,,,,,,1243,16338,521,582,615,686,537,594,669,759,714,763,1049,1150,1183,1071,1287,1360,,,,,,2798
2010,2010-03-31,46225,462250,鹿児島県,姶良市,city,46225,75037,3221,3553,3837,3977,3479,3802,4250,4461,4047,4340,5175,5924,5929,4647,4034,3933,,,,,,6428,35073,1641,1832,1989,1937,1646,1852,2018,2169,1889,2043,2495,2819,2966,2232,1833,1608,,,,,,2104,39964,1580,1721,1848,2040,1833,1950,2232,2292,2158,2297,2680,3105,2963,2415,2201,2325,,,,,,4324
2010,2010-03-31,46300,463001,鹿児島県,鹿児島郡,gun_agg,,930,15,46,62,13,19,21,27,46,44,58,71,87,57,60,79,84,,,,,,141,453,4,23,26,8,9,12,12,22,29,33,41,51,34,26,34,41,,,,,,48,477,11,23,36,5,10,9,15,24,15,25,30,36,23,34,45,43,,,,,,93
2010,2010-03-31,46303,463035,鹿児島県,鹿児島郡三島村,village,46303,351,9,24,27,3,7,10,15,15,17,15,18,33,18,23,26,31,,,,,,60,158,1,11,11,1,3,5,7,5,12,9,11,18,9,7,14,12,,,,,,22,193,8,13,16,2,4,5,8,10,5,6,7,15,9,16,12,19,,,,,,38
2010,2010-03-31,46304,463043,鹿児島県,鹿児島郡十島村,village,46304,579,6,22,35,10,12,11,12,31,27,43,53,54,39,37,53,53,,,,,,81,295,3,12,15,7,6,7,5,17,17,24,30,33,25,19,20,29,,,,,,26,284,3,10,20,3,6,4,7,14,10,19,23,21,14,18,33,24,,,,,,55
2010,2010-03-31,46380,463809,鹿児島県,薩摩郡,gun_agg,,24622,893,929,1046,1118,935,1096,1019,1075,1146,1447,1518,1972,1779,1545,1704,2008,,,,,,3392,11445,475,486,532,578,460,549,557,528,560,741,757,1031,894,711,714,845,,,,,,1027,13177,418,443,514,540,475,547,462,547,586,706,761,941,885,834,990,1163,,,,,,2365
2010,2010-03-31,46392,463922,鹿児島県,薩摩郡さつま町,town,46392,24622,893,929,1046,1118,935,1096,1019,1075,1146,1447,1518,1972,1779,1545,1704,2008,,,,,,3392,11445,475,486,532,578,460,549,557,528,560,741,757,1031,894,711,714,845,,,,,,1027,13177,418,443,514,540,475,547,462,547,586,706,761,941,885,834,990,1163,,,,,,2365
2010,2010-03-31,46400,464007,鹿児島県,出水郡,gun_agg,,11706,507,542,545,558,468,509,501,543,527,684,882,957,791,672,818,877,,,,,,1325,5632,266,262,278,277,253,258,264,287,259,360,486,484,413,320,371,362,,,,,,432,6074,241,280,267,281,215,251,237,256,268,324,396,473,378,352,447,515,,,,,,893
2010,2010-03-31,46404,464040,鹿児島県,出水郡長島町,town,46404,11706,507,542,545,558,468,509,501,543,527,684,882,957,791,672,818,877,,,,,,1325,5632,266,262,278,277,253,258,264,287,259,360,486,484,413,320,371,362,,,,,,432,6074,241,280,267,281,215,251,237,256,268,324,396,473,378,352,447,515,,,,,,893
2010,2010-03-31,46440,464406,鹿児島県,姶良郡,gun_agg,,11296,399,423,498,470,417,460,484,513,481,591,832,931,870,741,815,884,,,,,,1487,5235,209,214,244,222,206,229,237,255,243,303,433,472,454,341,354,363,,,,,,456,6061,190,209,254,248,211,231,247,258,238,288,399,459,416,400,461,521,,,,,,1031
2010,2010-03-31,46452,464520,鹿児島県,姶良郡湧水町,town,46452,11296,399,423,498,470,417,460,484,513,481,591,832,931,870,741,815,884,,,,,,1487,5235,209,214,244,222,206,229,237,255,243,303,433,472,454,341,354,363,,,,,,456,6061,190,209,254,248,211,231,247,258,238,288,399,459,416,400,461,521,,,,,,1031
2010,2010-03-31,46460,464601,鹿児島県,曽於郡,gun_agg,,15013,499,546,677,722,619,638,647,684,673,890,1138,1284,1210,1001,1138,1131,,,,,,1516,7181,243,277,357,355,310,333,329,351,350,431,585,662,620,483,503,503,,,,,,489,7832,256,269,320,367,309,305,318,333,323,459,553,622,590,518,635,628,,,,,,1027
2010,2010-03-31,46468,464686,鹿児島県,曽於郡大崎町,town,46468,15013,499,546,677,722,619,638,647,684,673,890,1138,1284,1210,1001,1138,1131,,,,,,1516,7181,243,277,357,355,310,333,329,351,350,431,585,662,620,483,503,503,,,,,,489,7832,256,269,320,367,309,305,318,333,323,459,553,622,590,518,635,628,,,,,,1027
2010,2010-03-31,46480,464805,鹿児島県,肝属郡,gun_agg,,43811,1412,1532,1806,1830,1536,1516,1659,1835,1914,2486,3197,3460,3162,2836,3468,4027,,,,,,6135,20560,746,755,923,923,763,765,846,938,932,1259,1705,1874,1620,1319,1512,1669,,,,,,2011,23251,666,777,883,907,773,751,813,897,982,1227,1492,1586,1542,1517,1956,2358,,,,,,4124
2010,2010-03-31,46482,464821,鹿児島県,肝属郡東串良町,town,46482,7139,295,268,296,328,266,313,279,331,318,418,553,525,561,433,534,549,,,,,,872,3355,169,132,144,161,133,161,137,171,150,205,279,274,295,187,241,230,,,,,,286,3784,126,136,152,167,133,152,142,160,168,213,274,251,266,246,293,319,,,,,,586
2010,2010-03-31,46490,464902,鹿児島県,肝属郡錦江町,town,46490,9411,290,345,386,372,306,332,347,374,427,546,642,744,647,574,778,877,,,,,,1424,4430,141,173,202,186,156,165,180,194,203,277,336,424,332,265,330,391,,,,,,475,4981,149,172,184,186,150,167,167,180,224,269,306,320,315,309,448,486,,,,,,949
2010,2010-03-31,46491,464911,鹿児島県,肝属郡南大隅町,town,46491,9379,279,276,348,363,286,259,290,335,395,493,685,735,645,637,795,1002,,,,,,1556,4313,144,136,183,179,134,127,147,169,197,250,395,383,332,295,349,375,,,,,,518,5066,135,140,165,184,152,132,143,166,198,243,290,352,313,342,446,627,,,,,,1038
2010,2010-03-31,46492,464929,鹿児島県,肝属郡肝付町,town,46492,17882,548,643,776,767,678,612,743,795,774,1029,1317,1456,1309,1192,1361,1599,,,,,,2283,8462,292,314,394,397,340,312,382,404,382,527,695,793,661,572,592,673,,,,,,732,9420,256,329,382,370,338,300,361,391,392,502,622,663,648,620,769,926,,,,,,1551
2010,2010-03-31,46500,465003,鹿児島県,熊毛郡,gun_agg,,28936,1197,1388,1380,1138,791,1238,1397,1529,1560,1702,2197,2483,2064,1885,2075,1969,,,,,,2943,14045,617,719,704,591,394,657,709,771,802,911,1160,1357,1031,889,877,853,,,,,,1003,14891,580,669,676,547,397,581,688,758,758,791,1037,1126,1033,996,1198,1116,,,,,,1940
2010,2010-03-31,46501,465011,鹿児島県,熊毛郡中種子町,town,46501,8895,320,414,423,355,253,353,374,422,468,549,657,706,577,607,744,685,,,,,,988,4209,165,222,206,175,129,188,195,215,235,285,339,377,279,252,323,300,,,,,,324,4686,155,192,217,180,124,165,179,207,233,264,318,329,298,355,421,385,,,,,,664
2010,2010-03-31,46502,465020,鹿児島県,熊毛郡南種子町,town,46502,6364,240,284,308,281,173,268,318,322,322,454,497,518,408,384,476,454,,,,,,657,3127,114,148,155,153,97,152,162,175,162,253,267,286,201,168,196,196,,,,,,242,3237,126,136,153,128,76,116,156,147,160,201,230,232,207,216,280,258,,,,,,415
2010,2010-03-31,46505,465054,鹿児島県,熊毛郡屋久島町,town,46505,13677,637,690,649,502,365,617,705,785,770,699,1043,1259,1079,894,855,830,,,,,,1298,6709,338,349,343,263,168,317,352,381,405,373,554,694,551,469,358,357,,,,,,437,6968,299,341,306,239,197,300,353,404,365,326,489,565,528,425,497,473,,,,,,861
2010,2010-03-31,46520,465208,鹿児島県,大島郡,gun_agg,,73943,3289,3666,3842,3016,1808,2771,3524,3698,3576,4517,5891,6277,4973,4122,4515,5151,,,,,,9307,36211,1748,1928,1983,1509,987,1400,1776,1926,1868,2480,3216,3495,2640,2035,2115,2168,,,,,,2937,37732,1541,1738,1859,1507,821,1371,1748,1772,1708,2037,2675,2782,2333,2087,2400,2983,,,,,,6370
2010,2010-03-31,46523,465232,鹿児島県,大島郡大和村,village,46523,1770,49,78,91,92,51,44,47,86,95,126,115,133,125,113,160,157,,,,,,208,834,24,40,43,50,27,21,29,43,47,69,62,82,54,47,79,56,,,,,,61,936,25,38,48,42,24,23,18,43,48,57,53,51,71,66,81,101,,,,,,147
2010,2010-03-31,46524,465241,鹿児島県,大島郡宇検村,village,46524,1992,66,74,81,45,40,70,87,93,90,112,161,192,133,122,154,159,,,,,,313,950,32,38,48,24,23,41,42,42,39,56,83,116,67,62,81,60,,,,,,96,1042,34,36,33,21,17,29,45,51,51,56,78,76,66,60,73,99,,,,,,217
2010,2010-03-31,46525,465259,鹿児島県,大島郡瀬戸内町,town,46525,10110,392,397,468,334,241,341,486,521,483,652,851,839,697,540,632,712,,,,,,1524,4837,199,219,228,155,131,174,246,263,247,361,452,466,360,274,277,286,,,,,,499,5273,193,178,240,179,110,167,240,258,236,291,399,373,337,266,355,426,,,,,,1025
2010,2010-03-31,46527,465275,鹿児島県,大島郡龍郷町,town,46527,6166,318,304,338,274,156,262,335,326,332,378,429,474,414,416,325,337,,,,,,748,2958,163,156,173,139,72,131,156,163,164,191,246,249,216,197,157,156,,,,,,229,3208,155,148,165,135,84,131,179,163,168,187,183,225,198,219,168,181,,,,,,519
2010,2010-03-31,46529,465291,鹿児島県,大島郡喜界町,town,46529,8237,322,409,424,294,188,289,349,421,425,434,617,660,644,513,525,606,,,,,,1117,3973,189,229,220,135,105,147,171,229,235,206,342,364,341,236,256,254,,,,,,314,4264,133,180,204,159,83,142,178,192,190,228,275,296,303,277,269,352,,,,,,803
2010,2010-03-31,46530,465305,鹿児島県,大島郡徳之島町,town,46530,12122,599,688,694,634,354,466,688,679,571,739,968,990,768,586,638,734,,,,,,1326,5989,342,362,358,328,188,212,328,373,299,401,523,555,430,293,269,293,,,,,,435,6133,257,326,336,306,166,254,360,306,272,338,445,435,338,293,369,441,,,,,,891
2010,2010-03-31,46531,465313,鹿児島県,大島郡天城町,town,46531,6767,250,385,389,328,151,239,295,317,334,440,547,565,426,383,403,482,,,,,,833,3434,138,207,204,171,93,118,157,169,176,269,317,327,220,194,182,218,,,,,,274,3333,112,178,185,157,58,121,138,148,158,171,230,238,206,189,221,264,,,,,,559
2010,2010-03-31,46532,465321,鹿児島県,大島郡伊仙町,town,46532,7334,331,328,332,335,216,264,277,262,320,501,611,613,463,394,506,627,,,,,,954,3656,161,172,173,166,113,136,154,140,175,294,350,330,264,199,239,268,,,,,,322,3678,170,156,159,169,103,128,123,122,145,207,261,283,199,195,267,359,,,,,,632
2010,2010-03-31,46533,465330,鹿児島県,大島郡和泊町,town,46533,7197,379,407,390,261,147,301,348,379,361,380,553,683,478,384,409,496,,,,,,841,3513,199,196,198,131,88,159,168,198,192,215,300,372,248,206,184,212,,,,,,247,3684,180,211,192,130,59,142,180,181,169,165,253,311,230,178,225,284,,,,,,594
2010,2010-03-31,46534,465348,鹿児島県,大島郡知名町,town,46534,6752,345,340,357,212,169,299,318,353,287,367,549,630,472,359,440,482,,,,,,773,3389,179,184,188,106,96,168,181,173,153,192,297,365,255,187,206,220,,,,,,239,3363,166,156,169,106,73,131,137,180,134,175,252,265,217,172,234,262,,,,,,534
2010,2010-03-31,46535,465356,鹿児島県,大島郡与論町,town,46535,5496,238,256,278,207,95,196,294,261,278,388,490,498,353,312,323,359,,,,,,670,2678,122,125,150,104,51,93,144,133,141,226,244,269,185,140,185,145,,,,,,221,2818,116,131,128,103,44,103,150,128,137,162,246,229,168,172,138,214,,,,,,449
2010,2010-03-31,47000,470007,沖縄県,,pref,,1406176,82353,83683,85554,85766,83192,89148,97338,106251,92061,89437,93988,101802,75759,61221,61161,49880,,,,,,67582,692385,42171,42941,44044,43728,41659,44087,48442,53246,46029,45375,47903,52395,38674,29998,28653,22154,,,,,,20886,713791,40182,40742,41510,42038,41533,45061,48896,53005,46032,44062,46085,49407,37085,31223,32508,27726,,,,,,46696
2010,2010-03-31,47201,472018,沖縄県,那覇市,city,47201,315452,16818,17308,17763,17969,18633,20193,21865,25102,22450,20662,20039,22539,17591,14624,15072,12000,,,,,,14824,152184,8653,8824,9094,9038,9242,9974,10799,12487,11154,10251,9887,11130,8573,6600,6760,5107,,,,,,4611,163268,8165,8484,8669,8931,9391,10219,11066,12615,11296,10411,10152,11409,9018,8024,8312,6893,,,,,,10213
2010,2010-03-31,47205,472051,沖縄県,宜野湾市,city,47205,92062,5804,5632,5677,5589,6093,6499,7151,7748,6526,5665,5599,6078,4620,3831,3742,2767,,,,,,3041,44898,2949,2929,2919,2864,3004,3171,3485,3799,3166,2890,2767,3028,2225,1833,1704,1221,,,,,,944,47164,2855,2703,2758,2725,3089,3328,3666,3949,3360,2775,2832,3050,2395,1998,2038,1546,,,,,,2097
2010,2010-03-31,47207,472077,沖縄県,石垣市,city,47207,48089,3197,2834,2815,2703,2087,3010,3717,3489,3029,3093,3696,3696,2624,1896,1943,1687,,,,,,2573,23984,1622,1478,1420,1402,1038,1488,1836,1710,1601,1601,1954,1984,1402,967,918,738,,,,,,825,24105,1575,1356,1395,1301,1049,1522,1881,1779,1428,1492,1742,1712,1222,929,1025,949,,,,,,1748
2010,2010-03-31,47208,472085,沖縄県,浦添市,city,47208,110894,7289,7229,7155,6812,6346,7462,8308,9522,8127,7331,6813,7389,5585,4564,4314,3153,,,,,,3495,54406,3763,3725,3733,3470,3179,3634,4082,4689,3987,3582,3419,3576,2783,2211,2044,1394,,,,,,1135,56488,3526,3504,3422,3342,3167,3828,4226,4833,4140,3749,3394,3813,2802,2353,2270,1759,,,,,,2360
2010,2010-03-31,47209,472093,沖縄県,名護市,city,47209,59869,3590,3485,3643,4149,3775,3835,4224,4175,3507,3639,3994,4371,3289,2548,2382,1991,,,,,,3272,29920,1889,1790,1903,2270,1859,1878,2104,2129,1749,1874,2057,2283,1701,1305,1160,921,,,,,,1048,29949,1701,1695,1740,1879,1916,1957,2120,2046,1758,1765,1937,2088,1588,1243,1222,1070,,,,,,2224
2010,2010-03-31,47210,472107,沖縄県,糸満市,city,47210,58620,3700,3617,3681,3801,3764,3935,4044,4082,3449,3724,4109,4404,3096,2314,2397,1894,,,,,,2609,29500,1944,1840,1900,1964,1879,1956,2077,2142,1759,1936,2116,2286,1721,1189,1166,849,,,,,,776,29120,1756,1777,1781,1837,1885,1979,1967,1940,1690,1788,1993,2118,1375,1125,1231,1045,,,,,,1833
2010,2010-03-31,47211,472115,沖縄県,沖縄市,city,47211,134555,8555,8903,9021,8728,7827,8448,9654,10863,9295,8563,8394,8866,6885,5374,5678,4471,,,,,,5030,65021,4373,4524,4599,4381,3808,4172,4729,5276,4533,4180,4134,4355,3419,2535,2528,1972,,,,,,1503,69534,4182,4379,4422,4347,4019,4276,4925,5587,4762,4383,4260,4511,3466,2839,3150,2499,,,,,,3527
2010,2010-03-31,47212,472123,沖縄県,豊見城市,city,47212,56867,4009,3758,3517,3403,3418,4093,4491,4759,3855,3416,3528,3961,2970,2367,2098,1465,,,,,,1759,28018,2049,1933,1802,1697,1713,1976,2197,2420,1923,1686,1773,2009,1455,1191,1029,652,,,,,,513,28849,1960,1825,1715,1706,1705,2117,2294,2339,1932,1730,1755,1952,1515,1176,1069,813,,,,,,1246
2010,2010-03-31,47213,472131,沖縄県,うるま市,city,47213,118160,6803,7267,7510,7471,7203,7415,7868,8666,7298,7390,8016,8537,6552,5072,5080,4189,,,,,,5823,59015,3426,3725,3860,3770,3661,3752,4061,4431,3727,3880,4179,4550,3405,2608,2373,1876,,,,,,1731,59145,3377,3542,3650,3701,3542,3663,3807,4235,3571,3510,3837,3987,3147,2464,2707,2313,,,,,,4092
2010,2010-03-31,47214,472140,沖縄県,宮古島市,city,47214,54809,2902,2956,3110,3194,2211,2785,3365,3250,2960,3606,4675,4452,3040,2550,2622,2743,,,,,,4388,27267,1474,1532,1622,1645,1155,1376,1686,1696,1521,1860,2438,2320,1623,1347,1257,1264,,,,,,1451,27542,1428,1424,1488,1549,1056,1409,1679,1554,1439,1746,2237,2132,1417,1203,1365,1479,,,,,,2937
2010,2010-03-31,47215,472158,沖縄県,南城市,city,47215,40728,1972,2226,2401,2587,2529,2368,2228,2484,2285,2521,2942,3374,2437,2099,2055,1612,,,,,,2608,20522,1033,1126,1259,1343,1257,1228,1121,1283,1227,1294,1539,1860,1281,1095,1010,761,,,,,,805,20206,939,1100,1142,1244,1272,1140,1107,1201,1058,1227,1403,1514,1156,1004,1045,851,,,,,,1803
2010,2010-03-31,47300,473006,沖縄県,国頭郡,gun_agg,,66257,3141,3245,3434,3715,3735,3548,3666,3749,3392,3954,5070,5651,4080,3229,3336,3211,,,,,,6101,33348,1568,1691,1783,1858,1899,1788,1954,1958,1744,2196,2787,3257,2288,1680,1668,1433,,,,,,1796,32909,1573,1554,1651,1857,1836,1760,1712,1791,1648,1758,2283,2394,1792,1549,1668,1778,,,,,,4305
2010,2010-03-31,47301,473014,沖縄県,国頭郡国頭村,village,47301,5377,212,244,242,317,289,223,237,238,271,360,423,483,333,251,296,294,,,,,,664,2688,97,124,125,169,143,114,128,122,158,186,233,290,194,140,138,135,,,,,,192,2689,115,120,117,148,146,109,109,116,113,174,190,193,139,111,158,159,,,,,,472
2010,2010-03-31,47302,473022,沖縄県,国頭郡大宜味村,village,47302,3363,96,130,143,166,162,139,143,114,146,186,312,333,251,166,174,216,,,,,,486,1713,45,65,78,88,72,70,79,65,77,102,168,217,168,89,104,95,,,,,,131,1650,51,65,65,78,90,69,64,49,69,84,144,116,83,77,70,121,,,,,,355
2010,2010-03-31,47303,473031,沖縄県,国頭郡東村,village,47303,1923,70,82,98,98,85,66,101,107,85,127,172,200,126,93,105,125,,,,,,183,1052,42,51,56,51,45,36,61,55,45,84,97,127,76,46,61,61,,,,,,58,871,28,31,42,47,40,30,40,52,40,43,75,73,50,47,44,64,,,,,,125
2010,2010-03-31,47306,473065,沖縄県,国頭郡今帰仁村,village,47306,9560,459,478,493,558,476,481,486,460,464,571,764,846,600,470,452,472,,,,,,1030,4817,224,243,250,276,240,245,258,240,228,320,423,514,339,249,239,212,,,,,,317,4743,235,235,243,282,236,236,228,220,236,251,341,332,261,221,213,260,,,,,,713
2010,2010-03-31,47308,473081,沖縄県,国頭郡本部町,town,47308,13964,588,617,667,788,838,785,732,687,666,860,1146,1314,902,675,633,618,,,,,,1448,7048,321,315,337,398,445,370,405,343,348,482,620,750,527,374,315,249,,,,,,449,6916,267,302,330,390,393,415,327,344,318,378,526,564,375,301,318,369,,,,,,999
2010,2010-03-31,47311,473111,沖縄県,国頭郡恩納村,village,47311,10401,497,492,588,567,663,716,650,715,607,654,744,816,583,419,478,446,,,,,,766,5254,236,274,300,276,339,363,331,358,307,373,417,471,312,226,224,213,,,,,,234,5147,261,218,288,291,324,353,319,357,300,281,327,345,271,193,254,233,,,,,,532
2010,2010-03-31,47313,473138,沖縄県,国頭郡宜野座村,village,47313,5585,368,336,328,325,356,328,384,430,264,270,341,408,363,266,234,206,,,,,,378,2809,187,175,174,160,180,172,197,233,136,137,193,214,195,141,121,92,,,,,,102,2776,181,161,154,165,176,156,187,197,128,133,148,194,168,125,113,114,,,,,,276
2010,2010-03-31,47314,473146,沖縄県,国頭郡金武町,town,47314,11170,663,632,628,593,645,621,714,747,671,611,683,797,658,621,652,510,,,,,,724,5485,309,332,328,291,326,307,377,394,339,344,364,422,336,285,311,232,,,,,,188,5685,354,300,300,302,319,314,337,353,332,267,319,375,322,336,341,278,,,,,,536
2010,2010-03-31,47315,473154,沖縄県,国頭郡伊江村,village,47315,4914,188,234,247,303,221,189,219,251,218,315,485,454,264,268,312,324,,,,,,422,2482,107,112,135,149,109,111,118,148,106,168,272,252,141,130,155,144,,,,,,125,2432,81,122,112,154,112,78,101,103,112,147,213,202,123,138,157,180,,,,,,297
2010,2010-03-31,47320,473201,沖縄県,中頭郡,gun_agg,,148413,8389,9166,9571,9676,9817,9230,9916,11356,9931,9325,9870,10597,7544,6393,6295,5029,,,,,,6308,73313,4275,4695,4954,4956,5026,4541,4863,5637,4882,4712,5013,5483,3829,3151,3013,2305,,,,,,1978,75100,4114,4471,4617,4720,4791,4689,5053,5719,5049,4613,4857,5114,3715,3242,3282,2724,,,,,,4330
2010,2010-03-31,47324,473243,沖縄県,中頭郡読谷村,village,47324,39522,2239,2606,2606,2584,2458,2349,2571,3022,2628,2547,2647,2876,1861,1686,1713,1453,,,,,,1676,19664,1163,1333,1385,1332,1260,1148,1292,1520,1296,1271,1365,1508,940,873,814,677,,,,,,487,19858,1076,1273,1221,1252,1198,1201,1279,1502,1332,1276,1282,1368,921,813,899,776,,,,,,1189
2010,2010-03-31,47325,473251,沖縄県,中頭郡嘉手納町,town,47325,13862,733,811,888,937,811,727,925,913,862,902,928,950,666,640,726,668,,,,,,775,6820,396,440,440,483,414,352,457,453,442,475,472,499,336,296,340,282,,,,,,243,7042,337,371,448,454,397,375,468,460,420,427,456,451,330,344,386,386,,,,,,532
2010,2010-03-31,47326,473260,沖縄県,中頭郡北谷町,town,47326,27340,1626,1753,1888,1759,1626,1735,1959,2282,1948,1702,1617,1882,1394,1173,1115,839,,,,,,1042,13181,824,902,1009,891,817,825,890,1089,892,804,806,957,692,558,512,372,,,,,,341,14159,802,851,879,868,809,910,1069,1193,1056,898,811,925,702,615,603,467,,,,,,701
2010,2010-03-31,47327,473278,沖縄県,中頭郡北中城村,village,47327,16051,888,941,1050,974,899,952,1045,1260,1130,980,1037,1131,892,760,756,604,,,,,,752,7774,451,480,521,480,449,465,496,615,558,491,528,582,442,362,349,285,,,,,,220,8277,437,461,529,494,450,487,549,645,572,489,509,549,450,398,407,319,,,,,,532
2010,2010-03-31,47328,473286,沖縄県,中頭郡中城村,village,47328,17144,940,944,963,1061,1285,1060,1204,1314,1082,1110,1264,1252,849,663,704,615,,,,,,834,8664,470,471,500,553,654,538,612,671,562,592,682,654,463,308,364,286,,,,,,284,8480,470,473,463,508,631,522,592,643,520,518,582,598,386,355,340,329,,,,,,550
2010,2010-03-31,47329,473294,沖縄県,中頭郡西原町,town,47329,34494,1963,2111,2176,2361,2738,2407,2212,2565,2281,2084,2377,2506,1882,1471,1281,850,,,,,,1229,17210,971,1069,1099,1217,1432,1213,1116,1289,1132,1079,1160,1283,956,754,634,403,,,,,,403,17284,992,1042,1077,1144,1306,1194,1096,1276,1149,1005,1217,1223,926,717,647,447,,,,,,826
2010,2010-03-31,47340,473405,沖縄県,島尻郡,gun_agg,,94590,5773,5675,5891,5746,5539,5942,6383,6516,5554,6095,6673,7326,5071,4072,3845,3322,,,,,,5167,47428,2936,2925,3005,2949,2826,2942,3219,3349,2840,3168,3498,3938,2746,2114,1874,1514,,,,,,1585,47162,2837,2750,2886,2797,2713,3000,3164,3167,2714,2927,3175,3388,2325,1958,1971,1808,,,,,,3582
2010,2010-03-31,47348,473481,沖縄県,島尻郡与那原町,town,47348,16265,1019,984,1004,1048,960,1081,1124,1190,932,1005,1047,1240,943,743,652,545,,,,,,748,7893,515,501,496,539,469,521,571,606,457,494,509,631,474,349,306,246,,,,,,209,8372,504,483,508,509,491,560,553,584,475,511,538,609,469,394,346,299,,,,,,539
2010,2010-03-31,47350,473502,沖縄県,島尻郡南風原町,town,47350,34739,2422,2239,2250,2159,2140,2407,2708,2743,2185,2129,2280,2573,1768,1418,1225,899,,,,,,1194,17243,1232,1151,1147,1139,1023,1181,1360,1396,1071,1083,1120,1297,913,731,624,422,,,,,,353,17496,1190,1088,1103,1020,1117,1226,1348,1347,1114,1046,1160,1276,855,687,601,477,,,,,,841
2010,2010-03-31,47353,473537,沖縄県,島尻郡渡嘉敷村,village,47353,678,43,31,43,8,12,47,39,38,51,50,56,58,39,20,36,26,,,,,,81,362,21,18,25,6,6,26,18,23,29,32,31,39,29,9,18,11,,,,,,21,316,22,13,18,2,6,21,21,15,22,18,25,19,10,11,18,15,,,,,,60
2010,2010-03-31,47354,473545,沖縄県,島尻郡座間味村,village,47354,906,47,46,60,19,12,44,58,87,67,68,59,66,51,32,38,46,,,,,,106,483,29,25,27,14,7,22,24,41,39,43,39,46,31,20,17,19,,,,,,40,423,18,21,33,5,5,22,34,46,28,25,20,20,20,12,21,27,,,,,,66
2010,2010-03-31,47355,473553,沖縄県,島尻郡粟国村,village,47355,837,28,39,39,21,34,36,41,39,43,41,63,69,42,33,56,51,,,,,,162,444,14,19,17,7,16,24,19,22,29,24,43,52,31,18,32,28,,,,,,49,393,14,20,22,14,18,12,22,17,14,17,20,17,11,15,24,23,,,,,,113
2010,2010-03-31,47356,473561,沖縄県,島尻郡渡名喜村,village,47356,419,10,12,18,16,10,11,10,6,24,32,33,48,28,24,32,36,,,,,,69,228,7,5,8,10,6,5,6,4,11,23,25,31,16,18,15,15,,,,,,23,191,3,7,10,6,4,6,4,2,13,9,8,17,12,6,17,21,,,,,,46
2010,2010-03-31,47357,473570,沖縄県,島尻郡南大東村,village,47357,1257,72,75,75,25,28,56,68,80,66,103,132,108,65,70,81,77,,,,,,76,709,37,37,44,14,20,31,41,44,31,74,76,71,39,37,46,36,,,,,,31,548,35,38,31,11,8,25,27,36,35,29,56,37,26,33,35,41,,,,,,45
2010,2010-03-31,47358,473588,沖縄県,島尻郡北大東村,village,47358,514,22,38,40,21,6,18,21,30,35,50,51,49,30,29,30,24,,,,,,20,282,7,19,26,11,4,10,12,18,18,29,30,33,21,16,14,11,,,,,,3,232,15,19,14,10,2,8,9,12,17,21,21,16,9,13,16,13,,,,,,17
2010,2010-03-31,47359,473596,沖縄県,島尻郡伊平屋村,village,47359,1364,88,94,75,78,54,45,59,54,67,93,122,104,68,59,67,74,,,,,,163,701,45,46,40,36,28,22,22,25,43,55,77,62,44,35,38,33,,,,,,50,663,43,48,35,42,26,23,37,29,24,38,45,42,24,24,29,41,,,,,,113
2010,2010-03-31,47360,473600,沖縄県,島尻郡伊是名村,village,47360,1642,70,85,123,82,40,46,66,91,74,91,150,161,97,72,71,111,,,,,,212,873,35,45,67,42,26,22,37,53,46,50,94,102,66,46,34,42,,,,,,66,769,35,40,56,40,14,24,29,38,28,41,56,59,31,26,37,69,,,,,,146
2010,2010-03-31,47361,473618,沖縄県,島尻郡久米島町,town,47361,8651,430,473,478,458,415,364,478,457,437,597,708,709,491,399,389,457,,,,,,911,4551,229,247,248,239,244,186,249,239,236,334,428,439,300,237,182,200,,,,,,314,4100,201,226,230,219,171,178,229,218,201,263,280,270,191,162,207,257,,,,,,597
2010,2010-03-31,47362,473626,沖縄県,島尻郡八重瀬町,town,47362,27318,1522,1559,1686,1811,1828,1787,1711,1701,1573,1836,1972,2141,1449,1173,1168,976,,,,,,1425,13659,765,812,860,892,977,892,860,878,830,927,1026,1135,782,598,548,451,,,,,,426,13659,757,747,826,919,851,895,851,823,743,909,946,1006,667,575,620,525,,,,,,999
2010,2010-03-31,47370,473707,沖縄県,宮古郡,gun_agg,,1325,68,100,96,65,37,55,52,60,70,94,108,96,80,76,77,71,,,,,,120,720,35,54,49,40,24,34,25,39,44,54,66,61,42,47,41,33,,,,,,32,605,33,46,47,25,13,21,27,21,26,40,42,35,38,29,36,38,,,,,,88
2010,2010-03-31,47375,473758,沖縄県,宮古郡多良間村,village,47375,1325,68,100,96,65,37,55,52,60,70,94,108,96,80,76,77,71,,,,,,120,720,35,54,49,40,24,34,25,39,44,54,66,61,42,47,41,33,,,,,,32,605,33,46,47,25,13,21,27,21,26,40,42,35,38,29,36,38,,,,,,88
2010,2010-03-31,47380,473804,沖縄県,八重山郡,gun_agg,,5486,343,282,269,158,178,330,406,430,333,359,462,465,295,212,225,275,,,,,,464,2841,182,150,142,81,89,177,204,201,172,211,276,275,181,125,108,114,,,,,,153,2645,161,132,127,77,89,153,202,229,161,148,186,190,114,87,117,161,,,,,,311
2010,2010-03-31,47381,473812,沖縄県,八重山郡竹富町,town,47381,3930,265,189,167,94,132,253,321,324,241,233,332,332,195,150,156,184,,,,,,362,2047,141,104,88,47,67,136,163,151,128,138,196,211,122,87,75,76,,,,,,117,1883,124,85,79,47,65,117,158,173,113,95,136,121,73,63,81,108,,,,,,245
2010,2010-03-31,47382,473821,沖縄県,八重山郡与那国町,town,47382,1556,78,93,102,64,46,77,85,106,92,126,130,133,100,62,69,91,,,,,,102,794,41,46,54,34,22,41,41,50,44,73,80,64,59,38,33,38,,,,,,36,762,37,47,48,30,24,36,44,56,48,53,50,69,41,24,36,53,,,,,,66
