year,ref_date,muni_code,muni_code_6digit,pref,muni,pop_total,age_0_4,age_5_9,age_10_14,age_15_19,age_20_24,age_25_29,age_30_34,age_35_39,age_40_44,age_45_49,age_50_54,age_55_59,age_60_64,age_65_69,age_70_74,age_75_79,age_80_84,age_85_89,age_90_94,age_95_99,age_100p,age_80p,pop_m,age_0_4_m,age_5_9_m,age_10_14_m,age_15_19_m,age_20_24_m,age_25_29_m,age_30_34_m,age_35_39_m,age_40_44_m,age_45_49_m,age_50_54_m,age_55_59_m,age_60_64_m,age_65_69_m,age_70_74_m,age_75_79_m,age_80_84_m,age_85_89_m,age_90_94_m,age_95_99_m,age_100p_m,age_80p_m,pop_f,age_0_4_f,age_5_9_f,age_10_14_f,age_15_19_f,age_20_24_f,age_25_29_f,age_30_34_f,age_35_39_f,age_40_44_f,age_45_49_f,age_50_54_f,age_55_59_f,age_60_64_f,age_65_69_f,age_70_74_f,age_75_79_f,age_80_84_f,age_85_89_f,age_90_94_f,age_95_99_f,age_100p_f,age_80p_f
2019,2019-01-01,01000,010006,北海道,,5268352,175310,197625,209782,226911,228939,229198,266563,304090,366374,384862,345963,341687,351827,444971,369693,310172,246984,164324,78017,21720,3340,514385,2489549,89707,101054,107220,115833,117316,115402,133794,151615,182300,189603,166335,164661,168870,207714,166120,130753,98045,57802,21116,3858,431,181252,2778803,85603,96571,102562,111078,111623,113796,132769,152475,184074,195259,179628,177026,182957,237257,203573,179419,148939,106522,56901,17862,2909,333133
2019,2019-01-01,01100,011002,北海道,札幌市,1941969,69448,74421,76284,81569,95272,99451,114393,126157,146489,154067,134161,125722,123486,149518,122191,96423,72959,49454,23256,6282,966,152917,907133,35653,38005,38867,41228,46509,47090,55557,60972,71083,74130,63167,59366,58588,69368,54971,40632,27984,16502,6236,1112,113,51947,1034836,33795,36416,37417,40341,48763,52361,58836,65185,75406,79937,70994,66356,64898,80150,67220,55791,44975,32952,17020,5170,853,100970
2019,2019-01-01,01101,011011,北海道,札幌市中央区,232762,7976,8026,8109,8456,12567,14824,16094,16580,18701,20283,17764,15559,13782,15128,12243,9612,7795,5719,2732,700,112,17058,105094,4107,4089,4105,4111,5665,6778,7647,7745,8737,9269,8042,7182,6432,6893,5223,3675,2740,1802,712,128,12,5394,127668,3869,3937,4004,4345,6902,8046,8447,8835,9964,11014,9722,8377,7350,8235,7020,5937,5055,3917,2020,572,100,11664
2019,2019-01-01,01102,011029,北海道,札幌市北区,282841,10443,11615,12132,12964,15569,13498,15822,17869,21465,22249,18887,17627,17592,21980,17553,14036,10388,6875,3247,876,154,21540,134147,5340,5975,6112,6621,8156,6412,7674,8760,10461,10945,9033,8520,8480,10349,7913,6001,4046,2341,855,136,17,7395,148694,5103,5640,6020,6343,7413,7086,8148,9109,11004,11304,9854,9107,9112,11631,9640,8035,6342,4534,2392,740,137,14145
2019,2019-01-01,01103,011037,北海道,札幌市東区,260056,10192,10283,10203,11092,12969,14338,16386,17898,20379,21185,17417,15801,15599,19350,15641,12573,9075,5928,2870,758,119,18750,123497,5242,5125,5176,5652,6445,6838,8106,8792,10174,10525,8430,7720,7579,9029,7038,5253,3501,1970,730,164,8,6373,136559,4950,5158,5027,5440,6524,7500,8280,9106,10205,10660,8987,8081,8020,10321,8603,7320,5574,3958,2140,594,111,12377
2019,2019-01-01,01104,011045,北海道,札幌市白石区,211605,7939,7591,7596,8023,10596,12996,14328,14885,17075,17677,15259,13489,12394,14664,11898,9730,7497,5044,2231,592,101,15465,100579,4088,3953,3834,4031,5122,6413,7129,7398,8502,8653,7467,6560,5948,6823,5479,4046,2773,1647,605,95,13,5133,111026,3851,3638,3762,3992,5474,6583,7199,7487,8573,9024,7792,6929,6446,7841,6419,5684,4724,3397,1626,497,88,10332
2019,2019-01-01,01105,011053,北海道,札幌市豊平区,220971,8181,7898,7785,8538,11654,13930,15153,15507,17114,17927,15486,13942,12766,15136,12705,10166,8277,5489,2532,691,94,17083,102321,4165,4122,3978,4286,5591,6422,7270,7369,8267,8682,7303,6432,6061,6824,5614,4126,3122,1830,705,141,11,5809,118650,4016,3776,3807,4252,6063,7508,7883,8138,8847,9245,8183,7510,6705,8312,7091,6040,5155,3659,1827,550,83,11274
2019,2019-01-01,01106,011061,北海道,札幌市南区,136898,4011,4751,5061,5800,6120,5129,6026,7060,8400,9196,8944,9503,10085,12692,10906,8772,6871,4703,2163,600,105,14442,63537,2040,2457,2570,2990,3128,2555,2928,3363,4036,4426,4146,4413,4711,5907,4910,3798,2747,1686,616,90,20,5159,73361,1971,2294,2491,2810,2992,2574,3098,3697,4364,4770,4798,5090,5374,6785,5996,4974,4124,3017,1547,510,85,9283
2019,2019-01-01,01107,011070,北海道,札幌市西区,214267,7930,8415,8411,8685,9246,10429,12527,14256,16397,16986,14865,13735,13530,16511,13740,10968,8376,5736,2665,745,114,17636,98905,4104,4266,4241,4414,4363,4773,6030,6760,7882,8053,6896,6458,6369,7616,6132,4571,3219,1894,699,148,17,5977,115362,3826,4149,4170,4271,4883,5656,6497,7496,8515,8933,7969,7277,7161,8895,7608,6397,5157,3842,1966,597,97,11659
2019,2019-01-01,01108,011088,北海道,札幌市厚別区,126997,3728,4502,5009,5728,5771,5032,6043,6839,8526,9709,8981,8960,9314,11139,9439,7454,5369,3426,1568,403,57,10823,58260,1941,2297,2623,2856,2766,2360,2926,3334,4033,4453,4052,4057,4222,5164,4110,3275,2106,1198,425,57,5,3791,68737,1787,2205,2386,2872,3005,2672,3117,3505,4493,5256,4929,4903,5092,5975,5329,4179,3263,2228,1143,346,52,7032
2019,2019-01-01,01109,011096,北海道,札幌市手稲区,141660,5125,6134,6275,6449,6040,5405,7042,8704,10285,10108,8732,9089,10045,12885,10340,7475,5314,3720,1872,546,75,11527,66734,2610,3068,3275,3303,2974,2675,3463,4318,5042,4867,4065,4219,4762,5966,4837,3344,2142,1190,506,103,5,3946,74926,2515,3066,3000,3146,3066,2730,3579,4386,5243,5241,4667,4870,5283,6919,5503,4131,3172,2530,1366,443,70,7581
2019,2019-01-01,01110,011100,北海道,札幌市清田区,113912,3923,5206,5703,5834,4740,3870,4972,6559,8147,8747,7826,8017,8379,10033,7726,5637,3997,2814,1376,371,35,8593,54059,2016,2653,2953,2964,2299,1864,2384,3133,3949,4257,3733,3805,4024,4797,3715,2543,1588,944,383,50,5,2970,59853,1907,2553,2750,2870,2441,2006,2588,3426,4198,4490,4093,4212,4355,5236,4011,3094,2409,1870,993,321,30,5623
2019,2019-01-01,01202,012025,北海道,函館市,257893,7456,8573,9304,10565,9959,9806,11599,13662,17065,18634,16837,16622,18311,23832,20102,17044,13790,9190,4285,1104,153,28522,117546,3760,4338,4835,5587,5100,4839,5768,6702,8277,9006,7830,7622,8361,10863,8742,6784,5064,2849,1028,173,18,9132,140347,3696,4235,4469,4978,4859,4967,5831,6960,8788,9628,9007,9000,9950,12969,11360,10260,8726,6341,3257,931,135,19390
2019,2019-01-01,01203,012033,北海道,小樽市,115898,2720,3424,3841,4700,4323,3665,4238,5106,6996,7818,7444,7292,8080,11648,10513,8884,7193,4856,2406,659,92,15206,52269,1376,1736,1947,2405,2150,1849,2091,2553,3430,3755,3450,3391,3790,5265,4579,3616,2650,1579,542,109,6,4886,63629,1344,1688,1894,2295,2173,1816,2147,2553,3566,4063,3994,3901,4290,6383,5934,5268,4543,3277,1864,550,86,10320
2019,2019-01-01,01204,012041,北海道,旭川市,336318,11112,12325,13471,14107,13420,13785,16137,18867,23172,23866,21293,21020,22795,29504,25494,21344,16663,11109,5166,1464,204,34606,156284,5667,6257,6930,7161,6695,6800,8013,9304,11439,11424,9864,9824,10727,13569,11271,8983,6729,3977,1353,267,30,12356,180034,5445,6068,6541,6946,6725,6985,8124,9563,11733,12442,11429,11196,12068,15935,14223,12361,9934,7132,3813,1197,174,22250
2019,2019-01-01,01205,012050,北海道,室蘭市,84016,2516,2777,3028,3645,3950,3429,3604,4090,5256,5805,4946,4722,5113,7753,6944,6603,4956,3062,1396,372,49,9835,40276,1273,1407,1545,1906,2343,1958,1925,2106,2740,2964,2464,2290,2527,3600,2985,2810,1969,1071,330,59,4,3433,43740,1243,1370,1483,1739,1607,1471,1679,1984,2516,2841,2482,2432,2586,4153,3959,3793,2987,1991,1066,313,45,6402
2019,2019-01-01,01206,012068,北海道,釧路市,169505,5194,6085,6753,7393,7207,6771,7801,9069,11599,11913,10868,11150,11938,15604,12533,10896,8527,5190,2313,597,104,16731,79870,2692,3119,3411,3713,3749,3446,3912,4478,5772,5906,5299,5382,5665,7144,5628,4632,3380,1841,605,85,11,5922,89635,2502,2966,3342,3680,3458,3325,3889,4591,5827,6007,5569,5768,6273,8460,6905,6264,5147,3349,1708,512,93,10809
2019,2019-01-01,01207,012076,北海道,帯広市,166131,6236,6739,6726,7129,8003,8355,9011,9949,11710,12159,10837,10879,10948,13043,10667,9138,7211,4680,2036,596,79,14602,79174,3159,3492,3422,3621,3913,4297,4562,5082,5815,6045,5254,5192,5299,6058,4727,3868,2883,1762,596,112,15,5368,86957,3077,3247,3304,3508,4090,4058,4449,4867,5895,6114,5583,5687,5649,6985,5940,5270,4328,2918,1440,484,64,9234
2019,2019-01-01,01208,012084,北海道,北見市,117352,3823,4366,4625,5036,4648,4689,5485,6642,8168,8341,7524,7907,7797,10276,8656,7194,5846,3906,1818,525,80,12175,55739,1987,2203,2365,2527,2505,2436,2789,3321,4180,4136,3638,3914,3723,4711,3889,2976,2428,1417,488,99,7,4439,61613,1836,2163,2260,2509,2143,2253,2696,3321,3988,4205,3886,3993,4074,5565,4767,4218,3418,2489,1330,426,73,7736
2019,2019-01-01,01209,012092,北海道,夕張市,8033,123,160,176,182,180,193,218,288,374,430,460,494,625,871,795,824,804,512,260,52,12,1640,3748,63,75,78,93,110,108,119,160,208,224,248,247,321,429,355,311,331,177,78,9,4,599,4285,60,85,98,89,70,85,99,128,166,206,212,247,304,442,440,513,473,335,182,43,8,1041
2019,2019-01-01,01210,012106,北海道,岩見沢市,81608,2365,2926,3181,3467,3342,3061,3459,3953,5167,5492,5055,5649,5989,7428,6287,5345,4545,3038,1427,374,58,9442,38117,1158,1504,1598,1813,1714,1544,1747,1978,2577,2676,2363,2728,2857,3462,2858,2205,1783,1056,413,77,6,3335,43491,1207,1422,1583,1654,1628,1517,1712,1975,2590,2816,2692,2921,3132,3966,3429,3140,2762,1982,1014,297,52,6107
2019,2019-01-01,01211,012114,北海道,網走市,35450,1196,1434,1414,1598,1760,1535,1571,1997,2424,2450,2186,2392,2409,3043,2570,2042,1659,1044,538,165,23,3429,17431,625,722,730,845,1047,810,834,1061,1264,1318,1113,1191,1170,1416,1176,873,684,380,128,38,6,1236,18019,571,712,684,753,713,725,737,936,1160,1132,1073,1201,1239,1627,1394,1169,975,664,410,127,17,2193
2019,2019-01-01,01212,012122,北海道,留萌市,21179,667,703,751,734,782,759,933,1093,1340,1467,1364,1390,1475,1958,1737,1585,1217,739,356,113,16,2441,10144,332,359,370,381,461,421,502,575,703,789,711,717,690,876,744,625,499,274,87,25,3,888,11035,335,344,381,353,321,338,431,518,637,678,653,673,785,1082,993,960,718,465,269,88,13,1553
2019,2019-01-01,01213,012131,北海道,苫小牧市,171216,6623,7450,7625,7710,7196,7924,9373,10822,12894,12653,10811,10345,11245,14722,11373,8972,6627,4296,1967,514,74,13478,83540,3496,3812,3910,3910,3710,4218,4889,5596,6555,6452,5344,5093,5468,7038,5275,3939,2723,1481,542,78,11,4835,87676,3127,3638,3715,3800,3486,3706,4484,5226,6339,6201,5467,5252,5777,7684,6098,5033,3904,2815,1425,436,63,8643
2019,2019-01-01,01214,012149,北海道,稚内市,33887,1132,1292,1328,1381,1113,1369,1567,1883,2326,2467,2365,2358,2369,3116,2467,2111,1732,976,420,99,16,3243,16723,574,696,681,689,619,797,852,988,1257,1326,1212,1241,1135,1467,1122,849,719,373,106,19,1,1218,17164,558,596,647,692,494,572,715,895,1069,1141,1153,1117,1234,1649,1345,1262,1013,603,314,80,15,2025
2019,2019-01-01,01215,012157,北海道,美唄市,21552,457,542,668,860,745,661,743,927,1184,1405,1350,1507,1576,2196,1878,1704,1471,1041,488,127,22,3149,10254,245,297,343,451,420,361,429,469,619,716,688,752,777,1054,826,709,557,390,124,25,2,1098,11298,212,245,325,409,325,300,314,458,565,689,662,755,799,1142,1052,995,914,651,364,102,20,2051
2019,2019-01-01,01216,012165,北海道,芦別市,13608,241,322,355,500,415,406,406,481,702,767,830,956,995,1416,1332,1218,1083,723,338,110,12,2266,6216,128,161,170,263,221,229,218,260,349,381,380,465,474,639,565,540,425,241,88,18,1,773,7392,113,161,185,237,194,177,188,221,353,386,450,491,521,777,767,678,658,482,250,92,11,1493
2019,2019-01-01,01217,012173,北海道,江別市,118379,3719,4567,4978,6023,6136,4588,5253,6135,7692,8443,8129,8398,8829,10040,8159,6583,5178,3432,1582,439,76,10707,56271,1887,2310,2506,3080,3260,2253,2655,3021,3744,4158,3822,3980,4314,4814,3723,2898,2061,1227,463,84,11,3846,62108,1832,2257,2472,2943,2876,2335,2598,3114,3948,4285,4307,4418,4515,5226,4436,3685,3117,2205,1119,355,65,6861
2019,2019-01-01,01218,012181,北海道,赤平市,10121,187,230,285,357,302,251,325,400,480,590,579,719,692,1149,965,936,835,505,248,71,15,1674,4602,92,108,150,181,159,139,169,191,230,310,276,332,335,505,444,377,356,178,57,11,2,604,5519,95,122,135,176,143,112,156,209,250,280,303,387,357,644,521,559,479,327,191,60,13,1070
2019,2019-01-01,01219,012190,北海道,紋別市,21714,658,715,758,813,693,855,988,1116,1315,1439,1442,1578,1520,2018,1733,1523,1288,779,356,111,16,2550,10293,316,374,384,429,369,478,522,619,684,741,686,803,745,939,724,618,493,270,84,15,0,862,11421,342,341,374,384,324,377,466,497,631,698,756,775,775,1079,1009,905,795,509,272,96,16,1688
2019,2019-01-01,01220,012203,北海道,士別市,18886,492,583,719,800,636,537,724,876,1125,1184,1200,1268,1303,1779,1550,1432,1282,818,432,120,26,2678,8916,232,309,390,392,361,306,387,453,560,593,569,637,621,824,667,601,534,342,113,19,6,1014,9970,260,274,329,408,275,231,337,423,565,591,631,631,682,955,883,831,748,476,319,101,20,1664
2019,2019-01-01,01221,012211,北海道,名寄市,27516,1070,1065,1062,1221,1406,1230,1526,1616,1757,1779,1627,1659,1673,2181,1971,1648,1457,976,455,118,19,3025,13420,560,562,517,599,768,725,830,869,915,905,844,821,790,1022,895,696,584,368,127,21,2,1102,14096,510,503,545,622,638,505,696,747,842,874,783,838,883,1159,1076,952,873,608,328,97,17,1923
2019,2019-01-01,01222,012220,北海道,三笠市,8541,214,209,263,330,220,303,330,323,424,461,430,501,574,861,741,817,714,482,263,61,20,1540,3858,97,100,130,151,119,180,171,170,237,244,201,242,281,406,307,342,246,155,64,9,6,480,4683,117,109,133,179,101,123,159,153,187,217,229,259,293,455,434,475,468,327,199,52,14,1060
2019,2019-01-01,01223,012238,北海道,根室市,25664,808,872,1015,1056,1020,1080,1143,1282,1606,1705,1808,1852,1761,2293,1880,1802,1421,796,351,102,11,2681,12363,408,430,549,550,577,631,606,687,884,858,883,910,826,1042,854,701,562,288,103,13,1,967,13301,400,442,466,506,443,449,537,595,722,847,925,942,935,1251,1026,1101,859,508,248,89,10,1714
2019,2019-01-01,01224,012246,北海道,千歳市,96382,4164,4546,4569,5009,6060,5481,6130,6664,7472,7436,6293,5527,5143,6436,5182,4126,3134,1931,829,217,33,6144,48914,2143,2379,2301,2716,3396,3100,3247,3520,3802,3895,3321,2811,2554,3073,2447,1788,1373,752,259,33,4,2421,47468,2021,2167,2268,2293,2664,2381,2883,3144,3670,3541,2972,2716,2589,3363,2735,2338,1761,1179,570,184,29,3723
2019,2019-01-01,01225,012254,北海道,滝川市,40252,1239,1437,1505,1843,1763,1551,1831,2099,2627,2767,2645,2579,2604,3626,3023,2715,2192,1354,628,200,24,4398,19071,641,738,827,999,959,774,936,1068,1333,1361,1297,1239,1244,1599,1367,1123,866,506,160,30,4,1566,21181,598,699,678,844,804,777,895,1031,1294,1406,1348,1340,1360,2027,1656,1592,1326,848,468,170,20,2832
2019,2019-01-01,01226,012262,北海道,砂川市,17106,480,510,624,762,683,671,711,811,1005,1071,1006,1102,1204,1526,1375,1261,1128,700,354,98,24,2304,7949,240,252,330,372,361,341,369,408,491,527,461,541,559,728,612,515,475,251,99,13,4,842,9157,240,258,294,390,322,330,342,403,514,544,545,561,645,798,763,746,653,449,255,85,20,1462
2019,2019-01-01,01227,012271,北海道,歌志内市,3271,36,50,80,107,76,72,81,135,167,166,171,225,255,408,323,339,253,189,104,33,1,580,1532,19,29,41,52,40,42,45,68,99,90,83,122,129,207,144,142,103,47,26,4,0,180,1739,17,21,39,55,36,30,36,67,68,76,88,103,126,201,179,197,150,142,78,29,1,400
2019,2019-01-01,01228,012289,北海道,深川市,20713,537,589,663,903,764,633,664,921,1157,1263,1310,1348,1472,1968,1770,1706,1450,989,457,122,27,3045,9692,264,316,347,475,423,334,339,468,598,599,637,689,707,885,784,705,601,357,149,15,0,1122,11021,273,273,316,428,341,299,325,453,559,664,673,659,765,1083,986,1001,849,632,308,107,27,1923
2019,2019-01-01,01229,012297,北海道,富良野市,21687,692,835,892,1008,877,797,962,1163,1435,1502,1460,1510,1497,1771,1477,1339,1198,772,378,107,15,2470,10260,355,419,455,474,435,413,488,554,752,743,724,751,704,854,647,563,504,295,104,25,1,929,11427,337,416,437,534,442,384,474,609,683,759,736,759,793,917,830,776,694,477,274,82,14,1541
2019,2019-01-01,01230,012301,北海道,登別市,48178,1512,1693,1937,2108,1962,1839,2062,2470,3186,3374,2940,2800,3179,4488,4016,3493,2559,1564,736,222,38,5119,23035,771,875,1031,1134,1026,970,1059,1268,1606,1707,1417,1319,1553,2079,1803,1567,1051,554,201,33,11,1850,25143,741,818,906,974,936,869,1003,1202,1580,1667,1523,1481,1626,2409,2213,1926,1508,1010,535,189,27,3269
2019,2019-01-01,01231,012319,北海道,恵庭市,69432,2566,3058,3283,3582,3627,3097,3610,4188,5133,5204,4564,4307,4343,5375,4329,3488,2858,1788,783,225,24,5678,33751,1325,1550,1686,1809,1862,1633,1794,2099,2594,2610,2247,2108,2143,2582,2020,1492,1200,722,245,29,1,2197,35681,1241,1508,1597,1773,1765,1464,1816,2089,2539,2594,2317,2199,2200,2793,2309,1996,1658,1066,538,196,23,3481
2019,2019-01-01,01233,012335,北海道,伊達市,34153,996,1202,1457,1441,1189,1200,1284,1683,2301,2410,2064,2109,2287,3187,2715,2442,1978,1333,669,179,27,4186,15926,520,614,734,762,619,637,624,837,1159,1142,962,1006,1054,1519,1192,1024,802,498,185,32,4,1521,18227,476,588,723,679,570,563,660,846,1142,1268,1102,1103,1233,1668,1523,1418,1176,835,484,147,23,2665
2019,2019-01-01,01234,012343,北海道,北広島市,58326,1763,2303,2649,3087,2382,1894,2392,3090,4043,4500,3894,3813,4185,5363,4560,3463,2432,1534,745,193,41,4945,28002,910,1184,1339,1570,1255,936,1191,1542,1992,2227,1906,1772,2080,2471,2117,1627,1065,564,206,45,3,1883,30324,853,1119,1310,1517,1127,958,1201,1548,2051,2273,1988,2041,2105,2892,2443,1836,1367,970,539,148,38,3062
2019,2019-01-01,01235,012351,北海道,石狩市,57951,1905,2389,2876,2768,2139,1761,2476,3311,4305,4196,3558,3329,3855,5805,4744,3397,2387,1619,837,242,52,5137,28022,990,1214,1470,1396,1085,924,1226,1711,2127,2174,1828,1648,1847,2750,2272,1576,987,549,210,34,4,1784,29929,915,1175,1406,1372,1054,837,1250,1600,2178,2022,1730,1681,2008,3055,2472,1821,1400,1070,627,208,48,3353
2019,2019-01-01,01236,012360,北海道,北斗市,46265,1547,1947,2332,2372,1743,1775,2121,2515,3461,3640,3297,3055,3169,3774,2926,2444,1982,1349,620,168,28,4147,21789,782,1021,1202,1179,848,879,1070,1271,1694,1760,1581,1493,1517,1794,1299,1028,755,422,172,22,0,1371,24476,765,926,1130,1193,895,896,1051,1244,1767,1880,1716,1562,1652,1980,1627,1416,1227,927,448,146,28,2776
2019,2019-01-01,01303,013030,北海道,石狩郡当別町,15963,312,402,570,793,828,536,643,600,842,1067,1238,1381,1307,1497,1227,1052,779,540,239,103,7,1668,7758,165,186,302,400,425,278,354,305,437,526,590,698,692,750,557,476,337,188,71,20,1,617,8205,147,216,268,393,403,258,289,295,405,541,648,683,615,747,670,576,442,352,168,83,6,1051
2019,2019-01-01,01304,013048,北海道,石狩郡新篠津村,3095,96,102,121,131,115,120,139,126,201,202,192,190,212,241,232,213,212,126,92,30,2,462,1494,57,50,65,67,63,64,71,60,103,109,106,104,104,114,117,78,86,40,29,7,0,162,1601,39,52,56,64,52,56,68,66,98,93,86,86,108,127,115,135,126,86,63,23,2,300
2019,2019-01-01,01331,013315,北海道,松前郡松前町,7221,127,140,191,194,144,157,209,235,380,461,444,454,584,831,731,719,586,378,198,51,7,1220,3420,65,67,103,93,74,85,108,130,209,270,251,228,300,409,314,285,230,147,42,10,0,429,3801,62,73,88,101,70,72,101,105,171,191,193,226,284,422,417,434,356,231,156,41,7,791
2019,2019-01-01,01332,013323,北海道,松前郡福島町,4063,86,81,99,132,84,101,103,176,171,222,239,266,392,494,386,375,320,215,98,20,3,656,1906,42,33,45,62,55,43,58,108,97,112,123,126,193,251,159,170,130,75,20,4,0,229,2157,44,48,54,70,29,58,45,68,74,110,116,140,199,243,227,205,190,140,78,16,3,427
2019,2019-01-01,01333,013331,北海道,上磯郡知内町,4339,106,130,166,164,140,165,177,212,254,236,252,306,354,457,352,317,257,183,76,32,3,551,2128,52,62,85,89,90,109,104,114,123,117,123,156,175,238,161,137,102,72,17,1,1,193,2211,54,68,81,75,50,56,73,98,131,119,129,150,179,219,191,180,155,111,59,31,2,358
2019,2019-01-01,01334,013340,北海道,上磯郡木古内町,4150,64,98,105,126,109,116,125,134,195,231,240,282,344,459,387,398,346,235,118,33,5,737,1937,33,49,51,64,57,71,68,70,107,117,126,144,166,219,166,163,145,84,31,6,0,266,2213,31,49,54,62,52,45,57,64,88,114,114,138,178,240,221,235,201,151,87,27,5,471
2019,2019-01-01,01337,013374,北海道,亀田郡七飯町,28185,956,1151,1194,1213,981,929,1218,1532,1864,2110,1799,1776,2030,2578,2092,1739,1393,979,486,147,18,3023,13047,530,554,618,610,477,446,603,776,878,1011,835,822,959,1233,949,749,529,339,102,24,3,997,15138,426,597,576,603,504,483,615,756,986,1099,964,954,1071,1345,1143,990,864,640,384,123,15,2026
2019,2019-01-01,01343,013439,北海道,茅部郡鹿部町,3863,95,140,152,139,119,142,168,170,180,273,254,235,303,421,371,343,183,109,50,13,3,358,1852,41,75,77,60,61,76,83,101,89,136,132,107,151,205,170,157,76,37,14,4,0,131,2011,54,65,75,79,58,66,85,69,91,137,122,128,152,216,201,186,107,72,36,9,3,227
2019,2019-01-01,01345,013455,北海道,茅部郡森町,15328,385,527,638,658,458,452,610,767,947,1035,1036,955,1119,1594,1265,1075,821,567,326,82,11,1807,7266,194,270,327,336,257,252,316,388,490,551,509,460,553,738,569,444,332,192,76,10,2,612,8062,191,257,311,322,201,200,294,379,457,484,527,495,566,856,696,631,489,375,250,72,9,1195
2019,2019-01-01,01346,013463,北海道,二海郡八雲町,16451,517,599,620,644,608,719,765,962,1061,1068,1077,1091,1175,1549,1156,983,783,611,335,110,18,1857,8018,269,303,331,337,337,404,414,507,562,573,533,557,601,698,543,430,277,216,93,28,5,619,8433,248,296,289,307,271,315,351,455,499,495,544,534,574,851,613,553,506,395,242,82,13,1238
2019,2019-01-01,01347,013471,北海道,山越郡長万部町,5363,144,175,153,303,131,168,221,243,261,276,281,367,411,512,378,401,396,339,161,40,2,938,2526,68,85,74,177,81,85,110,137,137,165,139,171,199,250,183,142,145,112,54,11,1,323,2837,76,90,79,126,50,83,111,106,124,111,142,196,212,262,195,259,251,227,107,29,1,615
2019,2019-01-01,01361,013617,北海道,檜山郡江差町,7705,189,229,283,293,299,272,324,375,534,542,497,518,522,704,553,550,486,330,145,48,12,1021,3716,92,123,154,142,169,163,179,198,295,281,260,274,260,330,243,217,184,115,25,10,2,336,3989,97,106,129,151,130,109,145,177,239,261,237,244,262,374,310,333,302,215,120,38,10,685
2019,2019-01-01,01362,013625,北海道,檜山郡上ノ国町,4831,113,143,171,202,121,119,165,206,259,314,295,331,374,512,431,380,335,243,92,18,7,695,2258,60,77,79,102,62,64,82,105,131,168,147,161,182,256,194,141,138,80,25,4,0,247,2573,53,66,92,100,59,55,83,101,128,146,148,170,192,256,237,239,197,163,67,14,7,448
2019,2019-01-01,01363,013633,北海道,檜山郡厚沢部町,3857,109,141,133,136,83,100,140,183,209,216,244,256,320,361,312,297,281,204,99,26,7,617,1840,54,81,72,69,44,53,72,92,112,103,126,134,151,181,150,119,121,72,24,10,0,227,2017,55,60,61,67,39,47,68,91,97,113,118,122,169,180,162,178,160,132,75,16,7,390
2019,2019-01-01,01364,013641,北海道,爾志郡乙部町,3714,78,117,136,138,98,102,117,137,204,224,200,251,276,404,290,353,292,172,94,26,5,589,1711,39,61,62,68,42,60,59,74,100,109,101,118,128,205,124,139,134,58,26,4,0,222,2003,39,56,74,70,56,42,58,63,104,115,99,133,148,199,166,214,158,114,68,22,5,367
2019,2019-01-01,01367,013676,北海道,奥尻郡奥尻町,2650,78,64,62,101,110,136,126,121,156,127,138,188,198,265,208,191,188,107,69,16,1,381,1400,38,36,31,63,85,96,87,75,97,71,86,97,85,134,99,72,91,39,16,2,0,148,1250,40,28,31,38,25,40,39,46,59,56,52,91,113,131,109,119,97,68,53,14,1,233
2019,2019-01-01,01370,013706,北海道,瀬棚郡今金町,5353,138,191,171,259,138,161,210,253,331,318,313,362,370,493,403,388,341,275,162,65,11,854,2555,71,93,84,138,80,81,108,135,182,167,153,179,187,223,182,169,144,120,45,12,2,323,2798,67,98,87,121,58,80,102,118,149,151,160,183,183,270,221,219,197,155,117,53,9,531
2019,2019-01-01,01371,013714,北海道,久遠郡せたな町,7940,153,223,246,298,195,184,249,360,416,466,424,505,645,797,728,693,590,438,235,82,13,1358,3754,82,118,131,152,109,114,139,173,239,235,215,247,324,397,310,275,257,159,67,9,2,494,4186,71,105,115,146,86,70,110,187,177,231,209,258,321,400,418,418,333,279,168,73,11,864
2019,2019-01-01,01391,013919,北海道,島牧郡島牧村,1476,45,34,32,55,38,61,57,63,86,92,102,84,109,132,112,135,120,76,36,5,2,239,732,21,17,18,33,27,38,29,39,48,50,60,42,61,59,55,51,41,27,14,1,1,84,744,24,17,14,22,11,23,28,24,38,42,42,42,48,73,57,84,79,49,22,4,1,155
2019,2019-01-01,01392,013927,北海道,寿都郡寿都町,2936,64,103,107,116,77,108,130,157,166,174,146,185,224,277,244,235,184,126,80,30,3,423,1455,33,54,60,62,50,64,67,94,97,106,77,91,107,143,106,90,86,40,22,6,0,154,1481,31,49,47,54,27,44,63,63,69,68,69,94,117,134,138,145,98,86,58,24,3,269
2019,2019-01-01,01393,013935,北海道,寿都郡黒松内町,2829,74,106,138,121,97,111,119,136,150,167,162,192,194,218,193,186,168,171,97,23,6,465,1339,37,56,68,66,47,57,62,86,73,91,86,94,100,97,82,74,72,53,34,2,2,163,1490,37,50,70,55,50,54,57,50,77,76,76,98,94,121,111,112,96,118,63,21,4,302
2019,2019-01-01,01394,013943,北海道,磯谷郡蘭越町,4683,146,159,168,198,125,128,187,216,261,272,294,341,388,425,374,346,298,201,123,29,4,655,2255,77,81,89,93,71,81,94,114,128,134,150,172,199,209,169,143,128,86,32,5,0,251,2428,69,78,79,105,54,47,93,102,133,138,144,169,189,216,205,203,170,115,91,24,4,404
2019,2019-01-01,01395,013951,北海道,虻田郡ニセコ町,4798,200,259,191,201,171,148,267,286,432,394,320,308,281,365,295,223,205,149,74,27,2,457,2383,112,152,108,102,101,77,134,139,197,209,156,160,147,192,134,96,87,55,22,3,0,167,2415,88,107,83,99,70,71,133,147,235,185,164,148,134,173,161,127,118,94,52,24,2,290
2019,2019-01-01,01396,013960,北海道,虻田郡真狩村,2078,88,81,88,78,64,63,102,124,144,128,104,157,131,189,156,120,102,84,56,16,3,261,1025,44,47,45,35,34,36,58,58,77,69,58,84,68,102,67,59,38,26,17,3,0,84,1053,44,34,43,43,30,27,44,66,67,59,46,73,63,87,89,61,64,58,39,13,3,177
2019,2019-01-01,01397,013978,北海道,虻田郡留寿都村,1795,73,80,80,72,95,81,96,118,116,116,112,131,143,127,73,95,74,71,36,4,2,187,906,37,42,42,34,43,48,50,62,61,61,62,78,76,66,33,43,35,23,8,1,1,68,889,36,38,38,38,52,33,46,56,55,55,50,53,67,61,40,52,39,48,28,3,1,119
2019,2019-01-01,01398,013986,北海道,虻田郡喜茂別町,2141,60,69,74,71,52,65,81,123,147,136,135,142,133,193,164,182,148,94,56,14,2,314,1091,30,40,39,38,26,33,43,76,78,87,70,81,65,85,85,76,68,47,19,4,1,139,1050,30,29,35,33,26,32,38,47,69,49,65,61,68,108,79,106,80,47,37,10,1,175
2019,2019-01-01,01399,013994,北海道,虻田郡京極町,2989,86,107,151,130,95,103,111,144,241,209,180,181,188,268,192,192,174,148,70,16,3,411,1455,46,60,77,72,51,57,60,74,121,104,91,92,96,134,81,80,71,61,25,2,0,159,1534,40,47,74,58,44,46,51,70,120,105,89,89,92,134,111,112,103,87,45,14,3,252
2019,2019-01-01,01400,014001,北海道,虻田郡倶知安町,14665,653,728,629,596,632,676,869,1063,1203,1151,931,895,880,1054,846,730,549,349,173,52,6,1129,7360,353,374,322,318,345,386,442,550,638,625,504,464,439,488,398,303,234,123,45,9,0,411,7305,300,354,307,278,287,290,427,513,565,526,427,431,441,566,448,427,315,226,128,43,6,718
2019,2019-01-01,01401,014010,北海道,岩内郡共和町,5927,204,242,201,265,267,279,314,300,367,379,377,410,386,486,367,409,320,209,97,39,9,674,3014,114,120,108,131,179,197,184,147,195,208,201,210,196,248,167,180,126,72,19,11,1,229,2913,90,122,93,134,88,82,130,153,172,171,176,200,190,238,200,229,194,137,78,28,8,445
2019,2019-01-01,01402,014028,北海道,岩内郡岩内町,12573,343,433,444,503,443,467,526,601,758,881,862,874,875,1162,978,932,765,462,205,52,7,1491,5950,183,218,236,254,256,263,280,307,387,448,426,455,422,543,407,350,302,157,50,6,0,515,6623,160,215,208,249,187,204,246,294,371,433,436,419,453,619,571,582,463,305,155,46,7,976
2019,2019-01-01,01403,014036,北海道,古宇郡泊村,1648,38,48,65,77,58,64,62,72,107,107,80,118,104,145,110,111,122,87,52,20,1,282,787,17,29,36,37,36,39,34,42,62,59,36,63,56,67,47,46,43,27,8,3,0,81,861,21,19,29,40,22,25,28,30,45,48,44,55,48,78,63,65,79,60,44,17,1,201
2019,2019-01-01,01404,014044,北海道,古宇郡神恵内村,859,16,26,33,27,13,24,30,38,43,50,55,63,72,87,73,62,54,60,25,7,1,147,406,6,14,14,15,5,16,17,22,18,28,28,31,36,50,35,24,16,22,9,0,0,47,453,10,12,19,12,8,8,13,16,25,22,27,32,36,37,38,38,38,38,16,7,1,100
2019,2019-01-01,01405,014052,北海道,積丹郡積丹町,2040,54,51,63,63,35,55,47,56,107,127,132,157,134,208,186,177,182,125,63,18,0,388,946,30,32,30,30,26,30,24,30,57,59,80,81,65,80,94,67,62,46,20,3,0,131,1094,24,19,33,33,9,25,23,26,50,68,52,76,69,128,92,110,120,79,43,15,0,257
2019,2019-01-01,01406,014061,北海道,古平郡古平町,3048,81,79,81,83,78,75,93,135,169,214,201,208,225,275,273,261,242,176,73,23,3,517,1439,39,42,39,40,45,43,52,76,96,103,107,104,126,134,108,110,88,61,22,3,1,175,1609,42,37,42,43,33,32,41,59,73,111,94,104,99,141,165,151,154,115,51,20,2,342
2019,2019-01-01,01407,014079,北海道,余市郡仁木町,3295,102,124,131,119,100,94,129,135,197,195,187,217,242,353,268,255,208,137,77,23,2,447,1594,52,62,75,60,57,56,58,66,109,102,92,120,114,185,123,115,76,47,17,8,0,148,1701,50,62,56,59,43,38,71,69,88,93,95,97,128,168,145,140,132,90,60,15,2,299
2019,2019-01-01,01408,014087,北海道,余市郡余市町,18751,526,607,706,731,653,640,726,871,1065,1228,1124,1211,1353,1905,1548,1379,1204,759,370,126,19,2478,8711,269,320,360,408,323,318,374,456,543,607,544,558,665,887,691,573,443,261,87,22,2,815,10040,257,287,346,323,330,322,352,415,522,621,580,653,688,1018,857,806,761,498,283,104,17,1663
2019,2019-01-01,01409,014095,北海道,余市郡赤井川村,1103,34,49,54,40,27,42,55,74,70,79,67,72,70,91,81,66,65,39,26,1,1,132,549,17,21,28,21,20,22,30,43,34,39,38,39,41,43,34,27,29,15,7,0,1,52,554,17,28,26,19,7,20,25,31,36,40,29,33,29,48,47,39,36,24,19,1,0,80
2019,2019-01-01,01423,014231,北海道,空知郡南幌町,7518,190,225,259,319,296,258,298,302,371,482,622,752,678,684,503,462,400,266,115,33,3,817,3579,92,110,138,168,161,134,139,162,192,219,306,346,353,331,230,197,159,104,31,7,0,301,3939,98,115,121,151,135,124,159,140,179,263,316,406,325,353,273,265,241,162,84,26,3,516
2019,2019-01-01,01424,014249,北海道,空知郡奈井江町,5407,136,149,170,248,200,149,185,202,312,362,318,395,381,519,434,457,363,250,126,43,8,790,2552,70,75,98,131,114,87,97,96,156,189,155,202,190,240,186,198,143,79,40,6,0,268,2855,66,74,72,117,86,62,88,106,156,173,163,193,191,279,248,259,220,171,86,37,8,522
2019,2019-01-01,01425,014257,北海道,空知郡上砂川町,2977,53,58,80,94,87,76,88,92,163,154,150,176,203,321,308,322,281,170,79,19,3,552,1364,28,32,40,44,38,40,50,47,78,83,72,95,103,165,141,126,108,54,17,2,1,182,1613,25,26,40,50,49,36,38,45,85,71,78,81,100,156,167,196,173,116,62,17,2,370
2019,2019-01-01,01427,014273,北海道,夕張郡由仁町,5156,117,170,173,216,150,145,192,220,303,314,309,389,375,517,398,412,352,242,120,38,4,756,2458,66,92,93,114,78,75,108,119,158,167,142,198,186,262,171,166,141,85,29,8,0,263,2698,51,78,80,102,72,70,84,101,145,147,167,191,189,255,227,246,211,157,91,30,4,493
2019,2019-01-01,01428,014281,北海道,夕張郡長沼町,10849,281,404,414,418,409,390,491,534,604,685,702,778,790,944,824,733,674,477,230,61,6,1448,5249,143,223,207,217,224,222,249,274,322,346,349,395,401,450,370,328,268,182,65,12,2,529,5600,138,181,207,201,185,168,242,260,282,339,353,383,389,494,454,405,406,295,165,49,4,919
2019,2019-01-01,01429,014290,北海道,夕張郡栗山町,11754,318,425,414,489,367,369,473,547,749,763,724,715,775,1101,967,937,760,542,236,70,13,1621,5450,124,191,203,260,184,194,238,280,387,382,368,347,364,531,419,385,304,206,71,11,1,593,6304,194,234,211,229,183,175,235,267,362,381,356,368,411,570,548,552,456,336,165,59,12,1028
2019,2019-01-01,01430,014303,北海道,樺戸郡月形町,3213,71,86,69,116,114,132,150,148,176,190,191,211,240,288,246,245,233,179,89,33,6,540,1640,44,44,35,64,65,81,96,83,105,111,99,116,137,146,109,96,97,70,35,6,1,209,1573,27,42,34,52,49,51,54,65,71,79,92,95,103,142,137,149,136,109,54,27,5,331
2019,2019-01-01,01431,014311,北海道,樺戸郡浦臼町,1841,45,67,71,59,54,35,62,87,117,89,108,113,127,221,138,136,145,93,50,21,3,312,882,22,28,42,34,33,18,39,50,59,51,50,57,63,114,60,62,52,34,13,1,0,100,959,23,39,29,25,21,17,23,37,58,38,58,56,64,107,78,74,93,59,37,20,3,212
2019,2019-01-01,01432,014320,北海道,樺戸郡新十津川町,6603,202,253,267,292,194,187,258,290,351,452,427,421,469,568,567,468,474,275,131,52,5,937,3072,98,117,134,139,99,102,129,145,165,229,218,207,226,273,249,184,200,107,41,10,0,358,3531,104,136,133,153,95,85,129,145,186,223,209,214,243,295,318,284,274,168,90,42,5,579
2019,2019-01-01,01433,014338,北海道,雨竜郡妹背牛町,2938,57,88,93,110,86,54,97,100,156,174,155,172,226,319,278,255,231,181,75,27,4,518,1396,25,46,48,67,48,29,55,52,83,80,73,104,113,151,115,116,89,81,18,2,1,191,1542,32,42,45,43,38,25,42,48,73,94,82,68,113,168,163,139,142,100,57,25,3,327
2019,2019-01-01,01434,014346,北海道,雨竜郡秩父別町,2421,76,83,59,87,83,70,123,96,112,146,135,168,180,207,206,175,185,149,64,14,3,415,1135,37,39,23,46,44,33,64,52,57,74,65,84,95,106,90,83,58,66,14,4,1,143,1286,39,44,36,41,39,37,59,44,55,72,70,84,85,101,116,92,127,83,50,10,2,272
2019,2019-01-01,01436,014362,北海道,雨竜郡雨竜町,2396,53,86,74,108,79,67,84,122,138,141,163,140,166,227,194,178,178,102,66,23,7,376,1163,25,44,42,63,46,40,48,69,64,81,89,60,77,118,93,70,73,37,17,6,1,134,1233,28,42,32,45,33,27,36,53,74,60,74,80,89,109,101,108,105,65,49,17,6,242
2019,2019-01-01,01437,014371,北海道,雨竜郡北竜町,1866,58,59,48,69,66,62,69,93,75,104,105,108,138,152,163,181,122,109,66,14,5,316,890,25,29,17,35,38,37,32,51,40,52,53,58,65,76,76,89,44,45,23,4,1,117,976,33,30,31,34,28,25,37,42,35,52,52,50,73,76,87,92,78,64,43,10,4,199
2019,2019-01-01,01438,014389,北海道,雨竜郡沼田町,3125,95,77,106,116,112,112,110,117,164,181,174,225,223,272,263,243,233,167,107,23,5,535,1484,45,38,57,48,65,63,62,69,85,89,77,119,114,127,122,103,101,64,33,3,0,201,1641,50,39,49,68,47,49,48,48,79,92,97,106,109,145,141,140,132,103,74,20,5,334
2019,2019-01-01,01452,014524,北海道,上川郡鷹栖町,6923,207,263,415,374,205,168,238,348,487,518,459,430,493,603,497,428,373,253,114,41,9,790,3280,111,151,215,171,95,73,112,170,229,264,232,207,252,292,219,198,151,94,38,6,0,289,3643,96,112,200,203,110,95,126,178,258,254,227,223,241,311,278,230,222,159,76,35,9,501
2019,2019-01-01,01453,014532,北海道,上川郡東神楽町,10272,449,562,565,585,367,336,489,599,757,819,713,674,674,715,589,491,422,287,135,39,5,888,4854,232,290,288,258,189,168,228,304,364,380,343,313,334,352,270,219,165,114,36,6,1,322,5418,217,272,277,327,178,168,261,295,393,439,370,361,340,363,319,272,257,173,99,33,4,566
2019,2019-01-01,01454,014541,北海道,上川郡当麻町,6479,168,231,245,289,213,169,223,298,338,395,386,443,459,588,527,476,485,327,169,46,4,1031,2999,78,110,121,137,115,82,113,149,177,191,183,221,223,285,245,194,199,122,46,7,1,375,3480,90,121,124,152,98,87,110,149,161,204,203,222,236,303,282,282,286,205,123,39,3,656
2019,2019-01-01,01455,014559,北海道,上川郡比布町,3748,111,118,135,136,107,102,151,177,184,249,216,232,289,323,309,301,292,193,96,22,5,608,1768,56,46,65,74,56,57,78,93,92,130,90,118,157,151,149,127,124,75,27,3,0,229,1980,55,72,70,62,51,45,73,84,92,119,126,114,132,172,160,174,168,118,69,19,5,379
2019,2019-01-01,01456,014567,北海道,上川郡愛別町,2750,78,75,96,108,83,65,77,88,141,175,138,164,210,272,259,234,215,164,76,24,8,487,1297,44,47,46,54,42,34,38,39,67,96,66,100,104,124,120,97,86,65,21,6,1,179,1453,34,28,50,54,41,31,39,49,74,79,72,64,106,148,139,137,129,99,55,18,7,308
2019,2019-01-01,01457,014575,北海道,上川郡上川町,3533,83,90,118,142,103,129,131,145,181,199,181,214,253,338,318,308,319,179,76,23,3,600,1675,45,41,57,70,58,82,70,77,101,104,98,103,131,149,137,123,127,79,20,3,0,229,1858,38,49,61,72,45,47,61,68,80,95,83,111,122,189,181,185,192,100,56,20,3,371
2019,2019-01-01,01458,014583,北海道,上川郡東川町,8002,315,366,392,379,276,228,312,435,620,575,508,436,462,694,594,499,402,287,166,45,11,911,3777,151,192,198,176,129,115,144,201,306,286,253,222,226,336,278,203,181,104,56,18,2,361,4225,164,174,194,203,147,113,168,234,314,289,255,214,236,358,316,296,221,183,110,27,9,550
2019,2019-01-01,01459,014591,北海道,上川郡美瑛町,9968,257,373,370,445,310,327,399,465,625,656,664,670,648,855,759,725,652,455,236,62,15,1420,4668,117,182,167,226,177,154,205,231,318,340,307,343,304,421,337,307,269,174,71,17,1,532,5300,140,191,203,219,133,173,194,234,307,316,357,327,344,434,422,418,383,281,165,45,14,888
2019,2019-01-01,01460,014605,北海道,空知郡上富良野町,10742,382,451,468,548,532,485,552,639,714,673,640,605,644,837,750,644,612,358,157,43,8,1178,5491,197,251,234,294,369,315,312,342,394,340,326,321,302,389,362,271,261,162,36,13,0,472,5251,185,200,234,254,163,170,240,297,320,333,314,284,342,448,388,373,351,196,121,30,8,706
2019,2019-01-01,01461,014613,北海道,空知郡中富良野町,4973,171,224,236,215,162,150,186,256,324,267,326,361,337,426,322,328,335,215,94,32,6,682,2368,84,110,117,118,86,75,88,131,170,124,160,184,170,210,150,131,140,81,33,5,1,260,2605,87,114,119,97,76,75,98,125,154,143,166,177,167,216,172,197,195,134,61,27,5,422
2019,2019-01-01,01462,014621,北海道,空知郡南富良野町,2500,112,84,84,105,100,111,139,141,163,156,178,163,159,178,157,149,137,117,51,12,4,321,1263,50,41,48,64,62,60,67,81,92,91,98,81,85,84,76,63,55,47,16,2,0,120,1237,62,43,36,41,38,51,72,60,71,65,80,82,74,94,81,86,82,70,35,10,4,201
2019,2019-01-01,01463,014630,北海道,勇払郡占冠村,1115,39,23,32,43,70,76,46,63,75,102,68,86,75,79,72,54,59,33,18,1,1,112,573,17,16,13,16,42,44,31,37,36,61,32,48,36,39,36,23,27,11,7,0,1,46,542,22,7,19,27,28,32,15,26,39,41,36,38,39,40,36,31,32,22,11,1,0,66
2019,2019-01-01,01464,014648,北海道,上川郡和寒町,3347,77,118,129,125,91,84,116,130,191,193,179,206,239,292,277,306,255,184,111,35,9,594,1566,45,62,60,63,52,48,69,64,107,97,92,101,109,132,122,138,113,55,31,5,1,205,1781,32,56,69,62,39,36,47,66,84,96,87,105,130,160,155,168,142,129,80,30,8,389
2019,2019-01-01,01465,014656,北海道,上川郡剣淵町,3130,84,89,126,150,96,91,125,172,179,171,176,205,236,311,258,196,195,150,92,24,4,465,1522,47,53,67,81,56,51,56,88,109,78,86,101,108,156,120,84,76,63,32,9,1,181,1608,37,36,59,69,40,40,69,84,70,93,90,104,128,155,138,112,119,87,60,15,3,284
2019,2019-01-01,01468,014681,北海道,上川郡下川町,3283,93,100,135,133,80,90,134,148,244,205,180,210,229,300,255,260,212,166,87,20,2,487,1571,39,50,68,78,42,50,78,68,130,111,97,112,106,137,116,105,95,61,24,4,0,184,1712,54,50,67,55,38,40,56,80,114,94,83,98,123,163,139,155,117,105,63,16,2,303
2019,2019-01-01,01469,014699,北海道,中川郡美深町,4352,105,146,160,170,125,123,185,214,295,250,248,281,301,399,334,315,306,235,129,20,11,701,2127,48,81,88,95,66,75,102,111,171,126,130,133,141,195,161,131,125,101,40,4,3,273,2225,57,65,72,75,59,48,83,103,124,124,118,148,160,204,173,184,181,134,89,16,8,428
2019,2019-01-01,01470,014702,北海道,中川郡音威子府村,759,18,16,16,125,42,31,40,25,40,29,32,54,68,60,37,42,40,31,11,2,0,84,400,11,8,8,46,27,22,26,14,28,20,18,32,34,34,17,19,16,17,2,1,0,36,359,7,8,8,79,15,9,14,11,12,9,14,22,34,26,20,23,24,14,9,1,0,48
2019,2019-01-01,01471,014711,北海道,中川郡中川町,1514,49,55,47,43,39,50,61,72,92,90,79,126,97,139,124,128,107,68,34,13,1,223,748,21,32,23,19,17,29,37,36,53,51,44,72,44,64,62,59,47,27,9,2,0,85,766,28,23,24,24,22,21,24,36,39,39,35,54,53,75,62,69,60,41,25,11,1,138
2019,2019-01-01,01472,014729,北海道,雨竜郡幌加内町,1506,37,43,63,112,39,37,64,66,95,91,85,80,104,115,117,108,124,79,35,12,0,250,749,18,23,35,54,21,26,31,39,51,50,44,42,53,53,55,48,49,41,11,5,0,106,757,19,20,28,58,18,11,33,27,44,41,41,38,51,62,62,60,75,38,24,7,0,144
2019,2019-01-01,01481,014818,北海道,増毛郡増毛町,4262,86,131,144,148,93,131,145,182,218,259,228,296,300,441,358,360,307,241,130,60,4,742,1967,44,75,75,89,49,72,73,93,118,130,127,143,135,196,164,143,108,85,33,13,2,241,2295,42,56,69,59,44,59,72,89,100,129,101,153,165,245,194,217,199,156,97,47,2,501
2019,2019-01-01,01482,014826,北海道,留萌郡小平町,3113,91,94,95,95,92,98,117,153,171,219,192,204,245,269,251,253,223,162,67,17,5,474,1503,51,51,53,51,55,51,55,79,85,112,107,109,124,120,106,101,103,64,21,3,2,193,1610,40,43,42,44,37,47,62,74,86,107,85,95,121,149,145,152,120,98,46,14,3,281
2019,2019-01-01,01483,014834,北海道,苫前郡苫前町,3085,91,112,103,122,104,90,110,118,162,188,194,203,198,287,221,271,232,168,85,23,3,511,1475,54,53,56,70,56,47,54,62,83,100,95,107,92,139,92,112,105,75,18,4,1,203,1610,37,59,47,52,48,43,56,56,79,88,99,96,106,148,129,159,127,93,67,19,2,308
2019,2019-01-01,01484,014842,北海道,苫前郡羽幌町,6978,189,247,257,259,172,218,260,335,385,438,373,416,486,685,602,557,515,351,171,54,8,1099,3360,105,132,141,134,98,121,139,190,215,232,197,219,222,318,256,237,207,131,52,13,1,404,3618,84,115,116,125,74,97,121,145,170,206,176,197,264,367,346,320,308,220,119,41,7,695
2019,2019-01-01,01485,014851,北海道,苫前郡初山別村,1168,31,34,30,46,58,37,48,32,62,62,87,105,91,86,86,89,88,63,25,8,0,184,561,18,13,14,21,30,20,29,18,31,31,37,64,45,43,36,40,42,20,7,2,0,71,607,13,21,16,25,28,17,19,14,31,31,50,41,46,43,50,49,46,43,18,6,0,113
2019,2019-01-01,01486,014869,北海道,天塩郡遠別町,2647,79,102,94,98,68,85,92,104,147,164,155,187,209,241,205,198,201,136,67,14,1,419,1291,37,59,54,44,40,48,45,61,89,85,74,101,106,111,93,72,89,55,27,1,0,172,1356,42,43,40,54,28,37,47,43,58,79,81,86,103,130,112,126,112,81,40,13,1,247
2019,2019-01-01,01487,014877,北海道,天塩郡天塩町,3036,92,120,119,113,74,112,133,168,195,177,177,236,236,301,233,190,142,121,61,28,8,360,1518,48,71,48,60,47,57,78,90,104,103,91,131,131,141,117,76,58,49,14,3,1,125,1518,44,49,71,53,27,55,55,78,91,74,86,105,105,160,116,114,84,72,47,25,7,235
2019,2019-01-01,01511,015113,北海道,宗谷郡猿払村,2624,121,123,140,136,134,121,159,151,165,170,170,197,205,175,130,101,96,79,42,8,1,226,1314,66,62,63,65,73,69,93,79,92,90,84,106,108,89,59,45,33,31,6,1,0,71,1310,55,61,77,71,61,52,66,72,73,80,86,91,97,86,71,56,63,48,36,7,1,155
2019,2019-01-01,01512,015121,北海道,枝幸郡浜頓別町,3548,111,102,135,148,105,150,166,188,234,227,200,223,297,336,295,221,181,132,78,16,3,410,1770,54,45,74,79,60,86,98,102,132,125,117,112,146,159,142,93,77,44,21,3,1,146,1778,57,57,61,69,45,64,68,86,102,102,83,111,151,177,153,128,104,88,57,13,2,264
2019,2019-01-01,01513,015130,北海道,枝幸郡中頓別町,1726,51,53,55,53,53,60,70,76,132,112,108,104,125,161,134,133,105,75,43,22,1,246,860,23,26,36,22,31,36,43,41,72,61,57,61,56,77,54,61,50,34,11,8,0,103,866,28,27,19,31,22,24,27,35,60,51,51,43,69,84,80,72,55,41,32,14,1,143
2019,2019-01-01,01514,015148,北海道,枝幸郡枝幸町,8071,231,279,358,368,279,308,353,399,525,558,485,562,582,754,604,503,445,299,141,33,5,923,3903,108,148,174,195,164,173,186,220,282,292,233,280,278,344,290,196,183,110,41,4,2,340,4168,123,131,184,173,115,135,167,179,243,266,252,282,304,410,314,307,262,189,100,29,3,583
2019,2019-01-01,01516,015164,北海道,天塩郡豊富町,3907,122,162,147,141,117,170,192,237,244,228,220,308,311,396,238,231,189,156,74,24,0,443,1979,68,93,75,77,73,109,107,124,130,125,98,161,166,206,113,107,66,56,20,5,0,147,1928,54,69,72,64,44,61,85,113,114,103,122,147,145,190,125,124,123,100,54,19,0,296
2019,2019-01-01,01517,015172,北海道,礼文郡礼文町,2502,94,97,90,70,57,100,126,149,143,141,152,172,209,271,152,157,160,105,48,8,1,322,1270,54,46,48,40,23,57,72,85,79,98,74,78,101,145,69,59,80,46,13,3,0,142,1232,40,51,42,30,34,43,54,64,64,43,78,94,108,126,83,98,80,59,35,5,1,180
2019,2019-01-01,01518,015181,北海道,利尻郡利尻町,2036,62,46,79,70,57,99,76,80,140,110,113,135,150,188,169,144,146,103,53,13,3,318,992,32,22,35,28,35,54,40,47,79,58,60,72,73,97,80,53,68,37,20,2,0,127,1044,30,24,44,42,22,45,36,33,61,52,53,63,77,91,89,91,78,66,33,11,3,191
2019,2019-01-01,01519,015199,北海道,利尻郡利尻富士町,2479,67,105,108,79,64,79,87,136,141,145,148,189,184,214,161,170,166,128,82,22,4,402,1201,38,60,58,34,41,42,46,72,72,72,74,104,99,107,63,73,70,46,28,2,0,146,1278,29,45,50,45,23,37,41,64,69,73,74,85,85,107,98,97,96,82,54,20,4,256
2019,2019-01-01,01520,015202,北海道,天塩郡幌延町,2308,92,111,94,75,73,117,126,154,164,141,124,171,188,197,154,107,102,75,31,11,1,220,1174,48,50,55,39,47,72,58,87,90,78,62,94,106,94,80,36,37,31,9,1,0,78,1134,44,61,39,36,26,45,68,67,74,63,62,77,82,103,74,71,65,44,22,10,1,142
2019,2019-01-01,01543,015431,北海道,網走郡美幌町,19499,544,748,774,882,687,700,911,1045,1206,1193,1235,1421,1353,1743,1495,1247,1152,743,334,71,15,2315,9483,298,372,414,455,399,404,491,534,655,570,614,689,678,828,695,514,486,287,90,8,2,873,10016,246,376,360,427,288,296,420,511,551,623,621,732,675,915,800,733,666,456,244,63,13,1442
2019,2019-01-01,01544,015440,北海道,網走郡津別町,4704,137,148,122,167,162,148,159,178,263,237,281,303,313,501,425,411,350,229,128,36,6,749,2274,58,84,61,100,98,90,96,96,133,136,141,156,152,249,187,169,136,87,38,6,1,268,2430,79,64,61,67,64,58,63,82,130,101,140,147,161,252,238,242,214,142,90,30,5,481
2019,2019-01-01,01545,015458,北海道,斜里郡斜里町,11436,404,488,469,421,398,482,603,637,749,698,724,755,774,1049,784,733,596,409,188,68,7,1268,5655,208,249,233,231,227,281,347,342,382,363,368,408,371,501,373,321,240,153,46,11,0,450,5781,196,239,236,190,171,201,256,295,367,335,356,347,403,548,411,412,356,256,142,57,7,818
2019,2019-01-01,01546,015466,北海道,斜里郡清里町,4106,144,181,163,167,148,152,147,215,254,243,228,289,283,332,297,312,258,167,82,35,9,551,2045,83,104,88,91,80,95,75,112,130,129,121,146,141,166,137,141,99,75,24,8,0,206,2061,61,77,75,76,68,57,72,103,124,114,107,143,142,166,160,171,159,92,58,27,9,345
2019,2019-01-01,01547,015474,北海道,斜里郡小清水町,4868,185,200,167,188,128,191,244,241,286,273,286,333,317,451,349,340,315,220,122,27,5,689,2329,94,113,73,89,76,101,137,125,144,140,128,167,159,222,155,150,129,84,37,6,0,256,2539,91,87,94,99,52,90,107,116,142,133,158,166,158,229,194,190,186,136,85,21,5,433
2019,2019-01-01,01549,015491,北海道,常呂郡訓子府町,4968,161,215,186,231,122,154,206,250,275,298,289,368,346,447,405,344,299,219,108,41,4,671,2376,83,96,90,120,59,86,114,146,131,148,147,178,172,217,184,157,128,85,29,5,1,248,2592,78,119,96,111,63,68,92,104,144,150,142,190,174,230,221,187,171,134,79,36,3,423
2019,2019-01-01,01550,015504,北海道,常呂郡置戸町,2916,108,90,94,96,86,84,103,160,139,151,159,182,197,261,243,245,224,160,92,36,6,518,1350,50,44,45,53,38,46,48,85,72,74,92,91,98,111,106,112,89,64,24,8,0,185,1566,58,46,49,43,48,38,55,75,67,77,67,91,99,150,137,133,135,96,68,28,6,333
2019,2019-01-01,01552,015521,北海道,常呂郡佐呂間町,5010,130,191,200,195,165,183,193,223,258,336,274,313,368,486,402,341,354,230,121,38,9,752,2414,71,96,99,89,85,96,112,118,136,185,140,155,176,232,182,160,154,79,39,9,1,282,2596,59,95,101,106,80,87,81,105,122,151,134,158,192,254,220,181,200,151,82,29,8,470
2019,2019-01-01,01555,015555,北海道,紋別郡遠軽町,19890,632,768,750,853,768,778,885,1039,1142,1275,1193,1242,1304,1704,1549,1403,1238,843,393,121,10,2605,9690,335,393,403,430,466,459,466,540,594,666,624,603,629,776,716,582,533,334,113,23,5,1008,10200,297,375,347,423,302,319,419,499,548,609,569,639,675,928,833,821,705,509,280,98,5,1597
2019,2019-01-01,01559,015598,北海道,紋別郡湧別町,8711,258,259,370,366,270,318,313,409,482,543,501,617,656,771,665,599,584,422,226,75,7,1314,4185,120,135,189,186,163,185,166,219,258,269,272,308,314,365,301,238,249,162,70,14,2,497,4526,138,124,181,180,107,133,147,190,224,274,229,309,342,406,364,361,335,260,156,61,5,817
2019,2019-01-01,01560,015601,北海道,紋別郡滝上町,2591,64,75,65,84,76,86,108,100,123,151,146,194,192,259,214,201,199,144,75,30,5,453,1248,35,40,36,50,44,44,60,60,61,86,70,101,93,126,91,89,78,55,19,10,0,162,1343,29,35,29,34,32,42,48,40,62,65,76,93,99,133,123,112,121,89,56,20,5,291
2019,2019-01-01,01561,015610,北海道,紋別郡興部町,3742,151,155,143,159,130,128,202,211,210,254,214,269,289,300,264,256,216,117,56,18,0,407,1847,73,84,73,96,77,76,104,114,109,135,112,146,148,135,114,95,90,46,15,5,0,156,1895,78,71,70,63,53,52,98,97,101,119,102,123,141,165,150,161,126,71,41,13,0,251
2019,2019-01-01,01562,015628,北海道,紋別郡西興部村,1098,31,42,38,31,47,44,55,83,83,54,69,91,56,78,54,65,70,61,34,11,1,177,535,14,21,18,15,31,27,29,49,45,25,40,46,31,41,26,20,26,22,8,1,0,57,563,17,21,20,16,16,17,26,34,38,29,29,45,25,37,28,45,44,39,26,10,1,120
2019,2019-01-01,01563,015636,北海道,紋別郡雄武町,4246,129,161,166,163,106,175,214,216,237,294,264,336,313,358,300,284,262,167,72,24,5,530,2063,64,72,91,92,61,91,130,113,139,150,125,179,159,164,124,122,101,62,17,6,1,187,2183,65,89,75,71,45,84,84,103,98,144,139,157,154,194,176,162,161,105,55,18,4,343
2019,2019-01-01,01564,015644,北海道,網走郡大空町,7226,245,308,340,309,231,251,301,370,404,483,410,521,531,660,526,432,380,299,174,43,8,904,3503,120,147,185,160,137,134,154,188,218,241,207,269,255,330,238,168,167,120,50,14,1,352,3723,125,161,155,149,94,117,147,182,186,242,203,252,276,330,288,264,213,179,124,29,7,552
2019,2019-01-01,01571,015717,北海道,虻田郡豊浦町,3919,109,157,138,151,126,160,152,194,244,255,245,269,268,354,293,250,252,176,93,29,4,554,1834,54,73,74,66,64,84,75,102,138,119,120,138,113,161,150,101,100,73,25,2,2,202,2085,55,84,64,85,62,76,77,92,106,136,125,131,155,193,143,149,152,103,68,27,2,352
2019,2019-01-01,01575,015750,北海道,有珠郡壮瞥町,2484,69,74,113,80,72,76,102,118,146,150,142,174,166,239,204,195,166,119,59,19,1,364,1190,36,42,61,42,35,36,55,57,80,85,74,84,88,97,103,86,77,36,13,3,0,129,1294,33,32,52,38,37,40,47,61,66,65,68,90,78,142,101,109,89,83,46,16,1,235
2019,2019-01-01,01578,015784,北海道,白老郡白老町,16816,250,395,478,635,536,451,563,619,840,1046,1008,1016,1196,1771,1871,1633,1210,773,400,102,23,2508,8070,124,193,245,327,284,266,303,326,447,524,498,499,602,869,847,756,523,301,117,16,3,960,8746,126,202,233,308,252,185,260,293,393,522,510,517,594,902,1024,877,687,472,283,86,20,1548
2019,2019-01-01,01581,015814,北海道,勇払郡厚真町,4552,173,199,195,151,154,186,190,236,274,249,243,300,319,393,347,324,282,199,115,20,3,619,2248,97,108,96,75,91,107,96,124,148,129,119,144,171,200,171,138,117,75,39,3,0,234,2304,76,91,99,76,63,79,94,112,126,120,124,156,148,193,176,186,165,124,76,17,3,385
2019,2019-01-01,01584,015849,北海道,虻田郡洞爺湖町,8737,219,228,309,323,274,271,323,388,459,527,545,599,661,854,773,701,594,406,199,74,10,1283,4077,115,119,164,171,153,142,180,191,222,244,257,281,329,406,362,285,241,147,46,19,3,456,4660,104,109,145,152,121,129,143,197,237,283,288,318,332,448,411,416,353,259,153,55,7,827
2019,2019-01-01,01585,015857,北海道,勇払郡安平町,7896,243,279,292,351,354,317,284,367,458,572,463,531,493,647,655,584,445,349,156,47,9,1006,3943,125,138,133,198,229,185,152,193,247,306,258,276,256,314,295,262,188,125,53,7,3,376,3953,118,141,159,153,125,132,132,174,211,266,205,255,237,333,360,322,257,224,103,40,6,630
2019,2019-01-01,01586,015865,北海道,勇払郡むかわ町,8050,223,258,279,331,226,275,338,333,449,492,465,555,632,809,690,606,509,346,180,45,9,1089,3935,106,138,134,176,123,157,180,200,237,259,241,300,303,401,315,244,209,142,60,9,1,421,4115,117,120,145,155,103,118,158,133,212,233,224,255,329,408,375,362,300,204,120,36,8,668
2019,2019-01-01,01601,016012,北海道,沙流郡日高町,11918,359,488,487,503,403,418,524,705,815,778,694,788,853,1063,869,780,679,432,223,50,7,1391,5978,171,264,242,279,250,220,281,416,443,440,366,385,435,509,395,348,296,162,64,11,1,534,5940,188,224,245,224,153,198,243,289,372,338,328,403,418,554,474,432,383,270,159,39,6,857
2019,2019-01-01,01602,016021,北海道,沙流郡平取町,4960,165,196,219,198,174,161,182,245,305,330,352,332,344,425,395,326,296,185,94,33,3,611,2401,87,100,107,104,98,80,95,128,157,158,185,186,175,189,181,151,128,61,22,9,0,220,2559,78,96,112,94,76,81,87,117,148,172,167,146,169,236,214,175,168,124,72,24,3,391
2019,2019-01-01,01604,016047,北海道,新冠郡新冠町,5424,203,215,254,238,178,189,255,301,408,384,312,338,378,466,346,300,260,224,132,35,8,659,2634,104,102,117,128,108,92,130,169,217,194,159,169,188,237,162,127,110,77,35,8,1,231,2790,99,113,137,110,70,97,125,132,191,190,153,169,190,229,184,173,150,147,97,27,7,428
2019,2019-01-01,01607,016071,北海道,浦河郡浦河町,12236,405,452,486,539,497,466,572,672,799,864,824,799,881,1075,838,769,617,429,182,65,5,1298,5973,209,245,268,278,243,262,306,357,403,472,404,432,444,506,365,315,266,141,45,12,0,464,6263,196,207,218,261,254,204,266,315,396,392,420,367,437,569,473,454,351,288,137,53,5,834
2019,2019-01-01,01608,016080,北海道,様似郡様似町,4299,110,126,149,162,135,123,158,190,233,270,280,279,357,459,346,326,265,184,111,32,4,596,2037,52,64,82,82,70,61,86,108,121,140,131,121,174,233,159,154,107,58,30,2,2,199,2262,58,62,67,80,65,62,72,82,112,130,149,158,183,226,187,172,158,126,81,30,2,397
2019,2019-01-01,01609,016098,北海道,幌泉郡えりも町,4689,170,204,224,184,168,190,236,250,299,302,269,322,379,428,314,271,219,164,79,16,1,479,2347,76,93,128,95,102,116,131,140,172,171,143,165,174,219,147,114,80,57,23,1,0,161,2342,94,111,96,89,66,74,105,110,127,131,126,157,205,209,167,157,139,107,56,15,1,318
2019,2019-01-01,01610,016101,北海道,日高郡新ひだか町,22571,831,894,897,958,836,822,1070,1308,1456,1497,1465,1448,1489,1930,1630,1461,1276,791,364,125,23,2579,10919,416,459,458,503,452,428,569,711,765,762,709,736,757,902,729,608,502,308,113,27,5,955,11652,415,435,439,455,384,394,501,597,691,735,756,712,732,1028,901,853,774,483,251,98,18,1624
2019,2019-01-01,01631,016314,北海道,河東郡音更町,44559,1648,2028,2413,2379,1868,1709,2106,2600,3323,3414,3038,2841,2698,3296,2802,2357,1915,1257,641,193,33,4039,21119,832,1033,1231,1215,926,855,1021,1257,1606,1639,1492,1392,1320,1501,1287,1006,784,490,187,40,5,1506,23440,816,995,1182,1164,942,854,1085,1343,1717,1775,1546,1449,1378,1795,1515,1351,1131,767,454,153,28,2533
2019,2019-01-01,01632,016322,北海道,河東郡士幌町,6086,218,244,304,294,241,245,308,316,356,367,346,381,505,517,387,327,313,224,146,41,6,730,2936,109,135,154,134,134,135,160,169,179,182,187,194,240,259,175,139,138,66,41,6,0,251,3150,109,109,150,160,107,110,148,147,177,185,159,187,265,258,212,188,175,158,105,35,6,479
2019,2019-01-01,01633,016331,北海道,河東郡上士幌町,4891,189,184,223,181,187,206,255,281,298,267,269,307,335,397,307,354,306,208,105,29,3,651,2387,90,100,115,87,106,113,140,142,154,154,133,151,175,182,153,144,127,72,38,8,3,248,2504,99,84,108,94,81,93,115,139,144,113,136,156,160,215,154,210,179,136,67,21,0,403
2019,2019-01-01,01634,016349,北海道,河東郡鹿追町,5365,245,247,284,264,238,243,316,270,367,353,300,321,322,436,310,273,273,184,90,27,2,576,2636,115,123,149,141,130,129,169,145,182,169,146,159,167,210,147,130,123,67,31,4,0,225,2729,130,124,135,123,108,114,147,125,185,184,154,162,155,226,163,143,150,117,59,23,2,351
2019,2019-01-01,01635,016357,北海道,上川郡新得町,6052,197,224,208,219,236,236,271,305,376,356,395,391,410,518,460,429,403,261,116,37,4,821,2979,99,129,116,107,125,127,144,160,200,175,197,216,226,241,212,203,159,99,38,6,0,302,3073,98,95,92,112,111,109,127,145,176,181,198,175,184,277,248,226,244,162,78,31,4,519
2019,2019-01-01,01636,016365,北海道,上川郡清水町,9365,283,366,365,399,331,382,436,481,567,563,539,614,643,828,733,622,552,418,184,49,10,1213,4620,147,188,204,203,180,208,254,252,308,295,276,319,302,417,316,288,219,173,58,12,1,463,4745,136,178,161,196,151,174,182,229,259,268,263,295,341,411,417,334,333,245,126,37,9,750
2019,2019-01-01,01637,016373,北海道,河西郡芽室町,18612,662,891,1041,1020,682,594,899,1045,1348,1390,1290,1208,1150,1424,1138,995,815,610,294,96,20,1835,8922,322,474,522,490,353,309,467,484,678,696,613,616,566,661,528,436,353,241,88,21,4,707,9690,340,417,519,530,329,285,432,561,670,694,677,592,584,763,610,559,462,369,206,75,16,1128
2019,2019-01-01,01638,016381,北海道,河西郡中札内村,3863,127,191,176,167,170,169,204,192,252,292,281,267,257,259,233,226,185,122,68,20,5,400,1891,63,100,80,78,102,88,106,92,143,158,131,143,143,123,88,96,84,47,22,4,0,157,1972,64,91,96,89,68,81,98,100,109,134,150,124,114,136,145,130,101,75,46,16,5,243
2019,2019-01-01,01639,016390,北海道,河西郡更別村,3168,128,130,158,136,127,131,171,176,192,207,215,214,234,229,148,167,177,148,67,10,3,405,1567,66,72,79,76,68,69,96,98,102,108,103,107,125,113,63,63,80,56,22,1,0,159,1601,62,58,79,60,59,62,75,78,90,99,112,107,109,116,85,104,97,92,45,9,3,246
2019,2019-01-01,01641,016411,北海道,広尾郡大樹町,5529,207,235,227,198,184,275,300,285,368,303,270,336,363,493,412,364,313,243,117,30,6,709,2727,106,116,113,106,86,157,173,151,201,156,141,171,176,228,198,169,132,101,39,7,0,279,2802,101,119,114,92,98,118,127,134,167,147,129,165,187,265,214,195,181,142,78,23,6,430
2019,2019-01-01,01642,016420,北海道,広尾郡広尾町,6837,212,217,261,284,227,254,273,300,370,438,433,474,534,644,511,502,439,284,140,33,7,903,3327,101,110,128,157,145,151,146,160,190,238,218,236,275,306,222,203,184,115,37,5,0,341,3510,111,107,133,127,82,103,127,140,180,200,215,238,259,338,289,299,255,169,103,28,7,562
2019,2019-01-01,01643,016438,北海道,中川郡幕別町,26736,948,1166,1208,1334,961,889,1196,1500,1830,1922,1676,1770,1838,2242,1981,1603,1274,818,437,121,22,2672,12762,508,588,624,675,473,436,586,756,899,913,803,866,898,1049,915,716,567,317,144,25,4,1057,13974,440,578,584,659,488,453,610,744,931,1009,873,904,940,1193,1066,887,707,501,293,96,18,1615
2019,2019-01-01,01644,016446,北海道,中川郡池田町,6726,162,186,218,288,265,210,243,261,356,385,447,420,445,638,625,504,505,333,166,57,12,1073,3169,77,92,114,135,148,117,130,123,191,199,221,214,218,292,279,219,209,122,54,13,2,400,3557,85,94,104,153,117,93,113,138,165,186,226,206,227,346,346,285,296,211,112,44,10,673
2019,2019-01-01,01645,016454,北海道,中川郡豊頃町,3170,87,91,114,129,102,114,149,156,184,173,158,223,246,277,252,210,229,164,85,22,5,505,1531,40,49,55,67,54,62,80,83,93,93,82,112,123,133,111,91,106,62,28,6,1,203,1639,47,42,59,62,48,52,69,73,91,80,76,111,123,144,141,119,123,102,57,16,4,302
2019,2019-01-01,01646,016462,北海道,中川郡本別町,7052,186,211,256,293,256,223,247,305,385,416,442,468,486,710,609,538,457,344,162,47,11,1021,3451,100,112,128,182,159,146,126,163,201,205,214,257,238,333,277,224,193,131,53,7,2,386,3601,86,99,128,111,97,77,121,142,184,211,228,211,248,377,332,314,264,213,109,40,9,635
2019,2019-01-01,01647,016471,北海道,足寄郡足寄町,6899,245,243,286,260,186,233,266,370,384,433,364,451,483,636,546,507,462,318,165,54,7,1006,3371,130,118,160,127,113,124,155,193,189,237,217,216,235,306,249,226,191,124,50,9,2,376,3528,115,125,126,133,73,109,111,177,195,196,147,235,248,330,297,281,271,194,115,45,5,630
2019,2019-01-01,01648,016489,北海道,足寄郡陸別町,2358,59,77,76,77,78,88,109,114,132,146,160,160,160,210,195,178,161,101,56,14,7,339,1182,30,37,39,39,45,54,58,65,77,83,81,97,82,108,69,86,73,37,18,4,0,132,1176,29,40,37,38,33,34,51,49,55,63,79,63,78,102,126,92,88,64,38,10,7,207
2019,2019-01-01,01649,016497,北海道,十勝郡浦幌町,4739,134,179,166,170,121,172,206,220,216,239,285,327,371,485,396,333,334,252,101,27,5,719,2298,71,96,79,89,71,105,117,127,105,126,133,179,184,232,178,134,150,87,32,1,2,272,2441,63,83,87,81,50,67,89,93,111,113,152,148,187,253,218,199,184,165,69,26,3,447
2019,2019-01-01,01661,016616,北海道,釧路郡釧路町,19747,760,716,841,955,876,926,1115,1080,1330,1353,1335,1514,1506,1745,1261,998,722,465,194,51,4,1436,9417,377,370,417,498,442,446,560,533,680,655,618,714,755,831,593,424,287,159,49,8,1,504,10330,383,346,424,457,434,480,555,547,650,698,717,800,751,914,668,574,435,306,145,43,3,932
2019,2019-01-01,01662,016624,北海道,厚岸郡厚岸町,9269,260,318,392,394,315,360,415,437,564,571,616,693,656,836,654,636,582,358,169,39,4,1152,4421,121,169,193,203,181,204,228,212,293,291,305,334,332,395,288,257,211,151,47,6,0,415,4848,139,149,199,191,134,156,187,225,271,280,311,359,324,441,366,379,371,207,122,33,4,737
2019,2019-01-01,01663,016632,北海道,厚岸郡浜中町,5801,224,213,252,284,187,235,306,336,361,336,390,424,472,543,341,317,259,193,99,27,2,580,2897,114,108,120,132,118,137,181,171,195,178,187,219,236,277,165,139,110,77,26,7,0,220,2904,110,105,132,152,69,98,125,165,166,158,203,205,236,266,176,178,149,116,73,20,2,360
2019,2019-01-01,01664,016641,北海道,川上郡標茶町,7532,262,311,329,345,197,285,384,398,448,437,474,530,605,653,475,479,414,296,157,48,5,920,3646,147,153,157,166,108,157,209,223,232,207,234,289,280,326,212,184,179,118,52,13,0,362,3886,115,158,172,179,89,128,175,175,216,230,240,241,325,327,263,295,235,178,105,35,5,558
2019,2019-01-01,01665,016659,北海道,川上郡弟子屈町,7210,187,236,271,262,203,207,248,362,450,419,451,546,575,680,637,584,422,277,127,58,8,892,3426,91,128,127,123,112,109,137,187,232,214,222,270,279,339,272,260,180,93,42,9,0,324,3784,96,108,144,139,91,98,111,175,218,205,229,276,296,341,365,324,242,184,85,49,8,568
2019,2019-01-01,01667,016675,北海道,阿寒郡鶴居村,2503,91,89,133,124,87,87,103,153,137,179,160,155,199,229,164,144,128,80,44,17,0,269,1265,45,44,72,73,46,49,59,83,67,94,79,88,107,109,84,56,53,33,21,3,0,110,1238,46,45,61,51,41,38,44,70,70,85,81,67,92,120,80,88,75,47,23,14,0,159
2019,2019-01-01,01668,016683,北海道,白糠郡白糠町,7823,164,203,266,320,275,244,267,348,397,486,542,533,606,840,660,630,551,313,122,51,5,1042,3695,79,104,148,167,147,137,149,186,211,233,264,244,300,396,291,255,228,116,30,9,1,384,4128,85,99,118,153,128,107,118,162,186,253,278,289,306,444,369,375,323,197,92,42,4,658
2019,2019-01-01,01691,016918,北海道,野付郡別海町,14858,570,780,775,701,538,618,892,945,1043,973,848,1011,1091,1235,909,676,575,387,223,60,8,1253,7494,286,413,379,376,329,362,492,481,558,532,422,508,569,607,418,301,236,137,68,17,3,461,7364,284,367,396,325,209,256,400,464,485,441,426,503,522,628,491,375,339,250,155,43,5,792
2019,2019-01-01,01692,016926,北海道,標津郡中標津町,23400,919,1070,1225,1185,957,1112,1313,1584,1789,1757,1540,1522,1486,1835,1283,1146,883,503,220,62,9,1677,11482,471,535,647,595,495,613,660,816,930,886,756,769,711,846,603,470,392,192,83,11,1,679,11918,448,535,578,590,462,499,653,768,859,871,784,753,775,989,680,676,491,311,137,51,8,998
2019,2019-01-01,01693,016934,北海道,標津郡標津町,5278,210,226,239,264,206,206,247,299,345,387,349,358,336,436,372,310,262,150,55,19,2,488,2580,103,102,123,128,120,106,138,156,182,193,176,194,162,209,177,138,96,61,13,3,0,173,2698,107,124,116,136,86,100,109,143,163,194,173,164,174,227,195,172,166,89,42,16,2,315
2019,2019-01-01,01694,016942,北海道,目梨郡羅臼町,5055,150,207,207,244,170,196,256,287,295,361,423,389,379,416,299,299,253,129,75,19,1,477,2507,77,97,110,120,99,114,136,152,143,187,226,204,203,205,126,117,104,50,32,4,1,191,2548,73,110,97,124,71,82,120,135,152,174,197,185,176,211,173,182,149,79,43,15,0,286
2019,2019-01-01,01695,016951,北海道,色丹郡色丹村,0,0,0,0,0,0,0,0,0,0,0,0,0,0,0,0,0,0,0,0,0,0,0,0,0,0,0,0,0,0,0,0,0,0,0,0,0,0,0,0,0,0,0,0,0,0,0,0,0,0,0,0,0,0,0,0,0,0,0,0,0,0,0,0,0,0,0,0,0
2019,2019-01-01,01696,016969,北海道,国後郡泊村,0,0,0,0,0,0,0,0,0,0,0,0,0,0,0,0,0,0,0,0,0,0,0,0,0,0,0,0,0,0,0,0,0,0,0,0,0,0,0,0,0,0,0,0,0,0,0,0,0,0,0,0,0,0,0,0,0,0,0,0,0,0,0,0,0,0,0,0,0
2019,2019-01-01,01697,016977,北海道,国後郡留夜別村,0,0,0,0,0,0,0,0,0,0,0,0,0,0,0,0,0,0,0,0,0,0,0,0,0,0,0,0,0,0,0,0,0,0,0,0,0,0,0,0,0,0,0,0,0,0,0,0,0,0,0,0,0,0,0,0,0,0,0,0,0,0,0,0,0,0,0,0,0
2019,2019-01-01,01698,016985,北海道,択捉郡留別村,0,0,0,0,0,0,0,0,0,0,0,0,0,0,0,0,0,0,0,0,0,0,0,0,0,0,0,0,0,0,0,0,0,0,0,0,0,0,0,0,0,0,0,0,0,0,0,0,0,0,0,0,0,0,0,0,0,0,0,0,0,0,0,0,0,0,0,0,0
2019,2019-01-01,01699,016993,北海道,紗那郡紗那村,0,0,0,0,0,0,0,0,0,0,0,0,0,0,0,0,0,0,0,0,0,0,0,0,0,0,0,0,0,0,0,0,0,0,0,0,0,0,0,0,0,0,0,0,0,0,0,0,0,0,0,0,0,0,0,0,0,0,0,0,0,0,0,0,0,0,0,0,0
2019,2019-01-01,01700,017001,北海道,蘂取郡蘂取村,0,0,0,0,0,0,0,0,0,0,0,0,0,0,0,0,0,0,0,0,0,0,0,0,0,0,0,0,0,0,0,0,0,0,0,0,0,0,0,0,0,0,0,0,0,0,0,0,0,0,0,0,0,0,0,0,0,0,0,0,0,0,0,0,0,0,0,0,0
2019,2019-01-01,02000,020001,青森県,,1287029,41679,46667,51775,58718,51582,49882,60805,71117,83222,88426,84728,89120,96073,112337,90457,75594,66219,43890,19544,4634,560,134847,610253,21226,23866,26340,30133,27234,26118,30956,36237,42315,44275,41687,43649,46335,53475,41604,31352,24440,13673,4598,687,53,43451,676776,20453,22801,25435,28585,24348,23764,29849,34880,40907,44151,43041,45471,49738,58862,48853,44242,41779,30217,14946,3947,507,91396
2019,2019-01-01,02201,022012,青森県,青森市,283530,9355,10528,11820,13117,11414,11209,13854,16567,19864,20527,19288,19993,20304,23932,19725,15863,12940,8586,3675,876,93,26170,132271,4725,5292,6000,6755,5851,5640,6834,8149,9887,10065,9253,9594,9697,10998,8846,6493,4651,2546,868,118,9,8192,151259,4630,5236,5820,6362,5563,5569,7020,8418,9977,10462,10035,10399,10607,12934,10879,9370,8289,6040,2807,758,84,17978
2019,2019-01-01,02202,022021,青森県,弘前市,171207,5752,6061,6726,7815,7800,7038,8461,9679,11006,11582,11358,11868,12210,14068,11957,9871,8658,5932,2662,628,75,17955,79233,2976,3131,3394,4077,4043,3577,4275,4787,5317,5603,5402,5608,5647,6440,5309,4032,3111,1801,611,85,7,5615,91974,2776,2930,3332,3738,3757,3461,4186,4892,5689,5979,5956,6260,6563,7628,6648,5839,5547,4131,2051,543,68,12340
2019,2019-01-01,02203,022039,青森県,八戸市,228859,8258,9104,9718,10869,9546,9620,11335,12940,15350,17257,15471,15302,16209,18772,15800,13123,10494,6327,2624,655,85,20185,109651,4254,4703,4936,5611,5000,4962,5672,6492,7795,8662,7665,7440,7879,9035,7241,5571,3960,2036,633,101,3,6733,119208,4004,4401,4782,5258,4546,4658,5663,6448,7555,8595,7806,7862,8330,9737,8559,7552,6534,4291,1991,554,82,13452
2019,2019-01-01,02204,022047,青森県,黒石市,33374,991,1173,1260,1617,1454,1358,1512,1899,2172,2161,2233,2296,2597,3047,2330,1880,1655,1127,490,114,8,3394,15597,513,595,636,820,758,699,771,930,1094,1093,1092,1102,1203,1419,1093,754,583,324,108,10,0,1025,17777,478,578,624,797,696,659,741,969,1078,1068,1141,1194,1394,1628,1237,1126,1072,803,382,104,8,2369
2019,2019-01-01,02205,022055,青森県,五所川原市,54680,1525,1773,2039,2583,1992,1872,2375,2827,3362,3682,3770,4159,4277,4879,3657,3462,3208,2152,882,177,27,6446,25125,759,909,1029,1304,991,966,1174,1462,1655,1706,1777,2021,1986,2316,1579,1388,1192,682,192,36,1,2103,29555,766,864,1010,1279,1001,906,1201,1365,1707,1976,1993,2138,2291,2563,2078,2074,2016,1470,690,141,26,4343
2019,2019-01-01,02206,022063,青森県,十和田市,61416,1995,2287,2575,2936,2422,2165,2760,3308,4160,4182,3994,4098,4674,5551,4532,3472,3136,2042,899,206,22,6305,29486,1043,1171,1321,1526,1236,1133,1413,1725,2171,2115,1946,2030,2277,2616,2153,1478,1205,677,211,36,3,2132,31930,952,1116,1254,1410,1186,1032,1347,1583,1989,2067,2048,2068,2397,2935,2379,1994,1931,1365,688,170,19,4173
2019,2019-01-01,02207,022071,青森県,三沢市,39477,1765,1762,1904,1898,2081,2045,2392,2553,2762,2779,2580,2371,2558,2855,2090,1797,1546,1112,493,120,14,3285,19571,908,924,977,967,1234,1156,1275,1355,1427,1430,1289,1175,1303,1388,960,732,583,343,123,21,1,1071,19906,857,838,927,931,847,889,1117,1198,1335,1349,1291,1196,1255,1467,1130,1065,963,769,370,99,13,2214
2019,2019-01-01,02208,022080,青森県,むつ市,57841,1909,2163,2306,2630,2310,2390,2782,3305,3842,3975,3642,3911,4192,5315,4139,3406,2770,1744,841,242,27,5624,28219,986,1122,1163,1360,1336,1350,1533,1730,2021,2052,1879,1983,2004,2520,1897,1461,1077,529,185,28,3,1822,29622,923,1041,1143,1270,974,1040,1249,1575,1821,1923,1763,1928,2188,2795,2242,1945,1693,1215,656,214,24,3802
2019,2019-01-01,02209,022098,青森県,つがる市,32534,902,1012,1246,1366,1069,1073,1492,1692,1844,1914,2000,2375,2656,2989,2327,2088,2158,1470,704,143,14,4489,15327,453,509,652,697,592,577,778,901,947,943,1040,1155,1262,1437,1104,830,790,446,182,30,2,1450,17207,449,503,594,669,477,496,714,791,897,971,960,1220,1394,1552,1223,1258,1368,1024,522,113,12,3039
2019,2019-01-01,02210,022101,青森県,平川市,31383,1007,1159,1258,1421,1162,1155,1482,1823,1986,2001,2005,2183,2307,2888,2133,1813,1779,1188,507,116,10,3600,14699,521,586,633,707,581,601,760,939,1017,1009,969,1035,1110,1394,947,732,650,385,108,14,1,1158,16684,486,573,625,714,581,554,722,884,969,992,1036,1148,1197,1494,1186,1081,1129,803,399,102,9,2442
2019,2019-01-01,02300,023001,青森県,東津軽郡,22564,456,585,683,811,622,604,768,1003,1167,1277,1249,1588,2082,2564,1970,1719,1632,1125,529,116,14,3416,10830,237,320,367,442,319,342,425,545,643,667,648,811,1032,1276,969,704,568,372,117,24,2,1083,11734,219,265,316,369,303,262,343,458,524,610,601,777,1050,1288,1001,1015,1064,753,412,92,12,2333
2019,2019-01-01,02301,023019,青森県,東津軽郡平内町,11053,277,344,375,437,326,346,407,555,627,639,602,794,1062,1251,910,736,651,448,215,48,3,1365,5299,133,185,191,238,174,183,220,291,337,345,299,384,534,620,458,305,215,135,43,9,0,402,5754,144,159,184,199,152,163,187,264,290,294,303,410,528,631,452,431,436,313,172,39,3,963
2019,2019-01-01,02303,023035,青森県,東津軽郡今別町,2660,33,28,53,68,59,62,71,79,89,145,118,190,248,323,280,249,275,190,75,18,7,565,1269,22,12,32,38,29,39,44,42,55,81,66,101,121,161,128,110,105,62,17,3,1,188,1391,11,16,21,30,30,23,27,37,34,64,52,89,127,162,152,139,170,128,58,15,6,377
2019,2019-01-01,02304,023043,青森県,東津軽郡蓬田村,2809,74,103,105,106,102,68,99,129,165,162,154,200,242,305,230,186,190,126,56,7,0,379,1361,39,62,55,60,48,39,50,66,91,79,70,99,111,163,118,83,67,50,10,1,0,128,1448,35,41,50,46,54,29,49,63,74,83,84,101,131,142,112,103,123,76,46,6,0,251
2019,2019-01-01,02307,023078,青森県,東津軽郡外ヶ浜町,6042,72,110,150,200,135,128,191,240,286,331,375,404,530,685,550,548,516,361,183,43,4,1107,2901,43,61,89,106,68,81,111,146,160,162,213,227,266,332,265,206,181,125,47,11,1,365,3141,29,49,61,94,67,47,80,94,126,169,162,177,264,353,285,342,335,236,136,32,3,742
2019,2019-01-01,02320,023205,青森県,西津軽郡,18209,336,427,548,635,506,478,597,761,909,978,1087,1364,1574,1906,1550,1488,1495,965,491,97,17,3065,8565,177,216,266,300,269,273,321,422,491,509,553,709,729,948,716,647,570,310,118,16,5,1019,9644,159,211,282,335,237,205,276,339,418,469,534,655,845,958,834,841,925,655,373,81,12,2046
2019,2019-01-01,02321,023213,青森県,西津軽郡鰺ヶ沢町,10004,197,253,301,359,296,290,366,448,511,555,635,784,860,1042,762,751,758,516,256,57,7,1594,4694,104,133,145,163,150,164,204,254,274,288,311,398,384,521,360,332,274,162,60,11,2,509,5310,93,120,156,196,146,126,162,194,237,267,324,386,476,521,402,419,484,354,196,46,5,1085
2019,2019-01-01,02323,023230,青森県,西津軽郡深浦町,8205,139,174,247,276,210,188,231,313,398,423,452,580,714,864,788,737,737,449,235,40,10,1471,3871,73,83,121,137,119,109,117,168,217,221,242,311,345,427,356,315,296,148,58,5,3,510,4334,66,91,126,139,91,79,114,145,181,202,210,269,369,437,432,422,441,301,177,35,7,961
2019,2019-01-01,02340,023400,青森県,中津軽郡,1369,55,61,39,39,40,36,68,62,80,74,81,105,91,114,96,86,103,87,48,3,1,242,643,25,26,26,14,20,18,39,29,46,41,39,59,45,64,46,32,37,25,10,2,0,74,726,30,35,13,25,20,18,29,33,34,33,42,46,46,50,50,54,66,62,38,1,1,168
2019,2019-01-01,02343,023434,青森県,中津軽郡西目屋村,1369,55,61,39,39,40,36,68,62,80,74,81,105,91,114,96,86,103,87,48,3,1,242,643,25,26,26,14,20,18,39,29,46,41,39,59,45,64,46,32,37,25,10,2,0,74,726,30,35,13,25,20,18,29,33,34,33,42,46,46,50,50,54,66,62,38,1,1,168
2019,2019-01-01,02360,023604,青森県,南津軽郡,32623,1033,1130,1200,1311,1144,1226,1452,1706,1990,2054,2083,2300,2535,3018,2289,2105,1966,1349,591,128,13,4047,15208,498,587,620,639,596,654,717,889,1028,1011,1054,1132,1223,1447,1052,830,696,400,113,18,4,1231,17415,535,543,580,672,548,572,735,817,962,1043,1029,1168,1312,1571,1237,1275,1270,949,478,110,9,2816
2019,2019-01-01,02361,023612,青森県,南津軽郡藤崎町,15135,553,592,631,658,524,655,760,845,998,995,966,1038,1172,1256,959,864,794,569,245,53,8,1669,7091,284,299,332,320,263,335,368,434,504,487,489,500,571,625,428,347,281,172,40,9,3,505,8044,269,293,299,338,261,320,392,411,494,508,477,538,601,631,531,517,513,397,205,44,5,1164
2019,2019-01-01,02362,023621,青森県,南津軽郡大鰐町,9620,207,215,271,341,343,275,326,439,478,587,636,715,776,1019,790,771,696,462,220,49,4,1431,4408,90,116,140,159,169,150,174,234,253,287,327,358,356,486,375,292,237,149,50,6,0,442,5212,117,99,131,182,174,125,152,205,225,300,309,357,420,533,415,479,459,313,170,43,4,989
2019,2019-01-01,02367,023671,青森県,南津軽郡田舎館村,7868,273,323,298,312,277,296,366,422,514,472,481,547,587,743,540,470,476,318,126,26,1,947,3709,124,172,148,160,164,169,175,221,271,237,238,274,296,336,249,191,178,79,23,3,1,284,4159,149,151,150,152,113,127,191,201,243,235,243,273,291,407,291,279,298,239,103,23,0,663
2019,2019-01-01,02380,023809,青森県,北津軽郡,37793,1014,1190,1404,1580,1303,1177,1559,1793,2104,2320,2533,2617,3152,3509,2929,2549,2526,1624,712,172,26,5060,17663,509,619,730,760,683,631,775,922,1078,1188,1262,1258,1547,1672,1346,1058,913,519,170,22,1,1625,20130,505,571,674,820,620,546,784,871,1026,1132,1271,1359,1605,1837,1583,1491,1613,1105,542,150,25,3435
2019,2019-01-01,02381,023817,青森県,北津軽郡板柳町,13718,382,426,528,594,477,483,587,682,798,878,915,976,1100,1182,1043,918,847,575,256,67,4,1749,6326,199,222,278,270,226,256,286,355,397,451,438,464,534,554,467,378,316,169,58,8,0,551,7392,183,204,250,324,251,227,301,327,401,427,477,512,566,628,576,540,531,406,198,59,4,1198
2019,2019-01-01,02384,023841,青森県,北津軽郡鶴田町,12971,364,467,533,609,480,374,572,648,791,830,867,889,967,1159,950,815,831,511,241,60,13,1656,6113,183,237,276,299,264,194,292,318,402,423,444,442,475,564,417,338,296,177,63,8,1,545,6858,181,230,257,310,216,180,280,330,389,407,423,447,492,595,533,477,535,334,178,52,12,1111
2019,2019-01-01,02387,023876,青森県,北津軽郡中泊町,11104,268,297,343,377,346,320,400,463,515,612,751,752,1085,1168,936,816,848,538,215,45,9,1655,5224,127,160,176,191,193,181,197,249,279,314,380,352,538,554,462,342,301,173,49,6,0,529,5880,141,137,167,186,153,139,203,214,236,298,371,400,547,614,474,474,547,365,166,39,9,1126
2019,2019-01-01,02400,024007,青森県,上北郡,97328,3246,3695,4028,4551,3715,3674,4559,5411,6137,6485,6050,6383,7558,8829,6757,5587,5050,3465,1646,446,56,10663,47522,1595,1884,1994,2361,2057,2055,2406,2888,3250,3413,3109,3248,3748,4437,3270,2367,1890,1098,391,57,4,3440,49806,1651,1811,2034,2190,1658,1619,2153,2523,2887,3072,2941,3135,3810,4392,3487,3220,3160,2367,1255,389,52,7223
2019,2019-01-01,02401,024015,青森県,上北郡野辺地町,13220,326,435,497,519,440,425,550,731,782,832,768,973,1110,1300,1069,879,734,516,246,79,9,1584,6226,146,221,234,268,224,238,292,389,406,451,393,480,523,621,490,373,254,151,61,11,0,477,6994,180,214,263,251,216,187,258,342,376,381,375,493,587,679,579,506,480,365,185,68,9,1107
2019,2019-01-01,02402,024023,青森県,上北郡七戸町,15772,391,502,582,649,578,449,571,753,927,942,938,1018,1311,1604,1284,1072,989,729,380,90,13,2201,7544,192,251,304,335,295,241,298,409,502,476,483,530,654,805,620,456,381,215,82,13,2,693,8228,199,251,278,314,283,208,273,344,425,466,455,488,657,799,664,616,608,514,298,77,11,1508
2019,2019-01-01,02405,024058,青森県,上北郡六戸町,10948,454,492,464,492,339,357,563,662,723,720,643,671,814,1009,707,616,564,399,203,47,9,1222,5327,213,254,219,269,180,188,277,355,351,390,309,350,426,514,344,275,217,140,48,8,0,413,5621,241,238,245,223,159,169,286,307,372,330,334,321,388,495,363,341,347,259,155,39,9,809
2019,2019-01-01,02406,024066,青森県,上北郡横浜町,4511,104,129,151,240,153,178,196,212,257,272,278,278,350,417,362,331,297,190,87,27,2,603,2269,56,74,72,129,95,123,123,114,157,139,155,147,166,213,186,127,114,55,21,3,0,193,2242,48,55,79,111,58,55,73,98,100,133,123,131,184,204,176,204,183,135,66,24,2,410
2019,2019-01-01,02408,024082,青森県,上北郡東北町,17603,563,612,694,795,603,595,788,880,984,1122,1021,1249,1416,1641,1305,1085,1069,747,309,113,12,2250,8534,291,309,336,400,347,324,418,480,550,592,527,629,701,829,636,456,379,244,74,11,1,709,9069,272,303,358,395,256,271,370,400,434,530,494,620,715,812,669,629,690,503,235,102,11,1541
2019,2019-01-01,02411,024112,青森県,上北郡六ヶ所村,10282,367,391,424,488,596,663,604,611,726,702,626,628,750,793,545,446,433,315,152,19,3,922,5499,163,208,210,243,402,441,365,351,408,397,368,329,415,409,277,186,170,116,39,2,0,327,4783,204,183,214,245,194,222,239,260,318,305,258,299,335,384,268,260,263,199,113,17,3,595
2019,2019-01-01,02412,024121,青森県,上北郡おいらせ町,24992,1041,1134,1216,1368,1006,1007,1287,1562,1738,1895,1776,1566,1807,2065,1485,1158,964,569,269,71,8,1881,12123,534,567,619,717,514,500,633,790,876,968,874,783,863,1046,717,494,375,177,66,9,1,628,12869,507,567,597,651,492,507,654,772,862,927,902,783,944,1019,768,664,589,392,203,62,7,1253
2019,2019-01-01,02420,024201,青森県,下北郡,15781,411,526,619,658,554,576,679,783,918,987,936,1106,1392,1580,1044,968,986,678,311,62,7,2044,8077,220,260,326,341,333,355,368,420,530,557,512,642,728,837,505,416,389,234,89,15,0,727,7704,191,266,293,317,221,221,311,363,388,430,424,464,664,743,539,552,597,444,222,47,7,1317
2019,2019-01-01,02423,024236,青森県,下北郡大間町,5352,148,201,234,243,215,214,254,277,348,356,335,367,444,534,346,270,283,183,75,24,1,566,2756,83,103,128,133,137,131,137,146,196,192,180,207,239,270,157,114,111,62,27,3,0,203,2596,65,98,106,110,78,83,117,131,152,164,155,160,205,264,189,156,172,121,48,21,1,363
2019,2019-01-01,02424,024244,青森県,下北郡東通村,6474,200,243,256,248,227,263,308,354,368,395,363,455,591,589,380,365,415,303,133,14,4,869,3360,107,118,142,127,131,165,173,190,221,221,213,268,299,321,198,151,169,104,38,4,0,315,3114,93,125,114,121,96,98,135,164,147,174,150,187,292,268,182,214,246,199,95,10,4,554
2019,2019-01-01,02425,024252,青森県,下北郡風間浦村,1917,34,44,58,74,50,53,59,74,98,120,116,137,177,196,174,166,141,93,43,10,0,287,938,17,18,24,36,31,32,25,45,60,65,62,78,82,98,85,71,60,31,14,4,0,109,979,17,26,34,38,19,21,34,29,38,55,54,59,95,98,89,95,81,62,29,6,0,178
2019,2019-01-01,02426,024261,青森県,下北郡佐井村,2038,29,38,71,93,62,46,58,78,104,116,122,147,180,261,144,167,147,99,60,14,2,322,1023,13,21,32,45,34,27,33,39,53,79,57,89,108,148,65,80,49,37,10,4,0,100,1015,16,17,39,48,28,19,25,39,51,37,65,58,72,113,79,87,98,62,50,10,2,222
2019,2019-01-01,02440,024406,青森県,三戸郡,67061,1669,2031,2402,2881,2448,2186,2678,3005,3569,4191,4368,5101,5705,6521,5132,4317,4117,2917,1439,333,51,8857,32566,827,1012,1270,1452,1335,1129,1420,1652,1918,2211,2198,2647,2915,3231,2571,1827,1575,946,369,54,7,2951,34495,842,1019,1132,1429,1113,1057,1258,1353,1651,1980,2170,2454,2790,3290,2561,2490,2542,1971,1070,279,44,5906
2019,2019-01-01,02441,024414,青森県,三戸郡三戸町,10048,218,313,369,386,330,297,379,435,543,612,634,722,811,994,819,750,677,482,216,55,6,1436,4823,99,148,204,202,202,141,200,241,298,308,332,376,416,474,402,307,260,147,55,10,1,473,5225,119,165,165,184,128,156,179,194,245,304,302,346,395,520,417,443,417,335,161,45,5,963
2019,2019-01-01,02442,024422,青森県,三戸郡五戸町,17249,416,536,587,672,564,578,712,790,947,1045,1034,1344,1482,1682,1375,1124,1073,799,385,88,16,2361,8328,213,258,323,332,292,300,384,408,512,581,529,686,748,819,700,478,404,251,97,10,3,765,8921,203,278,264,340,272,278,328,382,435,464,505,658,734,863,675,646,669,548,288,78,13,1596
2019,2019-01-01,02443,024431,青森県,三戸郡田子町,5527,118,146,184,227,174,168,199,230,282,329,331,397,487,550,430,389,461,251,135,35,4,886,2685,58,84,91,115,88,92,115,124,166,171,162,213,234,282,201,158,181,104,40,6,0,331,2842,60,62,93,112,86,76,84,106,116,158,169,184,253,268,229,231,280,147,95,29,4,555
2019,2019-01-01,02445,024457,青森県,三戸郡南部町,18207,467,534,657,817,685,589,699,820,931,1158,1228,1370,1490,1713,1416,1160,1072,854,430,100,17,2473,8674,231,261,334,408,364,307,341,475,480,594,605,717,745,833,685,509,394,264,104,20,3,785,9533,236,273,323,409,321,282,358,345,451,564,623,653,745,880,731,651,678,590,326,80,14,1688
2019,2019-01-01,02446,024465,青森県,三戸郡階上町,13544,403,433,530,685,627,492,606,626,762,928,1027,1076,1224,1307,884,697,626,383,182,41,5,1237,6830,204,223,284,344,353,262,328,344,405,489,504,557,653,681,471,290,249,131,52,6,0,438,6714,199,210,246,341,274,230,278,282,357,439,523,519,571,626,413,407,377,252,130,35,5,799
2019,2019-01-01,02450,024503,青森県,三戸郡新郷村,2486,47,69,75,94,68,62,83,104,104,119,114,192,211,275,208,197,208,148,91,14,3,464,1226,22,38,34,51,36,27,52,60,57,68,66,98,119,142,112,85,87,49,21,2,0,159,1260,25,31,41,43,32,35,31,44,47,51,48,94,92,133,96,112,121,99,70,12,3,305
2019,2019-01-01,03000,030007,岩手県,,1243012,41644,47943,52280,57241,49696,49871,59100,69142,80914,81886,77749,82805,90360,104107,83023,73717,65949,46739,22283,5751,812,141534,598729,21237,24530,26814,29424,25825,25723,30441,35501,41716,42295,39152,41736,45191,51087,39126,31254,25423,15536,5705,924,89,47677,644283,20407,23413,25466,27817,23871,24148,28659,33641,39198,39591,38597,41069,45169,53020,43897,42463,40526,31203,16578,4827,723,93857
2019,2019-01-01,03201,032018,岩手県,盛岡市,288667,11064,12245,12787,13685,13559,14104,15888,18128,21090,21503,18927,19102,18984,20821,17436,14426,11826,8229,3784,951,128,24918,136384,5581,6185,6480,7029,6759,6987,7791,8852,10432,10627,9250,9230,9149,9633,7962,6055,4534,2719,984,136,9,8382,152283,5483,6060,6307,6656,6800,7117,8097,9276,10658,10876,9677,9872,9835,11188,9474,8371,7292,5510,2800,815,119,16536
2019,2019-01-01,03202,032026,岩手県,宮古市,52763,1669,1786,2028,2266,1929,1872,2259,2564,3069,3325,3308,3506,3895,4689,4080,3811,3233,2124,1042,271,37,6707,25377,846,918,1035,1212,1030,1005,1147,1333,1585,1743,1712,1809,1940,2290,1890,1607,1265,694,271,40,5,2275,27386,823,868,993,1054,899,867,1112,1231,1484,1582,1596,1697,1955,2399,2190,2204,1968,1430,771,231,32,4432
2019,2019-01-01,03203,032034,岩手県,大船渡市,36227,1123,1191,1323,1540,1299,1354,1421,1714,2093,2365,2361,2513,2562,3270,2645,2683,2262,1522,753,202,31,4770,17433,587,623,678,793,704,737,770,906,1052,1241,1158,1282,1302,1579,1245,1112,919,515,193,32,5,1664,18794,536,568,645,747,595,617,651,808,1041,1124,1203,1231,1260,1691,1400,1571,1343,1007,560,170,26,3106
2019,2019-01-01,03205,032051,岩手県,花巻市,95639,3132,3569,4119,4512,3746,3667,4370,5314,6219,6174,5963,6122,6686,7834,6791,6101,5221,3754,1811,476,58,11320,45565,1587,1823,2146,2320,1905,1903,2270,2722,3199,3158,2991,3073,3297,3827,3059,2595,1971,1195,442,75,7,3690,50074,1545,1746,1973,2192,1841,1764,2100,2592,3020,3016,2972,3049,3389,4007,3732,3506,3250,2559,1369,401,51,7630
2019,2019-01-01,03206,032069,岩手県,北上市,92110,3535,4075,4343,4632,3945,4177,5063,5886,7089,6841,5981,5577,5922,6849,5339,4544,3829,2762,1335,342,44,8312,45420,1810,2142,2203,2383,2073,2220,2594,3118,3782,3700,3133,2856,2974,3334,2423,1925,1443,917,324,60,6,2750,46690,1725,1933,2140,2249,1872,1957,2469,2768,3307,3141,2848,2721,2948,3515,2916,2619,2386,1845,1011,282,38,5562
2019,2019-01-01,03207,032077,岩手県,久慈市,34929,1137,1391,1535,1650,1324,1394,1573,1839,2075,2407,2263,2518,2682,2936,2303,1976,1867,1220,649,163,27,3926,16945,603,714,837,824,723,691,784,928,1070,1256,1136,1300,1357,1493,1115,836,718,373,160,26,1,1278,17984,534,677,698,826,601,703,789,911,1005,1151,1127,1218,1325,1443,1188,1140,1149,847,489,137,26,2648
2019,2019-01-01,03208,032085,岩手県,遠野市,27007,749,958,1040,1112,861,889,1139,1376,1439,1379,1536,1816,2207,2417,1919,1883,1972,1452,678,164,21,4287,13029,370,506,566,571,476,442,621,721,776,743,777,966,1127,1219,944,752,729,502,192,27,2,1452,13978,379,452,474,541,385,447,518,655,663,636,759,850,1080,1198,975,1131,1243,950,486,137,19,2835
2019,2019-01-01,03209,032093,岩手県,一関市,116659,3452,4230,4915,5234,4205,3931,5008,6068,7206,6847,6971,7973,9153,10669,7886,7188,6828,5407,2664,724,100,15723,56758,1829,2214,2512,2670,2210,2092,2647,3191,3781,3576,3563,4112,4667,5448,3882,3110,2634,1809,677,120,14,5254,59901,1623,2016,2403,2564,1995,1839,2361,2877,3425,3271,3408,3861,4486,5221,4004,4078,4194,3598,1987,604,86,10469
2019,2019-01-01,03210,032107,岩手県,陸前高田市,19050,487,569,674,851,645,633,732,799,1138,1164,1260,1268,1434,1758,1432,1443,1288,894,439,113,29,2763,9280,247,288,364,433,375,336,391,435,631,596,667,635,712,872,692,634,538,310,99,21,4,972,9770,240,281,310,418,270,297,341,364,507,568,593,633,722,886,740,809,750,584,340,92,25,1791
2019,2019-01-01,03211,032115,岩手県,釜石市,33590,981,1100,1179,1355,1217,1147,1359,1602,1881,2053,2165,2156,2381,3149,2486,2635,2276,1576,687,185,20,4744,16001,469,544,603,680,668,631,717,849,972,1094,1125,1120,1211,1522,1095,1101,888,511,173,27,1,1600,17589,512,556,576,675,549,516,642,753,909,959,1040,1036,1170,1627,1391,1534,1388,1065,514,158,19,3144
2019,2019-01-01,03213,032131,岩手県,二戸市,26898,781,945,1050,1158,913,934,1099,1362,1589,1736,1723,1805,2090,2475,1938,1705,1642,1191,601,140,21,3595,12795,405,482,534,589,453,468,594,706,790,895,887,940,1049,1205,903,730,606,397,139,23,0,1165,14103,376,463,516,569,460,466,505,656,799,841,836,865,1041,1270,1035,975,1036,794,462,117,21,2430
2019,2019-01-01,03214,032140,岩手県,八幡平市,25714,663,780,900,1026,866,835,1043,1289,1374,1464,1472,1794,2197,2669,1760,1751,1750,1338,569,147,27,3831,12436,331,392,469,565,430,418,560,680,723,790,744,910,1140,1379,879,743,676,442,136,27,2,1283,13278,332,388,431,461,436,417,483,609,651,674,728,884,1057,1290,881,1008,1074,896,433,120,25,2548
2019,2019-01-01,03215,032158,岩手県,奥州市,116803,3851,4559,4987,5354,4324,4556,5475,6499,7506,7127,6733,7564,8672,9901,7838,7044,6873,4900,2346,605,89,14813,56642,1998,2332,2558,2728,2277,2395,2936,3409,3956,3751,3378,3784,4430,4922,3708,2978,2701,1658,629,102,12,5102,60161,1853,2227,2429,2626,2047,2161,2539,3090,3550,3376,3355,3780,4242,4979,4130,4066,4172,3242,1717,503,77,9711
2019,2019-01-01,03216,032166,岩手県,滝沢市,55099,2327,2711,2755,2999,2707,2590,3169,3593,4109,3907,3394,3675,3840,4343,3317,2432,1598,1004,467,139,23,3231,27120,1180,1361,1391,1637,1453,1326,1605,1794,2090,1983,1689,1798,1886,2054,1604,1127,655,354,116,17,0,1142,27979,1147,1350,1364,1362,1254,1264,1564,1799,2019,1924,1705,1877,1954,2289,1713,1305,943,650,351,122,23,2089
2019,2019-01-01,03300,033006,岩手県,岩手郡,36135,954,1122,1295,1474,1246,1183,1488,1643,1980,2068,2179,2658,2998,3549,2684,2397,2459,1753,785,197,23,5217,17468,449,560,684,750,636,643,836,864,1045,1072,1113,1376,1526,1826,1327,972,939,592,219,35,4,1789,18667,505,562,611,724,610,540,652,779,935,996,1066,1282,1472,1723,1357,1425,1520,1161,566,162,19,3428
2019,2019-01-01,03301,033014,岩手県,岩手郡雫石町,16649,501,570,632,727,578,596,743,832,996,976,984,1215,1296,1580,1236,1043,1027,705,319,83,10,2144,7967,219,292,336,348,301,304,409,425,509,495,494,600,652,780,612,445,408,248,78,12,0,746,8682,282,278,296,379,277,292,334,407,487,481,490,615,644,800,624,598,619,457,241,71,10,1398
2019,2019-01-01,03302,033022,岩手県,岩手郡葛巻町,6183,122,163,166,204,172,142,212,227,288,311,357,441,590,667,561,478,504,395,145,36,2,1082,3024,64,90,79,107,89,84,126,124,171,180,184,238,298,364,278,188,182,128,41,9,0,360,3159,58,73,87,97,83,58,86,103,117,131,173,203,292,303,283,290,322,267,104,27,2,722
2019,2019-01-01,03303,033031,岩手県,岩手郡岩手町,13303,331,389,497,543,496,445,533,584,696,781,838,1002,1112,1302,887,876,928,653,321,78,11,1991,6477,166,178,269,295,246,255,301,315,365,397,435,538,576,682,437,339,349,216,100,14,4,683,6826,165,211,228,248,250,190,232,269,331,384,403,464,536,620,450,537,579,437,221,64,7,1308
2019,2019-01-01,03320,033201,岩手県,紫波郡,60294,2260,2566,2760,3123,2633,2556,3157,3609,4125,4280,3958,4129,4296,4751,3892,3003,2468,1729,768,205,26,5196,28866,1166,1308,1357,1585,1310,1276,1587,1827,2085,2176,1896,1982,2121,2300,1897,1289,921,572,169,38,4,1704,31428,1094,1258,1403,1538,1323,1280,1570,1782,2040,2104,2062,2147,2175,2451,1995,1714,1547,1157,599,167,22,3492
2019,2019-01-01,03321,033219,岩手県,紫波郡紫波町,33055,1122,1385,1489,1695,1277,1353,1583,1878,2192,2247,2210,2274,2389,2705,2233,1819,1548,1060,468,113,15,3204,15823,580,716,747,865,643,685,804,950,1104,1156,1076,1116,1185,1288,1078,758,578,363,106,23,2,1072,17232,542,669,742,830,634,668,779,928,1088,1091,1134,1158,1204,1417,1155,1061,970,697,362,90,13,2132
2019,2019-01-01,03322,033227,岩手県,紫波郡矢巾町,27239,1138,1181,1271,1428,1356,1203,1574,1731,1933,2033,1748,1855,1907,2046,1659,1184,920,669,300,92,11,1992,13043,586,592,610,720,667,591,783,877,981,1020,820,866,936,1012,819,531,343,209,63,15,2,632,14196,552,589,661,708,689,612,791,854,952,1013,928,989,971,1034,840,653,577,460,237,77,9,1360
2019,2019-01-01,03360,033600,岩手県,和賀郡,5664,113,137,161,179,153,155,183,215,223,224,260,417,521,571,416,476,531,445,216,59,9,1260,2644,59,80,72,94,77,89,106,116,118,120,123,228,274,299,187,199,193,149,49,11,1,403,3020,54,57,89,85,76,66,77,99,105,104,137,189,247,272,229,277,338,296,167,48,8,857
2019,2019-01-01,03366,033669,岩手県,和賀郡西和賀町,5664,113,137,161,179,153,155,183,215,223,224,260,417,521,571,416,476,531,445,216,59,9,1260,2644,59,80,72,94,77,89,106,116,118,120,123,228,274,299,187,199,193,149,49,11,1,403,3020,54,57,89,85,76,66,77,99,105,104,137,189,247,272,229,277,338,296,167,48,8,857
2019,2019-01-01,03380,033804,岩手県,胆沢郡,15496,581,653,708,816,680,615,797,937,1052,978,946,970,1094,1211,889,850,800,568,277,65,9,1719,7859,300,348,380,445,412,340,431,499,576,510,521,518,534,617,441,374,336,198,67,12,0,613,7637,281,305,328,371,268,275,366,438,476,468,425,452,560,594,448,476,464,370,210,53,9,1106
2019,2019-01-01,03381,033812,岩手県,胆沢郡金ケ崎町,15496,581,653,708,816,680,615,797,937,1052,978,946,970,1094,1211,889,850,800,568,277,65,9,1719,7859,300,348,380,445,412,340,431,499,576,510,521,518,534,617,441,374,336,198,67,12,0,613,7637,281,305,328,371,268,275,366,438,476,468,425,452,560,594,448,476,464,370,210,53,9,1106
2019,2019-01-01,03400,034002,岩手県,西磐井郡,7603,247,294,329,317,217,253,316,421,462,387,409,513,608,755,567,470,461,351,173,45,8,1038,3669,123,157,169,152,126,128,159,239,259,204,189,259,296,383,278,216,177,104,44,7,0,332,3934,124,137,160,165,91,125,157,182,203,183,220,254,312,372,289,254,284,247,129,38,8,706
2019,2019-01-01,03402,034029,岩手県,西磐井郡平泉町,7603,247,294,329,317,217,253,316,421,462,387,409,513,608,755,567,470,461,351,173,45,8,1038,3669,123,157,169,152,126,128,159,239,259,204,189,259,296,383,278,216,177,104,44,7,0,332,3934,124,137,160,165,91,125,157,182,203,183,220,254,312,372,289,254,284,247,129,38,8,706
2019,2019-01-01,03440,034401,岩手県,気仙郡,5422,115,136,175,188,155,127,218,218,272,256,294,409,462,535,413,388,430,355,218,49,9,1061,2639,55,60,92,86,91,72,119,120,146,135,164,226,250,288,200,166,167,127,71,4,0,369,2783,60,76,83,102,64,55,99,98,126,121,130,183,212,247,213,222,263,228,147,45,9,692
2019,2019-01-01,03441,034410,岩手県,気仙郡住田町,5422,115,136,175,188,155,127,218,218,272,256,294,409,462,535,413,388,430,355,218,49,9,1061,2639,55,60,92,86,91,72,119,120,146,135,164,226,250,288,200,166,167,127,71,4,0,369,2783,60,76,83,102,64,55,99,98,126,121,130,183,212,247,213,222,263,228,147,45,9,692
2019,2019-01-01,03460,034606,岩手県,上閉伊郡,11874,380,401,414,484,483,416,455,554,686,705,763,833,947,1122,916,865,734,433,235,44,4,1450,5718,202,198,216,245,252,207,226,297,362,385,374,427,485,578,433,365,260,141,59,6,0,466,6156,178,203,198,239,231,209,229,257,324,320,389,406,462,544,483,500,474,292,176,38,4,984
2019,2019-01-01,03461,034614,岩手県,上閉伊郡大槌町,11874,380,401,414,484,483,416,455,554,686,705,763,833,947,1122,916,865,734,433,235,44,4,1450,5718,202,198,216,245,252,207,226,297,362,385,374,427,485,578,433,365,260,141,59,6,0,466,6156,178,203,198,239,231,209,229,257,324,320,389,406,462,544,483,500,474,292,176,38,4,984
2019,2019-01-01,03480,034801,岩手県,下閉伊郡,31055,851,995,1061,1295,1031,1006,1123,1372,1645,1901,1892,2099,2455,3030,2453,2350,2191,1376,712,187,30,4496,15252,440,510,549,653,562,561,597,748,880,1060,995,1128,1250,1521,1195,1001,855,503,206,33,5,1602,15803,411,485,512,642,469,445,526,624,765,841,897,971,1205,1509,1258,1349,1336,873,506,154,25,2894
2019,2019-01-01,03482,034827,岩手県,下閉伊郡山田町,15601,438,499,539,703,576,544,572,724,891,1042,1036,976,1138,1473,1263,1190,1001,595,301,87,13,1997,7632,228,248,292,344,317,308,295,383,473,572,541,523,578,716,599,507,397,210,84,15,2,708,7969,210,251,247,359,259,236,277,341,418,470,495,453,560,757,664,683,604,385,217,72,11,1289
2019,2019-01-01,03483,034835,岩手県,下閉伊郡岩泉町,9350,244,284,292,355,247,272,341,387,430,503,536,693,767,925,731,759,779,496,241,61,7,1584,4581,127,145,147,191,128,142,188,227,227,293,276,371,398,482,360,322,292,181,70,13,1,557,4769,117,139,145,164,119,130,153,160,203,210,260,322,369,443,371,437,487,315,171,48,6,1027
2019,2019-01-01,03484,034843,岩手県,下閉伊郡田野畑村,3402,95,117,143,131,126,109,113,143,187,203,159,238,304,364,274,214,209,157,90,23,3,482,1696,48,63,66,65,70,64,67,76,101,107,85,131,146,200,138,97,81,60,28,3,0,172,1706,47,54,77,66,56,45,46,67,86,96,74,107,158,164,136,117,128,97,62,20,3,310
2019,2019-01-01,03485,034851,岩手県,下閉伊郡普代村,2702,74,95,87,106,82,81,97,118,137,153,161,192,246,268,185,187,202,128,80,16,7,433,1343,37,54,44,53,47,47,47,62,79,88,93,103,128,123,98,75,85,52,24,2,2,165,1359,37,41,43,53,35,34,50,56,58,65,68,89,118,145,87,112,117,76,56,14,5,268
2019,2019-01-01,03500,035009,岩手県,九戸郡,35899,913,1136,1322,1519,1217,1113,1341,1557,1964,2067,2259,2520,3151,3510,2700,2468,2501,1672,748,194,27,5142,17448,461,575,690,746,648,571,728,834,1054,1102,1180,1328,1615,1820,1320,1039,953,539,209,30,6,1737,18451,452,561,632,773,569,542,613,723,910,965,1079,1192,1536,1690,1380,1429,1548,1133,539,164,21,3405
2019,2019-01-01,03501,035017,岩手県,九戸郡軽米町,9110,218,284,326,338,305,293,346,399,441,480,630,665,828,916,657,648,643,455,190,45,3,1336,4495,120,138,176,160,155,160,189,231,250,253,337,356,429,495,323,276,234,157,46,10,0,447,4615,98,146,150,178,150,133,157,168,191,227,293,309,399,421,334,372,409,298,144,35,3,889
2019,2019-01-01,03503,035033,岩手県,九戸郡野田村,4240,152,143,156,167,131,150,190,172,249,264,278,308,336,393,292,271,272,199,84,27,6,588,2040,70,79,85,80,78,71,98,87,125,145,141,153,179,211,126,110,112,54,29,5,2,202,2200,82,64,71,87,53,79,92,85,124,119,137,155,157,182,166,161,160,145,55,22,4,386
2019,2019-01-01,03506,035068,岩手県,九戸郡九戸村,5786,146,189,233,236,163,179,185,226,327,314,334,368,502,607,436,428,457,275,138,38,5,913,2782,83,99,116,122,82,95,96,114,181,169,171,200,262,314,204,172,176,84,41,0,1,302,3004,63,90,117,114,81,84,89,112,146,145,163,168,240,293,232,256,281,191,97,38,4,611
2019,2019-01-01,03507,035076,岩手県,九戸郡洋野町,16763,397,520,607,778,618,491,620,760,947,1009,1017,1179,1485,1594,1315,1121,1129,743,336,84,13,2305,8131,188,259,313,384,333,245,345,402,498,535,531,619,745,800,667,481,431,244,93,15,3,786,8632,209,261,294,394,285,246,275,358,449,474,486,560,740,794,648,640,698,499,243,69,10,1519
2019,2019-01-01,03520,035203,岩手県,二戸郡,12415,279,394,420,472,341,364,424,583,628,728,732,868,1123,1293,923,828,909,684,326,84,12,2015,5981,139,210,229,234,175,185,225,313,352,378,387,449,599,678,447,328,345,215,77,15,1,653,6434,140,184,191,238,166,179,199,270,276,350,345,419,524,615,476,500,564,469,249,69,11,1362
2019,2019-01-01,03524,035246,岩手県,二戸郡一戸町,12415,279,394,420,472,341,364,424,583,628,728,732,868,1123,1293,923,828,909,684,326,84,12,2015,5981,139,210,229,234,175,185,225,313,352,378,387,449,599,678,447,328,345,215,77,15,1,653,6434,140,184,191,238,166,179,199,270,276,350,345,419,524,615,476,500,564,469,249,69,11,1362
2019,2019-01-01,04000,040002,宮城県,,2281915,86158,95360,99528,107841,110445,111092,130864,147816,165197,165245,143383,142156,151226,175369,137153,114312,93464,65120,31033,8115,1038,198770,1113401,44424,48776,51058,55361,56812,56289,66572,74864,84203,84482,72374,71040,74881,85547,65663,51330,37346,22280,8447,1512,140,69725,1168514,41734,46584,48470,52480,53633,54803,64292,72952,80994,80763,71009,71116,76345,89822,71490,62982,56118,42840,22586,6603,898,129045
2019,2019-01-01,04100,041009,宮城県,仙台市,1049702,43037,45074,44795,48722,57478,59403,67834,73157,82633,84576,70382,62747,60909,69944,58461,47399,35448,23563,10802,2946,392,73151,508138,22257,22974,22989,24929,28970,29170,33466,36131,41297,42706,35255,31053,29508,32988,27284,21061,14277,8217,3002,554,50,26100,541564,20780,22100,21806,23793,28508,30233,34368,37026,41336,41870,35127,31694,31401,36956,31177,26338,21171,15346,7800,2392,342,47051
2019,2019-01-01,04101,041017,宮城県,仙台市青葉区,286617,10882,11757,11596,12957,17954,16882,18376,19621,22113,22802,19368,17502,16643,18727,15522,12765,9752,7044,3270,954,130,21150,137070,5659,6082,5950,6631,9179,8104,9007,9595,10828,11347,9544,8536,7960,8767,7104,5496,3822,2362,916,171,10,7281,149547,5223,5675,5646,6326,8775,8778,9369,10026,11285,11455,9824,8966,8683,9960,8418,7269,5930,4682,2354,783,120,13869
2019,2019-01-01,04102,041025,宮城県,仙台市宮城野区,188163,8584,8390,8011,8458,10231,12175,14028,14285,15519,15448,12580,11024,10018,11128,9238,7422,5813,3692,1649,413,57,11624,92086,4445,4236,4110,4360,5072,6083,7000,7150,7935,7882,6465,5618,4909,5294,4290,3165,2246,1295,453,68,10,4072,96077,4139,4154,3901,4098,5159,6092,7028,7135,7584,7566,6115,5406,5109,5834,4948,4257,3567,2397,1196,345,47,7552
2019,2019-01-01,04103,041033,宮城県,仙台市若林区,134571,6017,5741,5436,5723,7204,8419,9517,9916,11058,10973,8926,7927,7538,8525,6969,5578,4470,2939,1311,334,50,9104,65817,3132,2882,2746,2816,3619,4189,4673,4992,5699,5662,4560,4039,3749,4123,3299,2467,1712,1021,365,69,3,3170,68754,2885,2859,2690,2907,3585,4230,4844,4924,5359,5311,4366,3888,3789,4402,3670,3111,2758,1918,946,265,47,5934
2019,2019-01-01,04104,041041,宮城県,仙台市太白区,227907,9801,10055,9991,10795,11535,11814,14204,15692,17849,18305,15325,13162,13077,15322,13117,10859,8290,5341,2580,709,84,17004,110238,5093,5077,5205,5570,5812,5722,6971,7671,8912,9255,7715,6551,6397,7212,6080,4877,3404,1844,713,139,18,6118,117669,4708,4978,4786,5225,5723,6092,7233,8021,8937,9050,7610,6611,6680,8110,7037,5982,4886,3497,1867,570,66,10886
2019,2019-01-01,04105,041050,宮城県,仙台市泉区,212444,7753,9131,9761,10789,10554,10113,11709,13643,16094,17048,14183,13132,13633,16242,13615,10775,7123,4547,1992,536,71,14269,102927,3928,4697,4978,5552,5288,5072,5815,6723,7923,8560,6971,6309,6493,7592,6511,5056,3093,1695,555,107,9,5459,109517,3825,4434,4783,5237,5266,5041,5894,6920,8171,8488,7212,6823,7140,8650,7104,5719,4030,2852,1437,429,62,8810
2019,2019-01-01,04202,042021,宮城県,石巻市,143342,4618,5300,5808,6678,6424,6106,6976,7981,9212,9365,8929,9344,10079,12207,9808,8958,7383,4960,2481,648,77,15549,69853,2361,2750,2957,3431,3351,3269,3676,4194,4775,4808,4502,4735,5058,6036,4630,3986,2920,1617,664,121,12,5334,73489,2257,2550,2851,3247,3073,2837,3300,3787,4437,4557,4427,4609,5021,6171,5178,4972,4463,3343,1817,527,65,10215
2019,2019-01-01,04203,042030,宮城県,塩竈市,53877,1664,1884,2085,2420,2269,2270,2558,2884,3352,3718,3398,3556,3923,4605,4039,3471,2815,1874,847,217,28,5781,25890,856,947,1076,1242,1156,1090,1354,1519,1695,1890,1720,1729,1947,2212,1855,1547,1081,690,235,47,2,2055,27987,808,937,1009,1178,1113,1180,1204,1365,1657,1828,1678,1827,1976,2393,2184,1924,1734,1184,612,170,26,3726
2019,2019-01-01,04205,042056,宮城県,気仙沼市,63311,1698,1939,2300,2819,2312,2147,2293,2861,3633,4171,4231,4506,4788,5797,5024,4735,3861,2637,1198,314,47,8057,30916,860,1012,1177,1473,1279,1182,1267,1487,1904,2206,2174,2278,2364,2872,2399,2122,1556,928,309,61,6,2860,32395,838,927,1123,1346,1033,965,1026,1374,1729,1965,2057,2228,2424,2925,2625,2613,2305,1709,889,253,41,5197
2019,2019-01-01,04206,042064,宮城県,白石市,34008,1012,1170,1394,1489,1358,1302,1578,1887,2072,2083,2036,2241,2755,3175,2378,2010,1771,1379,698,191,29,4068,16707,537,621,733,774,684,701,852,974,1071,1075,1036,1131,1410,1581,1188,934,688,476,196,39,6,1405,17301,475,549,661,715,674,601,726,913,1001,1008,1000,1110,1345,1594,1190,1076,1083,903,502,152,23,2663
2019,2019-01-01,04207,042072,宮城県,名取市,78154,3730,4253,4082,4068,3616,3747,4850,5802,6242,5868,4979,4847,4782,5059,3819,3281,2553,1634,735,189,18,5129,38467,1946,2126,2046,2074,1819,1880,2408,2909,3198,3000,2489,2387,2436,2486,1873,1498,1053,602,202,34,1,1892,39687,1784,2127,2036,1994,1797,1867,2442,2893,3044,2868,2490,2460,2346,2573,1946,1783,1500,1032,533,155,17,3237
2019,2019-01-01,04208,042081,宮城県,角田市,29037,791,1059,1315,1345,1125,1085,1393,1638,1844,1756,1551,1893,2292,2825,2069,1585,1482,1152,649,162,26,3471,14353,384,548,669,682,635,592,753,848,1010,884,830,957,1158,1403,1043,762,604,381,173,32,5,1195,14684,407,511,646,663,490,493,640,790,834,872,721,936,1134,1422,1026,823,878,771,476,130,21,2276
2019,2019-01-01,04209,042099,宮城県,多賀城市,62009,2802,2788,2837,3223,3382,3409,3768,4179,4642,4762,3990,3590,3735,4302,3577,2912,2143,1304,508,142,14,4111,30993,1461,1454,1466,1689,1890,1757,1937,2125,2405,2470,2045,1842,1872,2046,1689,1301,889,467,158,29,1,1544,31016,1341,1334,1371,1534,1492,1652,1831,2054,2237,2292,1945,1748,1863,2256,1888,1611,1254,837,350,113,13,2567
2019,2019-01-01,04211,042111,宮城県,岩沼市,44025,1805,2105,2208,2268,2019,2143,2700,2961,3433,3206,2517,2534,2846,3425,2577,1988,1570,1057,516,127,20,3290,21722,959,1109,1136,1166,1071,1046,1397,1497,1718,1706,1313,1263,1416,1645,1209,913,652,341,142,20,3,1158,22303,846,996,1072,1102,948,1097,1303,1464,1715,1500,1204,1271,1430,1780,1368,1075,918,716,374,107,17,2132
2019,2019-01-01,04212,042129,宮城県,登米市,79467,2534,3063,3349,3624,2921,2886,3923,4778,4919,4287,4313,5494,6666,7700,4644,4192,4495,3440,1779,418,42,10174,38905,1303,1535,1778,1877,1542,1533,2128,2551,2621,2258,2187,2757,3329,3986,2308,1873,1701,1102,473,58,5,3339,40562,1231,1528,1571,1747,1379,1353,1795,2227,2298,2029,2126,2737,3337,3714,2336,2319,2794,2338,1306,360,37,6835
2019,2019-01-01,04213,042137,宮城県,栗原市,67905,1792,2345,2609,2849,2279,2190,2861,3670,3822,3484,3362,4561,5915,6908,4689,4115,4452,3720,1797,432,53,10454,32916,929,1197,1366,1477,1206,1189,1556,1951,2030,1809,1725,2343,2952,3529,2393,1769,1651,1253,509,80,2,3495,34989,863,1148,1243,1372,1073,1001,1305,1719,1792,1675,1637,2218,2963,3379,2296,2346,2801,2467,1288,352,51,6959
2019,2019-01-01,04214,042145,宮城県,東松島市,40001,1586,1667,1852,2103,1869,1817,2219,2522,2749,2741,2347,2429,2698,3322,2556,2160,1657,1058,504,125,20,3364,19661,805,816,959,1112,987,987,1167,1309,1386,1395,1184,1218,1303,1657,1188,1034,680,332,121,19,2,1154,20340,781,851,893,991,882,830,1052,1213,1363,1346,1163,1211,1395,1665,1368,1126,977,726,383,106,18,2210
2019,2019-01-01,04215,042153,宮城県,大崎市,130112,4760,5414,5937,6116,5475,5827,7077,8526,8810,8431,7539,8550,9588,10949,7612,6239,6048,4518,2128,513,55,13262,63749,2415,2781,3005,3123,2848,3059,3738,4457,4571,4385,3862,4373,4847,5457,3715,2698,2308,1448,555,93,11,4415,66363,2345,2633,2932,2993,2627,2768,3339,4069,4239,4046,3677,4177,4741,5492,3897,3541,3740,3070,1573,420,44,8847
2019,2019-01-01,04216,042161,宮城県,富谷市,52374,2271,3166,3522,3459,2510,1918,2720,3724,4538,4643,3535,3000,3074,3462,2652,1968,1161,645,313,84,9,2212,25792,1158,1614,1764,1737,1241,948,1344,1838,2251,2341,1807,1490,1443,1699,1303,965,520,230,83,15,1,849,26582,1113,1552,1758,1722,1269,970,1376,1886,2287,2302,1728,1510,1631,1763,1349,1003,641,415,230,69,8,1363
2019,2019-01-01,04300,043001,宮城県,刈田郡,13389,382,456,537,591,515,481,629,661,695,701,759,918,1080,1386,925,810,783,652,319,101,8,1863,6591,204,229,270,283,277,264,336,364,358,337,379,504,574,717,465,381,313,236,83,16,1,649,6798,178,227,267,308,238,217,293,297,337,364,380,414,506,669,460,429,470,416,236,85,7,1214
2019,2019-01-01,04301,043010,宮城県,刈田郡蔵王町,12031,354,431,500,516,469,448,574,611,642,636,702,822,981,1257,841,724,657,537,243,79,7,1523,5921,187,217,256,240,251,242,306,329,328,304,353,447,516,649,421,343,271,189,57,14,1,532,6110,167,214,244,276,218,206,268,282,314,332,349,375,465,608,420,381,386,348,186,65,6,991
2019,2019-01-01,04302,043028,宮城県,刈田郡七ヶ宿町,1358,28,25,37,75,46,33,55,50,53,65,57,96,99,129,84,86,126,115,76,22,1,340,670,17,12,14,43,26,22,30,35,30,33,26,57,58,68,44,38,42,47,26,2,0,117,688,11,13,23,32,20,11,25,15,23,32,31,39,41,61,40,48,84,68,50,20,1,223
2019,2019-01-01,04320,043206,宮城県,柴田郡,81053,2831,3284,3553,3929,3973,3629,4396,5112,5487,5351,4525,4873,5972,6944,5468,4357,3439,2352,1229,305,44,7369,40180,1448,1675,1808,2057,2159,1906,2291,2652,2871,2789,2280,2397,2966,3405,2752,2040,1449,843,326,60,6,2684,40873,1383,1609,1745,1872,1814,1723,2105,2460,2616,2562,2245,2476,3006,3539,2716,2317,1990,1509,903,245,38,4685
2019,2019-01-01,04321,043214,宮城県,柴田郡大河原町,23522,952,1069,1116,1152,1101,1125,1410,1531,1700,1664,1351,1387,1611,1705,1424,1199,950,659,328,77,11,2025,11437,475,559,550,580,548,576,711,768,869,851,656,695,782,816,701,553,404,242,78,21,2,747,12085,477,510,566,572,553,549,699,763,831,813,695,692,829,889,723,646,546,417,250,56,9,1278
2019,2019-01-01,04322,043222,宮城県,柴田郡村田町,11036,308,410,449,504,425,429,545,636,666,687,595,701,980,1030,758,647,531,431,241,57,6,1266,5537,158,205,224,269,240,223,288,362,364,365,295,360,511,525,392,313,209,152,70,12,0,443,5499,150,205,225,235,185,206,257,274,302,322,300,341,469,505,366,334,322,279,171,45,6,823
2019,2019-01-01,04323,043231,宮城県,柴田郡柴田町,37768,1357,1535,1666,1913,2099,1784,2046,2448,2638,2495,2051,2196,2592,3240,2659,2009,1506,933,461,122,18,3040,18856,698,773,849,1030,1200,952,1095,1254,1376,1294,1051,1056,1263,1564,1309,950,659,333,127,20,3,1142,18912,659,762,817,883,899,832,951,1194,1262,1201,1000,1140,1329,1676,1350,1059,847,600,334,102,15,1898
2019,2019-01-01,04324,043249,宮城県,柴田郡川崎町,8727,214,270,322,360,348,291,395,497,483,505,528,589,789,969,627,502,452,329,199,49,9,1038,4350,117,138,185,178,171,155,197,268,262,279,278,286,410,500,350,224,177,116,51,7,1,352,4377,97,132,137,182,177,136,198,229,221,226,250,303,379,469,277,278,275,213,148,42,8,686
2019,2019-01-01,04340,043401,宮城県,伊具郡,13467,333,412,466,536,461,439,552,684,692,643,740,879,1161,1437,953,908,891,708,451,103,18,2171,6718,174,221,251,261,259,245,300,368,375,334,387,460,623,769,493,427,368,249,125,25,4,771,6749,159,191,215,275,202,194,252,316,317,309,353,419,538,668,460,481,523,459,326,78,14,1400
2019,2019-01-01,04341,043419,宮城県,伊具郡丸森町,13467,333,412,466,536,461,439,552,684,692,643,740,879,1161,1437,953,908,891,708,451,103,18,2171,6718,174,221,251,261,259,245,300,368,375,334,387,460,623,769,493,427,368,249,125,25,4,771,6749,159,191,215,275,202,194,252,316,317,309,353,419,538,668,460,481,523,459,326,78,14,1400
2019,2019-01-01,04360,043605,宮城県,亘理郡,45772,1459,1695,1919,2170,1929,1735,2257,2598,3086,2922,2592,2873,3531,4330,3406,2728,2076,1476,746,204,40,4542,22531,730,867,938,1128,949,897,1177,1356,1598,1503,1336,1448,1801,2143,1696,1293,880,514,232,40,5,1671,23241,729,828,981,1042,980,838,1080,1242,1488,1419,1256,1425,1730,2187,1710,1435,1196,962,514,164,35,2871
2019,2019-01-01,04361,043613,宮城県,亘理郡亘理町,33564,1141,1340,1486,1657,1482,1348,1747,1985,2388,2217,1955,2119,2532,3035,2337,1828,1381,953,477,128,28,2967,16474,568,673,719,864,719,698,909,1024,1230,1138,1002,1041,1302,1497,1153,867,561,334,150,20,5,1070,17090,573,667,767,793,763,650,838,961,1158,1079,953,1078,1230,1538,1184,961,820,619,327,108,23,1897
2019,2019-01-01,04362,043621,宮城県,亘理郡山元町,12208,318,355,433,513,447,387,510,613,698,705,637,754,999,1295,1069,900,695,523,269,76,12,1575,6057,162,194,219,264,230,199,268,332,368,365,334,407,499,646,543,426,319,180,82,20,0,601,6151,156,161,214,249,217,188,242,281,330,340,303,347,500,649,526,474,376,343,187,56,12,974
2019,2019-01-01,04400,044008,宮城県,宮城郡,68898,2440,2940,3385,3521,3143,2983,3461,4174,4756,4763,4546,4786,5143,5675,4221,3457,2682,1777,809,207,29,5504,33915,1274,1539,1770,1809,1574,1487,1802,2075,2423,2477,2244,2354,2621,2853,2041,1550,1142,621,222,33,4,2022,34983,1166,1401,1615,1712,1569,1496,1659,2099,2333,2286,2302,2432,2522,2822,2180,1907,1540,1156,587,174,25,3482
2019,2019-01-01,04401,044016,宮城県,宮城郡松島町,14123,389,445,491,579,541,486,567,747,802,871,893,936,1050,1335,1100,979,890,599,324,86,13,1912,6857,207,250,259,315,298,234,288,386,431,467,456,447,550,633,533,413,373,205,93,17,2,690,7266,182,195,232,264,243,252,279,361,371,404,437,489,500,702,567,566,517,394,231,69,11,1222
2019,2019-01-01,04404,044041,宮城県,宮城郡七ヶ浜町,18757,519,687,881,981,866,767,827,994,1229,1338,1318,1343,1471,1656,1278,1052,814,511,178,41,6,1550,9332,275,350,466,495,454,389,454,522,615,694,668,698,734,850,598,469,360,185,49,6,1,601,9425,244,337,415,486,412,378,373,472,614,644,650,645,737,806,680,583,454,326,129,35,5,949
2019,2019-01-01,04406,044067,宮城県,宮城郡利府町,36018,1532,1808,2013,1961,1736,1730,2067,2433,2725,2554,2335,2507,2622,2684,1843,1426,978,667,307,80,10,2042,17726,792,939,1045,999,822,864,1060,1167,1377,1316,1120,1209,1337,1370,910,668,409,231,80,10,1,731,18292,740,869,968,962,914,866,1007,1266,1348,1238,1215,1298,1285,1314,933,758,569,436,227,70,9,1311
2019,2019-01-01,04420,044202,宮城県,黒川郡,42108,1937,2168,1979,1905,1961,2213,2592,3100,3184,2648,2165,2557,2887,3190,2086,1712,1686,1294,626,194,24,3824,21395,995,1151,1040,1015,1083,1230,1364,1618,1730,1419,1122,1307,1480,1673,1042,813,668,429,170,40,6,1313,20713,942,1017,939,890,878,983,1228,1482,1454,1229,1043,1250,1407,1517,1044,899,1018,865,456,154,18,2511
2019,2019-01-01,04421,044211,宮城県,黒川郡大和町,28144,1393,1536,1364,1287,1434,1637,1853,2216,2244,1945,1545,1712,1753,1794,1246,1030,994,723,321,101,16,2155,14484,728,798,709,698,804,914,976,1166,1208,1042,820,899,914,948,618,467,409,256,83,22,5,775,13660,665,738,655,589,630,723,877,1050,1036,903,725,813,839,846,628,563,585,467,238,79,11,1380
2019,2019-01-01,04422,044229,宮城県,黒川郡大郷町,8063,260,324,330,317,265,286,412,495,517,363,370,497,715,897,520,441,451,359,179,60,5,1054,3952,124,183,186,158,126,154,213,249,312,190,186,231,353,465,260,215,176,106,50,14,1,347,4111,136,141,144,159,139,132,199,246,205,173,184,266,362,432,260,226,275,253,129,46,4,707
2019,2019-01-01,04424,044245,宮城県,黒川郡大衡村,5901,284,308,285,301,262,290,327,389,423,340,250,348,419,499,320,241,241,212,126,33,3,615,2959,143,170,145,159,153,162,175,203,210,187,116,177,213,260,164,131,83,67,37,4,0,191,2942,141,138,140,142,109,128,152,186,213,153,134,171,206,239,156,110,158,145,89,29,3,424
2019,2019-01-01,04440,044407,宮城県,加美郡,30058,896,1148,1285,1354,1085,1114,1444,1649,1711,1679,1600,2017,2515,2939,1979,1685,1727,1369,671,166,25,3958,14646,454,576,652,671,550,607,775,875,935,867,815,1019,1310,1505,967,749,663,432,180,41,3,1319,15412,442,572,633,683,535,507,669,774,776,812,785,998,1205,1434,1012,936,1064,937,491,125,22,2639
2019,2019-01-01,04444,044440,宮城県,加美郡色麻町,6852,247,278,329,316,255,249,361,429,368,383,353,453,581,645,448,311,364,294,152,32,4,846,3314,128,140,165,147,139,135,179,229,184,197,180,222,305,337,221,149,133,83,35,5,1,257,3538,119,138,164,169,116,114,182,200,184,186,173,231,276,308,227,162,231,211,117,27,3,589
2019,2019-01-01,04445,044458,宮城県,加美郡加美町,23206,649,870,956,1038,830,865,1083,1220,1343,1296,1247,1564,1934,2294,1531,1374,1363,1075,519,134,21,3112,11332,326,436,487,524,411,472,596,646,751,670,635,797,1005,1168,746,600,530,349,145,36,2,1062,11874,323,434,469,514,419,393,487,574,592,626,612,767,929,1126,785,774,833,726,374,98,19,2050
2019,2019-01-01,04500,045004,宮城県,遠田郡,40748,1250,1494,1626,1809,1527,1522,2017,2373,2658,2320,2105,2675,3354,4016,2807,2346,2187,1648,813,192,9,4849,19863,640,771,851,920,812,810,1063,1259,1426,1221,1036,1348,1692,1963,1395,1057,809,557,195,38,0,1599,20885,610,723,775,889,715,712,954,1114,1232,1099,1069,1327,1662,2053,1412,1289,1378,1091,618,154,9,3250
2019,2019-01-01,04501,045012,宮城県,遠田郡涌谷町,16232,455,545,632,720,589,599,830,949,1004,859,836,1133,1414,1636,1116,938,865,694,331,82,5,1977,7922,224,288,322,374,303,333,450,517,540,464,404,556,725,809,573,408,312,226,75,19,0,632,8310,231,257,310,346,286,266,380,432,464,395,432,577,689,827,543,530,553,468,256,63,5,1345
2019,2019-01-01,04505,045055,宮城県,遠田郡美里町,24516,795,949,994,1089,938,923,1187,1424,1654,1461,1269,1542,1940,2380,1691,1408,1322,954,482,110,4,2872,11941,416,483,529,546,509,477,613,742,886,757,632,792,967,1154,822,649,497,331,120,19,0,967,12575,379,466,465,543,429,446,574,682,768,704,637,750,973,1226,869,759,825,623,362,91,4,1905
2019,2019-01-01,04580,045802,宮城県,牡鹿郡,6291,181,160,192,286,267,306,260,315,331,337,369,343,438,555,557,530,405,291,127,35,6,864,3144,94,77,100,146,158,193,144,172,192,189,205,169,222,283,274,214,172,106,26,5,3,312,3147,87,83,92,140,109,113,116,143,139,148,164,174,216,272,283,316,233,185,101,30,3,552
2019,2019-01-01,04581,045811,宮城県,牡鹿郡女川町,6291,181,160,192,286,267,306,260,315,331,337,369,343,438,555,557,530,405,291,127,35,6,864,3144,94,77,100,146,158,193,144,172,192,189,205,169,222,283,274,214,172,106,26,5,3,312,3147,87,83,92,140,109,113,116,143,139,148,164,174,216,272,283,316,233,185,101,30,3,552
2019,2019-01-01,04600,046001,宮城県,本吉郡,12807,349,376,493,557,547,420,506,580,696,790,873,943,1095,1217,846,766,749,612,287,100,5,1753,6356,180,186,257,285,312,247,277,335,363,413,441,478,549,639,461,343,302,209,66,12,1,590,6451,169,190,236,272,235,173,229,245,333,377,432,465,546,578,385,423,447,403,221,88,4,1163
2019,2019-01-01,04606,046060,宮城県,本吉郡南三陸町,12807,349,376,493,557,547,420,506,580,696,790,873,943,1095,1217,846,766,749,612,287,100,5,1753,6356,180,186,257,285,312,247,277,335,363,413,441,478,549,639,461,343,302,209,66,12,1,590,6451,169,190,236,272,235,173,229,245,333,377,432,465,546,578,385,423,447,403,221,88,4,1163
2019,2019-01-01,05000,050008,秋田県,,996292,27982,33574,38139,41308,35489,34560,43618,52486,62277,62463,59819,68751,78224,92241,72665,62890,59788,43755,20643,4976,644,129806,470839,14366,17126,19537,21015,18639,18032,22479,27035,32206,31379,29549,33810,38191,44729,33743,26276,22695,13988,5147,819,78,42727,525453,13616,16448,18602,20293,16850,16528,21139,25451,30071,31084,30270,34941,40033,47512,38922,36614,37093,29767,15496,4157,566,87079
2019,2019-01-01,05201,052019,秋田県,秋田市,308313,10255,11695,12542,13591,13274,12859,15235,18078,21786,22178,19531,20966,22007,25779,20731,16965,14571,10233,4728,1157,152,30841,145317,5351,5899,6361,6848,6867,6395,7566,8916,11020,10941,9376,9962,10528,12193,9473,7252,5656,3236,1256,208,13,10369,162996,4904,5796,6181,6743,6407,6464,7669,9162,10766,11237,10155,11004,11479,13586,11258,9713,8915,6997,3472,949,139,20472
2019,2019-01-01,05202,052027,秋田県,能代市,53043,1247,1558,1938,2101,1619,1527,2116,2543,3249,3277,3273,3566,4111,5150,4282,3780,3595,2569,1224,272,46,7706,24607,658,781,1007,1088,868,781,1123,1321,1663,1671,1631,1733,1966,2475,1877,1473,1344,806,292,45,4,2491,28436,589,777,931,1013,751,746,993,1222,1586,1606,1642,1833,2145,2675,2405,2307,2251,1763,932,227,42,5215
2019,2019-01-01,05203,052035,秋田県,横手市,89917,2528,3086,3550,3708,2842,2746,3937,4904,5349,5230,5106,6209,7458,8516,6364,5656,5704,4324,2156,498,46,12728,42748,1260,1569,1872,1860,1469,1485,2061,2587,2785,2654,2523,3080,3662,4144,2975,2489,2197,1450,527,90,9,4273,47169,1268,1517,1678,1848,1373,1261,1876,2317,2564,2576,2583,3129,3796,4372,3389,3167,3507,2874,1629,408,37,8455
2019,2019-01-01,05204,052043,秋田県,大館市,72279,1946,2354,2790,2910,2268,2427,3033,3594,4417,4381,4261,4939,5418,6711,5559,4948,4857,3382,1619,412,53,10323,34060,1022,1226,1466,1469,1184,1324,1572,1895,2313,2225,2109,2432,2728,3207,2570,1954,1817,1090,397,52,8,3364,38219,924,1128,1324,1441,1084,1103,1461,1699,2104,2156,2152,2507,2690,3504,2989,2994,3040,2292,1222,360,45,6959
2019,2019-01-01,05206,052060,秋田県,男鹿市,27587,493,653,799,872,815,722,911,1241,1480,1436,1556,1904,2379,3126,2528,2116,2090,1506,735,189,36,4556,13071,253,325,419,441,443,373,450,643,826,745,801,935,1217,1566,1194,917,806,498,182,33,4,1523,14516,240,328,380,431,372,349,461,598,654,691,755,969,1162,1560,1334,1199,1284,1008,553,156,32,3033
2019,2019-01-01,05207,052078,秋田県,湯沢市,45218,1086,1326,1544,1863,1542,1388,1780,2112,2601,2723,2751,3445,3961,4248,3348,2966,2931,2236,1067,267,33,6534,21707,547,701,810,976,804,742,948,1152,1337,1377,1387,1782,1945,2107,1535,1285,1138,736,335,57,6,2272,23511,539,625,734,887,738,646,832,960,1264,1346,1364,1663,2016,2141,1813,1681,1793,1500,732,210,27,4262
2019,2019-01-01,05209,052094,秋田県,鹿角市,30937,807,1097,1199,1284,941,983,1199,1528,1847,1782,1718,2129,2491,2909,2353,2212,2129,1460,662,184,23,4458,14626,406,526,624,671,533,544,633,802,988,915,877,1076,1244,1459,1068,882,747,449,145,31,6,1378,16311,401,571,575,613,408,439,566,726,859,867,841,1053,1247,1450,1285,1330,1382,1011,517,153,17,3080
2019,2019-01-01,05210,052108,秋田県,由利本荘市,77033,2157,2749,3032,3214,2698,2712,3522,4161,4739,4565,4385,5174,6367,7363,5383,4764,4548,3434,1603,400,63,10048,36835,1097,1442,1506,1655,1454,1441,1850,2217,2498,2340,2167,2560,3147,3595,2627,1965,1717,1087,384,75,11,3274,40198,1060,1307,1526,1559,1244,1271,1672,1944,2241,2225,2218,2614,3220,3768,2756,2799,2831,2347,1219,325,52,6774
2019,2019-01-01,05211,052116,秋田県,潟上市,32890,1000,1128,1355,1507,1266,1206,1486,1798,2196,2237,2201,2141,2480,3047,2434,1985,1642,1092,547,126,16,3423,15627,502,594,723,773,646,615,736,934,1126,1074,1072,1109,1199,1440,1137,820,655,345,110,16,1,1127,17263,498,534,632,734,620,591,750,864,1070,1163,1129,1032,1281,1607,1297,1165,987,747,437,110,15,2296
2019,2019-01-01,05212,052124,秋田県,大仙市,81493,2373,2723,3144,3200,2782,2784,3683,4372,4920,4716,4686,5701,6637,7604,5667,5010,5244,3996,1792,419,40,11491,38294,1219,1401,1592,1669,1425,1460,1882,2269,2554,2339,2329,2865,3142,3774,2662,1996,1984,1240,426,62,4,3716,43199,1154,1322,1552,1531,1357,1324,1801,2103,2366,2377,2357,2836,3495,3830,3005,3014,3260,2756,1366,357,36,7775
2019,2019-01-01,05213,052132,秋田県,北秋田市,32054,704,916,1067,1161,921,900,1112,1277,1742,1746,1855,2339,2556,3254,2672,2427,2451,1870,869,194,21,5405,15078,354,493,524,567,498,500,609,702,919,923,972,1172,1264,1589,1236,1019,895,606,209,25,2,1737,16976,350,423,543,594,423,400,503,575,823,823,883,1167,1292,1665,1436,1408,1556,1264,660,169,19,3668
2019,2019-01-01,05214,052141,秋田県,にかほ市,24615,649,804,1002,1132,796,793,988,1286,1456,1506,1592,1657,1904,2368,1889,1615,1499,1086,457,124,12,3178,11763,302,409,517,572,436,471,542,668,760,772,802,847,911,1120,903,698,555,350,108,18,2,1033,12852,347,395,485,560,360,322,446,618,696,734,790,810,993,1248,986,917,944,736,349,106,10,2145
2019,2019-01-01,05215,052159,秋田県,仙北市,26317,622,803,976,1005,749,751,1020,1328,1441,1551,1345,1806,2146,2700,2148,1813,1845,1422,659,162,25,4113,12267,299,384,475,532,381,401,535,679,747,817,668,889,1070,1286,1021,755,696,451,152,26,3,1328,14050,323,419,501,473,368,350,485,649,694,734,677,917,1076,1414,1127,1058,1149,971,507,136,22,2785
2019,2019-01-01,05300,053007,秋田県,鹿角郡,5096,104,135,162,224,134,130,162,207,233,304,356,339,392,476,446,413,422,289,125,39,4,879,2370,55,62,82,121,69,71,91,105,120,158,181,181,185,247,211,165,137,95,30,4,0,266,2726,49,73,80,103,65,59,71,102,113,146,175,158,207,229,235,248,285,194,95,35,4,613
2019,2019-01-01,05303,053031,秋田県,鹿角郡小坂町,5096,104,135,162,224,134,130,162,207,233,304,356,339,392,476,446,413,422,289,125,39,4,879,2370,55,62,82,121,69,71,91,105,120,158,181,181,185,247,211,165,137,95,30,4,0,266,2726,49,73,80,103,65,59,71,102,113,146,175,158,207,229,235,248,285,194,95,35,4,613
2019,2019-01-01,05320,053201,秋田県,北秋田郡,2288,32,42,57,54,72,52,63,76,88,108,132,144,188,250,185,213,211,190,107,22,2,532,1080,17,22,27,29,35,31,39,44,42,68,75,74,104,129,86,87,86,60,23,2,0,171,1208,15,20,30,25,37,21,24,32,46,40,57,70,84,121,99,126,125,130,84,20,2,361
2019,2019-01-01,05327,053279,秋田県,北秋田郡上小阿仁村,2288,32,42,57,54,72,52,63,76,88,108,132,144,188,250,185,213,211,190,107,22,2,532,1080,17,22,27,29,35,31,39,44,42,68,75,74,104,129,86,87,86,60,23,2,0,171,1208,15,20,30,25,37,21,24,32,46,40,57,70,84,121,99,126,125,130,84,20,2,361
2019,2019-01-01,05340,053406,秋田県,山本郡,27054,516,669,838,974,757,721,939,1092,1359,1481,1545,1988,2426,2907,2207,2080,2005,1592,758,173,27,4555,12717,246,337,417,468,426,389,512,611,722,747,800,1000,1240,1490,1029,860,748,478,178,18,1,1423,14337,270,332,421,506,331,332,427,481,637,734,745,988,1186,1417,1178,1220,1257,1114,580,155,26,3132
2019,2019-01-01,05346,053465,秋田県,山本郡藤里町,3259,65,81,93,101,86,72,112,128,153,190,164,218,281,373,273,282,260,192,107,25,3,587,1569,34,45,37,53,56,41,62,77,92,95,84,123,136,198,121,120,104,55,32,4,0,195,1690,31,36,56,48,30,31,50,51,61,95,80,95,145,175,152,162,156,137,75,21,3,392
2019,2019-01-01,05348,053481,秋田県,山本郡三種町,16646,338,430,524,611,486,473,599,704,851,900,935,1228,1527,1749,1314,1243,1195,969,453,97,20,2734,7760,160,208,267,300,257,255,316,391,429,467,475,597,787,884,613,506,445,291,104,7,1,848,8886,178,222,257,311,229,218,283,313,422,433,460,631,740,865,701,737,750,678,349,90,19,1886
2019,2019-01-01,05349,053490,秋田県,山本郡八峰町,7149,113,158,221,262,185,176,228,260,355,391,446,542,618,785,620,555,550,431,198,51,4,1234,3388,52,84,113,115,113,93,134,143,201,185,241,280,317,408,295,234,199,132,42,7,0,380,3761,61,74,108,147,72,83,94,117,154,206,205,262,301,377,325,321,351,299,156,44,4,854
2019,2019-01-01,05360,053601,秋田県,南秋田郡,23071,476,660,780,1022,823,658,817,1007,1294,1313,1390,1553,1854,2266,1894,1690,1643,1198,581,138,14,3574,10862,249,340,401,499,447,380,439,513,674,657,720,762,903,1096,881,698,642,391,142,28,0,1203,12209,227,320,379,523,376,278,378,494,620,656,670,791,951,1170,1013,992,1001,807,439,110,14,2371
2019,2019-01-01,05361,053619,秋田県,南秋田郡五城目町,9278,193,240,248,335,244,267,319,411,474,477,545,596,794,932,821,723,741,557,297,58,6,1659,4330,99,118,123,185,132,145,166,207,255,235,308,285,385,454,398,289,280,180,74,12,0,546,4948,94,122,125,150,112,122,153,204,219,242,237,311,409,478,423,434,461,377,223,46,6,1113
2019,2019-01-01,05363,053635,秋田県,南秋田郡八郎潟町,5866,115,154,210,237,168,152,235,287,328,307,346,420,522,649,468,404,406,297,130,29,2,864,2689,57,73,108,105,84,80,123,152,173,156,167,203,241,315,219,162,147,93,27,4,0,271,3177,58,81,102,132,84,72,112,135,155,151,179,217,281,334,249,242,259,204,103,25,2,593
2019,2019-01-01,05366,053660,秋田県,南秋田郡井川町,4756,77,126,159,228,174,158,154,180,301,278,286,345,385,490,372,341,314,234,116,34,4,702,2247,41,70,77,105,92,98,85,92,149,142,143,166,198,238,170,143,127,70,32,9,0,238,2509,36,56,82,123,82,60,69,88,152,136,143,179,187,252,202,198,187,164,84,25,4,464
2019,2019-01-01,05368,053686,秋田県,南秋田郡大潟村,3171,91,140,163,222,237,81,109,129,191,251,213,192,153,195,233,222,182,110,38,17,2,349,1596,52,79,93,104,139,57,65,62,97,124,102,108,79,89,94,104,88,48,9,3,0,148,1575,39,61,70,118,98,24,44,67,94,127,111,84,74,106,139,118,94,62,29,14,2,201
2019,2019-01-01,05420,054208,秋田県,仙北郡,19675,536,617,749,814,623,637,878,1029,1185,1063,1074,1415,1767,1831,1404,1222,1247,971,490,106,17,2831,9329,285,321,376,441,332,329,473,529,628,537,534,673,862,922,662,518,461,312,112,20,2,907,10346,251,296,373,373,291,308,405,500,557,526,540,742,905,909,742,704,786,659,378,86,15,1924
2019,2019-01-01,05434,054348,秋田県,仙北郡美郷町,19675,536,617,749,814,623,637,878,1029,1185,1063,1074,1415,1767,1831,1404,1222,1247,971,490,106,17,2831,9329,285,321,376,441,332,329,473,529,628,537,534,673,862,922,662,518,461,312,112,20,2,907,10346,251,296,373,373,291,308,405,500,557,526,540,742,905,909,742,704,786,659,378,86,15,1924
2019,2019-01-01,05460,054607,秋田県,雄勝郡,17412,451,559,615,672,567,564,737,853,895,866,1062,1336,1682,1736,1171,1015,1154,905,464,94,14,2631,8481,244,294,338,336,322,300,418,448,484,419,525,678,874,890,596,443,414,308,139,9,2,872,8931,207,265,277,336,245,264,319,405,411,447,537,658,808,846,575,572,740,597,325,85,12,1759
2019,2019-01-01,05463,054631,秋田県,雄勝郡羽後町,14861,382,483,528,547,491,480,639,722,771,752,922,1153,1447,1454,1014,852,977,776,381,79,11,2224,7241,213,244,285,277,283,255,363,374,422,362,455,572,752,750,517,373,345,271,119,7,2,744,7620,169,239,243,270,208,225,276,348,349,390,467,581,695,704,497,479,632,505,262,72,9,1480
2019,2019-01-01,05464,054640,秋田県,雄勝郡東成瀬村,2551,69,76,87,125,76,84,98,131,124,114,140,183,235,282,157,163,177,129,83,15,3,407,1240,31,50,53,59,39,45,55,74,62,57,70,106,122,140,79,70,69,37,20,2,0,128,1311,38,26,34,66,37,39,43,57,62,57,70,77,113,142,78,93,108,92,63,13,3,279
2019,2019-01-01,06000,060003,山形県,,1088125,37544,42629,46787,50951,44431,43330,53102,61085,68881,68199,64726,71593,79102,93166,72019,61656,57092,43262,22150,5746,674,128924,526157,19216,21851,24073,26128,23286,22425,27423,31358,35527,34681,32295,35633,39415,46552,35053,27312,22656,14579,5624,989,81,43929,561968,18328,20778,22714,24823,21145,20905,25679,29727,33354,33518,32431,35960,39687,46614,36966,34344,34436,28683,16526,4757,593,84995
2019,2019-01-01,06201,062014,山形県,山形市,245569,9589,10395,10861,11954,11471,11371,13085,15264,17281,17110,15159,15143,15815,18390,15383,12865,10938,8043,4165,1160,127,24433,117687,4941,5349,5587,6097,5698,5576,6523,7551,8646,8520,7507,7397,7723,8917,7259,5794,4521,2780,1080,207,14,8602,127882,4648,5046,5274,5857,5773,5795,6562,7713,8635,8590,7652,7746,8092,9473,8124,7071,6417,5263,3085,953,113,15831
2019,2019-01-01,06202,062022,山形県,米沢市,80212,2648,3242,3562,3857,3807,3310,3799,4477,5122,5549,5123,5337,5412,6490,5066,4544,3963,2823,1590,424,67,8867,39062,1331,1647,1850,1949,2134,1715,1958,2323,2669,2907,2607,2710,2739,3207,2442,2017,1571,852,365,63,6,2857,41150,1317,1595,1712,1908,1673,1595,1841,2154,2453,2642,2516,2627,2673,3283,2624,2527,2392,1971,1225,361,61,6010
2019,2019-01-01,06203,062031,山形県,鶴岡市,126443,4132,4839,5285,6106,4752,4607,5772,6691,7673,7989,7647,8423,9498,11053,8668,7579,7137,5301,2547,656,88,15729,60585,2059,2458,2734,3342,2496,2390,3003,3451,3939,4108,3768,4204,4723,5514,4101,3160,2684,1739,601,102,9,5135,65858,2073,2381,2551,2764,2256,2217,2769,3240,3734,3881,3879,4219,4775,5539,4567,4419,4453,3562,1946,554,79,10594
2019,2019-01-01,06204,062049,山形県,酒田市,102309,3176,3646,4223,4368,3587,3593,4467,5432,6536,6682,6386,6832,7667,9371,7437,6425,5745,4239,1937,498,62,12481,48795,1628,1873,2087,2129,1887,1896,2342,2778,3416,3369,3214,3382,3854,4605,3500,2770,2152,1366,461,78,8,4065,53514,1548,1773,2136,2239,1700,1697,2125,2654,3120,3313,3172,3450,3813,4766,3937,3655,3593,2873,1476,420,54,8416
2019,2019-01-01,06205,062057,山形県,新庄市,35482,1204,1348,1599,1923,1400,1394,1695,1901,2217,2318,2132,2569,2601,2988,2320,1975,1807,1324,608,154,5,3898,17055,643,657,821,996,768,701,861,990,1150,1160,1048,1252,1265,1451,1111,845,703,426,178,28,1,1336,18427,561,691,778,927,632,693,834,911,1067,1158,1084,1317,1336,1537,1209,1130,1104,898,430,126,4,2562
2019,2019-01-01,06206,062065,山形県,寒河江市,40871,1545,1724,1892,1978,1691,1723,2222,2409,2519,2433,2293,2749,2938,3285,2577,2174,2014,1594,867,220,24,4719,19980,800,908,992,1024,876,911,1176,1257,1282,1234,1141,1326,1476,1636,1286,1008,839,555,222,29,2,1647,20891,745,816,900,954,815,812,1046,1152,1237,1199,1152,1423,1462,1649,1291,1166,1175,1039,645,191,22,3072
2019,2019-01-01,06207,062073,山形県,上山市,30309,781,1012,1099,1276,1188,1068,1231,1482,1791,1766,1843,2039,2327,2947,2340,1961,1796,1403,764,177,18,4158,14526,404,509,568,652,623,554,602,748,929,929,911,968,1200,1468,1135,890,721,489,193,31,2,1436,15783,377,503,531,624,565,514,629,734,862,837,932,1071,1127,1479,1205,1071,1075,914,571,146,16,2722
2019,2019-01-01,06208,062081,山形県,村山市,24068,680,760,982,1099,942,895,1045,1163,1283,1300,1346,1603,1910,2275,1660,1418,1511,1338,691,153,14,3707,11708,346,376,530,547,521,468,551,622,646,651,694,811,955,1188,858,647,615,465,186,30,1,1297,12360,334,384,452,552,421,427,494,541,637,649,652,792,955,1087,802,771,896,873,505,123,13,2410
2019,2019-01-01,06209,062090,山形県,長井市,26670,895,1013,1104,1278,1073,1031,1272,1414,1558,1570,1533,1743,1985,2369,1780,1632,1527,1126,581,173,13,3420,12974,477,505,567,652,556,547,667,751,844,814,754,891,970,1178,879,709,622,414,140,36,1,1213,13696,418,508,537,626,517,484,605,663,714,756,779,852,1015,1191,901,923,905,712,441,137,12,2207
2019,2019-01-01,06210,062103,山形県,天童市,61567,2562,2688,2809,2897,2643,2788,3485,3876,4207,3942,3617,3833,4116,4946,3918,3231,2705,2021,1018,234,31,6009,29992,1291,1391,1488,1466,1354,1413,1796,1949,2171,1989,1768,1865,2018,2438,1930,1483,1135,718,289,35,5,2182,31575,1271,1297,1321,1431,1289,1375,1689,1927,2036,1953,1849,1968,2098,2508,1988,1748,1570,1303,729,199,26,3827
2019,2019-01-01,06211,062111,山形県,東根市,47504,2121,2218,2325,2370,2328,2320,2970,3138,3355,2974,2617,2847,2948,3394,2598,2262,2101,1627,771,190,30,4719,23491,1073,1125,1186,1203,1344,1282,1546,1628,1710,1536,1319,1442,1429,1696,1292,1014,854,556,214,40,2,1666,24013,1048,1093,1139,1167,984,1038,1424,1510,1645,1438,1298,1405,1519,1698,1306,1248,1247,1071,557,150,28,3053
2019,2019-01-01,06212,062120,山形県,尾花沢市,16103,454,532,674,660,534,519,646,836,861,779,826,1114,1403,1615,1126,955,1080,922,456,93,18,2569,7914,230,288,372,336,302,272,351,443,455,415,402,562,731,866,589,447,406,304,123,17,3,853,8189,224,244,302,324,232,247,295,393,406,364,424,552,672,749,537,508,674,618,333,76,15,1716
2019,2019-01-01,06213,062138,山形県,南陽市,31304,1117,1236,1291,1467,1249,1259,1614,1816,1887,1883,1883,2062,2320,2684,2109,1773,1658,1171,626,183,16,3654,15108,568,623,658,751,640,667,843,933,982,943,937,996,1187,1352,1039,769,645,390,146,36,3,1220,16196,549,613,633,716,609,592,771,883,905,940,946,1066,1133,1332,1070,1004,1013,781,480,147,13,2434
2019,2019-01-01,06300,063002,山形県,東村山郡,25517,801,968,1160,1180,992,905,1211,1410,1618,1453,1497,1794,2041,2369,1734,1403,1325,951,544,148,13,2981,12484,446,490,589,608,488,481,629,728,860,740,743,899,1020,1166,873,650,556,343,142,32,1,1074,13033,355,478,571,572,504,424,582,682,758,713,754,895,1021,1203,861,753,769,608,402,116,12,1907
2019,2019-01-01,06301,063011,山形県,東村山郡山辺町,14296,457,588,685,666,537,505,687,795,933,855,811,999,1095,1299,976,760,715,532,299,92,10,1648,6963,248,303,346,332,262,264,351,409,490,424,416,496,547,624,487,371,292,206,78,17,0,593,7333,209,285,339,334,275,241,336,386,443,431,395,503,548,675,489,389,423,326,221,75,10,1055
2019,2019-01-01,06302,063029,山形県,東村山郡中山町,11221,344,380,475,514,455,400,524,615,685,598,686,795,946,1070,758,643,610,419,245,56,3,1333,5521,198,187,243,276,226,217,278,319,370,316,327,403,473,542,386,279,264,137,64,15,1,481,5700,146,193,232,238,229,183,246,296,315,282,359,392,473,528,372,364,346,282,181,41,2,852
2019,2019-01-01,06320,063207,山形県,西村山郡,38767,1109,1319,1570,1651,1404,1321,1678,1898,2090,2062,2200,2626,2996,3782,2783,2341,2458,1981,1129,329,40,5937,19029,571,691,825,845,745,692,925,988,1096,1059,1115,1343,1496,1980,1448,1075,1038,721,313,59,4,2135,19738,538,628,745,806,659,629,753,910,994,1003,1085,1283,1500,1802,1335,1266,1420,1260,816,270,36,3802
2019,2019-01-01,06321,063215,山形県,西村山郡河北町,18489,609,692,797,825,660,633,890,1007,1046,1073,1072,1219,1396,1730,1280,1078,1046,850,444,125,17,2482,9026,312,353,420,432,342,338,483,516,529,547,530,606,693,878,658,501,441,309,115,22,1,888,9463,297,339,377,393,318,295,407,491,517,526,542,613,703,852,622,577,605,541,329,103,16,1594
2019,2019-01-01,06322,063223,山形県,西村山郡西川町,5341,109,144,223,205,184,161,188,230,272,223,286,373,442,553,399,340,437,316,185,62,9,1009,2582,50,76,109,98,103,73,99,127,143,120,147,186,221,284,211,155,183,125,59,11,2,380,2759,59,68,114,107,81,88,89,103,129,103,139,187,221,269,188,185,254,191,126,51,7,629
2019,2019-01-01,06323,063231,山形県,西村山郡朝日町,6817,171,196,252,265,232,237,278,282,324,338,377,454,549,681,510,475,461,398,266,65,6,1196,3390,91,101,143,130,122,126,155,157,182,164,205,249,274,369,269,226,189,145,80,12,1,427,3427,80,95,109,135,110,111,123,125,142,174,172,205,275,312,241,249,272,253,186,53,5,769
2019,2019-01-01,06324,063240,山形県,西村山郡大江町,8120,220,287,298,356,328,290,322,379,448,428,465,580,609,818,594,448,514,417,234,77,8,1250,4031,118,161,153,185,178,155,188,188,242,228,233,302,308,449,310,193,225,142,59,14,0,440,4089,102,126,145,171,150,135,134,191,206,200,232,278,301,369,284,255,289,275,175,63,8,810
2019,2019-01-01,06340,063401,山形県,北村山郡,7054,176,218,286,346,257,205,279,335,408,387,356,462,641,720,532,410,399,376,202,56,3,1036,3491,93,112,152,172,142,107,147,186,216,215,179,244,322,381,286,191,163,117,59,7,0,346,3563,83,106,134,174,115,98,132,149,192,172,177,218,319,339,246,219,236,259,143,49,3,690
2019,2019-01-01,06341,063410,山形県,北村山郡大石田町,7054,176,218,286,346,257,205,279,335,408,387,356,462,641,720,532,410,399,376,202,56,3,1036,3491,93,112,152,172,142,107,147,186,216,215,179,244,322,381,286,191,163,117,59,7,0,346,3563,83,106,134,174,115,98,132,149,192,172,177,218,319,339,246,219,236,259,143,49,3,690
2019,2019-01-01,06360,063606,山形県,最上郡,39131,1122,1343,1505,1634,1229,1251,1672,1853,2065,1913,2154,2933,3608,4026,2628,2369,2521,1973,1024,271,37,5826,19066,546,708,791,845,668,703,890,997,1132,969,1083,1499,1818,2099,1345,1008,975,658,262,62,8,1965,20065,576,635,714,789,561,548,782,856,933,944,1071,1434,1790,1927,1283,1361,1546,1315,762,209,29,3861
2019,2019-01-01,06361,063614,山形県,最上郡金山町,5489,165,202,233,256,199,201,234,279,296,271,305,432,467,525,359,309,298,255,149,47,7,756,2699,86,101,120,135,112,112,126,156,162,140,151,213,247,270,182,130,117,89,37,13,0,256,2790,79,101,113,121,87,89,108,123,134,131,154,219,220,255,177,179,181,166,112,34,7,500
2019,2019-01-01,06362,063622,山形県,最上郡最上町,8576,247,306,356,345,272,257,358,410,433,441,432,647,804,937,545,513,555,448,197,64,9,1273,4205,122,160,186,180,154,139,197,224,235,228,219,332,392,502,280,216,225,155,42,13,4,439,4371,125,146,170,165,118,118,161,186,198,213,213,315,412,435,265,297,330,293,155,51,5,834
2019,2019-01-01,06363,063631,山形県,最上郡舟形町,5349,133,179,232,191,155,159,259,264,261,251,287,396,516,568,341,323,341,286,162,41,4,834,2623,65,102,136,91,82,93,149,150,145,122,130,209,255,301,183,137,123,94,47,8,1,273,2726,68,77,96,100,73,66,110,114,116,129,157,187,261,267,158,186,218,192,115,33,3,561
2019,2019-01-01,06364,063649,山形県,最上郡真室川町,7719,225,246,285,313,218,270,314,330,428,394,449,561,669,795,565,492,529,391,193,45,7,1165,3679,111,129,133,162,112,149,155,161,228,201,227,299,333,398,274,217,209,123,45,12,1,390,4040,114,117,152,151,106,121,159,169,200,193,222,262,336,397,291,275,320,268,148,33,6,775
2019,2019-01-01,06365,063657,山形県,最上郡大蔵村,3245,105,137,120,136,99,103,148,160,175,140,180,237,303,301,207,208,219,154,86,23,4,486,1616,51,69,68,82,50,67,75,86,102,71,92,116,158,162,100,96,82,55,25,8,1,171,1629,54,68,52,54,49,36,73,74,73,69,88,121,145,139,107,112,137,99,61,15,3,315
2019,2019-01-01,06366,063665,山形県,最上郡鮭川村,4212,128,142,131,213,147,124,164,198,212,220,224,304,424,420,311,246,266,207,105,24,2,604,2053,60,78,71,107,82,70,86,107,112,110,120,142,221,217,156,109,100,67,33,5,0,205,2159,68,64,60,106,65,54,78,91,100,110,104,162,203,203,155,137,166,140,72,19,2,399
2019,2019-01-01,06367,063673,山形県,最上郡戸沢村,4541,119,131,148,180,139,137,195,212,260,196,277,356,425,480,300,278,313,232,132,27,4,708,2191,51,69,77,88,76,73,102,113,148,97,144,188,212,249,170,103,119,75,33,3,1,231,2350,68,62,71,92,63,64,93,99,112,99,133,168,213,231,130,175,194,157,99,24,3,477
2019,2019-01-01,06380,063801,山形県,東置賜郡,38423,1254,1510,1695,1823,1422,1382,1822,2173,2355,2198,2130,2620,3092,3667,2404,2047,2090,1588,893,236,22,4829,18819,639,772,833,961,704,733,958,1156,1273,1112,1104,1336,1575,1931,1215,926,788,539,224,32,8,1591,19604,615,738,862,862,718,649,864,1017,1082,1086,1026,1284,1517,1736,1189,1121,1302,1049,669,204,14,3238
2019,2019-01-01,06381,063819,山形県,東置賜郡高畠町,23305,808,991,1077,1141,919,895,1118,1351,1474,1400,1316,1551,1739,2129,1413,1220,1174,904,508,164,13,2763,11383,420,514,541,589,448,462,588,716,777,709,674,779,859,1106,721,551,459,307,134,25,4,929,11922,388,477,536,552,471,433,530,635,697,691,642,772,880,1023,692,669,715,597,374,139,9,1834
2019,2019-01-01,06382,063827,山形県,東置賜郡川西町,15118,446,519,618,682,503,487,704,822,881,798,814,1069,1353,1538,991,827,916,684,385,72,9,2066,7436,219,258,292,372,256,271,370,440,496,403,430,557,716,825,494,375,329,232,90,7,4,662,7682,227,261,326,310,247,216,334,382,385,395,384,512,637,713,497,452,587,452,295,65,5,1404
2019,2019-01-01,06400,064009,山形県,西置賜郡,28321,808,1065,1164,1270,1009,900,1314,1400,1481,1495,1594,1950,2377,2692,1951,1711,1738,1455,757,172,18,4140,13997,427,570,590,661,570,512,697,717,788,779,808,1003,1229,1408,1028,783,711,500,184,32,0,1427,14324,381,495,574,609,439,388,617,683,693,716,786,947,1148,1284,923,928,1027,955,573,140,18,2713
2019,2019-01-01,06401,064017,山形県,西置賜郡小国町,7557,201,266,297,369,246,220,318,326,372,406,476,529,588,692,525,536,523,422,195,49,1,1190,3752,103,130,149,193,155,140,163,158,203,214,250,294,307,368,269,234,221,143,45,13,0,422,3805,98,136,148,176,91,80,155,168,169,192,226,235,281,324,256,302,302,279,150,36,1,768
2019,2019-01-01,06402,064025,山形県,西置賜郡白鷹町,13670,368,529,559,621,514,435,616,668,762,748,761,927,1173,1324,975,778,777,689,358,77,11,1912,6745,190,291,297,314,278,232,336,348,393,382,386,450,604,687,517,369,322,245,88,16,0,671,6925,178,238,262,307,236,203,280,320,369,366,375,477,569,637,458,409,455,444,270,61,11,1241
2019,2019-01-01,06403,064033,山形県,西置賜郡飯豊町,7094,239,270,308,280,249,245,380,406,347,341,357,494,616,676,451,397,438,344,204,46,6,1038,3500,134,149,144,154,137,140,198,211,192,183,172,259,318,353,242,180,168,112,51,3,0,334,3594,105,121,164,126,112,105,182,195,155,158,185,235,298,323,209,217,270,232,153,43,6,704
2019,2019-01-01,06420,064203,山形県,東田川郡,28644,996,1109,1220,1256,1042,1071,1296,1490,1798,1638,1628,1903,2191,2630,1903,1688,1681,1316,627,145,16,3785,13778,509,582,605,621,548,588,674,817,924,843,795,995,1056,1323,918,719,638,435,165,21,2,1261,14866,487,527,615,635,494,483,622,673,874,795,833,908,1135,1307,985,969,1043,881,462,124,14,2524
2019,2019-01-01,06426,064262,山形県,東田川郡三川町,7374,340,338,327,325,251,310,356,437,492,423,395,465,533,638,450,385,408,300,153,44,4,909,3588,182,180,165,179,133,174,177,232,250,214,202,230,260,326,230,163,144,90,48,9,0,291,3786,158,158,162,146,118,136,179,205,242,209,193,235,273,312,220,222,264,210,105,35,4,618
2019,2019-01-01,06428,064289,山形県,東田川郡庄内町,21270,656,771,893,931,791,761,940,1053,1306,1215,1233,1438,1658,1992,1453,1303,1273,1016,474,101,12,2876,10190,327,402,440,442,415,414,497,585,674,629,593,765,796,997,688,556,494,345,117,12,2,970,11080,329,369,453,489,376,347,443,468,632,586,640,673,862,995,765,747,779,671,357,89,10,1906
2019,2019-01-01,06460,064602,山形県,飽海郡,13857,374,444,481,558,411,417,527,627,776,758,762,1011,1216,1473,1102,893,898,690,353,74,12,2027,6616,194,217,248,271,222,217,284,345,399,389,398,508,629,748,519,407,319,212,77,12,1,621,7241,180,227,233,287,189,200,243,282,377,369,364,503,587,725,583,486,579,478,276,62,11,1406
2019,2019-01-01,06461,064611,山形県,飽海郡遊佐町,13857,374,444,481,558,411,417,527,627,776,758,762,1011,1216,1473,1102,893,898,690,353,74,12,2027,6616,194,217,248,271,222,217,284,345,399,389,398,508,629,748,519,407,319,212,77,12,1,621,7241,180,227,233,287,189,200,243,282,377,369,364,503,587,725,583,486,579,478,276,62,11,1406
2019,2019-01-01,07000,070009,福島県,,1887006,67956,73201,81602,92104,84998,83568,97353,106966,122231,123660,116366,126246,138625,158012,119342,102140,86711,64435,32074,8282,1134,192636,926355,34551,37828,41784,47375,44459,44458,51157,55980,63851,63965,59109,63941,69738,79042,58227,45661,33949,21335,8284,1499,162,65229,960651,33405,35373,39818,44729,40539,39110,46196,50986,58380,59695,57257,62305,68887,78970,61115,56479,52762,43100,23790,6783,972,127407
2019,2019-01-01,07201,072010,福島県,福島市,277382,10141,10619,11838,13877,13569,12865,14298,15985,18915,19945,17793,17655,18705,21778,17881,15308,12076,8631,4329,1055,119,26210,135278,5198,5519,6076,7186,7190,6767,7343,8129,9665,10081,8903,8858,9252,10577,8399,6825,4865,3014,1203,208,20,9310,142104,4943,5100,5762,6691,6379,6098,6955,7856,9250,9864,8890,8797,9453,11201,9482,8483,7211,5617,3126,847,99,16900
2019,2019-01-01,07202,072028,福島県,会津若松市,118670,4411,4858,5372,5950,5196,5317,6069,6558,7537,7785,7406,8098,8547,9514,7430,6555,5621,3918,1976,480,72,12067,56707,2229,2536,2737,2978,2655,2696,3114,3365,3846,3856,3698,3937,4245,4621,3498,2804,2081,1229,493,82,7,3892,61963,2182,2322,2635,2972,2541,2621,2955,3193,3691,3929,3708,4161,4302,4893,3932,3751,3540,2689,1483,398,65,8175
2019,2019-01-01,07203,072036,福島県,郡山市,321427,12997,13375,14326,16160,15973,16446,18896,20360,23129,23380,20855,21017,21802,23996,18589,15010,11764,8348,3884,983,137,25116,157970,6641,6927,7349,8259,8247,8570,9802,10543,11908,12032,10446,10555,10837,11639,8897,6730,4616,2766,1011,178,17,8588,163457,6356,6448,6977,7901,7726,7876,9094,9817,11221,11348,10409,10462,10965,12357,9692,8280,7148,5582,2873,805,120,16528
2019,2019-01-01,07204,072044,福島県,いわき市,321705,11842,12482,14186,15430,14433,14161,16331,17948,21313,22327,20638,21390,22463,26916,20922,18580,14370,9912,4718,1167,176,30343,158204,6066,6441,7252,7870,7526,7648,8590,9370,11272,11681,10587,10913,11351,13264,9984,8283,5448,3238,1179,216,25,10106,163501,5776,6041,6934,7560,6907,6513,7741,8578,10041,10646,10051,10477,11112,13652,10938,10297,8922,6674,3539,951,151,20237
2019,2019-01-01,07205,072052,福島県,白河市,60531,2305,2503,2753,3184,2808,2689,3238,3641,4173,3819,3706,4045,4514,4990,3546,2926,2551,1960,921,233,26,5691,30148,1157,1281,1440,1669,1511,1474,1741,1919,2205,2020,1939,2010,2302,2455,1736,1338,1016,651,244,37,3,1951,30383,1148,1222,1313,1515,1297,1215,1497,1722,1968,1799,1767,2035,2212,2535,1810,1588,1535,1309,677,196,23,3740
2019,2019-01-01,07207,072079,福島県,須賀川市,76341,2998,3230,3726,3994,3490,3432,4219,4694,5221,5136,4747,5084,5652,6203,4504,3553,2938,2175,1075,241,29,6458,37571,1479,1646,1898,2090,1879,1839,2193,2405,2692,2637,2404,2565,2800,3061,2224,1609,1142,692,273,41,2,2150,38770,1519,1584,1828,1904,1611,1593,2026,2289,2529,2499,2343,2519,2852,3142,2280,1944,1796,1483,802,200,27,4308
2019,2019-01-01,07208,072087,福島県,喜多方市,47735,1666,1803,1964,2264,1796,1789,2348,2478,2663,2573,2754,3331,3732,4178,3046,2785,2751,2212,1193,357,52,6565,22934,846,914,1023,1123,936,925,1226,1316,1398,1333,1350,1701,1947,2140,1550,1183,1043,636,280,58,6,2023,24801,820,889,941,1141,860,864,1122,1162,1265,1240,1404,1630,1785,2038,1496,1602,1708,1576,913,299,46,4542
2019,2019-01-01,07209,072095,福島県,相馬市,35075,1372,1509,1576,1677,1552,1590,1873,2067,2231,2264,2066,2212,2480,2963,2245,1857,1619,1201,559,142,20,3541,17413,712,800,793,868,823,897,1036,1135,1171,1218,1032,1107,1241,1478,1077,820,635,395,145,27,3,1205,17662,660,709,783,809,729,693,837,932,1060,1046,1034,1105,1239,1485,1168,1037,984,806,414,115,17,2336
2019,2019-01-01,07210,072109,福島県,二本松市,54652,1798,1984,2289,2584,2320,2346,2742,3013,3261,3257,3160,3713,4379,5144,3500,2940,2734,2085,1086,285,32,6222,26952,891,1036,1150,1356,1209,1222,1468,1572,1757,1697,1646,1850,2168,2714,1747,1320,1096,724,271,49,9,2149,27700,907,948,1139,1228,1111,1124,1274,1441,1504,1560,1514,1863,2211,2430,1753,1620,1638,1361,815,236,23,4073
2019,2019-01-01,07211,072117,福島県,田村市,36767,1148,1307,1440,1740,1600,1559,1710,1839,1839,1985,2291,2787,3108,3245,2192,2136,2100,1665,840,216,20,4841,18152,575,641,740,886,812,833,908,979,997,1007,1189,1457,1616,1771,1120,935,813,590,230,49,4,1686,18615,573,666,700,854,788,726,802,860,842,978,1102,1330,1492,1474,1072,1201,1287,1075,610,167,16,3155
2019,2019-01-01,07212,072125,福島県,南相馬市,60150,1807,1768,2320,2738,2423,2465,2683,2970,3871,3851,3554,4101,4738,5867,4435,3587,3113,2360,1141,315,43,6972,29885,918,856,1209,1413,1297,1420,1490,1616,2045,2055,1903,2136,2389,2959,2183,1624,1233,774,296,64,5,2372,30265,889,912,1111,1325,1126,1045,1193,1354,1826,1796,1651,1965,2349,2908,2252,1963,1880,1586,845,251,38,4600
2019,2019-01-01,07213,072133,福島県,伊達市,60363,1765,2038,2388,3005,2565,2319,2675,3072,3515,3867,3804,4025,4461,5520,4274,3773,3182,2444,1294,334,43,7297,29474,900,1019,1194,1541,1301,1222,1394,1600,1852,1999,1914,2042,2207,2795,2127,1712,1326,875,388,58,8,2655,30889,865,1019,1194,1464,1264,1097,1281,1472,1663,1868,1890,1983,2254,2725,2147,2061,1856,1569,906,276,35,4642
2019,2019-01-01,07214,072141,福島県,本宮市,30386,1218,1303,1526,1540,1392,1335,1796,2016,2075,1944,1865,1999,2130,2381,1641,1402,1206,1011,457,134,15,2823,15059,620,690,803,811,720,733,920,1053,1061,1008,940,1033,1024,1205,830,639,481,324,140,23,1,969,15327,598,613,723,729,672,602,876,963,1014,936,925,966,1106,1176,811,763,725,687,317,111,14,1854
2019,2019-01-01,07300,073008,福島県,伊達郡,34267,843,1005,1326,1578,1344,1151,1384,1648,2018,2019,1876,2231,2664,3480,2661,2332,2017,1560,847,258,25,4707,16699,410,522,658,785,681,640,725,872,1072,1039,967,1143,1336,1782,1356,1078,817,551,214,45,6,1633,17568,433,483,668,793,663,511,659,776,946,980,909,1088,1328,1698,1305,1254,1200,1009,633,213,19,3074
2019,2019-01-01,07301,073016,福島県,伊達郡桑折町,11909,370,400,484,573,468,432,512,618,740,730,649,782,822,1092,890,779,662,524,280,93,9,1568,5691,179,204,237,280,236,242,254,303,391,367,333,386,394,541,419,382,260,194,76,12,1,543,6218,191,196,247,293,232,190,258,315,349,363,316,396,428,551,471,397,402,330,204,81,8,1025
2019,2019-01-01,07303,073032,福島県,伊達郡国見町,9094,199,248,361,404,370,302,348,419,537,530,500,571,694,1001,752,661,530,411,200,52,4,1197,4406,96,139,173,190,189,152,183,231,271,277,245,292,348,498,391,284,233,152,45,14,3,447,4688,103,109,188,214,181,150,165,188,266,253,255,279,346,503,361,377,297,259,155,38,1,750
2019,2019-01-01,07308,073083,福島県,伊達郡川俣町,13264,274,357,481,601,506,417,524,611,741,759,727,878,1148,1387,1019,892,825,625,367,113,12,1942,6602,135,179,248,315,256,246,288,338,410,395,389,465,594,743,546,412,324,205,93,19,2,643,6662,139,178,233,286,250,171,236,273,331,364,338,413,554,644,473,480,501,420,274,94,10,1299
2019,2019-01-01,07320,073202,福島県,安達郡,8708,451,419,411,386,378,485,536,607,612,508,442,560,626,730,462,325,313,279,141,26,11,770,4317,220,207,219,209,203,240,273,318,329,263,229,266,318,368,264,127,126,87,44,6,1,264,4391,231,212,192,177,175,245,263,289,283,245,213,294,308,362,198,198,187,192,97,20,10,506
2019,2019-01-01,07322,073229,福島県,安達郡大玉村,8708,451,419,411,386,378,485,536,607,612,508,442,560,626,730,462,325,313,279,141,26,11,770,4317,220,207,219,209,203,240,273,318,329,263,229,266,318,368,264,127,126,87,44,6,1,264,4391,231,212,192,177,175,245,263,289,283,245,213,294,308,362,198,198,187,192,97,20,10,506
2019,2019-01-01,07340,073407,福島県,岩瀬郡,18237,683,781,896,938,813,795,1021,1140,1250,1072,963,1186,1447,1568,1088,841,789,602,282,75,7,1755,8998,345,432,456,490,424,425,547,611,640,571,497,589,738,803,546,370,277,180,49,8,0,514,9239,338,349,440,448,389,370,474,529,610,501,466,597,709,765,542,471,512,422,233,67,7,1241
2019,2019-01-01,07342,073423,福島県,岩瀬郡鏡石町,12619,529,586,651,688,581,574,713,822,933,819,694,762,901,990,736,599,470,360,162,46,3,1041,6198,268,315,337,353,300,302,374,436,481,435,355,373,450,484,357,266,168,110,30,4,0,312,6421,261,271,314,335,281,272,339,386,452,384,339,389,451,506,379,333,302,250,132,42,3,729
2019,2019-01-01,07344,073440,福島県,岩瀬郡天栄村,5618,154,195,245,250,232,221,308,318,317,253,269,424,546,578,352,242,319,242,120,29,4,714,2800,77,117,119,137,124,123,173,175,159,136,142,216,288,319,189,104,109,70,19,4,0,202,2818,77,78,126,113,108,98,135,143,158,117,127,208,258,259,163,138,210,172,101,25,4,512
2019,2019-01-01,07360,073601,福島県,南会津郡,26230,643,833,971,1123,813,823,960,1061,1245,1439,1504,1842,2129,2358,1888,1942,1953,1583,815,255,50,4656,12900,325,433,505,583,435,472,503,571,665,775,814,983,1111,1241,959,871,792,575,230,50,7,1654,13330,318,400,466,540,378,351,457,490,580,664,690,859,1018,1117,929,1071,1161,1008,585,205,43,3002
2019,2019-01-01,07362,073628,福島県,南会津郡下郷町,5714,135,188,202,237,185,149,187,220,267,286,306,436,502,554,408,420,424,356,181,62,9,1032,2830,63,92,114,124,103,76,99,117,129,151,168,239,273,312,212,200,174,126,45,12,1,358,2884,72,96,88,113,82,73,88,103,138,135,138,197,229,242,196,220,250,230,136,50,8,674
2019,2019-01-01,07364,073644,福島県,南会津郡檜枝岐村,555,24,25,20,27,18,24,23,18,35,33,33,34,48,33,30,40,38,31,16,5,0,90,283,15,14,11,14,7,9,12,13,16,21,19,15,28,19,12,19,19,13,5,2,0,39,272,9,11,9,13,11,15,11,5,19,12,14,19,20,14,18,21,19,18,11,3,0,51
2019,2019-01-01,07367,073679,福島県,南会津郡只見町,4353,103,121,152,204,100,118,150,164,210,228,236,243,321,386,341,346,390,325,164,37,14,930,2134,61,72,74,107,51,73,85,97,115,115,133,134,155,193,170,150,166,123,51,7,2,349,2219,42,49,78,97,49,45,65,67,95,113,103,109,166,193,171,196,224,202,113,30,12,581
2019,2019-01-01,07368,073687,福島県,南会津郡南会津町,15608,381,499,597,655,510,532,600,659,733,892,929,1129,1258,1385,1109,1136,1101,871,454,151,27,2604,7653,186,255,306,338,274,314,307,344,405,488,494,595,655,717,565,502,433,313,129,29,4,908,7955,195,244,291,317,236,218,293,315,328,404,435,534,603,668,544,634,668,558,325,122,23,1696
2019,2019-01-01,07400,074004,福島県,耶麻郡,26860,820,947,1041,1193,989,938,1091,1281,1422,1333,1451,1842,2276,2615,1794,1682,1761,1371,766,218,29,4145,13118,418,501,519,615,541,503,597,696,749,707,740,953,1201,1377,923,731,677,470,162,33,5,1347,13742,402,446,522,578,448,435,494,585,673,626,711,889,1075,1238,871,951,1084,901,604,185,24,2798
2019,2019-01-01,07402,074021,福島県,耶麻郡北塩原村,2752,71,92,124,122,106,92,104,141,155,161,166,210,247,290,184,154,136,102,76,18,1,333,1405,40,52,71,73,55,54,58,77,81,92,87,114,130,144,107,65,50,36,14,5,0,105,1347,31,40,53,49,51,38,46,64,74,69,79,96,117,146,77,89,86,66,62,13,1,228
2019,2019-01-01,07405,074055,福島県,耶麻郡西会津町,6303,142,175,174,242,198,214,204,211,283,245,327,462,563,631,472,456,530,457,227,80,10,1304,3064,69,97,71,109,116,117,113,117,157,139,172,251,305,353,250,204,208,149,50,16,1,424,3239,73,78,103,133,82,97,91,94,126,106,155,211,258,278,222,252,322,308,177,64,9,880
2019,2019-01-01,07407,074071,福島県,耶麻郡磐梯町,3492,140,162,139,155,115,110,191,215,182,154,187,229,290,349,199,197,198,157,93,26,4,478,1711,68,83,75,76,65,58,101,121,94,81,91,129,147,184,108,81,70,54,21,2,2,149,1781,72,79,64,79,50,52,90,94,88,73,96,100,143,165,91,116,128,103,72,24,2,329
2019,2019-01-01,07408,074080,福島県,耶麻郡猪苗代町,14313,467,518,604,674,570,522,592,714,802,773,771,941,1176,1345,939,875,897,655,370,94,14,2030,6938,241,269,302,357,305,274,325,381,417,395,390,459,619,696,458,381,349,231,77,10,2,669,7375,226,249,302,317,265,248,267,333,385,378,381,482,557,649,481,494,548,424,293,84,12,1361
2019,2019-01-01,07420,074209,福島県,河沼郡,22579,719,835,930,1095,892,838,1022,1161,1284,1166,1237,1497,1875,2059,1471,1271,1310,1101,617,170,29,3227,10922,376,432,503,556,456,435,576,607,665,618,610,752,927,1068,749,543,526,329,159,29,6,1049,11657,343,403,427,539,436,403,446,554,619,548,627,745,948,991,722,728,784,772,458,141,23,2178
2019,2019-01-01,07421,074217,福島県,河沼郡会津坂下町,15944,494,578,643,781,650,629,733,842,927,826,911,1080,1355,1452,996,897,875,731,417,107,20,2150,7697,247,297,342,393,334,326,422,441,482,442,433,541,661,759,511,382,344,215,102,19,4,684,8247,247,281,301,388,316,303,311,401,445,384,478,539,694,693,485,515,531,516,315,88,16,1466
2019,2019-01-01,07422,074225,福島県,河沼郡湯川村,3242,123,149,158,179,136,107,143,171,203,176,182,201,246,294,210,156,169,140,82,17,0,408,1560,66,82,92,86,67,52,73,84,103,89,103,93,121,149,97,71,68,38,24,2,0,132,1682,57,67,66,93,69,55,70,87,100,87,79,108,125,145,113,85,101,102,58,15,0,276
2019,2019-01-01,07423,074233,福島県,河沼郡柳津町,3393,102,108,129,135,106,102,146,148,154,164,144,216,274,313,265,218,266,230,118,46,9,669,1665,63,53,69,77,55,57,81,82,80,87,74,118,145,160,141,90,114,76,33,8,2,233,1728,39,55,60,58,51,45,65,66,74,77,70,98,129,153,124,128,152,154,85,38,7,436
2019,2019-01-01,07440,074403,福島県,大沼郡,25425,707,787,925,987,888,835,1079,1189,1186,1152,1323,1812,2219,2503,1819,1674,1727,1508,846,225,34,4340,12283,364,422,468,537,479,432,586,638,635,610,676,930,1152,1300,938,736,660,478,200,37,5,1380,13142,343,365,457,450,409,403,493,551,551,542,647,882,1067,1203,881,938,1067,1030,646,188,29,2960
2019,2019-01-01,07444,074446,福島県,大沼郡三島町,1630,39,26,38,50,43,50,47,68,54,59,83,93,123,186,153,129,151,131,89,16,2,389,805,23,16,20,24,27,28,24,40,32,32,58,47,63,104,77,63,56,44,24,3,0,127,825,16,10,18,26,16,22,23,28,22,27,25,46,60,82,76,66,95,87,65,13,2,262
2019,2019-01-01,07445,074454,福島県,大沼郡金山町,2066,31,25,35,65,46,33,49,51,52,81,90,112,159,219,186,215,227,197,140,45,8,617,1005,19,15,19,35,26,15,27,31,40,48,47,57,92,118,104,88,97,78,41,7,1,224,1061,12,10,16,30,20,18,22,20,12,33,43,55,67,101,82,127,130,119,99,38,7,393
2019,2019-01-01,07446,074462,福島県,大沼郡昭和村,1271,20,23,22,32,26,36,41,43,41,40,47,75,108,121,114,97,137,136,89,22,1,385,629,10,13,10,19,17,20,26,24,23,20,26,48,65,65,57,44,56,51,26,8,1,142,642,10,10,12,13,9,16,15,19,18,20,21,27,43,56,57,53,81,85,63,14,0,243
2019,2019-01-01,07447,074471,福島県,大沼郡会津美里町,20458,617,713,830,840,773,716,942,1027,1039,972,1103,1532,1829,1977,1366,1233,1212,1044,528,142,23,2949,9844,312,378,419,459,409,369,509,543,540,510,545,778,932,1013,700,541,451,305,109,19,3,887,10614,305,335,411,381,364,347,433,484,499,462,558,754,897,964,666,692,761,739,419,123,20,2062
2019,2019-01-01,07460,074608,福島県,西白河郡,48622,1981,2238,2224,2489,2192,2211,2946,3120,3277,3094,2715,3202,3764,3918,2867,2223,1848,1451,663,173,26,4161,24353,1005,1169,1103,1315,1172,1177,1556,1679,1756,1626,1418,1629,1871,2013,1439,1056,716,441,177,30,5,1369,24269,976,1069,1121,1174,1020,1034,1390,1441,1521,1468,1297,1573,1893,1905,1428,1167,1132,1010,486,143,21,2792
2019,2019-01-01,07461,074616,福島県,西白河郡西郷村,19907,898,963,920,1039,961,1006,1333,1411,1402,1326,1130,1307,1463,1526,1071,774,638,466,201,62,10,1377,10039,484,492,457,528,482,514,706,776,761,707,614,665,710,785,542,394,225,125,57,14,1,422,9868,414,471,463,511,479,492,627,635,641,619,516,642,753,741,529,380,413,341,144,48,9,955
2019,2019-01-01,07464,074641,福島県,西白河郡泉崎村,6379,220,296,297,335,239,250,333,384,403,347,338,459,588,535,382,326,269,229,118,26,5,647,3181,98,162,141,183,129,145,161,204,216,188,167,226,302,286,198,156,100,80,35,3,1,219,3198,122,134,156,152,110,105,172,180,187,159,171,233,286,249,184,170,169,149,83,23,4,428
2019,2019-01-01,07465,074659,福島県,西白河郡中島村,5078,192,223,246,261,228,211,280,318,354,270,295,350,422,406,267,208,221,196,100,26,4,547,2490,91,112,112,146,128,111,145,163,195,120,147,184,208,224,133,93,88,65,21,3,1,178,2588,101,111,134,115,100,100,135,155,159,150,148,166,214,182,134,115,133,131,79,23,3,369
2019,2019-01-01,07466,074667,福島県,西白河郡矢吹町,17258,671,756,761,854,764,744,1000,1007,1118,1151,952,1086,1291,1451,1147,915,720,560,244,59,7,1590,8643,332,403,393,458,433,407,544,536,584,611,490,554,651,718,566,413,303,171,64,10,2,550,8615,339,353,368,396,331,337,456,471,534,540,462,532,640,733,581,502,417,389,180,49,5,1040
2019,2019-01-01,07480,074802,福島県,東白川郡,31877,1073,1289,1375,1479,1343,1233,1474,1675,1678,1678,1797,2317,2705,2895,1921,1715,1821,1431,770,182,26,4230,15764,526,657,691,786,714,690,806,883,924,852,932,1192,1367,1539,976,760,743,486,194,41,5,1469,16113,547,632,684,693,629,543,668,792,754,826,865,1125,1338,1356,945,955,1078,945,576,141,21,2761
2019,2019-01-01,07481,074811,福島県,東白川郡棚倉町,14015,505,625,652,727,633,612,706,784,812,840,794,980,1095,1142,849,676,702,524,276,67,14,1583,6903,254,312,321,387,343,347,366,410,446,427,419,486,557,590,419,301,278,165,58,16,1,518,7112,251,313,331,340,290,265,340,374,366,413,375,494,538,552,430,375,424,359,218,51,13,1065
2019,2019-01-01,07482,074829,福島県,東白川郡矢祭町,5781,207,237,222,242,218,204,235,318,271,251,317,430,514,577,357,340,341,296,155,44,5,841,2842,99,118,117,124,114,113,132,178,145,123,157,237,261,298,191,155,135,99,36,9,1,280,2939,108,119,105,118,104,91,103,140,126,128,160,193,253,279,166,185,206,197,119,35,4,561
2019,2019-01-01,07483,074837,福島県,東白川郡塙町,8703,263,308,356,368,363,294,377,411,451,446,512,629,768,848,514,509,560,426,244,50,6,1286,4314,127,172,176,209,181,156,218,208,247,225,268,330,384,463,264,216,228,157,68,14,3,470,4389,136,136,180,159,182,138,159,203,204,221,244,299,384,385,250,293,332,269,176,36,3,816
2019,2019-01-01,07484,074845,福島県,東白川郡鮫川村,3378,98,119,145,142,129,123,156,162,144,141,174,278,328,328,201,190,218,185,95,21,1,520,1705,46,55,77,66,76,74,90,87,86,77,88,139,165,188,102,88,102,65,32,2,0,201,1673,52,64,68,76,53,49,66,75,58,64,86,139,163,140,99,102,116,120,63,19,1,319
2019,2019-01-01,07500,075001,福島県,石川郡,39598,1108,1543,1701,1879,1595,1517,1834,2014,2312,2173,2354,2892,3425,3765,2481,2159,2175,1632,804,205,30,4846,19718,590,789,874,930,863,819,1006,1094,1252,1151,1212,1530,1783,1956,1279,985,858,542,175,29,1,1605,19880,518,754,827,949,732,698,828,920,1060,1022,1142,1362,1642,1809,1202,1174,1317,1090,629,176,29,3241
2019,2019-01-01,07501,075019,福島県,石川郡石川町,15280,399,568,593,695,592,618,701,692,903,832,908,1082,1315,1483,1052,929,863,650,320,74,11,1918,7532,216,294,299,334,313,325,374,363,486,429,488,553,681,769,539,424,346,224,67,8,0,645,7748,183,274,294,361,279,293,327,329,417,403,420,529,634,714,513,505,517,426,253,66,11,1273
2019,2019-01-01,07502,075027,福島県,石川郡玉川村,6667,240,267,332,341,289,285,342,396,435,383,380,443,526,642,379,298,286,233,129,37,4,689,3323,128,134,176,159,159,154,176,209,233,212,188,223,268,334,205,141,112,78,26,8,0,224,3344,112,133,156,182,130,131,166,187,202,171,192,220,258,308,174,157,174,155,103,29,4,465
2019,2019-01-01,07503,075035,福島県,石川郡平田村,6003,161,241,245,280,216,235,287,336,349,295,386,512,602,572,332,294,310,229,93,24,4,660,3033,91,120,122,143,121,130,165,192,195,164,198,283,311,291,182,123,111,64,20,7,0,202,2970,70,121,123,137,95,105,122,144,154,131,188,229,291,281,150,171,199,165,73,17,4,458
2019,2019-01-01,07504,075043,福島県,石川郡浅川町,6399,192,259,296,357,275,226,299,359,348,384,380,450,494,557,404,366,359,226,123,41,4,753,3226,93,141,157,191,148,134,168,201,179,209,188,238,252,295,200,180,147,73,27,5,0,252,3173,99,118,139,166,127,92,131,158,169,175,192,212,242,262,204,186,212,153,96,36,4,501
2019,2019-01-01,07505,075051,福島県,石川郡古殿町,5249,116,208,235,206,223,153,205,231,277,279,300,405,488,511,314,272,357,294,139,29,7,826,2604,62,100,120,103,122,76,123,129,159,137,150,233,271,267,153,117,142,103,35,1,1,282,2645,54,108,115,103,101,77,82,102,118,142,150,172,217,244,161,155,215,191,104,28,6,544
2019,2019-01-01,07520,075205,福島県,田村郡,27213,854,1028,1082,1244,1107,1038,1312,1462,1591,1479,1705,2027,2369,2473,1734,1491,1430,1083,532,151,21,3217,13454,428,546,567,647,569,552,685,817,826,735,862,1054,1209,1295,893,658,553,369,149,37,3,1111,13759,426,482,515,597,538,486,627,645,765,744,843,973,1160,1178,841,833,877,714,383,114,18,2106
2019,2019-01-01,07521,075213,福島県,田村郡三春町,17129,555,645,669,780,721,651,830,965,1005,974,1066,1232,1468,1610,1129,927,852,642,306,92,10,1902,8472,277,351,347,410,362,334,415,531,524,495,545,638,743,850,571,404,332,220,94,27,2,675,8657,278,294,322,370,359,317,415,434,481,479,521,594,725,760,558,523,520,422,212,65,8,1227
2019,2019-01-01,07522,075221,福島県,田村郡小野町,10084,299,383,413,464,386,387,482,497,586,505,639,795,901,863,605,564,578,441,226,59,11,1315,4982,151,195,220,237,207,218,270,286,302,240,317,416,466,445,322,254,221,149,55,10,1,436,5102,148,188,193,227,179,169,212,211,284,265,322,379,435,418,283,310,357,292,171,49,10,879
2019,2019-01-01,07540,075400,福島県,双葉郡,62575,2052,2229,2464,2920,2948,2816,3122,3261,3782,3688,3679,4509,5233,5686,4080,3363,2855,2353,1177,309,49,6743,31240,1028,1172,1261,1527,1515,1521,1693,1797,2009,2003,1849,2317,2741,2942,2078,1565,1132,742,293,47,8,2222,31335,1024,1057,1203,1393,1433,1295,1429,1464,1773,1685,1830,2192,2492,2744,2002,1798,1723,1611,884,262,41,4521
2019,2019-01-01,07541,075418,福島県,双葉郡広野町,4722,126,154,157,215,237,237,237,235,278,302,299,360,433,461,308,256,185,157,63,21,1,427,2450,60,87,77,115,126,150,133,139,164,175,168,172,247,228,154,121,75,47,10,2,0,134,2272,66,67,80,100,111,87,104,96,114,127,131,188,186,233,154,135,110,110,53,19,1,293
2019,2019-01-01,07542,075426,福島県,双葉郡楢葉町,6941,227,203,221,322,312,340,340,348,361,409,442,560,587,630,458,394,340,274,124,41,8,787,3524,112,95,117,162,174,205,176,195,196,229,225,305,329,340,220,180,141,80,36,7,0,264,3417,115,108,104,160,138,135,164,153,165,180,217,255,258,290,238,214,199,194,88,34,8,523
2019,2019-01-01,07543,075434,福島県,双葉郡富岡町,12967,435,452,496,628,667,576,660,646,881,878,819,979,1030,1107,855,658,537,410,197,51,5,1200,6609,211,239,256,337,352,313,387,364,476,483,412,526,530,579,426,306,208,143,52,9,0,412,6358,224,213,240,291,315,263,273,282,405,395,407,453,500,528,429,352,329,267,145,42,5,788
2019,2019-01-01,07544,075442,福島県,双葉郡川内村,2613,55,56,75,90,107,113,117,100,122,96,149,203,239,281,177,152,178,185,80,33,5,481,1352,34,26,41,54,74,67,73,49,69,53,80,110,139,147,99,69,74,61,26,6,1,168,1261,21,30,34,36,33,46,44,51,53,43,69,93,100,134,78,83,104,124,54,27,4,313
2019,2019-01-01,07545,075451,福島県,双葉郡大熊町,10355,455,519,558,571,490,502,595,654,737,633,550,668,753,829,597,445,334,276,158,25,6,799,5078,245,269,282,292,225,247,292,348,372,327,278,340,370,423,301,205,139,81,38,3,1,262,5277,210,250,276,279,265,255,303,306,365,306,272,328,383,406,296,240,195,195,120,22,5,537
2019,2019-01-01,07546,075469,福島県,双葉郡双葉町,5997,186,210,276,250,283,252,276,306,388,321,318,387,510,549,396,351,281,281,125,42,9,738,2902,82,119,141,144,137,130,147,181,184,166,149,201,254,287,189,169,110,77,27,5,3,222,3095,104,91,135,106,146,122,129,125,204,155,169,186,256,262,207,182,171,204,98,37,6,516
2019,2019-01-01,07547,075477,福島県,双葉郡浪江町,17569,519,590,640,784,796,741,813,902,940,986,1041,1253,1552,1694,1198,1036,901,695,387,88,13,2084,8599,270,315,325,389,390,382,432,480,508,532,508,616,802,861,630,485,346,226,88,12,2,674,8970,249,275,315,395,406,359,381,422,432,454,533,637,750,833,568,551,555,469,299,76,11,1410
2019,2019-01-01,07548,075485,福島県,双葉郡葛尾村,1411,49,45,41,60,56,55,84,70,75,63,61,99,129,135,91,71,99,75,43,8,2,227,726,14,22,22,34,37,27,53,41,40,38,29,47,70,77,59,30,39,27,16,3,1,86,685,35,23,19,26,19,28,31,29,35,25,32,52,59,58,32,41,60,48,27,5,1,141
2019,2019-01-01,07560,075604,福島県,相馬郡,13631,554,488,552,650,579,575,694,706,831,726,681,872,1182,1267,871,710,687,559,341,93,13,1693,6842,284,240,296,345,301,306,379,395,460,391,352,439,605,679,455,359,277,177,85,17,0,556,6789,270,248,256,305,278,269,315,311,371,335,329,433,577,588,416,351,410,382,256,76,13,1137
2019,2019-01-01,07561,075612,福島県,相馬郡新地町,7967,325,320,366,392,346,317,419,440,537,466,407,460,642,702,512,414,349,287,208,50,8,902,3999,171,164,202,217,188,178,222,237,288,247,210,221,318,349,263,224,144,98,50,8,0,300,3968,154,156,164,175,158,139,197,203,249,219,197,239,324,353,249,190,205,189,158,42,8,602
2019,2019-01-01,07564,075647,福島県,相馬郡飯舘村,5664,229,168,186,258,233,258,275,266,294,260,274,412,540,565,359,296,338,272,133,43,5,791,2843,113,76,94,128,113,128,157,158,172,144,142,218,287,330,192,135,133,79,35,9,0,256,2821,116,92,92,130,120,130,118,108,122,116,132,194,253,235,167,161,205,193,98,34,5,535
2019,2019-01-01,08000,080004,茨城県,,2871183,105105,119001,127525,138586,134228,130594,152151,171723,202236,216351,184317,173960,188597,228597,197090,163653,114597,74836,36905,9735,1396,237469,1437036,53903,61112,65612,71241,71006,70287,80491,90137,106328,113588,95740,88715,95090,112934,95474,77641,49610,26298,9933,1721,175,87737,1434147,51202,57889,61913,67345,63222,60307,71660,81586,95908,102763,88577,85245,93507,115663,101616,86012,64987,48538,26972,8014,1221,149732
2019,2019-01-01,08201,082015,茨城県,水戸市,268901,11426,11824,12158,12561,12759,13311,15992,17270,19774,21250,18137,16368,15849,18263,16071,13924,10456,6973,3469,942,124,21964,131842,5832,6035,6322,6392,6585,6851,8190,8738,10213,10970,9094,8217,7940,8730,7559,6226,4345,2485,961,144,13,7948,137059,5594,5789,5836,6169,6174,6460,7802,8532,9561,10280,9043,8151,7909,9533,8512,7698,6111,4488,2508,798,111,14016
2019,2019-01-01,08202,082023,茨城県,日立市,178300,5267,6370,7520,9191,8403,7888,8296,8914,11319,14421,12426,10883,10963,13796,12542,13193,9072,4811,2260,666,99,16908,89505,2648,3289,3892,4800,4565,4520,4594,4796,5906,7441,6575,5630,5529,6647,5713,6238,4205,1732,644,127,14,6722,88795,2619,3081,3628,4391,3838,3368,3702,4118,5413,6980,5851,5253,5434,7149,6829,6955,4867,3079,1616,539,85,10186
2019,2019-01-01,08203,082031,茨城県,土浦市,138848,4887,5454,6011,6678,6953,6766,7470,8284,9911,10850,9074,8078,8259,10425,10005,8293,5652,3641,1626,461,70,11450,69514,2545,2815,3136,3419,3642,3625,3981,4502,5199,5755,4801,4106,4152,5049,4687,3898,2384,1323,407,79,9,4202,69334,2342,2639,2875,3259,3311,3141,3489,3782,4712,5095,4273,3972,4107,5376,5318,4395,3268,2318,1219,382,61,7248
2019,2019-01-01,08204,082040,茨城県,古河市,140065,5106,5741,6157,6600,6807,6905,7581,8520,9783,10531,9059,8692,9592,11260,9663,7788,5239,3177,1429,384,51,10280,70398,2562,2929,3173,3357,3585,3716,4019,4583,5190,5576,4705,4467,4836,5535,4717,3652,2201,1116,389,82,8,3796,69667,2544,2812,2984,3243,3222,3189,3562,3937,4593,4955,4354,4225,4756,5725,4946,4136,3038,2061,1040,302,43,6484
2019,2019-01-01,08205,082058,茨城県,石岡市,74257,2430,2683,3017,3519,3396,3170,3562,4057,4821,5242,4768,4807,5223,6187,5316,4629,3473,2418,1185,308,46,7430,36967,1235,1401,1567,1794,1771,1716,1885,2177,2501,2754,2479,2465,2678,3061,2602,2157,1487,873,295,65,4,2724,37290,1195,1282,1450,1725,1625,1454,1677,1880,2320,2488,2289,2342,2545,3126,2714,2472,1986,1545,890,243,42,4706
2019,2019-01-01,08207,082074,茨城県,結城市,49821,1812,2078,2284,2344,2098,2058,2594,3128,3647,3702,3027,2828,3416,4213,3588,2888,1972,1316,660,145,23,4116,24901,921,1065,1174,1175,1154,1075,1350,1644,1926,1986,1622,1383,1702,2087,1734,1370,856,469,185,19,4,1533,24920,891,1013,1110,1169,944,983,1244,1484,1721,1716,1405,1445,1714,2126,1854,1518,1116,847,475,126,19,2583
2019,2019-01-01,08208,082082,茨城県,龍ケ崎市,75687,2469,2934,3435,3888,3980,3368,3534,4136,5343,5919,5205,4913,5189,6293,5620,4321,2671,1556,713,172,28,5140,37719,1275,1483,1736,1994,2104,1779,1820,2163,2773,3067,2668,2417,2574,3144,2766,2062,1158,518,189,25,4,1894,37968,1194,1451,1699,1894,1876,1589,1714,1973,2570,2852,2537,2496,2615,3149,2854,2259,1513,1038,524,147,24,3246
2019,2019-01-01,08210,082104,茨城県,下妻市,41777,1500,1748,1928,2120,1961,1907,2098,2473,2939,3155,2637,2564,2975,3455,2710,2052,1559,1162,659,155,20,3555,21042,750,933,984,1095,1033,1006,1141,1322,1588,1639,1376,1327,1513,1762,1325,990,644,413,174,22,5,1258,20735,750,815,944,1025,928,901,957,1151,1351,1516,1261,1237,1462,1693,1385,1062,915,749,485,133,15,2297
2019,2019-01-01,08211,082112,茨城県,常総市,58653,1873,2311,2689,2895,2781,2390,2782,3267,4150,4336,3714,3455,4098,5069,4255,3272,2443,1741,883,214,35,5316,29330,939,1205,1378,1468,1465,1273,1471,1728,2228,2298,1976,1828,2085,2469,2145,1525,1011,581,229,25,3,1849,29323,934,1106,1311,1427,1316,1117,1311,1539,1922,2038,1738,1627,2013,2600,2110,1747,1432,1160,654,189,32,3467
2019,2019-01-01,08212,082121,茨城県,常陸太田市,51899,1315,1488,1798,2276,2144,1993,2266,2236,2690,3044,3359,4039,4542,4899,3740,3317,2844,2309,1228,312,60,6753,25581,688,765,919,1188,1093,1040,1198,1188,1413,1544,1654,2019,2344,2543,1898,1616,1217,835,352,61,6,2471,26318,627,723,879,1088,1051,953,1068,1048,1277,1500,1705,2020,2198,2356,1842,1701,1627,1474,876,251,54,4282
2019,2019-01-01,08214,082147,茨城県,高萩市,28610,867,1015,1120,1346,1136,1180,1359,1576,1736,1874,1699,1815,2142,2858,2182,1990,1263,853,425,151,23,2715,14172,445,505,583,701,608,633,718,813,936,987,863,892,1046,1441,1050,985,532,291,115,24,4,966,14438,422,510,537,645,528,547,641,763,800,887,836,923,1096,1417,1132,1005,731,562,310,127,19,1749
2019,2019-01-01,08215,082155,茨城県,北茨城市,43460,1351,1518,1768,1970,1887,1779,2108,2295,2465,2711,2704,3232,3542,4136,3037,2540,2006,1475,707,207,22,4417,21698,703,753,898,1036,971,973,1128,1239,1324,1398,1358,1684,1813,2127,1544,1212,823,493,178,40,3,1537,21762,648,765,870,934,916,806,980,1056,1141,1313,1346,1548,1729,2009,1493,1328,1183,982,529,167,19,2880
2019,2019-01-01,08216,082163,茨城県,笠間市,75678,2621,3003,3143,3555,3257,3250,3789,4265,4970,5415,4820,4849,5497,6481,5384,4382,3170,2322,1121,328,56,6997,37298,1346,1567,1610,1846,1697,1665,1943,2197,2674,2776,2420,2471,2728,3181,2647,2008,1383,782,287,64,6,2522,38380,1275,1436,1533,1709,1560,1585,1846,2068,2296,2639,2400,2378,2769,3300,2737,2374,1787,1540,834,264,50,4475
2019,2019-01-01,08217,082171,茨城県,取手市,105783,3278,3799,4110,4395,4331,4216,5019,5974,7432,8185,6767,5909,6506,9178,9656,8340,4862,2447,1045,289,45,8688,52318,1685,1951,2125,2277,2176,2239,2561,3122,3907,4375,3515,2973,3097,4287,4481,3987,2290,922,292,52,4,3560,53465,1593,1848,1985,2118,2155,1977,2458,2852,3525,3810,3252,2936,3409,4891,5175,4353,2572,1525,753,237,41,5128
2019,2019-01-01,08219,082198,茨城県,牛久市,83789,3289,3917,4030,3896,3588,3494,4451,5488,6708,6599,5219,4558,4869,6521,6675,5066,2861,1616,711,199,34,5421,41455,1661,1964,2024,1992,1826,1744,2330,2752,3497,3409,2689,2269,2368,3029,3165,2560,1300,605,221,44,6,2176,42334,1628,1953,2006,1904,1762,1750,2121,2736,3211,3190,2530,2289,2501,3492,3510,2506,1561,1011,490,155,28,3245
2019,2019-01-01,08220,082201,茨城県,つくば市,224229,11696,12250,11572,11408,13199,12676,15028,16890,18737,18151,14520,12068,11440,12781,11251,8325,5723,3848,2046,551,69,12237,113703,5992,6305,6048,5947,7127,6780,7786,8667,9695,9372,7667,6289,5759,6220,5575,4009,2488,1338,547,79,13,4465,110526,5704,5945,5524,5461,6072,5896,7242,8223,9042,8779,6853,5779,5681,6561,5676,4316,3235,2510,1499,472,56,7772
2019,2019-01-01,08221,082210,茨城県,ひたちなか市,157549,6300,7112,7486,8390,7690,7797,8840,9714,11678,13561,11095,9207,8681,10505,9526,8689,5978,3307,1534,398,61,11278,79478,3280,3638,3780,4253,4069,4352,4833,5065,6107,7072,5821,4791,4320,5010,4410,4120,2727,1297,442,81,10,4557,78071,3020,3474,3706,4137,3621,3445,4007,4649,5571,6489,5274,4416,4361,5495,5116,4569,3251,2010,1092,317,51,6721
2019,2019-01-01,08222,082228,茨城県,鹿嶋市,66994,2640,2897,2853,3192,3108,3184,3591,4021,4741,4735,3849,3438,4378,5901,5315,4338,2577,1418,629,166,23,4813,34546,1388,1478,1419,1688,1795,1845,1962,2166,2512,2559,2054,1722,2187,3084,2650,2165,1185,486,169,28,4,1872,32448,1252,1419,1434,1504,1313,1339,1629,1855,2229,2176,1795,1716,2191,2817,2665,2173,1392,932,460,138,19,2941
2019,2019-01-01,08223,082236,茨城県,潮来市,28033,929,1052,1178,1278,1236,1198,1422,1485,1759,1911,1791,1802,2117,2525,2093,1728,1255,798,376,89,11,2529,13943,481,547,608,626,662,618,741,796,932,965,927,901,1072,1274,1038,835,549,261,91,18,1,920,14090,448,505,570,652,574,580,681,689,827,946,864,901,1045,1251,1055,893,706,537,285,71,10,1609
2019,2019-01-01,08224,082244,茨城県,守谷市,66721,3159,3629,3616,3406,3013,3077,4081,4911,5830,5660,4193,3444,3850,4927,4088,2734,1504,947,503,134,15,3103,33605,1642,1898,1870,1761,1616,1628,2115,2431,2972,2943,2182,1698,1825,2394,2089,1386,668,328,129,30,0,1155,33116,1517,1731,1746,1645,1397,1449,1966,2480,2858,2717,2011,1746,2025,2533,1999,1348,836,619,374,104,15,1948
2019,2019-01-01,08225,082252,茨城県,常陸大宮市,41912,1171,1403,1624,1860,1723,1682,1922,2042,2395,2530,2564,2787,3471,3833,2860,2470,2237,1905,1083,312,38,5575,20834,589,718,862,965,880,879,1008,1091,1263,1319,1320,1446,1793,2007,1478,1162,961,696,316,73,8,2054,21078,582,685,762,895,843,803,914,951,1132,1211,1244,1341,1678,1826,1382,1308,1276,1209,767,239,30,3521
2019,2019-01-01,08226,082261,茨城県,那珂市,54691,1980,2208,2399,2610,2290,2244,2849,3142,3692,3984,3405,3418,3848,4501,3889,3243,2332,1585,821,219,32,4989,26858,998,1102,1227,1351,1182,1156,1431,1584,1919,2059,1703,1685,1924,2209,1907,1564,995,575,235,49,3,1857,27833,982,1106,1172,1259,1108,1088,1418,1558,1773,1925,1702,1733,1924,2292,1982,1679,1337,1010,586,170,29,3132
2019,2019-01-01,08227,082279,茨城県,筑西市,102523,3388,3945,4391,5132,4712,4374,5079,5673,7111,7414,6365,6291,7436,9074,7307,5771,4183,2935,1492,398,52,9060,51111,1740,2039,2216,2617,2516,2400,2669,3063,3722,3933,3287,3245,3707,4558,3515,2674,1757,1003,371,74,5,3210,51412,1648,1906,2175,2515,2196,1974,2410,2610,3389,3481,3078,3046,3729,4516,3792,3097,2426,1932,1121,324,47,5850
2019,2019-01-01,08228,082287,茨城県,坂東市,52030,1650,2071,2407,2691,2383,2192,2585,2993,3546,3887,3083,3258,3893,4674,3740,2778,1962,1383,669,166,19,4199,26396,825,1049,1211,1404,1250,1217,1396,1598,1887,2159,1636,1617,2007,2386,1870,1347,874,460,178,23,2,1537,25634,825,1022,1196,1287,1133,975,1189,1395,1659,1728,1447,1641,1886,2288,1870,1431,1088,923,491,143,17,2662
2019,2019-01-01,08229,082295,茨城県,稲敷市,40301,966,1270,1542,1725,1697,1486,1789,2090,2261,2617,2550,2930,3362,4026,3139,2506,2004,1404,746,173,18,4345,20169,509,648,784,886,903,794,994,1144,1231,1381,1313,1510,1781,2090,1533,1190,820,425,197,33,3,1478,20132,457,622,758,839,794,692,795,946,1030,1236,1237,1420,1581,1936,1606,1316,1184,979,549,140,15,2867
2019,2019-01-01,08230,082309,茨城県,かすみがうら市,41044,1332,1580,1861,2018,1947,1848,2014,2354,2823,3030,2514,2436,2757,3565,3052,2413,1637,1145,561,142,15,3500,20748,692,815,962,1049,1025,1014,1102,1217,1537,1604,1322,1228,1412,1789,1523,1174,733,393,135,21,1,1283,20296,640,765,899,969,922,834,912,1137,1286,1426,1192,1208,1345,1776,1529,1239,904,752,426,121,14,2217
2019,2019-01-01,08231,082317,茨城県,桜川市,41759,1116,1514,1809,2074,1805,1657,1937,2296,2659,2812,2527,2870,3434,3829,2833,2260,1841,1489,775,186,36,4327,20715,592,790,951,1078,927,879,1040,1230,1420,1499,1265,1480,1777,1969,1369,1019,748,461,193,25,3,1430,21044,524,724,858,996,878,778,897,1066,1239,1313,1262,1390,1657,1860,1464,1241,1093,1028,582,161,33,2897
2019,2019-01-01,08232,082325,茨城県,神栖市,92996,4054,4339,4538,4797,4687,5138,5784,6283,7055,7652,6109,5592,5658,6702,5380,4091,2694,1537,724,167,15,5137,47987,2028,2248,2361,2511,2619,2927,3192,3368,3692,4150,3275,2918,2939,3478,2562,1897,1122,494,181,24,1,1822,45009,2026,2091,2177,2286,2068,2211,2592,2915,3363,3502,2834,2674,2719,3224,2818,2194,1572,1043,543,143,14,3315
2019,2019-01-01,08233,082333,茨城県,行方市,34079,980,1187,1343,1476,1357,1249,1621,1922,1967,2035,1929,2390,2943,3204,2439,1888,1817,1424,712,172,24,4149,16951,511,598,661,725,682,668,874,1054,1086,1100,1011,1206,1543,1632,1293,886,707,489,189,32,4,1421,17128,469,589,682,751,675,581,747,868,881,935,918,1184,1400,1572,1146,1002,1110,935,523,140,20,2728
2019,2019-01-01,08234,082341,茨城県,鉾田市,46567,1407,1656,1936,2105,1925,1725,2179,2546,2852,2973,2780,2972,3728,4550,3527,2864,2250,1564,803,203,22,4842,23525,730,843,990,1070,1032,955,1195,1331,1557,1589,1448,1542,1982,2357,1784,1382,953,542,214,27,2,1738,23042,677,813,946,1035,893,770,984,1215,1295,1384,1332,1430,1746,2193,1743,1482,1297,1022,589,176,20,3104
2019,2019-01-01,08235,082350,茨城県,つくばみらい市,51038,2746,2854,2257,1980,2091,2354,3328,3999,4258,3713,2855,2542,2745,3707,3488,2743,1659,1042,520,130,27,3378,25675,1445,1463,1168,1013,1055,1217,1702,2075,2281,2021,1558,1235,1367,1739,1704,1333,775,369,135,20,0,1299,25363,1301,1391,1089,967,1036,1137,1626,1924,1977,1692,1297,1307,1378,1968,1784,1410,884,673,385,110,27,2079
2019,2019-01-01,08236,082368,茨城県,小美玉市,49797,1787,2051,2297,2462,2397,2411,2602,2939,3475,3553,2975,3072,3413,4147,3317,2713,1987,1310,700,173,16,4186,25091,897,1059,1147,1273,1285,1356,1378,1562,1849,1870,1498,1596,1746,2085,1604,1322,876,461,184,42,1,1564,24706,890,992,1150,1189,1112,1055,1224,1377,1626,1683,1477,1476,1667,2062,1713,1391,1111,849,516,131,15,2622
2019,2019-01-01,08300,083003,茨城県,東茨城郡,67788,1833,2266,2716,3253,2885,2581,3090,3525,4195,4492,4247,4598,5462,6373,4864,4120,3201,2433,1256,348,50,7288,33722,945,1217,1416,1678,1524,1409,1645,1859,2207,2337,2173,2326,2769,3280,2400,1949,1327,862,327,66,6,2588,34066,888,1049,1300,1575,1361,1172,1445,1666,1988,2155,2074,2272,2693,3093,2464,2171,1874,1571,929,282,44,4700
2019,2019-01-01,08302,083020,茨城県,東茨城郡茨城町,32089,1008,1131,1331,1604,1346,1216,1617,1761,2104,2113,1915,2021,2435,3069,2325,1942,1418,1054,531,137,11,3151,16031,525,602,687,865,721,647,865,923,1101,1093,982,1016,1204,1555,1151,904,638,379,144,29,0,1190,16058,483,529,644,739,625,569,752,838,1003,1020,933,1005,1231,1514,1174,1038,780,675,387,108,11,1961
2019,2019-01-01,08309,083097,茨城県,東茨城郡大洗町,16099,401,536,675,750,667,627,685,834,1029,1093,1073,1112,1221,1436,1174,1008,816,592,279,81,10,1778,8000,200,286,357,375,355,368,371,449,548,594,559,585,627,729,561,463,306,199,55,13,0,573,8099,201,250,318,375,312,259,314,385,481,499,514,527,594,707,613,545,510,393,224,68,10,1205
2019,2019-01-01,08310,083101,茨城県,東茨城郡城里町,19600,424,599,710,899,872,738,788,930,1062,1286,1259,1465,1806,1868,1365,1170,967,787,446,130,29,2359,9691,220,329,372,438,448,394,409,487,558,650,632,725,938,996,688,582,383,284,128,24,6,825,9909,204,270,338,461,424,344,379,443,504,636,627,740,868,872,677,588,584,503,318,106,23,1534
2019,2019-01-01,08340,083402,茨城県,那珂郡,38075,1613,1986,2028,2161,1710,1684,2087,2353,2967,3467,2723,2076,1755,2271,2366,2247,1379,742,326,109,25,2581,19210,845,1039,1066,1101,894,931,1095,1225,1512,1789,1444,1125,870,1034,1087,1122,637,279,101,10,4,1031,18865,768,947,962,1060,816,753,992,1128,1455,1678,1279,951,885,1237,1279,1125,742,463,225,99,21,1550
2019,2019-01-01,08341,083411,茨城県,那珂郡東海村,38075,1613,1986,2028,2161,1710,1684,2087,2353,2967,3467,2723,2076,1755,2271,2366,2247,1379,742,326,109,25,2581,19210,845,1039,1066,1101,894,931,1095,1225,1512,1789,1444,1125,870,1034,1087,1122,637,279,101,10,4,1031,18865,768,947,962,1060,816,753,992,1128,1455,1678,1279,951,885,1237,1279,1125,742,463,225,99,21,1550
2019,2019-01-01,08360,083607,茨城県,久慈郡,17171,341,453,545,611,538,494,639,658,766,795,988,1272,1598,1892,1317,1249,1187,1038,640,133,17,3015,8464,175,235,294,309,303,262,339,373,405,431,509,696,847,995,681,583,492,356,161,17,1,1027,8707,166,218,251,302,235,232,300,285,361,364,479,576,751,897,636,666,695,682,479,116,16,1988
2019,2019-01-01,08364,083640,茨城県,久慈郡大子町,17171,341,453,545,611,538,494,639,658,766,795,988,1272,1598,1892,1317,1249,1187,1038,640,133,17,3015,8464,175,235,294,309,303,262,339,373,405,431,509,696,847,995,681,583,492,356,161,17,1,1027,8707,166,218,251,302,235,232,300,285,361,364,479,576,751,897,636,666,695,682,479,116,16,1988
2019,2019-01-01,08440,084409,茨城県,稲敷郡,70605,2472,2798,3021,3333,3270,3158,3598,4165,5039,5358,4541,4338,4683,5826,5141,4122,2883,1809,811,207,32,5742,35493,1291,1418,1533,1688,1712,1694,1962,2236,2686,2890,2416,2182,2395,2900,2517,1922,1154,631,221,40,5,2051,35112,1181,1380,1488,1645,1558,1464,1636,1929,2353,2468,2125,2156,2288,2926,2624,2200,1729,1178,590,167,27,3691
2019,2019-01-01,08442,084425,茨城県,稲敷郡美浦村,15118,455,524,633,705,673,655,780,887,1021,1137,1064,1044,1037,1304,1110,876,625,384,158,36,10,1213,7789,243,275,326,341,367,401,453,511,569,620,564,542,541,654,541,406,256,131,40,7,1,435,7329,212,249,307,364,306,254,327,376,452,517,500,502,496,650,569,470,369,253,118,29,9,778
2019,2019-01-01,08443,084433,茨城県,稲敷郡阿見町,46666,1830,2050,2120,2247,2217,2157,2461,2922,3566,3621,2861,2616,2971,3657,3363,2634,1690,1060,467,137,19,3373,23332,953,1029,1075,1150,1144,1115,1305,1535,1853,1945,1528,1300,1493,1812,1635,1234,673,390,132,27,4,1226,23334,877,1021,1045,1097,1073,1042,1156,1387,1713,1676,1333,1316,1478,1845,1728,1400,1017,670,335,110,15,2147
2019,2019-01-01,08447,084476,茨城県,稲敷郡河内町,8821,187,224,268,381,380,346,357,356,452,600,616,678,675,865,668,612,568,365,186,34,3,1156,4372,95,114,132,197,201,178,204,190,264,325,324,340,361,434,341,282,225,110,49,6,0,390,4449,92,110,136,184,179,168,153,166,188,275,292,338,314,431,327,330,343,255,137,28,3,766
2019,2019-01-01,08520,085201,茨城県,結城郡,21061,700,829,974,1139,972,860,1038,1207,1409,1378,1221,1300,1744,1896,1383,1056,860,633,366,80,16,1955,10683,370,429,529,599,537,455,534,656,787,728,627,664,886,991,691,506,347,228,101,17,1,694,10378,330,400,445,540,435,405,504,551,622,650,594,636,858,905,692,550,513,405,265,63,15,1261
2019,2019-01-01,08521,085219,茨城県,結城郡八千代町,21061,700,829,974,1139,972,860,1038,1207,1409,1378,1221,1300,1744,1896,1383,1056,860,633,366,80,16,1955,10683,370,429,529,599,537,455,534,656,787,728,627,664,886,991,691,506,347,228,101,17,1,694,10378,330,400,445,540,435,405,504,551,622,650,594,636,858,905,692,550,513,405,265,63,15,1261
2019,2019-01-01,08540,085405,茨城県,猿島郡,32723,1084,1303,1375,1617,1578,1458,1583,1880,2250,2316,2073,2082,2439,2976,2323,1788,1184,847,456,94,17,2598,16559,564,661,674,805,861,784,853,997,1216,1255,1072,1085,1254,1526,1188,831,535,259,127,10,2,933,16164,520,642,701,812,717,674,730,883,1034,1061,1001,997,1185,1450,1135,957,649,588,329,84,15,1665
2019,2019-01-01,08542,085421,茨城県,猿島郡五霞町,8442,209,287,313,361,376,327,396,430,559,565,584,588,703,904,657,502,303,206,137,30,5,681,4260,110,162,146,175,193,177,202,215,303,326,297,298,364,475,344,230,141,62,34,5,1,243,4182,99,125,167,186,183,150,194,215,256,239,287,290,339,429,313,272,162,144,103,25,4,438
2019,2019-01-01,08546,085464,茨城県,猿島郡境町,24281,875,1016,1062,1256,1202,1131,1187,1450,1691,1751,1489,1494,1736,2072,1666,1286,881,641,319,64,12,1917,12299,454,499,528,630,668,607,651,782,913,929,775,787,890,1051,844,601,394,197,93,5,1,690,11982,421,517,534,626,534,524,536,668,778,822,714,707,846,1021,822,685,487,444,226,59,11,1227
2019,2019-01-01,08560,085600,茨城県,北相馬郡,15969,270,465,589,634,534,392,564,752,1083,1093,805,787,1100,1878,2008,1522,720,476,235,52,10,1493,7830,139,215,314,310,275,212,316,385,578,588,417,380,523,835,973,777,344,167,71,9,2,593,8139,131,250,275,324,259,180,248,367,505,505,388,407,577,1043,1035,745,376,309,164,43,8,900
2019,2019-01-01,08564,085642,茨城県,北相馬郡利根町,15969,270,465,589,634,534,392,564,752,1083,1093,805,787,1100,1878,2008,1522,720,476,235,52,10,1493,7830,139,215,314,310,275,212,316,385,578,588,417,380,523,835,973,777,344,167,71,9,2,593,8139,131,250,275,324,259,180,248,367,505,505,388,407,577,1043,1035,745,376,309,164,43,8,900
2019,2019-01-01,09000,090000,栃木県,,1935463,72739,80787,87096,91919,87974,89315,105947,118881,138871,144865,123189,118578,129964,155323,128893,101980,75007,51261,25424,6552,898,159142,966987,37598,41529,45019,47109,46331,48137,55951,62645,72960,76175,63451,60595,65636,77209,62816,47123,31113,17705,6681,1104,100,56703,968476,35141,39258,42077,44810,41643,41178,49996,56236,65911,68690,59738,57983,64328,78114,66077,54857,43894,33556,18743,5448,798,102439
2019,2019-01-01,09201,092011,栃木県,宇都宮市,513158,22328,23507,24258,23977,23856,26212,31115,35123,40320,41384,33746,29721,29702,35784,31481,25173,17600,11136,5199,1332,204,35471,257509,11446,12113,12477,12331,12858,14414,16412,18424,21038,21820,17495,15322,14886,17362,14827,11521,7232,3860,1422,230,19,12763,255649,10882,11394,11781,11646,10998,11798,14703,16699,19282,19564,16251,14399,14816,18422,16654,13652,10368,7276,3777,1102,185,22708
2019,2019-01-01,09202,092029,栃木県,足利市,144287,4447,5261,6252,6815,6237,5644,6585,7602,9821,10921,9811,8837,9358,12005,11570,9559,6720,4266,1978,532,66,13562,70756,2225,2642,3206,3453,3218,2942,3424,3986,5144,5771,5013,4576,4696,5760,5563,4311,2749,1464,535,70,8,4826,73531,2222,2619,3046,3362,3019,2702,3161,3616,4677,5150,4798,4261,4662,6245,6007,5248,3971,2802,1443,462,58,8736
2019,2019-01-01,09203,092037,栃木県,栃木市,157000,5278,6083,6659,7460,6753,6649,7695,8982,10919,11270,9737,9604,11211,13758,11481,9239,6617,4519,2443,587,56,14222,77874,2778,3088,3444,3801,3445,3493,3947,4772,5836,5931,5007,4916,5591,6794,5693,4306,2764,1514,637,111,6,5032,79126,2500,2995,3215,3659,3308,3156,3748,4210,5083,5339,4730,4688,5620,6964,5788,4933,3853,3005,1806,476,50,9190
2019,2019-01-01,09204,092045,栃木県,佐野市,116309,3992,4658,4928,5247,5075,5056,6153,6903,7839,8338,7482,7316,8199,9790,8215,6340,4989,3621,1690,425,53,10778,57567,2067,2405,2499,2656,2594,2699,3258,3683,4108,4370,3865,3703,4153,4912,4030,2831,1984,1231,439,77,3,3734,58742,1925,2253,2429,2591,2481,2357,2895,3220,3731,3968,3617,3613,4046,4878,4185,3509,3005,2390,1251,348,50,7044
2019,2019-01-01,09205,092053,栃木県,鹿沼市,96608,3365,3913,4430,4669,4301,4181,5074,5526,6740,7183,6092,6188,6687,8179,6418,5058,3791,2888,1482,387,56,8604,47929,1769,2032,2275,2363,2236,2249,2664,2854,3509,3694,3122,3160,3381,4100,3175,2331,1567,982,391,70,5,3015,48679,1596,1881,2155,2306,2065,1932,2410,2672,3231,3489,2970,3028,3306,4079,3243,2727,2224,1906,1091,317,51,5589
2019,2019-01-01,09206,092061,栃木県,日光市,81726,2363,2662,3121,3538,3551,3418,3669,3900,4980,5425,5424,5398,6124,7339,6212,5461,4274,2958,1453,381,75,9141,39986,1222,1371,1647,1793,1806,1793,1939,2080,2542,2869,2784,2750,3169,3658,2980,2417,1719,1018,354,64,11,3166,41740,1141,1291,1474,1745,1745,1625,1730,1820,2438,2556,2640,2648,2955,3681,3232,3044,2555,1940,1099,317,64,5975
2019,2019-01-01,09208,092088,栃木県,小山市,160784,6511,7099,7474,7922,7830,8013,9629,10299,12035,13001,10662,9755,10304,11909,9827,7926,5185,3270,1648,436,49,10588,81388,3422,3646,3932,4072,4207,4267,5121,5434,6396,6917,5453,5005,5188,6043,4767,3617,2262,1126,435,73,5,3901,79396,3089,3453,3542,3850,3623,3746,4508,4865,5639,6084,5209,4750,5116,5866,5060,4309,2923,2144,1213,363,44,6687
2019,2019-01-01,09209,092096,栃木県,真岡市,77479,3218,3559,3737,3804,3521,3588,4476,4991,5730,5644,4607,4510,5506,6322,4932,3492,2714,1889,968,238,33,5842,39234,1643,1807,1908,2017,1832,1965,2378,2674,3050,3006,2412,2322,2798,3165,2478,1677,1201,614,239,43,5,2102,38245,1575,1752,1829,1787,1689,1623,2098,2317,2680,2638,2195,2188,2708,3157,2454,1815,1513,1275,729,195,28,3740
2019,2019-01-01,09210,092100,栃木県,大田原市,70411,2559,2916,3099,3418,3197,2965,3900,4413,4933,4880,4091,4422,5269,6124,4396,3301,2869,2212,1113,294,40,6528,35067,1345,1416,1616,1769,1633,1594,2081,2324,2603,2595,2090,2213,2689,3072,2213,1532,1187,760,287,43,5,2282,35344,1214,1500,1483,1649,1564,1371,1819,2089,2330,2285,2001,2209,2580,3052,2183,1769,1682,1452,826,251,35,4246
2019,2019-01-01,09211,092118,栃木県,矢板市,32232,1008,1162,1416,1581,1419,1340,1560,1784,2184,2265,1931,2115,2351,2968,2322,1813,1399,973,489,129,23,3013,15980,508,611,768,809,710,720,834,958,1131,1162,987,1079,1181,1483,1146,846,560,332,130,22,3,1047,16252,500,551,648,772,709,620,726,826,1053,1103,944,1036,1170,1485,1176,967,839,641,359,107,20,1966
2019,2019-01-01,09213,092134,栃木県,那須塩原市,115556,4712,5060,5331,5787,5222,5518,6310,7407,8615,8828,7195,6931,7785,9369,7340,5748,4042,2664,1286,349,57,8398,57675,2460,2626,2704,2986,2641,2872,3356,3876,4507,4581,3751,3505,3897,4647,3536,2702,1675,956,334,57,6,3028,57881,2252,2434,2627,2801,2581,2646,2954,3531,4108,4247,3444,3426,3888,4722,3804,3046,2367,1708,952,292,51,5370
2019,2019-01-01,09214,092142,栃木県,さくら市,43914,1957,2108,2216,2240,1975,2144,2480,3023,3369,3203,2578,2524,2692,3275,2635,2022,1582,1149,577,146,19,3473,22112,1005,1103,1126,1182,1085,1179,1321,1585,1769,1687,1334,1320,1344,1626,1287,943,670,376,147,22,1,1216,21802,952,1005,1090,1058,890,965,1159,1438,1600,1516,1244,1204,1348,1649,1348,1079,912,773,430,124,18,2257
2019,2019-01-01,09215,092151,栃木県,那須烏山市,26381,702,889,1044,1109,973,986,1132,1419,1595,1694,1528,1851,2108,2544,1979,1545,1371,1077,660,157,18,3283,13176,362,451,547,579,523,519,602,761,889,902,780,966,1106,1332,966,742,556,382,173,34,4,1149,13205,340,438,497,530,450,467,530,658,706,792,748,885,1002,1212,1013,803,815,695,487,123,14,2134
2019,2019-01-01,09216,092169,栃木県,下野市,59442,2288,2678,2782,3214,3460,2985,3380,3584,4155,4525,3899,3934,3982,4238,3397,2717,1989,1408,646,165,16,4224,29556,1202,1388,1444,1624,1771,1569,1696,1843,2107,2324,1906,1992,2061,2145,1651,1308,823,510,160,30,2,1525,29886,1086,1290,1338,1590,1689,1416,1684,1741,2048,2201,1993,1942,1921,2093,1746,1409,1166,898,486,135,14,2699
2019,2019-01-01,09300,093009,栃木県,河内郡,30884,1263,1385,1625,1807,1596,1508,1813,1942,2230,2545,2048,1963,2132,2186,1644,1275,893,649,289,84,7,1922,15771,637,726,870,933,886,814,949,1037,1155,1332,1048,1008,1080,1119,814,629,400,243,82,9,0,734,15113,626,659,755,874,710,694,864,905,1075,1213,1000,955,1052,1067,830,646,493,406,207,75,7,1188
2019,2019-01-01,09301,093017,栃木県,河内郡上三川町,30884,1263,1385,1625,1807,1596,1508,1813,1942,2230,2545,2048,1963,2132,2186,1644,1275,893,649,289,84,7,1922,15771,637,726,870,933,886,814,949,1037,1155,1332,1048,1008,1080,1119,814,629,400,243,82,9,0,734,15113,626,659,755,874,710,694,864,905,1075,1213,1000,955,1052,1067,830,646,493,406,207,75,7,1188
2019,2019-01-01,09340,093408,栃木県,芳賀郡,63165,1979,2443,2725,2869,2667,2402,3130,3572,4031,4020,3690,4342,5223,6008,4386,3166,2798,2190,1148,331,45,6512,31786,1016,1241,1437,1475,1447,1310,1669,1887,2173,2120,1915,2176,2714,3051,2304,1509,1174,811,295,53,9,2342,31379,963,1202,1288,1394,1220,1092,1461,1685,1858,1900,1775,2166,2509,2957,2082,1657,1624,1379,853,278,36,4170
2019,2019-01-01,09342,093424,栃木県,芳賀郡益子町,22976,739,958,1014,1048,994,940,1159,1379,1548,1494,1398,1578,1927,2202,1590,1084,880,601,336,99,8,1924,11521,383,480,519,557,515,493,587,725,834,762,721,790,980,1116,834,522,379,235,75,14,0,703,11455,356,478,495,491,479,447,572,654,714,732,677,788,947,1086,756,562,501,366,261,85,8,1221
2019,2019-01-01,09343,093432,栃木県,芳賀郡茂木町,12960,268,369,463,526,520,356,470,622,724,738,678,921,1185,1326,1028,790,774,703,373,110,16,1976,6455,135,190,258,257,299,204,262,323,396,398,353,457,634,662,547,376,324,252,103,20,5,704,6505,133,179,205,269,221,152,208,299,328,340,325,464,551,664,481,414,450,451,270,90,11,1272
2019,2019-01-01,09344,093441,栃木県,芳賀郡市貝町,11634,367,445,508,552,562,561,643,619,731,793,746,851,930,1053,693,511,449,370,190,52,8,1069,5948,189,223,262,274,311,310,361,344,393,414,391,423,511,549,379,231,187,132,51,11,2,383,5686,178,222,246,278,251,251,282,275,338,379,355,428,419,504,314,280,262,238,139,41,6,686
2019,2019-01-01,09345,093459,栃木県,芳賀郡芳賀町,15595,605,671,740,743,591,545,858,952,1028,995,868,992,1181,1427,1075,781,695,516,249,70,13,1543,7862,309,348,398,387,322,303,459,495,550,546,450,506,589,724,544,380,284,192,66,8,2,552,7733,296,323,342,356,269,242,399,457,478,449,418,486,592,703,531,401,411,324,183,62,11,991
2019,2019-01-01,09360,093602,栃木県,下都賀郡,64267,2374,2682,2868,2835,2736,2900,3591,4023,4480,4482,3747,3784,4822,5703,4791,3667,2352,1480,756,169,25,4782,31958,1210,1442,1486,1416,1393,1510,1883,2045,2354,2345,1949,1823,2343,2827,2357,1779,1046,511,209,28,2,1796,32309,1164,1240,1382,1419,1343,1390,1708,1978,2126,2137,1798,1961,2479,2876,2434,1888,1306,969,547,141,23,2986
2019,2019-01-01,09361,093611,栃木県,下都賀郡壬生町,39005,1481,1696,1796,1815,1709,1754,2084,2391,2789,2881,2354,2326,2734,3142,2854,2231,1468,920,468,96,16,2968,19328,753,906,931,907,870,904,1053,1223,1462,1500,1204,1171,1362,1537,1359,1074,652,320,117,22,1,1112,19677,728,790,865,908,839,850,1031,1168,1327,1381,1150,1155,1372,1605,1495,1157,816,600,351,74,15,1856
2019,2019-01-01,09364,093645,栃木県,下都賀郡野木町,25262,893,986,1072,1020,1027,1146,1507,1632,1691,1601,1393,1458,2088,2561,1937,1436,884,560,288,73,9,1814,12630,457,536,555,509,523,606,830,822,892,845,745,652,981,1290,998,705,394,191,92,6,1,684,12632,436,450,517,511,504,540,677,810,799,756,648,806,1107,1271,939,731,490,369,196,67,8,1130
2019,2019-01-01,09380,093807,栃木県,塩谷郡,40519,1378,1517,1706,1896,2055,2437,2501,2419,2633,2734,2501,2533,2860,3270,2522,1905,1604,1189,650,179,30,3652,20883,743,782,924,939,1229,1479,1454,1360,1408,1428,1276,1294,1493,1705,1258,902,632,397,153,24,3,1209,19636,635,735,782,957,826,958,1047,1059,1225,1306,1225,1239,1367,1565,1264,1003,972,792,497,155,27,2443
2019,2019-01-01,09384,093840,栃木県,塩谷郡塩谷町,11279,250,338,441,504,441,419,521,553,640,647,666,726,969,1181,890,654,639,460,249,75,16,1439,5587,130,175,239,259,241,221,277,318,346,323,339,383,493,622,441,295,254,158,59,11,3,485,5692,120,163,202,245,200,198,244,235,294,324,327,343,476,559,449,359,385,302,190,64,13,954
2019,2019-01-01,09386,093866,栃木県,塩谷郡高根沢町,29240,1128,1179,1265,1392,1614,2018,1980,1866,1993,2087,1835,1807,1891,2089,1632,1251,965,729,401,104,14,2213,15296,613,607,685,680,988,1258,1177,1042,1062,1105,937,911,1000,1083,817,607,378,239,94,13,0,724,13944,515,572,580,712,626,760,803,824,931,982,898,896,891,1006,815,644,587,490,307,91,14,1489
2019,2019-01-01,09400,094005,栃木県,那須郡,41341,1017,1205,1425,1731,1550,1369,1754,1969,2262,2523,2420,2850,3649,4552,3345,2573,2218,1723,949,231,26,5147,20780,538,639,709,911,817,749,963,1062,1241,1321,1264,1465,1866,2408,1771,1220,912,618,259,44,3,1836,20561,479,566,716,820,733,620,791,907,1021,1202,1156,1385,1783,2144,1574,1353,1306,1105,690,187,23,3311
2019,2019-01-01,09407,094072,栃木県,那須郡那須町,25015,651,731,882,1039,910,779,996,1197,1391,1551,1458,1714,2150,2854,2173,1668,1298,925,500,129,19,2871,12453,349,382,443,531,465,417,532,638,760,793,763,902,1066,1513,1119,789,517,331,113,27,3,991,12562,302,349,439,508,445,362,464,559,631,758,695,812,1084,1341,1054,879,781,594,387,102,16,1880
2019,2019-01-01,09411,094111,栃木県,那須郡那珂川町,16326,366,474,543,692,640,590,758,772,871,972,962,1136,1499,1698,1172,905,920,798,449,102,7,2276,8327,189,257,266,380,352,332,431,424,481,528,501,563,800,895,652,431,395,287,146,17,0,845,7999,177,217,277,312,288,258,327,348,390,444,461,573,699,803,520,474,525,511,303,85,7,1431
2019,2019-01-01,10000,100005,群馬県,,1924605,68822,78616,86883,94962,91910,85077,96209,109920,135185,146255,125262,114448,122201,150398,135031,110545,80494,55993,27834,7380,1180,172881,952693,35351,40224,44556,48847,48256,45196,50494,57524,70231,75858,64349,58186,61473,73828,65188,50586,33595,19751,7761,1300,139,62546,971912,33471,38392,42327,46115,43654,39881,45715,52396,64954,70397,60913,56262,60728,76570,69843,59959,46899,36242,20073,6080,1041,110335
2019,2019-01-01,10201,102016,群馬県,前橋市,330792,12351,13808,14681,16042,15537,15038,17271,19156,22968,25089,21634,19926,20931,24908,22347,18760,13929,10113,4878,1202,223,30345,161708,6332,7110,7478,8291,8009,7696,8874,9910,11746,12940,10857,9935,10414,12160,10565,8511,5717,3555,1373,207,28,10880,169084,6019,6698,7203,7751,7528,7342,8397,9246,11222,12149,10777,9991,10517,12748,11782,10249,8212,6558,3505,995,195,19465
2019,2019-01-01,10202,102024,群馬県,高崎市,368735,14645,15965,17283,17947,18229,17126,19590,22324,26965,29268,24331,21025,21503,26507,24664,20555,14526,9838,4989,1257,198,30808,181638,7551,8163,8927,9298,9482,8916,10087,11398,13784,15142,12362,10630,10662,12840,11814,9311,6028,3484,1459,276,24,11271,187097,7094,7802,8356,8649,8747,8210,9503,10926,13181,14126,11969,10395,10841,13667,12850,11244,8498,6354,3530,981,174,19537
2019,2019-01-01,10203,102032,群馬県,桐生市,110130,2873,3579,4256,5169,4970,3950,4448,5141,6744,8217,7442,6974,7218,9147,9404,8022,6009,4021,1919,535,92,12576,53116,1468,1832,2185,2655,2668,2096,2376,2654,3512,4168,3786,3516,3553,4445,4363,3510,2397,1320,511,91,10,4329,57014,1405,1747,2071,2514,2302,1854,2072,2487,3232,4049,3656,3458,3665,4702,5041,4512,3612,2701,1408,444,82,8247
2019,2019-01-01,10204,102041,群馬県,伊勢崎市,201006,8176,8946,9729,10758,10299,9923,10981,12622,15515,16053,13173,11266,11694,13760,12580,10175,7352,4970,2344,597,93,15356,100696,4140,4589,4928,5579,5446,5282,5704,6639,8093,8451,6892,5845,5943,6702,6101,4681,3077,1832,651,108,13,5681,100310,4036,4357,4801,5179,4853,4641,5277,5983,7422,7602,6281,5421,5751,7058,6479,5494,4275,3138,1693,489,80,9675
2019,2019-01-01,10205,102059,群馬県,太田市,213495,8824,10067,10852,11162,10415,10234,11472,13600,16565,17308,13685,11140,11633,15495,14883,11357,7453,4421,2196,636,97,14803,108207,4492,5199,5491,5753,5666,5686,6140,7303,8870,9038,7386,5813,5876,7479,7243,5332,3218,1527,564,121,10,5440,105288,4332,4868,5361,5409,4749,4548,5332,6297,7695,8270,6299,5327,5757,8016,7640,6025,4235,2894,1632,515,87,9363
2019,2019-01-01,10206,102067,群馬県,沼田市,47550,1435,1654,2138,2316,2147,1812,2171,2407,2947,3237,3027,3065,3562,3991,3253,2918,2345,1861,1001,227,36,5470,23143,771,843,1066,1162,1141,980,1172,1249,1491,1648,1528,1525,1810,1997,1553,1295,945,652,275,35,5,1912,24407,664,811,1072,1154,1006,832,999,1158,1456,1589,1499,1540,1752,1994,1700,1623,1400,1209,726,192,31,3558
2019,2019-01-01,10207,102075,群馬県,館林市,73957,2382,2992,3361,3800,3504,3091,3614,4225,5530,5984,4922,4335,4597,5763,5531,4252,2928,1988,903,221,34,6074,37095,1214,1527,1750,1957,1872,1703,2000,2246,2879,3156,2598,2265,2318,2825,2684,1897,1199,721,235,46,3,2204,36862,1168,1465,1611,1843,1632,1388,1614,1979,2651,2828,2324,2070,2279,2938,2847,2355,1729,1267,668,175,31,3870
2019,2019-01-01,10208,102083,群馬県,渋川市,77137,2322,2751,3087,3527,3425,3136,3530,4098,4787,5130,4749,4967,5691,6973,5609,4920,3799,2822,1373,367,74,8435,37833,1178,1358,1625,1780,1755,1637,1854,2194,2506,2625,2388,2534,2913,3486,2728,2247,1589,986,394,49,7,3025,39304,1144,1393,1462,1747,1670,1499,1676,1904,2281,2505,2361,2433,2778,3487,2881,2673,2210,1836,979,318,67,5410
2019,2019-01-01,10209,102091,群馬県,藤岡市,64936,1941,2498,2877,3237,3115,2779,2985,3356,4460,4919,4242,4049,4390,5573,4756,3833,2759,1974,901,261,31,5926,31913,982,1233,1488,1643,1593,1486,1583,1751,2347,2513,2139,2037,2195,2697,2313,1779,1152,698,236,45,3,2134,33023,959,1265,1389,1594,1522,1293,1402,1605,2113,2406,2103,2012,2195,2876,2443,2054,1607,1276,665,216,28,3792
2019,2019-01-01,10210,102105,群馬県,富岡市,48194,1473,1884,2145,2393,2160,1949,2038,2458,3098,3430,3029,3019,3442,4175,3522,2939,2285,1648,857,227,23,5040,23828,780,944,1109,1224,1104,1047,1071,1304,1617,1715,1547,1530,1746,2103,1713,1399,978,589,269,36,3,1875,24366,693,940,1036,1169,1056,902,967,1154,1481,1715,1482,1489,1696,2072,1809,1540,1307,1059,588,191,20,3165
2019,2019-01-01,10211,102113,群馬県,安中市,57585,1602,2000,2335,2621,2550,2223,2374,2849,3505,4184,3761,3667,4006,5319,4484,3729,2883,2021,1105,308,59,6376,28373,840,1013,1227,1350,1331,1226,1246,1519,1763,2158,1919,1851,2013,2616,2229,1730,1225,734,329,49,5,2342,29212,762,987,1108,1271,1219,997,1128,1330,1742,2026,1842,1816,1993,2703,2255,1999,1658,1287,776,259,54,4034
2019,2019-01-01,10212,102121,群馬県,みどり市,50033,1768,2096,2438,2658,2310,2013,2431,2949,3804,3939,3178,2867,3121,4002,3516,2875,1944,1281,630,183,30,4068,24817,934,1086,1249,1379,1164,1078,1300,1522,1972,2042,1671,1433,1545,1971,1709,1310,807,450,166,28,1,1452,25216,834,1010,1189,1279,1146,935,1131,1427,1832,1897,1507,1434,1576,2031,1807,1565,1137,831,464,155,29,2616
2019,2019-01-01,10340,103403,群馬県,北群馬郡,35847,1795,1760,1846,1908,1832,1755,2215,2430,2898,2707,2199,1990,2170,2487,2047,1544,1061,724,370,89,20,2264,17861,898,883,932,956,1000,904,1149,1209,1520,1396,1116,1001,1101,1222,1044,720,449,262,84,13,2,810,17986,897,877,914,952,832,851,1066,1221,1378,1311,1083,989,1069,1265,1003,824,612,462,286,76,18,1454
2019,2019-01-01,10344,103446,群馬県,北群馬郡榛東村,14564,629,618,691,748,861,769,802,922,1123,1046,958,790,934,1117,890,661,468,321,168,41,7,1005,7412,320,332,356,384,520,435,419,458,604,537,495,402,482,552,465,291,200,121,34,5,0,360,7152,309,286,335,364,341,334,383,464,519,509,463,388,452,565,425,370,268,200,134,36,7,645
2019,2019-01-01,10345,103454,群馬県,北群馬郡吉岡町,21283,1166,1142,1155,1160,971,986,1413,1508,1775,1661,1241,1200,1236,1370,1157,883,593,403,202,48,13,1259,10449,578,551,576,572,480,469,730,751,916,859,621,599,619,670,579,429,249,141,50,8,2,450,10834,588,591,579,588,491,517,683,757,859,802,620,601,617,700,578,454,344,262,152,40,11,809
2019,2019-01-01,10360,103608,群馬県,多野郡,3021,53,55,83,68,74,82,86,101,125,126,129,160,253,328,264,300,314,246,129,42,3,734,1486,29,33,41,36,39,38,52,63,69,72,76,85,134,175,129,126,139,95,46,8,1,289,1535,24,22,42,32,35,44,34,38,56,54,53,75,119,153,135,174,175,151,83,34,2,445
2019,2019-01-01,10366,103667,群馬県,多野郡上野村,1175,38,34,49,39,38,43,43,58,62,56,43,60,81,110,83,96,95,95,40,10,2,242,600,20,23,26,21,14,16,23,36,33,37,25,33,45,60,39,47,44,36,20,2,0,102,575,18,11,23,18,24,27,20,22,29,19,18,27,36,50,44,49,51,59,20,8,2,140
2019,2019-01-01,10367,103675,群馬県,多野郡神流町,1846,15,21,34,29,36,39,43,43,63,70,86,100,172,218,181,204,219,151,89,32,1,492,886,9,10,15,15,25,22,29,27,36,35,51,52,89,115,90,79,95,59,26,6,1,187,960,6,11,19,14,11,17,14,16,27,35,35,48,83,103,91,125,124,92,63,26,0,305
2019,2019-01-01,10380,103802,群馬県,甘楽郡,22293,495,617,722,896,848,762,871,929,1152,1297,1317,1524,1848,2219,1745,1636,1415,1194,628,153,25,3415,10940,256,314,382,481,437,413,455,490,587,704,663,783,934,1159,876,745,594,457,184,23,3,1261,11353,239,303,340,415,411,349,416,439,565,593,654,741,914,1060,869,891,821,737,444,130,22,2154
2019,2019-01-01,10382,103829,群馬県,甘楽郡下仁田町,7366,97,122,168,241,227,212,242,237,298,357,426,549,652,791,640,662,587,508,269,69,12,1445,3640,47,54,88,137,125,115,131,137,160,217,222,275,333,426,318,294,265,199,82,13,2,561,3726,50,68,80,104,102,97,111,100,138,140,204,274,319,365,322,368,322,309,187,56,10,884
2019,2019-01-01,10383,103837,群馬県,甘楽郡南牧村,1873,13,23,17,31,32,32,51,33,34,61,100,93,190,176,168,218,239,210,120,28,4,601,871,8,17,8,16,18,21,26,16,14,31,59,60,88,91,91,90,89,87,36,5,0,217,1002,5,6,9,15,14,11,25,17,20,30,41,33,102,85,77,128,150,123,84,23,4,384
2019,2019-01-01,10384,103845,群馬県,甘楽郡甘楽町,13054,385,472,537,624,589,518,578,659,820,879,791,882,1006,1252,937,756,589,476,239,56,9,1369,6429,201,243,286,328,294,277,298,337,413,456,382,448,513,642,467,361,240,171,66,5,1,483,6625,184,229,251,296,295,241,280,322,407,423,409,434,493,610,470,395,349,305,173,51,8,886
2019,2019-01-01,10420,104205,群馬県,吾妻郡,54250,1336,1665,2048,2345,2174,1898,2105,2335,2935,3473,3332,3773,4238,5216,4155,3833,3198,2440,1311,383,57,7389,26807,682,882,1075,1202,1081,1036,1130,1243,1534,1854,1720,1978,2235,2637,2030,1763,1378,893,398,49,7,2725,27443,654,783,973,1143,1093,862,975,1092,1401,1619,1612,1795,2003,2579,2125,2070,1820,1547,913,334,50,4664
2019,2019-01-01,10421,104213,群馬県,吾妻郡中之条町,15938,400,493,604,688,635,619,627,646,897,987,993,1056,1216,1431,1207,1123,1009,768,414,110,15,2316,7790,208,274,305,355,304,336,322,327,478,506,504,548,626,717,603,538,423,271,134,10,1,839,8148,192,219,299,333,331,283,305,319,419,481,489,508,590,714,604,585,586,497,280,100,14,1477
2019,2019-01-01,10424,104248,群馬県,吾妻郡長野原町,5516,118,156,223,273,208,183,220,261,333,387,322,406,407,547,407,379,298,224,120,37,7,686,2722,62,81,111,134,100,102,123,141,171,219,163,215,214,275,181,189,128,71,38,3,1,241,2794,56,75,112,139,108,81,97,120,162,168,159,191,193,272,226,190,170,153,82,34,6,445
2019,2019-01-01,10425,104256,群馬県,吾妻郡嬬恋村,9438,287,315,378,376,366,304,397,430,531,597,603,719,782,857,735,620,521,356,190,60,14,1141,4758,145,170,202,194,206,174,220,228,271,326,316,373,428,419,376,287,222,141,48,9,3,423,4680,142,145,176,182,160,130,177,202,260,271,287,346,354,438,359,333,299,215,142,51,11,718
2019,2019-01-01,10426,104264,群馬県,吾妻郡草津町,6174,139,172,213,278,292,217,202,241,337,476,391,374,419,592,562,528,376,224,108,31,2,741,3068,66,92,114,138,138,122,111,127,187,273,199,227,211,303,256,219,163,73,40,8,1,285,3106,73,80,99,140,154,95,91,114,150,203,192,147,208,289,306,309,213,151,68,23,1,456
2019,2019-01-01,10428,104281,群馬県,吾妻郡高山村,3565,92,129,151,187,150,120,161,156,180,226,201,264,275,319,242,212,210,173,87,29,1,500,1767,49,70,84,98,78,63,88,92,79,116,105,137,135,169,124,93,99,69,18,1,0,187,1798,43,59,67,89,72,57,73,64,101,110,96,127,140,150,118,119,111,104,69,28,1,313
2019,2019-01-01,10429,104299,群馬県,吾妻郡東吾妻町,13619,300,400,479,543,523,455,498,601,657,800,822,954,1139,1470,1002,971,784,695,392,116,18,2005,6702,152,195,259,283,255,239,266,328,348,414,433,478,621,754,490,437,343,268,120,18,1,750,6917,148,205,220,260,268,216,232,273,309,386,389,476,518,716,512,534,441,427,272,98,17,1255
2019,2019-01-01,10440,104400,群馬県,利根郡,33458,909,1104,1212,1604,1374,1106,1294,1532,1841,1923,2011,2356,2785,3337,2447,2095,1871,1541,854,232,30,4528,16333,468,578,611,803,725,577,706,823,949,1010,997,1182,1467,1744,1242,922,760,507,226,29,7,1529,17125,441,526,601,801,649,529,588,709,892,913,1014,1174,1318,1593,1205,1173,1111,1034,628,203,23,2999
2019,2019-01-01,10443,104434,群馬県,利根郡片品村,4411,99,122,144,232,174,143,161,187,218,244,267,370,390,451,298,264,274,223,118,26,6,647,2148,52,55,69,116,92,80,94,104,112,133,133,175,210,234,159,111,105,75,34,4,1,219,2263,47,67,75,116,82,63,67,83,106,111,134,195,180,217,139,153,169,148,84,22,5,428
2019,2019-01-01,10444,104442,群馬県,利根郡川場村,3294,112,138,150,180,142,109,139,176,215,196,161,183,266,344,214,168,147,142,90,21,1,401,1573,55,80,72,91,66,62,68,92,111,103,72,89,133,173,117,72,65,35,16,1,0,117,1721,57,58,78,89,76,47,71,84,104,93,89,94,133,171,97,96,82,107,74,20,1,284
2019,2019-01-01,10448,104485,群馬県,利根郡昭和村,6997,261,297,301,361,311,242,315,366,434,414,410,432,583,696,465,356,305,259,142,41,6,753,3526,147,166,173,181,167,117,173,193,216,224,203,214,320,357,247,166,131,88,39,4,0,262,3471,114,131,128,180,144,125,142,173,218,190,207,218,263,339,218,190,174,171,103,37,6,491
2019,2019-01-01,10449,104493,群馬県,利根郡みなかみ町,18756,437,547,617,831,747,612,679,803,974,1069,1173,1371,1546,1846,1470,1307,1145,917,504,144,17,2727,9086,214,277,297,415,400,318,371,434,510,550,589,704,804,980,719,573,459,309,137,20,6,931,9670,223,270,320,416,347,294,308,369,464,519,584,667,742,866,751,734,686,608,367,124,11,1796
2019,2019-01-01,10460,104604,群馬県,佐波郡,35509,1242,1384,1570,1863,2049,1793,1836,1961,2471,2732,2718,2606,2561,2798,2294,1497,991,698,334,102,9,2134,17589,643,698,834,891,1003,901,949,1038,1288,1379,1307,1295,1329,1408,1146,726,390,252,91,21,0,754,17920,599,686,736,972,1046,892,887,923,1183,1353,1411,1311,1232,1390,1148,771,601,446,243,81,9,1380
2019,2019-01-01,10464,104647,群馬県,佐波郡玉村町,35509,1242,1384,1570,1863,2049,1793,1836,1961,2471,2732,2718,2606,2561,2798,2294,1497,991,698,334,102,9,2134,17589,643,698,834,891,1003,901,949,1038,1288,1379,1307,1295,1329,1408,1146,726,390,252,91,21,0,754,17920,599,686,736,972,1046,892,887,923,1183,1353,1411,1311,1232,1390,1148,771,601,446,243,81,9,1380
2019,2019-01-01,10520,105201,群馬県,邑楽郡,96677,3200,3791,4220,4648,4898,4407,4897,5447,6875,7239,6383,5739,6558,8400,7530,5305,3432,2192,1112,358,46,7140,49310,1693,1939,2158,2407,2740,2494,2646,2969,3704,3847,3397,2948,3285,4162,3706,2582,1553,737,270,66,7,2633,47367,1507,1852,2062,2241,2158,1913,2251,2478,3171,3392,2986,2791,3273,4238,3824,2723,1879,1455,842,292,39,4507
2019,2019-01-01,10521,105210,群馬県,邑楽郡板倉町,14400,343,546,608,679,669,491,555,765,963,979,970,918,1215,1468,1134,816,592,388,229,66,6,1281,7230,184,283,307,337,356,265,316,402,527,499,493,473,630,766,535,386,267,133,57,14,0,471,7170,159,263,301,342,313,226,239,363,436,480,477,445,585,702,599,430,325,255,172,52,6,810
2019,2019-01-01,10522,105228,群馬県,邑楽郡明和町,11037,381,456,486,530,503,523,597,588,790,772,645,661,786,1009,829,580,400,296,159,39,7,901,5558,197,245,253,265,265,284,302,322,403,408,337,335,391,503,436,273,175,105,52,6,1,339,5479,184,211,233,265,238,239,295,266,387,364,308,326,395,506,393,307,225,191,107,33,6,562
2019,2019-01-01,10523,105236,群馬県,邑楽郡千代田町,11062,373,464,508,528,505,479,537,613,840,821,660,653,746,1005,865,549,403,298,149,59,7,916,5601,204,241,287,269,266,247,285,328,442,443,338,339,376,494,441,285,176,94,37,9,0,316,5461,169,223,221,259,239,232,252,285,398,378,322,314,370,511,424,264,227,204,112,50,7,600
2019,2019-01-01,10524,105244,群馬県,邑楽郡大泉町,34162,1333,1342,1445,1635,2021,1871,1962,2035,2416,2677,2487,1985,2075,2484,2454,1825,1097,630,286,94,8,2115,17765,697,687,693,875,1221,1099,1076,1152,1325,1432,1391,1037,1015,1244,1164,866,503,207,59,21,1,791,16397,636,655,752,760,800,772,886,883,1091,1245,1096,948,1060,1240,1290,959,594,423,227,73,7,1324
2019,2019-01-01,10525,105252,群馬県,邑楽郡邑楽町,26016,770,983,1173,1276,1200,1043,1246,1446,1866,1990,1621,1522,1736,2434,2248,1535,940,580,289,100,18,1927,13156,411,483,618,661,632,599,667,765,1007,1065,838,764,873,1155,1130,772,432,198,65,16,5,716,12860,359,500,555,615,568,444,579,681,859,925,783,758,863,1279,1118,763,508,382,224,84,13,1211
2019,2019-01-01,11000,110001,埼玉県,,7200193,275943,301849,315347,335147,363286,360518,400021,453385,544982,608820,506407,422253,408559,509740,484003,413777,269636,146352,61368,16405,2395,496156,3605747,141305,154854,161555,172062,184590,185237,207612,236460,285952,320294,265315,218624,207274,248784,229587,192222,119212,54618,17020,2869,301,194020,3594446,134638,146995,153792,163085,178696,175281,192409,216925,259030,288526,241092,203629,201285,260956,254416,221555,150424,91734,44348,13536,2094,302136
2019,2019-01-01,11100,111007,埼玉県,さいたま市,1277532,54059,57484,57748,60661,68091,70557,77655,85512,99629,110778,94353,77129,67110,76293,73666,63791,43655,25105,10965,2838,453,83016,636697,27775,29539,29669,31110,34622,35754,39673,44019,51551,56859,48935,39962,34582,37358,34480,29016,18780,9265,3174,521,53,31793,640835,26284,27945,28079,29551,33469,34803,37982,41493,48078,53919,45418,37167,32528,38935,39186,34775,24875,15840,7791,2317,400,51223
2019,2019-01-01,11101,111015,埼玉県,さいたま市西区,88994,3821,3865,3954,4142,4384,4665,5184,5737,6682,7333,5810,4750,4441,5947,6083,5583,3716,1889,784,185,39,6613,44117,1932,1970,2033,2070,2128,2341,2684,2981,3507,3864,3086,2461,2227,2825,2783,2572,1681,724,214,31,3,2653,44877,1889,1895,1921,2072,2256,2324,2500,2756,3175,3469,2724,2289,2214,3122,3300,3011,2035,1165,570,154,36,3960
2019,2019-01-01,11102,111023,埼玉県,さいたま市北区,144705,5887,6711,7059,7141,8110,8333,8644,9626,11623,12874,11098,9264,7557,8064,7500,6286,4550,2785,1209,340,44,8928,72332,3039,3468,3615,3635,4212,4352,4373,4861,5942,6604,5643,4862,3987,4030,3492,2865,1854,1032,371,88,7,3352,72373,2848,3243,3444,3506,3898,3981,4271,4765,5681,6270,5455,4402,3570,4034,4008,3421,2696,1753,838,252,37,5576
2019,2019-01-01,11103,111031,埼玉県,さいたま市大宮区,114308,4860,4824,4496,4852,5885,7048,7704,8266,8989,9720,8156,6961,6232,6750,6126,5219,3854,2725,1256,322,63,8220,56889,2425,2475,2271,2497,2996,3595,4053,4334,4744,5004,4228,3520,3175,3310,2897,2347,1585,958,390,72,13,3018,57419,2435,2349,2225,2355,2889,3453,3651,3932,4245,4716,3928,3441,3057,3440,3229,2872,2269,1767,866,250,50,5202
2019,2019-01-01,11104,111040,埼玉県,さいたま市見沼区,159778,5957,6973,7308,7866,8327,7897,8541,9651,11898,13456,11334,9539,8858,10478,10627,9507,6355,3360,1445,345,56,11561,79293,3044,3574,3828,4057,4198,3953,4375,5005,6159,6962,5827,4876,4508,5084,4919,4353,2847,1271,387,60,6,4571,80485,2913,3399,3480,3809,4129,3944,4166,4646,5739,6494,5507,4663,4350,5394,5708,5154,3508,2089,1058,285,50,6990
2019,2019-01-01,11105,111058,埼玉県,さいたま市中央区,99126,4227,4249,4523,4543,5474,6423,6407,6640,7846,8934,7701,6030,5112,5519,5132,4360,3052,1894,822,205,33,6006,49326,2221,2205,2357,2335,2770,3210,3267,3496,3933,4435,4028,3080,2612,2736,2487,1947,1262,669,244,30,2,2207,49800,2006,2044,2166,2208,2704,3213,3140,3144,3913,4499,3673,2950,2500,2783,2645,2413,1790,1225,578,175,31,3799
2019,2019-01-01,11106,111066,埼玉県,さいたま市桜区,93316,3340,3925,4179,4609,5774,5081,5237,5908,7250,8173,7064,5530,4799,5821,5804,5233,3334,1482,589,160,24,5589,47406,1721,1969,2138,2396,3114,2691,2714,3093,3861,4321,3687,2967,2567,2852,2679,2383,1495,573,158,24,3,2253,45910,1619,1956,2041,2213,2660,2390,2523,2815,3389,3852,3377,2563,2232,2969,3125,2850,1839,909,431,136,21,3336
2019,2019-01-01,11107,111074,埼玉県,さいたま市浦和区,159113,7211,7691,7144,7501,8210,8968,10241,11391,12277,13938,12528,10323,8519,8490,7781,6454,4941,3386,1624,439,56,10446,77528,3695,3927,3614,3883,4064,4403,5049,5672,6126,6796,6348,5254,4334,4165,3623,2788,1999,1197,494,89,8,3787,81585,3516,3764,3530,3618,4146,4565,5192,5719,6151,7142,6180,5069,4185,4325,4158,3666,2942,2189,1130,350,48,6659
2019,2019-01-01,11108,111082,埼玉県,さいたま市南区,184129,8923,8427,8004,8686,10116,11175,12745,13438,14779,16494,14574,11709,9143,9623,8827,7588,5343,2924,1262,300,49,9878,92789,4644,4381,4156,4416,5203,5718,6554,6952,7652,8467,7607,6150,4850,4744,4169,3358,2270,1073,374,49,2,3768,91340,4279,4046,3848,4270,4913,5457,6191,6486,7127,8027,6967,5559,4293,4879,4658,4230,3073,1851,888,251,47,6110
2019,2019-01-01,11109,111091,埼玉県,さいたま市緑区,123867,6102,6578,6285,6063,6689,6243,7536,8602,10176,10571,8648,7032,6271,7149,6944,5798,3758,2164,955,261,42,7180,61463,3081,3348,3227,3099,3296,3057,3773,4379,5273,5381,4441,3675,3147,3528,3307,2713,1621,804,272,37,4,2738,62404,3021,3230,3058,2964,3393,3186,3763,4223,4903,5190,4207,3357,3124,3621,3637,3085,2137,1360,683,224,38,4442
2019,2019-01-01,11110,111104,埼玉県,さいたま市岩槻区,110196,3731,4241,4796,5258,5122,4724,5416,6253,8109,9285,7440,5991,6178,8452,8842,7763,4752,2496,1019,281,47,8595,55554,1973,2222,2430,2722,2641,2434,2831,3246,4354,5025,4040,3117,3175,4084,4124,3690,2166,964,270,41,5,3446,54642,1758,2019,2366,2536,2481,2290,2585,3007,3755,4260,3400,2874,3003,4368,4718,4073,2586,1532,749,240,42,5149
2019,2019-01-01,11201,112011,埼玉県,川越市,344959,13371,15305,15077,15696,17566,17094,19099,22204,26486,28710,23665,19389,18488,24203,24241,20873,13138,6847,2682,704,121,23492,172665,6961,7910,7601,8047,8925,8818,10110,11580,13915,15178,12348,10014,9238,11615,11224,9756,5936,2617,741,118,13,9425,172294,6410,7395,7476,7649,8641,8276,8989,10624,12571,13532,11317,9375,9250,12588,13017,11117,7202,4230,1941,586,108,14067
2019,2019-01-01,11202,112020,埼玉県,熊谷市,194408,6794,7562,8298,9150,9324,8926,10037,11571,13537,14915,13015,12402,13113,15443,13785,11148,7776,4728,2205,589,90,15388,97206,3454,3882,4310,4788,4920,4687,5332,6078,7121,7803,6802,6324,6624,7573,6728,5127,3318,1635,592,96,12,5653,97202,3340,3680,3988,4362,4404,4239,4705,5493,6416,7112,6213,6078,6489,7870,7057,6021,4458,3093,1613,493,78,9735
2019,2019-01-01,11203,112038,埼玉県,川口市,567850,22785,24197,24970,25807,28923,31022,34085,37578,45625,51612,42982,33305,28548,35420,34052,30206,20732,10869,3970,1032,130,36733,288340,11617,12424,12843,13260,14541,16111,17907,19897,24195,27687,23228,17959,15025,17633,16353,13651,8742,3981,1095,177,14,14009,279510,11168,11773,12127,12547,14382,14911,16178,17681,21430,23925,19754,15346,13523,17787,17699,16555,11990,6888,2875,855,116,22724
2019,2019-01-01,11206,112062,埼玉県,行田市,79899,2455,2918,3372,3664,3735,3503,3788,4524,5623,5844,5287,4985,5619,7030,6208,4840,3195,2013,984,268,44,6504,39649,1249,1456,1750,1876,1906,1838,1953,2396,2956,3115,2730,2555,2805,3498,3009,2196,1355,691,250,54,11,2361,40250,1206,1462,1622,1788,1829,1665,1835,2128,2667,2729,2557,2430,2814,3532,3199,2644,1840,1322,734,214,33,4143
2019,2019-01-01,11207,112071,埼玉県,秩父市,62311,2007,2352,2703,2963,2694,2509,2825,3136,3686,4225,4133,4201,4503,5229,4310,3889,3330,2235,1077,273,31,6946,30541,1048,1193,1349,1531,1409,1316,1489,1623,1918,2151,2099,2214,2292,2593,2075,1742,1348,813,288,47,3,2499,31770,959,1159,1354,1432,1285,1193,1336,1513,1768,2074,2034,1987,2211,2636,2235,2147,1982,1422,789,226,28,4447
2019,2019-01-01,11208,112089,埼玉県,所沢市,338745,12731,13750,14316,15165,17746,16937,18743,21149,25260,28377,24131,20292,19104,23961,22774,19990,13035,7332,3033,792,127,24319,167986,6484,7014,7313,7757,8900,8516,9730,10858,13019,14818,12480,10504,9539,11507,10591,9214,5791,2889,875,163,24,9742,170759,6247,6736,7003,7408,8846,8421,9013,10291,12241,13559,11651,9788,9565,12454,12183,10776,7244,4443,2158,629,103,14577
2019,2019-01-01,11209,112097,埼玉県,飯能市,78785,2569,2888,3074,3531,3746,3548,3913,4417,5096,5917,5237,5197,5479,6959,6037,4901,3149,1994,857,246,30,6276,39432,1316,1538,1588,1854,1925,1846,2088,2293,2645,3139,2650,2608,2733,3527,2990,2355,1388,671,227,45,6,2337,39353,1253,1350,1486,1677,1821,1702,1825,2124,2451,2778,2587,2589,2746,3432,3047,2546,1761,1323,630,201,24,3939
2019,2019-01-01,11210,112101,埼玉県,加須市,111331,3671,4375,4859,5016,5218,5117,5857,6615,7618,7996,7056,7355,8576,9916,7846,5732,4100,2661,1365,332,50,8508,55923,1944,2240,2507,2534,2710,2655,3080,3480,4056,4228,3596,3693,4368,5077,3971,2706,1721,917,372,61,7,3078,55408,1727,2135,2352,2482,2508,2462,2777,3135,3562,3768,3460,3662,4208,4839,3875,3026,2379,1744,993,271,43,5430
2019,2019-01-01,11211,112119,埼玉県,本庄市,76078,2652,3020,3248,3647,3664,3460,3924,4560,5306,5852,5127,4866,5113,6002,5289,4217,2999,1942,908,255,27,6131,37981,1336,1514,1655,1886,1874,1833,2102,2394,2828,3119,2656,2486,2624,2944,2572,1946,1261,663,239,44,5,2212,38097,1316,1506,1593,1761,1790,1627,1822,2166,2478,2733,2471,2380,2489,3058,2717,2271,1738,1279,669,211,22,3919
2019,2019-01-01,11212,112127,埼玉県,東松山市,88017,3342,3627,3686,3836,4253,4072,4881,5259,6152,6699,5490,5467,6019,7440,6347,5070,3313,1984,827,223,30,6377,44121,1736,1883,1838,1951,2211,2154,2548,2707,3246,3564,2830,2714,3045,3702,3085,2442,1481,702,236,44,2,2465,43896,1606,1744,1848,1885,2042,1918,2333,2552,2906,3135,2660,2753,2974,3738,3262,2628,1832,1282,591,179,28,3912
2019,2019-01-01,11214,112143,埼玉県,春日部市,230902,7447,8593,9419,10354,11187,10479,11132,13200,16682,19357,16323,12965,13527,18598,18655,16270,9803,4530,1836,475,70,16714,114778,3858,4457,4751,5222,5638,5386,5780,6977,8904,10195,8394,6624,6696,8754,8626,7630,4591,1733,481,72,9,6886,116124,3589,4136,4668,5132,5549,5093,5352,6223,7778,9162,7929,6341,6831,9844,10029,8640,5212,2797,1355,403,61,9828
2019,2019-01-01,11215,112151,埼玉県,狭山市,149039,4874,5466,5847,6529,7346,7053,7383,8423,10464,12085,9785,8552,8997,12460,12092,10314,6219,3266,1424,403,57,11369,74910,2462,2830,3013,3317,3874,3779,3936,4478,5562,6480,5094,4423,4489,6014,5696,4888,2901,1196,398,73,7,4575,74129,2412,2636,2834,3212,3472,3274,3447,3945,4902,5605,4691,4129,4508,6446,6396,5426,3318,2070,1026,330,50,6794
2019,2019-01-01,11216,112160,埼玉県,羽生市,53597,1782,2003,2280,2625,2630,2502,2710,2964,3653,3979,3470,3423,3860,4472,3849,2972,2185,1372,687,152,27,4423,26826,873,1033,1186,1334,1344,1328,1474,1573,1965,2110,1785,1722,1986,2208,1892,1362,923,509,191,27,1,1651,26771,909,970,1094,1291,1286,1174,1236,1391,1688,1869,1685,1701,1874,2264,1957,1610,1262,863,496,125,26,2772
2019,2019-01-01,11217,112178,埼玉県,鴻巣市,117039,4050,4599,4958,5303,5541,5408,6258,6923,8293,8770,7722,7415,7933,9688,8828,6839,4512,2525,1100,330,44,8511,57999,2118,2340,2535,2692,2781,2823,3218,3568,4368,4563,3910,3622,3908,4777,4271,3196,2035,930,284,57,3,3309,59040,1932,2259,2423,2611,2760,2585,3040,3355,3925,4207,3812,3793,4025,4911,4557,3643,2477,1595,816,273,41,5202
2019,2019-01-01,11218,112186,埼玉県,深谷市,140869,5135,5860,6511,6948,6540,6309,7264,8559,10203,10790,9140,8192,9227,11629,9900,7958,5301,3289,1623,436,55,10704,70370,2625,3011,3246,3596,3438,3254,3783,4489,5397,5644,4786,4122,4655,5704,4906,3810,2257,1152,409,80,6,3904,70499,2510,2849,3265,3352,3102,3055,3481,4070,4806,5146,4354,4070,4572,5925,4994,4148,3044,2137,1214,356,49,6800
2019,2019-01-01,11219,112194,埼玉県,上尾市,225023,8325,9185,10018,10975,11290,10764,11927,13514,16744,19868,16081,12816,12283,15439,15345,14540,9288,4376,1724,454,67,15909,111855,4303,4726,5187,5602,5574,5557,6169,7103,8660,10281,8219,6662,6150,7381,7034,6649,4261,1717,526,83,11,6598,113168,4022,4459,4831,5373,5716,5207,5758,6411,8084,9587,7862,6154,6133,8058,8311,7891,5027,2659,1198,371,56,9311
2019,2019-01-01,11221,112216,埼玉県,草加市,241751,8938,9981,10845,11852,13308,12370,12812,14849,19455,22889,18571,13712,11694,15476,15715,14135,9060,4227,1416,388,58,15149,122686,4654,5116,5557,6057,6867,6525,6803,7689,10212,12285,10017,7393,6118,7479,7264,6433,4038,1683,426,64,6,6217,119065,4284,4865,5288,5795,6441,5845,6009,7160,9243,10604,8554,6319,5576,7997,8451,7702,5022,2544,990,324,52,8932
2019,2019-01-01,11222,112224,埼玉県,越谷市,336461,14023,14845,15002,15900,17426,17066,19364,22068,26122,30177,24025,18406,17212,22042,22054,19824,12443,5630,2164,579,89,20905,167539,7189,7518,7709,8137,8631,8597,9827,11350,13632,15820,12639,9526,8581,10559,10198,8984,5763,2177,592,97,13,8642,168922,6834,7327,7293,7763,8795,8469,9537,10718,12490,14357,11386,8880,8631,11483,11856,10840,6680,3453,1572,482,76,12263
2019,2019-01-01,11223,112232,埼玉県,蕨市,68562,2425,2424,2364,2654,3775,4535,4647,4612,5062,5641,5026,4308,3823,4460,4050,3577,2624,1694,654,186,21,5179,34767,1264,1219,1220,1344,1907,2350,2531,2520,2737,3048,2667,2301,2023,2245,1970,1569,1025,608,179,38,2,1852,33795,1161,1205,1144,1310,1868,2185,2116,2092,2325,2593,2359,2007,1800,2215,2080,2008,1599,1086,475,148,19,3327
2019,2019-01-01,11224,112241,埼玉県,戸田市,132340,6886,6857,6283,6353,7770,8623,9344,10334,11568,12359,10132,7687,5666,6119,5618,4771,3318,1765,682,184,21,5970,67902,3554,3478,3229,3306,3875,4375,4759,5447,6123,6654,5404,4236,3121,3191,2816,2133,1349,630,186,32,4,2201,64438,3332,3379,3054,3047,3895,4248,4585,4887,5445,5705,4728,3451,2545,2928,2802,2638,1969,1135,496,152,17,3769
2019,2019-01-01,11225,112259,埼玉県,入間市,146343,5031,5779,6567,7088,7111,6502,7217,8509,10403,12044,10170,8770,9374,11727,10679,8854,5633,3129,1298,407,51,10518,72677,2617,2975,3350,3617,3578,3325,3727,4413,5426,6284,5272,4325,4645,5728,5088,4148,2548,1151,388,68,4,4159,73666,2414,2804,3217,3471,3533,3177,3490,4096,4977,5760,4898,4445,4729,5999,5591,4706,3085,1978,910,339,47,6359
2019,2019-01-01,11227,112275,埼玉県,朝霞市,136172,6583,6177,6150,6336,7937,8127,8958,9996,11202,12621,10765,8142,6239,7008,6577,5882,4186,2223,827,198,38,7472,68791,3287,3195,3124,3196,3985,4190,4636,5209,5892,6521,5670,4375,3383,3514,3101,2583,1799,849,236,36,10,2930,67381,3296,2982,3026,3140,3952,3937,4322,4787,5310,6100,5095,3767,2856,3494,3476,3299,2387,1374,591,162,28,4542
2019,2019-01-01,11228,112283,埼玉県,志木市,74398,3419,3335,3159,3371,3704,3752,4547,5282,5900,6475,5242,4148,3723,4711,4640,4101,2730,1456,518,158,27,4889,36989,1751,1707,1638,1711,1896,1864,2276,2770,3120,3324,2796,2100,1833,2245,2149,1877,1192,572,144,23,1,1932,37409,1668,1628,1521,1660,1808,1888,2271,2512,2780,3151,2446,2048,1890,2466,2491,2224,1538,884,374,135,26,2957
2019,2019-01-01,11229,112291,埼玉県,和光市,80269,3942,3849,3412,3603,4908,5776,6233,6587,6961,7243,5763,4074,3344,4043,3734,2917,2114,1179,450,118,19,3880,41281,1983,2003,1748,1842,2530,3073,3285,3546,3664,3861,3173,2191,1745,2001,1824,1307,906,438,139,18,4,1505,38988,1959,1846,1664,1761,2378,2703,2948,3041,3297,3382,2590,1883,1599,2042,1910,1610,1208,741,311,100,15,2375
2019,2019-01-01,11230,112305,埼玉県,新座市,162000,6591,7514,7395,7475,7998,7600,8502,10574,12965,14324,12074,9127,8185,10324,10618,9723,6364,3145,1168,286,48,11011,81043,3315,3886,3734,3807,4050,3879,4273,5454,6857,7687,6397,4837,4182,4964,4866,4388,2797,1275,346,47,2,4467,80957,3276,3628,3661,3668,3948,3721,4229,5120,6108,6637,5677,4290,4003,5360,5752,5335,3567,1870,822,239,46,6544
2019,2019-01-01,11231,112313,埼玉県,桶川市,74700,2658,2975,3214,3492,3491,3388,3825,4457,5385,6191,5212,4405,4335,5548,5461,4885,3267,1644,671,170,26,5778,37069,1349,1521,1652,1803,1724,1725,1993,2334,2818,3195,2694,2251,2150,2685,2566,2243,1489,663,189,18,7,2366,37631,1309,1454,1562,1689,1767,1663,1832,2123,2567,2996,2518,2154,2185,2863,2895,2642,1778,981,482,152,19,3412
2019,2019-01-01,11232,112321,埼玉県,久喜市,150944,5093,5747,6216,6649,6870,6879,7815,8838,10822,11598,9639,9349,10343,13053,11846,9266,5828,3220,1442,374,57,10921,75445,2596,2963,3155,3437,3479,3584,4008,4682,5710,6143,4941,4679,5112,6379,5812,4520,2609,1169,399,58,10,4245,75499,2497,2784,3061,3212,3391,3295,3807,4156,5112,5455,4698,4670,5231,6674,6034,4746,3219,2051,1043,316,47,6676
2019,2019-01-01,11233,112330,埼玉県,北本市,66189,2006,2280,2710,3146,3012,2923,3232,3513,4572,5403,4561,4115,4259,5425,5178,4744,2910,1497,542,142,19,5110,32973,1028,1174,1363,1618,1595,1502,1649,1845,2421,2759,2373,2015,2130,2645,2410,2271,1356,629,161,27,2,2175,33216,978,1106,1347,1528,1417,1421,1583,1668,2151,2644,2188,2100,2129,2780,2768,2473,1554,868,381,115,17,2935
2019,2019-01-01,11234,112348,埼玉県,八潮市,87340,3732,3594,3787,3898,4565,5508,5875,6004,7311,8130,6071,4292,4000,5379,5552,4928,2914,1215,452,113,20,4714,45385,1898,1833,1980,2058,2325,2837,3202,3239,4012,4503,3403,2391,2137,2612,2667,2311,1358,474,130,12,3,1977,41955,1834,1761,1807,1840,2240,2671,2673,2765,3299,3627,2668,1901,1863,2767,2885,2617,1556,741,322,101,17,2737
2019,2019-01-01,11235,112356,埼玉県,富士見市,108713,4565,4781,4722,4996,5811,6016,6364,7158,8511,9806,7880,5931,5039,6752,6889,6466,4073,2025,714,186,28,7026,53950,2316,2493,2402,2576,2767,2909,3197,3668,4451,5075,4168,3123,2606,3247,3161,2936,1830,779,212,31,3,2855,54763,2249,2288,2320,2420,3044,3107,3167,3490,4060,4731,3712,2808,2433,3505,3728,3530,2243,1246,502,155,25,4171
2019,2019-01-01,11237,112372,埼玉県,三郷市,137642,6117,5938,5741,5724,6239,6744,8378,9685,10749,11376,8766,7175,7746,10656,10429,8361,4629,2125,817,224,23,7818,69726,3090,3012,2935,2944,3178,3429,4356,5085,5768,6229,4720,3646,3852,5122,5072,4094,2121,827,204,41,1,3194,67916,3027,2926,2806,2780,3061,3315,4022,4600,4981,5147,4046,3529,3894,5534,5357,4267,2508,1298,613,183,22,4624
2019,2019-01-01,11238,112381,埼玉県,蓮田市,61331,2091,2345,2577,2678,2716,2667,3041,3630,4485,4988,3948,3238,3653,4862,5023,4408,2737,1420,619,177,28,4981,30564,1053,1234,1355,1405,1382,1337,1587,1855,2314,2625,2147,1636,1789,2363,2348,2127,1279,516,178,32,2,2007,30767,1038,1111,1222,1273,1334,1330,1454,1775,2171,2363,1801,1602,1864,2499,2675,2281,1458,904,441,145,26,2974
2019,2019-01-01,11239,112399,埼玉県,坂戸市,98441,3428,4222,4601,4717,4674,4204,4770,5869,7780,8290,6107,5199,5534,8002,7937,6467,3685,1896,801,221,37,6640,49264,1693,2159,2359,2397,2478,2214,2482,3084,4048,4390,3233,2668,2693,3769,3701,3177,1714,759,205,39,2,2719,49177,1735,2063,2242,2320,2196,1990,2288,2785,3732,3900,2874,2531,2841,4233,4236,3290,1971,1137,596,182,35,3921
2019,2019-01-01,11240,112402,埼玉県,幸手市,50316,1340,1835,1947,2093,2096,2044,2284,2738,3531,3861,3086,2917,3619,4889,4503,3724,2114,1104,464,111,16,3809,25367,728,937,1020,1088,1088,1088,1237,1429,1897,2089,1614,1455,1775,2368,2210,1825,962,423,123,11,0,1519,24949,612,898,927,1005,1008,956,1047,1309,1634,1772,1472,1462,1844,2521,2293,1899,1152,681,341,100,16,2290
2019,2019-01-01,11241,112411,埼玉県,鶴ヶ島市,68878,2444,2673,3146,3455,3402,3210,3569,4115,5268,5973,4589,3744,4044,5595,5427,4255,2269,1069,454,154,23,3969,34262,1247,1369,1601,1782,1711,1614,1867,2080,2687,3118,2401,1852,1938,2653,2567,2152,1075,405,112,27,4,1623,34616,1197,1304,1545,1673,1691,1596,1702,2035,2581,2855,2188,1892,2106,2942,2860,2103,1194,664,342,127,19,2346
2019,2019-01-01,11242,112429,埼玉県,日高市,55224,1664,2307,2761,2585,2337,2052,2347,3084,4315,4423,3378,2796,3488,5067,4797,3876,2140,1122,512,149,24,3947,27580,857,1131,1402,1351,1162,1030,1225,1623,2248,2400,1783,1387,1719,2425,2302,1941,1017,415,138,23,1,1594,27644,807,1176,1359,1234,1175,1022,1122,1461,2067,2023,1595,1409,1769,2642,2495,1935,1123,707,374,126,23,2353
2019,2019-01-01,11243,112437,埼玉県,吉川市,71317,3170,3586,3788,3742,3671,3620,4135,4795,5907,6340,4690,3491,3631,4860,4689,3706,1971,965,412,134,14,3496,35799,1631,1852,1949,1859,1843,1787,2127,2470,3116,3330,2460,1846,1838,2283,2263,1772,885,368,94,25,1,1373,35518,1539,1734,1839,1883,1828,1833,2008,2325,2791,3010,2230,1645,1793,2577,2426,1934,1086,597,318,109,13,2123
2019,2019-01-01,11245,112453,埼玉県,ふじみ野市,111594,4681,5115,5067,5443,5831,5084,5768,7101,8940,10111,8250,6433,5355,6671,7060,6674,4632,2305,821,212,40,8010,55569,2343,2588,2564,2896,2918,2579,2919,3701,4618,5275,4371,3420,2805,3184,3219,2976,2020,907,220,40,6,3193,56025,2338,2527,2503,2547,2913,2505,2849,3400,4322,4836,3879,3013,2550,3487,3841,3698,2612,1398,601,172,34,4817
2019,2019-01-01,11246,112461,埼玉県,白岡市,52019,2118,2191,2238,2363,2520,2564,2910,3237,3773,4275,3480,3218,3146,3733,3579,3067,1919,1082,476,113,17,3607,25903,1080,1106,1128,1252,1274,1282,1467,1695,1943,2274,1747,1675,1582,1812,1692,1459,862,415,138,19,1,1435,26116,1038,1085,1110,1111,1246,1282,1443,1542,1830,2001,1733,1543,1564,1921,1887,1608,1057,667,338,94,16,2172
2019,2019-01-01,11300,113000,埼玉県,北足立郡,44384,1770,2272,2727,2577,2240,1917,2197,2852,3982,4411,3009,2028,1974,2810,2848,2459,1294,678,251,82,6,2311,22449,893,1188,1451,1352,1139,1000,1128,1432,2042,2341,1622,1117,957,1302,1325,1218,600,266,65,11,0,942,21935,877,1084,1276,1225,1101,917,1069,1420,1940,2070,1387,911,1017,1508,1523,1241,694,412,186,71,6,1369
2019,2019-01-01,11301,113018,埼玉県,北足立郡伊奈町,44384,1770,2272,2727,2577,2240,1917,2197,2852,3982,4411,3009,2028,1974,2810,2848,2459,1294,678,251,82,6,2311,22449,893,1188,1451,1352,1139,1000,1128,1432,2042,2341,1622,1117,957,1302,1325,1218,600,266,65,11,0,942,21935,877,1084,1276,1225,1101,917,1069,1420,1940,2070,1387,911,1017,1508,1523,1241,694,412,186,71,6,1369
2019,2019-01-01,11320,113204,埼玉県,入間郡,82439,2327,3079,3571,4029,4100,3323,3471,4258,6096,6902,5719,4804,5068,6773,6651,5984,3549,1759,736,206,34,6284,41216,1203,1570,1832,2115,2077,1725,1758,2230,3196,3624,3068,2449,2554,3284,3151,2820,1623,695,199,42,1,2560,41223,1124,1509,1739,1914,2023,1598,1713,2028,2900,3278,2651,2355,2514,3489,3500,3164,1926,1064,537,164,33,3724
2019,2019-01-01,11324,113247,埼玉県,入間郡三芳町,37578,1289,1662,1859,1949,1750,1458,1624,2096,3018,3512,2740,2032,1974,2623,2837,2614,1528,684,260,56,13,2541,18781,681,846,941,1006,922,738,813,1080,1549,1871,1423,1050,1018,1233,1292,1230,722,288,70,8,0,1088,18797,608,816,918,943,828,720,811,1016,1469,1641,1317,982,956,1390,1545,1384,806,396,190,48,13,1453
2019,2019-01-01,11326,113263,埼玉県,入間郡毛呂山町,33387,799,1063,1305,1567,1831,1421,1394,1643,2309,2579,2206,1968,2204,3004,2862,2571,1509,747,292,101,12,2661,16699,403,541,672,830,885,757,709,876,1231,1357,1215,1002,1092,1450,1374,1236,671,292,85,21,0,1069,16688,396,522,633,737,946,664,685,767,1078,1222,991,966,1112,1554,1488,1335,838,455,207,80,12,1592
2019,2019-01-01,11327,113271,埼玉県,入間郡越生町,11474,239,354,407,513,519,444,453,519,769,811,773,804,890,1146,952,799,512,328,184,49,9,1082,5736,119,183,219,279,270,230,236,274,416,396,430,397,444,601,485,354,230,115,44,13,1,403,5738,120,171,188,234,249,214,217,245,353,415,343,407,446,545,467,445,282,213,140,36,8,679
2019,2019-01-01,11340,113409,埼玉県,比企郡,129585,3619,4291,4970,5684,5392,5167,5988,6726,8226,9065,8127,8385,10325,13053,10919,8185,5433,3605,1834,515,76,11463,64950,1839,2164,2573,2923,2845,2728,3171,3556,4342,4910,4168,4233,5158,6594,5522,3981,2412,1275,461,81,14,4243,64635,1780,2127,2397,2761,2547,2439,2817,3170,3884,4155,3959,4152,5167,6459,5397,4204,3021,2330,1373,434,62,7220
2019,2019-01-01,11341,113417,埼玉県,比企郡滑川町,18552,1030,988,1055,937,654,881,1209,1288,1573,1581,1135,952,1045,1282,1111,822,514,320,127,42,6,1009,9478,525,504,548,489,343,482,612,667,822,855,612,501,523,652,578,381,235,113,31,4,1,384,9074,505,484,507,448,311,399,597,621,751,726,523,451,522,630,533,441,279,207,96,38,5,625
2019,2019-01-01,11342,113425,埼玉県,比企郡嵐山町,17460,519,572,679,780,785,689,808,969,1188,1299,1155,1013,1233,1587,1470,1208,771,455,206,64,10,1506,8693,262,282,358,385,421,351,426,490,618,717,598,533,629,778,698,586,327,166,54,12,2,561,8767,257,290,321,395,364,338,382,479,570,582,557,480,604,809,772,622,444,289,152,52,8,945
2019,2019-01-01,11343,113433,埼玉県,比企郡小川町,29816,625,868,977,1163,1254,1132,1263,1438,1583,1786,1889,2143,2743,3335,2502,1980,1441,1024,522,134,14,3135,14780,313,444,523,612,645,588,691,763,845,942,928,1046,1352,1714,1287,944,603,376,135,27,2,1143,15036,312,424,454,551,609,544,572,675,738,844,961,1097,1391,1621,1215,1036,838,648,387,107,12,1992
2019,2019-01-01,11346,113468,埼玉県,比企郡川島町,19961,503,638,814,953,892,767,942,1009,1364,1393,1153,1271,1600,2075,1765,1137,796,520,269,87,13,1685,10164,280,327,416,505,475,407,512,535,737,777,599,640,804,1070,916,547,365,170,64,14,4,617,9797,223,311,398,448,417,360,430,474,627,616,554,631,796,1005,849,590,431,350,205,73,9,1068
2019,2019-01-01,11347,113476,埼玉県,比企郡吉見町,19017,434,559,661,844,933,874,844,904,1092,1394,1371,1439,1590,1930,1465,1104,752,498,251,67,11,1579,9548,230,276,330,425,482,468,438,508,554,758,681,754,824,968,768,498,339,163,73,8,3,586,9469,204,283,331,419,451,406,406,396,538,636,690,685,766,962,697,606,413,335,178,59,8,993
2019,2019-01-01,11348,113484,埼玉県,比企郡鳩山町,13709,267,338,423,547,458,428,493,602,836,909,742,708,1098,1644,1645,1224,656,383,241,54,13,1347,6725,111,176,216,279,231,218,255,323,452,486,388,326,504,773,783,669,323,154,52,4,2,535,6984,156,162,207,268,227,210,238,279,384,423,354,382,594,871,862,555,333,229,189,50,11,812
2019,2019-01-01,11349,113492,埼玉県,比企郡ときがわ町,11070,241,328,361,460,416,396,429,516,590,703,682,859,1016,1200,961,710,503,405,218,67,9,1202,5562,118,155,182,228,248,214,237,270,314,375,362,433,522,639,492,356,220,133,52,12,0,417,5508,123,173,179,232,168,182,192,246,276,328,320,426,494,561,469,354,283,272,166,55,9,785
2019,2019-01-01,11360,113603,埼玉県,秩父郡,39465,974,1377,1634,1860,1579,1367,1580,1801,2192,2607,2458,2644,3124,3833,3077,2643,2117,1530,818,224,26,4715,19587,496,707,846,932,863,745,835,980,1125,1351,1275,1347,1598,1959,1547,1236,946,533,212,51,3,1745,19878,478,670,788,928,716,622,745,821,1067,1256,1183,1297,1526,1874,1530,1407,1171,997,606,173,23,2970
2019,2019-01-01,11361,113611,埼玉県,秩父郡横瀬町,8262,258,289,358,438,357,355,356,372,440,551,607,570,598,751,564,526,425,262,140,40,5,872,4126,127,142,177,211,199,214,191,206,217,280,319,285,318,384,275,245,184,97,45,9,1,336,4136,131,147,181,227,158,141,165,166,223,271,288,285,280,367,289,281,241,165,95,31,4,536
2019,2019-01-01,11362,113620,埼玉県,秩父郡皆野町,9718,263,375,379,444,399,311,388,465,582,640,561,618,733,958,806,642,523,378,191,56,6,1154,4807,134,195,203,204,214,173,212,246,301,322,299,319,375,486,402,301,227,130,51,13,0,421,4911,129,180,176,240,185,138,176,219,281,318,262,299,358,472,404,341,296,248,140,43,6,733
2019,2019-01-01,11363,113638,埼玉県,秩父郡長瀞町,7095,170,243,285,339,275,239,242,311,419,493,459,477,541,613,646,520,372,264,138,46,3,823,3479,91,129,139,185,148,130,122,164,202,263,229,236,279,303,307,242,179,86,30,15,0,310,3616,79,114,146,154,127,109,120,147,217,230,230,241,262,310,339,278,193,178,108,31,3,513
2019,2019-01-01,11365,113654,埼玉県,秩父郡小鹿野町,11578,233,410,530,524,426,372,502,522,631,723,686,784,991,1171,819,745,638,522,274,65,10,1509,5751,120,216,281,272,231,187,265,290,333,382,359,416,489,603,427,346,274,181,67,10,2,534,5827,113,194,249,252,195,185,237,232,298,341,327,368,502,568,392,399,364,341,207,55,8,975
2019,2019-01-01,11369,113697,埼玉県,秩父郡東秩父村,2812,50,60,82,115,122,90,92,131,120,200,145,195,261,340,242,210,159,104,75,17,2,357,1424,24,25,46,60,71,41,45,74,72,104,69,91,137,183,136,102,82,39,19,4,0,144,1388,26,35,36,55,51,49,47,57,48,96,76,104,124,157,106,108,77,65,56,13,2,213
2019,2019-01-01,11380,113808,埼玉県,児玉郡,54369,1745,2138,2507,2810,2643,2260,2662,3062,3822,4105,3530,3488,3869,4656,3848,2844,2064,1352,740,203,21,4380,27254,903,1084,1277,1442,1386,1170,1414,1575,2034,2209,1788,1814,1921,2333,1932,1434,859,464,184,29,2,1538,27115,842,1054,1230,1368,1257,1090,1248,1487,1788,1896,1742,1674,1948,2323,1916,1410,1205,888,556,174,19,2842
2019,2019-01-01,11381,113816,埼玉県,児玉郡美里町,11086,343,427,470,501,505,425,493,630,750,745,718,736,814,1003,774,638,531,325,196,56,6,1114,5577,175,214,240,266,285,228,277,314,398,396,380,402,397,507,402,304,234,105,46,6,1,392,5509,168,213,230,235,220,197,216,316,352,349,338,334,417,496,372,334,297,220,150,50,5,722
2019,2019-01-01,11383,113832,埼玉県,児玉郡神川町,13338,399,513,553,652,622,556,632,690,826,979,925,887,1024,1197,989,733,567,354,185,49,6,1161,6792,212,265,266,330,340,290,341,360,445,547,455,473,535,641,503,379,233,118,52,7,0,410,6546,187,248,287,322,282,266,291,330,381,432,470,414,489,556,486,354,334,236,133,42,6,751
2019,2019-01-01,11385,113859,埼玉県,児玉郡上里町,29945,1003,1198,1484,1657,1516,1279,1537,1742,2246,2381,1887,1865,2031,2456,2085,1473,966,673,359,98,9,2105,14885,516,605,771,846,761,652,796,901,1191,1266,953,939,989,1185,1027,751,392,241,86,16,1,736,15060,487,593,713,811,755,627,741,841,1055,1115,934,926,1042,1271,1058,722,574,432,273,82,8,1369
2019,2019-01-01,11400,114006,埼玉県,大里郡,33204,1026,1103,1278,1543,1570,1471,1633,1599,2031,2377,2125,2244,2513,3025,2540,2095,1459,949,479,134,10,3031,16562,533,560,662,807,818,779,859,858,1079,1255,1090,1122,1266,1534,1218,1019,599,331,144,29,0,1103,16642,493,543,616,736,752,692,774,741,952,1122,1035,1122,1247,1491,1322,1076,860,618,335,105,10,1928
2019,2019-01-01,11408,114081,埼玉県,大里郡寄居町,33204,1026,1103,1278,1543,1570,1471,1633,1599,2031,2377,2125,2244,2513,3025,2540,2095,1459,949,479,134,10,3031,16562,533,560,662,807,818,779,859,858,1079,1255,1090,1122,1266,1534,1218,1019,599,331,144,29,0,1103,16642,493,543,616,736,752,692,774,741,952,1122,1035,1122,1247,1491,1322,1076,860,618,335,105,10,1928
2019,2019-01-01,11440,114405,埼玉県,南埼玉郡,33667,1269,1272,1231,1373,1572,1550,1800,1985,2386,2581,1961,1827,2052,2768,2802,2479,1538,802,315,94,10,2759,16876,627,638,633,696,834,795,941,1076,1311,1352,1033,923,999,1371,1275,1223,742,308,85,12,2,1149,16791,642,634,598,677,738,755,859,909,1075,1229,928,904,1053,1397,1527,1256,796,494,230,82,8,1610
2019,2019-01-01,11442,114421,埼玉県,南埼玉郡宮代町,33667,1269,1272,1231,1373,1572,1550,1800,1985,2386,2581,1961,1827,2052,2768,2802,2479,1538,802,315,94,10,2759,16876,627,638,633,696,834,795,941,1076,1311,1352,1033,923,999,1371,1275,1223,742,308,85,12,2,1149,16791,642,634,598,677,738,755,859,909,1075,1229,928,904,1053,1397,1527,1256,796,494,230,82,8,1610
2019,2019-01-01,11460,114600,埼玉県,北葛飾郡,73752,2219,2783,3353,3788,3524,2949,3272,3959,5203,6460,5056,4205,4683,6238,6039,4927,2892,1472,554,161,15,5094,37043,1129,1484,1766,1955,1793,1545,1701,2052,2803,3429,2639,2083,2305,3069,2848,2379,1348,533,153,26,3,2063,36709,1090,1299,1587,1833,1731,1404,1571,1907,2400,3031,2417,2122,2378,3169,3191,2548,1544,939,401,135,12,3031
2019,2019-01-01,11464,114642,埼玉県,北葛飾郡杉戸町,44560,1330,1689,1943,2148,1988,1769,1985,2443,3152,3688,2856,2594,2862,3880,3832,3153,1819,942,367,110,10,3248,22301,654,912,1036,1134,1008,930,1028,1238,1719,1935,1447,1276,1416,1905,1779,1549,856,350,106,20,3,1335,22259,676,777,907,1014,980,839,957,1205,1433,1753,1409,1318,1446,1975,2053,1604,963,592,261,90,7,1913
2019,2019-01-01,11465,114651,埼玉県,北葛飾郡松伏町,29192,889,1094,1410,1640,1536,1180,1287,1516,2051,2772,2200,1611,1821,2358,2207,1774,1073,530,187,51,5,1846,14742,475,572,730,821,785,615,673,814,1084,1494,1192,807,889,1164,1069,830,492,183,47,6,0,728,14450,414,522,680,819,751,565,614,702,967,1278,1008,804,932,1194,1138,944,581,347,140,45,5,1118
2019,2019-01-01,12000,120006,千葉県,,6157685,231581,254579,268067,284314,307215,304565,342109,383070,457253,510656,425123,360527,352437,440815,420292,355310,240825,139477,60994,16057,2419,459772,3075889,118759,131008,137327,146193,158186,157947,177560,199476,238651,267094,222960,186586,177542,214637,199246,165288,105698,51533,17088,2782,328,177429,3081796,112822,123571,130740,138121,149029,146618,164549,183594,218602,243562,202163,173941,174895,226178,221046,190022,135127,87944,43906,13275,2091,282343
2019,2019-01-01,12100,121002,千葉県,千葉市,943783,34462,38947,42450,45780,48880,45554,50346,57265,71620,84435,70020,56067,49943,62461,62368,55563,37337,19888,7890,2171,336,67622,470827,17719,20033,21696,23224,25116,23398,26174,29645,36881,43442,36855,29324,25440,30267,29063,25506,16714,7668,2258,357,47,27044,472956,16743,18914,20754,22556,23764,22156,24172,27620,34739,40993,33165,26743,24503,32194,33305,30057,20623,12220,5632,1814,289,40578
2019,2019-01-01,12101,121011,千葉県,千葉市中央区,201293,8007,8097,8346,8809,11487,12758,13454,13569,15943,17484,14334,11783,10217,11913,10976,9864,7255,4464,1936,512,85,14252,102109,4129,4220,4277,4477,5820,6612,7124,7189,8440,9258,7686,6288,5455,6094,5255,4541,2981,1629,535,88,11,5244,99184,3878,3877,4069,4332,5667,6146,6330,6380,7503,8226,6648,5495,4762,5819,5721,5323,4274,2835,1401,424,74,9008
2019,2019-01-01,12102,121029,千葉県,千葉市花見川区,172524,5836,6430,7090,8088,9012,8450,9068,10012,12654,15529,12992,10064,8975,11863,12218,11074,7330,3865,1481,428,65,13169,85894,3024,3342,3651,4061,4569,4352,4692,5274,6558,8034,6910,5335,4432,5668,5606,5044,3301,1537,439,59,6,5342,86630,2812,3088,3439,4027,4443,4098,4376,4738,6096,7495,6082,4729,4543,6195,6612,6030,4029,2328,1042,369,59,7827
2019,2019-01-01,12103,121037,千葉県,千葉市稲毛区,154510,5766,6573,7057,7341,7947,7287,8312,9711,11728,13459,10935,8880,8516,10468,10367,8812,6188,3397,1310,394,62,11351,77169,2943,3390,3531,3774,4257,3829,4355,5037,6109,6956,5762,4544,4279,5056,4875,3976,2734,1319,367,67,9,4496,77341,2823,3183,3526,3567,3690,3458,3957,4674,5619,6503,5173,4336,4237,5412,5492,4836,3454,2078,943,327,53,6855
2019,2019-01-01,12104,121045,千葉県,千葉市若葉区,146199,4855,5555,5956,6662,7099,6474,7101,8245,10127,12460,10095,8494,7846,10550,11161,10686,7324,3646,1430,381,52,12833,73780,2486,2857,3133,3426,3689,3410,3810,4314,5371,6621,5465,4565,4110,5201,5107,4940,3357,1418,426,64,10,5275,72419,2369,2698,2823,3236,3410,3064,3291,3931,4756,5839,4630,3929,3736,5349,6054,5746,3967,2228,1004,317,42,7558
2019,2019-01-01,12105,121053,千葉県,千葉市緑区,127745,5394,6331,6888,7252,6791,6075,6840,7853,9549,11335,9642,8310,7238,7869,7025,6017,3861,2206,966,261,42,7336,63057,2788,3238,3461,3668,3450,2971,3422,3921,4730,5700,4855,4194,3673,3933,3362,2866,1719,775,273,51,7,2825,64688,2606,3093,3427,3584,3341,3104,3418,3932,4819,5635,4787,4116,3565,3936,3663,3151,2142,1431,693,210,35,4511
2019,2019-01-01,12106,121061,千葉県,千葉市美浜区,141512,4604,5961,7113,7628,6544,4510,5571,7875,11619,14168,12022,8536,7151,9798,10621,9110,5379,2310,767,195,30,8681,68818,2349,2986,3643,3818,3331,2224,2771,3910,5673,6873,6177,4398,3491,4315,4858,4139,2622,990,218,28,4,3862,72694,2255,2975,3470,3810,3213,2286,2800,3965,5946,7295,5845,4138,3660,5483,5763,4971,2757,1320,549,167,26,4819
2019,2019-01-01,12202,122025,千葉県,銚子市,59538,1240,1681,2060,2415,2354,2045,2294,2662,3232,3931,4151,4361,4770,5655,4930,4293,3585,2479,1107,263,30,7464,28741,607,860,1053,1229,1297,1136,1214,1426,1684,2015,2106,2151,2406,2821,2373,1865,1340,840,269,45,4,2498,30797,633,821,1007,1186,1057,909,1080,1236,1548,1916,2045,2210,2364,2834,2557,2428,2245,1639,838,218,26,4966
2019,2019-01-01,12203,122033,千葉県,市川市,470532,19747,18551,18984,20109,25815,31840,33183,34090,37996,42385,35066,27295,23345,26943,26059,21462,14671,8413,3499,939,140,27662,238807,9997,9542,9693,10248,13317,16768,17613,18319,20218,22454,18754,14529,12044,13096,12272,9676,6138,2996,931,178,24,10267,231725,9750,9009,9291,9861,12498,15072,15570,15771,17778,19931,16312,12766,11301,13847,13787,11786,8533,5417,2568,761,116,17395
2019,2019-01-01,12204,122041,千葉県,船橋市,621639,25344,28170,28235,28278,32193,33049,36994,41742,50642,55669,45266,34553,29844,37094,37603,34179,23734,12695,4905,1261,189,42784,310971,13066,14609,14395,14739,16653,17102,18963,21474,26226,29114,23989,18228,15045,17581,17177,15418,10503,4922,1501,237,29,17192,310668,12278,13561,13840,13539,15540,15947,18031,20268,24416,26555,21277,16325,14799,19513,20426,18761,13231,7773,3404,1024,160,25592
2019,2019-01-01,12205,122050,千葉県,館山市,46432,1358,1631,1801,1914,1620,1598,1892,2224,2897,3065,2689,2611,3110,4416,4266,3424,2605,1912,1063,289,47,5916,22473,705,863,940,1043,887,869,984,1133,1470,1592,1363,1304,1502,2159,2044,1566,1069,637,286,50,7,2049,23959,653,768,861,871,733,729,908,1091,1427,1473,1326,1307,1608,2257,2222,1858,1536,1275,777,239,40,3867
2019,2019-01-01,12206,122068,千葉県,木更津市,133014,5337,6082,6082,6298,6251,6325,7567,8329,9948,10900,8059,7311,7525,9761,9396,8039,5041,3043,1311,353,56,9804,67235,2724,3156,3060,3278,3354,3339,3984,4392,5336,5792,4337,3825,3889,4757,4381,3897,2159,1155,358,58,4,3734,65779,2613,2926,3022,3020,2897,2986,3583,3937,4612,5108,3722,3486,3636,5004,5015,4142,2882,1888,953,295,52,6070
2019,2019-01-01,12207,122076,千葉県,松戸市,480268,18151,18900,19744,21822,24991,25733,27936,30160,35921,41841,36142,28235,25107,31408,31408,27778,19290,10311,4125,1088,177,34991,239623,9312,9628,10226,11087,12569,13065,14490,15971,18948,21891,19158,14815,12644,14906,14672,12454,8387,3999,1193,188,20,13787,240645,8839,9272,9518,10735,12422,12668,13446,14189,16973,19950,16984,13420,12463,16502,16736,15324,10903,6312,2932,900,157,21204
2019,2019-01-01,12208,122084,千葉県,野田市,151711,4855,6226,7060,7119,7477,6345,7330,8892,11175,11814,9366,8560,9374,12898,12318,9550,6070,3353,1473,403,53,11352,76324,2457,3213,3657,3668,4030,3329,3846,4733,5957,6351,4986,4358,4575,6201,5961,4711,2654,1175,396,60,6,4291,75387,2398,3013,3403,3451,3447,3016,3484,4159,5218,5463,4380,4202,4799,6697,6357,4839,3416,2178,1077,343,47,7061
2019,2019-01-01,12210,122106,千葉県,茂原市,88468,2677,3185,3506,3860,3858,3778,4210,4721,5888,6663,5908,5692,5946,7600,7160,5866,3962,2468,1163,312,45,7950,43960,1381,1655,1781,1958,2055,2045,2211,2464,3092,3510,3033,2861,2963,3748,3418,2791,1733,888,317,51,5,2994,44508,1296,1530,1725,1902,1803,1733,1999,2257,2796,3153,2875,2831,2983,3852,3742,3075,2229,1580,846,261,40,4956
2019,2019-01-01,12211,122114,千葉県,成田市,127733,5339,6103,6221,6117,8048,8036,7766,8825,9727,9985,7621,6920,7436,8747,7376,5493,3875,2486,1249,316,47,7973,64105,2696,3137,3241,3210,3961,4237,4020,4481,5092,5181,3995,3590,3802,4392,3674,2576,1603,831,328,51,7,2820,63628,2643,2966,2980,2907,4087,3799,3746,4344,4635,4804,3626,3330,3634,4355,3702,2917,2272,1655,921,265,40,5153
2019,2019-01-01,12212,122122,千葉県,佐倉市,172590,5603,6771,7388,7758,7668,7095,8276,9686,11910,13479,11284,10324,11180,14925,14308,11687,7248,3787,1686,455,72,13248,85161,2851,3530,3860,3989,3899,3620,4246,4976,6117,6856,5795,5129,5348,7055,6864,5636,3404,1423,476,81,6,5390,87429,2752,3241,3528,3769,3769,3475,4030,4710,5793,6623,5489,5195,5832,7870,7444,6051,3844,2364,1210,374,66,7858
2019,2019-01-01,12213,122131,千葉県,東金市,57232,1791,2200,2352,2790,2981,2693,2974,3118,3661,4029,3766,3854,4293,5010,4089,3096,2195,1410,738,161,31,4535,28714,945,1095,1209,1513,1600,1473,1538,1612,1935,2132,1924,1928,2160,2544,2013,1491,898,494,181,26,3,1602,28518,846,1105,1143,1277,1381,1220,1436,1506,1726,1897,1842,1926,2133,2466,2076,1605,1297,916,557,135,28,2933
2019,2019-01-01,12215,122157,千葉県,旭市,64419,2238,2582,2781,2999,2934,2868,3413,3607,4126,4457,3955,4266,4761,5374,4531,3422,2855,1988,971,258,33,6105,31707,1126,1332,1417,1512,1482,1470,1814,1915,2193,2302,2066,2179,2448,2679,2220,1509,1117,635,250,36,5,2043,32712,1112,1250,1364,1487,1452,1398,1599,1692,1933,2155,1889,2087,2313,2695,2311,1913,1738,1353,721,222,28,4062
2019,2019-01-01,12216,122165,千葉県,習志野市,169153,7360,7570,7475,8423,9236,8755,10522,11584,13438,14598,12449,9562,8290,9945,9874,8731,6260,3329,1346,353,53,11341,84414,3768,3865,3798,4455,5059,4468,5399,6057,6878,7582,6489,4928,4145,4660,4553,3844,2763,1261,375,62,5,4466,84739,3592,3705,3677,3968,4177,4287,5123,5527,6560,7016,5960,4634,4145,5285,5321,4887,3497,2068,971,291,48,6875
2019,2019-01-01,12217,122173,千葉県,柏市,411091,17113,18274,18485,18651,19860,20335,24131,27941,32559,33933,27478,22623,22203,28559,27730,22773,15359,8430,3549,949,156,28443,203751,8640,9388,9418,9468,10145,10426,12409,14336,16977,17799,14178,11446,10792,13426,13097,10550,6868,3202,991,171,24,11256,207340,8473,8886,9067,9183,9715,9909,11722,13605,15582,16134,13300,11177,11411,15133,14633,12223,8491,5228,2558,778,132,17187
2019,2019-01-01,12218,122181,千葉県,勝浦市,17439,350,392,523,809,982,479,540,678,837,1004,1011,1116,1333,1760,1638,1424,1144,845,440,107,27,2563,8774,181,189,264,493,710,289,294,356,441,541,520,583,675,903,819,649,458,271,123,10,5,867,8665,169,203,259,316,272,190,246,322,396,463,491,533,658,857,819,775,686,574,317,97,22,1696
2019,2019-01-01,12219,122190,千葉県,市原市,271095,9528,10750,11477,12526,13249,13656,14550,15878,18854,20964,17428,16177,17895,21892,19953,16577,10463,5862,2680,641,95,19741,140079,4949,5549,5929,6513,7092,7726,7989,8631,10184,11468,9329,8506,9335,11352,9728,8098,4720,2085,766,117,13,7701,131016,4579,5201,5548,6013,6157,5930,6561,7247,8670,9496,8099,7671,8560,10540,10225,8479,5743,3777,1914,524,82,12040
2019,2019-01-01,12220,122203,千葉県,流山市,187906,11054,9785,8338,7528,7918,9466,13381,15245,15677,15170,11257,9072,8948,11451,11712,9913,6280,3650,1545,440,76,11991,92931,5693,4975,4276,3808,3979,4652,6626,7697,8199,7999,5788,4604,4274,5311,5476,4707,2918,1413,446,77,13,4867,94975,5361,4810,4062,3720,3939,4814,6755,7548,7478,7171,5469,4468,4674,6140,6236,5206,3362,2237,1099,363,63,7124
2019,2019-01-01,12221,122211,千葉県,八千代市,193482,7768,8718,9418,9825,9751,8991,10300,12163,14975,17916,14150,10815,9300,12004,12459,11456,7598,3959,1482,375,59,13473,95954,4014,4492,4783,4995,4963,4455,5166,6213,7665,9282,7426,5665,4671,5692,5707,5154,3488,1613,441,63,6,5611,97528,3754,4226,4635,4830,4788,4536,5134,5950,7310,8634,6724,5150,4629,6312,6752,6302,4110,2346,1041,312,53,7862
2019,2019-01-01,12222,122220,千葉県,我孫子市,130196,4188,5048,5792,6277,6068,5202,6125,7120,9525,11263,9338,7479,7266,9578,10067,9071,5856,3204,1316,363,50,10789,63925,2127,2592,3020,3249,3096,2625,3178,3656,4797,5784,4868,3813,3557,4353,4528,4285,2679,1273,379,61,5,4397,66271,2061,2456,2772,3028,2972,2577,2947,3464,4728,5479,4470,3666,3709,5225,5539,4786,3177,1931,937,302,45,6392
2019,2019-01-01,12223,122238,千葉県,鴨川市,32478,923,1074,1178,1333,1466,1336,1352,1453,1963,2078,1850,1828,2218,2961,2830,2364,1791,1444,775,235,26,4271,15610,480,552,640,675,624,631,693,739,990,1075,951,930,1084,1487,1360,1158,737,533,227,38,6,1541,16868,443,522,538,658,842,705,659,714,973,1003,899,898,1134,1474,1470,1206,1054,911,548,197,20,2730
2019,2019-01-01,12224,122246,千葉県,鎌ケ谷市,108327,3865,4581,4635,5041,5299,5043,5806,6504,8265,9650,7332,6009,5704,7736,8189,7140,4372,2133,792,203,28,7528,53629,1935,2362,2342,2535,2588,2476,2977,3318,4342,5182,3833,3081,2834,3604,3780,3331,2022,807,241,35,4,3109,54698,1930,2219,2293,2506,2711,2567,2829,3186,3923,4468,3499,2928,2870,4132,4409,3809,2350,1326,551,168,24,4419
2019,2019-01-01,12225,122254,千葉県,君津市,83881,2823,2930,3382,3875,4223,4427,4338,4438,5276,6042,5367,5220,5724,7127,5879,5472,3581,2406,1051,263,37,7338,42954,1436,1563,1765,2123,2394,2654,2438,2382,2866,3159,2823,2717,2995,3676,2767,2575,1449,844,279,44,5,2621,40927,1387,1367,1617,1752,1829,1773,1900,2056,2410,2883,2544,2503,2729,3451,3112,2897,2132,1562,772,219,32,4717
2019,2019-01-01,12226,122262,千葉県,富津市,44319,1083,1361,1547,1824,1960,1781,1863,2052,2561,2995,2797,2915,3238,4157,3880,3275,2396,1622,775,219,18,5030,22494,553,727,796,989,1110,1063,1003,1130,1396,1625,1454,1545,1734,2148,1857,1486,1033,593,215,36,1,1878,21825,530,634,751,835,850,718,860,922,1165,1370,1343,1370,1504,2009,2023,1789,1363,1029,560,183,17,3152
2019,2019-01-01,12227,122271,千葉県,浦安市,165490,6838,7306,8381,9300,11989,11673,10891,11426,13243,15549,13319,9373,7342,8626,7915,5837,3516,1863,878,193,32,6482,81115,3570,3756,4242,4622,5343,5584,5321,5568,6559,7708,6961,4977,3569,4174,3801,2743,1620,720,244,28,5,2617,84375,3268,3550,4139,4678,6646,6089,5570,5858,6684,7841,6358,4396,3773,4452,4114,3094,1896,1143,634,165,27,3865
2019,2019-01-01,12228,122289,千葉県,四街道市,91769,3823,4195,4244,4310,4121,3899,4749,5645,6970,7741,5935,4772,4699,6488,7261,6388,3742,1835,740,185,27,6529,45756,2010,2199,2205,2299,2073,1886,2378,2946,3604,4088,3046,2489,2331,2981,3284,3161,1793,719,231,31,2,2776,46013,1813,1996,2039,2011,2048,2013,2371,2699,3366,3653,2889,2283,2368,3507,3977,3227,1949,1116,509,154,25,3753
2019,2019-01-01,12229,122297,千葉県,袖ケ浦市,62907,2842,2892,2867,3017,2826,3113,3762,4040,4698,4873,3838,3477,3917,5049,4296,3360,2032,1244,593,140,31,4040,31809,1441,1466,1481,1559,1450,1669,1951,2120,2497,2601,1980,1793,1961,2532,2108,1669,915,437,148,28,3,1531,31098,1401,1426,1386,1458,1376,1444,1811,1920,2201,2272,1858,1684,1956,2517,2188,1691,1117,807,445,112,28,2509
2019,2019-01-01,12230,122301,千葉県,八街市,68168,1778,2225,2736,3356,3392,3072,3236,3453,4253,5192,5001,4916,5315,6349,5232,4098,2421,1340,637,144,22,4564,34819,921,1119,1412,1692,1777,1652,1746,1875,2281,2722,2696,2527,2817,3244,2628,2021,1038,466,163,18,4,1689,33349,857,1106,1324,1664,1615,1420,1490,1578,1972,2470,2305,2389,2498,3105,2604,2077,1383,874,474,126,18,2875
2019,2019-01-01,12231,122319,千葉県,印西市,99314,5210,5476,5019,4977,4724,4222,6018,7017,7380,7078,6185,6578,7181,7607,5493,3818,2487,1797,812,208,27,5331,49394,2679,2772,2576,2588,2397,2074,2954,3531,3762,3683,3053,3167,3575,3964,2810,1910,1055,591,211,34,8,1899,49920,2531,2704,2443,2389,2327,2148,3064,3486,3618,3395,3132,3411,3606,3643,2683,1908,1432,1206,601,174,19,3432
2019,2019-01-01,12232,122327,千葉県,白井市,62502,2392,3215,3658,3174,2785,2399,2965,3834,5111,5330,4169,3493,3750,4765,4381,3516,1912,1048,482,112,11,3565,31158,1201,1660,1882,1613,1445,1220,1463,1925,2650,2787,2159,1731,1811,2301,2097,1759,910,398,127,17,2,1454,31344,1191,1555,1776,1561,1340,1179,1502,1909,2461,2543,2010,1762,1939,2464,2284,1757,1002,650,355,95,9,2111
2019,2019-01-01,12233,122335,千葉県,富里市,47811,1659,1833,1976,2112,2468,2402,2786,2989,3503,3701,2836,2816,3344,4443,3746,2543,1370,800,372,105,7,2654,24470,882,921,991,1051,1279,1308,1505,1603,1894,2018,1507,1417,1656,2239,1871,1310,638,254,100,26,0,1018,23341,777,912,985,1061,1189,1094,1281,1386,1609,1683,1329,1399,1688,2204,1875,1233,732,546,272,79,7,1636
2019,2019-01-01,12234,122343,千葉県,南房総市,38026,842,1127,1314,1388,1023,914,1077,1554,1966,2248,2148,2407,2940,4018,3772,3295,2511,1973,1110,344,55,5993,18337,437,581,635,730,559,515,530,810,1003,1167,1093,1246,1526,2052,1838,1534,1015,688,290,79,9,2081,19689,405,546,679,658,464,399,547,744,963,1081,1055,1161,1414,1966,1934,1761,1496,1285,820,265,46,3912
2019,2019-01-01,12235,122351,千葉県,匝瑳市,36184,1027,1298,1469,1606,1465,1349,1609,1954,2248,2475,2230,2454,2666,3304,2731,2210,1791,1380,711,185,22,4089,17984,566,651,728,851,768,736,873,1031,1216,1344,1171,1226,1356,1712,1341,1029,704,451,197,28,5,1385,18200,461,647,741,755,697,613,736,923,1032,1131,1059,1228,1310,1592,1390,1181,1087,929,514,157,17,2704
2019,2019-01-01,12236,122360,千葉県,香取市,75817,2008,2431,2834,3268,3143,2800,3454,3798,4539,5127,4633,5157,5761,7270,5908,4882,4029,2906,1462,360,47,8804,37740,1044,1288,1425,1707,1683,1513,1869,2041,2386,2759,2386,2662,2998,3703,2888,2212,1688,1013,413,58,4,3176,38077,964,1143,1409,1561,1460,1287,1585,1757,2153,2368,2247,2495,2763,3567,3020,2670,2341,1893,1049,302,43,5628
2019,2019-01-01,12237,122378,千葉県,山武市,50894,1287,1562,1898,2198,2264,2062,2205,2451,2968,3572,3409,3561,4123,4885,4106,3294,2391,1624,779,216,39,5049,25577,699,804,997,1146,1178,1078,1171,1286,1588,1867,1794,1879,2129,2557,2070,1512,1024,545,210,38,5,1822,25317,588,758,901,1052,1086,984,1034,1165,1380,1705,1615,1682,1994,2328,2036,1782,1367,1079,569,178,34,3227
2019,2019-01-01,12238,122386,千葉県,いすみ市,37665,958,1197,1268,1432,1269,1108,1409,1786,2171,2417,2195,2462,2896,3604,3539,2902,2271,1691,857,217,16,5052,18576,528,595,652,740,674,597,751,970,1116,1266,1139,1242,1497,1817,1754,1395,947,611,235,47,3,1843,19089,430,602,616,692,595,511,658,816,1055,1151,1056,1220,1399,1787,1785,1507,1324,1080,622,170,13,3209
2019,2019-01-01,12239,122394,千葉県,大網白里市,49023,1501,1832,2003,2192,2205,2054,2263,2685,3122,3441,3224,3335,3833,4490,3793,2999,1979,1271,626,150,25,4051,24221,759,925,1000,1150,1123,1049,1165,1389,1621,1774,1614,1621,1946,2259,1873,1445,868,421,186,32,1,1508,24802,742,907,1003,1042,1082,1005,1098,1296,1501,1667,1610,1714,1887,2231,1920,1554,1111,850,440,118,24,2543
2019,2019-01-01,12320,123200,千葉県,印旛郡,40789,1023,1300,1546,1816,2167,1573,1944,2252,2646,2904,2201,2291,3138,4365,3710,2733,1640,942,436,136,26,3180,20178,506,651,758,937,1158,833,1015,1182,1407,1512,1128,1098,1466,2086,1841,1346,757,359,115,20,3,1254,20611,517,649,788,879,1009,740,929,1070,1239,1392,1073,1193,1672,2279,1869,1387,883,583,321,116,23,1926
2019,2019-01-01,12322,123226,千葉県,印旛郡酒々井町,20261,546,684,912,993,1346,816,918,1124,1506,1689,1099,972,1124,1785,1835,1455,825,405,158,56,13,1457,10081,256,349,453,525,751,412,490,575,790,882,572,494,509,829,862,720,400,161,44,5,2,612,10180,290,335,459,468,595,404,428,549,716,807,527,478,615,956,973,735,425,244,114,51,11,845
2019,2019-01-01,12329,123293,千葉県,印旛郡栄町,20528,477,616,634,823,821,757,1026,1128,1140,1215,1102,1319,2014,2580,1875,1278,815,537,278,80,13,1723,10097,250,302,305,412,407,421,525,607,617,630,556,604,957,1257,979,626,357,198,71,15,1,642,10431,227,314,329,411,414,336,501,521,523,585,546,715,1057,1323,896,652,458,339,207,65,12,1081
2019,2019-01-01,12340,123404,千葉県,香取郡,34120,896,1084,1250,1451,1376,1216,1440,1590,2011,2243,2118,2243,2702,3306,2711,2268,1892,1369,729,191,34,4215,17078,459,559,640,771,733,673,780,902,1050,1190,1116,1176,1411,1711,1320,1063,792,482,202,42,6,1524,17042,437,525,610,680,643,543,660,688,961,1053,1002,1067,1291,1595,1391,1205,1100,887,527,149,28,2691
2019,2019-01-01,12342,123421,千葉県,香取郡神崎町,6007,163,171,215,285,266,220,230,278,369,427,450,415,475,500,459,390,329,216,115,30,4,694,3045,77,83,126,149,141,119,127,144,195,236,242,223,264,259,220,187,149,63,32,8,1,253,2962,86,88,89,136,125,101,103,134,174,191,208,192,211,241,239,203,180,153,83,22,3,441
2019,2019-01-01,12347,123471,千葉県,香取郡多古町,14302,383,453,480,569,608,530,635,656,808,906,896,953,1166,1372,1052,943,817,652,332,78,13,1892,7183,193,230,236,328,315,294,346,380,433,488,464,505,613,738,512,433,338,231,88,17,1,675,7119,190,223,244,241,293,236,289,276,375,418,432,448,553,634,540,510,479,421,244,61,12,1217
2019,2019-01-01,12349,123498,千葉県,香取郡東庄町,13811,350,460,555,597,502,466,575,656,834,910,772,875,1061,1434,1200,935,746,501,282,83,17,1629,6850,189,246,278,294,277,260,307,378,422,466,410,448,534,714,588,443,305,188,82,17,4,596,6961,161,214,277,303,225,206,268,278,412,444,362,427,527,720,612,492,441,313,200,66,13,1033
2019,2019-01-01,12400,124001,千葉県,山武郡,46227,1201,1470,1764,1952,1825,1574,1974,2219,2871,3121,2905,2959,3586,4380,4009,3020,2427,1801,909,228,32,5397,22961,610,781,908,1042,929,789,1065,1160,1577,1635,1536,1543,1810,2252,2043,1399,1006,594,241,38,3,1882,23266,591,689,856,910,896,785,909,1059,1294,1486,1369,1416,1776,2128,1966,1621,1421,1207,668,190,29,3515
2019,2019-01-01,12403,124036,千葉県,山武郡九十九里町,15664,313,443,525,619,559,495,604,720,976,1079,1051,965,1318,1606,1490,1117,842,556,291,83,12,1784,7785,147,243,262,314,287,254,342,379,547,594,566,515,646,852,733,515,348,163,71,7,0,589,7879,166,200,263,305,272,241,262,341,429,485,485,450,672,754,757,602,494,393,220,76,12,1195
2019,2019-01-01,12409,124095,千葉県,山武郡芝山町,7086,179,220,292,285,302,287,326,336,460,462,465,500,540,635,566,422,349,302,122,31,5,809,3613,96,119,141,152,151,143,185,190,254,264,245,253,289,323,308,207,147,106,32,6,2,293,3473,83,101,151,133,151,144,141,146,206,198,220,247,251,312,258,215,202,196,90,25,3,516
2019,2019-01-01,12410,124109,千葉県,山武郡横芝光町,23477,709,807,947,1048,964,792,1044,1163,1435,1580,1389,1494,1728,2139,1953,1481,1236,943,496,114,15,2804,11563,367,419,505,576,491,392,538,591,776,777,725,775,875,1077,1002,677,511,325,138,25,1,1000,11914,342,388,442,472,473,400,506,572,659,803,664,719,853,1062,951,804,725,618,358,89,14,1804
2019,2019-01-01,12420,124206,千葉県,長生郡,59844,1611,2006,2204,2486,2337,2073,2476,2992,3712,4004,3660,3821,4557,5783,5148,4071,3179,2195,1166,315,48,6903,29794,838,1056,1161,1254,1261,1115,1342,1575,1947,2148,1866,1958,2323,2935,2564,1927,1365,763,338,53,5,2524,30050,773,950,1043,1232,1076,958,1134,1417,1765,1856,1794,1863,2234,2848,2584,2144,1814,1432,828,262,43,4379
2019,2019-01-01,12421,124214,千葉県,長生郡一宮町,12278,435,559,543,542,469,399,521,735,951,930,722,703,793,990,947,796,571,401,211,54,6,1243,6074,236,301,288,277,259,233,277,359,483,500,378,354,384,484,460,372,223,132,65,8,1,429,6204,199,258,255,265,210,166,244,376,468,430,344,349,409,506,487,424,348,269,146,46,5,814
2019,2019-01-01,12422,124222,千葉県,長生郡睦沢町,7022,186,252,240,267,237,236,319,341,395,408,400,427,547,705,673,500,379,286,165,48,11,889,3419,99,118,133,125,114,118,173,181,204,223,196,207,294,350,324,236,172,103,43,5,1,324,3603,87,134,107,142,123,118,146,160,191,185,204,220,253,355,349,264,207,183,122,43,10,565
2019,2019-01-01,12423,124231,千葉県,長生郡長生村,14306,361,463,588,708,756,542,596,718,940,1035,983,916,924,1287,1166,916,672,453,215,59,8,1407,7146,182,247,303,365,417,307,318,372,496,533,502,477,455,652,567,434,296,161,50,10,2,519,7160,179,216,285,343,339,235,278,346,444,502,481,439,469,635,599,482,376,292,165,49,6,888
2019,2019-01-01,12424,124249,千葉県,長生郡白子町,11256,284,349,388,398,373,372,481,535,657,721,694,722,884,1150,1061,882,607,429,200,63,6,1305,5654,145,178,209,219,205,183,256,277,349,401,352,388,451,592,528,417,276,152,63,13,0,504,5602,139,171,179,179,168,189,225,258,308,320,342,334,433,558,533,465,331,277,137,50,6,801
2019,2019-01-01,12426,124265,千葉県,長生郡長柄町,6982,163,194,208,281,243,237,262,302,401,446,405,499,644,772,629,449,397,268,136,38,8,847,3559,85,114,100,134,126,137,150,181,225,247,200,266,328,413,335,214,175,83,42,4,0,304,3423,78,80,108,147,117,100,112,121,176,199,205,233,316,359,294,235,222,185,94,34,8,543
2019,2019-01-01,12427,124273,千葉県,長生郡長南町,8000,182,189,237,290,259,287,297,361,368,464,456,554,765,879,672,528,553,358,239,53,9,1212,3942,91,98,128,134,140,137,168,205,190,244,238,266,411,444,350,254,223,132,75,13,1,444,4058,91,91,109,156,119,150,129,156,178,220,218,288,354,435,322,274,330,226,164,40,8,768
2019,2019-01-01,12440,124401,千葉県,夷隅郡,16581,347,435,492,636,494,446,527,688,810,936,940,1047,1304,1793,1682,1357,1113,841,520,146,27,2647,7988,175,212,244,302,254,249,290,331,429,472,477,531,668,886,899,610,476,322,132,25,4,959,8593,172,223,248,334,240,197,237,357,381,464,463,516,636,907,783,747,637,519,388,121,23,1688
2019,2019-01-01,12441,124419,千葉県,夷隅郡大多喜町,9098,216,264,299,399,292,280,311,423,447,499,536,619,797,933,771,599,555,469,293,78,18,1413,4433,109,126,153,187,145,159,178,204,247,259,272,317,414,481,423,275,211,179,77,15,2,484,4665,107,138,146,212,147,121,133,219,200,240,264,302,383,452,348,324,344,290,216,63,16,929
2019,2019-01-01,12443,124435,千葉県,夷隅郡御宿町,7483,131,171,193,237,202,166,216,265,363,437,404,428,507,860,911,758,558,372,227,68,9,1234,3555,66,86,91,115,109,90,112,127,182,213,205,214,254,405,476,335,265,143,55,10,2,475,3928,65,85,102,122,93,76,104,138,181,224,199,214,253,455,435,423,293,229,172,58,7,759
2019,2019-01-01,12460,124605,千葉県,安房郡,7828,141,183,230,272,260,186,235,320,358,438,427,500,630,828,836,671,554,440,244,65,10,1313,3771,72,105,131,138,122,91,122,175,180,225,218,264,330,414,412,310,233,141,78,8,2,462,4057,69,78,99,134,138,95,113,145,178,213,209,236,300,414,424,361,321,299,166,57,8,851
2019,2019-01-01,12463,124630,千葉県,安房郡鋸南町,7828,141,183,230,272,260,186,235,320,358,438,427,500,630,828,836,671,554,440,244,65,10,1313,3771,72,105,131,138,122,91,122,175,180,225,218,264,330,414,412,310,233,141,78,8,2,462,4057,69,78,99,134,138,95,113,145,178,213,209,236,300,414,424,361,321,299,166,57,8,851
2019,2019-01-01,13000,130001,東京都,,13189049,535030,520003,499875,525802,702900,828138,906272,965215,1062189,1134299,980909,783791,664831,760081,729044,634663,478498,301717,133832,36102,5857,956006,6495215,273855,266531,255865,268187,349836,417887,461149,494871,543404,576477,507762,404657,337429,375035,342532,277206,192444,105618,36986,6743,741,342532,6693834,261175,253472,244010,257615,353064,410251,445123,470344,518785,557822,473147,379134,327402,385046,386512,357457,286054,196099,96846,29359,5116,613474
2019,2019-01-01,13101,131016,東京都,千代田区,60639,3151,2751,2310,1999,2885,4639,5306,5451,5756,5254,4324,3446,2525,2621,2604,2035,1638,1146,592,169,37,3582,30288,1631,1388,1169,986,1483,2630,2814,2870,2935,2594,2139,1798,1275,1247,1230,918,611,375,150,36,9,1181,30351,1520,1363,1141,1013,1402,2009,2492,2581,2821,2660,2185,1648,1250,1374,1374,1117,1027,771,442,133,28,2401
2019,2019-01-01,13102,131024,東京都,中央区,154851,9306,6840,4810,3876,5474,10418,14447,15655,16640,15919,12520,8726,5960,6096,5839,4809,3693,2385,1096,291,51,7516,73425,4705,3418,2449,1945,2645,5036,6816,7470,7860,7492,6180,4414,3004,2919,2630,1956,1387,764,282,45,8,2486,81426,4601,3422,2361,1931,2829,5382,7631,8185,8780,8427,6340,4312,2956,3177,3209,2853,2306,1621,814,246,43,5030
2019,2019-01-01,13103,131032,東京都,港区,237369,13745,10644,8251,6690,9340,15151,19428,21901,23252,22762,19048,13985,10368,10658,10394,8293,6303,4314,2070,663,109,13459,110800,7104,5361,4207,3386,4549,7394,8946,10101,10935,10512,9222,6780,5032,4852,4650,3364,2363,1426,492,110,14,4405,126569,6641,5283,4044,3304,4791,7757,10482,11800,12317,12250,9826,7205,5336,5806,5744,4929,3940,2888,1578,553,95,9054
2019,2019-01-01,13104,131041,東京都,新宿区,303094,11248,9181,7840,8439,16797,25457,26958,26038,25731,25526,21664,17362,14498,16131,15770,13046,10260,6676,3352,978,142,21408,151681,5727,4639,4039,4228,8188,13408,14227,14182,13668,13056,11238,8985,7505,8233,7556,5635,3979,2126,850,194,18,7167,151413,5521,4542,3801,4211,8609,12049,12731,11856,12063,12470,10426,8377,6993,7898,8214,7411,6281,4550,2502,784,124,14241
2019,2019-01-01,13105,131059,東京都,文京区,210681,9889,9004,7760,7259,10923,14955,16616,17430,18460,18166,15399,12294,9929,10441,9882,8121,6609,4516,2237,680,111,14153,100225,5141,4521,3935,3602,5612,7631,8223,8499,8828,8533,7265,5971,4883,4894,4560,3469,2458,1473,582,125,20,4658,110456,4748,4483,3825,3657,5311,7324,8393,8931,9632,9633,8134,6323,5046,5547,5322,4652,4151,3043,1655,555,91,9495
2019,2019-01-01,13106,131067,東京都,台東区,183859,6665,5544,5098,5151,7600,12649,14399,15206,16007,16437,13547,10798,9356,11252,10857,9171,7107,4357,1991,573,94,14122,94213,3367,2858,2617,2593,3811,6633,7698,8194,8534,8616,7272,5938,5050,6140,5526,4205,2990,1536,522,103,10,5161,89646,3298,2686,2481,2558,3789,6016,6701,7012,7473,7821,6275,4860,4306,5112,5331,4966,4117,2821,1469,470,84,8961
2019,2019-01-01,13107,131075,東京都,墨田区,259214,10637,8765,8262,8636,12150,19935,21586,20812,21177,21678,18060,14285,12735,15298,14164,12790,9505,5589,2437,618,95,18244,129167,5394,4535,4220,4353,6010,9900,11089,10847,11094,11297,9531,7523,6545,7818,6891,5585,3868,1884,663,108,12,6535,130047,5243,4230,4042,4283,6140,10035,10497,9965,10083,10381,8529,6762,6190,7480,7273,7205,5637,3705,1774,510,83,11709
2019,2019-01-01,13108,131083,東京都,江東区,489007,22429,21165,19159,17851,21169,27858,33686,38404,43199,45916,36529,27178,24106,29004,27364,23585,16474,9138,3702,957,134,30405,242191,11490,10911,9799,9208,10740,14215,16916,19445,21945,23529,19307,14153,12027,14261,13013,10399,6621,3104,924,163,21,10833,246816,10939,10254,9360,8643,10429,13643,16770,18959,21254,22387,17222,13025,12079,14743,14351,13186,9853,6034,2778,794,113,19572
2019,2019-01-01,13109,131091,東京都,品川区,381658,17426,14656,12545,11681,17526,27703,33301,33097,33720,33350,27187,20833,17682,20157,19501,16253,12096,8026,3731,1022,165,25040,187238,8915,7477,6413,5930,8689,14317,16896,16812,17090,16579,13917,10790,8886,9813,9300,7016,4580,2629,994,173,22,8398,194420,8511,7179,6132,5751,8837,13386,16405,16285,16630,16771,13270,10043,8796,10344,10201,9237,7516,5397,2737,849,143,16642
2019,2019-01-01,13110,131105,東京都,目黒区,270240,11323,10097,8808,8716,13378,19277,22994,24319,24714,23481,20436,15879,12231,12860,12851,10694,8341,5965,2925,798,153,18182,127370,5879,5159,4423,4414,6554,9472,11121,11639,11740,10857,9795,7810,5929,6047,5799,4563,3172,2050,771,159,17,6169,142870,5444,4938,4385,4302,6824,9805,11873,12680,12974,12624,10641,8069,6302,6813,7052,6131,5169,3915,2154,639,136,12013
2019,2019-01-01,13111,131113,東京都,大田区,705335,27450,25702,24990,26629,40978,50303,50541,50214,55007,60483,51697,41393,35603,41336,39888,33461,24491,15581,7285,2031,272,49660,351202,14025,13095,12650,13657,19702,25450,26255,25977,28606,31290,27540,21882,18513,21019,19268,15072,9670,5173,1885,429,44,17201,354133,13425,12607,12340,12972,21276,24853,24286,24237,26401,29193,24157,19511,17090,20317,20620,18389,14821,10408,5400,1602,228,32459
2019,2019-01-01,13112,131121,東京都,世田谷区,887528,36823,36445,33480,33989,49182,57434,63567,70437,77493,78013,70063,55307,43137,44026,42421,34917,28236,19686,9700,2722,450,60794,420205,18786,18699,17331,17557,23733,27365,30282,33630,36939,36741,34652,27281,21171,20952,19372,14714,11000,6672,2718,545,65,21000,467323,18037,17746,16149,16432,25449,30069,33285,36807,40554,41272,35411,28026,21966,23074,23049,20203,17236,13014,6982,2177,385,39794
2019,2019-01-01,13113,131130,東京都,渋谷区,215955,9174,7377,6071,5997,9650,16013,19471,21102,20786,19235,16439,12666,9787,10197,10040,7974,6448,4573,2207,635,113,13976,102961,4649,3766,3075,2916,4500,7945,9751,10700,10254,8987,8058,6231,4739,4956,4508,3331,2391,1477,583,120,24,4595,112994,4525,3611,2996,3081,5150,8068,9720,10402,10532,10248,8381,6435,5048,5241,5532,4643,4057,3096,1624,515,89,9381
2019,2019-01-01,13114,131148,東京都,中野区,312332,11186,9306,8024,8924,17670,27347,28680,27348,26515,25552,21956,17740,14603,16384,15421,13009,10584,7395,3522,1016,150,22667,157471,5712,4744,4101,4576,8874,14282,15474,15103,14450,13390,11645,9110,7411,8055,7300,5568,4071,2487,904,199,15,7676,154861,5474,4562,3923,4348,8796,13065,13206,12245,12065,12162,10311,8630,7192,8329,8121,7441,6513,4908,2618,817,135,14991
2019,2019-01-01,13115,131156,東京都,杉並区,551410,21441,19279,17851,18464,30904,42324,44964,44951,45650,46289,40792,32816,27245,28227,27436,22687,18004,13116,6627,1967,376,40090,264296,10952,9905,9078,9367,14578,20377,22325,22608,22584,22648,20403,16402,13540,13524,12727,9738,6909,4437,1775,379,40,13540,287114,10489,9374,8773,9097,16326,21947,22639,22343,23066,23641,20389,16414,13705,14703,14709,12949,11095,8679,4852,1588,336,26550
2019,2019-01-01,13116,131164,東京都,豊島区,259285,9239,8043,7106,7666,14259,21600,22536,22022,22230,21719,18451,14639,12910,14233,13570,11150,8428,5827,2788,746,123,17912,130092,4735,4040,3599,3803,6910,11018,11942,12052,12011,11390,9716,7737,6689,7305,6467,4850,3127,1883,667,138,13,5828,129193,4504,4003,3507,3863,7349,10582,10594,9970,10219,10329,8735,6902,6221,6928,7103,6300,5301,3944,2121,608,110,12084
2019,2019-01-01,13117,131172,東京都,北区,329355,13149,11169,10113,10710,16214,22812,25213,24542,25650,26162,21744,18159,16738,20821,20237,17875,13883,8928,4026,1043,167,28047,163402,6757,5756,5139,5443,7911,11623,13128,13181,13638,13781,11516,9488,8639,10578,9549,7759,5278,2950,1080,188,20,9516,165953,6392,5413,4974,5267,8303,11189,12085,11361,12012,12381,10228,8671,8099,10243,10688,10116,8605,5978,2946,855,147,18531
2019,2019-01-01,13118,131181,東京都,荒川区,196835,8195,7655,7235,7136,9350,12577,13839,14532,16153,16331,13575,11203,10118,12299,11406,10104,7761,4696,1994,586,90,15127,97992,4121,3908,3694,3603,4691,6378,7120,7500,8403,8486,7121,5951,5227,6356,5668,4470,3078,1566,534,108,9,5295,98843,4074,3747,3541,3533,4659,6199,6719,7032,7750,7845,6454,5252,4891,5943,5738,5634,4683,3130,1460,478,81,9832
2019,2019-01-01,13119,131199,東京都,板橋区,540131,21025,19891,18943,20584,30817,37542,38086,39524,42430,44462,37649,31264,27979,32743,31139,26320,19923,12533,5582,1455,240,39733,266228,10730,10325,9664,10361,14604,18093,19391,20546,22148,23104,19887,16377,14393,16579,14837,11555,7651,4199,1487,263,34,13634,273903,10295,9566,9279,10223,16213,19449,18695,18978,20282,21358,17762,14887,13586,16164,16302,14765,12272,8334,4095,1192,206,26099
2019,2019-01-01,13120,131202,東京都,練馬区,712780,29093,28711,28682,31223,41296,45900,48759,50537,54888,60269,54602,44319,35948,37707,35444,32160,26045,17303,7645,1938,311,53242,347090,14815,14720,14864,15953,20042,22033,24050,25607,27884,30215,27994,22586,18385,18623,16398,13637,10362,6219,2280,375,48,19284,365690,14278,13991,13818,15270,21254,23867,24709,24930,27004,30054,26608,21733,17563,19084,19046,18523,15683,11084,5365,1563,263,33958
2019,2019-01-01,13121,131211,東京都,足立区,656806,24496,25805,26133,28238,35317,38453,39095,41973,49635,57448,49416,38702,33371,40544,39704,37982,28032,15330,5556,1356,220,50494,330683,12461,13173,13411,14419,18106,20215,20480,22035,26264,30643,26417,20772,17576,20559,18853,16533,11488,5459,1552,243,24,18766,326123,12035,12632,12722,13819,17211,18238,18615,19938,23371,26805,22999,17930,15795,19985,20851,21449,16544,9871,4004,1113,196,31728
2019,2019-01-01,13122,131229,東京都,葛飾区,440742,17154,17337,16942,18309,23137,25025,26649,28487,33140,37528,33085,27517,23961,27548,25937,23558,18471,11154,4544,1093,166,35428,220737,8839,8917,8752,9372,11827,12887,13893,14880,17441,19813,17382,14566,12610,14093,12555,10184,7304,3931,1269,199,23,12726,220005,8315,8420,8190,8937,11310,12138,12756,13607,15699,17715,15703,12951,11351,13455,13382,13374,11167,7223,3275,894,143,22702
2019,2019-01-01,13123,131237,東京都,江戸川区,662321,28114,28437,29350,32137,38519,39501,41814,44444,51965,60409,51907,38881,31142,36463,35228,32095,23450,12463,4646,1166,190,41915,334744,14317,14608,14906,16166,19572,20477,21828,23304,27309,31669,27856,21187,16491,18499,16755,14208,9651,4488,1245,189,19,15592,327577,13797,13829,14444,15971,18947,19024,19986,21140,24656,28740,24051,17694,14651,17964,18473,17887,13799,7975,3401,977,171,26323
2019,2019-01-01,13201,132012,東京都,八王子市,549524,18653,22334,24120,27849,34223,26158,27515,32040,39042,45223,39859,33105,30694,38374,36613,31880,21780,12811,5555,1460,236,41842,275237,9678,11524,12340,14322,18201,14008,14547,16784,20338,23620,20816,17028,15318,18567,17248,14664,9623,4727,1588,270,26,16234,274287,8975,10810,11780,13527,16022,12150,12968,15256,18704,21603,19043,16077,15376,19807,19365,17216,12157,8084,3967,1190,210,25608
2019,2019-01-01,13202,132021,東京都,立川市,179448,7231,7377,7427,8002,10138,10418,10877,11997,13637,15490,13083,10266,9226,10916,10773,9500,6683,4137,1741,456,73,13090,89448,3737,3807,3748,4041,5094,5412,5725,6351,7237,8079,6939,5364,4654,5349,4982,4157,2688,1496,503,78,7,4772,90000,3494,3570,3679,3961,5044,5006,5152,5646,6400,7411,6144,4902,4572,5567,5791,5343,3995,2641,1238,378,66,8318
2019,2019-01-01,13203,132039,東京都,武蔵野市,143159,6078,5702,5379,5256,7728,9364,10321,11054,11606,11890,10540,8762,7226,7732,7417,6094,4963,3588,1791,571,97,11010,68516,3134,2953,2764,2718,3776,4627,5126,5493,5671,5779,5212,4313,3489,3708,3352,2601,1957,1240,474,117,12,3800,74643,2944,2749,2615,2538,3952,4737,5195,5561,5935,6111,5328,4449,3737,4024,4065,3493,3006,2348,1317,454,85,7210
2019,2019-01-01,13204,132047,東京都,三鷹市,183386,7824,8125,7482,7893,10373,10829,11734,13563,14679,15997,13968,11339,9047,9848,9444,7992,6217,4331,2073,534,94,13249,89746,4071,4185,3869,3994,5116,5450,5935,6830,7350,8057,7150,5780,4510,4865,4372,3436,2467,1554,639,104,12,4776,93640,3753,3940,3613,3899,5257,5379,5799,6733,7329,7940,6818,5559,4537,4983,5072,4556,3750,2777,1434,430,82,8473
2019,2019-01-01,13205,132055,東京都,青梅市,132209,4010,4891,5590,6262,6607,5941,6200,7136,8849,10591,9615,8592,8360,10649,9661,8229,5452,3371,1650,467,85,11025,66567,2044,2547,2825,3261,3501,3249,3326,3746,4662,5696,5065,4532,4266,5318,4578,3939,2386,1133,423,65,5,4012,65642,1966,2344,2765,3001,3106,2692,2874,3390,4187,4895,4550,4060,4094,5331,5083,4290,3066,2238,1227,402,80,7013
2019,2019-01-01,13206,132063,東京都,府中市,254709,10987,11766,11556,12240,14151,13950,15514,17496,20367,22691,19810,15401,12633,14261,13234,11469,8609,5481,2425,574,94,17183,128276,5583,6004,5997,6348,7350,7326,8050,9115,10686,11889,10508,8238,6544,7116,6121,5020,3491,2005,766,105,14,6381,126433,5404,5762,5559,5892,6801,6624,7464,8381,9681,10802,9302,7163,6089,7145,7113,6449,5118,3476,1659,469,80,10802
2019,2019-01-01,13207,132071,東京都,昭島市,110527,4475,4754,4656,5039,5241,5649,6350,7248,8256,8966,7781,6609,6437,7754,7125,5930,4247,2575,1098,298,39,8257,55161,2234,2424,2398,2560,2663,2964,3299,3814,4416,4709,4072,3419,3227,3818,3447,2604,1803,907,333,44,6,3093,55366,2241,2330,2258,2479,2578,2685,3051,3434,3840,4257,3709,3190,3210,3936,3678,3326,2444,1668,765,254,33,5164
2019,2019-01-01,13208,132080,東京都,調布市,230540,10281,9732,9394,9740,13469,13832,15384,16891,18731,20350,17814,13892,11051,12310,11423,10166,7955,5259,2195,569,102,16080,112575,5214,4983,4821,4941,6668,6697,7721,8568,9492,10260,9095,7129,5611,5930,5225,4356,3202,1901,631,120,10,5864,117965,5067,4749,4573,4799,6801,7135,7663,8323,9239,10090,8719,6763,5440,6380,6198,5810,4753,3358,1564,449,92,10216
2019,2019-01-01,13209,132098,東京都,町田市,422457,15096,18227,20093,21859,21607,17903,20657,24772,31464,37472,31776,25049,22572,27205,27306,25429,17885,10418,4289,1181,197,33970,207071,7739,9438,10274,11242,11015,9137,10578,12612,15877,19090,16419,12664,11093,12853,12377,11212,7865,4079,1262,223,22,13451,215386,7357,8789,9819,10617,10592,8766,10079,12160,15587,18382,15357,12385,11479,14352,14929,14217,10020,6339,3027,958,175,20519
2019,2019-01-01,13210,132101,東京都,小金井市,118651,5227,4826,4486,5200,7366,7772,8150,8658,8940,9322,8976,7960,6181,6533,5931,4788,3909,2733,1289,344,60,8335,58569,2702,2488,2315,2669,3794,3857,4012,4532,4616,4672,4575,4098,3202,3228,2780,2046,1525,973,402,75,8,2983,60082,2525,2338,2171,2531,3572,3915,4138,4126,4324,4650,4401,3862,2979,3305,3151,2742,2384,1760,887,269,52,5352
2019,2019-01-01,13211,132110,東京都,小平市,188392,8375,8624,8020,9034,10915,9909,10924,12668,14232,15326,14184,12003,9899,10762,10147,8943,7250,4664,1940,506,67,14427,92861,4386,4403,4177,4654,5500,4940,5534,6622,7305,7846,7272,6073,4987,5233,4732,3821,2974,1722,569,102,9,5376,95531,3989,4221,3843,4380,5415,4969,5390,6046,6927,7480,6912,5930,4912,5529,5415,5122,4276,2942,1371,404,58,9051
2019,2019-01-01,13212,132128,東京都,日野市,182254,7471,7958,7911,8641,10038,9644,10711,12006,13713,15693,13580,10435,8786,10957,10824,10041,7097,4421,1784,481,62,13845,91455,3851,4069,4083,4417,5299,5148,5589,6289,7182,8271,7270,5429,4498,5182,4972,4464,3046,1733,550,104,9,5442,90799,3620,3889,3828,4224,4739,4496,5122,5717,6531,7422,6310,5006,4288,5775,5852,5577,4051,2688,1234,377,53,8403
2019,2019-01-01,13213,132136,東京都,東村山市,147963,5314,6132,6456,6888,7558,6932,7652,8869,10615,12569,11092,9550,8315,9600,9152,8340,6554,4159,1697,445,74,12929,72266,2679,3194,3314,3520,3783,3437,3865,4506,5497,6439,5690,4915,4143,4679,4149,3670,2637,1528,533,79,9,4786,75697,2635,2938,3142,3368,3775,3495,3787,4363,5118,6130,5402,4635,4172,4921,5003,4670,3917,2631,1164,366,65,8143
2019,2019-01-01,13214,132144,東京都,国分寺市,121324,5098,4961,4935,5477,7257,7485,8011,8080,9329,10031,9474,7943,6318,6483,6153,5303,4334,3006,1261,326,59,8986,59755,2620,2602,2519,2778,3620,3851,4207,4120,4757,4985,4852,4118,3192,3099,2818,2231,1770,1131,411,65,9,3386,61569,2478,2359,2416,2699,3637,3634,3804,3960,4572,5046,4622,3825,3126,3384,3335,3072,2564,1875,850,261,50,5600
2019,2019-01-01,13215,132152,東京都,国立市,74332,2837,2791,2948,3517,4515,4097,4312,4709,5297,6114,6286,5307,4252,4426,4062,3380,2654,1788,827,173,40,5482,36350,1503,1471,1539,1723,2244,2069,2222,2387,2672,3025,3174,2732,2130,2209,1848,1398,1065,666,228,39,6,2004,37982,1334,1320,1409,1794,2271,2028,2090,2322,2625,3089,3112,2575,2122,2217,2214,1982,1589,1122,599,134,34,3478
2019,2019-01-01,13218,132187,東京都,福生市,54427,1836,1958,2048,2323,2997,3041,3044,3200,3675,4362,4075,3591,3503,3977,3507,2992,2113,1385,604,163,33,4298,27263,943,991,1021,1191,1564,1578,1668,1722,1973,2322,2124,1806,1851,2002,1701,1320,876,427,158,21,4,1486,27164,893,967,1027,1132,1433,1463,1376,1478,1702,2040,1951,1785,1652,1975,1806,1672,1237,958,446,142,29,2812
2019,2019-01-01,13219,132195,東京都,狛江市,81169,3491,3149,2944,3189,4534,4840,5178,5943,6318,6709,6248,4802,4095,4494,4474,4134,3302,2133,940,212,40,6627,39357,1820,1605,1513,1661,2197,2245,2507,2957,3213,3370,3289,2443,2087,2210,2066,1728,1310,776,301,54,5,2446,41812,1671,1544,1431,1528,2337,2595,2671,2986,3105,3339,2959,2359,2008,2284,2408,2406,1992,1357,639,158,35,4181
2019,2019-01-01,13220,132209,東京都,東大和市,84408,3483,3766,3871,4005,4079,3949,4429,5077,6085,7050,6399,5062,4406,5575,5439,5067,3697,2026,745,170,28,6666,41752,1772,1904,1982,2016,2071,2009,2189,2670,3136,3684,3378,2625,2217,2728,2550,2208,1544,823,213,29,4,2613,42656,1711,1862,1889,1989,2008,1940,2240,2407,2949,3366,3021,2437,2189,2847,2889,2859,2153,1203,532,141,24,4053
2019,2019-01-01,13221,132217,東京都,清瀬市,73475,2682,3082,3314,3566,3711,3327,3785,4267,5151,6242,5347,4426,3781,4872,4541,4512,3674,2128,809,225,33,6869,35555,1362,1560,1721,1806,1788,1617,1860,2181,2577,3223,2812,2220,1894,2388,2027,1914,1503,802,259,40,1,2605,37920,1320,1522,1593,1760,1923,1710,1925,2086,2574,3019,2535,2206,1887,2484,2514,2598,2171,1326,550,185,32,4264
2019,2019-01-01,13222,132225,東京都,東久留米市,114804,4497,4666,4852,5395,5676,4978,5808,6738,8040,9450,8452,7135,6336,7601,7598,7235,5501,3218,1264,314,50,10347,56124,2310,2365,2483,2822,2815,2471,2973,3440,4122,4923,4387,3643,3113,3656,3463,3108,2338,1240,404,44,4,4030,58680,2187,2301,2369,2573,2861,2507,2835,3298,3918,4527,4065,3492,3223,3945,4135,4127,3163,1978,860,270,46,6317
2019,2019-01-01,13223,132233,東京都,武蔵村山市,70906,2787,3365,3850,3770,3513,3121,3576,4161,5452,6232,4998,3774,3570,4802,4661,4327,2806,1460,523,140,18,4947,35517,1419,1759,1929,1876,1738,1597,1882,2193,2854,3367,2685,2024,1819,2342,2185,1913,1211,556,145,23,0,1935,35389,1368,1606,1921,1894,1775,1524,1694,1968,2598,2865,2313,1750,1751,2460,2476,2414,1595,904,378,117,18,3012
2019,2019-01-01,13224,132241,東京都,多摩市,146097,5212,5914,6092,6215,7333,6489,7672,9272,11250,12107,10349,8369,8130,10773,10903,9172,5847,3291,1313,344,50,10845,71715,2663,3003,3120,3193,3743,3309,3948,4818,5823,6203,5366,4219,3795,4949,5066,4184,2621,1281,342,63,6,4313,74382,2549,2911,2972,3022,3590,3180,3724,4454,5427,5904,4983,4150,4335,5824,5837,4988,3226,2010,971,281,44,6532
2019,2019-01-01,13225,132250,東京都,稲城市,89264,4170,4453,4661,4753,4601,4382,5075,5863,7209,8321,7104,5279,4322,5049,4896,4156,2730,1476,572,162,30,4970,44931,2195,2287,2352,2460,2387,2272,2586,2896,3707,4302,3847,2795,2185,2460,2317,1938,1193,564,159,28,1,1945,44333,1975,2166,2309,2293,2214,2110,2489,2967,3502,4019,3257,2484,2137,2589,2579,2218,1537,912,413,134,29,3025
2019,2019-01-01,13227,132276,東京都,羽村市,54215,1949,2350,2518,2806,2918,2565,2733,3223,4039,4697,3945,3309,2984,3665,3489,3116,2112,1142,465,169,21,3909,27609,1043,1221,1256,1444,1619,1410,1492,1780,2178,2443,2039,1750,1526,1799,1631,1415,953,446,127,36,1,1563,26606,906,1129,1262,1362,1299,1155,1241,1443,1861,2254,1906,1559,1458,1866,1858,1701,1159,696,338,133,20,2346
2019,2019-01-01,13228,132284,東京都,あきる野市,80012,2861,3490,3860,3972,3880,3274,3658,4423,5725,6587,5394,4585,4630,5696,5658,5359,3568,2056,997,291,48,6960,39888,1398,1805,1973,2112,1915,1685,1889,2306,3010,3481,2835,2385,2307,2776,2744,2539,1649,757,277,38,7,2728,40124,1463,1685,1887,1860,1965,1589,1769,2117,2715,3106,2559,2200,2323,2920,2914,2820,1919,1299,720,253,41,4232
2019,2019-01-01,13229,132292,東京都,西東京市,198115,7881,8428,8276,8960,10928,10361,11248,12811,14978,16599,15611,13097,10834,11720,10817,9505,7846,5244,2324,570,77,16061,96449,3995,4302,4219,4621,5450,5108,5728,6490,7614,8373,8017,6585,5469,5674,4984,3944,3119,1909,716,123,9,5876,101666,3886,4126,4057,4339,5478,5253,5520,6321,7364,8226,7594,6512,5365,6046,5833,5561,4727,3335,1608,447,68,10185
2019,2019-01-01,13300,133001,東京都,西多摩郡,56426,1891,2340,2389,2615,2473,2120,2479,3199,3783,4128,3588,3120,3449,4705,4641,3866,2616,1719,919,312,74,5640,28380,995,1184,1248,1378,1303,1117,1309,1718,2062,2176,1995,1648,1758,2335,2325,1863,1098,589,228,47,4,1966,28046,896,1156,1141,1237,1170,1003,1170,1481,1721,1952,1593,1472,1691,2370,2316,2003,1518,1130,691,265,70,3674
2019,2019-01-01,13303,133035,東京都,西多摩郡瑞穂町,32431,1092,1264,1430,1716,1608,1420,1539,1943,2253,2713,2312,1933,1941,2596,2356,1932,1258,684,316,99,26,2383,16511,568,633,731,908,812,759,812,1093,1234,1397,1293,1006,963,1317,1166,932,534,251,88,14,0,887,15920,524,631,699,808,796,661,727,850,1019,1316,1019,927,978,1279,1190,1000,724,433,228,85,26,1496
2019,2019-01-01,13305,133051,東京都,西多摩郡日の出町,16650,646,896,808,682,677,538,721,977,1203,1070,856,752,892,1364,1555,1239,755,564,310,119,26,1774,8193,338,454,422,366,379,270,362,484,635,599,455,379,447,628,750,610,322,193,82,17,1,615,8457,308,442,386,316,298,268,359,493,568,471,401,373,445,736,805,629,433,371,228,102,25,1159
2019,2019-01-01,13307,133078,東京都,西多摩郡檜原村,2210,53,47,37,59,58,44,55,97,92,88,133,139,191,225,202,195,197,146,112,33,7,495,1099,28,26,24,23,37,22,39,47,50,49,79,82,109,127,122,85,84,43,18,5,0,150,1111,25,21,13,36,21,22,16,50,42,39,54,57,82,98,80,110,113,103,94,28,7,345
2019,2019-01-01,13308,133086,東京都,西多摩郡奥多摩町,5135,100,133,114,158,130,118,164,182,235,257,287,296,425,520,528,500,406,325,181,61,15,988,2577,61,71,71,81,75,66,96,94,143,131,168,181,239,263,287,236,158,102,40,11,3,314,2558,39,62,43,77,55,52,68,88,92,126,119,115,186,257,241,264,248,223,141,50,12,674
2019,2019-01-01,13360,133604,東京都,島しょ,25429,975,1038,984,1032,536,935,1340,1425,1529,1701,1471,1637,1862,2296,2058,1649,1315,1000,487,142,17,2961,13121,513,530,530,581,291,518,717,749,817,971,826,950,1024,1240,1060,784,521,345,136,16,2,1020,12308,462,508,454,451,245,417,623,676,712,730,645,687,838,1056,998,865,794,655,351,126,15,1941
2019,2019-01-01,13361,133612,東京都,大島町,7628,220,282,269,468,167,256,310,377,411,492,477,486,530,719,648,589,427,305,146,43,6,927,3901,106,153,139,283,107,146,165,196,210,287,254,281,288,369,325,266,170,106,42,6,2,326,3727,114,129,130,185,60,110,145,181,201,205,223,205,242,350,323,323,257,199,104,37,4,601
2019,2019-01-01,13362,133621,東京都,利島村,322,15,24,22,5,6,16,25,31,34,13,16,20,17,22,19,10,11,10,5,1,0,27,175,7,14,11,4,1,5,17,16,20,9,9,15,10,11,12,4,4,6,0,0,0,10,147,8,10,11,1,5,11,8,15,14,4,7,5,7,11,7,6,7,4,5,1,0,17
2019,2019-01-01,13363,133639,東京都,新島村,2711,87,97,93,106,58,71,141,136,169,152,144,170,210,244,250,175,162,144,80,21,1,408,1320,40,41,49,56,27,35,66,80,94,83,75,90,106,121,128,80,64,54,27,4,0,149,1391,47,56,44,50,31,36,75,56,75,69,69,80,104,123,122,95,98,90,53,17,1,259
2019,2019-01-01,13364,133647,東京都,神津島村,1895,92,102,85,93,46,66,105,112,117,103,88,128,189,161,127,94,71,76,34,6,0,187,974,51,55,45,52,25,41,56,56,61,53,42,72,102,95,60,40,24,28,16,0,0,68,921,41,47,40,41,21,25,49,56,56,50,46,56,87,66,67,54,47,48,18,6,0,119
2019,2019-01-01,13381,133817,東京都,三宅村,2447,101,70,58,49,52,121,140,124,132,137,113,186,199,222,213,163,177,119,49,19,3,367,1348,60,31,38,29,31,70,79,72,72,97,80,107,123,129,125,81,69,38,15,2,0,124,1099,41,39,20,20,21,51,61,52,60,40,33,79,76,93,88,82,108,81,34,17,3,243
2019,2019-01-01,13382,133825,東京都,御蔵島村,316,27,26,12,3,13,19,30,35,28,16,14,13,21,16,19,11,2,7,4,0,0,13,167,13,17,9,2,3,7,16,15,18,10,8,9,13,5,12,7,2,0,1,0,0,3,149,14,9,3,1,10,12,14,20,10,6,6,4,8,11,7,4,0,7,3,0,0,10
2019,2019-01-01,13401,134015,東京都,八丈町,7353,288,268,300,220,125,230,340,370,410,482,419,465,534,769,659,531,432,309,151,45,6,943,3707,156,130,156,116,68,122,186,185,230,262,243,263,288,413,324,260,170,102,30,3,0,305,3646,132,138,144,104,57,108,154,185,180,220,176,202,246,356,335,271,262,207,121,42,6,638
2019,2019-01-01,13402,134023,東京都,青ヶ島村,159,4,7,5,6,0,8,25,6,10,12,11,18,18,10,11,2,3,3,0,0,0,6,92,2,0,3,4,0,5,12,4,6,6,7,13,13,7,7,1,0,2,0,0,0,2,67,2,7,2,2,0,3,13,2,4,6,4,5,5,3,4,1,3,1,0,0,0,4
2019,2019-01-01,13421,134210,東京都,小笠原村,2598,141,162,140,82,69,148,224,234,218,294,189,151,144,133,112,74,30,27,18,7,1,83,1437,78,89,80,35,29,87,120,125,106,164,108,100,81,90,67,45,18,9,5,1,0,33,1161,63,73,60,47,40,61,104,109,112,130,81,51,63,43,45,29,12,18,13,6,1,50
2019,2019-01-01,14000,140007,神奈川県,,8976954,348632,376052,387411,413740,461787,461559,509778,575715,688128,780646,676896,546831,480199,581134,554518,481144,337089,200901,87740,23247,3805,652782,4483000,178820,192463,198998,211679,237220,239793,264646,298242,355932,404078,356161,285690,244181,284751,261735,219197,145225,74049,25190,4447,501,249412,4493954,169812,183589,188413,202061,224567,221766,245132,277473,332196,376568,320735,261141,236018,296383,292783,261947,191864,126852,62550,18800,3304,403370
2019,2019-01-01,14100,141003,神奈川県,横浜市,3648264,141691,152330,156890,169086,189819,186893,206586,232262,278182,322214,284704,228752,195126,228888,217562,189622,137476,83396,36112,9206,1466,267656,1813404,72593,77880,80894,86188,96219,95871,106254,119240,142595,164706,148961,119282,99146,113071,103039,85355,58742,30782,10585,1819,181,102109,1834860,69098,74450,75996,82898,93600,91022,100332,113022,135587,157508,135743,109470,95980,115817,114523,104267,78734,52614,25527,7387,1285,165547
2019,2019-01-01,14101,141011,神奈川県,横浜市鶴見区,280667,12367,12473,11823,12003,14519,16870,18744,20356,23162,25072,20477,16836,14658,16768,15224,12259,8578,5363,2381,629,105,17056,145080,6303,6413,6092,6125,7499,9154,10098,10918,12566,13667,11297,9244,7718,8718,7512,5639,3443,1837,708,115,14,6117,135587,6064,6060,5731,5878,7020,7716,8646,9438,10596,11405,9180,7592,6940,8050,7712,6620,5135,3526,1673,514,91,10939
2019,2019-01-01,14102,141020,神奈川県,横浜市神奈川区,231569,9422,8964,8869,9077,12603,15318,16243,16663,18562,20594,17566,13731,11870,13697,12357,10342,7638,5037,2288,635,93,15691,116901,4765,4555,4563,4625,6632,8200,8594,8677,9642,10722,9450,7298,6164,6944,5970,4542,3046,1730,644,130,8,5558,114668,4657,4409,4306,4452,5971,7118,7649,7986,8920,9872,8116,6433,5706,6753,6387,5800,4592,3307,1644,505,85,10133
2019,2019-01-01,14103,141038,神奈川県,横浜市西区,96874,3929,3713,3345,3223,4548,6361,7456,7781,8781,9374,7598,5853,4823,5153,4795,3771,2958,2084,1032,255,41,6370,48540,2011,1875,1721,1617,2268,3351,3966,4046,4524,4851,4047,3054,2484,2627,2269,1673,1122,705,286,43,0,2156,48334,1918,1838,1624,1606,2280,3010,3490,3735,4257,4523,3551,2799,2339,2526,2526,2098,1836,1379,746,212,41,4214
2019,2019-01-01,14104,141046,神奈川県,横浜市中区,134664,4421,4853,4842,4906,5928,6575,7151,8415,10606,13014,12300,9678,7922,9128,8507,6503,4772,3210,1505,371,57,9915,70348,2282,2514,2488,2442,2985,3466,3685,4323,5520,6843,6811,5437,4504,5299,4690,3348,2072,1140,408,82,9,3711,64316,2139,2339,2354,2464,2943,3109,3466,4092,5086,6171,5489,4241,3418,3829,3817,3155,2700,2070,1097,289,48,6204
2019,2019-01-01,14105,141054,神奈川県,横浜市南区,189103,5909,6468,6614,7421,9578,10267,10635,11599,13503,16265,14360,12240,11252,13633,12487,10733,8068,5155,2251,591,74,16139,94956,2986,3343,3408,3708,4730,5234,5553,6061,7138,8613,7732,6552,5954,7122,6153,4728,3359,1834,617,123,8,5941,94147,2923,3125,3206,3713,4848,5033,5082,5538,6365,7652,6628,5688,5298,6511,6334,6005,4709,3321,1634,468,66,10198
2019,2019-01-01,14106,141062,神奈川県,横浜市保土ケ谷区,199369,7024,7523,7883,9039,11101,10101,10730,12074,14356,16568,15407,13068,11105,13221,12138,11112,8569,5361,2325,571,93,16919,98856,3653,3864,4016,4703,5729,5408,5550,6245,7444,8473,8046,6837,5645,6493,5638,4834,3499,1975,679,115,10,6278,100513,3371,3659,3867,4336,5372,4693,5180,5829,6912,8095,7361,6231,5460,6728,6500,6278,5070,3386,1646,456,83,10641
2019,2019-01-01,14107,141071,神奈川県,横浜市磯子区,163449,6369,6574,6537,6899,7706,7825,9075,10174,11964,13693,11710,10275,9214,11318,10895,9468,6950,4413,1854,472,64,13753,80622,3297,3394,3369,3526,3980,4142,4678,5294,6170,7097,6021,5240,4690,5489,5089,4146,2799,1542,557,97,5,5000,82827,3072,3180,3168,3373,3726,3683,4397,4880,5794,6596,5689,5035,4524,5829,5806,5322,4151,2871,1297,375,59,8753
2019,2019-01-01,14108,141089,神奈川県,横浜市金沢区,196468,6540,7589,8484,9351,10223,8442,9283,10952,13523,15833,14220,12482,11764,15191,14129,11920,8447,5127,2246,624,97,16541,96446,3308,3840,4366,4870,5306,4380,4825,5598,6789,8004,7149,6279,5757,7384,6645,5463,3735,1923,694,117,13,6482,100022,3232,3749,4118,4481,4917,4062,4458,5354,6734,7829,7071,6203,6007,7807,7484,6457,4712,3204,1552,507,84,10059
2019,2019-01-01,14109,141097,神奈川県,横浜市港北区,339505,15936,14321,13407,14192,18525,22282,24850,25967,28605,30231,26517,20434,16337,17628,16391,13620,9872,6490,3009,755,136,20262,169426,8325,7294,6884,7206,9344,11248,12698,13408,14763,15493,13931,10611,8314,8665,7775,6015,4048,2331,891,162,20,7452,170079,7611,7027,6523,6986,9181,11034,12152,12559,13842,14738,12586,9823,8023,8963,8616,7605,5824,4159,2118,593,116,12810
2019,2019-01-01,14110,141101,神奈川県,横浜市戸塚区,276414,11577,12364,13038,13453,13689,12748,15291,17331,21575,24316,20523,16248,14258,17630,16949,15156,10798,6125,2619,617,109,20268,136187,5881,6260,6700,6929,6835,6400,7670,8889,11020,12356,10723,8406,6983,8442,7943,6727,4748,2337,804,121,13,8023,140227,5696,6104,6338,6524,6854,6348,7621,8442,10555,11960,9800,7842,7275,9188,9006,8429,6050,3788,1815,496,96,12245
2019,2019-01-01,14111,141119,神奈川県,横浜市港南区,212540,6981,8439,8907,9800,10470,9670,10536,12125,14954,18308,16247,13519,11921,14527,14635,13340,9934,5575,2089,488,75,18161,103789,3576,4313,4609,4885,5317,4832,5443,6154,7619,9215,8292,6836,5856,6998,6637,5904,4351,2184,660,100,8,7303,108751,3405,4126,4298,4915,5153,4838,5093,5971,7335,9093,7955,6683,6065,7529,7998,7436,5583,3391,1429,388,67,10858
2019,2019-01-01,14112,141127,神奈川県,横浜市旭区,244808,8587,10008,10299,11283,12026,10878,11968,14026,17121,20347,18039,15221,13606,16872,16368,15591,11771,7038,2928,712,119,22568,119713,4351,5099,5383,5719,6020,5525,6048,7142,8745,10428,9334,7779,6770,8139,7632,6874,4997,2680,880,152,16,8725,125095,4236,4909,4916,5564,6006,5353,5920,6884,8376,9919,8705,7442,6836,8733,8736,8717,6774,4358,2048,560,103,13843
2019,2019-01-01,14113,141135,神奈川県,横浜市緑区,176992,7181,7860,8327,9026,9350,8953,9909,11062,13405,15892,13784,10791,9217,10658,10372,9142,6518,3627,1456,406,56,12063,87634,3638,4012,4288,4548,4574,4542,5098,5692,6851,8137,7224,5531,4654,5116,4818,4178,2824,1433,398,74,4,4733,89358,3543,3848,4039,4478,4776,4411,4811,5370,6554,7755,6560,5260,4563,5542,5554,4964,3694,2194,1058,332,52,7330
2019,2019-01-01,14114,141143,神奈川県,横浜市瀬谷区,122280,4280,4996,5788,6432,6325,5489,6080,6802,8857,10772,9080,7200,6416,7854,7791,7666,5500,3252,1337,316,47,10452,60062,2203,2533,2985,3254,3195,2766,3118,3528,4543,5544,4731,3721,3199,3752,3497,3417,2422,1195,389,68,2,4076,62218,2077,2463,2803,3178,3130,2723,2962,3274,4314,5228,4349,3479,3217,4102,4294,4249,3078,2057,948,248,45,6376
2019,2019-01-01,14115,141151,神奈川県,横浜市栄区,120106,4016,4771,5396,5890,5294,4932,5521,6635,8690,10558,8654,6601,6116,8322,9245,8835,5962,3013,1279,326,50,10630,58846,2078,2432,2829,3034,2669,2468,2801,3387,4373,5371,4533,3297,2988,3787,4073,4094,2913,1250,385,76,8,4632,61260,1938,2339,2567,2856,2625,2464,2720,3248,4317,5187,4121,3304,3128,4535,5172,4741,3049,1763,894,250,42,5998
2019,2019-01-01,14116,141160,神奈川県,横浜市泉区,151050,5430,6160,6835,7333,7510,6729,7218,8343,10689,13043,11665,9167,8284,10299,10242,9600,6827,3791,1426,386,73,12503,74341,2807,3161,3594,3718,3730,3339,3630,4249,5464,6605,6065,4674,4130,5001,4828,4300,3070,1470,441,53,12,5046,76709,2623,2999,3241,3615,3780,3390,3588,4094,5225,6438,5600,4493,4154,5298,5414,5300,3757,2321,985,333,61,7457
2019,2019-01-01,14117,141178,神奈川県,横浜市青葉区,304129,12154,13720,14552,16944,18130,13870,15437,18376,22563,27700,27388,21599,16667,17283,16374,13075,9095,5654,2720,701,127,18297,147912,6270,7031,7408,8713,9100,6649,7571,8986,10924,13122,13672,11078,8276,8218,7751,6072,4046,2113,763,125,24,7071,156217,5884,6689,7144,8231,9030,7221,7866,9390,11639,14578,13716,10521,8391,9065,8623,7003,5049,3541,1957,576,103,11226
2019,2019-01-01,14118,141186,神奈川県,横浜市都筑区,208277,9568,11534,11944,12814,12294,9583,10459,13581,17266,20634,19169,13809,9696,9706,8663,7489,5219,3081,1367,351,50,10068,103745,4859,5947,6191,6566,6306,4767,5228,6643,8500,10165,9903,7408,5060,4877,4119,3401,2248,1103,381,66,7,3805,104532,4709,5587,5753,6248,5988,4816,5231,6938,8766,10469,9266,6401,4636,4829,4544,4088,2971,1978,986,285,43,6263
2019,2019-01-01,14130,141305,神奈川県,川崎市,1458758,66010,63241,61152,61622,81713,97020,104929,110613,122503,129644,109840,85680,69677,78581,70978,60018,43397,26811,11615,3196,518,85537,741246,33925,32485,31456,31332,41749,50768,54985,58239,64375,68168,58921,45790,36362,39503,34303,27365,17919,9612,3303,615,71,31520,717512,32085,30756,29696,30290,39964,46252,49944,52374,58128,61476,50919,39890,33315,39078,36675,32653,25478,17199,8312,2581,447,54017
2019,2019-01-01,14131,141313,神奈川県,川崎市川崎区,217672,8145,8357,8487,8472,12187,14862,14814,15664,17568,19133,15189,12627,11508,13962,11980,10136,7458,4503,1981,543,96,14581,118169,4201,4321,4304,4394,6610,8625,8693,8991,10020,11174,8804,7203,6554,7816,6343,4927,3075,1502,516,86,10,5189,99503,3944,4036,4183,4078,5577,6237,6121,6673,7548,7959,6385,5424,4954,6146,5637,5209,4383,3001,1465,457,86,9392
2019,2019-01-01,14132,141321,神奈川県,川崎市幸区,162739,8083,7431,6679,6200,7397,10070,12008,12908,14207,14138,10860,8731,7890,9522,8679,7377,5250,3334,1505,409,61,10559,83157,4203,3780,3418,3146,3880,5427,6467,6946,7553,7642,5924,4704,4074,4748,4211,3325,2083,1129,417,68,12,3709,79582,3880,3651,3261,3054,3517,4643,5541,5962,6654,6496,4936,4027,3816,4774,4468,4052,3167,2205,1088,341,49,6850
2019,2019-01-01,14133,141330,神奈川県,川崎市中原区,248782,13011,10961,9849,9526,13701,20485,22674,21909,22700,22365,18492,13632,10359,10591,9080,7643,5681,3734,1777,507,105,11804,126263,6693,5602,5148,4874,7063,10718,11594,11289,11788,11557,9869,7330,5508,5313,4382,3451,2216,1259,499,97,13,4084,122519,6318,5359,4701,4652,6638,9767,11080,10620,10912,10808,8623,6302,4851,5278,4698,4192,3465,2475,1278,410,92,7720
2019,2019-01-01,14134,141348,神奈川県,川崎市高津区,223696,10645,9843,9642,9456,12463,15034,16961,17783,19713,20604,17137,12956,9962,11424,10280,8302,5916,3561,1563,402,49,11491,112512,5463,5073,4976,4735,6178,7780,8630,9261,10199,10699,9110,6890,5078,5666,4893,3725,2403,1221,451,76,5,4156,111184,5182,4770,4666,4721,6285,7254,8331,8522,9514,9905,8027,6066,4884,5758,5387,4577,3513,2340,1112,326,44,7335
2019,2019-01-01,14135,141356,神奈川県,川崎市多摩区,204664,8344,7494,7645,8592,13645,15942,15721,15011,15725,17407,15512,12529,9860,10811,9756,8340,6244,3913,1645,456,72,12330,104423,4344,3830,3964,4398,6972,8195,8363,8113,8415,9216,8375,6723,5073,5444,4661,3701,2542,1497,477,107,13,4636,100241,4000,3664,3681,4194,6673,7747,7358,6898,7310,8191,7137,5806,4787,5367,5095,4639,3702,2416,1168,349,59,7694
2019,2019-01-01,14136,141364,神奈川県,川崎市宮前区,227263,10581,11008,10742,10949,12629,12110,13430,16232,18925,20712,18697,14201,10899,12210,11346,9928,6868,3826,1497,412,61,12664,111899,5379,5624,5545,5544,6280,5891,6575,8123,9603,10345,9674,7350,5507,5833,5246,4424,2988,1446,430,85,7,4956,115364,5202,5384,5197,5405,6349,6219,6855,8109,9322,10367,9023,6851,5392,6377,6100,5504,3880,2380,1067,327,54,7708
2019,2019-01-01,14137,141372,神奈川県,川崎市麻生区,173942,7201,8147,8108,8427,9691,8517,9321,11106,13665,15285,13953,11004,9199,10061,9857,8292,5980,3940,1647,467,74,12108,84823,3642,4255,4101,4241,4766,4132,4663,5516,6797,7535,7165,5590,4568,4683,4567,3812,2612,1558,513,96,11,4790,89119,3559,3892,4007,4186,4925,4385,4658,5590,6868,7750,6788,5414,4631,5378,5290,4480,3368,2382,1134,371,63,7318
2019,2019-01-01,14150,141500,神奈川県,相模原市,703572,26301,29178,30375,32662,36951,36102,39138,44230,53537,61269,52403,42232,38264,47811,45837,40201,25568,14026,5685,1566,236,47081,354189,13525,14850,15608,16672,18847,18653,20541,23329,28287,32289,27745,22014,19558,23270,21256,18865,11615,5354,1627,246,38,18880,349383,12776,14328,14767,15990,18104,17449,18597,20901,25250,28980,24658,20218,18706,24541,24581,21336,13953,8672,4058,1320,198,28201
2019,2019-01-01,14151,141518,神奈川県,相模原市緑区,167922,5936,6846,7356,7954,8389,7937,9021,10198,12593,14000,11649,9818,9994,13247,12242,9944,5645,3288,1393,422,50,10798,85064,3046,3419,3734,4125,4448,4250,4827,5370,6639,7403,6086,5109,5021,6431,5898,4968,2600,1221,398,63,8,4290,82858,2890,3427,3622,3829,3941,3687,4194,4828,5954,6597,5563,4709,4973,6816,6344,4976,3045,2067,995,359,42,6508
2019,2019-01-01,14152,141526,神奈川県,相模原市中央区,265367,10204,11437,11921,12826,14303,13612,14721,16496,20431,23706,20163,16010,14071,17296,16844,14857,9205,4791,1898,496,79,16469,134540,5284,5862,6134,6567,7297,7049,7720,8681,10903,12635,10803,8379,7378,8461,7760,6977,4248,1794,516,78,14,6650,130827,4920,5575,5787,6259,7006,6563,7001,7815,9528,11071,9360,7631,6693,8835,9084,7880,4957,2997,1382,418,65,9819
2019,2019-01-01,14153,141534,神奈川県,相模原市南区,270283,10161,10895,11098,11882,14259,14553,15396,17536,20513,23563,20591,16404,14199,17268,16751,15400,10718,5947,2394,648,107,19814,134585,5195,5569,5740,5980,7102,7354,7994,9278,10745,12251,10856,8526,7159,8378,7598,6920,4767,2339,713,105,16,7940,135698,4966,5326,5358,5902,7157,7199,7402,8258,9768,11312,9735,7878,7040,8890,9153,8480,5951,3608,1681,543,91,11874
2019,2019-01-01,14201,142018,神奈川県,横須賀市,399362,12772,14886,16416,20113,20216,17027,18719,20985,26944,31715,26948,23784,23216,30323,30531,27132,19251,11689,5049,1381,265,37635,199430,6601,7557,8413,11065,11341,9264,10000,10890,13999,16555,13944,12298,11660,14838,14168,12463,8327,4315,1434,263,35,14374,199932,6171,7329,8003,9048,8875,7763,8719,10095,12945,15160,13004,11486,11556,15485,16363,14669,10924,7374,3615,1118,230,23261
2019,2019-01-01,14203,142034,神奈川県,平塚市,252236,8978,10135,11271,11998,12333,11570,12787,14949,18367,20833,18159,15316,14800,18796,17476,15029,9951,5901,2731,714,142,19439,126237,4586,5157,5761,6155,6517,6070,6762,7791,9511,10881,9651,7923,7603,9181,8414,6920,4328,2105,781,121,19,7354,125999,4392,4978,5510,5843,5816,5500,6025,7158,8856,9952,8508,7393,7197,9615,9062,8109,5623,3796,1950,593,123,12085
2019,2019-01-01,14204,142042,神奈川県,鎌倉市,174964,5721,7136,7481,7769,7099,6208,7391,9491,12812,15679,13822,11164,9279,11389,12441,11309,8832,6111,2892,801,137,18773,82892,2918,3654,3793,3909,3552,3053,3648,4588,6228,7600,6993,5663,4556,5273,5550,4815,3737,2295,881,169,17,7099,92072,2803,3482,3688,3860,3547,3155,3743,4903,6584,8079,6829,5501,4723,6116,6891,6494,5095,3816,2011,632,120,11674
2019,2019-01-01,14205,142051,神奈川県,藤沢市,427281,18078,19722,20068,20306,20936,20478,23154,28280,33914,38099,32457,25531,21408,26046,25719,21980,15964,9530,4229,1158,223,31104,211486,9214,10109,10232,10467,10948,10778,11903,14350,17209,19462,16945,13322,10733,12334,11941,9870,6753,3472,1179,227,37,11668,215795,8864,9613,9836,9839,9988,9700,11251,13930,16705,18637,15512,12209,10675,13712,13778,12110,9211,6058,3050,931,186,19436
2019,2019-01-01,14206,142069,神奈川県,小田原市,189249,6292,7384,7869,8993,8976,8464,9277,10698,12980,14913,13643,12003,11496,14440,13373,11540,8389,5308,2468,640,103,16908,92617,3219,3857,4035,4521,4502,4269,4723,5465,6682,7624,7109,6182,5657,7061,6398,5109,3458,1923,677,135,11,6204,96632,3073,3527,3834,4472,4474,4195,4554,5233,6298,7289,6534,5821,5839,7379,6975,6431,4931,3385,1791,505,92,10704
2019,2019-01-01,14207,142077,神奈川県,茅ヶ崎市,242061,9738,11094,11377,11797,10938,10002,12195,15428,19034,21321,18256,14582,12843,15916,15351,13584,9766,5619,2480,659,81,18605,118294,4965,5676,5754,5923,5560,4960,6059,7707,9503,10794,9460,7494,6394,7610,7004,6148,4314,2098,744,122,5,7283,123767,4773,5418,5623,5874,5378,5042,6136,7721,9531,10527,8796,7088,6449,8306,8347,7436,5452,3521,1736,537,76,11322
2019,2019-01-01,14208,142085,神奈川県,逗子市,59072,2012,2406,2503,2608,2352,1850,2384,3089,4298,5111,4664,3905,3268,3881,4245,4004,3073,2106,999,279,35,6492,27808,1011,1246,1255,1372,1170,898,1138,1433,2064,2475,2332,1972,1574,1839,1871,1740,1261,788,310,53,6,2418,31264,1001,1160,1248,1236,1182,952,1246,1656,2234,2636,2332,1933,1694,2042,2374,2264,1812,1318,689,226,29,4074
2019,2019-01-01,14210,142107,神奈川県,三浦市,43477,1022,1245,1566,1795,1782,1559,1709,1944,2461,3079,2863,2744,3025,4224,3903,3422,2505,1687,725,193,24,5134,21144,542,647,783,901,917,806,889,999,1297,1597,1491,1398,1516,2102,1881,1534,1041,595,168,34,6,1844,22333,480,598,783,894,865,753,820,945,1164,1482,1372,1346,1509,2122,2022,1888,1464,1092,557,159,18,3290
2019,2019-01-01,14211,142115,神奈川県,秦野市,158135,5202,6463,6877,7337,8060,6827,7644,9285,11277,12383,10695,9270,9863,13292,12318,9749,5987,3451,1628,450,77,11593,79298,2744,3315,3459,3735,4324,3543,4044,4909,5919,6552,5630,4743,4868,6378,6018,4683,2673,1265,397,87,12,4434,78837,2458,3148,3418,3602,3736,3284,3600,4376,5358,5831,5065,4527,4995,6914,6300,5066,3314,2186,1231,363,65,7159
2019,2019-01-01,14212,142123,神奈川県,厚木市,217716,7847,9203,9789,10808,11478,11104,11634,13673,16818,19186,15758,12519,12014,15668,14901,12022,7225,3888,1685,428,68,13294,112437,3951,4798,5024,5537,6170,6311,6411,7429,9039,10431,8662,6670,6122,7605,7180,5760,3300,1464,485,78,10,5337,105279,3896,4405,4765,5271,5308,4793,5223,6244,7779,8755,7096,5849,5892,8063,7721,6262,3925,2424,1200,350,58,7957
2019,2019-01-01,14213,142131,神奈川県,大和市,230459,9525,9896,9707,10290,11888,12398,13849,15339,18234,20456,17483,13756,11862,14300,14064,12751,8078,4238,1778,482,85,14661,115720,4844,5000,5038,5173,5954,6403,7181,8028,9622,10829,9175,7290,6200,6933,6440,5829,3592,1560,531,83,15,5781,114739,4681,4896,4669,5117,5934,5995,6668,7311,8612,9627,8308,6466,5662,7367,7624,6922,4486,2678,1247,399,70,8880
2019,2019-01-01,14214,142140,神奈川県,伊勢原市,98386,3707,3961,4278,4758,5303,5316,5446,6081,7300,8211,7077,5818,5363,6807,6461,5625,3621,1980,944,282,47,6874,49975,1898,2006,2180,2472,2813,2966,2887,3258,3789,4344,3788,3065,2742,3313,3107,2650,1615,753,267,55,7,2697,48411,1809,1955,2098,2286,2490,2350,2559,2823,3511,3867,3289,2753,2621,3494,3354,2975,2006,1227,677,227,40,4177
2019,2019-01-01,14215,142158,神奈川県,海老名市,130692,5450,5822,6130,6293,6458,6513,7566,8768,10385,11587,9219,7395,6740,8878,8310,7276,4454,2258,935,221,34,7902,65925,2800,3036,3125,3216,3325,3450,3979,4594,5389,6080,4864,3811,3341,4284,3992,3404,2099,830,259,43,4,3235,64767,2650,2786,3005,3077,3133,3063,3587,4174,4996,5507,4355,3584,3399,4594,4318,3872,2355,1428,676,178,30,4667
2019,2019-01-01,14216,142166,神奈川県,座間市,127999,4710,5142,5370,5858,6753,6257,6931,7909,9903,11264,10019,8002,7080,8733,8323,7394,4786,2336,926,259,44,8351,64552,2359,2638,2799,3012,3515,3249,3651,4202,5210,5944,5250,4238,3642,4244,3884,3359,2209,850,256,38,3,3356,63447,2351,2504,2571,2846,3238,3008,3280,3707,4693,5320,4769,3764,3438,4489,4439,4035,2577,1486,670,221,41,4995
2019,2019-01-01,14217,142174,神奈川県,南足柄市,42262,1327,1715,1868,2042,2006,1607,1829,2278,2829,3356,2976,2503,2456,3353,3267,2947,2044,1198,505,137,19,3903,20885,698,880,960,1059,1045,853,946,1188,1464,1758,1547,1251,1247,1593,1515,1365,893,447,142,30,4,1516,21377,629,835,908,983,961,754,883,1090,1365,1598,1429,1252,1209,1760,1752,1582,1151,751,363,107,15,2387
2019,2019-01-01,14218,142182,神奈川県,綾瀬市,81448,3125,3844,3996,3958,3822,3533,4199,4943,6301,7196,5536,4125,4096,5816,6098,5464,3170,1470,567,162,27,5396,41444,1635,1960,2029,1994,2027,1899,2226,2616,3372,3916,3058,2216,2038,2775,2772,2670,1504,559,155,22,1,2241,40004,1490,1884,1967,1964,1795,1634,1973,2327,2929,3280,2478,1909,2058,3041,3326,2794,1666,911,412,140,26,3155
2019,2019-01-01,14300,143006,神奈川県,三浦郡,32957,1097,1583,1602,1639,1262,785,1003,1747,2462,3054,2675,2064,1744,2202,2522,2226,1622,964,533,147,24,3290,15645,594,820,815,841,640,377,475,805,1147,1439,1364,1049,872,1008,1109,1005,722,384,147,30,2,1285,17312,503,763,787,798,622,408,528,942,1315,1615,1311,1015,872,1194,1413,1221,900,580,386,117,22,2005
2019,2019-01-01,14301,143014,神奈川県,三浦郡葉山町,32957,1097,1583,1602,1639,1262,785,1003,1747,2462,3054,2675,2064,1744,2202,2522,2226,1622,964,533,147,24,3290,15645,594,820,815,841,640,377,475,805,1147,1439,1364,1049,872,1008,1109,1005,722,384,147,30,2,1285,17312,503,763,787,798,622,408,528,942,1315,1615,1311,1015,872,1194,1413,1221,900,580,386,117,22,2005
2019,2019-01-01,14320,143201,神奈川県,高座郡,47796,1928,2164,2222,2265,2224,2282,2584,3063,3764,3808,3143,2680,2684,3686,3283,2865,1743,913,380,92,23,3151,24268,1010,1089,1177,1157,1161,1228,1379,1616,1978,2078,1644,1406,1321,1793,1580,1365,810,358,105,11,2,1286,23528,918,1075,1045,1108,1063,1054,1205,1447,1786,1730,1499,1274,1363,1893,1703,1500,933,555,275,81,21,1865
2019,2019-01-01,14321,143219,神奈川県,高座郡寒川町,47796,1928,2164,2222,2265,2224,2282,2584,3063,3764,3808,3143,2680,2684,3686,3283,2865,1743,913,380,92,23,3151,24268,1010,1089,1177,1157,1161,1228,1379,1616,1978,2078,1644,1406,1321,1793,1580,1365,810,358,105,11,2,1286,23528,918,1075,1045,1108,1063,1054,1205,1447,1786,1730,1499,1274,1363,1893,1703,1500,933,555,275,81,21,1865
2019,2019-01-01,14340,143405,神奈川県,中郡,61328,1860,2267,2551,2724,2554,2045,2465,3205,4146,4758,4419,3826,3768,4898,5153,4466,3128,1870,928,254,43,6223,29885,982,1134,1311,1389,1323,1010,1211,1627,2132,2412,2296,1911,1880,2301,2422,2152,1354,727,263,42,6,2392,31443,878,1133,1240,1335,1231,1035,1254,1578,2014,2346,2123,1915,1888,2597,2731,2314,1774,1143,665,212,37,3831
2019,2019-01-01,14341,143413,神奈川県,中郡大磯町,32764,1029,1280,1418,1447,1301,1038,1323,1722,2308,2623,2277,2012,1994,2686,2785,2333,1600,938,473,151,26,3188,16019,551,635,726,750,680,516,653,867,1190,1327,1204,1015,988,1258,1322,1136,684,364,132,18,3,1201,16745,478,645,692,697,621,522,670,855,1118,1296,1073,997,1006,1428,1463,1197,916,574,341,133,23,1987
2019,2019-01-01,14342,143421,神奈川県,中郡二宮町,28564,831,987,1133,1277,1253,1007,1142,1483,1838,2135,2142,1814,1774,2212,2368,2133,1528,932,455,103,17,3035,13866,431,499,585,639,643,494,558,760,942,1085,1092,896,892,1043,1100,1016,670,363,131,24,3,1191,14698,400,488,548,638,610,513,584,723,896,1050,1050,918,882,1169,1268,1117,858,569,324,79,14,1844
2019,2019-01-01,14360,143600,神奈川県,足柄上郡,65289,2180,2600,2948,3298,2995,2496,2997,3644,4638,5221,4477,3758,4076,5295,4930,4116,2810,1754,793,231,32,5620,32436,1136,1310,1499,1701,1568,1334,1563,1902,2428,2736,2343,1926,2039,2575,2355,1889,1199,671,204,55,3,2132,32853,1044,1290,1449,1597,1427,1162,1434,1742,2210,2485,2134,1832,2037,2720,2575,2227,1611,1083,589,176,29,3488
2019,2019-01-01,14361,143618,神奈川県,足柄上郡中井町,9179,214,295,425,449,396,306,353,504,674,725,582,481,629,887,856,636,384,235,106,39,3,767,4635,104,152,210,248,213,166,190,276,356,385,317,242,306,423,438,310,162,102,31,4,0,299,4544,110,143,215,201,183,140,163,228,318,340,265,239,323,464,418,326,222,133,75,35,3,468
2019,2019-01-01,14362,143626,神奈川県,足柄上郡大井町,17165,542,692,884,1012,920,656,758,948,1330,1534,1236,951,921,1273,1265,1020,655,357,158,45,8,1223,8578,292,335,461,511,487,354,393,482,685,817,642,483,479,609,597,465,281,153,39,12,1,486,8587,250,357,423,501,433,302,365,466,645,717,594,468,442,664,668,555,374,204,119,33,7,737
2019,2019-01-01,14363,143634,神奈川県,足柄上郡松田町,11101,363,358,358,491,501,471,554,533,649,833,789,739,757,924,851,761,595,371,157,39,7,1169,5535,203,183,184,258,277,246,292,299,349,439,414,378,397,454,397,338,240,136,45,5,1,427,5566,160,175,174,233,224,225,262,234,300,394,375,361,360,470,454,423,355,235,112,34,6,742
2019,2019-01-01,14364,143642,神奈川県,足柄上郡山北町,10232,219,324,348,425,393,353,390,464,566,601,644,680,847,1086,905,707,577,425,210,61,7,1280,5021,108,167,176,220,206,198,207,246,308,302,333,354,417,552,451,320,244,142,48,21,1,456,5211,111,157,172,205,187,155,183,218,258,299,311,326,430,534,454,387,333,283,162,40,6,824
2019,2019-01-01,14366,143669,神奈川県,足柄上郡開成町,17612,842,931,933,921,785,710,942,1195,1419,1528,1226,907,922,1125,1053,992,599,366,162,47,7,1181,8667,429,473,468,464,385,370,481,599,730,793,637,469,440,537,472,456,272,138,41,13,0,464,8945,413,458,465,457,400,340,461,596,689,735,589,438,482,588,581,536,327,228,121,34,7,717
2019,2019-01-01,14380,143804,神奈川県,足柄下郡,43322,849,1151,1355,1692,1981,1532,1537,1672,2257,2974,2901,2935,3205,4103,4207,3690,2673,1569,788,215,36,5281,20498,446,576,707,836,958,806,799,879,1180,1531,1469,1473,1615,1947,1921,1565,1040,517,184,45,4,1790,22824,403,575,648,856,1023,726,738,793,1077,1443,1432,1462,1590,2156,2286,2125,1633,1052,604,170,32,3491
2019,2019-01-01,14382,143821,神奈川県,足柄下郡箱根町,11162,222,265,336,436,689,480,469,436,538,759,665,762,873,1062,1052,882,612,360,198,58,8,1236,5407,112,127,170,201,316,276,257,242,298,404,346,393,454,520,489,383,246,126,34,12,1,419,5755,110,138,166,235,373,204,212,194,240,355,319,369,419,542,563,499,366,234,164,46,7,817
2019,2019-01-01,14383,143839,神奈川県,足柄下郡真鶴町,7279,156,175,188,265,264,227,265,261,336,465,552,541,573,711,754,641,458,274,134,33,6,905,3419,82,85,95,135,120,124,135,145,163,235,271,258,291,349,354,277,176,90,29,4,1,300,3860,74,90,93,130,144,103,130,116,173,230,281,283,282,362,400,364,282,184,105,29,5,605
2019,2019-01-01,14384,143847,神奈川県,足柄下郡湯河原町,24881,471,711,831,991,1028,825,803,975,1383,1750,1684,1632,1759,2330,2401,2167,1603,935,456,124,22,3140,11672,252,364,442,500,522,406,407,492,719,892,852,822,870,1078,1078,905,618,301,121,29,2,1071,13209,219,347,389,491,506,419,396,483,664,858,832,810,889,1252,1323,1262,985,634,335,95,20,2069
2019,2019-01-01,14400,144002,神奈川県,愛甲郡,40869,1210,1484,1750,2029,1888,1691,1825,2139,2782,3315,2759,2487,2846,3808,3265,2712,1576,828,365,94,16,2879,21285,624,783,891,1052,1075,974,992,1158,1513,1877,1519,1303,1495,1920,1615,1317,720,325,106,24,2,1177,19584,586,701,859,977,813,717,833,981,1269,1438,1240,1184,1351,1888,1650,1395,856,503,259,70,14,1702
2019,2019-01-01,14401,144011,神奈川県,愛甲郡愛川町,37908,1120,1378,1625,1916,1794,1598,1685,1979,2592,3085,2583,2305,2589,3518,3003,2519,1445,765,311,82,16,2619,19760,584,731,828,987,1016,923,915,1072,1404,1745,1429,1215,1349,1787,1478,1226,662,298,89,20,2,1071,18148,536,647,797,929,778,675,770,907,1188,1340,1154,1090,1240,1731,1525,1293,783,467,222,62,14,1548
2019,2019-01-01,14402,144029,神奈川県,愛甲郡清川村,2961,90,106,125,113,94,93,140,160,190,230,176,182,257,290,262,193,131,63,54,12,0,260,1525,40,52,63,65,59,51,77,86,109,132,90,88,146,133,137,91,58,27,17,4,0,106,1436,50,54,62,48,35,42,63,74,81,98,86,94,111,157,125,102,73,36,37,8,0,154
2019,2019-01-01,15000,150002,新潟県,,2242517,77716,88663,94398,102813,97179,94395,111837,126737,150510,153456,140903,139247,153838,185964,152678,128767,108979,79959,41099,11662,1716,243415,1090111,39866,45515,48562,52678,50711,49093,57930,65303,77367,78855,71203,70205,77026,91304,73577,57503,43825,26871,10603,1902,212,83413,1152406,37850,43148,45836,50135,46468,45302,53907,61434,73143,74601,69700,69042,76812,94660,79101,71264,65154,53088,30496,9760,1504,160002
2019,2019-01-01,15100,151009,新潟県,新潟市,787261,29557,32356,33536,35717,36243,35934,42898,47972,57434,58459,51366,47652,50582,61310,51520,42203,33538,23549,11537,3359,539,72522,379116,15244,16521,17187,18314,18414,17880,21594,24176,29112,29530,25438,23533,24998,29338,24281,18613,13544,7800,2987,543,69,24943,408145,14313,15835,16349,17403,17829,18054,21304,23796,28322,28929,25928,24119,25584,31972,27239,23590,19994,15749,8550,2816,470,47579
2019,2019-01-01,15101,151017,新潟県,新潟市北区,73763,2463,3014,3276,3543,3491,3115,3745,4311,5177,4915,4713,4465,5147,6598,5186,4139,3070,2059,992,298,46,6465,36003,1303,1572,1693,1840,1767,1586,1929,2205,2685,2519,2283,2278,2530,3223,2483,1905,1271,645,237,45,4,2202,37760,1160,1442,1583,1703,1724,1529,1816,2106,2492,2396,2430,2187,2617,3375,2703,2234,1799,1414,755,253,42,4263
2019,2019-01-01,15102,151025,新潟県,新潟市東区,136500,5384,5560,5761,6187,6266,6846,7840,8355,10102,10706,8935,7740,8048,10393,9033,7491,5721,3814,1724,515,79,11853,65862,2776,2852,2983,3147,3107,3397,3936,4174,5162,5483,4438,3892,3896,4926,4255,3312,2291,1285,462,75,13,4126,70638,2608,2708,2778,3040,3159,3449,3904,4181,4940,5223,4497,3848,4152,5467,4778,4179,3430,2529,1262,440,66,7727
2019,2019-01-01,15103,151033,新潟県,新潟市中央区,173918,6728,6890,6931,7153,8386,9029,10251,11019,13362,14120,12432,10985,10145,11756,10690,8760,7037,4990,2409,729,116,15281,82662,3474,3554,3578,3669,4245,4374,5067,5439,6569,7030,6187,5375,5051,5389,4829,3624,2772,1652,642,122,20,5208,91256,3254,3336,3353,3484,4141,4655,5184,5580,6793,7090,6245,5610,5094,6367,5861,5136,4265,3338,1767,607,96,10073
2019,2019-01-01,15104,151041,新潟県,新潟市江南区,68578,2735,3043,3200,3192,2879,2955,3800,4341,5309,4984,4024,3853,4395,5589,4641,3614,2776,1904,984,302,58,6024,33344,1419,1546,1626,1650,1470,1464,1929,2241,2725,2548,2043,1889,2153,2701,2228,1677,1133,614,229,54,5,2035,35234,1316,1497,1574,1542,1409,1491,1871,2100,2584,2436,1981,1964,2242,2888,2413,1937,1643,1290,755,248,53,3989
2019,2019-01-01,15105,151050,新潟県,新潟市秋葉区,76879,2814,3252,3454,3678,3159,3081,3962,4534,5446,5407,4650,4583,5164,6292,5093,4243,3557,2648,1417,386,59,8067,36924,1462,1639,1761,1860,1595,1592,1960,2295,2758,2698,2313,2243,2593,3083,2460,1879,1453,827,381,65,7,2733,39955,1352,1613,1693,1818,1564,1489,2002,2239,2688,2709,2337,2340,2571,3209,2633,2364,2104,1821,1036,321,52,5334
2019,2019-01-01,15106,151068,新潟県,新潟市南区,44750,1654,1773,1807,1990,2028,2076,2358,2757,2991,2939,2844,3080,3471,3753,2652,2137,1963,1430,791,221,35,4440,21807,803,882,903,1008,1029,1074,1248,1483,1545,1509,1427,1505,1766,1891,1321,936,795,446,200,36,0,1477,22943,851,891,904,982,999,1002,1110,1274,1446,1430,1417,1575,1705,1862,1331,1201,1168,984,591,185,35,2963
2019,2019-01-01,15107,151076,新潟県,新潟市西区,155999,6048,6748,6808,7399,7533,6538,8215,9532,11516,11625,10107,9120,9652,11852,10346,8683,6652,4686,2200,628,111,14277,74993,3118,3427,3449,3824,3932,3204,4122,4729,5836,5849,4953,4426,4700,5576,4782,3918,2751,1678,602,102,15,5148,81006,2930,3321,3359,3575,3601,3334,4093,4803,5680,5776,5154,4694,4952,6276,5564,4765,3901,3008,1598,526,96,9129
2019,2019-01-01,15108,151084,新潟県,新潟市西蒲区,56874,1731,2076,2299,2575,2501,2294,2727,3123,3531,3763,3661,3826,4560,5077,3879,3136,2762,2018,1020,280,35,6115,27521,889,1049,1194,1316,1269,1189,1403,1610,1832,1894,1794,1925,2309,2549,1923,1362,1078,653,234,44,5,2014,29353,842,1027,1105,1259,1232,1105,1324,1513,1699,1869,1867,1901,2251,2528,1956,1774,1684,1365,786,236,30,4101
2019,2019-01-01,15202,152021,新潟県,長岡市,268681,9739,11049,11901,12603,12243,11624,13396,15753,18571,18817,16819,16319,17767,21792,17594,14865,12494,9065,4768,1320,182,27829,131473,5009,5682,6050,6329,6490,6108,7022,8148,9657,9695,8549,8231,8820,10642,8512,6745,5049,3143,1340,227,25,9784,137208,4730,5367,5851,6274,5753,5516,6374,7605,8914,9122,8270,8088,8947,11150,9082,8120,7445,5922,3428,1093,157,18045
2019,2019-01-01,15204,152048,新潟県,三条市,97629,3332,3894,4094,4543,4218,4111,4763,5532,6605,6650,6219,6176,6745,8088,6669,5780,4779,3410,1583,382,56,10210,47539,1679,2021,2091,2315,2168,2153,2476,2862,3365,3436,3120,3105,3347,3969,3219,2553,1969,1191,426,71,3,3660,50090,1653,1873,2003,2228,2050,1958,2287,2670,3240,3214,3099,3071,3398,4119,3450,3227,2810,2219,1157,311,53,6550
2019,2019-01-01,15205,152056,新潟県,柏崎市,83415,2678,3035,3367,3696,3451,3346,4081,4354,5419,5548,5168,5625,5953,7113,5899,4888,4235,3280,1726,479,73,9793,41213,1375,1550,1757,1927,1822,1838,2231,2349,2823,2923,2679,2879,3053,3519,2911,2238,1657,1121,468,82,11,3339,42202,1303,1485,1610,1769,1629,1508,1850,2005,2596,2625,2489,2746,2900,3594,2988,2650,2578,2159,1258,397,62,6454
2019,2019-01-01,15206,152064,新潟県,新発田市,97406,3485,3972,4048,4404,4260,4440,5103,5644,6291,6157,5990,6193,6989,8233,6425,5209,4753,3596,1712,449,53,10563,47348,1816,2006,2092,2226,2309,2321,2658,2966,3280,3174,3052,3105,3495,4021,3116,2256,1816,1128,433,72,6,3455,50058,1669,1966,1956,2178,1951,2119,2445,2678,3011,2983,2938,3088,3494,4212,3309,2953,2937,2468,1279,377,47,7108
2019,2019-01-01,15208,152081,新潟県,小千谷市,35549,1112,1407,1530,1650,1494,1360,1679,1947,2324,2332,2183,2121,2457,3086,2560,2186,1868,1302,704,214,33,4121,17691,547,736,772,892,791,735,929,1019,1238,1254,1160,1069,1253,1531,1238,1007,801,491,192,30,6,1520,17858,565,671,758,758,703,625,750,928,1086,1078,1023,1052,1204,1555,1322,1179,1067,811,512,184,27,2601
2019,2019-01-01,15209,152099,新潟県,加茂市,27176,692,902,1019,1293,1128,958,1121,1448,1606,1733,1735,1788,2123,2396,2169,1755,1515,1084,551,144,16,3310,13225,323,501,514,698,593,528,602,754,844,865,901,902,1079,1176,1036,775,608,367,134,23,2,1134,13951,369,401,505,595,535,430,519,694,762,868,834,886,1044,1220,1133,980,907,717,417,121,14,2176
2019,2019-01-01,15210,152102,新潟県,十日町市,52795,1587,1922,2212,2332,1777,1718,2076,2511,3100,3213,3114,3140,3996,4896,3954,3608,3260,2475,1361,467,76,7639,25903,834,963,1161,1198,948,938,1092,1315,1651,1699,1648,1644,2028,2466,1942,1670,1364,907,353,74,8,2706,26892,753,959,1051,1134,829,780,984,1196,1449,1514,1466,1496,1968,2430,2012,1938,1896,1568,1008,393,68,4933
2019,2019-01-01,15211,152111,新潟県,見附市,40290,1416,1558,1628,1842,1654,1679,2080,2214,2689,2679,2547,2634,2872,3327,2813,2395,1945,1412,697,194,15,4263,19633,744,781,844,955,839,866,1062,1161,1393,1367,1265,1326,1435,1644,1363,1060,800,516,177,32,3,1528,20657,672,777,784,887,815,813,1018,1053,1296,1312,1282,1308,1437,1683,1450,1335,1145,896,520,162,12,2735
2019,2019-01-01,15212,152129,新潟県,村上市,60038,1659,1953,2256,2743,2366,2163,2279,2805,3494,3768,3692,3802,4429,5562,4592,4117,3753,2823,1358,358,66,8358,28823,783,1029,1164,1418,1261,1175,1222,1492,1822,1963,1881,1929,2199,2750,2156,1815,1469,903,323,58,11,2764,31215,876,924,1092,1325,1105,988,1057,1313,1672,1805,1811,1873,2230,2812,2436,2302,2284,1920,1035,300,55,5594
2019,2019-01-01,15213,152137,新潟県,燕市,79349,2719,3160,3447,3653,3484,3482,4146,4609,5479,5853,5264,4887,5229,6252,5257,4834,3759,2272,1207,313,43,7594,38745,1416,1579,1777,1851,1802,1840,2160,2347,2815,3009,2651,2520,2680,3003,2460,2178,1563,733,314,40,7,2657,40604,1303,1581,1670,1802,1682,1642,1986,2262,2664,2844,2613,2367,2549,3249,2797,2656,2196,1539,893,273,36,4937
2019,2019-01-01,15216,152161,新潟県,糸魚川市,42633,1156,1469,1650,1845,1520,1407,1766,1922,2390,2659,2584,2556,3040,3840,3397,3125,2790,2035,1125,317,40,6307,20846,605,757,856,942,850,783,976,1022,1286,1349,1357,1356,1569,1875,1611,1445,1168,682,292,61,4,2207,21787,551,712,794,903,670,624,790,900,1104,1310,1227,1200,1471,1965,1786,1680,1622,1353,833,256,36,4100
2019,2019-01-01,15217,152170,新潟県,妙高市,32180,974,1163,1229,1520,1294,1205,1433,1538,1839,2002,2049,2260,2263,2865,2269,1921,1806,1417,840,262,31,4356,15663,508,618,631,773,708,660,743,811,968,1029,1036,1157,1155,1456,1129,873,678,485,200,42,3,1408,16517,466,545,598,747,586,545,690,727,871,973,1013,1103,1108,1409,1140,1048,1128,932,640,220,28,2948
2019,2019-01-01,15218,152188,新潟県,五泉市,50061,1422,1795,1982,2328,2040,1884,2300,2648,3201,3149,3198,3116,3620,4548,3691,3089,2735,1928,1037,313,37,6050,24155,725,936,1035,1155,1057,1026,1200,1352,1661,1665,1664,1566,1775,2226,1823,1338,1041,603,259,46,2,1951,25906,697,859,947,1173,983,858,1100,1296,1540,1484,1534,1550,1845,2322,1868,1751,1694,1325,778,267,35,4099
2019,2019-01-01,15222,152226,新潟県,上越市,191772,6836,7956,8637,9231,8212,8030,9331,10516,12692,12784,11789,11865,13021,15798,13168,10865,9263,6927,3620,1094,137,21041,93980,3515,4126,4444,4781,4410,4305,4885,5445,6509,6673,5993,6021,6553,7866,6452,4966,3653,2309,901,158,15,7036,97792,3321,3830,4193,4450,3802,3725,4446,5071,6183,6111,5796,5844,6468,7932,6716,5899,5610,4618,2719,936,122,14005
2019,2019-01-01,15223,152234,新潟県,阿賀野市,42305,1324,1602,1771,1994,1842,1696,2184,2379,2649,2598,2467,2806,3318,3889,2740,2206,2063,1621,870,233,53,4840,20521,675,817,928,1034,953,903,1111,1270,1377,1357,1239,1371,1690,1974,1336,969,799,496,199,20,3,1517,21784,649,785,843,960,889,793,1073,1109,1272,1241,1228,1435,1628,1915,1404,1237,1264,1125,671,213,50,3323
2019,2019-01-01,15224,152242,新潟県,佐渡市,55122,1589,1900,1952,2314,1918,1759,2105,2467,2832,2940,3074,3580,4149,4773,4470,3904,3943,3265,1656,465,67,9396,26623,811,1013,1024,1184,988,951,1105,1318,1461,1570,1632,1857,2118,2445,2240,1665,1558,1137,443,92,11,3241,28499,778,887,928,1130,930,808,1000,1149,1371,1370,1442,1723,2031,2328,2230,2239,2385,2128,1213,373,56,6155
2019,2019-01-01,15225,152251,新潟県,魚沼市,36174,1078,1216,1538,1708,1389,1271,1630,1912,2049,2119,2130,2396,2983,3337,2440,2195,1965,1597,940,246,35,4783,17715,547,593,810,832,750,696,856,1007,1084,1071,1094,1246,1506,1737,1236,974,833,558,238,43,4,1676,18459,531,623,728,876,639,575,774,905,965,1048,1036,1150,1477,1600,1204,1221,1132,1039,702,203,31,3107
2019,2019-01-01,15226,152269,新潟県,南魚沼市,56017,2054,2386,2478,2631,2286,2239,2593,3257,3596,3418,3144,3540,4316,5110,3503,2993,2580,2214,1269,358,52,6473,27539,1015,1227,1302,1381,1186,1163,1396,1714,1776,1745,1574,1834,2186,2638,1739,1406,1094,754,324,76,9,2257,28478,1039,1159,1176,1250,1100,1076,1197,1543,1820,1673,1570,1706,2130,2472,1764,1587,1486,1460,945,282,43,4216
2019,2019-01-01,15227,152277,新潟県,胎内市,29177,900,1128,1130,1344,1194,1197,1390,1496,1768,1802,1759,1860,2183,2637,2147,1806,1483,1161,635,136,21,3436,14258,458,571,605,653,658,667,739,791,898,965,856,954,1058,1340,1070,850,589,381,139,16,0,1125,14919,442,557,525,691,536,530,651,705,870,837,903,906,1125,1297,1077,956,894,780,496,120,21,2311
2019,2019-01-01,15300,153001,新潟県,北蒲原郡,14147,753,744,682,742,705,743,902,917,937,955,844,832,885,1047,766,568,494,382,196,48,5,1125,7080,415,383,354,435,389,377,465,478,499,493,448,443,450,524,362,245,176,96,41,6,1,320,7067,338,361,328,307,316,366,437,439,438,462,396,389,435,523,404,323,318,286,155,42,4,805
2019,2019-01-01,15307,153079,新潟県,北蒲原郡聖籠町,14147,753,744,682,742,705,743,902,917,937,955,844,832,885,1047,766,568,494,382,196,48,5,1125,7080,415,383,354,435,389,377,465,478,499,493,448,443,450,524,362,245,176,96,41,6,1,320,7067,338,361,328,307,316,366,437,439,438,462,396,389,435,523,404,323,318,286,155,42,4,805
2019,2019-01-01,15340,153401,新潟県,西蒲原郡,8123,247,348,389,415,330,288,360,456,633,604,512,512,554,744,553,434,330,249,126,32,7,744,3952,123,186,189,200,160,155,192,227,320,310,275,260,274,374,272,183,145,74,29,4,0,252,4171,124,162,200,215,170,133,168,229,313,294,237,252,280,370,281,251,185,175,97,28,7,492
2019,2019-01-01,15342,153427,新潟県,西蒲原郡弥彦村,8123,247,348,389,415,330,288,360,456,633,604,512,512,554,744,553,434,330,249,126,32,7,744,3952,123,186,189,200,160,155,192,227,320,310,275,260,274,374,272,183,145,74,29,4,0,252,4171,124,162,200,215,170,133,168,229,313,294,237,252,280,370,281,251,185,175,97,28,7,492
2019,2019-01-01,15360,153605,新潟県,南蒲原郡,11732,289,399,416,550,503,417,507,565,769,807,735,745,893,1170,942,742,574,419,225,55,10,1283,5688,152,212,213,287,257,223,263,302,396,411,359,376,431,581,457,349,223,136,52,8,0,419,6044,137,187,203,263,246,194,244,263,373,396,376,369,462,589,485,393,351,283,173,47,10,864
2019,2019-01-01,15361,153613,新潟県,南蒲原郡田上町,11732,289,399,416,550,503,417,507,565,769,807,735,745,893,1170,942,742,574,419,225,55,10,1283,5688,152,212,213,287,257,223,263,302,396,411,359,376,431,581,457,349,223,136,52,8,0,419,6044,137,187,203,263,246,194,244,263,373,396,376,369,462,589,485,393,351,283,173,47,10,864
2019,2019-01-01,15380,153800,新潟県,東蒲原郡,11041,193,255,331,444,370,301,330,373,507,549,637,708,838,1094,870,936,1052,747,383,104,19,2305,5370,101,136,172,238,190,173,190,197,257,295,331,417,457,589,453,382,414,258,96,20,4,792,5671,92,119,159,206,180,128,140,176,250,254,306,291,381,505,417,554,638,489,287,84,15,1513
2019,2019-01-01,15385,153851,新潟県,東蒲原郡阿賀町,11041,193,255,331,444,370,301,330,373,507,549,637,708,838,1094,870,936,1052,747,383,104,19,2305,5370,101,136,172,238,190,173,190,197,257,295,331,417,457,589,453,382,414,258,96,20,4,792,5671,92,119,159,206,180,128,140,176,250,254,306,291,381,505,417,554,638,489,287,84,15,1513
2019,2019-01-01,15400,154008,新潟県,三島郡,4376,103,134,152,146,143,163,169,188,224,211,265,302,329,418,338,295,291,276,173,44,12,796,2087,49,58,73,78,72,84,91,97,124,114,143,149,185,209,174,131,107,93,45,7,4,256,2289,54,76,79,68,71,79,78,91,100,97,122,153,144,209,164,164,184,183,128,37,8,540
2019,2019-01-01,15405,154059,新潟県,三島郡出雲崎町,4376,103,134,152,146,143,163,169,188,224,211,265,302,329,418,338,295,291,276,173,44,12,796,2087,49,58,73,78,72,84,91,97,124,114,143,149,185,209,174,131,107,93,45,7,4,256,2289,54,76,79,68,71,79,78,91,100,97,122,153,144,209,164,164,184,183,128,37,8,540
2019,2019-01-01,15460,154601,新潟県,南魚沼郡,7918,202,245,276,299,346,275,304,376,451,546,501,498,636,787,643,550,429,331,169,49,5,983,4044,95,126,147,150,189,156,161,193,244,302,273,272,351,434,343,249,185,122,46,6,0,359,3874,107,119,129,149,157,119,143,183,207,244,228,226,285,353,300,301,244,209,123,43,5,624
2019,2019-01-01,15461,154610,新潟県,南魚沼郡湯沢町,7918,202,245,276,299,346,275,304,376,451,546,501,498,636,787,643,550,429,331,169,49,5,983,4044,95,126,147,150,189,156,161,193,244,302,273,272,351,434,343,249,185,122,46,6,0,359,3874,107,119,129,149,157,119,143,183,207,244,228,226,285,353,300,301,244,209,123,43,5,624
2019,2019-01-01,15480,154806,新潟県,中魚沼郡,9565,285,315,330,387,349,309,415,420,425,494,522,635,811,890,584,629,618,597,376,146,28,1765,4662,147,168,164,206,212,161,230,210,222,271,266,329,426,490,281,293,257,202,99,28,0,586,4903,138,147,166,181,137,148,185,210,203,223,256,306,385,400,303,336,361,395,277,118,28,1179
2019,2019-01-01,15482,154822,新潟県,中魚沼郡津南町,9565,285,315,330,387,349,309,415,420,425,494,522,635,811,890,584,629,618,597,376,146,28,1765,4662,147,168,164,206,212,161,230,210,222,271,266,329,426,490,281,293,257,202,99,28,0,586,4903,138,147,166,181,137,148,185,210,203,223,256,306,385,400,303,336,361,395,277,118,28,1179
2019,2019-01-01,15500,155004,新潟県,刈羽郡,4606,190,208,188,203,188,187,256,296,270,278,243,310,359,413,294,241,225,159,66,29,3,482,2347,90,115,89,107,116,108,148,157,146,149,127,162,180,206,168,96,103,60,13,6,1,183,2259,100,93,99,96,72,79,108,139,124,129,116,148,179,207,126,145,122,99,53,23,2,299
2019,2019-01-01,15504,155047,新潟県,刈羽郡刈羽村,4606,190,208,188,203,188,187,256,296,270,278,243,310,359,413,294,241,225,159,66,29,3,482,2347,90,115,89,107,116,108,148,157,146,149,127,162,180,206,168,96,103,60,13,6,1,183,2259,100,93,99,96,72,79,108,139,124,129,116,148,179,207,126,145,122,99,53,23,2,299
2019,2019-01-01,15580,155802,新潟県,岩船郡,5979,145,192,229,236,232,209,240,222,266,332,353,389,498,549,411,428,439,366,189,52,2,1048,2872,65,104,117,119,129,120,131,123,139,171,192,192,275,281,197,179,162,125,40,11,0,338,3107,80,88,112,117,103,89,109,99,127,161,161,197,223,268,214,249,277,241,149,41,2,710
2019,2019-01-01,15581,155811,新潟県,岩船郡関川村,5629,134,183,212,226,221,194,228,213,258,318,338,358,472,515,396,392,407,337,177,48,2,971,2702,62,100,107,113,122,109,125,119,134,162,180,177,261,261,188,166,149,116,40,11,0,316,2927,72,83,105,113,99,85,103,94,124,156,158,181,211,254,208,226,258,221,137,37,2,655
2019,2019-01-01,15586,155861,新潟県,岩船郡粟島浦村,350,11,9,17,10,11,15,12,9,8,14,15,31,26,34,15,36,32,29,12,4,0,77,170,3,4,10,6,7,11,6,4,5,9,12,15,14,20,9,13,13,9,0,0,0,22,180,8,5,7,4,4,4,6,5,3,5,3,16,12,14,6,23,19,20,12,4,0,55
2019,2019-01-01,16000,160008,富山県,,1045031,36394,40428,45062,49333,46653,43427,49786,56980,73422,79403,65255,61601,64357,81983,80410,63477,48168,35568,17550,5012,762,107060,507059,18727,20832,23231,25383,24429,23092,26029,29873,38147,41046,32840,30644,31328,39318,37978,28241,18816,11593,4500,917,95,35921,537972,17667,19596,21831,23950,22224,20335,23757,27107,35275,38357,32415,30957,33029,42665,42432,35236,29352,23975,13050,4095,667,71139
2019,2019-01-01,16201,162019,富山県,富山市,409590,15451,16650,18140,19500,18916,18344,21072,23385,30069,32303,26381,23880,24088,30224,29562,23841,17493,12370,5947,1739,235,37784,199471,7921,8550,9288,10126,9932,9705,10962,12163,15542,16648,13319,11856,11762,14493,13715,10616,6963,3998,1601,281,30,12873,210119,7530,8100,8852,9374,8984,8639,10110,11222,14527,15655,13062,12024,12326,15731,15847,13225,10530,8372,4346,1458,205,24911
2019,2019-01-01,16202,162027,富山県,高岡市,168534,5739,6080,6729,7564,7402,6929,7842,9044,11485,12914,10638,9892,10308,13452,13871,10960,7976,5798,2915,847,149,17685,81508,2953,3134,3522,3903,3795,3638,4110,4709,5966,6793,5332,4903,4972,6339,6595,4841,3150,1938,734,165,16,6003,87026,2786,2946,3207,3661,3607,3291,3732,4335,5519,6121,5306,4989,5336,7113,7276,6119,4826,3860,2181,682,133,11682
2019,2019-01-01,16204,162043,富山県,魚津市,41703,1315,1477,1746,1935,1780,1770,1872,2213,2893,3239,2667,2324,2486,3375,3283,2771,2026,1526,769,204,32,4557,20280,677,723,912,1014,973,967,975,1179,1512,1712,1381,1184,1213,1603,1543,1209,784,489,188,37,5,1503,21423,638,754,834,921,807,803,897,1034,1381,1527,1286,1140,1273,1772,1740,1562,1242,1037,581,167,27,3054
2019,2019-01-01,16205,162051,富山県,氷見市,47048,1197,1485,1751,2037,1885,1636,1921,2257,2940,3199,2768,2927,3410,4235,4206,3092,2627,2160,1007,266,42,6102,22527,631,758,885,1054,964,888,1027,1233,1569,1675,1364,1385,1688,2004,2065,1350,981,690,243,62,11,1987,24521,566,727,866,983,921,748,894,1024,1371,1524,1404,1542,1722,2231,2141,1742,1646,1470,764,204,31,4115
2019,2019-01-01,16206,162060,富山県,滑川市,32905,1295,1365,1466,1670,1545,1436,1577,1877,2333,2682,2117,1888,1926,2461,2359,1913,1385,963,506,130,11,2995,16059,681,724,772,867,823,778,829,951,1223,1354,1112,966,937,1182,1067,840,527,298,109,18,1,953,16846,614,641,694,803,722,658,748,926,1110,1328,1005,922,989,1279,1292,1073,858,665,397,112,10,2042
2019,2019-01-01,16207,162078,富山県,黒部市,41039,1460,1699,1804,1902,1896,1914,2040,2156,2865,3053,2438,2479,2547,3098,3072,2379,1931,1372,713,183,38,4237,20139,762,881,960,975,1045,1059,1092,1161,1475,1607,1192,1264,1285,1481,1459,1062,723,438,183,32,3,1379,20900,698,818,844,927,851,855,948,995,1390,1446,1246,1215,1262,1617,1613,1317,1208,934,530,151,35,2858
2019,2019-01-01,16208,162086,富山県,砺波市,47962,1725,2081,2435,2486,2185,1996,2248,2729,3596,3710,2938,2736,2867,3722,3314,2509,1985,1665,783,220,32,4685,23334,888,1059,1259,1282,1116,1043,1178,1439,1855,1864,1455,1382,1359,1811,1640,1102,818,532,207,44,1,1602,24628,837,1022,1176,1204,1069,953,1070,1290,1741,1846,1483,1354,1508,1911,1674,1407,1167,1133,576,176,31,3083
2019,2019-01-01,16209,162094,富山県,小矢部市,29635,920,1040,1164,1284,1162,1119,1352,1537,1903,1888,1678,1864,2160,2616,2451,1851,1523,1257,616,219,31,3646,14477,493,548,575,668,616,632,741,824,1014,968,826,930,1048,1305,1229,832,604,423,154,43,4,1228,15158,427,492,589,616,546,487,611,713,889,920,852,934,1112,1311,1222,1019,919,834,462,176,27,2418
2019,2019-01-01,16210,162108,富山県,南砺市,50202,1520,1739,2021,2144,2038,1835,2022,2429,3063,3071,2720,3110,3508,4495,4162,3257,2949,2349,1342,367,61,7068,24102,734,918,1053,1098,1062,999,1021,1308,1618,1573,1354,1535,1710,2275,2069,1424,1080,814,367,81,9,2351,26100,786,821,968,1046,976,836,1001,1121,1445,1498,1366,1575,1798,2220,2093,1833,1869,1535,975,286,52,4717
2019,2019-01-01,16211,162116,富山県,射水市,90663,3328,3820,4305,4708,4164,3460,4288,5161,6717,7129,5547,5059,5349,7146,7074,5311,3789,2608,1281,371,48,8097,44008,1722,2004,2191,2344,2205,1763,2226,2685,3486,3605,2827,2521,2569,3401,3309,2422,1495,841,306,81,5,2728,46655,1606,1816,2114,2364,1959,1697,2062,2476,3231,3524,2720,2538,2780,3745,3765,2889,2294,1767,975,290,43,5369
2019,2019-01-01,16320,163201,富山県,中新川郡,49370,1498,1851,2132,2527,2195,1820,2074,2505,3453,3792,3091,3019,3133,3935,3965,3075,2435,1757,828,241,44,5305,23746,774,943,1109,1263,1131,963,1075,1321,1771,1966,1529,1521,1533,1893,1835,1397,907,584,196,30,5,1722,25624,724,908,1023,1264,1064,857,999,1184,1682,1826,1562,1498,1600,2042,2130,1678,1528,1173,632,211,39,3583
2019,2019-01-01,16321,163210,富山県,中新川郡舟橋村,3095,144,182,192,220,151,147,125,173,299,281,265,185,140,133,126,123,101,66,28,12,2,209,1517,76,93,101,107,73,65,62,85,140,151,139,96,78,57,71,47,45,22,8,1,0,76,1578,68,89,91,113,78,82,63,88,159,130,126,89,62,76,55,76,56,44,20,11,2,133
2019,2019-01-01,16322,163228,富山県,中新川郡上市町,20458,567,684,776,978,888,738,799,967,1372,1540,1260,1272,1292,1738,1820,1397,1078,783,387,99,23,2370,9811,292,358,411,478,457,415,416,520,727,800,613,642,618,831,837,619,419,255,86,13,4,777,10647,275,326,365,500,431,323,383,447,645,740,647,630,674,907,983,778,659,528,301,86,19,1593
2019,2019-01-01,16323,163236,富山県,中新川郡立山町,25817,787,985,1164,1329,1156,935,1150,1365,1782,1971,1566,1562,1701,2064,2019,1555,1256,908,413,130,19,2726,12418,406,492,597,678,601,483,597,716,904,1015,777,783,837,1005,927,731,443,307,102,16,1,869,13399,381,493,567,651,555,452,553,649,878,956,789,779,864,1059,1092,824,813,601,311,114,18,1857
2019,2019-01-01,16340,163406,富山県,下新川郡,36380,946,1141,1369,1576,1485,1168,1478,1687,2105,2423,2272,2423,2575,3224,3091,2518,2049,1743,843,225,39,4899,17408,491,590,705,789,767,657,793,900,1116,1281,1149,1197,1252,1531,1452,1146,784,548,212,43,5,1592,18972,455,551,664,787,718,511,685,787,989,1142,1123,1226,1323,1693,1639,1372,1265,1195,631,182,34,3307
2019,2019-01-01,16342,163422,富山県,下新川郡入善町,24432,671,823,973,1102,1053,779,1069,1249,1496,1689,1525,1621,1732,2128,1964,1553,1238,1075,531,138,23,3005,11777,346,420,494,543,550,450,557,657,802,908,765,802,844,1016,916,719,486,344,127,28,3,988,12655,325,403,479,559,503,329,512,592,694,781,760,819,888,1112,1048,834,752,731,404,110,20,2017
2019,2019-01-01,16343,163431,富山県,下新川郡朝日町,11948,275,318,396,474,432,389,409,438,609,734,747,802,843,1096,1127,965,811,668,312,87,16,1894,5631,145,170,211,246,217,207,236,243,314,373,384,395,408,515,536,427,298,204,85,15,2,604,6317,130,148,185,228,215,182,173,195,295,361,363,407,435,581,591,538,513,464,227,72,14,1290
2019,2019-01-01,17000,170003,石川県,,1130737,44128,48323,51096,56244,56025,50593,56974,64475,80745,85770,70963,66684,69239,83518,81143,62997,45779,33590,16897,4762,792,101820,547478,22646,24731,25880,29255,29590,26011,29225,32867,41386,43336,35356,32765,33671,39877,38377,28328,17933,11026,4233,879,106,34177,583259,21482,23592,25216,26989,26435,24582,27749,31608,39359,42434,35607,33919,35568,43641,42766,34669,27846,22564,12664,3883,686,67643
2019,2019-01-01,17201,172014,石川県,金沢市,448037,18778,19883,20204,21841,23637,21987,24658,27539,33837,35970,29039,26506,25992,30222,29693,22966,16051,11647,5740,1573,274,35285,216464,9543,10161,10245,11467,12413,11123,12509,13866,17078,17965,14440,12927,12582,14301,13769,10213,6254,3838,1480,261,29,11862,231573,9235,9722,9959,10374,11224,10864,12149,13673,16759,18005,14599,13579,13410,15921,15924,12753,9797,7809,4260,1312,245,23423
2019,2019-01-01,17202,172022,石川県,七尾市,52301,1512,1823,2097,2268,2208,1966,2069,2352,3197,3401,3002,3327,3878,4831,4504,3474,2759,2115,1125,337,56,6392,24951,782,952,1048,1107,1124,1034,1084,1217,1694,1733,1499,1630,1927,2335,2162,1552,1077,650,269,69,6,2071,27350,730,871,1049,1161,1084,932,985,1135,1503,1668,1503,1697,1951,2496,2342,1922,1682,1465,856,268,50,4321
2019,2019-01-01,17203,172031,石川県,小松市,106335,4471,4733,5010,5533,5358,5110,5484,5955,7538,7924,6849,6234,5906,7442,7505,6138,4164,3007,1473,435,66,9145,51899,2338,2405,2496,2849,2866,2696,2868,3111,3883,4060,3312,3092,2827,3494,3558,2825,1686,1027,399,97,10,3219,54436,2133,2328,2514,2684,2492,2414,2616,2844,3655,3864,3537,3142,3079,3948,3947,3313,2478,1980,1074,338,56,5926
2019,2019-01-01,17204,172049,石川県,輪島市,26894,580,672,800,1654,976,758,855,1028,1220,1379,1381,1701,2096,2554,2493,2060,1950,1620,866,219,32,4687,12774,304,344,416,955,531,405,445,536,666,709,667,913,1080,1247,1162,882,719,527,213,47,6,1512,14120,276,328,384,699,445,353,410,492,554,670,714,788,1016,1307,1331,1178,1231,1093,653,172,26,3175
2019,2019-01-01,17205,172057,石川県,珠洲市,14320,284,329,388,504,439,388,407,513,674,728,752,860,1124,1521,1454,1271,1168,884,484,131,17,2684,6616,132,177,172,257,236,205,227,292,360,374,394,422,550,762,678,533,417,288,116,21,3,845,7704,152,152,216,247,203,183,180,221,314,354,358,438,574,759,776,738,751,596,368,110,14,1839
2019,2019-01-01,17206,172065,石川県,加賀市,66197,2015,2432,2762,3019,2931,2604,2891,3249,4118,4816,4211,4151,4363,5689,5463,4373,3271,2320,1163,306,50,7110,31432,1039,1262,1406,1516,1487,1396,1491,1662,2171,2454,2127,1991,2028,2613,2540,1941,1224,750,273,53,8,2308,34765,976,1170,1356,1503,1444,1208,1400,1587,1947,2362,2084,2160,2335,3076,2923,2432,2047,1570,890,253,42,4802
2019,2019-01-01,17207,172073,石川県,羽咋市,21515,557,689,804,972,869,752,816,954,1360,1407,1247,1257,1529,1970,1952,1590,1178,937,501,154,20,2790,10211,284,352,377,506,438,387,449,468,728,712,633,613,722,977,950,706,463,289,125,26,6,909,11304,273,337,427,466,431,365,367,486,632,695,614,644,807,993,1002,884,715,648,376,128,14,1881
2019,2019-01-01,17209,172090,石川県,かほく市,35098,1509,1546,1605,1890,1838,1563,1789,1907,2451,2708,2309,1903,1918,2595,2534,2043,1403,968,454,142,23,2990,17039,790,802,824,951,913,823,885,990,1235,1366,1170,960,931,1231,1232,921,553,326,110,24,2,1015,18059,719,744,781,939,925,740,904,917,1216,1342,1139,943,987,1364,1302,1122,850,642,344,118,21,1975
2019,2019-01-01,17210,172103,石川県,白山市,112316,4740,5174,5717,5877,5257,4726,5793,6921,8439,8669,6829,6489,7131,8560,7825,5700,3789,2750,1427,428,75,8469,54758,2414,2603,2905,2976,2717,2354,2991,3509,4317,4407,3442,3149,3427,4142,3792,2684,1527,927,384,81,10,2929,57558,2326,2571,2812,2901,2540,2372,2802,3412,4122,4262,3387,3340,3704,4418,4033,3016,2262,1823,1043,347,65,5540
2019,2019-01-01,17211,172111,石川県,能美市,48922,2059,2426,2659,2754,2483,2098,2409,2932,3914,4074,3112,2719,2663,3148,3263,2522,1659,1226,589,189,24,3687,24173,1060,1242,1364,1468,1356,1111,1216,1514,1987,2098,1565,1360,1304,1487,1576,1163,699,409,147,42,5,1302,24749,999,1184,1295,1286,1127,987,1193,1418,1927,1976,1547,1359,1359,1661,1687,1359,960,817,442,147,19,2385
2019,2019-01-01,17212,172120,石川県,野々市市,52045,2918,2908,2587,2762,3400,2944,3541,4058,4589,4317,2951,2492,2417,2953,2770,1872,1226,825,377,112,26,2566,26310,1489,1481,1317,1541,2072,1533,1781,2109,2394,2242,1521,1212,1131,1420,1353,837,495,280,77,25,0,877,25735,1429,1427,1270,1221,1328,1411,1760,1949,2195,2075,1430,1280,1286,1533,1417,1035,731,545,300,87,26,1689
2019,2019-01-01,17320,173207,石川県,能美郡,6211,308,372,458,433,265,235,318,373,535,549,366,318,304,360,332,239,187,164,72,19,4,446,3068,157,201,251,230,138,115,163,191,261,270,178,156,155,176,163,112,78,54,15,4,0,151,3143,151,171,207,203,127,120,155,182,274,279,188,162,149,184,169,127,109,110,57,15,4,295
2019,2019-01-01,17324,173240,石川県,能美郡川北町,6211,308,372,458,433,265,235,318,373,535,549,366,318,304,360,332,239,187,164,72,19,4,446,3068,157,201,251,230,138,115,163,191,261,270,178,156,155,176,163,112,78,54,15,4,0,151,3143,151,171,207,203,127,120,155,182,274,279,188,162,149,184,169,127,109,110,57,15,4,295
2019,2019-01-01,17360,173606,石川県,河北郡,63837,2514,3003,3197,3532,3547,2972,3222,3563,4590,5221,4637,4097,3907,4275,4077,3142,2081,1360,655,206,39,4341,31055,1309,1585,1609,1801,1821,1475,1637,1760,2335,2553,2220,2022,2020,2049,1905,1436,840,454,173,47,4,1518,32782,1205,1418,1588,1731,1726,1497,1585,1803,2255,2668,2417,2075,1887,2226,2172,1706,1241,906,482,159,35,2823
2019,2019-01-01,17361,173614,石川県,河北郡津幡町,37370,1472,1776,1940,2075,2145,1768,1891,2080,2654,3069,2840,2519,2270,2427,2220,1644,1193,816,422,126,23,2580,18220,763,929,974,1038,1104,890,953,1023,1352,1494,1365,1265,1196,1177,1049,743,471,280,119,32,3,905,19150,709,847,966,1037,1041,878,938,1057,1302,1575,1475,1254,1074,1250,1171,901,722,536,303,94,20,1675
2019,2019-01-01,17365,173657,石川県,河北郡内灘町,26467,1042,1227,1257,1457,1402,1204,1331,1483,1936,2152,1797,1578,1637,1848,1857,1498,888,544,233,80,16,1761,12835,546,656,635,763,717,585,684,737,983,1059,855,757,824,872,856,693,369,174,54,15,1,613,13632,496,571,622,694,685,619,647,746,953,1093,942,821,813,976,1001,805,519,370,179,65,15,1148
2019,2019-01-01,17380,173801,石川県,羽咋郡,33343,838,1021,1227,1468,1307,1118,1218,1327,1922,2083,1970,1958,2553,3244,3202,2322,1992,1512,806,219,36,4565,15909,442,486,599,747,658,605,643,695,1044,1091,1002,959,1245,1580,1550,1073,775,503,179,28,5,1490,17434,396,535,628,721,649,513,575,632,878,992,968,999,1308,1664,1652,1249,1217,1009,627,191,31,3075
2019,2019-01-01,17384,173843,石川県,羽咋郡志賀町,20305,508,626,698,818,717,674,727,787,1150,1210,1092,1210,1617,2044,1981,1455,1303,1000,526,139,23,2991,9681,265,297,347,420,369,366,384,402,628,650,557,596,788,1003,945,679,509,337,119,17,3,985,10624,243,329,351,398,348,308,343,385,522,560,535,614,829,1041,1036,776,794,663,407,122,20,2006
2019,2019-01-01,17386,173860,石川県,羽咋郡宝達志水町,13038,330,395,529,650,590,444,491,540,772,873,878,748,936,1200,1221,867,689,512,280,80,13,1574,6228,177,189,252,327,289,239,259,293,416,441,445,363,457,577,605,394,266,166,60,11,2,505,6810,153,206,277,323,301,205,232,247,356,432,433,385,479,623,616,473,423,346,220,69,11,1069
2019,2019-01-01,17400,174009,石川県,鹿島郡,17907,562,722,809,846,684,648,721,825,1157,1226,1008,1071,1249,1522,1524,1188,942,729,357,100,17,2145,8701,284,386,433,421,348,346,399,429,567,633,524,549,616,744,761,530,398,222,92,15,4,731,9206,278,336,376,425,336,302,322,396,590,593,484,522,633,778,763,658,544,507,265,85,13,1414
2019,2019-01-01,17407,174076,石川県,鹿島郡中能登町,17907,562,722,809,846,684,648,721,825,1157,1226,1008,1071,1249,1522,1524,1188,942,729,357,100,17,2145,8701,284,386,433,421,348,346,399,429,567,633,524,549,616,744,761,530,398,222,92,15,4,731,9206,278,336,376,425,336,302,322,396,590,593,484,522,633,778,763,658,544,507,265,85,13,1414
2019,2019-01-01,17460,174602,石川県,鳳珠郡,25459,483,590,772,891,826,724,783,979,1204,1298,1300,1601,2209,2632,2552,2097,1959,1526,808,192,33,4518,12118,279,292,418,463,472,403,437,518,666,669,662,810,1126,1319,1226,920,728,482,181,39,8,1438,13341,204,298,354,428,354,321,346,461,538,629,638,791,1083,1313,1326,1177,1231,1044,627,153,25,3080
2019,2019-01-01,17461,174611,石川県,鳳珠郡穴水町,8236,148,179,257,322,284,222,233,314,389,434,407,511,710,876,788,685,632,492,284,59,10,1477,3977,87,95,134,178,179,135,133,160,220,233,198,264,365,439,379,320,239,146,61,10,2,458,4259,61,84,123,144,105,87,100,154,169,201,209,247,345,437,409,365,393,346,223,49,8,1019
2019,2019-01-01,17463,174637,石川県,鳳珠郡能登町,17223,335,411,515,569,542,502,550,665,815,864,893,1090,1499,1756,1764,1412,1327,1034,524,133,23,3041,8141,192,197,284,285,293,268,304,358,446,436,464,546,761,880,847,600,489,336,120,29,6,980,9082,143,214,231,284,249,234,246,307,369,428,429,544,738,876,917,812,838,698,404,104,17,2061
2019,2019-01-01,18000,180009,福井県,,771847,30186,33850,35963,38158,36413,34342,39164,43067,51126,53897,47697,48202,49470,59751,50705,42454,34302,25845,13204,3524,527,77402,375577,15506,17420,18447,19406,19019,18070,20206,22079,26289,27521,23778,23785,24550,29233,24180,19139,13669,9029,3594,595,62,26949,396270,14680,16430,17516,18752,17394,16272,18958,20988,24837,26376,23919,24417,24920,30518,26525,23315,20633,16816,9610,2929,465,50453
2019,2019-01-01,18201,182010,福井県,福井市,259913,10760,11615,12093,12410,12167,11894,13894,15251,17742,19104,16495,16048,15775,18950,17057,14248,11052,8060,4008,1111,179,24410,126026,5495,6056,6222,6327,6348,6056,7134,7769,9043,9675,8189,7830,7688,9056,7998,6439,4478,2885,1116,202,20,8701,133887,5265,5559,5871,6083,5819,5838,6760,7482,8699,9429,8306,8218,8087,9894,9059,7809,6574,5175,2892,909,159,15709
2019,2019-01-01,18202,182028,福井県,敦賀市,65140,2645,2940,3133,3272,3040,3029,3410,3766,4515,4728,4062,4111,4283,4994,4113,3199,2588,2057,976,239,40,5900,32207,1382,1497,1611,1671,1628,1619,1752,1962,2350,2424,2094,2104,2206,2494,1931,1410,1020,725,268,55,4,2072,32933,1263,1443,1522,1601,1412,1410,1658,1804,2165,2304,1968,2007,2077,2500,2182,1789,1568,1332,708,184,36,3828
2019,2019-01-01,18204,182044,福井県,小浜市,29048,1157,1232,1281,1375,1323,1277,1374,1548,1813,1827,1696,1936,1991,2274,1991,1633,1435,1154,595,118,18,3320,14291,581,637,681,731,707,703,723,841,923,951,857,1003,1026,1148,959,696,558,384,163,17,2,1124,14757,576,595,600,644,616,574,651,707,890,876,839,933,965,1126,1032,937,877,770,432,101,16,2196
2019,2019-01-01,18205,182052,福井県,大野市,33003,1059,1169,1364,1479,1415,1326,1472,1670,1931,1833,1884,2209,2459,3033,2379,2078,1879,1410,746,187,21,4243,15845,553,591,686,765,761,691,773,862,995,973,915,1065,1202,1504,1164,915,729,488,188,20,5,1430,17158,506,578,678,714,654,635,699,808,936,860,969,1144,1257,1529,1215,1163,1150,922,558,167,16,2813
2019,2019-01-01,18206,182061,福井県,勝山市,23098,737,857,933,1004,951,920,1113,1118,1356,1338,1268,1488,1796,2166,1665,1441,1252,978,530,166,21,2947,11081,385,441,475,484,477,518,569,578,706,678,606,724,883,1093,822,644,485,324,159,26,4,998,12017,352,416,458,520,474,402,544,540,650,660,662,764,913,1073,843,797,767,654,371,140,17,1949
2019,2019-01-01,18207,182079,福井県,鯖江市,68487,2971,3442,3561,3772,3179,3002,3731,4180,5076,5190,4198,3930,3869,4843,4273,3583,2630,1804,937,278,38,5687,33387,1489,1774,1800,1889,1629,1558,1912,2097,2618,2662,2133,1910,1886,2304,2018,1681,1064,659,259,39,6,2027,35100,1482,1668,1761,1883,1550,1444,1819,2083,2458,2528,2065,2020,1983,2539,2255,1902,1566,1145,678,239,32,3660
2019,2019-01-01,18208,182087,福井県,あわら市,27813,897,1071,1118,1255,1288,1181,1349,1371,1627,1781,1761,1922,2011,2463,2014,1621,1331,1047,548,143,14,3083,13203,449,535,557,634,663,629,714,682,825,899,846,905,987,1204,972,690,513,340,141,18,0,1012,14610,448,536,561,621,625,552,635,689,802,882,915,1017,1024,1259,1042,931,818,707,407,125,14,2071
2019,2019-01-01,18209,182095,福井県,越前市,78809,3073,3383,3751,4021,3936,3647,3889,4288,5338,5356,4847,4774,4910,6243,5056,4341,3491,2645,1398,363,59,7956,38730,1613,1755,1956,2031,2034,1928,2002,2247,2824,2751,2468,2358,2454,3044,2455,2004,1402,941,394,61,8,2806,40079,1460,1628,1795,1990,1902,1719,1887,2041,2514,2605,2379,2416,2456,3199,2601,2337,2089,1704,1004,302,51,5150
2019,2019-01-01,18210,182109,福井県,坂井市,90528,3537,4206,4482,4890,4642,3922,4584,5064,6182,6761,5803,5647,5717,6753,5654,4609,3639,2661,1343,380,52,8075,43966,1807,2111,2333,2499,2385,2033,2339,2567,3151,3397,2838,2741,2845,3257,2735,2126,1452,933,353,59,5,2802,46562,1730,2095,2149,2391,2257,1889,2245,2497,3031,3364,2965,2906,2872,3496,2919,2483,2187,1728,990,321,47,5273
2019,2019-01-01,18320,183202,福井県,吉田郡,18391,613,777,867,988,971,809,833,945,1142,1276,1173,1159,1199,1397,1187,1055,865,715,316,93,11,2000,8945,306,389,432,548,510,428,429,483,584,634,568,586,588,723,571,476,340,248,76,24,2,690,9446,307,388,435,440,461,381,404,462,558,642,605,573,611,674,616,579,525,467,240,69,9,1310
2019,2019-01-01,18322,183229,福井県,吉田郡永平寺町,18391,613,777,867,988,971,809,833,945,1142,1276,1173,1159,1199,1397,1187,1055,865,715,316,93,11,2000,8945,306,389,432,548,510,428,429,483,584,634,568,586,588,723,571,476,340,248,76,24,2,690,9446,307,388,435,440,461,381,404,462,558,642,605,573,611,674,616,579,525,467,240,69,9,1310
2019,2019-01-01,18380,183806,福井県,今立郡,2579,66,62,67,101,98,107,104,105,108,121,134,184,209,202,180,195,216,169,111,33,7,536,1229,35,30,38,44,44,63,56,54,61,68,65,84,113,115,75,94,78,67,36,8,1,190,1350,31,32,29,57,54,44,48,51,47,53,69,100,96,87,105,101,138,102,75,25,6,346
2019,2019-01-01,18382,183822,福井県,今立郡池田町,2579,66,62,67,101,98,107,104,105,108,121,134,184,209,202,180,195,216,169,111,33,7,536,1229,35,30,38,44,44,63,56,54,61,68,65,84,113,115,75,94,78,67,36,8,1,190,1350,31,32,29,57,54,44,48,51,47,53,69,100,96,87,105,101,138,102,75,25,6,346
2019,2019-01-01,18400,184004,福井県,南条郡,10626,370,391,468,493,514,448,492,537,538,607,573,662,784,955,705,612,606,501,293,65,12,1477,5142,192,216,256,240,294,236,266,267,292,298,299,316,390,499,336,273,222,168,68,13,1,472,5484,178,175,212,253,220,212,226,270,246,309,274,346,394,456,369,339,384,333,225,52,11,1005
2019,2019-01-01,18404,184047,福井県,南条郡南越前町,10626,370,391,468,493,514,448,492,537,538,607,573,662,784,955,705,612,606,501,293,65,12,1477,5142,192,216,256,240,294,236,266,267,292,298,299,316,390,499,336,273,222,168,68,13,1,472,5484,178,175,212,253,220,212,226,270,246,309,274,346,394,456,369,339,384,333,225,52,11,1005
2019,2019-01-01,18420,184209,福井県,丹生郡,21441,676,869,971,1044,985,841,937,1129,1202,1399,1346,1338,1522,1911,1457,1240,1051,884,493,126,20,2574,10406,352,437,485,512,518,476,469,578,616,740,667,664,740,997,732,553,418,303,122,24,3,870,11035,324,432,486,532,467,365,468,551,586,659,679,674,782,914,725,687,633,581,371,102,17,1704
2019,2019-01-01,18423,184233,福井県,丹生郡越前町,21441,676,869,971,1044,985,841,937,1129,1202,1399,1346,1338,1522,1911,1457,1240,1051,884,493,126,20,2574,10406,352,437,485,512,518,476,469,578,616,740,667,664,740,997,732,553,418,303,122,24,3,870,11035,324,432,486,532,467,365,468,551,586,659,679,674,782,914,725,687,633,581,371,102,17,1704
2019,2019-01-01,18440,184403,福井県,三方郡,9523,349,329,358,383,386,453,480,478,549,530,497,602,668,911,734,639,539,371,207,48,12,1177,4680,201,169,185,194,199,269,279,246,288,282,252,313,356,440,345,270,212,125,50,5,0,392,4843,148,160,173,189,187,184,201,232,261,248,245,289,312,471,389,369,327,246,157,43,12,785
2019,2019-01-01,18442,184420,福井県,三方郡美浜町,9523,349,329,358,383,386,453,480,478,549,530,497,602,668,911,734,639,539,371,207,48,12,1177,4680,201,169,185,194,199,269,279,246,288,282,252,313,356,440,345,270,212,125,50,5,0,392,4843,148,160,173,189,187,184,201,232,261,248,245,289,312,471,389,369,327,246,157,43,12,785
2019,2019-01-01,18480,184802,福井県,大飯郡,18538,757,850,839,921,868,883,888,917,1156,1147,1075,1184,1250,1459,1228,1071,875,699,368,91,12,2045,9266,388,451,421,450,481,550,456,483,596,630,553,637,666,752,590,488,346,216,101,11,0,674,9272,369,399,418,471,387,333,432,434,560,517,522,547,584,707,638,583,529,483,267,80,12,1371
2019,2019-01-01,18481,184811,福井県,大飯郡高浜町,10329,403,428,457,527,486,487,513,492,690,681,629,624,665,818,716,615,464,371,201,55,7,1098,5214,219,233,227,273,274,296,274,265,351,370,321,337,363,412,347,286,185,124,50,7,0,366,5115,184,195,230,254,212,191,239,227,339,311,308,287,302,406,369,329,279,247,151,48,7,732
2019,2019-01-01,18483,184837,福井県,大飯郡おおい町,8209,354,422,382,394,382,396,375,425,466,466,446,560,585,641,512,456,411,328,167,36,5,947,4052,169,218,194,177,207,254,182,218,245,260,232,300,303,340,243,202,161,92,51,4,0,308,4157,185,204,188,217,175,142,193,207,221,206,214,260,282,301,269,254,250,236,116,32,5,639
2019,2019-01-01,18500,185001,福井県,三方上中郡,14910,519,657,677,750,650,603,614,700,851,899,885,1008,1027,1197,1012,889,853,690,335,83,11,1972,7173,278,331,309,387,341,313,333,363,417,459,428,545,520,603,477,380,352,223,100,13,1,689,7737,241,326,368,363,309,290,281,337,434,440,457,463,507,594,535,509,501,467,235,70,10,1283
2019,2019-01-01,18501,185019,福井県,三方上中郡若狭町,14910,519,657,677,750,650,603,614,700,851,899,885,1008,1027,1197,1012,889,853,690,335,83,11,1972,7173,278,331,309,387,341,313,333,363,417,459,428,545,520,603,477,380,352,223,100,13,1,689,7737,241,326,368,363,309,290,281,337,434,440,457,463,507,594,535,509,501,467,235,70,10,1283
2019,2019-01-01,19000,190004,山梨県,,817065,29270,32393,35585,40451,39807,35413,39570,44120,52903,59363,55500,52403,54000,63000,54470,47474,36050,26505,13970,4170,645,81340,401241,14905,16584,18132,20973,20977,18650,20619,22825,27242,30670,28255,26598,26960,31025,26117,21693,14797,9416,3969,752,81,29015,415824,14365,15809,17453,19478,18830,16763,18951,21295,25661,28693,27245,25805,27040,31975,28353,25781,21253,17089,10001,3418,564,52325
2019,2019-01-01,19201,192015,山梨県,甲府市,183454,6881,7427,7944,8633,9090,8092,9257,10335,12493,13907,12711,11077,10963,12599,11984,10919,8545,6249,3276,933,139,19142,89033,3508,3827,4050,4453,4937,4162,4787,5259,6315,7240,6571,5581,5387,6017,5574,4731,3386,2140,926,167,15,6634,94421,3373,3600,3894,4180,4153,3930,4470,5076,6178,6667,6140,5496,5576,6582,6410,6188,5159,4109,2350,766,124,12508
2019,2019-01-01,19202,192023,山梨県,富士吉田市,48543,1692,1889,2113,2367,2448,2203,2499,2486,2933,3542,3552,3310,3339,3688,2974,2869,2199,1482,729,194,35,4639,23896,878,960,1067,1247,1293,1162,1310,1334,1497,1801,1814,1685,1672,1847,1414,1244,909,539,190,27,6,1671,24647,814,929,1046,1120,1155,1041,1189,1152,1436,1741,1738,1625,1667,1841,1560,1625,1290,943,539,167,29,2968
2019,2019-01-01,19204,192040,山梨県,都留市,30014,972,1110,1297,1802,2201,1334,1337,1429,1737,2078,2053,1948,2045,2296,1778,1591,1305,1010,510,155,26,3006,14664,495,570,649,870,1031,701,717,755,903,1059,1037,1040,1006,1145,856,752,527,372,145,30,4,1078,15350,477,540,648,932,1170,633,620,674,834,1019,1016,908,1039,1151,922,839,778,638,365,125,22,1928
2019,2019-01-01,19205,192058,山梨県,山梨市,34774,1134,1342,1521,1725,1565,1306,1484,1760,2133,2451,2242,2248,2442,2778,2449,2191,1673,1344,717,226,43,4003,16801,573,709,806,889,802,650,753,900,1066,1228,1120,1111,1232,1374,1158,1009,684,480,210,42,5,1421,17973,561,633,715,836,763,656,731,860,1067,1223,1122,1137,1210,1404,1291,1182,989,864,507,184,38,2582
2019,2019-01-01,19206,192066,山梨県,大月市,24055,501,631,771,1041,1064,772,954,925,1205,1459,1689,1805,1944,2435,1863,1732,1437,1072,572,155,28,3264,11752,224,312,383,555,558,428,522,477,636,773,860,902,962,1252,938,800,575,376,191,25,3,1170,12303,277,319,388,486,506,344,432,448,569,686,829,903,982,1183,925,932,862,696,381,130,25,2094
2019,2019-01-01,19207,192074,山梨県,韮崎市,29234,944,1074,1328,1475,1504,1378,1327,1584,1848,2142,1996,1954,1980,2419,2021,1584,1205,848,459,145,19,2676,14592,480,572,671,755,810,778,721,851,966,1124,987,988,1013,1184,936,765,495,324,135,35,2,991,14642,464,502,657,720,694,600,606,733,882,1018,1009,966,967,1235,1085,819,710,524,324,110,17,1685
2019,2019-01-01,19208,192082,山梨県,南アルプス市,70877,2742,3101,3588,3893,3491,3132,3571,4069,5051,5425,4771,4466,4574,5258,4398,3547,2584,1930,942,295,49,5800,35035,1428,1604,1834,1970,1809,1626,1815,2061,2611,2819,2444,2227,2285,2568,2167,1715,1065,691,248,42,6,2052,35842,1314,1497,1754,1923,1682,1506,1756,2008,2440,2606,2327,2239,2289,2690,2231,1832,1519,1239,694,253,43,3748
2019,2019-01-01,19209,192091,山梨県,北杜市,46551,1212,1578,1728,1925,1711,1526,1654,2029,2598,2975,2984,3287,3623,4506,4185,3248,2500,1816,1064,357,45,5782,22816,629,805,872,1016,913,800,879,1051,1358,1484,1502,1672,1792,2315,2052,1558,1078,681,289,64,6,2118,23735,583,773,856,909,798,726,775,978,1240,1491,1482,1615,1831,2191,2133,1690,1422,1135,775,293,39,3664
2019,2019-01-01,19210,192104,山梨県,甲斐市,74641,3476,3494,3544,4235,3406,3633,4425,4863,5527,5958,4897,4240,4266,5241,4790,3787,2422,1523,703,187,24,4859,37000,1742,1804,1744,2330,1766,1822,2279,2489,2932,3077,2505,2130,2081,2450,2282,1741,1023,568,203,29,3,1826,37641,1734,1690,1800,1905,1640,1811,2146,2374,2595,2881,2392,2110,2185,2791,2508,2046,1399,955,500,158,21,3033
2019,2019-01-01,19211,192112,山梨県,笛吹市,68664,2602,2812,2952,3478,3433,3074,3348,3674,4624,5356,4622,4192,4286,5078,4665,4009,2887,2092,1074,363,43,6459,33450,1331,1445,1534,1786,1774,1567,1698,1834,2362,2767,2305,2135,2105,2454,2202,1825,1219,744,281,75,7,2326,35214,1271,1367,1418,1692,1659,1507,1650,1840,2262,2589,2317,2057,2181,2624,2463,2184,1668,1348,793,288,36,4133
2019,2019-01-01,19212,192121,山梨県,上野原市,23111,506,667,848,1029,1095,835,857,1033,1267,1481,1578,1810,1913,2211,1668,1587,1216,893,457,127,30,2723,11535,253,344,433,538,590,442,455,542,662,782,785,937,1016,1153,835,757,516,318,143,30,3,1010,11576,253,323,415,491,505,393,402,491,605,699,793,873,897,1058,833,830,700,575,314,97,27,1713
2019,2019-01-01,19213,192139,山梨県,甲州市,31574,895,1099,1345,1696,1366,1091,1276,1478,1817,2127,2022,2111,2287,2777,2229,2088,1636,1290,717,199,28,3870,15316,450,559,718,856,702,590,658,765,887,1112,1001,1052,1144,1379,1070,961,679,465,227,39,2,1412,16258,445,540,627,840,664,501,618,713,930,1015,1021,1059,1143,1398,1159,1127,957,825,490,160,26,2458
2019,2019-01-01,19214,192147,山梨県,中央市,29323,1160,1286,1384,1474,1563,1414,1545,1795,2074,2235,2093,1861,2010,2220,1759,1391,976,631,329,107,16,2059,14558,574,626,704,754,785,746,781,949,1068,1143,1102,949,991,1097,865,654,414,244,95,14,3,770,14765,586,660,680,720,778,668,764,846,1006,1092,991,912,1019,1123,894,737,562,387,234,93,13,1289
2019,2019-01-01,19340,193402,山梨県,西八代郡,15659,418,481,656,690,717,582,567,645,894,1048,993,1031,1151,1334,1158,1137,881,733,384,139,20,2157,7679,218,265,337,370,385,309,298,336,473,563,484,547,587,693,541,524,372,248,105,20,4,749,7980,200,216,319,320,332,273,269,309,421,485,509,484,564,641,617,613,509,485,279,119,16,1408
2019,2019-01-01,19346,193461,山梨県,西八代郡市川三郷町,15659,418,481,656,690,717,582,567,645,894,1048,993,1031,1151,1334,1158,1137,881,733,384,139,20,2157,7679,218,265,337,370,385,309,298,336,473,563,484,547,587,693,541,524,372,248,105,20,4,749,7980,200,216,319,320,332,273,269,309,421,485,509,484,564,641,617,613,509,485,279,119,16,1408
2019,2019-01-01,19360,193607,山梨県,南巨摩郡,35662,814,1036,1209,1443,1427,1336,1375,1508,1895,2030,2309,2446,2701,3224,2687,2572,2150,1880,1201,366,53,5650,17408,423,511,641,761,775,741,755,825,1038,1054,1184,1278,1390,1673,1321,1157,851,625,326,72,7,1881,18254,391,525,568,682,652,595,620,683,857,976,1125,1168,1311,1551,1366,1415,1299,1255,875,294,46,3769
2019,2019-01-01,19364,193640,山梨県,南巨摩郡早川町,1063,13,26,36,48,31,38,38,32,48,56,60,66,74,81,71,93,103,94,38,16,1,252,527,9,16,23,25,17,21,23,22,28,33,40,36,42,44,31,32,33,38,10,3,1,85,536,4,10,13,23,14,17,15,10,20,23,20,30,32,37,40,61,70,56,28,13,0,167
2019,2019-01-01,19365,193658,山梨県,南巨摩郡身延町,11754,185,266,297,396,441,374,377,386,519,588,674,871,1018,1113,963,971,829,759,531,169,27,2315,5693,107,124,149,198,238,211,216,217,287,312,346,452,541,593,480,443,329,252,156,39,3,779,6061,78,142,148,198,203,163,161,169,232,276,328,419,477,520,483,528,500,507,375,130,24,1536
2019,2019-01-01,19366,193666,山梨県,南巨摩郡南部町,7755,163,216,250,309,269,277,271,339,366,386,473,549,660,836,634,518,449,412,280,86,12,1239,3804,90,108,137,164,158,161,154,187,196,205,240,284,329,438,315,240,177,139,64,16,2,398,3951,73,108,113,145,111,116,117,152,170,181,233,265,331,398,319,278,272,273,216,70,10,841
2019,2019-01-01,19368,193682,山梨県,南巨摩郡富士川町,15090,453,528,626,690,686,647,689,751,962,1000,1102,960,949,1194,1019,990,769,615,352,95,13,1844,7384,217,263,332,374,362,348,362,399,527,504,558,506,478,598,495,442,312,196,96,14,1,619,7706,236,265,294,316,324,299,327,352,435,496,544,454,471,596,524,548,457,419,256,81,12,1225
2019,2019-01-01,19380,193801,山梨県,中巨摩郡,19477,1130,1125,1046,966,1045,1079,1338,1454,1575,1581,1371,1092,948,1046,861,756,521,345,144,45,9,1064,9832,575,548,516,510,562,593,707,765,818,819,707,564,482,480,427,356,224,123,48,8,0,403,9645,555,577,530,456,483,486,631,689,757,762,664,528,466,566,434,400,297,222,96,37,9,661
2019,2019-01-01,19384,193844,山梨県,中巨摩郡昭和町,19477,1130,1125,1046,966,1045,1079,1338,1454,1575,1581,1371,1092,948,1046,861,756,521,345,144,45,9,1064,9832,575,548,516,510,562,593,707,765,818,819,707,564,482,480,427,356,224,123,48,8,0,403,9645,555,577,530,456,483,486,631,689,757,762,664,528,466,566,434,400,297,222,96,37,9,661
2019,2019-01-01,19420,194204,山梨県,南都留郡,50181,2165,2207,2265,2552,2650,2572,2714,3006,3180,3510,3543,3436,3424,3764,2897,2369,1803,1274,642,171,37,3927,25232,1113,1103,1149,1297,1468,1507,1458,1606,1626,1794,1809,1746,1761,1870,1424,1108,733,439,185,32,4,1393,24949,1052,1104,1116,1255,1182,1065,1256,1400,1554,1716,1734,1690,1663,1894,1473,1261,1070,835,457,139,33,2534
2019,2019-01-01,19422,194221,山梨県,南都留郡道志村,1688,44,41,61,66,71,63,61,77,90,91,105,138,178,169,138,98,86,76,28,6,1,197,860,23,24,30,35,37,31,33,44,48,51,49,76,93,87,80,49,32,28,8,2,0,70,828,21,17,31,31,34,32,28,33,42,40,56,62,85,82,58,49,54,48,20,4,1,127
2019,2019-01-01,19423,194239,山梨県,南都留郡西桂町,4305,144,166,175,264,209,181,181,190,255,332,322,318,338,328,262,244,188,126,64,17,1,396,2101,75,72,86,129,109,96,93,91,121,174,161,159,187,160,124,106,80,46,25,6,1,158,2204,69,94,89,135,100,85,88,99,134,158,161,159,151,168,138,138,108,80,39,11,0,238
2019,2019-01-01,19424,194247,山梨県,南都留郡忍野村,9360,496,505,436,500,588,730,663,763,572,603,599,569,553,576,402,289,221,185,81,24,5,516,5113,275,251,227,273,409,539,391,458,305,301,318,299,280,284,198,137,86,60,21,1,0,168,4247,221,254,209,227,179,191,272,305,267,302,281,270,273,292,204,152,135,125,60,23,5,348
2019,2019-01-01,19425,194255,山梨県,南都留郡山中湖村,5607,212,189,256,243,243,234,265,257,342,377,408,434,434,531,419,302,230,144,62,22,3,461,2797,123,82,126,122,140,131,144,132,176,187,206,212,220,271,209,147,94,56,16,3,0,169,2810,89,107,130,121,103,103,121,125,166,190,202,222,214,260,210,155,136,88,46,19,3,292
2019,2019-01-01,19429,194298,山梨県,南都留郡鳴沢村,3124,112,119,140,162,143,124,145,149,198,215,196,224,204,294,245,187,118,83,41,20,5,267,1560,66,56,72,86,61,65,72,74,104,110,106,114,105,152,122,99,54,27,12,3,0,96,1564,46,63,68,76,82,59,73,75,94,105,90,110,99,142,123,88,64,56,29,17,5,171
2019,2019-01-01,19430,194301,山梨県,南都留郡富士河口湖町,26097,1157,1187,1197,1317,1396,1240,1399,1570,1723,1892,1913,1753,1717,1866,1431,1249,960,660,366,82,22,2090,12801,551,618,608,652,712,645,725,807,872,971,969,886,876,916,691,570,387,222,103,17,3,732,13296,606,569,589,665,684,595,674,763,851,921,944,867,841,950,740,679,573,438,263,65,19,1358
2019,2019-01-01,19440,194409,山梨県,北都留郡,1271,26,34,46,27,31,54,42,47,52,58,74,89,104,126,104,97,110,93,50,6,1,260,642,11,20,24,16,17,26,26,26,24,31,38,54,54,74,55,36,47,39,22,1,1,110,629,15,14,22,11,14,28,16,21,28,27,36,35,50,52,49,61,63,54,28,5,0,150
2019,2019-01-01,19442,194425,山梨県,北都留郡小菅村,715,14,24,31,19,18,33,20,27,30,37,39,39,59,74,60,57,57,44,29,3,1,134,356,7,13,16,10,10,15,12,13,14,21,19,20,32,42,35,24,23,17,12,0,1,53,359,7,11,15,9,8,18,8,14,16,16,20,19,27,32,25,33,34,27,17,3,0,81
2019,2019-01-01,19443,194433,山梨県,北都留郡丹波山村,556,12,10,15,8,13,21,22,20,22,21,35,50,45,52,44,40,53,49,21,3,0,126,286,4,7,8,6,7,11,14,13,10,10,19,34,22,32,20,12,24,22,10,1,0,57,270,8,3,7,2,6,10,8,7,12,11,16,16,23,20,24,28,29,27,11,2,0,69
2019,2019-01-01,20000,200000,長野県,,2066413,75861,86063,94218,100478,90822,85903,98246,112567,140835,149181,131541,125225,129409,155654,143338,122419,96786,74186,40431,11547,1703,224653,1011174,39069,44032,48354,51593,47251,44725,50823,57896,72550,77177,66926,62904,64685,76425,68810,56079,40589,27032,11738,2306,210,81875,1055239,36792,42031,45864,48885,43571,41178,47423,54671,68285,72004,64615,62321,64724,79229,74528,66340,56197,47154,28693,9241,1493,142778
2019,2019-01-01,20201,202011,長野県,長野市,374226,14264,15945,17252,18325,16655,16296,18963,21356,26560,28611,24683,22852,22815,26486,24633,20955,16466,12413,6581,1829,286,37575,181440,7323,8092,8755,9380,8545,8247,9608,10809,13438,14589,12401,11352,11303,12871,11617,9415,6844,4477,1970,364,40,13695,192786,6941,7853,8497,8945,8110,8049,9355,10547,13122,14022,12282,11500,11512,13615,13016,11540,9622,7936,4611,1465,246,23880
2019,2019-01-01,20202,202029,長野県,松本市,235674,9600,10600,11043,11528,11037,10951,12439,14118,17534,18446,15573,13771,13232,15423,14667,12889,9972,7598,3976,1119,158,22823,115729,4967,5554,5740,6009,5788,5722,6400,7260,8936,9479,7953,6981,6549,7452,6906,5725,4120,2790,1140,240,18,8308,119945,4633,5046,5303,5519,5249,5229,6039,6858,8598,8967,7620,6790,6683,7971,7761,7164,5852,4808,2836,879,140,14515
2019,2019-01-01,20203,202037,長野県,上田市,154000,5707,6456,7074,7524,7296,6658,7685,8468,10363,11232,9855,9335,9521,11403,10524,8963,7010,5240,2798,770,118,15936,75492,2913,3329,3576,3818,3853,3547,4007,4352,5346,5865,4973,4587,4818,5581,5007,4127,2980,1847,802,155,9,5793,78508,2794,3127,3498,3706,3443,3111,3678,4116,5017,5367,4882,4748,4703,5822,5517,4836,4030,3393,1996,615,109,10143
2019,2019-01-01,20204,202045,長野県,岡谷市,49051,1625,1862,2254,2411,2077,1928,2135,2474,3445,3687,3211,2756,2637,3646,3729,3442,2627,1828,997,240,40,5732,23935,836,929,1172,1234,1086,1012,1144,1277,1772,1953,1708,1367,1323,1715,1750,1540,1137,643,278,53,6,2117,25116,789,933,1082,1177,991,916,991,1197,1673,1734,1503,1389,1314,1931,1979,1902,1490,1185,719,187,34,3615
2019,2019-01-01,20205,202053,長野県,飯田市,99563,3965,4350,4630,4985,4138,4154,4714,5260,6407,6540,5913,5947,6478,7357,6769,6039,4937,4041,2177,664,98,11917,48019,2111,2210,2384,2473,2076,2152,2427,2665,3302,3343,2988,2927,3139,3622,3182,2735,2066,1467,599,139,12,4283,51544,1854,2140,2246,2512,2062,2002,2287,2595,3105,3197,2925,3020,3339,3735,3587,3304,2871,2574,1578,525,86,7634
2019,2019-01-01,20206,202061,長野県,諏訪市,48550,1938,2033,2134,2352,2218,2107,2457,2595,3464,3800,3104,2735,2704,3348,3451,3137,2238,1605,842,252,36,4973,23889,977,1019,1127,1230,1115,1107,1329,1348,1799,2046,1595,1382,1394,1556,1607,1433,938,579,239,59,10,1825,24661,961,1014,1007,1122,1103,1000,1128,1247,1665,1754,1509,1353,1310,1792,1844,1704,1300,1026,603,193,26,3148
2019,2019-01-01,20207,202070,長野県,須坂市,50232,1737,2147,2315,2546,2182,1987,2203,2749,3473,3683,3168,3080,3021,3900,3768,3171,2265,1720,863,221,33,5102,24425,898,1075,1201,1301,1109,1044,1092,1428,1775,1908,1622,1502,1476,1835,1827,1462,946,634,249,38,3,1870,25807,839,1072,1114,1245,1073,943,1111,1321,1698,1775,1546,1578,1545,2065,1941,1709,1319,1086,614,183,30,3232
2019,2019-01-01,20208,202088,長野県,小諸市,41714,1442,1739,1852,1934,1870,1765,1940,2258,2810,2896,2575,2593,2712,3482,3065,2379,1849,1464,846,210,33,4402,20590,757,871,941,993,999,908,972,1189,1471,1482,1339,1371,1349,1756,1468,1155,787,509,237,33,3,1569,21124,685,868,911,941,871,857,968,1069,1339,1414,1236,1222,1363,1726,1597,1224,1062,955,609,177,30,2833
2019,2019-01-01,20209,202096,長野県,伊那市,66558,2460,2818,3246,3317,2889,2778,3124,3451,4512,4715,4115,4192,4220,4794,4619,3800,3150,2537,1364,402,55,7508,32731,1269,1396,1700,1702,1470,1449,1643,1809,2354,2461,2097,2096,2184,2362,2225,1729,1327,965,403,81,9,2785,33827,1191,1422,1546,1615,1419,1329,1481,1642,2158,2254,2018,2096,2036,2432,2394,2071,1823,1572,961,321,46,4723
2019,2019-01-01,20210,202100,長野県,駒ヶ根市,32207,1204,1404,1534,1633,1371,1355,1526,1740,2209,2358,2020,1983,1962,2298,2203,1969,1483,1133,603,193,26,3438,15878,644,727,768,839,722,747,800,894,1155,1227,1019,1017,1000,1105,1025,941,632,405,177,32,2,1248,16329,560,677,766,794,649,608,726,846,1054,1131,1001,966,962,1193,1178,1028,851,728,426,161,24,2190
2019,2019-01-01,20211,202118,長野県,中野市,43971,1619,1861,1976,2271,1961,1756,1994,2457,2896,3017,2748,2841,3001,3513,3000,2448,1976,1529,850,225,32,4612,21558,839,980,1028,1107,1039,906,1056,1243,1473,1535,1404,1406,1499,1791,1444,1119,824,557,254,49,5,1689,22413,780,881,948,1164,922,850,938,1214,1423,1482,1344,1435,1502,1722,1556,1329,1152,972,596,176,27,2923
2019,2019-01-01,20212,202126,長野県,大町市,27155,762,844,1059,1266,1132,945,977,1285,1621,1821,1820,1673,1837,2402,2124,1887,1562,1262,659,198,19,3700,13316,406,460,548,632,624,473,496,665,876,941,975,840,951,1189,1014,875,632,479,193,43,4,1351,13839,356,384,511,634,508,472,481,620,745,880,845,833,886,1213,1110,1012,930,783,466,155,15,2349
2019,2019-01-01,20213,202134,長野県,飯山市,20887,586,687,895,969,913,756,816,986,1201,1296,1217,1424,1557,1912,1521,1239,1244,1003,504,148,13,2912,10184,285,357,479,515,487,385,421,506,633,650,644,715,786,969,787,554,475,373,136,27,0,1011,10703,301,330,416,454,426,371,395,480,568,646,573,709,771,943,734,685,769,630,368,121,13,1901
2019,2019-01-01,20214,202142,長野県,茅野市,55111,2175,2469,2601,2849,2474,2234,2613,3072,4029,4206,3438,3111,3228,4084,3957,3291,2355,1677,942,259,47,5280,27381,1120,1261,1333,1492,1373,1173,1348,1587,2072,2228,1793,1557,1623,1990,1903,1538,1041,646,244,54,5,1990,27730,1055,1208,1268,1357,1101,1061,1265,1485,1957,1978,1645,1554,1605,2094,2054,1753,1314,1031,698,205,42,3290
2019,2019-01-01,20215,202151,長野県,塩尻市,66153,2676,2705,3087,3196,3206,3330,3503,3899,4793,4903,4418,3754,3941,4621,4328,3637,2719,1995,1069,320,53,6156,33046,1394,1366,1584,1603,1704,1806,1884,2037,2543,2545,2261,1937,1963,2271,2120,1672,1200,739,339,72,6,2356,33107,1282,1339,1503,1593,1502,1524,1619,1862,2250,2358,2157,1817,1978,2350,2208,1965,1519,1256,730,248,47,3800
2019,2019-01-01,20217,202177,長野県,佐久市,98038,3878,4290,4473,4748,4423,4322,5051,5685,6398,6700,6062,6055,6433,7458,6244,5205,4452,3363,2067,644,87,10613,48195,2012,2191,2306,2425,2289,2232,2576,2933,3313,3448,3084,3065,3272,3686,3042,2478,1862,1224,614,135,8,3843,49843,1866,2099,2167,2323,2134,2090,2475,2752,3085,3252,2978,2990,3161,3772,3202,2727,2590,2139,1453,509,79,6770
2019,2019-01-01,20218,202185,長野県,千曲市,59994,2110,2309,2713,2984,2608,2426,2778,3178,3980,4458,3785,3514,3856,4476,4410,3825,2901,2159,1118,357,49,6584,29281,1101,1156,1403,1525,1383,1263,1417,1673,2032,2309,1904,1742,1959,2139,2142,1749,1208,769,321,80,6,2384,30713,1009,1153,1310,1459,1225,1163,1361,1505,1948,2149,1881,1772,1897,2337,2268,2076,1693,1390,797,277,43,4200
2019,2019-01-01,20219,202193,長野県,東御市,29785,1110,1297,1376,1456,1295,1265,1527,1645,2034,2029,1774,1848,2013,2458,2054,1633,1278,1002,543,129,19,2971,14729,544,667,687,789,675,650,791,867,1060,1050,880,926,1012,1223,1023,795,555,355,152,25,3,1090,15056,566,630,689,667,620,615,736,778,974,979,894,922,1001,1235,1031,838,723,647,391,104,16,1881
2019,2019-01-01,20220,202207,長野県,安曇野市,96515,3457,3971,4367,4801,4166,3756,4347,5272,7003,7476,6412,5813,5907,7323,7115,5626,4339,3140,1648,506,70,9703,46967,1737,2004,2249,2521,2072,1887,2224,2726,3567,3928,3179,2885,2868,3477,3457,2620,1844,1142,475,101,4,3566,49548,1720,1967,2118,2280,2094,1869,2123,2546,3436,3548,3233,2928,3039,3846,3658,3006,2495,1998,1173,405,66,6137
2019,2019-01-01,20300,203009,長野県,南佐久郡,24208,756,852,976,1116,1012,935,1067,1049,1236,1347,1528,1637,1863,2118,1599,1540,1387,1219,722,210,39,3577,11869,406,434,514,565,525,497,557,550,628,717,763,843,941,1143,811,692,573,472,193,42,3,1283,12339,350,418,462,551,487,438,510,499,608,630,765,794,922,975,788,848,814,747,529,168,36,2294
2019,2019-01-01,20303,203033,長野県,南佐久郡小海町,4602,135,137,147,200,176,170,196,200,217,250,303,300,331,437,331,319,294,241,152,53,13,753,2231,81,67,84,107,89,81,99,106,120,136,147,149,154,235,168,135,119,99,43,11,1,273,2371,54,70,63,93,87,89,97,94,97,114,156,151,177,202,163,184,175,142,109,42,12,480
2019,2019-01-01,20304,203041,長野県,南佐久郡川上村,3822,169,138,148,217,171,178,186,180,195,201,249,253,300,289,240,220,204,161,97,24,2,488,1945,87,76,77,113,97,104,93,92,105,98,125,130,155,168,127,105,94,65,27,6,1,193,1877,82,62,71,104,74,74,93,88,90,103,124,123,145,121,113,115,110,96,70,18,1,295
2019,2019-01-01,20305,203050,長野県,南佐久郡南牧村,2953,103,105,154,149,122,115,151,127,153,164,185,197,221,255,174,154,156,140,92,27,9,424,1427,50,50,78,69,64,59,74,64,72,80,97,107,123,135,96,62,62,59,20,6,0,147,1526,53,55,76,80,58,56,77,63,81,84,88,90,98,120,78,92,94,81,72,21,9,277
2019,2019-01-01,20306,203068,長野県,南佐久郡南相木村,997,23,27,48,49,43,29,25,37,46,60,55,74,66,76,64,67,82,80,32,10,4,208,489,16,12,25,20,28,14,13,21,24,34,30,45,34,38,31,30,30,32,10,2,0,74,508,7,15,23,29,15,15,12,16,22,26,25,29,32,38,33,37,52,48,22,8,4,134
2019,2019-01-01,20307,203076,長野県,南佐久郡北相木村,755,23,33,55,14,28,34,24,30,27,37,47,55,66,46,36,51,49,62,30,8,0,149,368,11,17,32,8,15,18,12,14,12,17,29,23,39,31,14,22,19,26,7,2,0,54,387,12,16,23,6,13,16,12,16,15,20,18,32,27,15,22,29,30,36,23,6,0,95
2019,2019-01-01,20309,203092,長野県,南佐久郡佐久穂町,11079,303,412,424,487,472,409,485,475,598,635,689,758,879,1015,754,729,602,535,319,88,11,1555,5409,161,212,218,248,232,221,266,253,295,352,335,389,436,536,375,338,249,191,86,15,1,542,5670,142,200,206,239,240,188,219,222,303,283,354,369,443,479,379,391,353,344,233,73,10,1013
2019,2019-01-01,20320,203203,長野県,北佐久郡,42218,1467,1664,1891,1946,1856,1667,1902,2209,2821,3213,2888,2787,2835,3550,3074,2425,1769,1236,765,223,30,4023,20745,754,815,955,1023,953,867,970,1113,1415,1625,1463,1423,1418,1759,1524,1155,751,476,247,34,5,1513,21473,713,849,936,923,903,800,932,1096,1406,1588,1425,1364,1417,1791,1550,1270,1018,760,518,189,25,2510
2019,2019-01-01,20321,203211,長野県,北佐久郡軽井沢町,19820,680,760,815,845,867,720,825,971,1298,1557,1472,1289,1371,1702,1555,1221,864,555,322,114,17,1872,9478,353,365,400,445,427,352,403,464,630,764,735,631,679,817,773,559,370,196,95,18,2,681,10342,327,395,415,400,440,368,422,507,668,793,737,658,692,885,782,662,494,359,227,96,15,1191
2019,2019-01-01,20323,203238,長野県,北佐久郡御代田町,15212,591,661,795,781,703,699,806,882,1081,1184,949,955,974,1180,932,773,555,405,245,53,8,1266,7692,314,322,413,416,373,382,443,459,551,613,493,505,488,593,464,374,235,164,82,7,1,489,7520,277,339,382,365,330,317,363,423,530,571,456,450,486,587,468,399,320,241,163,46,7,777
2019,2019-01-01,20324,203246,長野県,北佐久郡立科町,7186,196,243,281,320,286,248,271,356,442,472,467,543,490,668,587,431,350,276,198,56,5,885,3575,87,128,142,162,153,133,124,190,234,248,235,287,251,349,287,222,146,116,70,9,2,343,3611,109,115,139,158,133,115,147,166,208,224,232,256,239,319,300,209,204,160,128,47,3,542
2019,2019-01-01,20340,203408,長野県,小県郡,10442,269,339,443,410,363,336,418,453,563,575,621,710,787,1013,822,711,616,579,304,97,13,1609,5114,127,153,244,228,185,182,225,237,307,298,313,370,404,520,411,336,251,205,96,20,2,574,5328,142,186,199,182,178,154,193,216,256,277,308,340,383,493,411,375,365,374,208,77,11,1035
2019,2019-01-01,20349,203491,長野県,小県郡青木村,4370,119,157,206,192,161,136,167,193,257,272,277,275,312,368,355,307,248,195,126,41,6,616,2097,51,73,105,101,79,75,91,91,138,134,142,139,152,197,172,143,105,70,32,7,0,214,2273,68,84,101,91,82,61,76,102,119,138,135,136,160,171,183,164,143,125,94,34,6,402
2019,2019-01-01,20350,203505,長野県,小県郡長和町,6072,150,182,237,218,202,200,251,260,306,303,344,435,475,645,467,404,368,384,178,56,7,993,3017,76,80,139,127,106,107,134,146,169,164,171,231,252,323,239,193,146,135,64,13,2,360,3055,74,102,98,91,96,93,117,114,137,139,173,204,223,322,228,211,222,249,114,43,5,633
2019,2019-01-01,20360,203602,長野県,諏訪郡,42243,1379,1631,1888,1871,1595,1401,1769,2143,2672,2874,2582,2522,2844,3368,3318,2966,2302,1788,1018,274,38,5420,20701,716,836,979,928,833,754,949,1114,1419,1493,1324,1318,1398,1667,1549,1399,991,650,327,50,7,2025,21542,663,795,909,943,762,647,820,1029,1253,1381,1258,1204,1446,1701,1769,1567,1311,1138,691,224,31,3395
2019,2019-01-01,20361,203611,長野県,諏訪郡下諏訪町,19983,598,715,844,898,754,673,799,964,1304,1444,1237,1113,1157,1518,1636,1585,1264,868,478,121,13,2744,9705,305,352,450,446,400,358,445,511,692,758,643,587,546,714,725,760,548,316,133,14,2,1013,10278,293,363,394,452,354,315,354,453,612,686,594,526,611,804,911,825,716,552,345,107,11,1731
2019,2019-01-01,20362,203629,長野県,諏訪郡富士見町,14374,477,591,657,624,576,474,625,741,909,923,857,869,1061,1138,1075,927,696,654,383,100,17,1850,7046,242,306,337,300,289,250,322,380,498,471,434,467,518,579,523,431,301,234,139,22,3,699,7328,235,285,320,324,287,224,303,361,411,452,423,402,543,559,552,496,395,420,244,78,14,1151
2019,2019-01-01,20363,203637,長野県,諏訪郡原村,7886,304,325,387,349,265,254,345,438,459,507,488,540,626,712,607,454,342,266,157,53,8,826,3950,169,178,192,182,144,146,182,223,229,264,247,264,334,374,301,208,142,100,55,14,2,313,3936,135,147,195,167,121,108,163,215,230,243,241,276,292,338,306,246,200,166,102,39,6,513
2019,2019-01-01,20380,203807,長野県,上伊那郡,81638,3137,3681,3925,4067,3672,3308,3764,4447,5824,5697,4909,4786,4950,6217,5848,4856,3699,2820,1550,419,62,8550,40322,1576,1922,2013,2097,1994,1742,1981,2307,3038,3002,2480,2477,2451,3039,2805,2256,1540,1055,451,86,10,3142,41316,1561,1759,1912,1970,1678,1566,1783,2140,2786,2695,2429,2309,2499,3178,3043,2600,2159,1765,1099,333,52,5408
2019,2019-01-01,20382,203823,長野県,上伊那郡辰野町,19301,554,748,831,920,818,682,746,890,1301,1295,1124,1090,1194,1670,1593,1392,1074,785,448,127,19,2453,9468,272,394,413,475,450,373,406,463,686,692,573,572,562,810,763,643,446,307,137,28,3,921,9833,282,354,418,445,368,309,340,427,615,603,551,518,632,860,830,749,628,478,311,99,16,1532
2019,2019-01-01,20383,203831,長野県,上伊那郡箕輪町,24237,949,1090,1193,1277,1069,1020,1162,1388,1817,1793,1463,1390,1406,1858,1737,1355,1012,741,407,102,8,2270,12181,484,585,616,673,581,549,629,730,974,947,755,708,700,905,854,629,445,268,129,20,0,862,12056,465,505,577,604,488,471,533,658,843,846,708,682,706,953,883,726,567,473,278,82,8,1408
2019,2019-01-01,20384,203840,長野県,上伊那郡飯島町,9235,288,322,390,415,355,337,397,437,574,570,521,611,683,765,717,617,507,437,222,60,10,1236,4492,143,172,214,215,175,168,207,219,302,296,262,313,360,380,336,291,196,160,64,16,3,439,4743,145,150,176,200,180,169,190,218,272,274,259,298,323,385,381,326,311,277,158,44,7,797
2019,2019-01-01,20385,203858,長野県,上伊那郡南箕輪村,15179,824,848,807,759,797,769,861,991,1212,1101,929,849,819,955,827,711,487,356,213,54,10,1120,7570,417,437,401,394,432,390,449,521,629,575,468,449,407,465,397,333,209,126,61,10,0,406,7609,407,411,406,365,365,379,412,470,583,526,461,400,412,490,430,378,278,230,152,44,10,714
2019,2019-01-01,20386,203866,長野県,上伊那郡中川村,4876,179,230,231,197,214,187,217,277,281,267,261,321,355,396,366,302,236,202,116,37,4,595,2324,85,104,116,98,118,96,110,137,145,130,125,159,171,209,171,149,93,67,33,7,1,201,2552,94,126,115,99,96,91,107,140,136,137,136,162,184,187,195,153,143,135,83,30,3,394
2019,2019-01-01,20388,203882,長野県,上伊那郡宮田村,8810,343,443,473,499,419,313,381,464,639,671,611,525,493,573,608,479,383,299,144,39,11,876,4287,175,230,253,242,238,166,180,237,302,362,297,276,251,270,284,211,151,127,27,5,3,313,4523,168,213,220,257,181,147,201,227,337,309,314,249,242,303,324,268,232,172,117,34,8,563
2019,2019-01-01,20400,204005,長野県,下伊那郡,59495,2079,2581,2875,2994,2402,2130,2454,2907,3525,3649,3396,3616,4039,4723,4107,3702,3320,2735,1692,504,65,8316,28928,1067,1347,1464,1522,1225,1107,1296,1509,1804,1867,1748,1783,2023,2445,2020,1693,1365,1027,514,93,9,3008,30567,1012,1234,1411,1472,1177,1023,1158,1398,1721,1782,1648,1833,2016,2278,2087,2009,1955,1708,1178,411,56,5308
2019,2019-01-01,20402,204021,長野県,下伊那郡松川町,13154,494,552,580,672,594,503,508,702,809,872,862,843,870,1039,893,827,636,509,314,71,4,1534,6363,246,294,275,339,309,251,267,362,414,434,426,429,416,519,431,379,258,197,105,12,0,572,6791,248,258,305,333,285,252,241,340,395,438,436,414,454,520,462,448,378,312,209,59,4,962
2019,2019-01-01,20403,204030,長野県,下伊那郡高森町,13013,499,663,757,728,513,439,563,689,955,902,729,739,795,971,883,748,632,440,265,89,14,1440,6333,257,328,386,370,274,233,278,349,491,463,381,345,384,493,418,354,265,166,81,14,3,529,6680,242,335,371,358,239,206,285,340,464,439,348,394,411,478,465,394,367,274,184,75,11,911
2019,2019-01-01,20404,204048,長野県,下伊那郡阿南町,4594,109,159,160,200,160,155,165,186,175,209,243,319,359,384,349,325,330,302,211,82,12,937,2219,58,92,80,99,79,89,86,97,98,110,126,166,191,216,174,141,125,116,54,20,2,317,2375,51,67,80,101,81,66,79,89,77,99,117,153,168,168,175,184,205,186,157,62,10,620
2019,2019-01-01,20407,204072,長野県,下伊那郡阿智村,6296,230,278,305,323,262,252,272,304,343,327,357,404,471,528,410,350,335,296,182,59,8,880,3056,126,160,158,171,126,125,150,147,170,165,178,202,234,275,215,157,127,106,50,12,2,297,3240,104,118,147,152,136,127,122,157,173,162,179,202,237,253,195,193,208,190,132,47,6,583
2019,2019-01-01,20409,204099,長野県,下伊那郡平谷村,412,9,20,25,19,19,11,19,17,14,25,14,28,44,25,20,21,28,26,23,4,1,82,193,4,9,18,7,11,4,10,11,6,12,6,14,21,16,8,11,9,8,8,0,0,25,219,5,11,7,12,8,7,9,6,8,13,8,14,23,9,12,10,19,18,15,4,1,57
2019,2019-01-01,20410,204102,長野県,下伊那郡根羽村,901,16,14,24,31,30,20,30,22,30,31,38,57,88,94,74,74,86,74,51,16,1,228,441,10,6,15,13,11,11,20,12,15,17,22,27,46,49,42,34,42,31,14,4,0,91,460,6,8,9,18,19,9,10,10,15,14,16,30,42,45,32,40,44,43,37,12,1,137
2019,2019-01-01,20411,204111,長野県,下伊那郡下條村,3736,134,161,214,209,168,149,153,155,229,214,215,237,232,286,230,220,198,172,130,27,3,530,1822,60,74,114,104,83,84,79,82,120,109,103,113,129,147,122,108,83,66,37,5,0,191,1914,74,87,100,105,85,65,74,73,109,105,112,124,103,139,108,112,115,106,93,22,3,339
2019,2019-01-01,20412,204129,長野県,下伊那郡売木村,550,15,19,31,12,22,15,16,22,21,33,30,33,27,44,41,55,44,39,24,4,3,114,252,8,10,18,4,11,9,6,10,12,16,14,13,12,24,23,17,22,13,8,1,1,45,298,7,9,13,8,11,6,10,12,9,17,16,20,15,20,18,38,22,26,16,3,2,69
2019,2019-01-01,20413,204137,長野県,下伊那郡天龍村,1275,19,14,24,27,33,33,32,33,40,50,52,59,79,135,121,137,169,132,58,25,3,387,599,7,6,11,8,17,18,15,18,25,27,33,34,41,81,64,59,73,40,18,3,1,135,676,12,8,13,19,16,15,17,15,15,23,19,25,38,54,57,78,96,92,40,22,2,252
2019,2019-01-01,20414,204145,長野県,下伊那郡泰阜村,1608,59,39,86,56,76,70,80,54,54,85,84,103,107,114,124,104,114,106,65,26,2,313,759,34,22,37,26,45,33,45,27,21,42,44,48,60,66,63,52,38,38,14,4,0,94,849,25,17,49,30,31,37,35,27,33,43,40,55,47,48,61,52,76,68,51,22,2,219
2019,2019-01-01,20415,204153,長野県,下伊那郡喬木村,6343,236,297,308,336,235,217,263,315,423,436,331,340,431,501,485,378,300,281,174,48,8,811,3104,113,146,163,189,117,107,140,170,214,242,170,171,224,240,230,186,125,97,55,5,0,282,3239,123,151,145,147,118,110,123,145,209,194,161,169,207,261,255,192,175,184,119,43,8,529
2019,2019-01-01,20416,204161,長野県,下伊那郡豊丘村,6614,226,328,334,347,267,239,316,370,389,419,390,392,476,529,403,367,339,280,154,43,6,822,3301,127,181,180,178,132,126,178,206,197,205,211,192,231,275,194,161,150,113,57,7,0,327,3313,99,147,154,169,135,113,138,164,192,214,179,200,245,254,209,206,189,167,97,36,6,495
2019,2019-01-01,20417,204170,長野県,下伊那郡大鹿村,999,33,37,27,34,23,27,37,38,43,46,51,62,60,73,74,96,109,78,41,10,0,238,486,17,19,9,14,10,17,22,18,21,25,34,29,34,44,36,34,48,36,13,6,0,103,513,16,18,18,20,13,10,15,20,22,21,17,33,26,29,38,62,61,42,28,4,0,135
2019,2019-01-01,20420,204200,長野県,木曽郡,26940,687,900,985,1038,983,900,983,1109,1356,1473,1642,1679,1962,2596,2134,2041,1915,1488,789,246,34,4472,13006,326,455,524,535,530,483,546,563,756,772,870,865,1022,1304,1054,859,758,530,206,46,2,1542,13934,361,445,461,503,453,417,437,546,600,701,772,814,940,1292,1080,1182,1157,958,583,200,32,2930
2019,2019-01-01,20422,204226,長野県,木曽郡上松町,4474,119,148,158,151,169,148,165,215,202,215,273,293,336,427,327,356,313,281,132,39,7,772,2197,60,75,91,84,96,83,93,112,118,123,160,153,166,207,166,161,118,99,24,8,0,249,2277,59,73,67,67,73,65,72,103,84,92,113,140,170,220,161,195,195,182,108,31,7,523
2019,2019-01-01,20423,204234,長野県,木曽郡南木曽町,4116,96,168,174,143,128,140,143,196,203,194,250,231,309,393,341,297,299,209,138,59,5,710,1971,52,89,92,69,67,78,82,105,105,96,125,117,157,196,177,130,113,67,41,13,0,234,2145,44,79,82,74,61,62,61,91,98,98,125,114,152,197,164,167,186,142,97,46,5,476
2019,2019-01-01,20425,204251,長野県,木曽郡木祖村,2890,86,101,121,98,104,87,102,123,158,147,170,173,203,301,228,209,195,157,93,26,8,479,1355,31,42,56,55,56,41,58,62,84,76,90,85,102,149,109,83,79,57,33,7,0,176,1535,55,59,65,43,48,46,44,61,74,71,80,88,101,152,119,126,116,100,60,19,8,303
2019,2019-01-01,20429,204293,長野県,木曽郡王滝村,747,10,10,26,21,32,28,27,17,37,57,51,63,51,66,50,60,64,50,20,7,0,141,353,5,5,15,9,17,13,14,9,19,30,23,35,31,37,24,21,26,15,3,2,0,46,394,5,5,11,12,15,15,13,8,18,27,28,28,20,29,26,39,38,35,17,5,0,95
2019,2019-01-01,20430,204307,長野県,木曽郡大桑村,3681,96,102,117,181,149,126,142,138,167,195,216,245,244,353,283,271,285,214,108,44,5,656,1772,38,57,60,94,79,73,73,67,100,103,111,126,131,171,139,114,118,79,31,8,0,236,1909,58,45,57,87,70,53,69,71,67,92,105,119,113,182,144,157,167,135,77,36,5,420
2019,2019-01-01,20432,204323,長野県,木曽郡木曽町,11032,280,371,389,444,401,371,404,420,589,665,682,674,819,1056,905,848,759,577,298,71,9,1714,5358,140,187,210,224,215,195,226,208,330,344,361,349,435,544,439,350,304,213,74,8,2,601,5674,140,184,179,220,186,176,178,212,259,321,321,325,384,512,466,498,455,364,224,63,7,1113
2019,2019-01-01,20440,204404,長野県,東筑摩郡,22195,747,792,919,1053,896,852,908,1137,1385,1485,1429,1356,1516,1832,1650,1408,1138,921,573,170,28,2830,10974,407,425,461,548,471,464,464,587,751,780,759,712,764,915,818,658,475,314,174,22,5,990,11221,340,367,458,505,425,388,444,550,634,705,670,644,752,917,832,750,663,607,399,148,23,1840
2019,2019-01-01,20446,204463,長野県,東筑摩郡麻績村,2739,78,62,96,115,95,92,98,120,140,138,166,166,174,242,193,210,207,167,115,57,8,554,1312,46,32,52,52,45,49,47,64,79,68,90,85,94,125,102,93,93,54,37,5,0,189,1427,32,30,44,63,50,43,51,56,61,70,76,81,80,117,91,117,114,113,78,52,8,365
2019,2019-01-01,20448,204480,長野県,東筑摩郡生坂村,1743,55,54,58,78,37,59,66,83,97,93,103,98,135,161,121,133,134,103,59,13,3,312,859,38,27,25,38,22,31,31,39,53,54,66,50,67,90,59,65,46,43,14,0,1,104,884,17,27,33,40,15,28,35,44,44,39,37,48,68,71,62,68,88,60,45,13,2,208
2019,2019-01-01,20450,204501,長野県,東筑摩郡山形村,8611,353,379,450,464,377,340,396,517,643,702,578,487,534,649,622,415,294,217,148,43,3,705,4275,182,211,222,244,201,180,202,271,336,363,301,245,265,313,304,187,130,65,44,8,1,248,4336,171,168,228,220,176,160,194,246,307,339,277,242,269,336,318,228,164,152,104,35,2,457
2019,2019-01-01,20451,204510,長野県,東筑摩郡朝日村,4561,170,172,181,207,246,208,207,213,278,296,306,340,342,320,285,263,217,185,103,20,2,527,2272,92,83,93,105,129,115,105,113,142,152,160,180,173,159,140,135,89,68,34,5,0,196,2289,78,89,88,102,117,93,102,100,136,144,146,160,169,161,145,128,128,117,69,15,2,331
2019,2019-01-01,20452,204528,長野県,東筑摩郡筑北村,4541,91,125,134,189,141,153,141,204,227,256,276,265,331,460,429,387,286,249,148,37,12,732,2256,49,72,69,109,74,89,79,100,141,143,142,152,165,228,213,178,117,84,45,4,3,253,2285,42,53,65,80,67,64,62,104,86,113,134,113,166,232,216,209,169,165,103,33,9,479
2019,2019-01-01,20480,204803,長野県,北安曇郡,30727,917,1166,1266,1478,1213,1008,1210,1543,2110,2171,1996,1953,2002,2717,2439,1900,1510,1219,677,190,42,3638,15042,468,595,637,771,638,524,661,775,1079,1097,1029,975,988,1396,1181,899,653,437,197,38,4,1329,15685,449,571,629,707,575,484,549,768,1031,1074,967,978,1014,1321,1258,1001,857,782,480,152,38,2309
2019,2019-01-01,20481,204811,長野県,北安曇郡池田町,9759,251,343,389,427,374,307,319,451,645,642,613,575,647,922,868,682,485,455,262,84,18,1304,4701,122,193,201,218,194,145,180,234,337,339,316,278,312,447,415,313,211,160,72,13,1,457,5058,129,150,188,209,180,162,139,217,308,303,297,297,335,475,453,369,274,295,190,71,17,847
2019,2019-01-01,20482,204820,長野県,北安曇郡松川村,9649,313,386,427,493,404,373,391,507,690,691,622,595,614,780,735,570,459,371,177,41,10,1058,4689,167,188,205,255,208,205,214,258,348,337,317,295,297,389,359,271,181,135,48,11,1,376,4960,146,198,222,238,196,168,177,249,342,354,305,300,317,391,376,299,278,236,129,30,9,682
2019,2019-01-01,20485,204854,長野県,北安曇郡白馬村,8476,271,341,347,431,332,237,392,456,581,661,570,592,590,763,635,448,356,266,148,50,9,829,4208,139,170,179,236,173,122,202,208,296,327,296,299,296,416,308,231,158,95,46,9,2,310,4268,132,171,168,195,159,115,190,248,285,334,274,293,294,347,327,217,198,171,102,41,7,519
2019,2019-01-01,20486,204862,長野県,北安曇郡小谷村,2843,82,96,103,127,103,91,108,129,194,177,191,191,151,252,201,200,210,127,90,15,5,447,1444,40,44,52,62,63,52,65,75,98,94,100,103,83,144,99,84,103,47,31,5,0,186,1399,42,52,51,65,40,39,43,54,96,83,91,88,68,108,102,116,107,80,59,10,5,261
2019,2019-01-01,20520,205206,長野県,埴科郡,14607,432,531,677,673,571,581,613,741,955,982,907,853,919,1172,1223,1066,725,593,302,77,14,1711,7187,215,274,331,343,301,318,313,385,519,524,449,419,461,572,612,495,330,225,84,15,2,656,7420,217,257,346,330,270,263,300,356,436,458,458,434,458,600,611,571,395,368,218,62,12,1055
2019,2019-01-01,20521,205214,長野県,埴科郡坂城町,14607,432,531,677,673,571,581,613,741,955,982,907,853,919,1172,1223,1066,725,593,302,77,14,1711,7187,215,274,331,343,301,318,313,385,519,524,449,419,461,572,612,495,330,225,84,15,2,656,7420,217,257,346,330,270,263,300,356,436,458,458,434,458,600,611,571,395,368,218,62,12,1055
2019,2019-01-01,20540,205401,長野県,上高井郡,17954,574,761,863,879,713,599,720,948,1175,1273,1100,1072,1198,1641,1371,1149,854,610,335,97,22,1918,8774,305,412,426,488,346,296,364,486,617,650,551,514,579,802,684,580,349,215,89,17,4,674,9180,269,349,437,391,367,303,356,462,558,623,549,558,619,839,687,569,505,395,246,80,18,1244
2019,2019-01-01,20541,205419,長野県,上高井郡小布施町,10952,388,491,537,526,413,347,466,615,736,800,650,609,684,960,847,733,526,372,187,54,11,1150,5316,216,252,268,291,191,175,227,317,372,414,319,293,322,451,420,372,217,131,57,9,2,416,5636,172,239,269,235,222,172,239,298,364,386,331,316,362,509,427,361,309,241,130,45,9,734
2019,2019-01-01,20543,205435,長野県,上高井郡高山村,7002,186,270,326,353,300,252,254,333,439,473,450,463,514,681,524,416,328,238,148,43,11,768,3458,89,160,158,197,155,121,137,169,245,236,232,221,257,351,264,208,132,84,32,8,2,258,3544,97,110,168,156,145,131,117,164,194,237,218,242,257,330,260,208,196,154,116,35,9,510
2019,2019-01-01,20560,205605,長野県,下高井郡,20548,568,626,778,849,812,709,804,895,1137,1200,1254,1413,1532,1888,1590,1425,1267,1044,580,158,19,3068,10012,281,330,389,434,426,388,398,460,593,642,647,736,810,1006,769,630,519,370,156,26,2,1073,10536,287,296,389,415,386,321,406,435,544,558,607,677,722,882,821,795,748,674,424,132,17,1995
2019,2019-01-01,20561,205613,長野県,下高井郡山ノ内町,12278,291,343,450,489,520,403,460,498,651,761,785,828,884,1122,992,952,795,614,340,88,12,1849,6013,147,183,240,253,270,218,233,256,339,412,412,443,473,596,453,421,327,219,101,16,1,664,6265,144,160,210,236,250,185,227,242,312,349,373,385,411,526,539,531,468,395,239,72,11,1185
2019,2019-01-01,20562,205621,長野県,下高井郡木島平村,4736,149,174,191,216,176,157,182,233,278,254,253,324,380,440,351,286,262,244,140,41,5,692,2316,73,90,82,109,96,87,87,115,152,138,127,166,195,240,192,133,112,80,34,7,1,234,2420,76,84,109,107,80,70,95,118,126,116,126,158,185,200,159,153,150,164,106,34,4,458
2019,2019-01-01,20563,205630,長野県,下高井郡野沢温泉村,3534,128,109,137,144,116,149,162,164,208,185,216,261,268,326,247,187,210,186,100,29,2,527,1683,61,57,67,72,60,83,78,89,102,92,108,127,142,170,124,76,80,71,21,3,0,175,1851,67,52,70,72,56,66,84,75,106,93,108,134,126,156,123,111,130,115,79,26,2,352
2019,2019-01-01,20580,205800,長野県,上水内郡,21973,498,710,808,934,769,660,792,983,1264,1299,1314,1448,1725,2252,1834,1561,1302,1068,577,153,22,3122,10830,273,366,412,481,385,367,439,512,667,685,666,754,868,1169,939,716,549,399,150,32,1,1131,11143,225,344,396,453,384,293,353,471,597,614,648,694,857,1083,895,845,753,669,427,121,21,1991
2019,2019-01-01,20583,205834,長野県,上水内郡信濃町,8338,173,248,304,363,259,227,287,343,457,531,502,525,694,906,714,617,502,404,218,53,11,1188,4128,98,134,160,200,125,123,149,189,235,284,255,267,362,470,359,292,212,149,54,10,1,426,4210,75,114,144,163,134,104,138,154,222,247,247,258,332,436,355,325,290,255,164,43,10,762
2019,2019-01-01,20588,205885,長野県,上水内郡小川村,2524,61,72,83,96,74,53,77,120,127,149,128,155,183,222,197,220,166,191,112,34,4,507,1234,31,43,42,53,34,33,43,54,65,83,68,90,103,126,97,94,69,63,35,8,0,175,1290,30,29,41,43,40,20,34,66,62,66,60,65,80,96,100,126,97,128,77,26,4,332
2019,2019-01-01,20590,205907,長野県,上水内郡飯綱町,11111,264,390,421,475,436,380,428,520,680,619,684,768,848,1124,923,724,634,473,247,66,7,1427,5468,144,189,210,228,226,211,247,269,367,318,343,397,403,573,483,330,268,187,61,14,0,530,5643,120,201,211,247,210,169,181,251,313,301,341,371,445,551,440,394,366,286,186,52,7,897
2019,2019-01-01,20600,206008,長野県,下水内郡,1841,36,42,43,75,54,48,50,55,80,69,84,116,162,183,148,134,159,157,100,43,3,462,885,15,24,24,42,30,26,25,30,40,38,45,60,90,98,87,49,67,57,32,5,1,162,956,21,18,19,33,24,22,25,25,40,31,39,56,72,85,61,85,92,100,68,38,2,300
2019,2019-01-01,20602,206024,長野県,下水内郡栄村,1841,36,42,43,75,54,48,50,55,80,69,84,116,162,183,148,134,159,157,100,43,3,462,885,15,24,24,42,30,26,25,30,40,38,45,60,90,98,87,49,67,57,32,5,1,162,956,21,18,19,33,24,22,25,25,40,31,39,56,72,85,61,85,92,100,68,38,2,300
2019,2019-01-01,21000,210005,岐阜県,,1990598,74173,86026,91861,100202,93712,85595,97688,109869,135957,148360,128604,121352,122480,152604,140529,117591,88536,58838,28181,7359,1081,183995,970193,38073,44162,46952,51274,48010,44206,50564,56712,70127,75593,64304,59521,59459,73538,67223,53201,36904,21165,7823,1246,136,67274,1020405,36100,41864,44909,48928,45702,41389,47124,53157,65830,72767,64300,61831,63021,79066,73306,64390,51632,37673,20358,6113,945,116721
2019,2019-01-01,21201,212016,岐阜県,岐阜市,400589,15308,16951,17939,19922,19734,18141,19886,22347,27795,31704,27680,24547,23206,28017,27552,24122,17937,11462,4896,1277,166,35738,192156,7873,8639,9179,10124,9920,9045,10023,11259,14087,15803,13667,11930,11355,13100,12704,10623,7187,4046,1346,226,20,12825,208433,7435,8312,8760,9798,9814,9096,9863,11088,13708,15901,14013,12617,11851,14917,14848,13499,10750,7416,3550,1051,146,22913
2019,2019-01-01,21202,212024,岐阜県,大垣市,156419,6292,6965,7234,8018,7969,7433,8416,9176,11012,11980,10135,9331,9133,11029,10103,8756,6711,4289,1870,508,59,13437,76174,3287,3575,3638,4011,4070,3809,4349,4805,5691,6102,4968,4524,4413,5303,4751,3829,2822,1570,556,94,7,5049,80245,3005,3390,3596,4007,3899,3624,4067,4371,5321,5878,5167,4807,4720,5726,5352,4927,3889,2719,1314,414,52,8388
2019,2019-01-01,21203,212032,岐阜県,高山市,87769,3274,3821,4062,4526,3536,3313,4020,4719,5960,6105,5456,5384,5346,6867,6403,5469,4387,3122,1532,406,61,9508,41936,1703,1969,2033,2278,1786,1685,2079,2345,3052,3096,2685,2658,2558,3279,3029,2345,1783,1125,383,57,8,3356,45833,1571,1852,2029,2248,1750,1628,1941,2374,2908,3009,2771,2726,2788,3588,3374,3124,2604,1997,1149,349,53,6152
2019,2019-01-01,21204,212041,岐阜県,多治見市,109197,3689,4465,4795,5181,5253,4725,5251,5888,7158,8185,7600,7205,7189,8734,8120,6668,4585,2761,1350,328,67,9091,53185,1839,2300,2472,2708,2610,2388,2701,3010,3694,4150,3805,3488,3460,4250,3889,3046,1970,991,354,51,9,3375,56012,1850,2165,2323,2473,2643,2337,2550,2878,3464,4035,3795,3717,3729,4484,4231,3622,2615,1770,996,277,58,5716
2019,2019-01-01,21205,212059,岐阜県,関市,86842,3017,3928,4152,4523,4082,3617,4091,4848,6037,6244,5350,5358,5846,7080,6171,4706,3551,2492,1348,348,53,7792,42591,1524,2042,2077,2356,2146,1850,2085,2520,3125,3241,2650,2613,2810,3485,3065,2171,1454,944,369,57,7,2831,44251,1493,1886,2075,2167,1936,1767,2006,2328,2912,3003,2700,2745,3036,3595,3106,2535,2097,1548,979,291,46,4961
2019,2019-01-01,21206,212067,岐阜県,中津川市,77417,2837,3296,3565,3787,3245,3079,3640,4185,4831,5295,4663,4885,5084,6075,5418,4570,4019,2945,1538,402,58,8962,37764,1516,1713,1839,1907,1673,1668,1919,2245,2522,2740,2388,2400,2494,2935,2632,2036,1596,1059,403,69,10,3137,39653,1321,1583,1726,1880,1572,1411,1721,1940,2309,2555,2275,2485,2590,3140,2786,2534,2423,1886,1135,333,48,5825
2019,2019-01-01,21207,212075,岐阜県,美濃市,20290,641,780,815,868,868,740,919,986,1236,1293,1157,1347,1500,1982,1524,1234,1027,802,454,102,15,2400,9860,311,402,401,419,475,393,485,528,656,681,582,657,681,1001,780,541,441,277,130,16,3,867,10430,330,378,414,449,393,347,434,458,580,612,575,690,819,981,744,693,586,525,324,86,12,1533
2019,2019-01-01,21208,212083,岐阜県,瑞浪市,36698,1300,1435,1531,1764,1763,1723,1865,1926,2334,2526,2426,2345,2264,2924,2553,2166,1768,1261,624,171,29,3853,17788,691,759,811,887,889,884,992,1028,1238,1306,1154,1175,1096,1434,1246,918,702,401,154,20,3,1280,18910,609,676,720,877,874,839,873,898,1096,1220,1272,1170,1168,1490,1307,1248,1066,860,470,151,26,2573
2019,2019-01-01,21209,212091,岐阜県,羽島市,66647,2515,3079,3253,3641,3323,2756,3346,3735,4999,5418,4584,4020,3797,4971,4600,3758,2599,1453,615,163,22,4852,33005,1287,1602,1674,1888,1682,1429,1717,1896,2612,2777,2346,2013,1846,2410,2256,1728,1120,510,183,27,2,1842,33642,1228,1477,1579,1753,1641,1327,1629,1839,2387,2641,2238,2007,1951,2561,2344,2030,1479,943,432,136,20,3010
2019,2019-01-01,21210,212105,岐阜県,恵那市,49646,1562,2076,2174,2405,2127,1735,2145,2492,3104,3271,2973,3111,3429,4182,3666,3049,2570,2075,1141,309,50,6145,24145,827,1079,1123,1281,1098,929,1154,1306,1596,1702,1505,1583,1671,2061,1736,1378,1030,696,330,57,3,2116,25501,735,997,1051,1124,1029,806,991,1186,1508,1569,1468,1528,1758,2121,1930,1671,1540,1379,811,252,47,4029
2019,2019-01-01,21211,212113,岐阜県,美濃加茂市,52041,2497,2766,2760,2715,2569,2583,2957,3298,3959,4011,3298,2958,2877,3336,3038,2432,1843,1270,680,168,26,3987,25748,1261,1356,1416,1439,1295,1353,1530,1693,2062,2048,1711,1462,1426,1679,1485,1109,754,452,184,30,3,1423,26293,1236,1410,1344,1276,1274,1230,1427,1605,1897,1963,1587,1496,1451,1657,1553,1323,1089,818,496,138,23,2564
2019,2019-01-01,21212,212121,岐阜県,土岐市,56818,1968,2267,2469,2586,2555,2475,2729,2880,3691,3952,3802,3683,3488,4420,4069,3724,2972,1916,931,201,40,6060,27569,976,1208,1233,1308,1304,1271,1446,1491,1912,2013,1970,1828,1698,2162,1917,1632,1231,673,256,35,5,2200,29249,992,1059,1236,1278,1251,1204,1283,1389,1779,1939,1832,1855,1790,2258,2152,2092,1741,1243,675,166,35,3860
2019,2019-01-01,21213,212130,岐阜県,各務原市,145089,5955,6549,6980,7445,7149,6703,7628,8422,10792,11448,9448,7991,7770,10414,10657,8802,5734,3280,1504,368,50,10936,71738,3029,3337,3610,3781,3761,3563,4042,4340,5550,5875,4840,3995,3644,4797,4997,4244,2586,1237,430,76,4,4333,73351,2926,3212,3370,3664,3388,3140,3586,4082,5242,5573,4608,3996,4126,5617,5660,4558,3148,2043,1074,292,46,6603
2019,2019-01-01,21214,212148,岐阜県,可児市,94815,3669,4222,4459,4771,4556,4166,4886,5563,6816,7325,5827,5478,5786,7721,7241,5536,3431,2088,956,274,44,6793,47057,1866,2155,2308,2397,2373,2228,2537,2959,3532,3707,2988,2651,2728,3699,3505,2755,1562,777,272,54,4,2669,47758,1803,2067,2151,2374,2183,1938,2349,2604,3284,3618,2839,2827,3058,4022,3736,2781,1869,1311,684,220,40,4124
2019,2019-01-01,21215,212156,岐阜県,山県市,26730,801,978,1124,1357,1179,992,1067,1270,1551,1869,1657,1768,2017,2454,2161,1734,1298,895,442,108,8,2751,13078,415,516,575,682,605,513,564,686,811,954,836,845,1015,1198,1077,800,531,329,111,15,0,986,13652,386,462,549,675,574,479,503,584,740,915,821,923,1002,1256,1084,934,767,566,331,93,8,1765
2019,2019-01-01,21216,212164,岐阜県,瑞穂市,52397,2720,2889,2798,2809,2764,2812,3229,3643,4143,4411,3334,2774,2705,3235,2917,2291,1512,869,417,109,16,2923,26111,1389,1510,1463,1466,1406,1435,1651,1871,2162,2253,1642,1339,1357,1554,1395,1096,658,323,120,21,0,1122,26286,1331,1379,1335,1343,1358,1377,1578,1772,1981,2158,1692,1435,1348,1681,1522,1195,854,546,297,88,16,1801
2019,2019-01-01,21217,212172,岐阜県,飛騨市,24135,760,858,973,1135,821,720,924,1119,1434,1511,1493,1544,1531,2057,1926,1788,1567,1191,594,166,23,3541,11676,408,400,500,592,432,412,489,597,767,784,761,777,757,1022,912,789,643,427,178,23,6,1277,12459,352,458,473,543,389,308,435,522,667,727,732,767,774,1035,1014,999,924,764,416,143,17,2264
2019,2019-01-01,21218,212181,岐阜県,本巣市,33749,1182,1500,1871,1968,1574,1260,1493,1855,2355,2552,2098,1865,2099,2775,2432,1984,1382,916,446,120,22,2886,16449,598,759,971,1066,811,638,742,935,1196,1304,1054,876,988,1361,1196,897,603,316,119,17,2,1057,17300,584,741,900,902,763,622,751,920,1159,1248,1044,989,1111,1414,1236,1087,779,600,327,103,20,1829
2019,2019-01-01,21219,212199,岐阜県,郡上市,41430,1374,1658,1812,1931,1595,1404,1715,1954,2331,2540,2450,2865,2978,3567,2813,2490,2454,2062,1092,297,48,5953,20229,708,820,952,1031,848,778,891,1013,1213,1303,1202,1463,1514,1776,1380,1132,1045,764,337,49,10,2205,21201,666,838,860,900,747,626,824,941,1118,1237,1248,1402,1464,1791,1433,1358,1409,1298,755,248,38,3748
2019,2019-01-01,21220,212202,岐阜県,下呂市,32147,945,1238,1295,1430,1118,958,1175,1325,1804,1959,1988,2103,2235,2821,2477,2385,2174,1620,819,238,40,4891,15387,487,639,671,759,593,512,605,692,952,993,974,1028,1099,1400,1167,1024,875,630,229,54,4,1792,16760,458,599,624,671,525,446,570,633,852,966,1014,1075,1136,1421,1310,1361,1299,990,590,184,36,3099
2019,2019-01-01,21221,212211,岐阜県,海津市,33974,885,1231,1475,1647,1533,1319,1524,1687,2166,2366,2203,2303,2564,3260,2751,1965,1516,978,478,105,18,3095,16686,434,629,761,814,793,676,817,884,1158,1202,1119,1119,1212,1627,1383,929,644,330,133,20,2,1129,17288,451,602,714,833,740,643,707,803,1008,1164,1084,1184,1352,1633,1368,1036,872,648,345,85,16,1966
2019,2019-01-01,21300,213004,岐阜県,羽島郡,47040,2280,2213,2191,2461,2435,2543,2855,2962,3604,3909,3087,2458,2327,2956,2861,2614,1724,1007,425,111,17,3284,23157,1192,1133,1107,1267,1178,1261,1461,1524,1874,2013,1551,1255,1153,1402,1334,1187,765,370,110,18,2,1265,23883,1088,1080,1084,1194,1257,1282,1394,1438,1730,1896,1536,1203,1174,1554,1527,1427,959,637,315,93,15,2019
2019,2019-01-01,21302,213021,岐阜県,羽島郡岐南町,25097,1361,1263,1184,1279,1297,1456,1681,1723,1991,2100,1612,1269,1225,1521,1423,1242,801,430,186,45,8,1470,12535,723,650,614,654,636,704,852,903,1070,1085,831,643,614,729,670,579,352,171,48,6,1,578,12562,638,613,570,625,661,752,829,820,921,1015,781,626,611,792,753,663,449,259,138,39,7,892
2019,2019-01-01,21303,213039,岐阜県,羽島郡笠松町,21943,919,950,1007,1182,1138,1087,1174,1239,1613,1809,1475,1189,1102,1435,1438,1372,923,577,239,66,9,1814,10622,469,483,493,613,542,557,609,621,804,928,720,612,539,673,664,608,413,199,62,12,1,687,11321,450,467,514,569,596,530,565,618,809,881,755,577,563,762,774,764,510,378,177,54,8,1127
2019,2019-01-01,21340,213403,岐阜県,養老郡,28537,768,1138,1281,1419,1262,1099,1262,1507,1798,1989,1801,1867,2192,2658,2207,1644,1254,847,432,100,12,2645,14024,421,571,645,731,683,567,672,777,934,1061,885,912,1051,1334,1082,779,503,293,112,9,2,919,14513,347,567,636,688,579,532,590,730,864,928,916,955,1141,1324,1125,865,751,554,320,91,10,1726
2019,2019-01-01,21341,213411,岐阜県,養老郡養老町,28537,768,1138,1281,1419,1262,1099,1262,1507,1798,1989,1801,1867,2192,2658,2207,1644,1254,847,432,100,12,2645,14024,421,571,645,731,683,567,672,777,934,1061,885,912,1051,1334,1082,779,503,293,112,9,2,919,14513,347,567,636,688,579,532,590,730,864,928,916,955,1141,1324,1125,865,751,554,320,91,10,1726
2019,2019-01-01,21360,213608,岐阜県,不破郡,33602,1084,1418,1607,1718,1557,1335,1499,1778,2222,2366,2075,2015,2115,2839,2597,2066,1533,1042,559,153,24,3311,16489,552,751,821,874,824,708,794,928,1138,1220,1028,990,1031,1357,1290,947,670,384,156,23,3,1236,17113,532,667,786,844,733,627,705,850,1084,1146,1047,1025,1084,1482,1307,1119,863,658,403,130,21,2075
2019,2019-01-01,21361,213616,岐阜県,不破郡垂井町,26654,921,1204,1332,1417,1270,1069,1255,1487,1844,1937,1621,1573,1610,2148,1984,1557,1103,761,427,116,18,2425,13098,468,647,683,726,664,558,664,775,941,993,790,764,801,1019,982,722,482,280,119,18,2,901,13556,453,557,649,691,606,511,591,712,903,944,831,809,809,1129,1002,835,621,481,308,98,16,1524
2019,2019-01-01,21362,213624,岐阜県,不破郡関ケ原町,6948,163,214,275,301,287,266,244,291,378,429,454,442,505,691,613,509,430,281,132,37,6,886,3391,84,104,138,148,160,150,130,153,197,227,238,226,230,338,308,225,188,104,37,5,1,335,3557,79,110,137,153,127,116,114,138,181,202,216,216,275,353,305,284,242,177,95,32,5,551
2019,2019-01-01,21380,213802,岐阜県,安八郡,43163,1572,1943,2204,2375,2057,1780,2093,2401,3174,3422,2656,2356,2618,3498,3184,2444,1722,1047,493,112,12,3386,21314,801,982,1097,1200,1085,919,1109,1246,1653,1768,1377,1139,1265,1668,1594,1128,759,377,123,22,2,1283,21849,771,961,1107,1175,972,861,984,1155,1521,1654,1279,1217,1353,1830,1590,1316,963,670,370,90,10,2103
2019,2019-01-01,21381,213811,岐阜県,安八郡神戸町,18938,632,775,871,1032,867,792,847,998,1348,1451,1148,1016,1159,1619,1560,1216,826,491,235,48,7,1607,9330,302,405,438,543,458,412,453,517,719,746,566,488,556,761,773,560,381,180,61,9,2,633,9608,330,370,433,489,409,380,394,481,629,705,582,528,603,858,787,656,445,311,174,39,5,974
2019,2019-01-01,21382,213829,岐阜県,安八郡輪之内町,9390,388,469,520,505,453,395,521,587,693,746,581,498,618,754,577,428,308,205,110,31,3,657,4650,202,241,248,253,238,198,276,314,353,384,313,247,288,368,304,205,119,69,23,7,0,218,4740,186,228,272,252,215,197,245,273,340,362,268,251,330,386,273,223,189,136,87,24,3,439
2019,2019-01-01,21383,213837,岐阜県,安八郡安八町,14835,552,699,813,838,737,593,725,816,1133,1225,927,842,841,1125,1047,800,588,351,148,33,2,1122,7334,297,336,411,404,389,309,380,415,581,638,498,404,421,539,517,363,259,128,39,6,0,432,7501,255,363,402,434,348,284,345,401,552,587,429,438,420,586,530,437,329,223,109,27,2,690
2019,2019-01-01,21400,214001,岐阜県,揖斐郡,67522,2184,2885,3365,3720,3268,2591,2926,3420,4428,4946,4233,4260,4324,5604,4999,4008,3038,2043,953,280,47,6361,32904,1111,1508,1705,1904,1669,1339,1499,1774,2273,2529,2081,2133,2148,2660,2445,1811,1257,740,269,41,8,2315,34618,1073,1377,1660,1816,1599,1252,1427,1646,2155,2417,2152,2127,2176,2944,2554,2197,1781,1303,684,239,39,4046
2019,2019-01-01,21401,214019,岐阜県,揖斐郡揖斐川町,21096,590,705,889,977,882,696,819,984,1216,1364,1148,1388,1505,1984,1732,1468,1213,921,460,133,22,2749,10130,291,372,436,518,435,364,429,498,636,733,559,683,763,951,861,634,485,339,118,20,5,967,10966,299,333,453,459,447,332,390,486,580,631,589,705,742,1033,871,834,728,582,342,113,17,1782
2019,2019-01-01,21403,214035,岐阜県,揖斐郡大野町,22867,801,1041,1212,1404,1098,905,1072,1210,1598,1736,1523,1439,1407,1826,1614,1269,868,527,239,68,10,1712,11208,411,557,623,708,573,459,533,638,811,880,757,710,659,853,803,594,376,176,76,9,2,639,11659,390,484,589,696,525,446,539,572,787,856,766,729,748,973,811,675,492,351,163,59,8,1073
2019,2019-01-01,21404,214043,岐阜県,揖斐郡池田町,23559,793,1139,1264,1339,1288,990,1035,1226,1614,1846,1562,1433,1412,1794,1653,1271,957,595,254,79,15,1900,11566,409,579,646,678,661,516,537,638,826,916,765,740,726,856,781,583,396,225,75,12,1,709,11993,384,560,618,661,627,474,498,588,788,930,797,693,686,938,872,688,561,370,179,67,14,1191
2019,2019-01-01,21420,214205,岐阜県,本巣郡,17929,809,839,932,990,951,857,991,1117,1305,1508,1196,1043,1012,1199,1072,931,623,355,162,34,3,1177,8635,402,428,484,491,488,454,513,563,605,750,577,493,483,581,490,396,253,129,49,6,0,437,9294,407,411,448,499,463,403,478,554,700,758,619,550,529,618,582,535,370,226,113,28,3,740
2019,2019-01-01,21421,214213,岐阜県,本巣郡北方町,17929,809,839,932,990,951,857,991,1117,1305,1508,1196,1043,1012,1199,1072,931,623,355,162,34,3,1177,8635,402,428,484,491,488,454,513,563,605,750,577,493,483,581,490,396,253,129,49,6,0,437,9294,407,411,448,499,463,403,478,554,700,758,619,550,529,618,582,535,370,226,113,28,3,740
2019,2019-01-01,21500,215007,岐阜県,加茂郡,48508,1570,1823,1928,2153,2009,1926,2106,2313,2644,2977,2815,3219,3624,4246,3625,3118,2757,2169,1130,316,40,6412,23632,798,949,971,1114,1072,1051,1135,1227,1385,1537,1397,1563,1783,2197,1780,1391,1097,790,339,51,5,2282,24876,772,874,957,1039,937,875,971,1086,1259,1440,1418,1656,1841,2049,1845,1727,1660,1379,791,265,35,4130
2019,2019-01-01,21501,215015,岐阜県,加茂郡坂祝町,7677,331,351,330,334,348,406,472,466,525,535,428,488,542,620,542,395,256,187,89,30,2,564,3942,167,192,171,182,204,226,272,266,300,289,218,223,265,319,276,191,105,53,20,3,0,181,3735,164,159,159,152,144,180,200,200,225,246,210,265,277,301,266,204,151,134,69,27,2,383
2019,2019-01-01,21502,215023,岐阜県,加茂郡富加町,5588,239,302,245,232,240,239,321,341,364,312,319,362,374,481,376,297,250,173,97,24,0,544,2722,115,162,124,129,114,124,164,176,195,159,141,175,181,242,195,141,92,70,21,2,0,185,2866,124,140,121,103,126,115,157,165,169,153,178,187,193,239,181,156,158,103,76,22,0,359
2019,2019-01-01,21503,215031,岐阜県,加茂郡川辺町,10111,387,430,452,490,501,462,490,523,565,675,609,635,692,787,717,586,460,389,186,69,6,1110,4934,209,221,221,261,273,246,250,251,279,347,296,320,339,404,351,267,185,142,58,13,1,399,5177,178,209,231,229,228,216,240,272,286,328,313,315,353,383,366,319,275,247,128,56,5,711
2019,2019-01-01,21504,215040,岐阜県,加茂郡七宗町,3774,77,87,140,145,142,123,105,118,170,203,209,250,315,397,310,305,286,225,132,29,6,678,1796,43,43,71,75,79,64,51,61,95,109,91,122,163,199,152,133,118,82,38,6,1,245,1978,34,44,69,70,63,59,54,57,75,94,118,128,152,198,158,172,168,143,94,23,5,433
2019,2019-01-01,21505,215058,岐阜県,加茂郡八百津町,10907,309,358,408,493,431,357,419,501,549,706,612,723,857,985,909,750,682,502,285,64,7,1540,5286,159,180,213,246,235,196,231,258,287,361,323,360,413,501,440,337,256,176,102,11,1,546,5621,150,178,195,247,196,161,188,243,262,345,289,363,444,484,469,413,426,326,183,53,6,994
2019,2019-01-01,21506,215066,岐阜県,加茂郡白川町,8190,173,228,281,338,280,266,230,281,366,439,491,579,687,790,597,599,643,547,285,72,18,1565,3878,79,117,129,165,133,152,125,165,176,219,256,271,343,440,285,253,264,211,81,12,2,570,4312,94,111,152,173,147,114,105,116,190,220,235,308,344,350,312,346,379,336,204,60,16,995
2019,2019-01-01,21507,215074,岐阜県,加茂郡東白川村,2261,54,67,72,121,67,73,69,83,105,107,147,182,157,186,174,186,180,146,56,28,1,411,1074,26,34,42,56,34,43,42,50,53,53,72,92,79,92,81,69,77,56,19,4,0,156,1187,28,33,30,65,33,30,27,33,52,54,75,90,78,94,93,117,103,90,37,24,1,255
2019,2019-01-01,21520,215201,岐阜県,可児郡,17850,639,741,751,835,779,749,966,971,1175,1174,1046,1176,1323,1553,1292,1029,768,522,274,78,9,1651,8926,335,394,389,452,396,413,521,527,623,631,513,568,673,749,653,490,328,182,81,7,1,599,8924,304,347,362,383,383,336,445,444,552,543,533,608,650,804,639,539,440,340,193,71,8,1052
2019,2019-01-01,21521,215210,岐阜県,可児郡御嵩町,17850,639,741,751,835,779,749,966,971,1175,1174,1046,1176,1323,1553,1292,1029,768,522,274,78,9,1651,8926,335,394,389,452,396,413,521,527,623,631,513,568,673,749,653,490,328,182,81,7,1,599,8924,304,347,362,383,383,336,445,444,552,543,533,608,650,804,639,539,440,340,193,71,8,1052
2019,2019-01-01,21600,216003,岐阜県,大野郡,1608,76,74,66,102,81,61,84,82,99,104,73,93,101,130,100,108,80,59,26,7,2,174,780,32,37,26,47,45,35,42,43,54,50,48,44,50,57,53,50,35,23,7,1,1,67,828,44,37,40,55,36,26,42,39,45,54,25,49,51,73,47,58,45,36,19,6,1,107
2019,2019-01-01,21604,216046,岐阜県,大野郡白川村,1608,76,74,66,102,81,61,84,82,99,104,73,93,101,130,100,108,80,59,26,7,2,174,780,32,37,26,47,45,35,42,43,54,50,48,44,50,57,53,50,35,23,7,1,1,67,828,44,37,40,55,36,26,42,39,45,54,25,49,51,73,47,58,45,36,19,6,1,107
2019,2019-01-01,22000,220001,静岡県,,3637196,135128,154543,163101,171821,162018,162033,189276,210557,250240,274110,238788,221833,228089,279061,252050,214493,158624,104619,51127,13725,1960,330055,1798022,69352,79393,83696,88712,84776,86068,99495,109909,130133,141878,122704,112132,114147,136966,120206,97988,66399,37242,14183,2382,261,120467,1839174,65776,75150,79405,83109,77242,75965,89781,100648,120107,132232,116084,109701,113942,142095,131844,116505,92225,67377,36944,11343,1699,209588
2019,2019-01-01,22100,221007,静岡県,静岡市,692557,24838,27827,29038,31346,31727,31385,35756,39273,47520,53744,47225,42642,41527,52457,48388,43212,31579,20510,9620,2554,389,64652,337834,12716,14433,14824,16113,16476,16404,18433,20146,24336,27544,23755,21302,20556,25482,22557,19527,12956,7183,2638,403,50,23230,354723,12122,13394,14214,15233,15251,14981,17323,19127,23184,26200,23470,21340,20971,26975,25831,23685,18623,13327,6982,2151,339,41422
2019,2019-01-01,22101,221015,静岡県,静岡市葵区,251193,9085,10370,10682,11175,10765,10970,12614,14381,17020,19202,16774,15672,15638,19149,17597,15642,11637,7884,3793,990,153,24457,121211,4575,5415,5469,5707,5458,5594,6306,7273,8702,9695,8389,7645,7695,9264,8114,7043,4865,2787,1038,155,22,8867,129982,4510,4955,5213,5468,5307,5376,6308,7108,8318,9507,8385,8027,7943,9885,9483,8599,6772,5097,2755,835,131,15590
2019,2019-01-01,22102,221023,静岡県,静岡市駿河区,206572,8056,8695,8748,9299,10417,10547,11893,12503,14952,16760,14558,12441,11706,14361,13072,11695,8566,5218,2353,646,86,16869,102120,4157,4549,4454,4766,5447,5520,6249,6427,7742,8641,7393,6302,5845,6957,6108,5257,3616,1887,681,104,18,6306,104452,3899,4146,4294,4533,4970,5027,5644,6076,7210,8119,7165,6139,5861,7404,6964,6438,4950,3331,1672,542,68,10563
2019,2019-01-01,22103,221031,静岡県,静岡市清水区,234792,7697,8762,9608,10872,10545,9868,11249,12389,15548,17782,15893,14529,14183,18947,17719,15875,11376,7408,3474,918,150,23326,114503,3984,4469,4901,5640,5571,5290,5878,6446,7892,9208,7973,7355,7016,9261,8335,7227,4475,2509,919,144,10,8057,120289,3713,4293,4707,5232,4974,4578,5371,5943,7656,8574,7920,7174,7167,9686,9384,8648,6901,4899,2555,774,140,15269
2019,2019-01-01,22130,221309,静岡県,浜松市,780444,31649,34768,36357,37297,35535,36612,42992,47313,54583,59483,51103,47298,47959,55833,50566,42317,32861,21665,10868,2939,446,68779,388755,16470,17970,18798,19263,18435,19374,22526,24714,28230,30742,26549,24173,24352,27625,24281,19485,14074,7943,3150,537,64,25768,391689,15179,16798,17559,18034,17100,17238,20466,22599,26353,28741,24554,23125,23607,28208,26285,22832,18787,13722,7718,2402,382,43011
2019,2019-01-01,22131,221317,静岡県,浜松市中区,228308,8966,9505,9856,10578,11145,11538,12809,13906,15816,17968,16079,14544,14037,15728,14242,11855,9498,6372,2958,796,112,19736,113444,4649,4864,5020,5483,5904,6143,6825,7239,8033,9226,8391,7434,7242,7793,6655,5329,3934,2245,854,168,13,7214,114864,4317,4641,4836,5095,5241,5395,5984,6667,7783,8742,7688,7110,6795,7935,7587,6526,5564,4127,2104,628,99,12522
2019,2019-01-01,22132,221325,静岡県,浜松市東区,127329,5958,5912,6155,6249,5791,6268,7647,8158,9322,10300,8355,7238,7139,8272,7966,6831,4943,2930,1448,394,53,9768,63861,3144,3086,3252,3251,2978,3214,3884,4298,4828,5361,4453,3694,3642,4113,3767,3092,2235,1104,400,59,6,3804,63468,2814,2826,2903,2998,2813,3054,3763,3860,4494,4939,3902,3544,3497,4159,4199,3739,2708,1826,1048,335,47,5964
2019,2019-01-01,22133,221333,静岡県,浜松市西区,108499,4113,4937,5627,5797,4956,4400,5373,6287,7850,8698,7254,6408,6553,7798,7224,5968,4473,2903,1429,383,68,9256,53946,2129,2549,2891,3041,2588,2274,2864,3283,3974,4432,3796,3279,3244,3792,3537,2797,1947,1068,381,69,11,3476,54553,1984,2388,2736,2756,2368,2126,2509,3004,3876,4266,3458,3129,3309,4006,3687,3171,2526,1835,1048,314,57,5780
2019,2019-01-01,22134,221341,静岡県,浜松市南区,98779,3865,4141,4609,4738,4543,5307,5660,5831,6927,7605,6468,5913,5794,6835,6681,5626,4215,2513,1159,296,53,8236,49696,1999,2134,2402,2414,2352,2917,3070,3089,3652,3970,3390,3081,2979,3313,3186,2617,1810,945,322,46,8,3131,49083,1866,2007,2207,2324,2191,2390,2590,2742,3275,3635,3078,2832,2815,3522,3495,3009,2405,1568,837,250,45,5105
2019,2019-01-01,22135,221350,静岡県,浜松市北区,91949,3657,4172,4233,4309,4086,3866,4759,5597,6154,6364,5639,5719,6183,7366,6234,4878,3810,2780,1620,454,69,8733,45617,1943,2134,2228,2227,2109,2035,2428,2910,3298,3303,2791,2889,3099,3685,3088,2309,1600,972,480,81,8,3141,46332,1714,2038,2005,2082,1977,1831,2331,2687,2856,3061,2848,2830,3084,3681,3146,2569,2210,1808,1140,373,61,5592
2019,2019-01-01,22136,221368,静岡県,浜松市浜北区,97115,4509,5348,5072,4648,4000,4290,5705,6458,7295,7119,5760,5421,5836,7027,5864,4981,3708,2436,1253,332,53,7782,48404,2323,2826,2616,2354,1997,2261,2903,3320,3787,3685,2951,2723,2843,3465,2878,2357,1671,983,388,61,12,3115,48711,2186,2522,2456,2294,2003,2029,2802,3138,3508,3434,2809,2698,2993,3562,2986,2624,2037,1453,865,271,41,4667
2019,2019-01-01,22137,221376,静岡県,浜松市天竜区,28465,581,753,805,978,1014,943,1039,1076,1219,1429,1548,2055,2417,2807,2355,2178,2214,1731,1001,284,38,5268,13787,283,377,389,493,507,530,552,575,658,765,777,1073,1303,1464,1170,984,877,626,325,53,6,1887,14678,298,376,416,485,507,413,487,501,561,664,771,982,1114,1343,1185,1194,1337,1105,676,231,32,3381
2019,2019-01-01,22203,222038,静岡県,沼津市,191737,5706,6860,7862,8773,8284,8319,9105,10179,12963,15119,13522,12478,12370,15381,14321,12344,8909,5686,2770,690,96,18151,94733,2876,3507,3955,4549,4454,4524,4988,5389,6770,7911,6955,6357,6255,7542,6739,5577,3612,1955,704,106,8,6385,97004,2830,3353,3907,4224,3830,3795,4117,4790,6193,7208,6567,6121,6115,7839,7582,6767,5297,3731,2066,584,88,11766
2019,2019-01-01,22205,222054,静岡県,熱海市,36536,610,801,922,1106,1332,1061,1070,1206,1666,2335,2352,2251,2520,3706,4048,3713,2850,1848,871,236,32,5837,16587,320,393,447,580,639,525,541,616,831,1161,1195,1114,1233,1742,1781,1544,1068,574,222,55,6,1925,19949,290,408,475,526,693,536,529,590,835,1174,1157,1137,1287,1964,2267,2169,1782,1274,649,181,26,3912
2019,2019-01-01,22206,222062,静岡県,三島市,109004,3953,4799,5065,5213,4787,4598,5468,6085,7723,8696,7721,6794,6647,8092,7543,6636,4651,2876,1280,343,34,9184,53279,1998,2486,2582,2674,2462,2334,2825,3150,3920,4421,3965,3384,3261,3902,3527,3006,1955,1024,347,52,4,3382,55725,1955,2313,2483,2539,2325,2264,2643,2935,3803,4275,3756,3410,3386,4190,4016,3630,2696,1852,933,291,30,5802
2019,2019-01-01,22207,222071,静岡県,富士宮市,130733,4722,5765,6153,6517,5785,5564,6881,7737,9311,10021,8466,7841,8359,10540,8855,7502,5127,3388,1685,453,61,10714,64716,2418,2976,3187,3411,3014,2993,3600,4119,4883,5187,4345,3925,4125,5117,4219,3463,2098,1142,410,78,6,3734,66017,2304,2789,2966,3106,2771,2571,3281,3618,4428,4834,4121,3916,4234,5423,4636,4039,3029,2246,1275,375,55,6980
2019,2019-01-01,22208,222089,静岡県,伊東市,68656,1586,2099,2469,2757,2247,1993,2328,2727,3878,4894,4461,4137,4493,6677,7083,6385,4267,2619,1164,327,65,8442,32438,810,1084,1255,1397,1146,1023,1187,1352,1983,2447,2268,2019,2208,3190,3257,2850,1759,853,292,49,9,2962,36218,776,1015,1214,1360,1101,970,1141,1375,1895,2447,2193,2118,2285,3487,3826,3535,2508,1766,872,278,56,5480
2019,2019-01-01,22209,222097,静岡県,島田市,97497,3674,4247,4434,4515,4131,4168,5091,5588,6311,6861,5977,5955,6446,7659,6765,5725,4565,3172,1704,450,59,9950,47822,1871,2151,2279,2313,2141,2131,2632,2880,3320,3539,3040,2966,3229,3782,3236,2629,1943,1176,479,75,10,3683,49675,1803,2096,2155,2202,1990,2037,2459,2708,2991,3322,2937,2989,3217,3877,3529,3096,2622,1996,1225,375,49,6267
2019,2019-01-01,22210,222101,静岡県,富士市,248622,9304,10775,11648,12418,11727,11180,12999,14298,17156,20025,17526,15642,15322,18202,16268,14398,10097,6075,2734,735,93,19734,123080,4796,5479,5867,6286,6012,5956,6897,7573,8958,10308,9057,7884,7670,9143,7586,6549,4172,2023,717,134,13,7059,125542,4508,5296,5781,6132,5715,5224,6102,6725,8198,9717,8469,7758,7652,9059,8682,7849,5925,4052,2017,601,80,12675
2019,2019-01-01,22211,222119,静岡県,磐田市,162279,6408,7383,7696,7754,7181,7592,8554,9835,11434,11761,9777,9541,10581,13009,11207,8808,6465,4405,2201,612,75,13758,81785,3367,3745,3934,4020,3876,4257,4545,5164,6021,6171,5057,4886,5344,6450,5602,4230,2766,1600,642,97,11,5116,80494,3041,3638,3762,3734,3305,3335,4009,4671,5413,5590,4720,4655,5237,6559,5605,4578,3699,2805,1559,515,64,8642
2019,2019-01-01,22212,222127,静岡県,焼津市,135828,4640,5815,6292,6751,6178,5849,6720,7585,9561,10215,9046,8334,8454,10405,9911,8255,5881,3743,1681,448,64,11817,67030,2398,2981,3337,3505,3226,3036,3446,3845,4965,5241,4674,4249,4145,5019,4662,3824,2549,1351,489,81,7,4477,68798,2242,2834,2955,3246,2952,2813,3274,3740,4596,4974,4372,4085,4309,5386,5249,4431,3332,2392,1192,367,57,7340
2019,2019-01-01,22213,222135,静岡県,掛川市,113632,4863,5417,5401,5347,4907,5166,6674,7344,7974,7860,6694,7080,7633,8955,6970,5419,4432,3210,1766,478,42,9928,57038,2484,2736,2790,2765,2514,2786,3543,3893,4265,4145,3473,3510,3888,4564,3533,2483,1866,1176,529,91,4,3666,56594,2379,2681,2611,2582,2393,2380,3131,3451,3709,3715,3221,3570,3745,4391,3437,2936,2566,2034,1237,387,38,6262
2019,2019-01-01,22214,222143,静岡県,藤枝市,143903,5470,6685,6657,6893,6202,5903,7270,8651,10333,10605,9063,8557,9192,11258,10242,8504,6005,3966,1892,493,62,12418,70427,2747,3393,3424,3610,3179,3034,3671,4406,5272,5422,4528,4242,4435,5292,4917,4046,2642,1510,558,89,10,4809,73476,2723,3292,3233,3283,3023,2869,3599,4245,5061,5183,4535,4315,4757,5966,5325,4458,3363,2456,1334,404,52,7609
2019,2019-01-01,22215,222151,静岡県,御殿場市,86640,3771,4163,4358,4618,4452,4406,5086,5840,6504,6805,5585,4826,4905,5787,4832,4211,3203,2046,965,245,32,6491,44442,1874,2096,2264,2525,2599,2540,2784,3180,3489,3634,3024,2495,2458,2840,2308,1892,1302,812,276,47,3,2440,42198,1897,2067,2094,2093,1853,1866,2302,2660,3015,3171,2561,2331,2447,2947,2524,2319,1901,1234,689,198,29,4051
2019,2019-01-01,22216,222160,静岡県,袋井市,83978,3953,4273,4299,4153,3732,4291,5372,5692,6251,6216,5008,4783,5385,6064,4775,3763,2755,1896,1002,272,43,5968,42500,2019,2294,2229,2120,1959,2264,2809,3025,3371,3275,2641,2371,2753,3090,2369,1759,1152,668,288,42,2,2152,41478,1934,1979,2070,2033,1773,2027,2563,2667,2880,2941,2367,2412,2632,2974,2406,2004,1603,1228,714,230,41,3816
2019,2019-01-01,22219,222194,静岡県,下田市,21539,493,671,735,848,694,643,756,828,1214,1489,1389,1398,1540,2034,2131,1809,1328,935,446,141,17,2867,10411,259,333,386,455,386,368,419,397,636,801,695,754,771,976,993,754,543,324,128,31,2,1028,11128,234,338,349,393,308,275,337,431,578,688,694,644,769,1058,1138,1055,785,611,318,110,15,1839
2019,2019-01-01,22220,222208,静岡県,裾野市,51269,2304,2430,2424,2455,2443,2677,3094,3392,3728,3766,3167,2989,3037,3830,3234,2727,1789,1132,497,130,24,3572,26007,1172,1232,1212,1269,1409,1498,1698,1803,1976,1969,1642,1524,1529,1855,1587,1274,790,404,144,15,5,1358,25262,1132,1198,1212,1186,1034,1179,1396,1589,1752,1797,1525,1465,1508,1975,1647,1453,999,728,353,115,19,2214
2019,2019-01-01,22221,222216,静岡県,湖西市,56705,1952,2412,2630,2917,2542,2599,2931,3323,4138,4414,3879,3386,3455,4346,3985,3115,2224,1493,726,208,30,4681,28920,981,1248,1352,1450,1387,1450,1589,1842,2248,2348,2100,1791,1746,2138,1987,1486,971,544,218,39,5,1777,27785,971,1164,1278,1467,1155,1149,1342,1481,1890,2066,1779,1595,1709,2208,1998,1629,1253,949,508,169,25,2904
2019,2019-01-01,22222,222224,静岡県,伊豆市,30708,693,878,1075,1245,1263,1027,1043,1332,1628,1962,1999,2064,2381,2973,2765,2326,1782,1293,710,229,40,4054,14771,363,434,524,639,639,538,571,698,837,1030,979,1037,1170,1488,1371,1043,737,445,180,43,5,1410,15937,330,444,551,606,624,489,472,634,791,932,1020,1027,1211,1485,1394,1283,1045,848,530,186,35,2644
2019,2019-01-01,22223,222232,静岡県,御前崎市,31719,1173,1321,1402,1588,1469,1481,1682,1734,2102,2197,1857,1992,2265,2685,2174,1562,1341,971,564,138,21,3035,16092,590,666,740,792,785,863,924,980,1121,1183,1009,1034,1148,1372,1094,708,554,359,142,27,1,1083,15627,583,655,662,796,684,618,758,754,981,1014,848,958,1117,1313,1080,854,787,612,422,111,20,1952
2019,2019-01-01,22224,222241,静岡県,菊川市,44965,2038,2078,2177,2147,1905,2203,2753,2898,3162,2911,2445,2619,2955,3639,2849,2209,1750,1268,737,197,25,3977,22632,1034,1044,1112,1099,999,1168,1500,1569,1684,1581,1255,1328,1467,1836,1462,1010,763,445,227,42,7,1484,22333,1004,1034,1065,1048,906,1035,1253,1329,1478,1330,1190,1291,1488,1803,1387,1199,987,823,510,155,18,2493
2019,2019-01-01,22225,222259,静岡県,伊豆の国市,48258,1608,1909,2097,2232,2088,1999,2141,2524,3283,3601,3071,2890,3020,4099,3931,3119,2222,1474,710,206,34,4646,23302,827,994,1102,1153,988,972,1132,1241,1709,1814,1542,1439,1517,1936,1880,1430,902,498,183,37,6,1626,24956,781,915,995,1079,1100,1027,1009,1283,1574,1787,1529,1451,1503,2163,2051,1689,1320,976,527,169,28,3020
2019,2019-01-01,22226,222267,静岡県,牧之原市,44102,1476,1810,1943,1994,1918,1848,2250,2363,2826,2920,2609,2977,3335,3696,3019,2319,2043,1628,842,246,40,4799,21852,715,939,974,1029,1012,988,1251,1264,1497,1565,1345,1497,1701,1864,1502,1068,775,594,225,42,5,1641,22250,761,871,969,965,906,860,999,1099,1329,1355,1264,1480,1634,1832,1517,1251,1268,1034,617,204,35,3158
2019,2019-01-01,22300,223000,静岡県,賀茂郡,42200,827,1139,1420,1670,1228,997,1244,1583,2078,2694,2555,2490,3150,4578,4307,3825,2900,2071,1112,292,40,6415,20229,418,552,685,882,607,574,679,811,1071,1425,1308,1318,1556,2247,2064,1716,1219,734,306,49,8,2316,21971,409,587,735,788,621,423,565,772,1007,1269,1247,1172,1594,2331,2243,2109,1681,1337,806,243,32,4099
2019,2019-01-01,22301,223018,静岡県,賀茂郡東伊豆町,12142,205,307,364,469,444,275,347,459,593,816,801,734,884,1305,1341,1165,815,509,227,71,11,1633,5806,92,144,171,251,220,156,185,241,311,437,400,383,421,634,640,511,358,182,57,11,1,609,6336,113,163,193,218,224,119,162,218,282,379,401,351,463,671,701,654,457,327,170,60,10,1024
2019,2019-01-01,22302,223026,静岡県,賀茂郡河津町,7242,191,239,295,293,194,206,267,298,410,478,458,438,478,732,665,609,427,328,179,47,10,991,3531,103,128,128,151,88,125,135,147,221,251,235,245,234,367,309,278,200,125,52,7,2,386,3711,88,111,167,142,106,81,132,151,189,227,223,193,244,365,356,331,227,203,127,40,8,605
2019,2019-01-01,22304,223042,静岡県,賀茂郡南伊豆町,8286,195,244,315,315,197,192,225,330,412,547,471,447,633,974,832,717,520,390,253,66,11,1240,3968,95,113,156,176,92,101,124,170,205,289,252,239,317,487,405,337,208,121,66,13,2,410,4318,100,131,159,139,105,91,101,160,207,258,219,208,316,487,427,380,312,269,187,53,9,830
2019,2019-01-01,22305,223051,静岡県,賀茂郡松崎町,6671,129,175,204,285,186,156,203,239,307,379,401,409,556,699,648,583,481,383,196,51,1,1112,3180,70,77,113,151,101,90,112,126,153,186,209,198,289,347,302,270,194,128,58,6,0,386,3491,59,98,91,134,85,66,91,113,154,193,192,211,267,352,346,313,287,255,138,45,1,726
2019,2019-01-01,22306,223069,静岡県,賀茂郡西伊豆町,7859,107,174,242,308,207,168,202,257,356,474,424,462,599,868,821,751,657,461,257,57,7,1439,3744,58,90,117,153,106,102,123,127,181,262,212,253,295,412,408,320,259,178,73,12,3,525,4115,49,84,125,155,101,66,79,130,175,212,212,209,304,456,413,431,398,283,184,45,4,914
2019,2019-01-01,22320,223204,静岡県,田方郡,37448,1351,1521,1579,1735,1489,1529,1900,2083,2642,2790,2558,2269,2285,3086,2966,2558,1552,972,446,125,12,3107,18421,700,791,807,907,777,780,988,1085,1363,1396,1296,1157,1128,1470,1388,1216,703,342,109,14,4,1172,19027,651,730,772,828,712,749,912,998,1279,1394,1262,1112,1157,1616,1578,1342,849,630,337,111,8,1935
2019,2019-01-01,22325,223255,静岡県,田方郡函南町,37448,1351,1521,1579,1735,1489,1529,1900,2083,2642,2790,2558,2269,2285,3086,2966,2558,1552,972,446,125,12,3107,18421,700,791,807,907,777,780,988,1085,1363,1396,1296,1157,1128,1470,1388,1216,703,342,109,14,4,1172,19027,651,730,772,828,712,749,912,998,1279,1394,1262,1112,1157,1616,1578,1342,849,630,337,111,8,1935
2019,2019-01-01,22340,223409,静岡県,駿東郡,93146,4306,4527,4571,4987,4487,4627,5363,6162,7041,7352,6467,5139,4999,5842,5365,4760,3451,2338,1057,255,50,7151,46394,2203,2318,2371,2569,2428,2429,2854,3185,3620,3853,3312,2596,2544,2827,2531,2121,1466,847,270,45,5,2633,46752,2103,2209,2200,2418,2059,2198,2509,2977,3421,3499,3155,2543,2455,3015,2834,2639,1985,1491,787,210,45,4518
2019,2019-01-01,22341,223417,静岡県,駿東郡清水町,31384,1223,1416,1550,1653,1569,1531,1599,1845,2317,2662,2315,1786,1705,2029,1921,1764,1260,791,363,70,15,2499,15301,641,729,846,822,744,769,819,943,1169,1369,1172,884,870,923,895,791,540,286,80,9,0,915,16083,582,687,704,831,825,762,780,902,1148,1293,1143,902,835,1106,1026,973,720,505,283,61,15,1584
2019,2019-01-01,22342,223425,静岡県,駿東郡長泉町,43167,2367,2326,2269,2480,1831,2191,2709,3199,3514,3515,3001,2299,2024,2331,2239,2057,1403,903,384,102,23,2815,21467,1212,1178,1124,1299,978,1096,1412,1616,1773,1848,1542,1172,1027,1141,1038,921,607,343,114,23,3,1090,21700,1155,1148,1145,1181,853,1095,1297,1583,1741,1667,1459,1127,997,1190,1201,1136,796,560,270,79,20,1725
2019,2019-01-01,22344,223441,静岡県,駿東郡小山町,18595,716,785,752,854,1087,905,1055,1118,1210,1175,1151,1054,1270,1482,1205,939,788,644,310,83,12,1837,9626,350,411,401,448,706,564,623,626,678,636,598,540,647,763,598,409,319,218,76,13,2,628,8969,366,374,351,406,381,341,432,492,532,539,553,514,623,719,607,530,469,426,234,70,10,1209
2019,2019-01-01,22420,224201,静岡県,榛原郡,35010,1174,1455,1588,1702,1589,1592,1807,1977,2200,2369,2301,2248,2407,2649,2319,1954,1662,1181,649,167,20,3679,17546,608,727,850,886,853,874,958,1039,1213,1245,1218,1173,1218,1362,1122,848,697,442,175,37,1,1352,17464,566,728,738,816,736,718,849,938,987,1124,1083,1075,1189,1287,1197,1106,965,739,474,130,19,2327
2019,2019-01-01,22424,224243,静岡県,榛原郡吉田町,28227,1063,1296,1435,1457,1377,1403,1586,1765,1940,2088,1907,1751,1861,2005,1758,1378,1021,674,362,86,14,2157,14223,554,646,770,743,742,758,841,934,1057,1096,1004,914,922,1008,847,611,431,241,86,18,0,776,14004,509,650,665,714,635,645,745,831,883,992,903,837,939,997,911,767,590,433,276,68,14,1381
2019,2019-01-01,22429,224294,静岡県,榛原郡川根本町,6783,111,159,153,245,212,189,221,212,260,281,394,497,546,644,561,576,641,507,287,81,6,1522,3323,54,81,80,143,111,116,117,105,156,149,214,259,296,354,275,237,266,201,89,19,1,576,3460,57,78,73,102,101,73,104,107,104,132,180,238,250,290,286,339,375,306,198,62,5,946
2019,2019-01-01,22460,224600,静岡県,周智郡,18081,586,715,809,843,696,724,946,1005,1030,1005,965,1213,1467,1579,1231,1018,933,758,428,116,14,2249,8979,318,391,409,451,374,385,505,543,544,520,477,607,740,815,651,450,365,274,135,25,0,799,9102,268,324,400,392,322,339,441,462,486,485,488,606,727,764,580,568,568,484,293,91,14,1450
2019,2019-01-01,22461,224618,静岡県,周智郡森町,18081,586,715,809,843,696,724,946,1005,1030,1005,965,1213,1467,1579,1231,1018,933,758,428,116,14,2249,8979,318,391,409,451,374,385,505,543,544,520,477,607,740,815,651,450,365,274,135,25,0,799,9102,268,324,400,392,322,339,441,462,486,485,488,606,727,764,580,568,568,484,293,91,14,1450
2019,2019-01-01,23000,230006,愛知県,,7311801,313263,336285,342281,361347,382066,387732,429139,462407,544689,597668,498660,424796,388383,473018,459058,386622,270714,161532,70903,18463,2775,524387,3665989,160550,172434,175475,186377,200069,206280,227330,244379,284198,310929,259646,217444,195689,229846,218693,178171,116380,58634,19937,3202,326,198479,3645812,152713,163851,166806,174970,181997,181452,201809,218028,260491,286739,239014,207352,192694,243172,240365,208451,154334,102898,50966,15261,2449,325908
2019,2019-01-01,23100,231002,愛知県,名古屋市,2211118,93134,93799,92716,96421,114891,126216,138081,144364,164250,181299,154692,133404,117627,139971,134504,115640,86412,53451,23300,6059,887,170109,1095174,47821,48090,47391,49424,57920,64911,72077,75390,85038,93444,79823,68101,59671,69430,63871,51415,35137,18639,6451,1019,111,61357,1115944,45313,45709,45325,46997,56971,61305,66004,68974,79212,87855,74869,65303,57956,70541,70633,64225,51275,34812,16849,5040,776,108752
2019,2019-01-01,23101,231011,愛知県,名古屋市千種区,153147,6436,6688,6323,6236,7529,7991,9046,10242,11807,12994,11110,9489,8185,9678,9207,7613,6168,4040,1803,487,75,12573,73667,3319,3394,3216,3184,3856,4170,4573,5155,5789,6338,5696,4736,3992,4617,4113,3185,2385,1343,512,84,10,4334,79480,3117,3294,3107,3052,3673,3821,4473,5087,6018,6656,5414,4753,4193,5061,5094,4428,3783,2697,1291,403,65,8239
2019,2019-01-01,23102,231029,愛知県,名古屋市東区,74234,3146,3053,2569,2547,3500,4802,5454,5543,5916,6216,5253,4519,4006,4542,4229,3434,2604,1805,845,215,36,5505,35620,1622,1582,1338,1305,1657,2405,2761,2739,2874,3087,2626,2214,1941,2188,1972,1481,968,608,218,28,6,1828,38614,1524,1471,1231,1242,1843,2397,2693,2804,3042,3129,2627,2305,2065,2354,2257,1953,1636,1197,627,187,30,3677
2019,2019-01-01,23103,231037,愛知県,名古屋市北区,157918,5819,5749,5990,6354,7625,8732,9330,9384,10975,12499,10720,9653,9084,11245,10824,9449,7447,4521,1990,463,65,14486,77158,2943,2909,3048,3187,3788,4436,4923,4924,5763,6414,5516,4894,4478,5601,5085,4104,2953,1572,530,83,7,5145,80760,2876,2840,2942,3167,3837,4296,4407,4460,5212,6085,5204,4759,4606,5644,5739,5345,4494,2949,1460,380,58,9341
2019,2019-01-01,23104,231045,愛知県,名古屋市西区,142812,5855,5697,5600,6066,7490,8558,9252,9368,10865,12053,10436,8523,7210,8587,8284,7607,5997,3508,1462,339,55,11361,71211,3010,2888,2903,3113,3698,4441,4843,4922,5703,6350,5489,4428,3793,4284,3903,3245,2487,1253,399,53,6,4198,71601,2845,2809,2697,2953,3792,4117,4409,4446,5162,5703,4947,4095,3417,4303,4381,4362,3510,2255,1063,286,49,7163
2019,2019-01-01,23105,231053,愛知県,名古屋市中村区,128340,4633,4227,4067,4295,6994,9071,9109,8505,8894,9564,8342,7661,6879,8554,8513,7447,5977,3559,1568,420,61,11585,65098,2406,2154,2098,2168,3538,4745,4984,4633,4911,5140,4540,4037,3704,4395,4219,3332,2346,1242,430,69,7,4094,63242,2227,2073,1969,2127,3456,4326,4125,3872,3983,4424,3802,3624,3175,4159,4294,4115,3631,2317,1138,351,54,7491
2019,2019-01-01,23106,231061,愛知県,名古屋市中区,76838,2689,1868,1719,1842,5195,7786,7329,6380,5957,6071,5291,4371,3829,4301,3908,3150,2495,1662,757,203,35,5152,38905,1354,944,861,876,2579,4106,4007,3538,3238,3286,2874,2328,2001,2186,1826,1241,920,493,211,31,5,1660,37933,1335,924,858,966,2616,3680,3322,2842,2719,2785,2417,2043,1828,2115,2082,1909,1575,1169,546,172,30,3492
2019,2019-01-01,23107,231070,愛知県,名古屋市昭和区,99705,4405,4261,3965,4032,5556,5844,6464,6571,7216,7781,6825,6182,5481,6175,5757,4852,3841,2722,1326,391,58,8338,48748,2225,2271,1980,2127,2952,3006,3299,3349,3637,3869,3412,3108,2708,3076,2721,2121,1516,920,372,72,7,2887,50957,2180,1990,1985,1905,2604,2838,3165,3222,3579,3912,3413,3074,2773,3099,3036,2731,2325,1802,954,319,51,5451
2019,2019-01-01,23108,231088,愛知県,名古屋市瑞穂区,105175,4642,4519,4224,4335,5048,5734,6254,6826,7743,8232,7032,6605,5820,6876,6711,5511,4256,2950,1376,434,47,9063,50974,2364,2298,2182,2165,2400,2821,3147,3468,3911,4200,3528,3281,2932,3424,3237,2476,1697,972,388,79,4,3140,54201,2278,2221,2042,2170,2648,2913,3107,3358,3832,4032,3504,3324,2888,3452,3474,3035,2559,1978,988,355,43,5923
2019,2019-01-01,23109,231096,愛知県,名古屋市熱田区,62715,2379,2294,2161,2426,3222,3657,3976,3937,4515,5079,4192,4067,3822,4297,4009,3267,2637,1728,804,214,32,5415,31224,1214,1142,1095,1270,1605,1951,2152,2097,2365,2703,2164,2064,1923,2220,1923,1460,1027,575,224,47,3,1876,31491,1165,1152,1066,1156,1617,1706,1824,1840,2150,2376,2028,2003,1899,2077,2086,1807,1610,1153,580,167,29,3539
2019,2019-01-01,23110,231100,愛知県,名古屋市中川区,213363,8765,8761,9222,10118,11869,12897,13314,13393,15690,17567,14851,12679,10781,13353,12809,11555,8398,4813,1984,479,65,15739,106475,4465,4472,4728,5253,5851,6559,7010,7164,8248,9179,7693,6522,5551,6670,6085,5220,3426,1757,540,76,6,5805,106888,4300,4289,4494,4865,6018,6338,6304,6229,7442,8388,7158,6157,5230,6683,6724,6335,4972,3056,1444,403,59,9934
2019,2019-01-01,23111,231118,愛知県,名古屋市港区,136917,4647,5251,6238,6601,7266,6879,7220,7639,9433,11200,9551,8542,7989,10146,9449,8240,5638,3283,1327,333,45,10626,69109,2372,2748,3102,3448,3790,3639,3873,4107,5025,5984,5071,4414,4140,5135,4662,3774,2335,1121,314,47,8,3825,67808,2275,2503,3136,3153,3476,3240,3347,3532,4408,5216,4480,4128,3849,5011,4787,4466,3303,2162,1013,286,37,6801
2019,2019-01-01,23112,231126,愛知県,名古屋市南区,131278,4638,4837,4813,5367,6537,7135,7521,7633,8553,9786,8645,8129,8003,9713,9461,8139,6201,3937,1731,440,59,12368,67012,2350,2467,2440,2786,3376,3881,4158,4125,4685,5380,4556,4301,4252,5139,4757,3842,2631,1342,466,73,5,4517,64266,2288,2370,2373,2581,3161,3254,3363,3508,3868,4406,4089,3828,3751,4574,4704,4297,3570,2595,1265,367,54,7851
2019,2019-01-01,23113,231134,愛知県,名古屋市守山区,170846,8094,8736,8541,8369,8290,8229,9928,11213,13369,14626,11740,9440,8302,10288,10472,9040,6277,3800,1604,435,53,12169,84850,4166,4456,4357,4293,4328,4237,5104,5796,6888,7585,6058,4846,4165,4985,4921,4112,2678,1331,470,69,5,4553,85996,3928,4280,4184,4076,3962,3992,4824,5417,6481,7041,5682,4594,4137,5303,5551,4928,3599,2469,1134,366,48,7616
2019,2019-01-01,23114,231142,愛知県,名古屋市緑区,243472,12198,12700,12749,12550,12027,12071,14631,16696,19254,20590,17043,13747,12225,14374,13940,11689,7928,4535,1932,504,89,14988,120904,6408,6579,6594,6408,6041,5942,7417,8596,9858,10468,8718,7027,6111,6927,6610,5426,3401,1727,544,90,12,5774,122568,5790,6121,6155,6142,5986,6129,7214,8100,9396,10122,8325,6720,6114,7447,7330,6263,4527,2808,1388,414,77,9214
2019,2019-01-01,23115,231151,愛知県,名古屋市名東区,159235,7749,8293,7794,7843,8203,8118,9525,10895,12551,13894,11831,9694,7920,8976,8486,7020,5158,3374,1482,365,64,10443,77038,3962,4275,3999,4018,4090,4014,4717,5434,6236,6836,5897,4767,3828,4165,3937,3058,2089,1203,440,64,9,3805,82197,3787,4018,3795,3825,4113,4104,4808,5461,6315,7058,5934,4927,4092,4811,4549,3962,3069,2171,1042,301,55,6638
2019,2019-01-01,23116,231169,愛知県,名古屋市天白区,155123,7039,6865,6741,7440,8540,8712,9728,10139,11512,13147,11830,10103,8091,8866,8445,7627,5390,3214,1309,337,48,10298,77181,3641,3511,3450,3823,4371,4558,5109,5343,5907,6625,5985,5134,4152,4418,3900,3338,2278,1180,393,54,11,3916,77942,3398,3354,3291,3617,4169,4154,4619,4796,5605,6522,5845,4969,3939,4448,4545,4289,3112,2034,916,283,37,6382
2019,2019-01-01,23201,232017,愛知県,豊橋市,360084,14772,16703,17061,18434,19180,17396,19644,22078,26110,28357,24056,21734,20814,24975,23354,18692,13360,8327,3859,995,183,26724,180652,7500,8547,8754,9429,10372,9270,10378,11769,13695,15013,12456,11070,10527,12152,11217,8569,5625,3039,1072,182,16,9934,179432,7272,8156,8307,9005,8808,8126,9266,10309,12415,13344,11600,10664,10287,12823,12137,10123,7735,5288,2787,813,167,16790
2019,2019-01-01,23202,232025,愛知県,岡崎市,376121,17504,18983,18468,18858,19464,20511,23328,25211,28344,29506,24940,22361,21068,24677,22091,16911,11731,7612,3495,923,135,23896,191028,8918,9800,9589,9678,10255,11264,12497,13581,14970,15507,12987,11500,10713,12064,10779,8021,5064,2690,976,161,14,8905,185093,8586,9183,8879,9180,9209,9247,10831,11630,13374,13999,11953,10861,10355,12613,11312,8890,6667,4922,2519,762,121,14991
2019,2019-01-01,23203,232033,愛知県,一宮市,379507,15133,17314,18779,19800,19070,17312,19338,21630,28075,32102,27168,21985,20080,25326,25059,22507,15833,8553,3465,849,129,28829,185850,7772,8899,9603,10011,9495,8574,9911,11112,14329,16477,13691,11070,9901,12016,11559,10210,7011,3096,953,144,16,11220,193657,7361,8415,9176,9789,9575,8738,9427,10518,13746,15625,13477,10915,10179,13310,13500,12297,8822,5457,2512,705,113,17609
2019,2019-01-01,23204,232041,愛知県,瀬戸市,125782,4487,5413,5911,6069,5832,5124,5894,6967,9065,10227,8449,7637,7145,9302,9442,8302,5520,3265,1326,365,40,10516,61856,2317,2739,3027,3118,3037,2608,3067,3617,4703,5249,4323,3826,3578,4332,4424,3839,2459,1173,350,65,5,4052,63926,2170,2674,2884,2951,2795,2516,2827,3350,4362,4978,4126,3811,3567,4970,5018,4463,3061,2092,976,300,35,6464
2019,2019-01-01,23205,232050,愛知県,半田市,115863,4695,5177,5546,6197,6344,6315,6626,6769,8311,9432,8318,7308,6473,7358,6977,5812,4129,2596,1182,258,40,8205,58366,2413,2728,2877,3230,3419,3354,3542,3669,4313,4876,4222,3739,3278,3643,3325,2737,1739,929,293,37,3,3001,57497,2282,2449,2669,2967,2925,2961,3084,3100,3998,4556,4096,3569,3195,3715,3652,3075,2390,1667,889,221,37,5204
2019,2019-01-01,23206,232068,愛知県,春日井市,304613,13348,14395,14802,15895,15238,14753,17098,18754,23697,26388,20461,16360,14657,19799,20448,17830,11321,6029,2541,691,108,20690,151619,6825,7360,7552,8148,7753,7593,8917,9727,12213,13782,10689,8252,7260,9253,9521,8403,5197,2335,724,105,10,8371,152994,6523,7035,7250,7747,7485,7160,8181,9027,11484,12606,9772,8108,7397,10546,10927,9427,6124,3694,1817,586,98,12319
2019,2019-01-01,23207,232076,愛知県,豊川市,180258,7751,8596,8714,9273,9142,8907,10076,10765,13272,14427,11435,10370,10053,12320,12025,9666,6824,4075,1923,537,107,13466,90014,3904,4345,4483,4800,4828,4780,5309,5671,6980,7565,5974,5153,5039,5924,5719,4495,2883,1505,539,104,14,5045,90244,3847,4251,4231,4473,4314,4127,4767,5094,6292,6862,5461,5217,5014,6396,6306,5171,3941,2570,1384,433,93,8421
2019,2019-01-01,23208,232084,愛知県,津島市,61373,1833,2358,2865,3379,3350,2576,2519,3052,4429,5408,4465,3799,3435,4343,4481,3957,2706,1548,667,184,19,5124,30286,996,1228,1457,1728,1751,1334,1312,1603,2248,2798,2337,1905,1726,2044,2083,1755,1210,559,184,27,1,1981,31087,837,1130,1408,1651,1599,1242,1207,1449,2181,2610,2128,1894,1709,2299,2398,2202,1496,989,483,157,18,3143
2019,2019-01-01,23209,232092,愛知県,碧南市,68264,2882,3160,3529,3630,3734,3826,4099,4071,4694,5186,4589,4112,3903,4445,3816,3413,2542,1691,714,196,32,5175,34837,1489,1634,1868,1882,2072,2072,2228,2270,2537,2732,2429,2110,1986,2239,1880,1501,1096,578,188,43,3,1908,33427,1393,1526,1661,1748,1662,1754,1871,1801,2157,2454,2160,2002,1917,2206,1936,1912,1446,1113,526,153,29,3267
2019,2019-01-01,23210,232106,愛知県,刈谷市,146971,7338,7119,6847,7821,8926,10009,10483,10400,10955,11910,10161,8078,6842,8372,7783,6026,4121,2419,1055,272,34,7901,76977,3702,3623,3504,4172,4992,5831,5934,5794,5974,6289,5479,4355,3500,4122,3821,2831,1836,866,300,49,3,3054,69994,3636,3496,3343,3649,3934,4178,4549,4606,4981,5621,4682,3723,3342,4250,3962,3195,2285,1553,755,223,31,4847
2019,2019-01-01,23211,232114,愛知県,豊田市,408496,16942,19044,20058,21839,24515,24409,24832,26786,29513,32397,26772,23060,22142,26302,26102,19751,12187,7174,3529,985,157,24032,213719,8696,9724,10306,11641,14317,14547,13961,14830,15796,17209,14376,12114,11209,12780,12890,9736,5606,2736,1030,192,23,9587,194777,8246,9320,9752,10198,10198,9862,10871,11956,13717,15188,12396,10946,10933,13522,13212,10015,6581,4438,2499,793,134,14445
2019,2019-01-01,23212,232122,愛知県,安城市,181984,8832,9229,9440,10158,10172,10506,11258,12154,13952,15223,12939,10350,8949,10615,9941,7778,5390,3253,1447,346,52,10488,93411,4576,4770,4868,5332,5481,5874,6112,6506,7377,7901,6934,5480,4610,5139,4834,3605,2328,1190,422,64,8,4012,88573,4256,4459,4572,4826,4691,4632,5146,5648,6575,7322,6005,4870,4339,5476,5107,4173,3062,2063,1025,282,44,6476
2019,2019-01-01,23213,232131,愛知県,西尾市,162862,6964,7994,8074,8315,8415,7975,9131,9979,11653,12294,10405,9637,9507,11484,10546,8095,6067,4014,1821,437,55,12394,82118,3597,4026,4131,4271,4517,4342,4971,5330,6119,6575,5384,4918,4759,5678,5233,3716,2521,1431,518,76,5,4551,80744,3367,3968,3943,4044,3898,3633,4160,4649,5534,5719,5021,4719,4748,5806,5313,4379,3546,2583,1303,361,50,7843
2019,2019-01-01,23214,232149,愛知県,蒲郡市,77498,2750,3160,3395,3651,3746,3618,3978,4226,4988,5797,5190,4985,4675,5496,5639,4770,3744,2406,977,276,31,7434,38407,1465,1612,1786,1891,1949,1909,2120,2250,2613,3084,2661,2509,2371,2679,2640,2119,1552,879,258,58,2,2749,39091,1285,1548,1609,1760,1797,1709,1858,1976,2375,2713,2529,2476,2304,2817,2999,2651,2192,1527,719,218,29,4685
2019,2019-01-01,23215,232157,愛知県,犬山市,71792,2412,3152,3558,3671,3428,2983,3309,3967,5482,6007,4924,3945,3777,5082,5447,4768,3132,1731,801,192,24,5880,35575,1228,1563,1814,1898,1822,1583,1749,2029,2843,3126,2602,2027,1799,2305,2548,2271,1399,666,265,35,3,2368,36217,1184,1589,1744,1773,1606,1400,1560,1938,2639,2881,2322,1918,1978,2777,2899,2497,1733,1065,536,157,21,3512
2019,2019-01-01,23216,232165,愛知県,常滑市,57723,2677,3077,2874,2661,3031,2840,3530,3856,4400,4077,3504,3149,3077,3576,3515,3130,2343,1462,706,210,28,4749,28560,1394,1554,1414,1377,1508,1456,1787,2032,2309,2169,1813,1604,1583,1712,1689,1455,987,498,179,35,5,1704,29163,1283,1523,1460,1284,1523,1384,1743,1824,2091,1908,1691,1545,1494,1864,1826,1675,1356,964,527,175,23,3045
2019,2019-01-01,23217,232173,愛知県,江南市,98810,3723,4419,4786,5203,4826,4387,4925,5425,7270,8350,7103,5786,5255,6783,6840,6143,4154,2244,930,216,42,7586,48566,1887,2266,2452,2679,2508,2212,2519,2776,3701,4220,3678,2930,2519,3212,3232,2789,1841,832,272,37,4,2986,50244,1836,2153,2334,2524,2318,2175,2406,2649,3569,4130,3425,2856,2736,3571,3608,3354,2313,1412,658,179,38,4600
2019,2019-01-01,23219,232190,愛知県,小牧市,143789,5616,6598,7021,7484,7830,7347,7814,8618,10978,12256,9860,8060,7654,9705,9732,8133,5077,2630,1061,272,43,9083,73143,2864,3375,3568,3880,4203,4033,4318,4607,5754,6497,5248,4135,3862,4608,4707,3816,2325,995,299,46,3,3668,70646,2752,3223,3453,3604,3627,3314,3496,4011,5224,5759,4612,3925,3792,5097,5025,4317,2752,1635,762,226,40,5415
2019,2019-01-01,23220,232203,愛知県,稲沢市,133967,5494,5962,6125,6746,6623,6250,6954,8001,9777,10867,9127,7809,7579,9559,9230,7816,5295,3063,1303,341,46,10048,66357,2754,3097,3176,3460,3379,3346,3589,4046,5057,5542,4700,3836,3726,4598,4395,3690,2354,1151,394,61,6,3966,67610,2740,2865,2949,3286,3244,2904,3365,3955,4720,5325,4427,3973,3853,4961,4835,4126,2941,1912,909,280,40,6082
2019,2019-01-01,23221,232211,愛知県,新城市,45827,1384,1751,1916,2163,1906,1632,2032,2427,2767,2804,2610,2930,3393,4150,3580,2799,2413,1868,981,279,42,5583,22651,723,913,981,1134,970,865,1125,1292,1494,1473,1297,1455,1672,2081,1789,1327,980,720,296,58,6,2060,23176,661,838,935,1029,936,767,907,1135,1273,1331,1313,1475,1721,2069,1791,1472,1433,1148,685,221,36,3523
2019,2019-01-01,23222,232220,愛知県,東海市,113000,5601,5896,5736,6146,6666,7053,7267,7677,8762,8960,7014,5687,5473,6384,6132,5534,3804,2116,872,186,34,7012,59123,2859,3069,2993,3353,3975,4169,4024,4145,4676,4838,3757,2951,2841,3219,2887,2579,1681,792,276,34,5,2788,53877,2742,2827,2743,2793,2691,2884,3243,3532,4086,4122,3257,2736,2632,3165,3245,2955,2123,1324,596,152,29,4224
2019,2019-01-01,23223,232238,愛知県,大府市,89644,4816,4812,4661,4669,4519,5257,5943,6373,7367,7603,5722,4412,3982,5056,5023,4251,2760,1491,672,216,39,5178,45704,2427,2459,2340,2437,2480,3012,3179,3397,3809,3908,3002,2317,1991,2479,2347,2046,1254,567,200,47,6,2074,43940,2389,2353,2321,2232,2039,2245,2764,2976,3558,3695,2720,2095,1991,2577,2676,2205,1506,924,472,169,33,3104
2019,2019-01-01,23224,232246,愛知県,知多市,83431,3261,3789,4139,4274,4098,3816,4327,4825,6217,6836,5306,4640,4848,6125,5928,5127,3197,1726,757,173,22,5875,42076,1691,1989,2130,2190,2146,1997,2302,2565,3254,3596,2799,2370,2396,2956,2778,2548,1478,626,229,31,5,2369,41355,1570,1800,2009,2084,1952,1819,2025,2260,2963,3240,2507,2270,2452,3169,3150,2579,1719,1100,528,142,17,3506
2019,2019-01-01,23225,232254,愛知県,知立市,67351,3096,3128,3155,3470,3785,4577,4685,4570,4960,5763,4814,3946,3275,3705,3494,2901,2140,1224,492,153,18,4027,35671,1633,1663,1672,1841,2072,2678,2673,2573,2771,3100,2646,2115,1716,1908,1658,1325,979,475,148,24,1,1627,31680,1463,1465,1483,1629,1713,1899,2012,1997,2189,2663,2168,1831,1559,1797,1836,1576,1161,749,344,129,17,2400
2019,2019-01-01,23226,232262,愛知県,尾張旭市,82171,3395,3927,4205,4365,3983,3658,4200,4966,6420,7094,5737,4794,4269,5418,5369,4642,2999,1767,735,195,33,5729,40281,1741,1987,2127,2247,2004,1845,2142,2471,3232,3642,2908,2367,2079,2516,2522,2169,1346,691,212,31,2,2282,41890,1654,1940,2078,2118,1979,1813,2058,2495,3188,3452,2829,2427,2190,2902,2847,2473,1653,1076,523,164,31,3447
2019,2019-01-01,23227,232271,愛知県,高浜市,45009,2133,2410,2495,2534,2553,2692,2917,3139,3382,3698,3107,2669,2186,2416,2053,1827,1473,870,357,79,19,2798,23401,1090,1249,1265,1341,1440,1538,1632,1710,1819,1955,1705,1436,1137,1249,996,817,598,315,90,19,0,1022,21608,1043,1161,1230,1193,1113,1154,1285,1429,1563,1743,1402,1233,1049,1167,1057,1010,875,555,267,60,19,1776
2019,2019-01-01,23228,232289,愛知県,岩倉市,45618,2043,1847,1964,2130,2104,2470,2867,2811,3345,3933,3226,2606,2323,3087,2998,2707,1747,930,357,107,16,3157,22785,1036,951,1005,1079,1048,1263,1491,1522,1703,2075,1664,1345,1174,1508,1394,1248,771,367,119,22,0,1279,22833,1007,896,959,1051,1056,1207,1376,1289,1642,1858,1562,1261,1149,1579,1604,1459,976,563,238,85,16,1878
2019,2019-01-01,23229,232297,愛知県,豊明市,65892,2625,2825,2930,3407,3474,3441,3682,3954,4780,5481,4561,3744,3405,4410,4503,3969,2594,1390,564,131,22,4701,33353,1361,1500,1536,1738,1797,1828,2008,2113,2525,2863,2356,1969,1709,2106,2126,1876,1178,581,158,22,3,1942,32539,1264,1325,1394,1669,1677,1613,1674,1841,2255,2618,2205,1775,1696,2304,2377,2093,1416,809,406,109,19,2759
2019,2019-01-01,23230,232301,愛知県,日進市,89184,5077,5080,4835,4737,4645,4574,5640,6471,7343,7652,6419,4799,3960,4430,4586,4015,2596,1503,641,161,20,4921,44336,2629,2517,2494,2389,2365,2375,2852,3346,3709,3849,3327,2414,2009,2064,2105,1899,1229,559,172,30,3,1993,44848,2448,2563,2341,2348,2280,2199,2788,3125,3634,3803,3092,2385,1951,2366,2481,2116,1367,944,469,131,17,2928
2019,2019-01-01,23231,232319,愛知県,田原市,60924,2391,2730,2773,3068,3163,2932,3342,3633,4010,4107,3861,3962,4072,4529,3813,3055,2348,1847,984,257,47,5483,31183,1229,1413,1454,1667,1805,1677,1848,1984,2178,2189,2015,2032,2130,2306,1900,1412,965,631,302,39,7,1944,29741,1162,1317,1319,1401,1358,1255,1494,1649,1832,1918,1846,1930,1942,2223,1913,1643,1383,1216,682,218,40,3539
2019,2019-01-01,23232,232327,愛知県,愛西市,62433,1905,2476,2861,3506,3196,2419,2528,3059,4296,5273,4294,3686,3522,4620,4990,4365,2856,1629,730,199,23,5437,30590,941,1278,1457,1833,1618,1203,1282,1592,2183,2683,2196,1857,1699,2208,2383,2052,1291,596,208,27,3,2125,31843,964,1198,1404,1673,1578,1216,1246,1467,2113,2590,2098,1829,1823,2412,2607,2313,1565,1033,522,172,20,3312
2019,2019-01-01,23233,232335,愛知県,清須市,67370,3558,3292,3143,3001,3095,4027,4743,4619,5543,5268,4320,3485,3361,4166,3861,3351,2404,1401,576,135,21,4537,33746,1818,1680,1551,1481,1592,2104,2496,2422,2947,2718,2295,1810,1675,2058,1850,1509,1035,505,176,23,1,1740,33624,1740,1612,1592,1520,1503,1923,2247,2197,2596,2550,2025,1675,1686,2108,2011,1842,1369,896,400,112,20,2797
2019,2019-01-01,23234,232343,愛知県,北名古屋市,84290,4189,4167,4166,4180,4129,4518,5245,5598,6908,7420,5638,4012,3685,4837,5490,4970,3013,1454,521,135,15,5138,42250,2134,2130,2118,2179,2030,2346,2752,2958,3588,3914,2990,2107,1856,2215,2502,2284,1430,555,145,17,0,2147,42040,2055,2037,2048,2001,2099,2172,2493,2640,3320,3506,2648,1905,1829,2622,2988,2686,1583,899,376,118,15,2991
2019,2019-01-01,23235,232351,愛知県,弥富市,42637,1644,1860,2021,2204,2258,2173,2260,2662,3192,3547,2784,2497,2219,2847,2823,2445,1664,995,431,98,13,3201,21242,838,958,1038,1147,1121,1137,1214,1390,1664,1865,1431,1257,1123,1319,1347,1126,746,371,135,13,2,1267,21395,806,902,983,1057,1137,1036,1046,1272,1528,1682,1353,1240,1096,1528,1476,1319,918,624,296,85,11,1934
2019,2019-01-01,23236,232360,愛知県,みよし市,59168,2924,3014,3420,3980,3556,3300,3584,3868,4427,5709,4570,3483,2622,2842,2981,2410,1370,763,272,63,10,2478,30462,1510,1584,1803,1970,1927,1796,1914,2106,2280,2842,2443,1876,1385,1417,1391,1179,651,300,77,9,2,1039,28706,1414,1430,1617,2010,1629,1504,1670,1762,2147,2867,2127,1607,1237,1425,1590,1231,719,463,195,54,8,1439
2019,2019-01-01,23237,232378,愛知県,あま市,86750,3573,4049,4299,4600,4232,3894,4549,5229,6829,7800,5920,4584,4105,5656,6182,5407,3430,1601,643,151,17,5842,43255,1870,2061,2162,2312,2210,1991,2317,2722,3585,4132,3125,2354,2027,2572,2826,2573,1554,673,163,24,2,2416,43495,1703,1988,2137,2288,2022,1903,2232,2507,3244,3668,2795,2230,2078,3084,3356,2834,1876,928,480,127,15,3426
2019,2019-01-01,23238,232386,愛知県,長久手市,57372,3612,3789,3290,3027,3021,3024,3987,4669,5276,4997,3918,2868,2419,2695,2415,1964,1256,715,338,78,14,2401,28411,1751,1946,1659,1548,1510,1524,1996,2364,2652,2487,2027,1477,1172,1300,1138,913,577,268,90,12,0,947,28961,1861,1843,1631,1479,1511,1500,1991,2305,2624,2510,1891,1391,1247,1395,1277,1051,679,447,248,66,14,1454
2019,2019-01-01,23300,233005,愛知県,愛知郡,42552,2007,2304,2436,2576,2179,1901,2341,2794,3410,3913,2976,2140,1889,2498,2651,2156,1293,688,300,87,13,2381,21399,1045,1139,1251,1326,1159,978,1213,1483,1756,2016,1594,1111,924,1162,1221,1068,589,273,76,14,1,953,21153,962,1165,1185,1250,1020,923,1128,1311,1654,1897,1382,1029,965,1336,1430,1088,704,415,224,73,12,1428
2019,2019-01-01,23302,233021,愛知県,愛知郡東郷町,42552,2007,2304,2436,2576,2179,1901,2341,2794,3410,3913,2976,2140,1889,2498,2651,2156,1293,688,300,87,13,2381,21399,1045,1139,1251,1326,1159,978,1213,1483,1756,2016,1594,1111,924,1162,1221,1068,589,273,76,14,1,953,21153,962,1165,1185,1250,1020,923,1128,1311,1654,1897,1382,1029,965,1336,1430,1088,704,415,224,73,12,1428
2019,2019-01-01,23340,233404,愛知県,西春日井郡,15281,756,860,851,691,765,861,992,1124,1259,1288,1000,710,663,883,941,847,467,222,77,21,3,790,7870,405,441,444,329,396,466,539,598,700,704,558,370,345,411,453,394,201,88,22,5,1,317,7411,351,419,407,362,369,395,453,526,559,584,442,340,318,472,488,453,266,134,55,16,2,473
2019,2019-01-01,23342,233421,愛知県,西春日井郡豊山町,15281,756,860,851,691,765,861,992,1124,1259,1288,1000,710,663,883,941,847,467,222,77,21,3,790,7870,405,441,444,329,396,466,539,598,700,704,558,370,345,411,453,394,201,88,22,5,1,317,7411,351,419,407,362,369,395,453,526,559,584,442,340,318,472,488,453,266,134,55,16,2,473
2019,2019-01-01,23360,233609,愛知県,丹羽郡,57824,2728,2830,2843,3049,2945,2915,3326,3752,4426,4849,3904,2989,2702,3529,3659,3312,2202,1219,498,132,15,4066,29024,1414,1456,1434,1529,1608,1602,1804,1971,2288,2487,2026,1522,1304,1646,1679,1594,1019,471,150,18,2,1660,28800,1314,1374,1409,1520,1337,1313,1522,1781,2138,2362,1878,1467,1398,1883,1980,1718,1183,748,348,114,13,2406
2019,2019-01-01,23361,233617,愛知県,丹羽郡大口町,23525,1277,1167,1228,1263,1315,1310,1441,1602,1767,1939,1556,1184,1075,1369,1384,1263,760,426,154,42,3,1385,11986,676,616,617,649,727,766,797,835,941,971,798,600,532,642,649,611,353,154,47,5,0,559,11539,601,551,611,614,588,544,644,767,826,968,758,584,543,727,735,652,407,272,107,37,3,826
2019,2019-01-01,23362,233625,愛知県,丹羽郡扶桑町,34299,1451,1663,1615,1786,1630,1605,1885,2150,2659,2910,2348,1805,1627,2160,2275,2049,1442,793,344,90,12,2681,17038,738,840,817,880,881,836,1007,1136,1347,1516,1228,922,772,1004,1030,983,666,317,103,13,2,1101,17261,713,823,798,906,749,769,878,1014,1312,1394,1120,883,855,1156,1245,1066,776,476,241,77,10,1580
2019,2019-01-01,23420,234206,愛知県,海部郡,72582,3287,3578,3559,3536,3776,3564,4226,4516,5880,6334,5118,4097,3730,4483,4588,3757,2489,1338,556,153,17,4553,36323,1697,1834,1785,1784,1899,1784,2171,2358,3088,3364,2675,2138,1922,2135,2174,1756,1110,469,147,31,2,1759,36259,1590,1744,1774,1752,1877,1780,2055,2158,2792,2970,2443,1959,1808,2348,2414,2001,1379,869,409,122,15,2794
2019,2019-01-01,23424,234249,愛知県,海部郡大治町,31930,1670,1755,1717,1729,1707,1557,1889,2095,2778,2990,2258,1654,1404,1715,1867,1535,951,446,155,51,7,1610,16196,865,887,845,864,859,774,961,1098,1474,1616,1233,892,740,798,893,741,439,168,36,12,1,656,15734,805,868,872,865,848,783,928,997,1304,1374,1025,762,664,917,974,794,512,278,119,39,6,954
2019,2019-01-01,23425,234257,愛知県,海部郡蟹江町,36239,1419,1585,1608,1622,1918,1839,2099,2168,2781,3032,2647,2178,2027,2412,2396,1996,1347,752,328,78,7,2512,17966,731,818,816,835,962,924,1085,1133,1446,1573,1339,1128,1024,1165,1120,912,599,254,87,14,1,955,18273,688,767,792,787,956,915,1014,1035,1335,1459,1308,1050,1003,1247,1276,1084,748,498,241,64,6,1557
2019,2019-01-01,23427,234273,愛知県,海部郡飛島村,4413,198,238,234,185,151,168,238,253,321,312,213,265,299,356,325,226,191,140,73,24,3,431,2161,101,129,124,85,78,86,125,127,168,175,103,118,158,172,161,103,72,47,24,5,0,148,2252,97,109,110,100,73,82,113,126,153,137,110,147,141,184,164,123,119,93,49,19,3,283
2019,2019-01-01,23440,234401,愛知県,知多郡,158765,6525,7526,7497,8099,7985,7309,8572,9274,11066,12216,10413,9459,8880,11317,11011,9242,6369,3801,1685,452,67,12374,79306,3316,3840,3888,4164,4175,3913,4490,4896,5835,6299,5466,4794,4436,5382,5323,4369,2765,1434,442,69,10,4720,79459,3209,3686,3609,3935,3810,3396,4082,4378,5231,5917,4947,4665,4444,5935,5688,4873,3604,2367,1243,383,57,7654
2019,2019-01-01,23441,234419,愛知県,知多郡阿久比町,28390,1633,1858,1346,1246,1142,1163,1860,2082,2169,2068,1580,1454,1498,1863,1860,1564,1026,622,270,74,12,2004,14080,848,932,711,602,585,607,937,1067,1151,1063,846,695,762,866,876,757,444,243,72,15,1,775,14310,785,926,635,644,557,556,923,1015,1018,1005,734,759,736,997,984,807,582,379,198,59,11,1229
2019,2019-01-01,23442,234427,愛知県,知多郡東浦町,48589,1991,2269,2370,2610,2665,2371,2666,2887,3476,4030,3273,2856,2510,3277,3140,2767,1802,1051,449,111,18,3431,24442,1013,1160,1198,1362,1374,1269,1414,1540,1815,2085,1717,1489,1245,1515,1558,1305,824,413,127,14,5,1383,24147,978,1109,1172,1248,1291,1102,1252,1347,1661,1945,1556,1367,1265,1762,1582,1462,978,638,322,97,13,2048
2019,2019-01-01,23445,234451,愛知県,知多郡南知多町,17488,439,557,627,716,716,608,721,763,919,1051,1124,1319,1340,1639,1451,1236,1080,753,328,92,9,2262,8539,211,269,334,371,370,307,377,418,481,568,576,681,684,821,711,556,430,276,82,16,0,804,8949,228,288,293,345,346,301,344,345,438,483,548,638,656,818,740,680,650,477,246,76,9,1458
2019,2019-01-01,23446,234460,愛知県,知多郡美浜町,21812,634,802,946,1188,1214,960,915,1056,1354,1548,1581,1490,1441,1739,1655,1285,1015,598,309,72,10,2004,10809,320,452,510,638,629,501,481,541,697,777,804,745,706,841,825,593,432,229,76,10,2,749,11003,314,350,436,550,585,459,434,515,657,771,777,745,735,898,830,692,583,369,233,62,8,1255
2019,2019-01-01,23447,234478,愛知県,知多郡武豊町,42486,1828,2040,2208,2339,2248,2207,2410,2486,3148,3519,2855,2340,2091,2799,2905,2390,1446,777,329,103,18,2673,21436,924,1027,1135,1191,1217,1229,1281,1330,1691,1806,1523,1184,1039,1339,1353,1158,635,273,85,14,2,1009,21050,904,1013,1073,1148,1031,978,1129,1156,1457,1713,1332,1156,1052,1460,1552,1232,811,504,244,89,16,1664
2019,2019-01-01,23500,235008,愛知県,額田郡,40748,2262,2436,2257,2108,2010,2244,2687,3006,3237,3205,2435,2098,1973,2508,2243,1674,1137,748,364,100,16,2365,20657,1172,1260,1130,1151,1003,1167,1422,1616,1691,1659,1308,1072,975,1211,1146,810,464,262,117,18,3,864,20091,1090,1176,1127,957,1007,1077,1265,1390,1546,1546,1127,1026,998,1297,1097,864,673,486,247,82,13,1501
2019,2019-01-01,23501,235016,愛知県,額田郡幸田町,40748,2262,2436,2257,2108,2010,2244,2687,3006,3237,3205,2435,2098,1973,2508,2243,1674,1137,748,364,100,16,2365,20657,1172,1260,1130,1151,1003,1167,1422,1616,1691,1659,1308,1072,975,1211,1146,810,464,262,117,18,3,864,20091,1090,1176,1127,957,1007,1077,1265,1390,1546,1546,1127,1026,998,1297,1097,864,673,486,247,82,13,1501
2019,2019-01-01,23560,235601,愛知県,北設楽郡,9103,184,257,260,322,266,221,280,318,372,408,435,570,715,937,772,755,805,683,398,118,27,2031,4375,102,137,138,159,141,129,146,176,202,216,230,294,375,488,391,325,319,258,120,25,4,726,4728,82,120,122,163,125,92,134,142,170,192,205,276,340,449,381,430,486,425,278,93,23,1305
2019,2019-01-01,23561,235610,愛知県,北設楽郡設楽町,4805,89,137,127,173,141,120,148,172,188,226,235,302,373,496,403,405,437,357,193,67,16,1070,2325,48,66,70,77,76,67,79,99,111,120,123,156,195,243,217,174,185,138,62,15,4,404,2480,41,71,57,96,65,53,69,73,77,106,112,146,178,253,186,231,252,219,131,52,12,666
2019,2019-01-01,23562,235628,愛知県,北設楽郡東栄町,3190,72,96,89,104,90,79,99,107,142,122,158,199,243,331,274,273,273,232,156,43,8,712,1514,41,59,47,54,45,50,47,59,70,65,84,98,127,180,133,113,104,84,45,9,0,242,1676,31,37,42,50,45,29,52,48,72,57,74,101,116,151,141,160,169,148,111,34,8,470
2019,2019-01-01,23563,235636,愛知県,北設楽郡豊根村,1108,23,24,44,45,35,22,33,39,42,60,42,69,99,110,95,77,95,94,49,8,3,249,536,13,12,21,28,20,12,20,18,21,31,23,40,53,65,41,38,30,36,13,1,0,80,572,10,12,23,17,15,10,13,21,21,29,19,29,46,45,54,39,65,58,36,7,3,169
2019,2019-01-01,24000,240001,三重県,,1773994,65714,75423,79960,86115,83340,79888,90135,99487,121986,133920,115894,109710,108538,131239,123104,103393,79213,53847,25393,6677,1018,166148,867192,33691,38656,40713,44228,43284,41937,46976,51603,62619,68615,58414,54330,53264,63095,58297,46845,33001,19343,7087,1068,126,60625,906802,32023,36767,39247,41887,40056,37951,43159,47884,59367,65305,57480,55380,55274,68144,64807,56548,46212,34504,18306,5609,892,105523
2019,2019-01-01,24201,242012,三重県,津市,271164,10260,11572,12243,12653,13076,12151,13644,15078,18642,20347,17534,16885,16572,19482,18714,15701,12630,8766,4020,1025,169,26610,131613,5362,5881,6263,6523,6747,6276,6984,7681,9480,10337,8773,8305,8178,9309,8692,7042,5213,3242,1142,159,24,9780,139551,4898,5691,5980,6130,6329,5875,6660,7397,9162,10010,8761,8580,8394,10173,10022,8659,7417,5524,2878,866,145,16830
2019,2019-01-01,24202,242021,三重県,四日市市,302567,11955,13115,13739,15023,15545,16132,16693,18117,22330,24983,21118,18348,16558,19883,19556,16506,11784,7217,3085,760,120,22966,151433,6076,6705,7063,7678,8279,8796,9035,9657,11750,13151,10926,9299,8229,9504,9174,7467,5106,2541,866,114,17,8644,151134,5879,6410,6676,7345,7266,7336,7658,8460,10580,11832,10192,9049,8329,10379,10382,9039,6678,4676,2219,646,103,14322
2019,2019-01-01,24203,242039,三重県,伊勢市,125638,4443,5095,5443,6047,5630,5312,6158,6710,8097,9119,8267,8087,8081,9623,8611,7721,6307,4409,1889,510,79,13194,59522,2276,2626,2762,3040,2903,2689,3070,3320,4040,4470,3889,3858,3882,4565,4032,3367,2534,1577,544,68,10,4733,66116,2167,2469,2681,3007,2727,2623,3088,3390,4057,4649,4378,4229,4199,5058,4579,4354,3773,2832,1345,442,69,8461
2019,2019-01-01,24204,242047,三重県,松阪市,160249,6000,6975,7245,7565,7045,7123,8227,8814,11047,11983,10330,10125,10165,11909,10816,8975,7314,5343,2531,609,108,15905,77558,3148,3617,3766,3901,3502,3660,4218,4496,5556,6040,5065,4919,5017,5739,5064,4065,3001,1956,700,114,14,5785,82691,2852,3358,3479,3664,3543,3463,4009,4318,5491,5943,5265,5206,5148,6170,5752,4910,4313,3387,1831,495,94,10120
2019,2019-01-01,24205,242055,三重県,桑名市,138370,5556,6470,6627,7100,6995,6363,7367,8367,10116,11105,9435,8400,7899,9666,9034,7359,5254,3277,1499,431,50,10511,68193,2901,3255,3341,3644,3597,3251,3853,4312,5182,5632,4921,4142,3817,4692,4326,3400,2255,1147,441,79,5,3927,70177,2655,3215,3286,3456,3398,3112,3514,4055,4934,5473,4514,4258,4082,4974,4708,3959,2999,2130,1058,352,45,6584
2019,2019-01-01,24207,242071,三重県,鈴鹿市,192179,7668,8588,9418,10368,9960,9524,10503,11213,14240,16372,13448,11630,10643,12932,12431,9957,6611,4261,1858,487,67,13284,95917,3884,4394,4737,5265,5182,5086,5559,5953,7276,8407,6959,6011,5302,6100,6032,4719,2822,1602,518,105,4,5051,96262,3784,4194,4681,5103,4778,4438,4944,5260,6964,7965,6489,5619,5341,6832,6399,5238,3789,2659,1340,382,63,8233
2019,2019-01-01,24208,242080,三重県,名張市,78033,2331,3349,3418,3571,3337,3272,3823,4543,5272,5320,4487,4798,5381,6783,6509,5053,3237,2068,1097,339,45,6786,37695,1163,1710,1716,1839,1702,1677,1922,2326,2634,2677,2156,2223,2544,3283,3174,2360,1427,789,311,60,2,2589,40338,1168,1639,1702,1732,1635,1595,1901,2217,2638,2643,2331,2575,2837,3500,3335,2693,1810,1279,786,279,43,4197
2019,2019-01-01,24209,242098,三重県,尾鷲市,17760,407,526,632,676,634,514,630,683,856,1103,1018,1173,1263,1635,1662,1687,1241,898,418,85,19,2661,8264,186,264,325,344,328,287,326,362,426,556,496,571,609,782,731,724,503,314,113,14,3,947,9496,221,262,307,332,306,227,304,321,430,547,522,602,654,853,931,963,738,584,305,71,16,1714
2019,2019-01-01,24210,242101,三重県,亀山市,47699,2100,2413,2309,2279,1950,2162,2800,3061,3518,3589,2827,2733,2938,3383,3156,2391,1819,1365,702,172,32,4090,23887,1136,1222,1159,1156,1026,1174,1477,1578,1906,1985,1470,1354,1426,1668,1556,1159,744,484,178,21,8,1435,23812,964,1191,1150,1123,924,988,1323,1483,1612,1604,1357,1379,1512,1715,1600,1232,1075,881,524,151,24,2655
2019,2019-01-01,24211,242110,三重県,鳥羽市,18607,503,567,690,838,803,601,751,835,966,1058,1174,1374,1521,1743,1456,1269,1101,822,418,97,20,2458,8797,268,311,372,429,403,313,394,420,484,514,563,689,737,856,693,524,410,279,121,15,2,827,9810,235,256,318,409,400,288,357,415,482,544,611,685,784,887,763,745,691,543,297,82,18,1631
2019,2019-01-01,24212,242128,三重県,熊野市,16985,470,580,589,683,493,478,586,676,908,940,946,1133,1222,1568,1473,1389,1254,926,489,160,22,2851,7818,229,278,308,333,263,234,294,318,462,479,462,575,592,774,687,574,471,330,134,21,0,956,9167,241,302,281,350,230,244,292,358,446,461,484,558,630,794,786,815,783,596,355,139,22,1895
2019,2019-01-01,24214,242144,三重県,いなべ市,43718,1652,1856,1981,2319,2342,2228,2338,2512,2985,3122,2847,2657,2683,3253,2806,2352,1749,1188,629,190,29,3785,22048,834,983,1008,1224,1309,1181,1281,1396,1650,1622,1455,1389,1339,1570,1354,1112,706,424,177,29,5,1341,21670,818,873,973,1095,1033,1047,1057,1116,1335,1500,1392,1268,1344,1683,1452,1240,1043,764,452,161,24,2444
2019,2019-01-01,24215,242152,三重県,志摩市,49904,1226,1490,1759,2084,1948,1539,1816,2064,2765,3293,3428,3538,3657,4435,4243,3690,3308,2233,1081,268,39,6929,23363,608,754,908,1045,958,776,927,1046,1381,1647,1652,1733,1775,2114,1989,1595,1346,767,299,38,5,2455,26541,618,736,851,1039,990,763,889,1018,1384,1646,1776,1805,1882,2321,2254,2095,1962,1466,782,230,34,4474
2019,2019-01-01,24216,242161,三重県,伊賀市,86861,2810,3323,3634,3971,3996,3786,4243,4541,5404,5592,5053,5243,5869,7290,6375,5512,4545,3366,1774,459,75,10219,42173,1392,1710,1846,2121,2139,2061,2252,2405,2806,2890,2516,2541,2909,3588,3090,2431,1828,1125,452,63,8,3476,44688,1418,1613,1788,1850,1857,1725,1991,2136,2598,2702,2537,2702,2960,3702,3285,3081,2717,2241,1322,396,67,6743
2019,2019-01-01,24300,243001,三重県,桑名郡,5907,130,201,262,283,260,248,211,328,404,437,377,418,381,561,508,419,255,145,59,17,3,479,2955,63,93,140,152,136,133,112,176,198,245,201,208,187,264,242,210,118,53,20,4,0,195,2952,67,108,122,131,124,115,99,152,206,192,176,210,194,297,266,209,137,92,39,13,3,284
2019,2019-01-01,24303,243035,三重県,桑名郡木曽岬町,5907,130,201,262,283,260,248,211,328,404,437,377,418,381,561,508,419,255,145,59,17,3,479,2955,63,93,140,152,136,133,112,176,198,245,201,208,187,264,242,210,118,53,20,4,0,195,2952,67,108,122,131,124,115,99,152,206,192,176,210,194,297,266,209,137,92,39,13,3,284
2019,2019-01-01,24320,243205,三重県,員弁郡,25093,1058,1195,1158,1200,1041,1061,1435,1554,1728,1620,1364,1440,1808,2374,2057,1380,783,532,239,59,7,1620,12340,545,630,546,622,553,515,720,841,890,829,674,652,849,1114,1024,743,345,174,63,11,0,593,12753,513,565,612,578,488,546,715,713,838,791,690,788,959,1260,1033,637,438,358,176,48,7,1027
2019,2019-01-01,24324,243248,三重県,員弁郡東員町,25093,1058,1195,1158,1200,1041,1061,1435,1554,1728,1620,1364,1440,1808,2374,2057,1380,783,532,239,59,7,1620,12340,545,630,546,622,553,515,720,841,890,829,674,652,849,1114,1024,743,345,174,63,11,0,593,12753,513,565,612,578,488,546,715,713,838,791,690,788,959,1260,1033,637,438,358,176,48,7,1027
2019,2019-01-01,24340,243400,三重県,三重郡,66149,3100,3522,3566,3574,3451,3229,3635,4296,5310,5667,4495,3545,3209,3858,3790,3269,2389,1383,674,166,21,4633,32864,1593,1771,1804,1846,1813,1659,1837,2189,2743,2990,2347,1809,1599,1841,1786,1535,1032,472,175,21,2,1702,33285,1507,1751,1762,1728,1638,1570,1798,2107,2567,2677,2148,1736,1610,2017,2004,1734,1357,911,499,145,19,2931
2019,2019-01-01,24341,243418,三重県,三重郡菰野町,40912,1794,2036,1977,2157,2136,1878,2138,2443,2907,3386,2859,2318,2245,2657,2623,2203,1576,962,491,113,13,3155,20139,934,1012,983,1093,1120,982,1057,1258,1485,1769,1454,1171,1122,1266,1225,1058,690,323,122,14,1,1150,20773,860,1024,994,1064,1016,896,1081,1185,1422,1617,1405,1147,1123,1391,1398,1145,886,639,369,99,12,2005
2019,2019-01-01,24343,243434,三重県,三重郡朝日町,10678,530,729,879,648,410,443,553,844,1182,1015,607,428,362,463,509,453,345,174,83,19,2,623,5299,255,367,444,356,207,206,275,423,599,536,342,216,168,211,237,207,159,60,27,4,0,250,5379,275,362,435,292,203,237,278,421,583,479,265,212,194,252,272,246,186,114,56,15,2,373
2019,2019-01-01,24344,243442,三重県,三重郡川越町,14559,776,757,710,769,905,908,944,1009,1221,1266,1029,799,602,738,658,613,468,247,100,34,6,855,7426,404,392,377,397,486,471,505,508,659,685,551,422,309,364,324,270,183,89,26,3,1,302,7133,372,365,333,372,419,437,439,501,562,581,478,377,293,374,334,343,285,158,74,31,5,553
2019,2019-01-01,24440,244406,三重県,多気郡,46817,1772,1932,2138,2231,1905,1710,2245,2557,3044,3177,2712,2888,3162,3760,3332,2701,2384,1827,1040,266,34,5551,22538,878,1006,1086,1192,926,861,1141,1285,1577,1607,1361,1436,1486,1853,1610,1208,984,677,308,50,6,2025,24279,894,926,1052,1039,979,849,1104,1272,1467,1570,1351,1452,1676,1907,1722,1493,1400,1150,732,216,28,3526
2019,2019-01-01,24441,244414,三重県,多気郡多気町,14548,530,640,741,681,532,506,706,791,946,991,845,929,968,1192,981,799,791,563,328,83,5,1770,7054,271,340,385,369,251,269,360,379,498,514,425,467,465,600,478,338,331,208,93,10,3,645,7494,259,300,356,312,281,237,346,412,448,477,420,462,503,592,503,461,460,355,235,73,2,1125
2019,2019-01-01,24442,244422,三重県,多気郡明和町,22986,996,990,1058,1173,1028,913,1193,1374,1587,1696,1358,1379,1540,1724,1561,1210,976,736,388,92,14,2206,11088,483,518,537,610,510,433,606,690,827,860,674,668,721,833,747,565,398,264,122,20,2,806,11898,513,472,521,563,518,480,587,684,760,836,684,711,819,891,814,645,578,472,266,72,12,1400
2019,2019-01-01,24443,244431,三重県,多気郡大台町,9283,246,302,339,377,345,291,346,392,511,490,509,580,654,844,790,692,617,528,324,91,15,1575,4396,124,148,164,213,165,159,175,216,252,233,262,301,300,420,385,305,255,205,93,20,1,574,4887,122,154,175,164,180,132,171,176,259,257,247,279,354,424,405,387,362,323,231,71,14,1001
2019,2019-01-01,24460,244601,三重県,度会郡,44862,1316,1504,1723,2007,1702,1506,1830,2019,2417,2834,2833,2871,3053,3818,3540,3419,2963,2134,1039,286,48,6470,21514,658,829,873,1023,904,810,962,1046,1193,1408,1452,1445,1515,1898,1643,1459,1232,813,292,50,9,2396,23348,658,675,850,984,798,696,868,973,1224,1426,1381,1426,1538,1920,1897,1960,1731,1321,747,236,39,4074
2019,2019-01-01,24461,244619,三重県,度会郡玉城町,15390,682,748,819,851,685,639,840,964,1053,1146,1038,900,897,1100,927,773,605,434,221,60,8,1328,7490,326,410,416,420,355,341,437,506,514,560,521,439,440,535,443,352,244,159,61,10,1,475,7900,356,338,403,431,330,298,403,458,539,586,517,461,457,565,484,421,361,275,160,50,7,853
2019,2019-01-01,24470,244708,三重県,度会郡度会町,8228,269,319,342,419,344,301,365,425,496,560,496,558,604,710,611,480,427,290,174,31,7,929,4030,150,178,174,199,183,168,188,224,255,269,261,282,289,356,316,208,170,102,48,7,3,330,4198,119,141,168,220,161,133,177,201,241,291,235,276,315,354,295,272,257,188,126,24,4,599
2019,2019-01-01,24471,244716,三重県,度会郡大紀町,8524,145,219,272,323,253,211,270,302,393,482,488,525,647,820,803,781,687,552,263,71,17,1590,4027,83,114,139,180,136,105,145,148,192,244,238,258,317,415,377,345,291,204,76,17,3,591,4497,62,105,133,143,117,106,125,154,201,238,250,267,330,405,426,436,396,348,187,54,14,999
2019,2019-01-01,24472,244724,三重県,度会郡南伊勢町,12720,220,218,290,414,420,355,355,328,475,646,811,888,905,1188,1199,1385,1244,858,381,124,16,2623,5967,99,127,144,224,230,196,192,168,232,335,432,466,469,592,507,554,527,348,107,16,2,1000,6753,121,91,146,190,190,159,163,160,243,311,379,422,436,596,692,831,717,510,274,108,14,1623
2019,2019-01-01,24540,245402,三重県,北牟婁郡,15838,333,411,559,679,541,409,471,589,774,1011,993,1084,1107,1551,1407,1387,1142,823,419,136,12,2532,7464,177,213,276,356,287,206,247,321,399,500,498,524,556,768,639,588,496,278,118,15,2,909,8374,156,198,283,323,254,203,224,268,375,511,495,560,551,783,768,799,646,545,301,121,10,1623
2019,2019-01-01,24543,245437,三重県,北牟婁郡紀北町,15838,333,411,559,679,541,409,471,589,774,1011,993,1084,1107,1551,1407,1387,1142,823,419,136,12,2532,7464,177,213,276,356,287,206,247,321,399,500,498,524,556,768,639,588,496,278,118,15,2,909,8374,156,198,283,323,254,203,224,268,375,511,495,560,551,783,768,799,646,545,301,121,10,1623
2019,2019-01-01,24560,245607,三重県,南牟婁郡,19594,624,739,827,964,686,540,729,930,1163,1248,1208,1340,1366,1732,1628,1256,1143,864,433,155,19,2614,9236,314,404,414,495,327,292,365,475,586,629,578,647,716,813,759,563,428,299,115,17,0,859,10358,310,335,413,469,359,248,364,455,577,619,630,693,650,919,869,693,715,565,318,138,19,1755
2019,2019-01-01,24561,245615,三重県,南牟婁郡御浜町,8630,238,315,367,435,283,199,295,370,487,537,562,621,603,751,719,558,574,408,212,88,8,1290,4069,120,166,177,232,152,111,144,193,245,273,263,305,318,362,333,252,207,142,61,13,0,423,4561,118,149,190,203,131,88,151,177,242,264,299,316,285,389,386,306,367,266,151,75,8,867
2019,2019-01-01,24562,245623,三重県,南牟婁郡紀宝町,10964,386,424,460,529,403,341,434,560,676,711,646,719,763,981,909,698,569,456,221,67,11,1324,5167,194,238,237,263,175,181,221,282,341,356,315,342,398,451,426,311,221,157,54,4,0,436,5797,192,186,223,266,228,160,213,278,335,355,331,377,365,530,483,387,348,299,167,63,11,888
2019,2019-01-01,25000,250007,滋賀県,,1390806,60807,67647,69259,72434,69854,66636,77708,86856,102683,106893,88685,81737,80689,96763,86127,68988,50374,34508,16915,4511,732,107040,685420,31286,34682,35697,37386,36417,34589,40028,44323,51882,54581,44674,40235,39794,47180,41306,32193,21397,12307,4750,634,79,39167,705386,29521,32965,33562,35048,33437,32047,37680,42533,50801,52312,44011,41502,40895,49583,44821,36795,28977,22201,12165,3877,653,67873
2019,2019-01-01,25201,252018,滋賀県,大津市,338674,14436,15888,16549,17351,16528,15307,17876,20264,24607,27100,22944,21159,19909,23827,22116,17304,12202,8294,3851,980,182,25509,163630,7331,8210,8389,8914,8365,7549,8884,9940,12138,13428,11230,10319,9637,11478,10473,8013,5097,2981,1074,158,22,9332,175044,7105,7678,8160,8437,8163,7758,8992,10324,12469,13672,11714,10840,10272,12349,11643,9291,7105,5313,2777,822,160,16177
2019,2019-01-01,25202,252026,滋賀県,彦根市,110531,4831,5247,5338,5888,5883,5580,6318,6804,8269,8548,7093,6679,6479,7362,6366,5248,4093,2725,1373,351,56,8598,54871,2475,2693,2795,3071,3116,2997,3311,3538,4233,4381,3580,3282,3198,3654,3038,2378,1703,975,400,44,9,3131,55660,2356,2554,2543,2817,2767,2583,3007,3266,4036,4167,3513,3397,3281,3708,3328,2870,2390,1750,973,307,47,5467
2019,2019-01-01,25203,252034,滋賀県,長浜市,115129,4531,5188,5662,6171,5780,5262,6089,6598,8064,8240,7188,6827,6874,8220,7143,6340,5036,3507,1830,509,70,10952,56437,2330,2726,2927,3166,2982,2756,3219,3365,4168,4262,3614,3267,3388,4068,3397,2810,2082,1313,530,64,3,3992,58692,2201,2462,2735,3005,2798,2506,2870,3233,3896,3978,3574,3560,3486,4152,3746,3530,2954,2194,1300,445,67,6960
2019,2019-01-01,25204,252042,滋賀県,近江八幡市,80878,3695,4055,3947,3786,3737,3793,4668,5270,5749,5921,4836,4595,4749,6089,5292,4310,3124,1969,960,286,47,6386,39659,1875,2077,1987,1968,1892,1968,2386,2710,2888,3044,2424,2189,2344,2972,2572,2048,1330,684,254,41,6,2315,41219,1820,1978,1960,1818,1845,1825,2282,2560,2861,2877,2412,2406,2405,3117,2720,2262,1794,1285,706,245,41,4071
2019,2019-01-01,25206,252069,滋賀県,草津市,131489,6402,7170,6641,6536,7451,6773,7874,9527,10916,11017,8848,6831,6354,8086,7586,5961,3781,2299,1092,299,45,7516,65792,3344,3631,3404,3396,4026,3558,3978,4873,5535,5587,4622,3526,3076,3836,3594,2917,1676,878,295,35,5,2889,65697,3058,3539,3237,3140,3425,3215,3896,4654,5381,5430,4226,3305,3278,4250,3992,3044,2105,1421,797,264,40,4627
2019,2019-01-01,25207,252077,滋賀県,守山市,82132,4236,4834,4896,4676,3940,3845,4856,5736,6801,6953,5165,4267,4107,4989,4513,3467,2353,1593,684,192,29,4851,40574,2187,2468,2500,2319,2032,1959,2432,2864,3396,3510,2685,2103,2003,2373,2168,1697,1041,587,215,32,3,1878,41558,2049,2366,2396,2357,1908,1886,2424,2872,3405,3443,2480,2164,2104,2616,2345,1770,1312,1006,469,160,26,2973
2019,2019-01-01,25208,252085,滋賀県,栗東市,68332,3941,3715,4057,3970,3452,3928,4593,4919,6030,6212,4430,3293,2925,3605,3428,2597,1639,1028,452,101,17,3237,33983,2013,1871,2088,2055,1808,1937,2359,2511,3010,3153,2268,1642,1502,1683,1592,1233,742,378,116,20,2,1258,34349,1928,1844,1969,1915,1644,1991,2234,2408,3020,3059,2162,1651,1423,1922,1836,1364,897,650,336,81,15,1979
2019,2019-01-01,25209,252093,滋賀県,甲賀市,87758,3371,3857,4217,4685,4335,4167,4627,5098,6020,6322,5350,5587,5734,6558,5477,4506,3562,2621,1280,343,41,7847,43565,1739,1983,2263,2437,2248,2191,2470,2644,3082,3298,2723,2765,2857,3327,2645,2085,1540,872,345,45,6,2808,44193,1632,1874,1954,2248,2087,1976,2157,2454,2938,3024,2627,2822,2877,3231,2832,2421,2022,1749,935,298,35,5039
2019,2019-01-01,25210,252107,滋賀県,野洲市,50478,2343,2508,2570,2560,2372,2520,2894,3177,3974,3947,3132,2668,2829,3464,3380,2624,1717,1074,555,141,29,3516,25098,1248,1303,1363,1324,1213,1363,1535,1633,1983,2029,1577,1301,1381,1632,1607,1269,766,403,148,17,3,1337,25380,1095,1205,1207,1236,1159,1157,1359,1544,1991,1918,1555,1367,1448,1832,1773,1355,951,671,407,124,26,2179
2019,2019-01-01,25211,252115,滋賀県,湖南市,52066,2198,2424,2424,2690,2793,2729,3287,3334,3802,3941,3225,3091,3385,3967,3324,2399,1518,954,439,123,19,3053,26869,1165,1243,1289,1451,1528,1544,1792,1830,1987,2194,1690,1518,1697,1956,1666,1170,695,304,136,12,2,1149,25197,1033,1181,1135,1239,1265,1185,1495,1504,1815,1747,1535,1573,1688,2011,1658,1229,823,650,303,111,17,1904
2019,2019-01-01,25212,252123,滋賀県,高島市,48417,1475,1860,2003,2248,2208,2015,2265,2388,2844,3119,2915,3207,3413,4119,3495,3077,2550,1908,1001,258,49,5766,23590,746,981,1039,1157,1196,1071,1203,1243,1386,1579,1454,1578,1720,2063,1676,1362,1098,694,299,38,7,2136,24827,729,879,964,1091,1012,944,1062,1145,1458,1540,1461,1629,1693,2056,1819,1715,1452,1214,702,220,42,3630
2019,2019-01-01,25213,252131,滋賀県,東近江市,111121,4670,5348,5501,5926,5686,5439,6137,6885,7966,8010,6901,6572,6728,8120,6893,5329,4003,2988,1545,406,68,9010,55166,2404,2717,2849,3029,2943,2886,3228,3579,4137,4176,3506,3306,3365,3964,3390,2503,1665,1039,421,50,9,3184,55955,2266,2631,2652,2897,2743,2553,2909,3306,3829,3834,3395,3266,3363,4156,3503,2826,2338,1949,1124,356,59,5826
2019,2019-01-01,25214,252140,滋賀県,米原市,38785,1559,1767,1722,2065,1927,1733,2109,2228,2491,2584,2425,2539,2456,2679,2366,2117,1812,1332,661,187,26,4018,18993,819,869,907,1078,1034,891,1088,1151,1266,1316,1167,1272,1258,1349,1127,958,756,464,192,30,1,1443,19792,740,898,815,987,893,842,1021,1077,1225,1268,1258,1267,1198,1330,1239,1159,1056,868,469,157,25,2575
2019,2019-01-01,25380,253804,滋賀県,蒲生郡,32891,1236,1492,1519,1650,1713,1539,1797,1983,2114,2042,1926,2096,2249,2659,2147,1611,1357,1021,564,151,25,3118,16473,649,749,799,883,975,843,965,1087,1094,1071,932,1024,1140,1324,1071,781,557,348,160,21,0,1086,16418,587,743,720,767,738,696,832,896,1020,971,994,1072,1109,1335,1076,830,800,673,404,130,25,2032
2019,2019-01-01,25383,253839,滋賀県,蒲生郡日野町,20961,807,912,930,1021,936,982,1162,1259,1347,1317,1229,1338,1400,1676,1399,1088,910,733,386,111,18,2158,10331,426,463,473,513,472,524,619,686,702,693,600,653,716,833,692,524,374,244,109,15,0,742,10630,381,449,457,508,464,458,543,573,645,624,629,685,684,843,707,564,536,489,277,96,18,1416
2019,2019-01-01,25384,253847,滋賀県,蒲生郡竜王町,11930,429,580,589,629,777,557,635,724,767,725,697,758,849,983,748,523,447,288,178,40,7,960,6142,223,286,326,370,503,319,346,401,392,378,332,371,424,491,379,257,183,104,51,6,0,344,5788,206,294,263,259,274,238,289,323,375,347,365,387,425,492,369,266,264,184,127,34,7,616
2019,2019-01-01,25420,254207,滋賀県,愛知郡,20498,1022,1286,1168,1141,1072,1079,1253,1397,1631,1481,1126,1094,1061,1260,1074,850,688,481,250,73,11,1503,10204,518,641,596,585,560,583,644,708,845,789,595,540,523,641,516,404,272,163,68,12,1,516,10294,504,645,572,556,512,496,609,689,786,692,531,554,538,619,558,446,416,318,182,61,10,987
2019,2019-01-01,25425,254258,滋賀県,愛知郡愛荘町,20498,1022,1286,1168,1141,1072,1079,1253,1397,1631,1481,1126,1094,1061,1260,1074,850,688,481,250,73,11,1503,10204,518,641,596,585,560,583,644,708,845,789,595,540,523,641,516,404,272,163,68,12,1,516,10294,504,645,572,556,512,496,609,689,786,692,531,554,538,619,558,446,416,318,182,61,10,987
2019,2019-01-01,25440,254401,滋賀県,犬上郡,21627,861,1008,1045,1091,977,927,1065,1248,1405,1456,1181,1232,1437,1759,1527,1248,939,714,378,111,18,2160,10516,443,520,502,553,499,493,534,647,734,764,607,603,705,860,774,565,377,224,97,15,0,713,11111,418,488,543,538,478,434,531,601,671,692,574,629,732,899,753,683,562,490,281,96,18,1447
2019,2019-01-01,25441,254410,滋賀県,犬上郡豊郷町,7179,311,408,387,383,304,333,384,471,512,516,378,377,492,536,464,368,223,198,97,33,4,555,3523,158,199,181,188,147,195,192,240,273,280,200,179,239,266,232,174,91,58,29,2,0,180,3656,153,209,206,195,157,138,192,231,239,236,178,198,253,270,232,194,132,140,68,31,4,375
2019,2019-01-01,25442,254428,滋賀県,犬上郡甲良町,6929,226,280,321,356,348,280,303,352,433,483,395,439,461,586,529,426,335,236,113,20,7,711,3351,123,159,147,192,183,138,144,188,216,253,209,209,231,281,269,186,117,77,26,3,0,223,3578,103,121,174,164,165,142,159,164,217,230,186,230,230,305,260,240,218,159,87,17,7,488
2019,2019-01-01,25443,254436,滋賀県,犬上郡多賀町,7519,324,320,337,352,325,314,378,425,460,457,408,416,484,637,534,454,381,280,168,58,7,894,3642,162,162,174,173,169,160,198,219,245,231,198,215,235,313,273,205,169,89,42,10,0,310,3877,162,158,163,179,156,154,180,206,215,226,210,201,249,324,261,249,212,191,126,48,7,584
2019,2019-01-01,26000,260002,京都府,,2494923,94805,103198,109004,118496,128156,117937,130740,145706,178983,196000,165457,144680,137835,179445,176282,146654,107186,69951,33214,9523,1671,221545,1195020,48607,53148,55767,60603,65347,58510,65037,71971,88858,97372,81513,70746,66714,84441,81231,65165,44634,24685,8999,1483,189,79990,1299903,46198,50050,53237,57893,62809,59427,65703,73735,90125,98628,83944,73934,71121,95004,95051,81489,62552,45266,24215,8040,1482,141555
2019,2019-01-01,26100,261009,京都府,京都市,1366119,51149,53381,55241,61037,74785,71722,76198,82379,98859,108460,93828,80216,72741,93555,92582,79393,58950,38006,17661,5072,904,120593,647122,26299,27506,28205,31152,37440,34744,37329,40202,48387,53084,45788,39000,35249,43979,42127,34205,23801,13083,4641,801,100,42426,718997,24850,25875,27036,29885,37345,36978,38869,42177,50472,55376,48040,41216,37492,49576,50455,45188,35149,24923,13020,4271,804,78167
2019,2019-01-01,26101,261017,京都府,京都市北区,107789,3701,4190,4395,4971,6398,4676,4867,5726,7282,8223,7695,6874,6189,7527,7527,6415,5133,3606,1741,558,95,11133,50623,1891,2177,2162,2571,3378,2282,2383,2739,3508,3977,3701,3321,3015,3537,3401,2722,2015,1271,471,94,7,3858,57166,1810,2013,2233,2400,3020,2394,2484,2987,3774,4246,3994,3553,3174,3990,4126,3693,3118,2335,1270,464,88,7275
2019,2019-01-01,26102,261025,京都府,京都市上京区,73133,2254,2663,2763,2998,4635,3790,3851,4310,5237,5549,4914,4305,3838,4756,4751,4445,3631,2626,1333,412,72,8074,33425,1150,1353,1420,1460,2334,1752,1828,2015,2436,2608,2302,2028,1821,2253,2127,1808,1410,876,376,59,9,2730,39708,1104,1310,1343,1538,2301,2038,2023,2295,2801,2941,2612,2277,2017,2503,2624,2637,2221,1750,957,353,63,5344
2019,2019-01-01,26103,261033,京都府,京都市左京区,147866,5504,6096,5945,6463,9094,6953,7417,8562,10343,11010,9828,8689,8208,10325,10362,8500,6700,4616,2420,712,119,14567,69692,2798,3068,3028,3295,4972,3530,3656,4098,4982,5293,4706,4140,3958,4833,4628,3678,2741,1534,630,110,14,5029,78174,2706,3028,2917,3168,4122,3423,3761,4464,5361,5717,5122,4549,4250,5492,5734,4822,3959,3082,1790,602,105,9538
2019,2019-01-01,26104,261041,京都府,京都市中京区,103093,3985,3906,3788,4000,5386,6304,6777,7324,8149,8484,7252,6069,5227,6191,6028,5180,4177,2983,1383,427,73,9043,47023,2034,1997,1919,2013,2512,2796,3132,3378,3769,4004,3399,2904,2448,2886,2724,2149,1540,1012,339,58,10,2959,56070,1951,1909,1869,1987,2874,3508,3645,3946,4380,4480,3853,3165,2779,3305,3304,3031,2637,1971,1044,369,63,6084
2019,2019-01-01,26105,261050,京都府,京都市東山区,33926,906,952,964,1194,1755,1760,1834,1998,2228,2376,2163,2016,1890,2483,2626,2382,1986,1445,699,234,35,4399,15220,497,507,496,552,742,752,884,967,1086,1175,996,972,925,1160,1162,946,739,446,173,38,5,1401,18706,409,445,468,642,1013,1008,950,1031,1142,1201,1167,1044,965,1323,1464,1436,1247,999,526,196,30,2998
2019,2019-01-01,26106,261068,京都府,京都市下京区,74676,2898,2621,2462,2593,3992,5383,5749,5750,6120,5982,4955,4060,3651,4057,4246,3676,3051,2080,1018,276,56,6481,34418,1467,1382,1292,1324,1791,2497,2689,2651,2904,2850,2374,1939,1769,1901,1913,1499,1164,674,290,43,5,2176,40258,1431,1239,1170,1269,2201,2886,3060,3099,3216,3132,2581,2121,1882,2156,2333,2177,1887,1406,728,233,51,4305
2019,2019-01-01,26107,261076,京都府,京都市南区,94147,4079,3632,3694,3885,5053,6156,6475,6202,6783,7303,6313,5485,4857,6383,5850,4935,3607,2200,977,235,43,7062,46680,2017,1925,1885,1977,2613,3172,3371,3247,3509,3775,3236,2774,2554,3201,2851,2118,1425,727,270,30,3,2455,47467,2062,1707,1809,1908,2440,2984,3104,2955,3274,3528,3077,2711,2303,3182,2999,2817,2182,1473,707,205,40,4607
2019,2019-01-01,26108,261084,京都府,京都市右京区,189974,7216,7520,7796,8566,9776,9789,10411,11229,13726,15297,13287,11470,10078,12824,12712,11413,8565,5185,2309,697,108,16864,90348,3763,3894,3995,4362,4886,4736,5117,5521,6787,7576,6458,5625,4891,6054,5685,4902,3552,1830,582,117,15,6096,99626,3453,3626,3801,4204,4890,5053,5294,5708,6939,7721,6829,5845,5187,6770,7027,6511,5013,3355,1727,580,93,10768
2019,2019-01-01,26109,261092,京都府,京都市伏見区,266256,9788,10475,11410,12863,14320,13476,14243,15520,19322,21691,18397,15379,14315,19449,18713,15552,10919,6641,2883,745,155,21343,128300,5092,5390,5742,6706,7279,6732,7170,7894,9670,10828,9234,7552,6873,9078,8670,6801,4383,2330,737,119,20,7589,137956,4696,5085,5668,6157,7041,6744,7073,7626,9652,10863,9163,7827,7442,10371,10043,8751,6536,4311,2146,626,135,13754
2019,2019-01-01,26110,261106,京都府,京都市山科区,128159,4650,4900,5256,5899,6547,6136,6577,7173,9260,10594,8807,7324,6457,9469,9850,8549,5617,3234,1408,380,72,10711,60895,2406,2502,2722,2932,3129,2962,3209,3486,4617,5213,4384,3645,3156,4357,4481,3763,2381,1115,367,62,6,3931,67264,2244,2398,2534,2967,3418,3174,3368,3687,4643,5381,4423,3679,3301,5112,5369,4786,3236,2119,1041,318,66,6780
2019,2019-01-01,26111,261114,京都府,京都市西京区,147100,6168,6426,6768,7605,7829,7299,7997,8585,10409,11951,10217,8545,8031,10091,9917,8346,5564,3390,1490,396,76,10916,70498,3184,3311,3544,3960,3804,3533,3890,4206,5119,5785,4998,4100,3839,4719,4485,3819,2451,1268,406,71,6,4202,76602,2984,3115,3224,3645,4025,3766,4107,4379,5290,6166,5219,4445,4192,5372,5432,4527,3113,2122,1084,325,70,6714
2019,2019-01-01,26201,262013,京都府,福知山市,77416,3439,3555,3573,3815,3592,3606,4227,4354,5264,5416,4519,4588,4544,5541,5188,4093,3447,2698,1475,409,73,8102,38213,1764,1845,1805,1990,2019,2031,2220,2266,2780,2821,2297,2322,2279,2659,2465,1845,1385,916,425,69,10,2805,39203,1675,1710,1768,1825,1573,1575,2007,2088,2484,2595,2222,2266,2265,2882,2723,2248,2062,1782,1050,340,63,5297
2019,2019-01-01,26202,262021,京都府,舞鶴市,81808,3213,3561,3709,4407,4216,3482,3876,4448,5477,5801,4818,4679,4532,6105,6046,4817,3900,2762,1482,392,85,8621,40594,1571,1787,1918,2387,2412,1991,2107,2354,2926,3093,2524,2358,2309,2869,2811,2137,1609,977,371,74,9,3040,41214,1642,1774,1791,2020,1804,1491,1769,2094,2551,2708,2294,2321,2223,3236,3235,2680,2291,1785,1111,318,76,5581
2019,2019-01-01,26203,262030,京都府,綾部市,33295,1056,1226,1418,1566,1260,1117,1443,1550,2050,2327,1829,1865,2119,2760,2718,2256,1985,1589,891,233,37,4735,16048,527,636,740,812,679,610,766,833,1017,1227,918,946,1011,1338,1314,1006,812,548,259,46,3,1668,17247,529,590,678,754,581,507,677,717,1033,1100,911,919,1108,1422,1404,1250,1173,1041,632,187,34,3067
2019,2019-01-01,26204,262048,京都府,宇治市,184284,6639,7950,8980,9575,9403,8062,8496,10150,13513,15435,12502,10385,10164,13520,13725,11303,7561,4412,1902,519,88,14482,89264,3425,4224,4613,4914,4851,4106,4313,5004,6724,7655,6175,5051,4812,6287,6292,5110,3378,1664,574,80,12,5708,95020,3214,3726,4367,4661,4552,3956,4183,5146,6789,7780,6327,5334,5352,7233,7433,6193,4183,2748,1328,439,76,8774
2019,2019-01-01,26205,262056,京都府,宮津市,17871,480,554,700,749,577,569,605,798,902,1105,996,1172,1341,1635,1570,1275,1199,975,512,126,31,2843,8509,261,270,362,385,313,322,326,435,450,560,495,604,671,803,741,545,464,340,139,20,3,966,9362,219,284,338,364,264,247,279,363,452,545,501,568,670,832,829,730,735,635,373,106,28,1877
2019,2019-01-01,26206,262064,京都府,亀岡市,88135,3250,3893,4088,4488,4352,3716,4460,5016,6058,6489,5490,5432,5801,7331,6526,4992,3296,2098,1029,287,43,6753,42988,1695,1990,2133,2302,2225,1863,2258,2515,3089,3274,2651,2589,2776,3548,3154,2355,1505,736,277,46,7,2571,45147,1555,1903,1955,2186,2127,1853,2202,2501,2969,3215,2839,2843,3025,3783,3372,2637,1791,1362,752,241,36,4182
2019,2019-01-01,26207,262072,京都府,城陽市,75729,2616,3021,3249,3626,3324,2956,3436,4150,5532,5912,4627,3949,4191,6453,6877,5502,3309,1904,829,226,40,6308,36540,1387,1553,1660,1772,1681,1423,1749,2035,2815,3006,2381,1865,1947,2920,3175,2652,1548,702,246,21,2,2519,39189,1229,1468,1589,1854,1643,1533,1687,2115,2717,2906,2246,2084,2244,3533,3702,2850,1761,1202,583,205,38,3789
2019,2019-01-01,26208,262081,京都府,向日市,57058,2701,2543,2724,2777,2610,2521,3255,3518,4514,4971,3843,3049,2864,3854,3849,3396,2149,1228,525,143,24,4069,27403,1368,1295,1406,1384,1276,1186,1637,1733,2240,2483,1903,1500,1370,1790,1732,1522,915,477,160,25,1,1578,29655,1333,1248,1318,1393,1334,1335,1618,1785,2274,2488,1940,1549,1494,2064,2117,1874,1234,751,365,118,23,2491
2019,2019-01-01,26209,262099,京都府,長岡京市,80526,3553,3854,3927,3945,3732,3498,4363,5172,6299,6951,5416,4402,3995,5282,5483,4569,3154,1870,791,236,34,6085,38984,1816,1943,2005,2011,1892,1785,2127,2589,3133,3488,2736,2195,1900,2396,2463,2105,1403,699,255,39,4,2400,41542,1737,1911,1922,1934,1840,1713,2236,2583,3166,3463,2680,2207,2095,2886,3020,2464,1751,1171,536,197,30,3685
2019,2019-01-01,26210,262102,京都府,八幡市,70139,2472,3007,3242,3368,3138,2750,3209,3878,5216,5677,4572,3867,4266,5962,5799,4493,2840,1516,638,196,33,5223,34034,1234,1483,1689,1744,1565,1403,1629,1911,2608,2897,2271,1882,2054,2745,2706,2151,1261,597,169,30,5,2062,36105,1238,1524,1553,1624,1573,1347,1580,1967,2608,2780,2301,1985,2212,3217,3093,2342,1579,919,469,166,28,3161
2019,2019-01-01,26211,262111,京都府,京田辺市,68796,3180,3734,3903,3958,3835,2790,3423,4389,5580,5955,4375,3423,3203,4491,4568,3637,2284,1305,566,164,33,4352,33446,1606,1945,1959,1987,2032,1438,1675,2150,2729,2960,2180,1696,1508,2000,2133,1737,1019,511,152,24,5,1711,35350,1574,1789,1944,1971,1803,1352,1748,2239,2851,2995,2195,1727,1695,2491,2435,1900,1265,794,414,140,28,2641
2019,2019-01-01,26212,262129,京都府,京丹後市,54620,1764,1971,2359,2844,2111,1839,2258,2415,3048,3676,3481,3641,3758,4385,4224,3489,3098,2404,1316,460,79,7357,26334,893,992,1247,1420,1132,981,1192,1256,1625,1879,1777,1864,1886,2172,1998,1458,1278,839,370,60,15,2562,28286,871,979,1112,1424,979,858,1066,1159,1423,1797,1704,1777,1872,2213,2226,2031,1820,1565,946,400,64,4795
2019,2019-01-01,26213,262137,京都府,南丹市,31693,1014,1218,1210,1428,1698,1326,1425,1563,1767,1918,1925,2038,2033,2671,2323,1903,1809,1415,767,209,33,4233,15288,553,621,639,721,933,671,732,787,884,993,931,1020,1009,1345,1106,850,727,512,216,36,2,1493,16405,461,597,571,707,765,655,693,776,883,925,994,1018,1024,1326,1217,1053,1082,903,551,173,31,2740
2019,2019-01-01,26214,262145,京都府,木津川市,76628,3796,4488,4656,4082,3375,3044,4263,5239,6337,6101,4677,3962,4121,5344,4954,3529,2188,1490,752,200,30,4660,36981,1902,2340,2381,2064,1716,1432,2051,2531,3086,3069,2276,1861,1931,2484,2414,1736,952,537,192,26,0,1707,39647,1894,2148,2275,2018,1659,1612,2212,2708,3251,3032,2401,2101,2190,2860,2540,1793,1236,953,560,174,30,2953
2019,2019-01-01,26300,263001,京都府,乙訓郡,15826,792,698,798,680,705,715,1001,1073,1152,1228,960,840,787,1021,1043,953,700,430,188,56,6,1380,7676,397,368,390,359,371,362,520,525,578,622,459,434,368,469,467,448,297,175,62,5,0,539,8150,395,330,408,321,334,353,481,548,574,606,501,406,419,552,576,505,403,255,126,51,6,841
2019,2019-01-01,26303,263036,京都府,乙訓郡大山崎町,15826,792,698,798,680,705,715,1001,1073,1152,1228,960,840,787,1021,1043,953,700,430,188,56,6,1380,7676,397,368,390,359,371,362,520,525,578,622,459,434,368,469,467,448,297,175,62,5,0,539,8150,395,330,408,321,334,353,481,548,574,606,501,406,419,552,576,505,403,255,126,51,6,841
2019,2019-01-01,26320,263206,京都府,久世郡,15536,545,656,777,832,744,615,701,874,1223,1283,871,786,814,1297,1364,932,626,357,166,56,17,1222,7689,288,338,383,453,390,319,356,432,634,687,450,384,398,597,636,456,291,134,47,13,3,488,7847,257,318,394,379,354,296,345,442,589,596,421,402,416,700,728,476,335,223,119,43,14,734
2019,2019-01-01,26322,263222,京都府,久世郡久御山町,15536,545,656,777,832,744,615,701,874,1223,1283,871,786,814,1297,1364,932,626,357,166,56,17,1222,7689,288,338,383,453,390,319,356,432,634,687,450,384,398,597,636,456,291,134,47,13,3,488,7847,257,318,394,379,354,296,345,442,589,596,421,402,416,700,728,476,335,223,119,43,14,734
2019,2019-01-01,26340,263401,京都府,綴喜郡,16391,476,614,677,821,853,653,783,839,978,1177,1153,1030,1126,1359,1290,986,770,517,211,68,10,1576,8038,257,324,366,409,448,352,422,428,514,588,570,521,547,663,594,469,327,179,53,6,1,566,8353,219,290,311,412,405,301,361,411,464,589,583,509,579,696,696,517,443,338,158,62,9,1010
2019,2019-01-01,26343,263435,京都府,綴喜郡井手町,7308,186,229,292,326,377,296,355,370,429,510,501,444,500,604,590,494,400,263,101,37,4,805,3542,106,121,161,173,187,154,189,190,221,257,254,215,251,283,271,230,164,85,25,4,1,279,3766,80,108,131,153,190,142,166,180,208,253,247,229,249,321,319,264,236,178,76,33,3,526
2019,2019-01-01,26344,263443,京都府,綴喜郡宇治田原町,9083,290,385,385,495,476,357,428,469,549,667,652,586,626,755,700,492,370,254,110,31,6,771,4496,151,203,205,236,261,198,233,238,293,331,316,306,296,380,323,239,163,94,28,2,0,287,4587,139,182,180,259,215,159,195,231,256,336,336,280,330,375,377,253,207,160,82,29,6,484
2019,2019-01-01,26360,263605,京都府,相楽郡,45170,1594,2020,2305,2668,2338,1700,1931,2288,3135,3741,3340,2873,2745,3491,3095,2491,1647,1048,531,168,21,3415,21717,798,1057,1145,1377,1188,809,911,1145,1532,1799,1627,1405,1310,1695,1449,1203,749,371,126,18,3,1267,23453,796,963,1160,1291,1150,891,1020,1143,1603,1942,1713,1468,1435,1796,1646,1288,898,677,405,150,18,2148
2019,2019-01-01,26364,263648,京都府,相楽郡笠置町,1330,13,23,16,40,43,45,44,56,59,65,83,68,115,154,124,125,123,66,49,17,2,257,629,6,9,8,24,25,21,27,36,34,41,35,33,44,78,68,47,54,24,13,1,1,93,701,7,14,8,16,18,24,17,20,25,24,48,35,71,76,56,78,69,42,36,16,1,164
2019,2019-01-01,26365,263656,京都府,相楽郡和束町,3940,77,105,110,140,118,123,136,171,195,230,198,266,310,473,385,331,270,186,84,29,3,572,1865,36,51,58,75,66,58,65,97,105,114,100,117,146,228,184,154,122,62,22,4,1,211,2075,41,54,52,65,52,65,71,74,90,116,98,149,164,245,201,177,148,124,62,25,2,361
2019,2019-01-01,26366,263664,京都府,相楽郡精華町,37182,1461,1839,2105,2404,2080,1459,1657,1970,2742,3297,2906,2359,2087,2552,2303,1781,1061,657,335,111,16,2180,17923,733,962,1045,1227,1040,692,770,969,1323,1573,1412,1172,1007,1227,1079,874,493,235,77,12,1,818,19259,728,877,1060,1177,1040,767,887,1001,1419,1724,1494,1187,1080,1325,1224,907,568,422,258,99,15,1362
2019,2019-01-01,26367,263672,京都府,相楽郡南山城村,2718,43,53,74,84,97,73,94,91,139,149,153,180,233,312,283,254,193,139,63,11,0,406,1300,23,35,34,51,57,38,49,43,70,71,80,83,113,162,118,128,80,50,14,1,0,145,1418,20,18,40,33,40,35,45,48,69,78,73,97,120,150,165,126,113,89,49,10,0,261
2019,2019-01-01,26400,264008,京都府,船井郡,14083,317,407,478,636,586,432,452,572,719,839,817,888,1037,1358,1241,1072,905,773,423,113,18,2232,6728,163,190,231,323,300,234,245,301,391,436,395,462,530,668,593,491,357,286,111,18,3,775,7355,154,217,247,313,286,198,207,271,328,403,422,426,507,690,648,581,548,487,312,95,15,1457
2019,2019-01-01,26407,264075,京都府,船井郡京丹波町,14083,317,407,478,636,586,432,452,572,719,839,817,888,1037,1358,1241,1072,905,773,423,113,18,2232,6728,163,190,231,323,300,234,245,301,391,436,395,462,530,668,593,491,357,286,111,18,3,775,7355,154,217,247,313,286,198,207,271,328,403,422,426,507,690,648,581,548,487,312,95,15,1457
2019,2019-01-01,26460,264601,京都府,与謝郡,23800,759,847,990,1194,922,824,935,1041,1360,1538,1418,1595,1653,2030,1817,1573,1369,1154,559,190,32,3304,11424,403,441,490,637,484,448,472,539,716,751,709,787,849,1014,861,684,556,402,154,26,1,1139,12376,356,406,500,557,438,376,463,502,644,787,709,808,804,1016,956,889,813,752,405,164,31,2165
2019,2019-01-01,26463,264636,京都府,与謝郡伊根町,2103,65,57,43,65,77,74,79,86,85,84,112,143,156,225,175,154,156,170,72,22,3,423,1025,35,32,22,35,49,46,43,52,48,39,60,71,81,130,81,60,54,61,23,3,0,141,1078,30,25,21,30,28,28,36,34,37,45,52,72,75,95,94,94,102,109,49,19,3,282
2019,2019-01-01,26465,264652,京都府,与謝郡与謝野町,21697,694,790,947,1129,845,750,856,955,1275,1454,1306,1452,1497,1805,1642,1419,1213,984,487,168,29,2881,10399,368,409,468,602,435,402,429,487,668,712,649,716,768,884,780,624,502,341,131,23,1,998,11298,326,381,479,527,410,348,427,468,607,742,657,736,729,921,862,795,711,643,356,145,28,1883
2019,2019-01-01,27000,270008,大阪府,,8613021,334455,358464,374762,412268,448213,443936,481349,520034,632520,725152,606050,497086,447997,579069,576523,507137,353049,203588,85164,22731,3473,668005,4156612,171272,183412,191909,210808,223840,219412,239938,259048,314552,361833,302343,247703,220221,276102,265893,224700,146035,71023,22532,3671,365,243626,4456409,163183,175052,182853,201460,224373,224524,241411,260986,317968,363319,303707,249383,227776,302967,310630,282437,207014,132565,62632,19060,3108,424379
2019,2019-01-01,27100,271004,大阪府,大阪市,2577017,100289,97913,96474,104881,136165,162375,172994,174447,193820,212570,179645,149504,131140,164769,156926,138987,105248,63956,26826,7038,1050,204118,1251742,51154,50320,49490,53267,65849,79445,86343,87767,97399,107265,90729,75672,66718,83332,75262,60830,41409,21437,6802,1141,111,70900,1325275,49135,47593,46984,51614,70316,82930,86651,86680,96421,105305,88916,73832,64422,81437,81664,78157,63839,42519,20024,5897,939,133218
2019,2019-01-01,27102,271021,大阪府,大阪市都島区,101720,4111,4128,3990,3923,5226,6315,6972,7411,7835,8272,6755,6061,5846,6819,5853,4840,3690,2395,996,246,36,7363,48824,2107,2128,2087,2007,2483,2992,3488,3673,3903,4091,3314,2890,2809,3469,2806,2071,1407,798,250,49,2,2506,52896,2004,2000,1903,1916,2743,3323,3484,3738,3932,4181,3441,3171,3037,3350,3047,2769,2283,1597,746,197,34,4857
2019,2019-01-01,27103,271039,大阪府,大阪市福島区,73290,3537,3000,2665,2508,3864,6071,6473,6379,6501,6171,4592,3837,3011,3761,3552,2857,2197,1499,617,178,20,4511,34877,1774,1568,1347,1253,1799,2924,3098,3094,3181,3073,2310,1876,1511,1737,1631,1185,825,503,160,27,1,1516,38413,1763,1432,1318,1255,2065,3147,3375,3285,3320,3098,2282,1961,1500,2024,1921,1672,1372,996,457,151,19,2995
2019,2019-01-01,27104,271047,大阪府,大阪市此花区,65026,2579,2688,2515,2728,3299,3347,3528,4061,4840,5360,4659,3961,3535,4575,4169,3756,2923,1620,720,151,12,5426,31917,1283,1396,1320,1388,1712,1757,1799,2047,2468,2755,2432,2016,1837,2288,1991,1580,1149,503,162,31,3,1848,33109,1296,1292,1195,1340,1587,1590,1729,2014,2372,2605,2227,1945,1698,2287,2178,2176,1774,1117,558,120,9,3578
2019,2019-01-01,27106,271063,大阪府,大阪市西区,94431,5026,3897,3013,2848,5132,8587,9687,9899,9042,7950,5760,4402,3770,4389,3824,2931,2123,1328,632,166,25,4274,44474,2545,2006,1538,1442,2335,4001,4478,4705,4326,3907,2797,2109,1798,2120,1742,1234,794,404,159,33,1,1391,49957,2481,1891,1475,1406,2797,4586,5209,5194,4716,4043,2963,2293,1972,2269,2082,1697,1329,924,473,133,24,2883
2019,2019-01-01,27107,271071,大阪府,大阪市港区,78351,2675,2854,3026,3278,4237,4685,4653,4830,5556,6389,5429,4770,4168,5296,5075,4760,3495,2117,825,203,30,6670,38465,1381,1460,1494,1715,2103,2338,2311,2503,2833,3303,2741,2460,2185,2738,2377,2136,1404,735,217,29,2,2387,39886,1294,1394,1532,1563,2134,2347,2342,2327,2723,3086,2688,2310,1983,2558,2698,2624,2091,1382,608,174,28,4283
2019,2019-01-01,27108,271080,大阪府,大阪市大正区,64135,2078,2254,2543,2900,3114,3050,3254,3407,4253,5112,4451,3895,3758,5101,4875,4317,3072,1741,724,218,18,5773,31623,1049,1173,1275,1499,1606,1548,1738,1717,2173,2681,2295,2034,1946,2578,2396,1876,1244,578,189,25,3,2039,32512,1029,1081,1268,1401,1508,1502,1516,1690,2080,2431,2156,1861,1812,2523,2479,2441,1828,1163,535,193,15,3734
2019,2019-01-01,27109,271098,大阪府,大阪市天王寺区,72077,3563,3523,3124,3098,3678,4483,5119,5601,5980,6042,5182,4488,3593,3806,3396,2689,2251,1518,739,179,25,4712,33430,1843,1811,1620,1603,1686,1990,2422,2626,2777,2827,2409,2153,1674,1863,1509,1081,825,481,197,25,8,1536,38647,1720,1712,1504,1495,1992,2493,2697,2975,3203,3215,2773,2335,1919,1943,1887,1608,1426,1037,542,154,17,3176
2019,2019-01-01,27111,271110,大阪府,大阪市浪速区,58599,2046,1409,1088,1308,4031,6927,6764,5372,4506,4213,3354,2742,2642,3316,3035,2433,1796,1037,445,120,15,3413,30207,1097,739,576,631,1737,3249,3579,2957,2484,2427,1858,1538,1431,1894,1629,1156,750,352,104,17,2,1225,28392,949,670,512,677,2294,3678,3185,2415,2022,1786,1496,1204,1211,1422,1406,1277,1046,685,341,103,13,2188
2019,2019-01-01,27113,271136,大阪府,大阪市西淀川区,93630,3455,3762,4196,4654,5002,5352,5403,5668,7076,8343,6686,5303,4769,6294,5748,5012,3606,2094,935,239,33,6907,46305,1701,1974,2138,2405,2474,2707,2754,2845,3640,4435,3498,2681,2436,3213,2780,2198,1452,695,244,33,2,2426,47325,1754,1788,2058,2249,2528,2645,2649,2823,3436,3908,3188,2622,2333,3081,2968,2814,2154,1399,691,206,31,4481
2019,2019-01-01,27114,271144,大阪府,大阪市東淀川区,164625,5678,5807,5758,6693,10356,12205,11731,11034,11887,13216,11276,9359,8226,10364,9743,8947,6460,3871,1567,395,52,12345,81429,2833,2957,2979,3385,5034,6230,6209,5816,6269,6800,5837,4830,4270,5194,4665,3916,2511,1248,381,60,5,4205,83196,2845,2850,2779,3308,5322,5975,5522,5218,5618,6416,5439,4529,3956,5170,5078,5031,3949,2623,1186,335,47,8140
2019,2019-01-01,27115,271152,大阪府,大阪市東成区,76089,2903,2774,2817,3242,4284,5279,5376,5145,5703,6087,5072,4266,3800,4743,4401,3868,3129,1999,900,253,48,6329,36513,1470,1454,1419,1670,2021,2534,2623,2586,2825,3078,2504,2147,1871,2353,2160,1641,1205,669,232,49,2,2157,39576,1433,1320,1398,1572,2263,2745,2753,2559,2878,3009,2568,2119,1929,2390,2241,2227,1924,1330,668,204,46,4172
2019,2019-01-01,27116,271161,大阪府,大阪市生野区,99608,3394,3541,3634,4268,5824,5501,5504,5409,6364,7412,6772,5758,5254,7064,6790,6665,5205,3272,1468,429,80,10454,48397,1736,1831,1883,2137,2876,2725,2805,2792,3241,3832,3373,2928,2796,3640,3284,2949,2046,1101,348,65,9,3569,51211,1658,1710,1751,2131,2948,2776,2699,2617,3123,3580,3399,2830,2458,3424,3506,3716,3159,2171,1120,364,71,6885
2019,2019-01-01,27117,271179,大阪府,大阪市旭区,88266,3147,3149,3219,3707,4533,4621,5046,5235,6018,6914,6046,5258,4781,6195,6065,5482,4335,2860,1263,346,46,8850,42310,1580,1627,1641,1894,2243,2258,2475,2690,3038,3509,2992,2612,2424,3070,2885,2345,1629,977,346,67,8,3027,45956,1567,1522,1578,1813,2290,2363,2571,2545,2980,3405,3054,2646,2357,3125,3180,3137,2706,1883,917,279,38,5823
2019,2019-01-01,27118,271187,大阪府,大阪市城東区,164654,6865,6776,6993,7235,7940,8875,10272,10822,13054,14394,11531,9473,8167,10360,10085,8857,6722,4059,1676,431,67,12955,78770,3555,3478,3593,3673,3882,4307,5018,5307,6500,7103,5741,4663,4009,5020,4663,3799,2588,1367,437,63,4,4459,85884,3310,3298,3400,3562,4058,4568,5254,5515,6554,7291,5790,4810,4158,5340,5422,5058,4134,2692,1239,368,63,8496
2019,2019-01-01,27119,271195,大阪府,大阪市阿倍野区,106514,4667,4859,4508,4925,5066,5125,6137,6841,7942,8739,7651,6702,5845,6517,6215,5382,4457,3084,1417,380,55,9393,49311,2394,2494,2290,2479,2419,2395,2966,3226,3775,4094,3628,3223,2818,3109,2814,2170,1618,978,354,62,5,3017,57203,2273,2365,2218,2446,2647,2730,3171,3615,4167,4645,4023,3479,3027,3408,3401,3212,2839,2106,1063,318,50,6376
2019,2019-01-01,27120,271209,大阪府,大阪市住吉区,148826,5635,5719,5871,6521,7783,7872,8457,8808,10332,12148,10969,9124,7801,9734,9660,8600,6833,4490,1889,512,68,13792,69900,2837,2817,2981,3333,3882,3791,4129,4284,5133,5914,5280,4480,3839,4636,4377,3563,2588,1464,472,95,5,4624,78926,2798,2902,2890,3188,3901,4081,4328,4524,5199,6234,5689,4644,3962,5098,5283,5037,4245,3026,1417,417,63,9168
2019,2019-01-01,27121,271217,大阪府,大阪市東住吉区,126950,4613,4815,4948,5719,6611,6539,6957,7165,8641,10104,9246,7860,6674,8329,8528,7731,6150,3989,1778,474,79,12470,60417,2286,2491,2541,2882,3154,3148,3379,3560,4307,4981,4652,3987,3390,4171,3953,3326,2359,1311,456,74,9,4209,66533,2327,2324,2407,2837,3457,3391,3578,3605,4334,5123,4594,3873,3284,4158,4575,4405,3791,2678,1322,400,70,8261
2019,2019-01-01,27122,271225,大阪府,大阪市西成区,97881,2096,2428,2678,3003,3667,3762,4007,4437,5493,7295,6844,6316,6588,10034,9626,8583,6204,3272,1207,293,48,11024,57382,1094,1248,1399,1553,1891,2073,2250,2541,3137,4266,4260,4015,4388,6820,6307,5136,3244,1381,331,41,7,5004,40499,1002,1180,1279,1450,1776,1689,1757,1896,2356,3029,2584,2301,2200,3214,3319,3447,2960,1891,876,252,41,6020
2019,2019-01-01,27123,271233,大阪府,大阪市淀川区,170845,6468,5966,5765,6190,9809,13255,13551,12571,13430,14222,11441,9578,8604,10339,9936,8174,5917,3622,1503,419,85,11546,84913,3341,3116,3038,3103,4708,6933,7033,6610,7002,7423,6026,4903,4357,5099,4740,3525,2264,1197,409,75,11,3956,85932,3127,2850,2727,3087,5101,6322,6518,5961,6428,6799,5415,4675,4247,5240,5196,4649,3653,2425,1094,344,74,7590
2019,2019-01-01,27124,271241,大阪府,大阪市鶴見区,111024,5491,5801,5825,5842,5513,5774,6738,7268,9001,9950,8021,6141,4912,5945,5739,5498,4128,2346,863,197,31,7565,53114,2824,2998,2979,2935,2662,2741,3312,3562,4447,4836,4005,3044,2436,2799,2543,2313,1605,813,222,35,3,2678,57910,2667,2803,2846,2907,2851,3033,3426,3706,4554,5114,4016,3097,2476,3146,3196,3185,2523,1533,641,162,28,4887
2019,2019-01-01,27125,271250,大阪府,大阪市住之江区,118590,4047,4413,4664,5049,5798,5576,6109,6820,8146,9353,8296,7347,7030,9699,8879,7446,5314,3031,1197,334,42,9918,57234,2090,2269,2375,2626,2946,2816,3075,3422,4075,4757,4126,3568,3338,4800,4260,3244,2096,1012,292,42,5,3447,61356,1957,2144,2289,2423,2852,2760,3034,3398,4071,4596,4170,3779,3692,4899,4619,4202,3218,2019,905,292,37,6471
2019,2019-01-01,27126,271268,大阪府,大阪市平野区,188552,6834,7422,8167,9588,10279,9573,9483,9662,12452,16339,14873,11628,8953,11474,12317,12649,9509,5062,1808,429,51,16859,90027,3496,3794,4197,4843,5120,4755,4858,4932,6129,8027,7365,5853,4541,5512,5465,5209,3689,1706,453,78,5,5931,98525,3338,3628,3970,4745,5159,4818,4625,4730,6323,8312,7508,5775,4412,5962,6852,7440,5820,3356,1355,351,46,10928
2019,2019-01-01,27127,271276,大阪府,大阪市北区,121878,5439,3880,3120,3293,6164,10494,12052,11511,11247,10631,8489,6550,5460,6374,5774,4487,3477,2169,961,265,41,6913,58909,2797,1978,1596,1621,2861,5143,5973,5840,5738,5342,4216,3285,2709,3076,2586,1909,1287,693,217,40,2,2239,62969,2642,1902,1524,1672,3303,5351,6079,5671,5509,5289,4273,3265,2751,3298,3188,2578,2190,1476,744,225,39,4674
2019,2019-01-01,27128,271284,大阪府,大阪市中央区,91456,3942,3048,2347,2361,4955,9107,9721,9091,8521,7914,6250,4685,3953,4241,3641,3023,2255,1481,696,181,43,4656,42994,2041,1513,1184,1190,2215,4090,4571,4432,3998,3804,3070,2377,1905,2133,1699,1268,830,471,170,26,7,1504,48462,1901,1535,1163,1171,2740,5017,5150,4659,4523,4110,3180,2308,2048,2108,1942,1755,1425,1010,526,155,36,3152
2019,2019-01-01,27140,271403,大阪府,堺市,823631,32516,36179,38752,40836,40492,38760,42412,47778,61894,69779,55980,45059,42005,57239,58553,51143,34146,19281,8281,2166,379,64253,395532,16604,18523,19910,20889,20448,19419,21136,23620,30576,35020,27719,22217,20216,26244,26556,22803,14384,6688,2167,356,37,23632,428099,15912,17656,18842,19947,20044,19341,21276,24158,31318,34759,28261,22842,21789,30995,31997,28340,19762,12593,6114,1810,342,40621
2019,2019-01-01,27141,271411,大阪府,堺市堺区,141750,5049,5349,5707,6299,7127,7669,7918,8121,10312,11809,10092,8633,7718,10083,9565,8212,5987,3845,1718,456,81,12087,69573,2569,2751,2982,3210,3696,4075,4094,4141,5332,6091,5135,4449,3947,4890,4496,3531,2360,1261,474,81,8,4184,72177,2480,2598,2725,3089,3431,3594,3824,3980,4980,5718,4957,4184,3771,5193,5069,4681,3627,2584,1244,375,73,7903
2019,2019-01-01,27142,271420,大阪府,堺市中区,122234,5186,5820,6123,6488,6592,5988,6210,7092,9510,10447,8256,6384,6063,8244,8456,7298,4393,2337,1014,281,52,8077,59493,2658,3002,3161,3312,3331,2941,3125,3557,4838,5305,4127,3149,2935,3797,3908,3376,1882,808,236,43,2,2971,62741,2528,2818,2962,3176,3261,3047,3085,3535,4672,5142,4129,3235,3128,4447,4548,3922,2511,1529,778,238,50,5106
2019,2019-01-01,27143,271438,大阪府,堺市東区,85796,3309,3825,3870,4013,4080,3698,4179,4902,6170,6968,5612,4801,4453,6157,6510,5787,3965,2242,952,254,49,7462,40886,1666,1961,1949,2060,2115,1841,2056,2365,3037,3524,2752,2318,2169,2817,2937,2536,1693,792,247,44,7,2783,44910,1643,1864,1921,1953,1965,1857,2123,2537,3133,3444,2860,2483,2284,3340,3573,3251,2272,1450,705,210,42,4679
2019,2019-01-01,27144,271446,大阪府,堺市西区,136734,5622,6529,7046,7244,6769,6503,6866,8206,10629,11903,9348,7410,6860,8882,8714,7685,5424,3243,1427,371,53,10518,66013,2880,3279,3585,3707,3378,3332,3454,4057,5193,6002,4707,3699,3375,4204,3987,3445,2237,1052,376,58,6,3729,70721,2742,3250,3461,3537,3391,3171,3412,4149,5436,5901,4641,3711,3485,4678,4727,4240,3187,2191,1051,313,47,6789
2019,2019-01-01,27145,271454,大阪府,堺市南区,141334,4560,5711,6675,7057,6143,4935,5830,7076,10105,11531,9133,7562,7849,11774,12716,10785,6632,3423,1392,365,79,11891,66029,2337,2933,3432,3575,3060,2355,2847,3389,4770,5557,4333,3527,3482,5049,5635,5009,2998,1315,361,57,8,4739,75305,2223,2778,3243,3482,3083,2580,2983,3687,5335,5974,4800,4035,4367,6725,7081,5776,3634,2108,1031,308,71,7152
2019,2019-01-01,27146,271462,大阪府,堺市北区,157621,7412,7219,7334,7706,7956,8458,9677,10138,12256,14055,11143,8313,7010,9232,9470,8895,6259,3310,1398,331,49,11347,75075,3792,3690,3776,3973,3949,4139,4718,4991,5957,6960,5467,4104,3354,4179,4119,3732,2583,1145,386,57,4,4175,82546,3620,3529,3558,3733,4007,4319,4959,5147,6299,7095,5676,4209,3656,5053,5351,5163,3676,2165,1012,274,45,7172
2019,2019-01-01,27147,271471,大阪府,堺市美原区,38162,1378,1726,1997,2029,1825,1509,1732,2243,2912,3066,2396,1956,2052,2867,3122,2481,1486,881,380,108,16,2871,18463,702,907,1025,1052,919,736,842,1120,1449,1581,1198,971,954,1308,1474,1174,631,315,87,16,2,1051,19699,676,819,972,977,906,773,890,1123,1463,1485,1198,985,1098,1559,1648,1307,855,566,293,92,14,1820
2019,2019-01-01,27202,272027,大阪府,岸和田市,193062,7487,8545,9315,10480,10618,9521,9597,10204,13116,15578,13591,11692,10746,13366,12721,11185,7979,4733,2027,497,64,15300,92624,3869,4347,4760,5358,5510,4760,4820,5091,6372,7630,6695,5699,5213,6355,5847,4916,3218,1589,488,79,8,5382,100438,3618,4198,4555,5122,5108,4761,4777,5113,6744,7948,6896,5993,5533,7011,6874,6269,4761,3144,1539,418,56,9918
2019,2019-01-01,27203,272035,大阪府,豊中市,401001,18048,19091,18200,18969,19062,18615,22475,25672,30464,34231,29209,23444,20232,24708,25093,22362,16386,9594,3929,1068,149,31126,190652,9350,9802,9262,9712,9410,8873,10830,12489,14746,16809,14275,11532,9825,11564,11310,9515,6711,3368,1082,169,18,11348,210349,8698,9289,8938,9257,9652,9742,11645,13183,15718,17422,14934,11912,10407,13144,13783,12847,9675,6226,2847,899,131,19778
2019,2019-01-01,27204,272043,大阪府,池田市,101722,3962,4492,4663,5103,5372,4890,5294,5948,7485,8398,7174,6083,5344,6596,6596,5684,4272,2668,1274,354,70,8638,48797,1989,2281,2404,2619,2814,2546,2630,2959,3660,4074,3529,2981,2526,3069,2978,2471,1825,994,379,60,9,3267,52925,1973,2211,2259,2484,2558,2344,2664,2989,3825,4324,3645,3102,2818,3527,3618,3213,2447,1674,895,294,61,5371
2019,2019-01-01,27205,272051,大阪府,吹田市,366281,17334,17852,17257,17819,18956,18305,21710,24428,28471,31774,26296,20752,17763,22102,21721,18124,13361,7865,3316,939,136,25617,175708,8918,9104,8846,9281,9569,9164,10586,11888,13851,15454,13032,10437,8339,10078,9927,7791,5452,2879,933,164,15,9443,190573,8416,8748,8411,8538,9387,9141,11124,12540,14620,16320,13264,10315,9424,12024,11794,10333,7909,4986,2383,775,121,16174
2019,2019-01-01,27206,272060,大阪府,泉大津市,73556,2845,2995,3546,4362,4358,3610,3678,3989,5385,6606,5528,4236,3834,4804,4645,3893,2773,1608,653,176,32,5242,35200,1453,1484,1832,2233,2124,1798,1827,1959,2630,3268,2725,2124,1873,2258,2081,1699,1085,560,163,21,3,1832,38356,1392,1511,1714,2129,2234,1812,1851,2030,2755,3338,2803,2112,1961,2546,2564,2194,1688,1048,490,155,29,3410
2019,2019-01-01,27207,272078,大阪府,高槻市,349405,13785,14732,16130,16804,16577,15469,17839,20433,26080,29487,23704,19244,17927,24038,25211,23066,15451,8774,3570,952,132,28879,167227,7048,7400,8385,8661,8315,7562,8887,10061,12815,14740,11746,9391,8480,10893,11159,10449,6787,3269,1016,149,14,11235,182178,6737,7332,7745,8143,8262,7907,8952,10372,13265,14747,11958,9853,9447,13145,14052,12617,8664,5505,2554,803,118,17644
2019,2019-01-01,27208,272086,大阪府,貝塚市,86145,3241,3963,4584,5109,4541,3904,4070,4669,6133,7387,6251,5210,4646,5639,5382,4848,3467,2030,823,214,34,6568,41605,1695,2067,2380,2563,2306,1976,2002,2296,3022,3611,3153,2590,2275,2689,2505,2130,1439,664,200,35,7,2345,44540,1546,1896,2204,2546,2235,1928,2068,2373,3111,3776,3098,2620,2371,2950,2877,2718,2028,1366,623,179,27,4223
2019,2019-01-01,27209,272094,大阪府,守口市,140980,5266,4999,5431,6397,7443,7375,7598,7756,9806,12154,10406,8365,7145,9239,10079,9684,6602,3479,1349,360,47,11837,68639,2733,2597,2740,3307,3645,3725,3892,3964,5009,6226,5316,4345,3642,4460,4527,4165,2723,1196,353,68,6,4346,72341,2533,2402,2691,3090,3798,3650,3706,3792,4797,5928,5090,4020,3503,4779,5552,5519,3879,2283,996,292,41,7491
2019,2019-01-01,27210,272108,大阪府,枚方市,398205,14813,17412,18844,20494,20149,17655,19324,23109,29446,33418,27817,22960,21788,28770,28767,24251,15523,8719,3815,989,142,29188,191365,7512,8842,9647,10506,10053,8700,9520,11333,14577,16439,13807,11273,10468,13216,13171,11066,6830,3171,1060,159,15,11235,206840,7301,8570,9197,9988,10096,8955,9804,11776,14869,16979,14010,11687,11320,15554,15596,13185,8693,5548,2755,830,127,17953
2019,2019-01-01,27211,272116,大阪府,茨木市,278634,12658,13622,13922,14467,14294,13650,16182,18214,22281,24238,19397,15008,13675,17475,17293,14377,9372,5461,2310,639,99,17881,135167,6541,7059,7102,7420,7236,6565,8054,8971,10903,11993,9863,7395,6640,8120,7913,6572,4055,2012,649,94,10,6820,143467,6117,6563,6820,7047,7058,7085,8128,9243,11378,12245,9534,7613,7035,9355,9380,7805,5317,3449,1661,545,89,11061
2019,2019-01-01,27212,272124,大阪府,八尾市,259560,9769,10807,11559,13204,13309,12089,12910,14452,18311,22153,18851,15142,13083,17673,18076,17082,11434,6346,2513,695,102,21090,124226,4981,5526,5871,6714,6781,5977,6448,7112,9153,11021,9263,7541,6302,8159,8036,7568,4753,2209,692,109,10,7773,135334,4788,5281,5688,6490,6528,6112,6462,7340,9158,11132,9588,7601,6781,9514,10040,9514,6681,4137,1821,586,92,13317
2019,2019-01-01,27213,272132,大阪府,泉佐野市,98767,3596,3956,4444,5425,6146,5201,5038,5422,7185,8374,7101,5874,5377,6459,6212,5472,4014,2278,919,234,40,7485,47587,1834,2027,2334,2850,3045,2571,2579,2707,3602,4206,3501,2908,2621,3098,2784,2317,1578,754,235,32,4,2603,51180,1762,1929,2110,2575,3101,2630,2459,2715,3583,4168,3600,2966,2756,3361,3428,3155,2436,1524,684,202,36,4882
2019,2019-01-01,27214,272141,大阪府,富田林市,110677,3597,4300,4716,5932,6215,5047,4978,5401,6866,8586,7951,7521,6751,8373,8088,6919,4863,2894,1272,349,58,9436,52363,1876,2187,2370,2993,3155,2495,2428,2670,3271,4128,3668,3530,3317,3910,3754,3081,2033,1075,361,56,5,3530,58314,1721,2113,2346,2939,3060,2552,2550,2731,3595,4458,4283,3991,3434,4463,4334,3838,2830,1819,911,293,53,5906
2019,2019-01-01,27215,272159,大阪府,寝屋川市,230606,8319,9276,9824,11288,11352,10251,10994,12632,16885,20237,16456,13063,12133,16892,17679,15745,9907,5102,1950,539,82,17580,111684,4343,4717,5034,5763,5753,5215,5460,6358,8599,10191,8402,6562,5995,7789,7895,6935,4196,1875,505,90,7,6673,118922,3976,4559,4790,5525,5599,5036,5534,6274,8286,10046,8054,6501,6138,9103,9784,8810,5711,3227,1445,449,75,10907
2019,2019-01-01,27216,272167,大阪府,河内長野市,105350,3222,3713,4150,5069,5075,4219,4660,4929,6396,7680,6738,6736,7250,9046,8977,7568,4966,3113,1408,387,48,9922,49777,1671,1934,2085,2568,2571,2032,2332,2398,3080,3681,3149,3072,3487,4227,4110,3562,2199,1142,410,62,5,3818,55573,1551,1779,2065,2501,2504,2187,2328,2531,3316,3999,3589,3664,3763,4819,4867,4006,2767,1971,998,325,43,6104
2019,2019-01-01,27217,272175,大阪府,松原市,118779,3995,4437,5013,6232,6652,5645,5518,5912,7803,10325,8797,6905,5982,8261,8820,8523,5586,2874,1144,316,39,9959,57137,2058,2291,2561,3150,3349,2849,2853,3035,3873,5112,4359,3462,2885,3880,3925,3759,2345,1041,299,48,3,3736,61642,1937,2146,2452,3082,3303,2796,2665,2877,3930,5213,4438,3443,3097,4381,4895,4764,3241,1833,845,268,36,6223
2019,2019-01-01,27218,272183,大阪府,大東市,117950,4271,4756,5458,6321,6657,5788,5853,6367,8673,10464,8799,6522,5969,8092,8305,7523,4646,2359,873,217,37,8132,57690,2210,2394,2779,3213,3483,2946,3006,3288,4374,5239,4513,3247,2952,3801,3745,3369,2012,856,221,36,6,3131,60260,2061,2362,2679,3108,3174,2842,2847,3079,4299,5225,4286,3275,3017,4291,4560,4154,2634,1503,652,181,31,5001
2019,2019-01-01,27219,272191,大阪府,和泉市,183694,7066,9243,9660,10793,10171,8317,9087,10676,13578,16128,13036,11197,9938,12383,11630,9313,6105,3502,1397,414,60,11478,88983,3650,4658,4916,5581,5308,4209,4510,5330,6613,7942,6349,5595,4716,5873,5368,4189,2539,1211,350,71,5,4176,94711,3416,4585,4744,5212,4863,4108,4577,5346,6965,8186,6687,5602,5222,6510,6262,5124,3566,2291,1047,343,55,7302
2019,2019-01-01,27220,272205,大阪府,箕面市,135537,6214,7549,7093,6663,6922,5560,7283,8779,10477,11319,9069,7449,6989,8434,8767,7339,4836,2912,1410,405,68,9631,64780,3099,3848,3746,3402,3625,2670,3502,4164,5142,5536,4422,3599,3242,3856,3903,3395,2153,1024,375,73,4,3629,70757,3115,3701,3347,3261,3297,2890,3781,4615,5335,5783,4647,3850,3747,4578,4864,3944,2683,1888,1035,332,64,6002
2019,2019-01-01,27221,272213,大阪府,柏原市,68188,2297,2656,2945,3563,3726,3226,3343,3585,4444,5498,4888,4262,3904,5071,5034,4364,2903,1606,676,160,37,5382,32732,1171,1383,1471,1847,1867,1624,1690,1774,2226,2725,2377,2089,1899,2341,2300,1982,1186,579,173,21,7,1966,35456,1126,1273,1474,1716,1859,1602,1653,1811,2218,2773,2511,2173,2005,2730,2734,2382,1717,1027,503,139,30,3416
2019,2019-01-01,27222,272221,大阪府,羽曳野市,110974,3761,4320,5126,6009,6045,4913,5052,5600,7510,9148,8012,6608,6076,7961,8306,7311,4813,2815,1226,312,50,9216,52864,1901,2168,2586,3122,3010,2466,2526,2772,3668,4472,3949,3264,2903,3653,3788,3251,2012,948,341,57,7,3365,58110,1860,2152,2540,2887,3035,2447,2526,2828,3842,4676,4063,3344,3173,4308,4518,4060,2801,1867,885,255,43,5851
2019,2019-01-01,27223,272230,大阪府,門真市,119632,3668,4105,4837,5861,6538,5819,5733,6136,8417,11012,9285,6668,5987,8525,8999,8686,5611,2657,828,224,36,9356,58902,1879,2097,2443,3000,3320,3008,2928,3229,4393,5670,4805,3465,3111,4087,4167,3711,2361,951,233,37,7,3589,60730,1789,2008,2394,2861,3218,2811,2805,2907,4024,5342,4480,3203,2876,4438,4832,4975,3250,1706,595,187,29,5767
2019,2019-01-01,27224,272248,大阪府,摂津市,84494,3850,3629,3702,4033,4323,4696,5210,5439,6435,7500,5504,4273,4140,5595,5785,5084,2974,1504,630,167,21,5296,42007,1974,1868,1879,2091,2251,2369,2656,2779,3343,3944,2908,2214,2069,2642,2671,2308,1323,533,159,23,3,2041,42487,1876,1761,1823,1942,2072,2327,2554,2660,3092,3556,2596,2059,2071,2953,3114,2776,1651,971,471,144,18,3255
2019,2019-01-01,27225,272256,大阪府,高石市,57336,2284,2460,2686,3158,2972,2814,2915,3187,3988,4854,3978,3313,3088,3850,3808,3385,2339,1453,618,152,34,4596,27396,1144,1241,1355,1573,1575,1418,1450,1579,1983,2362,1969,1601,1510,1794,1737,1451,968,505,148,32,1,1654,29940,1140,1219,1331,1585,1397,1396,1465,1608,2005,2492,2009,1712,1578,2056,2071,1934,1371,948,470,120,33,2942
2019,2019-01-01,27226,272264,大阪府,藤井寺市,64235,2373,2753,2993,3312,3387,2898,3185,3603,4526,5437,4622,3705,3374,4431,4486,3917,2725,1587,712,195,14,5233,30565,1241,1449,1485,1679,1691,1420,1514,1772,2269,2649,2221,1816,1614,2052,2051,1719,1138,551,197,36,1,1923,33670,1132,1304,1508,1633,1696,1478,1671,1831,2257,2788,2401,1889,1760,2379,2435,2198,1587,1036,515,159,13,3310
2019,2019-01-01,27227,272272,大阪府,東大阪市,472246,16533,18430,20307,23303,25601,23090,24106,25918,33220,41216,34960,27913,24118,32381,33488,30100,20925,11003,4323,1126,185,37562,229854,8418,9448,10311,11919,12935,11537,12477,13301,16842,20902,17719,14091,12129,15522,15364,13176,8649,3823,1121,158,12,13763,242392,8115,8982,9996,11384,12666,11553,11629,12617,16378,20314,17241,13822,11989,16859,18124,16924,12276,7180,3202,968,173,23799
2019,2019-01-01,27228,272281,大阪府,泉南市,61490,2280,2725,3122,3649,3364,2834,2867,3176,4193,4991,4077,3535,3271,4473,4468,3821,2508,1411,556,141,28,4644,29733,1186,1388,1586,1824,1706,1421,1455,1589,2108,2470,2039,1763,1581,2045,2076,1774,1053,499,144,24,2,1722,31757,1094,1337,1536,1825,1658,1413,1412,1587,2085,2521,2038,1772,1690,2428,2392,2047,1455,912,412,117,26,2922
2019,2019-01-01,27229,272299,大阪府,四條畷市,55241,2037,2326,2862,3307,3000,2463,2487,2890,4149,5276,4123,2964,2557,3587,4020,3516,2065,1042,416,130,24,3677,27040,1017,1204,1503,1752,1538,1233,1230,1426,2098,2605,2070,1551,1293,1660,1804,1630,933,368,105,20,0,1426,28201,1020,1122,1359,1555,1462,1230,1257,1464,2051,2671,2053,1413,1264,1927,2216,1886,1132,674,311,110,24,2251
2019,2019-01-01,27230,272302,大阪府,交野市,77400,3074,3335,3771,4347,4065,3199,3629,3992,5556,6843,5737,4531,3964,5140,5572,5024,3185,1537,667,204,28,5621,37374,1555,1702,1963,2240,2021,1573,1765,1945,2712,3355,2797,2301,1946,2351,2457,2315,1495,626,214,39,2,2376,40026,1519,1633,1808,2107,2044,1626,1864,2047,2844,3488,2940,2230,2018,2789,3115,2709,1690,911,453,165,26,3245
2019,2019-01-01,27231,272311,大阪府,大阪狭山市,58159,2546,2679,2839,3051,3011,2588,3052,3440,4213,4722,3654,3383,3180,4002,4015,3370,2303,1329,606,148,28,4414,27578,1347,1343,1441,1552,1512,1274,1504,1632,2017,2304,1773,1590,1502,1830,1746,1536,975,496,177,24,3,1675,30581,1199,1336,1398,1499,1499,1314,1548,1808,2196,2418,1881,1793,1678,2172,2269,1834,1328,833,429,124,25,2739
2019,2019-01-01,27232,272329,大阪府,阪南市,54181,1611,2128,2439,2860,2677,2174,2278,2739,3643,4175,3645,3237,3475,4605,4378,3777,2224,1327,588,168,33,4340,25881,844,1074,1225,1427,1394,1083,1107,1341,1779,2051,1774,1547,1628,2181,2057,1751,991,438,160,26,3,1618,28300,767,1054,1214,1433,1283,1091,1171,1398,1864,2124,1871,1690,1847,2424,2321,2026,1233,889,428,142,30,2722
2019,2019-01-01,27300,273007,大阪府,三島郡,30698,1382,1614,1434,1406,1264,1292,1657,2049,2310,2376,1983,1784,1707,2342,2188,1697,1113,685,311,89,15,2213,14557,707,799,736,702,609,627,817,1008,1157,1155,951,837,776,1073,1029,768,456,255,81,12,2,806,16141,675,815,698,704,655,665,840,1041,1153,1221,1032,947,931,1269,1159,929,657,430,230,77,13,1407
2019,2019-01-01,27301,273015,大阪府,三島郡島本町,30698,1382,1614,1434,1406,1264,1292,1657,2049,2310,2376,1983,1784,1707,2342,2188,1697,1113,685,311,89,15,2213,14557,707,799,736,702,609,627,817,1008,1157,1155,951,837,776,1073,1029,768,456,255,81,12,2,806,16141,675,815,698,704,655,665,840,1041,1153,1221,1032,947,931,1269,1159,929,657,430,230,77,13,1407
2019,2019-01-01,27320,273201,大阪府,豊能郡,29636,465,677,884,1173,1279,988,1008,1086,1382,1782,1934,2014,2519,3463,3255,2459,1577,982,518,169,22,3268,14208,229,339,474,629,650,485,501,531,683,881,932,948,1193,1675,1557,1206,751,369,141,29,5,1295,15428,236,338,410,544,629,503,507,555,699,901,1002,1066,1326,1788,1698,1253,826,613,377,140,17,1973
2019,2019-01-01,27321,273210,大阪府,豊能郡豊能町,19606,305,450,578,760,819,603,663,723,901,1128,1178,1264,1630,2375,2291,1778,1092,633,314,106,15,2160,9363,158,232,311,410,429,281,326,342,431,562,572,565,747,1123,1087,889,539,253,84,19,3,898,10243,147,218,267,350,390,322,337,381,470,566,606,699,883,1252,1204,889,553,380,230,87,12,1262
2019,2019-01-01,27322,273228,大阪府,豊能郡能勢町,10030,160,227,306,413,460,385,345,363,481,654,756,750,889,1088,964,681,485,349,204,63,7,1108,4845,71,107,163,219,221,204,175,189,252,319,360,383,446,552,470,317,212,116,57,10,2,397,5185,89,120,143,194,239,181,170,174,229,335,396,367,443,536,494,364,273,233,147,53,5,711
2019,2019-01-01,27340,273406,大阪府,泉北郡,16653,576,693,863,935,903,782,774,835,1175,1470,1134,944,830,1174,1129,954,769,431,219,58,5,1482,8019,283,363,446,469,471,404,364,433,609,739,571,463,418,551,509,420,283,156,55,11,1,506,8634,293,330,417,466,432,378,410,402,566,731,563,481,412,623,620,534,486,275,164,47,4,976
2019,2019-01-01,27341,273414,大阪府,泉北郡忠岡町,16653,576,693,863,935,903,782,774,835,1175,1470,1134,944,830,1174,1129,954,769,431,219,58,5,1482,8019,283,363,446,469,471,404,364,433,609,739,571,463,418,551,509,420,283,156,55,11,1,506,8634,293,330,417,466,432,378,410,402,566,731,563,481,412,623,620,534,486,275,164,47,4,976
2019,2019-01-01,27360,273601,大阪府,泉南郡,67788,2401,2816,3365,3812,3742,2616,3186,3588,4657,5350,4364,3839,3914,5374,5232,4284,2589,1678,765,190,26,5248,32817,1249,1458,1746,1986,2013,1321,1622,1718,2276,2658,2133,1917,1816,2484,2468,2040,1117,548,222,22,3,1912,34971,1152,1358,1619,1826,1729,1295,1564,1870,2381,2692,2231,1922,2098,2890,2764,2244,1472,1130,543,168,23,3336
2019,2019-01-01,27361,273619,大阪府,泉南郡熊取町,43490,1675,1985,2299,2442,2315,1714,2140,2466,3067,3502,2735,2435,2530,3497,3342,2523,1426,859,419,104,15,2823,21115,873,1037,1179,1275,1235,862,1082,1155,1489,1740,1317,1182,1172,1609,1599,1255,632,304,105,11,2,1054,22375,802,948,1120,1167,1080,852,1058,1311,1578,1762,1418,1253,1358,1888,1743,1268,794,555,314,93,13,1769
2019,2019-01-01,27362,273627,大阪府,泉南郡田尻町,8659,358,386,480,628,772,426,441,469,654,701,511,448,358,466,462,462,312,216,88,20,1,637,4315,183,202,252,343,450,213,237,227,338,345,263,243,169,212,205,212,124,70,24,3,0,221,4344,175,184,228,285,322,213,204,242,316,356,248,205,189,254,257,250,188,146,64,17,1,416
2019,2019-01-01,27366,273660,大阪府,泉南郡岬町,15639,368,445,586,742,655,476,605,653,936,1147,1118,956,1026,1411,1428,1299,851,603,258,66,10,1788,7387,193,219,315,368,328,246,303,336,449,573,553,492,475,663,664,573,361,174,93,8,1,637,8252,175,226,271,374,327,230,302,317,487,574,565,464,551,748,764,726,490,429,165,58,9,1151
2019,2019-01-01,27380,273805,大阪府,南河内郡,34111,1024,1286,1552,1841,1790,1298,1373,1554,2147,2616,2354,2147,2176,2737,2819,2300,1489,993,446,150,19,3097,16600,539,680,805,946,928,652,687,759,1122,1306,1140,1074,1101,1290,1356,1080,618,364,121,28,4,1135,17511,485,606,747,895,862,646,686,795,1025,1310,1214,1073,1075,1447,1463,1220,871,629,325,122,15,1962
2019,2019-01-01,27381,273813,大阪府,南河内郡太子町,13355,453,512,669,846,764,523,567,640,866,1089,1006,842,825,966,1001,785,457,345,152,44,3,1001,6554,239,274,341,434,402,271,288,320,441,539,501,423,418,457,479,377,184,115,44,7,0,350,6801,214,238,328,412,362,252,279,320,425,550,505,419,407,509,522,408,273,230,108,37,3,651
2019,2019-01-01,27382,273821,大阪府,南河内郡河南町,15517,481,619,690,808,829,615,644,719,977,1193,1074,1016,984,1188,1182,1037,716,467,206,62,10,1461,7549,258,330,360,413,422,300,314,341,523,604,508,508,503,571,567,472,300,181,59,12,3,555,7968,223,289,330,395,407,315,330,378,454,589,566,508,481,617,615,565,416,286,147,50,7,906
2019,2019-01-01,27383,273830,大阪府,南河内郡千早赤阪村,5239,90,155,193,187,197,160,162,195,304,334,274,289,367,583,636,478,316,181,88,44,6,635,2497,42,76,104,99,104,81,85,98,158,163,131,143,180,262,310,231,134,68,18,9,1,230,2742,48,79,89,88,93,79,77,97,146,171,143,146,187,321,326,247,182,113,70,35,5,405
2019,2019-01-01,28000,280003,兵庫県,,5462316,213687,236965,247361,266094,265294,251637,286022,318733,388690,433462,369558,330545,318022,392429,370200,307512,227416,149024,68194,18681,2790,466105,2618245,109788,121341,126835,136223,133712,125720,142820,157423,191681,213726,181411,160649,154375,187087,171784,137089,92858,51775,18543,3110,295,166581,2844071,103899,115624,120526,129871,131582,125917,143202,161310,197009,219736,188147,169896,163647,205342,198416,170423,134558,97249,49651,15571,2495,299524
2019,2019-01-01,28100,281000,兵庫県,神戸市,1489820,56599,62801,65100,68895,72147,70659,79533,88246,107563,119027,101475,92047,86942,106571,100388,83786,62697,41315,18374,4888,767,128041,706116,29208,32166,33286,35289,35732,34320,38975,42961,51996,58037,49408,44273,41697,50755,46495,36605,24879,14135,4982,841,76,44913,783704,27391,30635,31814,33606,36415,36339,40558,45285,55567,60990,52067,47774,45245,55816,53893,47181,37818,27180,13392,4047,691,83128
2019,2019-01-01,28101,281018,兵庫県,神戸市東灘区,208432,8820,9575,9815,10504,10485,9561,10976,12801,16074,18240,15686,13283,11548,12925,12178,9865,7698,5300,2385,635,78,16096,97658,4556,4935,5015,5364,5259,4542,5212,5949,7625,8527,7481,6321,5618,5981,5458,4223,2989,1802,677,120,4,5592,110774,4264,4640,4800,5140,5226,5019,5764,6852,8449,9713,8205,6962,5930,6944,6720,5642,4709,3498,1708,515,74,10504
2019,2019-01-01,28102,281026,兵庫県,神戸市灘区,128585,5389,5948,5722,5904,6478,6185,7150,8215,10229,11005,9035,7441,6427,8088,7517,6373,5249,3912,1794,451,73,11479,59893,2800,3048,2891,3022,3246,2960,3413,3903,4730,5282,4378,3603,3085,3730,3378,2643,1917,1267,517,72,8,3781,68692,2589,2900,2831,2882,3232,3225,3737,4312,5499,5723,4657,3838,3342,4358,4139,3730,3332,2645,1277,379,65,7698
2019,2019-01-01,28105,281051,兵庫県,神戸市兵庫区,103128,3531,3465,3576,3791,4964,6128,6452,6269,7245,8213,6898,6051,5675,7156,6953,6308,5137,3404,1442,406,64,10453,50096,1778,1761,1859,1936,2336,3048,3340,3213,3724,4234,3581,3192,2857,3711,3279,2698,1989,1111,372,74,3,3549,53032,1753,1704,1717,1855,2628,3080,3112,3056,3521,3979,3317,2859,2818,3445,3674,3610,3148,2293,1070,332,61,6904
2019,2019-01-01,28106,281069,兵庫県,神戸市長田区,91464,2801,3026,3314,3603,4299,4555,4607,4679,5784,6946,6149,5681,5309,7075,6892,6435,5110,3291,1449,398,61,10309,43826,1461,1591,1672,1881,2189,2454,2361,2421,2891,3571,3134,2853,2663,3524,3166,2655,1876,1054,334,69,6,3339,47638,1340,1435,1642,1722,2110,2101,2246,2258,2893,3375,3015,2828,2646,3551,3726,3780,3234,2237,1115,329,55,6970
2019,2019-01-01,28107,281077,兵庫県,神戸市須磨区,158303,5861,6231,6277,7068,6947,6884,7801,8724,10510,11810,10442,9964,9564,12277,12273,10452,7743,4753,2114,516,92,15218,73755,3034,3106,3207,3642,3419,3278,3750,4216,5068,5693,4966,4701,4446,5602,5645,4543,3110,1659,584,81,5,5439,84548,2827,3125,3070,3426,3528,3606,4051,4508,5442,6117,5476,5263,5118,6675,6628,5909,4633,3094,1530,435,87,9779
2019,2019-01-01,28108,281085,兵庫県,神戸市垂水区,219710,9372,10307,10110,10123,9559,9230,11474,13309,15433,16905,14198,12784,12345,15532,15079,13465,10061,6667,2868,764,125,20485,103659,4844,5365,5151,5216,4853,4582,5550,6500,7495,8193,6822,6017,5866,7219,6867,5771,4030,2392,778,131,17,7348,116051,4528,4942,4959,4907,4706,4648,5924,6809,7938,8712,7376,6767,6479,8313,8212,7694,6031,4275,2090,633,108,13137
2019,2019-01-01,28109,281093,兵庫県,神戸市北区,215706,7279,9166,10461,10956,10424,8556,9649,11296,14874,17012,14415,13492,13121,16664,16216,13610,9335,5779,2577,706,118,18515,102966,3765,4601,5384,5644,5254,4115,4741,5478,7242,8384,7072,6445,6208,7945,7421,6263,4091,2069,719,108,17,7004,112740,3514,4565,5077,5312,5170,4441,4908,5818,7632,8628,7343,7047,6913,8719,8795,7347,5244,3710,1858,598,101,11511
2019,2019-01-01,28110,281107,兵庫県,神戸市中央区,123541,4876,4110,3834,4005,6720,8792,9233,9133,9987,10172,8431,7240,6538,7714,7304,5778,4774,3090,1363,387,60,9674,57437,2467,2076,1937,1985,2967,4029,4456,4437,4745,4884,4119,3573,3155,3683,3402,2357,1737,979,362,80,7,3165,66104,2409,2034,1897,2020,3753,4763,4777,4696,5242,5288,4312,3667,3383,4031,3902,3421,3037,2111,1001,307,53,6509
2019,2019-01-01,28111,281115,兵庫県,神戸市西区,240951,8670,10973,11991,12941,12271,10768,12191,13820,17427,18724,16221,16111,16415,19140,15976,11500,7590,5119,2382,625,96,15812,116826,4503,5683,6170,6599,6209,5312,6152,6844,8476,9269,7855,7568,7799,9360,7879,5452,3140,1802,639,106,9,5696,124125,4167,5290,5821,6342,6062,5456,6039,6976,8951,9455,8366,8543,8616,9780,8097,6048,4450,3317,1743,519,87,10116
2019,2019-01-01,28201,282014,兵庫県,姫路市,526071,21821,24223,25223,27470,27579,25845,28250,31100,38066,42002,34796,30856,29410,35977,34631,28700,20295,12641,5448,1529,209,40122,255086,11145,12550,12838,14137,14158,13478,14363,15780,19121,20992,17099,15184,14496,17231,15762,12687,8221,4226,1371,220,27,14065,270985,10676,11673,12385,13333,13421,12367,13887,15320,18945,21010,17697,15672,14914,18746,18869,16013,12074,8415,4077,1309,182,26057
2019,2019-01-01,28202,282022,兵庫県,尼崎市,451844,17751,17760,18177,19315,22179,24638,26484,28068,33552,37711,31635,26049,23730,30889,30263,26577,19538,11423,4701,1247,157,37066,219774,9149,9046,9317,9831,11112,12382,13426,14145,17151,19297,16102,13047,11951,14868,14074,11750,7874,3857,1192,190,13,13126,232070,8602,8714,8860,9484,11067,12256,13058,13923,16401,18414,15533,13002,11779,16021,16189,14827,11664,7566,3509,1057,144,23940
2019,2019-01-01,28203,282031,兵庫県,明石市,299743,14129,13708,13336,14165,14563,15660,17913,18850,21554,23993,20524,17425,15898,20207,19483,16340,11327,6820,2940,799,109,21995,144868,7168,6935,6851,7252,7377,7852,9074,9353,10628,11900,10127,8599,7855,9640,8949,7327,4620,2422,783,147,9,7981,154875,6961,6773,6485,6913,7186,7808,8839,9497,10926,12093,10397,8826,8043,10567,10534,9013,6707,4398,2157,652,100,14014
2019,2019-01-01,28204,282049,兵庫県,西宮市,478480,20854,22633,24110,25328,23855,22337,25954,30128,37558,43135,35729,28749,24527,29152,28013,22780,16728,10682,4752,1265,211,33638,226509,10675,11547,12410,13159,11794,10584,12423,14259,17726,20528,17695,13951,11742,13374,12745,9988,6721,3691,1266,205,26,11909,251971,10179,11086,11700,12169,12061,11753,13531,15869,19832,22607,18034,14798,12785,15778,15268,12792,10007,6991,3486,1060,185,21729
2019,2019-01-01,28205,282057,兵庫県,洲本市,43743,1367,1626,1808,2060,1881,1581,1774,2214,2743,3041,2742,2655,2940,3867,3539,2505,2284,1791,998,279,48,5400,20896,744,850,907,1078,934,817,906,1112,1374,1530,1346,1285,1419,1879,1711,1108,921,622,293,54,6,1896,22847,623,776,901,982,947,764,868,1102,1369,1511,1396,1370,1521,1988,1828,1397,1363,1169,705,225,42,3504
2019,2019-01-01,28206,282065,兵庫県,芦屋市,94394,3513,4077,4441,4543,4050,3271,4021,5114,6781,8181,7370,6299,5574,6613,6576,5368,4075,2729,1388,354,56,8602,42820,1799,2084,2276,2388,1966,1495,1820,2302,3002,3701,3348,2885,2542,2997,2895,2252,1604,976,413,70,5,3068,51574,1714,1993,2165,2155,2084,1776,2201,2812,3779,4480,4022,3414,3032,3616,3681,3116,2471,1753,975,284,51,5534
2019,2019-01-01,28207,282073,兵庫県,伊丹市,200098,8777,9421,9388,10074,10427,10280,11303,12650,15235,17006,14261,11297,9792,12617,12410,10670,7583,4418,1915,505,69,14490,97548,4464,4781,4769,5156,5446,5378,5774,6326,7629,8494,7151,5712,4729,5835,5673,4763,3216,1581,576,89,6,5468,102550,4313,4640,4619,4918,4981,4902,5529,6324,7606,8512,7110,5585,5063,6782,6737,5907,4367,2837,1339,416,63,9022
2019,2019-01-01,28208,282081,兵庫県,相生市,29181,1042,1162,1162,1221,1301,1161,1438,1530,1904,1955,1739,1557,1685,2508,2549,2105,1488,996,477,178,23,3162,14055,541,589,602,615,702,618,759,806,996,979,869,772,810,1207,1169,970,558,335,125,32,1,1051,15126,501,573,560,606,599,543,679,724,908,976,870,785,875,1301,1380,1135,930,661,352,146,22,2111
2019,2019-01-01,28209,282090,兵庫県,豊岡市,81303,2867,3546,3672,4058,3369,3075,3801,4270,4985,5534,4801,5095,5565,6512,5779,4693,4189,3229,1713,475,75,9681,39213,1481,1780,1856,2075,1740,1589,2025,2203,2595,2842,2365,2499,2791,3125,2756,2048,1718,1144,489,85,7,3443,42090,1386,1766,1816,1983,1629,1486,1776,2067,2390,2692,2436,2596,2774,3387,3023,2645,2471,2085,1224,390,68,6238
2019,2019-01-01,28210,282103,兵庫県,加古川市,263031,10322,11871,12228,13791,13608,12618,14297,15373,19181,21144,17034,14953,15323,19563,18173,14987,9636,5793,2419,646,71,18565,129122,5421,6023,6294,7030,7263,6693,7471,7708,9792,10632,8381,7165,7445,9338,8461,6999,4165,2000,708,127,6,7006,133909,4901,5848,5934,6761,6345,5925,6826,7665,9389,10512,8653,7788,7878,10225,9712,7988,5471,3793,1711,519,65,11559
2019,2019-01-01,28212,282120,兵庫県,赤穂市,47474,1593,1887,2087,2452,2309,2019,2220,2500,3117,3339,3080,2877,2899,3872,3525,2951,2304,1491,731,189,32,4747,22918,828,1011,1104,1244,1172,1071,1192,1285,1570,1637,1507,1413,1457,1844,1636,1315,938,473,190,29,2,1632,24556,765,876,983,1208,1137,948,1028,1215,1547,1702,1573,1464,1442,2028,1889,1636,1366,1018,541,160,30,3115
2019,2019-01-01,28213,282138,兵庫県,西脇市,40328,1443,1640,1796,2040,1908,1615,1772,2078,2515,2844,2622,2444,2551,3034,2840,2735,2108,1428,685,194,36,4451,19395,770,853,927,1025,981,819,940,1056,1264,1449,1301,1217,1235,1448,1327,1176,894,518,163,26,6,1607,20933,673,787,869,1015,927,796,832,1022,1251,1395,1321,1227,1316,1586,1513,1559,1214,910,522,168,30,2844
2019,2019-01-01,28214,282146,兵庫県,宝塚市,231183,9228,10575,10997,11823,10738,9100,10869,12906,17178,20167,17138,14301,12820,15321,15556,13094,9604,6048,2797,776,147,19372,107283,4670,5368,5585,5843,5087,4166,5070,6025,8136,9532,8249,6740,6086,6868,6922,5828,4041,2117,800,136,14,7108,123900,4558,5207,5412,5980,5651,4934,5799,6881,9042,10635,8889,7561,6734,8453,8634,7266,5563,3931,1997,640,133,12264
2019,2019-01-01,28215,282154,兵庫県,三木市,76329,2519,2951,3228,3510,3445,3036,3507,4013,5029,5433,4643,4460,4999,6656,6253,5297,3540,2290,1135,327,58,7350,36877,1251,1504,1676,1787,1708,1557,1756,2024,2564,2769,2280,2177,2360,3182,2899,2519,1610,854,332,59,9,2864,39452,1268,1447,1552,1723,1737,1479,1751,1989,2465,2664,2363,2283,2639,3474,3354,2778,1930,1436,803,268,49,4486
2019,2019-01-01,28216,282162,兵庫県,高砂市,90037,3447,3952,4189,4622,4662,4458,4773,5259,6201,6961,5589,5192,5156,7017,6706,5152,3418,2110,898,239,36,6701,43875,1742,2021,2114,2317,2508,2436,2421,2713,3112,3510,2708,2505,2431,3394,3136,2436,1391,718,226,33,3,2371,46162,1705,1931,2075,2305,2154,2022,2352,2546,3089,3451,2881,2687,2725,3623,3570,2716,2027,1392,672,206,33,4330
2019,2019-01-01,28217,282171,兵庫県,川西市,156691,5546,6654,7170,7914,7318,5684,7011,8499,10757,13342,11042,8888,8233,10890,11797,11088,7955,4483,1806,521,93,14858,74198,2840,3387,3698,4097,3549,2628,3448,4050,5166,6484,5461,4248,3823,4975,5222,5038,3657,1780,549,88,10,6084,82493,2706,3267,3472,3817,3769,3056,3563,4449,5591,6858,5581,4640,4410,5915,6575,6050,4298,2703,1257,433,83,8774
2019,2019-01-01,28218,282189,兵庫県,小野市,47947,1886,2280,2546,2554,2311,2075,2483,2714,3246,3698,3067,2755,2878,3583,3302,2553,1868,1310,623,196,19,4016,23458,1043,1167,1289,1362,1163,1089,1256,1382,1625,1837,1503,1349,1422,1713,1605,1143,833,490,158,27,2,1510,24489,843,1113,1257,1192,1148,986,1227,1332,1621,1861,1564,1406,1456,1870,1697,1410,1035,820,465,169,17,2506
2019,2019-01-01,28219,282197,兵庫県,三田市,111702,4374,5172,5109,5622,6497,5626,6136,6350,6893,7486,8197,9069,8698,8682,6265,4458,3345,2351,1069,269,34,7068,54311,2274,2673,2684,2894,3296,2833,3035,3114,3344,3519,3798,4266,4244,4500,3221,2085,1378,809,305,36,3,2531,57391,2100,2499,2425,2728,3201,2793,3101,3236,3549,3967,4399,4803,4454,4182,3044,2373,1967,1542,764,233,31,4537
2019,2019-01-01,28220,282201,兵庫県,加西市,43307,1458,1598,1770,2063,2039,1783,1971,2177,2583,2924,2773,2802,3069,3758,3342,2499,2005,1581,833,243,36,4698,21158,742,810,923,1044,1060,939,1006,1140,1373,1484,1372,1392,1562,1846,1640,1159,832,560,230,34,10,1666,22149,716,788,847,1019,979,844,965,1037,1210,1440,1401,1410,1507,1912,1702,1340,1173,1021,603,209,26,3032
2019,2019-01-01,28221,282219,兵庫県,篠山市,41031,1455,1648,1686,1806,1755,1598,1943,2098,2392,2589,2423,2723,2965,3580,2972,2339,2171,1701,915,235,37,5059,19782,743,848,892,934,932,793,999,1063,1215,1336,1150,1339,1470,1819,1435,1020,873,623,255,41,2,1794,21249,712,800,794,872,823,805,944,1035,1177,1253,1273,1384,1495,1761,1537,1319,1298,1078,660,194,35,3265
2019,2019-01-01,28222,282227,兵庫県,養父市,23609,777,865,970,1087,968,791,967,1119,1303,1373,1238,1549,1840,2005,1751,1498,1411,1203,674,199,21,3508,11405,397,468,513,560,512,422,507,580,664,704,623,752,925,994,852,739,536,428,191,37,1,1193,12204,380,397,457,527,456,369,460,539,639,669,615,797,915,1011,899,759,875,775,483,162,20,2315
2019,2019-01-01,28223,282235,兵庫県,丹波市,63761,2329,2632,2826,3242,2803,2538,2924,3193,3893,3972,3568,3956,4394,5268,4659,3825,3202,2646,1409,427,55,7739,30599,1162,1358,1441,1632,1450,1356,1512,1638,2015,2016,1727,1898,2131,2587,2289,1729,1282,928,383,57,8,2658,33162,1167,1274,1385,1610,1353,1182,1412,1555,1878,1956,1841,2058,2263,2681,2370,2096,1920,1718,1026,370,47,5081
2019,2019-01-01,28224,282243,兵庫県,南あわじ市,47158,1719,1885,2019,2150,1961,1662,2127,2477,2849,3115,2837,2956,3302,4135,3613,2726,2372,1958,985,274,36,5625,22809,890,936,1034,1086,1056,821,1063,1269,1485,1574,1420,1466,1644,2047,1745,1225,1000,718,290,34,6,2048,24349,829,949,985,1064,905,841,1064,1208,1364,1541,1417,1490,1658,2088,1868,1501,1372,1240,695,240,30,3577
2019,2019-01-01,28225,282251,兵庫県,朝来市,30363,1129,1231,1256,1491,1280,1084,1428,1511,1757,1930,1751,1952,2219,2539,2120,1776,1524,1337,793,223,32,3909,14577,556,643,656,778,635,559,732,770,933,982,874,965,1098,1293,986,786,605,456,224,44,2,1331,15786,573,588,600,713,645,525,696,741,824,948,877,987,1121,1246,1134,990,919,881,569,179,30,2578
2019,2019-01-01,28226,282260,兵庫県,淡路市,43726,1394,1641,1714,1874,1740,1508,1940,2117,2615,2660,2507,2611,3135,3913,3457,2815,2506,2035,1126,367,51,6085,20965,696,829,898,957,871,824,1003,1063,1322,1336,1220,1278,1583,1996,1706,1240,1062,707,289,74,11,2143,22761,698,812,816,917,869,684,937,1054,1293,1324,1287,1333,1552,1917,1751,1575,1444,1328,837,293,40,3942
2019,2019-01-01,28227,282278,兵庫県,宍粟市,37774,1136,1501,1705,1913,1559,1364,1647,1927,2269,2422,2148,2459,2841,3436,2777,2162,1954,1526,791,212,25,4508,18174,616,773,883,973,809,722,873,1008,1179,1224,1046,1160,1429,1704,1305,944,741,557,193,33,2,1526,19600,520,728,822,940,750,642,774,919,1090,1198,1102,1299,1412,1732,1472,1218,1213,969,598,179,23,2982
2019,2019-01-01,28228,282286,兵庫県,加東市,38893,1669,1781,1835,2015,1910,1872,2145,2325,2735,2873,2504,2366,2414,2719,2408,1784,1587,1152,615,152,32,3538,19099,845,913,949,1007,939,1006,1099,1217,1413,1466,1225,1216,1205,1316,1219,822,632,407,173,28,2,1242,19794,824,868,886,1008,971,866,1046,1108,1322,1407,1279,1150,1209,1403,1189,962,955,745,442,124,30,2296
2019,2019-01-01,28229,282294,兵庫県,たつの市,76358,2875,3342,3546,3893,3615,3090,3833,4401,5190,5561,4714,4524,4838,6159,5764,4470,3084,2145,1014,262,38,6543,36980,1492,1749,1840,1961,1872,1580,1982,2282,2634,2798,2314,2217,2329,2986,2669,2084,1199,707,254,29,2,2191,39378,1383,1593,1706,1932,1743,1510,1851,2119,2556,2763,2400,2307,2509,3173,3095,2386,1885,1438,760,233,36,4352
2019,2019-01-01,28300,283002,兵庫県,川辺郡,31088,989,1422,1844,1802,1396,962,1258,1516,2238,2513,2148,1966,2200,2624,2235,1728,1021,706,382,124,14,2247,14901,490,721,962,937,690,427,617,703,1059,1233,1054,931,1037,1296,1086,832,475,237,95,17,2,826,16187,499,701,882,865,706,535,641,813,1179,1280,1094,1035,1163,1328,1149,896,546,469,287,107,12,1421
2019,2019-01-01,28301,283011,兵庫県,川辺郡猪名川町,31088,989,1422,1844,1802,1396,962,1258,1516,2238,2513,2148,1966,2200,2624,2235,1728,1021,706,382,124,14,2247,14901,490,721,962,937,690,427,617,703,1059,1233,1054,931,1037,1296,1086,832,475,237,95,17,2,826,16187,499,701,882,865,706,535,641,813,1179,1280,1094,1035,1163,1328,1149,896,546,469,287,107,12,1421
2019,2019-01-01,28360,283606,兵庫県,多可郡,20678,545,743,903,1109,980,660,843,915,1149,1388,1296,1387,1440,1709,1606,1420,1099,879,453,133,21,2585,10013,282,385,467,599,488,353,442,452,580,701,658,683,716,816,801,642,475,321,130,18,4,948,10665,263,358,436,510,492,307,401,463,569,687,638,704,724,893,805,778,624,558,323,115,17,1637
2019,2019-01-01,28365,283657,兵庫県,多可郡多可町,20678,545,743,903,1109,980,660,843,915,1149,1388,1296,1387,1440,1709,1606,1420,1099,879,453,133,21,2585,10013,282,385,467,599,488,353,442,452,580,701,658,683,716,816,801,642,475,321,130,18,4,948,10665,263,358,436,510,492,307,401,463,569,687,638,704,724,893,805,778,624,558,323,115,17,1637
2019,2019-01-01,28380,283801,兵庫県,加古郡,64900,2620,3144,3046,3227,3058,2718,3383,3907,4776,4941,3932,3579,3820,5079,4960,3960,2475,1497,602,151,25,4750,31755,1371,1637,1588,1643,1591,1379,1706,1976,2427,2510,1958,1735,1808,2359,2336,1890,1092,542,176,29,2,1841,33145,1249,1507,1458,1584,1467,1339,1677,1931,2349,2431,1974,1844,2012,2720,2624,2070,1383,955,426,122,23,2909
2019,2019-01-01,28381,283819,兵庫県,加古郡稲美町,30695,1148,1392,1406,1492,1331,1136,1543,1743,2173,2317,1819,1782,1937,2615,2569,1978,1195,726,307,78,8,2314,15059,616,715,747,767,692,578,764,863,1123,1195,913,867,923,1246,1219,931,537,263,87,13,0,900,15636,532,677,659,725,639,558,779,880,1050,1122,906,915,1014,1369,1350,1047,658,463,220,65,8,1414
2019,2019-01-01,28382,283827,兵庫県,加古郡播磨町,34205,1472,1752,1640,1735,1727,1582,1840,2164,2603,2624,2113,1797,1883,2464,2391,1982,1280,771,295,73,17,2436,16696,755,922,841,876,899,801,942,1113,1304,1315,1045,868,885,1113,1117,959,555,279,89,16,2,941,17509,717,830,799,859,828,781,898,1051,1299,1309,1068,929,998,1351,1274,1023,725,492,206,57,15,1495
2019,2019-01-01,28440,284408,兵庫県,神崎郡,42304,1405,1726,1917,2100,1943,1782,1962,2228,2643,2741,2585,2616,2897,3514,3151,2514,1999,1501,807,232,41,4580,20359,715,885,955,1023,969,938,1026,1114,1348,1383,1258,1295,1426,1705,1546,1159,794,535,234,44,7,1614,21945,690,841,962,1077,974,844,936,1114,1295,1358,1327,1321,1471,1809,1605,1355,1205,966,573,188,34,2966
2019,2019-01-01,28442,284424,兵庫県,神崎郡市川町,12075,304,427,465,541,530,441,544,559,702,723,753,804,957,1142,955,798,607,478,247,84,14,1430,5858,153,211,248,257,273,224,294,282,368,359,361,392,486,577,476,386,246,178,75,10,2,511,6217,151,216,217,284,257,217,250,277,334,364,392,412,471,565,479,412,361,300,172,74,12,919
2019,2019-01-01,28443,284432,兵庫県,神崎郡福崎町,18804,773,904,937,1003,893,871,968,1126,1308,1341,1099,1094,1102,1386,1344,1020,756,522,275,68,14,1635,9078,394,463,470,493,452,463,485,569,658,687,539,533,547,624,637,462,296,191,87,24,4,602,9726,379,441,467,510,441,408,483,557,650,654,560,561,555,762,707,558,460,331,188,44,10,1033
2019,2019-01-01,28446,284467,兵庫県,神崎郡神河町,11425,328,395,515,556,520,470,450,543,633,677,733,718,838,986,852,696,636,501,285,80,13,1515,5423,168,211,237,273,244,251,247,263,322,337,358,370,393,504,433,311,252,166,72,10,1,501,6002,160,184,278,283,276,219,203,280,311,340,375,348,445,482,419,385,384,335,213,70,12,1014
2019,2019-01-01,28460,284602,兵庫県,揖保郡,34040,1435,1748,1938,2003,1616,1380,1702,2083,2714,2871,2075,1724,1891,2512,2342,1872,1125,638,277,86,8,2134,16673,730,933,1018,992,796,679,810,1042,1387,1487,1062,852,900,1174,1088,927,491,212,78,15,0,796,17367,705,815,920,1011,820,701,892,1041,1327,1384,1013,872,991,1338,1254,945,634,426,199,71,8,1338
2019,2019-01-01,28464,284645,兵庫県,揖保郡太子町,34040,1435,1748,1938,2003,1616,1380,1702,2083,2714,2871,2075,1724,1891,2512,2342,1872,1125,638,277,86,8,2134,16673,730,933,1018,992,796,679,810,1042,1387,1487,1062,852,900,1174,1088,927,491,212,78,15,0,796,17367,705,815,920,1011,820,701,892,1041,1327,1384,1013,872,991,1338,1254,945,634,426,199,71,8,1338
2019,2019-01-01,28480,284807,兵庫県,赤穂郡,14910,345,488,626,697,592,495,558,698,908,937,867,981,1158,1483,1321,1022,752,588,279,101,14,1734,7249,186,276,326,360,321,253,298,378,467,466,441,493,571,720,649,472,292,191,73,16,0,572,7661,159,212,300,337,271,242,260,320,441,471,426,488,587,763,672,550,460,397,206,85,14,1162
2019,2019-01-01,28481,284815,兵庫県,赤穂郡上郡町,14910,345,488,626,697,592,495,558,698,908,937,867,981,1158,1483,1321,1022,752,588,279,101,14,1734,7249,186,276,326,360,321,253,298,378,467,466,441,493,571,720,649,472,292,191,73,16,0,572,7661,159,212,300,337,271,242,260,320,441,471,426,488,587,763,672,550,460,397,206,85,14,1162
2019,2019-01-01,28500,285005,兵庫県,佐用郡,16850,443,494,642,710,634,597,658,742,937,874,891,1165,1374,1620,1340,1105,1063,915,507,121,18,2624,8058,227,255,320,389,331,315,365,362,505,456,410,570,679,832,695,470,417,315,121,23,1,877,8792,216,239,322,321,303,282,293,380,432,418,481,595,695,788,645,635,646,600,386,98,17,1747
2019,2019-01-01,28501,285013,兵庫県,佐用郡佐用町,16850,443,494,642,710,634,597,658,742,937,874,891,1165,1374,1620,1340,1105,1063,915,507,121,18,2624,8058,227,255,320,389,331,315,365,362,505,456,410,570,679,832,695,470,417,315,121,23,1,877,8792,216,239,322,321,303,282,293,380,432,418,481,595,695,788,645,635,646,600,386,98,17,1747
2019,2019-01-01,28580,285803,兵庫県,美方郡,32167,886,1137,1351,1455,1298,1015,1194,1437,1681,1779,1817,2261,2605,2845,2334,2158,2084,1668,863,263,36,4914,15367,435,587,687,769,702,549,646,762,884,901,901,1120,1327,1424,1079,912,821,583,233,43,2,1682,16800,451,550,664,686,596,466,548,675,797,878,916,1141,1278,1421,1255,1246,1263,1085,630,220,34,3232
2019,2019-01-01,28585,285854,兵庫県,美方郡香美町,17709,500,606,731,838,746,544,656,742,910,1013,1035,1251,1368,1532,1280,1227,1184,918,458,151,19,2730,8475,248,316,371,445,401,290,357,397,472,516,514,627,688,802,560,516,463,336,123,31,2,955,9234,252,290,360,393,345,254,299,345,438,497,521,624,680,730,720,711,721,582,335,120,17,1775
2019,2019-01-01,28586,285862,兵庫県,美方郡新温泉町,14458,386,531,620,617,552,471,538,695,771,766,782,1010,1237,1313,1054,931,900,750,405,112,17,2184,6892,187,271,316,324,301,259,289,365,412,385,387,493,639,622,519,396,358,247,110,12,0,727,7566,199,260,304,293,251,212,249,330,359,381,395,517,598,691,535,535,542,503,295,100,17,1457
2019,2019-01-01,29000,290009,奈良県,,1350265,47869,55319,59548,66979,65293,57820,65421,72770,90557,102038,90378,82176,82787,105103,99726,85148,59419,38087,18001,5070,756,121333,641335,24470,28346,30191,34443,32670,28233,32120,35422,44363,49615,43476,39321,39422,49306,46081,38670,25762,13608,4903,835,78,45186,708930,23399,26973,29357,32536,32623,29587,33301,37348,46194,52423,46902,42855,43365,55797,53645,46478,33657,24479,13098,4235,678,76147
2019,2019-01-01,29201,292010,奈良県,奈良市,353820,12312,13944,14869,16702,16973,14986,17309,19126,23830,27450,24638,21866,21740,27405,26181,22263,15815,10171,4774,1270,196,32226,166110,6309,7051,7488,8591,8416,7239,8331,9160,11572,13023,11634,10423,10207,12677,11951,9858,6898,3688,1348,225,21,12180,187710,6003,6893,7381,8111,8557,7747,8978,9966,12258,14427,13004,11443,11533,14728,14230,12405,8917,6483,3426,1045,175,20046
2019,2019-01-01,29202,292028,奈良県,大和高田市,64617,1864,2085,2401,2977,3564,3210,2985,3118,3930,4976,4915,4660,4264,5010,4856,4263,2940,1653,737,183,26,5539,30651,988,1053,1216,1509,1782,1562,1501,1557,1984,2375,2358,2207,2077,2407,2164,1832,1234,598,214,29,4,2079,33966,876,1032,1185,1468,1782,1648,1484,1561,1946,2601,2557,2453,2187,2603,2692,2431,1706,1055,523,154,22,3460
2019,2019-01-01,29203,292036,奈良県,大和郡山市,85750,2820,3365,3719,4146,3889,3559,4124,4613,5692,6689,5723,5017,5172,6918,6724,5871,3933,2381,1061,282,52,7709,40844,1393,1724,1888,2134,1961,1749,2098,2267,2831,3303,2749,2420,2428,3241,3099,2645,1762,820,279,50,3,2914,44906,1427,1641,1831,2012,1928,1810,2026,2346,2861,3386,2974,2597,2744,3677,3625,3226,2171,1561,782,232,49,4795
2019,2019-01-01,29204,292044,奈良県,天理市,64680,2540,2802,2798,5047,4579,3431,3342,3411,4014,4622,4238,3615,3467,4346,3958,3202,2514,1673,785,258,38,5268,31666,1256,1488,1504,2630,2340,1758,1696,1664,2022,2316,2128,1832,1699,2075,1882,1431,1060,612,217,54,2,1945,33014,1284,1314,1294,2417,2239,1673,1646,1747,1992,2306,2110,1783,1768,2271,2076,1771,1454,1061,568,204,36,3323
2019,2019-01-01,29205,292052,奈良県,橿原市,121148,4604,5093,5441,6095,6201,5881,6420,6979,8593,9514,8263,7203,6892,8778,8379,7505,4867,2824,1207,367,42,9307,57662,2339,2633,2739,3131,3055,2850,3186,3464,4145,4658,3995,3320,3284,4038,3784,3409,2197,1039,320,72,4,3632,63486,2265,2460,2702,2964,3146,3031,3234,3515,4448,4856,4268,3883,3608,4740,4595,4096,2670,1785,887,295,38,5675
2019,2019-01-01,29206,292061,奈良県,桜井市,56718,2005,2324,2483,2608,2762,2545,2912,3033,3689,3962,3714,3664,3613,4565,4078,3478,2547,1652,830,219,35,5283,27069,1029,1176,1257,1397,1398,1290,1442,1500,1799,1949,1791,1719,1781,2160,1903,1568,1042,595,240,29,4,1910,29649,976,1148,1226,1211,1364,1255,1470,1533,1890,2013,1923,1945,1832,2405,2175,1910,1505,1057,590,190,31,3373
2019,2019-01-01,29207,292079,奈良県,五條市,30406,778,942,1072,1432,1384,1224,1184,1385,1645,1921,2031,2159,2314,2775,2276,2006,1717,1325,605,197,34,3878,14451,370,487,518,780,723,615,629,690,841,968,977,1034,1140,1359,1130,840,690,462,156,39,3,1350,15955,408,455,554,652,661,609,555,695,804,953,1054,1125,1174,1416,1146,1166,1027,863,449,158,31,2528
2019,2019-01-01,29208,292087,奈良県,御所市,25685,565,650,857,1006,1190,1003,1011,1063,1324,1645,1671,1750,1799,2338,2320,2087,1635,1061,518,167,25,3406,12081,277,334,429,504,612,518,552,552,661,815,813,862,884,1110,1082,873,699,342,127,31,4,1203,13604,288,316,428,502,578,485,459,511,663,830,858,888,915,1228,1238,1214,936,719,391,136,21,2203
2019,2019-01-01,29209,292095,奈良県,生駒市,118937,4705,5890,6277,6232,5479,4281,5448,6818,9139,10039,8080,6852,6890,8629,8777,6885,4325,2522,1240,365,64,8516,56525,2451,3015,3179,3141,2753,2029,2565,3176,4347,4794,3960,3287,3256,3957,4049,3302,1985,878,342,52,7,3264,62412,2254,2875,3098,3091,2726,2252,2883,3642,4792,5245,4120,3565,3634,4672,4728,3583,2340,1644,898,313,57,5252
2019,2019-01-01,29210,292109,奈良県,香芝市,78914,3669,4228,4698,4677,3998,3672,4207,4926,6333,6974,5472,4278,3845,4839,4593,3819,2445,1407,636,176,22,4686,37800,1879,2156,2358,2318,1987,1724,2015,2359,3109,3390,2626,2093,1836,2202,2139,1800,1082,512,186,27,2,1809,41114,1790,2072,2340,2359,2011,1948,2192,2567,3224,3584,2846,2185,2009,2637,2454,2019,1363,895,450,149,20,2877
2019,2019-01-01,29211,292117,奈良県,葛城市,37073,1716,1999,1947,1925,1604,1551,2075,2279,2783,2746,2191,2002,2085,2681,2645,2137,1287,877,404,133,6,2707,17771,907,1048,970,1013,823,747,985,1098,1347,1374,1050,952,941,1293,1226,1030,539,307,101,18,2,967,19302,809,951,977,912,781,804,1090,1181,1436,1372,1141,1050,1144,1388,1419,1107,748,570,303,115,4,1740
2019,2019-01-01,29212,292125,奈良県,宇陀市,30258,716,910,1102,1274,1174,1032,1160,1358,1612,1802,1645,2063,2437,3120,2731,2245,1767,1181,706,190,33,3877,14501,376,460,576,683,609,507,606,679,795,917,801,1020,1179,1559,1295,1062,744,421,183,25,4,1377,15757,340,450,526,591,565,525,554,679,817,885,844,1043,1258,1561,1436,1183,1023,760,523,165,29,2500
2019,2019-01-01,29320,293202,奈良県,山辺郡,3522,67,101,111,123,98,79,117,164,186,158,164,211,320,403,336,251,234,224,139,34,2,633,1683,33,54,52,77,39,42,72,87,100,85,89,93,163,208,161,124,96,72,30,6,0,204,1839,34,47,59,46,59,37,45,77,86,73,75,118,157,195,175,127,138,152,109,28,2,429
2019,2019-01-01,29322,293229,奈良県,山辺郡山添村,3522,67,101,111,123,98,79,117,164,186,158,164,211,320,403,336,251,234,224,139,34,2,633,1683,33,54,52,77,39,42,72,87,100,85,89,93,163,208,161,124,96,72,30,6,0,204,1839,34,47,59,46,59,37,45,77,86,73,75,118,157,195,175,127,138,152,109,28,2,429
2019,2019-01-01,29340,293407,奈良県,生駒郡,77110,2787,3211,3369,3436,3463,3123,3737,4206,5259,5632,4972,4373,4600,6101,6254,5576,3513,2187,1007,268,36,7011,36560,1412,1668,1704,1802,1679,1450,1871,2030,2593,2789,2378,2106,2161,2753,2897,2651,1545,754,268,45,4,2616,40550,1375,1543,1665,1634,1784,1673,1866,2176,2666,2843,2594,2267,2439,3348,3357,2925,1968,1433,739,223,32,4395
2019,2019-01-01,29342,293423,奈良県,生駒郡平群町,18765,524,646,794,781,775,648,737,830,1187,1319,1204,1076,1208,1651,1809,1674,951,605,271,65,10,1902,8881,264,332,420,409,379,295,358,387,585,643,566,526,559,752,832,818,446,214,82,13,1,756,9884,260,314,374,372,396,353,379,443,602,676,638,550,649,899,977,856,505,391,189,52,9,1146
2019,2019-01-01,29343,293431,奈良県,生駒郡三郷町,22905,883,952,996,1098,1119,989,1187,1290,1627,1773,1519,1243,1251,1732,1713,1528,989,628,291,85,12,2005,10863,445,490,505,590,531,462,614,619,791,880,746,611,573,775,799,728,416,203,67,16,2,704,12042,438,462,491,508,588,527,573,671,836,893,773,632,678,957,914,800,573,425,224,69,10,1301
2019,2019-01-01,29344,293440,奈良県,生駒郡斑鳩町,28189,1176,1384,1339,1295,1242,1121,1433,1679,2000,2076,1794,1555,1576,2056,2110,1879,1270,763,339,92,10,2474,13357,615,720,661,669,611,522,692,817,974,1031,854,729,762,923,965,871,562,277,89,12,1,941,14832,561,664,678,626,631,599,741,862,1026,1045,940,826,814,1133,1145,1008,708,486,250,80,9,1533
2019,2019-01-01,29345,293458,奈良県,生駒郡安堵町,7251,204,229,240,262,327,365,380,407,445,464,455,499,565,662,622,495,303,191,106,26,4,630,3459,88,126,118,134,158,171,207,207,243,235,212,240,267,303,301,234,121,60,30,4,0,215,3792,116,103,122,128,169,194,173,200,202,229,243,259,298,359,321,261,182,131,76,22,4,415
2019,2019-01-01,29360,293601,奈良県,磯城郡,47061,1639,1875,2034,2181,2172,2122,2367,2431,3144,3333,2948,2740,2923,3868,3607,3284,2171,1384,608,202,28,4393,22541,846,953,1035,1082,1087,1050,1174,1228,1571,1663,1417,1312,1393,1846,1664,1563,933,516,177,28,3,1657,24520,793,922,999,1099,1085,1072,1193,1203,1573,1670,1531,1428,1530,2022,1943,1721,1238,868,431,174,25,2736
2019,2019-01-01,29361,293610,奈良県,磯城郡川西町,8460,294,329,368,376,369,330,377,434,600,603,493,464,515,756,692,641,404,272,109,30,4,819,4082,166,165,179,192,181,165,196,214,301,321,237,217,244,358,303,325,179,105,29,4,1,318,4378,128,164,189,184,188,165,181,220,299,282,256,247,271,398,389,316,225,167,80,26,3,501
2019,2019-01-01,29362,293628,奈良県,磯城郡三宅町,6869,194,249,252,267,287,314,297,307,409,515,464,420,451,564,565,589,371,208,110,27,9,725,3247,109,116,125,122,132,151,154,166,199,251,232,202,211,277,246,286,145,77,41,4,1,268,3622,85,133,127,145,155,163,143,141,210,264,232,218,240,287,319,303,226,131,69,23,8,457
2019,2019-01-01,29363,293636,奈良県,磯城郡田原本町,31732,1151,1297,1414,1538,1516,1478,1693,1690,2135,2215,1991,1856,1957,2548,2350,2054,1396,904,389,145,15,2849,15212,571,672,731,768,774,734,824,848,1071,1091,948,893,938,1211,1115,952,609,334,107,20,1,1071,16520,580,625,683,770,742,744,869,842,1064,1124,1043,963,1019,1337,1235,1102,787,570,282,125,14,1778
2019,2019-01-01,29380,293806,奈良県,宇陀郡,3076,36,59,51,79,77,91,84,84,122,130,155,211,283,341,284,275,296,227,147,33,11,714,1427,15,28,27,39,40,44,35,41,62,77,91,98,145,171,143,114,121,94,41,1,0,257,1649,21,31,24,40,37,47,49,43,60,53,64,113,138,170,141,161,175,133,106,32,11,457
2019,2019-01-01,29385,293857,奈良県,宇陀郡曽爾村,1447,24,45,26,34,29,46,44,48,71,64,72,101,146,164,135,118,105,93,67,11,4,280,671,10,22,14,19,12,22,16,25,32,41,44,42,76,82,64,51,39,38,22,0,0,99,776,14,23,12,15,17,24,28,23,39,23,28,59,70,82,71,67,66,55,45,11,4,181
2019,2019-01-01,29386,293865,奈良県,宇陀郡御杖村,1629,12,14,25,45,48,45,40,36,51,66,83,110,137,177,149,157,191,134,80,22,7,434,756,5,6,13,20,28,22,19,16,30,36,47,56,69,89,79,63,82,56,19,1,0,158,873,7,8,12,25,20,23,21,20,21,30,36,54,68,88,70,94,109,78,61,21,7,276
2019,2019-01-01,29400,294004,奈良県,高市郡,12336,323,454,480,489,477,439,501,595,678,764,715,787,946,1170,1051,865,686,548,280,75,13,1602,5855,158,214,266,263,238,226,249,307,357,371,340,361,461,584,498,403,272,200,73,13,1,559,6481,165,240,214,226,239,213,252,288,321,393,375,426,485,586,553,462,414,348,207,62,12,1043
2019,2019-01-01,29401,294012,奈良県,高市郡高取町,6785,157,252,267,284,257,238,244,332,378,434,417,430,511,625,588,487,367,325,149,36,7,884,3198,75,114,152,148,117,125,124,171,203,219,190,197,249,319,267,225,143,116,38,6,0,303,3587,82,138,115,136,140,113,120,161,175,215,227,233,262,306,321,262,224,209,111,30,7,581
2019,2019-01-01,29402,294021,奈良県,高市郡明日香村,5551,166,202,213,205,220,201,257,263,300,330,298,357,435,545,463,378,319,223,131,39,6,718,2657,83,100,114,115,121,101,125,136,154,152,150,164,212,265,231,178,129,84,35,7,1,256,2894,83,102,99,90,99,100,132,127,146,178,148,193,223,280,232,200,190,139,96,32,5,462
2019,2019-01-01,29420,294209,奈良県,北葛城郡,98801,3871,4310,4533,4959,4625,4178,4934,5555,6536,7387,6474,5966,6050,7684,7467,6053,3984,2598,1223,363,51,8219,46965,1992,2229,2298,2518,2302,2048,2349,2719,3196,3571,3111,2825,2806,3600,3521,2842,1763,905,314,53,3,3038,51836,1879,2081,2235,2441,2323,2130,2585,2836,3340,3816,3363,3141,3244,4084,3946,3211,2221,1693,909,310,48,5181
2019,2019-01-01,29424,294241,奈良県,北葛城郡上牧町,22320,599,731,991,1235,1083,861,942,1001,1376,1780,1557,1424,1390,1860,1867,1553,984,613,335,115,23,2070,10580,308,367,524,665,567,408,455,510,662,873,760,683,646,882,842,722,443,188,60,14,1,706,11740,291,364,467,570,516,453,487,491,714,907,797,741,744,978,1025,831,541,425,275,101,22,1364
2019,2019-01-01,29425,294250,奈良県,北葛城郡王寺町,24005,1257,1231,979,1011,1037,1160,1504,1648,1634,1734,1377,1333,1346,1778,1710,1359,963,610,252,78,4,1907,11386,648,653,479,520,475,581,723,814,795,832,640,600,620,838,795,646,415,225,70,17,0,727,12619,609,578,500,491,562,579,781,834,839,902,737,733,726,940,915,713,548,385,182,61,4,1180
2019,2019-01-01,29426,294268,奈良県,北葛城郡広陵町,34793,1563,1776,1849,1916,1729,1532,1841,2086,2436,2652,2348,2157,2200,2520,2214,1686,1066,770,352,89,11,2288,16745,811,909,921,924,864,754,870,1026,1198,1287,1137,1023,1021,1242,1091,800,471,282,101,12,1,867,18048,752,867,928,992,865,778,971,1060,1238,1365,1211,1134,1179,1278,1123,886,595,488,251,77,10,1421
2019,2019-01-01,29427,294276,奈良県,北葛城郡河合町,17683,452,572,714,797,776,625,647,820,1090,1221,1192,1052,1114,1526,1676,1455,971,605,284,81,13,1954,8254,225,300,374,409,396,305,301,369,541,579,574,519,519,638,793,674,434,210,83,10,1,738,9429,227,272,340,388,380,320,346,451,549,642,618,533,595,888,883,781,537,395,201,71,12,1216
2019,2019-01-01,29440,294403,奈良県,吉野郡,40353,852,1077,1306,1591,1584,1413,1504,1626,2048,2294,2369,2759,3147,4132,3209,3083,2743,2192,1094,288,42,6359,19173,440,575,687,831,826,785,764,844,1031,1177,1168,1357,1581,2066,1493,1323,1100,793,287,38,7,2225,21180,412,502,619,760,758,628,740,782,1017,1117,1201,1402,1566,2066,1716,1760,1643,1399,807,250,35,4134
2019,2019-01-01,29441,294411,奈良県,吉野郡吉野町,7049,102,147,167,191,217,203,241,251,314,316,372,482,560,831,688,646,560,446,244,63,8,1321,3219,56,74,84,92,111,107,115,118,161,154,186,222,261,413,313,290,233,158,63,7,1,462,3830,46,73,83,99,106,96,126,133,153,162,186,260,299,418,375,356,327,288,181,56,7,859
2019,2019-01-01,29442,294420,奈良県,吉野郡大淀町,17506,441,607,768,901,815,684,749,853,1131,1239,1125,1203,1319,1677,1221,1084,792,545,265,77,10,1689,8365,222,319,405,461,421,372,378,440,557,629,522,569,645,811,572,479,314,182,58,9,0,563,9141,219,288,363,440,394,312,371,413,574,610,603,634,674,866,649,605,478,363,207,68,10,1126
2019,2019-01-01,29443,294438,奈良県,吉野郡下市町,5411,97,116,142,182,249,194,165,176,228,253,353,403,416,554,432,455,445,353,160,31,7,996,2547,58,66,70,90,138,107,85,88,105,124,179,203,211,273,194,201,167,132,51,5,0,355,2864,39,50,72,92,111,87,80,88,123,129,174,200,205,281,238,254,278,221,109,26,7,641
2019,2019-01-01,29444,294446,奈良県,吉野郡黒滝村,709,10,14,11,11,22,25,29,25,30,40,28,42,51,94,65,62,43,54,40,13,0,150,340,6,6,5,8,11,16,15,17,14,19,20,20,31,47,29,28,19,17,10,2,0,48,369,4,8,6,3,11,9,14,8,16,21,8,22,20,47,36,34,24,37,30,11,0,102
2019,2019-01-01,29446,294462,奈良県,吉野郡天川村,1408,32,32,45,42,48,48,45,42,37,55,72,104,135,163,91,102,125,107,69,11,3,315,673,17,19,28,24,26,24,23,23,18,27,34,55,75,85,45,34,56,41,16,3,0,116,735,15,13,17,18,22,24,22,19,19,28,38,49,60,78,46,68,69,66,53,8,3,199
2019,2019-01-01,29447,294471,奈良県,吉野郡野迫川村,395,5,4,6,15,13,8,20,13,17,19,30,20,31,37,26,38,41,36,9,5,2,93,185,3,3,2,7,4,4,10,8,8,10,17,13,19,19,11,16,12,15,3,0,1,31,210,2,1,4,8,9,4,10,5,9,9,13,7,12,18,15,22,29,21,6,5,1,62
2019,2019-01-01,29449,294497,奈良県,吉野郡十津川村,3292,92,91,90,145,88,129,110,136,125,161,156,223,271,294,249,241,286,240,122,37,6,691,1653,44,48,49,92,44,83,62,78,70,98,83,128,153,154,114,95,120,90,40,6,2,258,1639,48,43,41,53,44,46,48,58,55,63,73,95,118,140,135,146,166,150,82,31,4,433
2019,2019-01-01,29450,294501,奈良県,吉野郡下北山村,903,18,18,14,30,38,24,28,25,35,47,64,61,73,73,70,84,76,84,32,8,1,201,413,10,11,5,15,17,15,18,11,21,26,34,33,33,42,27,32,29,29,3,1,1,63,490,8,7,9,15,21,9,10,14,14,21,30,28,40,31,43,52,47,55,29,7,0,138
2019,2019-01-01,29451,294519,奈良県,吉野郡上北山村,499,5,4,3,21,15,26,15,13,17,23,34,36,35,48,47,48,50,41,13,4,1,109,257,3,4,3,12,9,17,10,11,11,10,19,21,19,26,23,20,17,21,1,0,0,39,242,2,0,0,9,6,9,5,2,6,13,15,15,16,22,24,28,33,20,12,4,1,70
2019,2019-01-01,29452,294527,奈良県,吉野郡川上村,1417,26,22,23,17,35,29,44,34,49,63,64,84,111,153,148,144,137,140,73,19,2,371,670,9,12,12,12,18,14,21,16,27,37,40,40,58,85,74,59,53,55,26,1,1,136,747,17,10,11,5,17,15,23,18,22,26,24,44,53,68,74,85,84,85,47,18,1,235
2019,2019-01-01,29453,294535,奈良県,吉野郡東吉野村,1764,24,22,37,36,44,43,58,58,65,78,71,101,145,208,172,179,188,146,67,20,2,423,851,12,13,24,18,27,26,27,34,39,43,34,53,76,111,91,69,80,53,16,4,1,154,913,12,9,13,18,17,17,31,24,26,35,37,48,69,97,81,110,108,93,51,16,1,269
2019,2019-01-01,30000,300004,和歌山県,,958055,33447,37720,40127,45308,42976,40382,46073,50065,61038,68767,61945,60892,62016,76082,69794,59912,46840,33129,16309,4501,732,101511,454099,17139,19183,20668,23162,21952,20666,23236,24933,30680,34007,29514,29261,30041,36216,32197,26293,18516,11266,4369,731,69,34951,503956,16308,18537,19459,22146,21024,19716,22837,25132,30358,34760,32431,31631,31975,39866,37597,33619,28324,21863,11940,3770,663,66560
2019,2019-01-01,30201,302015,和歌山県,和歌山市,365394,13863,14974,15352,16948,17072,17162,19300,20148,24348,27965,24231,22416,21533,26956,26034,22911,16791,10858,4973,1328,231,34181,173513,7068,7612,7891,8594,8882,8836,9669,10043,12160,13827,11465,10790,10460,12550,11747,10184,6641,3556,1311,205,22,11735,191881,6795,7362,7461,8354,8190,8326,9631,10105,12188,14138,12766,11626,11073,14406,14287,12727,10150,7302,3662,1123,209,22446
2019,2019-01-01,30202,302023,和歌山県,海南市,50861,1496,1751,1928,2298,2160,1933,2183,2466,3148,3493,3194,3237,3366,4250,4013,3480,2867,2138,1109,307,44,6465,23896,802,862,1016,1178,1102,999,1108,1222,1615,1655,1555,1535,1623,2015,1853,1490,1130,766,318,48,4,2266,26965,694,889,912,1120,1058,934,1075,1244,1533,1838,1639,1702,1743,2235,2160,1990,1737,1372,791,259,40,4199
2019,2019-01-01,30203,302031,和歌山県,橋本市,62704,2080,2381,2673,3048,2892,2742,2967,3138,3864,4231,4002,4261,4591,5407,4657,3705,2826,1937,982,267,53,6065,29650,1024,1277,1349,1498,1443,1366,1486,1557,1888,2061,1836,1974,2224,2619,2233,1718,1136,666,248,42,5,2097,33054,1056,1104,1324,1550,1449,1376,1481,1581,1976,2170,2166,2287,2367,2788,2424,1987,1690,1271,734,225,48,3968
2019,2019-01-01,30204,302040,和歌山県,有田市,28088,828,1060,1167,1431,1411,1077,1263,1326,1666,2034,1844,1827,1855,2407,2141,1773,1410,985,421,137,25,2978,13357,414,535,634,755,744,546,648,655,871,997,874,864,879,1182,1005,775,533,303,124,19,0,979,14731,414,525,533,676,667,531,615,671,795,1037,970,963,976,1225,1136,998,877,682,297,118,25,1999
2019,2019-01-01,30205,302058,和歌山県,御坊市,23412,839,928,934,1224,1133,1050,1083,1187,1496,1684,1563,1490,1582,1813,1611,1313,1139,854,389,88,12,2482,11224,427,475,484,666,589,558,569,589,774,831,771,728,753,858,747,573,429,294,93,16,0,832,12188,412,453,450,558,544,492,514,598,722,853,792,762,829,955,864,740,710,560,296,72,12,1650
2019,2019-01-01,30206,302066,和歌山県,田辺市,73990,2499,2959,3165,3518,3147,2833,3438,3771,4855,5203,4835,4964,4893,5585,5182,4672,3825,2801,1392,386,67,8471,34932,1280,1451,1569,1746,1585,1459,1723,1904,2441,2555,2311,2420,2428,2667,2432,1955,1530,1001,391,74,10,3006,39058,1219,1508,1596,1772,1562,1374,1715,1867,2414,2648,2524,2544,2465,2918,2750,2717,2295,1800,1001,312,57,5465
2019,2019-01-01,30207,302074,和歌山県,新宮市,28664,961,1041,1190,1268,1101,1060,1172,1328,1616,1841,1738,1927,2037,2429,2236,1993,1656,1215,626,200,29,3726,13334,508,561,637,639,561,531,626,651,792,921,817,911,956,1175,986,819,647,397,161,35,3,1243,15330,453,480,553,629,540,529,546,677,824,920,921,1016,1081,1254,1250,1174,1009,818,465,165,26,2483
2019,2019-01-01,30208,302082,和歌山県,紀の川市,62327,1982,2431,2654,3020,2988,2459,2801,3361,3863,4320,4149,4228,4322,5173,4595,3598,2894,2121,1039,293,36,6383,29665,998,1198,1394,1572,1556,1230,1406,1670,1924,2128,1926,2048,2063,2508,2232,1572,1167,712,311,40,10,2240,32662,984,1233,1260,1448,1432,1229,1395,1691,1939,2192,2223,2180,2259,2665,2363,2026,1727,1409,728,253,26,4143
2019,2019-01-01,30209,302091,和歌山県,岩出市,53546,2328,2558,2722,3168,2876,2638,2850,3148,4078,4630,3966,3400,3125,3672,3087,2407,1453,895,423,107,15,2893,25846,1245,1314,1402,1621,1376,1326,1424,1486,2026,2263,1870,1607,1524,1757,1436,1135,617,287,106,24,0,1034,27700,1083,1244,1320,1547,1500,1312,1426,1662,2052,2367,2096,1793,1601,1915,1651,1272,836,608,317,83,15,1859
2019,2019-01-01,30300,303003,和歌山県,海草郡,8889,166,227,218,335,312,252,287,364,443,511,485,558,685,944,784,708,632,558,321,82,17,1610,4106,84,121,109,175,157,130,155,181,228,262,253,264,320,453,383,304,247,181,84,14,1,527,4783,82,106,109,160,155,122,132,183,215,249,232,294,365,491,401,404,385,377,237,68,16,1083
2019,2019-01-01,30304,303046,和歌山県,海草郡紀美野町,8889,166,227,218,335,312,252,287,364,443,511,485,558,685,944,784,708,632,558,321,82,17,1610,4106,84,121,109,175,157,130,155,181,228,262,253,264,320,453,383,304,247,181,84,14,1,527,4783,82,106,109,160,155,122,132,183,215,249,232,294,365,491,401,404,385,377,237,68,16,1083
2019,2019-01-01,30340,303402,和歌山県,伊都郡,24239,688,799,861,932,918,916,1007,1082,1269,1454,1373,1549,1698,2222,2033,1844,1492,1258,628,191,25,3594,11431,356,414,444,489,493,475,505,549,659,739,688,760,824,1089,940,766,591,446,173,29,2,1241,12808,332,385,417,443,425,441,502,533,610,715,685,789,874,1133,1093,1078,901,812,455,162,23,2353
2019,2019-01-01,30341,303411,和歌山県,伊都郡かつらぎ町,16892,532,593,648,694,676,664,718,761,904,1017,983,1089,1171,1510,1410,1213,968,798,407,120,16,2309,7971,278,301,331,370,356,344,367,396,472,505,475,526,571,718,666,518,375,276,110,15,1,777,8921,254,292,317,324,320,320,351,365,432,512,508,563,600,792,744,695,593,522,297,105,15,1532
2019,2019-01-01,30343,303437,和歌山県,伊都郡九度山町,4315,82,118,138,161,147,143,171,161,215,263,224,272,290,435,386,363,304,267,127,44,4,746,2002,39,64,71,82,73,61,77,73,105,135,117,130,141,233,173,150,128,99,40,11,0,278,2313,43,54,67,79,74,82,94,88,110,128,107,142,149,202,213,213,176,168,87,33,4,468
2019,2019-01-01,30344,303445,和歌山県,伊都郡高野町,3032,74,88,75,77,95,109,118,160,150,174,166,188,237,277,237,268,220,193,94,27,5,539,1458,39,49,42,37,64,70,61,80,82,99,96,104,112,138,101,98,88,71,23,3,1,186,1574,35,39,33,40,31,39,57,80,68,75,70,84,125,139,136,170,132,122,71,24,4,353
2019,2019-01-01,30360,303607,和歌山県,有田郡,45554,1613,1891,1997,2181,2088,1783,2163,2427,2806,2960,2791,2836,3145,3657,3200,2656,2260,1838,974,248,40,5360,21435,822,967,1014,1116,1005,894,1058,1228,1412,1478,1315,1360,1488,1797,1476,1146,915,639,261,39,5,1859,24119,791,924,983,1065,1083,889,1105,1199,1394,1482,1476,1476,1657,1860,1724,1510,1345,1199,713,209,35,3501
2019,2019-01-01,30361,303615,和歌山県,有田郡湯浅町,12037,355,455,501,564,540,407,527,614,749,845,749,723,858,1081,985,770,586,447,220,53,8,1314,5652,174,247,267,273,267,209,260,321,367,436,357,336,389,508,461,337,225,151,57,9,1,443,6385,181,208,234,291,273,198,267,293,382,409,392,387,469,573,524,433,361,296,163,44,7,871
2019,2019-01-01,30362,303623,和歌山県,有田郡広川町,7019,224,296,337,326,327,253,270,376,467,474,431,425,496,639,548,416,334,216,129,29,6,714,3320,122,152,169,160,145,137,141,187,216,242,216,197,234,320,255,181,133,76,32,5,0,246,3699,102,144,168,166,182,116,129,189,251,232,215,228,262,319,293,235,201,140,97,24,6,468
2019,2019-01-01,30366,303666,和歌山県,有田郡有田川町,26498,1034,1140,1159,1291,1221,1123,1366,1437,1590,1641,1611,1688,1791,1937,1667,1470,1340,1175,625,166,26,3332,12463,526,568,578,683,593,548,657,720,829,800,742,827,865,969,760,628,557,412,172,25,4,1170,14035,508,572,581,608,628,575,709,717,761,841,869,861,926,968,907,842,783,763,453,141,22,2162
2019,2019-01-01,30380,303801,和歌山県,日高郡,51811,1751,2037,2388,2713,2121,1914,2336,2647,3070,3358,3018,3315,3740,4320,3607,3119,2769,2097,1125,314,52,6357,24720,903,1039,1241,1434,1110,988,1210,1325,1560,1686,1439,1634,1831,2086,1712,1335,1070,767,302,46,2,2187,27091,848,998,1147,1279,1011,926,1126,1322,1510,1672,1579,1681,1909,2234,1895,1784,1699,1330,823,268,50,4170
2019,2019-01-01,30381,303810,和歌山県,日高郡美浜町,7221,226,239,300,333,301,271,341,355,430,424,407,511,542,593,555,490,422,295,132,43,11,903,3361,119,113,153,170,159,133,180,181,217,194,196,244,268,276,248,225,155,95,28,6,1,285,3860,107,126,147,163,142,138,161,174,213,230,211,267,274,317,307,265,267,200,104,37,10,618
2019,2019-01-01,30382,303828,和歌山県,日高郡日高町,7921,358,417,413,445,321,297,405,500,505,562,439,421,516,597,463,410,362,289,160,36,5,852,3829,190,228,207,244,168,152,201,237,268,275,198,221,248,291,221,167,144,115,48,6,0,313,4092,168,189,206,201,153,145,204,263,237,287,241,200,268,306,242,243,218,174,112,30,5,539
2019,2019-01-01,30383,303836,和歌山県,日高郡由良町,5758,129,190,213,260,246,178,231,272,302,380,378,346,465,547,483,381,338,245,128,40,6,757,2820,66,99,121,138,144,108,128,153,166,206,187,161,224,274,239,150,129,85,35,7,0,256,2938,63,91,92,122,102,70,103,119,136,174,191,185,241,273,244,231,209,160,93,33,6,501
2019,2019-01-01,30390,303909,和歌山県,日高郡印南町,8293,279,313,385,392,327,306,365,409,504,512,465,504,609,744,641,510,460,329,196,39,4,1028,3928,141,152,210,187,185,164,185,195,242,261,222,243,286,358,315,218,175,132,51,5,1,364,4365,138,161,175,205,142,142,180,214,262,251,243,261,323,386,326,292,285,197,145,34,3,664
2019,2019-01-01,30391,303917,和歌山県,日高郡みなべ町,12709,433,489,645,711,535,509,568,655,810,856,764,855,892,992,818,737,625,476,249,76,14,1440,6040,218,249,326,368,251,249,290,323,419,434,371,423,433,470,382,325,241,178,75,15,0,509,6669,215,240,319,343,284,260,278,332,391,422,393,432,459,522,436,412,384,298,174,61,14,931
2019,2019-01-01,30392,303925,和歌山県,日高郡日高川町,9909,326,389,432,572,391,353,426,456,519,624,565,678,716,847,647,591,562,463,260,80,12,1377,4742,169,198,224,327,203,182,226,236,248,316,265,342,372,417,307,250,226,162,65,7,0,460,5167,157,191,208,245,188,171,200,220,271,308,300,336,344,430,340,341,336,301,195,73,12,917
2019,2019-01-01,30400,304000,和歌山県,西牟婁郡,40997,1385,1575,1677,1826,1594,1521,1888,2156,2560,2914,2586,2611,2704,3426,3112,2616,2169,1540,842,256,39,4846,19445,707,793,872,965,774,765,960,1098,1306,1487,1302,1266,1332,1621,1394,1140,851,547,221,42,2,1663,21552,678,782,805,861,820,756,928,1058,1254,1427,1284,1345,1372,1805,1718,1476,1318,993,621,214,37,3183
2019,2019-01-01,30401,304018,和歌山県,西牟婁郡白浜町,21423,637,730,801,883,820,739,877,1070,1240,1431,1363,1384,1430,1878,1821,1544,1237,885,501,132,20,2775,10096,331,355,400,471,387,378,450,533,637,748,693,675,721,888,802,670,486,319,131,19,2,957,11327,306,375,401,412,433,361,427,537,603,683,670,709,709,990,1019,874,751,566,370,113,18,1818
2019,2019-01-01,30404,304042,和歌山県,西牟婁郡上富田町,15548,671,737,748,794,649,686,877,963,1154,1242,974,956,1008,1154,931,725,607,382,207,70,13,1279,7427,338,379,390,408,315,336,433,500,581,613,476,454,480,535,434,317,239,135,51,13,0,438,8121,333,358,358,386,334,350,444,463,573,629,498,502,528,619,497,408,368,247,156,57,13,841
2019,2019-01-01,30406,304069,和歌山県,西牟婁郡すさみ町,4026,77,108,128,149,125,96,134,123,166,241,249,271,266,394,360,347,325,273,134,54,6,792,1922,38,59,82,86,72,51,77,65,88,126,133,137,131,198,158,153,126,93,39,10,0,268,2104,39,49,46,63,53,45,57,58,78,115,116,134,135,196,202,194,199,180,95,44,6,524
2019,2019-01-01,30420,304204,和歌山県,東牟婁郡,37579,968,1108,1201,1398,1163,1042,1335,1516,1956,2169,2170,2273,2740,3821,3502,3117,2657,2034,1065,297,47,6100,17545,501,564,612,714,575,563,689,775,1024,1117,1092,1100,1336,1839,1621,1381,1012,704,265,58,3,2042,20034,467,544,589,684,588,479,646,741,932,1052,1078,1173,1404,1982,1881,1736,1645,1330,800,239,44,4058
2019,2019-01-01,30421,304212,和歌山県,東牟婁郡那智勝浦町,15112,409,480,542,593,473,403,531,637,827,961,929,948,1047,1508,1358,1259,1031,715,344,96,21,2207,7054,215,242,254,306,224,216,274,320,417,508,473,475,488,719,624,542,402,263,70,20,2,757,8058,194,238,288,287,249,187,257,317,410,453,456,473,559,789,734,717,629,452,274,76,19,1450
2019,2019-01-01,30422,304221,和歌山県,東牟婁郡太地町,3114,81,70,90,123,120,105,128,116,184,166,178,192,221,300,261,246,225,180,102,26,0,533,1406,36,35,48,63,57,53,62,63,89,84,85,81,113,143,122,99,80,65,23,5,0,173,1708,45,35,42,60,63,52,66,53,95,82,93,111,108,157,139,147,145,115,79,21,0,360
2019,2019-01-01,30424,304247,和歌山県,東牟婁郡古座川町,2729,65,68,84,81,69,54,69,85,120,127,129,150,195,295,276,242,235,226,119,36,4,620,1267,32,37,45,46,37,31,31,40,68,63,65,80,97,150,126,102,86,88,34,9,0,217,1462,33,31,39,35,32,23,38,45,52,64,64,70,98,145,150,140,149,138,85,27,4,403
2019,2019-01-01,30427,304271,和歌山県,東牟婁郡北山村,436,18,15,7,10,9,19,18,10,20,22,34,30,25,31,30,32,59,29,13,5,0,106,195,5,6,3,5,5,13,9,5,12,11,23,14,16,13,15,11,16,10,3,0,0,29,241,13,9,4,5,4,6,9,5,8,11,11,16,9,18,15,21,43,19,10,5,0,77
2019,2019-01-01,30428,304280,和歌山県,東牟婁郡串本町,16188,395,475,478,591,492,461,589,668,805,893,900,953,1252,1687,1577,1338,1107,884,487,134,22,2634,7623,213,244,262,294,252,250,313,347,438,451,446,450,622,814,734,627,428,278,135,24,1,866,8565,182,231,216,297,240,211,276,321,367,442,454,503,630,873,843,711,679,606,352,110,21,1768
2019,2019-01-01,31000,310000,鳥取県,,561445,22098,24176,25070,26582,24047,23456,28305,32552,36991,36797,32611,34760,38832,45377,37996,30134,26470,20437,11016,3204,534,61661,269128,11481,12256,12823,13692,12511,12008,14469,16725,18924,18654,16100,16913,19203,22150,18033,13025,10171,6691,2716,531,52,20161,292317,10617,11920,12247,12890,11536,11448,13836,15827,18067,18143,16511,17847,19629,23227,19963,17109,16299,13746,8300,2673,482,41500
2019,2019-01-01,31201,312011,鳥取県,鳥取市,186864,7607,8349,8743,9089,8608,8201,10059,11506,12854,12471,11283,11825,12896,14727,11571,8921,7978,6003,3143,884,146,18154,90133,3939,4233,4546,4646,4522,4175,5087,5919,6584,6304,5639,5665,6357,7189,5539,3828,3043,1972,793,148,5,5961,96731,3668,4116,4197,4443,4086,4026,4972,5587,6270,6167,5644,6160,6539,7538,6032,5093,4935,4031,2350,736,141,12193
2019,2019-01-01,31202,312029,鳥取県,米子市,147212,6581,6725,6768,7237,6665,6798,7833,9075,10464,10728,8842,8513,8924,10671,9810,7716,6155,4466,2408,713,120,13862,70236,3416,3368,3437,3717,3444,3375,3936,4536,5307,5448,4283,4112,4402,4981,4528,3300,2433,1472,610,114,17,4646,76976,3165,3357,3331,3520,3221,3423,3897,4539,5157,5280,4559,4401,4522,5690,5282,4416,3722,2994,1798,599,103,9216
2019,2019-01-01,31203,312037,鳥取県,倉吉市,46942,1764,2019,2122,2112,1835,1898,2247,2639,2986,2942,2677,2840,3356,3918,3372,2690,2247,1815,1090,322,51,5525,22239,922,1049,1131,1078,945,967,1145,1361,1462,1478,1311,1344,1630,1917,1558,1165,869,579,256,65,7,1776,24703,842,970,991,1034,890,931,1102,1278,1524,1464,1366,1496,1726,2001,1814,1525,1378,1236,834,257,44,3749
2019,2019-01-01,31204,312045,鳥取県,境港市,33699,1262,1424,1381,1605,1473,1467,1616,1846,2161,2365,2051,2122,2145,2685,2470,2002,1629,1211,602,155,27,3624,16355,671,743,708,837,787,811,872,967,1103,1180,1015,1079,1045,1330,1136,870,615,414,147,24,1,1201,17344,591,681,673,768,686,656,744,879,1058,1185,1036,1043,1100,1355,1334,1132,1014,797,455,131,26,2423
2019,2019-01-01,31300,313009,鳥取県,岩美郡,11518,349,421,433,522,437,458,558,604,621,617,641,790,945,1092,822,646,652,510,300,84,16,1562,5547,198,224,229,288,198,230,303,341,317,303,327,383,460,565,398,299,243,159,71,10,1,484,5971,151,197,204,234,239,228,255,263,304,314,314,407,485,527,424,347,409,351,229,74,15,1078
2019,2019-01-01,31302,313025,鳥取県,岩美郡岩美町,11518,349,421,433,522,437,458,558,604,621,617,641,790,945,1092,822,646,652,510,300,84,16,1562,5547,198,224,229,288,198,230,303,341,317,303,327,383,460,565,398,299,243,159,71,10,1,484,5971,151,197,204,234,239,228,255,263,304,314,314,407,485,527,424,347,409,351,229,74,15,1078
2019,2019-01-01,31320,313203,鳥取県,八頭郡,27350,776,982,1017,1187,1113,992,1197,1372,1464,1497,1470,1862,2291,2584,1869,1681,1634,1379,737,203,43,3996,13109,396,511,512,622,599,539,638,708,772,766,724,902,1175,1327,952,672,645,442,170,31,6,1294,14241,380,471,505,565,514,453,559,664,692,731,746,960,1116,1257,917,1009,989,937,567,172,37,2702
2019,2019-01-01,31325,313254,鳥取県,八頭郡若桜町,3222,73,61,79,102,119,118,116,121,126,176,141,228,286,310,244,281,252,223,117,40,9,641,1542,43,35,42,54,67,66,66,63,73,97,75,113,138,163,120,117,94,82,26,7,1,210,1680,30,26,37,48,52,52,50,58,53,79,66,115,148,147,124,164,158,141,91,33,8,431
2019,2019-01-01,31328,313289,鳥取県,八頭郡智頭町,6968,196,243,229,247,249,221,267,366,323,332,373,486,638,672,489,473,480,398,216,54,16,1164,3269,96,126,112,140,125,113,140,191,178,166,173,239,348,345,237,188,178,121,45,7,1,352,3699,100,117,117,107,124,108,127,175,145,166,200,247,290,327,252,285,302,277,171,47,15,812
2019,2019-01-01,31329,313297,鳥取県,八頭郡八頭町,17160,507,678,709,838,745,653,814,885,1015,989,956,1148,1367,1602,1136,927,902,758,404,109,18,2191,8298,257,350,358,428,407,360,432,454,521,503,476,550,689,819,595,367,373,239,99,17,4,732,8862,250,328,351,410,338,293,382,431,494,486,480,598,678,783,541,560,529,519,305,92,14,1459
2019,2019-01-01,31360,313602,鳥取県,東伯郡,55703,2132,2383,2520,2616,2083,2012,2629,2933,3433,3301,3008,3516,4262,4796,3928,3140,2892,2367,1284,404,64,7011,26633,1108,1217,1229,1370,1059,1038,1345,1523,1773,1710,1469,1725,2132,2398,1916,1375,1088,787,297,66,8,2246,29070,1024,1166,1291,1246,1024,974,1284,1410,1660,1591,1539,1791,2130,2398,2012,1765,1804,1580,987,338,56,4765
2019,2019-01-01,31364,313645,鳥取県,東伯郡三朝町,6469,211,225,302,263,203,194,268,304,379,358,321,427,519,598,474,387,404,351,203,68,10,1036,3073,112,113,153,136,121,108,137,148,199,197,145,227,259,306,226,161,156,111,46,10,2,325,3396,99,112,149,127,82,86,131,156,180,161,176,200,260,292,248,226,248,240,157,58,8,711
2019,2019-01-01,31370,313700,鳥取県,東伯郡湯梨浜町,16890,747,767,802,834,711,689,855,927,1075,1049,934,1060,1236,1360,1107,851,755,648,350,112,21,1886,8121,382,395,398,441,354,350,428,470,570,538,456,498,654,676,546,357,288,221,80,18,1,608,8769,365,372,404,393,357,339,427,457,505,511,478,562,582,684,561,494,467,427,270,94,20,1278
2019,2019-01-01,31371,313718,鳥取県,東伯郡琴浦町,17328,634,712,741,821,627,617,795,874,1002,975,983,1075,1296,1428,1271,1122,1005,767,435,129,19,2355,8198,321,364,345,408,307,328,421,462,482,502,498,530,635,729,615,502,367,260,99,20,3,749,9130,313,348,396,413,320,289,374,412,520,473,485,545,661,699,656,620,638,507,336,109,16,1606
2019,2019-01-01,31372,313726,鳥取県,東伯郡北栄町,15016,540,679,675,698,542,512,711,828,977,919,770,954,1211,1410,1076,780,728,601,296,95,14,1734,7241,293,345,333,385,277,252,359,443,522,473,370,470,584,687,529,355,277,195,72,18,2,564,7775,247,334,342,313,265,260,352,385,455,446,400,484,627,723,547,425,451,406,224,77,12,1170
2019,2019-01-01,31380,313807,鳥取県,西伯郡,41506,1429,1631,1796,1836,1486,1317,1832,2176,2570,2449,2115,2558,3153,3828,3310,2502,2344,1843,969,314,48,5518,19880,731,792,892,949,781,709,938,1138,1364,1241,1061,1311,1549,1882,1613,1178,888,583,232,45,3,1751,21626,698,839,904,887,705,608,894,1038,1206,1208,1054,1247,1604,1946,1697,1324,1456,1260,737,269,45,3767
2019,2019-01-01,31384,313840,鳥取県,西伯郡日吉津村,3532,174,182,175,170,163,143,214,229,276,262,171,180,222,266,222,155,147,105,64,11,1,328,1654,85,80,86,81,87,60,110,120,137,137,79,93,105,117,103,76,55,32,10,1,0,98,1878,89,102,89,89,76,83,104,109,139,125,92,87,117,149,119,79,92,73,54,10,1,230
2019,2019-01-01,31386,313866,鳥取県,西伯郡大山町,16256,538,576,662,707,533,481,689,806,976,976,850,968,1202,1532,1381,1034,994,763,426,136,26,2345,7866,277,292,324,388,269,266,354,426,527,509,447,505,612,740,703,475,371,250,112,18,1,752,8390,261,284,338,319,264,215,335,380,449,467,403,463,590,792,678,559,623,513,314,118,25,1593
2019,2019-01-01,31389,313891,鳥取県,西伯郡南部町,10819,339,427,507,502,394,345,437,557,726,648,551,680,809,988,865,658,591,485,212,83,15,1386,5139,173,199,256,244,213,192,220,283,394,319,271,344,392,483,406,314,220,148,52,14,2,436,5680,166,228,251,258,181,153,217,274,332,329,280,336,417,505,459,344,371,337,160,69,13,950
2019,2019-01-01,31390,313904,鳥取県,西伯郡伯耆町,10899,378,446,452,457,396,348,492,584,592,563,543,730,920,1042,842,655,612,490,267,84,6,1459,5221,196,221,226,236,212,191,254,309,306,276,264,369,440,542,401,313,242,153,58,12,0,465,5678,182,225,226,221,184,157,238,275,286,287,279,361,480,500,441,342,370,337,209,72,6,994
2019,2019-01-01,31400,314005,鳥取県,日野郡,10651,198,242,290,378,347,313,334,401,438,427,524,734,860,1076,844,836,939,843,483,125,19,2409,4996,100,119,139,185,176,164,205,232,242,224,271,392,453,561,393,338,347,283,140,28,4,802,5655,98,123,151,193,171,149,129,169,196,203,253,342,407,515,451,498,592,560,343,97,15,1607
2019,2019-01-01,31401,314013,鳥取県,日野郡日南町,4592,74,109,126,150,112,133,147,166,174,169,207,316,382,468,341,369,444,399,236,60,10,1149,2156,41,53,59,75,52,73,95,95,102,87,111,169,220,251,156,148,150,133,66,17,3,369,2436,33,56,67,75,60,60,52,71,72,82,96,147,162,217,185,221,294,266,170,43,7,780
2019,2019-01-01,31402,314021,鳥取県,日野郡日野町,3131,58,59,88,122,109,79,95,119,135,144,159,219,243,336,280,256,245,236,118,28,3,630,1461,28,24,47,46,54,40,54,73,74,80,84,121,121,170,123,102,98,83,33,5,1,220,1670,30,35,41,76,55,39,41,46,61,64,75,98,122,166,157,154,147,153,85,23,2,410
2019,2019-01-01,31403,314030,鳥取県,日野郡江府町,2928,66,74,76,106,126,101,92,116,129,114,158,199,235,272,223,211,250,208,129,37,6,630,1379,31,42,33,64,70,51,56,64,66,57,76,102,112,140,114,88,99,67,41,6,0,213,1549,35,32,43,42,56,50,36,52,63,57,82,97,123,132,109,123,151,141,88,31,6,417
2019,2019-01-01,32000,320005,島根県,,677251,26420,28678,29603,31588,27787,26902,31823,36408,42710,42525,37641,41000,45536,56196,48761,38748,36158,28415,14948,4711,693,84925,325315,13668,14721,15066,16335,14461,13780,16302,18655,22200,21670,18701,20335,22872,27913,23484,16777,14155,9532,3770,843,75,28375,351936,12752,13957,14537,15253,13326,13122,15521,17753,20510,20855,18940,20665,22664,28283,25277,21971,22003,18883,11178,3868,618,56550
2019,2019-01-01,32201,322016,島根県,松江市,201424,8602,9144,9165,10087,9585,9032,10485,11652,13608,14169,12270,12346,12588,14663,13181,10500,9077,6764,3386,984,136,20347,96876,4460,4695,4631,5368,5032,4569,5295,5842,6916,7085,6050,6036,6188,7181,6130,4513,3614,2222,863,174,12,6885,104548,4142,4449,4534,4719,4553,4463,5190,5810,6692,7084,6220,6310,6400,7482,7051,5987,5463,4542,2523,810,124,13462
2019,2019-01-01,32202,322024,島根県,浜田市,53720,2005,2125,2164,2281,2085,1985,2289,2750,3207,3193,2966,3375,3665,4687,4292,3333,3151,2446,1285,389,47,7318,25777,1042,1077,1113,1185,1117,1047,1195,1393,1670,1667,1510,1706,1922,2303,2039,1403,1206,796,315,68,3,2388,27943,963,1048,1051,1096,968,938,1094,1357,1537,1526,1456,1669,1743,2384,2253,1930,1945,1650,970,321,44,4930
2019,2019-01-01,32203,322032,島根県,出雲市,171123,7526,7966,8081,8387,7748,7815,8787,9960,11540,11299,9771,10023,10783,13276,11122,8693,8064,6119,3080,938,145,18346,82792,3854,4080,4093,4190,3943,3929,4416,5111,6068,5770,4882,4943,5370,6532,5482,3819,3243,2109,775,169,14,6310,88331,3672,3886,3988,4197,3805,3886,4371,4849,5472,5529,4889,5080,5413,6744,5640,4874,4821,4010,2305,769,131,12036
2019,2019-01-01,32204,322041,島根県,益田市,46498,1672,1949,2069,2034,1475,1554,1935,2323,2787,2718,2378,2856,3422,4388,3666,2977,2720,2137,1069,320,49,6295,21938,878,1012,1059,1018,737,793,981,1199,1442,1350,1162,1383,1706,2099,1766,1252,1035,740,263,57,6,2101,24560,794,937,1010,1016,738,761,954,1124,1345,1368,1216,1473,1716,2289,1900,1725,1685,1397,806,263,43,4194
2019,2019-01-01,32205,322059,島根県,大田市,34526,1140,1310,1363,1424,1108,1097,1481,1645,1854,1815,1817,2220,2606,3238,2735,2254,2154,1828,1039,354,44,5419,16475,620,695,702,723,589,580,799,868,969,922,899,1101,1305,1634,1371,962,773,615,273,70,5,1736,18051,520,615,661,701,519,517,682,777,885,893,918,1119,1301,1604,1364,1292,1381,1213,766,284,39,3683
2019,2019-01-01,32206,322067,島根県,安来市,38692,1325,1532,1711,1798,1549,1386,1675,1999,2475,2433,2058,2308,2558,3297,3042,2380,2287,1652,875,298,54,5166,18583,687,782,883,920,782,736,858,1053,1272,1259,1042,1172,1280,1616,1453,1061,901,559,229,32,6,1727,20109,638,750,828,878,767,650,817,946,1203,1174,1016,1136,1278,1681,1589,1319,1386,1093,646,266,48,3439
2019,2019-01-01,32207,322075,島根県,江津市,23368,770,814,914,1093,752,710,986,1096,1412,1311,1220,1477,1739,2232,1876,1509,1407,1204,615,195,36,3457,10972,385,408,475,577,383,383,490,550,757,659,584,739,874,1102,944,643,507,330,146,30,6,1019,12396,385,406,439,516,369,327,496,546,655,652,636,738,865,1130,932,866,900,874,469,165,30,2438
2019,2019-01-01,32209,322091,島根県,雲南市,38257,1203,1459,1573,1702,1369,1269,1538,1907,2261,2181,2024,2311,2796,3511,2950,2266,2390,2030,1093,366,58,5937,18514,628,756,815,892,701,651,795,987,1191,1132,994,1170,1434,1841,1451,1018,945,748,284,74,7,2058,19743,575,703,758,810,668,618,743,920,1070,1049,1030,1141,1362,1670,1499,1248,1445,1282,809,292,51,3879
2019,2019-01-01,32340,323403,島根県,仁多郡,12620,356,412,472,544,488,349,463,503,660,628,611,797,989,1234,994,849,902,781,430,136,22,2271,6109,182,208,232,290,284,194,259,275,342,348,314,373,523,666,490,352,371,262,109,31,4,777,6511,174,204,240,254,204,155,204,228,318,280,297,424,466,568,504,497,531,519,321,105,18,1494
2019,2019-01-01,32343,323438,島根県,仁多郡奥出雲町,12620,356,412,472,544,488,349,463,503,660,628,611,797,989,1234,994,849,902,781,430,136,22,2271,6109,182,208,232,290,284,194,259,275,342,348,314,373,523,666,490,352,371,262,109,31,4,777,6511,174,204,240,254,204,155,204,228,318,280,297,424,466,568,504,497,531,519,321,105,18,1494
2019,2019-01-01,32380,323802,島根県,飯石郡,4861,129,173,177,203,144,136,170,212,244,231,199,312,366,471,376,300,393,358,185,73,9,1018,2275,72,80,90,113,75,59,98,112,129,128,87,162,196,240,181,116,170,107,45,15,0,337,2586,57,93,87,90,69,77,72,100,115,103,112,150,170,231,195,184,223,251,140,58,9,681
2019,2019-01-01,32386,323861,島根県,飯石郡飯南町,4861,129,173,177,203,144,136,170,212,244,231,199,312,366,471,376,300,393,358,185,73,9,1018,2275,72,80,90,113,75,59,98,112,129,128,87,162,196,240,181,116,170,107,45,15,0,337,2586,57,93,87,90,69,77,72,100,115,103,112,150,170,231,195,184,223,251,140,58,9,681
2019,2019-01-01,32440,324400,島根県,邑智郡,18696,570,659,740,683,548,510,695,771,986,963,803,1013,1365,1813,1600,1341,1312,1195,775,302,52,3636,8867,292,332,371,349,311,266,378,399,529,515,390,535,693,952,772,598,509,412,194,64,6,1185,9829,278,327,369,334,237,244,317,372,457,448,413,478,672,861,828,743,803,783,581,238,46,2451
2019,2019-01-01,32441,324418,島根県,邑智郡川本町,3297,120,91,108,134,107,106,127,134,174,166,140,168,232,312,293,273,233,204,112,54,9,612,1547,61,41,57,86,66,54,65,61,93,95,63,94,111,161,141,122,84,67,20,5,0,176,1750,59,50,51,48,41,52,62,73,81,71,77,74,121,151,152,151,149,137,92,49,9,436
2019,2019-01-01,32448,324485,島根県,邑智郡美郷町,4693,116,181,221,155,135,120,162,198,240,220,185,234,336,472,427,339,346,314,203,72,17,952,2220,61,90,109,73,80,68,92,111,124,120,88,118,178,251,211,154,118,109,45,18,2,292,2473,55,91,112,82,55,52,70,87,116,100,97,116,158,221,216,185,228,205,158,54,15,660
2019,2019-01-01,32449,324493,島根県,邑智郡邑南町,10706,334,387,411,394,306,284,406,439,572,577,478,611,797,1029,880,729,733,677,460,176,26,2072,5100,170,201,205,190,165,144,221,227,312,300,239,323,404,540,420,322,307,236,129,41,4,717,5606,164,186,206,204,141,140,185,212,260,277,239,288,393,489,460,407,426,441,331,135,22,1355
2019,2019-01-01,32500,325007,島根県,鹿足郡,13499,394,391,456,463,357,399,490,573,638,633,604,804,1076,1322,1223,1026,1021,894,540,181,14,2650,6374,198,193,237,249,202,216,291,298,357,335,314,404,542,676,566,442,381,304,136,31,2,854,7125,196,198,219,214,155,183,199,275,281,298,290,400,534,646,657,584,640,590,404,150,12,1796
2019,2019-01-01,32501,325015,島根県,鹿足郡津和野町,7363,186,224,229,234,188,182,260,311,335,342,315,437,596,748,682,594,597,509,297,91,6,1500,3451,102,111,123,126,111,94,146,156,193,182,172,210,295,380,313,250,215,178,77,16,1,487,3912,84,113,106,108,77,88,114,155,142,160,143,227,301,368,369,344,382,331,220,75,5,1013
2019,2019-01-01,32505,325058,島根県,鹿足郡吉賀町,6136,208,167,227,229,169,217,230,262,303,291,289,367,480,574,541,432,424,385,243,90,8,1150,2923,96,82,114,123,91,122,145,142,164,153,142,194,247,296,253,192,166,126,59,15,1,367,3213,112,85,113,106,78,95,85,120,139,138,147,173,233,278,288,240,258,259,184,75,7,783
2019,2019-01-01,32520,325201,島根県,隠岐郡,19967,728,744,718,889,579,660,829,1017,1038,951,920,1158,1583,2064,1704,1320,1280,1007,576,175,27,3065,9763,370,403,365,461,305,357,447,568,558,500,473,611,839,1071,839,598,500,328,138,28,4,998,10204,358,341,353,428,274,303,382,449,480,451,447,547,744,993,865,722,780,679,438,147,23,2067
2019,2019-01-01,32525,325252,島根県,隠岐郡海士町,2274,83,84,68,159,59,74,85,116,115,98,88,126,186,220,193,154,141,127,75,17,6,366,1081,42,46,33,59,26,36,43,62,58,56,50,66,95,114,100,71,60,40,18,3,3,124,1193,41,38,35,100,33,38,42,54,57,42,38,60,91,106,93,83,81,87,57,14,3,242
2019,2019-01-01,32526,325261,島根県,隠岐郡西ノ島町,2830,95,87,76,83,64,77,132,162,143,135,108,135,257,325,276,206,176,170,86,34,3,469,1415,50,47,43,46,39,48,78,99,80,70,56,64,133,166,142,98,71,60,19,6,0,156,1415,45,40,33,37,25,29,54,63,63,65,52,71,124,159,134,108,105,110,67,28,3,313
2019,2019-01-01,32527,325279,島根県,隠岐郡知夫村,635,25,18,29,23,11,28,31,32,27,23,30,25,45,69,60,53,48,37,15,6,0,106,324,9,10,15,11,8,15,18,18,16,10,20,14,26,34,32,29,19,16,3,1,0,39,311,16,8,14,12,3,13,13,14,11,13,10,11,19,35,28,24,29,21,12,5,0,67
2019,2019-01-01,32528,325287,島根県,隠岐郡隠岐の島町,14228,525,555,545,624,445,481,581,707,753,695,694,872,1095,1450,1175,907,915,673,400,118,18,2124,6943,269,300,274,345,232,258,308,389,404,364,347,467,585,757,565,400,350,212,98,18,1,679,7285,256,255,271,279,213,223,273,318,349,331,347,405,510,693,610,507,565,461,302,100,17,1445
2019,2019-01-01,33000,330001,岡山県,,1883926,75902,82840,85834,92175,91099,87523,99212,107996,129917,137356,112610,107017,112977,137838,132445,106153,83315,61578,30083,8670,1386,185032,909803,38920,42525,44633,47144,46369,44405,50359,54798,65896,69443,55858,52557,55585,66535,62348,47637,33901,21262,8045,1444,139,64791,974123,36982,40315,41201,45031,44730,43118,48853,53198,64021,67913,56752,54460,57392,71303,70097,58516,49414,40316,22038,7226,1247,120241
2019,2019-01-01,33100,331007,岡山県,岡山市,696215,30378,32121,32717,34514,36043,35596,40013,43544,51721,54469,43815,39892,39163,45784,44475,34940,26094,19182,8760,2610,384,57030,334585,15569,16389,16930,17524,18137,17558,19806,21808,25916,27257,21496,19482,19143,21933,20589,15437,10401,6468,2262,432,48,19611,361630,14809,15732,15787,16990,17906,18038,20207,21736,25805,27212,22319,20410,20020,23851,23886,19503,15693,12714,6498,2178,336,37419
2019,2019-01-01,33101,331015,岡山県,岡山市北区,288833,12683,13090,13118,13549,15915,15891,17455,18729,21931,22772,18467,16414,15848,17970,17325,13768,10485,8242,3865,1153,163,23908,139276,6572,6741,6833,6909,7956,7845,8713,9382,10997,11426,9156,8070,7831,8749,8028,6058,4088,2728,983,190,21,8010,149557,6111,6349,6285,6640,7959,8046,8742,9347,10934,11346,9311,8344,8017,9221,9297,7710,6397,5514,2882,963,142,15898
2019,2019-01-01,33102,331023,岡山県,岡山市中区,145503,6916,7131,7092,7436,7179,7235,8419,9335,10848,11491,9161,8181,7985,9358,9240,7120,5369,3705,1702,518,82,11376,68885,3531,3598,3624,3710,3478,3508,4052,4576,5350,5636,4442,3955,3820,4372,4186,3148,2152,1223,423,91,10,3899,76618,3385,3533,3468,3726,3701,3727,4367,4759,5498,5855,4719,4226,4165,4986,5054,3972,3217,2482,1279,427,72,7477
2019,2019-01-01,33103,331031,岡山県,岡山市東区,94191,3344,3983,4399,4950,4667,4140,4604,5030,6446,6970,5679,5697,5753,6863,6853,5717,4140,3091,1392,424,49,9096,44917,1709,1994,2246,2554,2435,2034,2322,2528,3270,3441,2730,2767,2761,3239,3155,2560,1676,1061,361,70,4,3172,49274,1635,1989,2153,2396,2232,2106,2282,2502,3176,3529,2949,2930,2992,3624,3698,3157,2464,2030,1031,354,45,5924
2019,2019-01-01,33104,331040,岡山県,岡山市南区,167688,7435,7917,8108,8579,8282,8330,9535,10450,12496,13236,10508,9600,9577,11593,11057,8335,6100,4144,1801,515,90,12650,81507,3757,4056,4227,4351,4268,4171,4719,5322,6299,6754,5168,4690,4731,5573,5220,3671,2485,1456,495,81,13,4530,86181,3678,3861,3881,4228,4014,4159,4816,5128,6197,6482,5340,4910,4846,6020,5837,4664,3615,2688,1306,434,77,8120
2019,2019-01-01,33202,332020,岡山県,倉敷市,476481,21083,22696,23105,24317,24640,23953,26570,28540,34299,37090,28954,25301,26109,32306,32702,26248,18741,12437,5572,1548,270,38568,232512,10715,11640,12032,12398,12575,12239,13598,14479,17249,18837,14492,12413,12866,15570,15249,11974,7914,4507,1504,240,21,14186,243969,10368,11056,11073,11919,12065,11714,12972,14061,17050,18253,14462,12888,13243,16736,17453,14274,10827,7930,4068,1308,249,24382
2019,2019-01-01,33203,332038,岡山県,津山市,100639,4043,4387,4854,5151,4627,4492,5138,5538,6852,6881,5932,5920,6526,7610,6886,5259,4619,3508,1855,488,73,10543,48250,2053,2283,2511,2644,2276,2331,2653,2785,3523,3495,2989,2904,3170,3600,3207,2336,1805,1130,473,77,5,3490,52389,1990,2104,2343,2507,2351,2161,2485,2753,3329,3386,2943,3016,3356,4010,3679,2923,2814,2378,1382,411,68,7053
2019,2019-01-01,33204,332046,岡山県,玉野市,59046,1842,1954,2111,2530,2593,2430,2674,2833,3566,3992,3346,3313,3718,5332,5458,4369,3210,2277,1134,322,42,6985,28820,949,1028,1131,1326,1413,1364,1418,1494,1877,2056,1636,1602,1824,2588,2607,2015,1324,776,321,68,3,2492,30226,893,926,980,1204,1180,1066,1256,1339,1689,1936,1710,1711,1894,2744,2851,2354,1886,1501,813,254,39,4493
2019,2019-01-01,33205,332054,岡山県,笠岡市,48244,1363,1769,1870,2146,2099,1893,2029,2275,2728,3212,3040,3101,3385,4040,3749,3219,2684,2137,1096,344,65,6326,23141,701,891,972,1100,1072,1000,1081,1213,1403,1598,1500,1523,1718,1999,1760,1416,1094,750,283,58,9,2194,25103,662,878,898,1046,1027,893,948,1062,1325,1614,1540,1578,1667,2041,1989,1803,1590,1387,813,286,56,4132
2019,2019-01-01,33207,332071,岡山県,井原市,40083,1126,1445,1618,1921,1656,1514,1666,1851,2426,2669,2463,2417,2729,3362,3074,2742,2253,1833,969,286,63,5404,19278,587,735,845,997,822,798,899,962,1242,1357,1252,1203,1364,1679,1471,1203,938,637,234,48,5,1862,20805,539,710,773,924,834,716,767,889,1184,1312,1211,1214,1365,1683,1603,1539,1315,1196,735,238,58,3542
2019,2019-01-01,33208,332089,岡山県,総社市,67655,2975,3355,3298,3464,3278,3188,3779,4048,4796,4736,3763,3695,4102,5004,4722,3549,2692,1931,953,289,38,5903,32975,1544,1726,1751,1803,1664,1586,1874,2083,2413,2441,1895,1762,1993,2370,2280,1670,1127,667,274,46,6,2120,34680,1431,1629,1547,1661,1614,1602,1905,1965,2383,2295,1868,1933,2109,2634,2442,1879,1565,1264,679,243,32,3783
2019,2019-01-01,33209,332097,岡山県,高梁市,29849,806,942,1065,1375,1491,1050,1138,1298,1448,1564,1469,1905,2184,2663,2213,2007,2089,1746,1031,320,45,5231,14314,382,488,565,722,823,609,601,690,739,809,739,1000,1103,1381,1066,831,839,584,279,58,6,1766,15535,424,454,500,653,668,441,537,608,709,755,730,905,1081,1282,1147,1176,1250,1162,752,262,39,3465
2019,2019-01-01,33210,332101,岡山県,新見市,29366,792,979,1148,1322,1048,930,1184,1221,1515,1538,1462,1890,2285,2663,2239,1968,2121,1775,944,297,45,5182,14138,409,536,617,668,565,493,665,639,796,804,745,913,1182,1342,1059,856,834,642,299,69,5,1849,15228,383,443,531,654,483,437,519,582,719,734,717,977,1103,1321,1180,1112,1287,1133,645,228,40,3333
2019,2019-01-01,33211,332119,岡山県,備前市,34142,969,1062,1179,1513,1519,1336,1416,1478,1938,2243,2091,2131,2246,3012,2902,2673,2166,1392,656,189,31,4434,16327,482,545,629,798,774,732,737,746,1021,1164,1048,1052,1107,1431,1352,1165,875,472,163,33,1,1544,17815,487,517,550,715,745,604,679,732,917,1079,1043,1079,1139,1581,1550,1508,1291,920,493,156,30,2890
2019,2019-01-01,33212,332127,岡山県,瀬戸内市,36939,1220,1503,1525,1745,1582,1418,1660,1846,2482,2622,2252,2245,2399,2941,3000,2307,1848,1378,735,204,27,4192,17761,672,826,753,860,793,720,861,951,1262,1342,1100,1105,1186,1388,1425,1058,759,472,195,31,2,1459,19178,548,677,772,885,789,698,799,895,1220,1280,1152,1140,1213,1553,1575,1249,1089,906,540,173,25,2733
2019,2019-01-01,33213,332135,岡山県,赤磐市,43850,1787,2049,2023,2128,1794,1650,2113,2481,2944,2957,2301,2438,2834,3778,3598,2687,1944,1385,723,201,35,4288,21048,925,1049,1066,1067,882,798,1063,1203,1534,1495,1087,1180,1356,1745,1737,1283,838,507,197,29,7,1578,22802,862,1000,957,1061,912,852,1050,1278,1410,1462,1214,1258,1478,2033,1861,1404,1106,878,526,172,28,2710
2019,2019-01-01,33214,332143,岡山県,真庭市,45409,1532,1712,1926,2074,1718,1490,1916,2248,2672,2389,2360,2780,3368,4195,3322,2778,2852,2376,1324,322,55,6929,21752,767,886,991,1040,925,788,1016,1159,1434,1225,1201,1386,1662,2111,1610,1208,1107,829,345,57,5,2343,23657,765,826,935,1034,793,702,900,1089,1238,1164,1159,1394,1706,2084,1712,1570,1745,1547,979,265,50,4586
2019,2019-01-01,33215,332151,岡山県,美作市,27449,831,916,1075,1165,978,946,1158,1217,1522,1558,1384,1646,2011,2685,2078,1767,1786,1549,892,242,43,4512,13110,420,461,568,573,516,507,619,624,792,810,689,823,1024,1334,1040,783,699,526,253,43,6,1527,14339,411,455,507,592,462,439,539,593,730,748,695,823,987,1351,1038,984,1087,1023,639,199,37,2985
2019,2019-01-01,33216,332160,岡山県,浅口市,34290,1019,1320,1464,1546,1443,1303,1439,1705,2139,2415,2032,1922,2161,2805,2959,2515,1847,1369,635,216,36,4103,16664,567,661,780,798,736,654,720,911,1107,1204,1059,980,1056,1314,1430,1170,799,491,185,39,3,1517,17626,452,659,684,748,707,649,719,794,1032,1211,973,942,1105,1491,1529,1345,1048,878,450,177,33,2586
2019,2019-01-01,33340,333409,岡山県,和気郡,14039,386,453,529,654,557,483,525,632,829,947,793,790,913,1284,1302,1038,852,607,357,86,22,1924,6715,215,217,280,334,282,274,277,336,420,480,387,407,444,599,637,468,356,199,92,10,1,658,7324,171,236,249,320,275,209,248,296,409,467,406,383,469,685,665,570,496,408,265,76,21,1266
2019,2019-01-01,33346,333468,岡山県,和気郡和気町,14039,386,453,529,654,557,483,525,632,829,947,793,790,913,1284,1302,1038,852,607,357,86,22,1924,6715,215,217,280,334,282,274,277,336,420,480,387,407,444,599,637,468,356,199,92,10,1,658,7324,171,236,249,320,275,209,248,296,409,467,406,383,469,685,665,570,496,408,265,76,21,1266
2019,2019-01-01,33420,334201,岡山県,都窪郡,12477,640,685,662,625,565,565,704,783,965,921,671,570,644,836,915,698,490,325,153,52,8,1028,6031,341,363,342,338,282,254,344,382,486,447,353,268,295,389,437,322,224,111,45,7,1,388,6446,299,322,320,287,283,311,360,401,479,474,318,302,349,447,478,376,266,214,108,45,7,640
2019,2019-01-01,33423,334235,岡山県,都窪郡早島町,12477,640,685,662,625,565,565,704,783,965,921,671,570,644,836,915,698,490,325,153,52,8,1028,6031,341,363,342,338,282,254,344,382,486,447,353,268,295,389,437,322,224,111,45,7,1,388,6446,299,322,320,287,283,311,360,401,479,474,318,302,349,447,478,376,266,214,108,45,7,640
2019,2019-01-01,33440,334405,岡山県,浅口郡,11065,484,558,523,539,476,477,616,608,695,840,611,595,668,802,824,653,505,376,164,43,8,1096,5343,259,297,267,270,257,234,309,304,344,416,307,284,305,399,373,311,224,123,51,9,0,407,5722,225,261,256,269,219,243,307,304,351,424,304,311,363,403,451,342,281,253,113,34,8,689
2019,2019-01-01,33445,334456,岡山県,浅口郡里庄町,11065,484,558,523,539,476,477,616,608,695,840,611,595,668,802,824,653,505,376,164,43,8,1096,5343,259,297,267,270,257,234,309,304,344,416,307,284,305,399,373,311,224,123,51,9,0,407,5722,225,261,256,269,219,243,307,304,351,424,304,311,363,403,451,342,281,253,113,34,8,689
2019,2019-01-01,33460,334600,岡山県,小田郡,13976,443,489,529,624,559,454,583,653,799,901,798,781,979,1168,1220,962,828,685,365,134,22,2034,6713,215,247,255,348,269,254,292,334,444,461,387,399,484,576,593,440,341,250,103,19,2,715,7263,228,242,274,276,290,200,291,319,355,440,411,382,495,592,627,522,487,435,262,115,20,1319
2019,2019-01-01,33461,334618,岡山県,小田郡矢掛町,13976,443,489,529,624,559,454,583,653,799,901,798,781,979,1168,1220,962,828,685,365,134,22,2034,6713,215,247,255,348,269,254,292,334,444,461,387,399,484,576,593,440,341,250,103,19,2,715,7263,228,242,274,276,290,200,291,319,355,440,411,382,495,592,627,522,487,435,262,115,20,1319
2019,2019-01-01,33580,335801,岡山県,真庭郡,917,23,37,36,41,38,33,39,36,42,43,45,54,76,69,68,62,69,59,34,13,0,175,431,12,14,20,20,18,17,22,20,24,18,21,35,37,35,35,24,25,20,11,3,0,59,486,11,23,16,21,20,16,17,16,18,25,24,19,39,34,33,38,44,39,23,10,0,116
2019,2019-01-01,33586,335860,岡山県,真庭郡新庄村,917,23,37,36,41,38,33,39,36,42,43,45,54,76,69,68,62,69,59,34,13,0,175,431,12,14,20,20,18,17,22,20,24,18,21,35,37,35,35,24,25,20,11,3,0,59,486,11,23,16,21,20,16,17,16,18,25,24,19,39,34,33,38,44,39,23,10,0,116
2019,2019-01-01,33600,336009,岡山県,苫田郡,12927,493,540,546,537,481,500,603,667,783,688,593,701,1055,1154,987,753,753,673,332,79,9,1846,6249,271,289,298,283,242,247,308,343,423,353,287,348,520,573,496,371,262,234,91,10,0,597,6678,222,251,248,254,239,253,295,324,360,335,306,353,535,581,491,382,491,439,241,69,9,1249
2019,2019-01-01,33606,336068,岡山県,苫田郡鏡野町,12927,493,540,546,537,481,500,603,667,783,688,593,701,1055,1154,987,753,753,673,332,79,9,1846,6249,271,289,298,283,242,247,308,343,423,353,287,348,520,573,496,371,262,234,91,10,0,597,6678,222,251,248,254,239,253,295,324,360,335,306,353,535,581,491,382,491,439,241,69,9,1249
2019,2019-01-01,33620,336203,岡山県,勝田郡,16951,759,793,768,769,822,777,990,1030,1042,903,843,957,1115,1384,1150,876,799,689,376,94,15,1973,8265,399,414,393,409,473,400,522,556,519,461,394,471,544,669,595,385,313,224,110,13,1,661,8686,360,379,375,360,349,377,468,474,523,442,449,486,571,715,555,491,486,465,266,81,14,1312
2019,2019-01-01,33622,336220,岡山県,勝田郡勝央町,11069,504,529,543,486,464,497,667,721,727,611,575,661,729,874,710,542,504,433,219,61,12,1229,5361,270,273,285,250,245,238,337,382,375,312,263,319,355,425,377,227,198,145,74,10,1,428,5708,234,256,258,236,219,259,330,339,352,299,312,342,374,449,333,315,306,288,145,51,11,801
2019,2019-01-01,33623,336238,岡山県,勝田郡奈義町,5882,255,264,225,283,358,280,323,309,315,292,268,296,386,510,440,334,295,256,157,33,3,744,2904,129,141,108,159,228,162,185,174,144,149,131,152,189,244,218,158,115,79,36,3,0,233,2978,126,123,117,124,130,118,138,135,171,143,137,144,197,266,222,176,180,177,121,30,3,511
2019,2019-01-01,33640,336408,岡山県,英田郡,1455,52,71,65,47,42,60,82,88,85,60,65,88,121,135,95,60,83,89,55,11,1,239,673,26,29,33,22,20,27,43,48,46,27,30,41,63,69,49,28,26,28,16,2,0,72,782,26,42,32,25,22,33,39,40,39,33,35,47,58,66,46,32,57,61,39,9,1,167
2019,2019-01-01,33643,336432,岡山県,英田郡西粟倉村,1455,52,71,65,47,42,60,82,88,85,60,65,88,121,135,95,60,83,89,55,11,1,239,673,26,29,33,22,20,27,43,48,46,27,30,41,63,69,49,28,26,28,16,2,0,72,782,26,42,32,25,22,33,39,40,39,33,35,47,58,66,46,32,57,61,39,9,1,167
2019,2019-01-01,33660,336602,岡山県,久米郡,19148,557,636,797,793,660,630,727,876,1046,1113,961,1145,1332,1754,1634,1309,1256,1134,580,168,40,3178,9200,281,327,393,419,355,334,385,463,560,579,483,600,681,890,819,574,502,380,154,19,2,1057,9948,276,309,404,374,305,296,342,413,486,534,478,545,651,864,815,735,754,754,426,149,38,2121
2019,2019-01-01,33663,336637,岡山県,久米郡久米南町,4844,117,132,176,211,169,150,180,197,240,254,242,310,326,442,465,359,324,343,154,45,8,874,2333,58,62,86,102,86,83,94,103,123,131,119,169,159,234,235,172,129,134,49,5,0,317,2511,59,70,90,109,83,67,86,94,117,123,123,141,167,208,230,187,195,209,105,40,8,557
2019,2019-01-01,33666,336661,岡山県,久米郡美咲町,14304,440,504,621,582,491,480,547,679,806,859,719,835,1006,1312,1169,950,932,791,426,123,32,2304,6867,223,265,307,317,269,251,291,360,437,448,364,431,522,656,584,402,373,246,105,14,2,740,7437,217,239,314,265,222,229,256,319,369,411,355,404,484,656,585,548,559,545,321,109,30,1564
2019,2019-01-01,33680,336807,岡山県,加賀郡,11314,299,368,401,635,390,355,450,500,583,605,566,740,854,1072,873,714,734,666,388,112,9,1909,5508,159,184,211,383,198,187,246,265,322,307,281,376,458,551,432,309,275,235,105,24,0,639,5806,140,184,190,252,192,168,204,235,261,298,285,364,396,521,441,405,459,431,283,88,9,1270
2019,2019-01-01,33681,336815,岡山県,加賀郡吉備中央町,11314,299,368,401,635,390,355,450,500,583,605,566,740,854,1072,873,714,734,666,388,112,9,1909,5508,159,184,211,383,198,187,246,265,322,307,281,376,458,551,432,309,275,235,105,24,0,639,5806,140,184,190,252,192,168,204,235,261,298,285,364,396,521,441,405,459,431,283,88,9,1270
2019,2019-01-01,34000,340006,広島県,,2787086,113130,125617,126394,132925,132770,129885,146924,162695,197447,211698,174411,160824,164706,205682,193997,155435,116837,80254,41104,12306,2045,252546,1351475,57713,64374,64686,68586,68613,67543,75318,82737,100029,106919,86880,79592,80860,99105,91599,68902,47492,27219,10808,2223,277,88019,1435611,55417,61243,61708,64339,64157,62342,71606,79958,97418,104779,87531,81232,83846,106577,102398,86533,69345,53035,30296,10083,1768,164527
2019,2019-01-01,34100,341002,広島県,広島市,1176951,51409,56068,55685,57538,59863,60583,67687,74484,90545,97686,78475,67807,64441,78392,74478,58244,40993,25658,12521,3757,637,83566,570275,26163,28737,28330,29481,30067,30589,33886,37296,45114,48778,39003,33583,31550,37240,35104,25715,16980,8632,3281,664,82,29639,606676,25246,27331,27355,28057,29796,29994,33801,37188,45431,48908,39472,34224,32891,41152,39374,32529,24013,17026,9240,3093,555,53927
2019,2019-01-01,34101,341011,広島県,広島市中区,129889,5091,4854,4703,4773,6700,8337,8694,8891,10220,11000,9022,7813,7275,8603,7920,6166,4640,3129,1540,447,71,9827,60770,2654,2469,2432,2418,3147,4013,4202,4284,4908,5262,4438,3822,3504,4086,3630,2452,1672,942,355,69,11,3049,69119,2437,2385,2271,2355,3553,4324,4492,4607,5312,5738,4584,3991,3771,4517,4290,3714,2968,2187,1185,378,60,6778
2019,2019-01-01,34102,341029,広島県,広島市東区,118943,5055,5521,5592,5907,5877,5692,6414,7186,8546,9644,8408,7437,6846,7910,7688,6271,4378,2833,1286,389,63,8949,57082,2589,2859,2840,3039,2815,2767,3170,3605,4227,4754,4106,3670,3399,3767,3543,2741,1804,966,347,60,14,3191,61861,2466,2662,2752,2868,3062,2925,3244,3581,4319,4890,4302,3767,3447,4143,4145,3530,2574,1867,939,329,49,5758
2019,2019-01-01,34103,341037,広島県,広島市南区,140247,6127,6411,6381,6573,7438,7546,8343,8957,10962,11789,9670,8342,7580,8827,8555,6504,4948,3176,1597,443,78,10242,68726,3105,3299,3226,3498,3930,3917,4281,4546,5464,5909,4925,4182,3844,4306,4072,2787,1924,1044,376,83,8,3435,71521,3022,3112,3155,3075,3508,3629,4062,4411,5498,5880,4745,4160,3736,4521,4483,3717,3024,2132,1221,360,70,6807
2019,2019-01-01,34104,341045,広島県,広島市西区,185536,8072,8530,8316,8811,9874,10667,11579,12373,14701,15837,13049,11072,10010,11547,10425,8168,6077,3869,1912,551,96,12505,89800,4067,4378,4157,4502,4911,5394,5825,6234,7332,7876,6408,5459,4890,5608,4854,3528,2454,1272,524,116,11,4377,95736,4005,4152,4159,4309,4963,5273,5754,6139,7369,7961,6641,5613,5120,5939,5571,4640,3623,2597,1388,435,85,8128
2019,2019-01-01,34105,341053,広島県,広島市安佐南区,242091,12807,14120,13692,13655,12755,12229,14492,16469,20723,21952,15650,12139,10755,13271,13188,10471,7039,4080,1921,594,89,13723,118480,6517,7199,6939,6889,6388,6205,7198,8153,10320,11128,7989,6105,5356,6087,6143,4721,3067,1421,538,109,8,5143,123611,6290,6921,6753,6766,6367,6024,7294,8316,10403,10824,7661,6034,5399,7184,7045,5750,3972,2659,1383,485,81,8580
2019,2019-01-01,34106,341061,広島県,広島市安佐北区,143531,4677,5856,6364,7040,6569,5660,6404,7283,9549,10667,8658,8313,9354,12541,12233,9482,6275,3947,1931,598,130,12881,69038,2403,2977,3283,3531,3317,2916,3218,3661,4902,5351,4242,4023,4368,5860,5820,4445,2715,1361,526,102,17,4721,74493,2274,2879,3081,3509,3252,2744,3186,3622,4647,5316,4416,4290,4986,6681,6413,5037,3560,2586,1405,496,113,8160
2019,2019-01-01,34107,341070,広島県,広島市安芸区,78630,3308,3854,3947,4046,4229,4016,4135,4687,5669,6373,5391,4437,4030,5214,5240,4313,2953,1670,799,270,49,5741,39252,1652,1991,2052,2158,2282,2177,2165,2469,2913,3232,2694,2323,2035,2471,2544,1957,1295,593,197,45,7,2137,39378,1656,1863,1895,1888,1947,1839,1970,2218,2756,3141,2697,2114,1995,2743,2696,2356,1658,1077,602,225,42,3604
2019,2019-01-01,34108,341088,広島県,広島市佐伯区,138084,6272,6922,6690,6733,6421,6436,7626,8638,10175,10424,8627,8254,8591,10479,9229,6869,4683,2954,1535,465,61,9698,67127,3176,3565,3401,3446,3277,3200,3827,4344,5048,5266,4201,3999,4154,5055,4498,3084,2049,1033,418,80,6,3586,70957,3096,3357,3289,3287,3144,3236,3799,4294,5127,5158,4426,4255,4437,5424,4731,3785,2634,1921,1117,385,55,6112
2019,2019-01-01,34202,342025,広島県,呉市,221573,7239,8546,8759,9999,10300,9461,9754,10978,13923,15826,13344,12604,13032,17525,18734,15673,12137,8246,4053,1252,188,25876,107020,3716,4399,4402,5308,5631,5138,5216,5701,7160,8152,6668,6232,6455,8471,8602,6955,4845,2630,1084,226,29,8814,114553,3523,4147,4357,4691,4669,4323,4538,5277,6763,7674,6676,6372,6577,9054,10132,8718,7292,5616,2969,1026,159,17062
2019,2019-01-01,34203,342033,広島県,竹原市,25479,635,794,909,1090,1011,885,920,1079,1462,1643,1593,1519,1680,2403,2306,1995,1557,1108,658,207,25,3555,12164,323,397,474,545,534,470,502,570,754,823,854,765,818,1175,1089,852,604,397,178,32,8,1219,13315,312,397,435,545,477,415,418,509,708,820,739,754,862,1228,1217,1143,953,711,480,175,17,2336
2019,2019-01-01,34204,342041,広島県,三原市,92308,3134,3837,3927,4221,3644,3442,3990,4716,5818,6366,5358,5489,6205,8057,7137,5785,4815,3761,1967,545,94,11182,44127,1604,2003,2027,2139,1893,1783,2002,2458,3015,3163,2664,2720,2987,3900,3453,2557,1858,1277,527,85,12,3759,48181,1530,1834,1900,2082,1751,1659,1988,2258,2803,3203,2694,2769,3218,4157,3684,3228,2957,2484,1440,460,82,7423
2019,2019-01-01,34205,342050,広島県,尾道市,134955,4407,5204,5471,6074,5390,4986,6020,6744,8184,8946,7686,8093,9117,11649,11115,9161,7426,5467,2845,849,121,16708,64506,2308,2644,2816,3137,2895,2661,3155,3425,4185,4470,3743,3971,4546,5647,5216,3997,2977,1858,702,138,15,5690,70449,2099,2560,2655,2937,2495,2325,2865,3319,3999,4476,3943,4122,4571,6002,5899,5164,4449,3609,2143,711,106,11018
2019,2019-01-01,34207,342076,広島県,福山市,460550,19688,21629,21601,22489,21855,21588,24935,27206,33049,34674,27855,25917,27440,34569,31288,25603,18450,12324,6249,1846,295,39164,224070,10053,10931,11147,11501,11389,11387,12883,13849,16832,17546,13639,12772,13441,16729,14738,11444,7523,4256,1637,341,32,13789,236480,9635,10698,10454,10988,10466,10201,12052,13357,16217,17128,14216,13145,13999,17840,16550,14159,10927,8068,4612,1505,263,25375
2019,2019-01-01,34208,342084,広島県,府中市,39079,1131,1381,1640,1766,1585,1369,1580,1758,2396,2701,2389,2360,2648,3428,3130,2730,2226,1654,902,260,45,5087,18830,587,707,884,915,814,747,846,921,1242,1412,1175,1193,1318,1624,1444,1226,899,586,229,55,6,1775,20249,544,674,756,851,771,622,734,837,1154,1289,1214,1167,1330,1804,1686,1504,1327,1068,673,205,39,3312
2019,2019-01-01,34209,342092,広島県,三次市,51949,1839,2148,2286,2354,1994,2016,2286,2596,3306,3174,2787,3099,3580,4361,3826,3040,2817,2419,1510,429,82,7257,24696,921,1122,1168,1163,989,1096,1162,1354,1714,1629,1397,1538,1780,2162,1863,1294,1041,815,400,75,13,2344,27253,918,1026,1118,1191,1005,920,1124,1242,1592,1545,1390,1561,1800,2199,1963,1746,1776,1604,1110,354,69,4913
2019,2019-01-01,34210,342106,広島県,庄原市,35166,1072,1256,1395,1388,1237,1112,1307,1573,1830,1795,1612,2059,2591,3215,2855,2352,2550,2250,1284,374,59,6517,16749,521,655,742,718,682,597,724,836,949,968,842,1022,1302,1637,1367,992,959,785,371,71,9,2195,18417,551,601,653,670,555,515,583,737,881,827,770,1037,1289,1578,1488,1360,1591,1465,913,303,50,4322
2019,2019-01-01,34211,342114,広島県,大竹市,26845,946,1024,1027,1063,1137,1274,1328,1390,1518,1812,1634,1561,1789,2239,2169,1792,1413,1028,526,153,22,3142,13113,482,522,527,545,598,760,707,728,778,929,879,748,892,1099,1021,809,550,372,133,32,2,1089,13732,464,502,500,518,539,514,621,662,740,883,755,813,897,1140,1148,983,863,656,393,121,20,2053
2019,2019-01-01,34212,342122,広島県,東広島市,180575,8279,9357,9148,9204,10215,8954,10201,11523,13407,13731,11351,10559,10130,12144,11158,8423,5861,4108,2092,618,112,12791,90445,4257,4866,4652,4791,5660,4823,5426,6066,6958,7140,5802,5317,4999,5911,5335,3896,2491,1404,520,117,14,4546,90130,4022,4491,4496,4413,4555,4131,4775,5457,6449,6591,5549,5242,5131,6233,5823,4527,3370,2704,1572,501,98,8245
2019,2019-01-01,34213,342131,広島県,廿日市市,116162,4766,5275,5193,5407,5202,5058,6089,6768,7808,8149,7060,7014,8015,9553,8405,6172,4700,3217,1718,513,80,10228,55864,2416,2732,2738,2797,2502,2553,3052,3385,3917,4054,3416,3309,3846,4623,4010,2878,1939,1088,485,113,11,3636,60298,2350,2543,2455,2610,2700,2505,3037,3383,3891,4095,3644,3705,4169,4930,4395,3294,2761,2129,1233,400,69,6592
2019,2019-01-01,34214,342149,広島県,安芸高田市,28141,827,1005,1132,1194,1089,926,1053,1317,1605,1686,1485,1586,2051,2622,2402,1805,1649,1499,862,288,58,4356,13609,431,523,570,631,597,502,566,689,865,894,777,802,1032,1310,1190,805,644,494,222,60,5,1425,14532,396,482,562,563,492,424,487,628,740,792,708,784,1019,1312,1212,1000,1005,1005,640,228,53,2931
2019,2019-01-01,34215,342157,広島県,江田島市,22788,572,610,669,717,876,761,930,1016,1159,1314,1178,1275,1614,2266,2299,1898,1603,1200,618,181,32,3634,11038,287,325,342,367,521,443,550,577,631,720,649,611,782,1113,1080,837,612,394,160,31,6,1203,11750,285,285,327,350,355,318,380,439,528,594,529,664,832,1153,1219,1061,991,806,458,150,26,2431
2019,2019-01-01,34300,343005,広島県,安芸郡,117618,5596,5661,5495,5742,5421,5842,6871,7281,8422,9184,7782,6456,6283,7871,7912,6829,4549,2695,1263,375,88,8970,57615,2869,2883,2843,2963,2765,3063,3543,3719,4275,4617,3928,3264,3017,3751,3769,2984,1992,967,332,59,12,3362,60003,2727,2778,2652,2779,2656,2779,3328,3562,4147,4567,3854,3192,3266,4120,4143,3845,2557,1728,931,316,76,5608
2019,2019-01-01,34302,343021,広島県,安芸郡府中町,51562,2607,2590,2354,2505,2426,2726,3174,3384,3798,3987,3680,3145,2842,3119,3026,2583,1811,1123,490,161,31,3616,25382,1377,1298,1235,1291,1249,1418,1618,1713,1943,1981,1833,1588,1421,1504,1431,1139,765,401,143,31,3,1343,26180,1230,1292,1119,1214,1177,1308,1556,1671,1855,2006,1847,1557,1421,1615,1595,1444,1046,722,347,130,28,2273
2019,2019-01-01,34304,343048,広島県,安芸郡海田町,29194,1598,1396,1335,1419,1422,1708,2028,1985,2144,2342,1835,1486,1478,1912,1746,1450,949,594,260,82,25,1910,14500,827,719,678,732,735,914,1090,1045,1097,1186,959,766,691,918,823,618,410,211,65,13,3,702,14694,771,677,657,687,687,794,938,940,1047,1156,876,720,787,994,923,832,539,383,195,69,22,1208
2019,2019-01-01,34307,343072,広島県,安芸郡熊野町,23955,825,1042,1150,1162,1027,847,985,1178,1589,1864,1510,1136,1313,1920,2197,1998,1249,586,297,62,18,2212,11581,399,534,595,598,513,431,504,602,793,940,763,589,601,876,1058,878,595,232,73,3,4,907,12374,426,508,555,564,514,416,481,576,796,924,747,547,712,1044,1139,1120,654,354,224,59,14,1305
2019,2019-01-01,34309,343099,広島県,安芸郡坂町,12907,566,633,656,656,546,561,684,734,891,991,757,689,650,920,943,798,540,392,216,70,14,1232,6152,266,332,335,342,268,300,331,359,442,510,373,321,304,453,457,349,222,123,51,12,2,410,6755,300,301,321,314,278,261,353,375,449,481,384,368,346,467,486,449,318,269,165,58,12,822
2019,2019-01-01,34360,343609,広島県,山県郡,24510,714,823,933,1076,897,782,880,993,1363,1391,1269,1463,1747,2288,1968,1605,1693,1487,842,256,40,4318,11759,345,424,454,574,517,434,499,491,738,768,659,744,909,1154,940,669,654,506,231,45,4,1440,12751,369,399,479,502,380,348,381,502,625,623,610,719,838,1134,1028,936,1039,981,611,211,36,2878
2019,2019-01-01,34368,343684,広島県,山県郡安芸太田町,6244,144,172,177,212,192,138,201,201,262,307,294,369,481,595,582,524,543,486,262,87,15,1393,2919,71,82,89,108,105,72,102,93,149,173,153,195,246,296,277,223,205,185,74,19,2,485,3325,73,90,88,104,87,66,99,108,113,134,141,174,235,299,305,301,338,301,188,68,13,908
2019,2019-01-01,34369,343692,広島県,山県郡北広島町,18266,570,651,756,864,705,644,679,792,1101,1084,975,1094,1266,1693,1386,1081,1150,1001,580,169,25,2925,8840,274,342,365,466,412,362,397,398,589,595,506,549,663,858,663,446,449,321,157,26,2,955,9426,296,309,391,398,293,282,282,394,512,489,469,545,603,835,723,635,701,680,423,143,23,1970
2019,2019-01-01,34420,344206,広島県,豊田郡,7411,153,173,193,638,234,169,183,237,323,351,350,404,419,699,767,660,602,464,274,106,12,1458,3643,80,82,92,485,132,105,111,126,177,196,197,230,214,322,388,262,224,151,54,14,1,444,3768,73,91,101,153,102,64,72,111,146,155,153,174,205,377,379,398,378,313,220,92,11,1014
2019,2019-01-01,34431,344311,広島県,豊田郡大崎上島町,7411,153,173,193,638,234,169,183,237,323,351,350,404,419,699,767,660,602,464,274,106,12,1458,3643,80,82,92,485,132,105,111,126,177,196,197,230,214,322,388,262,224,151,54,14,1,444,3768,73,91,101,153,102,64,72,111,146,155,153,174,205,377,379,398,378,313,220,92,11,1014
2019,2019-01-01,34460,344605,広島県,世羅郡,16018,527,564,634,643,531,450,603,712,885,857,816,986,1211,1503,1311,1070,1041,938,521,184,31,2715,7619,254,280,322,351,286,259,316,374,470,451,393,472,613,752,633,462,409,338,136,40,8,931,8399,273,284,312,292,245,191,287,338,415,406,423,514,598,751,678,608,632,600,385,144,23,1784
2019,2019-01-01,34462,344621,広島県,世羅郡世羅町,16018,527,564,634,643,531,450,603,712,885,857,816,986,1211,1503,1311,1070,1041,938,521,184,31,2715,7619,254,280,322,351,286,259,316,374,470,451,393,472,613,752,633,462,409,338,136,40,8,931,8399,273,284,312,292,245,191,287,338,415,406,423,514,598,751,678,608,632,600,385,144,23,1784
2019,2019-01-01,34540,345407,広島県,神石郡,9008,196,262,297,322,289,227,307,324,444,412,387,573,713,898,737,598,755,731,399,113,24,2022,4333,96,142,156,175,141,133,172,172,255,209,195,299,359,485,357,268,291,269,126,25,8,719,4675,100,120,141,147,148,94,135,152,189,203,192,274,354,413,380,330,464,462,273,88,16,1303
2019,2019-01-01,34545,345458,広島県,神石郡神石高原町,9008,196,262,297,322,289,227,307,324,444,412,387,573,713,898,737,598,755,731,399,113,24,2022,4333,96,142,156,175,141,133,172,172,255,209,195,299,359,485,357,268,291,269,126,25,8,719,4675,100,120,141,147,148,94,135,152,189,203,192,274,354,413,380,330,464,462,273,88,16,1303
2019,2019-01-01,35000,350001,山口県,,1366822,48590,55593,58326,62769,57505,54122,63761,72344,88780,94695,80274,79371,88747,116585,104921,87809,69653,49959,24523,7361,1134,152630,649283,25179,28371,29790,32068,30060,28319,32449,36682,45036,47535,39054,38502,43037,56169,48116,37755,27081,16532,6170,1242,136,51161,717539,23411,27222,28536,30701,27445,25803,31312,35662,43744,47160,41220,40869,45710,60416,56805,50054,42572,33427,18353,6119,998,101469
2019,2019-01-01,35201,352012,山口県,下関市,259223,8753,10083,10642,11383,10844,9926,11716,13573,16434,17452,15387,15249,17169,22952,20197,17222,14017,9830,4760,1424,210,30241,120655,4516,5105,5426,5796,5591,5062,5873,6748,8255,8662,7205,7255,8237,10787,9033,7108,5354,3208,1198,220,16,9996,138568,4237,4978,5216,5587,5253,4864,5843,6825,8179,8790,8182,7994,8932,12165,11164,10114,8663,6622,3562,1204,194,20245
2019,2019-01-01,35202,352021,山口県,宇部市,163430,6105,6720,6863,7488,7547,6888,7934,9109,10917,11461,9638,9305,10108,13990,12442,10080,7688,5513,2703,804,127,16835,77939,3194,3432,3511,3830,3996,3547,3989,4620,5603,5667,4782,4494,4867,6735,5770,4410,2912,1736,692,133,19,5492,85491,2911,3288,3352,3658,3551,3341,3945,4489,5314,5794,4856,4811,5241,7255,6672,5670,4776,3777,2011,671,108,11343
2019,2019-01-01,35203,352039,山口県,山口市,190625,7653,8688,8860,9653,8921,8165,9849,11094,13493,13877,11542,11547,11907,14348,12632,9975,8150,6182,3046,903,140,18421,90929,3953,4456,4498,4905,4458,4224,4924,5511,6780,6887,5603,5650,5792,6933,5880,4234,3150,2108,813,153,17,6241,99696,3700,4232,4362,4748,4463,3941,4925,5583,6713,6990,5939,5897,6115,7415,6752,5741,5000,4074,2233,750,123,12180
2019,2019-01-01,35204,352047,山口県,萩市,47184,1147,1497,1669,1824,1531,1312,1681,2019,2657,2715,2628,2906,3711,4911,4322,3609,3199,2394,1107,309,36,7045,21809,586,763,851,915,763,671,874,1014,1388,1355,1275,1394,1801,2419,1919,1513,1204,796,246,56,6,2308,25375,561,734,818,909,768,641,807,1005,1269,1360,1353,1512,1910,2492,2403,2096,1995,1598,861,253,30,4737
2019,2019-01-01,35206,352063,山口県,防府市,115073,4779,5152,5117,5361,5136,5261,6277,6688,7747,8277,6704,6466,6956,9070,8278,6662,5263,3531,1694,566,88,11142,55776,2485,2639,2612,2697,2760,2782,3218,3485,4038,4265,3317,3230,3347,4351,3830,2904,2120,1185,398,102,11,3816,59297,2294,2513,2505,2664,2376,2479,3059,3203,3709,4012,3387,3236,3609,4719,4448,3758,3143,2346,1296,464,77,7326
2019,2019-01-01,35207,352071,山口県,下松市,56392,2528,2695,2691,2672,2338,2632,3136,3426,4130,4285,3243,2873,3122,4313,3972,3464,2332,1543,744,222,31,4872,27419,1315,1371,1336,1379,1243,1425,1586,1780,2049,2212,1662,1382,1534,2076,1819,1558,965,495,189,40,3,1692,28973,1213,1324,1355,1293,1095,1207,1550,1646,2081,2073,1581,1491,1588,2237,2153,1906,1367,1048,555,182,28,3180
2019,2019-01-01,35208,352080,山口県,岩国市,133514,4589,5297,5739,6155,5403,5178,5874,6476,8326,9097,8002,7857,8905,11266,10281,8709,7456,5384,2604,785,131,16360,63514,2356,2650,2977,3079,2775,2633,2998,3233,4227,4591,3951,3865,4409,5584,4801,3692,2949,1881,701,143,19,5693,70000,2233,2647,2762,3076,2628,2545,2876,3243,4099,4506,4051,3992,4496,5682,5480,5017,4507,3503,1903,642,112,10667
2019,2019-01-01,35210,352101,山口県,光市,50931,1675,1982,2286,2441,2119,2015,2093,2446,3369,3816,2985,2816,3026,4265,4278,4127,2498,1576,792,287,39,5192,24260,885,1018,1177,1245,1111,1094,1075,1226,1671,1896,1413,1400,1434,1995,1847,2009,1009,501,205,46,3,1764,26671,790,964,1109,1196,1008,921,1018,1220,1698,1920,1572,1416,1592,2270,2431,2118,1489,1075,587,241,36,3428
2019,2019-01-01,35211,352110,山口県,長門市,33858,869,1109,1254,1301,1031,929,1253,1508,1882,1923,1775,2103,2696,3695,2972,2530,2339,1662,787,206,34,5028,15773,474,552,663,691,544,499,617,805,975,947,844,976,1305,1822,1354,1033,875,562,194,34,7,1672,18085,395,557,591,610,487,430,636,703,907,976,931,1127,1391,1873,1618,1497,1464,1100,593,172,27,3356
2019,2019-01-01,35212,352128,山口県,柳井市,31863,949,1188,1268,1365,1191,1105,1297,1436,1882,2116,1873,1900,2189,2838,2735,2274,1813,1429,756,226,33,4257,14931,496,617,667,671,636,567,676,739,966,1063,893,944,1031,1389,1279,931,672,479,170,38,7,1366,16932,453,571,601,694,555,538,621,697,916,1053,980,956,1158,1449,1456,1343,1141,950,586,188,26,2891
2019,2019-01-01,35213,352136,山口県,美祢市,24325,538,741,909,985,965,736,845,1077,1289,1459,1393,1517,1865,2469,2172,1753,1597,1203,629,160,23,3612,11428,283,386,470,478,507,402,451,544,663,748,697,743,894,1225,1020,723,615,408,143,24,4,1194,12897,255,355,439,507,458,334,394,533,626,711,696,774,971,1244,1152,1030,982,795,486,136,19,2418
2019,2019-01-01,35215,352152,山口県,周南市,142187,5101,5910,6164,6742,5937,5908,6781,7561,9542,10620,8701,8266,9033,11711,10971,9148,6571,4553,2220,650,97,14091,68880,2625,3054,3158,3539,3242,3252,3582,3947,4792,5385,4284,4057,4442,5634,5026,4012,2674,1493,551,123,8,4849,73307,2476,2856,3006,3203,2695,2656,3199,3614,4750,5235,4417,4209,4591,6077,5945,5136,3897,3060,1669,527,89,9242
2019,2019-01-01,35216,352161,山口県,山陽小野田市,62410,2371,2663,2804,3001,2674,2429,2968,3403,4058,4148,3501,3511,4104,5510,4714,3856,3031,2231,1059,323,51,6695,29672,1214,1391,1443,1553,1431,1283,1506,1716,2059,2058,1699,1660,2008,2594,2255,1673,1138,699,245,42,5,2129,32738,1157,1272,1361,1448,1243,1146,1462,1687,1999,2090,1802,1851,2096,2916,2459,2183,1893,1532,814,281,46,4566
2019,2019-01-01,35300,353001,山口県,大島郡,16230,295,368,386,646,409,320,417,499,689,746,755,883,1154,1729,1706,1587,1419,1208,745,226,43,3641,7472,159,202,184,376,219,166,214,261,359,390,377,453,571,875,807,684,543,403,178,47,4,1175,8758,136,166,202,270,190,154,203,238,330,356,378,430,583,854,899,903,876,805,567,179,39,2466
2019,2019-01-01,35305,353051,山口県,大島郡周防大島町,16230,295,368,386,646,409,320,417,499,689,746,755,883,1154,1729,1706,1587,1419,1208,745,226,43,3641,7472,159,202,184,376,219,166,214,261,359,390,377,453,571,875,807,684,543,403,178,47,4,1175,8758,136,166,202,270,190,154,203,238,330,356,378,430,583,854,899,903,876,805,567,179,39,2466
2019,2019-01-01,35320,353205,山口県,玖珂郡,6356,340,358,348,356,335,315,388,436,376,432,314,292,389,447,352,307,255,198,80,29,9,571,3157,180,160,160,214,207,178,188,233,184,215,165,137,183,243,168,122,115,73,24,6,2,220,3199,160,198,188,142,128,137,200,203,192,217,149,155,206,204,184,185,140,125,56,23,7,351
2019,2019-01-01,35321,353213,山口県,玖珂郡和木町,6356,340,358,348,356,335,315,388,436,376,432,314,292,389,447,352,307,255,198,80,29,9,571,3157,180,160,160,214,207,178,188,233,184,215,165,137,183,243,168,122,115,73,24,6,2,220,3199,160,198,188,142,128,137,200,203,192,217,149,155,206,204,184,185,140,125,56,23,7,351
2019,2019-01-01,35340,353400,山口県,熊毛郡,29929,833,1032,1212,1308,1061,940,1158,1455,1835,2111,1684,1684,2127,2671,2620,2244,1749,1286,670,212,37,3954,14190,429,514,594,654,543,502,623,747,949,1116,818,770,1039,1304,1182,1045,696,434,196,30,5,1361,15739,404,518,618,654,518,438,535,708,886,995,866,914,1088,1367,1438,1199,1053,852,474,182,32,2593
2019,2019-01-01,35341,353418,山口県,熊毛郡上関町,2756,42,59,48,67,45,68,82,70,92,113,137,167,206,312,272,268,286,237,137,43,5,708,1275,21,25,23,41,26,35,47,41,55,68,73,85,113,167,127,114,103,76,32,2,1,214,1481,21,34,25,26,19,33,35,29,37,45,64,82,93,145,145,154,183,161,105,41,4,494
2019,2019-01-01,35343,353434,山口県,熊毛郡田布施町,15313,451,577,697,692,553,506,639,807,1046,1160,861,857,1070,1311,1283,1106,796,523,268,92,18,1697,7330,240,286,340,343,282,265,348,416,540,624,405,388,510,636,572,532,321,188,78,14,2,603,7983,211,291,357,349,271,241,291,391,506,536,456,469,560,675,711,574,475,335,190,78,16,1094
2019,2019-01-01,35344,353442,山口県,熊毛郡平生町,11860,340,396,467,549,463,366,437,578,697,838,686,660,851,1048,1065,870,667,526,265,77,14,1549,5585,168,203,231,270,235,202,228,290,354,424,340,297,416,501,483,399,272,170,86,14,2,544,6275,172,193,236,279,228,164,209,288,343,414,346,363,435,547,582,471,395,356,179,63,12,1005
2019,2019-01-01,35500,355003,山口県,阿武郡,3292,65,110,114,88,63,63,94,138,154,160,149,196,286,400,277,262,276,236,127,29,5,673,1479,29,61,63,46,34,32,55,73,78,78,69,92,143,203,126,104,90,71,27,5,0,193,1813,36,49,51,42,29,31,39,65,76,82,80,104,143,197,151,158,186,165,100,24,5,480
2019,2019-01-01,35502,355020,山口県,阿武郡阿武町,3292,65,110,114,88,63,63,94,138,154,160,149,196,286,400,277,262,276,236,127,29,5,673,1479,29,61,63,46,34,32,55,73,78,78,69,92,143,203,126,104,90,71,27,5,0,193,1813,36,49,51,42,29,31,39,65,76,82,80,104,143,197,151,158,186,165,100,24,5,480
2019,2019-01-01,36000,360007,徳島県,,744521,26392,29319,30517,33820,31622,30270,36503,41897,48992,50797,45214,45926,52048,63055,53938,43011,36212,27505,13361,3568,554,81200,356445,13655,15120,15695,17189,16247,15640,18610,21497,24636,25131,21986,22258,25431,30973,25899,18949,14399,9082,3384,605,59,27529,388076,12737,14199,14822,16631,15375,14630,17893,20400,24356,25666,23228,23668,26617,32082,28039,24062,21813,18423,9977,2963,495,53671
2019,2019-01-01,36201,362018,徳島県,徳島市,252530,10190,10645,10584,11490,11708,11592,13724,15326,17468,18868,16530,15984,15973,18865,17096,13642,10727,7520,3495,943,160,22845,119948,5232,5510,5369,5803,5979,5898,6890,7706,8663,9172,7949,7686,7628,9076,7918,5871,4150,2430,857,146,15,7598,132582,4958,5135,5215,5687,5729,5694,6834,7620,8805,9696,8581,8298,8345,9789,9178,7771,6577,5090,2638,797,145,15247
2019,2019-01-01,36202,362026,徳島県,鳴門市,57399,1737,2107,2246,2641,2548,2138,2579,3011,3864,4009,3746,3499,3918,5179,4533,3479,2752,2086,1008,270,49,6165,27466,896,1117,1165,1340,1291,1109,1297,1526,1957,1998,1787,1710,1909,2528,2164,1518,1139,694,257,56,8,2154,29933,841,990,1081,1301,1257,1029,1282,1485,1907,2011,1959,1789,2009,2651,2369,1961,1613,1392,751,214,41,4011
2019,2019-01-01,36203,362034,徳島県,小松島市,37769,1121,1333,1505,1719,1667,1575,1730,2008,2379,2690,2274,2438,2667,3341,2993,2283,1891,1349,622,160,24,4046,18422,615,715,758,907,884,815,933,1054,1216,1396,1135,1178,1309,1639,1420,1030,778,453,164,23,0,1418,19347,506,618,747,812,783,760,797,954,1163,1294,1139,1260,1358,1702,1573,1253,1113,896,458,137,24,2628
2019,2019-01-01,36204,362042,徳島県,阿南市,73162,2591,3110,3296,3675,3208,3019,3519,4153,4809,4922,4256,4287,4903,5988,5382,4295,3581,2561,1238,318,51,7749,35474,1361,1553,1719,1865,1730,1677,1818,2171,2420,2490,2067,2112,2373,2939,2549,1915,1465,868,317,59,6,2715,37688,1230,1557,1577,1810,1478,1342,1701,1982,2389,2432,2189,2175,2530,3049,2833,2380,2116,1693,921,259,45,5034
2019,2019-01-01,36205,362051,徳島県,吉野川市,40955,1281,1429,1608,1738,1573,1487,1828,2172,2514,2503,2341,2585,3149,3841,3140,2497,2264,1840,904,225,36,5269,19514,642,716,792,875,819,775,974,1143,1221,1239,1123,1259,1532,1911,1531,1142,918,626,243,32,1,1820,21441,639,713,816,863,754,712,854,1029,1293,1264,1218,1326,1617,1930,1609,1355,1346,1214,661,193,35,3449
2019,2019-01-01,36206,362069,徳島県,阿波市,37246,1123,1309,1500,1638,1446,1226,1541,2000,2453,2397,2131,2271,2980,3672,2901,2190,1903,1596,750,197,22,4468,17899,566,663,769,832,700,613,798,1030,1253,1210,1076,1101,1461,1810,1490,1013,762,531,188,32,1,1514,19347,557,646,731,806,746,613,743,970,1200,1187,1055,1170,1519,1862,1411,1177,1141,1065,562,165,21,2954
2019,2019-01-01,36207,362077,徳島県,美馬市,29039,853,994,1087,1228,1018,1025,1311,1477,1658,1677,1644,1805,2501,2865,2119,1705,1707,1437,720,190,18,4072,13890,483,508,571,615,528,535,650,768,856,838,810,894,1262,1457,1057,731,673,444,172,35,3,1327,15149,370,486,516,613,490,490,661,709,802,839,834,911,1239,1408,1062,974,1034,993,548,155,15,2745
2019,2019-01-01,36208,362085,徳島県,三好市,26018,619,757,800,958,836,715,988,1059,1228,1265,1399,1757,2373,2644,1993,1825,1977,1646,915,228,36,4802,12281,334,396,419,516,426,395,518,578,658,594,707,875,1241,1348,981,780,741,526,201,46,1,1515,13737,285,361,381,442,410,320,470,481,570,671,692,882,1132,1296,1012,1045,1236,1120,714,182,35,3287
2019,2019-01-01,36300,363006,徳島県,勝浦郡,6781,178,196,221,230,196,240,283,281,317,330,356,399,535,620,551,570,555,420,215,80,8,1278,3281,89,104,131,110,114,142,154,158,165,170,184,199,251,325,277,245,231,148,73,9,2,463,3500,89,92,90,120,82,98,129,123,152,160,172,200,284,295,274,325,324,272,142,71,6,815
2019,2019-01-01,36301,363014,徳島県,勝浦郡勝浦町,5240,141,161,188,189,155,201,225,223,259,258,278,302,443,500,428,398,389,285,158,55,4,891,2545,76,88,109,89,89,122,123,130,130,131,137,146,208,266,213,173,165,94,49,6,1,315,2695,65,73,79,100,66,79,102,93,129,127,141,156,235,234,215,225,224,191,109,49,3,576
2019,2019-01-01,36302,363022,徳島県,勝浦郡上勝町,1541,37,35,33,41,41,39,58,58,58,72,78,97,92,120,123,172,166,135,57,25,4,387,736,13,16,22,21,25,20,31,28,35,39,47,53,43,59,64,72,66,54,24,3,1,148,805,24,19,11,20,16,19,27,30,23,33,31,44,49,61,59,100,100,81,33,22,3,239
2019,2019-01-01,36320,363201,徳島県,名東郡,2355,42,72,73,75,76,57,89,101,136,118,124,131,194,255,217,188,174,137,71,22,3,407,1144,25,37,47,38,39,32,40,53,70,60,72,62,90,126,115,88,74,46,27,2,1,150,1211,17,35,26,37,37,25,49,48,66,58,52,69,104,129,102,100,100,91,44,20,2,257
2019,2019-01-01,36321,363219,徳島県,名東郡佐那河内村,2355,42,72,73,75,76,57,89,101,136,118,124,131,194,255,217,188,174,137,71,22,3,407,1144,25,37,47,38,39,32,40,53,70,60,72,62,90,126,115,88,74,46,27,2,1,150,1211,17,35,26,37,37,25,49,48,66,58,52,69,104,129,102,100,100,91,44,20,2,257
2019,2019-01-01,36340,363405,徳島県,名西郡,30970,1027,1242,1194,1331,1182,1171,1446,1749,1940,1938,1731,1826,2293,2769,2388,1921,1648,1313,662,180,19,3822,14766,535,629,648,700,587,581,721,919,973,949,815,867,1140,1364,1192,843,655,443,169,35,1,1303,16204,492,613,546,631,595,590,725,830,967,989,916,959,1153,1405,1196,1078,993,870,493,145,18,2519
2019,2019-01-01,36341,363413,徳島県,名西郡石井町,25705,928,1145,1090,1213,1036,1027,1268,1518,1741,1731,1497,1504,1803,2196,1925,1484,1133,882,444,128,12,2599,12270,476,573,586,635,520,495,632,785,866,844,693,725,884,1047,953,672,458,287,114,24,1,884,13435,452,572,504,578,516,532,636,733,875,887,804,779,919,1149,972,812,675,595,330,104,11,1715
2019,2019-01-01,36342,363421,徳島県,名西郡神山町,5265,99,97,104,118,146,144,178,231,199,207,234,322,490,573,463,437,515,431,218,52,7,1223,2496,59,56,62,65,67,86,89,134,107,105,122,142,256,317,239,171,197,156,55,11,0,419,2769,40,41,42,53,79,58,89,97,92,102,112,180,234,256,224,266,318,275,163,41,7,804
2019,2019-01-01,36360,363600,徳島県,那賀郡,8403,167,201,246,306,238,216,266,342,354,392,408,514,671,884,692,672,712,661,335,108,18,1834,3991,91,107,130,167,124,117,131,194,204,193,218,267,349,448,333,286,279,238,92,21,2,632,4412,76,94,116,139,114,99,135,148,150,199,190,247,322,436,359,386,433,423,243,87,16,1202
2019,2019-01-01,36368,363685,徳島県,那賀郡那賀町,8403,167,201,246,306,238,216,266,342,354,392,408,514,671,884,692,672,712,661,335,108,18,1834,3991,91,107,130,167,124,117,131,194,204,193,218,267,349,448,333,286,279,238,92,21,2,632,4412,76,94,116,139,114,99,135,148,150,199,190,247,322,436,359,386,433,423,243,87,16,1202
2019,2019-01-01,36380,363804,徳島県,海部郡,20092,424,482,581,806,641,556,605,790,907,1038,1150,1243,1508,2059,1876,1773,1613,1220,607,180,33,3653,9480,203,244,299,425,325,296,317,442,455,505,558,623,771,1036,884,803,661,427,176,26,4,1294,10612,221,238,282,381,316,260,288,348,452,533,592,620,737,1023,992,970,952,793,431,154,29,2359
2019,2019-01-01,36383,363839,徳島県,海部郡牟岐町,4117,75,85,108,138,124,114,118,135,198,203,214,228,303,466,447,370,350,254,134,42,11,791,1941,37,42,57,73,62,68,62,80,97,112,107,106,145,232,213,173,146,87,39,3,0,275,2176,38,43,51,65,62,46,56,55,101,91,107,122,158,234,234,197,204,167,95,39,11,516
2019,2019-01-01,36387,363871,徳島県,海部郡美波町,6708,165,172,176,259,211,194,221,288,289,321,383,412,490,644,596,653,538,425,207,52,12,1234,3125,79,84,84,134,103,99,112,167,148,155,183,218,241,328,261,289,223,143,63,8,3,440,3583,86,88,92,125,108,95,109,121,141,166,200,194,249,316,335,364,315,282,144,44,9,794
2019,2019-01-01,36388,363880,徳島県,海部郡海陽町,9267,184,225,297,409,306,248,266,367,420,514,553,603,715,949,833,750,725,541,266,86,10,1628,4414,87,118,158,218,160,129,143,195,210,238,268,299,385,476,410,341,292,197,74,15,1,579,4853,97,107,139,191,146,119,123,172,210,276,285,304,330,473,423,409,433,344,192,71,9,1049
2019,2019-01-01,36400,364002,徳島県,板野郡,98516,4341,4669,4726,4999,4451,4445,5598,6291,7660,7405,5848,5642,6405,7847,6403,4552,3259,2465,1160,298,52,7234,47873,2225,2408,2447,2518,2291,2240,2851,3135,3853,3694,2858,2672,3121,3814,3146,2095,1333,814,300,49,9,2505,50643,2116,2261,2279,2481,2160,2205,2747,3156,3807,3711,2990,2970,3284,4033,3257,2457,1926,1651,860,249,43,4729
2019,2019-01-01,36401,364011,徳島県,板野郡松茂町,15017,650,703,716,809,775,719,843,931,1205,1220,978,883,917,1091,901,671,487,351,123,43,1,1005,7473,322,350,370,412,458,392,440,454,620,620,489,441,477,527,444,305,201,116,30,5,0,352,7544,328,353,346,397,317,327,403,477,585,600,489,442,440,564,457,366,286,235,93,38,1,653
2019,2019-01-01,36402,364029,徳島県,板野郡北島町,23103,1157,1223,1172,1141,1022,1046,1386,1604,1880,1769,1357,1270,1393,1618,1401,1050,777,515,255,54,13,1614,11227,606,620,626,569,512,514,702,802,950,899,667,600,667,773,679,451,331,174,74,8,3,590,11876,551,603,546,572,510,532,684,802,930,870,690,670,726,845,722,599,446,341,181,46,10,1024
2019,2019-01-01,36403,364037,徳島県,板野郡藍住町,35032,1708,1819,1809,1832,1624,1679,2198,2404,2841,2616,2022,1955,2166,2769,2143,1426,894,703,319,89,16,2021,16943,868,954,913,921,805,825,1079,1198,1403,1297,958,893,1025,1350,1047,716,356,239,79,15,2,691,18089,840,865,896,911,819,854,1119,1206,1438,1319,1064,1062,1141,1419,1096,710,538,464,240,74,14,1330
2019,2019-01-01,36404,364045,徳島県,板野郡板野町,13394,464,476,539,616,596,542,622,741,887,979,808,825,1027,1195,999,751,580,451,244,49,3,1327,6489,245,251,293,320,294,282,328,376,462,479,406,398,512,594,481,324,235,139,61,8,1,444,6905,219,225,246,296,302,260,294,365,425,500,402,427,515,601,518,427,345,312,183,41,2,883
2019,2019-01-01,36405,364053,徳島県,板野郡上板町,11970,362,448,490,601,434,459,549,611,847,821,683,709,902,1174,959,654,521,445,219,63,19,1267,5741,184,233,245,296,222,227,302,305,418,399,338,340,440,570,495,299,210,146,56,13,3,428,6229,178,215,245,305,212,232,247,306,429,422,345,369,462,604,464,355,311,299,163,50,16,839
2019,2019-01-01,36460,364606,徳島県,美馬郡,8928,183,225,259,330,271,262,308,401,406,430,486,594,783,885,693,695,683,609,324,84,17,1717,4178,99,130,133,176,132,138,171,222,204,213,236,305,393,470,340,275,264,188,75,10,4,541,4750,84,95,126,154,139,124,137,179,202,217,250,289,390,415,353,420,419,421,249,74,13,1176
2019,2019-01-01,36468,364681,徳島県,美馬郡つるぎ町,8928,183,225,259,330,271,262,308,401,406,430,486,594,783,885,693,695,683,609,324,84,17,1717,4178,99,130,133,176,132,138,171,222,204,213,236,305,393,470,340,275,264,188,75,10,4,541,4750,84,95,126,154,139,124,137,179,202,217,250,289,390,415,353,420,419,421,249,74,13,1176
2019,2019-01-01,36480,364801,徳島県,三好郡,14358,515,548,591,656,563,546,688,736,899,815,790,951,1195,1341,961,724,766,645,335,85,8,1839,6838,259,283,298,302,278,277,347,398,468,410,391,448,601,682,502,314,276,206,73,24,1,580,7520,256,265,293,354,285,269,341,338,431,405,399,503,594,659,459,410,490,439,262,61,7,1259
2019,2019-01-01,36489,364894,徳島県,三好郡東みよし町,14358,515,548,591,656,563,546,688,736,899,815,790,951,1195,1341,961,724,766,645,335,85,8,1839,6838,259,283,298,302,278,277,347,398,468,410,391,448,601,682,502,314,276,206,73,24,1,580,7520,256,265,293,354,285,269,341,338,431,405,399,503,594,659,459,410,490,439,262,61,7,1259
2019,2019-01-01,37000,370002,香川県,,974869,37381,41748,43753,46698,42908,41577,49259,56071,68805,71079,58403,55945,61060,76442,71027,54128,43761,32673,16575,4772,804,98585,471157,19210,21549,22278,24008,22253,21533,25275,28445,34798,36023,28939,27515,29850,36803,33825,24284,17611,11378,4594,883,103,34569,503712,18171,20199,21475,22690,20655,20044,23984,27626,34007,35056,29464,28430,31210,39639,37202,29844,26150,21295,11981,3889,701,64016
2019,2019-01-01,37201,372013,香川県,高松市,423862,17739,19494,20090,20732,19047,19238,23175,26291,32305,33343,26763,24182,24600,30484,28425,21635,16565,11961,5826,1658,309,36319,204519,9079,10059,10256,10613,9695,9743,11686,13111,16111,16917,13173,11990,11960,14485,13321,9601,6690,4143,1559,290,37,12719,219343,8660,9435,9834,10119,9352,9495,11489,13180,16194,16426,13590,12192,12640,15999,15104,12034,9875,7818,4267,1368,272,23600
2019,2019-01-01,37202,372021,香川県,丸亀市,111058,4585,5217,5432,5779,5370,5033,5762,6856,8111,8482,6490,5994,6752,8516,7675,5574,4347,3033,1560,423,67,9430,54013,2401,2631,2779,2939,2775,2589,2934,3532,4147,4296,3210,2879,3237,4193,3602,2523,1794,1053,416,73,10,3346,57045,2184,2586,2653,2840,2595,2444,2828,3324,3964,4186,3280,3115,3515,4323,4073,3051,2553,1980,1144,350,57,6084
2019,2019-01-01,37203,372030,香川県,坂出市,52416,1771,2031,2257,2342,2154,2065,2386,2691,3564,3742,2993,2821,3326,4395,4452,3264,2744,2050,1028,289,51,6162,25133,911,1050,1132,1213,1132,1122,1267,1325,1774,1887,1532,1390,1604,2083,2144,1473,1056,703,280,51,4,2094,27283,860,981,1125,1129,1022,943,1119,1366,1790,1855,1461,1431,1722,2312,2308,1791,1688,1347,748,238,47,4068
2019,2019-01-01,37204,372048,香川県,善通寺市,32139,1389,1384,1354,1534,1685,1679,1800,1862,2121,2102,1699,1788,1901,2482,2324,1782,1461,1064,535,170,23,3253,16014,707,710,695,820,1022,940,991,1009,1124,1094,871,906,906,1202,1098,782,560,394,160,20,3,1137,16125,682,674,659,714,663,739,809,853,997,1008,828,882,995,1280,1226,1000,901,670,375,150,20,2116
2019,2019-01-01,37205,372056,香川県,観音寺市,59711,2247,2407,2492,2739,2605,2616,2879,3261,3780,3882,3592,3626,4009,4799,4418,3459,3008,2300,1192,346,54,6900,28879,1141,1289,1305,1408,1374,1349,1502,1671,1944,1946,1805,1753,2001,2324,2105,1530,1212,809,338,68,5,2432,30832,1106,1118,1187,1331,1231,1267,1377,1590,1836,1936,1787,1873,2008,2475,2313,1929,1796,1491,854,278,49,4468
2019,2019-01-01,37206,372064,香川県,さぬき市,48433,1291,1708,1946,2285,2065,1735,1961,2364,2995,3358,2893,3047,3367,4293,3948,3222,2651,1991,989,278,46,5955,23299,643,871,977,1175,1101,919,1022,1211,1547,1690,1441,1470,1690,2079,1884,1452,1089,697,282,53,6,2127,25134,648,837,969,1110,964,816,939,1153,1448,1668,1452,1577,1677,2214,2064,1770,1562,1294,707,225,40,3828
2019,2019-01-01,37207,372072,香川県,東かがわ市,30669,790,888,1047,1273,1156,967,1112,1333,1709,2006,1843,1806,2129,2852,2825,2482,2033,1472,690,221,35,4451,14643,413,459,516,672,629,503,592,694,859,1014,905,855,1069,1384,1359,1107,851,521,201,36,4,1613,16026,377,429,531,601,527,464,520,639,850,992,938,951,1060,1468,1466,1375,1182,951,489,185,31,2838
2019,2019-01-01,37208,372081,香川県,三豊市,65062,2159,2582,2697,3142,2568,2406,2834,3310,4282,4099,3575,3898,4459,5608,5207,3903,3520,2841,1474,427,71,8333,31377,1119,1340,1329,1623,1308,1289,1478,1710,2215,2101,1764,1925,2149,2726,2556,1790,1403,993,443,101,15,2955,33685,1040,1242,1368,1519,1260,1117,1356,1600,2067,1998,1811,1973,2310,2882,2651,2113,2117,1848,1031,326,56,5378
2019,2019-01-01,37320,373206,香川県,小豆郡,28496,800,887,952,1006,960,885,1141,1288,1542,1647,1620,1777,2190,2908,2506,2055,1759,1450,831,248,44,4332,13529,405,458,500,528,497,482,565,676,789,838,793,888,1085,1423,1203,924,690,499,233,50,3,1475,14967,395,429,452,478,463,403,576,612,753,809,827,889,1105,1485,1303,1131,1069,951,598,198,41,2857
2019,2019-01-01,37322,373222,香川県,小豆郡土庄町,13871,390,437,482,474,476,392,552,668,777,784,766,861,1113,1474,1240,997,818,649,383,119,19,1988,6512,200,208,250,262,225,202,273,342,394,387,376,429,541,731,598,441,329,205,98,21,0,653,7359,190,229,232,212,251,190,279,326,383,397,390,432,572,743,642,556,489,444,285,98,19,1335
2019,2019-01-01,37324,373249,香川県,小豆郡小豆島町,14625,410,450,470,532,484,493,589,620,765,863,854,916,1077,1434,1266,1058,941,801,448,129,25,2344,7017,205,250,250,266,272,280,292,334,395,451,417,459,544,692,605,483,361,294,135,29,3,822,7608,205,200,220,266,212,213,297,286,370,412,437,457,533,742,661,575,580,507,313,100,22,1522
2019,2019-01-01,37340,373401,香川県,木田郡,28084,1079,1229,1282,1386,1186,1121,1403,1632,1945,1928,1586,1658,1967,2384,2013,1490,1174,894,561,147,19,2795,13598,555,649,651,688,609,562,716,818,967,957,781,779,991,1183,992,709,479,320,158,32,2,991,14486,524,580,631,698,577,559,687,814,978,971,805,879,976,1201,1021,781,695,574,403,115,17,1804
2019,2019-01-01,37341,373419,香川県,木田郡三木町,28084,1079,1229,1282,1386,1186,1121,1403,1632,1945,1928,1586,1658,1967,2384,2013,1490,1174,894,561,147,19,2795,13598,555,649,651,688,609,562,716,818,967,957,781,779,991,1183,992,709,479,320,158,32,2,991,14486,524,580,631,698,577,559,687,814,978,971,805,879,976,1201,1021,781,695,574,403,115,17,1804
2019,2019-01-01,37360,373605,香川県,香川郡,3069,111,100,104,107,173,154,188,168,208,176,159,155,177,245,255,208,156,134,73,16,2,381,1570,52,53,47,62,108,101,105,90,113,93,80,103,76,120,131,96,65,51,20,3,1,140,1499,59,47,57,45,65,53,83,78,95,83,79,52,101,125,124,112,91,83,53,13,1,241
2019,2019-01-01,37364,373648,香川県,香川郡直島町,3069,111,100,104,107,173,154,188,168,208,176,159,155,177,245,255,208,156,134,73,16,2,381,1570,52,53,47,62,108,101,105,90,113,93,80,103,76,120,131,96,65,51,20,3,1,140,1499,59,47,57,45,65,53,83,78,95,83,79,52,101,125,124,112,91,83,53,13,1,241
2019,2019-01-01,37380,373800,香川県,綾歌郡,41884,1754,1813,1942,2134,1838,1838,2313,2439,3074,3069,2490,2314,2699,3169,2913,2067,1703,1327,721,242,25,4018,20464,925,922,980,1122,920,949,1204,1273,1555,1518,1245,1130,1332,1567,1442,964,697,467,193,54,5,1416,21420,829,891,962,1012,918,889,1109,1166,1519,1551,1245,1184,1367,1602,1471,1103,1006,860,528,188,20,2602
2019,2019-01-01,37386,373869,香川県,綾歌郡宇多津町,17942,916,881,967,1039,916,952,1205,1163,1505,1554,1132,971,922,998,943,716,580,349,169,60,4,1162,8812,485,451,487,529,467,492,644,611,748,741,548,473,465,481,460,322,234,120,37,15,2,408,9130,431,430,480,510,449,460,561,552,757,813,584,498,457,517,483,394,346,229,132,45,2,754
2019,2019-01-01,37387,373877,香川県,綾歌郡綾川町,23942,838,932,975,1095,922,886,1108,1276,1569,1515,1358,1343,1777,2171,1970,1351,1123,978,552,182,21,2856,11652,440,471,493,593,453,457,560,662,807,777,697,657,867,1086,982,642,463,347,156,39,3,1008,12290,398,461,482,502,469,429,548,614,762,738,661,686,910,1085,988,709,660,631,396,143,18,1848
2019,2019-01-01,37400,374008,香川県,仲多度郡,49986,1666,2008,2158,2239,2101,1840,2305,2576,3169,3245,2700,2879,3484,4307,4066,2987,2640,2156,1095,307,58,6256,24119,859,1058,1111,1145,1083,985,1213,1325,1653,1672,1339,1447,1750,2034,1988,1333,1025,728,311,52,8,2124,25867,807,950,1047,1094,1018,855,1092,1251,1516,1573,1361,1432,1734,2273,2078,1654,1615,1428,784,255,50,4132
2019,2019-01-01,37403,374032,香川県,仲多度郡琴平町,8991,233,291,326,395,422,292,320,416,525,610,551,472,613,768,823,639,602,420,192,66,15,1295,4222,123,165,157,208,228,163,159,204,275,306,274,233,294,340,393,263,231,144,45,15,2,437,4769,110,126,169,187,194,129,161,212,250,304,277,239,319,428,430,376,371,276,147,51,13,858
2019,2019-01-01,37404,374041,香川県,仲多度郡多度津町,22510,811,882,1033,1111,988,959,1128,1171,1532,1569,1219,1289,1472,1867,1764,1326,993,864,405,103,24,2389,10945,418,459,527,555,504,514,608,619,807,791,602,645,747,884,839,604,395,292,118,16,1,822,11565,393,423,506,556,484,445,520,552,725,778,617,644,725,983,925,722,598,572,287,87,23,1567
2019,2019-01-01,37406,374067,香川県,仲多度郡まんのう町,18485,622,835,799,733,691,589,857,989,1112,1066,930,1118,1399,1672,1479,1022,1045,872,498,138,19,2572,8952,318,434,427,382,351,308,446,502,571,575,463,569,709,810,756,466,399,292,148,21,5,865,9533,304,401,372,351,340,281,411,487,541,491,467,549,690,862,723,556,646,580,350,117,14,1707
2019,2019-01-01,38000,380008,愛媛県,,1369853,49358,56564,59167,63563,58205,55732,66376,75235,91479,95429,84075,84152,90973,112975,100020,79700,65378,48609,24657,7093,1113,146850,649749,25341,29006,30249,32685,29867,28302,33141,37786,46129,47439,40853,40634,43722,53999,46667,34288,25496,16302,6418,1304,121,49641,720104,24017,27558,28918,30878,28338,27430,33235,37449,45350,47990,43222,43518,47251,58976,53353,45412,39882,32307,18239,5789,992,97209
2019,2019-01-01,38201,382019,愛媛県,松山市,509989,20509,22440,22990,24444,24571,24244,27808,31207,37102,38709,33167,31218,31877,37730,33102,25786,19727,14116,6954,1961,327,43085,239746,10524,11439,11712,12585,12367,11719,13422,15225,18168,18852,15712,14652,15077,17641,15158,11078,7577,4626,1816,362,34,14415,270243,9985,11001,11278,11859,12204,12525,14386,15982,18934,19857,17455,16566,16800,20089,17944,14708,12150,9490,5138,1599,293,28670
2019,2019-01-01,38202,382027,愛媛県,今治市,157037,5253,6212,6501,7052,6287,5828,7118,8021,10284,11073,9345,9197,9985,13667,13057,10485,7929,5731,2909,934,169,17672,74256,2685,3227,3350,3544,3244,3039,3623,4112,5183,5520,4506,4427,4763,6427,6033,4563,3184,1940,704,166,16,6010,82781,2568,2985,3151,3508,3043,2789,3495,3909,5101,5553,4839,4770,5222,7240,7024,5922,4745,3791,2205,768,153,11662
2019,2019-01-01,38203,382035,愛媛県,宇和島市,75465,2190,2683,2958,3324,2565,2258,2828,3457,4594,4710,4563,4840,5667,7180,6580,5029,4407,3416,1736,433,47,10039,35458,1150,1410,1524,1659,1352,1181,1464,1797,2371,2380,2227,2335,2731,3438,3114,2084,1648,1104,427,59,3,3241,40007,1040,1273,1434,1665,1213,1077,1364,1660,2223,2330,2336,2505,2936,3742,3466,2945,2759,2312,1309,374,44,6798
2019,2019-01-01,38204,382043,愛媛県,八幡浜市,33651,907,1081,1263,1383,1108,1070,1267,1409,1819,2215,2105,2275,2522,3148,2867,2452,2140,1560,805,224,31,4760,15741,444,562,635,708,541,568,653,743,946,1078,1021,1177,1195,1532,1318,1016,841,510,207,41,5,1604,17910,463,519,628,675,567,502,614,666,873,1137,1084,1098,1327,1616,1549,1436,1299,1050,598,183,26,3156
2019,2019-01-01,38205,382051,愛媛県,新居浜市,118751,4644,5168,5307,5583,5043,4961,5969,6651,8039,8506,7108,6803,6964,9496,9008,7063,5559,4111,2035,632,101,12438,57046,2384,2628,2763,2861,2634,2607,3080,3375,4202,4292,3669,3376,3352,4450,4178,3058,2167,1360,505,91,14,4137,61705,2260,2540,2544,2722,2409,2354,2889,3276,3837,4214,3439,3427,3612,5046,4830,4005,3392,2751,1530,541,87,8301
2019,2019-01-01,38206,382060,愛媛県,西条市,108382,4105,4679,4856,5056,4545,4351,5369,5922,7141,7288,6519,6791,7198,8961,7566,6027,5247,3967,2117,578,99,12008,52091,2105,2374,2493,2579,2395,2274,2778,3035,3674,3716,3201,3297,3505,4336,3590,2606,2062,1367,567,124,13,4133,56291,2000,2305,2363,2477,2150,2077,2591,2887,3467,3572,3318,3494,3693,4625,3976,3421,3185,2600,1550,454,86,7875
2019,2019-01-01,38207,382078,愛媛県,大洲市,43249,1453,1811,1795,2012,1631,1464,1848,2179,2644,2640,2529,2821,3215,3826,3116,2566,2393,1993,975,287,51,5699,20678,731,947,923,1035,858,757,915,1096,1351,1312,1243,1446,1572,1919,1502,1094,944,690,275,60,8,1977,22571,722,864,872,977,773,707,933,1083,1293,1328,1286,1375,1643,1907,1614,1472,1449,1303,700,227,43,3722
2019,2019-01-01,38210,382108,愛媛県,伊予市,37026,1290,1571,1627,1783,1566,1353,1699,2018,2332,2478,2206,2308,2616,3187,2732,2141,1849,1334,715,196,25,4119,17494,685,827,839,910,768,665,855,1020,1174,1227,1098,1110,1265,1496,1290,909,714,428,178,34,2,1356,19532,605,744,788,873,798,688,844,998,1158,1251,1108,1198,1351,1691,1442,1232,1135,906,537,162,23,2763
2019,2019-01-01,38213,382132,愛媛県,四国中央市,86655,3066,3545,3779,3905,3729,3758,4373,4759,5735,5901,5330,5276,5898,7260,6179,4968,4123,2949,1573,480,69,9194,42383,1582,1821,1940,2079,1980,2022,2286,2519,2987,3051,2716,2603,2912,3587,2965,2200,1617,1013,397,99,7,3133,44272,1484,1724,1839,1826,1749,1736,2087,2240,2748,2850,2614,2673,2986,3673,3214,2768,2506,1936,1176,381,62,6061
2019,2019-01-01,38214,382141,愛媛県,西予市,37759,1058,1302,1484,1519,1086,973,1366,1701,2072,1990,2130,2348,2702,3595,3330,2680,2719,2200,1127,331,46,6423,17923,528,683,773,816,599,518,701,880,1099,997,1086,1170,1346,1782,1612,1137,1040,781,315,57,3,2196,19836,530,619,711,703,487,455,665,821,973,993,1044,1178,1356,1813,1718,1543,1679,1419,812,274,43,4227
2019,2019-01-01,38215,382159,愛媛県,東温市,33411,1203,1478,1577,1578,1544,1397,1654,1998,2280,2232,1943,2023,2464,2748,2205,1776,1438,1109,578,165,21,3311,15782,598,744,759,790,740,711,806,995,1134,1143,898,956,1182,1367,1036,762,575,367,175,41,3,1161,17629,605,734,818,788,804,686,848,1003,1146,1089,1045,1067,1282,1381,1169,1014,863,742,403,124,18,2150
2019,2019-01-01,38340,383406,愛媛県,越智郡,6610,128,166,189,517,173,166,196,220,286,294,280,392,469,734,705,613,458,383,194,36,11,1082,3277,75,86,85,354,111,106,104,118,151,169,154,184,228,373,348,273,165,132,55,4,2,358,3333,53,80,104,163,62,60,92,102,135,125,126,208,241,361,357,340,293,251,139,32,9,724
2019,2019-01-01,38356,383562,愛媛県,越智郡上島町,6610,128,166,189,517,173,166,196,220,286,294,280,392,469,734,705,613,458,383,194,36,11,1082,3277,75,86,85,354,111,106,104,118,151,169,154,184,228,373,348,273,165,132,55,4,2,358,3333,53,80,104,163,62,60,92,102,135,125,126,208,241,361,357,340,293,251,139,32,9,724
2019,2019-01-01,38380,383805,愛媛県,上浮穴郡,8297,187,197,254,297,222,222,285,261,380,384,408,596,671,743,599,678,813,651,344,91,14,1913,3907,102,107,122,151,111,129,146,131,195,195,208,319,365,387,286,271,319,242,103,17,1,682,4390,85,90,132,146,111,93,139,130,185,189,200,277,306,356,313,407,494,409,241,74,13,1231
2019,2019-01-01,38386,383864,愛媛県,上浮穴郡久万高原町,8297,187,197,254,297,222,222,285,261,380,384,408,596,671,743,599,678,813,651,344,91,14,1913,3907,102,107,122,151,111,129,146,131,195,195,208,319,365,387,286,271,319,242,103,17,1,682,4390,85,90,132,146,111,93,139,130,185,189,200,277,306,356,313,407,494,409,241,74,13,1231
2019,2019-01-01,38400,384003,愛媛県,伊予郡,51943,1890,2330,2395,2553,2238,2045,2545,2999,3512,3623,2947,3142,3676,4300,3749,2976,2260,1642,839,237,45,5023,24718,980,1149,1215,1342,1155,1062,1252,1463,1797,1766,1410,1488,1744,2071,1698,1361,900,569,238,51,7,1765,27225,910,1181,1180,1211,1083,983,1293,1536,1715,1857,1537,1654,1932,2229,2051,1615,1360,1073,601,186,38,3258
2019,2019-01-01,38401,384011,愛媛県,伊予郡松前町,30787,1175,1454,1390,1560,1350,1248,1582,1763,2105,2180,1718,1849,2125,2379,2153,1758,1351,996,482,146,23,2998,14607,620,712,709,816,687,638,787,855,1067,1057,839,883,1007,1136,974,797,527,333,135,25,3,1023,16180,555,742,681,744,663,610,795,908,1038,1123,879,966,1118,1243,1179,961,824,663,347,121,20,1975
2019,2019-01-01,38402,384020,愛媛県,伊予郡砥部町,21156,715,876,1005,993,888,797,963,1236,1407,1443,1229,1293,1551,1921,1596,1218,909,646,357,91,22,2025,10111,360,437,506,526,468,424,465,608,730,709,571,605,737,935,724,564,373,236,103,26,4,742,11045,355,439,499,467,420,373,498,628,677,734,658,688,814,986,872,654,536,410,254,65,18,1283
2019,2019-01-01,38420,384208,愛媛県,喜多郡,16677,463,620,662,750,593,537,648,794,916,940,927,1046,1288,1495,1222,1131,1095,898,487,151,14,2645,8006,248,336,343,381,304,293,308,406,477,485,457,542,655,771,598,480,441,294,150,34,3,922,8671,215,284,319,369,289,244,340,388,439,455,470,504,633,724,624,651,654,604,337,117,11,1723
2019,2019-01-01,38422,384224,愛媛県,喜多郡内子町,16677,463,620,662,750,593,537,648,794,916,940,927,1046,1288,1495,1222,1131,1095,898,487,151,14,2645,8006,248,336,343,381,304,293,308,406,477,485,457,542,655,771,598,480,441,294,150,34,3,922,8671,215,284,319,369,289,244,340,388,439,455,470,504,633,724,624,651,654,604,337,117,11,1723
2019,2019-01-01,38440,384402,愛媛県,西宇和郡,9333,184,255,266,353,294,232,279,282,441,435,575,633,815,970,792,733,773,633,293,84,11,1794,4476,92,137,129,170,160,153,152,155,235,227,287,332,440,493,409,303,302,219,67,14,0,602,4857,92,118,137,183,134,79,127,127,206,208,288,301,375,477,383,430,471,414,226,70,11,1192
2019,2019-01-01,38442,384429,愛媛県,西宇和郡伊方町,9333,184,255,266,353,294,232,279,282,441,435,575,633,815,970,792,733,773,633,293,84,11,1794,4476,92,137,129,170,160,153,152,155,235,227,287,332,440,493,409,303,302,219,67,14,0,602,4857,92,118,137,183,134,79,127,127,206,208,288,301,375,477,383,430,471,414,226,70,11,1192
2019,2019-01-01,38480,384801,愛媛県,北宇和郡,14224,347,429,534,576,348,372,455,539,740,740,756,949,1122,1525,1232,996,1079,878,466,125,16,2564,6689,180,214,266,291,189,208,240,295,389,373,353,493,537,762,594,419,439,315,113,19,0,886,7535,167,215,268,285,159,164,215,244,351,367,403,456,585,763,638,577,640,563,353,106,16,1678
2019,2019-01-01,38484,384844,愛媛県,北宇和郡松野町,3949,86,112,131,154,107,107,116,151,211,216,209,244,322,448,339,273,299,252,129,39,4,723,1871,42,53,69,73,64,58,60,83,118,105,109,118,160,218,166,121,119,94,36,5,0,254,2078,44,59,62,81,43,49,56,68,93,111,100,126,162,230,173,152,180,158,93,34,4,469
2019,2019-01-01,38488,384887,愛媛県,北宇和郡鬼北町,10275,261,317,403,422,241,265,339,388,529,524,547,705,800,1077,893,723,780,626,337,86,12,1841,4818,138,161,197,218,125,150,180,212,271,268,244,375,377,544,428,298,320,221,77,14,0,632,5457,123,156,206,204,116,115,159,176,258,256,303,330,423,533,465,425,460,405,260,72,12,1209
2019,2019-01-01,38500,385000,愛媛県,南宇和郡,21394,481,597,730,878,662,501,669,818,1162,1271,1237,1494,1824,2410,1979,1600,1369,1038,510,148,16,3081,10078,248,315,378,430,359,290,356,421,596,656,607,727,853,1167,938,674,561,345,126,31,0,1063,11316,233,282,352,448,303,211,313,397,566,615,630,767,971,1243,1041,926,808,693,384,117,16,2018
2019,2019-01-01,38506,385069,愛媛県,南宇和郡愛南町,21394,481,597,730,878,662,501,669,818,1162,1271,1237,1494,1824,2410,1979,1600,1369,1038,510,148,16,3081,10078,248,315,378,430,359,290,356,421,596,656,607,727,853,1167,938,674,561,345,126,31,0,1063,11316,233,282,352,448,303,211,313,397,566,615,630,767,971,1243,1041,926,808,693,384,117,16,2018
2019,2019-01-01,39000,390003,高知県,,713006,24258,26837,28978,31893,28516,26642,32579,38048,47265,49008,41765,44396,47823,59669,55571,44318,36264,28701,15278,4507,690,85440,336577,12381,13730,14743,16429,14721,13456,16322,19221,23908,24403,20208,21780,23227,28712,25978,19129,14031,9465,3912,738,83,28229,376429,11877,13107,14235,15464,13795,13186,16257,18827,23357,24605,21557,22616,24596,30957,29593,25189,22233,19236,11366,3769,607,57211
2019,2019-01-01,39201,392014,高知県,高知市,328412,12663,13626,14465,15610,14787,14160,16752,19250,24306,25589,20800,20647,20240,24316,23171,17704,13312,10097,5240,1473,204,30326,153374,6445,6985,7354,7906,7326,6936,8143,9412,11959,12515,9762,9945,9615,11406,10528,7501,4957,3122,1303,235,19,9636,175038,6218,6641,7111,7704,7461,7224,8609,9838,12347,13074,11038,10702,10625,12910,12643,10203,8355,6975,3937,1238,185,20690
2019,2019-01-01,39202,392022,高知県,室戸市,13331,264,311,366,347,313,326,447,492,608,712,774,872,1017,1551,1513,1259,982,688,382,95,12,2159,6351,136,164,192,171,153,186,241,289,311,387,416,437,503,747,719,546,410,244,79,20,0,753,6980,128,147,174,176,160,140,206,203,297,325,358,435,514,804,794,713,572,444,303,75,12,1406
2019,2019-01-01,39203,392031,高知県,安芸市,17375,427,561,652,665,625,564,650,852,990,1154,1000,1136,1222,1667,1535,1272,1099,748,419,121,16,2403,8280,218,280,335,351,318,292,326,463,531,579,491,601,603,793,739,529,447,261,102,17,4,831,9095,209,281,317,314,307,272,324,389,459,575,509,535,619,874,796,743,652,487,317,104,12,1572
2019,2019-01-01,39204,392049,高知県,南国市,47193,1856,1938,2073,2559,2207,1912,2317,2851,3308,3332,2717,2690,2909,3675,3493,2582,2017,1623,848,247,39,4774,22536,963,981,1055,1410,1166,941,1166,1448,1649,1674,1296,1291,1414,1744,1686,1126,764,513,203,41,5,1526,24657,893,957,1018,1149,1041,971,1151,1403,1659,1658,1421,1399,1495,1931,1807,1456,1253,1110,645,206,34,3248
2019,2019-01-01,39205,392057,高知県,土佐市,26837,872,954,1088,1242,953,873,1179,1458,1748,1753,1542,1545,1859,2387,2339,1778,1302,1116,609,209,31,3267,12990,465,506,571,631,512,453,620,760,952,904,801,742,896,1181,1117,787,546,357,155,33,1,1092,13847,407,448,517,611,441,420,559,698,796,849,741,803,963,1206,1222,991,756,759,454,176,30,2175
2019,2019-01-01,39206,392065,高知県,須崎市,21527,597,678,823,1113,726,703,921,986,1199,1293,1188,1310,1562,1997,1871,1560,1207,1066,544,155,28,3000,10416,276,341,458,648,373,370,499,526,629,685,578,678,748,1013,896,710,454,365,144,22,3,988,11111,321,337,365,465,353,333,422,460,570,608,610,632,814,984,975,850,753,701,400,133,25,2012
2019,2019-01-01,39208,392081,高知県,宿毛市,20496,654,775,788,837,713,620,808,1031,1321,1308,1191,1307,1612,1975,1678,1242,1152,901,432,134,17,2636,9657,343,378,375,429,397,311,430,544,676,645,581,643,780,928,777,555,437,289,114,22,3,865,10839,311,397,413,408,316,309,378,487,645,663,610,664,832,1047,901,687,715,612,318,112,14,1771
2019,2019-01-01,39209,392090,高知県,土佐清水市,13620,272,326,420,454,376,326,435,491,736,713,721,820,1050,1471,1369,1298,1014,791,398,127,12,2342,6429,152,168,203,231,213,183,221,258,385,369,365,408,493,746,644,578,406,280,109,17,0,812,7191,120,158,217,223,163,143,214,233,351,344,356,412,557,725,725,720,608,511,289,110,12,1530
2019,2019-01-01,39210,392103,高知県,四万十市,33884,1211,1323,1376,1472,1140,1105,1620,1816,2278,2305,1864,2076,2321,3042,2712,1992,1765,1459,726,240,41,4231,16074,614,682,684,737,602,554,807,933,1204,1142,929,1023,1131,1472,1255,873,684,500,205,37,6,1432,17810,597,641,692,735,538,551,813,883,1074,1163,935,1053,1190,1570,1457,1119,1081,959,521,203,35,2799
2019,2019-01-01,39211,392111,高知県,香南市,33138,1268,1412,1508,1656,1499,1293,1594,1871,2321,2339,1906,1917,2007,2593,2532,1936,1550,1100,625,183,28,3486,16000,641,739,737,881,864,699,811,980,1176,1179,936,919,969,1203,1216,852,615,381,170,31,1,1198,17138,627,673,771,775,635,594,783,891,1145,1160,970,998,1038,1390,1316,1084,935,719,455,152,27,2288
2019,2019-01-01,39212,392120,高知県,香美市,26048,825,916,957,1066,1038,820,1043,1348,1629,1452,1305,1508,1813,2244,2209,1868,1649,1335,771,215,37,4007,12213,419,474,485,560,595,425,513,680,840,732,650,717,906,1068,1035,809,627,445,199,31,3,1305,13835,406,442,472,506,443,395,530,668,789,720,655,791,907,1176,1174,1059,1022,890,572,184,34,2702
2019,2019-01-01,39300,393002,高知県,安芸郡,16892,450,521,534,596,588,545,612,701,889,905,913,1160,1242,1569,1470,1306,1235,978,505,148,25,2891,8021,227,263,269,317,326,313,315,383,447,477,461,620,635,766,669,554,496,335,120,26,2,979,8871,223,258,265,279,262,232,297,318,442,428,452,540,607,803,801,752,739,643,385,122,23,1912
2019,2019-01-01,39301,393011,高知県,安芸郡東洋町,2433,36,44,58,63,66,42,59,91,119,119,128,180,191,289,243,219,217,149,87,27,6,486,1161,19,18,30,34,33,24,36,54,59,71,64,102,97,148,109,106,82,53,16,6,0,157,1272,17,26,28,29,33,18,23,37,60,48,64,78,94,141,134,113,135,96,71,21,6,329
2019,2019-01-01,39302,393029,高知県,安芸郡奈半利町,3216,80,108,100,120,108,107,109,133,164,141,173,213,278,316,278,230,248,183,99,22,6,558,1501,34,66,49,69,58,60,58,71,80,65,82,109,142,148,125,105,99,60,19,2,0,180,1715,46,42,51,51,50,47,51,62,84,76,91,104,136,168,153,125,149,123,80,20,6,378
2019,2019-01-01,39303,393037,高知県,安芸郡田野町,2633,82,83,73,84,90,88,119,110,130,147,151,183,214,222,212,214,175,154,69,28,5,431,1255,40,33,44,42,58,54,63,64,67,75,80,91,112,109,96,85,61,58,16,7,0,142,1378,42,50,29,42,32,34,56,46,63,72,71,92,102,113,116,129,114,96,53,21,5,289
2019,2019-01-01,39304,393045,高知県,安芸郡安田町,2697,75,70,56,94,97,106,81,96,141,140,136,230,178,249,233,220,214,181,80,18,2,495,1321,42,45,24,52,54,60,38,57,71,75,73,121,94,122,117,102,88,56,25,4,1,174,1376,33,25,32,42,43,46,43,39,70,65,63,109,84,127,116,118,126,125,55,14,1,321
2019,2019-01-01,39305,393053,高知県,安芸郡北川村,1296,25,39,49,57,47,49,60,53,51,66,61,78,91,118,98,93,106,97,46,12,0,261,606,16,17,20,27,34,31,25,26,27,35,35,43,42,56,52,32,46,29,11,2,0,88,690,9,22,29,30,13,18,35,27,24,31,26,35,49,62,46,61,60,68,35,10,0,173
2019,2019-01-01,39306,393061,高知県,安芸郡馬路村,890,25,37,32,30,40,37,43,29,41,49,52,66,53,65,66,76,61,53,27,7,1,149,425,13,14,18,15,22,19,25,14,18,26,24,42,25,37,25,24,27,27,10,0,0,64,465,12,23,14,15,18,18,18,15,23,23,28,24,28,28,41,52,34,26,17,7,1,85
2019,2019-01-01,39307,393070,高知県,安芸郡芸西村,3727,127,140,166,148,140,116,141,189,243,243,212,210,237,310,340,254,214,161,97,34,5,511,1752,63,70,84,78,67,65,70,97,125,130,103,112,123,146,145,100,93,52,23,5,1,174,1975,64,70,82,70,73,51,71,92,118,113,109,98,114,164,195,154,121,109,74,29,4,337
2019,2019-01-01,39340,393401,高知県,長岡郡,7131,148,189,160,178,176,178,224,256,304,315,339,430,562,685,637,641,694,588,334,77,16,1709,3336,72,90,77,95,101,101,116,129,187,168,179,244,297,347,299,268,259,200,90,14,3,566,3795,76,99,83,83,75,77,108,127,117,147,160,186,265,338,338,373,435,388,244,63,13,1143
2019,2019-01-01,39341,393410,高知県,長岡郡本山町,3481,85,120,106,104,111,108,123,145,191,191,180,197,238,291,287,284,269,244,156,44,7,720,1641,37,55,53,59,64,58,64,76,122,97,84,118,123,144,132,127,99,79,41,7,2,228,1840,48,65,53,45,47,50,59,69,69,94,96,79,115,147,155,157,170,165,115,37,5,492
2019,2019-01-01,39344,393444,高知県,長岡郡大豊町,3650,63,69,54,74,65,70,101,111,113,124,159,233,324,394,350,357,425,344,178,33,9,989,1695,35,35,24,36,37,43,52,53,65,71,95,126,174,203,167,141,160,121,49,7,1,338,1955,28,34,30,38,28,27,49,58,48,53,64,107,150,191,183,216,265,223,129,26,8,651
2019,2019-01-01,39360,393606,高知県,土佐郡,4278,131,137,144,146,121,143,167,161,223,196,202,282,326,378,327,314,344,316,160,53,7,880,2065,67,61,78,76,64,76,93,80,124,112,95,159,169,198,154,147,146,116,42,6,2,312,2213,64,76,66,70,57,67,74,81,99,84,107,123,157,180,173,167,198,200,118,47,5,568
2019,2019-01-01,39363,393631,高知県,土佐郡土佐町,3870,117,131,126,133,111,119,144,148,210,182,183,256,291,346,299,294,315,280,137,41,7,780,1855,59,58,68,68,58,61,83,72,116,103,87,143,147,178,138,139,134,104,34,3,2,277,2015,58,73,58,65,53,58,61,76,94,79,96,113,144,168,161,155,181,176,103,38,5,503
2019,2019-01-01,39364,393649,高知県,土佐郡大川村,408,14,6,18,13,10,24,23,13,13,14,19,26,35,32,28,20,29,36,23,12,0,100,210,8,3,10,8,6,15,10,8,8,9,8,16,22,20,16,8,12,12,8,3,0,35,198,6,3,8,5,4,9,13,5,5,5,11,10,13,12,12,12,17,24,15,9,0,65
2019,2019-01-01,39380,393801,高知県,吾川郡,28328,708,823,986,1105,965,952,1078,1244,1550,1583,1542,1922,2273,2719,2393,2070,1825,1442,819,280,49,4415,13489,368,447,482,574,510,482,577,664,820,794,749,925,1160,1356,1166,888,742,510,214,51,10,1527,14839,340,376,504,531,455,470,501,580,730,789,793,997,1113,1363,1227,1182,1083,932,605,229,39,2888
2019,2019-01-01,39386,393860,高知県,吾川郡いの町,22985,608,694,863,947,859,826,938,1071,1326,1352,1320,1627,1860,2207,1890,1532,1305,1008,548,174,30,3065,10960,316,370,424,491,458,416,496,564,704,656,627,766,931,1096,911,673,531,362,135,26,7,1061,12025,292,324,439,456,401,410,442,507,622,696,693,861,929,1111,979,859,774,646,413,148,23,2004
2019,2019-01-01,39387,393878,高知県,吾川郡仁淀川町,5343,100,129,123,158,106,126,140,173,224,231,222,295,413,512,503,538,520,434,271,106,19,1350,2529,52,77,58,83,52,66,81,100,116,138,122,159,229,260,255,215,211,148,79,25,3,466,2814,48,52,65,75,54,60,59,73,108,93,100,136,184,252,248,323,309,286,192,81,16,884
2019,2019-01-01,39400,394009,高知県,高岡郡,56827,1538,1874,2064,2211,1779,1662,2165,2532,2903,3061,2872,3587,4333,5497,4662,4174,3896,3440,1882,587,108,9913,26884,796,919,1080,1085,913,879,1137,1291,1522,1536,1451,1828,2162,2797,2281,1819,1543,1205,508,114,18,3388,29943,742,955,984,1126,866,783,1028,1241,1381,1525,1421,1759,2171,2700,2381,2355,2353,2235,1374,473,90,6525
2019,2019-01-01,39401,394017,高知県,高岡郡中土佐町,6829,162,195,204,248,192,159,252,274,339,395,354,416,499,722,578,534,496,453,260,80,17,1306,3169,84,90,88,107,107,76,134,142,181,196,182,209,249,380,273,225,203,155,69,15,4,446,3660,78,105,116,141,85,83,118,132,158,199,172,207,250,342,305,309,293,298,191,65,13,860
2019,2019-01-01,39402,394025,高知県,高岡郡佐川町,12874,377,484,554,574,440,429,491,637,700,716,699,855,949,1179,1008,869,734,672,387,100,20,1913,6061,195,232,284,282,223,219,239,299,366,343,342,429,472,579,508,416,267,234,105,23,4,633,6813,182,252,270,292,217,210,252,338,334,373,357,426,477,600,500,453,467,438,282,77,16,1280
2019,2019-01-01,39403,394033,高知県,高岡郡越知町,5637,124,158,188,181,174,166,219,237,241,312,282,349,432,514,475,456,403,380,251,78,17,1129,2634,66,72,97,87,89,97,112,121,127,163,144,168,219,264,229,208,164,120,75,11,1,371,3003,58,86,91,94,85,69,107,116,114,149,138,181,213,250,246,248,239,260,176,67,16,758
2019,2019-01-01,39405,394050,高知県,高岡郡檮原町,3539,107,117,113,159,139,109,124,162,162,181,142,183,283,340,284,256,268,255,104,43,8,678,1717,54,61,64,92,72,55,61,81,92,93,74,105,144,176,130,114,107,97,38,5,2,249,1822,53,56,49,67,67,54,63,81,70,88,68,78,139,164,154,142,161,158,66,38,6,429
2019,2019-01-01,39410,394106,高知県,高岡郡日高村,5033,128,158,168,200,178,157,204,233,286,280,277,316,386,502,440,368,307,264,134,41,6,752,2384,76,75,88,100,90,83,117,113,146,138,136,154,186,253,222,145,129,85,35,11,2,262,2649,52,83,80,100,88,74,87,120,140,142,141,162,200,249,218,223,178,179,99,30,4,490
2019,2019-01-01,39411,394114,高知県,高岡郡津野町,5805,149,221,228,214,158,155,194,290,271,324,263,364,446,585,448,419,419,368,220,58,11,1076,2781,63,120,118,109,85,91,96,158,154,164,140,179,230,302,228,176,167,137,55,9,0,368,3024,86,101,110,105,73,64,98,132,117,160,123,185,216,283,220,243,252,231,165,49,11,708
2019,2019-01-01,39412,394122,高知県,高岡郡四万十町,17110,491,541,609,635,498,487,681,699,904,853,855,1104,1338,1655,1429,1272,1269,1048,526,187,29,3059,8138,258,269,341,308,247,258,378,377,456,439,433,584,662,843,691,535,506,377,131,40,5,1059,8972,233,272,268,327,251,229,303,322,448,414,422,520,676,812,738,737,763,671,395,147,24,2000
2019,2019-01-01,39420,394203,高知県,幡多郡,17689,374,473,574,636,510,460,567,708,952,998,889,1187,1475,1903,1660,1322,1221,1013,584,163,20,3001,8462,179,252,308,327,288,255,307,381,496,505,468,600,746,947,797,587,498,342,155,21,3,1019,9227,195,221,266,309,222,205,260,327,456,493,421,587,729,956,863,735,723,671,429,142,17,1982
2019,2019-01-01,39424,394246,高知県,幡多郡大月町,5041,69,127,174,185,151,126,152,173,260,272,219,358,462,545,477,375,364,304,189,57,2,916,2432,37,59,95,101,87,62,83,99,128,134,118,175,244,290,246,169,141,111,48,5,0,305,2609,32,68,79,84,64,64,69,74,132,138,101,183,218,255,231,206,223,193,141,52,2,611
2019,2019-01-01,39427,394271,高知県,幡多郡三原村,1514,24,39,45,48,39,51,60,52,68,86,74,96,123,139,137,119,102,125,63,22,2,314,744,14,23,29,31,24,28,32,30,39,46,44,51,66,60,61,54,37,49,22,3,1,112,770,10,16,16,17,15,23,28,22,29,40,30,45,57,79,76,65,65,76,41,19,1,202
2019,2019-01-01,39428,394289,高知県,幡多郡黒潮町,11134,281,307,355,403,320,283,355,483,624,640,596,733,890,1219,1046,828,755,584,332,84,16,1771,5286,128,170,184,195,177,165,192,252,329,325,306,374,436,597,490,364,320,182,85,13,2,602,5848,153,137,171,208,143,118,163,231,295,315,290,359,454,622,556,464,435,402,247,71,14,1169
2019,2019-01-01,40000,400009,福岡県,,5055178,219711,234661,231463,238097,251111,249450,289011,323862,362262,367121,309924,294335,308317,379735,317835,258847,197875,134342,65290,18909,3018,419434,2401212,112618,120217,118530,121661,124795,121415,142616,160680,179672,181894,150092,142455,149119,180347,145838,110992,75435,43376,16272,2889,299,138271,2653966,107093,114444,112933,116436,126316,128035,146395,163182,182590,185227,159832,151880,159198,199388,171997,147855,122440,90966,49018,16020,2719,281163
2019,2019-01-01,40100,401005,福岡県,北九州市,942620,37019,39988,41247,43663,45349,43072,48279,54427,63475,67887,57837,55654,57590,74316,65029,56618,43785,29354,13529,3878,622,91168,446288,18921,20561,21076,22415,23236,21891,24351,27341,31757,33527,27821,26970,28002,34931,29133,24168,16448,9607,3480,587,65,30187,496332,18098,19427,20171,21248,22113,21181,23928,27086,31718,34360,30016,28684,29588,39385,35896,32450,27337,19747,10049,3291,557,60981
2019,2019-01-01,40101,401013,福岡県,北九州市門司区,98124,3181,3767,4100,4206,3730,3584,4063,5094,6142,6635,5837,5805,6252,8799,8055,6902,5506,3954,1895,535,82,11972,45282,1639,1917,2087,2203,1836,1781,2059,2549,3022,3306,2770,2725,2980,4088,3624,2899,1971,1258,481,79,8,3797,52842,1542,1850,2013,2003,1894,1803,2004,2545,3120,3329,3067,3080,3272,4711,4431,4003,3535,2696,1414,456,74,8175
2019,2019-01-01,40103,401030,福岡県,北九州市若松区,82016,3136,3657,3747,3896,3724,3290,3901,4482,5104,5439,4780,5222,5508,6759,5905,5124,3923,2690,1299,381,49,8342,38886,1626,1858,1862,2025,1933,1707,1998,2263,2530,2703,2266,2504,2705,3248,2673,2299,1434,886,313,47,6,2686,43130,1510,1799,1885,1871,1791,1583,1903,2219,2574,2736,2514,2718,2803,3511,3232,2825,2489,1804,986,334,43,5656
2019,2019-01-01,40105,401056,福岡県,北九州市戸畑区,57400,2136,2109,2329,2695,3086,2847,2944,3084,3494,4006,3493,3498,3576,4512,3952,3579,2926,1968,852,275,38,6059,27502,1071,1085,1191,1420,1789,1540,1515,1571,1801,1952,1667,1698,1777,2178,1788,1523,1046,645,199,45,1,1936,29898,1065,1024,1138,1275,1297,1307,1429,1513,1693,2054,1826,1800,1799,2334,2164,2056,1880,1323,653,230,37,4123
2019,2019-01-01,40106,401064,福岡県,北九州市小倉北区,176774,7032,6797,6631,7326,8816,9795,10630,10954,12415,12914,11086,10596,10549,13648,12091,9665,7667,5136,2315,592,119,15829,83427,3604,3454,3411,3692,4406,4906,5371,5450,6198,6412,5383,5210,5147,6407,5472,3889,2737,1607,578,78,15,5015,93347,3428,3343,3220,3634,4410,4889,5259,5504,6217,6502,5703,5386,5402,7241,6619,5776,4930,3529,1737,514,104,10814
2019,2019-01-01,40107,401072,福岡県,北九州市小倉南区,210575,9001,9840,10039,10653,10856,9545,11085,12653,14949,15817,13262,11964,12311,15487,13669,11753,8830,5560,2488,708,105,17691,100908,4567,5117,5169,5503,5568,4754,5544,6300,7552,7768,6412,5872,5951,7254,6201,5063,3574,1943,669,116,11,6313,109667,4434,4723,4870,5150,5288,4791,5541,6353,7397,8049,6850,6092,6360,8233,7468,6690,5256,3617,1819,592,94,11378
2019,2019-01-01,40108,401081,福岡県,北九州市八幡東区,66019,2129,2538,2604,2750,2942,2764,2895,3444,4059,4335,3880,3728,4194,5695,4877,4700,3936,2783,1293,420,53,8485,30886,1092,1318,1352,1408,1525,1485,1499,1745,2044,2127,1860,1781,2099,2666,2147,1993,1450,893,333,63,6,2745,35133,1037,1220,1252,1342,1417,1279,1396,1699,2015,2208,2020,1947,2095,3029,2730,2707,2486,1890,960,357,47,5740
2019,2019-01-01,40109,401099,福岡県,北九州市八幡西区,251712,10404,11280,11797,12137,12195,11247,12761,14716,17312,18741,15499,14841,15200,19416,16480,14895,10997,7263,3387,967,176,22790,119397,5322,5812,6004,6164,6179,5718,6365,7463,8610,9259,7463,7180,7343,9090,7228,6502,4236,2375,907,159,18,7695,132315,5082,5468,5793,5973,6016,5529,6396,7253,8702,9482,8036,7661,7857,10326,9252,8393,6761,4888,2480,808,158,15095
2019,2019-01-01,40130,401307,福岡県,福岡市,1503793,69695,70273,66502,68256,86234,92961,103512,111001,120203,119462,98863,85841,81917,94675,78547,61084,45453,30112,14448,4118,636,94767,711140,35896,36000,33979,34600,41078,43110,49695,53791,58519,58287,47992,41796,39531,44758,35689,25414,17115,9668,3541,627,54,31005,792653,33799,34273,32523,33656,45156,49851,53817,57210,61684,61175,50871,44045,42386,49917,42858,35670,28338,20444,10907,3491,582,63762
2019,2019-01-01,40131,401315,福岡県,福岡市東区,299458,14642,14930,14476,14125,16843,16866,19243,21072,23622,23913,19508,16985,16490,19370,15960,12574,9070,5944,2860,843,122,18839,145293,7595,7612,7391,7178,8379,8233,9590,10439,11832,12064,9794,8416,8051,9465,7513,5368,3535,1959,736,128,15,6373,154165,7047,7318,7085,6947,8464,8633,9653,10633,11790,11849,9714,8569,8439,9905,8447,7206,5535,3985,2124,715,107,12466
2019,2019-01-01,40132,401323,福岡県,福岡市博多区,220990,9909,7856,7152,8016,16195,21295,20679,18395,17832,16943,13526,11481,10579,11928,10026,7606,5579,3654,1727,529,83,11572,106720,5060,3961,3658,4205,7440,9896,10124,9292,9191,8689,6883,5928,5359,5813,4614,3116,1977,1070,370,67,7,3491,114270,4849,3895,3494,3811,8755,11399,10555,9103,8641,8254,6643,5553,5220,6115,5412,4490,3602,2584,1357,462,76,8081
2019,2019-01-01,40133,401331,福岡県,福岡市中央区,182834,7364,6787,6106,6589,11206,14837,15711,15662,15856,15225,12750,10654,9148,10138,8392,6166,4856,3256,1622,428,81,10243,80988,3790,3420,3019,3228,4757,6287,7001,7037,6972,6893,5800,4953,4237,4571,3600,2344,1659,975,375,64,6,3079,101846,3574,3367,3087,3361,6449,8550,8710,8625,8884,8332,6950,5701,4911,5567,4792,3822,3197,2281,1247,364,75,7164
2019,2019-01-01,40134,401340,福岡県,福岡市南区,255721,12087,12461,11443,11875,13407,13979,16382,18467,20252,20464,16864,15057,14431,16641,13846,10914,8200,5459,2662,714,116,17151,119741,6221,6361,5837,5995,6274,6445,7771,8958,9797,9766,8118,7173,6925,7786,6214,4464,3074,1777,655,122,8,5636,135980,5866,6100,5606,5880,7133,7534,8611,9509,10455,10698,8746,7884,7506,8855,7632,6450,5126,3682,2007,592,108,11515
2019,2019-01-01,40135,401358,福岡県,福岡市西区,205125,10209,10808,10370,10489,10936,9865,12355,14441,15900,16072,13639,11640,11216,13165,11139,8933,6704,4373,2125,649,97,13948,97737,5259,5598,5323,5370,5692,4664,5973,6972,7674,7782,6608,5672,5355,6178,5053,3814,2661,1452,536,95,6,4750,107388,4950,5210,5047,5119,5244,5201,6382,7469,8226,8290,7031,5968,5861,6987,6086,5119,4043,2921,1589,554,91,9198
2019,2019-01-01,40136,401366,福岡県,福岡市城南区,123744,5356,5900,5670,5953,7154,6324,7199,8132,9654,9528,8200,7165,7219,8722,7101,5623,4260,2865,1312,359,48,8844,58452,2739,3071,2867,3029,3539,3007,3466,3962,4733,4661,3919,3438,3454,4010,3208,2409,1599,963,324,50,4,2940,65292,2617,2829,2803,2924,3615,3317,3733,4170,4921,4867,4281,3727,3765,4712,3893,3214,2661,1902,988,309,44,5904
2019,2019-01-01,40137,401374,福岡県,福岡市早良区,215921,10128,11531,11285,11209,10493,9795,11943,14832,17087,17317,14376,12859,12834,14711,12083,9268,6784,4561,2140,596,89,14170,102209,5232,5977,5884,5595,4997,4578,5770,7131,8320,8432,6870,6216,6150,6935,5487,3899,2610,1472,545,101,8,4736,113712,4896,5554,5401,5614,5496,5217,6173,7701,8767,8885,7506,6643,6684,7776,6596,5369,4174,3089,1595,495,81,9434
2019,2019-01-01,40202,402028,福岡県,大牟田市,114640,3899,4496,4462,4830,4607,4536,5297,5855,6481,6908,6543,7177,8085,10581,9098,7372,6183,4721,2536,831,142,14413,53083,2023,2359,2279,2492,2360,2289,2679,2930,3214,3405,3117,3431,3936,5050,4115,3109,2217,1370,567,128,13,4295,61557,1876,2137,2183,2338,2247,2247,2618,2925,3267,3503,3426,3746,4149,5531,4983,4263,3966,3351,1969,703,129,10118
2019,2019-01-01,40203,402036,福岡県,久留米市,302071,14071,14580,14073,14960,15178,14617,16768,19020,21240,21383,18710,17758,18635,22453,18568,15254,11974,7812,3718,1112,187,24803,143630,7197,7504,7188,7661,7718,7210,8361,9369,10537,10630,8998,8538,8978,10734,8380,6499,4542,2472,934,163,17,8128,158441,6874,7076,6885,7299,7460,7407,8407,9651,10703,10753,9712,9220,9657,11719,10188,8755,7432,5340,2784,949,170,16675
2019,2019-01-01,40204,402044,福岡県,直方市,56245,2305,2612,2503,2485,2284,2336,2969,3304,3594,3583,2990,3191,3586,4786,4074,3684,2819,1929,934,242,35,5959,26470,1221,1346,1317,1250,1137,1193,1486,1706,1844,1804,1449,1539,1695,2200,1806,1570,1036,610,220,36,5,1907,29775,1084,1266,1186,1235,1147,1143,1483,1598,1750,1779,1541,1652,1891,2586,2268,2114,1783,1319,714,206,30,4052
2019,2019-01-01,40205,402052,福岡県,飯塚市,127655,5413,5784,5600,5787,6172,5925,6880,7678,8575,7958,6646,7236,8506,11242,8648,7050,5615,4035,2093,693,119,12555,60455,2762,2913,2950,2996,3263,2985,3508,3919,4352,4000,3194,3434,4064,5323,3998,2866,2044,1274,495,99,16,3928,67200,2651,2871,2650,2791,2909,2940,3372,3759,4223,3958,3452,3802,4442,5919,4650,4184,3571,2761,1598,594,103,8627
2019,2019-01-01,40206,402061,福岡県,田川市,47444,1931,2067,2229,2194,2126,1926,2298,2587,2928,2919,2541,2685,3106,4271,3539,2895,2449,1669,851,200,33,5202,21997,951,1034,1114,1129,1063,968,1171,1342,1488,1433,1172,1252,1501,2000,1596,1178,864,505,205,26,5,1605,25447,980,1033,1115,1065,1063,958,1127,1245,1440,1486,1369,1433,1605,2271,1943,1717,1585,1164,646,174,28,3597
2019,2019-01-01,40207,402079,福岡県,柳川市,66015,2280,2798,2920,3147,2910,2702,2982,3402,3854,4122,4354,4391,4590,5494,4848,4050,3415,2329,1096,284,47,7171,31245,1152,1462,1465,1594,1390,1352,1492,1678,1921,2088,2132,2206,2263,2622,2297,1719,1315,753,290,51,3,2412,34770,1128,1336,1455,1553,1520,1350,1490,1724,1933,2034,2222,2185,2327,2872,2551,2331,2100,1576,806,233,44,4759
2019,2019-01-01,40210,402109,福岡県,八女市,63297,2254,2546,2651,2844,2671,2576,2838,3174,3486,3720,3734,4062,4765,5544,4407,3916,3638,2701,1288,418,64,8109,29965,1145,1292,1373,1449,1310,1319,1457,1649,1733,1865,1794,2011,2370,2782,2043,1654,1406,896,331,84,2,2719,33332,1109,1254,1278,1395,1361,1257,1381,1525,1753,1855,1940,2051,2395,2762,2364,2262,2232,1805,957,334,62,5390
2019,2019-01-01,40211,402117,福岡県,筑後市,48861,2314,2457,2386,2500,2322,2206,2821,2963,3311,3370,2999,2905,3117,3631,2961,2403,1943,1357,698,169,28,4195,23487,1132,1291,1222,1297,1159,1111,1422,1532,1641,1676,1454,1405,1522,1728,1390,1091,779,433,176,24,2,1414,25374,1182,1166,1164,1203,1163,1095,1399,1431,1670,1694,1545,1500,1595,1903,1571,1312,1164,924,522,145,26,2781
2019,2019-01-01,40212,402125,福岡県,大川市,34160,1154,1152,1328,1526,1675,1404,1478,1620,1898,2178,2357,2104,2320,3024,2551,2433,1930,1255,599,154,20,3958,16294,596,601,657,806,820,665,748,804,942,1098,1165,1076,1145,1484,1160,1036,818,474,179,19,1,1491,17866,558,551,671,720,855,739,730,816,956,1080,1192,1028,1175,1540,1391,1397,1112,781,420,135,19,2467
2019,2019-01-01,40213,402133,福岡県,行橋市,72702,3225,3307,3250,3539,3359,3257,3913,4303,4831,5248,4310,4239,4614,5891,5037,4100,3038,1983,931,275,52,6279,34846,1641,1696,1662,1759,1730,1670,1993,2219,2453,2624,2160,2036,2230,2803,2281,1796,1200,617,225,44,7,2093,37856,1584,1611,1588,1780,1629,1587,1920,2084,2378,2624,2150,2203,2384,3088,2756,2304,1838,1366,706,231,45,4186
2019,2019-01-01,40214,402141,福岡県,豊前市,25353,842,1048,1068,1218,966,925,1075,1279,1608,1672,1400,1440,1715,2304,1993,1724,1417,1006,519,113,21,3076,11950,433,524,551,626,508,473,547,654,802,862,695,696,816,1105,925,768,544,309,96,14,2,965,13403,409,524,517,592,458,452,528,625,806,810,705,744,899,1199,1068,956,873,697,423,99,19,2111
2019,2019-01-01,40215,402150,福岡県,中間市,41807,1399,1572,1637,1798,1726,1715,1907,2169,2452,2648,2146,2392,2795,3931,3468,3035,2390,1611,763,225,28,5017,19449,728,811,836,932,867,881,961,1110,1211,1311,989,1122,1343,1819,1522,1369,901,496,215,23,2,1637,22358,671,761,801,866,859,834,946,1059,1241,1337,1157,1270,1452,2112,1946,1666,1489,1115,548,202,26,3380
2019,2019-01-01,40216,402168,福岡県,小郡市,58719,2380,2835,2976,3397,3003,2431,2830,3336,3958,4298,3910,3705,3697,4219,3708,3057,2358,1587,781,219,34,4979,27946,1224,1423,1543,1725,1518,1197,1388,1664,1919,2094,1828,1747,1811,2027,1734,1320,963,568,207,43,3,1784,30773,1156,1412,1433,1672,1485,1234,1442,1672,2039,2204,2082,1958,1886,2192,1974,1737,1395,1019,574,176,31,3195
2019,2019-01-01,40217,402176,福岡県,筑紫野市,103277,4712,5100,5229,5419,4861,4876,5822,6863,7759,7882,6281,6082,6739,7837,6238,4608,3341,2188,1078,312,50,6969,49424,2443,2588,2684,2816,2416,2331,2836,3311,3839,3915,2971,2875,3178,3782,2961,2107,1354,700,254,60,3,2371,53853,2269,2512,2545,2603,2445,2545,2986,3552,3920,3967,3310,3207,3561,4055,3277,2501,1987,1488,824,252,47,4598
2019,2019-01-01,40218,402184,福岡県,春日市,112450,5149,6047,6328,6573,6174,5169,6138,7158,8705,9490,7995,6917,6551,7292,5754,4514,3233,2110,857,263,33,6496,54470,2613,3132,3279,3415,3148,2538,3009,3463,4220,4627,3868,3418,3190,3459,2712,1962,1328,801,237,48,3,2417,57980,2536,2915,3049,3158,3026,2631,3129,3695,4485,4863,4127,3499,3361,3833,3042,2552,1905,1309,620,215,30,4079
2019,2019-01-01,40219,402192,福岡県,大野城市,100023,5225,5321,5264,5244,5116,4958,6069,6983,7935,8199,6907,5982,5525,6200,5206,4267,2881,1743,768,201,29,5622,48152,2660,2716,2707,2697,2475,2393,2949,3390,3890,4065,3340,2920,2717,2891,2417,1858,1219,609,211,23,5,2067,51871,2565,2605,2557,2547,2641,2565,3120,3593,4045,4134,3567,3062,2808,3309,2789,2409,1662,1134,557,178,24,3555
2019,2019-01-01,40220,402206,福岡県,宗像市,96484,4352,4631,4589,4549,4382,4381,5510,6098,6261,6303,5328,5777,6573,7814,6509,5241,3689,2742,1318,378,59,8186,46160,2260,2381,2322,2304,2216,2169,2767,3131,3122,3079,2530,2708,3102,3751,3034,2478,1440,903,383,70,10,2806,50324,2092,2250,2267,2245,2166,2212,2743,2967,3139,3224,2798,3069,3471,4063,3475,2763,2249,1839,935,308,49,5380
2019,2019-01-01,40221,402214,福岡県,太宰府市,71332,3237,3594,3599,3537,3280,2956,3721,4630,5637,5546,4283,3756,3911,5293,4965,3792,2717,1744,873,226,35,5595,34163,1638,1847,1867,1813,1586,1424,1867,2289,2809,2746,2079,1826,1825,2431,2343,1749,1145,602,226,48,3,2024,37169,1599,1747,1732,1724,1694,1532,1854,2341,2828,2800,2204,1930,2086,2862,2622,2043,1572,1142,647,178,32,3571
2019,2019-01-01,40223,402231,福岡県,古賀市,58460,2587,2970,2847,2886,2882,2774,3265,3687,4283,4088,3435,3666,3893,4579,3885,2856,1864,1226,593,173,21,3877,28022,1327,1493,1462,1496,1462,1346,1591,1807,2137,2084,1655,1696,1863,2177,1822,1306,715,418,136,26,3,1298,30438,1260,1477,1385,1390,1420,1428,1674,1880,2146,2004,1780,1970,2030,2402,2063,1550,1149,808,457,147,18,2579
2019,2019-01-01,40224,402249,福岡県,福津市,64346,3619,3684,2944,2652,2480,2813,4029,4761,4467,4146,3389,3436,3974,4884,4331,3440,2409,1747,872,231,38,5297,30303,1831,1883,1535,1315,1178,1300,1948,2351,2211,2001,1606,1615,1850,2282,2024,1555,968,569,234,40,7,1818,34043,1788,1801,1409,1337,1302,1513,2081,2410,2256,2145,1783,1821,2124,2602,2307,1885,1441,1178,638,191,31,3479
2019,2019-01-01,40225,402257,福岡県,うきは市,29508,1079,1268,1312,1391,1212,1101,1401,1576,1852,1851,1621,1808,2105,2583,2121,1794,1500,1099,637,167,30,3433,14015,555,666,673,703,611,597,709,812,950,938,833,854,1060,1250,942,761,575,325,166,33,2,1101,15493,524,602,639,688,601,504,692,764,902,913,788,954,1045,1333,1179,1033,925,774,471,134,28,2332
2019,2019-01-01,40226,402265,福岡県,宮若市,27800,1146,1121,1209,1227,1077,1222,1432,1558,1623,1604,1389,1666,1931,2701,1946,1612,1397,1093,629,183,34,3336,13231,611,565,612,660,568,655,720,820,817,842,671,784,963,1365,940,664,459,344,142,26,3,974,14569,535,556,597,567,509,567,712,738,806,762,718,882,968,1336,1006,948,938,749,487,157,31,2362
2019,2019-01-01,40227,402273,福岡県,嘉麻市,38069,1188,1502,1600,1645,1464,1333,1643,1829,2174,2061,1904,2264,2952,4121,3057,2455,2128,1564,894,251,40,4877,17733,609,778,811,866,767,676,844,951,1095,1063,952,1112,1398,1983,1415,973,743,479,190,26,2,1440,20336,579,724,789,779,697,657,799,878,1079,998,952,1152,1554,2138,1642,1482,1385,1085,704,225,38,3437
2019,2019-01-01,40228,402281,福岡県,朝倉市,52863,1983,2244,2193,2467,2318,2044,2496,2861,3160,3216,2979,3221,3798,4827,3887,3153,2650,1939,1070,306,51,6016,25006,1023,1105,1119,1282,1162,1006,1278,1460,1585,1656,1449,1582,1846,2356,1834,1351,943,641,269,54,5,1912,27857,960,1139,1074,1185,1156,1038,1218,1401,1575,1560,1530,1639,1952,2471,2053,1802,1707,1298,801,252,46,4104
2019,2019-01-01,40229,402290,福岡県,みやま市,37439,1212,1376,1595,1653,1480,1314,1621,1839,2140,2034,2138,2337,2913,3634,2869,2415,2070,1665,828,273,33,4869,17486,605,665,779,827,735,672,826,916,1085,1015,1015,1132,1425,1750,1407,1026,789,569,202,42,4,1606,19953,607,711,816,826,745,642,795,923,1055,1019,1123,1205,1488,1884,1462,1389,1281,1096,626,231,29,3263
2019,2019-01-01,40230,402303,福岡県,糸島市,100564,4191,4712,4902,5054,4658,3799,4910,6065,6958,7008,6033,6253,7077,8594,7070,5200,3751,2526,1321,409,73,8080,47951,2174,2403,2490,2608,2404,1848,2369,2993,3432,3398,2875,2989,3373,4138,3361,2340,1538,826,326,56,10,2756,52613,2017,2309,2412,2446,2254,1951,2541,3072,3526,3610,3158,3264,3704,4456,3709,2860,2213,1700,995,353,63,5324
2019,2019-01-01,40231,402311,福岡県,那珂川市,50155,2541,2911,2854,2790,2481,2104,2773,3407,4018,4094,3242,2799,2863,3457,2953,2103,1349,836,417,135,28,2765,24292,1290,1483,1461,1415,1190,1013,1361,1684,1970,2038,1571,1403,1384,1652,1407,988,569,282,104,24,3,982,25863,1251,1428,1393,1375,1291,1091,1412,1723,2048,2056,1671,1396,1479,1805,1546,1115,780,554,313,111,25,1783
2019,2019-01-01,40340,403407,福岡県,糟屋郡,230241,12603,13899,13245,11416,10300,10602,13960,17104,19697,18143,13118,11698,12513,15492,12916,9811,6733,4258,2045,603,85,13724,112157,6441,7101,6771,5767,5058,5198,6844,8522,9989,9479,6662,5752,6127,7377,6121,4297,2689,1357,514,84,7,4651,118084,6162,6798,6474,5649,5242,5404,7116,8582,9708,8664,6456,5946,6386,8115,6795,5514,4044,2901,1531,519,78,9073
2019,2019-01-01,40341,403415,福岡県,糟屋郡宇美町,36909,1581,1920,1960,1828,1668,1538,2027,2393,2741,2449,2024,2191,2738,3286,2461,1663,1179,777,369,103,13,2441,17951,794,976,1036,920,800,761,1029,1213,1400,1293,1000,1036,1329,1615,1217,741,447,236,93,14,1,791,18958,787,944,924,908,868,777,998,1180,1341,1156,1024,1155,1409,1671,1244,922,732,541,276,89,12,1650
2019,2019-01-01,40342,403423,福岡県,糟屋郡篠栗町,31229,1490,1602,1722,1642,1561,1434,1716,2049,2440,2551,1989,1827,1681,2164,1858,1447,988,659,323,76,10,2056,15235,764,843,888,857,772,735,846,1035,1201,1290,994,898,848,1008,873,659,403,227,81,11,2,724,15994,726,759,834,785,789,699,870,1014,1239,1261,995,929,833,1156,985,788,585,432,242,65,8,1332
2019,2019-01-01,40343,403431,福岡県,糟屋郡志免町,45480,2383,2583,2604,2229,2115,1953,2672,3335,3924,3766,2764,2245,2346,2919,2577,2126,1487,908,412,111,21,2939,21891,1218,1281,1346,1132,998,938,1299,1647,1990,1987,1391,1133,1124,1341,1174,905,569,298,108,11,1,987,23589,1165,1302,1258,1097,1117,1015,1373,1688,1934,1779,1373,1112,1222,1578,1403,1221,918,610,304,100,20,1952
2019,2019-01-01,40344,403440,福岡県,糟屋郡須惠町,28308,1489,1678,1567,1400,1240,1200,1722,1963,2263,2097,1492,1281,1528,2180,1951,1479,921,513,239,92,13,1778,13805,778,875,818,668,633,576,859,1007,1158,1100,772,621,732,1040,919,651,367,161,53,15,2,598,14503,711,803,749,732,607,624,863,956,1105,997,720,660,796,1140,1032,828,554,352,186,77,11,1180
2019,2019-01-01,40345,403458,福岡県,糟屋郡新宮町,32505,2109,2553,2192,1631,1386,1509,1990,2693,3149,2603,1690,1557,1619,1810,1417,1012,718,505,262,92,8,1585,15803,1078,1311,1084,814,694,702,938,1296,1569,1339,867,751,789,895,697,455,290,156,66,12,0,524,16702,1031,1242,1108,817,692,807,1052,1397,1580,1264,823,806,830,915,720,557,428,349,196,80,8,1061
2019,2019-01-01,40348,403482,福岡県,糟屋郡久山町,8749,461,495,529,399,322,337,451,597,700,629,450,404,513,650,593,459,329,246,140,40,5,760,4237,231,255,262,223,152,184,232,280,365,337,226,199,251,297,273,203,139,81,42,5,0,267,4512,230,240,267,176,170,153,219,317,335,292,224,205,262,353,320,256,190,165,98,35,5,493
2019,2019-01-01,40349,403491,福岡県,糟屋郡粕屋町,47061,3090,3068,2671,2287,2008,2631,3382,4074,4480,4048,2709,2193,2088,2483,2059,1625,1111,650,300,89,15,2165,23235,1578,1560,1337,1153,1009,1302,1641,2044,2306,2133,1412,1114,1054,1181,968,683,474,198,71,16,1,760,23826,1512,1508,1334,1134,999,1329,1741,2030,2174,1915,1297,1079,1034,1302,1091,942,637,452,229,73,14,1405
2019,2019-01-01,40380,403806,福岡県,遠賀郡,92752,3595,4082,4178,4323,4018,3867,4437,5308,5904,6252,5173,5470,6134,8086,6875,5968,4237,2911,1469,401,64,9082,44073,1857,2055,2141,2226,2111,1956,2237,2679,2993,3072,2495,2589,2926,3879,3096,2741,1630,924,404,56,6,3020,48679,1738,2027,2037,2097,1907,1911,2200,2629,2911,3180,2678,2881,3208,4207,3779,3227,2607,1987,1065,345,58,6062
2019,2019-01-01,40381,403814,福岡県,遠賀郡芦屋町,13836,500,582,618,774,762,606,619,744,904,1011,841,747,761,1150,933,883,646,459,220,62,14,1401,6753,242,270,316,417,468,325,357,379,456,504,432,377,370,567,423,374,252,164,51,8,1,476,7083,258,312,302,357,294,281,262,365,448,507,409,370,391,583,510,509,394,295,169,54,13,925
2019,2019-01-01,40382,403822,福岡県,遠賀郡水巻町,28133,1218,1162,1103,1155,1242,1373,1491,1648,1716,1711,1541,1817,1972,2526,2053,1770,1283,819,412,106,15,2635,13218,622,589,567,587,621,688,758,831,878,850,688,863,946,1202,924,792,469,234,103,4,2,812,14915,596,573,536,568,621,685,733,817,838,861,853,954,1026,1324,1129,978,814,585,309,102,13,1823
2019,2019-01-01,40383,403831,福岡県,遠賀郡岡垣町,31635,1139,1464,1608,1579,1258,1104,1419,1802,2003,2249,1799,1811,2099,2642,2358,1992,1438,1122,578,146,25,3309,14990,602,751,855,819,637,551,665,901,1006,1109,890,861,973,1258,1069,943,541,349,179,28,3,1100,16645,537,713,753,760,621,553,754,901,997,1140,909,950,1126,1384,1289,1049,897,773,399,118,22,2209
2019,2019-01-01,40384,403849,福岡県,遠賀郡遠賀町,19148,738,874,849,815,756,784,908,1114,1281,1281,992,1095,1302,1768,1531,1323,870,511,259,87,10,1737,9112,391,445,403,403,385,392,457,568,653,609,485,488,637,852,680,632,368,177,71,16,0,632,10036,347,429,446,412,371,392,451,546,628,672,507,607,665,916,851,691,502,334,188,71,10,1105
2019,2019-01-01,40400,404004,福岡県,鞍手郡,23491,715,824,873,974,897,879,988,1175,1393,1417,1225,1386,1747,2558,2060,1645,1256,841,449,159,30,2735,11133,361,415,469,491,474,461,522,591,725,729,606,682,816,1197,988,725,492,262,108,18,1,881,12358,354,409,404,483,423,418,466,584,668,688,619,704,931,1361,1072,920,764,579,341,141,29,1854
2019,2019-01-01,40401,404012,福岡県,鞍手郡小竹町,7563,211,226,246,290,285,286,303,378,431,434,424,443,543,872,657,529,456,295,181,63,10,1005,3572,108,123,137,145,151,160,167,199,218,229,225,212,261,389,310,221,173,96,41,6,1,317,3991,103,103,109,145,134,126,136,179,213,205,199,231,282,483,347,308,283,199,140,57,9,688
2019,2019-01-01,40402,404021,福岡県,鞍手郡鞍手町,15928,504,598,627,684,612,593,685,797,962,983,801,943,1204,1686,1403,1116,800,546,268,96,20,1730,7561,253,292,332,346,323,301,355,392,507,500,381,470,555,808,678,504,319,166,67,12,0,564,8367,251,306,295,338,289,292,330,405,455,483,420,473,649,878,725,612,481,380,201,84,20,1166
2019,2019-01-01,40420,404209,福岡県,嘉穂郡,13430,501,570,578,596,575,513,691,746,856,773,650,850,982,1415,1046,741,606,389,251,86,15,1347,6335,244,315,314,301,279,267,350,389,430,383,318,400,454,707,489,310,214,102,55,13,1,385,7095,257,255,264,295,296,246,341,357,426,390,332,450,528,708,557,431,392,287,196,73,14,962
2019,2019-01-01,40421,404217,福岡県,嘉穂郡桂川町,13430,501,570,578,596,575,513,691,746,856,773,650,850,982,1415,1046,741,606,389,251,86,15,1347,6335,244,315,314,301,279,267,350,389,430,383,318,400,454,707,489,310,214,102,55,13,1,385,7095,257,255,264,295,296,246,341,357,426,390,332,450,528,708,557,431,392,287,196,73,14,962
2019,2019-01-01,40440,404403,福岡県,朝倉郡,31567,1358,1512,1440,1504,1384,1264,1524,1924,2130,2043,1768,1882,2259,2763,2203,1633,1322,931,543,146,34,2976,15120,701,763,735,786,710,623,762,973,1133,1035,829,912,1128,1329,1054,736,484,284,121,21,1,911,16447,657,749,705,718,674,641,762,951,997,1008,939,970,1131,1434,1149,897,838,647,422,125,33,2065
2019,2019-01-01,40447,404471,福岡県,朝倉郡筑前町,29447,1310,1434,1363,1429,1299,1189,1451,1854,2036,1955,1673,1736,2045,2542,2070,1488,1176,790,458,123,26,2573,14140,672,727,698,745,664,586,727,935,1082,989,780,849,1008,1213,990,671,435,243,108,18,0,804,15307,638,707,665,684,635,603,724,919,954,966,893,887,1037,1329,1080,817,741,547,350,105,26,1769
2019,2019-01-01,40448,404489,福岡県,朝倉郡東峰村,2120,48,78,77,75,85,75,73,70,94,88,95,146,214,221,133,145,146,141,85,23,8,403,980,29,36,37,41,46,37,35,38,51,46,49,63,120,116,64,65,49,41,13,3,1,107,1140,19,42,40,34,39,38,38,32,43,42,46,83,94,105,69,80,97,100,72,20,7,296
2019,2019-01-01,40500,405001,福岡県,三井郡,15388,783,802,707,697,685,777,916,949,1013,984,859,965,997,1255,936,721,585,448,227,67,15,1342,7406,422,416,341,336,341,387,455,482,529,501,441,440,501,626,446,319,233,123,50,15,2,423,7982,361,386,366,361,344,390,461,467,484,483,418,525,496,629,490,402,352,325,177,52,13,919
2019,2019-01-01,40503,405035,福岡県,三井郡大刀洗町,15388,783,802,707,697,685,777,916,949,1013,984,859,965,997,1255,936,721,585,448,227,67,15,1342,7406,422,416,341,336,341,387,455,482,529,501,441,440,501,626,446,319,233,123,50,15,2,423,7982,361,386,366,361,344,390,461,467,484,483,418,525,496,629,490,402,352,325,177,52,13,919
2019,2019-01-01,40520,405205,福岡県,三潴郡,14141,619,808,765,730,617,553,695,856,1065,951,843,811,894,1151,901,723,573,330,181,67,8,1159,6780,300,437,403,361,313,250,331,446,546,465,422,392,450,536,433,314,232,100,38,10,1,381,7361,319,371,362,369,304,303,364,410,519,486,421,419,444,615,468,409,341,230,143,57,7,778
2019,2019-01-01,40522,405221,福岡県,三潴郡大木町,14141,619,808,765,730,617,553,695,856,1065,951,843,811,894,1151,901,723,573,330,181,67,8,1159,6780,300,437,403,361,313,250,331,446,546,465,422,392,450,536,433,314,232,100,38,10,1,381,7361,319,371,362,369,304,303,364,410,519,486,421,419,444,615,468,409,341,230,143,57,7,778
2019,2019-01-01,40540,405400,福岡県,八女郡,19463,855,939,994,972,885,858,1043,1196,1266,1282,1178,1158,1311,1516,1240,1045,792,547,288,79,19,1725,9426,412,469,531,483,465,435,520,622,651,663,567,589,677,717,600,474,298,174,61,16,2,551,10037,443,470,463,489,420,423,523,574,615,619,611,569,634,799,640,571,494,373,227,63,17,1174
2019,2019-01-01,40544,405442,福岡県,八女郡広川町,19463,855,939,994,972,885,858,1043,1196,1266,1282,1178,1158,1311,1516,1240,1045,792,547,288,79,19,1725,9426,412,469,531,483,465,435,520,622,651,663,567,589,677,717,600,474,298,174,61,16,2,551,10037,443,470,463,489,420,423,523,574,615,619,611,569,634,799,640,571,494,373,227,63,17,1174
2019,2019-01-01,40600,406007,福岡県,田川郡,77997,2795,3228,3399,3487,3157,2802,3478,4028,4422,4520,3910,4432,5775,7907,6235,5040,4169,3181,1503,466,63,9382,36744,1415,1682,1789,1764,1616,1437,1774,2075,2279,2291,1910,2152,2758,3764,3006,2084,1532,1007,337,63,9,2948,41253,1380,1546,1610,1723,1541,1365,1704,1953,2143,2229,2000,2280,3017,4143,3229,2956,2637,2174,1166,403,54,6434
2019,2019-01-01,40601,406015,福岡県,田川郡香春町,11004,336,455,427,444,380,379,441,549,565,596,544,642,854,1107,968,793,681,490,254,88,11,1524,5115,168,213,225,229,196,192,212,289,307,305,256,324,408,527,457,330,257,154,54,9,3,477,5889,168,242,202,215,184,187,229,260,258,291,288,318,446,580,511,463,424,336,200,79,8,1047
2019,2019-01-01,40602,406023,福岡県,田川郡添田町,9885,265,346,386,410,386,287,396,463,523,536,477,583,770,1061,869,679,642,486,241,66,13,1448,4670,139,183,209,206,195,146,222,238,279,274,256,282,352,515,404,290,247,164,60,8,1,480,5215,126,163,177,204,191,141,174,225,244,262,221,301,418,546,465,389,395,322,181,58,12,968
2019,2019-01-01,40604,406040,福岡県,田川郡糸田町,9093,397,425,392,400,378,346,421,470,542,559,440,477,631,879,703,579,458,398,146,45,7,1054,4283,185,231,211,193,197,167,213,243,281,290,209,238,293,437,321,235,154,138,38,8,1,339,4810,212,194,181,207,181,179,208,227,261,269,231,239,338,442,382,344,304,260,108,37,6,715
2019,2019-01-01,40605,406058,福岡県,田川郡川崎町,16694,558,651,745,787,682,621,682,844,960,1038,867,969,1249,1713,1338,1151,870,615,260,83,11,1839,7803,286,343,379,417,339,314,360,430,467,517,413,468,589,812,644,468,299,181,60,15,2,557,8891,272,308,366,370,343,307,322,414,493,521,454,501,660,901,694,683,571,434,200,68,9,1282
2019,2019-01-01,40608,406082,福岡県,田川郡大任町,5285,240,223,225,228,230,204,287,278,302,271,244,275,379,547,400,302,282,223,106,35,4,650,2461,118,113,110,109,115,99,146,142,162,144,119,137,181,250,198,123,93,77,22,3,0,195,2824,122,110,115,119,115,105,141,136,140,127,125,138,198,297,202,179,189,146,84,32,4,455
2019,2019-01-01,40609,406091,福岡県,田川郡赤村,3176,105,138,135,141,123,99,129,162,188,160,134,205,246,332,247,202,157,151,90,29,3,430,1506,50,71,67,73,66,58,66,88,102,79,66,101,119,151,127,82,70,48,20,2,0,140,1670,55,67,68,68,57,41,63,74,86,81,68,104,127,181,120,120,87,103,70,27,3,290
2019,2019-01-01,40610,406104,福岡県,田川郡福智町,22860,894,990,1089,1077,978,866,1122,1262,1342,1360,1204,1281,1646,2268,1710,1334,1079,818,406,120,14,2437,10906,469,528,588,537,508,461,555,645,681,682,591,602,816,1072,855,556,412,245,83,18,2,760,11954,425,462,501,540,470,405,567,617,661,678,613,679,830,1196,855,778,667,573,323,102,12,1677
2019,2019-01-01,40620,406201,福岡県,京都郡,55915,2326,2568,2526,2658,2671,2625,3067,3396,3690,3810,3202,3154,3609,4553,3711,3181,2446,1624,802,250,46,5168,27672,1215,1317,1281,1384,1487,1403,1694,1877,1916,2061,1600,1523,1829,2185,1774,1378,954,547,205,35,7,1748,28243,1111,1251,1245,1274,1184,1222,1373,1519,1774,1749,1602,1631,1780,2368,1937,1803,1492,1077,597,215,39,3420
2019,2019-01-01,40621,406210,福岡県,京都郡苅田町,36204,1749,1868,1738,1771,1889,2003,2356,2509,2566,2599,2063,2006,2196,2516,1998,1744,1310,808,380,109,26,2633,18375,927,960,902,928,1088,1098,1325,1413,1363,1422,1042,965,1133,1215,924,760,515,277,95,18,5,910,17829,822,908,836,843,801,905,1031,1096,1203,1177,1021,1041,1063,1301,1074,984,795,531,285,91,21,1723
2019,2019-01-01,40625,406252,福岡県,京都郡みやこ町,19711,577,700,788,887,782,622,711,887,1124,1211,1139,1148,1413,2037,1713,1437,1136,816,422,141,20,2535,9297,288,357,379,456,399,305,369,464,553,639,558,558,696,970,850,618,439,270,110,17,2,838,10414,289,343,409,431,383,317,342,423,571,572,581,590,717,1067,863,819,697,546,312,124,18,1697
2019,2019-01-01,40640,406406,福岡県,築上郡,32641,1159,1433,1461,1509,1475,1277,1535,1747,1960,2068,1734,1785,2253,2861,2445,2214,1770,1199,593,146,17,3725,15713,589,725,742,814,866,716,794,938,986,1044,867,851,1072,1397,1143,939,700,376,138,14,2,1230,16928,570,708,719,695,609,561,741,809,974,1024,867,934,1181,1464,1302,1275,1070,823,455,132,15,2495
2019,2019-01-01,40642,406422,福岡県,築上郡吉富町,6794,263,334,318,344,320,283,323,390,447,488,394,404,396,553,456,417,314,212,113,22,3,664,3236,139,161,157,186,170,159,149,197,225,247,195,194,187,262,203,176,130,75,23,0,1,229,3558,124,173,161,158,150,124,174,193,222,241,199,210,209,291,253,241,184,137,90,22,2,435
2019,2019-01-01,40646,406465,福岡県,築上郡上毛町,7587,284,361,363,370,255,201,381,434,448,473,409,411,565,702,531,502,410,304,145,35,3,897,3607,144,185,190,176,150,104,198,227,223,231,206,191,272,338,260,222,164,86,37,3,0,290,3980,140,176,173,194,105,97,183,207,225,242,203,220,293,364,271,280,246,218,108,32,3,607
2019,2019-01-01,40647,406473,福岡県,築上郡築上町,18260,612,738,780,795,900,793,831,923,1065,1107,931,970,1292,1606,1458,1295,1046,683,335,89,11,2164,8870,306,379,395,452,546,453,447,514,538,566,466,466,613,797,680,541,406,215,78,11,1,711,9390,306,359,385,343,354,340,384,409,527,541,465,504,679,809,778,754,640,468,257,78,10,1453
2019,2019-01-01,41000,410004,佐賀県,,822443,34595,38441,39878,41759,37375,35685,42653,47926,53137,52351,48743,51556,56659,66654,51320,43009,35941,26596,13514,4014,637,80702,390905,17825,19605,20442,21319,18761,17875,21299,23986,26638,25857,23505,25087,27531,32292,24127,18119,13887,8664,3337,685,64,26637,431538,16770,18836,19436,20440,18614,17810,21354,23940,26499,26494,25238,26469,29128,34362,27193,24890,22054,17932,10177,3329,573,54065
2019,2019-01-01,41201,412015,佐賀県,佐賀市,231613,10012,10847,10928,11701,11426,10623,12593,14142,15486,15818,14652,14397,15041,17329,13806,11959,9467,6917,3348,969,152,20853,109265,5135,5589,5539,5929,5635,5278,6168,7050,7630,7705,7032,6844,7254,8230,6263,5003,3712,2222,849,185,13,6981,122348,4877,5258,5389,5772,5791,5345,6425,7092,7856,8113,7620,7553,7787,9099,7543,6956,5755,4695,2499,784,139,13872
2019,2019-01-01,41202,412023,佐賀県,唐津市,121864,5047,5662,5998,6113,5076,4976,5900,6763,7681,7230,6828,7734,8964,10346,7990,6531,5863,4273,2158,631,100,13025,57524,2634,2833,3135,3162,2575,2514,2976,3353,3850,3580,3217,3704,4261,5068,3753,2689,2198,1362,537,112,11,4220,64340,2413,2829,2863,2951,2501,2462,2924,3410,3831,3650,3611,4030,4703,5278,4237,3842,3665,2911,1621,519,89,8805
2019,2019-01-01,41203,412031,佐賀県,鳥栖市,72486,3557,3947,4191,4119,3470,3513,4199,4868,5849,5557,4352,3925,3982,4837,3920,3163,2462,1584,751,197,43,5037,35076,1870,2019,2126,2119,1689,1692,2091,2404,3033,2758,2143,1984,1927,2272,1864,1371,944,543,192,29,6,1714,37410,1687,1928,2065,2000,1781,1821,2108,2464,2816,2799,2209,1941,2055,2565,2056,1792,1518,1041,559,168,37,3323
2019,2019-01-01,41204,412040,佐賀県,多久市,19159,620,772,792,936,770,668,845,995,1111,1123,1113,1225,1489,1942,1415,1059,952,776,404,124,28,2284,9015,305,368,368,511,400,346,416,520,529,593,526,596,738,960,703,425,351,239,95,23,3,711,10144,315,404,424,425,370,322,429,475,582,530,587,629,751,982,712,634,601,537,309,101,25,1573
2019,2019-01-01,41205,412058,佐賀県,伊万里市,54480,2347,2707,2630,2709,2140,2135,2859,3176,3380,3217,2918,3423,4018,4775,3426,2787,2538,1880,1052,319,44,5833,26142,1208,1394,1307,1399,1131,1097,1466,1659,1731,1634,1398,1714,1978,2358,1622,1168,977,602,248,47,4,1878,28338,1139,1313,1323,1310,1009,1038,1393,1517,1649,1583,1520,1709,2040,2417,1804,1619,1561,1278,804,272,40,3955
2019,2019-01-01,41206,412066,佐賀県,武雄市,48903,2065,2253,2397,2455,2135,2055,2500,2832,2989,3000,2874,3114,3464,4150,2971,2579,2144,1681,926,278,41,5070,23258,1059,1141,1262,1213,1084,1021,1271,1400,1500,1457,1371,1559,1714,2043,1422,1122,809,550,217,41,2,1619,25645,1006,1112,1135,1242,1051,1034,1229,1432,1489,1543,1503,1555,1750,2107,1549,1457,1335,1131,709,237,39,3451
2019,2019-01-01,41207,412074,佐賀県,鹿島市,29198,1178,1351,1377,1540,1295,1175,1449,1572,1649,1654,1736,1883,2126,2471,1900,1557,1414,1091,564,191,25,3285,13780,626,685,719,791,639,596,725,782,799,787,852,895,1031,1164,914,673,549,367,152,33,1,1102,15418,552,666,658,749,656,579,724,790,850,867,884,988,1095,1307,986,884,865,724,412,158,24,2183
2019,2019-01-01,41208,412082,佐賀県,小城市,45168,1985,2130,2302,2368,2166,2091,2550,2683,2815,2754,2711,2944,3213,3497,2619,2188,1806,1401,687,224,34,4152,21474,1038,1052,1140,1217,1052,1011,1290,1334,1417,1329,1278,1437,1573,1762,1231,961,723,427,159,41,2,1352,23694,947,1078,1162,1151,1114,1080,1260,1349,1398,1425,1433,1507,1640,1735,1388,1227,1083,974,528,183,32,2800
2019,2019-01-01,41209,412091,佐賀県,嬉野市,26132,988,1154,1152,1256,1104,1029,1166,1389,1450,1437,1564,1776,2019,2340,1740,1485,1273,1067,560,168,15,3083,12243,462,594,614,617,528,518,560,690,745,715,736,914,985,1143,811,605,491,350,134,29,2,1006,13889,526,560,538,639,576,511,606,699,705,722,828,862,1034,1197,929,880,782,717,426,139,13,2077
2019,2019-01-01,41210,412104,佐賀県,神埼市,31548,1187,1367,1574,1579,1518,1390,1639,1679,2012,2034,1810,1919,2211,2650,2135,1737,1371,976,561,170,29,3107,15199,618,689,834,802,783,710,844,843,1046,1005,894,938,1099,1273,1036,754,544,303,152,28,4,1031,16349,569,678,740,777,735,680,795,836,966,1029,916,981,1112,1377,1099,983,827,673,409,142,25,2076
2019,2019-01-01,41320,413208,佐賀県,神埼郡,16088,760,869,883,892,848,846,970,1038,1155,1026,914,1003,995,1129,863,702,558,398,181,51,7,1195,7878,376,462,467,466,470,456,499,523,565,515,437,481,508,532,416,286,215,147,45,11,1,419,8210,384,407,416,426,378,390,471,515,590,511,477,522,487,597,447,416,343,251,136,40,6,776
2019,2019-01-01,41327,413275,佐賀県,神埼郡吉野ヶ里町,16088,760,869,883,892,848,846,970,1038,1155,1026,914,1003,995,1129,863,702,558,398,181,51,7,1195,7878,376,462,467,466,470,456,499,523,565,515,437,481,508,532,416,286,215,147,45,11,1,419,8210,384,407,416,426,378,390,471,515,590,511,477,522,487,597,447,416,343,251,136,40,6,776
2019,2019-01-01,41340,413402,佐賀県,三養基郡,52121,2247,2242,2306,2532,2289,2258,2729,2986,3265,3312,2983,3125,3725,4610,3816,2973,2214,1529,719,224,37,4723,25044,1159,1180,1186,1291,1181,1110,1317,1504,1648,1635,1497,1467,1791,2248,1814,1338,905,542,187,34,10,1678,27077,1088,1062,1120,1241,1108,1148,1412,1482,1617,1677,1486,1658,1934,2362,2002,1635,1309,987,532,190,27,3045
2019,2019-01-01,41341,413411,佐賀県,三養基郡基山町,17209,703,718,739,817,829,784,972,965,1002,1029,945,1176,1420,1607,1181,954,612,461,212,68,15,1368,8257,358,366,384,417,449,373,480,479,487,487,464,518,684,802,573,446,261,156,60,8,5,490,8952,345,352,355,400,380,411,492,486,515,542,481,658,736,805,608,508,351,305,152,60,10,878
2019,2019-01-01,41345,413453,佐賀県,三養基郡上峰町,9510,464,493,509,553,460,485,530,596,666,685,596,513,581,708,545,390,342,248,109,35,2,736,4566,236,265,259,282,222,239,243,289,322,351,290,251,293,334,263,155,141,91,34,6,0,272,4944,228,228,250,271,238,246,287,307,344,334,306,262,288,374,282,235,201,157,75,29,2,464
2019,2019-01-01,41346,413461,佐賀県,三養基郡みやき町,25402,1080,1031,1058,1162,1000,989,1227,1425,1597,1598,1442,1436,1724,2295,2090,1629,1260,820,398,121,20,2619,12221,565,549,543,592,510,498,594,736,839,797,743,698,814,1112,978,737,503,295,93,20,5,916,13181,515,482,515,570,490,491,633,689,758,801,699,738,910,1183,1112,892,757,525,305,101,15,1703
2019,2019-01-01,41380,413801,佐賀県,東松浦郡,5644,181,241,255,334,289,306,243,272,316,321,284,348,464,489,338,284,302,238,113,23,3,679,2897,98,123,137,187,180,216,133,149,175,172,148,165,242,240,183,106,121,89,29,4,0,243,2747,83,118,118,147,109,90,110,123,141,149,136,183,222,249,155,178,181,149,84,19,3,436
2019,2019-01-01,41387,413879,佐賀県,東松浦郡玄海町,5644,181,241,255,334,289,306,243,272,316,321,284,348,464,489,338,284,302,238,113,23,3,679,2897,98,123,137,187,180,216,133,149,175,172,148,165,242,240,183,106,121,89,29,4,0,243,2747,83,118,118,147,109,90,110,123,141,149,136,183,222,249,155,178,181,149,84,19,3,436
2019,2019-01-01,41400,414000,佐賀県,西松浦郡,19965,730,917,947,962,806,691,854,1077,1219,1193,1159,1353,1410,1787,1350,1250,1001,738,378,117,26,2260,9361,370,439,493,495,406,349,419,525,601,604,567,685,696,852,620,511,382,231,96,17,3,729,10604,360,478,454,467,400,342,435,552,618,589,592,668,714,935,730,739,619,507,282,100,23,1531
2019,2019-01-01,41401,414018,佐賀県,西松浦郡有田町,19965,730,917,947,962,806,691,854,1077,1219,1193,1159,1353,1410,1787,1350,1250,1001,738,378,117,26,2260,9361,370,439,493,495,406,349,419,525,601,604,567,685,696,852,620,511,382,231,96,17,3,729,10604,360,478,454,467,400,342,435,552,618,589,592,668,714,935,730,739,619,507,282,100,23,1531
2019,2019-01-01,41420,414204,佐賀県,杵島郡,39231,1417,1672,1752,1823,1685,1620,1844,2083,2290,2157,2297,2743,2871,3516,2425,2174,2016,1625,905,272,44,4862,18510,727,878,927,901,820,806,950,1059,1140,1098,1136,1359,1376,1774,1186,864,732,540,194,42,1,1509,20721,690,794,825,922,865,814,894,1024,1150,1059,1161,1384,1495,1742,1239,1310,1284,1085,711,230,43,3353
2019,2019-01-01,41423,414239,佐賀県,杵島郡大町町,6513,199,231,261,275,249,246,273,312,377,338,336,419,501,733,500,397,358,271,173,60,4,866,3012,102,113,134,131,118,118,148,162,192,170,172,188,240,361,248,168,120,86,33,8,0,247,3501,97,118,127,144,131,128,125,150,185,168,164,231,261,372,252,229,238,185,140,52,4,619
2019,2019-01-01,41424,414247,佐賀県,杵島郡江北町,9621,473,478,452,435,417,466,554,636,681,535,527,643,625,777,507,445,400,318,186,54,12,970,4570,226,255,241,216,209,212,284,313,342,276,243,318,313,395,254,170,162,92,38,11,0,303,5051,247,223,211,219,208,254,270,323,339,259,284,325,312,382,253,275,238,226,148,43,12,667
2019,2019-01-01,41425,414255,佐賀県,杵島郡白石町,23097,745,963,1039,1113,1019,908,1017,1135,1232,1284,1434,1681,1745,2006,1418,1332,1258,1036,546,158,28,3026,10928,399,510,552,554,493,476,518,584,606,652,721,853,823,1018,684,526,450,362,123,23,1,959,12169,346,453,487,559,526,432,499,551,626,632,713,828,922,988,734,806,808,674,423,135,27,2067
2019,2019-01-01,41440,414409,佐賀県,藤津郡,8843,274,310,394,440,358,309,313,371,470,518,548,644,667,786,606,581,560,422,207,56,9,1254,4239,140,159,188,219,188,155,174,191,229,270,273,345,358,373,289,243,234,150,51,9,1,445,4604,134,151,206,221,170,154,139,180,241,248,275,299,309,413,317,338,326,272,156,47,8,809
2019,2019-01-01,41441,414417,佐賀県,藤津郡太良町,8843,274,310,394,440,358,309,313,371,470,518,548,644,667,786,606,581,560,422,207,56,9,1254,4239,140,159,188,219,188,155,174,191,229,270,273,345,358,373,289,243,234,150,51,9,1,445,4604,134,151,206,221,170,154,139,180,241,248,275,299,309,413,317,338,326,272,156,47,8,809
2019,2019-01-01,42000,420000,長崎県,,1355223,53872,58689,60705,64058,54831,54226,65467,73239,83538,88212,82871,88789,97942,115782,91291,76654,65566,47540,23833,7064,1054,145057,638692,27794,30211,31053,32796,27745,27282,32538,36068,41282,43043,39656,43042,47579,56134,42286,31908,25641,15572,5859,1085,118,48275,716531,26078,28478,29652,31262,27086,26944,32929,37171,42256,45169,43215,45747,50363,59648,49005,44746,39925,31968,17974,5979,936,96782
2019,2019-01-01,42201,422011,長崎県,長崎市,417990,15540,16626,17426,18733,17913,17704,20599,22274,26154,28726,26560,28002,29606,36805,28349,23733,19734,14073,7042,2093,298,43240,193279,8029,8540,8812,9505,8676,8730,9976,10809,12644,13725,12398,13277,14018,17444,12913,9717,7582,4444,1699,311,30,14066,224711,7511,8086,8614,9228,9237,8974,10623,11465,13510,15001,14162,14725,15588,19361,15436,14016,12152,9629,5343,1782,268,29174
2019,2019-01-01,42202,422029,長崎県,佐世保市,250477,10530,11590,11411,12232,11053,10571,12974,14337,16051,16189,14741,14728,16850,20761,16996,13834,11639,8315,4187,1308,180,25629,118309,5476,5905,5757,6395,5805,5362,6614,7053,7899,7870,7025,7089,8153,10006,7823,5660,4534,2643,1029,190,21,8417,132168,5054,5685,5654,5837,5248,5209,6360,7284,8152,8319,7716,7639,8697,10755,9173,8174,7105,5672,3158,1118,159,17212
2019,2019-01-01,42203,422037,長崎県,島原市,44979,1840,1911,1920,2058,1513,1547,1974,2242,2626,2732,2792,3039,3463,3858,3178,2711,2389,1863,988,292,43,5575,21070,970,1003,980,1059,782,791,977,1106,1318,1336,1320,1465,1673,1837,1458,1142,908,647,247,45,6,1853,23909,870,908,940,999,731,756,997,1136,1308,1396,1472,1574,1790,2021,1720,1569,1481,1216,741,247,37,3722
2019,2019-01-01,42204,422045,長崎県,諫早市,136381,5760,6252,6511,6691,5607,5624,6831,7832,8790,9387,8520,9103,9563,11078,8750,7203,5876,4187,2111,602,103,12879,64574,2931,3289,3402,3361,2771,2792,3355,3860,4354,4556,4044,4324,4696,5328,4073,3135,2349,1350,500,95,9,4303,71807,2829,2963,3109,3330,2836,2832,3476,3972,4436,4831,4476,4779,4867,5750,4677,4068,3527,2837,1611,507,94,8576
2019,2019-01-01,42205,422053,長崎県,大村市,95972,4911,5177,5288,5265,4568,4804,5533,5963,6670,6775,5894,5792,5918,6774,5421,4109,3445,2255,1059,307,44,7110,45949,2528,2686,2714,2681,2369,2333,2709,2863,3278,3283,2817,2777,2870,3249,2499,1765,1419,775,285,42,7,2528,50023,2383,2491,2574,2584,2199,2471,2824,3100,3392,3492,3077,3015,3048,3525,2922,2344,2026,1480,774,265,37,4582
2019,2019-01-01,42207,422070,長崎県,平戸市,31377,1093,1233,1272,1264,994,933,1131,1331,1476,1728,1860,2213,2634,3009,2360,2224,2045,1561,756,220,40,4622,14821,565,636,641,617,550,499,603,693,758,889,930,1138,1311,1512,1156,852,774,484,179,31,3,1471,16556,528,597,631,647,444,434,528,638,718,839,930,1075,1323,1497,1204,1372,1271,1077,577,189,37,3151
2019,2019-01-01,42208,422088,長崎県,松浦市,22775,827,1016,1013,987,824,846,977,1094,1194,1231,1218,1552,1874,2123,1582,1419,1287,1017,516,146,32,2998,11015,411,498,532,522,458,499,511,577,624,621,609,767,975,1103,737,587,457,383,126,15,3,984,11760,416,518,481,465,366,347,466,517,570,610,609,785,899,1020,845,832,830,634,390,131,29,2014
2019,2019-01-01,42209,422096,長崎県,対馬市,30770,1153,1251,1302,1301,847,931,1341,1611,1746,1739,1718,2088,2669,2917,2241,2071,1866,1267,537,151,23,3844,15160,607,666,661,649,493,520,727,843,943,976,911,1085,1351,1452,1023,866,751,441,155,35,5,1387,15610,546,585,641,652,354,411,614,768,803,763,807,1003,1318,1465,1218,1205,1115,826,382,116,18,2457
2019,2019-01-01,42210,422100,長崎県,壱岐市,26734,1005,1194,1272,1304,769,788,1085,1298,1593,1515,1419,1719,2005,2270,2047,1692,1606,1271,670,189,23,3759,12813,519,630,638,656,415,417,581,685,811,787,728,883,1009,1087,978,713,662,413,161,35,5,1276,13921,486,564,634,648,354,371,504,613,782,728,691,836,996,1183,1069,979,944,858,509,154,18,2483
2019,2019-01-01,42211,422118,長崎県,五島市,36987,1125,1329,1417,1421,991,1009,1338,1621,1896,2072,2254,2843,3340,3667,2752,2446,2403,1823,936,263,41,5466,17446,566,671,723,728,530,541,662,801,963,1072,1127,1414,1667,1827,1316,1038,912,617,224,41,6,1800,19541,559,658,694,693,461,468,676,820,933,1000,1127,1429,1673,1840,1436,1408,1491,1206,712,222,35,3666
2019,2019-01-01,42212,422126,長崎県,西海市,27584,926,1075,1036,1152,1040,1029,1108,1291,1405,1478,1508,1920,2245,2586,2003,1747,1684,1416,705,200,30,4035,13402,466,567,526,611,582,593,586,673,763,759,725,1011,1168,1342,956,719,663,472,176,41,3,1355,14182,460,508,510,541,458,436,522,618,642,719,783,909,1077,1244,1047,1028,1021,944,529,159,27,2680
2019,2019-01-01,42213,422134,長崎県,雲仙市,43502,1561,1795,1868,2096,1549,1501,1813,2210,2355,2496,2731,3243,3578,3772,2733,2563,2388,1990,962,261,37,5638,20795,807,906,961,1112,796,761,940,1100,1216,1231,1372,1668,1786,1923,1318,1056,940,644,210,46,2,1842,22707,754,889,907,984,753,740,873,1110,1139,1265,1359,1575,1792,1849,1415,1507,1448,1346,752,215,35,3796
2019,2019-01-01,42214,422142,長崎県,南島原市,45814,1458,1739,1890,2030,1374,1285,1665,2084,2388,2569,2702,3260,3823,4332,3467,3089,2900,2194,1149,370,46,6659,21471,735,847,970,1039,705,649,816,1075,1188,1247,1306,1619,1850,2162,1664,1279,1135,804,309,63,9,2320,24343,723,892,920,991,669,636,849,1009,1200,1322,1396,1641,1973,2170,1803,1810,1765,1390,840,307,37,4339
2019,2019-01-01,42300,423009,長崎県,西彼杵郡,71488,3390,3483,3825,4246,3382,3096,3864,4331,4906,5247,4621,4350,4598,5338,4315,3437,2438,1538,820,221,42,5059,34300,1761,1813,2062,2250,1625,1490,1873,2112,2406,2503,2214,2071,2180,2599,1979,1549,1028,525,222,36,2,1813,37188,1629,1670,1763,1996,1757,1606,1991,2219,2500,2744,2407,2279,2418,2739,2336,1888,1410,1013,598,185,40,3246
2019,2019-01-01,42307,423076,長崎県,西彼杵郡長与町,41792,1975,2003,2125,2368,1996,1823,2272,2402,2822,3096,2812,2709,2730,3135,2535,1972,1438,916,506,137,20,3017,19967,1029,1017,1128,1206,978,872,1116,1155,1350,1462,1345,1274,1353,1517,1165,903,609,307,157,22,2,1097,21825,946,986,997,1162,1018,951,1156,1247,1472,1634,1467,1435,1377,1618,1370,1069,829,609,349,115,18,1920
2019,2019-01-01,42308,423084,長崎県,西彼杵郡時津町,29696,1415,1480,1700,1878,1386,1273,1592,1929,2084,2151,1809,1641,1868,2203,1780,1465,1000,622,314,84,22,2042,14333,732,796,934,1044,647,618,757,957,1056,1041,869,797,827,1082,814,646,419,218,65,14,0,716,15363,683,684,766,834,739,655,835,972,1028,1110,940,844,1041,1121,966,819,581,404,249,70,22,1326
2019,2019-01-01,42320,423203,長崎県,東彼杵郡,36743,1419,1571,1740,1708,1386,1474,1777,1967,2206,2201,2171,2475,2802,3170,2492,2127,1815,1343,657,207,35,4057,17446,735,820,893,842,683,761,904,964,1067,1085,1073,1235,1365,1564,1169,893,737,474,155,23,4,1393,19297,684,751,847,866,703,713,873,1003,1139,1116,1098,1240,1437,1606,1323,1234,1078,869,502,184,31,2664
2019,2019-01-01,42321,423211,長崎県,東彼杵郡東彼杵町,7951,243,307,316,346,264,268,346,374,417,481,474,583,729,724,592,482,422,364,155,54,10,1005,3817,114,166,159,185,127,149,175,193,210,241,237,292,372,366,272,206,171,136,40,6,0,353,4134,129,141,157,161,137,119,171,181,207,240,237,291,357,358,320,276,251,228,115,48,10,652
2019,2019-01-01,42322,423220,長崎県,東彼杵郡川棚町,14018,527,582,713,691,551,569,633,763,900,869,831,882,989,1218,957,847,689,470,227,93,17,1496,6640,272,297,370,351,277,296,313,377,427,426,412,441,466,580,456,359,288,166,53,11,2,520,7378,255,285,343,340,274,273,320,386,473,443,419,441,523,638,501,488,401,304,174,82,15,976
2019,2019-01-01,42323,423238,長崎県,東彼杵郡波佐見町,14774,649,682,711,671,571,637,798,830,889,851,866,1010,1084,1228,943,798,704,509,275,60,8,1556,6989,349,357,364,306,279,316,416,394,430,418,424,502,527,618,441,328,278,172,62,6,2,520,7785,300,325,347,365,292,321,382,436,459,433,442,508,557,610,502,470,426,337,213,54,6,1036
2019,2019-01-01,42380,423807,長崎県,北松浦郡,16368,822,884,823,761,570,627,855,1009,1095,988,873,925,1186,1383,1129,802,728,512,279,102,15,1636,7731,423,444,419,385,283,289,427,483,547,499,412,420,572,686,556,348,279,165,80,12,2,538,8637,399,440,404,376,287,338,428,526,548,489,461,505,614,697,573,454,449,347,199,90,13,1098
2019,2019-01-01,42383,423831,長崎県,北松浦郡小値賀町,2447,69,70,61,77,35,50,90,105,92,96,116,162,247,291,212,180,193,180,90,24,7,494,1134,29,27,29,42,18,30,47,51,57,43,59,69,124,152,117,78,70,58,31,1,2,162,1313,40,43,32,35,17,20,43,54,35,53,57,93,123,139,95,102,123,122,59,23,5,332
2019,2019-01-01,42391,423912,長崎県,北松浦郡佐々町,13921,753,814,762,684,535,577,765,904,1003,892,757,763,939,1092,917,622,535,332,189,78,8,1142,6597,394,417,390,343,265,259,380,432,490,456,353,351,448,534,439,270,209,107,49,11,0,376,7324,359,397,372,341,270,318,385,472,513,436,404,412,491,558,478,352,326,225,140,67,8,766
2019,2019-01-01,42400,424005,長崎県,南松浦郡,19282,512,563,691,809,451,457,602,744,987,1139,1289,1537,1788,1939,1476,1447,1323,915,459,132,22,2851,9111,265,290,362,384,222,255,277,371,503,604,645,799,935,1013,668,589,511,291,102,24,1,929,10171,247,273,329,425,229,202,325,373,484,535,644,738,853,926,808,858,812,624,357,108,21,1922
2019,2019-01-01,42411,424111,長崎県,南松浦郡新上五島町,19282,512,563,691,809,451,457,602,744,987,1139,1289,1537,1788,1939,1476,1447,1323,915,459,132,22,2851,9111,265,290,362,384,222,255,277,371,503,604,645,799,935,1013,668,589,511,291,102,24,1,929,10171,247,273,329,425,229,202,325,373,484,535,644,738,853,926,808,858,812,624,357,108,21,1922
2019,2019-01-01,43000,430005,熊本県,,1764768,74851,81302,81709,83346,75186,75817,91587,101609,112481,111164,105184,111023,122728,140711,113150,94401,83834,61970,31790,9476,1449,188519,837325,38124,41929,41856,42509,37997,37656,45531,50868,56117,54819,50485,53690,59511,68429,53209,40279,33009,21170,8380,1584,173,64316,927443,36727,39373,39853,40837,37189,38161,46056,50741,56364,56345,54699,57333,63217,72282,59941,54122,50825,40800,23410,7892,1276,124203
2019,2019-01-01,43100,431001,熊本県,熊本市,728178,33549,34687,34586,36496,36561,36342,41969,45728,51542,51580,46598,45147,45959,50721,42307,33655,27759,19878,9821,2842,451,60751,343848,17055,17778,17661,18593,18337,17601,20444,22379,25222,24959,22059,21441,22031,23863,19330,14134,10856,6881,2673,496,55,20961,384330,16494,16909,16925,17903,18224,18741,21525,23349,26320,26621,24539,23706,23928,26858,22977,19521,16903,12997,7148,2346,396,39790
2019,2019-01-01,43101,431010,熊本県,熊本市中央区,175517,7210,7199,7257,8397,10575,10238,10642,10911,12636,13127,12154,11384,10757,11377,9636,7538,6407,4823,2469,679,101,14479,81322,3584,3675,3668,4242,5189,4826,5131,5257,6034,6309,5642,5422,5139,5305,4241,3010,2362,1518,651,106,11,4648,94195,3626,3524,3589,4155,5386,5412,5511,5654,6602,6818,6512,5962,5618,6072,5395,4528,4045,3305,1818,573,90,9831
2019,2019-01-01,43102,431028,熊本県,熊本市東区,188849,9310,9745,9738,9954,9151,9295,11239,12404,14023,13639,12034,11937,12175,12993,10143,7847,6126,4306,2085,623,82,13222,89955,4756,5045,5001,5078,4558,4510,5509,6049,6879,6614,5735,5561,5856,6132,4694,3347,2434,1519,550,118,10,4631,98894,4554,4700,4737,4876,4593,4785,5730,6355,7144,7025,6299,6376,6319,6861,5449,4500,3692,2787,1535,505,72,8591
2019,2019-01-01,43103,431036,熊本県,熊本市西区,90427,3665,3699,3908,4323,4312,3943,4645,5081,5840,6218,5844,5626,5927,7013,6053,5086,4208,2965,1528,456,87,9244,42368,1853,1890,1964,2216,2183,1942,2259,2573,2858,3004,2810,2711,2842,3262,2734,2165,1612,982,409,86,13,3102,48059,1812,1809,1944,2107,2129,2001,2386,2508,2982,3214,3034,2915,3085,3751,3319,2921,2596,1983,1119,370,74,6142
2019,2019-01-01,43104,431044,熊本県,熊本市南区,130245,7008,7328,6722,6556,5456,6120,7881,8830,9289,8727,7631,7605,8081,8943,7370,5820,4900,3592,1780,516,90,10878,61915,3603,3784,3430,3297,2661,2950,3786,4314,4558,4261,3647,3640,3876,4309,3484,2511,1936,1267,502,89,10,3804,68330,3405,3544,3292,3259,2795,3170,4095,4516,4731,4466,3984,3965,4205,4634,3886,3309,2964,2325,1278,427,80,7074
2019,2019-01-01,43105,431052,熊本県,熊本市北区,143140,6356,6716,6961,7266,7067,6746,7562,8502,9754,9869,8935,8595,9019,10395,9105,7364,6118,4192,1959,568,91,12928,68288,3259,3384,3598,3760,3746,3373,3759,4186,4893,4771,4225,4107,4318,4855,4177,3101,2512,1595,561,97,11,4776,74852,3097,3332,3363,3506,3321,3373,3803,4316,4861,5098,4710,4488,4701,5540,4928,4263,3606,2597,1398,471,80,8152
2019,2019-01-01,43202,432024,熊本県,八代市,125600,4843,5267,5423,5702,4830,4786,5871,6608,7413,7708,7628,8121,9152,10632,8772,7685,6936,5037,2453,645,88,15159,59041,2413,2713,2732,2935,2436,2395,2914,3326,3707,3823,3683,3989,4488,5141,4087,3188,2697,1658,617,87,12,5071,66559,2430,2554,2691,2767,2394,2391,2957,3282,3706,3885,3945,4132,4664,5491,4685,4497,4239,3379,1836,558,76,10088
2019,2019-01-01,43203,432032,熊本県,人吉市,32454,1247,1371,1467,1395,1016,1127,1482,1601,1834,1792,1906,2239,2466,2804,2379,1944,1899,1454,757,246,28,4384,14989,608,721,769,700,511,567,757,796,897,887,908,1056,1161,1349,1087,759,725,476,213,39,3,1456,17465,639,650,698,695,505,560,725,805,937,905,998,1183,1305,1455,1292,1185,1174,978,544,207,25,2928
2019,2019-01-01,43204,432041,熊本県,荒尾市,52506,2094,2273,2339,2445,1938,1865,2514,2999,3383,3119,2687,2999,3639,5021,3965,3249,2686,1850,1041,346,54,5977,24732,1037,1165,1212,1246,979,916,1267,1529,1696,1585,1281,1433,1708,2415,1875,1419,1059,599,246,57,8,1969,27774,1057,1108,1127,1199,959,949,1247,1470,1687,1534,1406,1566,1931,2606,2090,1830,1627,1251,795,289,46,4008
2019,2019-01-01,43205,432059,熊本県,水俣市,24636,828,961,996,1064,850,863,1060,1167,1203,1391,1399,1469,1979,2291,1934,1700,1526,1154,580,193,28,3481,11486,421,514,526,533,422,461,545,594,591,688,684,714,933,1137,860,754,589,354,129,30,7,1109,13150,407,447,470,531,428,402,515,573,612,703,715,755,1046,1154,1074,946,937,800,451,163,21,2372
2019,2019-01-01,43206,432067,熊本県,玉名市,65805,2538,2827,2980,3059,2799,2563,3277,3553,3709,3829,3747,4220,4831,5597,4394,4000,3580,2563,1277,402,60,7882,31331,1368,1468,1537,1512,1380,1295,1648,1801,1894,1851,1879,2008,2393,2811,2078,1704,1426,883,326,65,4,2704,34474,1170,1359,1443,1547,1419,1268,1629,1752,1815,1978,1868,2212,2438,2786,2316,2296,2154,1680,951,337,56,5178
2019,2019-01-01,43208,432083,熊本県,山鹿市,51903,1863,2114,2208,2242,1910,2048,2365,2624,2861,2818,2861,3205,3950,4653,3784,3187,2986,2424,1283,436,81,7210,24495,963,1078,1127,1182,954,1011,1226,1362,1470,1386,1359,1559,1915,2301,1785,1371,1192,827,336,82,9,2446,27408,900,1036,1081,1060,956,1037,1139,1262,1391,1432,1502,1646,2035,2352,1999,1816,1794,1597,947,354,72,4764
2019,2019-01-01,43210,432105,熊本県,菊池市,48551,1991,2261,2170,2184,2047,2111,2550,2658,2779,2539,2684,3127,3694,4104,3150,2707,2510,1867,1019,358,41,5795,23348,1000,1170,1103,1139,1090,1059,1306,1400,1440,1256,1291,1529,1786,2054,1534,1189,1000,650,285,64,3,2002,25203,991,1091,1067,1045,957,1052,1244,1258,1339,1283,1393,1598,1908,2050,1616,1518,1510,1217,734,294,38,3793
2019,2019-01-01,43211,432113,熊本県,宇土市,37153,1513,1803,1811,1912,1663,1540,1930,2072,2302,2454,2400,2538,2433,2715,2283,1983,1728,1224,624,190,35,3801,17843,787,906,944,973,837,790,938,1029,1177,1190,1173,1261,1214,1330,1096,867,708,433,158,27,5,1331,19310,726,897,867,939,826,750,992,1043,1125,1264,1227,1277,1219,1385,1187,1116,1020,791,466,163,30,2470
2019,2019-01-01,43212,432121,熊本県,上天草市,27216,794,942,1035,1130,989,795,1051,1148,1324,1430,1686,1915,2386,2538,2113,1834,1817,1360,702,202,25,4106,12942,395,472,534,579,509,414,529,608,696,699,874,944,1199,1272,1039,798,704,478,168,26,5,1381,14274,399,470,501,551,480,381,522,540,628,731,812,971,1187,1266,1074,1036,1113,882,534,176,20,2725
2019,2019-01-01,43213,432130,熊本県,宇城市,58954,2289,2647,2702,2664,2299,2411,2744,3293,3427,3423,3423,3814,4322,5018,4094,3427,3118,2265,1162,354,58,6957,28112,1176,1369,1410,1380,1157,1229,1386,1640,1707,1739,1664,1809,2077,2521,1943,1507,1241,769,316,64,8,2398,30842,1113,1278,1292,1284,1142,1182,1358,1653,1720,1684,1759,2005,2245,2497,2151,1920,1877,1496,846,290,50,4559
2019,2019-01-01,43214,432148,熊本県,阿蘇市,26053,968,1022,1019,1126,931,1081,1096,1211,1398,1339,1393,1691,2007,2465,1855,1661,1601,1277,671,209,32,3790,12406,483,562,514,585,489,569,580,638,712,673,661,851,996,1209,908,716,612,431,182,33,2,1260,13647,485,460,505,541,442,512,516,573,686,666,732,840,1011,1256,947,945,989,846,489,176,30,2530
2019,2019-01-01,43215,432156,熊本県,天草市,80893,2610,3066,3337,3444,2437,2485,2994,3616,4138,4346,4640,5541,6875,7667,6043,5403,5108,4139,2265,652,87,12251,38055,1376,1617,1674,1750,1245,1271,1528,1880,2079,2213,2230,2758,3326,3875,2903,2355,2005,1289,567,104,10,3975,42838,1234,1449,1663,1694,1192,1214,1466,1736,2059,2133,2410,2783,3549,3792,3140,3048,3103,2850,1698,548,77,8276
2019,2019-01-01,43216,432164,熊本県,合志市,61908,3681,3971,3731,3233,2483,2739,3797,4407,4830,4161,3312,3349,3684,4312,3344,2513,2009,1377,702,228,45,4361,29902,1905,2032,1902,1678,1260,1327,1864,2165,2399,2100,1572,1585,1755,2048,1611,1119,811,539,195,31,4,1580,32006,1776,1939,1829,1555,1223,1412,1933,2242,2431,2061,1740,1764,1929,2264,1733,1394,1198,838,507,197,41,2781
2019,2019-01-01,43340,433403,熊本県,下益城郡,10051,228,276,375,358,316,296,374,450,466,451,507,709,906,1047,734,714,709,659,336,122,18,1844,4752,104,133,196,171,161,161,204,243,250,228,251,367,448,566,376,303,259,226,83,20,2,590,5299,124,143,179,187,155,135,170,207,216,223,256,342,458,481,358,411,450,433,253,102,16,1254
2019,2019-01-01,43348,433489,熊本県,下益城郡美里町,10051,228,276,375,358,316,296,374,450,466,451,507,709,906,1047,734,714,709,659,336,122,18,1844,4752,104,133,196,171,161,161,204,243,250,228,251,367,448,566,376,303,259,226,83,20,2,590,5299,124,143,179,187,155,135,170,207,216,223,256,342,458,481,358,411,450,433,253,102,16,1254
2019,2019-01-01,43360,433608,熊本県,玉名郡,40596,1463,1602,1576,1720,1587,1498,1890,1993,2144,2030,2218,2587,3209,4000,2957,2527,2488,1825,955,279,48,5595,19409,753,808,809,863,833,811,956,1024,1113,995,1121,1262,1613,2057,1425,1064,989,602,259,48,4,1902,21187,710,794,767,857,754,687,934,969,1031,1035,1097,1325,1596,1943,1532,1463,1499,1223,696,231,44,3693
2019,2019-01-01,43364,433641,熊本県,玉名郡玉東町,5274,198,255,255,223,185,171,235,260,287,294,310,340,390,466,371,345,321,226,110,29,3,689,2490,101,135,129,109,87,87,116,132,147,139,161,171,190,241,165,147,122,78,28,5,0,233,2784,97,120,126,114,98,84,119,128,140,155,149,169,200,225,206,198,199,148,82,24,3,456
2019,2019-01-01,43367,433675,熊本県,玉名郡南関町,9658,324,358,332,413,388,366,443,447,448,468,566,660,738,910,693,613,674,488,250,65,14,1491,4588,177,175,153,207,197,205,223,220,229,230,292,331,389,463,333,246,275,162,67,13,1,518,5070,147,183,179,206,191,161,220,227,219,238,274,329,349,447,360,367,399,326,183,52,13,973
2019,2019-01-01,43368,433683,熊本県,玉名郡長洲町,15641,625,625,649,724,664,632,799,807,938,807,770,879,1233,1695,1161,884,809,525,306,94,15,1749,7613,317,308,353,358,373,347,411,423,481,397,393,415,604,875,570,398,321,167,83,18,1,590,8028,308,317,296,366,291,285,388,384,457,410,377,464,629,820,591,486,488,358,223,76,14,1159
2019,2019-01-01,43369,433691,熊本県,玉名郡和水町,10023,316,364,340,360,350,329,413,479,471,461,572,708,848,929,732,685,684,586,289,91,16,1666,4718,158,190,174,189,176,172,206,249,256,229,275,345,430,478,357,273,271,195,81,12,2,561,5305,158,174,166,171,174,157,207,230,215,232,297,363,418,451,375,412,413,391,208,79,14,1105
2019,2019-01-01,43400,434001,熊本県,菊池郡,76096,4487,4676,4333,4005,3475,4219,5254,5681,5839,5331,4265,4221,4301,4727,3656,2695,2252,1634,785,227,33,4931,37407,2296,2433,2247,1993,1765,2172,2683,2924,2934,2727,2085,2060,2125,2250,1735,1219,916,571,223,46,3,1759,38689,2191,2243,2086,2012,1710,2047,2571,2757,2905,2604,2180,2161,2176,2477,1921,1476,1336,1063,562,181,30,3172
2019,2019-01-01,43403,434035,熊本県,菊池郡大津町,34497,1952,2162,1898,1783,1614,1886,2391,2547,2371,2246,1968,2052,2081,2162,1590,1211,1117,871,454,126,15,2583,16996,1025,1130,990,894,844,968,1240,1318,1221,1118,950,1026,1048,1038,732,550,438,306,127,31,2,904,17501,927,1032,908,889,770,918,1151,1229,1150,1128,1018,1026,1033,1124,858,661,679,565,327,95,13,1679
2019,2019-01-01,43404,434043,熊本県,菊池郡菊陽町,41599,2535,2514,2435,2222,1861,2333,2863,3134,3468,3085,2297,2169,2220,2565,2066,1484,1135,763,331,101,18,2348,20411,1271,1303,1257,1099,921,1204,1443,1606,1713,1609,1135,1034,1077,1212,1003,669,478,265,96,15,1,855,21188,1264,1211,1178,1123,940,1129,1420,1528,1755,1476,1162,1135,1143,1353,1063,815,657,498,235,86,17,1493
2019,2019-01-01,43420,434205,熊本県,阿蘇郡,36126,1177,1383,1533,1414,1148,1124,1476,1649,1960,1868,2025,2454,3117,3624,2666,2273,2244,1766,897,276,52,5235,17520,601,749,803,743,634,595,778,856,1008,952,986,1241,1559,1882,1316,979,883,645,248,54,8,1838,18606,576,634,730,671,514,529,698,793,952,916,1039,1213,1558,1742,1350,1294,1361,1121,649,222,44,3397
2019,2019-01-01,43423,434230,熊本県,阿蘇郡南小国町,3971,135,144,157,156,130,113,162,213,203,194,186,265,336,401,279,230,280,219,122,38,8,667,1876,68,74,78,71,72,60,88,112,106,94,103,134,155,216,130,93,111,70,33,8,0,222,2095,67,70,79,85,58,53,74,101,97,100,83,131,181,185,149,137,169,149,89,30,8,445
2019,2019-01-01,43424,434248,熊本県,阿蘇郡小国町,7089,240,222,276,267,231,230,312,269,353,364,398,473,582,736,538,489,460,382,198,61,8,1109,3406,119,117,142,146,125,135,160,144,201,184,187,253,274,373,265,209,165,142,50,13,2,372,3683,121,105,134,121,106,95,152,125,152,180,211,220,308,363,273,280,295,240,148,48,6,737
2019,2019-01-01,43425,434256,熊本県,阿蘇郡産山村,1481,38,58,67,55,50,42,55,53,68,63,99,94,124,141,106,83,130,100,44,10,1,285,772,17,36,38,32,32,25,28,26,39,30,54,45,71,88,52,36,60,42,19,2,0,123,709,21,22,29,23,18,17,27,27,29,33,45,49,53,53,54,47,70,58,25,8,1,162
2019,2019-01-01,43428,434281,熊本県,阿蘇郡高森町,6376,202,235,256,217,192,223,273,269,312,281,368,461,567,622,478,437,451,325,151,44,12,983,3099,114,116,144,113,103,112,145,145,153,141,178,233,301,333,229,191,177,119,39,9,4,348,3277,88,119,112,104,89,111,128,124,159,140,190,228,266,289,249,246,274,206,112,35,8,635
2019,2019-01-01,43432,434329,熊本県,阿蘇郡西原村,6680,266,334,356,317,222,222,312,390,443,404,401,445,566,592,400,305,282,258,115,44,6,705,3303,130,184,173,177,133,110,168,191,236,213,184,227,284,299,200,146,115,100,27,6,0,248,3377,136,150,183,140,89,112,144,199,207,191,217,218,282,293,200,159,167,158,88,38,6,457
2019,2019-01-01,43433,434337,熊本県,阿蘇郡南阿蘇村,10529,296,390,421,402,323,294,362,455,581,562,573,716,942,1132,865,729,641,482,267,79,17,1486,5064,153,222,228,204,169,153,189,238,273,290,280,349,474,573,440,304,255,172,80,16,2,525,5465,143,168,193,198,154,141,173,217,308,272,293,367,468,559,425,425,386,310,187,63,15,961
2019,2019-01-01,43440,434400,熊本県,上益城郡,84639,3561,4140,3866,3561,3124,3203,4112,4792,5021,4662,4547,5198,6167,7552,5743,4884,4563,3427,1877,554,85,10506,40733,1798,2162,1984,1811,1588,1643,2072,2469,2577,2345,2162,2589,3025,3803,2838,2119,1889,1248,508,94,9,3748,43906,1763,1978,1882,1750,1536,1560,2040,2323,2444,2317,2385,2609,3142,3749,2905,2765,2674,2179,1369,460,76,6758
2019,2019-01-01,43441,434418,熊本県,上益城郡御船町,16946,676,807,739,700,666,645,815,975,966,918,913,1066,1275,1589,1204,999,859,681,337,106,10,1993,8109,348,422,388,346,326,331,401,492,497,452,432,535,621,781,599,432,384,231,73,17,1,706,8837,328,385,351,354,340,314,414,483,469,466,481,531,654,808,605,567,475,450,264,89,9,1287
2019,2019-01-01,43442,434426,熊本県,上益城郡嘉島町,9358,584,545,446,398,403,467,548,615,667,585,529,512,542,660,505,413,425,303,151,50,10,939,4551,296,259,233,220,216,250,267,317,334,289,268,252,268,337,242,188,164,99,41,9,2,315,4807,288,286,213,178,187,217,281,298,333,296,261,260,274,323,263,225,261,204,110,41,8,624
2019,2019-01-01,43443,434434,熊本県,上益城郡益城町,32814,1564,1819,1755,1585,1301,1330,1840,2023,2216,2035,1794,1930,2220,2660,2047,1648,1391,967,525,137,27,3047,15867,775,987,883,812,644,659,910,1039,1130,1018,856,924,1063,1282,1009,738,595,355,161,25,2,1138,16947,789,832,872,773,657,671,930,984,1086,1017,938,1006,1157,1378,1038,910,796,612,364,112,25,1909
2019,2019-01-01,43444,434442,熊本県,上益城郡甲佐町,10590,377,498,449,426,353,348,431,597,577,536,545,656,780,985,806,686,644,508,275,100,13,1540,5004,197,255,225,210,167,174,224,309,297,282,235,347,372,512,370,304,255,189,63,17,0,524,5586,180,243,224,216,186,174,207,288,280,254,310,309,408,473,436,382,389,319,212,83,13,1016
2019,2019-01-01,43447,434477,熊本県,上益城郡山都町,14931,360,471,477,452,401,413,478,582,595,588,766,1034,1350,1658,1181,1138,1244,968,589,161,25,2987,7202,182,239,255,223,235,229,270,312,319,304,371,531,701,891,618,457,491,374,170,26,4,1065,7729,178,232,222,229,166,184,208,270,276,284,395,503,649,767,563,681,753,594,419,135,21,1922
2019,2019-01-01,43460,434604,熊本県,八代郡,11769,342,481,522,489,385,373,446,612,667,671,672,790,916,1108,901,762,718,551,281,70,12,1632,5501,167,260,275,228,194,183,224,308,340,345,322,387,449,529,431,340,265,177,69,7,1,519,6268,175,221,247,261,191,190,222,304,327,326,350,403,467,579,470,422,453,374,212,63,11,1113
2019,2019-01-01,43468,434680,熊本県,八代郡氷川町,11769,342,481,522,489,385,373,446,612,667,671,672,790,916,1108,901,762,718,551,281,70,12,1632,5501,167,260,275,228,194,183,224,308,340,345,322,387,449,529,431,340,265,177,69,7,1,519,6268,175,221,247,261,191,190,222,304,327,326,350,403,467,579,470,422,453,374,212,63,11,1113
2019,2019-01-01,43480,434809,熊本県,葦北郡,21990,623,810,811,866,608,627,828,937,962,1085,1219,1497,1854,2160,1662,1688,1612,1246,662,206,27,3753,10382,347,416,410,444,335,317,426,467,516,586,605,734,892,1081,786,728,654,431,179,26,2,1292,11608,276,394,401,422,273,310,402,470,446,499,614,763,962,1079,876,960,958,815,483,180,25,2461
2019,2019-01-01,43482,434825,熊本県,葦北郡芦北町,17382,503,647,619,663,470,510,650,752,759,832,964,1172,1456,1737,1322,1358,1295,979,518,156,20,2968,8207,286,324,315,348,255,265,331,368,410,453,479,576,687,867,622,586,523,344,144,22,2,1035,9175,217,323,304,315,215,245,319,384,349,379,485,596,769,870,700,772,772,635,374,134,18,1933
2019,2019-01-01,43484,434841,熊本県,葦北郡津奈木町,4608,120,163,192,203,138,117,178,185,203,253,255,325,398,423,340,330,317,267,144,50,7,785,2175,61,92,95,96,80,52,95,99,106,133,126,158,205,214,164,142,131,87,35,4,0,257,2433,59,71,97,107,58,65,83,86,97,120,129,167,193,209,176,188,186,180,109,46,7,528
2019,2019-01-01,43500,435007,熊本県,球磨郡,54471,1943,2448,2590,2534,1582,1545,2271,2493,2870,2758,2963,3705,4255,5236,3888,3439,3495,2605,1413,385,53,7951,25683,961,1260,1334,1317,768,774,1152,1258,1474,1394,1431,1867,2107,2560,1924,1435,1346,893,351,70,7,2667,28788,982,1188,1256,1217,814,771,1119,1235,1396,1364,1532,1838,2148,2676,1964,2004,2149,1712,1062,315,46,5284
2019,2019-01-01,43501,435015,熊本県,球磨郡錦町,10621,492,540,536,582,337,366,547,568,640,566,567,704,794,998,698,538,505,377,211,49,6,1148,5023,247,281,276,296,152,184,285,277,334,284,247,338,387,462,358,222,198,131,51,11,2,393,5598,245,259,260,286,185,182,262,291,306,282,320,366,407,536,340,316,307,246,160,38,4,755
2019,2019-01-01,43505,435058,熊本県,球磨郡多良木町,9552,276,394,437,443,282,212,362,392,510,482,520,647,746,933,749,650,654,492,287,75,9,1517,4496,136,192,226,217,149,115,195,190,253,244,251,343,372,441,380,263,268,173,74,14,0,529,5056,140,202,211,226,133,97,167,202,257,238,269,304,374,492,369,387,386,319,213,61,9,988
2019,2019-01-01,43506,435066,熊本県,球磨郡湯前町,3945,107,167,147,143,125,105,151,149,167,201,243,268,306,378,289,288,301,225,140,37,8,711,1849,53,93,72,74,64,59,83,80,88,94,130,139,139,190,140,116,125,72,29,8,1,235,2096,54,74,75,69,61,46,68,69,79,107,113,129,167,188,149,172,176,153,111,29,7,476
2019,2019-01-01,43507,435074,熊本県,球磨郡水上村,2212,84,89,117,86,59,45,73,91,94,107,117,165,175,192,158,143,195,125,70,22,5,417,1044,40,53,62,46,34,21,38,43,46,52,62,83,101,99,72,60,64,42,22,4,0,132,1168,44,36,55,40,25,24,35,48,48,55,55,82,74,93,86,83,131,83,48,18,5,285
2019,2019-01-01,43510,435104,熊本県,球磨郡相良村,4467,132,179,198,214,127,112,150,198,238,200,266,309,366,464,358,314,293,208,102,36,3,642,2115,64,89,116,95,67,48,72,106,130,103,121,167,189,223,170,134,115,70,30,6,0,221,2352,68,90,82,119,60,64,78,92,108,97,145,142,177,241,188,180,178,138,72,30,3,421
2019,2019-01-01,43511,435112,熊本県,球磨郡五木村,1090,23,25,32,31,24,35,47,42,42,41,58,85,86,109,93,96,103,75,24,14,5,221,521,10,12,17,18,15,21,24,23,23,26,28,51,46,60,45,39,36,24,2,1,0,63,569,13,13,15,13,9,14,23,19,19,15,30,34,40,49,48,57,67,51,22,13,5,158
2019,2019-01-01,43512,435121,熊本県,球磨郡山江村,3508,153,198,223,168,105,108,160,183,191,169,166,235,272,328,219,185,220,135,75,11,4,445,1639,69,108,114,95,42,50,69,83,102,80,80,118,134,169,100,83,65,56,19,2,1,143,1869,84,90,109,73,63,58,91,100,89,89,86,117,138,159,119,102,155,79,56,9,3,302
2019,2019-01-01,43513,435139,熊本県,球磨郡球磨村,3696,99,127,145,151,79,119,119,127,158,154,189,286,325,384,264,270,305,244,112,35,4,700,1755,50,74,76,69,32,64,52,71,78,87,100,142,177,208,131,112,113,86,26,5,2,232,1941,49,53,69,82,47,55,67,56,80,67,89,144,148,176,133,158,192,158,86,30,2,468
2019,2019-01-01,43514,435147,熊本県,球磨郡あさぎり町,15380,577,729,755,716,444,443,662,743,830,838,837,1006,1185,1450,1060,955,919,724,392,106,9,2150,7241,292,358,375,407,213,212,334,385,420,424,412,486,562,708,528,406,362,239,98,19,1,719,8139,285,371,380,309,231,231,328,358,410,414,425,520,623,742,532,549,557,485,294,87,8,1431
2019,2019-01-01,43520,435201,熊本県,天草郡,7220,219,274,299,303,208,176,236,317,409,379,404,487,626,719,526,471,490,388,227,54,8,1167,3408,110,143,153,154,113,95,104,172,218,198,204,246,311,375,242,212,183,110,49,14,2,358,3812,109,131,146,149,95,81,132,145,191,181,200,241,315,344,284,259,307,278,178,40,6,809
2019,2019-01-01,43531,435317,熊本県,天草郡苓北町,7220,219,274,299,303,208,176,236,317,409,379,404,487,626,719,526,471,490,388,227,54,8,1167,3408,110,143,153,154,113,95,104,172,218,198,204,246,311,375,242,212,183,110,49,14,2,358,3812,109,131,146,149,95,81,132,145,191,181,200,241,315,344,284,259,307,278,178,40,6,809
2019,2019-01-01,44000,440001,大分県,,1147448,44011,49008,50383,52354,48939,47255,56747,64837,75306,75929,66647,69142,77827,95117,81939,66957,56164,41437,20719,5864,866,125050,545477,22490,25067,25857,26857,25312,24209,28935,32785,38009,37725,32259,33238,37628,45722,37893,28915,21851,14196,5440,996,93,42576,601971,21521,23941,24526,25497,23627,23046,27812,32052,37297,38204,34388,35904,40199,49395,44046,38042,34313,27241,15279,4868,773,82474
2019,2019-01-01,44201,442011,大分県,大分市,475953,20928,22547,22558,23330,22514,22593,26837,30449,35120,35280,29010,28227,30332,35991,30273,23259,17274,11813,5769,1630,219,36705,228565,10605,11460,11602,12010,11677,11445,13396,15240,17574,17373,13878,13382,14371,17090,14013,10457,6980,4160,1558,274,20,12992,247388,10323,11087,10956,11320,10837,11148,13441,15209,17546,17907,15132,14845,15961,18901,16260,12802,10294,7653,4211,1356,199,23713
2019,2019-01-01,44202,442020,大分県,別府市,113624,3973,4377,4551,4981,5274,4552,5285,5904,7300,7608,6909,6724,7069,9137,9197,7629,6088,4355,2030,605,76,13154,52139,2025,2241,2374,2535,2724,2205,2597,2912,3568,3650,3267,3152,3325,4131,4013,3059,2270,1484,499,102,6,4361,61485,1948,2136,2177,2446,2550,2347,2688,2992,3732,3958,3642,3572,3744,5006,5184,4570,3818,2871,1531,503,70,8793
2019,2019-01-01,44203,442038,大分県,中津市,82948,3643,3968,3940,3882,3387,3520,4713,4984,5358,5446,4844,4880,5516,6518,5483,4571,3846,2729,1313,355,52,8295,39765,1859,2042,1960,1971,1739,1895,2526,2582,2806,2746,2367,2342,2683,3148,2512,1920,1437,849,323,52,6,2667,43183,1784,1926,1980,1911,1648,1625,2187,2402,2552,2700,2477,2538,2833,3370,2971,2651,2409,1880,990,303,46,5628
2019,2019-01-01,44204,442046,大分県,日田市,65419,2438,2806,3013,2975,2397,2425,2765,3387,3951,3973,3882,4302,4896,5761,4561,3937,3475,2669,1385,370,51,7950,31007,1261,1465,1540,1521,1207,1218,1421,1707,1979,1944,1973,2121,2406,2859,2077,1673,1323,903,344,61,4,2635,34412,1177,1341,1473,1454,1190,1207,1344,1680,1972,2029,1909,2181,2490,2902,2484,2264,2152,1766,1041,309,47,5315
2019,2019-01-01,44205,442054,大分県,佐伯市,71389,2174,2577,2801,2903,2450,2301,2968,3452,4111,4238,3912,4442,5469,6633,5890,5108,4458,3291,1653,477,81,9960,33145,1127,1313,1405,1458,1252,1228,1532,1756,2069,2100,1911,2087,2656,3162,2677,2151,1652,1100,416,84,9,3261,38244,1047,1264,1396,1445,1198,1073,1436,1696,2042,2138,2001,2355,2813,3471,3213,2957,2806,2191,1237,393,72,6699
2019,2019-01-01,44206,442062,大分県,臼杵市,38468,1090,1426,1504,1685,1368,1133,1526,1787,2288,2291,2002,2387,2857,3603,3414,2735,2376,1853,880,222,41,5372,18242,576,733,776,884,711,596,793,916,1176,1165,992,1139,1372,1782,1585,1177,934,661,224,45,5,1869,20226,514,693,728,801,657,537,733,871,1112,1126,1010,1248,1485,1821,1829,1558,1442,1192,656,177,36,3503
2019,2019-01-01,44207,442071,大分県,津久見市,17629,411,562,599,653,598,510,650,737,982,997,906,1118,1384,1822,1617,1353,1194,890,482,143,21,2730,8261,209,287,325,328,313,249,347,377,501,520,435,541,681,898,761,585,468,283,131,21,1,904,9368,202,275,274,325,285,261,303,360,481,477,471,577,703,924,856,768,726,607,351,122,20,1826
2019,2019-01-01,44208,442089,大分県,竹田市,21677,543,675,717,763,674,563,801,861,1018,958,993,1373,1747,2262,1771,1678,1756,1501,767,215,41,4280,10198,284,360,363,372,365,319,420,437,553,488,485,685,877,1165,869,685,685,542,203,35,6,1471,11479,259,315,354,391,309,244,381,424,465,470,508,688,870,1097,902,993,1071,959,564,180,35,2809
2019,2019-01-01,44209,442097,大分県,豊後高田市,22329,756,813,889,891,808,802,941,1109,1270,1294,1168,1368,1627,2112,1676,1544,1429,1065,584,164,19,3261,10699,402,432,475,457,404,429,487,594,677,681,581,696,804,1048,791,657,525,384,148,23,4,1084,11630,354,381,414,434,404,373,454,515,593,613,587,672,823,1064,885,887,904,681,436,141,15,2177
2019,2019-01-01,44210,442101,大分県,杵築市,29265,999,1119,1207,1227,1132,1121,1355,1590,1745,1759,1634,1693,2043,2591,2133,1844,1676,1353,759,247,38,4073,14151,514,591,622,625,586,636,717,839,918,931,767,854,1046,1284,1036,819,675,446,193,49,3,1366,15114,485,528,585,602,546,485,638,751,827,828,867,839,997,1307,1097,1025,1001,907,566,198,35,2707
2019,2019-01-01,44211,442119,大分県,宇佐市,55813,1986,2309,2338,2556,2152,2082,2443,2904,3294,3383,3213,3373,4009,4923,4220,3448,3132,2448,1187,363,50,7180,26416,1035,1151,1184,1310,1132,1071,1296,1480,1670,1698,1632,1641,1936,2403,1998,1499,1170,743,301,62,4,2280,29397,951,1158,1154,1246,1020,1011,1147,1424,1624,1685,1581,1732,2073,2520,2222,1949,1962,1705,886,301,46,4900
2019,2019-01-01,44212,442127,大分県,豊後大野市,35783,980,1227,1375,1469,1266,1063,1305,1620,1844,1844,1732,2091,2681,3432,2895,2520,2600,2231,1220,321,67,6439,16662,492,613,724,757,624,516,665,856,932,936,829,1031,1314,1710,1384,1075,1015,774,347,58,10,2204,19121,488,614,651,712,642,547,640,764,912,908,903,1060,1367,1722,1511,1445,1585,1457,873,263,57,4235
2019,2019-01-01,44213,442135,大分県,由布市,34216,1381,1474,1469,1493,1621,1528,1689,1940,2163,2010,1825,1985,2279,2895,2446,1932,1822,1341,701,191,31,4086,16420,718,757,766,765,848,791,863,989,1088,1010,882,1002,1122,1416,1172,810,704,494,184,34,5,1421,17796,663,717,703,728,773,737,826,951,1075,1000,943,983,1157,1479,1274,1122,1118,847,517,157,26,2665
2019,2019-01-01,44214,442143,大分県,国東市,27932,715,871,968,1142,1112,886,990,1177,1482,1525,1524,1820,2052,2559,2274,2011,2042,1644,869,231,38,4824,13387,356,460,490,595,610,490,566,613,779,778,740,912,1086,1240,1077,891,811,580,264,44,5,1704,14545,359,411,478,547,502,396,424,564,703,747,784,908,966,1319,1197,1120,1231,1064,605,187,33,3120
2019,2019-01-01,44320,443204,大分県,東国東郡,2034,45,54,56,59,52,42,60,83,76,91,103,139,213,261,202,156,130,112,77,22,1,342,976,32,27,36,32,29,26,35,41,47,40,45,74,109,129,103,65,56,28,20,2,0,106,1058,13,27,20,27,23,16,25,42,29,51,58,65,104,132,99,91,74,84,57,20,1,236
2019,2019-01-01,44322,443221,大分県,東国東郡姫島村,2034,45,54,56,59,52,42,60,83,76,91,103,139,213,261,202,156,130,112,77,22,1,342,976,32,27,36,32,29,26,35,41,47,40,45,74,109,129,103,65,56,28,20,2,0,106,1058,13,27,20,27,23,16,25,42,29,51,58,65,104,132,99,91,74,84,57,20,1,236
2019,2019-01-01,44340,443409,大分県,速見郡,28337,1158,1299,1433,1348,1210,1276,1491,1671,2015,1927,1640,1655,1798,2221,1969,1520,1214,896,446,132,18,2706,13630,599,656,735,696,575,623,782,844,1009,967,800,806,889,1082,912,689,496,321,124,23,2,966,14707,559,643,698,652,635,653,709,827,1006,960,840,849,909,1139,1057,831,718,575,322,109,16,1740
2019,2019-01-01,44341,443417,大分県,速見郡日出町,28337,1158,1299,1433,1348,1210,1276,1491,1671,2015,1927,1640,1655,1798,2221,1969,1520,1214,896,446,132,18,2706,13630,599,656,735,696,575,623,782,844,1009,967,800,806,889,1082,912,689,496,321,124,23,2,966,14707,559,643,698,652,635,653,709,827,1006,960,840,849,909,1139,1057,831,718,575,322,109,16,1740
2019,2019-01-01,44460,444600,大分県,玖珠郡,24632,791,904,965,997,924,858,928,1182,1289,1305,1350,1565,1855,2396,1918,1712,1652,1246,597,176,22,3693,11814,396,479,480,541,516,472,492,602,663,698,675,773,951,1175,913,703,650,444,161,27,3,1285,12818,395,425,485,456,408,386,436,580,626,607,675,792,904,1221,1005,1009,1002,802,436,149,19,2408
2019,2019-01-01,44461,444618,大分県,玖珠郡九重町,9435,306,344,348,336,308,288,336,432,483,444,505,624,703,981,768,680,713,515,239,76,6,1549,4497,139,187,178,173,154,151,184,216,244,243,260,301,367,506,370,274,288,192,58,11,1,550,4938,167,157,170,163,154,137,152,216,239,201,245,323,336,475,398,406,425,323,181,65,5,999
2019,2019-01-01,44462,444626,大分県,玖珠郡玖珠町,15197,485,560,617,661,616,570,592,750,806,861,845,941,1152,1415,1150,1032,939,731,358,100,16,2144,7317,257,292,302,368,362,321,308,386,419,455,415,472,584,669,543,429,362,252,103,16,2,735,7880,228,268,315,293,254,249,284,364,387,406,430,469,568,746,607,603,577,479,255,84,14,1409
2019,2019-01-01,45000,450006,宮崎県,,1097293,44960,50745,51339,52078,44122,43530,53789,62313,70783,69016,63116,69347,78918,91115,74355,60539,52900,38878,19099,5452,899,117228,519739,22945,25915,26218,26567,22551,21983,26490,30818,35242,34041,30306,33363,38213,43821,34803,26166,21090,13339,4901,876,91,40297,577554,22015,24830,25121,25511,21571,21547,27299,31495,35541,34975,32810,35984,40705,47294,39552,34373,31810,25539,14198,4576,808,76931
2019,2019-01-01,45201,452017,宮崎県,宮崎市,401023,17648,19418,19393,19842,18053,17681,21456,24565,29055,28743,24814,24828,26435,30117,25642,19730,15579,10937,5336,1511,240,33603,189098,8960,9848,9931,10017,8965,8651,10308,11896,14246,13957,11724,11754,12553,14113,11851,8660,6263,3721,1415,234,31,11664,211925,8688,9570,9462,9825,9088,9030,11148,12669,14809,14786,13090,13074,13882,16004,13791,11070,9316,7216,3921,1277,209,21939
2019,2019-01-01,45202,452025,宮崎県,都城市,164114,7095,7827,7967,7799,6602,6908,8514,9497,10377,9751,9008,10465,11897,13353,10622,8770,7885,5890,2943,802,142,17662,77600,3590,4016,4071,3991,3403,3439,4193,4698,5233,4807,4294,5024,5773,6413,5007,3795,3084,1945,693,116,15,5853,86514,3505,3811,3896,3808,3199,3469,4321,4799,5144,4944,4714,5441,6124,6940,5615,4975,4801,3945,2250,686,127,11809
2019,2019-01-01,45203,452033,宮崎県,延岡市,123126,4752,5305,5561,5994,4950,4616,5694,6585,7483,7755,7016,7798,8842,10621,8707,7144,6556,4868,2146,643,90,14303,58306,2405,2758,2894,3086,2622,2516,2845,3294,3752,3823,3419,3761,4198,5047,4068,2994,2557,1620,543,100,4,4824,64820,2347,2547,2667,2908,2328,2100,2849,3291,3731,3932,3597,4037,4644,5574,4639,4150,3999,3248,1603,543,86,9479
2019,2019-01-01,45204,452041,宮崎県,日南市,53177,1857,2153,2218,2211,1741,1886,2301,2701,2909,2873,2856,3526,4251,4766,4093,3549,3253,2461,1203,320,49,7286,25124,973,1078,1131,1138,925,953,1101,1371,1450,1484,1411,1699,2150,2299,1930,1529,1286,844,307,60,5,2502,28053,884,1075,1087,1073,816,933,1200,1330,1459,1389,1445,1827,2101,2467,2163,2020,1967,1617,896,260,44,4784
2019,2019-01-01,45205,452050,宮崎県,小林市,45511,1814,1959,2043,2010,1482,1635,2053,2442,2693,2326,2522,2905,3563,4119,3146,2776,2619,1978,1023,336,67,6023,21414,913,1044,1010,1066,751,835,1039,1201,1343,1152,1233,1366,1725,2026,1479,1165,1032,710,273,44,7,2066,24097,901,915,1033,944,731,800,1014,1241,1350,1174,1289,1539,1838,2093,1667,1611,1587,1268,750,292,60,3957
2019,2019-01-01,45206,452068,宮崎県,日向市,61437,2553,2894,3008,2897,2400,2383,2863,3522,4198,3906,3473,3878,4468,5220,4208,3416,2795,2055,971,277,52,6150,29408,1330,1501,1521,1487,1241,1236,1454,1749,2120,1943,1708,1862,2200,2484,1929,1498,1135,723,241,42,4,2145,32029,1223,1393,1487,1410,1159,1147,1409,1773,2078,1963,1765,2016,2268,2736,2279,1918,1660,1332,730,235,48,4005
2019,2019-01-01,45207,452076,宮崎県,串間市,18513,679,763,740,704,518,531,735,935,894,791,880,1268,1694,1785,1321,1186,1326,1084,511,145,23,3089,8757,339,401,377,355,282,286,372,481,474,407,421,633,849,962,624,471,485,383,122,30,3,1023,9756,340,362,363,349,236,245,363,454,420,384,459,635,845,823,697,715,841,701,389,115,20,2066
2019,2019-01-01,45208,452084,宮崎県,西都市,30382,1039,1243,1354,1444,1130,1004,1302,1533,1738,1768,1668,1976,2319,2791,2312,1854,1773,1236,698,171,29,3907,14425,536,644,677,744,570,508,663,776,866,882,814,976,1144,1368,1072,783,725,448,195,31,3,1402,15957,503,599,677,700,560,496,639,757,872,886,854,1000,1175,1423,1240,1071,1048,788,503,140,26,2505
2019,2019-01-01,45209,452092,宮崎県,えびの市,19312,586,758,763,765,576,554,752,841,928,915,988,1271,1624,1969,1446,1358,1354,1129,538,172,25,3218,9149,287,381,402,413,330,292,387,428,492,462,470,622,796,1026,684,569,534,393,143,35,3,1108,10163,299,377,361,352,246,262,365,413,436,453,518,649,828,943,762,789,820,736,395,137,22,2110
2019,2019-01-01,45340,453404,宮崎県,北諸県郡,25960,1414,1637,1430,1329,1039,993,1481,1736,1675,1569,1449,1637,1846,1931,1496,1198,1008,636,347,88,21,2100,12194,753,820,709,646,482,470,703,860,813,753,683,757,870,934,723,530,391,201,84,10,2,688,13766,661,817,721,683,557,523,778,876,862,816,766,880,976,997,773,668,617,435,263,78,19,1412
2019,2019-01-01,45341,453412,宮崎県,北諸県郡三股町,25960,1414,1637,1430,1329,1039,993,1481,1736,1675,1569,1449,1637,1846,1931,1496,1198,1008,636,347,88,21,2100,12194,753,820,709,646,482,470,703,860,813,753,683,757,870,934,723,530,391,201,84,10,2,688,13766,661,817,721,683,557,523,778,876,862,816,766,880,976,997,773,668,617,435,263,78,19,1412
2019,2019-01-01,45360,453609,宮崎県,西諸県郡,9395,282,369,381,362,320,285,325,471,446,454,546,651,801,940,676,594,653,504,260,66,9,1492,4520,160,183,210,198,182,140,166,240,230,230,279,321,404,501,319,239,264,174,70,9,1,518,4875,122,186,171,164,138,145,159,231,216,224,267,330,397,439,357,355,389,330,190,57,8,974
2019,2019-01-01,45361,453617,宮崎県,西諸県郡高原町,9395,282,369,381,362,320,285,325,471,446,454,546,651,801,940,676,594,653,504,260,66,9,1492,4520,160,183,210,198,182,140,166,240,230,230,279,321,404,501,319,239,264,174,70,9,1,518,4875,122,186,171,164,138,145,159,231,216,224,267,330,397,439,357,355,389,330,190,57,8,974
2019,2019-01-01,45380,453803,宮崎県,東諸県郡,26676,911,1119,1209,1118,919,868,1200,1405,1583,1481,1546,1763,2185,2460,2032,1635,1448,1069,560,141,24,3242,12598,486,561,592,573,463,424,597,718,784,726,727,859,1080,1157,985,720,589,379,156,19,3,1146,14078,425,558,617,545,456,444,603,687,799,755,819,904,1105,1303,1047,915,859,690,404,122,21,2096
2019,2019-01-01,45382,453820,宮崎県,東諸県郡国富町,19285,621,734,844,821,680,646,889,975,1116,1080,1134,1316,1629,1818,1458,1168,1051,789,393,105,18,2356,9090,321,372,409,429,354,320,444,498,553,528,526,636,804,869,708,493,432,270,108,14,2,826,10195,300,362,435,392,326,326,445,477,563,552,608,680,825,949,750,675,619,519,285,91,16,1530
2019,2019-01-01,45383,453838,宮崎県,東諸県郡綾町,7391,290,385,365,297,239,222,311,430,467,401,412,447,556,642,574,467,397,280,167,36,6,886,3508,165,189,183,144,109,104,153,220,231,198,201,223,276,288,277,227,157,109,48,5,1,320,3883,125,196,182,153,130,118,158,210,236,203,211,224,280,354,297,240,240,171,119,31,5,566
2019,2019-01-01,45400,454001,宮崎県,児湯郡,70365,2685,3338,3234,3435,2875,2740,3238,3810,4355,4195,3747,4232,5087,6397,5104,4139,3505,2497,1271,409,72,7754,33763,1373,1676,1645,1731,1539,1450,1675,1916,2203,2128,1780,2108,2470,3124,2382,1865,1430,865,318,80,5,2698,36602,1312,1662,1589,1704,1336,1290,1563,1894,2152,2067,1967,2124,2617,3273,2722,2274,2075,1632,953,329,67,5056
2019,2019-01-01,45401,454010,宮崎県,児湯郡高鍋町,20400,763,951,964,976,853,821,1006,1168,1338,1268,1110,1229,1411,1764,1521,1162,991,672,305,110,17,2095,9654,381,487,462,509,430,425,505,583,680,615,527,595,676,850,696,514,409,218,68,22,2,719,10746,382,464,502,467,423,396,501,585,658,653,583,634,735,914,825,648,582,454,237,88,15,1376
2019,2019-01-01,45402,454028,宮崎県,児湯郡新富町,17390,698,851,766,913,893,807,846,908,1097,1096,1023,1077,1167,1482,1178,952,744,552,254,74,12,1636,8568,362,440,399,455,529,446,456,460,551,559,463,554,574,723,552,441,319,211,61,13,0,604,8822,336,411,367,458,364,361,390,448,546,537,560,523,593,759,626,511,425,341,193,61,12,1032
2019,2019-01-01,45403,454036,宮崎県,児湯郡西米良村,1150,40,60,42,40,29,32,42,68,60,62,61,49,78,97,81,94,95,68,39,12,1,215,574,22,42,26,20,16,15,25,33,33,41,30,33,38,51,35,43,31,30,10,0,0,71,576,18,18,16,20,13,17,17,35,27,21,31,16,40,46,46,51,64,38,29,12,1,144
2019,2019-01-01,45404,454044,宮崎県,児湯郡木城町,5247,241,306,256,210,157,182,244,303,319,283,214,303,379,472,356,328,286,238,128,38,4,694,2445,112,142,138,100,77,88,113,144,178,140,102,140,181,231,174,149,112,76,41,6,1,236,2802,129,164,118,110,80,94,131,159,141,143,112,163,198,241,182,179,174,162,87,32,3,458
2019,2019-01-01,45405,454052,宮崎県,児湯郡川南町,15605,512,719,769,809,574,545,684,821,938,908,808,989,1196,1527,1161,926,763,532,301,101,22,1719,7498,281,359,393,399,286,294,352,415,464,469,382,500,582,762,554,411,295,196,79,23,2,595,8107,231,360,376,410,288,251,332,406,474,439,426,489,614,765,607,515,468,336,222,78,20,1124
2019,2019-01-01,45406,454061,宮崎県,児湯郡都農町,10573,431,451,437,487,369,353,416,542,603,578,531,585,856,1055,807,677,626,435,244,74,16,1395,5024,215,206,227,248,201,182,224,281,297,304,276,286,419,507,371,307,264,134,59,16,0,473,5549,216,245,210,239,168,171,192,261,306,274,255,299,437,548,436,370,362,301,185,58,16,922
2019,2019-01-01,45420,454206,宮崎県,東臼杵郡,28009,977,1204,1169,1243,989,892,1133,1367,1496,1585,1610,1766,2128,2626,2069,1847,1710,1328,650,188,32,3908,13602,498,612,609,661,509,495,605,722,745,831,815,902,1068,1319,998,792,737,483,162,37,2,1421,14407,479,592,560,582,480,397,528,645,751,754,795,864,1060,1307,1071,1055,973,845,488,151,30,2487
2019,2019-01-01,45421,454214,宮崎県,東臼杵郡門川町,18047,726,874,848,896,755,655,833,932,1105,1121,1123,1061,1304,1613,1273,1079,856,575,319,85,14,1849,8695,359,435,450,473,395,372,430,476,545,582,556,513,633,777,598,473,355,190,65,17,1,628,9352,367,439,398,423,360,283,403,456,560,539,567,548,671,836,675,606,501,385,254,68,13,1221
2019,2019-01-01,45429,454290,宮崎県,東臼杵郡諸塚村,1703,49,64,63,67,47,44,43,91,74,72,103,123,137,153,125,134,136,104,49,17,8,314,839,27,37,34,39,23,24,22,50,31,44,48,64,67,89,70,48,69,39,11,2,1,122,864,22,27,29,28,24,20,21,41,43,28,55,59,70,64,55,86,67,65,38,15,7,192
2019,2019-01-01,45430,454303,宮崎県,東臼杵郡椎葉村,2813,91,103,103,100,47,60,106,135,108,159,128,217,254,264,182,209,231,204,85,24,3,547,1415,52,57,41,53,20,33,60,80,63,86,71,131,133,146,90,90,101,72,31,5,0,209,1398,39,46,62,47,27,27,46,55,45,73,57,86,121,118,92,119,130,132,54,19,3,338
2019,2019-01-01,45431,454311,宮崎県,東臼杵郡美郷町,5446,111,163,155,180,140,133,151,209,209,233,256,365,433,596,489,425,487,445,197,62,7,1198,2653,60,83,84,96,71,66,93,116,106,119,140,194,235,307,240,181,212,182,55,13,0,462,2793,51,80,71,84,69,67,58,93,103,114,116,171,198,289,249,244,275,263,142,49,7,736
2019,2019-01-01,45440,454401,宮崎県,西臼杵郡,20293,668,758,869,925,528,554,742,903,953,904,993,1383,1778,2020,1481,1343,1436,1206,642,183,24,3491,9781,342,392,439,461,287,288,382,468,491,456,528,719,933,1048,752,556,578,450,179,29,3,1239,10512,326,366,430,464,241,266,360,435,462,448,465,664,845,972,729,787,858,756,463,154,21,2252
2019,2019-01-01,45441,454419,宮崎県,西臼杵郡高千穂町,12364,436,492,505,485,311,375,476,585,624,577,588,837,1088,1265,892,796,838,723,363,93,15,2032,5946,228,254,258,228,163,193,241,311,323,288,314,438,552,648,460,314,342,281,96,13,1,733,6418,208,238,247,257,148,182,235,274,301,289,274,399,536,617,432,482,496,442,267,80,14,1299
2019,2019-01-01,45442,454427,宮崎県,西臼杵郡日之影町,4036,116,130,150,149,118,97,143,151,161,161,211,295,376,382,320,302,318,253,160,38,5,774,1934,57,66,70,81,67,51,74,70,86,87,113,156,202,212,150,125,126,90,45,5,1,267,2102,59,64,80,68,51,46,69,81,75,74,98,139,174,170,170,177,192,163,115,33,4,507
2019,2019-01-01,45443,454435,宮崎県,西臼杵郡五ヶ瀬町,3893,116,136,214,291,99,82,123,167,168,166,194,251,314,373,269,245,280,230,119,52,4,685,1901,57,72,111,152,57,44,67,87,82,81,101,125,179,188,142,117,110,79,38,11,1,239,1992,59,64,103,139,42,38,56,80,86,85,93,126,135,185,127,128,170,151,81,41,3,446
2019,2019-01-01,46000,460001,鹿児島県,,1633098,68185,75720,76124,76265,62955,66509,82107,93724,100707,99122,96091,106086,122729,134584,103084,88397,78647,60303,30950,9272,1537,180709,771549,34995,38871,39199,38660,31083,32252,39951,45749,49512,48166,46321,51450,60527,66832,49204,38169,31193,20070,7688,1477,180,60608,861549,33190,36849,36925,37605,31872,34257,42156,47975,51195,50956,49770,54636,62202,67752,53880,50228,47454,40233,23262,7795,1357,120101
2019,2019-01-01,46201,462012,鹿児島県,鹿児島市,601641,26616,28667,28766,29578,28122,28958,34012,38363,42327,41187,36969,37572,41256,45119,35497,28635,22552,16336,8319,2383,407,49997,280080,13681,14786,14693,14783,13255,13298,15963,18274,20322,19457,17224,17383,19793,21501,16551,12395,8894,5290,2096,397,44,16721,321561,12935,13881,14073,14795,14867,15660,18049,20089,22005,21730,19745,20189,21463,23618,18946,16240,13658,11046,6223,1986,363,33276
2019,2019-01-01,46203,462039,鹿児島県,鹿屋市,103109,5150,5494,5334,4761,4123,4552,5561,6303,6404,5990,5870,6704,7330,7827,5812,5074,5100,3564,1598,480,78,10820,49386,2613,2784,2740,2415,2195,2284,2711,3176,3150,2865,2834,3266,3611,3898,2808,2120,2088,1327,400,91,10,3916,53723,2537,2710,2594,2346,1928,2268,2850,3127,3254,3125,3036,3438,3719,3929,3004,2954,3012,2237,1198,389,68,6904
2019,2019-01-01,46204,462047,鹿児島県,枕崎市,21062,644,762,810,926,625,623,826,927,1065,1151,1320,1372,1788,2189,1672,1463,1315,951,451,161,21,2899,9784,347,369,412,507,334,325,403,478,495,565,663,620,873,1078,797,598,504,308,88,19,1,920,11278,297,393,398,419,291,298,423,449,570,586,657,752,915,1111,875,865,811,643,363,142,20,1979
2019,2019-01-01,46206,462063,鹿児島県,阿久根市,20460,629,737,771,818,650,662,758,857,972,1092,1263,1429,1664,1830,1507,1525,1429,1154,548,144,21,3296,9692,326,387,416,420,337,356,404,420,472,549,638,720,847,919,744,650,559,384,125,16,3,1087,10768,303,350,355,398,313,306,354,437,500,543,625,709,817,911,763,875,870,770,423,128,18,2209
2019,2019-01-01,46208,462080,鹿児島県,出水市,53033,2232,2507,2468,2641,1865,2059,2547,3012,3159,3199,3163,3293,3848,4574,3551,2921,2722,1962,998,272,40,5994,25096,1142,1302,1301,1274,945,1053,1257,1504,1556,1600,1515,1605,1817,2212,1714,1259,1083,654,254,44,5,2040,27937,1090,1205,1167,1367,920,1006,1290,1508,1603,1599,1648,1688,2031,2362,1837,1662,1639,1308,744,228,35,3954
2019,2019-01-01,46210,462101,鹿児島県,指宿市,40613,1438,1678,1712,1640,1290,1377,1739,2111,2154,2011,2070,2672,3433,4030,3033,2654,2328,1915,1010,277,41,5571,18872,715,881,890,775,625,670,830,1034,1082,950,973,1308,1710,2007,1388,1189,913,623,257,50,2,1845,21741,723,797,822,865,665,707,909,1077,1072,1061,1097,1364,1723,2023,1645,1465,1415,1292,753,227,39,3726
2019,2019-01-01,46213,462136,鹿児島県,西之表市,15351,573,663,696,580,347,447,616,770,869,867,981,1059,1268,1421,1052,1003,1014,685,331,95,14,2139,7314,294,317,363,294,190,226,310,383,456,449,498,543,629,736,497,399,389,234,95,11,1,730,8037,279,346,333,286,157,221,306,387,413,418,483,516,639,685,555,604,625,451,236,84,13,1409
2019,2019-01-01,46214,462144,鹿児島県,垂水市,14684,411,492,494,471,397,437,547,664,694,695,801,1072,1388,1507,1160,1026,998,806,470,133,21,2428,6903,208,251,256,240,194,236,272,336,372,359,381,529,709,792,547,438,385,269,108,18,3,783,7781,203,241,238,231,203,201,275,328,322,336,420,543,679,715,613,588,613,537,362,115,18,1645
2019,2019-01-01,46215,462152,鹿児島県,薩摩川内市,95001,4135,4610,4607,4539,3639,4065,4842,5359,5554,5522,5424,6093,6761,7715,5977,5072,4498,3773,2016,686,114,11087,45765,2135,2392,2315,2428,1981,2090,2486,2659,2819,2733,2661,3017,3384,3926,2930,2226,1766,1218,461,123,15,3583,49236,2000,2218,2292,2111,1658,1975,2356,2700,2735,2789,2763,3076,3377,3789,3047,2846,2732,2555,1555,563,99,7504
2019,2019-01-01,46216,462161,鹿児島県,日置市,48432,1827,2108,2325,2588,1707,1650,2161,2497,2743,2678,2737,3221,3870,4293,3320,2790,2435,2042,1033,346,61,5917,22896,943,1096,1195,1373,832,808,1073,1166,1349,1249,1326,1569,1923,2166,1681,1196,962,669,270,43,7,1951,25536,884,1012,1130,1215,875,842,1088,1331,1394,1429,1411,1652,1947,2127,1639,1594,1473,1373,763,303,54,3966
2019,2019-01-01,46217,462179,鹿児島県,曽於市,35863,1115,1382,1371,1380,1051,1042,1512,1676,1686,1683,1925,2556,3298,3440,2464,2496,2609,1922,952,251,52,5786,16891,566,690,698,729,527,508,770,868,847,859,938,1251,1683,1784,1161,1032,1061,635,236,41,7,1980,18972,549,692,673,651,524,534,742,808,839,824,987,1305,1615,1656,1303,1464,1548,1287,716,210,45,3806
2019,2019-01-01,46218,462187,鹿児島県,霧島市,125177,5753,6268,6231,6833,5555,5746,6942,7559,8070,8024,7841,8230,8760,9210,6869,5709,5128,3821,1933,602,93,11577,60418,2928,3211,3275,3667,2829,2894,3435,3753,3951,3928,3796,4053,4338,4630,3292,2506,2047,1299,497,80,9,3932,64759,2825,3057,2956,3166,2726,2852,3507,3806,4119,4096,4045,4177,4422,4580,3577,3203,3081,2522,1436,522,84,7645
2019,2019-01-01,46219,462195,鹿児島県,いちき串木野市,27890,873,1194,1180,1301,907,902,1124,1415,1591,1707,1686,1776,2149,2545,2127,1954,1553,1116,576,190,24,3459,13119,445,607,604,641,439,451,571,712,774,859,823,845,1038,1274,1011,868,632,366,133,24,2,1157,14771,428,587,576,660,468,451,553,703,817,848,863,931,1111,1271,1116,1086,921,750,443,166,22,2302
2019,2019-01-01,46220,462209,鹿児島県,南さつま市,34166,1174,1306,1334,1812,1033,1107,1338,1609,1602,1627,1848,2213,2911,3180,2502,2306,2104,1847,958,310,45,5264,15782,607,685,677,736,485,553,669,780,814,798,870,1106,1457,1673,1194,989,825,571,233,53,7,1689,18384,567,621,657,1076,548,554,669,829,788,829,978,1107,1454,1507,1308,1317,1279,1276,725,257,38,3575
2019,2019-01-01,46221,462217,鹿児島県,志布志市,31168,1320,1512,1422,1246,1001,1123,1484,1669,1613,1611,1768,2112,2526,2794,2050,1853,1939,1295,604,183,43,4064,14885,677,768,709,626,501,561,724,825,825,797,877,1054,1256,1459,1030,769,771,462,151,37,6,1427,16283,643,744,713,620,500,562,760,844,788,814,891,1058,1270,1335,1020,1084,1168,833,453,146,37,2637
2019,2019-01-01,46222,462225,鹿児島県,奄美市,43182,1797,2085,2099,1925,1115,1430,2062,2566,2718,2731,2696,3085,3619,3688,2678,2277,1921,1539,802,298,51,4611,20594,925,1056,1098,993,573,726,993,1229,1373,1358,1363,1568,1834,1789,1253,957,755,499,206,40,6,1506,22588,872,1029,1001,932,542,704,1069,1337,1345,1373,1333,1517,1785,1899,1425,1320,1166,1040,596,258,45,3105
2019,2019-01-01,46223,462233,鹿児島県,南九州市,35062,1193,1321,1405,1437,1037,1099,1498,1667,1753,1726,1861,2494,3041,3323,2355,2246,2296,1887,1052,317,54,5606,16395,613,669,697,719,505,591,771,852,868,846,920,1235,1519,1749,1110,943,912,599,226,45,6,1788,18667,580,652,708,718,532,508,727,815,885,880,941,1259,1522,1574,1245,1303,1384,1288,826,272,48,3818
2019,2019-01-01,46224,462241,鹿児島県,伊佐市,26010,906,985,981,977,746,833,1074,1188,1313,1397,1434,1616,2078,2449,1967,1809,1791,1465,770,197,34,4257,12099,481,532,496,470,420,416,527,600,656,711,693,801,997,1225,926,765,681,476,191,27,8,1383,13911,425,453,485,507,326,417,547,588,657,686,741,815,1081,1224,1041,1044,1110,989,579,170,26,2874
2019,2019-01-01,46225,462250,鹿児島県,姶良市,77069,3527,3842,3825,3798,2992,3153,3943,4564,5067,4752,4233,4576,5614,6277,5109,4129,3225,2533,1382,443,85,7668,36103,1815,1932,1962,1920,1383,1446,1921,2186,2461,2317,1975,2170,2669,3006,2479,1869,1327,836,350,71,8,2592,40966,1712,1910,1863,1878,1609,1707,2022,2378,2606,2435,2258,2406,2945,3271,2630,2260,1898,1697,1032,372,77,5076
2019,2019-01-01,46300,463001,鹿児島県,鹿児島郡,1053,63,76,87,17,22,32,55,69,64,55,56,68,71,86,49,56,56,43,19,8,1,127,540,31,43,49,12,9,15,29,30,36,28,30,39,49,48,26,25,19,16,6,0,0,41,513,32,33,38,5,13,17,26,39,28,27,26,29,22,38,23,31,37,27,13,8,1,86
2019,2019-01-01,46303,463035,鹿児島県,鹿児島郡三島村,371,19,28,37,4,7,13,22,27,29,20,17,17,21,24,16,19,21,17,9,3,1,51,185,12,15,21,1,4,6,11,13,17,8,11,14,13,9,8,6,9,4,3,0,0,16,186,7,13,16,3,3,7,11,14,12,12,6,3,8,15,8,13,12,13,6,3,1,35
2019,2019-01-01,46304,463043,鹿児島県,鹿児島郡十島村,682,44,48,50,13,15,19,33,42,35,35,39,51,50,62,33,37,35,26,10,5,0,76,355,19,28,28,11,5,9,18,17,19,20,19,25,36,39,18,19,10,12,3,0,0,25,327,25,20,22,2,10,10,15,25,16,15,20,26,14,23,15,18,25,14,7,5,0,51
2019,2019-01-01,46380,463809,鹿児島県,薩摩郡,21091,642,861,883,781,654,632,859,987,997,1055,1167,1448,1653,1968,1503,1395,1455,1252,700,169,30,3606,9920,325,435,472,413,353,339,433,476,522,536,597,724,819,986,733,586,563,428,144,29,7,1171,11171,317,426,411,368,301,293,426,511,475,519,570,724,834,982,770,809,892,824,556,140,23,2435
2019,2019-01-01,46392,463922,鹿児島県,薩摩郡さつま町,21091,642,861,883,781,654,632,859,987,997,1055,1167,1448,1653,1968,1503,1395,1455,1252,700,169,30,3606,9920,325,435,472,413,353,339,433,476,522,536,597,724,819,986,733,586,563,428,144,29,7,1171,11171,317,426,411,368,301,293,426,511,475,519,570,724,834,982,770,809,892,824,556,140,23,2435
2019,2019-01-01,46400,464007,鹿児島県,出水郡,10459,465,473,523,418,305,353,501,547,504,496,556,734,893,920,683,601,658,498,254,69,8,1487,5079,247,248,283,194,157,189,253,278,264,261,297,363,485,471,330,271,246,156,69,14,3,488,5380,218,225,240,224,148,164,248,269,240,235,259,371,408,449,353,330,412,342,185,55,5,999
2019,2019-01-01,46404,464040,鹿児島県,出水郡長島町,10459,465,473,523,418,305,353,501,547,504,496,556,734,893,920,683,601,658,498,254,69,8,1487,5079,247,248,283,194,157,189,253,278,264,261,297,363,485,471,330,271,246,156,69,14,3,488,5380,218,225,240,224,148,164,248,269,240,235,259,371,408,449,353,330,412,342,185,55,5,999
2019,2019-01-01,46440,464406,鹿児島県,姶良郡,9323,275,322,374,344,265,259,322,393,437,455,483,617,868,934,713,696,655,521,304,75,11,1566,4386,153,165,189,168,135,141,168,201,216,227,245,308,433,469,358,295,255,185,65,9,1,515,4937,122,157,185,176,130,118,154,192,221,228,238,309,435,465,355,401,400,336,239,66,10,1051
2019,2019-01-01,46452,464520,鹿児島県,姶良郡湧水町,9323,275,322,374,344,265,259,322,393,437,455,483,617,868,934,713,696,655,521,304,75,11,1566,4386,153,165,189,168,135,141,168,201,216,227,245,308,433,469,358,295,255,185,65,9,1,515,4937,122,157,185,176,130,118,154,192,221,228,238,309,435,465,355,401,400,336,239,66,10,1051
2019,2019-01-01,46460,464601,鹿児島県,曽於郡,12932,467,494,516,489,401,384,561,609,608,625,739,893,1201,1244,989,852,870,619,271,89,11,1860,6231,237,259,271,242,219,200,285,317,325,301,374,455,608,628,469,377,353,229,68,13,1,664,6701,230,235,245,247,182,184,276,292,283,324,365,438,593,616,520,475,517,390,203,76,10,1196
2019,2019-01-01,46468,464686,鹿児島県,曽於郡大崎町,12932,467,494,516,489,401,384,561,609,608,625,739,893,1201,1244,989,852,870,619,271,89,11,1860,6231,237,259,271,242,219,200,285,317,325,301,374,455,608,628,469,377,353,229,68,13,1,664,6701,230,235,245,247,182,184,276,292,283,324,365,438,593,616,520,475,517,390,203,76,10,1196
2019,2019-01-01,46480,464805,鹿児島県,肝属郡,36696,1093,1389,1529,1422,947,936,1274,1502,1606,1822,1974,2547,3189,3509,2570,2572,2918,2363,1185,310,39,6815,17608,564,717,851,760,475,486,664,774,834,937,991,1319,1667,1853,1257,1103,1155,814,338,46,3,2356,19088,529,672,678,662,472,450,610,728,772,885,983,1228,1522,1656,1313,1469,1763,1549,847,264,36,4459
2019,2019-01-01,46482,464821,鹿児島県,肝属郡東串良町,6562,252,304,335,263,179,174,305,341,313,355,320,458,531,562,455,408,435,341,175,48,8,1007,3125,134,160,192,123,87,91,158,172,160,183,153,224,266,293,221,170,172,102,56,6,2,338,3437,118,144,143,140,92,83,147,169,153,172,167,234,265,269,234,238,263,239,119,42,6,669
2019,2019-01-01,46490,464902,鹿児島県,肝属郡錦江町,7506,209,287,259,249,184,198,237,288,301,356,443,517,647,756,512,532,633,522,289,75,12,1531,3537,102,138,122,127,92,99,131,149,157,182,225,270,333,424,248,226,249,185,66,11,1,512,3969,107,149,137,122,92,99,106,139,144,174,218,247,314,332,264,306,384,337,223,64,11,1019
2019,2019-01-01,46491,464911,鹿児島県,肝属郡南大隅町,7245,140,223,254,214,151,166,182,244,259,334,403,532,685,728,524,581,669,599,287,64,6,1625,3478,71,122,130,106,85,92,102,136,120,182,216,283,386,379,257,253,269,188,93,8,0,558,3767,69,101,124,108,66,74,80,108,139,152,187,249,299,349,267,328,400,411,194,56,6,1067
2019,2019-01-01,46492,464929,鹿児島県,肝属郡肝付町,15383,492,575,681,696,433,398,550,629,733,777,808,1040,1326,1463,1079,1051,1181,901,434,123,13,2652,7468,257,297,407,404,211,204,273,317,397,390,397,542,682,757,531,454,465,339,123,21,0,948,7915,235,278,274,292,222,194,277,312,336,387,411,498,644,706,548,597,716,562,311,102,13,1704
2019,2019-01-01,46500,465003,鹿児島県,熊毛郡,26197,1042,1221,1192,939,663,738,1061,1363,1530,1461,1607,1834,2261,2403,1696,1689,1578,1178,554,160,27,3497,12794,533,610,625,475,372,402,527,685,783,769,849,998,1176,1275,814,708,614,401,148,29,1,1193,13403,509,611,567,464,291,336,534,678,747,692,758,836,1085,1128,882,981,964,777,406,131,26,2304
2019,2019-01-01,46501,465011,鹿児島県,熊毛郡中種子町,8010,299,344,336,315,197,205,326,398,415,393,495,586,692,666,510,582,575,420,197,47,12,1251,3812,153,165,177,164,95,121,162,204,220,207,243,319,330,363,234,218,224,153,52,7,1,437,4198,146,179,159,151,102,84,164,194,195,186,252,267,362,303,276,364,351,267,145,40,11,814
2019,2019-01-01,46502,465020,鹿児島県,熊毛郡南種子町,5697,209,272,259,190,173,148,197,303,333,307,340,482,497,477,340,366,374,270,121,34,5,804,2824,118,142,134,99,106,83,100,156,165,168,167,280,264,259,151,133,152,102,37,8,0,299,2873,91,130,125,91,67,65,97,147,168,139,173,202,233,218,189,233,222,168,84,26,5,505
2019,2019-01-01,46505,465054,鹿児島県,熊毛郡屋久島町,12490,534,605,597,434,293,385,538,662,782,761,772,766,1072,1260,846,741,629,488,236,79,10,1442,6158,262,303,314,212,171,198,265,325,398,394,439,399,582,653,429,357,238,146,59,14,0,457,6332,272,302,283,222,122,187,273,337,384,367,333,367,490,607,417,384,391,342,177,65,10,985
2019,2019-01-01,46520,465208,鹿児島県,大島郡,66374,2825,3271,3189,2604,1496,1910,2888,3478,3607,3503,3619,4800,5991,6109,4179,3594,3500,3216,1860,624,111,9311,32917,1444,1679,1662,1386,813,988,1502,1753,1890,1858,1970,2601,3203,3278,2104,1636,1434,1122,473,107,14,3150,33457,1381,1592,1527,1218,683,922,1386,1725,1717,1645,1649,2199,2788,2831,2075,1958,2066,2094,1387,517,97,6161
2019,2019-01-01,46523,465232,鹿児島県,大島郡大和村,1490,53,49,54,50,39,43,49,64,71,82,101,105,126,134,110,99,127,78,40,16,0,261,729,28,35,24,25,22,18,30,34,37,47,58,51,68,76,46,42,58,21,8,1,0,88,761,25,14,30,25,17,25,19,30,34,35,43,54,58,58,64,57,69,57,32,15,0,173
2019,2019-01-01,46524,465241,鹿児島県,大島郡宇検村,1747,65,73,62,43,25,40,65,83,79,102,92,121,172,197,135,101,119,97,62,12,2,292,847,27,43,29,24,15,19,37,46,37,47,46,63,92,99,72,54,51,30,12,3,1,97,900,38,30,33,19,10,21,28,37,42,55,46,58,80,98,63,47,68,67,50,9,1,195
2019,2019-01-01,46525,465259,鹿児島県,大島郡瀬戸内町,8817,318,373,352,262,218,288,372,412,483,489,486,668,863,810,573,482,472,461,333,85,17,1368,4262,160,191,179,146,110,151,189,210,257,245,256,353,455,431,284,219,164,154,83,20,5,426,4555,158,182,173,116,108,137,183,202,226,244,230,315,408,379,289,263,308,307,250,65,12,942
2019,2019-01-01,46527,465275,鹿児島県,大島郡龍郷町,6011,287,320,303,259,147,178,269,359,363,322,334,454,443,522,364,352,257,245,155,71,7,735,2902,154,165,152,126,82,86,129,177,173,160,161,232,236,268,177,166,112,97,39,10,0,258,3109,133,155,151,133,65,92,140,182,190,162,173,222,207,254,187,186,145,148,116,61,7,477
2019,2019-01-01,46529,465291,鹿児島県,大島郡喜界町,7054,263,300,320,280,147,187,276,329,343,402,390,455,626,729,541,457,380,376,198,50,5,1009,3496,130,151,182,149,88,92,157,172,179,218,218,229,331,391,273,198,155,127,47,8,1,338,3558,133,149,138,131,59,95,119,157,164,184,172,226,295,338,268,259,225,249,151,42,4,671
2019,2019-01-01,46530,465305,鹿児島県,大島郡徳之島町,10808,518,573,550,506,302,345,500,576,662,583,588,813,945,890,628,530,463,455,283,84,14,1299,5357,263,304,289,271,161,175,236,269,350,320,324,427,510,474,331,228,174,150,81,18,2,425,5451,255,269,261,235,141,170,264,307,312,263,264,386,435,416,297,302,289,305,202,66,12,874
2019,2019-01-01,46531,465313,鹿児島県,大島郡天城町,6005,254,276,282,288,159,147,244,309,286,330,343,456,576,518,362,309,338,293,157,68,10,866,3095,129,145,162,159,86,77,147,153,157,176,195,274,317,291,177,135,151,106,45,13,0,315,2910,125,131,120,129,73,70,97,156,129,154,148,182,259,227,185,174,187,187,112,55,10,551
2019,2019-01-01,46532,465321,鹿児島県,大島郡伊仙町,6706,283,396,363,258,137,185,298,321,303,279,343,544,608,597,363,356,423,383,192,54,20,1072,3411,145,195,182,146,70,94,167,161,164,160,202,304,337,337,193,163,178,149,56,6,2,391,3295,138,201,181,112,67,91,131,160,139,119,141,240,271,260,170,193,245,234,136,48,18,681
2019,2019-01-01,46533,465330,鹿児島県,大島郡和泊町,6525,308,344,328,251,118,189,294,390,369,336,347,398,585,657,399,322,322,302,179,76,11,890,3251,174,168,176,129,66,102,147,212,194,186,188,223,309,348,198,151,121,106,38,14,1,280,3274,134,176,152,122,52,87,147,178,175,150,159,175,276,309,201,171,201,196,141,62,10,610
2019,2019-01-01,46534,465348,鹿児島県,大島郡知名町,5955,262,289,304,210,130,163,294,318,338,291,302,379,561,594,408,302,344,279,125,53,9,810,3011,134,137,156,116,77,94,148,171,179,163,159,207,295,325,216,141,150,104,30,8,1,293,2944,128,152,148,94,53,69,146,147,159,128,143,172,266,269,192,161,194,175,95,45,8,517
2019,2019-01-01,46535,465356,鹿児島県,大島郡与論町,5256,214,278,271,197,74,145,227,317,310,287,293,407,486,461,296,284,255,247,136,55,16,709,2556,100,145,131,95,36,80,115,148,163,136,163,238,253,238,137,139,120,78,34,6,1,239,2700,114,133,140,102,38,65,112,169,147,151,130,169,233,223,159,145,135,169,102,49,15,470
2019,2019-01-01,47000,470007,沖縄県,,1458686,81716,85866,83019,82140,73874,75009,89399,94534,103944,103544,89519,89678,93204,97880,60574,55471,47832,30833,14411,5124,1115,99315,718411,41912,43577,42470,42246,37493,37596,44388,46747,52262,52211,44856,45162,47179,49471,29449,25512,20141,11051,3646,914,128,35880,740275,39804,42289,40549,39894,36381,37413,45011,47787,51682,51333,44663,44516,46025,48409,31125,29959,27691,19782,10765,4210,987,63435
2019,2019-01-01,47201,472018,沖縄県,那覇市,317609,15353,16818,16684,16925,15853,16089,19041,20546,23054,24650,21303,19717,19245,21761,13871,13214,11745,7321,3243,984,192,23485,153685,7868,8529,8534,8603,8019,8194,9589,10157,11450,12398,10481,9750,9333,10568,6306,5599,4789,2502,823,174,19,8307,163924,7485,8289,8150,8322,7834,7895,9452,10389,11604,12252,10822,9967,9912,11193,7565,7615,6956,4819,2420,810,173,15178
2019,2019-01-01,47205,472051,沖縄県,宜野湾市,97290,5844,5895,5525,5580,5685,5472,6398,6670,7361,7479,6069,5463,5465,5709,3674,3419,2936,1625,738,238,45,5582,47171,2956,2966,2780,2888,2946,2692,3087,3284,3633,3633,2975,2693,2679,2726,1690,1542,1211,563,181,41,5,2001,50119,2888,2929,2745,2692,2739,2780,3311,3386,3728,3846,3094,2770,2786,2983,1984,1877,1725,1062,557,197,40,3581
2019,2019-01-01,47207,472077,沖縄県,石垣市,49046,2905,2978,2831,2339,1716,2347,3222,3686,3635,3242,2980,3255,3588,3454,1941,1707,1487,980,530,188,35,3220,24594,1454,1475,1440,1245,863,1193,1605,1804,1839,1686,1599,1689,1909,1814,978,833,627,351,146,39,5,1168,24452,1451,1503,1391,1094,853,1154,1617,1882,1796,1556,1381,1566,1679,1640,963,874,860,629,384,149,30,2052
2019,2019-01-01,47208,472085,沖縄県,浦添市,113429,6385,6818,6910,6959,5933,6086,7110,7347,8474,8744,7556,6920,6449,6852,4460,4204,3284,1847,786,258,47,6222,55156,3246,3465,3534,3531,3000,3018,3515,3583,4189,4283,3674,3359,3135,3278,2137,1898,1376,677,199,54,5,2311,58273,3139,3353,3376,3428,2933,3068,3595,3764,4285,4461,3882,3561,3314,3574,2323,2306,1908,1170,587,204,42,3911
2019,2019-01-01,47209,472093,沖縄県,名護市,62602,3600,3714,3448,4053,3488,3244,3896,4022,4350,3897,3500,3778,4082,4355,2599,2355,1888,1262,710,297,64,4221,31282,1838,1884,1837,2233,1772,1622,1919,1963,2206,2015,1748,1912,2104,2221,1316,1132,829,479,184,58,10,1560,31320,1762,1830,1611,1820,1716,1622,1977,2059,2144,1882,1752,1866,1978,2134,1283,1223,1059,783,526,239,54,2661
2019,2019-01-01,47210,472107,沖縄県,糸満市,61095,3840,3914,3518,3358,3041,3329,4070,4170,4120,3833,3414,3817,4156,4270,2380,2132,1859,1162,508,173,31,3733,30819,1952,2000,1800,1727,1551,1650,2033,2153,2231,1995,1763,1948,2123,2215,1268,1008,827,429,123,19,4,1402,30276,1888,1914,1718,1631,1490,1679,2037,2017,1889,1838,1651,1869,2033,2055,1112,1124,1032,733,385,154,27,2331
2019,2019-01-01,47211,472115,沖縄県,沖縄市,140612,8144,8437,8487,8648,7703,7864,8556,8825,10254,10411,8841,8374,8208,8729,5481,4934,4377,2767,1097,380,95,8716,68010,4214,4241,4316,4411,3835,3869,4114,4313,5039,5131,4319,4074,4004,4283,2616,2142,1760,999,255,60,15,3089,72602,3930,4196,4171,4237,3868,3995,4442,4512,5215,5280,4522,4300,4204,4446,2865,2792,2617,1768,842,320,80,5627
2019,2019-01-01,47212,472123,沖縄県,豊見城市,64128,4313,4478,4065,3710,3141,3341,4322,4660,5050,4626,3778,3440,3600,3871,2472,2160,1613,956,366,128,38,3101,31556,2231,2254,2072,1917,1546,1616,2192,2255,2505,2349,1879,1681,1787,1925,1159,1056,684,327,92,25,4,1132,32572,2082,2224,1993,1793,1595,1725,2130,2405,2545,2277,1899,1759,1813,1946,1313,1104,929,629,274,103,34,1969
2019,2019-01-01,47213,472131,沖縄県,うるま市,122815,6825,7127,7248,7241,6690,6394,7330,7480,8625,8532,7212,7631,7994,8266,5320,4574,3966,2544,1232,476,108,8326,61529,3592,3625,3704,3728,3443,3264,3716,3799,4412,4355,3693,3918,4148,4313,2694,2187,1636,910,297,84,11,2938,61286,3233,3502,3544,3513,3247,3130,3614,3681,4213,4177,3519,3713,3846,3953,2626,2387,2330,1634,935,392,97,5388
2019,2019-01-01,47214,472140,沖縄県,宮古島市,54229,2867,2954,2794,2595,1957,2098,2869,3575,3516,3220,3142,3983,4677,4185,2482,2206,2124,1782,872,288,43,5109,27165,1480,1497,1418,1376,1011,1073,1474,1799,1862,1687,1643,2055,2442,2128,1270,1051,914,678,248,53,6,1899,27064,1387,1457,1376,1219,946,1025,1395,1776,1654,1533,1499,1928,2235,2057,1212,1155,1210,1104,624,235,37,3210
2019,2019-01-01,47215,472158,沖縄県,南城市,43733,2471,2574,2494,2322,2071,2102,2415,2628,2804,2740,2397,2716,3201,3310,1999,1962,1697,1035,533,206,56,3527,21995,1278,1292,1290,1178,1054,1090,1177,1332,1456,1438,1261,1430,1673,1762,996,969,759,390,130,37,3,1319,21738,1193,1282,1204,1144,1017,1012,1238,1296,1348,1302,1136,1286,1528,1548,1003,993,938,645,403,169,53,2208
2019,2019-01-01,47300,473006,沖縄県,国頭郡,64381,3126,3430,3348,3142,2787,2643,3255,3511,3878,3712,3505,4278,5263,5602,3344,2856,2641,2141,1242,533,144,6701,32756,1587,1726,1684,1658,1425,1386,1685,1783,2040,1987,1814,2386,2859,3216,1769,1420,1160,777,285,90,19,2331,31625,1539,1704,1664,1484,1362,1257,1570,1728,1838,1725,1691,1892,2404,2386,1575,1436,1481,1364,957,443,125,4370
2019,2019-01-01,47301,473014,沖縄県,国頭郡国頭村,4704,176,199,238,218,145,176,222,222,224,226,258,370,428,480,272,224,238,189,117,67,15,626,2419,93,100,111,113,75,109,111,110,116,131,140,203,235,296,142,113,105,75,30,9,2,221,2285,83,99,127,105,70,67,111,112,108,95,118,167,193,184,130,111,133,114,87,58,13,405
2019,2019-01-01,47302,473022,沖縄県,国頭郡大宜味村,3074,103,118,127,131,94,104,140,132,160,125,172,239,322,324,212,134,139,144,91,46,17,437,1610,50,55,57,73,46,61,75,69,92,74,82,134,179,211,131,72,61,52,25,10,1,149,1464,53,63,70,58,48,43,65,63,68,51,90,105,143,113,81,62,78,92,66,36,16,288
2019,2019-01-01,47303,473031,沖縄県,国頭郡東村,1801,77,63,83,68,64,60,81,81,102,107,90,140,186,202,91,79,94,76,43,10,4,227,986,38,36,45,37,37,33,44,50,62,55,50,88,98,125,52,40,48,33,12,2,1,96,815,39,27,38,31,27,27,37,31,40,52,40,52,88,77,39,39,46,43,31,8,3,131
2019,2019-01-01,47306,473065,沖縄県,国頭郡今帰仁村,9368,406,483,496,476,323,329,418,498,545,487,491,653,836,915,511,416,385,346,227,98,29,1085,4799,208,248,237,247,165,173,211,250,281,241,254,370,465,558,281,223,181,127,49,25,5,387,4569,198,235,259,229,158,156,207,248,264,246,237,283,371,357,230,193,204,219,178,73,24,698
2019,2019-01-01,47308,473081,沖縄県,国頭郡本部町,13121,582,687,615,565,526,601,664,741,747,647,711,926,1178,1254,713,571,488,465,284,122,34,1393,6672,280,354,318,287,252,309,339,379,395,349,377,506,627,737,390,295,209,165,80,18,6,478,6449,302,333,297,278,274,292,325,362,352,298,334,420,551,517,323,276,279,300,204,104,28,915
2019,2019-01-01,47311,473111,沖縄県,国頭郡恩納村,10246,479,527,542,534,627,462,553,591,682,734,613,650,716,801,463,391,361,276,161,66,17,881,5205,239,248,282,285,321,242,298,298,351,378,307,380,393,460,237,199,139,107,30,10,1,287,5041,240,279,260,249,306,220,255,293,331,356,306,270,323,341,226,192,222,169,131,56,16,594
2019,2019-01-01,47313,473138,沖縄県,国頭郡宜野座村,6034,371,435,401,339,304,268,342,378,416,408,260,310,392,425,297,244,185,140,76,38,5,444,3038,186,211,214,195,156,135,182,170,212,216,138,160,219,209,157,126,81,46,17,6,2,152,2996,185,224,187,144,148,133,160,208,204,192,122,150,173,216,140,118,104,94,59,32,3,292
2019,2019-01-01,47314,473146,沖縄県,国頭郡金武町,11466,712,706,656,607,553,507,612,651,746,754,678,623,717,795,568,551,484,310,160,61,15,1030,5701,381,364,313,318,293,252,315,334,391,418,344,347,361,409,271,242,208,105,26,8,1,348,5765,331,342,343,289,260,255,297,317,355,336,334,276,356,386,297,309,276,205,134,53,14,682
2019,2019-01-01,47315,473154,沖縄県,国頭郡伊江村,4567,220,212,190,204,151,136,223,217,256,224,232,367,488,406,217,246,267,195,83,25,8,578,2326,112,110,107,103,80,72,110,123,140,125,122,198,282,211,108,110,128,67,16,2,0,213,2241,108,102,83,101,71,64,113,94,116,99,110,169,206,195,109,136,139,128,67,23,8,365
2019,2019-01-01,47320,473201,沖縄県,中頭郡,155514,8620,9400,9221,9393,8682,8050,9175,9697,11102,11277,9514,9344,9977,10086,6146,5842,4899,3139,1287,538,125,9988,76447,4424,4878,4684,4802,4497,3990,4437,4702,5461,5524,4702,4674,5113,5110,2977,2750,2111,1177,332,93,9,3722,79067,4196,4522,4537,4591,4185,4060,4738,4995,5641,5753,4812,4670,4864,4976,3169,3092,2788,1962,955,445,116,6266
2019,2019-01-01,47324,473243,沖縄県,中頭郡読谷村,40800,2115,2531,2443,2524,2151,1972,2313,2504,2922,2982,2522,2537,2746,2698,1552,1560,1333,873,337,158,27,2728,20106,1073,1320,1234,1281,1113,969,1129,1205,1462,1505,1208,1272,1441,1364,750,752,573,341,80,33,1,1028,20694,1042,1211,1209,1243,1038,1003,1184,1299,1460,1477,1314,1265,1305,1334,802,808,760,532,257,125,26,1700
2019,2019-01-01,47325,473251,沖縄県,中頭郡嘉手納町,13584,765,771,812,816,699,711,730,747,932,897,821,854,883,874,530,562,558,403,153,49,17,1180,6600,371,391,431,439,355,344,340,370,455,460,414,427,444,457,245,244,225,146,35,6,1,413,6984,394,380,381,377,344,367,390,377,477,437,407,427,439,417,285,318,333,257,118,43,16,767
2019,2019-01-01,47326,473260,沖縄県,中頭郡北谷町,28369,1654,1764,1732,1770,1516,1471,1712,1852,2142,2185,1750,1620,1596,1759,1093,1055,891,525,203,62,17,1698,13623,862,933,883,900,783,719,787,854,1010,1001,845,769,785,893,513,474,361,195,44,11,1,612,14746,792,831,849,870,733,752,925,998,1132,1184,905,851,811,866,580,581,530,330,159,51,16,1086
2019,2019-01-01,47327,473278,沖縄県,中頭郡北中城村,16989,944,978,976,976,892,865,1000,1033,1257,1274,1073,996,1044,1063,721,674,596,387,148,73,19,1223,8189,494,485,493,498,413,408,492,482,610,606,542,487,549,537,342,303,253,149,30,15,1,448,8800,450,493,483,478,479,457,508,551,647,668,531,509,495,526,379,371,343,238,118,58,18,775
2019,2019-01-01,47328,473286,沖縄県,中頭郡中城村,21002,1367,1307,1209,1113,1243,1203,1403,1368,1555,1506,1235,1225,1315,1276,707,679,587,401,188,92,23,1291,10465,705,686,614,550,645,604,672,673,769,767,641,629,714,638,375,308,263,139,60,12,1,475,10537,662,621,595,563,598,599,731,695,786,739,594,596,601,638,332,371,324,262,128,80,22,816
2019,2019-01-01,47329,473294,沖縄県,中頭郡西原町,34770,1775,2049,2049,2194,2181,1828,2017,2193,2294,2433,2113,2112,2393,2416,1543,1312,934,550,258,104,22,1868,17464,919,1063,1029,1134,1188,946,1017,1118,1155,1185,1052,1090,1180,1221,752,669,436,207,83,16,4,746,17306,856,986,1020,1060,993,882,1000,1075,1139,1248,1061,1022,1213,1195,791,643,498,343,175,88,18,1122
2019,2019-01-01,47340,473405,沖縄県,島尻郡,105053,7043,6885,6084,5598,4915,5640,7266,7153,7203,6670,5902,6479,6753,6909,4102,3646,3086,2079,1152,403,85,6805,52435,3588,3515,3193,2799,2425,2781,3614,3523,3667,3437,3063,3288,3552,3607,2091,1781,1364,733,321,83,10,2511,52618,3455,3370,2891,2799,2490,2859,3652,3630,3536,3233,2839,3191,3201,3302,2011,1865,1722,1346,831,320,75,4294
2019,2019-01-01,47348,473481,沖縄県,島尻郡与那原町,19696,1345,1276,1182,1048,983,1150,1383,1446,1360,1347,1079,1126,1161,1246,783,703,516,321,173,54,14,1078,9616,701,662,612,511,460,576,704,687,680,682,539,535,563,631,362,313,228,109,47,12,2,398,10080,644,614,570,537,523,574,679,759,680,665,540,591,598,615,421,390,288,212,126,42,12,680
2019,2019-01-01,47350,473502,沖縄県,島尻郡南風原町,39172,2896,2734,2435,2219,1952,2243,2956,2795,2905,2642,2129,2146,2181,2359,1372,1240,978,589,272,102,27,1968,19245,1470,1382,1295,1096,945,1077,1405,1368,1476,1317,1060,1034,1115,1165,655,613,462,222,69,16,3,772,19927,1426,1352,1140,1123,1007,1166,1551,1427,1429,1325,1069,1112,1066,1194,717,627,516,367,203,86,24,1196
2019,2019-01-01,47353,473537,沖縄県,島尻郡渡嘉敷村,717,41,45,49,6,10,35,64,60,51,31,62,41,65,41,30,20,25,19,15,7,0,66,381,25,16,28,5,2,19,31,31,25,20,39,25,38,26,20,9,12,6,2,2,0,22,336,16,29,21,1,8,16,33,29,26,11,23,16,27,15,10,11,13,13,13,5,0,44
2019,2019-01-01,47354,473545,沖縄県,島尻郡座間味村,927,49,53,42,12,24,44,61,64,67,84,79,67,59,66,38,28,35,29,20,6,0,90,493,25,31,19,9,13,22,30,27,35,43,44,43,39,46,22,17,13,7,7,1,0,28,434,24,22,23,3,11,22,31,37,32,41,35,24,20,20,16,11,22,22,13,5,0,62
2019,2019-01-01,47355,473553,沖縄県,島尻郡粟国村,697,29,25,25,34,22,19,24,34,38,41,32,48,63,67,39,29,44,41,33,9,1,128,379,15,10,13,19,11,8,13,15,24,22,21,30,41,47,28,17,17,16,8,4,0,45,318,14,15,12,15,11,11,11,19,14,19,11,18,22,20,11,12,27,25,25,5,1,83
2019,2019-01-01,47356,473561,沖縄県,島尻郡渡名喜村,376,12,12,14,11,4,13,14,15,15,14,22,40,28,38,26,28,19,29,17,3,2,70,205,8,8,7,5,4,3,10,7,10,7,13,28,21,22,14,16,8,9,4,1,0,22,171,4,4,7,6,0,10,4,8,5,7,9,12,7,16,12,12,11,20,13,2,2,48
2019,2019-01-01,47357,473570,沖縄県,島尻郡南大東村,1219,68,81,63,47,28,51,77,82,52,77,76,119,110,76,43,65,47,33,19,4,1,104,688,36,38,33,23,17,28,41,44,33,48,48,81,71,47,19,40,16,15,7,2,1,41,531,32,43,30,24,11,23,36,38,19,29,28,38,39,29,24,25,31,18,12,2,0,63
2019,2019-01-01,47358,473588,沖縄県,島尻郡北大東村,587,52,28,32,27,13,37,30,39,29,31,53,52,44,43,20,19,21,14,3,0,0,38,334,31,17,14,17,7,23,15,22,16,18,30,30,29,30,13,10,9,3,0,0,0,12,253,21,11,18,10,6,14,15,17,13,13,23,22,15,13,7,9,12,11,3,0,0,26
2019,2019-01-01,47359,473596,沖縄県,島尻郡伊平屋村,1238,53,71,87,78,27,43,68,55,66,56,66,107,121,85,62,55,57,43,26,9,3,138,672,28,32,47,39,14,23,33,30,28,34,43,68,78,52,41,30,29,11,8,4,0,52,566,25,39,40,39,13,20,35,25,38,22,23,39,43,33,21,25,28,32,18,5,3,86
2019,2019-01-01,47360,473600,沖縄県,島尻郡伊是名村,1401,67,81,51,71,44,51,68,61,73,76,74,94,153,119,81,61,67,60,36,12,1,176,753,24,44,25,34,33,27,40,33,37,48,50,46,102,74,48,34,26,18,8,2,0,54,648,43,37,26,37,11,24,28,28,36,28,24,48,51,45,33,27,41,42,28,10,1,122
2019,2019-01-01,47361,473618,沖縄県,島尻郡久米島町,7830,349,384,378,416,283,305,461,402,431,428,459,603,659,649,405,313,315,292,215,69,14,905,4151,178,217,196,220,149,164,248,203,234,236,263,346,386,374,235,164,136,114,69,17,2,338,3679,171,167,182,196,134,141,213,199,197,192,196,257,273,275,170,149,179,178,146,52,12,567
2019,2019-01-01,47362,473626,沖縄県,島尻郡八重瀬町,31193,2082,2095,1726,1629,1525,1649,2060,2100,2116,1843,1771,2036,2109,2120,1203,1085,962,609,323,128,22,2044,15518,1047,1058,904,821,770,811,1044,1056,1069,962,913,1022,1069,1093,634,518,408,203,92,22,2,727,15675,1035,1037,822,808,755,838,1016,1044,1047,881,858,1014,1040,1027,569,567,554,406,231,106,20,1317
2019,2019-01-01,47370,473707,沖縄県,宮古郡,1155,37,69,58,92,41,21,46,54,65,63,76,97,96,89,74,67,48,35,18,9,0,110,626,21,43,23,50,22,11,25,32,29,41,41,65,57,51,40,40,21,10,4,0,0,35,529,16,26,35,42,19,10,21,22,36,22,35,32,39,38,34,27,27,25,14,9,0,75
2019,2019-01-01,47375,473758,沖縄県,宮古郡多良間村,1155,37,69,58,92,41,21,46,54,65,63,76,97,96,89,74,67,48,35,18,9,0,110,626,21,43,23,50,22,11,25,32,29,41,41,65,57,51,40,40,21,10,4,0,0,35,529,16,26,35,42,19,10,21,22,36,22,35,32,39,38,34,27,27,25,14,9,0,75
2019,2019-01-01,47380,473804,沖縄県,八重山郡,5995,343,375,304,185,171,289,428,510,453,448,330,386,450,432,229,193,182,158,97,25,7,469,3185,183,187,161,100,84,147,206,265,243,252,201,240,261,254,142,104,73,49,26,4,3,155,2810,160,188,143,85,87,142,222,245,210,196,129,146,189,178,87,89,109,109,71,21,4,314
2019,2019-01-01,47381,473812,沖縄県,八重山郡竹富町,4289,252,263,210,126,126,219,311,369,319,296,240,271,325,302,158,138,135,114,88,20,7,364,2242,139,131,113,71,58,107,140,182,162,156,146,170,189,183,103,75,55,33,22,4,3,117,2047,113,132,97,55,68,112,171,187,157,140,94,101,136,119,55,63,80,81,66,16,4,247
2019,2019-01-01,47382,473821,沖縄県,八重山郡与那国町,1706,91,112,94,59,45,70,117,141,134,152,90,115,125,130,71,55,47,44,9,5,0,105,943,44,56,48,29,26,40,66,83,81,96,55,70,72,71,39,29,18,16,4,0,0,38,763,47,56,46,30,19,30,51,58,53,56,35,45,53,59,32,26,29,28,5,5,0,67
