year,ref_date,muni_code,muni_code_6digit,pref,muni,pop_total,age_0_4,age_5_9,age_10_14,age_15_19,age_20_24,age_25_29,age_30_34,age_35_39,age_40_44,age_45_49,age_50_54,age_55_59,age_60_64,age_65_69,age_70_74,age_75_79,age_80_84,age_85_89,age_90_94,age_95_99,age_100p,age_80p,pop_m,age_0_4_m,age_5_9_m,age_10_14_m,age_15_19_m,age_20_24_m,age_25_29_m,age_30_34_m,age_35_39_m,age_40_44_m,age_45_49_m,age_50_54_m,age_55_59_m,age_60_64_m,age_65_69_m,age_70_74_m,age_75_79_m,age_80_84_m,age_85_89_m,age_90_94_m,age_95_99_m,age_100p_m,age_80p_m,pop_f,age_0_4_f,age_5_9_f,age_10_14_f,age_15_19_f,age_20_24_f,age_25_29_f,age_30_34_f,age_35_39_f,age_40_44_f,age_45_49_f,age_50_54_f,age_55_59_f,age_60_64_f,age_65_69_f,age_70_74_f,age_75_79_f,age_80_84_f,age_85_89_f,age_90_94_f,age_95_99_f,age_100p_f,age_80p_f
2015,2015-01-01,01000,010006,北海道,,5408756,193003,206839,225650,240022,242692,259942,297946,352809,394920,353096,346223,350355,432108,424678,348097,289837,229974,140638,61396,15863,2668,450539,2558545,98703,105807,114751,122730,122481,130302,148507,175663,195348,170567,167057,169313,205741,196067,153699,123393,92328,47564,15103,3015,406,158416,2850211,94300,101032,110899,117292,120211,129640,149439,177146,199572,182529,179166,181042,226367,228611,194398,166444,137646,93074,46293,12848,2262,292123
2015,2015-01-01,01100,011002,北海道,札幌市,1926287,72390,74061,77979,83877,97609,110308,123354,140126,155787,136918,127670,121843,144163,140141,108279,83363,66091,40048,17173,4350,757,128419,902802,37097,37705,39597,42359,47433,52884,59402,68118,75463,65032,60271,57646,68265,64632,48119,34780,25561,13318,4196,813,111,43999,1023485,35293,36356,38382,41518,50176,57424,63952,72008,80324,71886,67399,64197,75898,75509,60160,48583,40530,26730,12977,3537,646,84420
2015,2015-01-01,01101,011011,北海道,札幌市中央区,224928,8305,7721,8041,8269,12437,15962,16997,17824,19972,18116,15897,13532,14613,14013,10554,8522,7171,4512,1858,504,108,14153,101791,4274,3889,4058,4089,5553,7364,7880,8374,9213,8305,7298,6370,6750,6244,4346,3258,2540,1432,454,87,13,4526,123137,4031,3832,3983,4180,6884,8598,9117,9450,10759,9811,8599,7162,7863,7769,6208,5264,4631,3080,1404,417,95,9627
2015,2015-01-01,01102,011029,北海道,札幌市北区,280033,10428,11582,12265,13067,15677,15207,16916,20127,22503,19367,17934,17333,21187,20424,15809,12038,9279,5606,2501,668,115,18169,132988,5380,5849,6271,6677,7985,7366,8241,9718,11158,9332,8676,8347,10148,9372,7106,5140,3642,1842,612,108,18,6222,147045,5048,5733,5994,6390,7692,7841,8675,10409,11345,10035,9258,8986,11039,11052,8703,6898,5637,3764,1889,560,97,11947
2015,2015-01-01,01103,011037,北海道,札幌市東区,257110,10493,10145,10537,11253,13065,15924,17655,19670,21766,18000,15954,15431,18543,18150,13977,10546,8202,4999,2133,572,95,16001,122337,5296,5093,5372,5775,6326,7774,8710,9810,10821,8713,7772,7491,8901,8412,6201,4383,3190,1637,532,115,13,5487,134773,5197,5052,5165,5478,6739,8150,8945,9860,10945,9287,8182,7940,9642,9738,7776,6163,5012,3362,1601,457,82,10514
2015,2015-01-01,01104,011045,北海道,札幌市白石区,209324,8669,7754,7785,8138,10477,13800,15493,17019,18153,15540,13812,12399,14293,13723,10934,8518,6803,3875,1650,412,77,12817,99898,4560,3948,3937,4104,5142,6767,7565,8497,8984,7682,6735,6010,6881,6499,4787,3470,2593,1283,363,81,10,4330,109426,4109,3806,3848,4034,5335,7033,7928,8522,9169,7858,7077,6389,7412,7224,6147,5048,4210,2592,1287,331,67,8487
2015,2015-01-01,01105,011053,北海道,札幌市豊平区,216931,8395,7765,7825,8653,11473,14529,15946,16919,18254,15851,14336,12851,14658,14410,11446,9280,7424,4509,1892,424,91,14340,101034,4311,4000,3947,4355,5482,6923,7599,8216,8844,7640,6703,6034,6782,6543,4946,3768,2872,1495,483,76,15,4941,115897,4084,3765,3878,4298,5991,7606,8347,8703,9410,8211,7633,6817,7876,7867,6500,5512,4552,3014,1409,348,76,9399
2015,2015-01-01,01106,011061,北海道,札幌市南区,141262,4239,4827,5489,6538,6820,6203,6747,8057,9145,8964,9598,9764,12171,12472,9856,7936,6386,3882,1679,425,64,12436,65819,2203,2444,2819,3290,3488,3131,3275,3863,4405,4177,4443,4497,5751,5726,4446,3367,2618,1370,415,84,7,4494,75443,2036,2383,2670,3248,3332,3072,3472,4194,4740,4787,5155,5267,6420,6746,5410,4569,3768,2512,1264,341,57,7942
2015,2015-01-01,01107,011070,北海道,札幌市西区,211711,8214,8087,8549,8914,9284,11269,13526,15489,17228,15225,13921,13391,16075,15592,12414,9629,7751,4621,1967,486,79,14904,98133,4180,4125,4337,4504,4372,5207,6408,7465,8265,7109,6546,6297,7577,7136,5455,4025,2974,1534,507,93,17,5125,113578,4034,3962,4212,4410,4912,6062,7118,8024,8963,8116,7375,7094,8498,8456,6959,5604,4777,3087,1460,393,62,9779
2015,2015-01-01,01108,011088,北海道,札幌市厚別区,129058,4159,4702,5435,6328,6180,6215,6558,7922,9586,9138,9031,9197,10730,10568,8250,6301,4655,2690,1089,279,45,8758,59469,2104,2439,2736,3154,2959,2947,3201,3821,4452,4144,4121,4090,5055,4723,3736,2690,1861,921,263,47,5,3097,69589,2055,2263,2699,3174,3221,3268,3357,4101,5134,4994,4910,5107,5675,5845,4514,3611,2794,1769,826,232,40,5661
2015,2015-01-01,01109,011096,北海道,札幌市手稲区,141009,5283,6031,6264,6682,6667,6487,7829,9622,10331,8731,9065,9731,12217,11841,8594,5994,4737,3082,1424,347,50,9640,66696,2677,3097,3204,3424,3401,3156,3835,4738,4993,4113,4167,4616,5739,5612,4021,2655,1779,1036,355,73,5,3248,74313,2606,2934,3060,3258,3266,3331,3994,4884,5338,4618,4898,5115,6478,6229,4573,3339,2958,2046,1069,274,45,6392
2015,2015-01-01,01110,011100,北海道,札幌市清田区,114921,4205,5447,5789,6035,5529,4712,5687,7477,8849,7986,8122,8214,9676,8948,6445,4599,3683,2272,980,233,33,7201,54637,2112,2821,2916,2987,2725,2249,2688,3616,4328,3817,3810,3894,4681,4365,3075,2024,1492,768,212,49,8,2529,60284,2093,2626,2873,3048,2804,2463,2999,3861,4521,4169,4312,4320,4995,4583,3370,2575,2191,1504,768,184,25,4672
2015,2015-01-01,01202,012025,北海道,函館市,270674,8535,9280,10324,11775,10945,11648,13615,16279,19107,17218,16759,18129,22912,23233,19333,16265,13023,7999,3340,829,126,25317,123546,4297,4772,5414,6186,5415,5776,6682,7933,9234,8033,7691,8328,10624,10425,8167,6473,4742,2469,721,149,15,8096,147128,4238,4508,4910,5589,5530,5872,6933,8346,9873,9185,9068,9801,12288,12808,11166,9792,8281,5530,2619,680,111,17221
2015,2015-01-01,01203,012033,北海道,小樽市,124553,3369,3787,4517,5079,4902,4512,5138,6664,8016,7524,7426,7797,10996,12095,10223,8503,7091,4415,1992,436,71,14005,56249,1702,1915,2282,2567,2450,2201,2560,3288,3901,3509,3435,3657,5060,5437,4350,3450,2655,1329,428,65,8,4485,68304,1667,1872,2235,2512,2452,2311,2578,3376,4115,4015,3991,4140,5936,6658,5873,5053,4436,3086,1564,371,63,9520
2015,2015-01-01,01204,012041,北海道,旭川市,346507,12245,13283,14385,14759,14345,15978,18494,22538,24479,21968,21237,22403,28074,29075,23918,19456,15272,9214,4149,1066,169,29870,161096,6213,6850,7300,7518,6879,7834,9145,11121,11764,10291,9882,10576,13090,13237,10481,8416,6196,3046,1023,207,27,10499,185411,6032,6433,7085,7241,7466,8144,9349,11417,12715,11677,11355,11827,14984,15838,13437,11040,9076,6168,3126,859,142,19371
2015,2015-01-01,01205,012050,北海道,室蘭市,89512,2863,3019,3577,3712,4228,3877,4247,4969,6101,5195,4861,5149,7429,7975,7495,6083,4587,2650,1156,299,40,8732,42897,1467,1558,1783,1949,2492,2152,2194,2561,3174,2575,2354,2608,3548,3610,3308,2599,1829,825,248,59,4,2965,46615,1396,1461,1794,1763,1736,1725,2053,2408,2927,2620,2507,2541,3881,4365,4187,3484,2758,1825,908,240,36,5767
2015,2015-01-01,01206,012068,北海道,釧路市,177921,6045,6878,7419,7728,7667,7858,9067,11404,12604,11178,11248,11926,15377,14618,12232,10332,7666,4282,1878,444,70,14340,83955,3103,3516,3693,3931,3870,3898,4469,5683,6259,5463,5434,5812,7208,6703,5398,4438,3167,1374,461,67,8,5077,93966,2942,3362,3726,3797,3797,3960,4598,5721,6345,5715,5814,6114,8169,7915,6834,5894,4499,2908,1417,377,62,9263
2015,2015-01-01,01207,012076,北海道,帯広市,168255,6839,6730,7151,7887,8328,8912,9803,11256,12440,11103,11081,10976,12781,12198,10055,8446,6473,3745,1556,421,74,12269,80341,3492,3467,3692,3936,4100,4545,4946,5574,6203,5394,5303,5414,6029,5612,4413,3597,2738,1372,404,95,15,4624,87914,3347,3263,3459,3951,4228,4367,4857,5682,6237,5709,5778,5562,6752,6586,5642,4849,3735,2373,1152,326,59,7645
2015,2015-01-01,01208,012084,北海道,北見市,121866,4305,4646,5153,5523,5204,5272,6413,8013,8674,7585,7860,7962,9955,9836,7955,6823,5506,3265,1415,425,76,10687,57917,2181,2408,2589,2838,2754,2692,3174,4104,4384,3620,3866,3886,4703,4460,3474,2964,2284,1103,349,73,11,3820,63949,2124,2238,2564,2685,2450,2580,3239,3909,4290,3965,3994,4076,5252,5376,4481,3859,3222,2162,1066,352,65,6867
2015,2015-01-01,01209,012092,北海道,夕張市,9409,147,192,208,283,244,219,291,374,451,471,524,627,888,907,924,1041,817,514,210,66,11,1618,4418,73,96,98,149,145,121,161,209,236,260,259,334,436,414,365,462,334,186,58,21,1,600,4991,74,96,110,134,99,98,130,165,215,211,265,293,452,493,559,579,483,328,152,45,10,1018
2015,2015-01-01,01210,012106,北海道,岩見沢市,85936,2767,3049,3484,3880,3650,3596,3959,4920,5757,5083,5617,6013,7257,7334,6012,5278,4349,2565,1061,268,37,8280,40331,1426,1553,1792,1962,1848,1806,1973,2498,2819,2406,2682,2880,3419,3456,2625,2217,1712,901,303,49,4,2969,45605,1341,1496,1692,1918,1802,1790,1986,2422,2938,2677,2935,3133,3838,3878,3387,3061,2637,1664,758,219,33,5311
2015,2015-01-01,01211,012114,北海道,網走市,37553,1490,1481,1625,1683,1996,1678,2027,2412,2599,2219,2450,2530,2991,2969,2323,1989,1530,995,433,111,22,3091,18478,768,768,844,916,1136,887,1051,1254,1372,1153,1256,1239,1426,1384,1059,867,643,305,121,26,3,1098,19075,722,713,781,767,860,791,976,1158,1227,1066,1194,1291,1565,1585,1264,1122,887,690,312,85,19,1993
2015,2015-01-01,01212,012122,北海道,留萌市,22867,779,817,801,892,765,926,1183,1346,1545,1431,1472,1531,1991,2003,1792,1493,1093,625,308,65,9,2100,10944,388,405,405,459,420,501,626,700,811,743,769,767,909,903,757,630,451,217,70,12,1,751,11923,391,412,396,433,345,425,557,646,734,688,703,764,1082,1100,1035,863,642,408,238,53,8,1349
2015,2015-01-01,01213,012131,北海道,苫小牧市,173632,7384,7650,7982,7894,7747,9022,10428,12334,13399,11034,10494,11149,14340,13210,10146,7977,5919,3629,1510,329,55,11442,84740,3828,3895,4071,4011,3943,4710,5452,6209,6924,5472,5245,5495,6998,6264,4710,3516,2322,1237,363,68,7,3997,88892,3556,3755,3911,3883,3804,4312,4976,6125,6475,5562,5249,5654,7342,6946,5436,4461,3597,2392,1147,261,48,7445
2015,2015-01-01,01214,012149,北海道,稚内市,36500,1402,1472,1535,1371,1361,1603,1967,2314,2667,2460,2455,2481,3132,2901,2459,2115,1548,834,323,90,10,2805,17915,730,769,763,700,717,863,1047,1218,1451,1265,1312,1233,1528,1342,1053,905,657,276,74,11,1,1019,18585,672,703,772,671,644,740,920,1096,1216,1195,1143,1248,1604,1559,1406,1210,891,558,249,79,9,1786
2015,2015-01-01,01215,012157,北海道,美唄市,23935,586,669,842,988,901,803,939,1209,1417,1423,1474,1619,2175,2177,1907,1773,1529,939,429,115,21,3033,11319,312,342,448,505,466,451,476,635,728,714,754,801,1050,999,833,732,610,331,110,17,5,1073,12616,274,327,394,483,435,352,463,574,689,709,720,818,1125,1178,1074,1041,919,608,319,98,16,1960
2015,2015-01-01,01216,012165,北海道,芦別市,15362,322,371,484,603,532,417,497,694,835,824,934,1011,1363,1539,1408,1329,1134,648,317,100,0,2199,7029,177,178,252,304,292,205,256,352,426,382,455,464,643,681,644,543,466,221,72,16,0,775,8333,145,193,232,299,240,212,241,342,409,442,479,547,720,858,764,786,668,427,245,84,0,1424
2015,2015-01-01,01217,012173,北海道,江別市,119822,3820,4542,5419,6546,6734,5030,5613,6913,8437,8150,8412,8571,9820,9310,7425,5914,4730,2807,1218,355,56,9166,56999,1999,2293,2698,3402,3470,2546,2822,3381,4131,3805,3958,4110,4741,4419,3384,2528,1915,983,326,75,13,3312,62823,1821,2249,2721,3144,3264,2484,2791,3532,4306,4345,4454,4461,5079,4891,4041,3386,2815,1824,892,280,43,5854
2015,2015-01-01,01218,012181,北海道,赤平市,11332,212,289,382,397,337,312,400,493,590,561,733,744,1049,1163,1057,1027,825,479,193,78,11,1586,5180,103,149,198,204,172,165,194,225,302,267,341,374,468,549,455,445,351,157,43,13,5,569,6152,109,140,184,193,165,147,206,268,288,294,392,370,581,614,602,582,474,322,150,65,6,1017
2015,2015-01-01,01219,012190,北海道,紋別市,23355,832,777,894,888,793,992,1167,1330,1494,1438,1575,1638,1964,2015,1732,1499,1230,708,321,53,15,2327,11065,445,388,480,459,430,513,622,690,776,708,793,815,935,907,731,583,505,225,52,6,2,790,12290,387,389,414,429,363,479,545,640,718,730,782,823,1029,1108,1001,916,725,483,269,47,13,1537
2015,2015-01-01,01220,012203,北海道,士別市,20637,597,736,845,910,669,695,895,1080,1260,1215,1282,1378,1727,1744,1600,1535,1232,764,346,107,20,2469,9751,315,400,398,484,368,374,471,550,623,577,628,679,823,772,692,654,555,271,89,24,4,943,10886,282,336,447,426,301,321,424,530,637,638,654,699,904,972,908,881,677,493,257,83,16,1526
2015,2015-01-01,01221,012211,北海道,名寄市,29031,1206,1165,1174,1239,1353,1443,1756,1876,1869,1675,1714,1733,2144,2257,1929,1723,1434,834,372,112,23,2775,14133,632,599,591,645,709,816,933,983,945,871,875,855,1025,1050,848,724,602,296,106,24,4,1032,14898,574,566,583,594,644,627,823,893,924,804,839,878,1119,1207,1081,999,832,538,266,88,19,1743
2015,2015-01-01,01222,012220,北海道,三笠市,9505,188,258,254,386,293,294,313,431,478,432,526,535,850,910,931,886,782,473,216,60,9,1540,4290,85,125,129,178,165,156,165,245,240,220,244,268,402,397,413,355,295,145,50,13,0,503,5215,103,133,125,208,128,138,148,186,238,212,282,267,448,513,518,531,487,328,166,47,9,1037
2015,2015-01-01,01223,012238,北海道,根室市,27793,946,1061,1193,1229,1122,1237,1355,1577,1855,1823,1900,1875,2365,2177,2022,1760,1194,719,295,79,9,2296,13364,488,575,609,628,626,677,723,832,959,908,936,925,1103,1002,829,739,491,239,59,16,0,805,14429,458,486,584,601,496,560,632,745,896,915,964,950,1262,1175,1193,1021,703,480,236,63,9,1491
2015,2015-01-01,01224,012246,北海道,千歳市,95112,4573,4552,4582,4947,5821,6101,6691,7183,7785,6544,5747,5193,6161,5891,4650,3731,2753,1454,581,154,18,4960,48381,2356,2318,2388,2663,3382,3331,3598,3668,4068,3496,2964,2596,3012,2815,2095,1714,1222,546,123,25,1,1917,46731,2217,2234,2194,2284,2439,2770,3093,3515,3717,3048,2783,2597,3149,3076,2555,2017,1531,908,458,129,17,3043
2015,2015-01-01,01225,012254,北海道,滝川市,41844,1440,1533,1678,1911,1733,1768,2007,2562,2817,2652,2647,2635,3463,3491,3028,2656,1989,1134,553,123,24,3823,19729,688,824,900,1001,854,881,1017,1298,1380,1322,1309,1278,1540,1635,1310,1117,843,378,125,23,6,1375,22115,752,709,778,910,879,887,990,1264,1437,1330,1338,1357,1923,1856,1718,1539,1146,756,428,100,18,2448
2015,2015-01-01,01226,012262,北海道,砂川市,18082,506,607,768,784,692,771,802,966,1119,994,1084,1181,1492,1568,1406,1312,1022,632,279,82,15,2030,8407,249,312,365,410,334,401,415,481,545,461,532,566,706,720,613,557,413,232,73,19,3,740,9675,257,295,403,374,358,370,387,485,574,533,552,615,786,848,793,755,609,400,206,63,12,1290
2015,2015-01-01,01227,012271,北海道,歌志内市,3823,46,78,112,112,105,87,147,169,186,177,232,266,391,382,391,318,305,191,99,28,1,624,1767,32,41,55,54,51,45,81,93,106,90,115,133,195,190,169,139,99,58,18,3,0,178,2056,14,37,57,58,54,42,66,76,80,87,117,133,196,192,222,179,206,133,81,25,1,446
2015,2015-01-01,01228,012289,北海道,深川市,22225,638,630,797,931,820,691,932,1154,1262,1331,1348,1478,1860,1993,1924,1678,1432,863,339,97,27,2758,10371,324,326,380,493,440,357,475,573,622,620,696,728,848,895,828,746,567,343,87,19,4,1020,11854,314,304,417,438,380,334,457,581,640,711,652,750,1012,1098,1096,932,865,520,252,78,23,1738
2015,2015-01-01,01229,012297,北海道,富良野市,23177,906,896,1066,1117,874,1012,1157,1440,1569,1510,1542,1537,1739,1733,1461,1420,1123,682,306,71,16,2198,10949,470,459,518,533,412,533,566,725,788,746,756,748,842,789,636,616,479,220,98,11,4,812,12228,436,437,548,584,462,479,591,715,781,764,786,789,897,944,825,804,644,462,208,60,12,1386
2015,2015-01-01,01230,012301,北海道,登別市,50462,1648,1924,2093,2346,2165,1992,2408,3072,3553,2957,2881,3006,4275,4514,3942,3177,2305,1408,614,158,24,4509,24073,845,1017,1073,1198,1150,1020,1218,1567,1799,1439,1367,1481,2033,2049,1795,1396,954,494,133,42,3,1626,26389,803,907,1020,1148,1015,972,1190,1505,1754,1518,1514,1525,2242,2465,2147,1781,1351,914,481,116,21,2883
2015,2015-01-01,01231,012319,北海道,恵庭市,68731,2696,3151,3411,3697,3568,3307,3817,4767,5185,4679,4340,4231,5167,4918,3893,3348,2415,1431,547,141,22,4556,33485,1346,1621,1711,1885,1857,1681,1884,2434,2594,2332,2130,2110,2511,2349,1745,1488,1065,575,129,30,8,1807,35246,1350,1530,1700,1812,1711,1626,1933,2333,2591,2347,2210,2121,2656,2569,2148,1860,1350,856,418,111,14,2749
2015,2015-01-01,01233,012335,北海道,伊達市,35712,1122,1403,1506,1565,1358,1264,1600,2148,2464,2136,2081,2190,3049,3062,2682,2398,1824,1154,552,138,16,3684,16702,573,700,807,773,702,648,790,1065,1216,996,1001,1020,1458,1417,1147,1037,778,399,135,33,7,1352,19010,549,703,699,792,656,616,810,1083,1248,1140,1080,1170,1591,1645,1535,1361,1046,755,417,105,9,2332
2015,2015-01-01,01234,012343,北海道,北広島市,59485,1878,2490,3035,2987,2590,2321,2717,3736,4593,4017,3830,4026,5101,5217,3981,2912,2033,1299,559,136,27,4054,28627,969,1249,1551,1557,1329,1135,1342,1865,2240,2004,1798,1944,2432,2418,1914,1374,852,473,152,27,2,1506,30858,909,1241,1484,1430,1261,1186,1375,1871,2353,2013,2032,2082,2669,2799,2067,1538,1181,826,407,109,25,2548
2015,2015-01-01,01235,012351,北海道,石狩市,59218,2008,2714,2930,2701,2284,2249,2963,4084,4350,3644,3364,3649,5425,5588,3927,2817,2155,1486,672,178,30,4521,28675,994,1399,1489,1375,1206,1114,1507,2041,2217,1875,1703,1755,2586,2694,1904,1260,869,497,159,26,5,1556,30543,1014,1315,1441,1326,1078,1135,1456,2043,2133,1769,1661,1894,2839,2894,2023,1557,1286,989,513,152,25,2965
2015,2015-01-01,01236,012360,北海道,北斗市,47867,1775,2241,2486,2493,1976,1924,2427,3272,3823,3431,3095,3067,3718,3442,2789,2294,1850,1163,472,114,15,3614,22601,946,1141,1233,1264,951,957,1218,1599,1887,1636,1503,1479,1816,1581,1235,973,673,395,105,9,0,1182,25266,829,1100,1253,1229,1025,967,1209,1673,1936,1795,1592,1588,1902,1861,1554,1321,1177,768,367,105,15,2432
2015,2015-01-01,01303,013030,北海道,石狩郡当別町,17212,332,552,749,1006,933,703,628,777,1082,1204,1426,1332,1465,1404,1176,944,719,471,249,54,6,1499,8331,166,281,386,487,484,373,334,406,531,564,724,696,737,657,541,429,299,163,65,7,1,535,8881,166,271,363,519,449,330,294,371,551,640,702,636,728,747,635,515,420,308,184,47,5,964
2015,2015-01-01,01304,013048,北海道,石狩郡新篠津村,3328,108,123,131,164,141,155,133,197,202,193,205,212,249,258,223,224,180,132,67,27,4,410,1587,51,71,65,89,72,72,68,95,106,111,104,107,127,125,87,97,76,44,17,2,1,140,1741,57,52,66,75,69,83,65,102,96,82,101,105,122,133,136,127,104,88,50,25,3,270
2015,2015-01-01,01331,013315,北海道,松前郡松前町,8227,149,179,236,296,181,196,253,372,484,456,473,591,823,870,772,742,567,377,166,37,7,1154,3914,71,102,115,153,100,101,142,205,269,256,264,293,414,397,323,311,235,123,35,5,0,398,4313,78,77,121,143,81,95,111,167,215,200,209,298,409,473,449,431,332,254,131,32,7,756
2015,2015-01-01,01332,013323,北海道,松前郡福島町,4634,90,108,156,153,118,131,153,193,238,243,262,384,509,457,418,400,316,197,87,16,5,621,2166,36,47,74,85,58,76,88,108,124,130,119,188,258,206,191,178,116,61,20,3,0,200,2468,54,61,82,68,60,55,65,85,114,113,143,196,251,251,227,222,200,136,67,13,5,421
2015,2015-01-01,01333,013331,北海道,上磯郡知内町,4795,162,179,192,196,164,178,237,242,257,265,299,364,457,410,352,302,282,150,81,24,2,539,2316,72,96,104,100,99,106,125,123,121,127,158,183,241,200,148,124,120,48,18,3,0,189,2479,90,83,88,96,65,72,112,119,136,138,141,181,216,210,204,178,162,102,63,21,2,350
2015,2015-01-01,01334,013340,北海道,上磯郡木古内町,4660,97,98,141,161,132,118,144,186,243,239,287,340,463,424,458,426,346,218,110,26,3,703,2175,43,50,73,84,80,70,82,89,124,124,155,164,233,189,193,179,150,64,26,3,0,243,2485,54,48,68,77,52,48,62,97,119,115,132,176,230,235,265,247,196,154,84,23,3,460
2015,2015-01-01,01337,013374,北海道,亀田郡七飯町,28764,1008,1174,1285,1374,1044,1061,1310,1738,2086,1780,1799,1943,2481,2430,1918,1588,1375,860,399,91,20,2745,13248,493,592,665,703,478,504,659,816,980,842,827,914,1183,1152,878,661,544,253,90,13,1,901,15516,515,582,620,671,566,557,651,922,1106,938,972,1029,1298,1278,1040,927,831,607,309,78,19,1844
2015,2015-01-01,01343,013439,北海道,茅部郡鹿部町,4179,132,137,156,176,157,178,177,193,251,264,247,296,364,450,397,273,173,101,44,12,1,331,2038,68,80,67,88,97,77,111,97,126,135,124,140,170,217,192,127,71,35,14,2,0,122,2141,64,57,89,88,60,101,66,96,125,129,123,156,194,233,205,146,102,66,30,10,1,209
2015,2015-01-01,01345,013455,北海道,茅部郡森町,16779,510,622,766,729,506,627,767,932,1088,1030,995,1112,1571,1512,1234,1024,844,583,252,69,6,1754,7955,252,319,397,388,281,345,393,463,581,496,491,561,747,690,541,441,340,173,47,9,0,569,8824,258,303,369,341,225,282,374,469,507,534,504,551,824,822,693,583,504,410,205,60,6,1185
2015,2015-01-01,01346,013463,北海道,二海郡八雲町,17775,659,673,746,696,711,765,956,1109,1161,1064,1166,1231,1537,1386,1126,946,857,613,272,81,20,1843,8670,333,360,389,355,384,418,520,597,609,533,591,641,728,667,515,387,344,196,77,21,5,643,9105,326,313,357,341,327,347,436,512,552,531,575,590,809,719,611,559,513,417,195,60,15,1200
2015,2015-01-01,01347,013471,北海道,山越郡長万部町,5916,171,163,199,371,233,197,241,262,266,264,387,399,496,469,413,495,456,284,122,26,2,890,2800,88,74,96,230,139,103,131,139,146,135,174,200,241,235,163,190,163,111,37,5,0,316,3116,83,89,103,141,94,94,110,123,120,129,213,199,255,234,250,305,293,173,85,21,2,574
2015,2015-01-01,01361,013617,北海道,檜山郡江差町,8459,256,284,343,312,285,338,396,520,649,478,520,626,692,659,601,576,467,284,130,40,3,924,4035,128,160,173,158,153,178,205,285,330,239,273,328,339,297,258,243,184,75,21,8,0,288,4424,128,124,170,154,132,160,191,235,319,239,247,298,353,362,343,333,283,209,109,32,3,636
2015,2015-01-01,01362,013625,北海道,檜山郡上ノ国町,5433,140,163,240,225,151,154,194,284,314,301,344,380,502,517,435,425,354,188,92,23,7,664,2554,74,74,127,114,81,82,95,149,159,152,170,181,261,244,173,184,145,62,25,2,0,234,2879,66,89,113,111,70,72,99,135,155,149,174,199,241,273,262,241,209,126,67,21,7,430
2015,2015-01-01,01363,013633,北海道,檜山郡厚沢部町,4250,141,137,175,128,117,146,182,216,236,211,275,306,380,347,318,337,305,185,80,23,5,598,2044,79,74,93,63,59,79,99,116,114,114,143,156,185,172,134,150,119,67,23,4,1,214,2206,62,63,82,65,58,67,83,100,122,97,132,150,195,175,184,187,186,118,57,19,4,384
2015,2015-01-01,01364,013641,北海道,爾志郡乙部町,4058,90,142,165,164,110,103,143,186,237,208,240,288,368,360,372,341,263,188,65,22,3,541,1874,50,67,79,79,57,54,76,100,121,102,114,137,188,155,154,165,102,57,13,4,0,176,2184,40,75,86,85,53,49,67,86,116,106,126,151,180,205,218,176,161,131,52,18,3,365
2015,2015-01-01,01367,013676,北海道,奥尻郡奥尻町,2933,84,83,97,103,114,156,134,159,152,164,171,217,274,235,209,231,172,118,46,12,2,350,1506,47,40,56,50,75,119,87,89,89,106,90,101,132,114,84,108,75,32,10,2,0,119,1427,37,43,41,53,39,37,47,70,63,58,81,116,142,121,125,123,97,86,36,10,2,231
2015,2015-01-01,01370,013706,北海道,瀬棚郡今金町,5728,180,176,228,251,160,201,238,319,337,286,378,374,494,477,426,392,370,262,136,38,5,811,2716,84,89,111,141,80,114,124,169,180,136,187,202,231,219,182,171,168,87,32,7,2,296,3012,96,87,117,110,80,87,114,150,157,150,191,172,263,258,244,221,202,175,104,31,3,515
2015,2015-01-01,01371,013714,北海道,久遠郡せたな町,8819,208,259,317,347,220,231,352,403,499,436,518,634,812,789,760,711,602,441,194,78,8,1323,4159,115,138,169,179,119,131,185,216,255,209,254,324,418,349,318,323,247,155,40,14,1,457,4660,93,121,148,168,101,100,167,187,244,227,264,310,394,440,442,388,355,286,154,64,7,866
2015,2015-01-01,01391,013919,北海道,島牧郡島牧村,1630,36,34,59,48,47,58,58,86,93,99,92,115,129,138,139,150,118,91,31,6,3,249,795,19,17,32,30,30,33,36,46,50,55,50,65,56,70,58,54,46,34,11,2,1,94,835,17,17,27,18,17,25,22,40,43,44,42,50,73,68,81,96,72,57,20,4,2,155
2015,2015-01-01,01392,013927,北海道,寿都郡寿都町,3221,104,90,118,125,86,118,174,185,185,157,176,229,284,275,261,214,197,154,67,20,2,440,1586,56,46,61,70,52,58,101,105,116,85,84,113,152,128,108,99,85,45,17,5,0,152,1635,48,44,57,55,34,60,73,80,69,72,92,116,132,147,153,115,112,109,50,15,2,288
2015,2015-01-01,01393,013935,北海道,寿都郡黒松内町,3093,95,120,147,153,128,128,134,150,178,167,199,199,226,193,214,187,216,162,72,22,3,475,1461,47,61,82,74,68,71,75,79,91,82,105,107,106,81,81,90,77,62,17,5,0,161,1632,48,59,65,79,60,57,59,71,87,85,94,92,120,112,133,97,139,100,55,17,3,314
2015,2015-01-01,01394,013943,北海道,磯谷郡蘭越町,5015,139,151,228,239,159,148,204,227,301,308,316,385,434,421,372,345,295,221,97,23,2,638,2397,65,81,113,124,98,71,108,118,140,165,146,197,224,184,165,161,131,73,30,3,0,237,2618,74,70,115,115,61,77,96,109,161,143,170,188,210,237,207,184,164,148,67,20,2,401
2015,2015-01-01,01395,013951,北海道,虻田郡ニセコ町,4802,260,205,198,221,128,171,254,364,417,328,317,287,375,341,248,256,222,138,57,12,3,432,2381,147,118,100,120,64,92,138,161,211,170,174,142,195,164,113,116,97,44,13,0,2,156,2421,113,87,98,101,64,79,116,203,206,158,143,145,180,177,135,140,125,94,44,12,1,276
2015,2015-01-01,01396,013960,北海道,虻田郡真狩村,2149,77,80,90,75,81,79,101,156,118,110,143,149,176,173,140,120,116,97,52,13,3,281,1052,43,41,42,40,43,48,52,81,65,61,76,78,93,79,68,51,43,33,12,2,1,91,1097,34,39,48,35,38,31,49,75,53,49,67,71,83,94,72,69,73,64,40,11,2,190
2015,2015-01-01,01397,013978,北海道,虻田郡留寿都村,1861,82,82,82,79,95,90,111,128,104,111,127,143,144,93,108,91,95,67,20,9,0,191,929,48,42,39,37,52,49,56,63,55,61,77,75,76,39,50,45,37,21,4,3,0,65,932,34,40,43,42,43,41,55,65,49,50,50,68,68,54,58,46,58,46,16,6,0,126
2015,2015-01-01,01398,013986,北海道,虻田郡喜茂別町,2327,66,74,77,56,84,86,125,131,141,152,137,139,167,205,203,165,149,103,49,16,2,319,1164,29,39,43,27,35,43,80,73,82,83,74,68,80,105,86,81,75,39,14,7,1,136,1163,37,35,34,29,49,43,45,58,59,69,63,71,87,100,117,84,74,64,35,9,1,183
2015,2015-01-01,01399,013994,北海道,虻田郡京極町,3205,120,137,152,121,109,107,141,213,233,194,175,197,261,233,205,200,199,142,49,14,3,407,1573,67,75,83,58,58,61,81,106,114,98,91,102,131,108,92,86,86,59,14,2,1,162,1632,53,62,69,63,51,46,60,107,119,96,84,95,130,125,113,114,113,83,35,12,2,245
2015,2015-01-01,01400,014001,北海道,虻田郡倶知安町,15059,790,701,682,606,581,715,1036,1173,1227,1008,920,956,1043,1059,827,675,542,340,138,33,7,1060,7448,397,346,352,304,322,368,530,605,648,550,479,499,486,518,363,294,232,110,38,7,0,387,7611,393,355,330,302,259,347,506,568,579,458,441,457,557,541,464,381,310,230,100,26,7,673
2015,2015-01-01,01401,014010,北海道,岩内郡共和町,6339,271,241,260,298,254,351,324,363,441,382,378,408,474,440,435,383,310,184,107,30,5,636,3187,133,117,127,155,172,238,169,191,236,200,194,215,238,215,188,179,117,59,36,6,2,220,3152,138,124,133,143,82,113,155,172,205,182,184,193,236,225,247,204,193,125,71,24,3,416
2015,2015-01-01,01402,014028,北海道,岩内郡岩内町,13736,438,430,571,586,544,534,607,723,938,873,929,857,1172,1133,1060,1024,684,418,167,43,5,1317,6455,217,225,281,323,280,299,314,362,496,419,482,419,569,486,429,429,263,127,29,6,0,425,7281,221,205,290,263,264,235,293,361,442,454,447,438,603,647,631,595,421,291,138,37,5,892
2015,2015-01-01,01403,014036,北海道,古宇郡泊村,1761,46,74,85,78,57,53,70,107,115,84,114,115,136,128,126,118,111,86,40,14,4,255,823,28,42,46,40,31,21,38,61,64,42,59,65,72,53,53,43,34,20,7,3,1,65,938,18,32,39,38,26,32,32,46,51,42,55,50,64,75,73,75,77,66,33,11,3,190
2015,2015-01-01,01404,014044,北海道,古宇郡神恵内村,946,21,31,34,18,24,26,40,49,48,60,58,66,97,81,63,62,81,57,25,5,0,168,451,7,15,19,11,15,18,24,21,26,33,27,35,51,40,30,18,33,25,3,0,0,61,495,14,16,15,7,9,8,16,28,22,27,31,31,46,41,33,44,48,32,22,5,0,107
2015,2015-01-01,01405,014052,北海道,積丹郡積丹町,2332,60,59,77,83,61,59,63,92,130,140,147,131,213,214,199,210,198,132,52,11,1,394,1102,42,28,38,51,37,32,35,47,63,80,80,60,91,111,76,77,86,51,12,4,1,154,1230,18,31,39,32,24,27,28,45,67,60,67,71,122,103,123,133,112,81,40,7,0,240
2015,2015-01-01,01406,014061,北海道,古平郡古平町,3397,85,94,83,97,109,104,137,153,199,224,204,240,292,287,307,289,259,147,71,15,1,493,1603,50,45,40,52,53,60,76,93,91,119,104,131,155,113,133,120,103,51,11,2,1,168,1794,35,49,43,45,56,44,61,60,108,105,100,109,137,174,174,169,156,96,60,13,0,325
2015,2015-01-01,01407,014079,北海道,余市郡仁木町,3501,106,114,133,146,127,123,121,172,175,194,211,230,332,334,281,256,214,150,61,17,4,446,1688,50,63,67,82,70,60,60,97,88,96,118,113,168,158,130,105,85,49,24,5,0,163,1813,56,51,66,64,57,63,61,75,87,98,93,117,164,176,151,151,129,101,37,12,4,283
2015,2015-01-01,01408,014087,北海道,余市郡余市町,20055,598,683,779,858,700,701,856,1083,1242,1155,1186,1348,1779,1849,1507,1455,1139,692,348,85,12,2276,9326,307,345,440,437,325,381,441,556,613,560,560,669,842,836,656,591,439,227,84,15,2,767,10729,291,338,339,421,375,320,415,527,629,595,626,679,937,1013,851,864,700,465,264,70,10,1509
2015,2015-01-01,01409,014095,北海道,余市郡赤井川村,1112,35,63,47,40,30,38,47,70,88,75,56,60,107,86,76,75,55,45,11,6,2,119,550,17,28,24,19,14,23,29,31,47,44,34,29,54,43,32,35,23,16,4,3,1,47,562,18,35,23,21,16,15,18,39,41,31,22,31,53,43,44,40,32,29,7,3,1,72
2015,2015-01-01,01423,014231,北海道,空知郡南幌町,8111,205,254,317,442,393,358,323,360,465,594,773,706,666,617,491,463,381,189,83,26,5,684,3866,101,138,161,229,195,171,164,194,221,283,369,355,326,287,228,191,167,65,18,3,0,253,4245,104,116,156,213,198,187,159,166,244,311,404,351,340,330,263,272,214,124,65,23,5,431
2015,2015-01-01,01424,014249,北海道,空知郡奈井江町,5841,136,173,237,261,184,176,203,310,372,315,388,380,497,501,507,439,358,248,113,34,9,762,2754,73,98,125,142,100,99,103,155,194,144,197,201,229,229,225,180,135,95,25,5,0,260,3087,63,75,112,119,84,77,100,155,178,171,191,179,268,272,282,259,223,153,88,29,9,502
2015,2015-01-01,01425,014257,北海道,空知郡上砂川町,3489,77,84,109,118,96,87,106,162,178,151,171,216,324,340,368,357,269,178,73,18,7,545,1582,38,37,52,50,48,46,53,87,93,78,85,112,168,164,150,143,108,51,12,7,0,178,1907,39,47,57,68,48,41,53,75,85,73,86,104,156,176,218,214,161,127,61,11,7,367
2015,2015-01-01,01427,014273,北海道,夕張郡由仁町,5613,162,169,229,226,195,190,202,306,320,300,370,371,503,461,442,445,346,232,116,25,3,722,2678,85,88,121,108,98,112,112,157,176,129,189,193,269,213,176,190,138,79,35,10,0,262,2935,77,81,108,118,97,78,90,149,144,171,181,178,234,248,266,255,208,153,81,15,3,460
2015,2015-01-01,01428,014281,北海道,夕張郡長沼町,11476,364,426,405,526,509,487,513,572,721,686,776,821,915,934,798,758,643,407,166,38,11,1265,5514,191,221,194,261,272,278,268,302,356,341,405,415,428,440,380,304,262,139,49,5,3,458,5962,173,205,211,265,237,209,245,270,365,345,371,406,487,494,418,454,381,268,117,33,8,807
2015,2015-01-01,01429,014290,北海道,夕張郡栗山町,12621,429,390,520,541,423,463,525,666,847,714,737,779,1086,1087,1032,892,737,457,216,63,17,1490,5887,200,186,270,257,220,215,275,345,421,368,352,391,519,502,442,394,303,161,48,14,4,530,6734,229,204,250,284,203,248,250,321,426,346,385,388,567,585,590,498,434,296,168,49,13,960
2015,2015-01-01,01430,014303,北海道,樺戸郡月形町,3572,84,92,99,141,174,152,155,185,212,192,217,253,299,268,253,255,242,174,90,31,4,541,1803,44,44,58,74,101,102,87,116,127,91,114,149,151,124,110,108,101,70,23,8,1,203,1769,40,48,41,67,73,50,68,69,85,101,103,104,148,144,143,147,141,104,67,23,3,338
2015,2015-01-01,01431,014311,北海道,樺戸郡浦臼町,2075,60,61,84,84,56,57,80,119,115,107,116,135,218,160,154,168,145,83,54,16,3,301,1001,27,37,48,46,29,37,52,56,65,49,56,67,111,75,77,67,55,30,15,2,0,102,1074,33,24,36,38,27,20,28,63,50,58,60,68,107,85,77,101,90,53,39,14,3,199
2015,2015-01-01,01432,014320,北海道,樺戸郡新十津川町,6923,198,262,328,303,197,232,244,330,441,443,449,453,561,610,518,536,412,250,121,30,5,818,3209,90,138,158,143,99,116,112,163,206,220,233,219,274,275,217,231,174,104,33,3,1,315,3714,108,124,170,160,98,116,132,167,235,223,216,234,287,335,301,305,238,146,88,27,4,503
2015,2015-01-01,01433,014338,北海道,雨竜郡妹背牛町,3240,81,97,107,133,83,91,112,153,148,178,185,220,303,317,278,280,241,148,63,18,4,474,1535,42,49,61,71,49,47,67,85,68,75,108,111,142,143,117,124,116,45,11,4,0,176,1705,39,48,46,62,34,44,45,68,80,103,77,109,161,174,161,156,125,103,52,14,4,298
2015,2015-01-01,01434,014346,北海道,雨竜郡秩父別町,2611,89,64,83,105,94,122,85,122,134,144,155,184,210,221,202,205,202,118,52,19,1,392,1231,42,27,45,56,43,66,50,60,71,68,74,100,107,98,97,80,91,38,13,5,0,147,1380,47,37,38,49,51,56,35,62,63,76,81,84,103,123,105,125,111,80,39,14,1,245
2015,2015-01-01,01436,014362,北海道,雨竜郡雨竜町,2681,84,72,116,154,101,74,109,139,162,143,167,162,237,212,193,212,163,100,55,22,4,344,1280,40,43,63,85,48,42,55,77,83,76,78,72,132,97,78,91,66,32,15,6,1,120,1401,44,29,53,69,53,32,54,62,79,67,89,90,105,115,115,121,97,68,40,16,3,224
2015,2015-01-01,01437,014371,北海道,雨竜郡北竜町,2040,46,62,67,93,74,59,78,88,96,121,103,156,152,171,199,150,151,113,44,13,4,325,979,24,25,35,50,41,35,39,49,47,62,51,80,79,77,93,67,65,46,11,3,0,125,1061,22,37,32,43,33,24,39,39,49,59,52,76,73,94,106,83,86,67,33,10,4,200
2015,2015-01-01,01438,014389,北海道,雨竜郡沼田町,3333,74,103,118,113,136,120,109,164,175,181,241,213,270,303,264,251,231,169,64,29,5,498,1574,29,58,50,68,73,65,62,85,85,91,126,109,127,145,114,113,96,64,12,2,0,174,1759,45,45,68,45,63,55,47,79,90,90,115,104,143,158,150,138,135,105,52,27,5,324
2015,2015-01-01,01452,014524,北海道,上川郡鷹栖町,7259,226,380,420,373,184,197,302,509,532,468,441,480,585,552,489,406,352,227,94,31,11,715,3434,120,198,208,187,75,91,152,239,274,226,213,237,292,255,223,176,153,88,21,6,0,268,3825,106,182,212,186,109,106,150,270,258,242,228,243,293,297,266,230,199,139,73,25,11,447
2015,2015-01-01,01453,014532,北海道,上川郡東神楽町,10221,471,527,616,576,411,401,552,665,823,716,699,662,693,657,546,462,380,228,103,27,6,744,4835,247,278,276,298,202,186,268,328,382,329,325,332,344,303,257,188,166,87,31,8,0,292,5386,224,249,340,278,209,215,284,337,441,387,374,330,349,354,289,274,214,141,72,19,6,452
2015,2015-01-01,01454,014541,北海道,上川郡当麻町,6827,188,228,302,291,205,219,243,327,400,387,421,452,549,619,517,547,448,310,141,28,5,932,3164,88,113,150,154,92,106,113,176,203,178,209,218,264,306,218,233,189,110,38,4,2,343,3663,100,115,152,137,113,113,130,151,197,209,212,234,285,313,299,314,259,200,103,24,3,589
2015,2015-01-01,01455,014559,北海道,上川郡比布町,3922,96,122,147,148,121,137,134,197,230,213,224,282,312,359,315,352,259,178,71,21,4,533,1847,38,59,76,69,61,72,69,98,122,94,104,151,154,174,153,144,116,65,23,5,0,209,2075,58,63,71,79,60,65,65,99,108,119,120,131,158,185,162,208,143,113,48,16,4,324
2015,2015-01-01,01456,014567,北海道,上川郡愛別町,3076,82,98,106,121,88,97,90,147,178,158,155,213,266,286,283,256,232,145,51,17,7,452,1470,50,49,56,65,43,49,39,79,95,79,87,105,132,134,124,116,100,47,14,4,3,168,1606,32,49,50,56,45,48,51,68,83,79,68,108,134,152,159,140,132,98,37,13,4,284
2015,2015-01-01,01457,014575,北海道,上川郡上川町,3978,101,122,158,146,150,143,173,175,201,201,215,256,339,358,318,399,283,150,68,19,3,523,1887,49,59,77,62,94,82,91,96,103,109,108,143,157,156,133,177,121,56,11,3,0,191,2091,52,63,81,84,56,61,82,79,98,92,107,113,182,202,185,222,162,94,57,16,3,332
2015,2015-01-01,01458,014583,北海道,上川郡東川町,7876,290,343,398,394,298,237,316,512,590,518,438,436,631,666,544,460,370,269,127,33,6,805,3693,151,175,181,188,144,106,146,261,297,257,218,218,300,310,238,215,146,101,35,6,0,288,4183,139,168,217,206,154,131,170,251,293,261,220,218,331,356,306,245,224,168,92,27,6,517
2015,2015-01-01,01459,014591,北海道,上川郡美瑛町,10560,338,356,453,451,361,324,472,556,682,647,667,663,839,844,813,764,675,410,180,58,7,1330,4971,171,171,222,252,172,164,233,270,346,311,332,325,415,394,358,327,294,142,58,11,3,508,5589,167,185,231,199,189,160,239,286,336,336,335,338,424,450,455,437,381,268,122,47,4,822
2015,2015-01-01,01460,014605,北海道,空知郡上富良野町,11237,452,470,536,522,494,581,646,739,698,729,638,665,809,857,704,689,538,313,123,31,3,1008,5652,252,235,264,269,303,346,363,405,350,379,341,330,387,411,301,309,260,103,40,3,1,407,5585,200,235,272,253,191,235,283,334,348,350,297,335,422,446,403,380,278,210,83,28,2,601
2015,2015-01-01,01461,014613,北海道,空知郡中富良野町,5261,198,244,243,259,171,171,220,334,298,321,345,353,408,399,332,390,307,163,80,23,2,575,2505,94,115,137,137,84,85,118,172,138,160,171,175,202,191,139,177,127,57,21,4,1,210,2756,104,129,106,122,87,86,102,162,160,161,174,178,206,208,193,213,180,106,59,19,1,365
2015,2015-01-01,01462,014621,北海道,空知郡南富良野町,2641,91,79,113,99,118,136,142,159,163,187,156,177,184,170,165,156,157,115,51,17,6,346,1323,42,46,64,55,57,65,83,94,98,94,85,99,91,82,72,66,62,47,17,3,1,130,1318,49,33,49,44,61,71,59,65,65,93,71,78,93,88,93,90,95,68,34,14,5,216
2015,2015-01-01,01463,014630,北海道,勇払郡占冠村,1147,34,43,51,32,53,53,70,76,100,72,82,80,90,86,50,71,49,36,15,4,0,104,567,18,21,22,17,24,33,35,40,52,34,46,42,47,43,21,34,19,14,4,1,0,38,580,16,22,29,15,29,20,35,36,48,38,36,38,43,43,29,37,30,22,11,3,0,66
2015,2015-01-01,01464,014648,北海道,上川郡和寒町,3690,106,129,136,135,100,123,140,183,187,192,192,248,265,325,327,308,260,193,104,30,7,594,1698,53,63,68,76,56,67,69,105,91,98,93,113,123,141,146,145,88,72,23,8,0,191,1992,53,66,68,59,44,56,71,78,96,94,99,135,142,184,181,163,172,121,81,22,7,403
2015,2015-01-01,01465,014656,北海道,上川郡剣淵町,3358,78,110,135,167,115,115,144,164,200,158,212,239,314,277,234,224,224,155,64,26,3,472,1616,39,60,78,90,59,53,77,95,91,79,101,116,155,130,106,94,92,67,26,8,0,193,1742,39,50,57,77,56,62,67,69,109,79,111,123,159,147,128,130,132,88,38,18,3,279
2015,2015-01-01,01468,014681,北海道,上川郡下川町,3482,94,126,136,114,79,101,133,224,226,181,200,230,287,292,288,270,229,178,73,16,5,501,1642,40,69,70,57,35,60,69,119,124,88,111,113,128,134,127,116,99,59,23,1,0,182,1840,54,57,66,57,44,41,64,105,102,93,89,117,159,158,161,154,130,119,50,15,5,319
2015,2015-01-01,01469,014699,北海道,中川郡美深町,4718,144,141,163,188,138,162,188,292,300,232,277,296,411,388,351,393,319,223,81,28,3,654,2296,84,71,87,97,73,90,93,172,158,106,146,141,196,197,151,162,151,91,24,6,0,272,2422,60,70,76,91,65,72,95,120,142,126,131,155,215,191,200,231,168,132,57,22,3,382
2015,2015-01-01,01470,014702,北海道,中川郡音威子府村,797,15,12,14,136,27,32,24,35,32,33,49,93,73,49,42,54,51,19,6,1,0,77,401,5,5,4,51,19,18,15,22,20,17,33,48,39,25,20,23,26,7,4,0,0,37,396,10,7,10,85,8,14,9,13,12,16,16,45,34,24,22,31,25,12,2,1,0,40
2015,2015-01-01,01471,014711,北海道,中川郡中川町,1706,66,55,55,48,50,67,78,98,78,101,132,116,134,131,138,133,121,53,39,11,2,226,860,37,33,28,23,26,41,45,58,41,56,73,60,60,72,61,55,54,23,10,4,0,91,846,29,22,27,25,24,26,33,40,37,45,59,56,74,59,77,78,67,30,29,7,2,135
2015,2015-01-01,01472,014729,北海道,雨竜郡幌加内町,1618,40,54,81,113,30,58,65,90,86,83,83,103,123,133,130,132,116,60,35,2,1,214,807,24,28,31,69,20,27,37,47,45,43,43,52,59,66,59,62,55,26,14,0,0,95,811,16,26,50,44,10,31,28,43,41,40,40,51,64,67,71,70,61,34,21,2,1,119
2015,2015-01-01,01481,014818,北海道,増毛郡増毛町,4824,139,135,176,161,134,143,186,210,285,232,302,272,449,419,404,360,366,267,150,31,3,817,2212,78,74,93,86,65,78,96,98,149,127,156,125,198,192,176,146,141,91,35,7,1,275,2612,61,61,83,75,69,65,90,112,136,105,146,147,251,227,228,214,225,176,115,24,2,542
2015,2015-01-01,01482,014826,北海道,留萌郡小平町,3378,95,103,122,127,105,95,150,159,220,208,210,238,289,261,285,259,233,141,58,15,5,452,1607,53,58,62,65,57,46,69,77,111,107,112,128,137,121,123,107,102,55,11,5,1,174,1771,42,45,60,62,48,49,81,82,109,101,98,110,152,140,162,152,131,86,47,10,4,278
2015,2015-01-01,01483,014834,北海道,苫前郡苫前町,3380,101,109,131,143,98,105,121,160,187,210,197,224,280,249,272,292,243,156,79,18,5,501,1607,48,56,76,77,52,49,64,83,95,104,111,110,143,108,112,138,109,53,15,4,0,181,1773,53,53,55,66,46,56,57,77,92,106,86,114,137,141,160,154,134,103,64,14,5,320
2015,2015-01-01,01484,014842,北海道,苫前郡羽幌町,7547,253,262,283,264,191,252,329,375,454,404,425,495,663,660,638,596,501,314,151,30,7,1003,3588,129,140,143,139,104,139,182,204,231,213,221,241,315,288,273,252,217,111,43,3,0,374,3959,124,122,140,125,87,113,147,171,223,191,204,254,348,372,365,344,284,203,108,27,7,629
2015,2015-01-01,01485,014851,北海道,苫前郡初山別村,1282,33,34,47,57,59,48,35,58,69,78,100,99,96,91,98,115,89,50,22,4,0,165,607,14,20,18,34,28,24,18,33,31,36,59,51,48,40,42,53,36,15,6,1,0,58,675,19,14,29,23,31,24,17,25,38,42,41,48,48,51,56,62,53,35,16,3,0,107
2015,2015-01-01,01486,014869,北海道,天塩郡遠別町,2884,103,100,99,117,85,96,108,139,161,155,183,217,256,226,210,219,206,135,52,14,3,410,1387,56,53,46,66,42,47,59,81,85,74,93,119,121,107,78,101,86,54,18,1,0,159,1497,47,47,53,51,43,49,49,58,76,81,90,98,135,119,132,118,120,81,34,13,3,251
2015,2015-01-01,01487,014877,北海道,天塩郡天塩町,3306,120,121,126,133,93,137,179,186,178,185,228,251,316,288,208,182,178,116,50,29,2,375,1669,67,53,69,75,55,82,91,104,92,103,119,150,157,146,96,71,84,35,12,8,0,139,1637,53,68,57,58,38,55,88,82,86,82,109,101,159,142,112,111,94,81,38,21,2,236
2015,2015-01-01,01511,015113,北海道,宗谷郡猿払村,2700,130,144,153,113,101,168,151,157,179,179,200,216,192,158,119,112,103,81,32,11,1,228,1330,68,61,65,61,57,95,82,83,99,95,104,117,96,72,54,45,40,25,8,3,0,76,1370,62,83,88,52,44,73,69,74,80,84,96,99,96,86,65,67,63,56,24,8,1,152
2015,2015-01-01,01512,015121,北海道,枝幸郡浜頓別町,3850,120,140,160,167,147,155,183,229,255,210,225,304,348,343,254,240,182,116,55,15,2,370,1909,58,72,82,88,82,96,99,128,130,117,116,157,170,165,123,98,75,36,13,2,2,128,1941,62,68,78,79,65,59,84,101,125,93,109,147,178,178,131,142,107,80,42,13,0,242
2015,2015-01-01,01513,015130,北海道,枝幸郡中頓別町,1861,51,49,72,60,50,66,78,118,110,106,110,137,171,151,156,119,104,77,58,17,1,257,925,29,30,31,33,24,47,43,67,60,52,62,67,81,71,74,60,58,17,15,4,0,94,936,22,19,41,27,26,19,35,51,50,54,48,70,90,80,82,59,46,60,43,13,1,163
2015,2015-01-01,01514,015148,北海道,枝幸郡枝幸町,8656,266,371,399,372,295,325,391,506,585,487,574,623,748,697,608,538,455,280,97,35,4,871,4135,142,179,200,191,149,169,218,252,319,231,284,310,348,330,272,237,184,92,22,6,0,304,4521,124,192,199,181,146,156,173,254,266,256,290,313,400,367,336,301,271,188,75,29,4,567
2015,2015-01-01,01516,015164,北海道,天塩郡豊富町,4158,155,150,180,165,143,184,243,238,231,231,262,343,426,289,253,223,222,134,67,17,2,442,2104,91,78,103,82,94,106,141,126,119,112,123,193,224,134,123,93,103,38,17,3,1,162,2054,64,72,77,83,49,78,102,112,112,119,139,150,202,155,130,130,119,96,50,14,1,280
2015,2015-01-01,01517,015172,北海道,礼文郡礼文町,2703,83,94,95,72,84,109,132,140,144,167,170,214,275,198,189,193,166,120,51,5,2,344,1345,44,49,53,32,44,64,73,74,98,89,80,109,142,93,82,92,63,44,18,1,1,127,1358,39,45,42,40,40,45,59,66,46,78,90,105,133,105,107,101,103,76,33,4,1,217
2015,2015-01-01,01518,015181,北海道,利尻郡利尻町,2234,62,75,77,72,56,82,94,131,112,124,140,144,201,183,172,176,149,126,49,8,1,333,1073,36,31,29,42,26,46,56,70,53,69,74,69,105,91,63,89,57,54,12,1,0,124,1161,26,44,48,30,30,36,38,61,59,55,66,75,96,92,109,87,92,72,37,7,1,209
2015,2015-01-01,01519,015199,北海道,利尻郡利尻富士町,2730,97,123,104,93,60,95,113,162,131,159,183,213,219,193,186,183,187,149,61,19,0,416,1303,59,59,54,51,32,45,60,81,71,77,99,112,116,83,79,79,74,59,12,1,0,146,1427,38,64,50,42,28,50,53,81,60,82,84,101,103,110,107,104,113,90,49,18,0,270
2015,2015-01-01,01520,015202,北海道,天塩郡幌延町,2478,111,110,95,80,114,116,148,189,145,134,160,196,224,177,142,123,107,64,36,6,1,214,1266,52,65,48,49,68,57,84,99,81,77,85,108,117,94,53,57,40,20,9,3,0,72,1212,59,45,47,31,46,59,64,90,64,57,75,88,107,83,89,66,67,44,27,3,1,142
2015,2015-01-01,01543,015431,北海道,網走郡美幌町,20801,753,798,895,907,762,925,1082,1197,1260,1237,1410,1414,1670,1713,1387,1374,1049,639,242,71,16,2017,10028,376,401,470,452,437,518,561,630,614,614,696,690,810,817,602,590,456,218,60,16,0,750,10773,377,397,425,455,325,407,521,567,646,623,714,724,860,896,785,784,593,421,182,55,16,1267
2015,2015-01-01,01544,015440,北海道,網走郡津別町,5220,146,123,189,210,179,158,174,266,263,288,313,302,508,472,441,442,355,252,103,29,7,746,2523,82,59,116,109,101,97,105,137,149,150,158,155,244,224,178,191,147,90,25,5,1,268,2697,64,64,73,101,78,61,69,129,114,138,155,147,264,248,263,251,208,162,78,24,6,478
2015,2015-01-01,01545,015458,北海道,斜里郡斜里町,12098,475,493,486,502,462,581,629,742,740,695,786,832,1061,943,812,700,583,355,165,48,8,1159,5960,229,255,262,272,268,334,348,378,392,345,411,435,504,451,370,304,229,130,35,7,1,402,6138,246,238,224,230,194,247,281,364,348,350,375,397,557,492,442,396,354,225,130,41,7,757
2015,2015-01-01,01546,015466,北海道,斜里郡清里町,4376,180,155,185,187,173,173,196,251,264,224,271,289,341,338,323,308,242,165,83,24,4,518,2146,100,86,103,90,88,97,104,133,141,122,135,148,172,161,151,121,107,58,24,5,0,194,2230,80,69,82,97,85,76,92,118,123,102,136,141,169,177,172,187,135,107,59,19,4,324
2015,2015-01-01,01547,015474,北海道,斜里郡小清水町,5200,201,203,204,198,179,233,224,296,292,276,355,333,465,403,349,364,302,210,85,23,5,625,2482,110,97,97,103,94,137,119,152,150,125,178,160,228,195,156,145,129,76,26,4,1,236,2718,91,106,107,95,85,96,105,144,142,151,177,173,237,208,193,219,173,134,59,19,4,389
2015,2015-01-01,01549,015491,北海道,常呂郡訓子府町,5294,196,197,239,234,146,205,243,273,298,277,361,353,437,454,399,341,303,200,102,30,6,641,2522,88,101,122,118,67,120,137,134,139,139,180,174,213,215,185,149,140,66,26,7,2,241,2772,108,96,117,116,79,85,106,139,159,138,181,179,224,239,214,192,163,134,76,23,4,400
2015,2015-01-01,01550,015504,北海道,常呂郡置戸町,3134,84,90,111,119,89,88,156,136,165,168,167,183,296,266,258,254,226,169,78,25,6,504,1459,35,47,64,56,45,41,81,73,79,90,93,89,125,126,118,114,101,57,22,3,0,183,1675,49,43,47,63,44,47,75,63,86,78,74,94,171,140,140,140,125,112,56,22,6,321
2015,2015-01-01,01552,015521,北海道,常呂郡佐呂間町,5499,185,220,220,215,194,173,250,253,351,275,313,370,481,478,404,381,368,213,110,32,13,736,2623,97,100,101,112,110,94,132,131,184,141,157,182,234,212,196,178,144,83,30,5,0,262,2876,88,120,119,103,84,79,118,122,167,134,156,188,247,266,208,203,224,130,80,27,13,474
2015,2015-01-01,01555,015555,北海道,紋別郡遠軽町,21376,820,793,898,969,830,888,1086,1211,1283,1248,1244,1261,1677,1739,1585,1465,1212,735,334,83,15,2379,10367,432,409,444,547,475,475,572,627,656,641,622,616,798,788,693,660,535,270,79,26,2,912,11009,388,384,454,422,355,413,514,584,627,607,622,645,879,951,892,805,677,465,255,57,13,1467
2015,2015-01-01,01559,015598,北海道,紋別郡湧別町,9425,265,339,419,426,336,293,417,495,545,524,598,648,788,748,680,665,579,436,180,37,7,1239,4522,131,181,209,228,177,162,213,273,270,275,305,311,392,345,292,298,249,152,51,8,0,460,4903,134,158,210,198,159,131,204,222,275,249,293,337,396,403,388,367,330,284,129,29,7,779
2015,2015-01-01,01560,015601,北海道,紋別郡滝上町,2833,81,83,85,89,79,94,111,127,138,132,197,208,258,246,218,246,205,141,76,17,2,441,1353,46,42,45,57,46,50,61,60,79,71,94,104,128,111,97,105,89,41,22,5,0,157,1480,35,41,40,32,33,44,50,67,59,61,103,104,130,135,121,141,116,100,54,12,2,284
2015,2015-01-01,01561,015610,北海道,紋別郡興部町,4045,161,153,178,189,133,169,202,214,254,242,268,315,315,314,267,276,202,135,42,15,1,395,1977,79,86,99,94,71,92,104,112,140,117,145,170,151,142,106,113,93,50,11,2,0,156,2068,82,67,79,95,62,77,98,102,114,125,123,145,164,172,161,163,109,85,31,13,1,239
2015,2015-01-01,01562,015628,北海道,紋別郡西興部村,1143,36,37,43,43,43,70,72,85,55,52,96,66,84,51,65,81,61,59,34,7,3,164,552,19,24,18,21,24,35,48,42,32,27,53,31,49,26,22,30,26,18,6,0,1,51,591,17,13,25,22,19,35,24,43,23,25,43,35,35,25,43,51,35,41,28,7,2,113
2015,2015-01-01,01563,015636,北海道,紋別郡雄武町,4565,163,164,182,170,154,192,239,226,297,265,326,335,386,354,321,314,250,134,71,17,5,477,2199,82,90,95,84,83,113,126,130,156,121,171,172,188,151,135,133,105,38,24,2,0,169,2366,81,74,87,86,71,79,113,96,141,144,155,163,198,203,186,181,145,96,47,15,5,308
2015,2015-01-01,01564,015644,北海道,網走郡大空町,7698,283,331,349,350,259,289,337,410,492,427,529,525,658,601,488,458,413,305,146,38,10,912,3735,138,177,183,186,137,159,178,213,250,219,261,256,341,281,204,212,170,118,46,4,2,340,3963,145,154,166,164,122,130,159,197,242,208,268,269,317,320,284,246,243,187,100,34,8,572
2015,2015-01-01,01571,015717,北海道,虻田郡豊浦町,4280,154,132,159,181,217,165,196,249,252,248,250,271,344,343,294,293,241,176,87,25,3,532,2016,74,72,66,91,108,87,98,152,132,110,132,116,155,175,126,118,114,64,21,5,0,204,2264,80,60,93,90,109,78,98,97,120,138,118,155,189,168,168,175,127,112,66,20,3,328
2015,2015-01-01,01575,015750,北海道,有珠郡壮瞥町,2695,80,109,106,121,94,98,106,137,157,144,179,159,216,239,221,182,173,111,55,8,0,347,1284,42,61,54,69,45,45,59,69,82,73,91,81,94,112,108,90,61,31,16,1,0,109,1411,38,48,52,52,49,53,47,68,75,71,88,78,122,127,113,92,112,80,39,7,0,238
2015,2015-01-01,01578,015784,北海道,白老郡白老町,18288,415,501,653,786,567,573,676,864,1063,1047,1016,1221,1822,1957,1762,1391,1042,619,230,75,8,1974,8749,202,258,337,389,311,325,358,454,528,513,497,610,892,884,847,635,432,205,54,15,3,709,9539,213,243,316,397,256,248,318,410,535,534,519,611,930,1073,915,756,610,414,176,60,5,1265
2015,2015-01-01,01581,015814,北海道,勇払郡厚真町,4698,156,180,166,191,203,196,199,240,260,240,288,317,385,389,364,335,288,194,92,13,2,589,2309,90,87,84,103,118,113,105,126,141,117,137,171,202,188,167,136,120,72,27,4,1,224,2389,66,93,82,88,85,83,94,114,119,123,151,146,183,201,197,199,168,122,65,9,1,365
2015,2015-01-01,01584,015849,北海道,虻田郡洞爺湖町,9449,212,290,326,399,343,331,394,465,538,526,564,647,811,874,815,709,580,372,195,47,11,1205,4407,108,149,174,215,158,175,209,224,254,257,248,323,408,409,346,305,246,130,56,11,2,445,5042,104,141,152,184,185,156,185,241,284,269,316,324,403,465,469,404,334,242,139,36,9,760
2015,2015-01-01,01585,015857,北海道,勇払郡安平町,8531,277,310,359,388,354,331,394,467,586,514,518,554,616,750,625,526,488,301,132,32,9,962,4235,141,144,196,203,207,194,224,254,304,274,276,287,305,349,298,227,190,114,40,8,0,352,4296,136,166,163,185,147,137,170,213,282,240,242,267,311,401,327,299,298,187,92,24,9,610
2015,2015-01-01,01586,015865,北海道,勇払郡むかわ町,8920,258,303,337,414,301,342,373,445,515,449,575,618,861,736,697,615,527,361,155,35,3,1081,4380,145,145,171,230,169,196,212,248,262,214,315,313,444,343,302,257,232,130,47,3,2,414,4540,113,158,166,184,132,146,161,197,253,235,260,305,417,393,395,358,295,231,108,32,1,667
2015,2015-01-01,01601,016012,北海道,沙流郡日高町,12823,480,526,520,535,449,510,698,853,818,711,786,867,1091,1014,874,806,638,423,176,39,9,1285,6377,253,266,265,276,247,280,424,465,436,378,388,454,546,471,399,370,261,141,53,4,0,459,6446,227,260,255,259,202,230,274,388,382,333,398,413,545,543,475,436,377,282,123,35,9,826
2015,2015-01-01,01602,016021,北海道,沙流郡平取町,5365,183,223,234,247,219,191,199,307,356,353,344,360,430,443,373,340,278,173,85,21,6,563,2600,92,110,122,131,103,113,107,166,168,184,183,188,203,221,162,158,107,52,26,3,1,189,2765,91,113,112,116,116,78,92,141,188,169,161,172,227,222,211,182,171,121,59,18,5,374
2015,2015-01-01,01604,016047,北海道,新冠郡新冠町,5675,213,257,258,240,200,213,309,379,422,324,313,381,468,408,328,313,287,211,112,34,5,649,2727,96,118,131,131,98,114,173,203,221,163,163,191,243,188,153,128,122,62,23,5,1,213,2948,117,139,127,109,102,99,136,176,201,161,150,190,225,220,175,185,165,149,89,29,4,436
2015,2015-01-01,01607,016071,北海道,浦河郡浦河町,13213,471,519,596,605,575,548,679,817,926,861,832,915,1115,953,869,728,614,375,169,38,8,1204,6440,244,280,323,298,291,288,358,417,503,420,443,487,540,435,373,335,226,128,43,6,2,405,6773,227,239,273,307,284,260,321,400,423,441,389,428,575,518,496,393,388,247,126,32,6,799
2015,2015-01-01,01608,016080,北海道,様似郡様似町,4693,123,147,181,187,141,158,202,234,263,274,287,359,461,423,347,330,267,192,89,25,3,576,2232,59,80,93,86,75,95,112,127,138,124,144,171,234,206,155,147,99,57,22,7,1,186,2461,64,67,88,101,66,63,90,107,125,150,143,188,227,217,192,183,168,135,67,18,2,390
2015,2015-01-01,01609,016098,北海道,幌泉郡えりも町,5127,213,252,227,244,189,231,281,301,319,305,328,389,433,374,294,286,227,153,65,14,2,461,2566,110,139,115,124,114,128,157,163,183,166,173,179,224,179,125,125,88,57,12,5,0,162,2561,103,113,112,120,75,103,124,138,136,139,155,210,209,195,169,161,139,96,53,9,2,299
2015,2015-01-01,01610,016101,北海道,日高郡新ひだか町,24203,957,948,1011,1118,916,1039,1330,1493,1578,1490,1594,1505,1923,1867,1656,1489,1159,681,334,94,21,2289,11771,509,481,522,564,488,565,702,788,811,716,826,760,934,871,724,641,498,258,88,18,7,869,12432,448,467,489,554,428,474,628,705,767,774,768,745,989,996,932,848,661,423,246,76,14,1420
2015,2015-01-01,01631,016314,北海道,河東郡音更町,45333,1890,2307,2549,2367,1954,1951,2440,3136,3524,3043,2929,2717,3171,3167,2569,2212,1700,1046,497,143,21,3407,21501,943,1187,1324,1207,945,924,1165,1508,1685,1476,1418,1358,1480,1493,1137,976,748,368,132,27,0,1275,23832,947,1120,1225,1160,1009,1027,1275,1628,1839,1567,1511,1359,1691,1674,1432,1236,952,678,365,116,21,2132
2015,2015-01-01,01632,016322,北海道,河東郡士幌町,6347,253,309,299,272,244,305,339,364,361,363,384,478,546,442,343,347,295,243,117,36,7,698,3043,132,160,139,140,133,147,181,187,171,194,198,224,292,206,146,162,113,84,29,4,1,231,3304,121,149,160,132,111,158,158,177,190,169,186,254,254,236,197,185,182,159,88,32,6,467
2015,2015-01-01,01633,016331,北海道,河東郡上士幌町,4884,161,195,208,181,161,195,254,275,253,275,290,350,423,356,362,350,305,183,84,19,4,595,2383,86,105,98,91,91,103,137,148,138,133,158,181,200,174,153,155,117,79,28,8,0,232,2501,75,90,110,90,70,92,117,127,115,142,132,169,223,182,209,195,188,104,56,11,4,363
2015,2015-01-01,01634,016349,北海道,河東郡鹿追町,5569,253,266,295,244,255,311,311,366,343,306,353,321,438,364,302,309,270,167,73,20,2,532,2748,128,130,147,132,141,178,162,194,163,153,169,168,222,177,136,139,122,64,19,4,0,209,2821,125,136,148,112,114,133,149,172,180,153,184,153,216,187,166,170,148,103,54,16,2,323
2015,2015-01-01,01635,016357,北海道,上川郡新得町,6333,221,219,238,219,262,264,285,354,395,352,406,415,508,507,459,469,369,241,111,35,4,760,3099,123,127,116,108,136,142,138,189,194,173,216,230,253,236,218,206,160,91,34,9,0,294,3234,98,92,122,111,126,122,147,165,201,179,190,185,255,271,241,263,209,150,77,26,4,466
2015,2015-01-01,01636,016365,北海道,上川郡清水町,9858,366,358,423,385,404,417,464,542,597,562,581,670,809,797,712,652,571,332,151,52,13,1119,4838,195,197,213,197,219,245,237,289,310,283,297,327,412,372,316,287,250,133,48,9,2,442,5020,171,161,210,188,185,172,227,253,287,279,284,343,397,425,396,365,321,199,103,43,11,677
2015,2015-01-01,01637,016373,北海道,河西郡芽室町,19191,801,1024,1096,1005,724,786,989,1289,1430,1320,1260,1150,1393,1297,1073,970,789,498,212,76,9,1584,9194,411,508,555,513,359,406,474,626,730,609,648,552,673,623,481,449,321,187,51,16,2,577,9997,390,516,541,492,365,380,515,663,700,711,612,598,720,674,592,521,468,311,161,60,7,1007
2015,2015-01-01,01638,016381,北海道,河西郡中札内村,4060,189,175,172,260,168,207,193,234,294,281,269,273,267,262,241,223,172,115,39,23,3,352,1980,94,82,79,143,79,111,95,127,156,139,146,151,135,113,95,102,73,39,13,8,0,133,2080,95,93,93,117,89,96,98,107,138,142,123,122,132,149,146,121,99,76,26,15,3,219
2015,2015-01-01,01639,016390,北海道,河西郡更別村,3325,127,168,150,176,156,173,178,193,219,211,198,232,239,176,178,198,193,112,37,8,3,353,1641,72,85,76,94,72,109,95,100,119,104,100,113,128,81,68,95,75,46,9,0,0,130,1684,55,83,74,82,84,64,83,93,100,107,98,119,111,95,110,103,118,66,28,8,3,223
2015,2015-01-01,01641,016411,北海道,広尾郡大樹町,5800,245,245,219,228,229,283,310,367,327,288,322,374,477,455,411,353,318,218,96,26,9,667,2841,128,120,108,116,119,164,161,203,167,145,168,182,237,218,190,160,135,80,33,5,2,255,2959,117,125,111,112,110,119,149,164,160,143,154,192,240,237,221,193,183,138,63,21,7,412
2015,2015-01-01,01642,016420,北海道,広尾郡広尾町,7435,227,258,321,344,262,283,322,384,445,445,470,539,670,600,535,529,403,249,116,30,3,801,3559,119,126,165,181,159,153,165,191,239,220,230,274,329,267,219,242,170,79,29,2,0,280,3876,108,132,156,163,103,130,157,193,206,225,240,265,341,333,316,287,233,170,87,28,3,521
2015,2015-01-01,01643,016438,北海道,中川郡幕別町,27603,1051,1193,1366,1440,1091,1094,1357,1780,1963,1727,1814,1802,2137,2182,1787,1505,1117,750,342,89,16,2314,13184,518,614,696,735,524,561,672,876,960,816,871,872,1019,1025,834,693,482,286,106,21,3,898,14419,533,579,670,705,567,533,685,904,1003,911,943,930,1118,1157,953,812,635,464,236,68,13,1416
2015,2015-01-01,01644,016446,北海道,中川郡池田町,7219,171,211,278,337,246,246,244,339,396,439,430,468,615,691,579,567,464,309,139,44,6,962,3392,89,103,139,164,126,130,120,166,219,223,211,231,287,319,258,256,190,111,37,12,1,351,3827,82,108,139,173,120,116,124,173,177,216,219,237,328,372,321,311,274,198,102,32,5,611
2015,2015-01-01,01645,016454,北海道,中川郡豊頃町,3341,77,109,136,126,118,135,146,168,183,167,204,256,279,275,245,251,235,141,71,16,3,466,1613,45,53,68,59,61,71,87,88,96,88,100,135,133,132,103,119,94,58,18,5,0,175,1728,32,56,68,67,57,64,59,80,87,79,104,121,146,143,142,132,141,83,53,11,3,291
2015,2015-01-01,01646,016462,北海道,中川郡本別町,7716,240,256,280,374,283,238,291,390,425,432,485,495,714,681,613,574,456,299,139,43,8,945,3793,128,125,147,230,184,129,164,204,218,202,263,240,354,318,277,243,199,121,30,14,3,367,3923,112,131,133,144,99,109,127,186,207,230,222,255,360,363,336,331,257,178,109,29,5,578
2015,2015-01-01,01647,016471,北海道,足寄郡足寄町,7362,229,310,285,259,239,252,340,399,438,386,455,487,607,644,543,540,459,303,140,40,7,949,3555,122,164,142,126,132,135,182,204,234,222,231,235,300,298,239,239,185,116,35,13,1,350,3807,107,146,143,133,107,117,158,195,204,164,224,252,307,346,304,301,274,187,105,27,6,599
2015,2015-01-01,01648,016489,北海道,足寄郡陸別町,2579,81,82,83,109,85,103,119,119,146,152,165,160,214,228,204,189,154,113,55,15,3,340,1288,40,40,39,59,51,60,68,68,81,84,93,79,122,85,104,77,75,44,14,5,0,138,1291,41,42,44,50,34,43,51,51,65,68,72,81,92,143,100,112,79,69,41,10,3,202
2015,2015-01-01,01649,016497,北海道,十勝郡浦幌町,5248,181,166,192,185,175,219,233,225,251,263,346,392,486,472,375,402,339,220,101,22,3,685,2514,90,78,96,86,107,118,135,117,134,114,188,203,233,220,159,180,139,92,19,5,1,256,2734,91,88,96,99,68,101,98,108,117,149,158,189,253,252,216,222,200,128,82,17,2,429
2015,2015-01-01,01661,016616,北海道,釧路郡釧路町,20310,722,835,971,1042,1008,1080,1076,1274,1387,1315,1527,1554,1776,1473,1124,906,660,384,156,36,4,1240,9725,355,449,494,537,488,537,543,645,670,623,707,790,867,687,490,396,281,118,41,6,1,447,10585,367,386,477,505,520,543,533,629,717,692,820,764,909,786,634,510,379,266,115,30,3,793
2015,2015-01-01,01662,016624,北海道,厚岸郡厚岸町,10091,352,371,420,459,389,430,479,546,602,611,719,700,833,763,715,691,528,319,122,38,4,1011,4836,191,174,221,241,219,241,240,286,304,297,351,348,407,350,301,273,232,119,29,10,2,392,5255,161,197,199,218,170,189,239,260,298,314,368,352,426,413,414,418,296,200,93,28,2,619
2015,2015-01-01,01663,016632,北海道,厚岸郡浜中町,6237,245,232,330,278,213,296,349,360,373,383,422,484,551,419,369,323,297,217,76,19,1,610,3050,123,114,149,151,111,170,182,189,195,186,213,243,286,206,178,136,119,77,20,2,0,218,3187,122,118,181,127,102,126,167,171,178,197,209,241,265,213,191,187,178,140,56,17,1,392
2015,2015-01-01,01664,016641,北海道,川上郡標茶町,7963,313,332,371,320,275,361,388,436,465,446,556,597,677,551,527,492,421,277,126,27,5,856,3850,159,155,176,169,143,215,208,232,230,214,304,283,332,267,214,211,188,109,35,4,2,338,4113,154,177,195,151,132,146,180,204,235,232,252,314,345,284,313,281,233,168,91,23,3,518
2015,2015-01-01,01665,016659,北海道,川上郡弟子屈町,7851,254,289,301,333,220,238,351,423,473,463,535,559,713,696,665,517,410,236,138,28,9,821,3723,144,135,146,177,104,137,186,219,231,226,261,271,350,316,300,228,166,94,24,7,1,292,4128,110,154,155,156,116,101,165,204,242,237,274,288,363,380,365,289,244,142,114,21,8,529
2015,2015-01-01,01667,016675,北海道,阿寒郡鶴居村,2516,67,128,131,133,89,90,139,115,182,155,153,189,226,182,158,145,108,78,41,6,1,234,1260,32,61,76,71,50,52,74,59,92,71,93,96,115,88,69,64,46,38,11,1,1,97,1256,35,67,55,62,39,38,65,56,90,84,60,93,111,94,89,81,62,40,30,5,0,137
2015,2015-01-01,01668,016683,北海道,白糠郡白糠町,8625,217,260,326,387,294,283,389,386,494,540,545,618,840,789,687,659,498,251,137,22,3,911,4066,109,143,169,191,155,148,203,195,245,258,255,312,416,360,294,278,212,82,35,4,2,335,4559,108,117,157,196,139,135,186,191,249,282,290,306,424,429,393,381,286,169,102,18,1,576
2015,2015-01-01,01691,016918,北海道,野付郡別海町,15639,748,818,826,714,596,870,920,1091,1044,882,1007,1132,1308,1061,806,627,574,404,168,32,11,1189,7853,383,421,406,390,341,501,480,589,547,456,497,585,657,508,380,278,229,143,50,9,3,434,7786,365,397,420,324,255,369,440,502,497,426,510,547,651,553,426,349,345,261,118,23,8,755
2015,2015-01-01,01692,016926,北海道,標津郡中標津町,24146,1130,1207,1303,1169,983,1225,1585,1836,1818,1643,1586,1530,1833,1525,1242,1048,794,446,188,48,7,1483,11820,553,655,641,567,505,623,794,962,924,830,813,744,856,736,538,480,352,177,57,10,3,599,12326,577,552,662,602,478,602,791,874,894,813,773,786,977,789,704,568,442,269,131,38,4,884
2015,2015-01-01,01693,016934,北海道,標津郡標津町,5430,189,217,281,293,214,231,255,334,408,353,365,360,436,425,339,322,210,121,65,10,2,408,2652,93,106,134,150,119,126,135,169,207,195,188,177,213,205,156,133,94,40,10,2,0,146,2778,96,111,147,143,95,105,120,165,201,158,177,183,223,220,183,189,116,81,55,8,2,262
2015,2015-01-01,01694,016942,北海道,目梨郡羅臼町,5635,213,208,268,271,254,275,299,318,376,435,424,415,453,352,329,325,215,133,58,14,0,420,2790,105,109,135,143,136,158,166,155,180,233,228,225,223,160,137,125,96,56,16,4,0,172,2845,108,99,133,128,118,117,133,163,196,202,196,190,230,192,192,200,119,77,42,10,0,248
2015,2015-01-01,01695,016951,北海道,色丹郡色丹村,0,0,0,0,0,0,0,0,0,0,0,0,0,0,0,0,0,0,0,0,0,0,0,0,0,0,0,0,0,0,0,0,0,0,0,0,0,0,0,0,0,0,0,0,0,0,0,0,0,0,0,0,0,0,0,0,0,0,0,0,0,0,0,0,0,0,0,0,0
2015,2015-01-01,01696,016969,北海道,国後郡泊村,0,0,0,0,0,0,0,0,0,0,0,0,0,0,0,0,0,0,0,0,0,0,0,0,0,0,0,0,0,0,0,0,0,0,0,0,0,0,0,0,0,0,0,0,0,0,0,0,0,0,0,0,0,0,0,0,0,0,0,0,0,0,0,0,0,0,0,0,0
2015,2015-01-01,01697,016977,北海道,国後郡留夜別村,0,0,0,0,0,0,0,0,0,0,0,0,0,0,0,0,0,0,0,0,0,0,0,0,0,0,0,0,0,0,0,0,0,0,0,0,0,0,0,0,0,0,0,0,0,0,0,0,0,0,0,0,0,0,0,0,0,0,0,0,0,0,0,0,0,0,0,0,0
2015,2015-01-01,01698,016985,北海道,択捉郡留別村,0,0,0,0,0,0,0,0,0,0,0,0,0,0,0,0,0,0,0,0,0,0,0,0,0,0,0,0,0,0,0,0,0,0,0,0,0,0,0,0,0,0,0,0,0,0,0,0,0,0,0,0,0,0,0,0,0,0,0,0,0,0,0,0,0,0,0,0,0
2015,2015-01-01,01699,016993,北海道,紗那郡紗那村,0,0,0,0,0,0,0,0,0,0,0,0,0,0,0,0,0,0,0,0,0,0,0,0,0,0,0,0,0,0,0,0,0,0,0,0,0,0,0,0,0,0,0,0,0,0,0,0,0,0,0,0,0,0,0,0,0,0,0,0,0,0,0,0,0,0,0,0,0
2015,2015-01-01,01700,017001,北海道,蘂取郡蘂取村,0,0,0,0,0,0,0,0,0,0,0,0,0,0,0,0,0,0,0,0,0,0,0,0,0,0,0,0,0,0,0,0,0,0,0,0,0,0,0,0,0,0,0,0,0,0,0,0,0,0,0,0,0,0,0,0,0,0,0,0,0,0,0,0,0,0,0,0,0
2015,2015-01-01,02000,020001,青森県,,1349355,46262,50669,59993,65094,56175,59034,70228,81456,90038,86212,89239,96565,111109,104779,85589,76832,63912,37555,14766,3357,491,120081,639617,23620,25814,30704,33029,29092,30206,35785,41529,45197,42565,44027,46995,53953,49888,37443,31354,23303,11364,3164,540,45,38416,709738,22642,24855,29289,32065,27083,28828,34443,39927,44841,43647,45212,49570,57156,54891,48146,45478,40609,26191,11602,2817,446,81665
2015,2015-01-01,02201,022012,青森県,青森市,295062,10385,11536,13179,13884,12532,13388,16201,19436,21080,19796,19949,20850,23351,22962,18168,15264,12418,7122,2849,635,77,23101,137778,5250,5829,6809,6960,6311,6607,8003,9713,10375,9546,9605,10031,11007,10595,7811,6170,4335,2110,600,105,6,7156,157284,5135,5707,6370,6924,6221,6781,8198,9723,10705,10250,10344,10819,12344,12367,10357,9094,8083,5012,2249,530,71,15945
2015,2015-01-01,02202,022021,青森県,弘前市,178258,6038,6568,7707,8733,8419,8296,9524,10717,11792,11384,11993,12390,13611,13865,11174,9965,8564,5055,1966,435,62,16082,82474,3117,3335,3985,4438,4313,4161,4725,5226,5744,5412,5713,5779,6386,6420,4757,3966,3023,1502,406,64,2,4997,95784,2921,3233,3722,4295,4106,4135,4799,5491,6048,5972,6280,6611,7225,7445,6417,5999,5541,3553,1560,371,60,11085
2015,2015-01-01,02203,022039,青森県,八戸市,236741,9128,9598,11190,11925,10185,11070,12688,14871,17249,16021,15525,16267,18668,17930,14989,12362,9379,5117,2053,465,61,17075,113492,4685,4882,5785,6061,5187,5660,6288,7557,8665,8029,7615,8003,9103,8434,6713,5192,3536,1594,430,70,3,5633,123249,4443,4716,5405,5864,4998,5410,6400,7314,8584,7992,7910,8264,9565,9496,8276,7170,5843,3523,1623,395,58,11442
2015,2015-01-01,02204,022047,青森県,黒石市,35351,1170,1213,1657,1881,1573,1509,1886,2171,2200,2215,2387,2521,3028,2785,2106,1967,1683,975,343,74,7,3082,16535,597,628,827,999,791,754,940,1078,1101,1097,1160,1183,1424,1349,902,773,571,293,59,8,1,932,18816,573,585,830,882,782,755,946,1093,1099,1118,1227,1338,1604,1436,1204,1194,1112,682,284,66,6,2150
2015,2015-01-01,02205,022055,青森県,五所川原市,58023,1771,1976,2608,2883,2249,2293,2800,3286,3660,3815,4173,4352,4873,4226,3826,3644,3149,1676,593,144,26,5588,26760,907,988,1328,1443,1121,1128,1408,1631,1749,1773,2041,2027,2368,1921,1624,1443,1206,490,138,26,0,1860,31263,864,988,1280,1440,1128,1165,1392,1655,1911,2042,2132,2325,2505,2305,2202,2201,1943,1186,455,118,26,3728
2015,2015-01-01,02206,022063,青森県,十和田市,63833,2258,2413,3026,3195,2596,2602,3213,3959,4303,4031,4035,4567,5526,5274,3976,3503,2882,1680,624,141,29,5356,30575,1150,1225,1599,1590,1336,1327,1657,2065,2197,1989,1995,2241,2665,2574,1771,1477,1074,491,120,26,6,1717,33258,1108,1188,1427,1605,1260,1275,1556,1894,2106,2042,2040,2326,2861,2700,2205,2026,1808,1189,504,115,23,3639
2015,2015-01-01,02207,022071,青森県,三沢市,41163,2031,2026,2108,2192,2013,2267,2695,2854,3049,2735,2496,2631,2872,2361,2066,1780,1632,908,354,86,7,2987,20286,1047,1048,1059,1148,1126,1263,1456,1441,1568,1360,1273,1345,1433,1125,885,761,574,292,70,11,1,948,20877,984,978,1049,1044,887,1004,1239,1413,1481,1375,1223,1286,1439,1236,1181,1019,1058,616,284,75,6,2039
2015,2015-01-01,02208,022080,青森県,むつ市,61420,2268,2347,2750,3010,2457,2733,3291,3871,4164,3844,3989,4174,5328,4868,3873,3362,2567,1584,757,155,28,5091,29829,1195,1176,1380,1517,1379,1515,1757,2031,2136,1972,2071,2033,2558,2337,1748,1430,957,469,148,18,2,1594,31591,1073,1171,1370,1493,1078,1218,1534,1840,2028,1872,1918,2141,2770,2531,2125,1932,1610,1115,609,137,26,3497
2015,2015-01-01,02209,022098,青森県,つがる市,34993,982,1201,1464,1563,1287,1458,1721,1831,1969,2031,2328,2688,2941,2708,2281,2466,2118,1353,473,114,16,4074,16541,500,617,746,782,699,767,924,937,987,1049,1150,1309,1444,1310,986,984,778,410,133,27,2,1350,18452,482,584,718,781,588,691,797,894,982,982,1178,1379,1497,1398,1295,1482,1340,943,340,87,14,2724
2015,2015-01-01,02210,022101,青森県,平川市,32771,1080,1220,1420,1593,1290,1336,1740,1926,2071,1944,2172,2339,2796,2555,2059,2008,1729,1029,364,85,15,3222,15370,539,621,716,790,660,684,904,988,1028,948,1043,1128,1386,1169,898,812,654,312,80,10,0,1056,17401,541,599,704,803,630,652,836,938,1043,996,1129,1211,1410,1386,1161,1196,1075,717,284,75,15,2166
2015,2015-01-01,02300,023001,青森県,東津軽郡,24834,561,667,827,910,785,783,1041,1169,1256,1278,1529,2053,2449,2394,1893,1925,1729,1056,409,109,11,3314,11881,298,361,455,450,418,433,566,654,656,680,766,1045,1225,1229,816,738,657,320,93,19,2,1091,12953,263,306,372,460,367,350,475,515,600,598,763,1008,1224,1165,1077,1187,1072,736,316,90,9,2223
2015,2015-01-01,02301,023019,青森県,東津軽郡平内町,11966,326,381,427,482,422,440,565,626,609,639,733,1031,1203,1155,814,774,686,445,165,39,4,1339,5738,165,204,230,243,216,236,296,342,323,336,349,523,597,606,354,294,246,126,39,13,0,424,6228,161,177,197,239,206,204,269,284,286,303,384,508,606,549,460,480,440,319,126,26,4,915
2015,2015-01-01,02303,023035,青森県,東津軽郡今別町,2995,27,46,73,80,72,72,84,99,147,114,179,250,307,311,275,316,297,154,74,16,2,543,1405,12,25,46,35,39,42,48,56,84,61,96,123,166,147,124,121,112,47,19,0,2,180,1590,15,21,27,45,33,30,36,43,63,53,83,127,141,164,151,195,185,107,55,16,0,363
2015,2015-01-01,02304,023043,青森県,東津軽郡蓬田村,3044,92,99,110,138,115,88,139,159,163,145,202,239,278,275,201,233,194,130,35,9,0,368,1471,58,51,59,73,62,48,73,90,76,69,93,116,147,143,87,97,79,41,6,3,0,129,1573,34,48,51,65,53,40,66,69,87,76,109,123,131,132,114,136,115,89,29,6,0,239
2015,2015-01-01,02307,023078,青森県,東津軽郡外ヶ浜町,6829,116,141,217,210,176,183,253,285,337,380,415,533,661,653,603,602,552,327,135,45,5,1064,3267,63,81,120,99,101,107,149,166,173,214,228,283,315,333,251,226,220,106,29,3,0,358,3562,53,60,97,111,75,76,104,119,164,166,187,250,346,320,352,376,332,221,106,42,5,706
2015,2015-01-01,02320,023205,青森県,西津軽郡,20155,416,515,673,815,614,612,793,924,1021,1084,1317,1525,1889,1750,1622,1713,1475,940,345,93,19,2872,9459,214,242,326,408,326,331,418,515,518,559,681,736,944,839,725,708,560,296,90,22,1,969,10696,202,273,347,407,288,281,375,409,503,525,636,789,945,911,897,1005,915,644,255,71,18,1903
2015,2015-01-01,02321,023213,青森県,西津軽郡鰺ヶ沢町,10995,247,304,350,459,369,397,482,500,559,614,775,851,1018,889,816,872,760,509,173,42,9,1493,5134,125,146,166,223,187,218,255,277,281,311,391,405,498,443,368,350,278,159,41,12,0,490,5861,122,158,184,236,182,179,227,223,278,303,384,446,520,446,448,522,482,350,132,30,9,1003
2015,2015-01-01,02323,023230,青森県,西津軽郡深浦町,9160,169,211,323,356,245,215,311,424,462,470,542,674,871,861,806,841,715,431,172,51,10,1379,4325,89,96,160,185,139,113,163,238,237,248,290,331,446,396,357,358,282,137,49,10,1,479,4835,80,115,163,171,106,102,148,186,225,222,252,343,425,465,449,483,433,294,123,41,9,900
2015,2015-01-01,02340,023400,青森県,中津軽郡,1473,54,44,39,60,41,67,57,72,76,79,110,100,110,112,98,110,117,93,24,9,1,244,713,21,33,17,30,24,40,28,40,44,38,55,59,60,59,41,45,44,25,7,3,0,79,760,33,11,22,30,17,27,29,32,32,41,55,41,50,53,57,65,73,68,17,6,1,165
2015,2015-01-01,02343,023434,青森県,中津軽郡西目屋村,1473,54,44,39,60,41,67,57,72,76,79,110,100,110,112,98,110,117,93,24,9,1,244,713,21,33,17,30,24,40,28,40,44,38,55,59,60,59,41,45,44,25,7,3,0,79,760,33,11,22,30,17,27,29,32,32,41,55,41,50,53,57,65,73,68,17,6,1,165
2015,2015-01-01,02360,023604,青森県,南津軽郡,34281,1036,1145,1387,1468,1399,1376,1670,1966,2003,2037,2291,2560,2964,2697,2299,2259,1979,1186,447,95,17,3724,16051,524,597,687,759,734,713,872,1020,983,1012,1147,1234,1456,1307,949,890,720,340,88,15,4,1167,18230,512,548,700,709,665,663,798,946,1020,1025,1144,1326,1508,1390,1350,1369,1259,846,359,80,13,2557
2015,2015-01-01,02361,023612,青森県,南津軽郡藤崎町,15596,535,574,707,715,673,679,826,948,980,955,1038,1160,1284,1092,952,916,834,482,200,40,6,1562,7295,262,305,354,364,337,341,430,494,468,478,510,553,658,510,393,352,308,136,35,6,1,486,8301,273,269,353,351,336,338,396,454,512,477,528,607,626,582,559,564,526,346,165,34,5,1076
2015,2015-01-01,02362,023621,青森県,南津軽郡大鰐町,10528,190,271,378,416,388,342,440,497,562,617,717,796,972,961,845,803,690,440,156,41,6,1333,4864,108,134,181,204,204,193,227,254,281,313,367,370,480,476,345,304,259,125,33,6,0,423,5664,82,137,197,212,184,149,213,243,281,304,350,426,492,485,500,499,431,315,123,35,6,910
2015,2015-01-01,02367,023671,青森県,南津軽郡田舎館村,8157,311,300,302,337,338,355,404,521,461,465,536,604,708,644,502,540,455,264,91,14,5,829,3892,154,158,152,191,193,179,215,272,234,221,270,311,318,321,211,234,153,79,20,3,3,258,4265,157,142,150,146,145,176,189,249,227,244,266,293,390,323,291,306,302,185,71,11,2,571
2015,2015-01-01,02380,023809,青森県,北津軽郡,40582,1115,1336,1686,1887,1413,1546,1740,2097,2346,2537,2619,3117,3531,3302,2872,2918,2422,1403,550,126,19,4520,18995,573,701,821,957,744,752,903,1071,1204,1264,1280,1523,1720,1592,1275,1144,904,416,130,18,3,1471,21587,542,635,865,930,669,794,837,1026,1142,1273,1339,1594,1811,1710,1597,1774,1518,987,420,108,16,3049
2015,2015-01-01,02381,023817,青森県,北津軽郡板柳町,14608,421,498,621,700,540,582,646,797,891,909,971,1090,1190,1176,1021,996,838,468,214,34,5,1559,6724,216,260,292,341,269,273,335,400,454,431,470,527,552,563,459,390,304,127,56,4,1,492,7884,205,238,329,359,271,309,311,397,437,478,501,563,638,613,562,606,534,341,158,30,4,1067
2015,2015-01-01,02384,023841,青森県,北津軽郡鶴田町,13809,423,505,632,704,502,535,628,760,843,879,883,961,1191,1033,918,922,789,470,177,47,7,1490,6519,215,263,318,350,265,265,321,387,430,452,447,469,601,467,416,353,304,157,31,7,1,500,7290,208,242,314,354,237,270,307,373,413,427,436,492,590,566,502,569,485,313,146,40,6,990
2015,2015-01-01,02387,023876,青森県,北津軽郡中泊町,12165,271,333,433,483,371,429,466,540,612,749,765,1066,1150,1093,933,1000,795,465,159,45,7,1471,5752,142,178,211,266,210,214,247,284,320,381,363,527,567,562,400,401,296,132,43,7,1,479,6413,129,155,222,217,161,215,219,256,292,368,402,539,583,531,533,599,499,333,116,38,6,992
2015,2015-01-01,02400,024007,青森県,上北郡,101126,3520,3954,4618,4846,3854,4275,5314,5933,6643,6036,6269,7455,8863,7930,6217,5797,4918,3067,1266,306,45,9602,49274,1789,1973,2335,2470,2122,2286,2831,3173,3504,3109,3218,3704,4532,3987,2762,2418,1795,954,262,46,4,3061,51852,1731,1981,2283,2376,1732,1989,2483,2760,3139,2927,3051,3751,4331,3943,3455,3379,3123,2113,1004,260,41,6541
2015,2015-01-01,02401,024015,青森県,上北郡野辺地町,14081,443,490,548,592,434,542,747,754,880,793,918,1087,1314,1209,1006,882,719,451,220,41,11,1442,6634,218,244,269,292,233,281,394,405,444,407,461,519,632,585,450,347,260,135,52,4,2,453,7447,225,246,279,300,201,261,353,349,436,386,457,568,682,624,556,535,459,316,168,37,9,989
2015,2015-01-01,02402,024023,青森県,上北郡七戸町,16757,449,578,654,784,583,538,745,895,982,909,978,1290,1569,1506,1193,1101,996,674,259,61,13,2003,8055,225,296,328,410,318,286,409,494,501,467,515,657,790,759,520,466,355,196,49,13,1,614,8702,224,282,326,374,265,252,336,401,481,442,463,633,779,747,673,635,641,478,210,48,12,1389
2015,2015-01-01,02405,024058,青森県,上北郡六戸町,10904,429,454,471,513,374,427,577,674,669,638,640,804,991,816,686,634,562,359,137,46,3,1107,5286,210,225,258,254,196,206,297,346,369,315,344,403,518,405,318,259,208,123,25,7,0,363,5618,219,229,213,259,178,221,280,328,300,323,296,401,473,411,368,375,354,236,112,39,3,744
2015,2015-01-01,02406,024066,青森県,上北郡横浜町,4823,122,150,214,210,198,201,240,229,296,294,267,342,413,422,340,347,284,156,74,19,5,538,2395,69,72,106,110,123,137,139,136,159,161,140,171,215,209,146,146,101,40,15,0,0,156,2428,53,78,108,100,75,64,101,93,137,133,127,171,198,213,194,201,183,116,59,19,5,382
2015,2015-01-01,02408,024082,青森県,上北郡東北町,18765,611,664,861,842,661,741,915,980,1144,1050,1231,1396,1673,1535,1184,1182,1099,627,294,69,6,2095,9067,306,330,429,424,365,381,492,533,614,554,635,685,867,771,525,466,415,203,58,13,1,690,9698,305,334,432,418,296,360,423,447,530,496,596,711,806,764,659,716,684,424,236,56,5,1405
2015,2015-01-01,02411,024112,青森県,上北郡六ヶ所村,10679,443,441,482,485,576,690,673,786,763,617,638,767,828,682,484,515,430,277,87,14,1,809,5675,234,219,230,270,362,423,392,449,450,356,355,411,444,368,216,225,161,87,22,1,0,271,5004,209,222,252,215,214,267,281,337,313,261,283,356,384,314,268,290,269,190,65,13,1,538
2015,2015-01-01,02412,024121,青森県,上北郡おいらせ町,25117,1023,1177,1388,1420,1028,1136,1417,1615,1909,1735,1597,1769,2075,1760,1324,1136,828,523,195,56,6,1608,12162,527,587,715,710,525,572,708,810,967,849,768,858,1066,890,587,509,295,170,41,8,0,514,12955,496,590,673,710,503,564,709,805,942,886,829,911,1009,870,737,627,533,353,154,48,6,1094
2015,2015-01-01,02420,024201,青森県,下北郡,17236,543,642,712,807,657,705,796,966,1040,946,1081,1347,1648,1227,1103,1145,986,582,253,42,8,1871,8767,268,346,363,427,383,393,433,547,575,515,618,721,890,637,507,487,375,206,63,13,0,657,8469,275,296,349,380,274,312,363,419,465,431,463,626,758,590,596,658,611,376,190,29,8,1214
2015,2015-01-01,02423,024236,青森県,下北郡大間町,5818,209,247,269,311,238,258,290,380,383,331,354,420,561,411,308,350,259,160,69,8,2,498,3000,108,140,143,177,154,147,157,210,199,183,199,229,294,203,135,149,99,59,14,1,0,173,2818,101,107,126,134,84,111,133,170,184,148,155,191,267,208,173,201,160,101,55,7,2,325
2015,2015-01-01,02424,024244,青森県,下北郡東通村,6972,252,267,282,295,287,315,373,375,419,363,439,597,619,440,390,460,447,239,93,17,3,799,3540,118,143,148,139,146,186,204,214,237,198,256,316,334,240,178,196,176,79,26,6,0,287,3432,134,124,134,156,141,129,169,161,182,165,183,281,285,200,212,264,271,160,67,11,3,512
2015,2015-01-01,02425,024252,青森県,下北郡風間浦村,2156,44,63,63,99,71,71,58,109,117,125,145,157,221,198,201,163,131,79,36,3,2,251,1070,25,29,27,53,40,31,32,66,64,71,82,76,114,103,96,72,46,31,11,1,0,89,1086,19,34,36,46,31,40,26,43,53,54,63,81,107,95,105,91,85,48,25,2,2,162
2015,2015-01-01,02426,024261,青森県,下北郡佐井村,2290,38,65,98,102,61,61,75,102,121,127,143,173,247,178,204,172,149,104,55,14,1,323,1157,17,34,45,58,43,29,40,57,75,63,81,100,148,91,98,70,54,37,12,5,0,108,1133,21,31,53,44,18,32,35,45,46,64,62,73,99,87,106,102,95,67,43,9,1,215
2015,2015-01-01,02440,024406,青森県,三戸郡,72053,1906,2268,2942,3442,2811,2718,3058,3407,4116,4399,4976,5629,6661,5833,4967,4644,4165,2729,1096,243,43,8276,34837,946,1212,1466,1800,1418,1392,1672,1842,2163,2213,2596,2894,3352,3004,2273,1916,1540,844,247,39,8,2678,37216,960,1056,1476,1642,1393,1326,1386,1565,1953,2186,2380,2735,3309,2829,2694,2728,2625,1885,849,204,35,5598
2015,2015-01-01,02441,024414,青森県,三戸郡三戸町,11084,297,351,420,470,399,383,451,550,610,658,705,800,1007,929,867,767,699,453,211,49,8,1420,5277,136,191,219,260,196,200,234,316,298,352,377,414,477,466,382,317,246,134,53,7,2,442,5807,161,160,201,210,203,183,217,234,312,306,328,386,530,463,485,450,453,319,158,42,6,978
2015,2015-01-01,02442,024422,青森県,三戸郡五戸町,18492,513,577,691,846,674,733,809,884,1034,1065,1294,1487,1691,1556,1256,1245,1085,720,259,61,12,2137,8895,249,319,340,430,340,373,428,466,569,550,655,760,843,802,576,518,395,220,50,11,1,677,9597,264,258,351,416,334,360,381,418,465,515,639,727,848,754,680,727,690,500,209,50,11,1460
2015,2015-01-01,02443,024431,青森県,三戸郡田子町,6141,133,181,244,274,254,188,228,275,319,339,380,502,559,497,439,495,421,269,106,31,7,834,2954,79,93,121,133,133,100,127,158,171,163,208,242,292,240,195,199,181,90,21,6,2,300,3187,54,88,123,141,121,88,101,117,148,176,172,260,267,257,244,296,240,179,85,25,5,534
2015,2015-01-01,02445,024457,青森県,三戸郡南部町,19515,497,620,822,969,719,708,822,909,1132,1193,1357,1453,1764,1593,1359,1213,1188,803,323,63,8,2385,9332,239,316,413,513,366,355,464,479,589,581,708,741,872,809,632,496,425,243,79,10,2,759,10183,258,304,409,456,353,353,358,430,543,612,649,712,892,784,727,717,763,560,244,53,6,1626
2015,2015-01-01,02446,024465,青森県,三戸郡階上町,14080,409,473,664,783,681,616,646,675,896,1032,1059,1183,1359,1023,821,693,559,335,140,27,6,1067,7049,217,262,323,415,349,313,359,360,462,507,549,632,716,558,391,279,211,112,29,4,1,357,7031,192,211,341,368,332,303,287,315,434,525,510,551,643,465,430,414,348,223,111,23,5,710
2015,2015-01-01,02450,024503,青森県,三戸郡新郷村,2741,57,66,101,100,84,90,102,114,125,112,181,204,281,235,225,231,213,149,57,12,2,433,1330,26,31,50,49,34,51,60,63,74,60,99,105,152,129,97,107,82,45,15,1,0,143,1411,31,35,51,51,50,39,42,51,51,52,82,99,129,106,128,124,131,104,42,11,2,290
2015,2015-01-01,03000,030007,岩手県,,1295341,46319,51506,58269,61206,54359,57317,67490,78740,83807,78308,82530,89883,103627,94648,81860,75893,65532,41734,17305,4315,693,129579,622832,23645,26470,29931,31311,27555,29495,34532,40613,43239,39553,41789,45287,51763,46188,36555,31616,24943,13440,4028,764,115,43290,672509,22674,25036,28338,29895,26804,27822,32958,38127,40568,38755,40741,44596,51864,48460,45305,44277,40589,28294,13277,3551,578,86289
2015,2015-01-01,03201,032018,岩手県,盛岡市,293815,12222,12663,13594,14070,14725,15808,17915,20375,22051,19610,19469,19335,20536,19787,16206,13551,11374,6894,2837,675,118,21898,138888,6158,6474,6986,7194,7235,7706,8668,10120,10900,9599,9506,9324,9770,9213,7131,5552,4295,2277,649,114,17,7352,154927,6064,6189,6608,6876,7490,8102,9247,10255,11151,10011,9963,10011,10766,10574,9075,7999,7079,4617,2188,561,101,14546
2015,2015-01-01,03202,032026,岩手県,宮古市,56671,1808,2090,2345,2674,1998,2191,2649,2994,3464,3370,3575,3921,4617,4663,4235,3825,3104,2072,840,203,33,6252,27210,938,1062,1210,1392,1045,1151,1370,1540,1805,1751,1869,1980,2283,2253,1889,1586,1173,678,202,24,9,2086,29461,870,1028,1135,1282,953,1040,1279,1454,1659,1619,1706,1941,2334,2410,2346,2239,1931,1394,638,179,24,4166
2015,2015-01-01,03203,032034,岩手県,大船渡市,38580,1234,1315,1567,1889,1411,1407,1659,2056,2368,2374,2592,2561,3189,3015,3001,2618,2177,1400,568,153,26,4324,18580,669,656,834,972,749,766,877,1053,1259,1189,1319,1300,1576,1482,1310,1137,836,439,119,34,4,1432,20000,565,659,733,917,662,641,782,1003,1109,1185,1273,1261,1613,1533,1691,1481,1341,961,449,119,22,2892
2015,2015-01-01,03205,032051,岩手県,花巻市,99476,3438,3941,4565,4596,4140,4218,5011,6000,6380,5823,6044,6668,7775,7528,6768,6122,5245,3403,1396,351,64,10459,47319,1744,2050,2361,2296,2114,2220,2549,3068,3291,2903,3072,3334,3837,3567,3015,2504,1939,1047,322,74,12,3394,52157,1694,1891,2204,2300,2026,1998,2462,2932,3089,2920,2972,3334,3938,3961,3753,3618,3306,2356,1074,277,52,7065
2015,2015-01-01,03206,032069,岩手県,北上市,93389,4016,4332,4768,4643,4151,4565,5590,6854,7012,6061,5651,5851,6844,6028,5107,4415,3823,2390,1006,240,42,7501,45777,2100,2208,2433,2374,2128,2337,2903,3643,3763,3160,2903,2989,3387,2862,2269,1831,1443,740,247,51,6,2487,47612,1916,2124,2335,2269,2023,2228,2687,3211,3249,2901,2748,2862,3457,3166,2838,2584,2380,1650,759,189,36,5014
2015,2015-01-01,03207,032077,岩手県,久慈市,36921,1402,1540,1720,1872,1491,1568,1886,2026,2351,2377,2493,2676,2987,2623,2205,2190,1776,1145,463,109,21,3514,17835,736,815,881,976,742,772,949,1036,1200,1207,1287,1363,1524,1314,994,917,663,340,100,15,4,1122,19086,666,725,839,896,749,796,937,990,1151,1170,1206,1313,1463,1309,1211,1273,1113,805,363,94,17,2392
2015,2015-01-01,03208,032085,岩手県,遠野市,29011,919,1046,1149,1239,1031,1083,1396,1450,1451,1496,1731,2172,2462,2195,2013,2233,2023,1260,517,125,20,3945,13960,467,560,604,627,502,565,745,798,769,758,938,1104,1276,1119,862,901,792,424,128,18,3,1365,15051,452,486,545,612,529,518,651,652,682,738,793,1068,1186,1076,1151,1332,1231,836,389,107,17,2580
2015,2015-01-01,03209,032093,岩手県,一関市,123555,4066,4801,5437,5676,4402,4808,5844,7054,7059,6908,7740,9053,10692,9078,7869,7898,7363,5075,2122,530,80,15170,59976,2121,2474,2760,2940,2274,2535,3086,3724,3706,3530,3965,4663,5519,4637,3592,3340,2806,1677,506,109,12,5110,63579,1945,2327,2677,2736,2128,2273,2758,3330,3353,3378,3775,4390,5173,4441,4277,4558,4557,3398,1616,421,68,10060
2015,2015-01-01,03210,032107,岩手県,陸前高田市,20278,507,653,894,950,733,665,806,1044,1196,1251,1279,1397,1699,1621,1593,1448,1245,787,392,105,13,2542,9864,268,352,438,519,390,365,432,588,618,652,641,710,862,809,726,624,507,260,86,16,1,870,10414,239,301,456,431,343,300,374,456,578,599,638,687,837,812,867,824,738,527,306,89,12,1672
2015,2015-01-01,03211,032115,岩手県,釜石市,36283,1101,1238,1435,1529,1210,1340,1639,1896,2078,2194,2168,2351,3204,2831,2936,2767,2276,1383,554,138,15,4366,17217,522,631,720,805,627,722,876,996,1077,1138,1119,1191,1600,1311,1303,1160,836,425,134,21,3,1419,19066,579,607,715,724,583,618,763,900,1001,1056,1049,1160,1604,1520,1633,1607,1440,958,420,117,12,2947
2015,2015-01-01,03213,032131,岩手県,二戸市,28787,921,1044,1255,1311,995,1090,1331,1566,1748,1794,1754,2082,2484,2189,1962,1871,1691,1140,422,125,12,3390,13696,472,526,652,674,479,581,687,782,890,921,918,1063,1240,1068,882,744,676,328,91,19,3,1117,15091,449,518,603,637,516,509,644,784,858,873,836,1019,1244,1121,1080,1127,1015,812,331,106,9,2273
2015,2015-01-01,03214,032140,岩手県,八幡平市,27521,758,864,1038,1230,948,1079,1249,1439,1468,1396,1759,2127,2681,2060,1902,1957,1853,1078,484,135,16,3566,13310,372,467,551,614,457,575,657,743,786,710,878,1134,1389,1077,861,817,710,354,133,19,6,1222,14211,386,397,487,616,491,504,592,696,682,686,881,993,1292,983,1041,1140,1143,724,351,116,10,2344
2015,2015-01-01,03215,032158,岩手県,奥州市,121970,4175,4833,5531,5746,4849,5262,6240,7310,7357,6632,7480,8451,9741,9127,7615,7705,6933,4526,1865,498,94,13916,58831,2119,2501,2827,2912,2469,2787,3283,3819,3866,3389,3770,4324,4902,4499,3437,3245,2651,1485,427,103,16,4682,63139,2056,2332,2704,2834,2380,2475,2957,3491,3491,3243,3710,4127,4839,4628,4178,4460,4282,3041,1438,395,78,9234
2015,2015-01-01,03216,032166,岩手県,滝沢市,55062,2520,2724,2943,2834,3056,2933,3568,4027,4046,3364,3665,3795,4272,3853,2827,1960,1358,832,385,90,10,2675,27072,1238,1366,1590,1436,1615,1503,1794,2055,2030,1664,1813,1871,2080,1871,1363,885,547,260,78,12,1,898,27990,1282,1358,1353,1398,1441,1430,1774,1972,2016,1700,1852,1924,2192,1982,1464,1075,811,572,307,78,9,1777
2015,2015-01-01,03300,033006,岩手県,岩手郡,38839,1068,1270,1521,1665,1511,1520,1670,1972,2073,2210,2589,2988,3600,3062,2620,2761,2458,1523,614,133,11,4739,18846,540,656,785,852,797,857,888,1054,1061,1145,1327,1540,1871,1584,1122,1147,957,497,142,23,1,1620,19993,528,614,736,813,714,663,782,918,1012,1065,1262,1448,1729,1478,1498,1614,1501,1026,472,110,10,3119
2015,2015-01-01,03301,033014,岩手県,岩手郡雫石町,17530,535,622,726,772,723,757,809,983,1008,1008,1132,1302,1571,1425,1138,1142,978,592,239,63,5,1877,8440,272,321,368,393,369,411,416,512,502,516,558,658,790,728,509,490,382,192,46,7,0,627,9090,263,301,358,379,354,346,393,471,506,492,574,644,781,697,629,652,596,400,193,56,5,1250
2015,2015-01-01,03302,033022,岩手県,岩手郡葛巻町,6839,164,173,206,245,210,190,257,293,294,354,450,562,702,597,541,571,558,320,131,19,2,1030,3328,86,83,102,134,117,116,140,174,160,200,230,285,386,309,233,233,210,99,30,1,0,340,3511,78,90,104,111,93,74,117,119,134,154,220,277,316,288,308,338,348,221,101,18,2,690
2015,2015-01-01,03303,033031,岩手県,岩手郡岩手町,14470,369,475,589,648,578,573,604,696,771,848,1007,1124,1327,1040,941,1048,922,611,244,51,4,1832,7078,182,252,315,325,311,330,332,368,399,429,539,597,695,547,380,424,365,206,66,15,1,653,7392,187,223,274,323,267,243,272,328,372,419,468,527,632,493,561,624,557,405,178,36,3,1179
2015,2015-01-01,03320,033201,岩手県,紫波郡,60607,2225,2637,3089,3236,2829,2829,3362,3868,4330,3916,4084,4289,4739,4433,3345,2800,2386,1473,593,128,16,4596,29014,1123,1302,1562,1636,1363,1425,1743,1927,2201,1909,1993,2117,2337,2196,1539,1157,880,445,132,23,4,1484,31593,1102,1335,1527,1600,1466,1404,1619,1941,2129,2007,2091,2172,2402,2237,1806,1643,1506,1028,461,105,12,3112
2015,2015-01-01,03321,033219,岩手県,紫波郡紫波町,33745,1210,1427,1690,1720,1487,1495,1734,2095,2299,2171,2245,2374,2689,2519,2012,1752,1479,910,350,76,11,2826,16136,620,711,863,878,726,754,904,1048,1156,1074,1127,1173,1306,1246,889,734,554,279,79,12,3,927,17609,590,716,827,842,761,741,830,1047,1143,1097,1118,1201,1383,1273,1123,1018,925,631,271,64,8,1899
2015,2015-01-01,03322,033227,岩手県,紫波郡矢巾町,26862,1015,1210,1399,1516,1342,1334,1628,1773,2031,1745,1839,1915,2050,1914,1333,1048,907,563,243,52,5,1770,12878,503,591,699,758,637,671,839,879,1045,835,866,944,1031,950,650,423,326,166,53,11,1,557,13984,512,619,700,758,705,663,789,894,986,910,973,971,1019,964,683,625,581,397,190,41,4,1213
2015,2015-01-01,03360,033600,岩手県,和賀郡,6252,129,158,190,231,215,184,216,234,234,270,356,520,562,488,498,586,569,379,178,45,10,1181,2928,74,78,97,112,119,112,115,131,113,135,184,295,287,239,211,235,213,126,42,9,1,391,3324,55,80,93,119,96,72,101,103,121,135,172,225,275,249,287,351,356,253,136,36,9,790
2015,2015-01-01,03366,033669,岩手県,和賀郡西和賀町,6252,129,158,190,231,215,184,216,234,234,270,356,520,562,488,498,586,569,379,178,45,10,1181,2928,74,78,97,112,119,112,115,131,113,135,184,295,287,239,211,235,213,126,42,9,1,391,3324,55,80,93,119,96,72,101,103,121,135,172,225,275,249,287,351,356,253,136,36,9,790
2015,2015-01-01,03380,033804,岩手県,胆沢郡,16019,608,703,788,765,760,786,870,1050,1039,919,976,1073,1219,1016,886,941,805,520,227,60,8,1620,8045,336,375,399,418,421,446,456,568,561,503,522,533,636,514,403,399,328,162,54,9,2,555,7974,272,328,389,347,339,340,414,482,478,416,454,540,583,502,483,542,477,358,173,51,6,1065
2015,2015-01-01,03381,033812,岩手県,胆沢郡金ケ崎町,16019,608,703,788,765,760,786,870,1050,1039,919,976,1073,1219,1016,886,941,805,520,227,60,8,1620,8045,336,375,399,418,421,446,456,568,561,503,522,533,636,514,403,399,328,162,54,9,2,555,7974,272,328,389,347,339,340,414,482,478,416,454,540,583,502,483,542,477,358,173,51,6,1065
2015,2015-01-01,03400,034002,岩手県,西磐井郡,8092,265,316,340,346,304,318,402,464,416,384,524,596,744,646,542,500,473,334,128,41,9,985,3919,143,164,164,180,152,173,225,266,227,185,253,303,375,333,250,215,168,111,29,3,0,311,4173,122,152,176,166,152,145,177,198,189,199,271,293,369,313,292,285,305,223,99,38,9,674
2015,2015-01-01,03402,034029,岩手県,西磐井郡平泉町,8092,265,316,340,346,304,318,402,464,416,384,524,596,744,646,542,500,473,334,128,41,9,985,3919,143,164,164,180,152,173,225,266,227,185,253,303,375,333,250,215,168,111,29,3,0,311,4173,122,152,176,166,152,145,177,198,189,199,271,293,369,313,292,285,305,223,99,38,9,674
2015,2015-01-01,03440,034401,岩手県,気仙郡,5951,127,181,195,210,170,218,230,264,265,304,376,467,544,452,443,473,469,357,151,42,13,1032,2908,61,99,86,124,91,118,121,149,139,165,213,251,305,230,189,213,181,125,40,5,3,354,3043,66,82,109,86,79,100,109,115,126,139,163,216,239,222,254,260,288,232,111,37,10,678
2015,2015-01-01,03441,034410,岩手県,気仙郡住田町,5951,127,181,195,210,170,218,230,264,265,304,376,467,544,452,443,473,469,357,151,42,13,1032,2908,61,99,86,124,91,118,121,149,139,165,213,251,305,230,189,213,181,125,40,5,3,354,3043,66,82,109,86,79,100,109,115,126,139,163,216,239,222,254,260,288,232,111,37,10,678
2015,2015-01-01,03460,034606,岩手県,上閉伊郡,12533,397,395,488,610,487,461,519,622,727,753,812,959,1118,1051,984,839,716,417,142,32,4,1311,6004,206,205,246,289,250,229,286,319,403,363,411,498,584,511,431,333,268,137,28,7,0,440,6529,191,190,242,321,237,232,233,303,324,390,401,461,534,540,553,506,448,280,114,25,4,871
2015,2015-01-01,03461,034614,岩手県,上閉伊郡大槌町,12533,397,395,488,610,487,461,519,622,727,753,812,959,1118,1051,984,839,716,417,142,32,4,1311,6004,206,205,246,289,250,229,286,319,403,363,411,498,584,511,431,333,268,137,28,7,0,440,6529,191,190,242,321,237,232,233,303,324,390,401,461,534,540,553,506,448,280,114,25,4,871
2015,2015-01-01,03480,034801,岩手県,下閉伊郡,33490,950,1078,1360,1537,1107,1144,1342,1569,1927,1912,2036,2398,2972,2833,2653,2605,2072,1274,561,138,22,4067,16307,474,559,700,788,607,598,697,837,1071,1012,1094,1242,1515,1428,1183,1084,839,433,120,21,5,1418,17183,476,519,660,749,500,546,645,732,856,900,942,1156,1457,1405,1470,1521,1233,841,441,117,17,2649
2015,2015-01-01,03482,034827,岩手県,下閉伊郡山田町,16688,461,542,713,868,586,587,698,865,1044,1078,961,1121,1408,1487,1363,1198,869,533,239,58,9,1708,8117,230,285,361,441,327,307,348,450,574,566,522,580,704,744,596,504,348,172,47,7,4,578,8571,231,257,352,427,259,280,350,415,470,512,439,541,704,743,767,694,521,361,192,51,5,1130
2015,2015-01-01,03483,034835,岩手県,下閉伊郡岩泉町,10237,282,315,391,370,299,347,391,398,510,512,659,759,930,829,834,950,768,458,189,39,7,1461,4960,135,164,207,193,153,183,223,210,293,269,346,398,485,418,375,381,317,157,43,9,1,527,5277,147,151,184,177,146,164,168,188,217,243,313,361,445,411,459,569,451,301,146,30,6,934
2015,2015-01-01,03484,034843,岩手県,下閉伊郡田野畑村,3666,121,124,145,176,120,112,141,166,220,170,220,292,354,301,263,242,236,161,80,19,3,499,1822,60,63,72,93,74,61,69,92,119,92,120,145,196,152,129,103,92,64,23,3,0,182,1844,61,61,73,83,46,51,72,74,101,78,100,147,158,149,134,139,144,97,57,16,3,317
2015,2015-01-01,03485,034851,岩手県,下閉伊郡普代村,2899,86,97,111,123,102,98,112,140,153,152,196,226,280,216,193,215,199,122,53,22,3,399,1408,49,47,60,61,53,47,57,85,85,85,106,119,130,114,83,96,82,40,7,2,0,131,1491,37,50,51,62,49,51,55,55,68,67,90,107,150,102,110,119,117,82,46,20,3,268
2015,2015-01-01,03500,035009,岩手県,九戸郡,38672,1082,1267,1577,1823,1404,1396,1504,1961,2045,2256,2509,3046,3637,3040,2721,2813,2361,1458,592,151,29,4591,18796,554,650,806,917,713,727,803,1045,1124,1177,1331,1587,1898,1550,1199,1181,875,474,158,25,2,1534,19876,528,617,771,906,691,669,701,916,921,1079,1178,1459,1739,1490,1522,1632,1486,984,434,126,27,3057
2015,2015-01-01,03501,035017,岩手県,九戸郡軽米町,9912,258,338,364,444,364,368,394,470,451,634,670,776,954,741,717,746,614,416,156,33,4,1223,4864,135,172,179,225,189,187,212,269,255,337,364,412,513,385,311,307,226,131,48,7,0,412,5048,123,166,185,219,175,181,182,201,196,297,306,364,441,356,406,439,388,285,108,26,4,811
2015,2015-01-01,03503,035033,岩手県,九戸郡野田村,4484,153,155,160,216,180,180,169,238,260,277,305,343,382,345,285,286,294,155,70,24,7,550,2170,81,79,91,115,86,88,88,116,144,144,159,182,197,161,127,124,105,62,16,5,0,188,2314,72,76,69,101,94,92,81,122,116,133,146,161,185,184,158,162,189,93,54,19,7,362
2015,2015-01-01,03506,035068,岩手県,九戸郡九戸村,6231,177,217,248,250,217,191,215,314,322,321,365,485,627,488,466,520,394,265,117,25,7,808,3025,100,103,134,125,121,101,116,167,177,170,197,250,330,243,194,218,152,95,27,4,1,279,3206,77,114,114,125,96,90,99,147,145,151,168,235,297,245,272,302,242,170,90,21,6,529
2015,2015-01-01,03507,035076,岩手県,九戸郡洋野町,18045,494,557,805,913,643,657,726,939,1012,1024,1169,1442,1674,1466,1253,1261,1059,622,249,69,11,2010,8737,238,296,402,452,317,351,387,493,548,526,611,743,858,761,567,532,392,186,67,9,1,655,9308,256,261,403,461,326,306,339,446,464,498,558,699,816,705,686,729,667,436,182,60,10,1355
2015,2015-01-01,03520,035203,岩手県,二戸郡,13567,381,417,480,524,432,444,592,645,722,734,868,1107,1309,1029,929,1015,982,614,268,68,7,1939,6530,210,240,239,264,216,225,322,352,379,388,463,571,710,521,394,409,360,196,61,10,0,627,7037,171,177,241,260,216,219,270,293,343,346,405,536,599,508,535,606,622,418,207,58,7,1312
2015,2015-01-01,03524,035246,岩手県,二戸郡一戸町,13567,381,417,480,524,432,444,592,645,722,734,868,1107,1309,1029,929,1015,982,614,268,68,7,1939,6530,210,240,239,264,216,225,322,352,379,388,463,571,710,521,394,409,360,196,61,10,0,627,7037,171,177,241,260,216,219,270,293,343,346,405,536,599,508,535,606,622,418,207,58,7,1312
2015,2015-01-01,04000,040002,宮城県,,2312179,93369,98375,106131,110477,114370,126837,145570,161607,170262,147091,143584,151106,172890,156662,127805,108342,90021,57687,23465,5643,885,177701,1128025,47777,50442,54486,56750,58168,64477,73530,82434,86960,74760,72150,75380,85597,76918,59912,46839,35197,19242,5782,1101,123,61445,1184154,45592,47933,51645,53727,56202,62360,72040,79173,83302,72331,71434,75726,87293,79744,67893,61503,54824,38445,17683,4542,762,116256
2015,2015-01-01,04100,041009,宮城県,仙台市,1043233,45544,44977,46690,49089,58450,65834,73397,80527,87034,73313,65049,61948,68535,65789,53351,41222,32254,19743,8190,1975,322,62484,505977,23248,23031,23980,25106,29130,32446,36125,40319,43893,37019,32421,30432,32909,31322,24743,17877,12751,6718,2052,403,52,21976,537256,22296,21946,22710,23983,29320,33388,37272,40208,43141,36294,32628,31516,35626,34467,28608,23345,19503,13025,6138,1572,270,40508
2015,2015-01-01,04101,041017,宮城県,仙台市青葉区,286013,11519,11572,11948,12901,18664,19034,20296,21704,23271,20000,18001,16932,18331,17380,14280,11263,9457,6063,2599,693,105,18917,136882,5866,5944,6160,6594,9343,9304,9912,10694,11602,9959,8888,8162,8794,8094,6426,4743,3592,2032,617,140,16,6397,149131,5653,5628,5788,6307,9321,9730,10384,11010,11669,10041,9113,8770,9537,9286,7854,6520,5865,4031,1982,553,89,12520
2015,2015-01-01,04102,041025,宮城県,仙台市宮城野区,186795,9530,8329,8185,8421,10167,13322,15010,15624,16283,13137,11511,10560,11012,10503,8440,6811,5281,3101,1244,275,49,9950,91607,4864,4253,4232,4297,5006,6639,7436,8024,8309,6870,5796,5363,5329,5061,3808,2836,2072,1062,293,51,6,3484,95188,4666,4076,3953,4124,5161,6683,7574,7600,7974,6267,5715,5197,5683,5442,4632,3975,3209,2039,951,224,43,6466
2015,2015-01-01,04103,041033,宮城県,仙台市若林区,129845,5805,5456,5470,6063,6872,8624,9574,10398,11210,9228,8220,7583,8292,7924,6282,5122,4004,2470,970,243,35,7722,63551,2956,2737,2709,3095,3492,4246,4833,5320,5758,4735,4179,3821,4093,3863,2878,2157,1554,825,260,39,1,2679,66294,2849,2719,2761,2968,3380,4378,4741,5078,5452,4493,4041,3762,4199,4061,3404,2965,2450,1645,710,204,34,5043
2015,2015-01-01,04104,041041,宮城県,仙台市太白区,224401,9777,9920,10424,10676,11459,12944,15019,17008,18596,15902,13650,13178,15017,14574,12233,9580,7386,4667,1928,391,72,14444,108956,4978,5147,5419,5445,5786,6392,7334,8450,9422,7990,6882,6521,7216,6863,5751,4220,2935,1587,502,101,15,5140,115445,4799,4773,5005,5231,5673,6552,7685,8558,9174,7912,6768,6657,7801,7711,6482,5360,4451,3080,1426,290,57,9304
2015,2015-01-01,04105,041050,宮城県,仙台市泉区,216179,8913,9700,10663,11028,11288,11910,13498,15793,17674,15046,13667,13695,15883,15408,12116,8446,6126,3442,1449,373,61,11451,104981,4584,4950,5460,5675,5503,5865,6610,7831,8802,7465,6676,6565,7477,7441,5880,3921,2598,1212,380,72,14,4276,111198,4329,4750,5203,5353,5785,6045,6888,7962,8872,7581,6991,7130,8406,7967,6236,4525,3528,2230,1069,301,47,7175
2015,2015-01-01,04202,042021,宮城県,石巻市,149050,5168,5652,6752,7259,6534,7033,7811,9128,9600,9008,9417,10135,11889,11194,9967,8652,7015,4487,1838,445,66,13851,72574,2712,2867,3456,3700,3353,3746,4128,4755,4952,4601,4741,5138,5970,5453,4639,3693,2687,1466,424,88,5,4670,76476,2456,2785,3296,3559,3181,3287,3683,4373,4648,4407,4676,4997,5919,5741,5328,4959,4328,3021,1414,357,61,9181
2015,2015-01-01,04203,042030,宮城県,塩竈市,55626,1740,1993,2336,2558,2581,2579,2814,3200,3604,3436,3523,3855,4538,4479,3854,3352,2705,1643,665,155,16,5184,26640,895,1018,1185,1281,1277,1287,1495,1608,1840,1733,1748,1916,2230,2116,1757,1421,1077,562,171,23,0,1833,28986,845,975,1151,1277,1304,1292,1319,1592,1764,1703,1775,1939,2308,2363,2097,1931,1628,1081,494,132,16,3351
2015,2015-01-01,04205,042056,宮城県,気仙沼市,67347,1926,2194,2841,3280,2334,2283,2736,3507,4138,4288,4534,4788,5625,5770,5270,4534,3696,2367,956,251,29,7299,32833,1012,1118,1480,1746,1234,1255,1453,1835,2197,2225,2295,2350,2881,2806,2448,1997,1459,788,209,40,5,2501,34514,914,1076,1361,1534,1100,1028,1283,1672,1941,2063,2239,2438,2744,2964,2822,2537,2237,1579,747,211,24,4798
2015,2015-01-01,04206,042064,宮城県,白石市,35965,1148,1356,1551,1602,1513,1695,1903,2081,2158,2033,2243,2702,3115,2710,2279,2002,1887,1332,504,123,28,3874,17609,599,720,811,793,814,923,974,1080,1138,1018,1132,1392,1579,1373,1097,831,737,438,130,25,5,1335,18356,549,636,740,809,699,772,929,1001,1020,1015,1111,1310,1536,1337,1182,1171,1150,894,374,98,23,2539
2015,2015-01-01,04207,042072,宮城県,名取市,75762,3871,3945,3922,4005,3772,4087,5135,5984,5998,5015,4906,4689,5106,4344,3637,2987,2268,1358,582,131,20,4359,37237,1964,1947,2011,2058,1922,2029,2522,3032,3063,2557,2396,2369,2546,2212,1695,1366,924,460,133,29,2,1548,38525,1907,1998,1911,1947,1850,2058,2613,2952,2935,2458,2510,2320,2560,2132,1942,1621,1344,898,449,102,18,2811
2015,2015-01-01,04208,042081,宮城県,角田市,30595,1008,1272,1363,1333,1277,1444,1619,1795,1837,1570,1807,2245,2730,2433,1820,1648,1560,1194,489,134,17,3394,15107,516,635,722,677,673,801,838,965,937,850,897,1139,1388,1255,911,740,600,415,120,27,1,1163,15488,492,637,641,656,604,643,781,830,900,720,910,1106,1342,1178,909,908,960,779,369,107,16,2231
2015,2015-01-01,04209,042099,宮城県,多賀城市,62116,2937,2905,3026,3408,3329,3563,4232,4647,4880,4161,3717,3781,4211,4030,3298,2560,1895,1006,420,95,15,3431,31056,1508,1511,1536,1837,1796,1865,2164,2394,2523,2167,1889,1917,2045,1955,1539,1134,790,365,103,15,3,1276,31060,1429,1394,1490,1571,1533,1698,2068,2253,2357,1994,1828,1864,2166,2075,1759,1426,1105,641,317,80,12,2155
2015,2015-01-01,04211,042111,宮城県,岩沼市,43897,1974,2171,2347,2113,2087,2450,2822,3325,3380,2641,2528,2780,3389,2917,2275,1826,1429,942,368,110,23,2872,21658,1048,1149,1205,1133,1054,1247,1418,1643,1790,1375,1263,1402,1665,1409,1076,813,545,316,76,26,5,968,22239,926,1022,1142,980,1033,1203,1404,1682,1590,1266,1265,1378,1724,1508,1199,1013,884,626,292,84,18,1904
2015,2015-01-01,04212,042129,宮城県,登米市,83459,2968,3269,3795,3826,3246,3756,4722,5001,4474,4153,5259,6526,7695,5631,4492,4991,4759,3311,1275,269,41,9655,40633,1464,1734,1969,1956,1711,2005,2458,2727,2346,2134,2624,3337,3938,2930,2112,2027,1773,1050,288,44,6,3161,42826,1504,1535,1826,1870,1535,1751,2264,2274,2128,2019,2635,3189,3757,2701,2380,2964,2986,2261,987,225,35,6494
2015,2015-01-01,04213,042137,宮城県,栗原市,72439,2197,2501,2911,3123,2582,2812,3545,3841,3676,3332,4283,5773,6941,5453,4455,4997,5002,3376,1288,304,47,10017,35080,1121,1326,1512,1583,1362,1550,1883,2040,1925,1723,2224,2878,3545,2850,2069,2012,1953,1118,342,57,7,3477,37359,1076,1175,1399,1540,1220,1262,1662,1801,1751,1609,2059,2895,3396,2603,2386,2985,3049,2258,946,247,40,6540
2015,2015-01-01,04214,042145,宮城県,東松島市,40107,1644,1801,2010,2078,1815,2019,2483,2645,2858,2319,2368,2656,3242,2881,2399,1949,1463,969,372,120,16,2940,19725,793,938,1042,1075,974,1056,1304,1348,1453,1179,1222,1278,1656,1403,1150,873,574,297,86,22,2,981,20382,851,863,968,1003,841,963,1179,1297,1405,1140,1146,1378,1586,1478,1249,1076,889,672,286,98,14,1959
2015,2015-01-01,04215,042153,宮城県,大崎市,134100,5295,5843,6284,6277,5993,6860,8315,8874,8760,7585,8398,9494,10991,8908,6969,6859,6360,4065,1563,352,55,12395,65492,2678,2932,3191,3257,3068,3638,4366,4593,4506,3892,4343,4791,5584,4487,3205,2859,2343,1325,370,58,6,4102,68608,2617,2911,3093,3020,2925,3222,3949,4281,4254,3693,4055,4703,5407,4421,3764,4000,4017,2740,1193,294,49,8293
2015,2015-01-01,04300,043001,宮城県,刈田郡,14235,448,507,591,668,605,616,705,699,723,730,892,1041,1315,1101,892,862,872,649,246,64,9,1840,7012,226,248,296,338,315,336,376,375,352,364,486,551,680,583,444,369,349,237,70,17,0,673,7223,222,259,295,330,290,280,329,324,371,366,406,490,635,518,448,493,523,412,176,47,9,1167
2015,2015-01-01,04301,043010,宮城県,刈田郡蔵王町,12686,428,467,540,582,562,558,651,648,662,667,793,944,1196,1000,791,737,706,495,193,60,6,1460,6255,217,233,269,289,288,301,343,348,324,330,431,496,617,531,398,317,283,169,55,16,0,523,6431,211,234,271,293,274,257,308,300,338,337,362,448,579,469,393,420,423,326,138,44,6,937
2015,2015-01-01,04302,043028,宮城県,刈田郡七ヶ宿町,1549,20,40,51,86,43,58,54,51,61,63,99,97,119,101,101,125,166,154,53,4,3,380,757,9,15,27,49,27,35,33,27,28,34,55,55,63,52,46,52,66,68,15,1,0,150,792,11,25,24,37,16,23,21,24,33,29,44,42,56,49,55,73,100,86,38,3,3,230
2015,2015-01-01,04320,043206,宮城県,柴田郡,82980,3184,3500,3774,3955,3945,4514,5102,5321,5615,4652,4697,5805,6851,6231,4898,4093,3352,2247,951,253,40,6843,41091,1628,1809,1927,2097,2069,2334,2676,2807,2906,2339,2385,2868,3401,3161,2419,1846,1372,739,253,53,2,2419,41889,1556,1691,1847,1858,1876,2180,2426,2514,2709,2313,2312,2937,3450,3070,2479,2247,1980,1508,698,200,38,4424
2015,2015-01-01,04321,043214,宮城県,柴田郡大河原町,23688,1041,1117,1171,1109,1072,1357,1560,1629,1735,1428,1336,1603,1672,1616,1320,1108,910,578,263,51,12,1814,11559,549,581,575,576,524,663,800,856,878,688,707,758,825,790,653,493,377,176,74,15,1,643,12129,492,536,596,533,548,694,760,773,857,740,629,845,847,826,667,615,533,402,189,36,11,1171
2015,2015-01-01,04322,043222,宮城県,柴田郡村田町,11605,395,439,478,563,473,586,656,662,696,582,657,933,1056,855,709,614,595,440,171,35,10,1251,5780,184,232,242,311,239,294,355,365,365,296,331,475,546,467,362,260,245,160,43,8,0,456,5825,211,207,236,252,234,292,301,297,331,286,326,458,510,388,347,354,350,280,128,27,10,795
2015,2015-01-01,04323,043231,宮城県,柴田郡柴田町,38278,1488,1627,1760,1836,2037,2157,2357,2556,2642,2109,2145,2500,3152,3035,2305,1832,1376,866,370,114,14,2740,19068,755,830,916,987,1119,1169,1228,1325,1365,1087,1059,1239,1517,1508,1129,862,566,289,96,21,1,973,19210,733,797,844,849,918,988,1129,1231,1277,1022,1086,1261,1635,1527,1176,970,810,577,274,93,13,1767
2015,2015-01-01,04324,043249,宮城県,柴田郡川崎町,9409,260,317,365,447,363,414,529,474,542,533,559,769,971,725,564,539,471,363,147,53,4,1038,4684,140,166,194,223,187,208,293,261,298,268,288,396,513,396,275,231,184,114,40,9,0,347,4725,120,151,171,224,176,206,236,213,244,265,271,373,458,329,289,308,287,249,107,44,4,691
2015,2015-01-01,04340,043401,宮城県,伊具郡,14726,389,456,575,611,586,573,694,712,664,743,881,1116,1452,1086,981,973,981,802,351,81,19,2234,7279,206,249,288,314,289,317,369,386,344,387,473,600,770,576,481,420,398,270,116,23,3,810,7447,183,207,287,297,297,256,325,326,320,356,408,516,682,510,500,553,583,532,235,58,16,1424
2015,2015-01-01,04341,043419,宮城県,伊具郡丸森町,14726,389,456,575,611,586,573,694,712,664,743,881,1116,1452,1086,981,973,981,802,351,81,19,2234,7279,206,249,288,314,289,317,369,386,344,387,473,600,770,576,481,420,398,270,116,23,3,810,7447,183,207,287,297,297,256,325,326,320,356,408,516,682,510,500,553,583,532,235,58,16,1424
2015,2015-01-01,04360,043605,宮城県,亘理郡,46850,1520,1802,2159,2230,1995,2169,2459,2930,3007,2560,2748,3450,4133,3959,3071,2432,2014,1419,600,162,31,4226,22975,778,889,1121,1112,1013,1121,1267,1517,1536,1309,1386,1771,2080,1979,1513,1115,789,493,154,27,5,1468,23875,742,913,1038,1118,982,1048,1192,1413,1471,1251,1362,1679,2053,1980,1558,1317,1225,926,446,135,26,2758
2015,2015-01-01,04361,043613,宮城県,亘理郡亘理町,34083,1220,1419,1649,1689,1509,1628,1915,2263,2259,1944,2011,2510,2905,2718,2065,1625,1311,936,378,110,19,2754,16679,613,691,873,815,772,838,967,1172,1147,991,1001,1287,1465,1345,1015,733,510,332,86,21,5,954,17404,607,728,776,874,737,790,948,1091,1112,953,1010,1223,1440,1373,1050,892,801,604,292,89,14,1800
2015,2015-01-01,04362,043621,宮城県,亘理郡山元町,12767,300,383,510,541,486,541,544,667,748,616,737,940,1228,1241,1006,807,703,483,222,52,12,1472,6296,165,198,248,297,241,283,300,345,389,318,385,484,615,634,498,382,279,161,68,6,0,514,6471,135,185,262,244,245,258,244,322,359,298,352,456,613,607,508,425,424,322,154,46,12,958
2015,2015-01-01,04400,044008,宮城県,宮城郡,70562,2654,3246,3596,3680,3554,3523,3958,4538,4962,4525,4790,5148,5649,4876,3920,3204,2468,1455,637,152,27,4739,34759,1415,1688,1874,1888,1783,1799,1968,2320,2546,2265,2345,2601,2883,2461,1836,1431,974,500,152,25,5,1656,35803,1239,1558,1722,1792,1771,1724,1990,2218,2416,2260,2445,2547,2766,2415,2084,1773,1494,955,485,127,22,3083
2015,2015-01-01,04401,044016,宮城県,宮城郡松島町,14897,399,463,569,620,631,637,713,796,845,929,900,1048,1284,1241,1073,1068,836,532,245,56,12,1681,7236,233,256,306,336,311,324,351,430,453,463,443,543,613,627,471,476,327,202,59,9,3,600,7661,166,207,263,284,320,313,362,366,392,466,457,505,671,614,602,592,509,330,186,47,9,1081
2015,2015-01-01,04404,044041,宮城県,宮城郡七ヶ浜町,19395,558,831,993,1059,962,877,914,1108,1354,1325,1319,1462,1666,1430,1242,975,725,374,172,41,8,1320,9643,285,434,512,555,504,462,495,560,693,682,658,731,881,716,571,441,297,111,45,9,1,463,9752,273,397,481,504,458,415,419,548,661,643,661,731,785,714,671,534,428,263,127,32,7,857
2015,2015-01-01,04406,044067,宮城県,宮城郡利府町,36270,1697,1952,2034,2001,1961,2009,2331,2634,2763,2271,2571,2638,2699,2205,1605,1161,907,549,220,55,7,1738,17880,897,998,1056,997,968,1013,1122,1330,1400,1120,1244,1327,1389,1118,794,514,350,187,48,7,1,593,18390,800,954,978,1004,993,996,1209,1304,1363,1151,1327,1311,1310,1087,811,647,557,362,172,48,6,1145
2015,2015-01-01,04420,044202,宮城県,黒川郡,93612,4802,5493,5521,5044,4328,4769,6264,7497,7559,6041,5570,5846,6737,5512,4090,3336,2571,1695,746,171,20,5203,46637,2471,2842,2784,2567,2304,2429,3134,3806,3905,3091,2843,2871,3420,2796,2029,1523,1029,569,182,38,4,1822,46975,2331,2651,2737,2477,2024,2340,3130,3691,3654,2950,2727,2975,3317,2716,2061,1813,1542,1126,564,133,16,3381
2015,2015-01-01,04421,044211,宮城県,黒川郡大和町,27615,1514,1431,1321,1311,1421,1714,2081,2301,2004,1602,1666,1742,1879,1430,1128,1084,987,621,296,71,11,1986,14111,789,741,703,712,792,915,1072,1232,1065,860,884,902,1006,732,531,481,407,200,67,17,3,694,13504,725,690,618,599,629,799,1009,1069,939,742,782,840,873,698,597,603,580,421,229,54,8,1292
2015,2015-01-01,04422,044229,宮城県,黒川郡大郷町,8577,302,346,339,329,332,426,522,532,398,383,463,672,904,644,480,477,488,345,152,39,4,1028,4206,165,194,174,154,176,227,264,296,225,189,224,334,466,335,237,198,179,113,43,12,1,348,4371,137,152,165,175,156,199,258,236,173,194,239,338,438,309,243,279,309,232,109,27,3,680
2015,2015-01-01,04423,044237,宮城県,黒川郡富谷町,51702,2703,3439,3573,3102,2307,2327,3329,4262,4789,3806,3129,3036,3457,3045,2217,1501,851,561,215,50,3,1680,25457,1369,1757,1766,1535,1170,1129,1628,2076,2423,1919,1576,1433,1687,1526,1116,735,353,199,53,7,0,612,26245,1334,1682,1807,1567,1137,1198,1701,2186,2366,1887,1553,1603,1770,1519,1101,766,498,362,162,43,3,1068
2015,2015-01-01,04424,044245,宮城県,黒川郡大衡村,5718,283,277,288,302,268,302,332,402,368,250,312,396,497,393,265,274,245,168,83,11,2,509,2863,148,150,141,166,166,158,170,202,192,123,159,202,261,203,145,109,90,57,19,2,0,168,2855,135,127,147,136,102,144,162,200,176,127,153,194,236,190,120,165,155,111,64,9,2,341
2015,2015-01-01,04440,044407,宮城県,加美郡,32136,1047,1274,1425,1377,1317,1450,1682,1728,1742,1614,2005,2480,2935,2371,1837,1960,1937,1308,501,127,19,3892,15685,527,644,734,666,705,769,898,945,915,814,1027,1303,1534,1214,850,848,709,423,132,25,3,1292,16451,520,630,691,711,612,681,784,783,827,800,978,1177,1401,1157,987,1112,1228,885,369,102,16,2600
2015,2015-01-01,04444,044440,宮城県,加美郡色麻町,7259,241,330,349,318,292,356,430,413,360,351,467,564,650,540,350,415,401,295,108,26,3,833,3502,120,166,174,156,156,177,223,221,185,181,225,303,336,285,167,177,130,88,25,6,1,250,3757,121,164,175,162,136,179,207,192,175,170,242,261,314,255,183,238,271,207,83,20,2,583
2015,2015-01-01,04445,044458,宮城県,加美郡加美町,24877,806,944,1076,1059,1025,1094,1252,1315,1382,1263,1538,1916,2285,1831,1487,1545,1536,1013,393,101,16,3059,12183,407,478,560,510,549,592,675,724,730,633,802,1000,1198,929,683,671,579,335,107,19,2,1042,12694,399,466,516,549,476,502,577,591,652,630,736,916,1087,902,804,874,957,678,286,82,14,2017
2015,2015-01-01,04500,045004,宮城県,遠田郡,42301,1367,1562,1798,1874,1670,1965,2291,2555,2413,2103,2562,3268,4001,3313,2571,2518,2293,1511,555,95,16,4470,20546,709,801,927,997,849,1031,1214,1353,1274,1061,1285,1669,1975,1682,1215,1030,875,442,139,18,0,1474,21755,658,761,871,877,821,934,1077,1202,1139,1042,1277,1599,2026,1631,1356,1488,1418,1069,416,77,16,2996
2015,2015-01-01,04501,045012,宮城県,遠田郡涌谷町,17120,526,596,742,722,680,840,969,986,918,815,1082,1391,1662,1323,1029,1022,969,577,225,37,9,1817,8328,272,293,393,372,364,446,520,526,501,392,544,715,841,669,488,416,360,157,53,6,0,576,8792,254,303,349,350,316,394,449,460,417,423,538,676,821,654,541,606,609,420,172,31,9,1241
2015,2015-01-01,04505,045055,宮城県,遠田郡美里町,25181,841,966,1056,1152,990,1125,1322,1569,1495,1288,1480,1877,2339,1990,1542,1496,1324,934,330,58,7,2653,12218,437,508,534,625,485,585,694,827,773,669,741,954,1134,1013,727,614,515,285,86,12,0,898,12963,404,458,522,527,505,540,628,742,722,619,739,923,1205,977,815,882,809,649,244,46,7,1755
2015,2015-01-01,04580,045802,宮城県,牡鹿郡,7034,186,178,273,329,314,330,320,383,354,386,382,466,571,627,614,500,412,270,105,28,6,821,3498,89,95,136,166,186,206,190,218,193,207,202,232,285,315,280,221,171,77,21,7,1,277,3536,97,83,137,163,128,124,130,165,161,179,180,234,286,312,334,279,241,193,84,21,5,544
2015,2015-01-01,04581,045811,宮城県,牡鹿郡女川町,7034,186,178,273,329,314,330,320,383,354,386,382,466,571,627,614,500,412,270,105,28,6,821,3498,89,95,136,166,186,206,190,218,193,207,202,232,285,315,280,221,171,77,21,7,1,277,3536,97,83,137,163,128,124,130,165,161,179,180,234,286,312,334,279,241,193,84,21,5,544
2015,2015-01-01,04600,046001,宮城県,本吉郡,14047,352,478,591,758,543,513,561,689,826,883,1025,1114,1239,1047,865,885,828,538,263,46,3,1678,6922,170,251,299,403,287,287,310,368,426,450,523,575,633,580,404,393,318,174,59,11,1,563,7125,182,227,292,355,256,226,251,321,400,433,502,539,606,467,461,492,510,364,204,35,2,1115
2015,2015-01-01,04606,046060,宮城県,本吉郡南三陸町,14047,352,478,591,758,543,513,561,689,826,883,1025,1114,1239,1047,865,885,828,538,263,46,3,1678,6922,170,251,299,403,287,287,310,368,426,450,523,575,633,580,404,393,318,174,59,11,1,563,7125,182,227,292,355,256,226,251,321,400,433,502,539,606,467,461,492,510,364,204,35,2,1115
2015,2015-01-01,05000,050008,秋田県,,1052988,32271,37530,42291,46217,39248,41871,51342,61116,64135,60076,67605,77297,91142,84202,69553,68348,60489,38682,15498,3575,500,118744,496795,16441,19160,21510,23587,20180,21474,26430,31658,32411,29858,33359,37987,44815,40652,30756,27953,22448,11984,3431,638,63,38564,556193,15830,18370,20781,22630,19068,20397,24912,29458,31724,30218,34246,39310,46327,43550,38797,40395,38041,26698,12067,2937,437,80180
2015,2015-01-01,05201,052019,秋田県,秋田市,317733,11420,12526,13597,14745,13887,14725,17588,21186,22935,19991,20926,21998,25337,24083,18955,16880,13837,8742,3469,791,115,26954,149723,5799,6360,6802,7600,7020,7181,8641,10688,11341,9727,10020,10519,12190,11400,8564,7015,5095,2786,822,138,15,8856,168010,5621,6166,6795,7145,6867,7544,8947,10498,11594,10264,10906,11479,13147,12683,10391,9865,8742,5956,2647,653,100,18098
2015,2015-01-01,05202,052027,秋田県,能代市,56810,1468,1887,2227,2381,1724,1921,2495,3098,3340,3343,3524,4021,5027,4910,4269,4120,3673,2203,929,223,27,7055,26344,736,991,1150,1223,853,1009,1309,1584,1695,1667,1723,1972,2449,2273,1803,1635,1383,651,200,36,2,2272,30466,732,896,1077,1158,871,912,1186,1514,1645,1676,1801,2049,2578,2637,2466,2485,2290,1552,729,187,25,4783
2015,2015-01-01,05203,052035,秋田県,横手市,95605,2965,3460,3859,4105,3167,3692,4652,5336,5370,5075,5971,7358,8611,7418,6088,6433,5940,4076,1643,336,50,12045,45395,1503,1803,1958,2073,1676,1927,2461,2805,2753,2519,2949,3664,4241,3588,2808,2654,2280,1281,371,73,8,4013,50210,1462,1657,1901,2032,1491,1765,2191,2531,2617,2556,3022,3694,4370,3830,3280,3779,3660,2795,1272,263,42,8032
2015,2015-01-01,05204,052043,秋田県,大館市,76504,2247,2769,2999,3243,2539,2814,3589,4269,4480,4268,4871,5332,6507,6348,5538,5468,4764,2921,1221,276,41,9223,35923,1167,1434,1555,1655,1330,1440,1885,2244,2283,2147,2397,2683,3167,3008,2366,2203,1754,902,253,48,2,2959,40581,1080,1335,1444,1588,1209,1374,1704,2025,2197,2121,2474,2649,3340,3340,3172,3265,3010,2019,968,228,39,6264
2015,2015-01-01,05206,052060,秋田県,男鹿市,30177,624,778,926,1088,953,1001,1269,1496,1503,1524,1838,2350,3001,2969,2318,2401,2083,1302,569,162,22,4138,14244,307,411,460,563,461,515,667,817,787,780,928,1189,1515,1462,1055,1002,763,419,113,28,2,1325,15933,317,367,466,525,492,486,602,679,716,744,910,1161,1486,1507,1263,1399,1320,883,456,134,20,2813
2015,2015-01-01,05207,052078,秋田県,湯沢市,48804,1335,1465,1945,2264,1715,1661,2121,2528,2716,2772,3276,3974,4381,3692,3337,3311,3219,2013,861,191,27,6311,23310,712,750,1042,1110,877,879,1153,1328,1373,1401,1703,1982,2219,1748,1488,1391,1190,701,205,48,10,2154,25494,623,715,903,1154,838,782,968,1200,1343,1371,1573,1992,2162,1944,1849,1920,2029,1312,656,143,17,4157
2015,2015-01-01,05209,052094,秋田県,鹿角市,33199,1036,1213,1350,1436,1103,1083,1507,1881,1857,1687,2126,2422,2832,2728,2461,2397,2132,1286,511,139,12,4080,15630,508,600,703,751,597,594,773,1009,981,849,1092,1207,1409,1336,1023,908,797,362,102,29,0,1290,17569,528,613,647,685,506,489,734,872,876,838,1034,1215,1423,1392,1438,1489,1335,924,409,110,12,2790
2015,2015-01-01,05210,052108,秋田県,由利本荘市,81701,2586,3079,3271,3653,3184,3327,4143,4724,4734,4456,5077,6164,7288,6376,5160,5208,4586,3139,1211,299,36,9271,39011,1336,1553,1658,1854,1709,1768,2199,2494,2459,2231,2525,3051,3609,3223,2237,2138,1661,969,280,51,6,2967,42690,1250,1526,1613,1799,1475,1559,1944,2230,2275,2225,2552,3113,3679,3153,2923,3070,2925,2170,931,248,30,6304
2015,2015-01-01,05211,052116,秋田県,潟上市,33895,1071,1260,1523,1631,1379,1363,1681,2125,2260,2172,2133,2414,2971,2827,2206,1888,1563,959,368,89,12,2991,16137,555,689,781,845,696,674,880,1085,1097,1057,1083,1170,1464,1347,963,810,603,252,67,17,2,941,17758,516,571,742,786,683,689,801,1040,1163,1115,1050,1244,1507,1480,1243,1078,960,707,301,72,10,2050
2015,2015-01-01,05212,052124,秋田県,大仙市,86424,2615,3049,3324,3591,3163,3534,4236,4848,4871,4668,5563,6477,7644,6683,5462,5951,5586,3493,1334,301,31,10745,40531,1339,1535,1733,1829,1568,1807,2208,2516,2453,2329,2778,3174,3760,3289,2311,2445,2064,1053,293,44,3,3457,45893,1276,1514,1591,1762,1595,1727,2028,2332,2418,2339,2785,3303,3884,3394,3151,3506,3522,2440,1041,257,28,7288
2015,2015-01-01,05213,052132,秋田県,北秋田市,34653,854,1029,1216,1373,1036,1065,1275,1685,1752,1749,2261,2577,3186,3007,2686,2806,2563,1666,691,147,29,5096,16249,439,506,598,687,559,588,694,885,943,914,1156,1282,1585,1459,1200,1106,942,540,139,22,5,1648,18404,415,523,618,686,477,477,581,800,809,835,1105,1295,1601,1548,1486,1700,1621,1126,552,125,24,3448
2015,2015-01-01,05214,052141,秋田県,にかほ市,26395,806,950,1169,1263,897,1024,1291,1468,1519,1557,1688,1847,2329,2160,1807,1739,1494,927,361,84,15,2881,12555,400,492,599,619,476,585,681,778,778,778,844,892,1126,1076,812,700,555,278,69,17,0,919,13840,406,458,570,644,421,439,610,690,741,779,844,955,1203,1084,995,1039,939,649,292,67,15,1962
2015,2015-01-01,05215,052159,秋田県,仙北市,28518,771,984,1064,1144,876,994,1319,1466,1596,1336,1765,2100,2641,2512,1975,2151,1929,1299,460,120,16,3824,13304,378,470,558,571,449,529,659,756,837,677,873,1038,1281,1244,887,871,729,372,106,19,0,1226,15214,393,514,506,573,427,465,660,710,759,659,892,1062,1360,1268,1088,1280,1200,927,354,101,16,2598
2015,2015-01-01,05300,053007,秋田県,鹿角郡,5652,123,161,238,209,159,166,193,239,298,350,353,402,447,514,497,492,434,251,100,18,8,811,2638,59,75,133,105,80,94,107,122,151,183,184,199,238,265,204,184,155,81,16,2,1,255,3014,64,86,105,104,79,72,86,117,147,167,169,203,209,249,293,308,279,170,84,16,7,556
2015,2015-01-01,05303,053031,秋田県,鹿角郡小坂町,5652,123,161,238,209,159,166,193,239,298,350,353,402,447,514,497,492,434,251,100,18,8,811,2638,59,75,133,105,80,94,107,122,151,183,184,199,238,265,204,184,155,81,16,2,1,255,3014,64,86,105,104,79,72,86,117,147,167,169,203,209,249,293,308,279,170,84,16,7,556
2015,2015-01-01,05320,053201,秋田県,北秋田郡,2566,41,53,54,94,75,58,81,93,107,134,149,184,231,207,237,237,257,183,76,14,1,531,1221,23,25,24,53,43,40,44,50,63,75,82,99,131,93,98,107,98,52,19,2,0,171,1345,18,28,30,41,32,18,37,43,44,59,67,85,100,114,139,130,159,131,57,12,1,360
2015,2015-01-01,05327,053279,秋田県,北秋田郡上小阿仁村,2566,41,53,54,94,75,58,81,93,107,134,149,184,231,207,237,237,257,183,76,14,1,531,1221,23,25,24,53,43,40,44,50,63,75,82,99,131,93,98,107,98,52,19,2,0,171,1345,18,28,30,41,32,18,37,43,44,59,67,85,100,114,139,130,159,131,57,12,1,360
2015,2015-01-01,05340,053406,秋田県,山本郡,29595,632,801,1000,1184,961,952,1053,1338,1495,1563,1916,2424,2798,2627,2275,2285,2182,1392,569,123,25,4291,13856,307,390,486,607,499,486,593,732,745,818,955,1259,1446,1290,1010,925,774,402,115,15,2,1308,15739,325,411,514,577,462,466,460,606,750,745,961,1165,1352,1337,1265,1360,1408,990,454,108,23,2983
2015,2015-01-01,05346,053465,秋田県,山本郡藤里町,3615,69,94,103,129,98,108,118,164,168,191,198,278,355,323,309,312,299,197,78,20,4,598,1728,36,44,46,72,59,62,66,93,89,98,113,131,194,159,133,138,108,64,19,4,0,195,1887,33,50,57,57,39,46,52,71,79,93,85,147,161,164,176,174,191,133,59,16,4,403
2015,2015-01-01,05348,053481,秋田県,山本郡三種町,18117,418,503,611,746,636,609,684,840,915,933,1188,1518,1714,1564,1347,1363,1291,813,336,74,14,2528,8417,196,239,314,363,325,293,385,453,445,499,575,788,882,757,598,549,461,222,64,8,1,756,9700,222,264,297,383,311,316,299,387,470,434,613,730,832,807,749,814,830,591,272,66,13,1772
2015,2015-01-01,05349,053490,秋田県,山本郡八峰町,7863,145,204,286,309,227,235,251,334,412,439,530,628,729,740,619,610,592,382,155,29,7,1165,3711,75,107,126,172,115,131,142,186,211,221,267,340,370,374,279,238,205,116,32,3,1,357,4152,70,97,160,137,112,104,109,148,201,218,263,288,359,366,340,372,387,266,123,26,6,808
2015,2015-01-01,05360,053601,秋田県,南秋田郡,24925,607,719,975,1084,991,852,1025,1225,1350,1386,1544,1773,2266,2162,1848,1882,1612,1059,451,99,15,3236,11708,303,373,474,553,526,466,528,629,686,689,782,865,1125,1050,808,773,622,331,108,17,0,1078,13217,304,346,501,531,465,386,497,596,664,697,762,908,1141,1112,1040,1109,990,728,343,82,15,2158
2015,2015-01-01,05361,053619,秋田県,南秋田郡五城目町,10187,222,238,328,359,328,341,421,471,467,551,602,760,945,929,793,883,750,528,216,48,7,1549,4737,104,118,173,184,181,175,214,243,237,292,299,367,474,472,346,351,281,168,49,9,0,507,5450,118,120,155,175,147,166,207,228,230,259,303,393,471,457,447,532,469,360,167,39,7,1042
2015,2015-01-01,05363,053635,秋田県,南秋田郡八郎潟町,6313,156,188,244,244,206,240,304,301,339,335,415,498,639,537,441,452,406,248,99,19,2,774,2921,76,93,110,123,99,131,162,160,179,151,205,245,310,261,183,181,156,73,22,1,0,252,3392,80,95,134,121,107,109,142,141,160,184,210,253,329,276,258,271,250,175,77,18,2,522
2015,2015-01-01,05366,053660,秋田県,南秋田郡井川町,5152,101,154,222,250,221,172,178,283,295,282,329,368,506,441,369,337,319,214,89,21,1,644,2434,54,83,96,134,114,99,93,143,148,144,165,179,256,212,161,136,120,69,23,5,0,217,2718,47,71,126,116,107,73,85,140,147,138,164,189,250,229,208,201,199,145,66,16,1,427
2015,2015-01-01,05368,053686,秋田県,南秋田郡大潟村,3273,128,139,181,231,236,99,122,170,249,218,198,147,176,255,245,210,137,69,47,11,5,269,1616,69,79,95,112,132,61,59,83,122,102,113,74,85,105,118,105,65,21,14,2,0,102,1657,59,60,86,119,104,38,63,87,127,116,85,73,91,150,127,105,72,48,33,9,5,167
2015,2015-01-01,05420,054208,秋田県,仙北郡,20877,559,714,839,870,775,864,969,1183,1067,1066,1337,1780,1878,1609,1314,1392,1344,888,328,92,9,2661,9871,291,359,437,456,411,469,492,636,549,528,642,861,958,776,602,554,499,258,71,18,4,850,11006,268,355,402,414,364,395,477,547,518,538,695,919,920,833,712,838,845,630,257,74,5,1811
2015,2015-01-01,05434,054348,秋田県,仙北郡美郷町,20877,559,714,839,870,775,864,969,1183,1067,1066,1337,1780,1878,1609,1314,1392,1344,888,328,92,9,2661,9871,291,359,437,456,411,469,492,636,549,528,642,861,958,776,602,554,499,258,71,18,4,850,11006,268,355,402,414,364,395,477,547,518,538,695,919,920,833,712,838,845,630,257,74,5,1811
2015,2015-01-01,05460,054607,秋田県,雄勝郡,18955,511,633,715,859,664,775,855,928,885,979,1287,1700,1767,1370,1120,1307,1291,883,346,71,9,2600,9145,279,344,359,433,350,423,456,500,437,489,643,881,902,725,517,532,484,294,82,14,1,875,9810,232,289,356,426,314,352,399,428,448,490,644,819,865,645,603,775,807,589,264,57,8,1725
2015,2015-01-01,05463,054631,秋田県,雄勝郡羽後町,16258,440,545,593,746,583,674,713,802,767,853,1114,1466,1498,1183,943,1115,1107,760,293,58,5,2223,7848,232,289,302,381,307,370,377,430,385,420,548,761,764,628,437,449,422,263,71,11,1,768,8410,208,256,291,365,276,304,336,372,382,433,566,705,734,555,506,666,685,497,222,47,4,1455
2015,2015-01-01,05464,054640,秋田県,雄勝郡東成瀬村,2697,71,88,122,113,81,101,142,126,118,126,173,234,269,187,177,192,184,123,53,13,4,377,1297,47,55,57,52,43,53,79,70,52,69,95,120,138,97,80,83,62,31,11,3,0,107,1400,24,33,65,61,38,48,63,56,66,57,78,114,131,90,97,109,122,92,42,10,4,270
2015,2015-01-01,06000,060003,山形県,,1134713,41613,46083,51549,53995,48107,51209,59761,67787,70147,65173,70571,78537,91991,82424,68481,65331,59308,40786,17273,3995,592,121954,547041,21250,23682,26314,27694,24701,26356,30697,35088,35673,32577,35224,39276,46338,41425,31921,28008,22855,13004,4143,742,73,40817,587672,20363,22401,25235,26301,23406,24853,29064,32699,34474,32596,35347,39261,45653,40999,36560,37323,36453,27782,13130,3253,519,81137
2015,2015-01-01,06201,062014,山形県,山形市,249496,10341,10865,11486,12009,12019,12575,14766,16903,17690,15585,15132,15795,17912,17232,14424,12387,10854,7350,3284,786,101,22375,119270,5353,5620,5800,6110,5816,6113,7280,8514,8789,7693,7427,7721,8818,8323,6755,5497,4243,2407,823,151,17,7641,130226,4988,5245,5686,5899,6203,6462,7486,8389,8901,7892,7705,8074,9094,8909,7669,6890,6611,4943,2461,635,84,14734
2015,2015-01-01,06202,062022,山形県,米沢市,84304,3213,3530,4009,4156,3985,3822,4377,5126,5643,5351,5330,5483,6423,5810,5055,4676,3855,2816,1278,309,57,8315,40804,1591,1842,2042,2086,2120,1992,2233,2680,2980,2744,2731,2761,3219,2949,2342,1975,1394,807,262,48,6,2517,43500,1622,1688,1967,2070,1865,1830,2144,2446,2663,2607,2599,2722,3204,2861,2713,2701,2461,2009,1016,261,51,5798
2015,2015-01-01,06203,062031,山形県,鶴岡市,132550,4676,5241,5914,6623,5065,5441,6527,7480,8123,7668,8282,9428,10934,9798,8404,8192,7293,4862,2025,495,79,14754,63281,2331,2680,3106,3530,2588,2787,3383,3872,4141,3803,4147,4714,5547,4789,3745,3322,2763,1454,478,90,11,4796,69269,2345,2561,2808,3093,2477,2654,3144,3608,3982,3865,4135,4714,5387,5009,4659,4870,4530,3408,1547,405,68,9958
2015,2015-01-01,06204,062049,山形県,酒田市,107606,3641,4151,4819,4843,3603,4190,5198,6438,6797,6392,6827,7599,9114,8709,7002,6655,5823,3799,1559,398,49,11628,51088,1880,2053,2410,2415,1872,2172,2635,3362,3414,3212,3414,3842,4530,4269,3152,2711,2150,1152,368,71,4,3745,56518,1761,2098,2409,2428,1731,2018,2563,3076,3383,3180,3413,3757,4584,4440,3850,3944,3673,2647,1191,327,45,7883
2015,2015-01-01,06205,062057,山形県,新庄市,37407,1383,1561,1916,1930,1546,1621,1879,2193,2408,2100,2500,2678,2959,2706,2245,2122,1890,1207,473,81,9,3660,17882,670,807,968,1012,775,814,981,1133,1203,1036,1227,1331,1426,1337,1036,913,675,401,120,14,3,1213,19525,713,754,948,918,771,807,898,1060,1205,1064,1273,1347,1533,1369,1209,1209,1215,806,353,67,6,2447
2015,2015-01-01,06206,062065,山形県,寒河江市,42052,1665,1820,2043,2055,1869,2051,2391,2402,2556,2294,2609,2971,3312,2866,2418,2281,2149,1519,625,130,26,4449,20540,873,955,1067,1049,975,1115,1235,1228,1270,1163,1269,1479,1670,1472,1161,1023,846,512,154,22,2,1536,21512,792,865,976,1006,894,936,1156,1174,1286,1131,1340,1492,1642,1394,1257,1258,1303,1007,471,108,24,2913
2015,2015-01-01,06207,062073,山形県,上山市,32162,956,1077,1277,1470,1294,1264,1496,1699,1837,1812,1973,2289,2850,2626,2224,2046,1896,1364,576,118,18,3972,15322,464,542,674,754,661,606,749,895,961,917,938,1164,1426,1325,1031,888,726,430,147,21,3,1327,16840,492,535,603,716,633,658,747,804,876,895,1035,1125,1424,1301,1193,1158,1170,934,429,97,15,2645
2015,2015-01-01,06208,062081,山形県,村山市,25831,765,920,1132,1209,1115,1142,1136,1296,1322,1317,1615,1841,2274,1898,1594,1603,1848,1210,471,106,17,3652,12552,388,471,588,627,581,614,601,656,672,681,798,933,1175,1019,762,713,714,398,136,23,2,1273,13279,377,449,544,582,534,528,535,640,650,636,817,908,1099,879,832,890,1134,812,335,83,15,2379
2015,2015-01-01,06209,062090,山形県,長井市,28056,1010,1074,1279,1380,1185,1237,1401,1538,1574,1551,1721,1926,2328,2012,1767,1788,1567,1096,491,121,10,3285,13572,515,553,642,726,620,627,752,820,837,764,889,943,1172,1008,800,780,634,366,102,22,0,1124,14484,495,521,637,654,565,610,649,718,737,787,832,983,1156,1004,967,1008,933,730,389,99,10,2161
2015,2015-01-01,06210,062103,山形県,天童市,61851,2585,2730,2889,3076,2781,3134,3697,4103,4072,3674,3765,3959,4817,4460,3531,3155,2667,1782,776,171,27,5423,30126,1352,1422,1480,1573,1388,1628,1892,2121,2060,1792,1839,1938,2389,2237,1704,1405,1114,594,167,28,3,1906,31725,1233,1308,1409,1503,1393,1506,1805,1982,2012,1882,1926,2021,2428,2223,1827,1750,1553,1188,609,143,24,3517
2015,2015-01-01,06211,062111,山形県,東根市,47547,2182,2315,2320,2290,2431,2815,3098,3281,3073,2698,2763,2860,3392,2900,2470,2400,2164,1391,540,135,29,4259,23659,1104,1196,1126,1215,1435,1563,1637,1690,1584,1394,1379,1411,1695,1462,1158,1084,871,488,137,29,1,1526,23888,1078,1119,1194,1075,996,1252,1461,1591,1489,1304,1384,1449,1697,1438,1312,1316,1293,903,403,106,28,2733
2015,2015-01-01,06212,062120,山形県,尾花沢市,17658,531,626,744,761,651,670,851,897,832,775,1139,1364,1648,1345,1037,1259,1279,843,329,68,9,2528,8612,279,349,376,395,330,363,451,479,429,395,554,715,865,726,512,534,473,287,85,14,1,860,9046,252,277,368,366,321,307,400,418,403,380,585,649,783,619,525,725,806,556,244,54,8,1668
2015,2015-01-01,06213,062138,山形県,南陽市,32788,1190,1310,1489,1514,1398,1552,1813,1858,1964,1864,2014,2325,2644,2366,2027,1902,1706,1221,510,106,15,3558,15747,599,683,757,744,715,802,935,966,990,927,983,1211,1319,1189,973,795,659,372,108,17,3,1159,17041,591,627,732,770,683,750,878,892,974,937,1031,1114,1325,1177,1054,1107,1047,849,402,89,12,2399
2015,2015-01-01,06300,063002,山形県,東村山郡,26655,815,1114,1204,1242,1144,1192,1354,1556,1486,1471,1756,2011,2338,1957,1591,1480,1372,1014,437,98,23,2944,12952,414,558,625,611,587,590,701,823,766,739,855,1023,1151,1006,787,660,579,334,128,14,1,1056,13703,401,556,579,631,557,602,653,733,720,732,901,988,1187,951,804,820,793,680,309,84,22,1888
2015,2015-01-01,06301,063011,山形県,東村山郡山辺町,14842,488,661,676,665,629,672,760,876,893,804,958,1093,1276,1086,886,783,757,557,250,57,15,1636,7169,252,332,346,316,315,318,394,460,460,406,467,550,639,539,455,342,324,181,66,6,1,578,7673,236,329,330,349,314,354,366,416,433,398,491,543,637,547,431,441,433,376,184,51,14,1058
2015,2015-01-01,06302,063029,山形県,東村山郡中山町,11813,327,453,528,577,515,520,594,680,593,667,798,918,1062,871,705,697,615,457,187,41,8,1308,5783,162,226,279,295,272,272,307,363,306,333,388,473,512,467,332,318,255,153,62,8,0,478,6030,165,227,249,282,243,248,287,317,287,334,410,445,550,404,373,379,360,304,125,33,8,830
2015,2015-01-01,06320,063207,山形県,西村山郡,41723,1215,1548,1742,1835,1685,1736,1906,2163,2085,2109,2576,3019,3672,3272,2562,2789,2689,1938,923,227,32,5809,20449,637,807,905,929,881,970,999,1134,1086,1063,1310,1511,1918,1721,1276,1233,1121,669,232,42,5,2069,21274,578,741,837,906,804,766,907,1029,999,1046,1266,1508,1754,1551,1286,1556,1568,1269,691,185,27,3740
2015,2015-01-01,06321,063215,山形県,西村山郡河北町,19512,636,792,865,880,767,853,990,1113,1047,1040,1171,1442,1662,1516,1164,1178,1136,800,360,82,18,2396,9524,333,412,455,439,402,460,516,567,535,521,580,719,851,772,576,524,476,275,91,16,4,862,9988,303,380,410,441,365,393,474,546,512,519,591,723,811,744,588,654,660,525,269,66,14,1534
2015,2015-01-01,06322,063223,山形県,西村山郡西川町,5918,121,217,218,249,233,222,233,262,259,253,376,429,544,469,377,485,445,326,155,41,4,971,2855,58,113,105,129,110,121,132,139,141,123,200,207,271,265,177,209,195,116,34,10,0,355,3063,63,104,113,120,123,101,101,123,118,130,176,222,273,204,200,276,250,210,121,31,4,616
2015,2015-01-01,06323,063231,山形県,西村山郡朝日町,7506,189,247,279,303,300,298,309,343,341,356,471,539,679,576,541,539,524,414,201,48,9,1196,3733,102,127,149,151,163,175,161,199,180,178,257,269,374,296,290,236,221,138,60,6,1,426,3773,87,120,130,152,137,123,148,144,161,178,214,270,305,280,251,303,303,276,141,42,8,770
2015,2015-01-01,06324,063240,山形県,西村山郡大江町,8787,269,292,380,403,385,363,374,445,438,460,558,609,787,711,480,587,584,398,207,56,1,1246,4337,144,155,196,210,206,214,190,229,230,241,273,316,422,388,233,264,229,140,47,10,0,426,4450,125,137,184,193,179,149,184,216,208,219,285,293,365,323,247,323,355,258,160,46,1,820
2015,2015-01-01,06340,063401,山形県,北村山郡,7674,211,261,360,337,290,297,337,413,409,350,480,612,736,626,452,438,513,375,148,26,3,1065,3799,108,133,180,184,162,154,190,214,225,174,253,307,398,352,217,205,180,129,25,9,0,343,3875,103,128,180,153,128,143,147,199,184,176,227,305,338,274,235,233,333,246,123,17,3,722
2015,2015-01-01,06341,063410,山形県,北村山郡大石田町,7674,211,261,360,337,290,297,337,413,409,350,480,612,736,626,452,438,513,375,148,26,3,1065,3799,108,133,180,184,162,154,190,214,225,174,253,307,398,352,217,205,180,129,25,9,0,343,3875,103,128,180,153,128,143,147,199,184,176,227,305,338,274,235,233,333,246,123,17,3,722
2015,2015-01-01,06360,063606,山形県,最上郡,43004,1331,1468,1824,1855,1603,1742,1897,2148,1965,2093,2843,3625,4197,3123,2624,2860,2793,1982,843,168,20,5806,20932,680,772,939,961,874,919,1048,1161,1022,1049,1436,1813,2214,1698,1198,1191,1074,621,221,39,2,1957,22072,651,696,885,894,729,823,849,987,943,1044,1407,1812,1983,1425,1426,1669,1719,1361,622,129,18,3849
2015,2015-01-01,06361,063614,山形県,最上郡金山町,6076,208,229,294,296,246,248,286,321,286,301,433,476,540,442,339,365,347,265,123,29,2,766,2967,104,114,155,168,130,128,156,184,148,149,209,247,278,237,155,148,131,83,34,9,0,257,3109,104,115,139,128,116,120,130,137,138,152,224,229,262,205,184,217,216,182,89,20,2,509
2015,2015-01-01,06362,063622,山形県,最上郡最上町,9386,310,340,408,406,344,358,422,458,442,440,614,786,970,658,563,613,614,394,193,48,5,1254,4590,157,183,210,207,193,194,235,248,231,221,322,375,513,355,260,260,241,124,47,13,1,426,4796,153,157,198,199,151,164,187,210,211,219,292,411,457,303,303,353,373,270,146,35,4,828
2015,2015-01-01,06363,063631,山形県,最上郡舟形町,5838,161,224,215,228,195,278,265,278,256,260,375,521,588,414,348,379,400,309,124,18,2,853,2862,93,127,112,115,114,150,155,150,133,123,186,256,320,234,159,144,153,102,32,4,0,291,2976,68,97,103,113,81,128,110,128,123,137,189,265,268,180,189,235,247,207,92,14,2,562
2015,2015-01-01,06364,063649,山形県,最上郡真室川町,8526,236,276,343,342,331,323,344,433,400,447,528,683,838,643,568,597,600,401,158,29,6,1194,4068,113,134,166,173,173,166,179,224,213,219,272,351,424,343,253,266,215,134,46,3,1,399,4458,123,142,177,169,158,157,165,209,187,228,256,332,414,300,315,331,385,267,112,26,5,795
2015,2015-01-01,06365,063657,山形県,最上郡大蔵村,3578,141,128,156,144,140,170,170,172,149,167,234,298,334,241,234,233,218,161,74,13,1,467,1757,69,68,95,68,71,82,101,92,81,84,119,151,176,133,109,94,97,45,18,4,0,164,1821,72,60,61,76,69,88,69,80,68,83,115,147,158,108,125,139,121,116,56,9,1,303
2015,2015-01-01,06366,063665,山形県,最上郡鮭川村,4604,142,120,219,218,154,175,202,216,223,228,298,436,432,360,272,315,286,217,77,10,4,594,2255,79,70,107,118,88,93,110,115,112,121,141,223,235,185,131,131,107,66,22,1,0,196,2349,63,50,112,100,66,82,92,101,111,107,157,213,197,175,141,184,179,151,55,9,4,398
2015,2015-01-01,06367,063673,山形県,最上郡戸沢村,4996,133,151,189,221,193,190,208,270,209,250,361,425,495,365,300,358,328,235,94,21,0,678,2433,65,76,94,112,105,106,112,148,104,132,187,210,268,211,131,148,130,67,22,5,0,224,2563,68,75,95,109,88,84,96,122,105,118,174,215,227,154,169,210,198,168,72,16,0,454
2015,2015-01-01,06380,063801,山形県,東置賜郡,40820,1467,1659,1856,1878,1651,1770,2136,2380,2319,2111,2535,3090,3631,2940,2274,2407,2201,1672,678,141,24,4716,19947,736,813,987,944,863,937,1146,1298,1178,1067,1306,1587,1901,1562,1088,1017,832,512,140,31,2,1517,20873,731,846,869,934,788,833,990,1082,1141,1044,1229,1503,1730,1378,1186,1390,1369,1160,538,110,22,3199
2015,2015-01-01,06381,063819,山形県,東置賜郡高畠町,24446,951,1047,1178,1176,1033,1069,1279,1493,1485,1321,1494,1731,2101,1717,1357,1356,1224,936,405,79,14,2658,11903,484,528,611,596,526,553,683,799,740,672,746,868,1075,919,664,580,465,297,79,18,0,859,12543,467,519,567,580,507,516,596,694,745,649,748,863,1026,798,693,776,759,639,326,61,14,1799
2015,2015-01-01,06382,063827,山形県,東置賜郡川西町,16374,516,612,678,702,618,701,857,887,834,790,1041,1359,1530,1223,917,1051,977,736,273,62,10,2058,8044,252,285,376,348,337,384,463,499,438,395,560,719,826,643,424,437,367,215,61,13,2,658,8330,264,327,302,354,281,317,394,388,396,395,481,640,704,580,493,614,610,521,212,49,8,1400
2015,2015-01-01,06400,064009,山形県,西置賜郡,30711,1021,1148,1292,1508,1157,1276,1469,1483,1514,1534,1897,2320,2770,2270,1927,1935,2020,1418,596,139,17,4190,15055,549,590,657,814,602,699,757,783,779,761,996,1188,1460,1218,930,836,812,449,143,28,4,1436,15656,472,558,635,694,555,577,712,700,735,773,901,1132,1310,1052,997,1099,1208,969,453,111,13,2754
2015,2015-01-01,06401,064017,山形県,西置賜郡小国町,8303,265,294,337,470,293,304,361,350,402,451,548,583,716,604,593,595,590,353,151,36,7,1137,4065,132,151,172,263,152,162,177,182,218,219,319,293,386,319,270,260,234,112,33,9,2,390,4238,133,143,165,207,141,142,184,168,184,232,229,290,330,285,323,335,356,241,118,27,5,747
2015,2015-01-01,06402,064025,山形県,西置賜郡白鷹町,14774,479,560,659,704,582,612,678,763,784,725,882,1133,1351,1129,892,860,940,683,289,62,7,1981,7275,265,298,332,372,300,345,360,400,391,356,430,591,704,601,452,379,385,222,78,13,1,699,7499,214,262,327,332,282,267,318,363,393,369,452,542,647,528,440,481,555,461,211,49,6,1282
2015,2015-01-01,06403,064033,山形県,西置賜郡飯豊町,7634,277,294,296,334,282,360,430,370,328,358,467,604,703,537,442,480,490,382,156,41,3,1072,3715,152,141,153,179,150,192,220,201,170,186,247,304,370,298,208,197,193,115,32,6,1,347,3919,125,153,143,155,132,168,210,169,158,172,220,300,333,239,234,283,297,267,124,35,2,725
2015,2015-01-01,06420,064203,山形県,東田川郡,29981,1028,1194,1382,1407,1117,1174,1445,1714,1691,1651,1880,2134,2581,2236,1835,1941,1756,1218,466,108,23,3571,14391,537,607,703,692,597,621,761,877,876,805,995,1057,1310,1123,815,827,640,410,116,19,3,1188,15590,491,587,679,715,520,553,684,837,815,846,885,1077,1271,1113,1020,1114,1116,808,350,89,20,2383
2015,2015-01-01,06426,064262,山形県,東田川郡三川町,7562,316,333,353,333,298,330,414,470,438,400,447,524,617,542,397,481,385,314,129,31,10,869,3690,170,177,192,167,178,162,226,228,219,201,229,258,320,283,187,199,138,105,42,8,1,294,3872,146,156,161,166,120,168,188,242,219,199,218,266,297,259,210,282,247,209,87,23,9,575
2015,2015-01-01,06428,064289,山形県,東田川郡庄内町,22419,712,861,1029,1074,819,844,1031,1244,1253,1251,1433,1610,1964,1694,1438,1460,1371,904,337,77,13,2702,10701,367,430,511,525,419,459,535,649,657,604,766,799,990,840,628,628,502,305,74,11,2,894,11718,345,431,518,549,400,385,496,595,596,647,667,811,974,854,810,832,869,599,263,66,11,1808
2015,2015-01-01,06460,064602,山形県,飽海郡,14837,387,471,572,617,518,508,587,716,787,773,934,1208,1459,1272,1018,1015,973,709,245,64,4,1995,7061,190,229,282,323,259,270,331,382,411,398,478,627,735,640,479,399,355,212,51,10,0,628,7776,197,242,290,294,259,238,256,334,376,375,456,581,724,632,539,616,618,497,194,54,4,1367
2015,2015-01-01,06461,064611,山形県,飽海郡遊佐町,14837,387,471,572,617,518,508,587,716,787,773,934,1208,1459,1272,1018,1015,973,709,245,64,4,1995,7061,190,229,282,323,259,270,331,382,411,398,478,627,735,640,479,399,355,212,51,10,0,628,7776,197,242,290,294,259,238,256,334,376,375,456,581,724,632,539,616,618,497,194,54,4,1367
2015,2015-01-01,07000,070009,福島県,,1955339,71853,79728,92014,99379,91675,95212,105511,119274,127154,116698,125262,138262,157586,137572,115524,100801,89422,60503,24978,6033,898,181834,957387,37071,40859,47307,50795,47888,50021,55240,62441,65934,59211,63570,69973,79827,69160,54286,42960,34045,19533,6018,1130,118,60844,997952,34782,38869,44707,48584,43787,45191,50271,56833,61220,57487,61692,68289,77759,68412,61238,57841,55377,40970,18960,4903,780,120990
2015,2015-01-01,07201,072010,福島県,福島市,283430,10387,11431,13292,14578,14311,14011,15564,18096,20469,18074,17762,18616,21531,20149,17280,14026,12021,7894,3112,724,102,23853,138200,5333,5942,6831,7519,7524,7194,7971,9352,10395,9017,8935,9272,10674,9674,8021,6095,4772,2696,826,142,15,8451,145230,5054,5489,6461,7059,6787,6817,7593,8744,10074,9057,8827,9344,10857,10475,9259,7931,7249,5198,2286,582,87,15402
2015,2015-01-01,07202,072028,福島県,会津若松市,123113,4854,5251,6013,6432,5535,6025,6496,7341,7941,7426,8152,8621,9439,8469,7360,6620,5506,3697,1535,339,61,11138,58700,2524,2699,3062,3182,2786,3098,3322,3786,3938,3683,4003,4311,4640,4147,3334,2622,1977,1149,369,59,9,3563,64413,2330,2552,2951,3250,2749,2927,3174,3555,4003,3743,4149,4310,4799,4322,4026,3998,3529,2548,1166,280,52,7575
2015,2015-01-01,07203,072036,福島県,郡山市,325026,13180,13893,15759,16872,16963,18399,19931,22354,24038,21080,21413,22018,23827,21372,17215,13890,11453,7546,3005,722,96,22822,159783,6839,7132,8029,8617,8819,9554,10369,11510,12497,10643,10740,10982,11817,10471,8142,5944,4339,2477,712,136,14,7678,165243,6341,6761,7730,8255,8144,8845,9562,10844,11541,10437,10673,11036,12010,10901,9073,7946,7114,5069,2293,586,82,15144
2015,2015-01-01,07204,072044,福島県,いわき市,332068,12370,13725,15481,16894,15055,15552,17590,20611,22544,20883,21217,22482,26659,24124,21193,17317,14245,9209,3840,925,152,28371,162747,6406,7074,7833,8655,7854,8231,9105,10913,11775,10761,10738,11498,13365,11871,9896,7237,5437,3005,903,168,22,9535,169321,5964,6651,7648,8239,7201,7321,8485,9698,10769,10122,10479,10984,13294,12253,11297,10080,8808,6204,2937,757,130,18836
2015,2015-01-01,07205,072052,福島県,白河市,62680,2539,2684,3190,3394,2868,3254,3609,4102,4018,3689,4015,4575,5025,4119,3310,2924,2685,1809,702,154,15,5365,31121,1303,1397,1686,1714,1566,1742,1893,2164,2164,1914,2035,2316,2542,2074,1588,1252,1012,571,160,28,0,1771,31559,1236,1287,1504,1680,1302,1512,1716,1938,1854,1775,1980,2259,2483,2045,1722,1672,1673,1238,542,126,15,3594
2015,2015-01-01,07207,072079,福島県,須賀川市,78025,3069,3619,4027,4156,3755,3925,4448,5139,5405,4694,5096,5611,6243,5269,4024,3500,2961,2095,791,174,24,6045,38414,1559,1836,2115,2188,2005,2039,2277,2661,2815,2364,2612,2779,3140,2663,1935,1440,1128,645,184,26,3,1986,39611,1510,1783,1912,1968,1750,1886,2171,2478,2590,2330,2484,2832,3103,2606,2089,2060,1833,1450,607,148,21,4059
2015,2015-01-01,07208,072087,福島県,喜多方市,50660,1819,1879,2329,2469,1956,2280,2474,2656,2653,2707,3267,3705,4174,3547,3019,3154,3072,2176,1015,277,32,6572,24189,907,978,1161,1280,956,1181,1312,1387,1378,1349,1682,1910,2177,1850,1382,1329,1070,630,223,45,2,1970,26471,912,901,1168,1189,1000,1099,1162,1269,1275,1358,1585,1795,1997,1697,1637,1825,2002,1546,792,232,30,4602
2015,2015-01-01,07209,072095,福島県,相馬市,35809,1446,1531,1675,1773,1596,1766,2028,2161,2257,2032,2122,2510,2892,2671,2099,1857,1723,1120,430,95,25,3393,17669,766,784,840,885,852,1003,1127,1121,1211,1042,1079,1271,1446,1348,959,802,656,354,102,19,2,1133,18140,680,747,835,888,744,763,901,1040,1046,990,1043,1239,1446,1323,1140,1055,1067,766,328,76,23,2260
2015,2015-01-01,07210,072109,福島県,二本松市,57368,1888,2209,2618,2840,2646,2688,3061,3253,3389,3159,3554,4368,5168,4080,3314,3079,2919,2072,839,196,28,6054,28227,975,1116,1387,1448,1368,1427,1594,1768,1754,1631,1799,2182,2685,2170,1565,1329,1141,654,200,31,3,2029,29141,913,1093,1231,1392,1278,1261,1467,1485,1635,1528,1755,2186,2483,1910,1749,1750,1778,1418,639,165,25,4025
2015,2015-01-01,07211,072117,福島県,田村市,39220,1260,1418,1755,1974,2010,1783,1904,1902,1947,2267,2689,3128,3296,2504,2394,2350,2276,1529,646,161,27,4639,19220,638,719,900,956,1026,944,1022,1004,999,1150,1394,1637,1770,1354,1107,984,918,498,151,44,5,1616,20000,622,699,855,1018,984,839,882,898,948,1117,1295,1491,1526,1150,1287,1366,1358,1031,495,117,22,3023
2015,2015-01-01,07212,072125,福島県,南相馬市,64325,1905,2434,2958,2936,2725,2647,2991,3821,4127,3603,3961,4697,5838,5260,4157,3585,3276,2242,921,200,41,6680,31665,936,1239,1524,1517,1455,1479,1638,2000,2185,1904,2049,2343,2975,2689,1946,1540,1230,745,227,40,4,2246,32660,969,1195,1434,1419,1270,1168,1353,1821,1942,1699,1912,2354,2863,2571,2211,2045,2046,1497,694,160,37,4434
2015,2015-01-01,07213,072133,福島県,伊達市,63459,1848,2209,2974,3264,2829,2703,2943,3430,3948,3813,3929,4412,5386,4873,4300,3698,3335,2326,976,235,28,6900,31092,976,1084,1512,1659,1487,1402,1539,1815,2026,1916,2010,2237,2723,2485,2049,1686,1355,824,253,47,7,2486,32367,872,1125,1462,1605,1342,1301,1404,1615,1922,1897,1919,2175,2663,2388,2251,2012,1980,1502,723,188,21,4414
2015,2015-01-01,07214,072141,福島県,本宮市,30708,1189,1443,1532,1660,1480,1624,1898,1980,2012,1795,1991,2123,2372,1939,1520,1451,1365,864,365,91,14,2699,15144,635,750,812,835,762,846,967,1033,1054,892,1041,1043,1199,1009,719,630,519,293,87,16,2,917,15564,554,693,720,825,718,778,931,947,958,903,950,1080,1173,930,801,821,846,571,278,75,12,1782
2015,2015-01-01,07300,073008,福島県,伊達郡,36807,943,1253,1557,1735,1538,1452,1625,1953,2073,1914,2215,2573,3377,3061,2654,2286,2167,1518,731,164,18,4598,17867,481,613,798,866,791,759,875,1045,1057,970,1139,1315,1699,1621,1289,999,848,500,164,36,2,1550,18940,462,640,759,869,747,693,750,908,1016,944,1076,1258,1678,1440,1365,1287,1319,1018,567,128,16,3048
2015,2015-01-01,07301,073016,福島県,伊達郡桑折町,12438,369,460,528,596,544,513,585,696,735,664,753,808,1055,990,882,737,711,493,245,66,8,1523,5926,186,221,271,303,270,250,302,360,379,333,374,392,515,493,440,322,270,180,46,18,1,515,6512,183,239,257,293,274,263,283,336,356,331,379,416,540,497,442,415,441,313,199,48,7,1008
2015,2015-01-01,07303,073032,福島県,伊達郡国見町,9740,225,326,422,475,409,364,408,517,555,501,580,655,952,859,754,600,561,377,165,31,4,1138,4699,128,158,195,236,207,189,221,269,274,244,301,334,468,463,346,268,224,119,47,7,1,398,5041,97,168,227,239,202,175,187,248,281,257,279,321,484,396,408,332,337,258,118,24,3,740
2015,2015-01-01,07308,073083,福島県,伊達郡川俣町,14629,349,467,607,664,585,575,632,740,783,749,882,1110,1370,1212,1018,949,895,648,321,67,6,1937,7242,167,234,332,327,314,320,352,416,404,393,464,589,716,665,503,409,354,201,71,11,0,637,7387,182,233,275,337,271,255,280,324,379,356,418,521,654,547,515,540,541,447,250,56,6,1300
2015,2015-01-01,07320,073202,福島県,安達郡,8483,362,416,390,413,420,456,566,555,536,404,549,609,713,568,346,370,375,271,126,30,8,810,4218,191,209,215,228,222,240,302,284,282,216,264,303,368,322,160,157,125,92,31,6,1,255,4265,171,207,175,185,198,216,264,271,254,188,285,306,345,246,186,213,250,179,95,24,7,555
2015,2015-01-01,07322,073229,福島県,安達郡大玉村,8483,362,416,390,413,420,456,566,555,536,404,549,609,713,568,346,370,375,271,126,30,8,810,4218,191,209,215,228,222,240,302,284,282,216,264,303,368,322,160,157,125,92,31,6,1,255,4265,171,207,175,185,198,216,264,271,254,188,285,306,345,246,186,213,250,179,95,24,7,555
2015,2015-01-01,07340,073407,福島県,岩瀬郡,18849,740,848,971,966,904,974,1119,1254,1143,961,1162,1399,1642,1251,974,897,845,543,209,45,2,1644,9281,399,447,505,473,480,524,588,647,600,495,575,720,848,645,462,364,303,158,43,5,0,509,9568,341,401,466,493,424,450,531,607,543,466,587,679,794,606,512,533,542,385,166,40,2,1135
2015,2015-01-01,07342,073423,福島県,岩瀬郡鏡石町,12836,551,620,696,704,627,637,782,926,864,702,775,862,1042,825,679,563,519,320,115,27,0,981,6310,293,329,356,348,328,342,406,487,455,360,380,432,518,414,315,240,190,94,19,4,0,307,6526,258,291,340,356,299,295,376,439,409,342,395,430,524,411,364,323,329,226,96,23,0,674
2015,2015-01-01,07344,073440,福島県,岩瀬郡天栄村,6013,189,228,275,262,277,337,337,328,279,259,387,537,600,426,295,334,326,223,94,18,2,663,2971,106,118,149,125,152,182,182,160,145,135,195,288,330,231,147,124,113,64,24,1,0,202,3042,83,110,126,137,125,155,155,168,134,124,192,249,270,195,148,210,213,159,70,17,2,461
2015,2015-01-01,07360,073601,福島県,南会津郡,28628,804,1014,1133,1281,1008,938,1061,1277,1430,1491,1826,2081,2367,2101,2131,2167,2120,1467,707,196,28,4518,13967,397,528,601,637,531,503,572,681,751,802,980,1099,1259,1084,1008,945,870,493,179,42,5,1589,14661,407,486,532,644,477,435,489,596,679,689,846,982,1108,1017,1123,1222,1250,974,528,154,23,2929
2015,2015-01-01,07362,073628,福島県,南会津郡下郷町,6211,171,214,246,285,219,181,214,279,291,302,399,507,557,450,465,461,462,302,158,39,9,970,3051,84,114,126,149,112,94,114,147,146,159,217,277,311,244,235,209,180,94,33,5,1,313,3160,87,100,120,136,107,87,100,132,145,143,182,230,246,206,230,252,282,208,125,34,8,657
2015,2015-01-01,07364,073644,福島県,南会津郡檜枝岐村,601,29,20,29,30,26,25,21,31,32,40,36,45,35,28,41,46,36,30,18,3,0,87,307,17,11,17,14,14,13,13,13,18,26,17,26,20,13,16,24,17,12,6,0,0,35,294,12,9,12,16,12,12,8,18,14,14,19,19,15,15,25,22,19,18,12,3,0,52
2015,2015-01-01,07367,073679,福島県,南会津郡只見町,4660,112,158,178,187,126,125,165,200,231,235,254,282,379,377,371,423,413,280,124,32,8,857,2259,68,76,87,97,70,73,98,111,109,131,138,142,191,191,175,187,175,99,30,9,2,315,2401,44,82,91,90,56,52,67,89,122,104,116,140,188,186,196,236,238,181,94,23,6,542
2015,2015-01-01,07368,073687,福島県,南会津郡南会津町,17156,492,622,680,779,637,607,661,767,876,914,1137,1247,1396,1246,1254,1237,1209,855,407,122,11,2604,8350,228,327,371,377,335,323,347,410,478,486,608,654,737,636,582,525,498,288,110,28,2,926,8806,264,295,309,402,302,284,314,357,398,428,529,593,659,610,672,712,711,567,297,94,9,1678
2015,2015-01-01,07400,074004,福島県,耶麻郡,29160,937,1053,1232,1370,1179,1141,1299,1438,1385,1407,1798,2187,2674,2151,1795,1998,1915,1366,638,169,28,4116,14156,503,519,639,725,640,610,697,783,717,710,921,1168,1414,1155,829,853,724,389,134,23,3,1273,15004,434,534,593,645,539,531,602,655,668,697,877,1019,1260,996,966,1145,1191,977,504,146,25,2843
2015,2015-01-01,07402,074021,福島県,耶麻郡北塩原村,3018,81,139,142,142,124,104,149,158,165,157,198,231,299,239,165,161,160,124,63,16,1,364,1519,43,76,85,75,65,59,78,86,91,74,105,124,150,146,81,69,58,33,17,4,0,112,1499,38,63,57,67,59,45,71,72,74,83,93,107,149,93,84,92,102,91,46,12,1,252
2015,2015-01-01,07405,074055,福島県,耶麻郡西会津町,7063,160,178,237,322,259,232,215,272,268,301,470,537,645,535,512,607,624,408,214,54,13,1313,3410,91,82,106,168,154,126,117,159,145,165,245,295,360,306,242,266,218,116,42,6,1,383,3653,69,96,131,154,105,106,98,113,123,136,225,242,285,229,270,341,406,292,172,48,12,930
2015,2015-01-01,07407,074071,福島県,耶麻郡磐梯町,3684,155,148,165,161,134,177,195,186,159,175,218,293,355,254,198,233,223,170,69,15,1,478,1805,83,79,83,87,71,96,108,102,84,80,119,152,185,141,86,97,88,53,9,2,0,152,1879,72,69,82,74,63,81,87,84,75,95,99,141,170,113,112,136,135,117,60,13,1,326
2015,2015-01-01,07408,074080,福島県,耶麻郡猪苗代町,15395,541,588,688,745,662,628,740,822,793,774,912,1126,1375,1123,920,997,908,664,292,84,13,1961,7422,286,282,365,395,350,329,394,436,397,391,452,597,719,562,420,421,360,187,66,11,2,626,7973,255,306,323,350,312,299,346,386,396,383,460,529,656,561,500,576,548,477,226,73,11,1335
2015,2015-01-01,07420,074209,福島県,河沼郡,23990,803,905,1126,1246,996,1010,1149,1252,1208,1199,1487,1778,2089,1732,1380,1442,1468,1093,499,114,14,3188,11583,429,476,581,640,532,541,612,648,637,599,750,894,1061,936,619,636,506,342,115,27,2,992,12407,374,429,545,606,464,469,537,604,571,600,737,884,1028,796,761,806,962,751,384,87,12,2196
2015,2015-01-01,07421,074217,福島県,河沼郡会津坂下町,16923,566,633,803,903,712,753,839,894,858,872,1084,1279,1491,1185,960,942,1012,738,326,62,11,2149,8176,294,326,414,466,383,410,451,465,455,425,542,636,761,650,426,415,345,226,74,10,2,657,8747,272,307,389,437,329,343,388,429,403,447,542,643,730,535,534,527,667,512,252,52,9,1492
2015,2015-01-01,07422,074225,福島県,河沼郡湯川村,3340,117,153,177,188,141,119,149,194,192,175,185,238,294,247,178,193,171,148,62,18,1,400,1585,66,91,86,91,70,55,74,97,101,92,92,113,148,121,87,86,46,48,14,7,0,115,1755,51,62,91,97,71,64,75,97,91,83,93,125,146,126,91,107,125,100,48,11,1,285
2015,2015-01-01,07423,074233,福島県,河沼郡柳津町,3727,120,119,146,155,143,138,161,164,158,152,218,261,304,300,242,307,285,207,111,34,2,639,1822,69,59,81,83,79,76,87,86,81,82,116,145,152,165,106,135,115,68,27,10,0,220,1905,51,60,65,72,64,62,74,78,77,70,102,116,152,135,136,172,170,139,84,24,2,419
2015,2015-01-01,07440,074403,福島県,大沼郡,27356,748,876,1051,1196,964,1074,1180,1243,1140,1311,1675,2183,2520,2075,1841,1929,1992,1487,655,194,22,4350,13139,402,440,561,658,497,581,618,658,606,659,863,1131,1328,1082,877,801,748,432,161,35,1,1377,14217,346,436,490,538,467,493,562,585,534,652,812,1052,1192,993,964,1128,1244,1055,494,159,21,2973
2015,2015-01-01,07444,074446,福島県,大沼郡三島町,1813,31,34,54,50,56,58,59,61,58,77,92,111,176,169,143,162,176,147,68,29,2,422,879,23,17,26,26,37,36,31,37,32,47,52,57,104,83,70,65,68,44,19,5,0,136,934,8,17,28,24,19,22,28,24,26,30,40,54,72,86,73,97,108,103,49,24,2,286
2015,2015-01-01,07445,074454,福島県,大沼郡金山町,2288,24,33,50,65,39,43,47,62,73,81,113,153,201,196,234,236,266,215,119,29,9,638,1085,12,20,25,35,16,23,29,41,41,41,62,90,106,112,99,106,120,70,32,5,0,227,1203,12,13,25,30,23,20,18,21,32,40,51,63,95,84,135,130,146,145,87,24,9,411
2015,2015-01-01,07446,074462,福島県,大沼郡昭和村,1379,26,26,33,31,21,37,43,34,40,43,56,110,123,120,111,149,158,140,64,13,1,376,666,15,13,18,20,12,23,22,17,17,28,29,64,68,65,51,67,67,45,22,3,0,137,713,11,13,15,11,9,14,21,17,23,15,27,46,55,55,60,82,91,95,42,10,1,239
2015,2015-01-01,07447,074471,福島県,大沼郡会津美里町,21876,667,783,914,1050,848,936,1031,1086,969,1110,1414,1809,2020,1590,1353,1382,1392,985,404,123,10,2914,10509,352,390,492,577,432,499,536,563,516,543,720,920,1050,822,657,563,493,273,88,22,1,877,11367,315,393,422,473,416,437,495,523,453,567,694,889,970,768,696,819,899,712,316,101,9,2037
2015,2015-01-01,07460,074608,福島県,西白河郡,49327,2146,2274,2497,2532,2260,2737,3033,3248,3200,2774,3081,3733,4033,3294,2521,2115,1929,1270,487,140,23,3849,24650,1108,1127,1319,1312,1197,1444,1660,1709,1702,1445,1567,1897,2082,1678,1255,925,655,425,113,27,3,1223,24677,1038,1147,1178,1220,1063,1293,1373,1539,1498,1329,1514,1836,1951,1616,1266,1190,1274,845,374,113,20,2626
2015,2015-01-01,07461,074616,福島県,西白河郡西郷村,19798,941,928,1041,1026,913,1197,1364,1399,1358,1208,1234,1485,1566,1258,891,722,615,415,173,58,6,1267,9960,481,466,538,494,483,631,762,738,728,656,646,734,809,647,451,311,194,140,45,5,1,385,9838,460,462,503,532,430,566,602,661,630,552,588,751,757,611,440,411,421,275,128,53,5,882
2015,2015-01-01,07464,074641,福島県,西白河郡泉崎村,6641,257,321,342,329,319,310,398,404,360,318,455,547,583,448,349,298,299,202,71,29,2,603,3273,138,154,177,171,160,149,208,215,202,162,209,291,308,233,180,127,102,64,17,6,0,189,3368,119,167,165,158,159,161,190,189,158,156,246,256,275,215,169,171,197,138,54,23,2,414
2015,2015-01-01,07465,074659,福島県,西白河郡中島村,5202,206,225,283,300,257,247,290,342,294,293,348,409,425,305,234,231,242,181,67,16,7,513,2552,99,105,159,159,136,128,155,179,143,139,180,213,227,154,114,102,85,56,16,3,0,160,2650,107,120,124,141,121,119,135,163,151,154,168,196,198,151,120,129,157,125,51,13,7,353
2015,2015-01-01,07466,074667,福島県,西白河郡矢吹町,17686,742,800,831,877,771,983,981,1103,1188,955,1044,1292,1459,1283,1047,864,773,472,176,37,8,1466,8865,390,402,445,488,418,536,535,577,629,488,532,659,738,644,510,385,274,165,35,13,2,489,8821,352,398,386,389,353,447,446,526,559,467,512,633,721,639,537,479,499,307,141,24,6,977
2015,2015-01-01,07480,074802,福島県,東白川郡,34216,1267,1374,1521,1796,1452,1530,1770,1709,1762,1778,2260,2692,2967,2216,1947,2025,1981,1465,566,123,15,4150,16943,632,684,810,926,796,838,936,925,916,929,1177,1368,1588,1174,915,897,774,474,151,31,2,1432,17273,635,690,711,870,656,692,834,784,846,849,1083,1324,1379,1042,1032,1128,1207,991,415,92,13,2718
2015,2015-01-01,07481,074811,福島県,東白川郡棚倉町,14749,595,664,725,822,660,749,821,795,869,796,980,1100,1181,944,795,772,719,512,201,42,7,1481,7269,286,330,379,444,368,402,434,418,442,428,504,541,623,484,368,333,269,157,52,7,0,485,7480,309,334,346,378,292,347,387,377,427,368,476,559,558,460,427,439,450,355,149,35,7,996
2015,2015-01-01,07482,074829,福島県,東白川郡矢祭町,6216,236,218,237,297,253,222,332,289,258,292,425,496,568,442,396,387,398,306,133,30,1,868,3064,117,104,124,147,145,121,178,155,142,137,229,266,297,237,189,175,161,97,30,12,1,301,3152,119,114,113,150,108,101,154,134,116,155,196,230,271,205,207,212,237,209,103,18,0,567
2015,2015-01-01,07483,074837,福島県,東白川郡塙町,9407,296,347,387,506,359,377,430,464,481,512,603,760,857,595,546,620,624,441,153,42,7,1267,4669,163,174,222,240,185,208,228,258,246,268,319,385,464,328,254,270,253,149,46,8,1,457,4738,133,173,165,266,174,169,202,206,235,244,284,375,393,267,292,350,371,292,107,34,6,810
2015,2015-01-01,07484,074845,福島県,東白川郡鮫川村,3844,140,145,172,171,180,182,187,161,154,178,252,336,361,235,210,246,240,206,79,9,0,534,1941,66,76,85,95,98,107,96,94,86,96,125,176,204,125,104,119,91,71,23,4,0,189,1903,74,69,87,76,82,75,91,67,68,82,127,160,157,110,106,127,149,135,56,5,0,345
2015,2015-01-01,07500,075001,福島県,石川郡,42653,1462,1691,1946,2084,1917,1927,2085,2321,2274,2264,2838,3475,3849,2889,2436,2443,2304,1613,651,164,20,4752,21157,767,854,997,1065,1010,1053,1135,1248,1230,1137,1516,1807,2031,1548,1173,1053,868,483,149,30,3,1533,21496,695,837,949,1019,907,874,950,1073,1044,1127,1322,1668,1818,1341,1263,1390,1436,1130,502,134,17,3219
2015,2015-01-01,07501,075019,福島県,石川郡石川町,16490,519,590,718,768,739,740,734,902,883,864,1044,1341,1493,1231,1053,974,943,619,272,55,8,1897,8085,271,301,360,369,381,382,401,477,474,448,543,693,791,657,497,425,360,185,58,12,0,615,8405,248,289,358,399,358,358,333,425,409,416,501,648,702,574,556,549,583,434,214,43,8,1282
2015,2015-01-01,07502,075027,福島県,石川郡玉川村,6944,231,322,344,364,335,336,389,425,405,372,453,515,645,438,337,343,315,240,106,27,2,690,3462,115,161,169,198,176,178,199,233,226,175,245,265,328,241,171,153,122,74,29,4,0,229,3482,116,161,175,166,159,158,190,192,179,197,208,250,317,197,166,190,193,166,77,23,2,461
2015,2015-01-01,07503,075035,福島県,石川郡平田村,6564,257,259,282,307,310,314,350,348,321,360,497,592,615,389,357,357,335,203,80,27,4,649,3299,141,124,149,165,172,168,208,191,176,186,269,304,318,222,165,142,120,47,27,5,0,199,3265,116,135,133,142,138,146,142,157,145,174,228,288,297,167,192,215,215,156,53,22,4,450
2015,2015-01-01,07504,075043,福島県,石川郡浅川町,6824,253,292,371,349,301,309,367,364,389,369,440,528,572,471,395,392,306,242,89,22,3,662,3431,140,157,201,175,161,180,206,185,207,185,231,264,312,251,199,174,108,73,17,3,2,203,3393,113,135,170,174,140,129,161,179,182,184,209,264,260,220,196,218,198,169,72,19,1,459
2015,2015-01-01,07505,075051,福島県,石川郡古殿町,5831,202,228,231,296,232,228,245,282,276,299,404,499,524,360,294,377,405,309,104,33,3,854,2880,100,111,118,158,120,145,121,162,147,143,228,281,282,177,141,159,158,104,18,6,1,287,2951,102,117,113,138,112,83,124,120,129,156,176,218,242,183,153,218,247,205,86,27,2,567
2015,2015-01-01,07520,075205,福島県,田村郡,28811,926,1074,1245,1426,1337,1340,1426,1587,1530,1662,1978,2349,2463,2038,1689,1585,1540,1026,457,112,21,3156,14134,482,547,655,728,696,682,770,842,760,840,1026,1194,1310,1076,798,655,594,345,115,18,1,1073,14677,444,527,590,698,641,658,656,745,770,822,952,1155,1153,962,891,930,946,681,342,94,20,2083
2015,2015-01-01,07521,075213,福島県,田村郡三春町,17965,579,654,771,902,844,831,920,992,1018,1047,1208,1448,1565,1342,1072,924,914,588,278,60,8,1848,8834,308,333,418,458,430,419,481,540,514,525,617,730,837,698,496,384,359,200,72,15,0,646,9131,271,321,353,444,414,412,439,452,504,522,591,718,728,644,576,540,555,388,206,45,8,1202
2015,2015-01-01,07522,075221,福島県,田村郡小野町,10846,347,420,474,524,493,509,506,595,512,615,770,901,898,696,617,661,626,438,179,52,13,1308,5300,174,214,237,270,266,263,289,302,246,315,409,464,473,378,302,271,235,145,43,3,1,427,5546,173,206,237,254,227,246,217,293,266,300,361,437,425,318,315,390,391,293,136,49,12,881
2015,2015-01-01,07540,075400,福島県,双葉郡,66958,2440,2682,3052,3408,3322,3324,3529,3847,3886,3651,4409,5181,5812,4777,3841,3316,3138,2232,846,226,39,6481,33045,1230,1370,1577,1727,1700,1753,1934,2059,2031,1816,2263,2706,3009,2492,1853,1436,1169,669,209,38,4,2089,33913,1210,1312,1475,1681,1622,1571,1595,1788,1855,1835,2146,2475,2803,2285,1988,1880,1969,1563,637,188,35,4392
2015,2015-01-01,07541,075418,福島県,双葉郡広野町,5122,164,173,226,291,287,266,235,294,299,292,347,425,470,382,286,235,221,149,62,16,2,450,2573,83,82,123,140,163,155,132,164,174,152,169,240,226,195,147,101,82,32,11,2,0,127,2549,81,91,103,151,124,111,103,130,125,140,178,185,244,187,139,134,139,117,51,14,2,323
2015,2015-01-01,07542,075426,福島県,双葉郡楢葉町,7422,252,262,343,378,406,343,344,386,410,395,521,584,647,556,433,412,367,258,92,31,2,750,3610,114,134,180,193,219,157,174,204,212,201,257,312,345,284,205,187,130,78,22,2,0,232,3812,138,128,163,185,187,186,170,182,198,194,264,272,302,272,228,225,237,180,70,29,2,518
2015,2015-01-01,07543,075434,福島県,双葉郡富岡町,14056,553,543,657,798,711,724,734,890,940,855,960,1017,1161,975,786,612,588,372,143,33,4,1140,7044,270,283,333,429,345,415,396,487,493,418,512,534,603,492,379,256,234,119,40,6,0,399,7012,283,260,324,369,366,309,338,403,447,437,448,483,558,483,407,356,354,253,103,27,4,741
2015,2015-01-01,07544,075442,福島県,双葉郡川内村,2706,59,65,88,80,122,132,110,110,118,123,187,227,280,208,170,183,217,147,58,19,3,444,1383,28,36,52,46,66,81,65,64,67,64,104,138,135,124,72,83,84,54,14,6,0,158,1323,31,29,36,34,56,51,45,46,51,59,83,89,145,84,98,100,133,93,44,13,3,286
2015,2015-01-01,07545,075451,福島県,双葉郡大熊町,10805,524,597,595,573,524,632,694,737,694,564,681,748,855,685,504,403,386,265,115,19,10,795,5286,268,298,293,269,272,307,375,368,358,288,344,391,433,355,242,179,135,82,25,2,2,246,5519,256,299,302,304,252,325,319,369,336,276,337,357,422,330,262,224,251,183,90,17,8,549
2015,2015-01-01,07546,075469,福島県,双葉郡双葉町,6326,196,287,263,309,276,294,327,381,339,329,380,486,571,446,392,333,334,256,88,34,5,717,3082,106,156,143,150,138,158,194,199,164,160,198,241,298,232,186,140,115,74,24,6,0,219,3244,90,131,120,159,138,136,133,182,175,169,182,245,273,214,206,193,219,182,64,28,5,498
2015,2015-01-01,07547,075477,福島県,双葉郡浪江町,19038,648,710,818,918,924,850,1008,982,1023,1038,1249,1570,1692,1417,1185,1032,931,709,256,66,12,1974,9295,342,355,416,464,459,432,549,534,530,504,635,788,895,746,574,441,350,206,62,12,1,631,9743,306,355,402,454,465,418,459,448,493,534,614,782,797,671,611,591,581,503,194,54,11,1343
2015,2015-01-01,07548,075485,福島県,双葉郡葛尾村,1483,44,45,62,61,72,83,77,67,63,55,84,124,136,108,85,106,94,76,32,8,1,211,772,19,26,37,36,38,48,49,39,33,29,44,62,74,64,48,49,39,24,11,2,1,77,711,25,19,25,25,34,35,28,28,30,26,40,62,62,44,37,57,55,52,21,6,0,134
2015,2015-01-01,07560,075604,福島県,相馬郡,14210,521,542,690,684,649,652,732,744,839,660,816,1156,1230,1043,784,777,811,573,229,63,15,1691,7076,253,295,357,355,336,353,405,398,454,327,412,590,677,542,405,349,307,190,57,11,3,568,7134,268,247,333,329,313,299,327,346,385,333,404,566,553,501,379,428,504,383,172,52,12,1123
2015,2015-01-01,07561,075612,福島県,相馬郡新地町,7930,276,329,399,391,336,337,413,452,538,377,426,622,663,612,462,401,397,324,128,37,10,896,3943,139,177,218,214,192,183,215,227,283,194,200,310,349,305,248,188,154,109,31,6,1,301,3987,137,152,181,177,144,154,198,225,255,183,226,312,314,307,214,213,243,215,97,31,9,595
2015,2015-01-01,07564,075647,福島県,相馬郡飯舘村,6280,245,213,291,293,313,315,319,292,301,283,390,534,567,431,322,376,414,249,101,26,5,795,3133,114,118,139,141,144,170,190,171,171,133,212,280,328,237,157,161,153,81,26,5,2,267,3147,131,95,152,152,169,145,129,121,130,150,178,254,239,194,165,215,261,168,75,21,3,528
2015,2015-01-01,08000,080004,茨城県,,2931112,114386,125414,137632,142979,142413,150112,169097,194325,221380,190065,176373,187541,223827,220625,186148,138479,103652,68803,29334,7270,1257,210316,1465874,58699,64565,70544,73633,75336,79654,88633,102197,116280,99229,90529,95417,112149,109359,91221,64637,42155,23146,6964,1338,189,73792,1465238,55687,60849,67088,69346,67077,70458,80464,92128,105100,90836,85844,92124,111678,111266,94927,73842,61497,45657,22370,5932,1068,136524
2015,2015-01-01,08201,082015,茨城県,水戸市,269891,11821,12146,12546,12983,12847,15015,17155,19117,21700,18726,16929,16094,17981,17896,15624,12279,9443,6108,2680,660,141,19032,132367,6048,6310,6440,6629,6496,7708,8739,9800,11150,9520,8538,8112,8800,8651,7302,5398,3847,2119,626,105,29,6726,137524,5773,5836,6106,6354,6351,7307,8416,9317,10550,9206,8391,7982,9181,9245,8322,6881,5596,3989,2054,555,112,12306
2015,2015-01-01,08202,082023,茨城県,日立市,187672,6264,7349,9002,9612,8997,9177,9390,10856,14644,13041,11321,11209,13445,13845,14540,11170,6991,4270,1957,499,93,13810,94406,3230,3805,4600,5014,4945,5225,5093,5781,7514,6952,5947,5632,6719,6449,7008,5480,2941,1475,481,98,17,5012,93266,3034,3544,4402,4598,4052,3952,4297,5075,7130,6089,5374,5577,6726,7396,7532,5690,4050,2795,1476,401,76,8798
2015,2015-01-01,08203,082031,茨城県,土浦市,141649,5610,5942,6472,6786,7032,7650,8495,9629,11019,9520,8207,8382,10047,10855,9418,6823,4942,3072,1356,340,52,9762,70943,2923,3097,3319,3497,3730,4100,4576,5075,5894,4960,4254,4277,4945,5220,4546,3061,2038,1037,312,74,8,3469,70706,2687,2845,3153,3289,3302,3550,3919,4554,5125,4560,3953,4105,5102,5635,4872,3762,2904,2035,1044,266,44,6293
2015,2015-01-01,08204,082040,茨城県,古河市,142652,5517,6043,6563,6866,7379,7736,8442,9425,10568,9336,8780,9548,11237,10848,9129,6462,4527,2772,1162,275,37,8773,71618,2795,3124,3335,3531,3839,4091,4436,5058,5534,4884,4526,4830,5622,5456,4453,2989,1822,943,297,51,2,3115,71034,2722,2919,3228,3335,3540,3645,4006,4367,5034,4452,4254,4718,5615,5392,4676,3473,2705,1829,865,224,35,5658
2015,2015-01-01,08205,082058,茨城県,石岡市,77346,2565,2969,3507,3777,3749,3702,4124,4700,5328,4888,4788,5207,6175,5839,5189,4145,3324,2160,933,237,40,6694,38405,1316,1520,1819,1906,1928,1901,2214,2454,2784,2549,2475,2628,3179,2936,2514,1899,1395,721,215,46,6,2383,38941,1249,1449,1688,1871,1821,1801,1910,2246,2544,2339,2313,2579,2996,2903,2675,2246,1929,1439,718,191,34,4311
2015,2015-01-01,08207,082074,茨城県,結城市,51116,2004,2241,2365,2277,2250,2576,2958,3577,3729,3166,2822,3353,4223,4031,3329,2440,1851,1272,513,118,21,3775,25495,1041,1169,1173,1191,1160,1332,1543,1852,1992,1710,1394,1702,2112,2006,1608,1165,756,441,124,23,1,1345,25621,963,1072,1192,1086,1090,1244,1415,1725,1737,1456,1428,1651,2111,2025,1721,1275,1095,831,389,95,20,2430
2015,2015-01-01,08208,082082,茨城県,龍ケ崎市,77822,2838,3232,3825,4229,4262,3980,4064,5059,6022,5311,5019,5169,6121,6223,4975,3238,2222,1319,524,160,30,4255,38797,1436,1618,1949,2182,2265,2051,2138,2632,3079,2741,2501,2568,3050,3141,2425,1516,901,449,119,33,3,1505,39025,1402,1614,1876,2047,1997,1929,1926,2427,2943,2570,2518,2601,3071,3082,2550,1722,1321,870,405,127,27,2750
2015,2015-01-01,08210,082104,茨城県,下妻市,43483,1748,1876,2152,2200,2156,2179,2481,2962,3228,2706,2573,2970,3445,3126,2377,1887,1629,1172,491,107,18,3417,21831,940,932,1124,1108,1109,1154,1303,1597,1695,1426,1339,1547,1761,1603,1161,863,691,357,105,13,3,1169,21652,808,944,1028,1092,1047,1025,1178,1365,1533,1280,1234,1423,1684,1523,1216,1024,938,815,386,94,15,2248
2015,2015-01-01,08211,082112,茨城県,常総市,61486,2193,2652,2931,3065,2767,2889,3317,4100,4469,3931,3505,4018,4956,4848,3807,2998,2404,1704,725,174,33,5040,30678,1115,1361,1494,1578,1446,1501,1720,2229,2340,2119,1859,2076,2425,2473,1861,1389,952,555,162,17,6,1692,30808,1078,1291,1437,1487,1321,1388,1597,1871,2129,1812,1646,1942,2531,2375,1946,1609,1452,1149,563,157,27,3348
2015,2015-01-01,08212,082121,茨城県,常陸太田市,55369,1350,1679,2237,2729,2694,2418,2251,2561,3057,3234,3997,4557,4877,4245,3715,3227,3065,2222,954,241,59,6541,27193,706,872,1169,1344,1400,1252,1187,1321,1570,1597,2006,2336,2566,2226,1835,1494,1256,760,236,51,9,2312,28176,644,807,1068,1385,1294,1166,1064,1240,1487,1637,1991,2221,2311,2019,1880,1733,1809,1462,718,190,50,4229
2015,2015-01-01,08214,082147,茨城県,高萩市,30269,996,1066,1353,1440,1359,1502,1588,1697,1940,1777,1812,2148,2770,2483,2208,1591,1199,771,438,123,8,2539,14950,480,550,698,760,706,794,833,900,1032,901,903,1041,1382,1252,1112,736,499,247,96,26,2,870,15319,516,516,655,680,653,708,755,797,908,876,909,1107,1388,1231,1096,855,700,524,342,97,6,1669
2015,2015-01-01,08215,082155,茨城県,北茨城市,45710,1465,1697,1993,2299,2049,2166,2334,2380,2770,2669,3225,3475,4210,3489,2958,2348,2034,1388,612,118,31,4183,22786,759,857,1056,1160,1081,1133,1275,1280,1417,1342,1663,1785,2199,1821,1476,1017,815,479,143,23,5,1465,22924,706,840,937,1139,968,1033,1059,1100,1353,1327,1562,1690,2011,1668,1482,1331,1219,909,469,95,26,2718
2015,2015-01-01,08216,082163,茨城県,笠間市,78027,2819,3082,3560,3771,3699,3875,4213,4857,5453,4895,4875,5278,6440,6038,5039,3786,3084,2124,884,215,40,6347,38398,1472,1587,1861,1938,1895,1926,2179,2563,2857,2484,2446,2671,3133,3040,2411,1756,1203,708,221,41,6,2179,39629,1347,1495,1699,1833,1804,1949,2034,2294,2596,2411,2429,2607,3307,2998,2628,2030,1881,1416,663,174,34,4168
2015,2015-01-01,08217,082171,茨城県,取手市,107929,3550,4016,4242,4685,4628,4945,5724,7086,8315,6999,6041,6269,8678,10408,9550,6129,3484,2023,875,247,35,6664,53471,1837,2067,2193,2383,2444,2554,2898,3707,4413,3738,3022,3053,4066,4906,4706,3054,1490,702,190,42,6,2430,54458,1713,1949,2049,2302,2184,2391,2826,3379,3902,3261,3019,3216,4612,5502,4844,3075,1994,1321,685,205,29,4234
2015,2015-01-01,08219,082198,茨城県,牛久市,83340,3733,3985,3811,3722,3711,4225,5281,6457,6864,5283,4639,4741,6037,7234,5897,3481,2195,1306,576,141,21,4239,41312,1871,2006,1930,1873,1855,2150,2710,3297,3594,2756,2304,2347,2831,3428,3055,1725,939,468,141,30,2,1580,42028,1862,1979,1881,1849,1856,2075,2571,3160,3270,2527,2335,2394,3206,3806,2842,1756,1256,838,435,111,19,2659
2015,2015-01-01,08220,082201,茨城県,つくば市,213132,11219,11302,10956,10782,13890,12960,15285,17188,18481,14966,12377,11773,12339,12458,9532,6736,5154,3692,1583,389,70,10888,108550,5741,5883,5669,5678,7732,6895,7963,8917,9565,7921,6484,6049,6094,6269,4764,3160,2140,1211,336,69,10,3766,104582,5478,5419,5287,5104,6158,6065,7322,8271,8916,7045,5893,5724,6245,6189,4768,3576,3014,2481,1247,320,60,7122
2015,2015-01-01,08221,082210,茨城県,ひたちなか市,158233,6898,7511,8337,8398,7588,8229,9409,11124,13731,11738,9684,8845,10140,10505,9819,7221,4743,2765,1166,327,55,9056,79480,3529,3811,4230,4283,4040,4475,4933,5798,7132,6196,5045,4475,4920,4923,4793,3504,2028,997,293,68,7,3393,78753,3369,3700,4107,4115,3548,3754,4476,5326,6599,5542,4639,4370,5220,5582,5026,3717,2715,1768,873,259,48,5663
2015,2015-01-01,08222,082228,茨城県,鹿嶋市,67301,2869,2923,3103,3276,3098,3603,3936,4502,4974,3927,3464,4150,5500,5808,5061,3244,2068,1189,482,105,19,3863,34492,1440,1455,1583,1721,1760,2063,2073,2406,2717,2090,1773,2054,2899,2920,2583,1591,857,383,112,11,1,1364,32809,1429,1468,1520,1555,1338,1540,1863,2096,2257,1837,1691,2096,2601,2888,2478,1653,1211,806,370,94,18,2499
2015,2015-01-01,08223,082236,茨城県,潮来市,29129,997,1131,1285,1434,1390,1422,1483,1718,1998,1753,1833,2119,2473,2426,1903,1537,1140,722,270,77,18,2227,14444,519,583,634,716,697,756,758,908,1047,879,938,1096,1257,1233,936,720,441,233,80,11,2,767,14685,478,548,651,718,693,666,725,810,951,874,895,1023,1216,1193,967,817,699,489,190,66,16,1460
2015,2015-01-01,08224,082244,茨城県,守谷市,64196,3344,3504,3488,3218,3002,3445,4527,5381,5763,4453,3513,3646,4822,4656,3095,1855,1217,832,339,90,6,2484,32419,1746,1823,1807,1692,1588,1773,2277,2758,2974,2302,1788,1739,2335,2407,1612,918,513,276,69,20,2,880,31777,1598,1681,1681,1526,1414,1672,2250,2623,2789,2151,1725,1907,2487,2249,1483,937,704,556,270,70,4,1604
2015,2015-01-01,08225,082252,茨城県,常陸大宮市,44478,1343,1549,1921,2047,2019,2046,2162,2305,2568,2566,2775,3339,3782,3318,2752,2502,2455,1904,869,215,41,5484,22078,692,829,979,1058,1025,1083,1151,1215,1346,1324,1415,1740,1992,1757,1350,1153,995,694,232,42,6,1969,22400,651,720,942,989,994,963,1011,1090,1222,1242,1360,1599,1790,1561,1402,1349,1460,1210,637,173,35,3515
2015,2015-01-01,08226,082261,茨城県,那珂市,55564,2058,2291,2651,2623,2486,2578,3030,3454,4063,3453,3399,3753,4452,4292,3750,2733,2174,1465,660,161,38,4498,27355,1056,1156,1391,1370,1280,1279,1525,1776,2092,1749,1698,1870,2211,2155,1855,1299,908,477,170,35,3,1593,28209,1002,1135,1260,1253,1206,1299,1505,1678,1971,1704,1701,1883,2241,2137,1895,1434,1266,988,490,126,35,2905
2015,2015-01-01,08227,082279,茨城県,筑西市,106920,3861,4275,5068,5385,4978,5236,5727,6879,7751,6574,6365,7202,9037,8397,6545,5154,4097,2869,1189,292,39,8486,53248,1954,2161,2620,2785,2645,2740,3051,3626,4128,3384,3281,3706,4584,4167,3171,2317,1642,917,301,58,10,2928,53672,1907,2114,2448,2600,2333,2496,2676,3253,3623,3190,3084,3496,4453,4230,3374,2837,2455,1952,888,234,29,5558
2015,2015-01-01,08228,082287,茨城県,坂東市,54722,2043,2334,2676,2685,2673,2720,3080,3463,4008,3241,3228,3848,4660,4355,3194,2469,1937,1422,549,117,20,4045,27711,1013,1191,1365,1414,1400,1494,1650,1847,2206,1732,1631,1976,2432,2228,1555,1187,773,463,130,22,2,1390,27011,1030,1143,1311,1271,1273,1226,1430,1616,1802,1509,1597,1872,2228,2127,1639,1282,1164,959,419,95,18,2655
2015,2015-01-01,08229,082295,茨城県,稲敷市,43464,1200,1485,1775,2023,2039,2002,2187,2261,2642,2541,2934,3323,3929,3710,2861,2459,1996,1416,565,104,12,4093,21715,640,753,892,1039,1083,1111,1206,1219,1404,1315,1509,1756,2059,1887,1388,1104,737,459,135,18,1,1350,21749,560,732,883,984,956,891,981,1042,1238,1226,1425,1567,1870,1823,1473,1355,1259,957,430,86,11,2743
2015,2015-01-01,08230,082309,茨城県,かすみがうら市,42537,1544,1743,2026,2099,2007,2150,2388,2730,3238,2614,2471,2691,3457,3439,2799,1946,1528,1071,470,114,12,3195,21598,826,915,1040,1067,1096,1193,1243,1478,1763,1377,1261,1375,1767,1756,1401,938,633,342,107,20,0,1102,20939,718,828,986,1032,911,957,1145,1252,1475,1237,1210,1316,1690,1683,1398,1008,895,729,363,94,12,2093
2015,2015-01-01,08231,082317,茨城県,桜川市,44783,1384,1739,2083,2204,2243,2079,2356,2584,2934,2594,2834,3405,3914,3309,2563,2239,2020,1469,639,168,23,4319,22165,717,935,1076,1119,1177,1108,1222,1393,1549,1328,1454,1791,2018,1677,1212,995,769,454,145,22,4,1394,22618,667,804,1007,1085,1066,971,1134,1191,1385,1266,1380,1614,1896,1632,1351,1244,1251,1015,494,146,19,2925
2015,2015-01-01,08232,082325,茨城県,神栖市,92433,4346,4603,4914,4764,4629,5323,6101,6824,7777,6394,5684,5791,6704,6134,4746,3330,2294,1396,553,109,17,4369,47465,2255,2382,2549,2473,2553,2966,3247,3593,4164,3406,3032,3055,3483,3036,2309,1509,877,448,109,16,3,1453,44968,2091,2221,2365,2291,2076,2357,2854,3231,3613,2988,2652,2736,3221,3098,2437,1821,1417,948,444,93,14,2916
2015,2015-01-01,08233,082333,茨城県,行方市,36338,1073,1358,1528,1646,1544,1672,1929,1986,2121,1930,2341,2888,3274,2778,2167,2024,2017,1367,533,143,19,4079,18066,537,670,750,828,787,929,1045,1101,1158,1019,1192,1524,1688,1484,1083,872,772,459,135,30,3,1399,18272,536,688,778,818,757,743,884,885,963,911,1149,1364,1586,1294,1084,1152,1245,908,398,113,16,2680
2015,2015-01-01,08234,082341,茨城県,鉾田市,48801,1580,1922,2124,2254,2056,2245,2547,2770,3080,2776,2925,3508,4453,3986,3283,2719,2191,1578,627,154,23,4573,24511,780,1013,1075,1165,1104,1195,1354,1501,1637,1442,1495,1876,2343,2057,1664,1232,876,533,137,29,3,1578,24290,800,909,1049,1089,952,1050,1193,1269,1443,1334,1430,1632,2110,1929,1619,1487,1315,1045,490,125,20,2995
2015,2015-01-01,08235,082350,茨城県,つくばみらい市,48658,2622,2264,1998,2078,2058,2772,3516,4082,3841,2962,2480,2612,3486,3833,3134,2032,1388,951,420,112,17,2888,24475,1356,1171,1029,1080,1062,1396,1779,2214,2093,1630,1243,1305,1678,1856,1595,1003,569,309,85,20,2,985,24183,1266,1093,969,998,996,1376,1737,1868,1748,1332,1237,1307,1808,1977,1539,1029,819,642,335,92,15,1903
2015,2015-01-01,08236,082368,茨城県,小美玉市,51819,2006,2329,2500,2602,2727,2691,3024,3474,3732,3061,3130,3439,4080,3836,3043,2406,1829,1235,520,138,17,3739,26213,1048,1181,1275,1323,1504,1458,1619,1881,1982,1587,1583,1798,2084,1910,1501,1158,751,396,146,27,1,1321,25606,958,1148,1225,1279,1223,1233,1405,1593,1750,1474,1547,1641,1996,1926,1542,1248,1078,839,374,111,16,2418
2015,2015-01-01,08300,083003,茨城県,東茨城郡,71506,2069,2687,3078,3486,3235,3268,3526,4073,4548,4304,4492,5435,6340,5566,4646,3737,3308,2376,1038,238,56,7016,35465,1098,1414,1564,1822,1728,1733,1842,2101,2413,2188,2297,2787,3251,2863,2245,1682,1318,795,259,55,10,2437,36041,971,1273,1514,1664,1507,1535,1684,1972,2135,2116,2195,2648,3089,2703,2401,2055,1990,1581,779,183,46,4579
2015,2015-01-01,08302,083020,茨城県,東茨城郡茨城町,33342,1046,1347,1439,1642,1442,1595,1767,1990,2165,1958,1945,2409,2988,2643,2210,1703,1428,1041,462,101,21,3053,16646,548,712,740,892,779,835,938,1020,1171,988,981,1215,1500,1360,1062,814,581,349,132,26,3,1091,16696,498,635,699,750,663,760,829,970,994,970,964,1194,1488,1283,1148,889,847,692,330,75,18,1962
2015,2015-01-01,08309,083097,茨城県,東茨城郡大洗町,17193,505,639,757,771,772,752,806,1033,1116,1091,1140,1243,1423,1366,1123,963,834,550,241,56,12,1693,8477,267,330,402,389,402,419,428,526,596,573,607,657,714,691,523,402,312,170,59,7,3,551,8716,238,309,355,382,370,333,378,507,520,518,533,586,709,675,600,561,522,380,182,49,9,1142
2015,2015-01-01,08310,083101,茨城県,東茨城郡城里町,20971,518,701,882,1073,1021,921,953,1050,1267,1255,1407,1783,1929,1557,1313,1071,1046,785,335,81,23,2270,10342,283,372,422,541,547,479,476,555,646,627,709,915,1037,812,660,466,425,276,68,22,4,795,10629,235,329,460,532,474,442,477,495,621,628,698,868,892,745,653,605,621,509,267,59,19,1475
2015,2015-01-01,08340,083402,茨城県,那珂郡,38244,1898,2038,2166,1971,1612,1973,2288,2802,3586,2883,2199,1864,2134,2538,2504,1734,1029,633,284,88,20,2054,19301,979,1063,1115,997,838,1073,1194,1430,1874,1502,1213,957,1019,1146,1287,866,431,227,71,16,3,748,18943,919,975,1051,974,774,900,1094,1372,1712,1381,986,907,1115,1392,1217,868,598,406,213,72,17,1306
2015,2015-01-01,08341,083411,茨城県,那珂郡東海村,38244,1898,2038,2166,1971,1612,1973,2288,2802,3586,2883,2199,1864,2134,2538,2504,1734,1029,633,284,88,20,2054,19301,979,1063,1115,997,838,1073,1194,1430,1874,1502,1213,957,1019,1146,1287,866,431,227,71,16,3,748,18943,919,975,1051,974,774,900,1094,1372,1712,1381,986,907,1115,1392,1217,868,598,406,213,72,17,1306
2015,2015-01-01,08360,083607,茨城県,久慈郡,18976,415,535,639,735,692,694,684,799,790,927,1194,1580,1911,1537,1350,1393,1390,1140,447,99,25,3101,9286,213,290,327,384,343,376,373,426,442,464,655,840,1019,803,673,628,523,377,114,11,5,1030,9690,202,245,312,351,349,318,311,373,348,463,539,740,892,734,677,765,867,763,333,88,20,2071
2015,2015-01-01,08364,083640,茨城県,久慈郡大子町,18976,415,535,639,735,692,694,684,799,790,927,1194,1580,1911,1537,1350,1393,1390,1140,447,99,25,3101,9286,213,290,327,384,343,376,373,426,442,464,655,840,1019,803,673,628,523,377,114,11,5,1030,9690,202,245,312,351,349,318,311,373,348,463,539,740,892,734,677,765,867,763,333,88,20,2071
2015,2015-01-01,08440,084409,茨城県,稲敷郡,72905,2708,3029,3346,3388,3577,3602,4222,4858,5601,4757,4370,4779,5699,5762,4672,3546,2531,1647,622,165,24,4989,36541,1359,1533,1681,1736,1854,1927,2258,2598,3009,2528,2231,2455,2899,2869,2292,1574,993,561,152,28,4,1738,36364,1349,1496,1665,1652,1723,1675,1964,2260,2592,2229,2139,2324,2800,2893,2380,1972,1538,1086,470,137,20,3251
2015,2015-01-01,08442,084425,茨城県,稲敷郡美浦村,16382,574,648,715,780,813,790,1024,1060,1235,1116,1085,1086,1329,1234,1022,814,570,325,126,33,3,1057,8426,297,337,350,406,455,454,598,607,679,598,547,576,681,620,492,365,220,109,28,7,0,364,7956,277,311,365,374,358,336,426,453,556,518,538,510,648,614,530,449,350,216,98,26,3,693
2015,2015-01-01,08443,084433,茨城県,稲敷郡阿見町,46888,1923,2121,2243,2152,2297,2389,2807,3340,3763,3024,2610,2962,3548,3730,2962,2092,1467,961,378,103,16,2925,23358,953,1081,1123,1095,1150,1249,1452,1735,1995,1625,1334,1492,1794,1828,1458,937,598,339,95,21,4,1057,23530,970,1040,1120,1057,1147,1140,1355,1605,1768,1399,1276,1470,1754,1902,1504,1155,869,622,283,82,12,1868
2015,2015-01-01,08447,084476,茨城県,稲敷郡河内町,9635,211,260,388,456,467,423,391,458,603,617,675,731,822,798,688,640,494,361,118,29,5,1007,4757,109,115,208,235,249,224,208,256,335,305,350,387,424,421,342,272,175,113,29,0,0,317,4878,102,145,180,221,218,199,183,202,268,312,325,344,398,377,346,368,319,248,89,29,5,690
2015,2015-01-01,08520,085201,茨城県,結城郡,22218,811,964,1148,1149,1059,1067,1212,1430,1441,1249,1294,1701,1899,1658,1178,1001,887,703,290,70,7,1957,11221,412,525,613,603,565,556,641,778,786,638,663,881,1003,839,587,452,354,242,70,12,1,679,10997,399,439,535,546,494,511,571,652,655,611,631,820,896,819,591,549,533,461,220,58,6,1278
2015,2015-01-01,08521,085219,茨城県,結城郡八千代町,22218,811,964,1148,1149,1059,1067,1212,1430,1441,1249,1294,1701,1899,1658,1178,1001,887,703,290,70,7,1957,11221,412,525,613,603,565,556,641,778,786,638,663,881,1003,839,587,452,354,242,70,12,1,679,10997,399,439,535,546,494,511,571,652,655,611,631,820,896,819,591,549,533,461,220,58,6,1278
2015,2015-01-01,08540,085405,茨城県,猿島郡,34027,1223,1369,1595,1660,1676,1673,1882,2142,2418,2089,2103,2410,3000,2703,2014,1504,1241,862,364,88,11,2566,17085,614,680,799,848,879,868,983,1147,1297,1109,1085,1221,1560,1447,986,718,474,286,71,12,1,844,16942,609,689,796,812,797,805,899,995,1121,980,1018,1189,1440,1256,1028,786,767,576,293,76,10,1722
2015,2015-01-01,08542,085421,茨城県,猿島郡五霞町,8994,245,322,373,395,454,514,432,536,559,579,585,693,920,765,565,402,283,246,96,26,4,655,4531,135,157,179,199,240,252,233,275,310,306,293,349,494,433,271,200,104,74,21,6,0,205,4463,110,165,194,196,214,262,199,261,249,273,292,344,426,332,294,202,179,172,75,20,4,450
2015,2015-01-01,08546,085464,茨城県,猿島郡境町,25033,978,1047,1222,1265,1222,1159,1450,1606,1859,1510,1518,1717,2080,1938,1449,1102,958,616,268,62,7,1911,12554,479,523,620,649,639,616,750,872,987,803,792,872,1066,1014,715,518,370,212,50,6,1,639,12479,499,524,602,616,583,543,700,734,872,707,726,845,1014,924,734,584,588,404,218,56,6,1272
2015,2015-01-01,08560,085600,茨城県,北相馬郡,16967,402,554,668,631,556,627,779,1033,1188,831,751,1022,1700,2213,1782,954,624,416,175,52,9,1276,8340,206,273,321,338,297,335,402,540,637,440,386,486,764,1062,906,515,236,146,37,13,0,432,8627,196,281,347,293,259,292,377,493,551,391,365,536,936,1151,876,439,388,270,138,39,9,844
2015,2015-01-01,08564,085642,茨城県,北相馬郡利根町,16967,402,554,668,631,556,627,779,1033,1188,831,751,1022,1700,2213,1782,954,624,416,175,52,9,1276,8340,206,273,321,338,297,335,402,540,637,440,386,486,764,1062,906,515,236,146,37,13,0,432,8627,196,281,347,293,259,292,377,493,551,391,365,536,936,1151,876,439,388,270,138,39,9,844
2015,2015-01-01,09000,090000,栃木県,,1973150,79241,86267,92197,93235,92682,103538,116703,134421,149483,127092,119439,129120,152310,147033,116600,89165,71623,47500,20011,4723,767,144624,983759,40775,44401,47284,47784,48493,54875,61822,70769,78645,65840,61506,65749,76528,73512,56106,40104,28212,15694,4734,822,104,49566,989391,38466,41866,44913,45451,44189,48663,54881,63652,70838,61252,57933,63371,75782,73521,60494,49061,43411,31806,15277,3901,663,95058
2015,2015-01-01,09201,092011,栃木県,宇都宮市,512963,23840,24358,24331,23389,23933,29256,34536,39543,42982,35422,30654,30036,34915,35396,28967,20963,15549,9653,4047,1021,172,30442,257167,12290,12502,12486,12021,12704,15719,18330,20846,22557,18556,15882,15262,17101,17230,13754,9399,6126,3240,969,168,25,10528,255796,11550,11856,11845,11368,11229,13537,16206,18697,20425,16866,14772,14774,17814,18166,15213,11564,9423,6413,3078,853,147,19914
2015,2015-01-01,09202,092029,栃木県,足利市,149835,5062,6099,6799,6928,6489,6692,7367,9315,11159,10023,9052,9259,11505,12946,10950,7976,6269,3787,1679,413,66,12214,73330,2551,3081,3485,3486,3321,3452,3886,4873,5910,5125,4706,4671,5611,6350,5169,3498,2455,1246,375,69,10,4155,76505,2511,3018,3314,3442,3168,3240,3481,4442,5249,4898,4346,4588,5894,6596,5781,4478,3814,2541,1304,344,56,8059
2015,2015-01-01,09203,092037,栃木県,栃木市,161314,5578,6499,7353,7494,7422,7610,8593,10174,11669,9925,9439,10935,13375,13197,10534,8052,6429,4618,1924,412,82,13465,79842,2849,3372,3753,3789,3859,3922,4529,5432,6134,5134,4844,5491,6727,6640,5146,3645,2518,1482,494,75,7,4576,81472,2729,3127,3600,3705,3563,3688,4064,4742,5535,4791,4595,5444,6648,6557,5388,4407,3911,3136,1430,337,75,8889
2015,2015-01-01,09204,092045,栃木県,佐野市,119955,4557,4818,5316,5586,5413,5984,6808,7589,8492,7590,7424,8010,9687,9374,7359,5895,5066,3258,1401,285,43,10053,59191,2347,2500,2673,2844,2781,3166,3630,3951,4518,3892,3811,4097,4904,4707,3455,2550,1950,1034,340,36,5,3365,60764,2210,2318,2643,2742,2632,2818,3178,3638,3974,3698,3613,3913,4783,4667,3904,3345,3116,2224,1061,249,38,6688
2015,2015-01-01,09205,092053,栃木県,鹿沼市,99783,3730,4427,4710,4853,4748,5000,5399,6488,7274,6327,6123,6760,7989,7343,5758,4508,4022,2810,1179,291,44,8346,49426,1938,2272,2390,2469,2512,2624,2796,3382,3741,3269,3143,3449,4024,3749,2754,2044,1597,925,284,60,4,2870,50357,1792,2155,2320,2384,2236,2376,2603,3106,3533,3058,2980,3311,3965,3594,3004,2464,2425,1885,895,231,40,5476
2015,2015-01-01,09206,092061,栃木県,日光市,86527,2624,3078,3537,4037,3995,3886,4026,4773,5593,5416,5608,5944,7173,7076,6166,5073,4250,2745,1172,312,43,8522,42265,1346,1617,1801,2066,2029,2061,2100,2454,2944,2823,2866,3061,3648,3506,2847,2227,1650,877,292,46,4,2869,44262,1278,1461,1736,1971,1966,1825,1926,2319,2649,2593,2742,2883,3525,3570,3319,2846,2600,1868,880,266,39,5653
2015,2015-01-01,09208,092088,栃木県,小山市,160816,7083,7379,7758,7978,8002,9021,9941,11570,13145,11129,9962,10232,11712,11217,9019,6444,4560,3074,1257,276,57,9224,81168,3647,3880,3928,4197,4206,4747,5257,6095,7000,5757,5157,5172,6024,5584,4310,3013,1834,1022,280,47,11,3194,79648,3436,3499,3830,3781,3796,4274,4684,5475,6145,5372,4805,5060,5688,5633,4709,3431,2726,2052,977,229,46,6030
2015,2015-01-01,09209,092096,栃木県,真岡市,78359,3496,3715,3884,3815,3598,4267,4854,5528,5876,4680,4467,5406,6365,5696,4096,3129,2701,1789,780,198,19,5487,39528,1759,1876,2052,1960,1866,2256,2616,2960,3120,2441,2335,2797,3185,2946,2045,1456,1056,578,181,39,4,1858,38831,1737,1839,1832,1855,1732,2011,2238,2568,2756,2239,2132,2609,3180,2750,2051,1673,1645,1211,599,159,15,3629
2015,2015-01-01,09210,092100,栃木県,大田原市,72301,2790,3068,3392,3505,3440,3855,4284,4808,5105,4129,4293,5210,6234,5137,3646,3274,2970,2076,848,201,36,6131,35933,1385,1547,1781,1760,1743,2098,2292,2523,2743,2115,2162,2661,3136,2673,1751,1451,1170,707,184,48,3,2112,36368,1405,1521,1611,1745,1697,1757,1992,2285,2362,2014,2131,2549,3098,2464,1895,1823,1800,1369,664,153,33,4019
2015,2015-01-01,09211,092118,栃木県,矢板市,33806,1132,1409,1582,1625,1545,1665,1851,2167,2377,2050,2091,2331,2896,2686,2055,1608,1341,887,405,89,14,2736,16841,580,765,825,799,820,887,1031,1125,1249,1066,1047,1184,1462,1353,1007,708,508,314,94,16,1,933,16965,552,644,757,826,725,778,820,1042,1128,984,1044,1147,1434,1333,1048,900,833,573,311,73,13,1803
2015,2015-01-01,09213,092134,栃木県,那須塩原市,116725,5009,5262,5839,5848,5496,6323,7171,8266,9167,7521,6952,7692,9089,8415,6557,4821,3675,2358,972,243,49,7297,58057,2644,2629,3004,2962,2767,3276,3745,4328,4741,3922,3593,3896,4576,4072,3184,2184,1486,781,224,37,6,2534,58668,2365,2633,2835,2886,2729,3047,3426,3938,4426,3599,3359,3796,4513,4343,3373,2637,2189,1577,748,206,43,4763
2015,2015-01-01,09214,092142,栃木県,さくら市,44086,2084,2205,2243,2148,2096,2274,2890,3340,3373,2690,2525,2696,3242,3019,2295,1885,1472,1057,437,104,11,3081,22238,1083,1100,1182,1145,1148,1246,1546,1740,1796,1382,1340,1397,1632,1502,1128,869,544,347,97,12,2,1002,21848,1001,1105,1061,1003,948,1028,1344,1600,1577,1308,1185,1299,1610,1517,1167,1016,928,710,340,92,9,2079
2015,2015-01-01,09215,092151,栃木県,那須烏山市,28249,828,998,1165,1221,1218,1269,1423,1614,1716,1579,1789,2127,2458,2335,1766,1554,1430,1153,480,107,19,3189,14036,413,529,619,621,610,666,769,885,918,816,933,1118,1271,1213,883,682,569,371,123,23,4,1090,14213,415,469,546,600,608,603,654,729,798,763,856,1009,1187,1122,883,872,861,782,357,84,15,2099
2015,2015-01-01,09216,092169,栃木県,下野市,59775,2548,2736,3025,3171,3613,3333,3539,3967,4642,3999,3962,4042,4260,3880,3062,2351,1878,1186,460,110,11,3645,29764,1308,1389,1564,1598,1927,1674,1802,2028,2400,1968,2009,2070,2225,1933,1509,1074,756,401,110,19,0,1286,30011,1240,1347,1461,1573,1686,1659,1737,1939,2242,2031,1953,1972,2035,1947,1553,1277,1122,785,350,91,11,2359
2015,2015-01-01,09300,093009,栃木県,河内郡,31118,1336,1619,1812,1717,1545,1686,1935,2153,2634,2115,1941,2192,2218,1879,1459,1094,868,601,253,52,9,1783,15798,677,856,949,924,818,870,1011,1113,1372,1071,1029,1124,1164,935,739,509,358,211,56,11,1,637,15320,659,763,863,793,727,816,924,1040,1262,1044,912,1068,1054,944,720,585,510,390,197,41,8,1146
2015,2015-01-01,09301,093017,栃木県,河内郡上三川町,31118,1336,1619,1812,1717,1545,1686,1935,2153,2634,2115,1941,2192,2218,1879,1459,1094,868,601,253,52,9,1783,15798,677,856,949,924,818,870,1011,1113,1372,1071,1029,1124,1164,935,739,509,358,211,56,11,1,637,15320,659,763,863,793,727,816,924,1040,1262,1044,912,1068,1054,944,720,585,510,390,197,41,8,1146
2015,2015-01-01,09340,093408,栃木県,芳賀郡,66243,2246,2659,2919,3087,2927,3229,3473,3968,4173,3755,4172,5175,5993,5200,3591,3259,3042,2155,971,213,36,6417,33210,1149,1381,1487,1614,1531,1717,1850,2113,2215,1946,2117,2702,3077,2783,1796,1477,1248,722,231,44,10,2255,33033,1097,1278,1432,1473,1396,1512,1623,1855,1958,1809,2055,2473,2916,2417,1795,1782,1794,1433,740,169,26,4162
2015,2015-01-01,09342,093424,栃木県,芳賀郡益子町,24117,912,1004,1063,1160,1177,1221,1374,1548,1543,1421,1536,1853,2239,1884,1261,1076,846,624,310,56,9,1845,12060,473,502,556,593,597,619,721,823,823,715,767,966,1134,1014,621,501,371,185,71,6,2,635,12057,439,502,507,567,580,602,653,725,720,706,769,887,1105,870,640,575,475,439,239,50,7,1210
2015,2015-01-01,09343,093432,栃木県,芳賀郡茂木町,14189,332,457,536,635,574,540,616,720,752,687,868,1187,1315,1212,879,850,959,687,301,69,13,2029,7025,162,252,260,346,302,293,333,395,396,355,438,626,668,651,436,386,374,250,79,17,6,726,7164,170,205,276,289,272,247,283,325,356,332,430,561,647,561,443,464,585,437,222,52,7,1303
2015,2015-01-01,09344,093441,栃木県,芳賀郡市貝町,12004,420,510,548,573,589,691,647,692,811,748,830,956,1010,833,571,530,500,361,142,35,7,1045,6099,215,254,274,300,302,398,351,370,416,396,431,513,532,457,293,240,194,120,33,9,1,357,5905,205,256,274,273,287,293,296,322,395,352,399,443,478,376,278,290,306,241,109,26,6,688
2015,2015-01-01,09345,093459,栃木県,芳賀郡芳賀町,15933,582,688,772,719,587,777,836,1008,1067,899,938,1179,1429,1271,880,803,737,483,218,53,7,1498,8026,299,373,397,375,330,407,445,525,580,480,481,597,743,661,446,350,309,167,48,12,1,537,7907,283,315,375,344,257,370,391,483,487,419,457,582,686,610,434,453,428,316,170,41,6,961
2015,2015-01-01,09360,093602,栃木県,下都賀郡,65234,2588,2845,2909,2877,2995,3556,4083,4264,4639,3835,3694,4692,5609,5372,4234,2880,2091,1403,531,123,14,4162,32424,1397,1482,1450,1487,1518,1805,2070,2232,2436,1985,1802,2299,2811,2703,2106,1350,859,475,132,22,3,1491,32810,1191,1363,1459,1390,1477,1751,2013,2032,2203,1850,1892,2393,2798,2669,2128,1530,1232,928,399,101,11,2671
2015,2015-01-01,09361,093611,栃木県,下都賀郡壬生町,39539,1626,1814,1868,1793,1814,2052,2420,2604,2957,2429,2294,2666,3102,3125,2582,1805,1315,880,313,71,9,2588,19573,870,958,929,929,899,997,1244,1348,1559,1231,1175,1332,1556,1527,1251,840,550,288,78,11,1,928,19966,756,856,939,864,915,1055,1176,1256,1398,1198,1119,1334,1546,1598,1331,965,765,592,235,60,8,1660
2015,2015-01-01,09364,093645,栃木県,下都賀郡野木町,25695,962,1031,1041,1084,1181,1504,1663,1660,1682,1406,1400,2026,2507,2247,1652,1075,776,523,218,52,5,1574,12851,527,524,521,558,619,808,826,884,877,754,627,967,1255,1176,855,510,309,187,54,11,2,563,12844,435,507,520,526,562,696,837,776,805,652,773,1059,1252,1071,797,565,467,336,164,41,3,1011
2015,2015-01-01,09380,093807,栃木県,塩谷郡,41889,1522,1706,1860,2002,2373,2742,2511,2676,2907,2514,2556,2836,3277,2886,2171,1859,1652,1183,514,122,20,3491,21486,776,928,936,1049,1379,1665,1454,1474,1524,1309,1316,1471,1716,1478,1079,824,628,366,89,23,2,1108,20403,746,778,924,953,994,1077,1057,1202,1383,1205,1240,1365,1561,1408,1092,1035,1024,817,425,99,18,2383
2015,2015-01-01,09384,093840,栃木県,塩谷郡塩谷町,12177,302,422,520,565,534,598,593,646,663,659,726,928,1183,1046,732,730,629,436,211,47,7,1330,5996,164,228,262,301,269,303,334,360,332,346,371,481,609,552,357,312,247,128,32,8,0,415,6181,138,194,258,264,265,295,259,286,331,313,355,447,574,494,375,418,382,308,179,39,7,915
2015,2015-01-01,09386,093866,栃木県,塩谷郡高根沢町,29712,1220,1284,1340,1437,1839,2144,1918,2030,2244,1855,1830,1908,2094,1840,1439,1129,1023,747,303,75,13,2161,15490,612,700,674,748,1110,1362,1120,1114,1192,963,945,990,1107,926,722,512,381,238,57,15,2,693,14222,608,584,666,689,729,782,798,916,1052,892,885,918,987,914,717,617,642,509,246,60,11,1468
2015,2015-01-01,09400,094005,栃木県,那須郡,44172,1188,1387,1763,1954,1834,1890,2019,2218,2560,2393,2735,3545,4313,3979,2915,2540,2358,1707,701,151,22,4939,22055,636,695,919,993,954,1024,1108,1215,1327,1263,1414,1827,2234,2155,1444,1144,900,595,179,27,2,1703,22117,552,692,844,961,880,866,911,1003,1233,1130,1321,1718,2079,1824,1471,1396,1458,1112,522,124,20,3236
2015,2015-01-01,09407,094072,栃木県,那須郡那須町,26312,730,827,1076,1136,1025,1067,1170,1340,1560,1438,1619,2043,2686,2518,1920,1519,1291,890,360,88,9,2638,13057,384,418,543,568,527,561,650,726,795,776,846,1029,1389,1350,947,667,486,297,85,12,1,881,13255,346,409,533,568,498,506,520,614,765,662,773,1014,1297,1168,973,852,805,593,275,76,8,1757
2015,2015-01-01,09411,094111,栃木県,那須郡那珂川町,17860,458,560,687,818,809,823,849,878,1000,955,1116,1502,1627,1461,995,1021,1067,817,341,63,13,2301,8998,252,277,376,425,427,463,458,489,532,487,568,798,845,805,497,477,414,298,94,15,1,822,8862,206,283,311,393,382,360,391,389,468,468,548,704,782,656,498,544,653,519,247,48,12,1479
2015,2015-01-01,10000,100005,群馬県,,1969892,75917,85311,94194,98150,94734,95011,107104,129067,149434,129235,116818,121353,144768,151285,125668,94739,77185,51193,21874,5872,980,157104,973994,38885,43796,48240,50294,49936,50019,55888,67148,77498,66504,59632,61745,71917,74654,59858,42646,31048,17727,5301,1133,125,55334,995898,37032,41515,45954,47856,44798,44992,51216,61919,71936,62731,57186,59608,72851,76631,65810,52093,46137,33466,16573,4739,855,101770
2015,2015-01-01,10201,102016,群馬県,前橋市,335807,13284,14536,15842,16295,16048,16868,18531,21695,25607,22390,20347,20847,24052,24944,21189,16275,13523,8804,3555,1014,161,27057,164285,6867,7469,8103,8407,8199,8641,9535,11130,13148,11301,10203,10420,11981,12062,9941,7271,5418,3068,896,205,20,9607,171522,6417,7067,7739,7888,7849,8227,8996,10565,12459,11089,10144,10427,12071,12882,11248,9004,8105,5736,2659,809,141,17450
2015,2015-01-01,10202,102024,群馬県,高崎市,371252,15649,17063,17628,18405,18476,18512,21464,25674,29778,25176,21627,21392,25325,27331,23287,16962,13657,8935,3725,1010,176,27503,182914,8048,8759,9060,9449,9788,9570,10995,13151,15260,12920,10927,10802,12363,13370,10991,7602,5512,3148,968,202,29,9859,188338,7601,8304,8568,8956,8688,8942,10469,12523,14518,12256,10700,10590,12962,13961,12296,9360,8145,5787,2757,808,147,17644
2015,2015-01-01,10203,102032,群馬県,桐生市,116899,3410,4134,5068,5591,5247,4759,5219,6496,8258,7589,7135,7311,8620,10258,9185,7079,5768,3656,1607,416,93,11540,56374,1767,2096,2620,2873,2785,2565,2724,3385,4216,3834,3630,3656,4261,4850,4237,3031,2226,1157,380,74,7,3844,60525,1643,2038,2448,2718,2462,2194,2495,3111,4042,3755,3505,3655,4359,5408,4948,4048,3542,2499,1227,342,86,7696
2015,2015-01-01,10204,102041,群馬県,伊勢崎市,201214,8827,9572,10522,10566,9819,10524,12143,14946,16352,13670,11719,11558,13233,13976,11563,8608,6948,4283,1798,512,75,13616,100596,4524,4854,5391,5419,5206,5447,6323,7756,8616,7152,6119,6002,6552,6919,5567,3826,2873,1523,423,99,5,4923,100618,4303,4718,5131,5147,4613,5077,5820,7190,7736,6518,5600,5556,6681,7057,5996,4782,4075,2760,1375,413,70,8693
2015,2015-01-01,10205,102059,群馬県,太田市,214002,9631,10685,11336,10615,10377,10900,12972,15820,17841,14443,11607,11642,14600,16527,13179,8900,6393,4047,1887,532,68,12927,108214,4946,5457,5755,5516,5752,5958,6944,8499,9341,7720,6148,5930,7102,8155,6421,4136,2580,1314,441,84,15,4434,105788,4685,5228,5581,5099,4625,4942,6028,7321,8500,6723,5459,5712,7498,8372,6758,4764,3813,2733,1446,448,53,8493
2015,2015-01-01,10206,102067,群馬県,沼田市,50419,1706,2031,2370,2601,2231,2176,2485,2905,3346,3088,3068,3569,3929,3723,3254,2713,2516,1794,705,181,28,5224,24563,891,1013,1190,1361,1205,1155,1305,1501,1718,1557,1516,1814,1992,1847,1498,1182,1005,603,167,40,3,1818,25856,815,1018,1180,1240,1026,1021,1180,1404,1628,1531,1552,1755,1937,1876,1756,1531,1511,1191,538,141,25,3406
2015,2015-01-01,10207,102075,群馬県,館林市,76267,2909,3259,3776,3858,3557,3487,4158,5190,6216,5167,4419,4613,5628,6119,4915,3573,2758,1722,727,185,31,5423,38233,1448,1741,1940,2012,1867,1935,2183,2731,3293,2718,2307,2364,2842,3017,2318,1618,1105,561,190,40,3,1899,38034,1461,1518,1836,1846,1690,1552,1975,2459,2923,2449,2112,2249,2786,3102,2597,1955,1653,1161,537,145,28,3524
2015,2015-01-01,10208,102083,群馬県,渋川市,81061,2656,2946,3532,3932,3760,3810,4146,4687,5206,4890,4971,5456,6915,6481,5432,4514,3727,2531,1123,300,46,7727,39667,1316,1532,1808,2007,1879,2011,2201,2463,2666,2466,2510,2804,3509,3219,2567,2019,1477,894,258,50,11,2690,41394,1340,1414,1724,1925,1881,1799,1945,2224,2540,2424,2461,2652,3406,3262,2865,2495,2250,1637,865,250,35,5037
2015,2015-01-01,10209,102091,群馬県,藤岡市,67433,2358,2910,3193,3466,3265,3092,3346,4247,5052,4317,4097,4324,5317,5483,4290,3380,2636,1705,730,185,40,5296,33113,1154,1510,1614,1741,1680,1614,1727,2207,2618,2181,2081,2194,2574,2753,2060,1537,1080,571,178,35,4,1868,34320,1204,1400,1579,1725,1585,1478,1619,2040,2434,2136,2016,2130,2743,2730,2230,1843,1556,1134,552,150,36,3428
2015,2015-01-01,10210,102105,群馬県,富岡市,50408,1769,2073,2414,2498,2337,2230,2403,2962,3572,3034,3047,3398,4006,3934,3339,2663,2247,1626,672,158,26,4729,24841,903,1071,1243,1252,1184,1185,1256,1522,1831,1536,1532,1751,2024,1956,1652,1229,909,603,164,34,4,1714,25567,866,1002,1171,1246,1153,1045,1147,1440,1741,1498,1515,1647,1982,1978,1687,1434,1338,1023,508,124,22,3015
2015,2015-01-01,10211,102113,群馬県,安中市,60592,1795,2291,2623,2985,2759,2531,2794,3386,4204,3789,3705,3960,5040,5129,4237,3374,2841,1979,890,234,46,5990,29799,918,1189,1367,1506,1484,1326,1512,1719,2132,1940,1859,2020,2485,2609,2035,1548,1154,732,223,36,5,2150,30793,877,1102,1256,1479,1275,1205,1282,1667,2072,1849,1846,1940,2555,2520,2202,1826,1687,1247,667,198,41,3840
2015,2015-01-01,10212,102121,群馬県,みどり市,51360,2057,2372,2687,2590,2292,2392,2804,3609,4069,3347,2933,3056,3818,4002,3297,2328,1760,1243,554,124,26,3707,25396,1047,1219,1404,1295,1211,1253,1473,1863,2085,1767,1511,1502,1902,2004,1542,1041,711,431,118,16,1,1277,25964,1010,1153,1283,1295,1081,1139,1331,1746,1984,1580,1422,1554,1916,1998,1755,1287,1049,812,436,108,25,2430
2015,2015-01-01,10340,103403,群馬県,北群馬郡,35011,1657,1843,1891,1812,1826,1979,2220,2754,2732,2311,1993,2097,2408,2327,1804,1206,1066,697,277,92,19,2151,17530,828,934,927,960,1005,1037,1119,1424,1439,1167,1026,1064,1200,1204,883,544,454,243,53,16,3,769,17481,829,909,964,852,821,942,1101,1330,1293,1144,967,1033,1208,1123,921,662,612,454,224,76,16,1382
2015,2015-01-01,10344,103446,群馬県,北群馬郡榛東村,14572,538,688,731,785,871,811,835,1076,1090,1010,818,913,1088,1044,773,537,485,311,119,37,12,964,7489,292,353,356,448,531,459,430,583,576,514,421,473,560,532,373,247,213,99,22,5,2,341,7083,246,335,375,337,340,352,405,493,514,496,397,440,528,512,400,290,272,212,97,32,10,623
2015,2015-01-01,10345,103454,群馬県,北群馬郡吉岡町,20439,1119,1155,1160,1027,955,1168,1385,1678,1642,1301,1175,1184,1320,1283,1031,669,581,386,158,55,7,1187,10041,536,581,571,512,474,578,689,841,863,653,605,591,640,672,510,297,241,144,31,11,1,428,10398,583,574,589,515,481,590,696,837,779,648,570,593,680,611,521,372,340,242,127,44,6,759
2015,2015-01-01,10360,103608,群馬県,多野郡,3486,64,67,96,83,94,105,116,127,125,128,148,238,326,315,313,359,355,278,110,35,4,782,1707,36,28,56,42,52,58,68,69,76,71,85,125,175,159,143,165,156,106,29,8,0,299,1779,28,39,40,41,42,47,48,58,49,57,63,113,151,156,170,194,199,172,81,27,4,483
2015,2015-01-01,10366,103667,群馬県,多野郡上野村,1322,39,41,57,46,44,52,66,65,57,47,59,73,106,99,102,111,127,88,30,13,0,258,670,24,21,33,16,19,25,38,35,38,27,33,39,59,50,52,55,54,40,10,2,0,106,652,15,20,24,30,25,27,28,30,19,20,26,34,47,49,50,56,73,48,20,11,0,152
2015,2015-01-01,10367,103675,群馬県,多野郡神流町,2164,25,26,39,37,50,53,50,62,68,81,89,165,220,216,211,248,228,190,80,22,4,524,1037,12,7,23,26,33,33,30,34,38,44,52,86,116,109,91,110,102,66,19,6,0,193,1127,13,19,16,11,17,20,20,28,30,37,37,79,104,107,120,138,126,124,61,16,4,331
2015,2015-01-01,10380,103802,群馬県,甘楽郡,24196,562,688,863,1076,1047,948,966,1106,1328,1286,1511,1802,2169,2044,1745,1632,1567,1242,480,108,26,3423,11880,278,367,470,541,560,501,508,589,716,647,768,913,1133,1066,835,721,628,492,116,29,2,1267,12316,284,321,393,535,487,447,458,517,612,639,743,889,1036,978,910,911,939,750,364,79,24,2156
2015,2015-01-01,10382,103829,群馬県,甘楽郡下仁田町,8361,121,159,240,316,321,271,284,300,386,397,533,671,768,748,703,660,653,543,223,52,12,1483,4141,53,88,137,159,168,154,158,161,228,222,257,343,414,384,335,309,265,228,61,15,2,571,4220,68,71,103,157,153,117,126,139,158,175,276,328,354,364,368,351,388,315,162,37,10,912
2015,2015-01-01,10383,103837,群馬県,甘楽郡南牧村,2207,22,19,31,42,46,71,43,40,58,92,98,159,198,181,219,261,298,230,73,18,8,627,1036,11,12,18,19,25,44,20,23,32,52,60,79,102,100,91,105,126,98,16,3,0,243,1171,11,7,13,23,21,27,23,17,26,40,38,80,96,81,128,156,172,132,57,15,8,384
2015,2015-01-01,10384,103845,群馬県,甘楽郡甘楽町,13628,419,510,592,718,680,606,639,766,884,797,880,972,1203,1115,823,711,616,469,184,38,6,1313,6703,214,267,315,363,367,303,330,405,456,373,451,491,617,582,409,307,237,166,39,11,0,453,6925,205,243,277,355,313,303,309,361,428,424,429,481,586,533,414,404,379,303,145,27,6,860
2015,2015-01-01,10420,104205,群馬県,吾妻郡,58605,1612,1964,2436,2772,2592,2294,2408,2848,3546,3382,3643,4157,5145,4754,4240,3674,3342,2417,1077,262,40,7138,28808,845,1034,1276,1325,1313,1229,1259,1484,1902,1718,1909,2211,2620,2370,2036,1728,1377,878,234,54,6,2549,29797,767,930,1160,1447,1279,1065,1149,1364,1644,1664,1734,1946,2525,2384,2204,1946,1965,1539,843,208,34,4589
2015,2015-01-01,10421,104213,群馬県,吾妻郡中之条町,17195,451,569,703,828,785,706,691,839,1017,1017,1027,1199,1407,1386,1213,1138,1053,755,317,85,9,2219,8429,244,296,361,410,401,364,347,454,539,511,547,622,714,692,602,534,413,293,66,17,2,791,8766,207,273,342,418,384,342,344,385,478,506,480,577,693,694,611,604,640,462,251,68,7,1428
2015,2015-01-01,10424,104248,群馬県,吾妻郡長野原町,5906,159,214,278,296,214,250,235,326,385,333,381,405,527,488,433,337,292,206,112,25,10,645,2902,85,104,139,134,100,142,131,167,209,182,189,217,266,238,222,154,116,69,32,5,1,223,3004,74,110,139,162,114,108,104,159,176,151,192,188,261,250,211,183,176,137,80,20,9,422
2015,2015-01-01,10425,104256,群馬県,吾妻郡嬬恋村,10018,323,367,420,485,423,378,423,495,618,590,703,748,851,811,683,600,515,367,170,39,9,1100,5002,172,201,222,249,218,203,218,249,337,304,354,419,419,411,339,286,228,129,38,5,1,401,5016,151,166,198,236,205,175,205,246,281,286,349,329,432,400,344,314,287,238,132,34,8,699
2015,2015-01-01,10426,104264,群馬県,吾妻郡草津町,6565,173,200,267,275,310,238,235,315,477,402,355,415,563,609,618,466,324,205,94,22,2,647,3230,93,103,140,123,157,147,121,169,270,187,216,211,291,282,268,216,127,77,26,6,0,236,3335,80,97,127,152,153,91,114,146,207,215,139,204,272,327,350,250,197,128,68,16,2,411
2015,2015-01-01,10428,104281,群馬県,吾妻郡高山村,3851,122,145,198,197,165,174,172,190,228,213,261,259,318,278,218,238,230,160,69,16,0,475,1894,59,82,108,93,86,94,97,89,113,110,133,136,163,147,96,117,103,54,11,3,0,171,1957,63,63,90,104,79,80,75,101,115,103,128,123,155,131,122,121,127,106,58,13,0,304
2015,2015-01-01,10429,104299,群馬県,吾妻郡東吾妻町,15070,384,469,570,691,695,548,652,683,821,827,916,1131,1479,1182,1075,895,928,724,315,75,10,2052,7351,192,248,306,316,351,279,345,356,434,424,470,606,767,600,509,421,390,256,61,18,2,727,7719,192,221,264,375,344,269,307,327,387,403,446,525,712,582,566,474,538,468,254,57,8,1325
2015,2015-01-01,10440,104400,群馬県,利根郡,36148,1034,1186,1557,1808,1613,1450,1512,1809,1942,1989,2282,2848,3294,2884,2271,2179,2052,1518,723,170,27,4490,17590,541,603,768,909,835,800,804,925,1007,1015,1135,1516,1711,1519,1049,955,791,500,169,37,1,1498,18558,493,583,789,899,778,650,708,884,935,974,1147,1332,1583,1365,1222,1224,1261,1018,554,133,26,2992
2015,2015-01-01,10443,104434,群馬県,利根郡片品村,4833,107,142,210,263,229,192,182,214,255,260,353,399,448,390,263,325,283,196,94,18,10,601,2342,44,66,103,140,114,118,100,111,136,139,171,214,223,210,115,134,112,69,21,2,0,204,2491,63,76,107,123,115,74,82,103,119,121,182,185,225,180,148,191,171,127,73,16,10,397
2015,2015-01-01,10444,104442,群馬県,利根郡川場村,3451,126,151,168,175,147,131,176,204,187,178,169,273,321,255,201,161,186,146,75,21,0,428,1660,74,70,90,83,70,70,89,107,95,89,82,138,157,140,100,75,62,48,16,5,0,131,1791,52,81,78,92,77,61,87,97,92,89,87,135,164,115,101,86,124,98,59,16,0,297
2015,2015-01-01,10448,104485,群馬県,利根郡昭和村,7398,276,291,376,369,329,339,369,443,415,408,431,571,696,554,385,369,365,247,143,19,3,777,3694,150,166,188,192,171,188,195,219,220,205,214,323,359,295,184,170,145,78,30,2,0,255,3704,126,125,188,177,158,151,174,224,195,203,217,248,337,259,201,199,220,169,113,17,3,522
2015,2015-01-01,10449,104493,群馬県,利根郡みなかみ町,20466,525,602,803,1001,908,788,785,948,1085,1143,1329,1605,1829,1685,1422,1324,1218,929,411,112,14,2684,9894,273,301,387,494,480,424,420,488,556,582,668,841,972,874,650,576,472,305,102,28,1,908,10572,252,301,416,507,428,364,365,460,529,561,661,764,857,811,772,748,746,624,309,84,13,1776
2015,2015-01-01,10460,104604,群馬県,佐波郡,36467,1352,1504,1798,2223,2317,1899,2009,2320,2723,2734,2713,2649,2727,2643,1801,1196,917,597,256,78,11,1859,18126,682,795,899,1102,1126,976,1056,1229,1392,1316,1344,1395,1389,1341,887,542,357,208,66,24,0,655,18341,670,709,899,1121,1191,923,953,1091,1331,1418,1369,1254,1338,1302,914,654,560,389,190,54,11,1204
2015,2015-01-01,10464,104647,群馬県,佐波郡玉村町,36467,1352,1504,1798,2223,2317,1899,2009,2320,2723,2734,2713,2649,2727,2643,1801,1196,917,597,256,78,11,1859,18126,682,795,899,1102,1126,976,1056,1229,1392,1316,1344,1395,1389,1341,887,542,357,208,66,24,0,655,18341,670,709,899,1121,1191,923,953,1091,1331,1418,1369,1254,1338,1302,914,654,560,389,190,54,11,1204
2015,2015-01-01,10520,105201,群馬県,邑楽郡,99265,3585,4187,4562,4974,5077,5055,5408,6486,7537,6505,5853,6436,8216,8411,6327,4124,3112,2119,978,276,37,6522,50358,1846,2125,2349,2577,2805,2758,2896,3501,4042,3478,3022,3262,4102,4234,3196,1951,1235,695,228,50,6,2214,48907,1739,2062,2213,2397,2272,2297,2512,2985,3495,3027,2831,3174,4114,4177,3131,2173,1877,1424,750,226,31,4308
2015,2015-01-01,10521,105210,群馬県,邑楽郡板倉町,15298,483,599,654,791,722,638,751,913,1008,966,926,1146,1490,1302,948,685,578,445,195,51,7,1276,7607,255,297,328,404,366,341,404,483,523,489,487,591,784,641,467,315,244,140,40,7,1,432,7691,228,302,326,387,356,297,347,430,485,477,439,555,706,661,481,370,334,305,155,44,6,844
2015,2015-01-01,10522,105228,群馬県,邑楽郡明和町,11257,424,495,500,532,538,661,598,708,804,626,659,769,991,925,696,467,429,290,109,34,2,864,5673,229,256,256,258,278,367,307,375,435,324,326,388,496,502,349,215,167,114,25,6,0,312,5584,195,239,244,274,260,294,291,333,369,302,333,381,495,423,347,252,262,176,84,28,2,552
2015,2015-01-01,10523,105236,群馬県,邑楽郡千代田町,11412,413,505,555,546,528,593,585,813,845,681,640,747,949,992,661,463,418,277,151,47,3,896,5735,195,286,286,282,282,304,318,435,449,358,321,392,468,504,351,219,151,90,35,9,0,285,5677,218,219,269,264,246,289,267,378,396,323,319,355,481,488,310,244,267,187,116,38,3,611
2015,2015-01-01,10524,105244,群馬県,邑楽郡大泉町,34554,1387,1435,1577,1790,2004,1938,2085,2319,2755,2567,2122,2038,2477,2680,2200,1378,898,569,257,70,8,1802,17855,725,692,814,970,1175,1076,1143,1292,1476,1428,1139,1016,1247,1310,1083,662,364,170,62,10,1,607,16699,662,743,763,820,829,862,942,1027,1279,1139,983,1022,1230,1370,1117,716,534,399,195,60,7,1195
2015,2015-01-01,10525,105252,群馬県,邑楽郡邑楽町,26744,878,1153,1276,1315,1285,1225,1389,1733,2125,1665,1506,1736,2309,2512,1822,1131,789,538,266,74,17,1684,13488,442,594,665,663,704,670,724,916,1159,879,749,875,1107,1277,946,540,309,181,66,18,4,578,13256,436,559,611,652,581,555,665,817,966,786,757,861,1202,1235,876,591,480,357,200,56,13,1106
2015,2015-01-01,11000,110001,埼玉県,,7178177,292533,311108,327855,341573,359700,384604,436402,517024,615695,525448,441153,411544,488113,535841,470669,331671,210976,114737,47158,12428,1945,387244,3604205,150187,159409,168258,174796,184197,198547,226670,271268,324157,275831,230051,210617,243106,260388,226323,156336,90086,40021,11415,2269,273,144064,3573972,142346,151699,159597,166777,175503,186057,209732,245756,291538,249617,211102,200927,245007,275453,244346,175335,120890,74716,35743,10159,1672,243180
2015,2015-01-01,11100,111007,埼玉県,さいたま市,1242615,54761,56226,58565,60794,64777,70664,79567,93099,110319,97101,81676,69815,73565,81280,72047,52599,35246,19887,8022,2231,374,65760,621357,28232,28747,30061,31062,33194,36400,40966,48181,56853,50198,42547,36332,36950,39117,34037,24123,14746,7075,2044,435,57,24357,621258,26529,27479,28504,29732,31583,34264,38601,44918,53466,46903,39129,33483,36615,42163,38010,28476,20500,12812,5978,1796,317,41403
2015,2015-01-01,11101,111015,埼玉県,さいたま市西区,85724,3625,3811,4002,4089,4104,4464,5289,6104,7346,6086,4778,4495,5475,6531,6263,4457,2720,1356,530,173,26,4805,42611,1844,1936,2003,2025,2072,2273,2680,3208,3844,3250,2509,2294,2624,3079,2962,2167,1199,488,121,32,1,1841,43113,1781,1875,1999,2064,2032,2191,2609,2896,3502,2836,2269,2201,2851,3452,3301,2290,1521,868,409,141,25,2964
2015,2015-01-01,11102,111023,埼玉県,さいたま市北区,143310,6877,6970,7008,7182,7755,8449,9429,11259,12883,11482,9914,8051,7912,8342,7114,5410,3880,2211,897,244,41,7273,71853,3553,3535,3564,3710,4049,4381,4799,5776,6602,5867,5229,4232,4078,4028,3344,2356,1628,814,254,46,8,2750,71457,3324,3435,3444,3472,3706,4068,4630,5483,6281,5615,4685,3819,3834,4314,3770,3054,2252,1397,643,198,33,4523
2015,2015-01-01,11103,111031,埼玉県,さいたま市大宮区,111813,5001,4431,4547,4669,5769,7429,8140,8573,9719,8262,7316,6557,6735,6918,5971,4529,3707,2259,969,269,43,7247,55716,2560,2243,2315,2433,2853,3870,4282,4516,5075,4259,3763,3353,3419,3366,2789,2032,1433,815,277,56,7,2588,56097,2441,2188,2232,2236,2916,3559,3858,4057,4644,4003,3553,3204,3316,3552,3182,2497,2274,1444,692,213,36,4659
2015,2015-01-01,11104,111040,埼玉県,さいたま市見沼区,158003,6359,7145,7499,7980,8328,8041,8977,11084,13497,11774,9954,8878,9989,11526,10523,7739,4779,2585,994,303,49,8710,78469,3297,3691,3896,4059,4253,4050,4546,5775,7002,6016,5090,4562,4937,5500,4890,3650,2047,890,256,59,3,3255,79534,3062,3454,3603,3921,4075,3991,4431,5309,6495,5758,4864,4316,5052,6026,5633,4089,2732,1695,738,244,46,5455
2015,2015-01-01,11105,111058,埼玉県,さいたま市中央区,96902,4437,4450,4494,4430,4871,6095,6813,7574,8969,8024,6491,5472,5397,5838,4830,3685,2659,1525,645,173,30,5032,48458,2329,2309,2322,2264,2476,3137,3575,3844,4495,4215,3371,2814,2724,2903,2264,1606,1077,549,150,28,6,1810,48444,2108,2141,2172,2166,2395,2958,3238,3730,4474,3809,3120,2658,2673,2935,2566,2079,1582,976,495,145,24,3222
2015,2015-01-01,11106,111066,埼玉県,さいたま市桜区,93586,3857,4197,4344,4792,5741,5227,5746,6996,8417,7425,6015,5039,5467,6406,5940,4129,2224,1050,433,120,21,3848,47830,1966,2129,2245,2445,3157,2757,3030,3750,4473,3915,3200,2688,2760,3056,2827,1965,988,344,108,24,3,1467,45756,1891,2068,2099,2347,2584,2470,2716,3246,3944,3510,2815,2351,2707,3350,3113,2164,1236,706,325,96,18,2381
2015,2015-01-01,11107,111074,埼玉県,さいたま市浦和区,151134,6679,6647,7265,7440,7793,8952,9896,11054,13339,12703,10976,9092,8386,8720,7352,5773,4557,2959,1200,292,59,9067,73832,3392,3373,3722,3775,3878,4482,4975,5507,6549,6326,5635,4697,4233,4146,3396,2451,1825,1052,341,67,10,3295,77302,3287,3274,3543,3665,3915,4470,4921,5547,6790,6377,5341,4395,4153,4574,3956,3322,2732,1907,859,225,49,5772
2015,2015-01-01,11108,111082,埼玉県,さいたま市南区,175689,8422,7812,8373,8708,9297,11070,12350,14066,16432,14803,12610,9753,9531,9898,8569,6381,4161,2326,845,243,39,7614,88992,4412,4080,4294,4506,4720,5897,6456,7300,8436,7677,6613,5234,4867,4809,3989,2898,1723,841,191,41,8,2804,86697,4010,3732,4079,4202,4577,5173,5894,6766,7996,7126,5997,4519,4664,5089,4580,3483,2438,1485,654,202,31,4810
2015,2015-01-01,11109,111091,埼玉県,さいたま市緑区,116869,5823,6160,5900,6322,6030,6107,7298,9050,10494,8815,7461,6410,6766,7552,6526,4526,2997,1716,702,189,25,5629,58199,2955,3119,3062,3189,3075,3011,3684,4628,5395,4476,3917,3271,3406,3676,3175,2085,1261,608,159,44,3,2075,58670,2868,3041,2838,3133,2955,3096,3614,4422,5099,4339,3544,3139,3360,3876,3351,2441,1736,1108,543,145,22,3554
2015,2015-01-01,11110,111104,埼玉県,さいたま市岩槻区,109585,3681,4603,5133,5182,5089,4830,5629,7339,9223,7727,6161,6068,7907,9549,8959,5970,3562,1900,807,225,41,6535,55397,1924,2332,2638,2656,2661,2542,2939,3877,4982,4197,3220,3187,3902,4554,4401,2913,1565,674,187,38,8,2472,54188,1757,2271,2495,2526,2428,2288,2690,3462,4241,3530,2941,2881,4005,4995,4558,3057,1997,1226,620,187,33,4063
2015,2015-01-01,11201,112011,埼玉県,川越市,344016,14827,15121,15224,16004,17357,18716,21386,25273,29361,24413,20190,18635,22864,26330,23809,16445,10061,5128,2152,625,95,18061,172555,7716,7618,7792,8236,8895,9783,11190,13294,15460,12776,10511,9439,11204,12540,11385,7829,4386,1827,547,114,13,6887,171461,7111,7503,7432,7768,8462,8933,10196,11979,13901,11637,9679,9196,11660,13790,12424,8616,5675,3301,1605,511,82,11174
2015,2015-01-01,11202,112020,埼玉県,熊谷市,198945,7379,8264,8914,9468,9949,10154,11374,13141,15164,13348,12530,13138,15219,15493,12686,9539,6718,4171,1792,441,63,13185,99344,3768,4244,4632,4957,5155,5359,5929,6890,7935,6968,6463,6657,7614,7686,6110,4328,2695,1427,435,78,14,4649,99601,3611,4020,4282,4511,4794,4795,5445,6251,7229,6380,6067,6481,7605,7807,6576,5211,4023,2744,1357,363,49,8536
2015,2015-01-01,11203,112038,埼玉県,川口市,563942,24323,24934,25476,25737,27548,32028,37206,43665,52417,45233,35726,29448,34278,38078,34600,25557,16102,7677,3000,796,113,27688,287342,12504,12909,13018,13023,14164,16505,19586,23239,28142,24417,19425,15615,17581,18783,16524,11571,6792,2660,730,137,17,10336,276600,11819,12025,12458,12714,13384,15523,17620,20426,24275,20816,16301,13833,16697,19295,18076,13986,9310,5017,2270,659,96,17352
2015,2015-01-01,11206,112062,埼玉県,行田市,83149,2752,3264,3676,3962,4139,4122,4452,5384,6142,5346,5036,5629,6746,7060,5631,3969,2907,1843,831,214,44,5839,41367,1369,1675,1890,2043,2167,2141,2350,2838,3244,2767,2602,2827,3387,3524,2681,1824,1165,613,204,50,6,2038,41782,1383,1589,1786,1919,1972,1981,2102,2546,2898,2579,2434,2802,3359,3536,2950,2145,1742,1230,627,164,38,3801
2015,2015-01-01,11207,112071,埼玉県,秩父市,65549,2282,2641,2968,3295,3071,2850,3161,3477,4293,4171,4200,4482,5157,4888,4341,3922,3203,2096,851,177,23,6350,32123,1172,1328,1531,1703,1555,1519,1640,1827,2213,2119,2174,2324,2580,2418,2032,1740,1278,725,205,38,2,2248,33426,1110,1313,1437,1592,1516,1331,1521,1650,2080,2052,2026,2158,2577,2470,2309,2182,1925,1371,646,139,21,4102
2015,2015-01-01,11208,112089,埼玉県,所沢市,338959,13554,14241,14697,15560,17705,18656,20812,24241,28670,24926,21331,19259,22867,25155,22503,15976,10271,5549,2279,594,113,18806,168905,6968,7282,7609,7969,8884,9575,10737,12548,14886,12996,11138,9706,11182,11965,10752,7491,4563,1934,586,113,21,7217,170054,6586,6959,7088,7591,8821,9081,10075,11693,13784,11930,10193,9553,11685,13190,11751,8485,5708,3615,1693,481,92,11589
2015,2015-01-01,11209,112097,埼玉県,飯能市,80116,2638,2921,3290,3960,4327,3783,4169,4762,5913,5210,5313,5433,6643,6834,5552,3962,2802,1664,723,198,19,5406,40109,1404,1523,1727,2062,2170,1983,2178,2452,3115,2667,2701,2729,3400,3453,2735,1882,1138,588,165,33,4,1928,40007,1234,1398,1563,1898,2157,1800,1991,2310,2798,2543,2612,2704,3243,3381,2817,2080,1664,1076,558,165,15,3478
2015,2015-01-01,11210,112101,埼玉県,加須市,113624,4013,4777,4989,5545,5964,5904,6413,7192,8099,7050,7295,8403,9817,9038,6688,4901,3744,2474,1030,245,43,7536,56805,2035,2471,2537,2770,3071,3050,3298,3797,4303,3593,3663,4294,5078,4656,3326,2248,1473,842,241,54,5,2615,56819,1978,2306,2452,2775,2893,2854,3115,3395,3796,3457,3632,4109,4739,4382,3362,2653,2271,1632,789,191,38,4921
2015,2015-01-01,11211,112119,埼玉県,本庄市,77482,2852,3199,3513,3922,3870,3928,4391,5039,5921,5251,4841,5074,5765,5953,4794,3681,2782,1751,771,170,14,5488,38562,1423,1605,1832,1973,2004,2049,2301,2667,3189,2717,2493,2591,2908,2935,2317,1641,1096,586,195,39,1,1917,38920,1429,1594,1681,1949,1866,1879,2090,2372,2732,2534,2348,2483,2857,3018,2477,2040,1686,1165,576,131,13,3571
2015,2015-01-01,11212,112127,埼玉県,東松山市,87878,3364,3551,3746,4103,4604,4867,5068,5755,6574,5702,5300,5951,7172,7106,5768,4063,2854,1565,580,156,29,5184,44090,1733,1802,1914,2091,2436,2504,2638,3014,3495,2983,2642,2944,3610,3559,2837,1950,1222,533,146,33,4,1938,43788,1631,1749,1832,2012,2168,2363,2430,2741,3079,2719,2658,3007,3562,3547,2931,2113,1632,1032,434,123,25,3246
2015,2015-01-01,11214,112143,埼玉県,春日部市,234831,8367,9247,10153,11152,11417,11369,13103,15828,19551,16983,13883,13246,17477,20553,18437,12223,6671,3388,1351,378,54,11842,117135,4400,4714,5151,5621,5811,5824,6815,8443,10339,8869,7096,6666,8357,9693,8912,5999,2944,1131,291,56,3,4425,117696,3967,4533,5002,5531,5606,5545,6288,7385,9212,8114,6787,6580,9120,10860,9525,6224,3727,2257,1060,322,51,7417
2015,2015-01-01,11215,112151,埼玉県,狭山市,152313,5443,5853,6398,6901,7668,8044,8379,10102,12249,10255,8800,8883,11674,13214,11863,7692,4775,2669,1132,277,42,8895,76902,2778,3020,3244,3581,4072,4330,4534,5345,6569,5383,4571,4468,5732,6364,5816,3770,2034,950,272,62,7,3325,75411,2665,2833,3154,3320,3596,3714,3845,4757,5680,4872,4229,4415,5942,6850,6047,3922,2741,1719,860,215,35,5570
2015,2015-01-01,11216,112160,埼玉県,羽生市,54910,1851,2196,2543,2827,2732,2827,2912,3490,3980,3550,3402,3875,4320,4391,3444,2644,1976,1289,512,126,23,3926,27433,944,1135,1287,1433,1418,1494,1570,1893,2085,1854,1727,1971,2167,2225,1651,1186,816,437,123,13,4,1393,27477,907,1061,1256,1394,1314,1333,1342,1597,1895,1696,1675,1904,2153,2166,1793,1458,1160,852,389,113,19,2533
2015,2015-01-01,11217,112178,埼玉県,鴻巣市,118044,4270,4823,5155,5681,5956,6245,6761,7842,8910,7869,7482,7837,9352,9777,7914,5408,3598,2034,876,224,30,6762,58501,2151,2456,2607,2857,3124,3111,3493,4123,4627,4016,3676,3888,4682,4792,3851,2596,1516,694,195,42,4,2451,59543,2119,2367,2548,2824,2832,3134,3268,3719,4283,3853,3806,3949,4670,4985,4063,2812,2082,1340,681,182,26,4311
2015,2015-01-01,11218,112186,埼玉県,深谷市,143310,5583,6409,6914,7052,6982,7202,8261,9669,11305,9369,8368,8968,11293,11174,9020,6402,4708,3010,1255,323,43,9339,71509,2827,3228,3541,3650,3597,3715,4284,5132,5980,4824,4339,4490,5619,5638,4461,2951,1897,977,292,63,4,3233,71801,2756,3181,3373,3402,3385,3487,3977,4537,5325,4545,4029,4478,5674,5536,4559,3451,2811,2033,963,260,39,6106
2015,2015-01-01,11219,112194,埼玉県,上尾市,225429,8860,9791,10785,11150,11053,11619,13086,15724,19977,16942,13642,12304,14722,16702,16180,11497,6478,3220,1287,353,57,11395,112367,4555,5068,5526,5592,5616,6006,6807,8189,10324,8748,7048,6300,7139,7888,7540,5588,2831,1188,343,61,10,4433,113062,4305,4723,5259,5558,5437,5613,6279,7535,9653,8194,6594,6004,7583,8814,8640,5909,3647,2032,944,292,47,6962
2015,2015-01-01,11221,112216,埼玉県,草加市,240355,9905,10677,11556,11761,11916,12449,14314,18219,23134,19567,14877,11887,14503,17271,16166,11353,6416,2882,1159,298,45,10800,122452,5111,5455,5901,6086,6193,6632,7460,9583,12394,10548,8060,6276,7320,8130,7692,5359,2862,1075,264,45,6,4252,117903,4794,5222,5655,5675,5723,5817,6854,8636,10740,9019,6817,5611,7183,9141,8474,5994,3554,1807,895,253,39,6548
2015,2015-01-01,11222,112224,埼玉県,越谷市,329291,14311,14751,15490,16242,16195,17803,20500,24500,30047,25096,19455,17227,20870,24070,22419,15607,8487,4095,1591,448,87,14708,164488,7289,7518,7964,8251,8131,9048,10315,12797,15784,13178,10121,8701,10147,11407,10508,7571,3830,1489,348,81,10,5758,164803,7022,7233,7526,7991,8064,8755,10185,11703,14263,11918,9334,8526,10723,12663,11911,8036,4657,2606,1243,367,77,8950
2015,2015-01-01,11223,112232,埼玉県,蕨市,68466,2556,2399,2526,2805,3589,4665,4781,5092,5581,5277,4458,4056,4399,4660,4095,3152,2364,1313,513,155,30,4375,34878,1297,1239,1308,1421,1873,2507,2616,2784,3022,2791,2397,2167,2281,2363,1873,1347,958,469,126,37,2,1592,33588,1259,1160,1218,1384,1716,2158,2165,2308,2559,2486,2061,1889,2118,2297,2222,1805,1406,844,387,118,28,2783
2015,2015-01-01,11224,112241,埼玉県,戸田市,127963,7375,6569,6220,6226,6866,8673,10262,11406,12753,10668,8466,6060,6148,6283,5526,4026,2552,1273,486,111,14,4436,66007,3719,3374,3245,3217,3422,4379,5332,6047,6863,5717,4649,3388,3297,3294,2644,1815,1029,426,128,20,2,1605,61956,3656,3195,2975,3009,3444,4294,4930,5359,5890,4951,3817,2672,2851,2989,2882,2211,1523,847,358,91,12,2831
2015,2015-01-01,11225,112259,埼玉県,入間市,148488,5509,6414,6983,7443,7440,7451,8261,10019,12154,10343,9056,9167,11378,11845,10018,6899,4407,2319,1086,248,48,8108,73994,2880,3271,3598,3778,3755,3821,4280,5199,6376,5406,4536,4547,5602,5792,4788,3339,1857,848,268,46,7,3026,74494,2629,3143,3385,3665,3685,3630,3981,4820,5778,4937,4520,4620,5776,6053,5230,3560,2550,1471,818,202,41,5082
2015,2015-01-01,11227,112275,埼玉県,朝霞市,131562,6664,6149,6138,6432,7111,8281,9555,10621,12577,11102,8895,6680,6777,7359,6607,5025,3257,1558,590,171,13,5589,66809,3433,3160,3097,3273,3609,4327,4940,5565,6518,5854,4781,3636,3489,3666,2971,2310,1441,566,136,35,2,2180,64753,3231,2989,3041,3159,3502,3954,4615,5056,6059,5248,4114,3044,3288,3693,3636,2715,1816,992,454,136,11,3409
2015,2015-01-01,11228,112283,埼玉県,志木市,72161,3307,3199,3259,3283,3470,4013,4888,5639,6500,5507,4326,3719,4473,5140,4508,3366,2099,972,376,106,11,3564,36147,1715,1691,1640,1718,1729,1987,2526,2979,3408,2920,2230,1837,2178,2469,2142,1574,937,354,94,18,1,1404,36014,1592,1508,1619,1565,1741,2026,2362,2660,3092,2587,2096,1882,2295,2671,2366,1792,1162,618,282,88,10,2160
2015,2015-01-01,11229,112291,埼玉県,和光市,78044,4105,3671,3564,3350,4170,5925,6649,7183,7819,6345,4532,3545,3936,4288,3375,2547,1703,922,318,84,13,3040,40269,2147,1878,1797,1696,2158,3212,3531,3805,4207,3450,2496,1884,2001,2114,1593,1130,728,344,77,19,2,1170,37775,1958,1793,1767,1654,2012,2713,3118,3378,3612,2895,2036,1661,1935,2174,1782,1417,975,578,241,65,11,1870
2015,2015-01-01,11230,112305,埼玉県,新座市,160589,7246,7450,7368,7354,7642,8011,9789,12487,14506,12524,9790,8295,9824,11654,11039,7784,4583,2106,858,242,37,7826,80724,3696,3788,3705,3846,3881,4074,4988,6627,7693,6674,5274,4275,4815,5553,5107,3644,2080,767,204,30,3,3084,79865,3550,3662,3663,3508,3761,3937,4801,5860,6813,5850,4516,4020,5009,6101,5932,4140,2503,1339,654,212,34,4742
2015,2015-01-01,11231,112313,埼玉県,桶川市,74705,2792,3087,3435,3577,3561,3611,4180,5000,6262,5377,4601,4363,5276,5926,5403,4026,2341,1233,517,121,16,4228,37216,1424,1605,1766,1791,1790,1828,2208,2595,3258,2792,2357,2164,2637,2828,2558,1945,1063,459,118,28,2,1670,37489,1368,1482,1669,1786,1771,1783,1972,2405,3004,2585,2244,2199,2639,3098,2845,2081,1278,774,399,93,14,2558
2015,2015-01-01,11232,112321,埼玉県,久喜市,152707,5415,6073,6531,6947,7687,7807,8570,10224,11852,9899,9387,10137,12577,13171,10559,7163,4681,2637,1062,296,32,8708,76396,2769,3109,3370,3490,3961,4012,4445,5383,6293,5117,4697,5040,6235,6558,5271,3415,2011,896,270,51,3,3231,76311,2646,2964,3161,3457,3726,3795,4125,4841,5559,4782,4690,5097,6342,6613,5288,3748,2670,1741,792,245,29,5477
2015,2015-01-01,11233,112330,埼玉県,北本市,68234,2195,2681,3096,3150,3431,3432,3558,4369,5600,4739,4228,4254,5169,5662,5253,3682,2154,1066,413,89,13,3735,34015,1086,1366,1565,1676,1785,1707,1845,2288,2889,2477,2089,2134,2529,2724,2528,1840,978,394,103,11,1,1487,34219,1109,1315,1531,1474,1646,1725,1713,2081,2711,2262,2139,2120,2640,2938,2725,1842,1176,672,310,78,12,2248
2015,2015-01-01,11234,112348,埼玉県,八潮市,83117,3691,3807,3856,3843,4061,4654,5629,6858,8086,6402,4457,4015,5036,6060,5753,3746,1887,863,329,70,14,3163,43274,1937,1989,1983,2005,2023,2453,3079,3672,4464,3533,2500,2173,2522,3009,2820,1858,851,307,77,16,3,1254,39843,1754,1818,1873,1838,2038,2201,2550,3186,3622,2869,1957,1842,2514,3051,2933,1888,1036,556,252,54,11,1909
2015,2015-01-01,11235,112356,埼玉県,富士見市,107439,4835,4737,4892,5002,5399,5813,7156,8141,9890,8407,6400,5288,6299,7612,7309,5153,3027,1381,525,150,23,5106,53749,2509,2400,2546,2497,2622,2868,3663,4259,5155,4452,3428,2769,3128,3594,3445,2438,1339,498,118,18,3,1976,53690,2326,2337,2346,2505,2777,2945,3493,3882,4735,3955,2972,2519,3171,4018,3864,2715,1688,883,407,132,20,3130
2015,2015-01-01,11237,112372,埼玉県,三郷市,133758,5774,5767,5689,5865,6359,7273,8756,10123,11475,9056,7227,7668,9962,11622,9719,5982,3131,1530,602,151,27,5441,67987,2896,2927,2893,3056,3237,3744,4548,5391,6269,4888,3714,3822,4923,5734,4917,2929,1399,526,142,27,5,2099,65771,2878,2840,2796,2809,3122,3529,4208,4732,5206,4168,3513,3846,5039,5888,4802,3053,1732,1004,460,124,22,3342
2015,2015-01-01,11238,112381,埼玉県,蓮田市,62341,2198,2519,2675,2728,2809,3040,3570,4268,5134,4155,3385,3534,4706,5433,4989,3345,2073,1159,468,131,22,3853,31130,1132,1334,1417,1419,1406,1488,1838,2213,2670,2254,1737,1726,2315,2603,2470,1651,904,411,117,20,5,1457,31211,1066,1185,1258,1309,1403,1552,1732,2055,2464,1901,1648,1808,2391,2830,2519,1694,1169,748,351,111,17,2396
2015,2015-01-01,11239,112399,埼玉県,坂戸市,99279,3931,4592,4676,4466,4825,4658,5577,7430,8616,6440,5337,5442,7435,8676,7504,4631,2733,1484,620,182,24,5043,49956,1984,2342,2370,2340,2571,2445,2903,3906,4586,3426,2772,2690,3543,4130,3725,2324,1231,514,130,20,4,1899,49323,1947,2250,2306,2126,2254,2213,2674,3524,4030,3014,2565,2752,3892,4546,3779,2307,1502,970,490,162,20,3144
2015,2015-01-01,11240,112402,埼玉県,幸手市,52353,1721,1943,2062,2259,2392,2446,2810,3429,3951,3152,2933,3449,4674,5103,4311,2684,1656,897,371,91,19,3034,26306,886,1015,1073,1167,1248,1277,1462,1811,2140,1657,1470,1667,2329,2499,2157,1333,733,287,78,15,2,1115,26047,835,928,989,1092,1144,1169,1348,1618,1811,1495,1463,1782,2345,2604,2154,1351,923,610,293,76,17,1919
2015,2015-01-01,11241,112411,埼玉県,鶴ヶ島市,69317,2708,3024,3431,3335,3348,3713,4125,5081,6081,4844,3840,3967,5266,5951,4951,2798,1492,859,362,116,25,2854,34596,1397,1545,1765,1690,1705,1860,2125,2581,3164,2518,1931,1896,2543,2833,2549,1435,653,300,77,25,4,1059,34721,1311,1479,1666,1645,1643,1853,2000,2500,2917,2326,1909,2071,2723,3118,2402,1363,839,559,285,91,21,1795
2015,2015-01-01,11242,112429,埼玉県,日高市,56556,2086,2680,2650,2510,2393,2539,3053,4005,4697,3489,2849,3264,4736,5286,4514,2707,1627,906,413,127,25,3098,28285,1050,1379,1337,1299,1211,1273,1596,2091,2517,1857,1432,1605,2264,2576,2306,1373,719,299,81,19,1,1119,28271,1036,1301,1313,1211,1182,1266,1457,1914,2180,1632,1417,1659,2472,2710,2208,1334,908,607,332,108,24,1979
2015,2015-01-01,11243,112437,埼玉県,吉川市,68784,3241,3730,3723,3516,3399,3738,4426,5380,6473,5013,3592,3556,4523,5156,4276,2515,1383,744,298,92,10,2527,34641,1684,1914,1876,1771,1717,1909,2220,2815,3413,2624,1933,1826,2185,2499,2144,1228,593,224,56,10,0,883,34143,1557,1816,1847,1745,1682,1829,2206,2565,3060,2389,1659,1730,2338,2657,2132,1287,790,520,242,82,10,1644
2015,2015-01-01,11245,112453,埼玉県,ふじみ野市,109996,5009,4981,5216,5391,5350,5229,6699,8420,10138,8641,6742,5452,6346,7574,7393,5718,3324,1535,629,179,30,5697,55027,2524,2568,2692,2758,2762,2685,3428,4387,5238,4577,3601,2882,3154,3546,3473,2604,1470,493,148,33,4,2148,54969,2485,2413,2524,2633,2588,2544,3271,4033,4900,4064,3141,2570,3192,4028,3920,3114,1854,1042,481,146,26,3549
2015,2015-01-01,11246,112461,埼玉県,白岡市,51365,2088,2155,2315,2532,2615,2675,3042,3462,4298,3596,3258,3157,3668,3838,3499,2363,1554,808,348,86,8,2804,25697,1044,1102,1219,1297,1350,1356,1574,1767,2275,1846,1673,1612,1837,1860,1696,1143,679,260,96,10,1,1046,25668,1044,1053,1096,1235,1265,1319,1468,1695,2023,1750,1585,1545,1831,1978,1803,1220,875,548,252,76,7,1758
2015,2015-01-01,11300,113000,埼玉県,北足立郡,43801,2099,2716,2626,2218,1937,2105,2715,3627,4634,3253,2153,1942,2581,3037,2842,1608,958,480,211,51,8,1708,22130,1090,1408,1412,1143,958,1053,1384,1846,2448,1752,1172,978,1197,1433,1425,810,408,164,42,7,0,621,21671,1009,1308,1214,1075,979,1052,1331,1781,2186,1501,981,964,1384,1604,1417,798,550,316,169,44,8,1087
2015,2015-01-01,11301,113018,埼玉県,北足立郡伊奈町,43801,2099,2716,2626,2218,1937,2105,2715,3627,4634,3253,2153,1942,2581,3037,2842,1608,958,480,211,51,8,1708,22130,1090,1408,1412,1143,958,1053,1384,1846,2448,1752,1172,978,1197,1433,1425,810,408,164,42,7,0,621,21671,1009,1308,1214,1075,979,1052,1331,1781,2186,1501,981,964,1384,1604,1417,798,550,316,169,44,8,1087
2015,2015-01-01,11320,113204,埼玉県,入間郡,84853,2774,3445,3978,4047,4313,3734,4145,5631,7049,5942,4935,5002,6361,7302,6813,4490,2638,1420,632,171,31,4892,42461,1418,1772,2066,2110,2187,1872,2147,2941,3684,3193,2543,2571,3142,3473,3339,2165,1174,476,162,20,6,1838,42392,1356,1673,1912,1937,2126,1862,1998,2690,3365,2749,2392,2431,3219,3829,3474,2325,1464,944,470,151,25,3054
2015,2015-01-01,11324,113247,埼玉県,入間郡三芳町,37755,1485,1788,1946,1878,1732,1461,1885,2759,3548,2900,2159,1964,2428,3079,3002,1953,1016,486,202,71,13,1788,18909,755,912,994,991,898,735,961,1422,1878,1523,1114,1037,1166,1421,1448,969,484,144,49,6,2,685,18846,730,876,952,887,834,726,924,1337,1670,1377,1045,927,1262,1658,1554,984,532,342,153,65,11,1103
2015,2015-01-01,11326,113263,埼玉県,入間郡毛呂山町,34900,962,1270,1514,1610,1965,1744,1710,2146,2665,2280,1971,2166,2822,3151,2898,1893,1150,610,294,68,11,2133,17455,491,660,795,833,968,860,896,1122,1397,1254,1041,1098,1391,1497,1453,898,492,219,79,8,3,801,17445,471,610,719,777,997,884,814,1024,1268,1026,930,1068,1431,1654,1445,995,658,391,215,60,8,1332
2015,2015-01-01,11327,113271,埼玉県,入間郡越生町,12198,327,387,518,559,616,529,550,726,836,762,805,872,1111,1072,913,644,472,324,136,32,7,971,6097,172,200,277,286,321,277,290,397,409,416,388,436,585,555,438,298,198,113,34,6,1,352,6101,155,187,241,273,295,252,260,329,427,346,417,436,526,517,475,346,274,211,102,26,6,619
2015,2015-01-01,11340,113409,埼玉県,比企郡,135073,3855,4784,5666,6090,6490,6475,6740,7841,9260,8222,8356,10076,12482,12493,9399,6610,4968,3338,1511,364,53,10234,67751,1984,2437,2965,3116,3391,3467,3530,4116,4956,4264,4234,5062,6363,6405,4707,3192,2043,1093,345,76,5,3562,67322,1871,2347,2701,2974,3099,3008,3210,3725,4304,3958,4122,5014,6119,6088,4692,3418,2925,2245,1166,288,48,6672
2015,2015-01-01,11341,113417,埼玉県,比企郡滑川町,17467,876,1047,978,691,730,941,1175,1437,1597,1163,941,1013,1201,1255,880,670,433,272,126,39,2,872,8928,449,532,513,366,398,501,592,739,853,637,500,509,614,661,432,333,175,90,27,7,0,299,8539,427,515,465,325,332,440,583,698,744,526,441,504,587,594,448,337,258,182,99,32,2,573
2015,2015-01-01,11342,113425,埼玉県,比企郡嵐山町,18015,535,657,761,839,814,862,967,1101,1354,1166,1029,1190,1492,1665,1398,921,647,400,168,43,6,1264,8969,277,345,379,428,402,449,497,552,752,611,540,622,735,821,667,440,269,141,36,6,0,452,9046,258,312,382,411,412,413,470,549,602,555,489,568,757,844,731,481,378,259,132,37,6,812
2015,2015-01-01,11343,113433,埼玉県,比企郡小川町,31998,791,961,1169,1415,1555,1511,1514,1608,1823,1852,2150,2690,3210,2915,2255,1703,1410,947,416,89,14,2876,15866,407,492,639,711,807,817,805,860,945,927,1054,1329,1666,1504,1112,785,596,296,97,17,0,1006,16132,384,469,530,704,748,694,709,748,878,925,1096,1361,1544,1411,1143,918,814,651,319,72,14,1870
2015,2015-01-01,11346,113468,埼玉県,比企郡川島町,21020,578,761,948,983,1051,1095,1049,1251,1457,1186,1247,1548,2027,1989,1374,964,732,479,241,48,12,1512,10726,306,380,512,504,576,613,554,685,799,617,633,771,1038,1071,681,472,295,149,58,10,2,514,10294,272,381,436,479,475,482,495,566,658,569,614,777,989,918,693,492,437,330,183,38,10,998
2015,2015-01-01,11347,113476,埼玉県,比企郡吉見町,20255,528,630,821,1092,1166,966,939,1096,1339,1411,1471,1589,1873,1736,1258,916,698,474,195,53,4,1424,10182,267,329,403,565,606,509,504,569,711,700,769,842,970,894,618,439,266,161,45,14,1,487,10073,261,301,418,527,560,457,435,527,628,711,702,747,903,842,640,477,432,313,150,39,3,937
2015,2015-01-01,11348,113484,埼玉県,比企郡鳩山町,14388,272,381,545,537,613,564,594,758,968,761,691,1022,1499,1834,1419,811,509,379,183,42,6,1119,7116,142,190,288,267,304,293,327,403,512,402,324,467,718,876,764,436,230,128,34,11,0,403,7272,130,191,257,270,309,271,267,355,456,359,367,555,781,958,655,375,279,251,149,31,6,716
2015,2015-01-01,11349,113492,埼玉県,比企郡ときがわ町,11930,275,347,444,533,561,536,502,590,722,683,827,1024,1180,1099,815,625,539,387,182,50,9,1167,5964,136,169,231,275,298,285,251,308,384,370,414,522,622,578,433,287,212,128,48,11,2,401,5966,139,178,213,258,263,251,251,282,338,313,413,502,558,521,382,338,327,259,134,39,7,766
2015,2015-01-01,11360,113603,埼玉県,秩父郡,42514,1268,1591,1892,2024,1825,1760,1865,2153,2650,2488,2603,3069,3805,3392,3036,2501,2107,1595,695,171,24,4592,21029,645,812,975,1086,979,910,993,1137,1365,1291,1316,1585,1946,1749,1486,1164,830,539,191,28,2,1590,21485,623,779,917,938,846,850,872,1016,1285,1197,1287,1484,1859,1643,1550,1337,1277,1056,504,143,22,3002
2015,2015-01-01,11361,113611,埼玉県,秩父郡横瀬町,8738,282,370,428,432,426,403,405,421,547,592,567,610,733,636,578,522,361,277,111,33,4,786,4360,134,180,213,239,247,216,213,223,274,311,285,312,384,331,273,234,152,103,28,8,0,291,4378,148,190,215,193,179,187,192,198,273,281,282,298,349,305,305,288,209,174,83,25,4,495
2015,2015-01-01,11362,113620,埼玉県,秩父郡皆野町,10388,342,385,445,481,415,414,487,553,685,563,594,715,935,900,725,610,515,392,185,42,5,1139,5110,179,201,211,248,224,227,252,287,348,285,305,372,466,476,357,285,192,129,60,5,1,387,5278,163,184,234,233,191,187,235,266,337,278,289,343,469,424,368,325,323,263,125,37,4,752
2015,2015-01-01,11363,113638,埼玉県,秩父郡長瀞町,7580,214,245,360,363,320,298,296,394,488,474,482,539,601,646,628,452,368,246,132,29,5,780,3717,122,118,202,194,174,147,158,198,251,244,237,280,303,301,302,216,152,78,36,4,0,270,3863,92,127,158,169,146,151,138,196,237,230,245,259,298,345,326,236,216,168,96,25,5,510
2015,2015-01-01,11365,113654,埼玉県,秩父郡小鹿野町,12684,376,516,544,589,505,532,557,649,735,701,772,970,1180,944,866,732,702,536,213,56,9,1516,6271,183,272,289,315,269,263,302,347,392,375,401,497,594,496,431,330,276,179,50,9,1,515,6413,193,244,255,274,236,269,255,302,343,326,371,473,586,448,435,402,426,357,163,47,8,1001
2015,2015-01-01,11369,113697,埼玉県,秩父郡東秩父村,3124,54,75,115,159,159,113,120,136,195,158,188,235,356,266,239,185,161,144,54,11,1,371,1571,27,41,60,90,65,57,68,82,100,76,88,124,199,145,123,99,58,50,17,2,0,127,1553,27,34,55,69,94,56,52,54,95,82,100,111,157,121,116,86,103,94,37,9,1,244
2015,2015-01-01,11380,113808,埼玉県,児玉郡,55818,2017,2411,2794,2937,2869,2719,3067,3743,4145,3592,3466,3829,4512,4339,3175,2311,1833,1298,594,146,21,3892,27955,1046,1239,1430,1544,1446,1424,1575,2019,2215,1855,1795,1936,2268,2172,1653,1046,706,430,126,27,3,1292,27863,971,1172,1364,1393,1423,1295,1492,1724,1930,1737,1671,1893,2244,2167,1522,1265,1127,868,468,119,18,2600
2015,2015-01-01,11381,113816,埼玉県,児玉郡美里町,11474,381,450,496,565,587,501,623,725,789,682,736,810,948,880,692,594,443,354,171,40,7,1015,5765,202,231,256,311,301,277,321,389,424,364,387,421,464,462,358,272,161,123,30,9,2,325,5709,179,219,240,254,286,224,302,336,365,318,349,389,484,418,334,322,282,231,141,31,5,690
2015,2015-01-01,11383,113832,埼玉県,児玉郡神川町,13834,503,543,628,737,726,679,728,800,955,937,897,987,1156,1086,823,615,480,363,145,42,4,1034,6997,265,260,329,402,368,359,374,430,529,477,476,515,605,553,426,271,196,123,30,8,1,358,6837,238,283,299,335,358,320,354,370,426,460,421,472,551,533,397,344,284,240,115,34,3,676
2015,2015-01-01,11385,113859,埼玉県,児玉郡上里町,30510,1133,1418,1670,1635,1556,1539,1716,2218,2401,1973,1833,2032,2408,2373,1660,1102,910,581,278,64,10,1843,15193,579,748,845,831,777,788,880,1200,1262,1014,932,1000,1199,1157,869,503,349,184,66,10,0,609,15317,554,670,825,804,779,751,836,1018,1139,959,901,1032,1209,1216,791,599,561,397,212,54,10,1234
2015,2015-01-01,11400,114006,埼玉県,大里郡,34844,1093,1219,1462,1750,1770,1715,1666,1966,2443,2186,2247,2500,2932,2887,2423,1804,1355,931,404,72,19,2781,17383,554,624,759,896,920,895,887,1052,1293,1135,1103,1293,1490,1459,1189,830,547,340,98,15,4,1004,17461,539,595,703,854,850,820,779,914,1150,1051,1144,1207,1442,1428,1234,974,808,591,306,57,15,1777
2015,2015-01-01,11408,114081,埼玉県,大里郡寄居町,34844,1093,1219,1462,1750,1770,1715,1666,1966,2443,2186,2247,2500,2932,2887,2423,1804,1355,931,404,72,19,2781,17383,554,624,759,896,920,895,887,1052,1293,1135,1103,1293,1490,1459,1189,830,547,340,98,15,4,1004,17461,539,595,703,854,850,820,779,914,1150,1051,1144,1207,1442,1428,1234,974,808,591,306,57,15,1777
2015,2015-01-01,11440,114405,埼玉県,南埼玉郡,33058,1133,1185,1296,1402,1647,1704,1763,2128,2560,2037,1853,1939,2630,3021,2803,1919,1108,606,252,61,11,2038,16654,554,613,638,720,915,892,968,1136,1371,1078,939,958,1318,1409,1377,957,517,215,65,13,1,811,16404,579,572,658,682,732,812,795,992,1189,959,914,981,1312,1612,1426,962,591,391,187,48,10,1227
2015,2015-01-01,11442,114421,埼玉県,南埼玉郡宮代町,33058,1133,1185,1296,1402,1647,1704,1763,2128,2560,2037,1853,1939,2630,3021,2803,1919,1108,606,252,61,11,2038,16654,554,613,638,720,915,892,968,1136,1371,1078,939,958,1318,1409,1377,957,517,215,65,13,1,811,16404,579,572,658,682,732,812,795,992,1189,959,914,981,1312,1612,1426,962,591,391,187,48,10,1227
2015,2015-01-01,11460,114600,埼玉県,北葛飾郡,76234,2513,3244,3784,3975,3702,3515,3790,4896,6485,5370,4434,4625,5898,6704,5715,3676,2182,1112,481,120,13,3908,38393,1308,1710,1987,2016,1929,1794,1948,2604,3470,2812,2255,2276,2918,3271,2803,1850,924,371,116,28,3,1442,37841,1205,1534,1797,1959,1773,1721,1842,2292,3015,2558,2179,2349,2980,3433,2912,1826,1258,741,365,92,10,2466
2015,2015-01-01,11464,114642,埼玉県,北葛飾郡杉戸町,45921,1516,1885,2116,2206,2166,2164,2296,2977,3803,2955,2715,2803,3638,4201,3647,2300,1384,746,320,76,7,2533,23056,789,1000,1120,1133,1125,1095,1164,1592,2027,1519,1355,1399,1777,2030,1810,1166,593,258,78,24,2,955,22865,727,885,996,1073,1041,1069,1132,1385,1776,1436,1360,1404,1861,2171,1837,1134,791,488,242,52,5,1578
2015,2015-01-01,11465,114651,埼玉県,北葛飾郡松伏町,30313,997,1359,1668,1769,1536,1351,1494,1919,2682,2415,1719,1822,2260,2503,2068,1376,798,366,161,44,6,1375,15337,519,710,867,883,804,699,784,1012,1443,1293,900,877,1141,1241,993,684,331,113,38,4,1,487,14976,478,649,801,886,732,652,710,907,1239,1122,819,945,1119,1262,1075,692,467,253,123,40,5,888
2015,2015-01-01,12000,120006,千葉県,,6142717,245674,263276,278626,284733,299716,329206,371891,435220,515023,441991,374361,353496,419649,464854,403104,291320,197449,112733,45982,12309,2104,370577,3074885,126254,135092,142880,146194,155842,171429,193678,226844,269278,232388,194818,179964,208183,225778,193357,136601,83521,39121,11104,2244,315,136305,3067832,119420,128184,135746,138539,143874,157777,178213,208376,245745,209603,179543,173532,211466,239076,209747,154719,113928,73612,34878,10065,1789,234272
2015,2015-01-01,12100,121002,千葉県,千葉市,941353,38245,41450,44642,44760,45883,48663,55795,67729,84324,73727,59153,50689,59070,68108,62613,45315,28527,14750,5949,1647,314,51187,470355,19700,21139,22778,22865,23716,25034,28868,34799,43406,38696,30930,25939,29317,32511,29609,21550,12554,5211,1396,291,46,19498,470998,18545,20311,21864,21895,22167,23629,26927,32930,40918,35031,28223,24750,29753,35597,33004,23765,15973,9539,4553,1356,268,31689
2015,2015-01-01,12101,121011,千葉県,千葉市中央区,196065,8442,8367,8310,8157,10565,12719,13618,15207,17550,14873,12309,10483,11498,12332,11193,8699,6253,3582,1422,408,78,11743,99551,4419,4248,4260,4165,5401,6669,7201,8016,9259,7982,6611,5650,6028,6161,5308,3900,2580,1255,340,82,16,4273,96514,4023,4119,4050,3992,5164,6050,6417,7191,8291,6891,5698,4833,5470,6171,5885,4799,3673,2327,1082,326,62,7470
2015,2015-01-01,12102,121029,千葉県,千葉市花見川区,174876,6428,6908,7903,8355,8413,9096,10288,12113,15578,13846,10866,9072,11142,13371,12571,8969,5578,2829,1141,338,71,9957,87155,3327,3568,3993,4262,4263,4655,5419,6257,8084,7319,5751,4530,5418,6266,5901,4259,2536,1028,252,63,4,3883,87721,3101,3340,3910,4093,4150,4441,4869,5856,7494,6527,5115,4542,5724,7105,6670,4710,3042,1801,889,275,67,6074
2015,2015-01-01,12103,121037,千葉県,千葉市稲毛区,153480,6297,6896,7137,6836,7641,8249,9458,11298,13396,11419,9210,8575,9935,11213,9870,7368,4836,2449,1053,275,69,8682,76782,3244,3509,3669,3480,4141,4344,4933,5863,6967,6015,4731,4300,4879,5377,4631,3445,2081,870,248,43,12,3254,76698,3053,3387,3468,3356,3500,3905,4525,5435,6429,5404,4479,4275,5056,5836,5239,3923,2755,1579,805,232,57,5428
2015,2015-01-01,12104,121045,千葉県,千葉市若葉区,148050,5501,5794,6533,6870,6865,7003,8062,9536,12505,10659,8693,7755,9908,11954,11992,8904,5336,2714,1116,300,50,9516,74870,2846,3009,3366,3576,3650,3725,4228,5037,6630,5695,4663,4067,5022,5578,5731,4352,2395,979,264,49,8,3695,73180,2655,2785,3167,3294,3215,3278,3834,4499,5875,4964,4030,3688,4886,6376,6261,4552,2941,1735,852,251,42,5821
2015,2015-01-01,12105,121053,千葉県,千葉市緑区,125648,5971,6671,7232,7198,6715,6209,7294,8822,11133,10115,8647,7470,7540,7676,6693,4633,3007,1704,699,194,25,5629,61984,3020,3332,3667,3664,3361,3012,3594,4374,5554,5112,4349,3786,3833,3827,3251,2212,1267,559,175,32,3,2036,63664,2951,3339,3565,3534,3354,3197,3700,4448,5579,5003,4298,3684,3707,3849,3442,2421,1740,1145,524,162,22,3593
2015,2015-01-01,12106,121061,千葉県,千葉市美浜区,143234,5606,6814,7527,7344,5684,5387,7075,10753,14162,12815,9428,7334,9047,11562,10294,6742,3517,1472,518,132,21,5660,70013,2844,3473,3823,3718,2900,2629,3493,5252,6912,6573,4825,3606,4137,5302,4787,3382,1695,520,117,22,3,2357,73221,2762,3341,3704,3626,2784,2758,3582,5501,7250,6242,4603,3728,4910,6260,5507,3360,1822,952,401,110,18,3303
2015,2015-01-01,12202,122025,千葉県,銚子市,65020,1646,1982,2472,2921,2842,2591,2789,3183,3969,4140,4445,4876,5545,5558,4841,4363,3565,2231,838,199,24,6857,31399,853,1005,1267,1493,1542,1385,1481,1666,2033,2079,2265,2448,2836,2765,2204,1792,1354,696,195,35,5,2285,33621,793,977,1205,1428,1300,1206,1308,1517,1936,2061,2180,2428,2709,2793,2637,2571,2211,1535,643,164,19,4572
2015,2015-01-01,12203,122033,千葉県,市川市,460559,19754,18970,19792,19401,24362,32119,34818,37453,43120,36789,29467,24365,26227,29399,24768,17672,11960,6573,2664,760,126,22083,234797,10121,9640,10170,9852,12741,17355,18751,20016,22934,19698,15831,12740,13169,14278,11721,7913,4871,2183,641,151,21,7867,225762,9633,9330,9622,9549,11621,14764,16067,17437,20186,17091,13636,11625,13058,15121,13047,9759,7089,4390,2023,609,105,14216
2015,2015-01-01,12204,122041,千葉県,船橋市,610662,27716,28203,27848,26869,28998,34798,40974,48761,56592,47326,36912,30733,35308,41157,38058,28571,18172,9000,3540,936,190,31838,307147,14332,14543,14392,13874,15189,18214,21196,25250,29631,25152,19618,15743,17131,19455,17623,13373,8081,3263,911,157,19,12431,303515,13384,13660,13456,12995,13809,16584,19778,23511,26961,22174,17294,14990,18177,21702,20435,15198,10091,5737,2629,779,171,19407
2015,2015-01-01,12205,122050,千葉県,館山市,48406,1615,1799,1906,2096,1655,1785,2165,2820,3108,2724,2571,2923,3988,4757,3914,3024,2649,1819,831,207,50,5556,23275,832,937,994,1105,840,931,1100,1414,1605,1401,1296,1454,1923,2385,1843,1319,1048,592,201,46,9,1896,25131,783,862,912,991,815,854,1065,1406,1503,1323,1275,1469,2065,2372,2071,1705,1601,1227,630,161,41,3660
2015,2015-01-01,12206,122068,千葉県,木更津市,131402,5667,6022,6158,6291,5880,6886,7887,9296,11045,8388,7422,7515,9126,10306,9177,6204,4306,2481,1034,268,43,8132,66295,2935,3057,3141,3285,3046,3660,4146,4943,5919,4474,3896,3935,4615,4852,4489,2888,1861,825,272,49,7,3014,65107,2732,2965,3017,3006,2834,3226,3741,4353,5126,3914,3526,3580,4511,5454,4688,3316,2445,1656,762,219,36,5118
2015,2015-01-01,12207,122076,千葉県,松戸市,475690,18791,19410,21285,21959,23333,26487,29824,34127,42030,37574,30121,25639,29741,34662,31334,23077,14744,7571,3034,801,146,26296,238419,9578,9997,10866,11218,11912,13599,15736,18091,21967,20049,15901,13095,14529,16664,14564,10620,6432,2727,716,136,22,10033,237271,9213,9413,10419,10741,11421,12888,14088,16036,20063,17525,14220,12544,15212,17998,16770,12457,8312,4844,2318,665,124,16263
2015,2015-01-01,12208,122084,千葉県,野田市,153938,5685,6884,7064,7335,7506,7323,8548,10568,12073,9634,8627,9142,12173,13717,11136,7403,4836,2769,1164,309,42,9120,77421,2947,3539,3629,3813,4045,3802,4508,5573,6449,5126,4485,4467,5925,6690,5639,3535,2001,923,261,57,7,3249,76517,2738,3345,3435,3522,3461,3521,4040,4995,5624,4508,4142,4675,6248,7027,5497,3868,2835,1846,903,252,35,5871
2015,2015-01-01,12210,122106,千葉県,茂原市,90806,3063,3385,3851,4192,4171,4321,4636,5595,6721,6018,5689,5926,7123,7899,6580,4805,3480,2171,901,243,36,6831,44948,1581,1724,1924,2191,2126,2246,2451,2939,3547,3130,2879,2949,3558,3859,3216,2210,1460,711,206,38,3,2418,45858,1482,1661,1927,2001,2045,2075,2185,2656,3174,2888,2810,2977,3565,4040,3364,2595,2020,1460,695,205,33,4413
2015,2015-01-01,12211,122114,千葉県,成田市,127977,6298,6285,6009,5830,7463,9052,9280,9750,10474,8114,7115,7326,8614,8390,6348,4718,3387,2334,893,263,34,6911,64625,3229,3288,3124,3015,3783,4823,4762,5050,5500,4248,3715,3771,4402,4277,3117,2144,1363,750,210,50,4,2377,63352,3069,2997,2885,2815,3680,4229,4518,4700,4974,3866,3400,3555,4212,4113,3231,2574,2024,1584,683,213,30,4534
2015,2015-01-01,12212,122122,千葉県,佐倉市,175342,6236,7106,7645,7945,8237,8678,9440,11273,13508,11694,10351,11056,14011,15756,13445,8719,5473,3045,1303,353,68,10242,86586,3238,3663,3985,3977,4175,4452,4757,5778,6892,6034,5129,5412,6676,7649,6640,4320,2356,1074,315,54,10,3809,88756,2998,3443,3660,3968,4062,4226,4683,5495,6616,5660,5222,5644,7335,8107,6805,4399,3117,1971,988,299,58,6433
2015,2015-01-01,12213,122131,千葉県,東金市,58946,2132,2287,2573,3061,3312,3136,3164,3526,4102,3740,3844,4286,4856,4636,3588,2672,2005,1339,512,152,23,4031,29477,1083,1158,1361,1633,1776,1598,1668,1867,2162,1927,1920,2177,2462,2326,1823,1206,794,414,96,23,3,1330,29469,1049,1129,1212,1428,1536,1538,1496,1659,1940,1813,1924,2109,2394,2310,1765,1466,1211,925,416,129,20,2701
2015,2015-01-01,12215,122157,千葉県,旭市,66951,2526,2783,3062,3199,3149,3418,3626,4006,4600,4001,4233,4734,5309,5194,3964,3392,2832,1904,778,205,36,5755,32886,1287,1413,1592,1618,1575,1741,1929,2129,2388,2130,2162,2482,2640,2657,1849,1428,1070,583,165,41,7,1866,34065,1239,1370,1470,1581,1574,1677,1697,1877,2212,1871,2071,2252,2669,2537,2115,1964,1762,1321,613,164,29,3889
2015,2015-01-01,12216,122165,千葉県,習志野市,163719,7230,7296,7769,8008,8404,9577,10850,12637,14535,12774,10057,8698,9168,10901,9738,7541,4770,2450,996,268,52,8536,81952,3707,3696,3965,4252,4599,4965,5692,6558,7493,6671,5200,4437,4394,5144,4428,3492,2102,875,228,48,6,3259,81767,3523,3600,3804,3756,3805,4612,5158,6079,7042,6103,4857,4261,4774,5757,5310,4049,2668,1575,768,220,46,5277
2015,2015-01-01,12217,122173,千葉県,柏市,400155,17157,18125,18165,18201,19234,22048,26126,30711,34168,28328,23265,22004,26830,30241,25894,18202,11851,6332,2523,647,103,21456,199315,8718,9316,9291,9286,9942,11485,13399,16019,17830,14768,11924,10814,12770,14453,12464,8673,5140,2253,645,111,14,8163,200840,8439,8809,8874,8915,9292,10563,12727,14692,16338,13560,11341,11190,14060,15788,13430,9529,6711,4079,1878,536,89,13293
2015,2015-01-01,12218,122181,千葉県,勝浦市,19418,399,524,583,1016,1425,599,724,797,1017,1064,1081,1250,1670,1817,1615,1331,1192,833,365,91,25,2506,9790,187,257,288,641,1008,317,394,406,559,544,549,663,849,930,768,579,461,294,70,19,7,851,9628,212,267,295,375,417,282,330,391,458,520,532,587,821,887,847,752,731,539,295,72,18,1655
2015,2015-01-01,12219,122190,千葉県,市原市,275622,10393,11285,12345,13041,14382,15124,15851,18061,21497,18103,16488,17610,21414,22181,18888,13108,8457,4857,1940,510,87,15851,142167,5265,5848,6339,6692,7927,8382,8546,9774,11664,9720,8667,9215,11354,11102,9449,6439,3498,1711,466,94,15,5784,133455,5128,5437,6006,6349,6455,6742,7305,8287,9833,8383,7821,8395,10060,11079,9439,6669,4959,3146,1474,416,72,10067
2015,2015-01-01,12220,122203,千葉県,流山市,170914,8870,8111,7483,7152,7506,9239,12344,14217,15061,11510,9299,8746,10800,12520,11257,7583,4961,2725,1128,340,62,9216,84787,4496,4212,3742,3655,3951,4608,6264,7228,7912,6034,4707,4274,5113,5924,5430,3721,2124,1028,284,72,8,3516,86127,4374,3899,3741,3497,3555,4631,6080,6989,7149,5476,4592,4472,5687,6596,5827,3862,2837,1697,844,268,54,5700
2015,2015-01-01,12221,122211,千葉県,八千代市,190381,8182,9269,9906,9485,8899,9322,11085,13942,17827,15004,11468,9439,11248,13391,12821,9318,5613,2783,1040,300,39,9775,94611,4284,4746,4998,4924,4419,4539,5621,7066,9202,7906,6026,4848,5415,6238,5994,4444,2571,1038,269,59,4,3941,95770,3898,4523,4908,4561,4480,4783,5464,6876,8625,7098,5442,4591,5833,7153,6827,4874,3042,1745,771,241,35,5834
2015,2015-01-01,12222,122220,千葉県,我孫子市,131851,4747,5648,6116,6172,5738,5884,6990,8933,11320,9754,7979,7240,8916,10782,10258,7067,4492,2503,998,272,42,8307,65001,2424,2961,3163,3153,2949,3013,3648,4494,5823,5014,4135,3627,4122,4937,4898,3404,2022,937,222,51,4,3236,66850,2323,2687,2953,3019,2789,2871,3342,4439,5497,4740,3844,3613,4794,5845,5360,3663,2470,1566,776,221,38,5071
2015,2015-01-01,12223,122238,千葉県,鴨川市,34482,1111,1259,1330,1352,1485,1501,1542,1892,2159,1970,1851,2116,2752,3128,2670,2160,1954,1379,668,172,31,4204,16528,564,685,693,659,650,734,766,946,1132,996,954,1048,1377,1559,1299,968,797,491,165,39,6,1498,17954,547,574,637,693,835,767,776,946,1027,974,897,1068,1375,1569,1371,1192,1157,888,503,133,25,2706
2015,2015-01-01,12224,122246,千葉県,鎌ケ谷市,108429,4489,4757,4843,4916,5027,5563,6571,7908,9651,7805,6150,5632,7268,8847,8099,5514,3152,1483,585,143,26,5389,53893,2322,2385,2447,2446,2440,2769,3273,4190,5155,4149,3180,2821,3451,4164,3891,2682,1390,542,168,25,3,2128,54536,2167,2372,2396,2470,2587,2794,3298,3718,4496,3656,2970,2811,3817,4683,4208,2832,1762,941,417,118,23,3261
2015,2015-01-01,12225,122254,千葉県,君津市,87389,3173,3361,3686,4218,4955,4769,4658,5194,6177,5503,5309,5805,6970,6675,6182,4320,3378,1985,812,217,42,6434,44683,1683,1743,1931,2252,2905,2714,2506,2800,3318,2844,2787,3126,3592,3302,2997,1938,1307,696,204,35,3,2245,42706,1490,1618,1755,1966,2050,2055,2152,2394,2859,2659,2522,2679,3378,3373,3185,2382,2071,1289,608,182,39,4189
2015,2015-01-01,12226,122262,千葉県,富津市,46771,1191,1505,1742,2095,2082,2116,2126,2426,3054,2756,2945,3128,3979,4303,3739,2947,2310,1530,624,149,24,4637,23602,622,788,916,1098,1141,1221,1164,1318,1634,1458,1511,1678,2077,2152,1759,1384,967,519,160,26,9,1681,23169,569,717,826,997,941,895,962,1108,1420,1298,1434,1450,1902,2151,1980,1563,1343,1011,464,123,15,2956
2015,2015-01-01,12227,122271,千葉県,浦安市,159757,6690,8067,9203,8650,9975,11305,11483,12553,15538,14409,10525,7856,8396,9027,6808,4363,2587,1557,586,159,20,4909,79219,3475,4109,4645,4258,4678,5572,5757,6208,7680,7494,5578,3954,4065,4450,3351,2158,1125,504,126,27,5,1787,80538,3215,3958,4558,4392,5297,5733,5726,6345,7858,6915,4947,3902,4331,4577,3457,2205,1462,1053,460,132,15,3122
2015,2015-01-01,12228,122289,千葉県,四街道市,89919,3827,4092,4204,4217,4011,4018,5064,6423,7827,6261,4976,4585,5958,7748,7240,4707,2684,1379,538,139,21,4761,44816,1985,2129,2219,2167,1989,1992,2582,3336,4092,3237,2583,2315,2812,3533,3599,2379,1199,514,129,23,2,1867,45103,1842,1963,1985,2050,2022,2026,2482,3087,3735,3024,2393,2270,3146,4215,3641,2328,1485,865,409,116,19,2894
2015,2015-01-01,12229,122297,千葉県,袖ケ浦市,61429,2613,2777,3022,3049,2934,3270,3673,4323,4950,3974,3457,3787,4866,4861,3885,2485,1806,1086,461,128,22,3503,31070,1334,1422,1574,1589,1530,1774,1886,2268,2659,2070,1751,1895,2477,2452,1965,1233,721,336,114,18,2,1191,30359,1279,1355,1448,1460,1404,1496,1787,2055,2291,1904,1706,1892,2389,2409,1920,1252,1085,750,347,110,20,2312
2015,2015-01-01,12230,122301,千葉県,八街市,71877,2179,2609,3309,4004,3989,3568,3570,4107,5214,5094,4989,5291,6212,6064,4797,3099,1977,1201,469,119,16,3782,36649,1104,1337,1699,2038,2083,1896,1881,2229,2733,2726,2584,2798,3204,3137,2449,1442,800,385,96,25,3,1309,35228,1075,1272,1610,1966,1906,1672,1689,1878,2481,2368,2405,2493,3008,2927,2348,1657,1177,816,373,94,13,2473
2015,2015-01-01,12231,122319,千葉県,印西市,92553,4448,4759,4492,4989,5284,4787,5550,6509,6869,6078,6400,6953,7361,6287,4258,2881,2335,1538,591,164,20,4648,46139,2282,2457,2308,2573,2801,2293,2761,3250,3560,3034,3096,3452,3853,3286,2190,1340,904,522,138,36,3,1603,46414,2166,2302,2184,2416,2483,2494,2789,3259,3309,3044,3304,3501,3508,3001,2068,1541,1431,1016,453,128,17,3045
2015,2015-01-01,12232,122327,千葉県,白井市,62055,2783,3565,3354,2934,2872,2825,3445,4740,5512,4230,3634,3689,4469,4879,4028,2391,1464,796,351,83,11,2705,31032,1448,1791,1726,1536,1498,1381,1685,2437,2853,2237,1809,1790,2169,2399,2033,1222,636,288,77,17,0,1018,31023,1335,1774,1628,1398,1374,1444,1760,2303,2659,1993,1825,1899,2300,2480,1995,1169,828,508,274,66,11,1687
2015,2015-01-01,12233,122335,千葉県,富里市,48424,1820,1930,2134,2270,2473,2879,3056,3334,3821,3004,2780,3242,4334,4312,3043,1755,1189,678,302,59,9,2237,24762,916,989,1065,1176,1321,1506,1641,1805,2072,1591,1444,1605,2186,2201,1573,885,464,230,85,4,3,786,23662,904,941,1069,1094,1152,1373,1415,1529,1749,1413,1336,1637,2148,2111,1470,870,725,448,217,55,6,1451
2015,2015-01-01,12234,122343,千葉県,南房総市,40732,1046,1266,1441,1503,1266,1073,1475,1824,2231,2146,2289,2780,3734,4203,3688,2950,2647,1910,953,263,44,5817,19592,544,596,764,771,663,562,792,926,1165,1074,1202,1420,1913,2132,1765,1315,1052,635,228,59,14,1988,21140,502,670,677,732,603,511,683,898,1066,1072,1087,1360,1821,2071,1923,1635,1595,1275,725,204,30,3829
2015,2015-01-01,12235,122351,千葉県,匝瑳市,38349,1251,1454,1601,1740,1630,1708,1953,2201,2552,2227,2436,2699,3221,3151,2400,2090,1952,1341,585,137,20,4035,18898,632,721,832,879,819,909,1051,1172,1400,1158,1234,1386,1705,1599,1148,920,739,436,129,25,4,1333,19451,619,733,769,861,811,799,902,1029,1152,1069,1202,1313,1516,1552,1252,1170,1213,905,456,112,16,2702
2015,2015-01-01,12236,122360,千葉県,香取市,80304,2307,2763,3307,3678,3413,3555,3817,4392,5270,4653,5149,5685,7061,6860,5467,4778,3918,2757,1182,247,45,8149,39822,1220,1399,1715,1914,1766,1895,2031,2336,2828,2416,2667,2975,3637,3441,2601,2171,1519,960,290,35,6,2810,40482,1087,1364,1592,1764,1647,1660,1786,2056,2442,2237,2482,2710,3424,3419,2866,2607,2399,1797,892,212,39,5339
2015,2015-01-01,12237,122378,千葉県,山武市,54204,1490,1830,2199,2697,2670,2416,2529,2873,3534,3466,3614,4102,4788,4677,3769,2906,2274,1509,632,200,29,4644,27159,778,956,1134,1425,1360,1263,1362,1517,1840,1836,1904,2095,2596,2392,1803,1323,908,480,150,34,3,1575,27045,712,874,1065,1272,1310,1153,1167,1356,1694,1630,1710,2007,2192,2285,1966,1583,1366,1029,482,166,26,3069
2015,2015-01-01,12238,122386,千葉県,いすみ市,40003,1165,1273,1432,1640,1437,1474,1777,2073,2394,2246,2382,2789,3381,3780,3271,2664,2286,1652,677,179,31,4825,19732,592,668,744,851,792,787,967,1068,1265,1145,1237,1441,1717,1903,1626,1173,947,578,194,33,4,1756,20271,573,605,688,789,645,687,810,1005,1129,1101,1145,1348,1664,1877,1645,1491,1339,1074,483,146,27,3069
2015,2015-01-01,12239,122394,千葉県,大網白里市,50161,1664,1960,2190,2467,2421,2301,2546,2980,3362,3273,3346,3743,4236,4277,3407,2443,1793,1157,450,126,19,3545,24902,853,984,1131,1251,1289,1211,1291,1539,1746,1621,1648,1896,2156,2172,1677,1167,727,395,124,20,4,1270,25259,811,976,1059,1216,1132,1090,1255,1441,1616,1652,1698,1847,2080,2105,1730,1276,1066,762,326,106,15,2275
2015,2015-01-01,12320,123200,千葉県,印旛郡,42567,1231,1527,1744,1748,2372,2098,2387,2657,2975,2328,2217,2989,4161,4260,3179,2074,1287,835,361,116,21,2620,21049,605,765,882,889,1274,1062,1253,1415,1529,1217,1065,1415,2012,2146,1581,1010,534,300,77,16,2,929,21518,626,762,862,859,1098,1036,1134,1242,1446,1111,1152,1574,2149,2114,1598,1064,753,535,284,100,19,1691
2015,2015-01-01,12322,123226,千葉県,印旛郡酒々井町,21013,659,890,986,866,1334,981,1192,1487,1749,1200,1002,1105,1651,1997,1737,1058,558,340,150,59,12,1119,10496,329,447,510,438,750,502,651,767,901,642,511,522,770,965,841,534,243,133,32,7,1,416,10517,330,443,476,428,584,479,541,720,848,558,491,583,881,1032,896,524,315,207,118,52,11,703
2015,2015-01-01,12329,123293,千葉県,印旛郡栄町,21554,572,637,758,882,1038,1117,1195,1170,1226,1128,1215,1884,2510,2263,1442,1016,729,495,211,57,9,1501,10553,276,318,372,451,524,560,602,648,628,575,554,893,1242,1181,740,476,291,167,45,9,1,513,11001,296,319,386,431,514,557,593,522,598,553,661,991,1268,1082,702,540,438,328,166,48,8,988
2015,2015-01-01,12340,123404,千葉県,香取郡,36075,989,1168,1450,1689,1568,1495,1545,1942,2257,2175,2160,2691,3236,3095,2507,2212,1860,1312,558,142,24,3896,18002,492,612,759,862,829,824,859,1058,1184,1141,1127,1407,1724,1558,1203,997,736,446,139,42,3,1366,18073,497,556,691,827,739,671,686,884,1073,1034,1033,1284,1512,1537,1304,1215,1124,866,419,100,21,2530
2015,2015-01-01,12342,123421,千葉県,香取郡神崎町,6299,180,189,276,323,279,238,279,353,423,463,420,447,516,485,436,389,279,210,92,18,4,603,3176,89,113,144,160,157,121,136,203,226,244,214,253,284,238,208,182,102,66,29,6,1,204,3123,91,76,132,163,122,117,143,150,197,219,206,194,232,247,228,207,177,144,63,12,3,399
2015,2015-01-01,12347,123471,千葉県,香取郡多古町,15107,413,465,538,703,697,661,632,780,896,901,917,1167,1334,1219,1013,946,871,608,264,74,8,1825,7546,205,228,304,362,357,371,361,431,480,470,476,618,733,621,477,418,347,201,66,20,0,634,7561,208,237,234,341,340,290,271,349,416,431,441,549,601,598,536,528,524,407,198,54,8,1191
2015,2015-01-01,12349,123498,千葉県,香取郡東庄町,14669,396,514,636,663,592,596,634,809,938,811,823,1077,1386,1391,1058,877,710,494,202,50,12,1468,7280,198,271,311,340,315,332,362,424,478,427,437,536,707,699,518,397,287,179,44,16,2,528,7389,198,243,325,323,277,264,272,385,460,384,386,541,679,692,540,480,423,315,158,34,10,940
2015,2015-01-01,12400,124001,千葉県,山武郡,49425,1444,1703,1987,2256,2049,2054,2315,2721,3236,2922,2998,3499,4263,4461,3533,2870,2550,1684,673,187,20,5114,24537,770,892,1050,1151,1025,1081,1228,1465,1697,1547,1567,1791,2240,2308,1720,1288,986,535,155,38,3,1717,24888,674,811,937,1105,1024,973,1087,1256,1539,1375,1431,1708,2023,2153,1813,1582,1564,1149,518,149,17,3397
2015,2015-01-01,12403,124036,千葉県,山武郡九十九里町,17088,440,523,624,724,683,676,751,958,1113,1066,985,1240,1571,1695,1286,1026,849,568,229,73,8,1727,8450,242,271,312,361,347,374,400,521,597,596,510,629,845,859,608,450,310,173,34,9,2,528,8638,198,252,312,363,336,302,351,437,516,470,475,611,726,836,678,576,539,395,195,64,6,1199
2015,2015-01-01,12409,124095,千葉県,山武郡芝山町,7528,217,276,305,339,354,352,345,433,473,457,511,566,649,596,521,378,392,241,98,23,2,756,3810,113,129,154,179,174,193,205,234,262,243,256,305,346,329,259,182,150,71,22,4,0,247,3718,104,147,151,160,180,159,140,199,211,214,255,261,303,267,262,196,242,170,76,19,2,509
2015,2015-01-01,12410,124109,千葉県,山武郡横芝光町,24809,787,904,1058,1193,1012,1026,1219,1330,1650,1399,1502,1693,2043,2170,1726,1466,1309,875,346,91,10,2631,12277,415,492,584,611,504,514,623,710,838,708,801,857,1049,1120,853,656,526,291,99,25,1,942,12532,372,412,474,582,508,512,596,620,812,691,701,836,994,1050,873,810,783,584,247,66,9,1689
2015,2015-01-01,12420,124206,千葉県,長生郡,62421,1855,2143,2408,2659,2502,2570,2906,3590,3993,3703,3689,4393,5467,5866,4617,3644,3068,2141,916,256,35,6416,30865,947,1166,1187,1373,1275,1396,1521,1894,2107,1912,1897,2215,2797,2972,2272,1666,1213,767,230,53,5,2268,31556,908,977,1221,1286,1227,1174,1385,1696,1886,1791,1792,2178,2670,2894,2345,1978,1855,1374,686,203,30,4148
2015,2015-01-01,12421,124214,千葉県,長生郡一宮町,12370,493,521,555,547,468,518,621,884,921,755,672,770,897,1048,875,653,576,381,161,48,6,1172,6084,259,281,268,303,260,280,310,453,481,406,339,370,447,516,420,292,207,133,45,13,1,399,6286,234,240,287,244,208,238,311,431,440,349,333,400,450,532,455,361,369,248,116,35,5,773
2015,2015-01-01,12422,124222,千葉県,長生郡睦沢町,7367,223,232,256,308,284,304,326,422,401,404,417,527,692,730,588,420,385,288,123,35,2,833,3567,104,131,120,139,134,168,170,219,206,196,212,279,338,356,297,194,166,104,29,5,0,304,3800,119,101,136,169,150,136,156,203,195,208,205,248,354,374,291,226,219,184,94,30,2,529
2015,2015-01-01,12423,124231,千葉県,長生郡長生村,14674,440,580,648,719,625,599,715,898,1037,978,911,902,1198,1331,1053,789,621,410,167,48,5,1251,7274,226,311,324,368,333,337,363,470,538,509,464,457,605,663,504,361,248,142,40,11,0,441,7400,214,269,324,351,292,262,352,428,499,469,447,445,593,668,549,428,373,268,127,37,5,810
2015,2015-01-01,12424,124249,千葉県,長生郡白子町,11952,334,382,395,448,461,489,538,642,724,709,693,850,1099,1184,1017,738,612,408,168,56,5,1249,5957,164,208,212,227,225,256,276,350,393,365,367,434,572,609,489,351,255,154,36,12,2,459,5995,170,174,183,221,236,233,262,292,331,344,326,416,527,575,528,387,357,254,132,44,3,790
2015,2015-01-01,12426,124265,千葉県,長生郡長柄町,7409,182,214,268,312,316,296,291,382,458,393,480,617,712,765,492,456,369,245,129,26,6,775,3738,102,113,132,159,163,167,166,211,252,196,257,309,378,407,252,216,134,89,29,5,1,258,3671,80,101,136,153,153,129,125,171,206,197,223,308,334,358,240,240,235,156,100,21,5,517
2015,2015-01-01,12427,124273,千葉県,長生郡長南町,8649,183,214,286,325,348,364,415,362,452,464,516,727,869,808,592,588,505,409,168,43,11,1136,4245,92,122,131,177,160,188,236,191,237,240,258,366,457,421,310,252,203,145,51,7,1,407,4404,91,92,155,148,188,176,179,171,215,224,258,361,412,387,282,336,302,264,117,36,10,729
2015,2015-01-01,12440,124401,千葉県,夷隅郡,17752,391,483,595,685,626,569,670,802,939,944,985,1247,1634,1796,1502,1312,1118,926,402,105,21,2572,8565,195,243,298,332,311,314,341,412,499,467,499,646,828,964,715,580,467,315,110,23,6,921,9187,196,240,297,353,315,255,329,390,440,477,486,601,806,832,787,732,651,611,292,82,15,1651
2015,2015-01-01,12441,124419,千葉県,夷隅郡大多喜町,9937,252,294,367,426,393,356,424,467,507,545,605,772,912,874,679,639,606,519,229,62,9,1425,4848,115,153,180,202,192,197,213,244,276,269,310,414,479,498,330,262,246,188,64,13,3,514,5089,137,141,187,224,201,159,211,223,231,276,295,358,433,376,349,377,360,331,165,49,6,911
2015,2015-01-01,12443,124435,千葉県,夷隅郡御宿町,7815,139,189,228,259,233,213,246,335,432,399,380,475,722,922,823,673,512,407,173,43,12,1147,3717,80,90,118,130,119,117,128,168,223,198,189,232,349,466,385,318,221,127,46,10,3,407,4098,59,99,110,129,114,96,118,167,209,201,191,243,373,456,438,355,291,280,127,33,9,740
2015,2015-01-01,12460,124605,千葉県,安房郡,8527,165,201,279,343,296,242,317,371,417,418,493,598,765,925,778,670,588,427,175,48,11,1249,4116,94,116,152,162,142,124,163,195,214,217,259,305,395,460,372,310,220,159,47,9,1,436,4411,71,85,127,181,154,118,154,176,203,201,234,293,370,465,406,360,368,268,128,39,10,813
2015,2015-01-01,12463,124630,千葉県,安房郡鋸南町,8527,165,201,279,343,296,242,317,371,417,418,493,598,765,925,778,670,588,427,175,48,11,1249,4116,94,116,152,162,142,124,163,195,214,217,259,305,395,460,372,310,220,159,47,9,1,436,4411,71,85,127,181,154,118,154,176,203,201,234,293,370,465,406,360,368,268,128,39,10,813
2015,2015-01-01,13000,130001,東京都,,12880143,527701,498679,499531,516242,660151,844397,957751,1036869,1141752,1012304,834844,694501,737759,818921,717274,569916,425849,248815,103642,28213,5031,811550,6366590,270168,255790,255858,263746,334460,430735,493860,533180,582424,524813,433064,356092,372234,399206,329039,246586,168846,84174,26416,5191,708,285335,6513553,257533,242889,243673,252496,325691,413662,463891,503689,559328,487491,401780,338409,365525,419715,388235,323330,257003,164641,77226,23022,4323,526215
2015,2015-01-01,13101,131016,東京都,千代田区,54389,2564,2182,2043,1831,2458,4217,4944,5171,5198,4371,3565,2837,2544,2917,2354,1920,1551,1043,485,159,35,3273,27009,1319,1115,1018,936,1259,2284,2754,2644,2632,2137,1829,1496,1280,1385,1081,795,571,319,118,31,6,1045,27380,1245,1067,1025,895,1199,1933,2190,2527,2566,2234,1736,1341,1264,1532,1273,1125,980,724,367,128,29,2228
2015,2015-01-01,13102,131024,東京都,中央区,132935,7307,5055,3800,3224,4608,9646,13436,15136,15202,12299,8921,6165,5744,6499,5348,4217,3241,1984,801,259,43,6328,63141,3695,2605,1971,1590,2322,4646,6477,7047,7146,6018,4524,3157,2815,3087,2322,1708,1186,611,165,41,8,2011,69794,3612,2450,1829,1634,2286,5000,6959,8089,8056,6281,4397,3008,2929,3412,3026,2509,2055,1373,636,218,35,4317
2015,2015-01-01,13103,131032,東京都,港区,222165,11877,8708,6828,6056,8567,15268,20483,22889,23333,20043,15303,11299,10533,11962,9516,7452,5966,3723,1758,506,95,12048,103853,5998,4462,3504,3054,4180,7345,9665,10736,10799,9700,7468,5538,4966,5518,4074,2997,2222,1126,401,86,14,3849,118312,5879,4246,3324,3002,4387,7923,10818,12153,12534,10343,7835,5761,5567,6444,5442,4455,3744,2597,1357,420,81,8199
2015,2015-01-01,13104,131041,東京都,新宿区,291696,10074,8063,7536,8106,16190,25483,27317,26199,26203,22220,18602,15298,15766,18032,15038,12393,9467,6062,2804,722,121,19176,145757,5089,4158,3847,4072,8119,13312,14836,14088,13544,11628,9666,7881,8207,8988,6860,5263,3475,1870,699,137,18,6199,145939,4985,3905,3689,4034,8071,12171,12481,12111,12659,10592,8936,7417,7559,9044,8178,7130,5992,4192,2105,585,103,12977
2015,2015-01-01,13105,131059,東京都,文京区,199717,8721,7695,6975,6741,10690,14686,16948,18000,18151,15741,13232,10530,10437,11366,9227,7668,6263,4119,1922,509,96,12909,95057,4412,3870,3488,3415,5672,7388,8380,8810,8629,7418,6433,5192,5026,5433,4149,3103,2323,1319,479,100,18,4239,104660,4309,3825,3487,3326,5018,7298,8568,9190,9522,8323,6799,5338,5411,5933,5078,4565,3940,2800,1443,409,78,8670
2015,2015-01-01,13106,131067,東京都,台東区,176547,6292,5178,5135,5115,7126,11535,14471,15319,16302,13824,11239,9658,10794,12514,10828,8676,6508,3817,1675,462,79,12541,90720,3244,2645,2565,2563,3741,6124,7780,8308,8600,7347,6140,5268,5926,6746,5289,3988,2665,1273,418,84,6,4446,85827,3048,2533,2570,2552,3385,5411,6691,7011,7702,6477,5099,4390,4868,5768,5539,4688,3843,2544,1257,378,73,8095
2015,2015-01-01,13107,131075,東京都,墨田区,248558,9607,8517,8292,8461,10939,18474,20686,20914,22136,18669,15184,13309,15122,16259,14668,11611,8273,4822,2000,542,73,15710,125005,4924,4390,4189,4450,5494,9501,10935,11087,11605,9911,7955,7004,7929,8307,6810,5143,3256,1528,491,85,11,5371,123553,4683,4127,4103,4011,5445,8973,9751,9827,10531,8758,7229,6305,7193,7952,7858,6468,5017,3294,1509,457,62,10339
2015,2015-01-01,13108,131083,東京都,江東区,471186,22222,19643,17659,16256,19119,28242,36191,41165,46697,38432,29045,24987,28365,31196,26932,20206,13760,7293,2937,731,108,24829,234482,11336,10021,9121,8301,9863,14434,18527,21001,23877,20421,15288,12658,14273,15343,12569,8852,5416,2344,685,134,18,8597,236704,10886,9622,8538,7955,9256,13808,17664,20164,22820,18011,13757,12329,14092,15853,14363,11354,8344,4949,2252,597,90,16232
2015,2015-01-01,13109,131091,東京都,品川区,361414,15580,12930,11456,11078,15689,27828,32225,33395,34123,28408,22379,18748,19878,22379,18744,14472,11358,6864,2938,781,161,22102,177226,7873,6581,5869,5612,7766,14360,16451,16897,17052,14615,11622,9602,9936,11045,8615,5997,4227,2206,735,141,24,7333,184188,7707,6349,5587,5466,7923,13468,15774,16498,17071,13793,10757,9146,9942,11334,10129,8475,7131,4658,2203,640,137,14769
2015,2015-01-01,13110,131105,東京都,目黒区,262303,10717,8715,8291,8626,12399,20279,25270,25420,24206,21498,17490,13352,12643,14744,12261,9775,8135,5245,2370,710,157,16617,123354,5515,4425,4226,4435,6005,9856,12146,12274,11239,10268,8534,6555,6053,6895,5434,4023,3030,1651,636,134,20,5471,138949,5202,4290,4065,4191,6394,10423,13124,13146,12967,11230,8956,6797,6590,7849,6827,5752,5105,3594,1734,576,137,11146
2015,2015-01-01,13111,131113,東京都,大田区,688102,26972,25232,25322,26012,36837,50131,51270,53591,60340,53500,44075,37290,40537,45393,38616,29574,22197,13467,5907,1580,259,43410,344687,13786,12699,13066,13349,18381,26207,26836,28006,31207,28404,23453,19621,21155,22812,18380,12683,8420,4334,1519,325,44,14642,343415,13186,12533,12256,12663,18456,23924,24434,25585,29133,25096,20622,17669,19382,22581,20236,16891,13777,9133,4388,1255,215,28768
2015,2015-01-01,13112,131121,東京都,世田谷区,858639,36478,32942,31562,32640,44576,58982,70429,76751,79399,71985,59360,46749,43165,47901,39569,32365,26435,17295,7555,2079,422,53786,408335,18691,17152,16384,16447,22203,28355,34014,36496,37650,35345,29574,23030,20984,22614,17496,13514,10049,5845,2016,415,61,18386,450304,17787,15790,15178,16193,22373,30627,36415,40255,41749,36640,29786,23719,22181,25287,22073,18851,16386,11450,5539,1664,361,35400
2015,2015-01-01,13113,131130,東京都,渋谷区,207917,8228,6239,5474,5626,9275,16607,21477,21511,20151,17312,13722,10844,10329,11414,9237,7713,6277,4052,1795,538,96,12758,99203,4262,3169,2777,2716,4294,8367,10934,10862,9610,8464,6720,5310,5064,5379,4039,3076,2289,1268,458,135,10,4160,108714,3966,3070,2697,2910,4981,8240,10543,10649,10541,8848,7002,5534,5265,6035,5198,4637,3988,2784,1337,403,86,8598
2015,2015-01-01,13114,131148,東京都,中野区,304342,10397,8291,8075,9112,16827,27975,29946,27828,26631,22941,18964,15581,16112,17779,14922,12361,10277,6476,2928,771,148,20600,153310,5310,4257,4150,4647,8509,14772,16599,15229,14132,12221,9900,7988,8136,8730,6760,5120,3884,2050,759,139,18,6850,151032,5087,4034,3925,4465,8318,13203,13347,12599,12499,10720,9064,7593,7976,9049,8162,7241,6393,4426,2169,632,130,13750
2015,2015-01-01,13115,131156,東京都,杉並区,535744,19830,17571,17270,17902,29069,44122,47825,46605,47039,41894,35180,28892,28088,31090,25938,20932,17731,11750,5157,1556,303,36497,257287,10127,8938,8833,9026,14067,21730,23965,23435,22959,20909,17647,14446,13726,14864,11670,8640,6719,3889,1363,290,44,12305,278457,9703,8633,8437,8876,15002,22392,23860,23170,24080,20985,17533,14446,14362,16226,14268,12292,11012,7861,3794,1266,259,24192
2015,2015-01-01,13116,131164,東京都,豊島区,253891,8711,7147,6884,7483,14309,22226,23577,22846,22296,19106,15931,13530,14090,15802,12972,10366,8211,5295,2376,622,111,16615,128114,4421,3601,3459,3770,7198,11591,12950,12575,11954,10140,8385,7147,7375,7889,6044,4219,3035,1662,579,102,18,5396,125777,4290,3546,3425,3713,7111,10635,10627,10271,10342,8966,7546,6383,6715,7913,6928,6147,5176,3633,1797,520,93,11219
2015,2015-01-01,13117,131172,東京都,北区,322079,12056,10393,10152,10598,15018,22732,24709,25381,26554,22394,19214,17386,20231,22913,20502,16843,13004,7770,3266,832,131,25003,160228,6210,5296,5235,5375,7523,11816,13270,13668,14081,11904,10006,9081,10539,11368,9410,7074,4872,2485,820,170,25,8372,161851,5846,5097,4917,5223,7495,10916,11439,11713,12473,10490,9208,8305,9692,11545,11092,9769,8132,5285,2446,662,106,16631
2015,2015-01-01,13118,131181,東京都,荒川区,192899,8276,7323,7033,6877,8799,12225,14278,15800,16758,14019,11902,10364,11883,13231,11448,9515,6893,4066,1670,454,85,13168,96471,4201,3701,3633,3555,4524,6211,7386,8135,8741,7424,6314,5518,6247,6824,5480,4057,2688,1299,442,79,12,4520,96428,4075,3622,3400,3322,4275,6014,6892,7665,8017,6595,5588,4846,5636,6407,5968,5458,4205,2767,1228,375,73,8648
2015,2015-01-01,13119,131199,東京都,板橋区,526150,20821,19136,19177,20163,28017,36828,40260,41981,44912,38852,33038,28812,32064,35145,29824,23607,17768,10412,4045,1093,195,33513,261226,10866,9766,9757,10166,13571,18493,20963,22016,23430,20501,17427,14957,16508,17475,13916,9863,6826,3488,1012,192,33,11551,264924,9955,9370,9420,9997,14446,18335,19297,19965,21482,18351,15611,13855,15556,17670,15908,13744,10942,6924,3033,901,162,21962
2015,2015-01-01,13120,131202,東京都,練馬区,701104,29066,28384,29941,31312,38759,46425,51269,54262,60529,56477,47392,38499,37121,39993,35884,30607,24000,13986,5458,1475,265,45184,344156,14905,14689,15438,16087,19288,22903,26041,27686,30651,29006,24273,19691,18791,19344,15973,12959,9632,4962,1506,297,34,16431,356948,14161,13695,14503,15225,19471,23522,25228,26576,29878,27471,23119,18808,18330,20649,19911,17648,14368,9024,3952,1178,231,28753
2015,2015-01-01,13121,131211,東京都,足立区,650432,26531,26278,27228,28453,32258,37245,41354,47500,57217,50981,41234,34360,38778,44160,42810,34245,22928,11311,4273,1122,166,39800,327920,13509,13553,13922,14669,16687,19437,21701,24941,30480,27326,22047,18310,20174,21838,19680,15145,9386,3886,1036,172,21,14501,322512,13022,12725,13306,13784,15571,17808,19653,22559,26737,23655,19187,16050,18604,22322,23130,19100,13542,7425,3237,950,145,25299
2015,2015-01-01,13122,131229,東京都,葛飾区,434558,17511,17108,17686,18537,21203,24516,27544,31421,37493,33586,29062,24669,26775,29160,26670,22184,16263,8828,3367,833,142,29433,218062,8991,8827,9121,9528,10941,12824,14450,16565,19685,17698,15424,13067,13963,14759,12264,9456,6451,3034,842,152,20,10499,216496,8520,8281,8565,9009,10262,11692,13094,14856,17808,15888,13638,11602,12812,14401,14406,12728,9812,5794,2525,681,122,18934
2015,2015-01-01,13123,131237,東京都,江戸川区,654968,29235,29730,31365,31870,34794,39687,44392,50122,61159,54807,42329,32583,35601,39678,36528,28590,18637,9251,3571,896,143,32498,332331,15048,15185,15829,16139,17911,20749,23251,26336,32136,29328,23094,17394,18717,19702,17051,12607,7678,3169,846,148,13,11854,322637,14187,14545,15536,15731,16883,18938,21141,23786,29023,25479,19235,15189,16884,19976,19477,15983,10959,6082,2725,748,130,20644
2015,2015-01-01,13201,132012,東京都,八王子市,553097,20824,23649,25202,28380,34582,28605,30947,37251,45053,40737,34763,30976,36243,40417,35570,26037,17967,10319,4238,1148,189,33861,277690,10746,12082,12986,14653,18796,15267,16200,19612,23403,21480,17925,15674,17710,19568,16863,12146,7603,3622,1110,221,23,12579,275407,10078,11567,12216,13727,15786,13338,14747,17639,21650,19257,16838,15302,18533,20849,18707,13891,10364,6697,3128,927,166,21282
2015,2015-01-01,13202,132021,東京都,立川市,175792,7207,7301,7607,8067,9593,10550,11655,13185,15331,13510,10998,9282,10600,11728,10516,8069,5748,3148,1256,373,68,10593,87699,3740,3687,3882,3991,4736,5548,6168,7041,8020,7201,5854,4749,5291,5664,4851,3508,2318,1109,276,60,5,3768,88093,3467,3614,3725,4076,4857,5002,5487,6144,7311,6309,5144,4533,5309,6064,5665,4561,3430,2039,980,313,63,6825
2015,2015-01-01,13203,132039,東京都,武蔵野市,139658,5899,5208,4931,5201,7407,9805,11442,11718,12009,10864,9409,7785,7472,8287,6769,5522,4884,3119,1456,392,79,9930,66996,3028,2709,2527,2691,3682,4810,5681,5858,5878,5411,4628,3817,3674,3897,2984,2290,1900,1030,408,79,14,3431,72662,2871,2499,2404,2510,3725,4995,5761,5860,6131,5453,4781,3968,3798,4390,3785,3232,2984,2089,1048,313,65,6499
2015,2015-01-01,13204,132047,東京都,三鷹市,179134,7691,7360,7272,7749,9885,11573,13339,14443,15852,14415,11968,9638,9735,10474,9007,7214,5874,3668,1471,419,87,11519,87988,3938,3820,3719,3920,4941,5914,6699,7338,8017,7364,6145,4878,4951,5010,4151,3052,2356,1327,365,70,13,4131,91146,3753,3540,3553,3829,4944,5659,6640,7105,7835,7051,5823,4760,4784,5464,4856,4162,3518,2341,1106,349,74,7388
2015,2015-01-01,13205,132055,東京都,青梅市,135598,4622,5436,6305,6750,6862,6631,7194,8400,10741,9643,8898,8336,10099,10529,9287,6491,4666,2881,1316,429,81,9373,68079,2374,2778,3253,3505,3539,3488,3806,4435,5733,5128,4724,4308,5131,5121,4549,3063,1885,910,294,49,6,3144,67519,2248,2658,3052,3245,3323,3143,3388,3965,5008,4515,4174,4028,4968,5408,4738,3428,2781,1971,1022,380,75,6229
2015,2015-01-01,13206,132063,東京都,府中市,250274,11495,11442,11592,11755,13548,15042,16898,19527,22627,20642,16639,13200,13648,14816,12900,10167,7623,4498,1689,445,81,14336,126701,5800,5954,5936,6174,7036,7985,8918,10299,11939,11004,8873,7042,6905,7219,5845,4470,3128,1611,459,92,12,5302,123573,5695,5488,5656,5581,6512,7057,7980,9228,10688,9638,7766,6158,6743,7597,7055,5697,4495,2887,1230,353,69,9034
2015,2015-01-01,13207,132071,東京都,昭島市,110535,4627,4654,4884,5006,5437,6115,7038,7964,9080,8142,6953,6442,7445,7974,6782,5133,3683,2030,876,238,32,6859,55343,2327,2386,2496,2585,2797,3159,3733,4297,4735,4358,3599,3270,3778,3902,3148,2334,1463,720,210,45,1,2439,55192,2300,2268,2388,2421,2640,2956,3305,3667,4345,3784,3354,3172,3667,4072,3634,2799,2220,1310,666,193,31,4420
2015,2015-01-01,13208,132080,東京都,調布市,220558,9752,9207,9125,9136,12226,14040,15991,17912,20152,18121,14886,11464,11820,12719,11221,9303,7276,4060,1644,440,63,13483,108459,4923,4791,4611,4699,6159,7073,8146,9090,10293,9375,7692,5834,5817,6105,4931,3972,2947,1474,437,81,9,4948,112099,4829,4416,4514,4437,6067,6967,7845,8822,9859,8746,7194,5630,6003,6614,6290,5331,4329,2586,1207,359,54,8535
2015,2015-01-01,13209,132098,東京都,町田市,421746,16532,19448,20930,20759,20390,20304,23542,29308,37005,33138,26470,22959,25674,29620,27909,21310,14392,7852,3186,882,136,26448,207578,8507,9961,10805,10600,10522,10355,12127,14776,18925,17212,13558,11351,12407,13675,12689,9950,6274,2861,839,165,19,10158,214168,8025,9487,10125,10159,9868,9949,11415,14532,18080,15926,12912,11608,13267,15945,15220,11360,8118,4991,2347,717,117,16290
2015,2015-01-01,13210,132101,東京都,小金井市,115389,4890,4308,4743,5148,7213,8092,8497,8856,9118,9145,8242,6739,6537,6703,5362,4413,3735,2360,968,271,49,7383,57245,2518,2276,2399,2697,3746,4066,4436,4577,4642,4631,4250,3513,3291,3270,2396,1833,1489,853,301,51,10,2704,58144,2372,2032,2344,2451,3467,4026,4061,4279,4476,4514,3992,3226,3246,3433,2966,2580,2246,1507,667,220,39,4679
2015,2015-01-01,13211,132110,東京都,小平市,182835,8114,7882,8059,9212,10624,10205,11652,13221,15015,14370,12531,10171,10373,11079,9916,8457,6397,3695,1430,362,70,11954,90265,4163,4067,4163,4702,5247,5164,6102,6929,7690,7354,6485,5158,5171,5325,4375,3674,2673,1348,393,74,8,4496,92570,3951,3815,3896,4510,5377,5041,5550,6292,7325,7016,6046,5013,5202,5754,5541,4783,3724,2347,1037,288,62,7458
2015,2015-01-01,13212,132128,東京都,日野市,178414,7710,7727,8146,8285,9661,10050,11483,13142,15445,13972,10981,8963,10284,11778,11067,8414,6224,3339,1340,334,69,11306,89888,3950,3940,4169,4292,5300,5215,6140,6956,8111,7534,5786,4638,4999,5550,5086,3851,2644,1272,372,70,13,4371,88526,3760,3787,3977,3993,4361,4835,5343,6186,7334,6438,5195,4325,5285,6228,5981,4563,3580,2067,968,264,56,6935
2015,2015-01-01,13213,132136,東京都,東村山市,149157,5855,6468,6613,7111,7588,7669,8642,10076,12511,11329,9955,8554,9156,9977,9185,7735,5856,3216,1250,344,67,10733,73308,3012,3372,3370,3597,3826,3904,4458,5204,6436,5849,5188,4249,4537,4703,4179,3358,2435,1227,344,56,4,4066,75849,2843,3096,3243,3514,3762,3765,4184,4872,6075,5480,4767,4305,4619,5274,5006,4377,3421,1989,906,288,63,6667
2015,2015-01-01,13214,132144,東京都,国分寺市,117648,4698,4706,4963,5415,6940,7911,8152,8725,9740,9512,8439,6700,6358,6854,5817,4981,4151,2359,940,235,52,7737,58359,2488,2433,2509,2880,3471,4166,4281,4522,4869,4881,4367,3452,3158,3210,2618,2149,1668,906,282,43,6,2905,59289,2210,2273,2454,2535,3469,3745,3871,4203,4871,4631,4072,3248,3200,3644,3199,2832,2483,1453,658,192,46,4832
2015,2015-01-01,13215,132152,東京都,国立市,73244,2787,2829,3122,3522,4297,4319,4618,5077,6000,6190,5635,4407,4423,4553,3698,3103,2418,1483,575,158,30,4664,36122,1475,1501,1579,1823,2225,2278,2389,2566,2970,3121,2910,2249,2227,2191,1608,1322,983,512,156,30,7,1688,37122,1312,1328,1543,1699,2072,2041,2229,2511,3030,3069,2725,2158,2196,2362,2090,1781,1435,971,419,128,23,2976
2015,2015-01-01,13218,132187,東京都,福生市,55841,2021,2023,2271,2531,3107,3301,3373,3657,4396,4172,3774,3617,3930,3940,3456,2536,1990,1106,466,147,27,3736,28044,1035,1012,1156,1314,1579,1786,1822,1953,2359,2196,1972,1884,2038,1962,1619,1125,760,347,96,28,1,1232,27797,986,1011,1115,1217,1528,1515,1551,1704,2037,1976,1802,1733,1892,1978,1837,1411,1230,759,370,119,26,2504
2015,2015-01-01,13219,132195,東京都,狛江市,78078,3182,2837,2957,3171,4113,4847,5725,6071,6551,6320,5058,4260,4227,4954,4515,3824,2943,1688,657,154,24,5466,38110,1624,1454,1530,1626,2015,2355,2860,3090,3297,3283,2665,2191,2132,2380,1952,1629,1177,615,204,30,1,2027,39968,1558,1383,1427,1545,2098,2492,2865,2981,3254,3037,2393,2069,2095,2574,2563,2195,1766,1073,453,124,23,3439
2015,2015-01-01,13220,132209,東京都,東大和市,85088,3784,3785,3953,4063,4049,4473,5172,5888,7050,6540,5449,4584,5171,5917,5602,4495,2994,1398,523,169,29,5113,42190,1958,1895,1983,2120,2031,2208,2678,3012,3716,3466,2819,2328,2587,2821,2545,1981,1363,524,120,30,5,2042,42898,1826,1890,1970,1943,2018,2265,2494,2876,3334,3074,2630,2256,2584,3096,3057,2514,1631,874,403,139,24,3071
2015,2015-01-01,13221,132217,東京都,清瀬市,73297,2800,3183,3457,3483,3502,3554,3979,4851,6143,5485,4596,3873,4589,5003,4877,4405,3106,1590,613,179,29,5517,35560,1402,1662,1801,1773,1693,1695,2009,2476,3097,2889,2330,1932,2299,2334,2170,1942,1304,587,140,22,3,2056,37737,1398,1521,1656,1710,1809,1859,1970,2375,3046,2596,2266,1941,2290,2669,2707,2463,1802,1003,473,157,26,3461
2015,2015-01-01,13222,132225,東京都,東久留米市,114794,4593,4656,5143,5586,5536,5600,6335,7660,9307,8647,7634,6400,7184,8222,7824,6503,4578,2308,847,199,32,7964,56498,2281,2437,2676,2858,2771,2835,3260,3947,4869,4502,3960,3143,3582,3852,3514,2889,1982,889,212,34,5,3122,58296,2312,2219,2467,2728,2765,2765,3075,3713,4438,4145,3674,3257,3602,4370,4310,3614,2596,1419,635,165,27,4842
2015,2015-01-01,13223,132233,東京都,武蔵村山市,70933,2987,3808,3858,3595,3508,3403,3878,5072,6384,5228,4016,3571,4469,5064,4893,3498,2152,1014,394,117,24,3701,35592,1553,1919,1919,1796,1782,1805,2039,2616,3454,2831,2160,1854,2221,2375,2293,1616,898,357,83,17,4,1359,35341,1434,1889,1939,1799,1726,1598,1839,2456,2930,2397,1856,1717,2248,2689,2600,1882,1254,657,311,100,20,2342
2015,2015-01-01,13224,132241,東京都,多摩市,145439,5686,6070,5978,6114,7513,7393,8885,10674,12194,10703,8784,8081,9962,11861,10223,7151,4553,2369,942,252,51,8167,71609,2877,3129,3067,3071,3963,3801,4554,5547,6251,5561,4495,3841,4632,5598,4747,3331,2045,824,216,51,8,3144,73830,2809,2941,2911,3043,3550,3592,4331,5127,5943,5142,4289,4240,5330,6263,5476,3820,2508,1545,726,201,43,5023
2015,2015-01-01,13225,132250,東京都,稲城市,85479,4075,4478,4601,4300,4239,4500,5104,6576,8247,7398,5635,4571,4777,5319,4707,3304,2037,1026,441,122,22,3648,43242,2111,2238,2374,2260,2217,2312,2598,3374,4274,4005,2981,2354,2368,2572,2272,1561,894,354,109,13,1,1371,42237,1964,2240,2227,2040,2022,2188,2506,3202,3973,3393,2654,2217,2409,2747,2435,1743,1143,672,332,109,21,2277
2015,2015-01-01,13227,132276,東京都,羽村市,55429,2290,2476,2678,2864,3138,2877,3200,3882,4755,4203,3473,3070,3562,3915,3491,2535,1603,889,392,110,26,3020,28230,1165,1305,1292,1491,1783,1550,1760,2120,2518,2166,1840,1633,1775,1890,1623,1196,697,291,109,19,7,1123,27199,1125,1171,1386,1373,1355,1327,1440,1762,2237,2037,1633,1437,1787,2025,1868,1339,906,598,283,91,19,1897
2015,2015-01-01,13228,132284,東京都,あきる野市,81047,3232,3733,3970,4158,3833,3791,4145,5224,6608,5699,4740,4539,5356,6081,5966,4245,2819,1791,830,247,40,5727,40521,1663,1910,2120,2093,1958,1943,2183,2716,3502,3005,2476,2290,2627,3004,2893,2096,1189,638,181,31,3,2042,40526,1569,1823,1850,2065,1875,1848,1962,2508,3106,2694,2264,2249,2729,3077,3073,2149,1630,1153,649,216,37,3685
2015,2015-01-01,13229,132292,東京都,西東京市,195028,8072,8067,8397,9071,10558,10737,12138,14193,16422,15603,13756,11318,11319,12160,10549,9102,7254,4186,1626,430,70,13566,95449,4130,4141,4277,4653,5373,5437,6149,7211,8388,8008,7040,5716,5624,5839,4601,3808,2997,1533,420,88,16,5054,99579,3942,3926,4120,4418,5185,5300,5989,6982,8034,7595,6716,5602,5695,6321,5948,5294,4257,2653,1206,342,54,8512
2015,2015-01-01,13300,133001,東京都,西多摩郡,58082,2128,2379,2562,2705,2623,2618,3041,3553,4206,3723,3183,3377,4454,5052,4406,3102,2329,1515,809,271,46,4970,29148,1082,1238,1333,1372,1413,1374,1626,1924,2235,2030,1687,1752,2231,2563,2208,1480,911,497,156,30,6,1600,28934,1046,1141,1229,1333,1210,1244,1415,1629,1971,1693,1496,1625,2223,2489,2198,1622,1418,1018,653,241,40,3370
2015,2015-01-01,13303,133035,東京都,西多摩郡瑞穂町,33254,1186,1367,1699,1779,1749,1670,1851,2111,2703,2428,1987,1925,2474,2627,2219,1537,997,556,283,91,15,1942,16875,602,711,882,873,925,871,1022,1171,1404,1309,1032,985,1274,1315,1101,742,404,183,59,10,0,656,16379,584,656,817,906,824,799,829,940,1299,1119,955,940,1200,1312,1118,795,593,373,224,81,15,1286
2015,2015-01-01,13305,133051,東京都,西多摩郡日の出町,16981,806,857,663,689,651,730,948,1157,1160,881,757,880,1254,1621,1451,870,703,500,276,111,16,1606,8366,411,435,352,367,374,372,467,591,641,478,399,430,567,807,747,422,273,181,42,8,2,506,8615,395,422,311,322,277,358,481,566,519,403,358,450,687,814,704,448,430,319,234,103,14,1100
2015,2015-01-01,13307,133078,東京都,西多摩郡檜原村,2366,50,52,53,73,62,58,89,99,89,125,141,163,214,230,198,213,207,147,77,22,4,457,1190,29,31,21,39,31,40,51,49,53,79,79,102,117,140,92,98,82,38,16,3,0,139,1176,21,21,32,34,31,18,38,50,36,46,62,61,97,90,106,115,125,109,61,19,4,318
2015,2015-01-01,13308,133086,東京都,西多摩郡奥多摩町,5481,86,103,147,164,161,160,153,186,254,289,298,409,512,574,538,482,422,312,173,47,11,965,2717,40,61,78,93,83,91,86,113,137,164,177,235,273,301,268,218,152,95,39,9,4,299,2764,46,42,69,71,78,69,67,73,117,125,121,174,239,273,270,264,270,217,134,38,7,666
2015,2015-01-01,13360,133604,東京都,島しょ,26794,1075,1099,1028,1026,653,1033,1385,1556,1781,1494,1616,1882,2292,2398,1923,1575,1454,977,409,114,24,2978,13743,566,588,524,608,341,537,727,852,964,835,932,1081,1281,1261,963,678,563,318,99,23,2,1005,13051,509,511,504,418,312,496,658,704,817,659,684,801,1011,1137,960,897,891,659,310,91,22,1973
2015,2015-01-01,13361,133612,東京都,大島町,8191,304,292,315,447,209,268,368,439,500,467,476,524,705,752,686,525,438,299,127,39,11,914,4166,177,152,149,304,116,139,196,232,270,248,272,290,391,378,318,224,170,99,30,11,0,310,4025,127,140,166,143,93,129,172,207,230,219,204,234,314,374,368,301,268,200,97,28,11,604
2015,2015-01-01,13362,133621,東京都,利島村,307,17,23,7,4,10,13,21,36,16,14,24,20,22,26,13,16,10,11,2,2,0,25,165,9,12,6,1,2,7,11,23,9,9,14,13,11,14,8,5,5,4,2,0,0,11,142,8,11,1,3,8,6,10,13,7,5,10,7,11,12,5,11,5,7,0,2,0,14
2015,2015-01-01,13363,133639,東京都,新島村,2881,101,100,118,94,68,98,143,167,162,133,171,204,253,264,212,171,190,158,61,12,1,422,1381,39,54,59,50,29,48,73,95,90,61,94,111,128,134,106,67,72,55,14,2,0,143,1500,62,46,59,44,39,50,70,72,72,72,77,93,125,130,106,104,118,103,47,10,1,279
2015,2015-01-01,13364,133647,東京都,神津島村,1935,86,92,98,76,66,84,96,112,123,83,121,184,185,150,106,80,106,60,25,1,1,193,993,40,46,58,39,40,46,44,71,62,33,70,98,106,74,53,34,40,29,10,0,0,79,942,46,46,40,37,26,38,52,41,61,50,51,86,79,76,53,46,66,31,15,1,1,114
2015,2015-01-01,13381,133817,東京都,三宅島　三宅村,2664,88,83,59,54,86,135,136,110,145,114,168,222,233,259,182,212,195,127,41,12,3,378,1450,47,50,35,30,48,79,77,55,93,80,105,142,142,154,98,90,78,33,12,1,1,125,1214,41,33,24,24,38,56,59,55,52,34,63,80,91,105,84,122,117,94,29,11,2,253
2015,2015-01-01,13382,133825,東京都,御蔵島村,297,29,14,10,6,10,20,37,28,20,19,17,22,14,21,14,3,7,6,0,0,0,13,165,16,10,6,5,4,9,21,13,13,9,11,16,6,12,10,2,0,2,0,0,0,2,132,13,4,4,1,6,11,16,15,7,10,6,6,8,9,4,1,7,4,0,0,0,11
2015,2015-01-01,13401,134015,東京都,八丈島　八丈町,7820,272,327,303,259,127,250,350,425,508,422,470,513,733,771,620,523,469,285,142,44,7,947,3918,144,170,154,135,64,124,185,234,270,253,255,292,394,400,315,229,178,84,29,8,1,300,3902,128,157,149,124,63,126,165,191,238,169,215,221,339,371,305,294,291,201,113,36,6,647
2015,2015-01-01,13402,134023,東京都,青ヶ島村,165,5,6,12,2,2,12,18,12,12,14,14,23,8,13,4,3,4,1,0,0,0,5,93,1,1,7,1,0,6,10,7,7,7,9,16,7,7,3,1,2,1,0,0,0,3,72,4,5,5,1,2,6,8,5,5,7,5,7,1,6,1,2,2,0,0,0,0,2
2015,2015-01-01,13421,134210,東京都,小笠原村,2534,173,162,106,84,75,153,216,227,295,228,155,170,139,142,86,42,35,30,11,4,1,81,1412,93,93,50,43,38,79,110,122,150,135,102,103,96,88,52,26,18,11,2,1,0,32,1122,80,69,56,41,37,74,106,105,145,93,53,67,43,54,34,16,17,19,9,3,1,49
2015,2015-01-01,14000,140007,神奈川県,,8950660,373448,385517,402729,412495,442993,492773,564048,661713,784661,704466,579375,495552,556231,616760,542694,404436,282284,161394,65838,18103,3149,530768,4485087,191329,197808,205826,212237,229279,257112,293313,343721,406889,371420,304262,255536,278345,299452,255967,186633,117721,57325,17079,3379,453,195957,4465573,182119,187709,196903,200258,213714,235661,270735,317992,377772,333046,275113,240016,277886,317308,286727,217803,164563,104069,48759,14724,2696,334811
2015,2015-01-01,14100,141003,神奈川県,横浜市,3644429,152812,156227,164606,168469,178301,199179,229067,267994,322698,296399,244094,204162,221102,243085,212925,164235,117029,66866,26674,7221,1283,219073,1819082,78281,80328,84160,86064,91777,102603,118062,138033,165072,155442,127586,105208,111391,118858,99590,75123,48774,23990,7172,1391,176,81503,1825347,74531,75899,80446,82405,86524,96576,111005,129961,157626,140957,116508,98954,109711,124227,113335,89112,68255,42876,19502,5830,1107,137570
2015,2015-01-01,14101,141011,神奈川県,横浜市鶴見区,276142,13291,12083,11650,11400,13603,17547,20333,22624,25553,21352,17756,15198,16765,17366,14411,10517,7654,4565,1863,532,79,14693,143342,6807,6244,5954,5850,7205,9552,10999,12308,13941,11862,9754,8098,8892,8978,7068,4621,3047,1578,468,103,13,5209,132800,6484,5839,5696,5550,6398,7995,9334,10316,11612,9490,8002,7100,7873,8388,7343,5896,4607,2987,1395,429,66,9484
2015,2015-01-01,14102,141020,神奈川県,横浜市神奈川区,227021,9609,8855,8806,8612,11535,15716,17018,18280,20750,18409,14686,12450,13356,14216,11737,9104,7131,4372,1781,515,83,13882,115074,4906,4564,4470,4445,6151,8453,8991,9616,10719,9957,7921,6546,6959,7140,5431,3950,2777,1486,464,115,13,4855,111947,4703,4291,4336,4167,5384,7263,8027,8664,10031,8452,6765,5904,6397,7076,6306,5154,4354,2886,1317,400,70,9027
2015,2015-01-01,14103,141038,神奈川県,横浜市西区,93881,3951,3432,3193,2937,4163,6572,7852,8524,9378,8020,6136,5135,5157,5499,4427,3440,2986,1960,841,229,49,6065,47093,1985,1778,1629,1468,2080,3463,4185,4509,4828,4296,3210,2684,2675,2748,2069,1458,1104,681,205,33,5,2028,46788,1966,1654,1564,1469,2083,3109,3667,4015,4550,3724,2926,2451,2482,2751,2358,1982,1882,1279,636,196,44,4037
2015,2015-01-01,14104,141046,神奈川県,横浜市中区,134499,4930,4855,4872,4924,5581,6791,8085,9979,12329,12364,10210,8355,8822,9815,7847,5816,4612,2883,1128,260,41,8924,70610,2537,2505,2437,2489,2865,3524,4185,5218,6427,6709,5729,4763,5180,5618,4343,2827,1945,965,287,48,9,3254,63889,2393,2350,2435,2435,2716,3267,3900,4761,5902,5655,4481,3592,3642,4197,3504,2989,2667,1918,841,212,32,5670
2015,2015-01-01,14105,141054,神奈川県,横浜市南区,190863,6437,6713,7107,7577,8931,10622,11538,13016,15944,15049,12799,11491,13103,14293,12213,9837,7475,4414,1774,451,79,14193,96002,3271,3462,3624,3820,4436,5503,6030,6883,8430,8143,6834,6077,6994,7326,5712,4357,3023,1499,480,88,10,5100,94861,3166,3251,3483,3757,4495,5119,5508,6133,7514,6906,5965,5414,6109,6967,6501,5480,4452,2915,1294,363,69,9093
2015,2015-01-01,14106,141062,神奈川県,横浜市保土ケ谷区,200046,7244,7675,8581,9327,10583,10518,11586,13631,16515,15809,13834,11615,12656,13728,12380,10231,7585,4311,1709,441,87,14133,99416,3763,3902,4430,4734,5723,5612,5990,7118,8473,8226,7226,6000,6379,6606,5573,4547,3051,1510,473,72,8,5114,100630,3481,3773,4151,4593,4860,4906,5596,6513,8042,7583,6608,5615,6277,7122,6807,5684,4534,2801,1236,369,79,9019
2015,2015-01-01,14107,141071,神奈川県,横浜市磯子区,162891,6473,6505,6587,6805,7623,8455,9922,11425,13579,11887,10548,9502,10792,12124,10621,8285,6392,3592,1356,361,57,11758,80448,3417,3352,3328,3450,4031,4393,5108,5863,7127,6154,5405,4827,5348,5856,4887,3551,2586,1274,417,65,9,4351,82443,3056,3153,3259,3355,3592,4062,4814,5562,6452,5733,5143,4675,5444,6268,5734,4734,3806,2318,939,296,48,7407
2015,2015-01-01,14108,141089,神奈川県,横浜市金沢区,201194,7287,8379,8946,9608,10035,9890,10928,12903,15969,14688,12981,12133,14435,15771,13379,10063,7222,4253,1729,503,91,13798,99100,3701,4260,4628,5008,5238,5155,5583,6525,8057,7506,6451,5996,7108,7660,6305,4704,3030,1601,463,107,13,5214,102094,3586,4119,4318,4600,4797,4735,5345,6378,7912,7182,6530,6137,7327,8111,7074,5359,4192,2652,1266,396,78,8584
2015,2015-01-01,14109,141097,神奈川県,横浜市港北区,331548,15877,13459,13629,13887,17006,23521,27092,28808,30728,27705,22138,17450,17432,18623,15426,11717,8672,5375,2280,604,119,17050,166007,8169,6770,6970,7017,8717,11891,14147,14933,15833,14675,11549,8978,8759,9147,7100,5180,3459,1896,672,129,16,6172,165541,7708,6689,6659,6870,8289,11630,12945,13875,14895,13030,10589,8472,8673,9476,8326,6537,5213,3479,1608,475,103,10878
2015,2015-01-01,14110,141101,神奈川県,横浜市戸塚区,272668,12062,12904,13171,13042,12905,13543,16242,20457,24377,21501,17268,14522,16969,18527,16607,12980,8546,4673,1793,475,104,15591,135092,6088,6637,6732,6652,6511,6851,8275,10520,12399,11283,8993,7305,8284,8827,7655,6066,3713,1749,459,82,11,6014,137576,5974,6267,6439,6390,6394,6692,7967,9937,11978,10218,8275,7217,8685,9700,8952,6914,4833,2924,1334,393,93,9577
2015,2015-01-01,14111,141119,神奈川県,横浜市港南区,215744,8029,8674,9639,10169,9880,10585,12133,14207,18242,16878,14434,12508,13808,16044,14855,11751,7926,4029,1480,400,73,13908,105912,4119,4471,4877,5187,4990,5385,6164,7240,9228,8618,7353,6285,6763,7488,6727,5470,3484,1577,411,66,9,5547,109832,3910,4203,4762,4982,4890,5200,5969,6967,9014,8260,7081,6223,7045,8556,8128,6281,4442,2452,1069,334,64,8361
2015,2015-01-01,14112,141127,神奈川県,横浜市旭区,247823,9402,10344,11005,11651,11661,11835,13460,16164,20432,18748,15879,13982,16127,17981,17114,14015,9772,5536,2099,530,86,18023,121859,4749,5367,5665,5928,5955,6006,6842,8259,10485,9783,8131,7058,7909,8631,7725,6414,4134,2102,599,103,14,6952,125964,4653,4977,5340,5723,5706,5829,6618,7905,9947,8965,7748,6924,8218,9350,9389,7601,5638,3434,1500,427,72,11071
2015,2015-01-01,14113,141135,神奈川県,横浜市緑区,176155,7798,8298,8896,8728,8714,9416,10874,13012,15895,14428,11585,9574,10321,11380,10204,7763,5195,2664,1046,315,49,9269,87500,3986,4311,4496,4364,4348,4813,5523,6721,8069,7598,6011,4881,5081,5423,4754,3617,2194,982,268,54,6,3504,88655,3812,3987,4400,4364,4366,4603,5351,6291,7826,6830,5574,4693,5240,5957,5450,4146,3001,1682,778,261,43,5765
2015,2015-01-01,14114,141143,神奈川県,横浜市瀬谷区,125145,4986,5689,6337,6390,6017,6174,6848,8440,10987,9574,7705,6516,7506,8485,8407,6680,4632,2510,990,221,51,8404,61784,2514,2906,3226,3256,3058,3172,3571,4375,5626,5011,4013,3343,3674,3924,3880,3066,1946,923,256,39,5,3169,63361,2472,2783,3111,3134,2959,3002,3277,4065,5361,4563,3692,3173,3832,4561,4527,3614,2686,1587,734,182,46,5235
2015,2015-01-01,14115,141151,神奈川県,横浜市栄区,123005,4741,5270,5775,5536,5184,5592,6633,8315,10848,9180,7066,6298,7758,9805,9847,7232,4405,2280,945,250,45,7925,60640,2432,2731,2985,2890,2656,2828,3376,4216,5505,4830,3599,3091,3633,4418,4613,3618,2051,850,256,57,5,3219,62365,2309,2539,2790,2646,2528,2764,3257,4099,5343,4350,3467,3207,4125,5387,5234,3614,2354,1430,689,193,40,4706
2015,2015-01-01,14116,141160,神奈川県,横浜市泉区,153284,6042,6653,7225,7594,7292,7234,8272,10085,13193,12143,9808,8503,9696,11178,10596,8184,5398,2714,1068,348,58,9586,75761,3161,3468,3678,3872,3688,3550,4203,5177,6740,6290,5006,4292,4764,5360,4923,3870,2360,1026,264,63,6,3719,77523,2881,3185,3547,3722,3604,3684,4069,4908,6453,5853,4802,4211,4932,5818,5673,4314,3038,1688,804,285,52,5867
2015,2015-01-01,14117,141178,神奈川県,横浜市青葉区,304286,13390,14184,16218,17271,16547,15464,17818,21761,27118,28312,23485,18033,16772,18404,14655,10540,7365,4437,1862,555,95,14314,149021,6844,7222,8335,8858,8495,7597,8775,10566,12931,14078,12016,9132,8109,8822,6978,5000,3133,1513,490,113,14,5263,155265,6546,6962,7883,8413,8052,7867,9043,11195,14187,14234,11469,8901,8663,9582,7677,5540,4232,2924,1372,442,81,9051
2015,2015-01-01,14118,141186,神奈川県,横浜市都筑区,208234,11263,12255,12969,13011,11041,9704,12433,16363,20861,20352,15776,10897,9627,9846,8199,6080,4061,2298,930,231,37,7557,104421,5832,6378,6696,6776,5630,4855,6115,7986,10254,10423,8385,5852,4880,4886,3847,2807,1737,778,240,54,10,2819,103813,5431,5877,6273,6235,5411,4849,6318,8377,10607,9929,7391,5045,4747,4960,4352,3273,2324,1520,690,177,27,4738
2015,2015-01-01,14130,141305,神奈川県,川崎市,1414657,67144,62228,60263,59844,74914,98307,110934,121442,132047,115168,91679,73676,76759,80116,68294,51880,37240,21286,8671,2385,380,69962,722278,34556,31898,30742,30769,38735,52191,58754,64112,69663,61811,49286,39054,39719,39870,32571,23244,15137,7459,2242,408,57,25303,692379,32588,30330,29521,29075,36179,46116,52180,57330,62384,53357,42393,34622,37040,40246,35723,28636,22103,13827,6429,1977,323,44659
2015,2015-01-01,14131,141313,神奈川県,川崎市川崎区,211337,8702,8657,8247,7987,11189,14171,15333,16660,19130,15446,13025,11721,13571,13865,11949,9135,6663,3820,1557,455,54,12549,114321,4468,4413,4241,4066,6234,8265,8732,9499,11101,8953,7461,6706,7789,7623,6189,4197,2660,1265,382,74,3,4384,97016,4234,4244,4006,3921,4955,5906,6601,7161,8029,6493,5564,5015,5782,6242,5760,4938,4003,2555,1175,381,51,8165
2015,2015-01-01,14132,141321,神奈川県,川崎市幸区,155635,7723,6929,6254,5777,6877,10051,12239,13871,14551,11543,9084,8061,9151,9763,8405,6344,4709,2855,1117,282,49,9012,79614,3962,3522,3194,2987,3590,5376,6689,7463,7917,6260,4937,4264,4696,4859,4027,2772,1811,977,258,46,7,3099,76021,3761,3407,3060,2790,3287,4675,5550,6408,6634,5283,4147,3797,4455,4904,4378,3572,2898,1878,859,236,42,5913
2015,2015-01-01,14133,141330,神奈川県,川崎市中原区,235995,12315,10093,9365,8715,12216,20826,22965,23231,23345,19780,14929,11256,10681,10470,8734,6807,5150,3266,1393,408,50,10267,120749,6287,5243,4858,4481,6246,11040,12071,12183,12134,10636,8009,6151,5567,5220,4142,2905,1993,1128,375,71,9,3576,115246,6028,4850,4507,4234,5970,9786,10894,11048,11211,9144,6920,5105,5114,5250,4592,3902,3157,2138,1018,337,41,6691
2015,2015-01-01,14134,141348,神奈川県,川崎市高津区,217894,10834,9860,9459,9157,11361,15993,18491,19969,21312,18279,14087,10690,11126,11512,9470,6974,5022,2828,1123,287,60,9320,110153,5579,5033,4832,4568,5802,8294,9688,10333,11072,9769,7529,5538,5687,5643,4453,3052,1967,985,275,44,10,3281,107741,5255,4827,4627,4589,5559,7699,8803,9636,10240,8510,6558,5152,5439,5869,5017,3922,3055,1843,848,243,50,6039
2015,2015-01-01,14135,141356,神奈川県,川崎市多摩区,201118,8610,7826,8035,8830,12805,15774,16371,16448,17646,16175,13503,10688,10745,11013,9386,7415,5286,2969,1201,323,69,9848,103372,4462,4022,4108,4617,6656,8416,8781,8900,9425,8752,7324,5628,5491,5461,4321,3317,2209,1079,327,67,9,3691,97746,4148,3804,3927,4213,6149,7358,7590,7548,8221,7423,6179,5060,5254,5552,5065,4098,3077,1890,874,256,60,6157
2015,2015-01-01,14136,141364,神奈川県,川崎市宮前区,221972,11177,10871,10742,11077,11714,12383,15115,18274,21022,19616,15427,11529,11830,12611,11170,8195,5226,2626,1037,282,48,9219,110243,5736,5589,5401,5797,5837,6254,7537,9280,10582,10067,8084,5920,5832,5947,5137,3768,2228,928,265,48,6,3475,111729,5441,5282,5341,5280,5877,6129,7578,8994,10440,9549,7343,5609,5998,6664,6033,4427,2998,1698,772,234,42,5744
2015,2015-01-01,14137,141372,神奈川県,川崎市麻生区,170706,7783,7992,8161,8301,8752,9109,10420,12989,15041,14329,11624,9731,9655,10882,9180,7010,5184,2922,1243,348,50,9747,83826,4062,4076,4108,4253,4370,4546,5256,6454,7432,7374,5942,4847,4657,5117,4302,3233,2269,1097,360,58,13,3797,86880,3721,3916,4053,4048,4382,4563,5164,6535,7609,6955,5682,4884,4998,5765,4878,3777,2915,1825,883,290,37,5950
2015,2015-01-01,14150,141500,神奈川県,相模原市,704421,28789,30450,31574,33468,37525,39136,43926,51422,61613,54570,44629,38880,45508,50404,45499,31378,19585,10505,4243,1141,176,35650,355584,14697,15643,16210,17158,19032,20174,23115,27188,32589,28965,23452,20167,22531,24091,21795,15267,8447,3813,1029,195,26,13510,348837,14092,14807,15364,16310,18493,18962,20811,24234,29024,25605,21177,18713,22977,26313,23704,16111,11138,6692,3214,946,150,22140
2015,2015-01-01,14151,141518,神奈川県,相模原市緑区,171185,6901,7375,7881,8048,8727,9243,10473,12212,14468,12117,10319,9937,12633,13740,11408,7057,4614,2585,1127,286,34,8646,86775,3443,3714,4056,4224,4575,4891,5533,6401,7714,6312,5419,5043,6231,6729,5784,3488,1963,926,277,47,5,3218,84410,3458,3661,3825,3824,4152,4352,4940,5811,6754,5805,4900,4894,6402,7011,5624,3569,2651,1659,850,239,29,5428
2015,2015-01-01,14152,141526,神奈川県,相模原市中央区,263604,10971,11919,12297,13318,14498,14345,15986,19112,23697,21071,17030,14281,16388,18379,16727,11459,6728,3608,1360,382,48,12126,134047,5593,6157,6344,6763,7381,7456,8447,10147,12669,11327,9016,7570,8216,8718,8013,5664,2875,1297,321,67,6,4566,129557,5378,5762,5953,6555,7117,6889,7539,8965,11028,9744,8014,6711,8172,9661,8714,5795,3853,2311,1039,315,42,7560
2015,2015-01-01,14153,141534,神奈川県,相模原市南区,269632,10917,11156,11396,12102,14300,15548,17467,20098,23448,21382,17280,14662,16487,18285,17364,12862,8243,4312,1756,473,94,14878,134762,5661,5772,5810,6171,7076,7827,9135,10640,12206,11326,9017,7554,8084,8644,7998,6115,3609,1590,431,81,15,5726,134870,5256,5384,5586,5931,7224,7721,8332,9458,11242,10056,8263,7108,8403,9641,9366,6747,4634,2722,1325,392,79,9152
2015,2015-01-01,14201,142018,神奈川県,横須賀市,413570,14438,16212,18417,20269,20709,19725,21197,26014,32395,28253,24672,23265,28513,33523,30800,23145,16951,9703,4082,1078,209,32023,206710,7338,8335,9516,11100,11603,10525,11146,13618,16903,14781,12813,11935,14191,16023,14559,10617,7094,3377,1002,204,30,11707,206860,7100,7877,8901,9169,9106,9200,10051,12396,15492,13472,11859,11330,14322,17500,16241,12528,9857,6326,3080,874,179,20316
2015,2015-01-01,14203,142034,神奈川県,平塚市,253957,9647,10999,11792,12127,12410,12692,14414,17356,20788,18727,15818,14807,17806,19472,17071,12070,8300,4927,2047,583,104,15961,127360,4959,5628,6014,6258,6565,6687,7537,8975,10879,9948,8240,7634,8910,9535,8129,5698,3375,1745,511,119,14,5764,126597,4688,5371,5778,5869,5845,6005,6877,8381,9909,8779,7578,7173,8896,9937,8942,6372,4925,3182,1536,464,90,10197
2015,2015-01-01,14204,142042,神奈川県,鎌倉市,176268,6341,7321,7650,7164,6764,6953,8469,11633,15099,14205,11701,9509,10733,13471,12549,10309,8233,5197,2184,657,126,16397,83852,3227,3752,3896,3654,3437,3451,4163,5671,7300,7136,5982,4719,5097,6161,5526,4583,3451,1909,595,125,17,6097,92416,3114,3569,3754,3510,3327,3502,4306,5962,7799,7069,5719,4790,5636,7310,7023,5726,4782,3288,1589,532,109,10300
2015,2015-01-01,14205,142051,神奈川県,藤沢市,418098,18273,19540,20033,19578,20342,21226,25606,31579,37820,33512,27419,22023,24511,28301,24638,18680,13121,7634,3168,932,162,25017,207754,9395,9994,10245,10215,10493,11290,13128,16079,19359,17570,14366,11194,11854,13490,11480,8423,5474,2700,804,178,23,9179,210344,8878,9546,9788,9363,9849,9936,12478,15500,18461,15942,13053,10829,12657,14811,13158,10257,7647,4934,2364,754,139,15838
2015,2015-01-01,14206,142069,神奈川県,小田原市,193586,7130,7747,8707,9249,9295,9551,10522,12307,14903,14048,12392,11698,13669,14881,13056,9975,7508,4517,1832,508,91,14456,95127,3714,3982,4407,4779,4649,4884,5328,6413,7644,7349,6416,5889,6785,7250,6076,4362,3058,1563,475,88,16,5200,98459,3416,3765,4300,4470,4646,4667,5194,5894,7259,6699,5976,5809,6884,7631,6980,5613,4450,2954,1357,420,75,9256
2015,2015-01-01,14207,142077,神奈川県,茅ヶ崎市,238945,10411,11120,11607,11195,10695,10924,13893,17638,21081,18952,15402,13104,14834,16848,15087,11453,7821,4450,1858,476,96,14701,117324,5400,5594,5862,5706,5416,5551,6869,8886,10717,9745,8022,6536,7242,7896,7066,5350,3239,1641,477,93,16,5466,121621,5011,5526,5745,5489,5279,5373,7024,8752,10364,9207,7380,6568,7592,8952,8021,6103,4582,2809,1381,383,80,9235
2015,2015-01-01,14208,142085,神奈川県,逗子市,59666,2085,2446,2618,2685,2214,2161,2624,3785,4967,4794,4071,3343,3619,4597,4386,3549,2872,1805,779,240,26,5722,28234,1098,1201,1361,1377,1121,1073,1293,1783,2399,2360,2082,1640,1749,2098,1940,1558,1162,655,224,54,6,2101,31432,987,1245,1257,1308,1093,1088,1331,2002,2568,2434,1989,1703,1870,2499,2446,1991,1710,1150,555,186,20,3621
2015,2015-01-01,14210,142107,神奈川県,三浦市,46297,1197,1485,1791,2014,2070,2005,2002,2381,3029,2914,2821,2945,3993,4281,3893,2992,2358,1361,585,159,21,4484,22554,610,731,909,1030,1073,1024,1016,1250,1585,1522,1428,1488,2001,2125,1827,1362,964,434,141,31,3,1573,23743,587,754,882,984,997,981,986,1131,1444,1392,1393,1457,1992,2156,2066,1630,1394,927,444,128,18,2911
2015,2015-01-01,14211,142115,神奈川県,秦野市,161376,6126,6873,7147,7703,8467,8067,9213,10937,12626,10908,9700,9631,12362,13820,11167,7274,4871,2884,1230,329,41,9355,80971,3139,3488,3580,3971,4494,4265,4830,5734,6641,5847,4986,4802,6022,6830,5529,3473,2037,948,286,62,7,3340,80405,2987,3385,3567,3732,3973,3802,4383,5203,5985,5061,4714,4829,6340,6990,5638,3801,2834,1936,944,267,34,6015
2015,2015-01-01,14212,142123,神奈川県,厚木市,219761,8923,9752,10405,10938,11611,12244,13682,16296,19481,16582,13141,12153,15019,16637,13797,8896,5519,3049,1266,304,66,10204,113616,4585,5067,5303,5618,6337,6913,7445,8789,10614,9064,7036,6339,7319,8187,6809,4304,2379,1113,325,57,13,3887,106145,4338,4685,5102,5320,5274,5331,6237,7507,8867,7518,6105,5814,7700,8450,6988,4592,3140,1936,941,247,53,6317
2015,2015-01-01,14213,142131,神奈川県,大和市,227953,10089,9760,9944,10571,11153,13091,15259,17547,20763,18193,14566,12183,13658,15580,14485,9927,6099,3287,1362,364,72,11184,114993,5062,5058,5082,5281,5727,6742,7953,9295,11052,9588,7799,6421,6863,7366,6783,4809,2506,1174,343,76,13,4112,112960,5027,4702,4862,5290,5426,6349,7306,8252,9711,8605,6767,5762,6795,8214,7702,5118,3593,2113,1019,288,59,7072
2015,2015-01-01,14214,142140,神奈川県,伊勢原市,98033,4002,4173,4610,4796,5161,5521,6038,6958,8213,7372,6118,5331,6436,7133,6347,4373,2781,1685,738,222,25,5451,49696,2040,2120,2359,2487,2705,2940,3221,3661,4341,3955,3221,2764,3188,3494,3068,2059,1251,577,200,42,3,2073,48337,1962,2053,2251,2309,2456,2581,2817,3297,3872,3417,2897,2567,3248,3639,3279,2314,1530,1108,538,180,22,3378
2015,2015-01-01,14215,142158,神奈川県,海老名市,127961,5552,6079,6304,6001,5834,6759,8113,9835,11752,9840,7715,6893,8393,9338,8167,5503,3255,1747,659,186,36,5883,64665,2847,3119,3219,3055,3036,3596,4253,5062,6160,5262,4024,3459,4128,4554,3938,2736,1403,603,167,38,6,2217,63296,2705,2960,3085,2946,2798,3163,3860,4773,5592,4578,3691,3434,4265,4784,4229,2767,1852,1144,492,148,30,3666
2015,2015-01-01,14216,142166,神奈川県,座間市,127434,5012,5362,5491,6278,6496,6648,7526,9377,11413,10237,8425,7188,8352,9306,8304,5909,3438,1688,746,193,45,6110,64512,2495,2777,2857,3308,3341,3431,3987,4948,6102,5413,4452,3731,4204,4480,3877,2865,1479,571,167,23,4,2244,62922,2517,2585,2634,2970,3155,3217,3539,4429,5311,4824,3973,3457,4148,4826,4427,3044,1959,1117,579,170,41,3866
2015,2015-01-01,14217,142174,神奈川県,南足柄市,43686,1647,1810,2056,2238,1955,1960,2301,2704,3369,3059,2579,2488,3156,3580,3240,2427,1705,898,382,117,15,3117,21601,834,935,1065,1171,970,1063,1210,1392,1792,1542,1314,1286,1527,1696,1514,1136,716,306,106,24,2,1154,22085,813,875,991,1067,985,897,1091,1312,1577,1517,1265,1202,1629,1884,1726,1291,989,592,276,93,13,1963
2015,2015-01-01,14218,142182,神奈川県,綾瀬市,82593,3733,3951,4096,3961,3725,4026,4828,6095,7477,5937,4351,4119,5396,6641,6275,4106,2223,1059,436,138,20,3876,42106,1892,2030,2025,2048,1952,2128,2546,3284,4018,3270,2414,2080,2670,3089,3051,2115,996,372,99,24,3,1494,40487,1841,1921,2071,1913,1773,1898,2282,2811,3459,2667,1937,2039,2726,3552,3224,1991,1227,687,337,114,17,2382
2015,2015-01-01,14300,143006,神奈川県,三浦郡,33290,1276,1532,1687,1504,1201,939,1345,2080,2953,2796,2139,1774,2071,2726,2536,1895,1360,944,376,129,27,2836,15757,656,795,870,776,574,465,609,967,1381,1377,1119,876,979,1214,1165,872,600,338,100,22,2,1062,17533,620,737,817,728,627,474,736,1113,1572,1419,1020,898,1092,1512,1371,1023,760,606,276,107,25,1774
2015,2015-01-01,14301,143014,神奈川県,三浦郡葉山町,33290,1276,1532,1687,1504,1201,939,1345,2080,2953,2796,2139,1774,2071,2726,2536,1895,1360,944,376,129,27,2836,15757,656,795,870,776,574,465,609,967,1381,1377,1119,876,979,1214,1165,872,600,338,100,22,2,1062,17533,620,737,817,728,627,474,736,1113,1572,1419,1020,898,1092,1512,1371,1023,760,606,276,107,25,1774
2015,2015-01-01,14320,143201,神奈川県,高座郡,47479,2036,2172,2311,2168,2374,2533,2806,3554,3971,3155,2771,2678,3473,3693,3248,2174,1292,696,274,86,14,2362,24127,1034,1148,1176,1109,1238,1376,1460,1871,2161,1670,1455,1347,1719,1797,1594,1090,559,250,61,9,3,882,23352,1002,1024,1135,1059,1136,1157,1346,1683,1810,1485,1316,1331,1754,1896,1654,1084,733,446,213,77,11,1480
2015,2015-01-01,14321,143219,神奈川県,高座郡寒川町,47479,2036,2172,2311,2168,2374,2533,2806,3554,3971,3155,2771,2678,3473,3693,3248,2174,1292,696,274,86,14,2362,24127,1034,1148,1176,1109,1238,1376,1460,1871,2161,1670,1455,1347,1719,1797,1594,1090,559,250,61,9,3,882,23352,1002,1024,1135,1059,1136,1157,1346,1683,1810,1485,1316,1331,1754,1896,1654,1084,733,446,213,77,11,1480
2015,2015-01-01,14340,143405,神奈川県,中郡,62229,1976,2404,2719,2886,2627,2442,2862,3667,4695,4469,3875,3777,4463,5539,4916,3717,2649,1607,699,206,34,5195,30359,1008,1202,1402,1470,1324,1200,1467,1900,2374,2346,1976,1859,2134,2646,2387,1733,1134,579,173,40,5,1931,31870,968,1202,1317,1416,1303,1242,1395,1767,2321,2123,1899,1918,2329,2893,2529,1984,1515,1028,526,166,29,3264
2015,2015-01-01,14341,143413,神奈川県,中郡大磯町,32904,1098,1331,1478,1449,1303,1254,1525,1976,2569,2359,2000,1989,2432,2988,2549,1918,1350,807,388,123,18,2686,16102,551,666,766,728,674,630,781,1011,1303,1257,1048,956,1164,1435,1248,894,571,299,94,23,3,990,16802,547,665,712,721,629,624,744,965,1266,1102,952,1033,1268,1553,1301,1024,779,508,294,100,15,1696
2015,2015-01-01,14342,143421,神奈川県,中郡二宮町,29325,878,1073,1241,1437,1324,1188,1337,1691,2126,2110,1875,1788,2031,2551,2367,1799,1299,800,311,83,16,2509,14257,457,536,636,742,650,570,686,889,1071,1089,928,903,970,1211,1139,839,563,280,79,17,2,941,15068,421,537,605,695,674,618,651,802,1055,1021,947,885,1061,1340,1228,960,736,520,232,66,14,1568
2015,2015-01-01,14360,143600,神奈川県,足柄上郡,66344,2332,2862,3256,3333,2887,2888,3429,4314,5222,4573,3943,3975,4973,5481,4729,3333,2479,1467,650,184,34,4814,32944,1173,1452,1674,1761,1493,1507,1791,2261,2718,2408,2005,2057,2427,2675,2254,1522,1055,513,164,29,5,1766,33400,1159,1410,1582,1572,1394,1381,1638,2053,2504,2165,1938,1918,2546,2806,2475,1811,1424,954,486,155,29,3048
2015,2015-01-01,14361,143618,神奈川県,足柄上郡中井町,9545,249,390,451,477,373,388,466,626,749,603,518,600,813,948,755,476,330,200,97,34,2,663,4803,125,186,253,255,193,199,259,337,391,334,257,309,369,490,373,230,150,68,23,2,0,243,4742,124,204,198,222,180,189,207,289,358,269,261,291,444,458,382,246,180,132,74,32,2,420
2015,2015-01-01,14362,143626,神奈川県,足柄上郡大井町,17325,638,842,991,979,788,719,893,1260,1535,1238,1052,882,1187,1379,1185,771,526,294,120,38,8,986,8682,317,432,504,526,413,372,448,658,808,644,548,478,565,656,574,348,245,107,34,3,2,391,8643,321,410,487,453,375,347,445,602,727,594,504,404,622,723,611,423,281,187,86,35,6,595
2015,2015-01-01,14363,143634,神奈川県,足柄上郡松田町,11464,328,371,460,536,497,567,568,640,804,793,750,752,879,964,873,687,522,304,126,36,7,995,5691,167,187,244,291,245,301,308,343,443,413,380,382,466,454,401,304,211,114,28,8,1,362,5773,161,184,216,245,252,266,260,297,361,380,370,370,413,510,472,383,311,190,98,28,6,633
2015,2015-01-01,14364,143642,神奈川県,足柄上郡山北町,11340,323,343,420,510,509,491,526,564,644,639,668,844,1058,1077,807,688,602,394,180,42,11,1229,5539,164,178,217,256,270,264,283,294,320,334,334,430,535,542,392,309,235,128,43,9,2,417,5801,159,165,203,254,239,227,243,270,324,305,334,414,523,535,415,379,367,266,137,33,9,812
2015,2015-01-01,14366,143669,神奈川県,足柄上郡開成町,16670,794,916,934,831,720,723,976,1224,1490,1300,955,897,1036,1113,1109,711,499,275,127,34,6,941,8229,400,469,456,433,372,371,493,629,756,683,486,458,492,533,514,331,214,96,36,7,0,353,8441,394,447,478,398,348,352,483,595,734,617,469,439,544,580,595,380,285,179,91,27,6,588
2015,2015-01-01,14380,143804,神奈川県,足柄下郡,46279,1144,1320,1663,1922,2184,1834,1817,2203,2959,2924,2852,3079,3828,4542,4210,3190,2349,1435,606,183,35,4608,21828,588,677,841,946,1056,938,944,1145,1560,1455,1477,1515,1849,2129,1899,1331,878,443,126,30,1,1478,24451,556,643,822,976,1128,896,873,1058,1399,1469,1375,1564,1979,2413,2311,1859,1471,992,480,153,34,3130
2015,2015-01-01,14382,143821,神奈川県,足柄下郡箱根町,12281,267,334,401,469,775,645,534,560,767,711,720,851,1043,1235,1027,778,578,376,155,43,12,1164,5912,136,166,198,225,360,349,301,312,415,377,376,418,526,583,484,314,226,114,25,6,1,372,6369,131,168,203,244,415,296,233,248,352,334,344,433,517,652,543,464,352,262,130,37,11,792
2015,2015-01-01,14383,143839,神奈川県,足柄下郡真鶴町,7833,173,178,260,323,325,281,293,312,464,533,533,572,680,764,755,544,428,261,116,34,4,843,3674,89,86,134,150,168,133,169,165,240,249,256,276,349,364,342,235,157,79,28,5,0,269,4159,84,92,126,173,157,148,124,147,224,284,277,296,331,400,413,309,271,182,88,29,4,574
2015,2015-01-01,14384,143847,神奈川県,足柄下郡湯河原町,26165,704,808,1002,1130,1084,908,990,1331,1728,1680,1599,1656,2105,2543,2428,1868,1343,798,335,106,19,2601,12242,363,425,509,571,528,456,474,668,905,829,845,821,974,1182,1073,782,495,250,73,19,0,837,13923,341,383,493,559,556,452,516,663,823,851,754,835,1131,1361,1355,1086,848,548,262,87,19,1764
2015,2015-01-01,14400,144002,神奈川県,愛甲郡,42348,1333,1692,1982,2134,2079,1962,2175,2595,3327,2879,2502,2871,3604,3765,3075,2046,1246,697,291,82,11,2327,22053,701,854,1051,1126,1131,1095,1186,1404,1865,1594,1311,1536,1846,1898,1540,1001,553,252,90,17,2,914,20295,632,838,931,1008,948,867,989,1191,1462,1285,1191,1335,1758,1867,1535,1045,693,445,201,65,9,1413
2015,2015-01-01,14401,144011,神奈川県,愛甲郡愛川町,39287,1250,1572,1859,2020,1952,1833,2016,2418,3097,2696,2319,2623,3313,3471,2854,1888,1144,615,260,77,10,2106,20469,659,797,975,1062,1066,1025,1099,1304,1733,1495,1221,1394,1703,1746,1436,920,506,229,81,16,2,834,18818,591,775,884,958,886,808,917,1114,1364,1201,1098,1229,1610,1725,1418,968,638,386,179,61,8,1272
2015,2015-01-01,14402,144029,神奈川県,愛甲郡清川村,3061,83,120,123,114,127,129,159,177,230,183,183,248,291,294,221,158,102,82,31,5,1,221,1584,42,57,76,64,65,70,87,100,132,99,90,142,143,152,104,81,47,23,9,1,0,80,1477,41,63,47,50,62,59,72,77,98,84,93,106,148,142,117,77,55,59,22,4,1,141
2015,2015-01-01,15000,150002,新潟県,,2324312,86739,93352,102592,110930,104676,109743,123812,146603,157144,143353,140157,152262,180565,175170,143251,127229,108780,74694,33027,8820,1412,226733,1128198,44489,47987,52611,56616,54275,56839,63689,75507,80731,72749,70877,76889,89932,86769,66824,55351,42327,24318,7616,1609,193,76063,1196114,42250,45365,49981,54314,50401,52904,60123,71096,76413,70604,69280,75373,90633,88401,76427,71878,66453,50376,25411,7211,1219,150670
2015,2015-01-01,15100,151009,新潟県,新潟市,799728,31626,33272,35174,37417,37897,41147,46455,55457,59871,52752,48707,50362,58923,59188,47254,39505,31768,20844,9074,2634,401,64721,385157,16180,17058,18039,19034,19123,20724,23216,28077,30288,26281,24186,24963,28800,28536,21909,17121,12290,6744,2058,469,61,21622,414571,15446,16214,17135,18383,18774,20423,23239,27380,29583,26471,24521,25399,30123,30652,25345,22384,19478,14100,7016,2165,340,43099
2015,2015-01-01,15101,151017,新潟県,新潟市北区,76088,2860,3220,3415,3960,3806,3763,4139,5017,5154,4719,4566,5001,6315,6102,4600,3705,2830,1850,803,232,31,5746,37085,1483,1722,1726,2066,1881,1953,2072,2596,2650,2329,2309,2465,3146,2965,2216,1658,1060,576,173,35,4,1848,39003,1377,1498,1689,1894,1925,1810,2067,2421,2504,2390,2257,2536,3169,3137,2384,2047,1770,1274,630,197,27,3898
2015,2015-01-01,15102,151025,新潟県,新潟市東区,138311,5673,5822,6172,6528,6450,7329,8321,9784,11029,9416,8017,8072,9910,10258,8528,6864,5237,3163,1284,410,44,10138,66864,2944,2980,3151,3290,3222,3701,4125,4929,5679,4746,4033,3943,4773,4935,3961,2978,2073,1040,281,73,7,3474,71447,2729,2842,3021,3238,3228,3628,4196,4855,5350,4670,3984,4129,5137,5323,4567,3886,3164,2123,1003,337,37,6664
2015,2015-01-01,15103,151033,新潟県,新潟市中央区,175259,7125,6943,7076,7427,8465,9963,10860,12846,14361,12881,11445,10439,11258,12234,9810,8165,6784,4445,2037,593,102,13961,83270,3675,3572,3646,3821,4149,4977,5303,6333,7098,6375,5694,5205,5372,5682,4340,3356,2602,1451,485,116,18,4672,91989,3450,3371,3430,3606,4316,4986,5557,6513,7263,6506,5751,5234,5886,6552,5470,4809,4182,2994,1552,477,84,9289
2015,2015-01-01,15104,151041,新潟県,新潟市江南区,69054,2879,3211,3220,3225,2888,3517,4027,5157,5183,4160,3802,4337,5344,5292,4171,3295,2529,1696,824,251,46,5346,33480,1448,1642,1677,1624,1444,1750,2045,2669,2671,2108,1882,2140,2615,2643,1976,1476,959,504,165,33,9,1670,35574,1431,1569,1543,1601,1444,1767,1982,2488,2512,2052,1920,2197,2729,2649,2195,1819,1570,1192,659,218,37,3676
2015,2015-01-01,15105,151050,新潟県,新潟市秋葉区,77880,2901,3375,3630,3632,3366,3620,4216,5279,5433,4712,4591,5049,6106,5777,4699,4125,3473,2466,1100,289,41,7369,37375,1493,1716,1838,1836,1708,1784,2126,2675,2715,2348,2256,2536,3065,2818,2171,1814,1290,846,281,52,7,2476,40505,1408,1659,1792,1796,1658,1836,2090,2604,2718,2364,2335,2513,3041,2959,2528,2311,2183,1620,819,237,34,4893
2015,2015-01-01,15106,151068,新潟県,新潟市南区,46384,1776,1809,1982,2276,2394,2434,2699,3004,2970,2883,3065,3438,3663,3237,2321,2368,1881,1400,589,172,23,4065,22576,863,898,1021,1118,1250,1258,1445,1559,1530,1467,1491,1745,1862,1647,1101,1019,694,432,138,34,4,1302,23808,913,911,961,1158,1144,1176,1254,1445,1440,1416,1574,1693,1801,1590,1220,1349,1187,968,451,138,19,2763
2015,2015-01-01,15107,151076,新潟県,新潟市西区,156978,6454,6719,7073,7373,7726,7663,9069,10972,11863,10339,9378,9532,11360,11684,9684,7688,6264,3949,1650,455,83,12401,75612,3273,3385,3653,3771,4052,3834,4491,5577,5955,5121,4573,4647,5449,5526,4526,3418,2556,1340,377,79,9,4361,81366,3181,3334,3420,3602,3674,3829,4578,5395,5908,5218,4805,4885,5911,6158,5158,4270,3708,2609,1273,376,74,8040
2015,2015-01-01,15108,151084,新潟県,新潟市西蒲区,59774,1958,2173,2606,2996,2802,2858,3124,3398,3878,3642,3843,4494,4967,4604,3441,3295,2770,1875,787,232,31,5695,28895,1001,1143,1327,1508,1417,1467,1609,1739,1990,1787,1948,2282,2518,2320,1618,1402,1056,555,158,47,3,1819,30879,957,1030,1279,1488,1385,1391,1515,1659,1888,1855,1895,2212,2449,2284,1823,1893,1714,1320,629,185,28,3876
2015,2015-01-01,15202,152021,新潟県,長岡市,276901,10908,11780,12598,13351,12543,13169,15363,18008,19399,17046,16466,17591,21184,20240,16652,14503,12380,8791,3803,971,155,26100,135289,5618,5977,6350,6805,6676,6841,7979,9338,10105,8703,8303,8843,10457,10091,7795,6350,4881,3074,898,180,25,9058,141612,5290,5803,6248,6546,5867,6328,7384,8670,9294,8343,8163,8748,10727,10149,8857,8153,7499,5717,2905,791,130,17042
2015,2015-01-01,15204,152048,新潟県,三条市,101358,3772,4097,4517,4991,4630,4715,5351,6376,6958,6232,6224,6713,7867,7639,6369,5761,4602,2951,1222,322,49,9146,49331,1972,2074,2309,2489,2407,2424,2737,3263,3551,3190,3117,3382,3912,3797,2960,2541,1833,983,326,62,2,3206,52027,1800,2023,2208,2502,2223,2291,2614,3113,3407,3042,3107,3331,3955,3842,3409,3220,2769,1968,896,260,47,5940
2015,2015-01-01,15205,152056,新潟県,柏崎市,87592,3090,3280,3757,4006,3736,4112,4380,5202,5722,5205,5640,6031,6905,6805,5472,4873,4437,3149,1403,337,49,9375,43210,1562,1720,1959,2052,2003,2277,2385,2762,2969,2726,2890,3104,3519,3425,2601,2106,1686,1052,342,66,4,3150,44382,1528,1560,1798,1954,1733,1835,1995,2440,2753,2479,2750,2927,3386,3380,2871,2767,2751,2097,1061,271,45,6225
2015,2015-01-01,15206,152064,新潟県,新発田市,100538,3857,3936,4316,4751,4917,5177,5413,6124,6327,5928,6200,7006,8039,7429,5780,5463,4915,3298,1296,318,48,9875,48700,1940,2023,2163,2499,2585,2731,2856,3191,3255,3035,3082,3573,3968,3720,2611,2288,1814,1039,271,50,6,3180,51838,1917,1913,2153,2252,2332,2446,2557,2933,3072,2893,3118,3433,4071,3709,3169,3175,3101,2259,1025,268,42,6695
2015,2015-01-01,15208,152081,新潟県,小千谷市,37455,1333,1565,1638,1826,1567,1655,1933,2296,2363,2287,2073,2423,3006,2919,2430,2159,1844,1300,638,165,35,3982,18579,693,797,870,953,822,898,1011,1252,1257,1217,1065,1210,1509,1474,1136,991,795,437,152,37,3,1424,18876,640,768,768,873,745,757,922,1044,1106,1070,1008,1213,1497,1445,1294,1168,1049,863,486,128,32,2558
2015,2015-01-01,15209,152099,新潟県,加茂市,29130,879,964,1198,1435,1286,1206,1402,1612,1761,1733,1806,2110,2389,2396,1994,1794,1534,1044,453,119,15,3165,14100,472,488,623,747,681,641,712,842,904,889,889,1081,1226,1166,930,756,619,315,95,21,3,1053,15030,407,476,575,688,605,565,690,770,857,844,917,1029,1163,1230,1064,1038,915,729,358,98,12,2112
2015,2015-01-01,15210,152102,新潟県,十日町市,56841,1941,2129,2403,2658,2137,2079,2494,3042,3296,3165,3127,3896,4872,4453,3998,3742,3438,2426,1162,328,55,7409,27834,978,1107,1255,1338,1153,1077,1307,1610,1725,1691,1652,2018,2454,2245,1928,1667,1453,814,288,70,4,2629,29007,963,1022,1148,1320,984,1002,1187,1432,1571,1474,1475,1878,2418,2208,2070,2075,1985,1612,874,258,51,4780
2015,2015-01-01,15211,152111,新潟県,見附市,41609,1507,1605,1866,1944,1866,2025,2146,2633,2774,2522,2656,2851,3190,3209,2625,2376,1902,1254,524,119,15,3814,20176,755,795,994,964,922,1039,1119,1334,1425,1256,1343,1434,1572,1595,1220,1063,783,417,122,23,1,1346,21433,752,810,872,980,944,986,1027,1299,1349,1266,1313,1417,1618,1614,1405,1313,1119,837,402,96,14,2468
2015,2015-01-01,15212,152129,新潟県,村上市,64368,1964,2180,2742,3091,2706,2404,2801,3451,3748,3785,3743,4303,5468,5227,4482,4309,3935,2489,1175,322,43,7964,30926,1018,1131,1422,1591,1424,1288,1513,1816,1950,1900,1929,2181,2722,2582,2049,1842,1469,771,258,66,4,2568,33442,946,1049,1320,1500,1282,1116,1288,1635,1798,1885,1814,2122,2746,2645,2433,2467,2466,1718,917,256,39,5396
2015,2015-01-01,15213,152137,新潟県,燕市,81858,3092,3400,3742,4005,3770,3997,4425,5305,5987,5412,5073,5075,6073,6004,5259,4632,3257,2153,920,237,40,6607,39887,1537,1724,1911,2037,1960,2037,2249,2740,3061,2718,2619,2642,2975,2890,2464,2099,1260,721,194,46,3,2224,41971,1555,1676,1831,1968,1810,1960,2176,2565,2926,2694,2454,2433,3098,3114,2795,2533,1997,1432,726,191,37,4383
2015,2015-01-01,15216,152161,新潟県,糸魚川市,45540,1426,1653,1880,1988,1659,1761,1915,2364,2627,2659,2514,2984,3673,3846,3408,3215,2798,1981,912,239,38,5968,22167,739,866,942,1039,898,988,1012,1276,1347,1391,1333,1541,1845,1875,1617,1436,1089,639,246,46,2,2022,23373,687,787,938,949,761,773,903,1088,1280,1268,1181,1443,1828,1971,1791,1779,1709,1342,666,193,36,3946
2015,2015-01-01,15217,152170,新潟県,妙高市,34387,1132,1237,1516,1663,1510,1476,1567,1816,2020,2047,2260,2282,2777,2678,2166,2098,1942,1390,627,161,22,4142,16764,599,631,787,881,803,767,826,964,1059,1019,1175,1179,1395,1387,1026,887,754,453,135,32,5,1379,17623,533,606,729,782,707,709,741,852,961,1028,1085,1103,1382,1291,1140,1211,1188,937,492,129,17,2763
2015,2015-01-01,15218,152188,新潟県,五泉市,53300,1683,1929,2387,2512,2301,2373,2727,3217,3209,3190,3219,3499,4382,4302,3436,3222,2706,1860,893,217,36,5712,25585,874,1015,1188,1271,1160,1230,1400,1678,1685,1655,1633,1738,2174,2156,1579,1348,990,580,191,37,3,1801,27715,809,914,1199,1241,1141,1143,1327,1539,1524,1535,1586,1761,2208,2146,1857,1874,1716,1280,702,180,33,3911
2015,2015-01-01,15222,152226,新潟県,上越市,199172,7811,8494,9360,9942,8786,9121,10353,12272,13201,12113,11796,12894,15302,15012,12154,10638,9389,6564,3046,781,143,19923,97352,4064,4354,4879,5071,4610,4804,5420,6346,6874,6210,5998,6541,7681,7588,5740,4611,3705,2043,661,132,20,6561,101820,3747,4140,4481,4871,4176,4317,4933,5926,6327,5903,5798,6353,7621,7424,6414,6027,5684,4521,2385,649,123,13362
2015,2015-01-01,15223,152234,新潟県,阿賀野市,44572,1531,1701,1986,2229,2114,2173,2367,2705,2668,2480,2757,3241,3919,3223,2462,2355,2173,1616,664,186,22,4661,21626,764,919,1023,1132,1102,1101,1235,1434,1382,1253,1369,1641,2048,1605,1170,997,804,490,131,25,1,1451,22946,767,782,963,1097,1012,1072,1132,1271,1286,1227,1388,1600,1871,1618,1292,1358,1369,1126,533,161,21,3210
2015,2015-01-01,15224,152242,新潟県,佐渡市,59387,1852,2076,2275,2616,2045,2046,2404,2874,2865,3019,3474,4034,4604,5044,4252,4508,4489,3096,1366,374,74,9399,28487,984,1113,1153,1307,1063,1094,1284,1470,1512,1573,1819,2096,2394,2597,1934,1864,1758,1036,347,75,14,3230,30900,868,963,1122,1309,982,952,1120,1404,1353,1446,1655,1938,2210,2447,2318,2644,2731,2060,1019,299,60,6169
2015,2015-01-01,15225,152251,新潟県,魚沼市,38732,1181,1467,1766,1930,1605,1581,1889,2114,2141,2142,2305,2952,3408,2785,2435,2301,2095,1655,739,204,37,4730,18969,601,759,864,991,896,834,986,1136,1087,1081,1207,1518,1762,1478,1141,1044,824,545,172,36,7,1584,19763,580,708,902,939,709,747,903,978,1054,1061,1098,1434,1646,1307,1294,1257,1271,1110,567,168,30,3146
2015,2015-01-01,15226,152269,新潟県,南魚沼市,58883,2412,2506,2714,3065,2602,2565,3190,3587,3525,3189,3461,4157,5082,4148,3249,2982,2879,2195,1063,268,44,6449,28872,1219,1297,1433,1557,1327,1393,1673,1790,1796,1594,1791,2130,2616,2119,1567,1364,1142,716,278,63,7,2206,30011,1193,1209,1281,1508,1275,1172,1517,1797,1729,1595,1670,2027,2466,2029,1682,1618,1737,1479,785,205,37,4243
2015,2015-01-01,15227,152277,新潟県,胎内市,30748,1072,1149,1320,1425,1342,1449,1487,1786,1852,1812,1808,2155,2591,2443,2075,1692,1566,1148,445,116,15,3290,14937,543,615,642,730,730,756,784,909,967,920,911,1105,1289,1243,1025,741,603,332,73,15,4,1027,15811,529,534,678,695,612,693,703,877,885,892,897,1050,1302,1200,1050,951,963,816,372,101,11,2263
2015,2015-01-01,15300,153001,新潟県,北蒲原郡,14235,723,689,695,941,808,801,877,926,938,900,806,900,1011,905,668,588,500,374,139,43,3,1059,7099,372,372,387,522,440,407,456,484,475,490,428,455,517,449,299,251,165,102,24,3,1,295,7136,351,317,308,419,368,394,421,442,463,410,378,445,494,456,369,337,335,272,115,40,2,764
2015,2015-01-01,15307,153079,新潟県,北蒲原郡聖籠町,14235,723,689,695,941,808,801,877,926,938,900,806,900,1011,905,668,588,500,374,139,43,3,1059,7099,372,372,387,522,440,407,456,484,475,490,428,455,517,449,299,251,165,102,24,3,1,295,7136,351,317,308,419,368,394,421,442,463,410,378,445,494,456,369,337,335,272,115,40,2,764
2015,2015-01-01,15340,153401,新潟県,西蒲原郡,8475,318,382,424,401,370,357,433,591,637,526,500,543,722,645,483,421,353,244,93,26,6,722,4113,165,200,201,182,201,185,223,300,328,280,264,265,362,321,214,194,131,75,17,4,1,228,4362,153,182,223,219,169,172,210,291,309,246,236,278,360,324,269,227,222,169,76,22,5,494
2015,2015-01-01,15342,153427,新潟県,西蒲原郡弥彦村,8475,318,382,424,401,370,357,433,591,637,526,500,543,722,645,483,421,353,244,93,26,6,722,4113,165,200,201,182,201,185,223,300,328,280,264,265,362,321,214,194,131,75,17,4,1,228,4362,153,182,223,219,169,172,210,291,309,246,236,278,360,324,269,227,222,169,76,22,5,494
2015,2015-01-01,15360,153605,新潟県,南蒲原郡,12463,379,430,513,622,593,554,550,734,829,751,727,876,1127,1068,842,671,562,392,196,38,9,1197,6055,197,220,273,320,294,293,291,381,431,378,361,443,568,524,408,296,201,118,50,5,3,377,6408,182,210,240,302,299,261,259,353,398,373,366,433,559,544,434,375,361,274,146,33,6,820
2015,2015-01-01,15361,153613,新潟県,南蒲原郡田上町,12463,379,430,513,622,593,554,550,734,829,751,727,876,1127,1068,842,671,562,392,196,38,9,1197,6055,197,220,273,320,294,293,291,381,431,378,361,443,568,524,408,296,201,118,50,5,3,377,6408,182,210,240,302,299,261,259,353,398,373,366,433,559,544,434,375,361,274,146,33,6,820
2015,2015-01-01,15380,153800,新潟県,東蒲原郡,12478,238,323,472,532,400,415,387,500,572,613,748,816,1072,1000,982,1180,1057,726,348,81,16,2228,6024,122,177,253,261,208,240,206,253,298,316,442,446,585,551,413,517,396,230,95,15,0,736,6454,116,146,219,271,192,175,181,247,274,297,306,370,487,449,569,663,661,496,253,66,16,1492
2015,2015-01-01,15385,153851,新潟県,東蒲原郡阿賀町,12478,238,323,472,532,400,415,387,500,572,613,748,816,1072,1000,982,1180,1057,726,348,81,16,2228,6024,122,177,253,261,208,240,206,253,298,316,442,446,585,551,413,517,396,230,95,15,0,736,6454,116,146,219,271,192,175,181,247,274,297,306,370,487,449,569,663,661,496,253,66,16,1492
2015,2015-01-01,15400,154008,新潟県,三島郡,4729,117,153,156,168,199,194,191,223,214,245,289,325,390,390,320,339,355,289,125,40,7,816,2241,46,74,87,80,98,111,97,128,114,122,149,183,201,206,153,137,126,98,24,6,1,255,2488,71,79,69,88,101,83,94,95,100,123,140,142,189,184,167,202,229,191,101,34,6,561
2015,2015-01-01,15405,154059,新潟県,三島郡出雲崎町,4729,117,153,156,168,199,194,191,223,214,245,289,325,390,390,320,339,355,289,125,40,7,816,2241,46,74,87,80,98,111,97,128,114,122,149,183,201,206,153,137,126,98,24,6,1,255,2488,71,79,69,88,101,83,94,95,100,123,140,142,189,184,167,202,229,191,101,34,6,561
2015,2015-01-01,15460,154601,新潟県,南魚沼郡,8167,229,266,296,392,364,291,354,433,530,500,477,577,743,682,621,485,438,322,129,34,4,927,4106,118,136,145,202,189,151,185,225,300,271,245,322,392,375,295,219,179,127,27,2,1,336,4061,111,130,151,190,175,140,169,208,230,229,232,255,351,307,326,266,259,195,102,32,3,591
2015,2015-01-01,15461,154610,新潟県,南魚沼郡湯沢町,8167,229,266,296,392,364,291,354,433,530,500,477,577,743,682,621,485,438,322,129,34,4,927,4106,118,136,145,202,189,151,185,225,300,271,245,322,392,375,295,219,179,127,27,2,1,336,4061,111,130,151,190,175,140,169,208,230,229,232,255,351,307,326,266,259,195,102,32,3,591
2015,2015-01-01,15480,154806,新潟県,中魚沼郡,10370,290,306,413,507,413,425,421,414,484,534,602,820,895,654,656,697,724,647,349,100,19,1839,5056,152,153,227,264,233,238,229,217,261,275,327,415,488,344,312,320,283,213,88,13,4,601,5314,138,153,186,243,180,187,192,197,223,259,275,405,407,310,344,377,441,434,261,87,15,1238
2015,2015-01-01,15482,154822,新潟県,中魚沼郡津南町,10370,290,306,413,507,413,425,421,414,484,534,602,820,895,654,656,697,724,647,349,100,19,1839,5056,152,153,227,264,233,238,229,217,261,275,327,415,488,344,312,320,283,213,88,13,4,601,5314,138,153,186,243,180,187,192,197,223,259,275,405,407,310,344,377,441,434,261,87,15,1238
2015,2015-01-01,15500,155004,新潟県,刈羽郡,4780,200,184,205,211,229,234,297,265,292,240,303,352,412,349,271,252,238,151,75,15,5,484,2439,113,91,103,126,126,137,160,147,158,127,159,170,209,190,126,119,100,51,21,4,2,178,2341,87,93,102,85,103,97,137,118,134,113,144,182,203,159,145,133,138,100,54,11,3,306
2015,2015-01-01,15504,155047,新潟県,刈羽郡刈羽村,4780,200,184,205,211,229,234,297,265,292,240,303,352,412,349,271,252,238,151,75,15,5,484,2439,113,91,103,126,126,137,160,147,158,127,159,170,209,190,126,119,100,51,21,4,2,178,2341,87,93,102,85,103,97,137,118,134,113,144,182,203,159,145,133,138,100,54,11,3,306
2015,2015-01-01,15580,155802,新潟県,岩船郡,6516,176,199,263,311,281,241,240,276,334,326,396,494,539,487,456,468,504,345,148,25,7,1029,3117,92,101,129,171,141,133,138,144,167,188,191,270,292,240,202,182,194,103,32,6,1,336,3399,84,98,134,140,140,108,102,132,167,138,205,224,247,247,254,286,310,242,116,19,6,693
2015,2015-01-01,15581,155811,新潟県,岩船郡関川村,6160,168,193,247,299,266,231,231,264,321,314,371,469,505,466,420,437,464,325,138,24,7,958,2951,88,99,123,162,135,129,134,136,158,180,177,259,270,228,187,169,181,98,31,6,1,317,3209,80,94,124,137,131,102,97,128,163,134,194,210,235,238,233,268,283,227,107,18,6,641
2015,2015-01-01,15586,155861,新潟県,岩船郡粟島浦村,356,8,6,16,12,15,10,9,12,13,12,25,25,34,21,36,31,40,20,10,1,0,71,166,4,2,6,9,6,4,4,8,9,8,14,11,22,12,15,13,13,5,1,0,0,19,190,4,4,10,3,9,6,5,4,4,4,11,14,12,9,21,18,27,15,9,1,0,52
2015,2015-01-01,16000,160008,富山県,,1072631,39270,44032,49210,50398,46327,48445,55197,69190,81653,67105,62596,63879,77569,89057,72860,56170,48647,32009,14337,3960,720,99673,518737,20318,22640,25328,25697,23921,25304,28930,36045,42127,34041,31245,31357,37803,43156,33723,24006,18444,10392,3446,717,97,33096,553894,18952,21392,23882,24701,22406,23141,26267,33145,39526,33064,31351,32522,39766,45901,39137,32164,30203,21617,10891,3243,623,66577
2015,2015-01-01,16201,162019,富山県,富山市,414723,16482,17740,19385,19586,18436,19948,22784,28286,33076,27114,24465,24009,28692,32483,27403,20497,16990,10999,4854,1265,229,34337,201322,8501,9053,9994,10058,9480,10385,11893,14650,16938,13811,12265,11766,13994,15519,12603,8929,6480,3591,1157,225,30,11483,213401,7981,8687,9391,9528,8956,9563,10891,13636,16138,13303,12200,12243,14698,16964,14800,11568,10510,7408,3697,1040,199,22854
2015,2015-01-01,16202,162027,富山県,高岡市,173186,5998,6580,7403,7975,7403,7674,8720,10712,13180,10885,10070,10244,12549,15442,12564,9445,7956,5101,2449,710,126,16342,83502,3104,3411,3852,4024,3787,3992,4499,5604,6939,5522,5025,4963,5988,7499,5843,4030,3035,1661,573,129,22,5420,89684,2894,3169,3551,3951,3616,3682,4221,5108,6241,5363,5045,5281,6561,7943,6721,5415,4921,3440,1876,581,104,10922
2015,2015-01-01,16204,162043,富山県,魚津市,43232,1454,1705,1959,1972,1839,1837,2142,2698,3333,2799,2452,2446,3155,3691,3139,2429,2093,1309,595,153,32,4182,20966,701,873,1029,1048,969,993,1151,1415,1746,1446,1250,1215,1546,1758,1454,1016,799,407,125,21,4,1356,22266,753,832,930,924,870,844,991,1283,1587,1353,1202,1231,1609,1933,1685,1413,1294,902,470,132,28,2826
2015,2015-01-01,16205,162051,富山県,氷見市,50180,1418,1708,2078,2184,2006,2001,2242,2796,3349,2815,2868,3342,4089,4730,3550,3052,2957,1976,785,211,23,5952,24053,751,856,1095,1073,1048,1098,1191,1507,1748,1426,1352,1668,1972,2374,1614,1243,1126,654,217,35,5,2037,26127,667,852,983,1111,958,903,1051,1289,1601,1389,1516,1674,2117,2356,1936,1809,1831,1322,568,176,18,3915
2015,2015-01-01,16206,162060,富山県,滑川市,33433,1289,1458,1665,1708,1477,1530,1752,2241,2690,2211,1916,1923,2314,2583,2219,1647,1354,952,392,95,17,2810,16237,698,761,854,903,774,801,917,1166,1382,1151,979,953,1105,1243,995,684,482,299,77,11,2,871,17196,591,697,811,805,703,729,835,1075,1308,1060,937,970,1209,1340,1224,963,872,653,315,84,15,1939
2015,2015-01-01,16207,162078,富山県,黒部市,41858,1620,1816,1905,1944,1828,2104,2113,2668,3171,2480,2492,2562,2904,3359,2724,2252,1833,1299,570,182,32,3916,20387,856,957,981,1022,934,1153,1133,1364,1664,1238,1252,1313,1401,1635,1232,947,704,424,135,35,7,1305,21471,764,859,924,922,894,951,980,1304,1507,1242,1240,1249,1503,1724,1492,1305,1129,875,435,147,25,2611
2015,2015-01-01,16208,162086,富山県,砺波市,48946,1988,2291,2515,2490,2117,2182,2597,3399,3741,3104,2780,2812,3543,3732,2868,2237,2210,1450,668,181,41,4550,23779,1005,1199,1296,1260,1082,1177,1358,1770,1875,1532,1415,1374,1737,1880,1291,997,830,479,181,35,6,1531,25167,983,1092,1219,1230,1035,1005,1239,1629,1866,1572,1365,1438,1806,1852,1577,1240,1380,971,487,146,35,3019
2015,2015-01-01,16209,162094,富山県,小矢部市,30982,976,1118,1335,1293,1284,1406,1502,1851,1962,1668,1847,2122,2511,2748,2096,1731,1626,1180,541,155,30,3532,15044,529,536,693,681,697,749,809,998,1009,838,906,1021,1256,1413,1002,724,633,391,120,35,4,1183,15938,447,582,642,612,587,657,693,853,953,830,941,1101,1255,1335,1094,1007,993,789,421,120,26,2349
2015,2015-01-01,16210,162108,富山県,南砺市,53128,1698,1954,2157,2363,2181,2177,2399,2952,3239,2745,3019,3453,4324,4686,3616,3330,3147,2306,1020,303,59,6835,25445,893,1010,1109,1190,1150,1099,1288,1553,1673,1373,1502,1699,2179,2378,1676,1366,1187,760,287,64,9,2307,27683,805,944,1048,1173,1031,1078,1111,1399,1566,1372,1517,1754,2145,2308,1940,1964,1960,1546,733,239,50,4528
2015,2015-01-01,16211,162116,富山県,射水市,92819,3612,4250,4690,4560,3963,4036,4877,6327,7568,5698,5215,5353,6693,7835,6202,4423,3742,2333,1090,299,53,7517,44918,1885,2198,2348,2295,2051,2070,2506,3269,3858,2908,2589,2607,3243,3747,2969,1921,1384,743,263,61,3,2454,47901,1727,2052,2342,2265,1912,1966,2371,3058,3710,2790,2626,2746,3450,4088,3233,2502,2358,1590,827,238,50,5063
2015,2015-01-01,16320,163201,富山県,中新川郡,51359,1684,2097,2524,2559,2204,2032,2390,3217,3882,3266,3038,3067,3767,4317,3582,2777,2452,1567,701,199,37,4956,24608,853,1100,1274,1269,1108,995,1286,1650,2002,1645,1499,1521,1891,2053,1671,1165,944,491,159,29,3,1626,26751,831,997,1250,1290,1096,1037,1104,1567,1880,1621,1539,1546,1876,2264,1911,1612,1508,1076,542,170,34,3330
2015,2015-01-01,16321,163210,富山県,中新川郡舟橋村,3066,161,201,232,191,161,107,147,243,317,270,204,144,134,146,130,118,86,40,23,9,2,160,1489,84,101,114,90,79,49,72,109,170,140,102,82,61,76,59,51,31,10,9,0,0,50,1577,77,100,118,101,82,58,75,134,147,130,102,62,73,70,71,67,55,30,14,9,2,110
2015,2015-01-01,16322,163228,富山県,中新川郡上市町,21484,652,751,960,1025,925,842,915,1305,1554,1356,1265,1257,1603,2019,1598,1255,1082,722,286,93,19,2202,10272,341,394,483,497,465,405,509,696,807,683,628,618,784,961,719,550,417,228,69,16,2,732,11212,311,357,477,528,460,437,406,609,747,673,637,639,819,1058,879,705,665,494,217,77,17,1470
2015,2015-01-01,16323,163236,富山県,中新川郡立山町,26809,871,1145,1332,1343,1118,1083,1328,1669,2011,1640,1569,1666,2030,2152,1854,1404,1284,805,392,97,16,2594,12847,428,605,677,682,564,541,705,845,1025,822,769,821,1046,1016,893,564,496,253,81,13,1,844,13962,443,540,655,661,554,542,623,824,986,818,800,845,984,1136,961,840,788,552,311,84,15,1750
2015,2015-01-01,16340,163406,富山県,下新川郡,38785,1051,1315,1594,1764,1589,1518,1679,2043,2462,2320,2434,2546,3028,3451,2897,2350,2287,1537,672,207,41,4744,18476,542,686,803,874,841,792,899,1099,1293,1151,1211,1257,1491,1657,1373,984,840,492,152,37,2,1523,20309,509,629,791,890,748,726,780,944,1169,1169,1223,1289,1537,1794,1524,1366,1447,1045,520,170,39,3221
2015,2015-01-01,16342,163422,富山県,下新川郡入善町,25783,758,951,1092,1249,1059,1028,1210,1478,1698,1569,1625,1722,1988,2222,1791,1451,1392,953,395,126,26,2892,12376,374,498,528,630,567,529,639,803,898,784,801,856,982,1072,862,630,515,301,84,22,1,923,13407,384,453,564,619,492,499,571,675,800,785,824,866,1006,1150,929,821,877,652,311,104,25,1969
2015,2015-01-01,16343,163431,富山県,下新川郡朝日町,13002,293,364,502,515,530,490,469,565,764,751,809,824,1040,1229,1106,899,895,584,277,81,15,1852,6100,168,188,275,244,274,263,260,296,395,367,410,401,509,585,511,354,325,191,68,15,1,600,6902,125,176,227,271,256,227,209,269,369,384,399,423,531,644,595,545,570,393,209,66,14,1252
2015,2015-01-01,17000,170003,石川県,,1149097,47050,50646,54449,57407,56900,55566,62307,76407,88277,72817,68116,68834,79298,91033,72324,53722,45640,30112,13747,3784,661,93944,555360,24112,25681,27865,29810,30019,28568,31750,39051,44664,36341,33551,33685,38629,43970,33765,23050,17336,9451,3310,681,71,30849,593737,22938,24965,26584,27597,26881,26998,30557,37356,43613,36476,34565,35149,40669,47063,38559,30672,28304,20661,10437,3103,590,63095
2015,2015-01-01,17201,172014,石川県,金沢市,448568,19834,20216,21021,22032,23952,23722,26709,31905,36923,29792,27255,26189,28702,33402,26335,18740,15691,10028,4595,1270,255,31839,216740,10196,10207,10845,11431,12665,11953,13490,16097,18498,14819,13367,12719,13944,15796,12267,7955,5956,3205,1084,214,32,10491,231828,9638,10009,10176,10601,11287,11769,13219,15808,18425,14973,13888,13470,14758,17606,14068,10785,9735,6823,3511,1056,223,21348
2015,2015-01-01,17202,172022,石川県,七尾市,55757,1759,2064,2305,2580,2459,2218,2415,3086,3513,3017,3352,3813,4643,5128,3987,3220,2903,2070,927,257,41,6198,26491,913,1057,1143,1286,1264,1149,1249,1604,1793,1502,1633,1926,2252,2541,1842,1355,1057,648,228,44,5,1982,29266,846,1007,1162,1294,1195,1069,1166,1482,1720,1515,1719,1887,2391,2587,2145,1865,1846,1422,699,213,36,4216
2015,2015-01-01,17203,172031,石川県,小松市,107513,4691,4996,5451,5579,5361,5386,5753,7113,8211,6947,6513,5917,6969,8344,7000,4969,4007,2669,1217,366,54,8313,52236,2414,2487,2790,2886,2781,2863,3043,3634,4189,3393,3225,2854,3372,3988,3312,2207,1570,855,305,66,2,2798,55277,2277,2509,2661,2693,2580,2523,2710,3479,4022,3554,3288,3063,3597,4356,3688,2762,2437,1814,912,300,52,5515
2015,2015-01-01,17204,172049,石川県,輪島市,29189,675,813,972,1535,1087,904,1049,1233,1378,1403,1613,2068,2447,2794,2245,2248,2223,1599,700,176,27,4725,13773,351,421,481,883,587,480,555,676,708,692,848,1074,1211,1340,1002,936,814,495,167,49,3,1528,15416,324,392,491,652,500,424,494,557,670,711,765,994,1236,1454,1243,1312,1409,1104,533,127,24,3197
2015,2015-01-01,17205,172057,石川県,珠洲市,15858,345,385,507,587,521,459,516,685,721,739,849,1061,1439,1663,1401,1325,1287,889,376,87,16,2655,7355,176,187,259,313,258,251,298,350,388,392,425,516,722,810,623,517,494,266,89,19,2,870,8503,169,198,248,274,263,208,218,335,333,347,424,545,717,853,778,808,793,623,287,68,14,1785
2015,2015-01-01,17206,172065,石川県,加賀市,69609,2377,2745,2955,3375,3001,3094,3250,3974,4930,4287,4224,4344,5261,6221,5172,3865,3257,2063,913,269,32,6534,32883,1230,1401,1456,1730,1579,1581,1639,2085,2510,2158,2030,2041,2445,2950,2366,1599,1189,616,229,46,3,2083,36726,1147,1344,1499,1645,1422,1513,1611,1889,2420,2129,2194,2303,2816,3271,2806,2266,2068,1447,684,223,29,4451
2015,2015-01-01,17207,172073,石川県,羽咋市,22752,704,754,935,1049,935,848,965,1256,1456,1284,1276,1427,1888,2157,1795,1383,1233,886,418,84,19,2640,10774,358,365,488,514,463,454,477,662,733,678,618,693,917,1084,820,590,436,291,109,22,2,860,11978,346,389,447,535,472,394,488,594,723,606,658,734,971,1073,975,793,797,595,309,62,17,1780
2015,2015-01-01,17209,172090,石川県,かほく市,34785,1385,1530,1862,1953,1680,1512,1698,2251,2729,2420,1962,1862,2381,2850,2355,1661,1315,851,389,121,18,2694,16764,706,820,908,993,821,759,867,1113,1385,1194,1016,910,1144,1419,1113,715,521,258,82,17,3,881,18021,679,710,954,960,859,753,831,1138,1344,1226,946,952,1237,1431,1242,946,794,593,307,104,15,1813
2015,2015-01-01,17210,172103,石川県,白山市,111879,4675,5490,5972,5744,5114,5344,6294,7863,8921,7074,6497,6990,8175,8880,6630,4460,3724,2439,1190,347,56,7756,54477,2339,2773,3031,2954,2571,2802,3152,4023,4489,3570,3153,3402,4013,4385,3219,1964,1465,784,309,75,4,2637,57402,2336,2717,2941,2790,2543,2542,3142,3840,4432,3504,3344,3588,4162,4495,3411,2496,2259,1655,881,272,52,5119
2015,2015-01-01,17211,172111,石川県,能美市,49030,2227,2629,2819,2682,2338,2289,2710,3555,4287,3264,2785,2642,2996,3537,2941,1972,1644,998,536,151,28,3357,24185,1140,1371,1489,1396,1263,1198,1399,1812,2173,1646,1407,1303,1446,1703,1419,905,631,332,126,23,3,1115,24845,1087,1258,1330,1286,1075,1091,1311,1743,2114,1618,1378,1339,1550,1834,1522,1067,1013,666,410,128,25,2242
2015,2015-01-01,17212,172120,石川県,野々市市,50712,3085,2705,2431,2636,3479,3207,4025,4480,4585,3181,2612,2445,2869,3056,2230,1485,1069,705,327,88,12,2201,25820,1575,1391,1226,1520,2244,1648,2090,2326,2391,1626,1272,1170,1413,1514,1028,663,427,196,87,12,1,723,24892,1510,1314,1205,1116,1235,1559,1935,2154,2194,1555,1340,1275,1456,1542,1202,822,642,509,240,76,11,1478
2015,2015-01-01,17320,173207,石川県,能美郡,6264,381,475,443,326,253,303,375,509,595,404,303,324,335,361,268,208,196,124,61,17,3,401,3079,208,248,243,161,121,156,193,246,292,204,151,161,161,188,125,96,72,31,18,3,1,125,3185,173,227,200,165,132,147,182,263,303,200,152,163,174,173,143,112,124,93,43,14,2,276
2015,2015-01-01,17324,173240,石川県,能美郡川北町,6264,381,475,443,326,253,303,375,509,595,404,303,324,335,361,268,208,196,124,61,17,3,401,3079,208,248,243,161,121,156,193,246,292,204,151,161,161,188,125,96,72,31,18,3,1,125,3185,173,227,200,165,132,147,182,263,303,200,152,163,174,173,143,112,124,93,43,14,2,276
2015,2015-01-01,17360,173606,石川県,河北郡,64404,2722,3173,3508,3790,3495,3254,3417,4304,5289,4699,4292,3961,4129,4496,3616,2518,1878,1154,545,132,32,3741,31331,1402,1610,1812,1947,1730,1624,1672,2206,2621,2277,2091,2034,2063,2155,1702,1131,744,367,120,20,3,1254,33073,1320,1563,1696,1843,1765,1630,1745,2098,2668,2422,2201,1927,2066,2341,1914,1387,1134,787,425,112,29,2487
2015,2015-01-01,17361,173614,石川県,河北郡津幡町,37617,1614,1910,2080,2303,2077,1878,1990,2465,3063,2858,2656,2315,2329,2467,1921,1413,1137,709,332,84,16,2278,18317,819,973,1067,1162,1045,947,963,1263,1498,1392,1308,1222,1151,1205,901,619,454,235,76,17,0,782,19300,795,937,1013,1141,1032,931,1027,1202,1565,1466,1348,1093,1178,1262,1020,794,683,474,256,67,16,1496
2015,2015-01-01,17365,173657,石川県,河北郡内灘町,26787,1108,1263,1428,1487,1418,1376,1427,1839,2226,1841,1636,1646,1800,2029,1695,1105,741,445,213,48,16,1463,13014,583,637,745,785,685,677,709,943,1123,885,783,812,912,950,801,512,290,132,44,3,3,472,13773,525,626,683,702,733,699,718,896,1103,956,853,834,888,1079,894,593,451,313,169,45,13,991
2015,2015-01-01,17380,173801,石川県,羽咋郡,35825,964,1183,1491,1597,1477,1373,1363,1845,2164,1967,2000,2420,3063,3597,2618,2320,2073,1435,659,187,29,4383,17006,472,572,764,772,758,731,692,1004,1145,997,982,1192,1504,1819,1212,1006,822,407,130,23,2,1384,18819,492,611,727,825,719,642,671,841,1019,970,1018,1228,1559,1778,1406,1314,1251,1028,529,164,27,2999
2015,2015-01-01,17384,173843,石川県,羽咋郡志賀町,21931,623,710,822,892,858,821,819,1092,1280,1120,1184,1538,1950,2232,1649,1502,1354,934,421,111,19,2839,10398,301,346,421,434,439,433,410,589,700,576,574,765,975,1115,756,662,540,265,82,14,1,902,11533,322,364,401,458,419,388,409,503,580,544,610,773,975,1117,893,840,814,669,339,97,18,1937
2015,2015-01-01,17386,173860,石川県,羽咋郡宝達志水町,13894,341,473,669,705,619,552,544,753,884,847,816,882,1113,1365,969,818,719,501,238,76,10,1544,6608,171,226,343,338,319,298,282,415,445,421,408,427,529,704,456,344,282,142,48,9,1,482,7286,170,247,326,367,300,254,262,338,439,426,408,455,584,661,513,474,437,359,190,67,9,1062
2015,2015-01-01,17400,174009,石川県,鹿島郡,18788,677,774,884,842,732,750,812,1115,1264,1041,1061,1229,1453,1659,1342,1128,966,670,292,80,17,2025,9101,358,398,454,428,381,398,429,549,651,541,557,614,715,828,634,505,348,219,78,14,2,661,9687,319,376,430,414,351,352,383,566,613,500,504,615,738,831,708,623,618,451,214,66,15,1364
2015,2015-01-01,17407,174076,石川県,鹿島郡中能登町,18788,677,774,884,842,732,750,812,1115,1264,1041,1061,1229,1453,1659,1342,1128,966,670,292,80,17,2025,9101,358,398,454,428,381,398,429,549,651,541,557,614,715,828,634,505,348,219,78,14,2,661,9687,319,376,430,414,351,352,383,566,613,500,504,615,738,831,708,623,618,451,214,66,15,1364
2015,2015-01-01,17460,174602,石川県,鳳珠郡,28164,549,714,893,1100,1016,903,956,1233,1311,1298,1522,2142,2548,2888,2389,2220,2174,1532,602,152,22,4482,13345,274,373,476,596,533,521,505,664,698,652,776,1076,1307,1450,1081,906,790,481,149,34,3,1457,14819,275,341,417,504,483,382,451,569,613,646,746,1066,1241,1438,1308,1314,1384,1051,453,118,19,3025
2015,2015-01-01,17461,174611,石川県,鳳珠郡穴水町,9108,153,239,294,373,331,278,290,399,427,419,502,676,852,917,757,728,703,516,200,50,4,1473,4395,89,128,147,222,208,166,134,224,243,205,262,344,432,460,361,298,255,159,47,11,0,472,4713,64,111,147,151,123,112,156,175,184,214,240,332,420,457,396,430,448,357,153,39,4,1001
2015,2015-01-01,17463,174637,石川県,鳳珠郡能登町,19056,396,475,599,727,685,625,666,834,884,879,1020,1466,1696,1971,1632,1492,1471,1016,402,102,18,3009,8950,185,245,329,374,325,355,371,440,455,447,514,732,875,990,720,608,535,322,102,23,3,985,10106,211,230,270,353,360,270,295,394,429,432,506,734,821,981,912,884,936,694,300,79,15,2024
2015,2015-01-01,18000,180009,福井県,,792166,32818,35856,38105,40104,37674,38612,42475,49309,55399,47918,48671,49992,57156,57790,48312,39190,35062,24025,10454,2744,500,72785,384795,16883,18411,19475,20588,19623,20029,21704,25445,28272,23948,24069,24905,28315,28437,22579,16865,14059,8255,2399,474,60,25247,407371,15935,17445,18630,19516,18051,18583,20771,23864,27127,23970,24602,25087,28841,29353,25733,22325,21003,15770,8055,2270,440,47538
2015,2015-01-01,18201,182010,福井県,福井市,263600,11555,12218,12360,12789,12214,13183,15026,17106,19560,16631,16337,15976,18102,19244,16234,12713,10974,7181,3221,813,163,22352,127706,6015,6281,6385,6563,6302,6679,7595,8798,9906,8275,8006,7788,8779,9303,7576,5542,4472,2525,760,136,20,7913,135894,5540,5937,5975,6226,5912,6504,7431,8308,9654,8356,8331,8188,9323,9941,8658,7171,6502,4656,2461,677,143,14439
2015,2015-01-01,18202,182028,福井県,敦賀市,67051,2934,3160,3330,3362,3126,3410,3846,4404,4897,4154,4176,4410,4798,4780,3722,2959,2782,1818,740,216,27,5583,33047,1499,1628,1682,1776,1636,1809,1978,2294,2475,2162,2131,2274,2427,2363,1730,1249,1089,613,183,46,3,1934,34004,1435,1532,1648,1586,1490,1601,1868,2110,2422,1992,2045,2136,2371,2417,1992,1710,1693,1205,557,170,24,3649
2015,2015-01-01,18204,182044,福井県,小浜市,30283,1219,1268,1408,1538,1442,1376,1508,1752,1873,1680,1934,2051,2137,2240,1934,1648,1567,1120,467,102,19,3275,14838,622,668,751,804,768,752,796,922,957,851,990,1069,1087,1137,862,686,610,379,101,21,5,1116,15445,597,600,657,734,674,624,712,830,916,829,944,982,1050,1103,1072,962,957,741,366,81,14,2159
2015,2015-01-01,18205,182052,福井県,大野市,34857,1138,1286,1470,1689,1584,1591,1691,1836,1917,1857,2153,2414,2964,2747,2351,2123,1927,1364,585,146,24,4046,16677,578,644,756,876,798,848,853,964,1011,896,1036,1184,1490,1385,1078,892,782,454,124,26,2,1388,18180,560,642,714,813,786,743,838,872,906,961,1117,1230,1474,1362,1273,1231,1145,910,461,120,22,2658
2015,2015-01-01,18206,182061,福井県,勝山市,24630,805,951,995,1118,1124,1146,1196,1335,1436,1218,1450,1781,2106,1920,1642,1452,1361,992,470,115,17,2955,11826,414,489,496,551,609,601,607,715,727,585,695,876,1089,987,762,607,546,340,110,19,1,1016,12804,391,462,499,567,515,545,589,620,709,633,755,905,1017,933,880,845,815,652,360,96,16,1939
2015,2015-01-01,18207,182079,福井県,鯖江市,68237,3245,3481,3729,3566,3056,3387,3974,4768,5341,4265,3966,3909,4483,4871,4002,3072,2463,1672,745,207,35,5122,33257,1648,1792,1860,1826,1574,1713,2020,2434,2726,2170,1956,1926,2178,2332,1954,1319,1035,573,182,36,3,1829,34980,1597,1689,1869,1740,1482,1674,1954,2334,2615,2095,2010,1983,2305,2539,2048,1753,1428,1099,563,171,32,3293
2015,2015-01-01,18208,182087,福井県,あわら市,29071,987,1102,1269,1405,1436,1401,1414,1561,1833,1716,1937,2034,2345,2359,1850,1509,1390,975,423,104,21,2913,13779,487,552,634,722,749,736,717,787,940,817,928,989,1150,1166,840,615,515,319,96,18,2,950,15292,500,550,635,683,687,665,697,774,893,899,1009,1045,1195,1193,1010,894,875,656,327,86,19,1963
2015,2015-01-01,18209,182095,福井県,越前市,80939,3259,3681,4034,4340,4033,3982,4109,5144,5595,4880,4710,5075,5884,5814,4898,3961,3568,2521,1084,302,65,7540,39597,1693,1919,2058,2192,2079,2070,2120,2694,2926,2483,2304,2569,2893,2886,2340,1724,1417,908,250,62,10,2647,41342,1566,1762,1976,2148,1954,1912,1989,2450,2669,2397,2406,2506,2991,2928,2558,2237,2151,1613,834,240,55,4893
2015,2015-01-01,18210,182109,福井県,坂井市,92344,3896,4479,4814,5161,4610,4512,4903,5857,6864,5879,5874,5711,6508,6439,5292,4103,3596,2424,1083,284,55,7442,44849,1971,2309,2468,2652,2361,2314,2520,2969,3459,2914,2871,2853,3192,3176,2510,1791,1441,788,239,45,6,2519,47495,1925,2170,2346,2509,2249,2198,2383,2888,3405,2965,3003,2858,3316,3263,2782,2312,2155,1636,844,239,49,4923
2015,2015-01-01,18320,183202,福井県,吉田郡,19134,711,839,957,1022,1048,883,943,1119,1296,1172,1188,1206,1367,1328,1156,997,953,615,241,81,12,1902,9308,357,421,521,537,562,443,496,563,646,559,609,589,702,663,526,447,380,211,55,20,1,667,9826,354,418,436,485,486,440,447,556,650,613,579,617,665,665,630,550,573,404,186,61,11,1235
2015,2015-01-01,18322,183229,福井県,吉田郡永平寺町,19134,711,839,957,1022,1048,883,943,1119,1296,1172,1188,1206,1367,1328,1156,997,953,615,241,81,12,1902,9308,357,421,521,537,562,443,496,563,646,559,609,589,702,663,526,447,380,211,55,20,1,667,9826,354,418,436,485,486,440,447,556,650,613,579,617,665,665,630,550,573,404,186,61,11,1235
2015,2015-01-01,18380,183806,福井県,今立郡,2880,63,79,80,123,136,128,103,109,127,107,200,195,225,196,213,232,256,207,69,26,6,564,1378,32,43,34,55,76,68,53,63,72,51,93,103,132,86,102,95,105,93,17,4,1,220,1502,31,36,46,68,60,60,50,46,55,56,107,92,93,110,111,137,151,114,52,22,5,344
2015,2015-01-01,18382,183822,福井県,今立郡池田町,2880,63,79,80,123,136,128,103,109,127,107,200,195,225,196,213,232,256,207,69,26,6,564,1378,32,43,34,55,76,68,53,63,72,51,93,103,132,86,102,95,105,93,17,4,1,220,1502,31,36,46,68,60,60,50,46,55,56,107,92,93,110,111,137,151,114,52,22,5,344
2015,2015-01-01,18400,184004,福井県,南条郡,11219,396,439,518,576,558,510,552,557,599,570,655,782,900,837,681,650,672,506,208,46,7,1439,5428,215,243,256,316,301,273,287,295,297,290,327,381,466,429,310,269,259,160,48,5,1,473,5791,181,196,262,260,257,237,265,262,302,280,328,401,434,408,371,381,413,346,160,41,6,966
2015,2015-01-01,18404,184047,福井県,南条郡南越前町,11219,396,439,518,576,558,510,552,557,599,570,655,782,900,837,681,650,672,506,208,46,7,1439,5428,215,243,256,316,301,273,287,295,297,290,327,381,466,429,310,269,259,160,48,5,1,473,5791,181,196,262,260,257,237,265,262,302,280,328,401,434,408,371,381,413,346,160,41,6,966
2015,2015-01-01,18420,184209,福井県,丹生郡,22816,811,981,1065,1136,1075,1026,1181,1213,1427,1336,1373,1489,1891,1651,1397,1221,1142,885,376,118,22,2543,11026,418,485,546,567,564,552,611,614,740,670,690,723,968,863,641,528,456,286,90,12,2,846,11790,393,496,519,569,511,474,570,599,687,666,683,766,923,788,756,693,686,599,286,106,20,1697
2015,2015-01-01,18423,184233,福井県,丹生郡越前町,22816,811,981,1065,1136,1075,1026,1181,1213,1427,1336,1373,1489,1891,1651,1397,1221,1142,885,376,118,22,2543,11026,418,485,546,567,564,552,611,614,740,670,690,723,968,863,641,528,456,286,90,12,2,846,11790,393,496,519,569,511,474,570,599,687,666,683,766,923,788,756,693,686,599,286,106,20,1697
2015,2015-01-01,18440,184403,福井県,三方郡,10050,348,352,392,423,500,490,465,574,510,486,591,679,852,831,731,644,537,427,172,38,8,1182,4898,184,183,202,206,280,282,252,302,274,244,297,367,422,403,324,271,221,142,35,6,1,405,5152,164,169,190,217,220,208,213,272,236,242,294,312,430,428,407,373,316,285,137,32,7,777
2015,2015-01-01,18442,184420,福井県,三方郡美浜町,10050,348,352,392,423,500,490,465,574,510,486,591,679,852,831,731,644,537,427,172,38,8,1182,4898,184,183,202,206,280,282,252,302,274,244,297,367,422,403,324,271,221,142,35,6,1,405,5152,164,169,190,217,220,208,213,272,236,242,294,312,430,428,407,373,316,285,137,32,7,777
2015,2015-01-01,18480,184802,福井県,大飯郡,19213,847,848,935,1035,926,926,915,1115,1194,1090,1119,1259,1424,1391,1184,980,961,653,311,91,9,2025,9551,451,428,450,536,547,530,461,593,636,566,598,678,740,703,557,422,356,233,55,11,0,655,9662,396,420,485,499,379,396,454,522,558,524,521,581,684,688,627,558,605,420,256,80,9,1370
2015,2015-01-01,18481,184811,福井県,大飯郡高浜町,10679,432,461,528,588,528,528,494,646,711,605,607,657,791,819,687,524,513,349,160,46,5,1073,5356,239,235,268,303,303,305,258,337,380,317,317,359,401,416,329,232,194,126,29,8,0,357,5323,193,226,260,285,225,223,236,309,331,288,290,298,390,403,358,292,319,223,131,38,5,716
2015,2015-01-01,18483,184837,福井県,大飯郡おおい町,8534,415,387,407,447,398,398,421,469,483,485,512,602,633,572,497,456,448,304,151,45,4,952,4195,212,193,182,233,244,225,203,256,256,249,281,319,339,287,228,190,162,107,26,3,0,298,4339,203,194,225,214,154,173,218,213,227,236,231,283,294,285,269,266,286,197,125,42,4,654
2015,2015-01-01,18500,185001,福井県,三方上中郡,15842,604,692,749,821,806,661,649,859,930,877,1008,1021,1170,1142,1025,926,913,665,259,55,10,1902,7630,299,326,376,409,417,359,338,438,480,415,538,536,600,555,467,408,375,231,54,7,2,669,8212,305,366,373,412,389,302,311,421,450,462,470,485,570,587,558,518,538,434,205,48,8,1233
2015,2015-01-01,18501,185019,福井県,三方上中郡若狭町,15842,604,692,749,821,806,661,649,859,930,877,1008,1021,1170,1142,1025,926,913,665,259,55,10,1902,7630,299,326,376,409,417,359,338,438,480,415,538,536,600,555,467,408,375,231,54,7,2,669,8212,305,366,373,412,389,302,311,421,450,462,470,485,570,587,558,518,538,434,205,48,8,1233
2015,2015-01-01,19000,190004,山梨県,,842099,31574,34998,39272,43645,42083,39698,43283,50973,59621,56590,53630,53655,61230,61013,53008,42382,35459,24709,11468,3246,559,75441,413180,16091,17862,20343,22679,21706,20750,22446,26285,30848,29010,27355,26936,30614,29983,25058,18727,14252,8630,2894,631,79,26486,428919,15483,17136,18929,20966,20377,18948,20837,24688,28773,27580,26275,26719,30616,31030,27950,23655,21207,16079,8574,2615,480,48955
2015,2015-01-01,19201,192015,山梨県,甲府市,188655,7483,8009,8437,8996,9397,9054,10251,12166,14086,13026,11682,11034,12242,13217,12161,9923,8436,5746,2479,705,125,17491,91577,3824,4086,4361,4722,4955,4682,5216,6183,7264,6822,5914,5500,5955,6308,5502,4243,3318,1954,631,118,19,6040,97078,3659,3923,4076,4274,4442,4372,5035,5983,6822,6204,5768,5534,6287,6909,6659,5680,5118,3792,1848,587,106,11451
2015,2015-01-01,19202,192023,山梨県,富士吉田市,50370,1869,2045,2399,2780,2637,2518,2508,2883,3553,3599,3451,3379,3653,3363,3130,2640,1987,1285,512,152,27,3963,24800,976,1044,1247,1446,1378,1302,1349,1475,1808,1849,1781,1657,1888,1643,1422,1160,815,418,112,26,4,1375,25570,893,1001,1152,1334,1259,1216,1159,1408,1745,1750,1670,1722,1765,1720,1708,1480,1172,867,400,126,23,2588
2015,2015-01-01,19204,192040,山梨県,都留市,31276,1127,1267,1446,1904,2415,1448,1483,1641,2081,2072,1997,1996,2262,2051,1777,1527,1359,894,399,105,25,2782,15292,586,623,730,934,1138,795,783,849,1070,1057,1052,999,1133,998,877,669,544,324,111,19,1,999,15984,541,644,716,970,1277,653,700,792,1011,1015,945,997,1129,1053,900,858,815,570,288,86,24,1783
2015,2015-01-01,19205,192058,山梨県,山梨市,36548,1264,1469,1756,1843,1630,1615,1749,2075,2463,2300,2244,2466,2741,2706,2454,1920,1751,1264,626,179,33,3853,17596,655,776,914,969,793,799,882,1030,1254,1153,1105,1222,1378,1317,1181,830,705,452,141,37,3,1338,18952,609,693,842,874,837,816,867,1045,1209,1147,1139,1244,1363,1389,1273,1090,1046,812,485,142,30,2515
2015,2015-01-01,19206,192066,山梨県,大月市,26366,632,724,996,1297,1278,1084,1020,1173,1463,1693,1809,1932,2390,2175,1925,1687,1418,1069,457,124,20,3088,12922,307,361,526,673,659,590,538,620,785,857,916,948,1266,1117,908,755,550,388,126,29,3,1096,13444,325,363,470,624,619,494,482,553,678,836,893,984,1124,1058,1017,932,868,681,331,95,17,1992
2015,2015-01-01,19207,192074,山梨県,韮崎市,30297,1053,1258,1471,1676,1637,1485,1493,1798,2129,1998,1990,1968,2335,2259,1806,1454,1154,821,410,85,17,2487,15068,547,655,741,880,899,802,803,961,1094,989,990,1018,1162,1095,891,645,474,294,109,17,2,896,15229,506,603,730,796,738,683,690,837,1035,1009,1000,950,1173,1164,915,809,680,527,301,68,15,1591
2015,2015-01-01,19208,192082,山梨県,南アルプス市,72023,2829,3468,3967,4005,3662,3393,3853,4768,5487,4885,4541,4525,5238,4926,4052,2951,2573,1719,901,242,38,5473,35576,1445,1766,2041,2040,1898,1712,1942,2444,2835,2552,2270,2249,2625,2467,2004,1366,1044,615,211,44,6,1920,36447,1384,1702,1926,1965,1764,1681,1911,2324,2652,2333,2271,2276,2613,2459,2048,1585,1529,1104,690,198,32,3553
2015,2015-01-01,19209,192091,山梨県,北杜市,48042,1316,1643,1914,2164,2016,1697,1828,2388,2864,2885,3183,3407,4140,4552,3698,2892,2459,1790,885,270,51,5455,23504,671,827,1009,1118,1029,941,969,1241,1463,1432,1647,1710,2115,2276,1809,1310,1040,614,221,56,6,1937,24538,645,816,905,1046,987,756,859,1147,1401,1453,1536,1697,2025,2276,1889,1582,1419,1176,664,214,45,3518
2015,2015-01-01,19210,192104,山梨県,甲斐市,73828,3540,3569,3651,4247,3357,3926,4654,5407,6097,5126,4409,4215,5015,5299,4336,2947,2074,1247,534,155,23,4033,36555,1847,1763,1908,2278,1656,1982,2374,2845,3195,2624,2279,2040,2390,2540,2061,1328,869,433,117,23,3,1445,37273,1693,1806,1743,1969,1701,1944,2280,2562,2902,2502,2130,2175,2625,2759,2275,1619,1205,814,417,132,20,2588
2015,2015-01-01,19211,192112,山梨県,笛吹市,70181,2782,2978,3398,3796,3352,3330,3627,4397,5317,4854,4251,4297,4813,5194,4459,3420,2735,1900,964,270,47,5916,34208,1420,1538,1768,1967,1705,1689,1840,2238,2720,2466,2153,2167,2341,2498,2100,1555,1052,675,259,50,7,2043,35973,1362,1440,1630,1829,1647,1641,1787,2159,2597,2388,2098,2130,2472,2696,2359,1865,1683,1225,705,220,40,3873
2015,2015-01-01,19212,192121,山梨県,上野原市,24975,644,803,995,1291,1322,1042,1031,1234,1507,1537,1818,1895,2213,1926,1770,1482,1137,828,379,106,12,2462,12461,329,408,520,667,679,554,528,645,809,767,924,1016,1173,1015,847,690,446,301,111,29,2,889,12514,315,395,475,624,643,488,503,589,698,770,894,879,1040,911,923,792,691,527,268,77,10,1573
2015,2015-01-01,19213,192139,山梨県,甲州市,33590,1019,1275,1687,1731,1558,1334,1437,1768,2071,2134,2078,2287,2630,2574,2254,1938,1766,1197,635,180,37,3815,16275,528,688,836,897,812,676,739,879,1048,1070,1036,1150,1303,1287,1056,869,728,436,183,46,8,1401,17315,491,587,851,834,746,658,698,889,1023,1064,1042,1137,1327,1287,1198,1069,1038,761,452,134,29,2414
2015,2015-01-01,19214,192147,山梨県,中央市,29837,1265,1358,1513,1608,1621,1649,1779,1980,2247,2148,1936,1974,2195,2001,1606,1103,865,600,288,86,15,1854,14900,615,718,782,821,838,843,947,1021,1172,1113,1016,961,1099,1008,777,489,383,208,64,22,3,680,14937,650,640,731,787,783,806,832,959,1075,1035,920,1013,1096,993,829,614,482,392,224,64,12,1174
2015,2015-01-01,19340,193402,山梨県,西八代郡,16686,439,614,699,808,781,631,647,803,1105,976,1048,1117,1333,1268,1213,1059,948,704,364,110,19,2145,8166,234,313,377,420,407,341,341,421,608,469,555,569,714,613,568,477,374,265,79,18,3,739,8520,205,301,322,388,374,290,306,382,497,507,493,548,619,655,645,582,574,439,285,92,16,1406
2015,2015-01-01,19346,193461,山梨県,西八代郡市川三郷町,16686,439,614,699,808,781,631,647,803,1105,976,1048,1117,1333,1268,1213,1059,948,704,364,110,19,2145,8166,234,313,377,420,407,341,341,421,608,469,555,569,714,613,568,477,374,265,79,18,3,739,8520,205,301,322,388,374,290,306,382,497,507,493,548,619,655,645,582,574,439,285,92,16,1406
2015,2015-01-01,19360,193607,山梨県,南巨摩郡,39070,948,1240,1385,1753,1781,1578,1519,1866,2056,2277,2468,2729,3152,3052,2804,2533,2476,2096,1028,281,48,5929,18959,467,661,720,914,915,873,824,1011,1086,1173,1283,1420,1650,1561,1318,1078,964,713,267,54,7,2005,20111,481,579,665,839,866,705,695,855,970,1104,1185,1309,1502,1491,1486,1455,1512,1383,761,227,41,3924
2015,2015-01-01,19364,193640,山梨県,南巨摩郡早川町,1155,13,22,44,29,33,54,26,39,50,63,59,73,75,92,92,125,121,88,51,6,0,266,563,8,16,26,14,17,29,17,24,31,41,34,40,43,45,38,40,54,33,12,1,0,100,592,5,6,18,15,16,25,9,15,19,22,25,33,32,47,54,85,67,55,39,5,0,166
2015,2015-01-01,19365,193658,山梨県,南巨摩郡身延町,13467,260,320,367,575,562,496,442,540,582,696,836,1037,1093,1123,1046,981,991,922,442,141,15,2511,6485,120,164,186,298,295,264,248,292,312,369,428,543,604,582,487,420,397,325,117,31,3,873,6982,140,156,181,277,267,232,194,248,270,327,408,494,489,541,559,561,594,597,325,110,12,1638
2015,2015-01-01,19366,193666,山梨県,南巨摩郡南部町,8521,197,245,322,334,384,313,358,369,391,451,547,661,825,700,601,540,520,465,233,53,12,1283,4148,92,142,169,173,204,199,192,209,202,232,278,341,423,366,290,229,191,143,62,8,3,407,4373,105,103,153,161,180,114,166,160,189,219,269,320,402,334,311,311,329,322,171,45,9,876
2015,2015-01-01,19368,193682,山梨県,南巨摩郡富士川町,15927,478,653,652,815,802,715,693,918,1033,1067,1026,958,1159,1137,1065,887,844,621,302,81,21,1869,7763,247,339,339,429,399,381,367,486,541,531,543,496,580,568,503,389,322,212,76,14,1,625,8164,231,314,313,386,403,334,326,432,492,536,483,462,579,569,562,498,522,409,226,67,20,1244
2015,2015-01-01,19380,193801,山梨県,中巨摩郡,18402,1057,1025,1005,990,947,1142,1307,1478,1594,1408,1156,972,1034,987,786,626,447,285,109,45,2,888,9381,502,503,532,517,518,655,690,795,836,730,604,511,488,489,397,279,181,110,33,11,0,335,9021,555,522,473,473,429,487,617,683,758,678,552,461,546,498,389,347,266,175,76,34,2,553
2015,2015-01-01,19384,193844,山梨県,中巨摩郡昭和町,18402,1057,1025,1005,990,947,1142,1307,1478,1594,1408,1156,972,1034,987,786,626,447,285,109,45,2,888,9381,502,503,532,517,518,655,690,795,836,730,604,511,488,489,397,279,181,110,33,11,0,335,9021,555,522,473,473,429,487,617,683,758,678,552,461,546,498,389,347,266,175,76,34,2,553
2015,2015-01-01,19420,194204,山梨県,南都留郡,50632,2282,2231,2518,2725,2647,2731,3054,3097,3455,3610,3483,3362,3720,3338,2684,2141,1755,1169,463,147,20,3554,25294,1124,1125,1308,1405,1406,1488,1655,1601,1772,1854,1780,1744,1866,1678,1303,930,718,396,108,31,2,1255,25338,1158,1106,1210,1320,1241,1243,1399,1496,1683,1756,1703,1618,1854,1660,1381,1211,1037,773,355,116,18,2299
2015,2015-01-01,19422,194221,山梨県,南都留郡道志村,1828,48,61,69,84,75,84,82,88,88,109,121,161,181,156,118,99,112,60,27,5,0,204,932,27,34,34,45,36,46,45,47,49,53,68,85,95,84,66,39,52,19,8,0,0,79,896,21,27,35,39,39,38,37,41,39,56,53,76,86,72,52,60,60,41,19,5,0,125
2015,2015-01-01,19423,194239,山梨県,南都留郡西桂町,4531,153,174,266,269,263,221,190,241,324,313,339,320,338,304,272,212,168,112,41,9,2,332,2209,68,83,137,139,129,118,85,116,172,154,167,173,173,152,120,95,73,40,12,3,0,128,2322,85,91,129,130,134,103,105,125,152,159,172,147,165,152,152,117,95,72,29,6,2,204
2015,2015-01-01,19424,194247,山梨県,南都留郡忍野村,9037,546,467,475,495,459,633,827,634,593,619,610,545,590,472,337,251,250,140,63,27,4,484,4788,286,232,239,278,280,409,526,337,311,326,328,278,282,242,173,99,104,38,13,6,1,162,4249,260,235,236,217,179,224,301,297,282,293,282,267,308,230,164,152,146,102,50,21,3,322
2015,2015-01-01,19425,194255,山梨県,南都留郡山中湖村,5743,197,228,254,247,287,285,272,311,360,383,442,429,503,504,354,292,198,127,54,14,2,395,2865,94,111,128,136,146,152,143,167,183,188,211,224,257,259,189,123,98,38,14,4,0,154,2878,103,117,126,111,141,133,129,144,177,195,231,205,246,245,165,169,100,89,40,10,2,241
2015,2015-01-01,19429,194298,山梨県,南都留郡鳴沢村,3165,121,125,165,165,138,142,154,168,215,212,210,199,269,260,207,163,106,78,50,15,3,252,1548,56,62,90,73,76,73,76,83,97,122,108,95,142,134,102,82,39,30,6,2,0,77,1617,65,63,75,92,62,69,78,85,118,90,102,104,127,126,105,81,67,48,44,13,3,175
2015,2015-01-01,19430,194301,山梨県,南都留郡富士河口湖町,26328,1217,1176,1289,1465,1425,1366,1529,1655,1875,1974,1761,1708,1839,1642,1396,1124,921,652,228,77,9,1887,12952,593,603,680,734,739,690,780,851,960,1011,898,889,917,807,653,492,352,231,55,16,1,655,13376,624,573,609,731,686,676,749,804,915,963,863,819,922,835,743,632,569,421,173,61,8,1232
2015,2015-01-01,19440,194409,山梨県,北都留郡,1321,25,22,35,31,45,41,43,51,46,62,86,100,124,125,93,139,119,95,35,4,0,253,646,14,7,23,11,21,26,26,26,29,33,50,55,68,73,37,54,47,34,11,1,0,93,675,11,15,12,20,24,15,17,25,17,29,36,45,56,52,56,85,72,61,24,3,0,160
2015,2015-01-01,19442,194425,山梨県,北都留郡小菅村,721,19,17,21,21,25,20,22,28,30,36,34,58,67,76,53,67,54,50,19,4,0,127,348,11,5,14,7,11,13,12,12,20,18,17,31,35,49,22,26,19,20,5,1,0,45,373,8,12,7,14,14,7,10,16,10,18,17,27,32,27,31,41,35,30,14,3,0,82
2015,2015-01-01,19443,194433,山梨県,北都留郡丹波山村,600,6,5,14,10,20,21,21,23,16,26,52,42,57,49,40,72,65,45,16,0,0,126,298,3,2,9,4,10,13,14,14,9,15,33,24,33,24,15,28,28,14,6,0,0,48,302,3,3,5,6,10,8,7,9,7,11,19,18,24,25,25,44,37,31,10,0,0,78
2015,2015-01-01,20000,200000,長野県,,2118697,83141,92402,101513,103779,92920,95143,107983,133528,152385,134813,126532,128830,148188,157227,138364,111009,98057,70635,32477,8333,1438,210940,1034883,42592,47428,52095,53272,47619,49283,55590,68896,78897,68948,63996,64660,73830,77050,65794,49457,40178,24840,8677,1577,204,75476,1083814,40549,44974,49418,50507,45301,45860,52393,64632,73488,65865,62536,64170,74358,80177,72570,61552,57879,45795,23800,6756,1234,135464
2015,2015-01-01,20201,202011,長野県,長野市,380970,15650,16937,18484,18477,16929,17900,20646,25171,29158,25385,23440,23155,25298,27149,23671,18920,16283,11570,5165,1373,209,34600,184711,7963,8626,9447,9519,8616,9010,10407,12738,14852,12733,11735,11525,12438,13158,11136,8280,6712,4134,1401,246,35,12528,196259,7687,8311,9037,8958,8313,8890,10239,12433,14306,12652,11705,11630,12860,13991,12535,10640,9571,7436,3764,1127,174,22072
2015,2015-01-01,20202,202029,長野県,松本市,238762,10461,11187,11558,11451,11103,11932,13668,16814,18990,16289,14177,13419,14667,16124,14390,11498,10082,6861,3150,795,146,21034,117263,5460,5818,6081,5811,5852,6199,7031,8547,9868,8332,7256,6713,7286,7741,6717,5033,4098,2391,833,172,24,7518,121499,5001,5369,5477,5640,5251,5733,6637,8267,9122,7957,6921,6706,7381,8383,7673,6465,5984,4470,2317,623,122,13516
2015,2015-01-01,20203,202037,長野県,上田市,156991,6261,6790,7573,7725,7229,7500,7988,9814,11424,10070,9446,9484,10910,11523,10273,7999,6978,5047,2250,602,105,14982,76906,3247,3431,3840,3999,3789,3932,4101,5053,6038,5118,4681,4769,5483,5572,4943,3583,2836,1750,614,117,10,5327,80085,3014,3359,3733,3726,3440,3568,3887,4761,5386,4952,4765,4715,5427,5951,5330,4416,4142,3297,1636,485,95,9655
2015,2015-01-01,20204,202045,長野県,岡谷市,51007,1825,2285,2408,2481,2099,2103,2398,3280,3842,3302,2852,2687,3423,4012,3839,3074,2450,1720,719,180,28,5097,24855,919,1178,1234,1291,1084,1123,1255,1693,2019,1775,1423,1341,1640,1912,1798,1389,986,575,184,32,4,1781,26152,906,1107,1174,1190,1015,980,1143,1587,1823,1527,1429,1346,1783,2100,2041,1685,1464,1145,535,148,24,3316
2015,2015-01-01,20205,202053,長野県,飯田市,102717,4336,4587,5035,5002,4264,4499,5164,6124,6849,5991,6057,6350,7114,7498,6715,5624,5299,3843,1814,455,97,11508,49291,2228,2330,2529,2492,2116,2284,2630,3155,3489,3051,3022,3093,3528,3620,3174,2493,2136,1334,489,83,15,4057,53426,2108,2257,2506,2510,2148,2215,2534,2969,3360,2940,3035,3257,3586,3878,3541,3131,3163,2509,1325,372,82,7451
2015,2015-01-01,20206,202061,長野県,諏訪市,49964,2168,2211,2309,2453,2112,2485,2702,3324,3939,3308,2722,2759,3146,3711,3559,2571,2085,1501,689,178,32,4485,24475,1083,1160,1184,1259,1046,1315,1410,1732,2096,1696,1400,1406,1510,1782,1641,1152,841,521,199,35,7,1603,25489,1085,1051,1125,1194,1066,1170,1292,1592,1843,1612,1322,1353,1636,1929,1918,1419,1244,980,490,143,25,2882
2015,2015-01-01,20207,202070,長野県,須坂市,51527,1936,2323,2538,2616,2158,2090,2555,3277,3822,3223,3079,3035,3665,4114,3647,2696,2279,1620,641,185,28,4753,24984,982,1186,1304,1311,1101,1034,1326,1681,1966,1678,1491,1526,1733,1972,1769,1182,966,576,159,37,4,1742,26543,954,1137,1234,1305,1057,1056,1229,1596,1856,1545,1588,1509,1932,2142,1878,1514,1313,1044,482,148,24,3011
2015,2015-01-01,20208,202088,長野県,小諸市,42858,1702,1874,1968,2115,1927,1858,2218,2763,2923,2601,2558,2687,3312,3361,2802,2135,1858,1397,614,158,27,4054,21058,843,956,1013,1085,1002,923,1140,1445,1521,1320,1346,1363,1678,1675,1374,958,761,463,159,30,3,1416,21800,859,918,955,1030,925,935,1078,1318,1402,1281,1212,1324,1634,1686,1428,1177,1097,934,455,128,24,2638
2015,2015-01-01,20209,202096,長野県,伊那市,68396,2725,3156,3401,3395,3146,3019,3287,4186,4866,4163,4137,4265,4673,4873,4374,3571,3341,2409,1095,265,49,7159,33489,1351,1625,1755,1702,1591,1559,1714,2247,2532,2134,2094,2188,2365,2370,2047,1601,1377,864,302,62,9,2614,34907,1374,1531,1646,1693,1555,1460,1573,1939,2334,2029,2043,2077,2308,2503,2327,1970,1964,1545,793,203,40,4545
2015,2015-01-01,20210,202100,長野県,駒ヶ根市,33017,1353,1503,1701,1659,1473,1484,1714,2053,2417,2106,1948,1992,2165,2365,2191,1666,1515,1069,493,131,19,3227,16266,687,782,860,862,759,825,895,1091,1272,1070,1000,1018,1077,1134,1043,774,616,367,115,19,0,1117,16751,666,721,841,797,714,659,819,962,1145,1036,948,974,1088,1231,1148,892,899,702,378,112,19,2110
2015,2015-01-01,20211,202118,長野県,中野市,45506,1773,1951,2277,2364,2090,1986,2404,2838,3050,2777,2830,2966,3447,3354,2697,2331,2046,1480,661,164,20,4371,22229,893,1035,1124,1222,1062,1037,1238,1454,1571,1407,1422,1469,1780,1657,1261,1030,848,517,163,37,2,1567,23277,880,916,1153,1142,1028,949,1166,1384,1479,1370,1408,1497,1667,1697,1436,1301,1198,963,498,127,18,2804
2015,2015-01-01,20212,202126,長野県,大町市,28819,842,1021,1306,1453,1173,1044,1194,1558,1893,1842,1679,1797,2238,2381,2101,1791,1644,1169,561,114,18,3506,14061,467,542,634,768,603,545,614,834,968,984,862,931,1109,1169,1019,767,680,387,155,20,3,1245,14758,375,479,672,685,570,499,580,724,925,858,817,866,1129,1212,1082,1024,964,782,406,94,15,2261
2015,2015-01-01,20213,202134,長野県,飯山市,22541,688,835,982,1188,997,881,1004,1201,1309,1236,1419,1528,1856,1760,1405,1385,1349,958,447,105,8,2867,10992,360,450,513,621,498,472,532,612,668,639,706,795,939,927,670,573,539,337,123,18,0,1017,11549,328,385,469,567,499,409,472,589,641,597,713,733,917,833,735,812,810,621,324,87,8,1850
2015,2015-01-01,20214,202142,長野県,茅野市,55638,2458,2535,2859,2715,2280,2523,2895,3867,4319,3558,3126,3248,3765,4303,3730,2757,2157,1598,706,190,49,4700,27542,1273,1309,1448,1414,1213,1306,1486,2010,2275,1892,1580,1608,1841,2132,1780,1307,912,521,195,35,5,1668,28096,1185,1226,1411,1301,1067,1217,1409,1857,2044,1666,1546,1640,1924,2171,1950,1450,1245,1077,511,155,44,3032
2015,2015-01-01,20215,202151,長野県,塩尻市,66604,2718,2984,3213,3371,3108,3343,3805,4586,5045,4590,3915,3849,4431,4675,4141,3202,2649,1855,851,228,45,5628,33157,1378,1527,1620,1744,1600,1841,1980,2445,2635,2369,2033,1932,2242,2284,1984,1496,1113,662,238,30,4,2047,33447,1340,1457,1593,1627,1508,1502,1825,2141,2410,2221,1882,1917,2189,2391,2157,1706,1536,1193,613,198,41,3581
2015,2015-01-01,20217,202177,長野県,佐久市,98903,4123,4366,4756,5131,4373,4635,5280,6127,6678,6161,6029,6273,7246,6825,5887,4939,4533,3363,1653,442,83,10074,48542,2078,2257,2463,2607,2224,2372,2774,3141,3447,3137,3081,3203,3637,3434,2874,2221,1866,1173,448,90,15,3592,50361,2045,2109,2293,2524,2149,2263,2506,2986,3231,3024,2948,3070,3609,3391,3013,2718,2667,2190,1205,352,68,6482
2015,2015-01-01,20218,202185,長野県,千曲市,61239,2084,2534,2974,3066,2779,2745,2931,3691,4511,3847,3493,3821,4293,4760,4373,3341,2811,1968,932,244,41,5996,29877,1057,1298,1515,1626,1419,1424,1554,1887,2316,1988,1731,1916,2086,2373,2063,1500,1106,720,247,47,4,2124,31362,1027,1236,1459,1440,1360,1321,1377,1804,2195,1859,1762,1905,2207,2387,2310,1841,1705,1248,685,197,37,3872
2015,2015-01-01,20219,202193,長野県,東御市,30486,1232,1333,1506,1588,1354,1459,1586,1936,2112,1797,1839,1964,2354,2282,1880,1475,1296,954,417,105,17,2789,15091,650,676,797,810,704,785,820,1000,1093,876,924,977,1211,1113,960,690,535,339,109,20,2,1005,15395,582,657,709,778,650,674,766,936,1019,921,915,987,1143,1169,920,785,761,615,308,85,15,1784
2015,2015-01-01,20220,202207,長野県,安曇野市,97417,3666,4207,4801,4877,4126,3972,4781,6411,7466,6617,5863,5775,6823,7631,6475,4986,4186,2932,1420,339,63,8940,47400,1866,2153,2528,2449,2033,2037,2411,3299,3866,3368,2938,2835,3273,3711,3141,2246,1720,1053,402,61,10,3246,50017,1800,2054,2273,2428,2093,1935,2370,3112,3600,3249,2925,2940,3550,3920,3334,2740,2466,1879,1018,278,53,5694
2015,2015-01-01,20300,203009,長野県,南佐久郡,25780,793,921,1146,1321,1216,1114,1083,1192,1354,1508,1652,1829,2053,1789,1688,1553,1616,1205,571,154,22,3568,12589,390,480,608,661,624,581,591,610,696,778,840,941,1098,947,780,698,689,390,154,31,2,1266,13191,403,441,538,660,592,533,492,582,658,730,812,888,955,842,908,855,927,815,417,123,20,2302
2015,2015-01-01,20303,203033,長野県,南佐久郡小海町,4905,121,153,204,221,218,200,204,220,234,300,303,323,432,356,346,337,309,249,130,40,5,733,2369,53,83,116,107,115,100,116,112,120,157,151,157,233,178,154,155,138,77,38,9,0,262,2536,68,70,88,114,103,100,88,108,114,143,152,166,199,178,192,182,171,172,92,31,5,471
2015,2015-01-01,20304,203041,長野県,南佐久郡川上村,4055,151,142,219,249,215,200,189,181,216,230,272,296,296,249,251,228,204,171,73,22,1,471,2046,80,77,117,130,118,107,96,101,103,121,137,154,167,132,127,107,86,64,19,3,0,172,2009,71,65,102,119,97,93,93,80,113,109,135,142,129,117,124,121,118,107,54,19,1,299
2015,2015-01-01,20305,203050,長野県,南佐久郡南牧村,3111,100,143,161,155,150,149,147,137,168,182,204,217,240,208,160,157,198,143,64,24,4,433,1500,46,71,80,75,75,72,74,69,85,91,112,113,131,122,70,65,86,43,14,5,1,149,1611,54,72,81,80,75,77,73,68,83,91,92,104,109,86,90,92,112,100,50,19,3,284
2015,2015-01-01,20306,203068,長野県,南佐久郡南相木村,1083,31,42,51,58,47,21,33,49,59,55,69,70,67,80,62,90,113,53,21,11,1,199,520,16,25,21,34,23,12,17,23,35,27,43,37,33,42,30,33,46,20,2,1,0,69,563,15,17,30,24,24,9,16,26,24,28,26,33,34,38,32,57,67,33,19,10,1,130
2015,2015-01-01,20307,203076,長野県,南佐久郡北相木村,787,19,24,38,28,43,30,20,28,26,44,52,71,46,44,55,54,78,58,22,6,1,165,381,9,14,26,15,17,17,11,14,18,24,21,38,30,27,23,20,29,20,6,2,0,57,406,10,10,12,13,26,13,9,14,8,20,31,33,16,17,32,34,49,38,16,4,1,108
2015,2015-01-01,20309,203092,長野県,南佐久郡佐久穂町,11839,371,417,473,610,543,514,490,577,651,697,752,852,972,852,814,687,714,531,261,51,10,1567,5773,186,210,248,300,276,273,277,291,335,358,376,442,504,446,376,318,304,166,75,11,1,557,6066,185,207,225,310,267,241,213,286,316,339,376,410,468,406,438,369,410,365,186,40,9,1010
2015,2015-01-01,20320,203203,長野県,北佐久郡,42458,1563,1836,2032,1973,1781,1937,2134,2533,3075,2976,2718,2730,3279,3377,2737,2029,1711,1279,583,148,27,3748,20837,798,914,1063,1065,911,957,1082,1287,1533,1534,1378,1356,1665,1676,1326,919,720,492,138,22,1,1373,21621,765,922,969,908,870,980,1052,1246,1542,1442,1340,1374,1614,1701,1411,1110,991,787,445,126,26,2375
2015,2015-01-01,20321,203211,長野県,北佐久郡軽井沢町,19724,717,809,862,873,772,810,947,1134,1461,1520,1260,1259,1586,1692,1384,994,770,546,252,63,13,1644,9455,371,382,446,491,365,380,461,543,687,788,614,615,797,830,648,451,316,199,60,10,1,586,10269,346,427,416,382,407,430,486,591,774,732,646,644,789,862,736,543,454,347,192,53,12,1058
2015,2015-01-01,20323,203238,長野県,北佐久郡御代田町,15100,613,759,827,721,662,851,851,1003,1145,986,938,960,1088,1026,859,637,532,400,191,41,10,1174,7612,304,393,452,374,362,452,453,528,604,506,490,476,553,521,420,293,222,161,43,5,0,431,7488,309,366,375,347,300,399,398,475,541,480,448,484,535,505,439,344,310,239,148,36,10,743
2015,2015-01-01,20324,203246,長野県,北佐久郡立科町,7634,233,268,343,379,347,276,336,396,469,470,520,511,605,659,494,398,409,333,140,44,4,930,3770,123,139,165,200,184,125,168,216,242,240,274,265,315,325,258,175,182,132,35,7,0,356,3864,110,129,178,179,163,151,168,180,227,230,246,246,290,334,236,223,227,201,105,37,4,574
2015,2015-01-01,20340,203408,長野県,小県郡,11209,329,433,426,488,427,463,462,533,578,594,683,789,939,942,821,674,734,561,259,57,17,1628,5510,152,233,223,245,214,261,234,293,301,310,356,405,479,477,412,307,284,230,79,11,4,608,5699,177,200,203,243,213,202,228,240,277,284,327,384,460,465,409,367,450,331,180,46,13,1020
2015,2015-01-01,20349,203491,長野県,小県郡青木村,4597,135,199,180,224,164,183,185,225,268,271,261,284,370,380,369,264,272,218,109,26,10,635,2238,61,104,90,117,83,112,87,121,138,139,139,134,189,191,188,120,111,80,29,4,1,225,2359,74,95,90,107,81,71,98,104,130,132,122,150,181,189,181,144,161,138,80,22,9,410
2015,2015-01-01,20350,203505,長野県,小県郡長和町,6612,194,234,246,264,263,280,277,308,310,323,422,505,569,562,452,410,462,343,150,31,7,993,3272,91,129,133,128,131,149,147,172,163,171,217,271,290,286,224,187,173,150,50,7,3,383,3340,103,105,113,136,132,131,130,136,147,152,205,234,279,276,228,223,289,193,100,24,4,610
2015,2015-01-01,20360,203602,長野県,諏訪郡,43694,1505,1853,1855,1976,1730,1791,2024,2515,2912,2626,2497,2739,3172,3556,3293,2608,2295,1702,811,195,39,5042,21378,778,961,913,1007,904,971,1061,1355,1527,1353,1322,1356,1557,1740,1555,1208,925,632,218,33,2,1810,22316,727,892,942,969,826,820,963,1160,1385,1273,1175,1383,1615,1816,1738,1400,1370,1070,593,162,37,3232
2015,2015-01-01,20361,203611,長野県,諏訪郡下諏訪町,20919,679,829,886,923,782,851,943,1224,1471,1296,1151,1111,1428,1742,1759,1417,1139,828,367,76,17,2427,10142,332,452,438,479,397,440,510,653,781,694,616,533,671,816,825,666,458,279,88,12,2,839,10777,347,377,448,444,385,411,433,571,690,602,535,578,757,926,934,751,681,549,279,64,15,1588
2015,2015-01-01,20362,203629,長野県,諏訪郡富士見町,14926,552,655,645,695,615,645,729,863,933,855,838,1035,1084,1137,1035,779,816,616,308,78,13,1831,7323,299,336,311,338,318,354,379,472,495,420,449,511,549,569,488,359,328,242,93,13,0,676,7603,253,319,334,357,297,291,350,391,438,435,389,524,535,568,547,420,488,374,215,65,13,1155
2015,2015-01-01,20363,203637,長野県,諏訪郡原村,7849,274,369,324,358,333,295,352,428,508,475,508,593,660,677,499,412,340,258,136,41,9,784,3913,147,173,164,190,189,177,172,230,251,239,257,312,337,355,242,183,139,111,37,8,0,295,3936,127,196,160,168,144,118,180,198,257,236,251,281,323,322,257,229,201,147,99,33,9,489
2015,2015-01-01,20380,203807,長野県,上伊那郡,83376,3467,3915,4147,4155,3704,3619,4262,5414,5964,5053,4812,4884,5880,6292,5578,4258,3776,2677,1169,307,43,7972,41177,1811,2005,2155,2160,1892,1918,2238,2808,3134,2600,2489,2423,2932,3040,2707,1884,1617,967,325,63,9,2981,42199,1656,1910,1992,1995,1812,1701,2024,2606,2830,2453,2323,2461,2948,3252,2871,2374,2159,1710,844,244,34,4991
2015,2015-01-01,20382,203823,長野県,上伊那郡辰野町,20229,667,807,938,963,843,764,863,1201,1347,1172,1092,1178,1553,1700,1594,1273,1074,757,346,82,15,2274,9926,343,406,483,504,440,426,461,633,710,610,552,565,772,810,791,554,470,273,100,20,3,866,10303,324,401,455,459,403,338,402,568,637,562,540,613,781,890,803,719,604,484,246,62,12,1408
2015,2015-01-01,20383,203831,長野県,上伊那郡箕輪町,24563,1051,1180,1273,1191,1063,1144,1325,1665,1905,1521,1399,1405,1714,1903,1545,1181,1008,716,287,80,7,2098,12296,580,587,679,622,533,623,703,878,1014,803,722,699,848,926,751,528,440,271,75,12,2,800,12267,471,593,594,569,530,521,622,787,891,718,677,706,866,977,794,653,568,445,212,68,5,1298
2015,2015-01-01,20384,203840,長野県,上伊那郡飯島町,9610,307,394,419,455,410,390,423,514,581,523,589,674,749,756,710,558,545,398,160,44,11,1158,4696,160,209,216,236,205,198,226,269,292,271,303,349,374,375,333,248,222,146,52,11,1,432,4914,147,185,203,219,205,192,197,245,289,252,286,325,375,381,377,310,323,252,108,33,10,726
2015,2015-01-01,20385,203858,長野県,上伊那郡南箕輪村,14798,823,817,780,787,731,758,926,1159,1144,934,874,804,923,918,802,562,489,352,158,52,5,1056,7382,425,430,406,399,400,381,478,596,594,484,457,401,463,449,384,256,210,119,41,8,1,379,7416,398,387,374,388,331,377,448,563,550,450,417,403,460,469,418,306,279,233,117,44,4,677
2015,2015-01-01,20386,203866,長野県,上伊那郡中川村,5101,207,231,220,242,249,214,275,279,269,266,312,339,400,380,355,262,271,197,112,19,2,601,2436,92,109,112,131,112,109,143,141,138,129,163,159,207,182,184,113,105,69,32,5,1,212,2665,115,122,108,111,137,105,132,138,131,137,149,180,193,198,171,149,166,128,80,14,1,389
2015,2015-01-01,20388,203882,長野県,上伊那郡宮田村,9075,412,486,517,517,408,349,450,596,718,637,546,484,541,635,572,422,389,257,106,30,3,785,4441,211,264,259,268,202,181,227,291,386,303,292,250,268,298,264,185,170,89,25,7,1,292,4634,201,222,258,249,206,168,223,305,332,334,254,234,273,337,308,237,219,168,81,23,2,493
2015,2015-01-01,20400,204005,長野県,下伊那郡,62441,2401,2710,3106,3146,2560,2502,2733,3363,3697,3447,3544,3960,4602,4557,4106,3769,3553,2866,1405,353,61,8238,30258,1255,1405,1569,1628,1291,1274,1438,1736,1877,1765,1784,1989,2364,2347,1930,1656,1442,1064,368,66,10,2950,32183,1146,1305,1537,1518,1269,1228,1295,1627,1820,1682,1760,1971,2238,2210,2176,2113,2111,1802,1037,287,51,5288
2015,2015-01-01,20402,204021,長野県,下伊那郡松川町,13655,501,546,667,765,630,547,641,769,869,856,849,866,1017,968,917,767,648,522,237,63,10,1480,6605,258,263,333,387,328,282,327,399,434,428,429,425,503,480,436,336,280,198,66,11,2,557,7050,243,283,334,378,302,265,314,370,435,428,420,441,514,488,481,431,368,324,171,52,8,923
2015,2015-01-01,20403,204030,長野県,下伊那郡高森町,13364,614,738,748,686,495,506,674,892,944,773,731,768,935,974,845,682,614,445,225,64,11,1359,6474,309,379,380,374,246,230,350,458,479,404,347,364,466,492,400,317,235,165,63,14,2,479,6890,305,359,368,312,249,276,324,434,465,369,384,404,469,482,445,365,379,280,162,50,9,880
2015,2015-01-01,20404,204048,長野県,下伊那郡阿南町,5001,140,159,191,213,216,173,182,178,201,233,312,329,396,396,368,381,362,334,183,45,9,933,2396,78,88,97,97,110,81,95,107,107,112,169,180,224,204,172,146,155,115,49,9,1,329,2605,62,71,94,116,106,92,87,71,94,121,143,149,172,192,196,235,207,219,134,36,8,604
2015,2015-01-01,20407,204072,長野県,下伊那郡阿智村,6671,275,277,337,348,301,296,288,326,351,342,404,436,526,495,386,383,375,302,175,35,13,900,3231,165,141,174,184,148,152,148,164,173,166,207,228,272,259,180,169,128,121,44,5,3,301,3440,110,136,163,164,153,144,140,162,178,176,197,208,254,236,206,214,247,181,131,30,10,599
2015,2015-01-01,20409,204099,長野県,下伊那郡平谷村,486,22,22,19,22,18,24,22,12,27,14,26,43,26,24,26,33,46,39,14,5,2,106,222,8,14,8,10,7,14,14,7,12,6,11,23,14,13,15,11,20,12,2,1,0,35,264,14,8,11,12,11,10,8,5,15,8,15,20,12,11,11,22,26,27,12,4,2,71
2015,2015-01-01,20410,204102,長野県,下伊那郡根羽村,1017,21,24,34,40,25,38,22,37,32,36,52,89,82,83,72,97,96,87,39,10,1,233,505,10,17,15,17,14,22,12,20,19,18,27,48,46,47,35,45,46,25,17,4,1,93,512,11,7,19,23,11,16,10,17,13,18,25,41,36,36,37,52,50,62,22,6,0,140
2015,2015-01-01,20411,204111,長野県,下伊那郡下條村,3970,163,197,240,228,180,152,152,237,233,209,225,243,275,267,217,215,221,194,95,20,7,537,1938,83,99,121,122,92,79,79,122,114,108,108,131,138,149,99,97,93,72,29,3,0,197,2032,80,98,119,106,88,73,73,115,119,101,117,112,137,118,118,118,128,122,66,17,7,340
2015,2015-01-01,20412,204129,長野県,下伊那郡売木村,602,18,22,25,26,16,23,20,20,24,29,35,32,39,46,48,61,51,38,18,9,2,118,277,9,11,15,14,9,11,9,9,13,14,14,18,19,27,15,29,19,14,6,2,0,41,325,9,11,10,12,7,12,11,11,11,15,21,14,20,19,33,32,32,24,12,7,2,77
2015,2015-01-01,20413,204137,長野県,下伊那郡天龍村,1488,20,23,36,31,37,49,34,44,46,60,58,78,129,136,138,183,167,130,70,18,1,386,695,9,11,12,16,18,23,23,27,26,35,37,39,72,71,63,83,71,42,15,1,1,130,793,11,12,24,15,19,26,11,17,20,25,21,39,57,65,75,100,96,88,55,17,0,256
2015,2015-01-01,20414,204145,長野県,下伊那郡泰阜村,1721,43,58,73,90,81,93,58,46,72,85,102,112,118,122,102,140,132,121,58,13,2,326,807,20,25,32,55,35,55,30,21,32,45,50,58,66,69,53,57,45,45,11,3,0,104,914,23,33,41,35,46,38,28,25,40,40,52,54,52,53,49,83,87,76,47,10,2,222
2015,2015-01-01,20415,204153,長野県,下伊那郡喬木村,6562,267,292,355,314,235,260,272,396,454,359,315,439,488,497,469,322,366,281,146,33,2,828,3204,126,161,194,165,120,136,145,200,244,193,155,223,246,245,237,143,138,100,29,4,0,271,3358,141,131,161,149,115,124,127,196,210,166,160,216,242,252,232,179,228,181,117,29,2,557
2015,2015-01-01,20416,204161,長野県,下伊那郡豊丘村,6823,283,327,343,351,291,305,348,365,406,399,373,466,501,459,422,368,366,294,124,32,0,816,3370,159,185,174,172,147,166,196,184,204,205,193,222,255,239,189,167,154,124,28,7,0,313,3453,124,142,169,179,144,139,152,181,202,194,180,244,246,220,233,201,212,170,96,25,0,503
2015,2015-01-01,20417,204170,長野県,下伊那郡大鹿村,1081,34,25,38,32,35,36,20,41,38,52,62,59,70,90,96,137,109,79,21,6,1,216,534,21,11,14,15,17,23,10,18,20,31,37,30,43,52,36,56,58,31,9,2,0,100,547,13,14,24,17,18,13,10,23,18,21,25,29,27,38,60,81,51,48,12,4,1,116
2015,2015-01-01,20420,204200,長野県,木曽郡,29315,861,966,1108,1250,1106,1058,1109,1308,1497,1614,1747,1899,2448,2417,2306,2169,2061,1456,720,184,31,4452,14091,417,507,559,646,593,573,559,713,818,849,910,1006,1266,1213,1011,931,836,469,182,30,3,1520,15224,444,459,549,604,513,485,550,595,679,765,837,893,1182,1204,1295,1238,1225,987,538,154,28,2932
2015,2015-01-01,20422,204226,長野県,木曽郡上松町,4906,137,144,183,211,187,183,210,195,237,268,299,329,399,373,382,354,378,273,109,47,8,815,2385,73,78,104,112,104,111,110,108,148,150,155,171,200,187,172,142,152,76,25,6,1,260,2521,64,66,79,99,83,72,100,87,89,118,144,158,199,186,210,212,226,197,84,41,7,555
2015,2015-01-01,20423,204234,長野県,木曽郡南木曽町,4524,147,174,163,179,164,159,166,215,198,247,253,303,373,360,353,328,305,247,150,33,7,742,2155,86,90,69,91,92,85,83,111,99,130,128,159,184,185,169,141,109,88,47,8,1,253,2369,61,84,94,88,72,74,83,104,99,117,125,144,189,175,184,187,196,159,103,25,6,489
2015,2015-01-01,20425,204251,長野県,木曽郡木祖村,3074,98,109,100,127,103,115,124,160,149,148,196,202,271,266,226,232,203,150,75,18,2,448,1459,40,52,52,69,50,67,61,78,87,76,102,103,145,123,98,99,82,53,20,2,0,157,1615,58,57,48,58,53,48,63,82,62,72,94,99,126,143,128,133,121,97,55,16,2,291
2015,2015-01-01,20429,204293,長野県,木曽郡王滝村,842,15,24,26,35,36,32,25,31,60,59,55,57,64,56,71,62,68,41,22,2,1,134,392,5,15,12,15,20,13,11,13,34,28,30,34,33,34,27,30,21,10,7,0,0,38,450,10,9,14,20,16,19,14,18,26,31,25,23,31,22,44,32,47,31,15,2,1,96
2015,2015-01-01,20430,204307,長野県,木曽郡大桑村,3995,102,114,179,198,152,152,139,168,196,220,239,228,343,319,310,306,309,193,101,24,3,630,1926,47,64,90,104,83,82,70,93,109,114,114,128,168,168,130,138,119,77,25,3,0,224,2069,55,50,89,94,69,70,69,75,87,106,125,100,175,151,180,168,190,116,76,21,3,406
2015,2015-01-01,20432,204323,長野県,木曽郡木曽町,11974,362,401,457,500,464,417,445,539,657,672,705,780,998,1043,964,887,798,552,263,60,10,1683,5774,166,208,232,255,244,215,224,310,341,351,381,411,536,516,415,381,353,165,58,11,1,588,6200,196,193,225,245,220,202,221,229,316,321,324,369,462,527,549,506,445,387,205,49,9,1095
2015,2015-01-01,20440,204404,長野県,東筑摩郡,23200,728,894,1059,1112,989,912,1038,1326,1512,1423,1397,1492,1716,1859,1588,1273,1250,975,482,144,31,2882,11363,387,459,533,583,498,476,522,715,795,758,730,774,864,924,774,581,504,338,111,31,6,990,11837,341,435,526,529,491,436,516,611,717,665,667,718,852,935,814,692,746,637,371,113,25,1892
2015,2015-01-01,20446,204463,長野県,東筑摩郡麻績村,2920,57,84,109,128,113,103,107,119,140,164,172,176,218,219,232,217,218,193,99,39,13,562,1365,31,47,53,58,54,45,54,70,71,83,88,107,104,118,105,104,85,61,18,7,2,173,1555,26,37,56,70,59,58,53,49,69,81,84,69,114,101,127,113,133,132,81,32,11,389
2015,2015-01-01,20448,204480,長野県,東筑摩郡生坂村,1942,68,61,74,71,70,72,78,87,108,100,107,128,151,145,152,145,145,108,53,18,1,325,956,41,28,33,40,33,34,39,43,57,69,59,68,73,80,79,60,64,38,13,5,0,120,986,27,33,41,31,37,38,39,44,51,31,48,60,78,65,73,85,81,70,40,13,1,205
2015,2015-01-01,20450,204501,長野県,東筑摩郡山形村,8706,345,435,492,429,380,386,454,613,713,580,514,526,598,709,493,342,296,247,119,32,3,697,4321,185,221,253,230,193,207,234,321,376,297,259,259,300,343,246,156,118,83,30,10,0,241,4385,160,214,239,199,187,179,220,292,337,283,255,267,298,366,247,186,178,164,89,22,3,456
2015,2015-01-01,20451,204510,長野県,東筑摩郡朝日村,4675,146,180,206,293,253,182,190,268,292,323,328,353,316,320,276,250,247,159,73,16,4,499,2292,72,94,100,155,120,95,89,144,144,169,171,187,164,157,133,120,101,59,14,3,1,178,2383,74,86,106,138,133,87,101,124,148,154,157,166,152,163,143,130,146,100,59,13,3,321
2015,2015-01-01,20452,204528,長野県,東筑摩郡筑北村,4957,112,134,178,191,173,169,209,239,259,256,276,309,433,466,435,319,344,268,138,39,10,799,2429,58,69,94,100,98,95,106,137,147,140,153,153,223,226,211,141,136,97,36,6,3,278,2528,54,65,84,91,75,74,103,102,112,116,123,156,210,240,224,178,208,171,102,33,7,521
2015,2015-01-01,20480,204803,長野県,北安曇郡,32108,1072,1224,1474,1492,1318,1179,1461,1964,2231,2032,1959,2037,2476,2788,2187,1734,1594,1153,561,152,20,3480,15651,528,623,748,769,669,635,763,1007,1141,1030,980,1047,1261,1372,1068,788,649,392,151,25,5,1222,16457,544,601,726,723,649,544,698,957,1090,1002,979,990,1215,1416,1119,946,945,761,410,127,15,2258
2015,2015-01-01,20481,204811,長野県,北安曇郡池田町,10277,322,375,440,435,404,339,457,621,660,610,558,654,794,972,762,577,572,429,225,60,11,1297,4926,175,191,223,225,181,180,236,331,352,322,260,320,384,473,368,268,230,132,63,9,3,437,5351,147,184,217,210,223,159,221,290,308,288,298,334,410,499,394,309,342,297,162,51,8,860
2015,2015-01-01,20482,204820,長野県,北安曇郡松川村,9935,348,386,513,503,473,407,455,626,700,630,616,618,694,824,658,503,487,306,147,39,2,981,4821,166,194,256,254,260,219,230,318,350,302,317,315,338,409,328,212,196,114,37,6,0,353,5114,182,192,257,249,213,188,225,308,350,328,299,303,356,415,330,291,291,192,110,33,2,628
2015,2015-01-01,20485,204854,長野県,北安曇郡白馬村,8847,321,359,394,427,338,335,424,542,677,606,583,598,745,762,533,411,341,272,134,41,4,792,4377,154,187,204,218,169,179,222,267,339,308,289,314,400,379,273,197,132,97,38,9,2,278,4470,167,172,190,209,169,156,202,275,338,298,294,284,345,383,260,214,209,175,96,32,2,514
2015,2015-01-01,20486,204862,長野県,北安曇郡小谷村,3049,81,104,127,127,103,98,125,175,194,186,202,167,243,230,234,243,194,146,55,12,3,410,1527,33,51,65,72,59,57,75,91,100,98,114,98,139,111,99,111,91,49,13,1,0,154,1522,48,53,62,55,44,41,50,84,94,88,88,69,104,119,135,132,103,97,42,11,3,256
2015,2015-01-01,20520,205206,長野県,埴科郡,15382,518,658,678,699,670,638,731,911,1028,937,879,903,1119,1271,1228,866,789,545,243,62,9,1648,7539,265,317,348,357,346,321,392,513,527,476,438,465,544,653,586,416,311,192,59,13,0,575,7843,253,341,330,342,324,317,339,398,501,461,441,438,575,618,642,450,478,353,184,49,9,1073
2015,2015-01-01,20521,205214,長野県,埴科郡坂城町,15382,518,658,678,699,670,638,731,911,1028,937,879,903,1119,1271,1228,866,789,545,243,62,9,1648,7539,265,317,348,357,346,321,392,513,527,476,438,465,544,653,586,416,311,192,59,13,0,575,7843,253,341,330,342,324,317,339,398,501,461,441,438,575,618,642,450,478,353,184,49,9,1073
2015,2015-01-01,20540,205401,長野県,上高井郡,18618,632,815,907,945,781,720,830,1099,1281,1131,1103,1177,1506,1582,1276,1003,843,598,287,86,16,1830,9091,345,405,496,486,376,362,416,568,672,562,530,574,739,811,635,447,360,219,65,21,2,667,9527,287,410,411,459,405,358,414,531,609,569,573,603,767,771,641,556,483,379,222,65,14,1163
2015,2015-01-01,20541,205419,長野県,上高井郡小布施町,11254,403,516,545,574,437,422,524,705,815,675,637,656,867,972,793,626,507,344,181,44,11,1087,5432,213,259,299,289,206,210,261,352,420,327,310,319,405,487,403,283,214,133,34,6,2,389,5822,190,257,246,285,231,212,263,353,395,348,327,337,462,485,390,343,293,211,147,38,9,698
2015,2015-01-01,20543,205435,長野県,上高井郡高山村,7364,229,299,362,371,344,298,306,394,466,456,466,521,639,610,483,377,336,254,106,42,5,743,3659,132,146,197,197,170,152,155,216,252,235,220,255,334,324,232,164,146,86,31,15,0,278,3705,97,153,165,174,174,146,151,178,214,221,246,266,305,286,251,213,190,168,75,27,5,465
2015,2015-01-01,20560,205605,長野県,下高井郡,22011,617,718,887,1043,952,800,918,1086,1219,1255,1378,1516,1870,1821,1494,1456,1368,1036,465,97,15,2981,10649,325,367,444,552,487,398,470,560,632,671,703,793,1004,912,707,617,529,357,109,10,2,1007,11362,292,351,443,491,465,402,448,526,587,584,675,723,866,909,787,839,839,679,356,87,13,1974
2015,2015-01-01,20561,205613,長野県,下高井郡山ノ内町,13300,345,414,509,646,573,467,528,647,750,791,828,892,1106,1135,997,899,835,613,262,60,3,1773,6453,174,223,264,339,289,220,272,335,388,434,428,467,596,550,464,389,316,228,69,8,0,621,6847,171,191,245,307,284,247,256,312,362,357,400,425,510,585,533,510,519,385,193,52,3,1152
2015,2015-01-01,20562,205621,長野県,下高井郡木島平村,4964,168,176,229,217,213,188,236,245,282,249,291,347,454,388,285,308,302,239,119,20,8,688,2427,95,79,108,126,108,103,115,128,153,132,145,184,248,209,141,133,116,76,25,2,1,220,2537,73,97,121,91,105,85,121,117,129,117,146,163,206,179,144,175,186,163,94,18,7,468
2015,2015-01-01,20563,205630,長野県,下高井郡野沢温泉村,3747,104,128,149,180,166,145,154,194,187,215,259,277,310,298,212,249,231,184,84,17,4,520,1769,56,65,72,87,90,75,83,97,91,105,130,142,160,153,102,95,97,53,15,0,1,166,1978,48,63,77,93,76,70,71,97,96,110,129,135,150,145,110,154,134,131,69,17,3,354
2015,2015-01-01,20580,205800,長野県,上水内郡,23648,605,798,963,974,908,880,927,1184,1354,1283,1444,1666,2135,2091,1768,1478,1434,1084,539,114,19,3190,11566,332,390,505,487,472,492,481,626,716,657,752,837,1112,1090,849,656,578,352,159,22,1,1112,12082,273,408,458,487,436,388,446,558,638,626,692,829,1023,1001,919,822,856,732,380,92,18,2078
2015,2015-01-01,20583,205834,長野県,上水内郡信濃町,9024,210,304,360,348,302,309,331,448,544,491,563,641,866,808,707,570,557,410,209,39,7,1222,4414,114,150,206,169,148,167,175,236,291,253,287,330,454,408,351,249,224,133,60,8,1,426,4610,96,154,154,179,154,142,156,212,253,238,276,311,412,400,356,321,333,277,149,31,6,796
2015,2015-01-01,20588,205885,長野県,上水内郡小川村,2820,72,90,105,95,80,84,113,124,159,132,137,185,207,226,230,193,245,192,117,27,7,588,1359,44,47,59,49,40,47,48,65,87,75,79,97,120,120,110,74,95,61,36,6,0,198,1461,28,43,46,46,40,37,65,59,72,57,58,88,87,106,120,119,150,131,81,21,7,390
2015,2015-01-01,20590,205907,長野県,上水内郡飯綱町,11804,323,404,498,531,526,487,483,612,651,660,744,840,1062,1057,831,715,632,482,213,48,5,1380,5793,174,193,240,269,284,278,258,325,338,329,386,410,538,562,388,333,259,158,63,8,0,488,6011,149,211,258,262,242,209,225,287,313,331,358,430,524,495,443,382,373,324,150,40,5,892
2015,2015-01-01,20600,206008,長野県,下水内郡,2095,49,42,76,78,58,72,51,79,70,71,110,155,167,184,144,178,192,184,104,27,4,511,995,24,23,42,34,30,41,25,41,36,38,59,86,89,112,60,74,86,62,24,8,1,181,1100,25,19,34,44,28,31,26,38,34,33,51,69,78,72,84,104,106,122,80,19,3,330
2015,2015-01-01,20602,206024,長野県,下水内郡栄村,2095,49,42,76,78,58,72,51,79,70,71,110,155,167,184,144,178,192,184,104,27,4,511,995,24,23,42,34,30,41,25,41,36,38,59,86,89,112,60,74,86,62,24,8,1,181,1100,25,19,34,44,28,31,26,38,34,33,51,69,78,72,84,104,106,122,80,19,3,330
2015,2015-01-01,21000,210005,岐阜県,,2044115,82480,90848,99712,103245,96280,98351,108339,129366,151364,131576,123954,123122,145440,157218,133309,104890,82769,52900,22431,5603,918,164621,996098,42367,46426,51077,52689,49134,50581,55898,66670,77460,65966,61262,60208,70780,76915,62767,46795,33772,18541,5599,1057,134,59103,1048017,40113,44422,48635,50556,47146,47770,52441,62696,73904,65610,62692,62914,74660,80303,70542,58095,48997,34359,16832,4546,784,105518
2015,2015-01-01,21201,212016,岐阜県,岐阜市,406960,16460,17742,19484,20135,19623,19748,21642,26247,31938,28257,25510,23629,26711,30377,27100,21569,16311,9505,3833,1000,139,30788,195535,8455,9037,9955,10286,9809,9861,10932,13295,16010,13945,12497,11646,12775,14341,12328,9298,6598,3281,971,201,14,11065,211425,8005,8705,9529,9849,9814,9887,10710,12952,15928,14312,13013,11983,13936,16036,14772,12271,9713,6224,2862,799,125,19723
2015,2015-01-01,21202,212024,岐阜県,大垣市,158662,6875,7137,7739,8044,7995,8466,9140,10543,11996,10510,9581,9241,10579,11226,9989,7937,6029,3718,1459,385,73,11664,77283,3516,3591,3864,4079,4109,4386,4775,5456,6168,5241,4647,4499,5112,5469,4593,3525,2448,1346,369,78,12,4253,81379,3359,3546,3875,3965,3886,4080,4365,5087,5828,5269,4934,4742,5467,5757,5396,4412,3581,2372,1090,307,61,7411
2015,2015-01-01,21203,212032,岐阜県,高山市,91057,3677,4073,4574,4590,3583,3749,4618,5645,6456,5557,5532,5351,6507,7156,6146,5115,4268,2904,1217,301,38,8728,43452,1915,2062,2299,2330,1810,1926,2306,2857,3300,2744,2744,2592,3168,3390,2773,2220,1719,974,273,46,4,3016,47605,1762,2011,2275,2260,1773,1823,2312,2788,3156,2813,2788,2759,3339,3766,3373,2895,2549,1930,944,255,34,5712
2015,2015-01-01,21204,212041,岐阜県,多治見市,112757,4194,4782,5193,5835,5670,5423,5846,6829,8258,7893,7204,7330,8350,9193,7603,5492,3933,2425,1002,251,51,7662,55032,2152,2463,2740,2939,2827,2721,3019,3499,4207,3950,3511,3529,4145,4492,3581,2553,1615,798,237,46,8,2704,57725,2042,2319,2453,2896,2843,2702,2827,3330,4051,3943,3693,3801,4205,4701,4022,2939,2318,1627,765,205,43,4958
2015,2015-01-01,21205,212059,岐阜県,関市,89854,3719,4146,4506,4532,4354,4346,4791,5829,6385,5462,5376,5785,6799,6988,5401,4126,3508,2443,1061,261,36,7309,44039,1923,2106,2292,2394,2212,2193,2474,3052,3269,2745,2597,2835,3324,3536,2619,1804,1463,862,277,56,6,2664,45815,1796,2040,2214,2138,2142,2153,2317,2777,3116,2717,2779,2950,3475,3452,2782,2322,2045,1581,784,205,30,4645
2015,2015-01-01,21206,212067,岐阜県,中津川市,80672,3224,3484,3902,3954,3513,3651,4127,4733,5309,4730,4861,5092,5841,6077,5144,4584,4032,2853,1194,317,50,8446,39223,1660,1820,1993,1984,1864,1933,2159,2488,2770,2397,2443,2512,2845,3017,2403,1993,1618,956,303,58,7,2942,41449,1564,1664,1909,1970,1649,1718,1968,2245,2539,2333,2418,2580,2996,3060,2741,2591,2414,1897,891,259,43,5504
2015,2015-01-01,21207,212075,岐阜県,美濃市,21638,735,811,861,992,971,996,1064,1208,1307,1201,1345,1479,1909,1774,1396,1185,1106,840,368,79,11,2404,10480,357,416,408,497,507,541,571,635,696,597,657,686,958,920,646,540,433,296,94,24,1,848,11158,378,395,453,495,464,455,493,573,611,604,688,793,951,854,750,645,673,544,274,55,10,1556
2015,2015-01-01,21208,212083,岐阜県,瑞浪市,38505,1438,1497,1837,2175,1904,1898,1953,2296,2586,2454,2349,2308,2763,2859,2503,2088,1750,1159,517,145,26,3597,18648,755,798,938,1145,927,969,1065,1189,1353,1194,1190,1127,1357,1419,1134,901,656,392,114,23,2,1187,19857,683,699,899,1030,977,929,888,1107,1233,1260,1159,1181,1406,1440,1369,1187,1094,767,403,122,24,2410
2015,2015-01-01,21209,212091,岐阜県,羽島市,67643,2842,3210,3597,3638,3146,3391,3512,4678,5575,4649,4227,3816,4730,5082,4306,3221,2167,1208,505,128,15,4023,33468,1469,1658,1893,1842,1626,1675,1762,2406,2907,2354,2124,1898,2320,2537,2100,1450,893,412,114,24,4,1447,34175,1373,1552,1704,1796,1520,1716,1750,2272,2668,2295,2103,1918,2410,2545,2206,1771,1274,796,391,104,11,2576
2015,2015-01-01,21210,212105,岐阜県,恵那市,52499,1922,2159,2436,2549,2253,2301,2454,2986,3354,2971,3111,3351,4095,4114,3469,2954,2793,2021,944,231,31,6020,25387,1013,1091,1302,1313,1151,1209,1291,1550,1735,1514,1574,1642,2020,2038,1605,1252,1094,729,223,37,4,2087,27112,909,1068,1134,1236,1102,1092,1163,1436,1619,1457,1537,1709,2075,2076,1864,1702,1699,1292,721,194,27,3933
2015,2015-01-01,21211,212113,岐阜県,美濃加茂市,51452,2634,2742,2708,2686,2625,2803,3184,3671,4078,3407,2943,2937,3216,3385,2719,2146,1760,1164,502,118,24,3568,25499,1295,1378,1406,1352,1363,1459,1652,1884,2102,1792,1448,1461,1619,1716,1320,939,726,426,134,22,5,1313,25953,1339,1364,1302,1334,1262,1344,1532,1787,1976,1615,1495,1476,1597,1669,1399,1207,1034,738,368,96,19,2255
2015,2015-01-01,21212,212121,岐阜県,土岐市,58884,2135,2450,2594,2772,2837,2776,2850,3425,4109,3707,3783,3582,4244,4535,4114,3546,2813,1699,692,194,27,5425,28550,1109,1262,1312,1431,1438,1434,1473,1775,2066,1924,1923,1730,2134,2185,1895,1576,1137,559,152,33,2,1883,30334,1026,1188,1282,1341,1399,1342,1377,1650,2043,1783,1860,1852,2110,2350,2219,1970,1676,1140,540,161,25,3542
2015,2015-01-01,21213,212130,岐阜県,各務原市,145699,6238,6941,7359,7333,6805,7421,8287,10050,11943,9821,8386,7739,9660,11705,9976,6924,4768,2775,1207,311,50,9111,72056,3193,3551,3748,3744,3500,3983,4321,5184,6160,4999,4254,3705,4506,5565,4906,3321,2011,1024,317,56,8,3416,73643,3045,3390,3611,3589,3305,3438,3966,4866,5783,4822,4132,4034,5154,6140,5070,3603,2757,1751,890,255,42,5695
2015,2015-01-01,21214,212148,岐阜県,可児市,95591,4083,4379,4736,4817,4475,4838,5552,6480,7426,6018,5447,5743,7200,8183,6402,4184,2846,1799,760,175,48,5628,47412,2081,2239,2399,2445,2332,2503,2937,3348,3774,3058,2671,2729,3460,3991,3281,2056,1204,660,205,30,9,2108,48179,2002,2140,2337,2372,2143,2335,2615,3132,3652,2960,2776,3014,3740,4192,3121,2128,1642,1139,555,145,39,3520
2015,2015-01-01,21215,212156,岐阜県,山県市,28100,838,1085,1333,1437,1304,1201,1235,1521,1828,1680,1801,2021,2379,2397,1981,1524,1244,861,350,66,14,2535,13777,446,559,671,730,676,633,658,822,918,864,873,997,1166,1239,945,669,503,304,87,15,2,911,14323,392,526,662,707,628,568,577,699,910,816,928,1024,1213,1158,1036,855,741,557,263,51,12,1624
2015,2015-01-01,21216,212164,岐阜県,瑞穂市,51439,2946,2866,2733,2681,2684,2987,3585,3999,4510,3480,2963,2731,3090,3298,2632,1798,1274,779,300,90,13,2456,25690,1549,1507,1410,1377,1401,1519,1847,2059,2328,1750,1456,1345,1501,1616,1308,817,549,259,72,18,2,900,25749,1397,1359,1323,1304,1283,1468,1738,1940,2182,1730,1507,1386,1589,1682,1324,981,725,520,228,72,11,1556
2015,2015-01-01,21217,212172,岐阜県,飛騨市,25780,798,944,1209,1189,905,920,1077,1342,1561,1509,1577,1563,1945,2144,1964,1822,1636,1050,483,118,24,3311,12416,386,479,635,586,485,504,572,726,804,765,818,777,952,1083,889,781,671,357,125,16,5,1174,13364,412,465,574,603,420,416,505,616,757,744,759,786,993,1061,1075,1041,965,693,358,102,19,2137
2015,2015-01-01,21218,212181,岐阜県,本巣市,34986,1378,1812,1880,2004,1595,1535,1826,2227,2700,2180,1874,2100,2612,2796,2216,1631,1286,843,373,104,14,2620,17120,709,943,979,1098,853,742,913,1130,1363,1106,914,1007,1256,1395,1059,747,513,284,89,17,3,906,17866,669,869,901,906,742,793,913,1097,1337,1074,960,1093,1356,1401,1157,884,773,559,284,87,11,1714
2015,2015-01-01,21219,212199,岐阜県,郡上市,44111,1549,1763,2023,2155,1887,1758,1852,2250,2557,2464,2877,2971,3459,3169,2790,2743,2737,1945,913,204,45,5844,21376,768,886,1087,1082,963,913,982,1156,1321,1232,1434,1531,1732,1604,1323,1206,1144,726,235,41,10,2156,22735,781,877,936,1073,924,845,870,1094,1236,1232,1443,1440,1727,1565,1467,1537,1593,1219,678,163,35,3688
2015,2015-01-01,21220,212202,岐阜県,下呂市,34640,1161,1320,1451,1655,1267,1195,1343,1721,2050,1927,2134,2198,2682,2853,2567,2489,2219,1503,692,175,38,4627,16608,605,690,760,856,652,630,686,906,1038,947,1048,1086,1334,1390,1158,1087,943,558,194,34,6,1735,18032,556,630,691,799,615,565,657,815,1012,980,1086,1112,1348,1463,1409,1402,1276,945,498,141,32,2892
2015,2015-01-01,21221,212211,岐阜県,海津市,36371,1160,1421,1683,1818,1765,1721,1767,2125,2412,2256,2315,2586,3215,3033,2405,1829,1426,958,356,109,11,2860,17837,572,730,848,917,881,928,898,1116,1231,1145,1153,1219,1608,1555,1189,820,580,336,91,16,4,1027,18534,588,691,835,901,884,793,869,1009,1181,1111,1162,1367,1607,1478,1216,1009,846,622,265,93,7,1833
2015,2015-01-01,21300,213004,岐阜県,羽島郡,46476,2359,2231,2404,2326,2248,2604,2988,3390,3982,3243,2613,2372,2717,3206,2949,2132,1456,805,364,73,14,2712,22843,1199,1128,1245,1145,1102,1290,1501,1773,2061,1645,1355,1182,1325,1534,1371,997,607,277,85,17,4,990,23633,1160,1103,1159,1181,1146,1314,1487,1617,1921,1598,1258,1190,1392,1672,1578,1135,849,528,279,56,10,1722
2015,2015-01-01,21302,213021,岐阜県,羽島郡岐南町,24224,1352,1216,1209,1257,1179,1425,1697,1854,2165,1689,1356,1254,1402,1602,1423,976,634,348,149,30,7,1168,12061,673,631,635,622,569,712,852,998,1132,869,714,629,696,768,666,462,271,118,32,9,3,433,12163,679,585,574,635,610,713,845,856,1033,820,642,625,706,834,757,514,363,230,117,21,4,735
2015,2015-01-01,21303,213039,岐阜県,羽島郡笠松町,22252,1007,1015,1195,1069,1069,1179,1291,1536,1817,1554,1257,1118,1315,1604,1526,1156,822,457,215,43,7,1544,10782,526,497,610,523,533,578,649,775,929,776,641,553,629,766,705,535,336,159,53,8,1,557,11470,481,518,585,546,536,601,642,761,888,778,616,565,686,838,821,621,486,298,162,35,6,987
2015,2015-01-01,21340,213403,岐阜県,養老郡,30560,1028,1285,1477,1469,1526,1451,1567,1812,2064,1813,1853,2120,2642,2550,1956,1453,1253,833,319,75,14,2494,14991,534,644,758,749,783,757,809,937,1120,894,893,1029,1318,1323,917,667,484,284,70,17,4,859,15569,494,641,719,720,743,694,758,875,944,919,960,1091,1324,1227,1039,786,769,549,249,58,10,1635
2015,2015-01-01,21341,213411,岐阜県,養老郡養老町,30560,1028,1285,1477,1469,1526,1451,1567,1812,2064,1813,1853,2120,2642,2550,1956,1453,1253,833,319,75,14,2494,14991,534,644,758,749,783,757,809,937,1120,894,893,1029,1318,1323,917,667,484,284,70,17,4,859,15569,494,641,719,720,743,694,758,875,944,919,960,1091,1324,1227,1039,786,769,549,249,58,10,1635
2015,2015-01-01,21360,213608,岐阜県,不破郡,35110,1285,1598,1726,1753,1642,1568,1749,2158,2513,2108,2044,2122,2686,2933,2386,1795,1495,980,452,101,16,3044,17241,690,818,871,906,851,820,922,1124,1300,1070,985,1035,1306,1455,1166,836,614,333,120,18,1,1086,17869,595,780,855,847,791,748,827,1034,1213,1038,1059,1087,1380,1478,1220,959,881,647,332,83,15,1958
2015,2015-01-01,21361,213616,岐阜県,不破郡垂井町,27498,1080,1335,1408,1407,1270,1281,1441,1799,2044,1657,1598,1604,2046,2210,1800,1305,1074,726,327,73,13,2213,13502,584,680,724,722,651,663,752,932,1057,828,767,789,993,1078,896,608,434,246,83,14,1,778,13996,496,655,684,685,619,618,689,867,987,829,831,815,1053,1132,904,697,640,480,244,59,12,1435
2015,2015-01-01,21362,213624,岐阜県,不破郡関ケ原町,7612,205,263,318,346,372,287,308,359,469,451,446,518,640,723,586,490,421,254,125,28,3,831,3739,106,138,147,184,200,157,170,192,243,242,218,246,313,377,270,228,180,87,37,4,0,308,3873,99,125,171,162,172,130,138,167,226,209,228,272,327,346,316,262,241,167,88,24,3,523
2015,2015-01-01,21380,213802,岐阜県,安八郡,44325,1879,2140,2362,2372,1994,2042,2418,3028,3536,2749,2383,2642,3279,3536,2917,2092,1513,966,374,84,19,2956,21876,932,1070,1199,1238,1021,1075,1222,1554,1856,1403,1193,1267,1590,1763,1426,990,620,346,92,19,0,1077,22449,947,1070,1163,1134,973,967,1196,1474,1680,1346,1190,1375,1689,1773,1491,1102,893,620,282,65,19,1879
2015,2015-01-01,21381,213811,岐阜県,安八郡神戸町,19577,740,853,979,997,884,876,987,1290,1481,1210,1021,1164,1497,1718,1460,1019,740,443,168,37,13,1401,9624,358,436,520,517,449,467,500,669,765,601,506,554,700,853,709,495,309,169,39,8,0,525,9953,382,417,459,480,435,409,487,621,716,609,515,610,797,865,751,524,431,274,129,29,13,876
2015,2015-01-01,21382,213829,岐阜県,安八郡輪之内町,9696,497,509,542,529,442,502,617,683,790,594,517,600,732,664,496,379,301,190,94,15,3,603,4799,259,238,264,275,228,268,309,361,416,304,265,289,367,336,254,165,118,57,25,1,0,201,4897,238,271,278,254,214,234,308,322,374,290,252,311,365,328,242,214,183,133,69,14,3,402
2015,2015-01-01,21383,213837,岐阜県,安八郡安八町,15052,642,778,841,846,668,664,814,1055,1265,945,845,878,1050,1154,961,694,472,333,112,32,3,952,7453,315,396,415,446,344,340,413,524,675,498,422,424,523,574,463,330,193,120,28,10,0,351,7599,327,382,426,400,324,324,401,531,590,447,423,454,527,580,498,364,279,213,84,22,3,601
2015,2015-01-01,21400,214001,岐阜県,揖斐郡,70888,2673,3219,3805,3856,3393,3261,3441,4144,5188,4320,4298,4341,5276,5669,4569,3576,2909,1858,858,207,27,5859,34523,1380,1661,1919,1956,1725,1677,1788,2137,2670,2090,2180,2138,2541,2796,2174,1607,1170,653,223,37,1,2084,36365,1293,1558,1886,1900,1668,1584,1653,2007,2518,2230,2118,2203,2735,2873,2395,1969,1739,1205,635,170,26,3775
2015,2015-01-01,21401,214019,岐阜県,揖斐郡揖斐川町,22731,681,852,1001,1039,950,963,1000,1166,1434,1173,1360,1531,1864,1995,1609,1449,1276,893,379,102,14,2664,10861,351,426,503,522,459,501,498,620,759,564,692,748,916,1018,720,637,519,297,93,17,1,927,11870,330,426,498,517,491,462,502,546,675,609,668,783,948,977,889,812,757,596,286,85,13,1737
2015,2015-01-01,21403,214035,岐阜県,揖斐郡大野町,23725,931,1170,1431,1383,1174,1125,1246,1460,1834,1560,1495,1384,1721,1818,1475,1021,749,471,228,46,3,1497,11666,487,613,738,692,621,565,653,741,943,758,746,670,806,884,736,457,297,185,63,11,0,556,12059,444,557,693,691,553,560,593,719,891,802,749,714,915,934,739,564,452,286,165,35,3,941
2015,2015-01-01,21404,214043,岐阜県,揖斐郡池田町,24432,1061,1197,1373,1434,1269,1173,1195,1518,1920,1587,1443,1426,1691,1856,1485,1106,884,494,251,59,10,1698,11996,542,622,678,742,645,611,637,776,968,768,742,720,819,894,718,513,354,171,67,9,0,601,12436,519,575,695,692,624,562,558,742,952,819,701,706,872,962,767,593,530,323,184,50,10,1097
2015,2015-01-01,21420,214205,岐阜県,本巣郡,17915,821,933,959,1047,950,974,1089,1250,1505,1229,1133,977,1116,1202,1029,736,516,307,108,29,5,965,8645,439,469,488,521,475,518,558,586,733,582,541,484,526,593,447,318,224,114,27,2,0,367,9270,382,464,471,526,475,456,531,664,772,647,592,493,590,609,582,418,292,193,81,27,5,598
2015,2015-01-01,21421,214213,岐阜県,本巣郡北方町,17915,821,933,959,1047,950,974,1089,1250,1505,1229,1133,977,1116,1202,1029,736,516,307,108,29,5,965,8645,439,469,488,521,475,518,558,586,733,582,541,484,526,593,447,318,224,114,27,2,0,367,9270,382,464,471,526,475,456,531,664,772,647,592,493,590,609,582,418,292,193,81,27,5,598
2015,2015-01-01,21500,215007,岐阜県,加茂郡,51350,1676,1857,2185,2470,2374,2252,2321,2622,2904,2840,3181,3578,4103,4181,3386,3181,2941,2104,952,212,30,6239,25046,853,958,1149,1255,1260,1205,1228,1399,1492,1437,1535,1799,2091,2133,1563,1366,1224,798,247,50,4,2323,26304,823,899,1036,1215,1114,1047,1093,1223,1412,1403,1646,1779,2012,2048,1823,1815,1717,1306,705,162,26,3916
2015,2015-01-01,21501,215015,岐阜県,加茂郡坂祝町,7740,316,349,334,374,423,449,458,525,525,454,483,559,604,647,416,313,260,155,74,20,2,511,3966,166,189,179,205,252,240,263,299,289,231,227,271,319,323,216,137,100,41,11,7,1,160,3774,150,160,155,169,171,209,195,226,236,223,256,288,285,324,200,176,160,114,63,13,1,351
2015,2015-01-01,21502,215023,岐阜県,加茂郡富加町,5596,257,250,235,290,257,295,316,367,313,307,356,368,457,445,335,253,240,167,71,15,2,495,2729,136,133,133,130,131,162,157,198,154,140,171,172,226,236,168,101,100,62,14,5,0,181,2867,121,117,102,160,126,133,159,169,159,167,185,196,231,209,167,152,140,105,57,10,2,314
2015,2015-01-01,21503,215031,岐阜県,加茂郡川辺町,10437,404,436,475,559,566,490,509,555,681,608,654,659,784,791,635,565,483,363,180,37,3,1066,5122,204,220,257,295,305,257,244,277,347,312,318,341,390,407,299,253,197,149,39,11,0,396,5315,200,216,218,264,261,233,265,278,334,296,336,318,394,384,336,312,286,214,141,26,3,670
2015,2015-01-01,21504,215040,岐阜県,加茂郡七宗町,4213,88,122,152,178,175,153,141,165,194,209,245,306,384,356,353,320,294,242,108,24,4,672,2006,44,57,77,94,82,82,76,92,106,101,114,163,192,175,157,142,128,89,29,6,0,252,2207,44,65,75,84,93,71,65,73,88,108,131,143,192,181,196,178,166,153,79,18,4,420
2015,2015-01-01,21505,215058,岐阜県,加茂郡八百津町,11752,337,369,504,547,495,464,508,549,665,661,706,865,936,1005,816,788,733,537,219,43,5,1537,5696,166,200,258,289,245,254,267,288,342,343,347,442,465,508,382,324,286,221,62,6,1,576,6056,171,169,246,258,250,210,241,261,323,318,359,423,471,497,434,464,447,316,157,37,4,961
2015,2015-01-01,21506,215066,岐阜県,加茂郡白川町,9114,215,265,360,416,371,317,299,359,431,452,551,678,746,743,638,742,715,515,228,61,12,1531,4325,105,126,180,194,194,159,172,190,205,236,262,332,407,387,272,326,307,185,71,13,2,578,4789,110,139,180,222,177,158,127,169,226,216,289,346,339,356,366,416,408,330,157,48,10,953
2015,2015-01-01,21507,215074,岐阜県,加茂郡東白川村,2498,59,66,125,106,87,84,90,102,95,149,186,143,192,194,193,200,216,125,72,12,2,427,1202,32,33,65,48,51,51,49,55,49,74,96,78,92,97,69,83,106,51,21,2,0,180,1296,27,33,60,58,36,33,41,47,46,75,90,65,100,97,124,117,110,74,51,10,2,247
2015,2015-01-01,21520,215201,岐阜県,可児郡,18513,688,749,863,852,929,991,990,1061,1231,1066,1159,1314,1509,1476,1174,910,705,536,247,51,12,1551,9221,380,379,464,440,493,529,535,573,664,532,558,664,741,755,588,411,280,181,49,4,1,515,9292,308,370,399,412,436,462,455,488,567,534,601,650,768,721,586,499,425,355,198,47,11,1036
2015,2015-01-01,21521,215210,岐阜県,可児郡御嵩町,18513,688,749,863,852,929,991,990,1061,1231,1066,1159,1314,1509,1476,1174,910,705,536,247,51,12,1551,9221,380,379,464,440,493,529,535,573,664,532,558,664,741,755,588,411,280,181,49,4,1,515,9292,308,370,399,412,436,462,455,488,567,534,601,650,768,721,586,499,425,355,198,47,11,1036
2015,2015-01-01,21600,216003,岐阜県,大野郡,1678,65,72,93,109,63,84,71,96,103,75,94,103,126,121,120,108,75,59,29,9,3,175,824,32,33,45,52,38,48,42,54,44,50,46,57,50,65,60,48,31,16,10,2,1,60,854,33,39,48,57,25,36,29,42,59,25,48,46,76,56,60,60,44,43,19,7,2,115
2015,2015-01-01,21604,216046,岐阜県,大野郡白川村,1678,65,72,93,109,63,84,71,96,103,75,94,103,126,121,120,108,75,59,29,9,3,175,824,32,33,45,52,38,48,42,54,44,50,46,57,50,65,60,48,31,16,10,2,1,60,854,33,39,48,57,25,36,29,42,59,25,48,46,76,56,60,60,44,43,19,7,2,115
2015,2015-01-01,22000,220001,静岡県,,3714790,151592,162156,172464,175255,168324,185302,207933,241526,279078,245990,226109,229336,266510,280348,242941,187643,146220,93863,39762,10678,1760,292283,1834688,77935,83082,89026,89902,87287,97688,108760,125869,144561,126962,115099,115665,132698,137003,114869,84779,59069,32447,9762,1982,243,103503,1880102,73657,79074,83438,85353,81037,87614,99173,115657,134517,119028,111010,113671,133812,143345,128072,102864,87151,61416,30000,8696,1517,188780
2015,2015-01-01,22100,221007,静岡県,静岡市,707742,27488,28830,31252,32553,32556,34826,38912,45412,54337,48963,43870,42232,49889,53497,48963,37463,28791,17969,7521,2081,337,56699,345249,14228,14834,16065,16782,16878,17923,19880,23268,27843,24706,22111,21006,24688,25703,22860,16691,11496,6121,1771,351,44,19783,362493,13260,13996,15187,15771,15678,16903,19032,22144,26494,24257,21759,21226,25201,27794,26103,20772,17295,11848,5750,1730,293,36916
2015,2015-01-01,22101,221015,静岡県,静岡市葵区,256059,9993,10543,11233,11403,11270,12078,13984,16178,19378,17261,16049,15810,18276,19343,17801,13630,10942,7040,2886,838,123,21829,123579,5186,5471,5768,5840,5670,6027,6992,8240,9838,8600,7952,7782,8998,9148,8267,6163,4402,2387,661,164,23,7637,132480,4807,5072,5465,5563,5600,6051,6992,7938,9540,8661,8097,8028,9278,10195,9534,7467,6540,4653,2225,674,100,14192
2015,2015-01-01,22102,221023,静岡県,静岡市駿河区,209062,8932,8906,9359,9775,10381,11383,12624,14446,17023,15260,12939,12026,13722,14529,13166,10195,7427,4422,1949,505,93,14396,103343,4625,4604,4787,5053,5440,5945,6504,7433,8755,7803,6591,6084,6789,7012,6085,4674,3041,1561,456,92,9,5159,105719,4307,4302,4572,4722,4941,5438,6120,7013,8268,7457,6348,5942,6933,7517,7081,5521,4386,2861,1493,413,84,9237
2015,2015-01-01,22103,221031,静岡県,静岡市清水区,242621,8563,9381,10660,11375,10905,11365,12304,14788,17936,16442,14882,14396,17891,19625,17996,13638,10422,6507,2686,738,121,20474,118327,4417,4759,5510,5889,5768,5951,6384,7595,9250,8303,7568,7140,8901,9543,8508,5854,4053,2173,654,95,12,6987,124294,4146,4622,5150,5486,5137,5414,5920,7193,8686,8139,7314,7256,8990,10082,9488,7784,6369,4334,2032,643,109,13487
2015,2015-01-01,22130,221309,静岡県,浜松市,789360,34499,36030,37535,37495,36172,41700,46890,52781,60441,52521,47971,48742,53462,56056,47862,38205,30353,19445,8480,2298,422,60998,392784,17836,18520,19538,19228,18680,21867,24592,27486,31174,27333,24731,24888,26783,27686,22806,17480,12557,6909,2171,451,68,22156,396576,16663,17510,17997,18267,17492,19833,22298,25295,29267,25188,23240,23854,26679,28370,25056,20725,17796,12536,6309,1847,354,38842
2015,2015-01-01,22131,221317,静岡県,浜松市中区,231671,9727,9785,10437,10811,11353,12891,14178,15297,18100,16583,14935,14645,15260,15817,13595,11034,8901,5432,2229,559,102,17223,115117,5015,4958,5427,5574,6004,6853,7445,7902,9243,8663,7651,7610,7653,7694,6349,4895,3562,1923,579,102,15,6181,116554,4712,4827,5010,5237,5349,6038,6733,7395,8857,7920,7284,7035,7607,8123,7246,6139,5339,3509,1650,457,87,11042
2015,2015-01-01,22132,221325,静岡県,浜松市東区,126721,6194,6116,6381,5940,5714,7023,8065,9012,10544,8650,7502,7126,7962,8694,7681,5867,4157,2500,1188,338,67,8250,63527,3262,3170,3360,3069,2918,3487,4253,4705,5512,4561,3888,3667,4053,4197,3644,2762,1788,849,296,72,14,3019,63194,2932,2946,3021,2871,2796,3536,3812,4307,5032,4089,3614,3459,3909,4497,4037,3105,2369,1651,892,266,53,5231
2015,2015-01-01,22133,221333,静岡県,浜松市西区,111270,4889,5565,5796,5703,4842,5431,6291,7605,8929,7508,6599,6626,7292,8058,6648,5291,4104,2613,1108,305,67,8197,55325,2476,2845,3041,3006,2470,2873,3319,3905,4505,3920,3431,3311,3615,4006,3186,2468,1693,923,270,51,11,2948,55945,2413,2720,2755,2697,2372,2558,2972,3700,4424,3588,3168,3315,3677,4052,3462,2823,2411,1690,838,254,56,5249
2015,2015-01-01,22134,221341,静岡県,浜松市南区,99786,4144,4471,4839,4873,4548,5559,5917,6767,7716,6705,5977,5934,6542,7290,6492,5002,3709,2123,875,260,43,7010,50159,2118,2321,2498,2446,2372,3078,3180,3546,4013,3553,3161,3044,3235,3537,3141,2330,1586,728,225,44,3,2586,49627,2026,2150,2341,2427,2176,2481,2737,3221,3703,3152,2816,2890,3307,3753,3351,2672,2123,1395,650,216,40,4424
2015,2015-01-01,22135,221350,静岡県,浜松市北区,93391,3945,4235,4321,4611,4350,4659,5272,5947,6533,5686,5698,6164,7029,6971,5476,4270,3740,2797,1278,350,59,8224,46085,1998,2214,2293,2330,2212,2338,2739,3173,3406,2826,2910,3083,3519,3546,2657,1945,1492,993,326,73,12,2896,47306,1947,2021,2028,2281,2138,2321,2533,2774,3127,2860,2788,3081,3510,3425,2819,2325,2248,1804,952,277,47,5328
2015,2015-01-01,22136,221368,静岡県,浜松市浜北区,94894,4901,5032,4743,4363,4060,4904,5994,6884,7223,5819,5301,5828,6593,6578,5534,4321,3298,2218,982,275,43,6816,47275,2604,2606,2390,2212,2060,2557,3043,3569,3751,3018,2688,2868,3240,3328,2681,2056,1445,828,270,54,7,2604,47619,2297,2426,2353,2151,2000,2347,2951,3315,3472,2801,2613,2960,3353,3250,2853,2265,1853,1390,712,221,36,4212
2015,2015-01-01,22137,221376,静岡県,浜松市天竜区,31627,699,826,1018,1194,1305,1233,1173,1269,1396,1570,1959,2419,2784,2648,2436,2420,2444,1762,820,211,41,5278,15296,363,406,529,591,644,681,613,686,744,792,1002,1305,1468,1378,1148,1024,991,665,205,55,6,1922,16331,336,420,489,603,661,552,560,583,652,778,957,1114,1316,1270,1288,1396,1453,1097,615,156,35,3356
2015,2015-01-01,22203,222038,静岡県,沼津市,199152,6709,7833,8590,9215,8840,9529,10230,12354,15380,13994,12785,12537,14785,15806,14090,10695,8060,5014,2053,554,99,15780,98303,3428,3984,4361,4717,4582,5334,5440,6494,8022,7281,6495,6397,7381,7679,6623,4680,3192,1626,483,95,9,5405,100849,3281,3849,4229,4498,4258,4195,4790,5860,7358,6713,6290,6140,7404,8127,7467,6015,4868,3388,1570,459,90,10375
2015,2015-01-01,22205,222054,静岡県,熱海市,38098,816,921,1038,1342,1347,1236,1213,1568,2266,2258,2171,2242,3164,4239,4075,3269,2530,1596,616,169,22,4933,17253,405,451,542,665,650,613,652,775,1141,1149,1078,1097,1503,1912,1731,1319,880,517,139,32,2,1570,20845,411,470,496,677,697,623,561,793,1125,1109,1093,1145,1661,2327,2344,1950,1650,1079,477,137,20,3363
2015,2015-01-01,22206,222062,静岡県,三島市,110783,4487,4898,5182,5263,5116,5275,5773,7290,8749,7976,7051,6741,7889,8388,7494,5551,4046,2362,971,241,40,7660,54265,2307,2527,2633,2706,2619,2698,2998,3719,4438,4097,3553,3338,3912,3958,3504,2533,1649,807,226,38,5,2725,56518,2180,2371,2549,2557,2497,2577,2775,3571,4311,3879,3498,3403,3977,4430,3990,3018,2397,1555,745,203,35,4935
2015,2015-01-01,22207,222071,静岡県,富士宮市,133409,5506,6204,6501,6510,5819,6681,7678,8754,10344,8725,7943,8358,10087,9998,8577,6249,4657,3149,1289,323,57,9475,65885,2827,3179,3442,3370,3027,3454,4085,4646,5333,4521,3969,4154,5011,4829,4110,2782,1764,1018,302,54,8,3146,67524,2679,3025,3059,3140,2792,3227,3593,4108,5011,4204,3974,4204,5076,5169,4467,3467,2893,2131,987,269,49,6329
2015,2015-01-01,22208,222089,静岡県,伊東市,71694,2041,2350,2895,2822,2404,2360,2646,3606,4837,4610,4066,4146,5754,7495,7146,5254,3680,2299,955,287,41,7262,33856,1060,1179,1477,1454,1215,1215,1349,1804,2456,2338,2022,2077,2703,3494,3267,2329,1421,712,237,42,5,2417,37838,981,1171,1418,1368,1189,1145,1297,1802,2381,2272,2044,2069,3051,4001,3879,2925,2259,1587,718,245,36,4845
2015,2015-01-01,22209,222097,静岡県,島田市,100021,4005,4369,4628,4708,4512,4883,5428,6095,6986,6077,6021,6397,7298,7601,6462,5273,4430,3063,1340,385,60,9278,49132,2048,2193,2424,2426,2290,2526,2801,3173,3640,3109,3051,3214,3663,3714,3048,2426,1860,1112,337,67,10,3386,50889,1957,2176,2204,2282,2222,2357,2627,2922,3346,2968,2970,3183,3635,3887,3414,2847,2570,1951,1003,318,50,5892
2015,2015-01-01,22210,222101,静岡県,富士市,253283,10372,11502,12588,12916,12062,12518,14004,16453,20073,18157,16083,15747,17567,18172,16157,12318,8630,5129,2159,582,94,16594,125277,5302,5801,6440,6415,6235,6579,7446,8568,10348,9465,8164,7941,8972,8793,7560,5550,3334,1736,508,105,15,5698,128006,5070,5701,6148,6501,5827,5939,6558,7885,9725,8692,7919,7806,8595,9379,8597,6768,5296,3393,1651,477,79,10896
2015,2015-01-01,22211,222119,静岡県,磐田市,164661,7059,7682,7788,7666,7536,8639,9705,11177,12095,9962,9718,10523,12452,12675,10080,7513,6160,4009,1724,424,74,12391,82787,3639,3907,4023,4008,3996,4774,5127,5849,6386,5162,5013,5337,6268,6388,4971,3502,2499,1422,416,85,15,4437,81874,3420,3775,3765,3658,3540,3865,4578,5328,5709,4800,4705,5186,6184,6287,5109,4011,3661,2587,1308,339,59,7954
2015,2015-01-01,22212,222127,静岡県,焼津市,139962,5596,6274,6752,6824,6367,6683,7516,9278,10400,9327,8554,8497,9930,10970,9514,7110,5348,3273,1369,317,63,10370,69054,2831,3323,3563,3495,3258,3450,3726,4839,5427,4799,4356,4288,4841,5270,4594,3267,2215,1125,322,55,10,3727,70908,2765,2951,3189,3329,3109,3233,3790,4439,4973,4528,4198,4209,5089,5700,4920,3843,3133,2148,1047,262,53,6643
2015,2015-01-01,22213,222135,静岡県,掛川市,114392,5264,5380,5466,5272,5264,6283,7059,7790,7899,6866,7057,7676,8766,7992,6086,5070,4297,3159,1366,331,49,9202,57208,2684,2768,2823,2658,2708,3344,3741,4156,4169,3569,3510,3898,4495,4158,2920,2282,1788,1110,357,67,3,3325,57184,2580,2612,2643,2614,2556,2939,3318,3634,3730,3297,3547,3778,4271,3834,3166,2788,2509,2049,1009,264,46,5877
2015,2015-01-01,22214,222143,静岡県,藤枝市,145411,6257,6471,6783,7150,6330,6867,8128,9808,10836,9273,8586,9157,10775,11246,9660,7159,5545,3492,1507,338,43,10925,71374,3180,3306,3511,3696,3238,3479,4115,5072,5513,4690,4252,4476,5125,5443,4729,3402,2371,1297,406,68,5,4147,74037,3077,3165,3272,3454,3092,3388,4013,4736,5323,4583,4334,4681,5650,5803,4931,3757,3174,2195,1101,270,38,6778
2015,2015-01-01,22215,222151,静岡県,御殿場市,87562,4157,4498,4568,4360,4432,4841,6010,6627,7184,5956,5020,4922,5731,5480,4676,3678,2898,1665,654,185,20,5422,44865,2103,2289,2361,2300,2557,2760,3272,3590,3820,3242,2641,2523,2845,2694,2176,1614,1268,615,161,32,2,2078,42697,2054,2209,2207,2060,1875,2081,2738,3037,3364,2714,2379,2399,2886,2786,2500,2064,1630,1050,493,153,18,3344
2015,2015-01-01,22216,222160,静岡県,袋井市,84154,4372,4400,4258,3964,3898,4940,5807,6284,6464,5173,4792,5364,5857,5589,4203,3259,2653,1837,774,234,32,5530,42439,2297,2301,2176,2036,1987,2551,3091,3353,3432,2745,2415,2710,3021,2852,2035,1496,1054,660,185,40,2,1941,41715,2075,2099,2082,1928,1911,2389,2716,2931,3032,2428,2377,2654,2836,2737,2168,1763,1599,1177,589,194,30,3589
2015,2015-01-01,22219,222194,静岡県,下田市,23472,658,760,892,911,737,799,877,1173,1519,1445,1451,1559,1888,2336,2157,1622,1306,845,407,110,20,2688,11332,333,399,471,471,381,456,429,617,820,737,771,789,936,1116,969,719,507,279,104,26,2,918,12140,325,361,421,440,356,343,448,556,699,708,680,770,952,1220,1188,903,799,566,303,84,18,1770
2015,2015-01-01,22220,222208,静岡県,裾野市,52574,2633,2505,2576,2433,2449,3226,3598,3757,4032,3333,3136,3091,3753,3714,3068,2224,1590,954,382,104,16,3046,26808,1370,1257,1330,1252,1354,1849,1943,2036,2107,1721,1637,1601,1834,1854,1498,1078,642,344,78,21,2,1087,25766,1263,1248,1246,1181,1095,1377,1655,1721,1925,1612,1499,1490,1919,1860,1570,1146,948,610,304,83,14,1959
2015,2015-01-01,22221,222216,静岡県,湖西市,58511,2421,2563,2965,2829,2787,3090,3306,3937,4591,4064,3476,3419,4199,4437,3585,2597,2103,1377,552,184,29,4245,29762,1237,1306,1507,1434,1525,1735,1819,2117,2442,2209,1855,1735,2109,2244,1765,1226,838,492,127,39,1,1497,28749,1184,1257,1458,1395,1262,1355,1487,1820,2149,1855,1621,1684,2090,2193,1820,1371,1265,885,425,145,28,2748
2015,2015-01-01,22222,222224,静岡県,伊豆市,32792,817,1031,1294,1432,1376,1187,1259,1603,1950,2016,2081,2243,2877,3072,2603,2126,1789,1248,591,165,32,3825,15700,400,503,659,727,697,616,668,821,1022,983,1060,1124,1439,1541,1228,928,701,401,148,30,4,1284,17092,417,528,635,705,679,571,591,782,928,1033,1021,1119,1438,1531,1375,1198,1088,847,443,135,28,2541
2015,2015-01-01,22223,222232,静岡県,御前崎市,33170,1369,1413,1610,1588,1676,1808,1810,2073,2317,1903,2036,2265,2559,2531,1795,1510,1356,999,398,130,24,2907,16812,706,729,796,784,943,1007,1016,1112,1254,1032,1065,1150,1350,1291,873,677,550,336,108,31,2,1027,16358,663,684,814,804,733,801,794,961,1063,871,971,1115,1209,1240,922,833,806,663,290,99,22,1880
2015,2015-01-01,22224,222241,静岡県,菊川市,45346,2062,2166,2204,2085,2094,2595,2758,3109,3074,2535,2623,2946,3476,3363,2445,2038,1714,1331,555,148,25,3773,22722,1019,1092,1126,1066,1048,1396,1500,1641,1666,1334,1325,1486,1734,1768,1171,956,706,496,145,42,5,1394,22624,1043,1074,1078,1019,1046,1199,1258,1468,1408,1201,1298,1460,1742,1595,1274,1082,1008,835,410,106,20,2379
2015,2015-01-01,22225,222259,静岡県,伊豆の国市,49484,1789,2024,2238,2342,2266,2162,2403,3135,3641,3176,2933,3013,3775,4326,3567,2639,2006,1324,526,168,31,4055,23890,921,1070,1146,1178,1059,1098,1230,1584,1843,1622,1457,1515,1815,2098,1707,1144,806,433,130,29,5,1403,25594,868,954,1092,1164,1207,1064,1173,1551,1798,1554,1476,1498,1960,2228,1860,1495,1200,891,396,139,26,2652
2015,2015-01-01,22226,222267,静岡県,牧之原市,46592,1781,1932,2011,2288,2247,2429,2428,2779,3002,2633,2889,3432,3639,3482,2661,2320,2175,1551,715,177,21,4639,22981,906,970,1040,1126,1143,1310,1302,1494,1602,1360,1452,1770,1879,1752,1280,973,881,532,170,38,1,1622,23611,875,962,971,1162,1104,1119,1126,1285,1400,1273,1437,1662,1760,1730,1381,1347,1294,1019,545,139,20,3017
2015,2015-01-01,22300,223000,静岡県,賀茂郡,45899,1115,1407,1716,1819,1289,1255,1532,1982,2725,2591,2497,2887,4273,4798,4377,3401,2940,2091,903,257,44,6235,21868,540,678,893,885,675,653,786,1008,1416,1332,1296,1452,2095,2359,2014,1557,1182,745,237,55,10,2229,24031,575,729,823,934,614,602,746,974,1309,1259,1201,1435,2178,2439,2363,1844,1758,1346,666,202,34,4006
2015,2015-01-01,22301,223018,静岡県,賀茂郡東伊豆町,13191,301,374,476,574,429,388,458,541,837,831,758,796,1223,1444,1359,986,715,459,174,63,5,1416,6267,137,170,258,271,217,192,231,280,441,416,394,376,585,722,622,452,284,167,43,9,0,503,6924,164,204,218,303,212,196,227,261,396,415,364,420,638,722,737,534,431,292,131,54,5,913
2015,2015-01-01,22302,223026,静岡県,賀茂郡河津町,7704,241,288,307,303,215,238,290,401,484,431,449,437,697,739,668,515,458,337,153,40,13,1001,3715,127,131,144,145,122,116,147,209,247,228,242,216,360,347,306,251,195,128,43,9,2,377,3989,114,157,163,158,93,122,143,192,237,203,207,221,337,392,362,264,263,209,110,31,11,624
2015,2015-01-01,22304,223042,静岡県,賀茂郡南伊豆町,8880,234,293,343,320,214,217,288,370,548,484,437,565,886,972,804,593,557,471,212,64,8,1312,4230,113,139,185,163,106,106,160,186,279,259,221,295,428,503,380,267,210,154,58,16,2,440,4650,121,154,158,157,108,111,128,184,269,225,216,270,458,469,424,326,347,317,154,48,6,872
2015,2015-01-01,22305,223051,静岡県,賀茂郡松崎町,7299,170,205,287,318,191,207,256,316,371,388,408,532,644,725,664,541,523,349,164,36,4,1076,3466,78,106,154,151,104,118,129,158,187,201,197,289,324,337,311,241,197,133,42,8,1,381,3833,92,99,133,167,87,89,127,158,184,187,211,243,320,388,353,300,326,216,122,28,3,695
2015,2015-01-01,22306,223069,静岡県,賀茂郡西伊豆町,8825,169,247,303,304,240,205,240,354,485,457,445,557,823,918,882,766,687,475,200,54,14,1430,4190,85,132,152,155,126,121,119,175,262,228,242,276,398,450,395,346,296,163,51,13,5,528,4635,84,115,151,149,114,84,121,179,223,229,203,281,425,468,487,420,391,312,149,41,9,902
2015,2015-01-01,22320,223204,静岡県,田方郡,38345,1523,1555,1770,1785,1724,1785,2043,2519,2875,2537,2329,2214,2862,3312,2892,1975,1349,866,327,91,12,2645,18781,811,800,921,919,871,894,1043,1311,1444,1296,1196,1090,1358,1574,1384,959,550,270,72,16,2,910,19564,712,755,849,866,853,891,1000,1208,1431,1241,1133,1124,1504,1738,1508,1016,799,596,255,75,10,1735
2015,2015-01-01,22325,223255,静岡県,田方郡函南町,38345,1523,1555,1770,1785,1724,1785,2043,2519,2875,2537,2329,2214,2862,3312,2892,1975,1349,866,327,91,12,2645,18781,811,800,921,919,871,894,1043,1311,1444,1296,1196,1090,1358,1574,1384,959,550,270,72,16,2,910,19564,712,755,849,866,853,891,1000,1208,1431,1241,1133,1124,1504,1738,1508,1016,799,596,255,75,10,1735
2015,2015-01-01,22340,223409,静岡県,駿東郡,93223,4604,4748,4770,5100,4475,4798,5831,6951,7639,6669,5525,5130,5571,5835,5426,4173,3137,1875,769,168,29,5978,46687,2380,2459,2399,2765,2365,2576,3070,3628,4004,3431,2851,2653,2741,2812,2527,1898,1256,641,200,28,3,2128,46536,2224,2289,2371,2335,2110,2222,2761,3323,3635,3238,2674,2477,2830,3023,2899,2275,1881,1234,569,140,26,3850
2015,2015-01-01,22341,223417,静岡県,駿東郡清水町,31638,1459,1513,1676,1681,1561,1494,1809,2178,2728,2441,1898,1738,1861,2097,1970,1540,1065,616,246,55,12,1994,15481,750,819,842,840,780,735,940,1121,1395,1251,951,895,879,1001,892,706,418,196,64,6,0,684,16157,709,694,834,841,781,759,869,1057,1333,1190,947,843,982,1096,1078,834,647,420,182,49,12,1310
2015,2015-01-01,22342,223425,静岡県,駿東郡長泉町,42139,2386,2339,2275,2475,1822,2212,2931,3451,3588,3046,2519,2119,2265,2383,2332,1705,1236,692,282,73,8,2291,21163,1233,1153,1137,1464,919,1160,1486,1763,1886,1558,1315,1100,1110,1133,1099,792,501,259,76,17,2,855,20976,1153,1186,1138,1011,903,1052,1445,1688,1702,1488,1204,1019,1155,1250,1233,913,735,433,206,56,6,1436
2015,2015-01-01,22344,223441,静岡県,駿東郡小山町,19446,759,896,819,944,1092,1092,1091,1322,1323,1182,1108,1273,1445,1355,1124,928,836,567,241,40,9,1693,10043,397,487,420,461,666,681,644,744,723,622,585,658,752,678,536,400,337,186,60,5,1,589,9403,362,409,399,483,426,411,447,578,600,560,523,615,693,677,588,528,499,381,181,35,8,1104
2015,2015-01-01,22420,224201,静岡県,榛原郡,36574,1505,1608,1740,1744,1710,1891,2040,2198,2403,2283,2257,2399,2652,2574,2168,1928,1658,1154,517,134,11,3474,18137,757,838,910,897,881,983,1066,1171,1257,1227,1166,1224,1370,1295,982,866,685,401,132,28,1,1247,18437,748,770,830,847,829,908,974,1027,1146,1056,1091,1175,1282,1279,1186,1062,973,753,385,106,10,2227
2015,2015-01-01,22424,224243,静岡県,榛原郡吉田町,28937,1325,1446,1528,1466,1431,1628,1795,1921,2110,1915,1797,1847,2028,1940,1563,1241,944,649,285,72,6,1956,14397,673,754,795,752,717,844,942,1009,1104,1020,933,920,1025,962,712,566,384,211,60,13,1,669,14540,652,692,733,714,714,784,853,912,1006,895,864,927,1003,978,851,675,560,438,225,59,5,1287
2015,2015-01-01,22429,224294,静岡県,榛原郡川根本町,7637,180,162,212,278,279,263,245,277,293,368,460,552,624,634,605,687,714,505,232,62,5,1518,3740,84,84,115,145,164,139,124,162,153,207,233,304,345,333,270,300,301,190,72,15,0,578,3897,96,78,97,133,115,124,121,115,140,161,227,248,279,301,335,387,413,315,160,47,5,940
2015,2015-01-01,22460,224600,静岡県,周智郡,19124,687,802,854,839,839,1016,1049,1033,1019,967,1188,1457,1580,1364,1152,1024,1019,787,342,93,13,2254,9477,380,419,449,442,425,548,573,537,542,472,607,732,827,726,537,445,417,290,90,17,2,816,9647,307,383,405,397,414,468,476,496,477,495,581,725,753,638,615,579,602,497,252,76,11,1438
2015,2015-01-01,22461,224618,静岡県,周智郡森町,19124,687,802,854,839,839,1016,1049,1033,1019,967,1188,1457,1580,1364,1152,1024,1019,787,342,93,13,2254,9477,380,419,449,442,425,548,573,537,542,472,607,732,827,726,537,445,417,290,90,17,2,816,9647,307,383,405,397,414,468,476,496,477,495,581,725,753,638,615,579,602,497,252,76,11,1438
2015,2015-01-01,23000,230006,愛知県,,7297292,332842,341496,355673,362795,373094,416777,458349,521074,609744,518174,443932,398015,449969,509828,440460,326707,232768,134731,54489,14063,2311,438362,3659627,170996,175103,182722,186109,195902,222172,242859,272189,317909,270719,228245,202484,222749,248760,210585,150823,96237,47048,13299,2425,292,159301,3637665,161846,166393,172951,176686,177192,194605,215490,248885,291835,247455,215687,195531,227220,261068,229875,175884,136531,87683,41190,11638,2019,279061
2015,2015-01-01,23100,231002,愛知県,名古屋市,2194944,95280,93574,94730,98541,112134,132192,144545,157912,182982,160102,139988,121356,133063,150229,130870,103063,76870,44419,17854,4494,746,144383,1088170,48880,47840,48740,49947,56765,68939,75748,81780,94526,83100,71618,62115,67171,73766,61170,45191,30628,15128,4232,783,103,50874,1106774,46400,45734,45990,48594,55369,63253,68797,76132,88456,77002,68370,59241,65892,76463,69700,57872,46242,29291,13622,3711,643,93509
2015,2015-01-01,23101,231011,愛知県,名古屋市千種区,152699,6646,6409,6136,6161,7454,8799,10096,11229,13251,11689,10014,8680,9187,10375,8627,7001,5707,3393,1424,355,66,10945,73536,3383,3247,3119,3114,3845,4609,5161,5527,6512,5913,5066,4354,4486,4826,3824,2869,2136,1141,341,60,3,3681,79163,3263,3162,3017,3047,3609,4190,4935,5702,6739,5776,4948,4326,4701,5549,4803,4132,3571,2252,1083,295,63,7264
2015,2015-01-01,23102,231029,愛知県,名古屋市東区,71612,3143,2692,2448,2552,3432,4928,5283,5730,6199,5346,4672,4143,4297,4815,3873,3066,2503,1633,670,167,20,4993,34347,1622,1400,1290,1261,1661,2519,2659,2778,3039,2738,2299,2012,2148,2335,1727,1253,885,541,152,24,4,1606,37265,1521,1292,1158,1291,1771,2409,2624,2952,3160,2608,2373,2131,2149,2480,2146,1813,1618,1092,518,143,16,3387
2015,2015-01-01,23103,231037,愛知県,名古屋市北区,158969,6105,5991,6278,6706,7622,9040,9542,10465,12490,11068,10042,9182,10593,12032,10662,8796,6663,3879,1387,364,62,12355,77672,3123,3046,3207,3388,3821,4763,4938,5394,6482,5659,5081,4644,5316,5856,4867,3722,2618,1302,371,68,6,4365,81297,2982,2945,3071,3318,3801,4277,4604,5071,6008,5409,4961,4538,5277,6176,5795,5074,4045,2577,1016,296,56,7990
2015,2015-01-01,23104,231045,愛知県,名古屋市西区,141933,6040,5624,5794,6153,7174,8828,9582,10420,12208,10623,9177,7467,8348,9265,8608,7279,5137,2795,1080,276,55,9343,70837,3054,2881,3020,3045,3681,4530,5048,5466,6452,5634,4780,3959,4247,4616,3887,3210,2090,937,244,49,7,3327,71096,2986,2743,2774,3108,3493,4298,4534,4954,5756,4989,4397,3508,4101,4649,4721,4069,3047,1858,836,227,48,6016
2015,2015-01-01,23105,231053,愛知県,名古屋市中村区,128057,4729,4190,4096,4619,6653,9124,9042,8864,9678,8493,7895,7074,8133,9586,8560,7177,5430,3058,1284,315,57,10144,64893,2408,2144,2112,2388,3223,4937,4916,4912,5216,4634,4190,3838,4302,4915,4059,3088,2211,1031,297,62,10,3611,63164,2321,2046,1984,2231,3430,4187,4126,3952,4462,3859,3705,3236,3831,4671,4501,4089,3219,2027,987,253,47,6533
2015,2015-01-01,23106,231061,愛知県,名古屋市中区,72152,2511,1864,1696,1951,4444,7251,6974,6051,6007,5274,4436,4016,4120,4586,3584,2925,2236,1452,605,137,32,4462,36325,1248,946,823,998,2088,3811,3856,3277,3318,2870,2433,2103,2164,2269,1548,1163,795,457,134,18,6,1410,35827,1263,918,873,953,2356,3440,3118,2774,2689,2404,2003,1913,1956,2317,2036,1762,1441,995,471,119,26,3052
2015,2015-01-01,23107,231070,愛知県,名古屋市昭和区,97296,4006,3903,3770,3913,5586,6317,6154,6829,7588,6955,6471,5638,5931,6493,5523,4530,3764,2502,1070,309,44,7689,47494,2125,2000,1962,2016,2904,3256,3165,3444,3810,3460,3290,2825,2987,3224,2555,1931,1402,815,267,50,6,2540,49802,1881,1903,1808,1897,2682,3061,2989,3385,3778,3495,3181,2813,2944,3269,2968,2599,2362,1687,803,259,38,5149
2015,2015-01-01,23108,231088,愛知県,名古屋市瑞穂区,103385,4220,4202,4330,4359,4856,5832,6482,7243,8246,7186,6739,6052,6569,7502,6302,5036,4118,2604,1165,284,58,8229,50301,2199,2135,2173,2174,2346,2963,3377,3652,4238,3676,3315,3056,3326,3709,2954,2166,1559,932,294,49,8,2842,53084,2021,2067,2157,2185,2510,2869,3105,3591,4008,3510,3424,2996,3243,3793,3348,2870,2559,1672,871,235,50,5387
2015,2015-01-01,23109,231096,愛知県,名古屋市熱田区,62913,2459,2211,2301,2399,3268,3910,4032,4288,5041,4345,4140,3924,4224,4565,3770,3111,2563,1554,625,156,27,4925,31320,1255,1111,1182,1203,1710,2119,2160,2212,2679,2262,2121,1992,2232,2298,1799,1295,975,511,164,36,4,1690,31593,1204,1100,1119,1196,1558,1791,1872,2076,2362,2083,2019,1932,1992,2267,1971,1816,1588,1043,461,120,23,3235
2015,2015-01-01,23110,231100,愛知県,名古屋市中川区,214280,9487,9344,9792,10630,11384,12962,13934,15378,18001,15325,13406,11141,12677,14475,13173,10124,7206,3875,1539,366,61,13047,106948,4860,4764,5119,5382,5658,6640,7288,8133,9505,7942,6908,5735,6457,7091,6289,4421,3008,1332,347,62,7,4756,107332,4627,4580,4673,5248,5726,6322,6646,7245,8496,7383,6498,5406,6220,7384,6884,5703,4198,2543,1192,304,54,8291
2015,2015-01-01,23111,231118,愛知県,名古屋市港区,141777,5261,6219,6571,7170,7666,8010,8148,9121,11323,9977,8890,8166,9619,10570,9240,6989,4891,2621,1054,230,41,8837,71717,2723,3126,3412,3693,4025,4297,4402,4824,5987,5355,4600,4234,5000,5338,4497,3170,1947,813,229,42,3,3034,70060,2538,3093,3159,3477,3641,3713,3746,4297,5336,4622,4290,3932,4619,5232,4743,3819,2944,1808,825,188,38,5803
2015,2015-01-01,23112,231126,愛知県,名古屋市南区,133647,4895,4819,5131,5792,6676,7435,8057,8298,9799,8840,8350,8004,9311,10590,9390,7479,5767,3252,1364,347,51,10781,68181,2500,2472,2640,2911,3452,4080,4399,4505,5409,4715,4404,4244,4975,5506,4677,3435,2329,1113,342,62,11,3857,65466,2395,2347,2491,2881,3224,3355,3658,3793,4390,4125,3946,3760,4336,5084,4713,4044,3438,2139,1022,285,40,6924
2015,2015-01-01,23113,231134,愛知県,名古屋市守山区,168073,8603,8728,8311,8124,7758,8743,10856,12816,15028,12296,9947,8381,9525,11406,10105,7521,5317,2958,1283,317,50,9925,83561,4337,4490,4230,4157,4066,4536,5635,6604,7786,6390,5109,4249,4655,5482,4765,3546,2142,1048,281,48,5,3524,84512,4266,4238,4081,3967,3692,4207,5221,6212,7242,5906,4838,4132,4870,5924,5340,3975,3175,1910,1002,269,45,6401
2015,2015-01-01,23114,231142,愛知県,名古屋市緑区,237730,12411,12695,12741,12288,11555,12758,15835,18267,20902,17598,14691,12484,13540,15336,13237,9540,6460,3564,1421,362,45,11852,118196,6501,6534,6516,6309,5786,6410,8101,9376,10620,9036,7467,6319,6588,7439,6364,4401,2764,1262,331,63,9,4429,119534,5910,6161,6225,5979,5769,6348,7734,8891,10282,8562,7224,6165,6952,7897,6873,5139,3696,2302,1090,299,36,7423
2015,2015-01-01,23115,231151,愛知県,名古屋市名東区,157583,7790,7871,8132,8022,8165,8972,10262,11841,14202,12805,10475,8441,8613,9470,7917,6036,4520,2773,967,269,40,8569,76537,3935,4030,4213,4035,4095,4564,5120,5912,6921,6525,5216,4125,4052,4479,3609,2613,1818,998,226,45,6,3093,81046,3855,3841,3919,3987,4070,4408,5142,5929,7281,6280,5259,4316,4561,4991,4308,3423,2702,1775,741,224,34,5476
2015,2015-01-01,23116,231169,愛知県,名古屋市天白区,152838,6974,6812,7203,7702,8441,9283,10266,11072,13019,12282,10643,8563,8376,9163,8299,6453,4588,2506,916,240,37,8287,76305,3607,3514,3722,3873,4404,4905,5523,5764,6552,6291,5339,4426,4236,4383,3749,2908,1949,895,212,45,8,3109,76533,3367,3298,3481,3829,4037,4378,4743,5308,6467,5991,5304,4137,4140,4780,4550,3545,2639,1611,704,195,29,5178
2015,2015-01-01,23201,232017,愛知県,豊橋市,365269,16356,17070,18324,19020,19081,19427,21995,25055,29343,24755,22392,21554,23812,26272,21555,15995,11900,7368,2998,863,134,23263,183381,8416,8714,9366,9754,10363,10294,11720,13162,15561,12935,11452,10978,11795,13001,10243,7300,4848,2566,747,154,12,8327,181888,7940,8356,8958,9266,8718,9133,10275,11893,13782,11820,10940,10576,12017,13271,11312,8695,7052,4802,2251,709,122,14936
2015,2015-01-01,23202,232025,愛知県,岡崎市,372063,18831,18545,18892,19013,19149,22163,24864,27259,30340,25665,22934,21518,23897,24882,19624,13988,10566,6489,2649,674,121,20499,188264,9694,9662,9722,9783,10011,11893,13335,14310,16073,13430,11745,10969,11915,12330,9674,6484,4252,2215,643,104,20,7234,183799,9137,8883,9170,9230,9138,10270,11529,12949,14267,12235,11189,10549,11982,12552,9950,7504,6314,4274,2006,570,101,13265
2015,2015-01-01,23203,232033,愛知県,一宮市,381646,16423,18373,19806,20005,18247,18613,20935,26071,32508,28400,23221,20331,23867,27450,25228,19340,12626,6683,2719,687,113,22828,187540,8565,9353,10104,10062,9076,9344,10741,13281,16711,14459,11695,10164,11624,12904,11879,9083,5334,2351,682,114,14,8495,194106,7858,9020,9702,9943,9171,9269,10194,12790,15797,13941,11526,10167,12243,14546,13349,10257,7292,4332,2037,573,99,14333
2015,2015-01-01,23204,232041,愛知県,瀬戸市,127951,4910,5768,6068,6282,5945,5738,6510,8496,10360,8792,7892,7303,8573,10539,9401,6717,4706,2563,1070,275,43,8657,63005,2484,2991,3066,3310,3035,2970,3383,4399,5357,4475,4007,3644,4093,5029,4482,3178,1952,856,244,43,7,3102,64946,2426,2777,3002,2972,2910,2768,3127,4097,5003,4317,3885,3659,4480,5510,4919,3539,2754,1707,826,232,36,5555
2015,2015-01-01,23205,232050,愛知県,半田市,116253,5082,5344,6222,6331,6274,6624,6660,7775,9577,8529,7653,6645,7077,7780,6708,5044,3692,2158,839,201,38,6928,58343,2645,2772,3258,3336,3257,3474,3568,4083,4982,4302,3940,3409,3595,3788,3241,2268,1510,701,182,31,1,2425,57910,2437,2572,2964,2995,3017,3150,3092,3692,4595,4227,3713,3236,3482,3992,3467,2776,2182,1457,657,170,37,4503
2015,2015-01-01,23206,232068,愛知県,春日井市,304638,14519,14718,15587,15538,14367,16028,18458,22742,27196,21728,17241,15072,18548,22515,20240,14088,8807,4690,1966,514,76,16053,152013,7482,7458,7954,7875,7419,8298,9542,11737,14166,11441,8815,7493,8826,10737,9711,6927,3881,1674,482,86,9,6132,152625,7037,7260,7633,7663,6948,7730,8916,11005,13030,10287,8426,7579,9722,11778,10529,7161,4926,3016,1484,428,67,9921
2015,2015-01-01,23207,232076,愛知県,豊川市,180245,8268,8653,9176,9251,8805,9730,10515,12553,14787,11881,10633,10207,11662,13334,11173,8099,5824,3606,1586,436,66,11518,90085,4205,4422,4711,4767,4718,5185,5571,6594,7771,6241,5381,5089,5740,6425,5441,3662,2444,1233,390,85,10,4162,90160,4063,4231,4465,4484,4087,4545,4944,5959,7016,5640,5252,5118,5922,6909,5732,4437,3380,2373,1196,351,56,7356
2015,2015-01-01,23208,232084,愛知県,津島市,63522,2198,2773,3313,3582,3185,2764,3023,4088,5416,4644,4009,3453,4136,4880,4560,3329,2265,1252,508,116,28,4169,31260,1156,1399,1693,1822,1646,1429,1569,2083,2771,2418,1998,1755,2005,2321,2101,1615,927,404,132,11,5,1479,32262,1042,1374,1620,1760,1539,1335,1454,2005,2645,2226,2011,1698,2131,2559,2459,1714,1338,848,376,105,23,2690
2015,2015-01-01,23209,232092,愛知県,碧南市,68756,3055,3381,3649,3636,3929,4124,4043,4532,5262,4768,4263,3913,4408,4254,3900,2981,2440,1468,585,138,27,4658,35003,1588,1737,1920,1916,2131,2251,2248,2445,2775,2551,2177,1991,2253,2166,1818,1358,977,523,147,28,3,1678,33753,1467,1644,1729,1720,1798,1873,1795,2087,2487,2217,2086,1922,2155,2088,2082,1623,1463,945,438,110,24,2980
2015,2015-01-01,23210,232106,愛知県,刈谷市,145054,7776,6867,7264,7815,8566,10973,10929,10976,12325,10520,8643,7127,7977,8805,6927,4924,3591,1969,816,222,42,6640,76188,4006,3512,3717,4089,4893,6477,6205,6087,6599,5655,4668,3752,3954,4449,3370,2323,1505,692,190,37,8,2432,68866,3770,3355,3547,3726,3673,4496,4724,4889,5726,4865,3975,3375,4023,4356,3557,2601,2086,1277,626,185,34,4208
2015,2015-01-01,23211,232114,愛知県,豊田市,408494,18421,20001,20707,21606,23883,26858,27611,29137,33395,28061,23811,22722,25465,29131,22569,15010,10104,6420,2700,752,130,20106,213164,9471,10245,10717,11397,13696,15719,15510,15781,17840,15010,12610,11663,12481,14701,11345,7381,4379,2358,704,138,18,7597,195330,8950,9756,9990,10209,10187,11139,12101,13356,15555,13051,11201,11059,12984,14430,11224,7629,5725,4062,1996,614,112,12509
2015,2015-01-01,23212,232122,愛知県,安城市,179380,9440,9529,9701,9864,9563,11004,12041,13418,15607,13561,11014,9218,10255,11157,8875,6493,4631,2657,1016,284,52,8640,92027,4851,4951,4987,5163,5176,6081,6480,7140,8162,7203,5891,4879,5010,5582,4238,3036,1914,950,269,59,5,3197,87353,4589,4578,4714,4701,4387,4923,5561,6278,7445,6358,5123,4339,5245,5575,4637,3457,2717,1707,747,225,47,5443
2015,2015-01-01,23213,232131,愛知県,西尾市,164295,7570,8085,8240,8605,8735,9100,9747,11020,12661,10704,9770,9614,11138,11722,9238,7201,5771,3557,1420,329,67,11144,82658,3859,4138,4251,4411,4663,5023,5251,5749,6736,5601,4932,4874,5593,5925,4450,3238,2337,1229,343,48,7,3964,81637,3711,3947,3989,4194,4072,4077,4496,5271,5925,5103,4838,4740,5545,5797,4788,3963,3434,2328,1077,281,60,7180
2015,2015-01-01,23214,232149,愛知県,蒲郡市,79518,3015,3408,3597,3888,3878,4139,4152,4757,5871,5315,5115,4803,5222,6091,5554,4377,3413,1936,770,189,28,6336,39364,1534,1802,1868,2006,2026,2169,2205,2490,3127,2753,2599,2450,2582,2914,2614,1937,1413,647,198,28,2,2288,40154,1481,1606,1729,1882,1852,1970,1947,2267,2744,2562,2516,2353,2640,3177,2940,2440,2000,1289,572,161,26,4048
2015,2015-01-01,23215,232157,愛知県,犬山市,73065,2821,3528,3643,3716,3254,3263,3870,5152,6049,5109,4119,3810,4761,5917,5441,3756,2549,1524,608,154,21,4856,36247,1405,1792,1895,1924,1682,1764,2021,2641,3128,2709,2117,1846,2229,2775,2650,1827,1094,559,150,34,5,1842,36818,1416,1736,1748,1792,1572,1499,1849,2511,2921,2400,2002,1964,2532,3142,2791,1929,1455,965,458,120,16,3014
2015,2015-01-01,23216,232165,愛知県,常滑市,56960,2873,2923,2682,2548,2858,3454,3755,4167,4251,3517,3129,3067,3385,3849,3473,2838,2143,1319,571,143,15,4191,28239,1462,1487,1351,1306,1458,1801,1953,2184,2263,1834,1606,1546,1715,1886,1663,1262,857,445,126,33,1,1462,28721,1411,1436,1331,1242,1400,1653,1802,1983,1988,1683,1523,1521,1670,1963,1810,1576,1286,874,445,110,14,2729
2015,2015-01-01,23217,232173,愛知県,江南市,99719,4077,4652,5192,5169,4792,4751,5217,6717,8423,7345,6067,5304,6343,7485,6997,5050,3378,1837,722,167,34,6138,49113,2087,2395,2677,2706,2406,2438,2666,3408,4288,3789,3032,2616,3051,3591,3273,2386,1442,669,163,29,1,2304,50606,1990,2257,2515,2463,2386,2313,2551,3309,4135,3556,3035,2688,3292,3894,3724,2664,1936,1168,559,138,33,3834
2015,2015-01-01,23219,232190,愛知県,小牧市,146514,6730,7044,7413,7513,7792,8413,8743,10488,12759,10453,8442,7945,9305,10702,9378,6407,3873,2057,826,197,34,6987,74628,3462,3625,3789,3894,4162,4620,4726,5544,6709,5605,4361,4050,4574,5214,4550,3142,1644,721,203,29,4,2601,71886,3268,3419,3624,3619,3630,3793,4017,4944,6050,4848,4081,3895,4731,5488,4828,3265,2229,1336,623,168,30,4386
2015,2015-01-01,23220,232203,愛知県,稲沢市,136057,5973,6074,6715,6899,6545,7090,7970,9475,11143,9422,8157,7719,9050,10209,8927,6416,4446,2470,1006,310,41,8273,67483,3052,3157,3454,3460,3437,3733,4053,4915,5668,4858,4069,3815,4422,4914,4319,3065,1869,927,239,55,2,3092,68574,2921,2917,3261,3439,3108,3357,3917,4560,5475,4564,4088,3904,4628,5295,4608,3351,2577,1543,767,255,39,5181
2015,2015-01-01,23221,232211,愛知県,新城市,48444,1640,1858,2173,2354,2107,2106,2435,2735,2874,2620,2876,3370,3946,4032,3228,2714,2531,1795,793,222,35,5376,23832,847,963,1148,1167,1092,1118,1299,1488,1502,1305,1430,1653,1986,2078,1566,1203,1045,653,228,53,8,1987,24612,793,895,1025,1187,1015,988,1136,1247,1372,1315,1446,1717,1960,1954,1662,1511,1486,1142,565,169,27,3389
2015,2015-01-01,23222,232220,愛知県,東海市,111323,6058,5729,5843,5562,6641,7429,7681,8621,9304,7463,5992,5656,6141,6813,6226,4624,3165,1633,582,142,18,5540,58304,3137,2965,3011,3008,4040,4363,4176,4608,5011,4061,3134,3003,3167,3331,2953,2215,1323,606,167,21,4,2121,53019,2921,2764,2832,2554,2601,3066,3505,4013,4293,3402,2858,2653,2974,3482,3273,2409,1842,1027,415,121,14,3419
2015,2015-01-01,23223,232238,愛知県,大府市,87097,4909,4630,4685,4279,4318,5438,6412,6992,7955,6090,4660,4061,4791,5517,4907,3359,2180,1228,521,144,21,4094,44587,2480,2334,2404,2262,2434,3093,3437,3593,4123,3228,2479,2072,2355,2670,2427,1633,923,465,141,29,5,1563,42510,2429,2296,2281,2017,1884,2345,2975,3399,3832,2862,2181,1989,2436,2847,2480,1726,1257,763,380,115,16,2531
2015,2015-01-01,23224,232246,愛知県,知多市,84197,3570,4089,4264,4278,4017,4333,4779,5871,7020,5536,4793,4819,5842,6576,5860,3969,2453,1428,546,142,12,4581,42582,1878,2078,2185,2189,2130,2335,2563,3055,3726,2887,2482,2373,2894,3121,3004,1942,1037,539,138,25,1,1740,41615,1692,2011,2079,2089,1887,1998,2216,2816,3294,2649,2311,2446,2948,3455,2856,2027,1416,889,408,117,11,2841
2015,2015-01-01,23225,232254,愛知県,知立市,66486,3353,3125,3338,3499,3676,4680,4806,4865,5748,5064,4168,3494,3546,3946,3321,2602,1795,968,380,98,14,3255,34897,1704,1704,1701,1830,1969,2730,2716,2690,3130,2789,2225,1835,1880,1906,1582,1247,796,363,87,12,1,1259,31589,1649,1421,1637,1669,1707,1950,2090,2175,2618,2275,1943,1659,1666,2040,1739,1355,999,605,293,86,13,1996
2015,2015-01-01,23226,232262,愛知県,尾張旭市,81308,3642,4135,4278,4129,3968,3846,4580,5792,7282,5931,4953,4389,5048,5913,5236,3608,2491,1359,548,155,25,4578,39913,1846,2099,2183,2093,2018,1949,2292,2904,3700,3042,2475,2153,2366,2815,2523,1704,1104,484,139,20,4,1751,41395,1796,2036,2095,2036,1950,1897,2288,2888,3582,2889,2478,2236,2682,3098,2713,1904,1387,875,409,135,21,2827
2015,2015-01-01,23227,232271,愛知県,高浜市,44020,2238,2494,2455,2359,2564,2808,2921,3326,3679,3234,2810,2266,2291,2364,2054,1700,1321,746,302,70,18,2457,22794,1134,1282,1286,1231,1446,1619,1596,1798,1970,1718,1522,1206,1199,1182,954,746,558,252,83,10,2,905,21226,1104,1212,1169,1128,1118,1189,1325,1528,1709,1516,1288,1060,1092,1182,1100,954,763,494,219,60,16,1552
2015,2015-01-01,23228,232289,愛知県,岩倉市,45603,1987,1936,2071,2121,2175,2567,2829,3259,3984,3371,2770,2401,2969,3347,3104,2175,1400,745,299,87,6,2537,22809,1027,995,1073,1041,1080,1315,1502,1694,2117,1729,1456,1199,1483,1583,1494,1049,613,274,77,8,0,972,22794,960,941,998,1080,1095,1252,1327,1565,1867,1642,1314,1202,1486,1764,1610,1126,787,471,222,79,6,1565
2015,2015-01-01,23229,232297,愛知県,豊明市,66277,2812,2899,3340,3491,3406,3659,3820,4546,5625,4768,3975,3436,4227,4913,4529,3159,2051,1108,400,96,17,3672,33536,1475,1558,1711,1775,1740,1933,2048,2384,2959,2463,2099,1765,2042,2385,2181,1552,941,394,107,24,0,1466,32741,1337,1341,1629,1716,1666,1726,1772,2162,2666,2305,1876,1671,2185,2528,2348,1607,1110,714,293,72,17,2206
2015,2015-01-01,23230,232301,愛知県,日進市,85820,5038,4912,4694,4627,4229,4691,6161,6996,7764,6684,5164,4093,4278,4904,4557,3081,2107,1244,475,109,12,3947,42783,2553,2537,2372,2395,2186,2395,3205,3541,3876,3455,2646,2083,2034,2288,2209,1533,895,445,117,16,2,1475,43037,2485,2375,2322,2232,2043,2296,2956,3455,3888,3229,2518,2010,2244,2616,2348,1548,1212,799,358,93,10,2472
2015,2015-01-01,23231,232319,愛知県,田原市,63438,2690,2800,3017,3267,3521,3696,3704,4018,4305,3953,3963,4180,4419,4355,3499,2706,2510,1789,775,233,38,5345,32440,1421,1484,1574,1703,2041,2071,2025,2215,2307,2090,2038,2203,2300,2210,1684,1214,977,628,206,47,2,1860,30998,1269,1316,1443,1564,1480,1625,1679,1803,1998,1863,1925,1977,2119,2145,1815,1492,1533,1161,569,186,36,3485
2015,2015-01-01,23232,232327,愛知県,愛西市,64597,2176,2790,3462,3612,3053,2595,2918,3982,5465,4414,3863,3563,4330,5434,4955,3505,2317,1423,591,123,26,4480,31712,1132,1397,1826,1859,1535,1286,1486,2023,2760,2284,1966,1743,2066,2602,2409,1684,991,512,131,17,3,1654,32885,1044,1393,1636,1753,1518,1309,1432,1959,2705,2130,1897,1820,2264,2832,2546,1821,1326,911,460,106,23,2826
2015,2015-01-01,23233,232335,愛知県,清須市,65414,3410,3146,2987,2928,3091,3992,4619,5262,5497,4375,3725,3405,4014,4374,3849,2970,2063,1135,435,116,21,3770,32702,1727,1585,1464,1481,1622,2073,2414,2748,2886,2339,1904,1718,2006,2153,1846,1337,863,422,100,13,1,1399,32712,1683,1561,1523,1447,1469,1919,2205,2514,2611,2036,1821,1687,2008,2221,2003,1633,1200,713,335,103,20,2371
2015,2015-01-01,23234,232343,愛知県,北名古屋市,82415,4192,4201,4221,3909,3774,4561,5499,6579,7652,5953,4332,3707,4529,5927,5703,3889,2213,1050,403,108,13,3787,41518,2143,2145,2220,1959,2019,2347,2903,3414,4045,3161,2279,1905,2109,2740,2684,1957,992,384,98,13,1,1488,40897,2049,2056,2001,1950,1755,2214,2596,3165,3607,2792,2053,1802,2420,3187,3019,1932,1221,666,305,95,12,2299
2015,2015-01-01,23235,232351,愛知県,弥富市,43293,1908,2069,2146,2271,2189,2343,2653,3052,3653,2962,2540,2313,2693,3055,2810,2026,1391,817,298,87,17,2610,21652,989,1047,1112,1191,1156,1248,1375,1592,1899,1547,1290,1176,1290,1436,1345,981,586,299,78,13,2,978,21641,919,1022,1034,1080,1033,1095,1278,1460,1754,1415,1250,1137,1403,1619,1465,1045,805,518,220,74,15,1632
2015,2015-01-01,23236,232360,愛知県,みよし市,58228,3091,3315,3934,3781,3133,3357,3865,4258,5728,4869,3756,2739,2739,3184,2803,1769,1116,545,196,45,5,1907,29937,1590,1735,1988,1975,1672,1845,2104,2197,2867,2568,2011,1462,1377,1515,1388,905,468,221,43,6,0,738,28291,1501,1580,1946,1806,1461,1512,1761,2061,2861,2301,1745,1277,1362,1669,1415,864,648,324,153,39,5,1169
2015,2015-01-01,23237,232378,愛知県,あま市,86754,3927,4189,4608,4362,3953,4203,5018,6349,7926,6261,4906,4166,5188,6764,6184,4380,2526,1259,465,103,17,4370,43311,2046,2095,2334,2212,2053,2166,2592,3266,4168,3262,2570,2094,2420,3165,2991,2154,1166,444,93,19,1,1723,43443,1881,2094,2274,2150,1900,2037,2426,3083,3758,2999,2336,2072,2768,3599,3193,2226,1360,815,372,84,16,2647
2015,2015-01-01,23238,232386,愛知県,長久手市,53634,3685,3332,3002,2727,2771,3216,4306,4994,5187,4036,3134,2456,2535,2666,2242,1458,987,603,227,59,11,1887,26780,1924,1676,1546,1369,1432,1583,2148,2533,2625,2104,1626,1213,1232,1275,1067,722,429,205,57,13,1,705,26854,1761,1656,1456,1358,1339,1633,2158,2461,2562,1932,1508,1243,1303,1391,1175,736,558,398,170,46,10,1182
2015,2015-01-01,23300,233005,愛知県,愛知郡,41732,2130,2412,2559,2351,1916,2026,2608,3180,4006,3194,2271,1927,2289,2911,2527,1582,1024,521,230,59,9,1843,21000,1055,1267,1299,1201,1035,1005,1381,1663,2025,1711,1177,978,1056,1363,1264,797,462,194,57,10,0,723,20732,1075,1145,1260,1150,881,1021,1227,1517,1981,1483,1094,949,1233,1548,1263,785,562,327,173,49,9,1120
2015,2015-01-01,23302,233021,愛知県,愛知郡東郷町,41732,2130,2412,2559,2351,1916,2026,2608,3180,4006,3194,2271,1927,2289,2911,2527,1582,1024,521,230,59,9,1843,21000,1055,1267,1299,1201,1035,1005,1381,1663,2025,1711,1177,978,1056,1363,1264,797,462,194,57,10,0,723,20732,1075,1145,1260,1150,881,1021,1227,1517,1981,1483,1094,949,1233,1548,1263,785,562,327,173,49,9,1120
2015,2015-01-01,23340,233404,愛知県,西春日井郡,14702,812,831,741,614,770,910,986,1250,1290,1032,757,664,807,1025,982,613,373,171,63,10,1,618,7591,424,429,365,301,406,512,533,675,700,575,404,353,385,500,474,287,180,70,16,1,1,268,7111,388,402,376,313,364,398,453,575,590,457,353,311,422,525,508,326,193,101,47,9,0,350
2015,2015-01-01,23342,233421,愛知県,西春日井郡豊山町,14702,812,831,741,614,770,910,986,1250,1290,1032,757,664,807,1025,982,613,373,171,63,10,1,618,7591,424,429,365,301,406,512,533,675,700,575,404,353,385,500,474,287,180,70,16,1,1,268,7111,388,402,376,313,364,398,453,575,590,457,353,311,422,525,508,326,193,101,47,9,0,350
2015,2015-01-01,23360,233609,愛知県,丹羽郡,56833,2729,2845,2978,3019,2794,3131,3409,4093,4921,4111,3174,2733,3236,4047,3693,2680,1751,1007,362,104,16,3240,28422,1384,1430,1518,1552,1497,1738,1797,2133,2515,2102,1646,1336,1542,1919,1798,1297,769,345,85,18,1,1218,28411,1345,1415,1460,1467,1297,1393,1612,1960,2406,2009,1528,1397,1694,2128,1895,1383,982,662,277,86,15,2022
2015,2015-01-01,23361,233617,愛知県,丹羽郡大口町,22742,1121,1189,1227,1317,1248,1356,1400,1648,1947,1680,1279,1059,1296,1496,1414,951,606,344,126,34,4,1114,11528,581,603,619,679,729,808,734,886,996,822,672,511,620,726,685,467,244,116,26,4,0,390,11214,540,586,608,638,519,548,666,762,951,858,607,548,676,770,729,484,362,228,100,30,4,724
2015,2015-01-01,23362,233625,愛知県,丹羽郡扶桑町,34091,1608,1656,1751,1702,1546,1775,2009,2445,2974,2431,1895,1674,1940,2551,2279,1729,1145,663,236,70,12,2126,16894,803,827,899,873,768,930,1063,1247,1519,1280,974,825,922,1193,1113,830,525,229,59,14,1,828,17197,805,829,852,829,778,845,946,1198,1455,1151,921,849,1018,1358,1166,899,620,434,177,56,11,1298
2015,2015-01-01,23420,234206,愛知県,海部郡,71857,3516,3583,3553,3753,3573,3812,4435,5386,6423,5342,4332,3754,4328,5014,4325,3072,1983,1119,429,104,21,3656,35908,1774,1816,1800,1909,1826,1874,2277,2824,3411,2801,2241,1942,2124,2422,2085,1438,825,398,99,20,2,1344,35949,1742,1767,1753,1844,1747,1938,2158,2562,3012,2541,2091,1812,2204,2592,2240,1634,1158,721,330,84,19,2312
2015,2015-01-01,23424,234249,愛知県,海部郡大治町,30668,1752,1729,1711,1688,1442,1574,1982,2493,2979,2393,1746,1401,1640,2025,1749,1172,698,308,134,43,9,1192,15541,866,869,842,880,752,775,1021,1315,1605,1288,952,733,787,974,861,563,311,108,31,7,1,458,15127,886,860,869,808,690,799,961,1178,1374,1105,794,668,853,1051,888,609,387,200,103,36,8,734
2015,2015-01-01,23425,234257,愛知県,海部郡蟹江町,36745,1573,1623,1639,1878,1941,2009,2215,2604,3113,2711,2339,2063,2349,2619,2326,1673,1109,672,235,45,9,2070,18207,810,823,855,938,977,987,1134,1363,1622,1396,1174,1056,1173,1260,1102,776,450,245,54,11,1,761,18538,763,800,784,940,964,1022,1081,1241,1491,1315,1165,1007,1176,1359,1224,897,659,427,181,34,8,1309
2015,2015-01-01,23427,234273,愛知県,海部郡飛島村,4444,191,231,203,187,190,229,238,289,331,238,247,290,339,370,250,227,176,139,60,16,3,394,2160,98,124,103,91,97,112,122,146,184,117,115,153,164,188,122,99,64,45,14,2,0,125,2284,93,107,100,96,93,117,116,143,147,121,132,137,175,182,128,128,112,94,46,14,3,269
2015,2015-01-01,23440,234401,愛知県,知多郡,160608,7164,7352,7966,8400,8232,8376,9191,10528,12445,10655,9816,9070,10546,12201,10472,7733,5512,3206,1339,352,52,10461,80085,3671,3757,4082,4345,4297,4358,4828,5592,6409,5545,5024,4594,5161,5951,5089,3576,2325,1090,324,59,8,3806,80523,3493,3595,3884,4055,3935,4018,4363,4936,6036,5110,4792,4476,5385,6250,5383,4157,3187,2116,1015,293,44,6655
2015,2015-01-01,23441,234419,愛知県,知多郡阿久比町,27676,1755,1412,1248,1236,1200,1517,1970,2082,2126,1644,1464,1492,1729,2081,1765,1265,897,523,204,54,12,1690,13681,894,737,604,613,625,737,979,1123,1108,855,743,754,810,1009,863,594,385,173,65,8,2,633,13995,861,675,644,623,575,780,991,959,1018,789,721,738,919,1072,902,671,512,350,139,46,10,1057
2015,2015-01-01,23442,234427,愛知県,知多郡東浦町,49060,2153,2324,2542,2791,2579,2630,2894,3319,4102,3409,3055,2578,3063,3516,3066,2240,1494,819,378,97,11,2799,24642,1118,1160,1334,1453,1323,1389,1537,1763,2088,1791,1577,1317,1441,1736,1472,1089,646,297,90,19,2,1054,24418,1035,1164,1208,1338,1256,1241,1357,1556,2014,1618,1478,1261,1622,1780,1594,1151,848,522,288,78,9,1745
2015,2015-01-01,23445,234451,愛知県,知多郡南知多町,19028,539,619,736,879,888,799,817,907,1090,1103,1303,1387,1588,1633,1367,1266,1091,671,266,69,10,2107,9257,282,305,384,445,438,416,439,484,576,555,678,709,818,831,641,515,454,214,59,12,2,741,9771,257,314,352,434,450,383,378,423,514,548,625,678,770,802,726,751,637,457,207,57,8,1366
2015,2015-01-01,23446,234460,愛知県,知多郡美浜町,22756,767,880,1127,1274,1386,1067,1047,1337,1545,1513,1526,1470,1636,1805,1473,1189,876,543,221,65,9,1714,11267,412,481,585,669,724,547,536,688,793,763,745,727,831,876,728,536,378,186,53,8,1,626,11489,355,399,542,605,662,520,511,649,752,750,781,743,805,929,745,653,498,357,168,57,8,1088
2015,2015-01-01,23447,234478,愛知県,知多郡武豊町,42088,1950,2117,2313,2220,2179,2363,2463,2883,3582,2986,2468,2143,2530,3166,2801,1773,1154,650,270,67,10,2151,21238,965,1074,1175,1165,1187,1269,1337,1534,1844,1581,1281,1087,1261,1499,1385,842,462,220,57,12,1,752,20850,985,1043,1138,1055,992,1094,1126,1349,1738,1405,1187,1056,1269,1667,1416,931,692,430,213,55,9,1399
2015,2015-01-01,23500,235008,愛知県,額田郡,38656,2324,2249,2109,1914,1913,2254,2801,3008,3328,2549,2166,1968,2383,2455,1953,1307,978,655,265,60,17,1975,19487,1209,1139,1122,953,981,1142,1489,1554,1741,1354,1114,976,1166,1268,975,600,378,242,72,11,1,704,19169,1115,1110,987,961,932,1112,1312,1454,1587,1195,1052,992,1217,1187,978,707,600,413,193,49,16,1271
2015,2015-01-01,23501,235016,愛知県,額田郡幸田町,38656,2324,2249,2109,1914,1913,2254,2801,3008,3328,2549,2166,1968,2383,2455,1953,1307,978,655,265,60,17,1975,19487,1209,1139,1122,953,981,1142,1489,1554,1741,1354,1114,976,1166,1268,975,600,378,242,72,11,1,704,19169,1115,1110,987,961,932,1112,1312,1454,1587,1195,1052,992,1217,1187,978,707,600,413,193,49,16,1271
2015,2015-01-01,23560,235601,愛知県,北設楽郡,10213,223,265,328,366,328,300,330,342,428,436,543,704,910,888,803,910,935,735,336,90,13,2109,4870,122,134,158,180,175,172,178,192,224,230,294,351,481,464,361,387,384,271,90,18,4,767,5343,101,131,170,186,153,128,152,150,204,206,249,353,429,424,442,523,551,464,246,72,9,1342
2015,2015-01-01,23561,235610,愛知県,北設楽郡設楽町,5368,117,132,172,204,197,152,182,180,226,233,297,371,468,456,438,482,471,356,176,53,5,1061,2584,59,66,75,106,101,90,97,105,127,120,164,180,240,248,202,213,197,125,54,12,3,391,2784,58,66,97,98,96,62,85,75,99,113,133,191,228,208,236,269,274,231,122,41,2,670
2015,2015-01-01,23562,235628,愛知県,北設楽郡東栄町,3608,87,95,103,117,102,110,104,121,146,153,192,239,324,335,273,328,338,283,125,29,4,779,1692,53,50,52,53,58,60,56,64,71,80,97,126,170,175,110,137,137,108,30,4,1,280,1916,34,45,51,64,44,50,48,57,75,73,95,113,154,160,163,191,201,175,95,25,3,499
2015,2015-01-01,23563,235636,愛知県,北設楽郡豊根村,1237,19,38,53,45,29,38,44,41,56,50,54,94,118,97,92,100,126,96,35,8,4,269,594,10,18,31,21,16,22,25,23,26,30,33,45,71,41,49,37,50,38,6,2,0,96,643,9,20,22,24,13,16,19,18,30,20,21,49,47,56,43,63,76,58,29,6,4,173
2015,2015-01-01,24000,240001,三重県,,1818842,73468,79363,86228,89579,85583,89890,98806,116517,136900,118569,112399,109556,126458,135397,118262,92885,75185,48483,19445,5030,839,148982,888001,37703,40457,44252,46070,44066,46778,51209,59908,70237,59808,55983,54089,61719,65717,55430,41625,30728,16863,4431,818,110,52950,930841,35765,38906,41976,43509,41517,43112,47597,56609,66663,58761,56416,55467,64739,69680,62832,51260,44457,31620,15014,4212,729,96032
2015,2015-01-01,24201,242012,三重県,津市,277356,11214,12191,12653,13531,13294,13546,14886,17853,20695,18053,17138,16792,18831,20382,17925,14604,12156,7619,3004,851,138,23768,134538,5741,6240,6520,6901,6858,6958,7618,9081,10519,8983,8510,8265,9237,9682,8372,6454,5078,2694,680,131,16,8599,142818,5473,5951,6133,6630,6436,6588,7268,8772,10176,9070,8628,8527,9594,10700,9553,8150,7078,4925,2324,720,122,15169
2015,2015-01-01,24202,242021,三重県,四日市市,305057,13175,13632,15010,15284,15113,16518,17976,21284,25446,21539,19304,17050,18986,21524,19027,14349,10609,6163,2347,608,113,19840,151965,6741,7020,7655,7848,7845,8860,9621,11078,13408,11209,9832,8517,9283,10353,8891,6646,4346,2171,526,103,12,7158,153092,6434,6612,7355,7436,7268,7658,8355,10206,12038,10330,9472,8533,9703,11171,10136,7703,6263,3992,1821,505,101,12682
2015,2015-01-01,24203,242039,三重県,伊勢市,129979,4964,5394,5988,6333,6058,6194,6596,7794,9295,8433,8189,8201,9262,9496,8663,7283,6087,3771,1514,395,69,11836,61693,2580,2772,3067,3203,3057,3100,3290,3909,4580,4027,3908,4016,4369,4592,3928,3141,2435,1317,335,61,6,4154,68286,2384,2622,2921,3130,3001,3094,3306,3885,4715,4406,4281,4185,4893,4904,4735,4142,3652,2454,1179,334,63,7682
2015,2015-01-01,24204,242047,三重県,松阪市,164717,6809,7245,7682,7686,7441,8249,8942,10475,12243,10678,10310,10197,11530,11822,10365,8476,7145,4873,1955,505,89,14567,79608,3533,3730,4003,3907,3756,4166,4508,5385,6167,5252,5044,4991,5657,5768,4824,3750,2890,1682,476,101,18,5167,85109,3276,3515,3679,3779,3685,4083,4434,5090,6076,5426,5266,5206,5873,6054,5541,4726,4255,3191,1479,404,71,9400
2015,2015-01-01,24205,242055,三重県,桑名市,139874,6242,6493,7015,7343,7084,7047,8215,9609,11243,9838,8681,8074,9118,9992,8493,6297,4715,2901,1140,282,52,9090,68821,3165,3269,3580,3845,3561,3635,4262,4894,5732,5035,4354,3965,4446,4894,4018,2930,1889,1023,278,37,9,3236,71053,3077,3224,3435,3498,3523,3412,3953,4715,5511,4803,4327,4109,4672,5098,4475,3367,2826,1878,862,245,43,5854
2015,2015-01-01,24207,242071,三重県,鈴鹿市,194070,8480,9355,10294,10402,9794,10360,11217,13399,16724,13860,12175,10781,12475,13732,11599,7964,5917,3655,1450,373,64,11459,96973,4271,4713,5260,5368,5117,5496,5993,6893,8620,7134,6298,5492,5983,6739,5689,3670,2517,1263,378,68,11,4237,97097,4209,4642,5034,5034,4677,4864,5224,6506,8104,6726,5877,5289,6492,6993,5910,4294,3400,2392,1072,305,53,7222
2015,2015-01-01,24208,242080,三重県,名張市,80554,3227,3407,3635,3809,3885,4013,4640,5241,5426,4525,4838,5427,6887,6874,5520,3764,2720,1796,728,158,34,5436,38977,1655,1699,1870,1982,1971,2032,2346,2600,2727,2198,2231,2554,3376,3371,2652,1787,1126,611,165,22,2,1926,41577,1572,1708,1765,1827,1914,1981,2294,2641,2699,2327,2607,2873,3511,3503,2868,1977,1594,1185,563,136,32,3510
2015,2015-01-01,24209,242098,三重県,尾鷲市,19438,540,623,688,805,647,670,712,874,1100,1045,1131,1302,1583,1772,1900,1476,1311,822,325,97,15,2570,9061,273,315,347,405,337,338,352,459,559,512,550,633,783,801,844,651,535,281,63,21,2,902,10377,267,308,341,400,310,332,360,415,541,533,581,669,800,971,1056,825,776,541,262,76,13,1668
2015,2015-01-01,24210,242101,三重県,亀山市,48339,2333,2363,2317,2143,2161,2715,3025,3341,3741,2949,2731,2965,3286,3483,2786,2179,1831,1328,509,135,18,3821,24140,1202,1165,1200,1075,1142,1450,1587,1790,2056,1578,1373,1444,1655,1733,1407,962,734,446,115,25,1,1321,24199,1131,1198,1117,1068,1019,1265,1438,1551,1685,1371,1358,1521,1631,1750,1379,1217,1097,882,394,110,17,2500
2015,2015-01-01,24211,242110,三重県,鳥羽市,20261,545,687,844,994,851,836,871,972,1072,1188,1387,1494,1765,1662,1459,1315,1159,791,283,73,13,2319,9584,287,374,441,491,436,461,418,514,503,562,702,730,868,830,631,538,439,282,67,8,2,798,10677,258,313,403,503,415,375,453,458,569,626,685,764,897,832,828,777,720,509,216,65,11,1521
2015,2015-01-01,24212,242128,三重県,熊野市,18263,526,585,698,770,513,583,665,834,961,956,1113,1214,1492,1591,1633,1361,1293,916,440,102,17,2768,8399,249,305,347,384,250,295,325,428,485,473,576,592,716,762,714,564,499,326,90,16,3,934,9864,277,280,351,386,263,288,340,406,476,483,537,622,776,829,919,797,794,590,350,86,14,1834
2015,2015-01-01,24214,242144,三重県,いなべ市,44857,1773,1989,2153,2375,2596,2547,2482,2890,3197,2874,2750,2727,3089,3158,2720,2005,1635,1206,538,140,13,3532,22527,929,1069,1042,1280,1350,1416,1369,1566,1710,1467,1426,1359,1541,1544,1318,873,697,433,116,20,2,1268,22330,844,920,1111,1095,1246,1131,1113,1324,1487,1407,1324,1368,1548,1614,1402,1132,938,773,422,120,11,2264
2015,2015-01-01,24215,242152,三重県,志摩市,53711,1453,1670,2167,2520,2072,1935,2131,2548,3378,3313,3667,3576,4304,4686,4222,3832,3175,2032,800,212,18,6237,25225,729,860,1101,1272,1047,972,1058,1305,1656,1594,1805,1735,2064,2266,1910,1683,1279,683,168,37,1,2168,28486,724,810,1066,1248,1025,963,1073,1243,1722,1719,1862,1841,2240,2420,2312,2149,1896,1349,632,175,17,4069
2015,2015-01-01,24216,242161,三重県,伊賀市,91560,3299,3626,3958,4454,4250,4595,4610,5316,5896,5096,5230,5779,6953,7298,6195,5231,4656,3356,1346,355,61,9774,44417,1711,1822,2048,2384,2306,2473,2440,2776,3023,2561,2510,2884,3479,3595,2853,2266,1836,1115,289,41,5,3286,47143,1588,1804,1910,2070,1944,2122,2170,2540,2873,2535,2720,2895,3474,3703,3342,2965,2820,2241,1057,314,56,6488
2015,2015-01-01,24300,243001,三重県,桑名郡,6240,167,263,264,297,333,265,329,370,437,378,444,366,564,569,466,338,206,122,47,13,2,390,3140,80,141,142,153,178,131,178,186,235,214,219,184,262,287,233,163,92,48,12,2,0,154,3100,87,122,122,144,155,134,151,184,202,164,225,182,302,282,233,175,114,74,35,11,2,236
2015,2015-01-01,24303,243035,三重県,桑名郡木曽岬町,6240,167,263,264,297,333,265,329,370,437,378,444,366,564,569,466,338,206,122,47,13,2,390,3140,80,141,142,153,178,131,178,186,235,214,219,184,262,287,233,163,92,48,12,2,0,154,3100,87,122,122,144,155,134,151,184,202,164,225,182,302,282,233,175,114,74,35,11,2,236
2015,2015-01-01,24320,243205,三重県,員弁郡,25204,1056,1178,1217,1147,1130,1285,1496,1637,1781,1358,1423,1796,2239,2378,1653,965,743,460,205,47,10,1465,12437,568,570,611,609,558,653,788,865,908,681,659,841,1062,1192,895,469,291,157,51,7,2,508,12767,488,608,606,538,572,632,708,772,873,677,764,955,1177,1186,758,496,452,303,154,40,8,957
2015,2015-01-01,24324,243248,三重県,員弁郡東員町,25204,1056,1178,1217,1147,1130,1285,1496,1637,1781,1358,1423,1796,2239,2378,1653,965,743,460,205,47,10,1465,12437,568,570,611,609,558,653,788,865,908,681,659,841,1062,1192,895,469,291,157,51,7,2,508,12767,488,608,606,538,572,632,708,772,873,677,764,955,1177,1186,758,496,452,303,154,40,8,957
2015,2015-01-01,24340,243400,三重県,三重郡,65203,3332,3526,3645,3455,3117,3329,4000,4976,5830,4709,3739,3261,3639,4118,3718,2817,2010,1308,527,125,22,3992,32280,1696,1782,1895,1766,1592,1689,2001,2549,3049,2472,1920,1672,1726,2029,1741,1334,791,443,114,16,3,1367,32923,1636,1744,1750,1689,1525,1640,1999,2427,2781,2237,1819,1589,1913,2089,1977,1483,1219,865,413,109,19,2625
2015,2015-01-01,24341,243418,三重県,三重郡菰野町,40688,1821,1923,2169,2283,2016,1970,2222,2685,3425,2974,2441,2258,2498,2832,2535,1875,1383,920,358,83,17,2761,19930,909,965,1089,1168,1034,1003,1109,1367,1790,1517,1238,1138,1191,1395,1198,888,546,302,70,11,2,931,20758,912,958,1080,1115,982,967,1113,1318,1635,1457,1203,1120,1307,1437,1337,987,837,618,288,72,15,1830
2015,2015-01-01,24343,243434,三重県,三重郡朝日町,10158,663,850,712,417,359,441,708,1069,1120,642,440,357,445,523,498,394,266,170,68,14,2,520,5061,347,413,401,206,164,215,361,535,577,366,224,185,205,237,241,199,100,61,20,3,1,185,5097,316,437,311,211,195,226,347,534,543,276,216,172,240,286,257,195,166,109,48,11,1,335
2015,2015-01-01,24344,243442,三重県,三重郡川越町,14357,848,753,764,755,742,918,1070,1222,1285,1093,858,646,696,763,685,548,361,218,101,28,3,711,7289,440,404,405,392,394,471,531,647,682,589,458,349,330,397,302,247,145,80,24,2,0,251,7068,408,349,359,363,348,447,539,575,603,504,400,297,366,366,383,301,216,138,77,26,3,460
2015,2015-01-01,24440,244406,三重県,多気郡,48116,1775,2095,2299,2234,1948,2096,2428,2852,3309,2810,2809,3091,3618,3691,3109,2707,2438,1860,745,178,24,5245,23213,927,1055,1214,1138,969,1059,1184,1492,1718,1397,1410,1484,1786,1836,1447,1195,1003,682,174,40,3,1902,24903,848,1040,1085,1096,979,1037,1244,1360,1591,1413,1399,1607,1832,1855,1662,1512,1435,1178,571,138,21,3343
2015,2015-01-01,24441,244414,三重県,多気郡多気町,15122,562,710,704,657,593,673,771,921,1038,876,902,955,1179,1107,931,899,755,582,243,57,7,1644,7369,303,358,382,327,301,363,362,493,561,440,466,459,598,553,418,394,314,215,49,12,1,591,7753,259,352,322,330,292,310,409,428,477,436,436,496,581,554,513,505,441,367,194,45,6,1053
2015,2015-01-01,24442,244422,三重県,多気郡明和町,23006,928,1032,1200,1169,971,1087,1258,1435,1754,1413,1367,1487,1648,1729,1414,1118,972,703,253,60,8,1996,11126,493,523,616,613,476,521,622,743,900,701,659,713,800,850,675,494,402,248,61,15,1,727,11880,435,509,584,556,495,566,636,692,854,712,708,774,848,879,739,624,570,455,192,45,7,1269
2015,2015-01-01,24443,244431,三重県,多気郡大台町,9988,285,353,395,408,384,336,399,496,517,521,540,649,791,855,764,690,711,575,249,61,9,1605,4718,131,174,216,198,192,175,200,256,257,256,285,312,388,433,354,307,287,219,64,13,1,584,5270,154,179,179,210,192,161,199,240,260,265,255,337,403,422,410,383,424,356,185,48,8,1021
2015,2015-01-01,24460,244601,三重県,度会郡,47870,1444,1666,2043,2202,1990,1878,2098,2353,2841,2825,2915,2992,3677,3849,3773,3358,3004,1958,759,208,37,5966,23014,787,864,1043,1140,1065,964,1100,1187,1433,1412,1488,1475,1839,1890,1681,1445,1307,673,177,35,9,2201,24856,657,802,1000,1062,925,914,998,1166,1408,1413,1427,1517,1838,1959,2092,1913,1697,1285,582,173,28,3765
2015,2015-01-01,24461,244619,三重県,度会郡玉城町,15556,717,786,881,829,729,750,955,1026,1162,1050,952,862,1057,1027,879,694,593,418,143,40,6,1200,7625,396,407,428,429,394,378,516,512,582,509,470,416,523,499,431,300,250,141,39,4,1,435,7931,321,379,453,400,335,372,439,514,580,541,482,446,534,528,448,394,343,277,104,36,5,765
2015,2015-01-01,24470,244708,三重県,度会郡度会町,8584,291,326,421,433,389,356,430,477,563,498,546,600,688,675,546,477,423,305,114,23,3,868,4172,159,171,207,218,213,188,216,246,278,259,279,281,343,358,258,194,180,94,22,8,0,304,4412,132,155,214,215,176,168,214,231,285,239,267,319,345,317,288,283,243,211,92,15,3,564
2015,2015-01-01,24471,244716,三重県,度会郡大紀町,9476,209,254,337,364,337,327,337,394,464,507,507,629,807,855,846,772,776,474,206,62,12,1530,4471,114,127,185,198,160,162,171,203,238,238,259,306,406,417,381,335,347,161,49,10,4,571,5005,95,127,152,166,177,165,166,191,226,269,248,323,401,438,465,437,429,313,157,52,8,959
2015,2015-01-01,24472,244724,三重県,度会郡南伊勢町,14254,227,300,404,576,535,445,376,456,652,770,910,901,1125,1292,1502,1415,1212,761,296,83,16,2368,6746,118,159,223,295,298,236,197,226,335,406,480,472,567,616,611,616,530,277,67,13,4,891,7508,109,141,181,281,237,209,179,230,317,364,430,429,558,676,891,799,682,484,229,70,12,1477
2015,2015-01-01,24540,245402,三重県,北牟婁郡,17412,396,539,682,790,580,521,604,765,1010,991,1093,1107,1495,1518,1599,1294,1199,772,363,79,15,2428,8218,196,272,356,416,303,278,322,394,500,490,530,558,769,703,685,598,490,271,67,18,2,848,9194,200,267,326,374,277,243,282,371,510,501,563,549,726,815,914,696,709,501,296,61,13,1580
2015,2015-01-01,24543,245437,三重県,北牟婁郡紀北町,17412,396,539,682,790,580,521,604,765,1010,991,1093,1107,1495,1518,1599,1294,1199,772,363,79,15,2428,8218,196,272,356,416,303,278,322,394,500,490,530,558,769,703,685,598,490,271,67,18,2,848,9194,200,267,326,374,277,243,282,371,510,501,563,549,726,815,914,696,709,501,296,61,13,1580
2015,2015-01-01,24560,245607,三重県,南牟婁郡,20761,718,836,976,1005,726,708,883,1134,1275,1151,1332,1364,1665,1802,1437,1270,1176,774,420,94,15,2479,9771,383,420,510,503,368,352,449,557,649,557,638,698,818,850,697,506,454,262,90,9,1,816,10990,335,416,466,502,358,356,434,577,626,594,694,666,847,952,740,764,722,512,330,85,14,1663
2015,2015-01-01,24561,245615,三重県,南牟婁郡御浜町,9167,288,376,440,435,300,281,346,459,534,532,615,594,718,768,653,619,552,385,209,58,5,1209,4302,151,186,234,233,156,137,180,230,271,248,297,314,355,364,314,245,202,135,43,7,0,387,4865,137,190,206,202,144,144,166,229,263,284,318,280,363,404,339,374,350,250,166,51,5,822
2015,2015-01-01,24562,245623,三重県,南牟婁郡紀宝町,11594,430,460,536,570,426,427,537,675,741,619,717,770,947,1034,784,651,624,389,211,36,10,1270,5469,232,234,276,270,212,215,269,327,378,309,341,384,463,486,383,261,252,127,47,2,1,429,6125,198,226,260,300,214,212,268,348,363,310,376,386,484,548,401,390,372,262,164,34,9,841
2015,2015-01-01,25000,250007,滋賀県,,1397783,66345,68658,71995,72185,71227,75521,84982,98450,109948,91193,83834,81489,92685,96415,78984,58508,47353,30722,13161,3572,556,95364,688730,34019,35429,36980,37266,37040,39122,43512,49743,56229,46042,41591,40418,45805,47145,38077,26625,19445,10723,2926,530,63,33687,709053,32326,33229,35015,34919,34187,36399,41470,48707,53719,45151,42243,41071,46880,49270,40907,31883,27908,19999,10235,3042,493,61677
2015,2015-01-01,25201,252018,滋賀県,大津市,338878,15494,16160,17176,17266,16669,17144,19674,23298,27596,23300,21749,20127,22557,24720,19667,14217,11292,6908,2880,835,149,22064,164161,7957,8247,8754,8913,8376,8524,9628,11407,13752,11441,10712,9843,10997,11874,9422,6392,4659,2425,685,138,15,7922,174717,7537,7913,8422,8353,8293,8620,10046,11891,13844,11859,11037,10284,11560,12846,10245,7825,6633,4483,2195,697,134,14142
2015,2015-01-01,25202,252026,滋賀県,彦根市,110783,5277,5279,5737,5844,5871,6182,6654,7864,8777,7309,6779,6637,7212,7012,6058,4686,3735,2560,1014,258,38,7605,54745,2679,2738,2997,3032,3019,3276,3484,3986,4532,3693,3369,3301,3595,3415,2880,2063,1534,881,232,31,8,2686,56038,2598,2541,2740,2812,2852,2906,3170,3878,4245,3616,3410,3336,3617,3597,3178,2623,2201,1679,782,227,30,4919
2015,2015-01-01,25203,252034,滋賀県,長浜市,118917,5116,5524,6176,6419,6011,6280,6651,7732,8529,7374,7001,6926,7926,8057,7207,5729,4946,3310,1550,387,66,10259,58196,2657,2888,3180,3253,3110,3287,3469,3978,4377,3737,3398,3400,3984,3949,3354,2548,2055,1179,337,47,9,3627,60721,2459,2636,2996,3166,2901,2993,3182,3754,4152,3637,3603,3526,3942,4108,3853,3181,2891,2131,1213,340,57,6632
2015,2015-01-01,25204,252042,滋賀県,近江八幡市,81371,4090,4038,3820,3824,3843,4502,5187,5619,6059,4989,4600,4762,5846,5960,4885,3703,2816,1789,796,210,33,5644,39900,2088,2034,1968,1956,1966,2307,2666,2829,3108,2507,2212,2372,2884,2962,2392,1698,1156,606,170,19,0,1951,41471,2002,2004,1852,1868,1877,2195,2521,2790,2951,2482,2388,2390,2962,2998,2493,2005,1660,1183,626,191,33,3693
2015,2015-01-01,25206,252069,滋賀県,草津市,126949,6825,6577,6354,6454,7236,6957,8814,10358,11221,9122,7213,6352,7595,8355,6884,4526,3094,1947,807,224,34,6106,63563,3477,3376,3253,3336,4037,3660,4416,5270,5738,4676,3708,3191,3657,3945,3446,2185,1307,676,178,28,3,2192,63386,3348,3201,3101,3118,3199,3297,4398,5088,5483,4446,3505,3161,3938,4410,3438,2341,1787,1271,629,196,31,3914
2015,2015-01-01,25207,252077,滋賀県,守山市,79962,4592,4877,4716,4178,3788,4290,5209,6436,7231,5366,4537,4177,4696,5024,3987,2771,2113,1290,534,133,17,4087,39542,2384,2490,2362,2129,1903,2167,2611,3197,3647,2787,2258,2056,2270,2433,1982,1335,878,509,117,27,0,1531,40420,2208,2387,2354,2049,1885,2123,2598,3239,3584,2579,2279,2121,2426,2591,2005,1436,1235,781,417,106,17,2556
2015,2015-01-01,25208,252085,滋賀県,栗東市,66296,4145,4100,4075,3484,3092,3958,4905,5904,6443,4769,3550,3018,3418,3851,2954,2042,1337,829,330,82,10,2588,33041,2082,2114,2085,1868,1588,1968,2502,2964,3198,2488,1803,1543,1658,1838,1446,970,560,277,74,13,2,926,33255,2063,1986,1990,1616,1504,1990,2403,2940,3245,2281,1747,1475,1760,2013,1508,1072,777,552,256,69,8,1662
2015,2015-01-01,25209,252093,滋賀県,甲賀市,90283,3717,4174,4603,4816,4803,4825,5064,5804,6574,5456,5641,5825,6295,6378,5062,4034,3609,2338,983,243,39,7212,44732,1891,2240,2399,2439,2513,2540,2670,2955,3493,2769,2825,2884,3255,3176,2393,1846,1413,792,191,44,4,2444,45551,1826,1934,2204,2377,2290,2285,2394,2849,3081,2687,2816,2941,3040,3202,2669,2188,2196,1546,792,199,35,4768
2015,2015-01-01,25210,252107,滋賀県,野洲市,50409,2478,2548,2595,2555,2406,2729,3181,3721,4131,3233,2835,2818,3285,3734,3040,2066,1481,1010,421,124,18,3054,25008,1291,1332,1359,1310,1226,1485,1656,1883,2112,1632,1429,1360,1580,1793,1499,989,629,341,87,14,1,1072,25401,1187,1216,1236,1245,1180,1244,1525,1838,2019,1601,1406,1458,1705,1941,1541,1077,852,669,334,110,17,1982
2015,2015-01-01,25211,252115,滋賀県,湖南市,52782,2414,2379,2709,2767,2971,3528,3443,3687,4074,3433,3171,3380,3853,3828,2843,1809,1296,792,319,76,10,2493,27241,1250,1216,1431,1481,1641,1962,1891,1948,2248,1835,1567,1684,1913,1957,1454,874,536,284,57,10,2,889,25541,1164,1163,1278,1286,1330,1566,1552,1739,1826,1598,1604,1696,1940,1871,1389,935,760,508,262,66,8,1604
2015,2015-01-01,25212,252123,滋賀県,高島市,51180,1734,2015,2269,2554,2522,2414,2514,2775,3233,2948,3177,3425,3952,3910,3463,2881,2621,1756,756,229,32,5394,25016,929,1037,1178,1336,1374,1277,1303,1394,1652,1440,1574,1722,1999,1946,1587,1304,1108,634,173,44,5,1964,26164,805,978,1091,1218,1148,1137,1211,1381,1581,1508,1603,1703,1953,1964,1876,1577,1513,1122,583,185,27,3430
2015,2015-01-01,25213,252131,滋賀県,東近江市,113126,5239,5473,5874,6091,5943,6223,6853,7757,8204,7091,6629,6797,7936,7646,6179,4617,4109,2841,1209,358,57,8574,56029,2670,2860,2994,3101,3090,3298,3615,4010,4275,3612,3338,3392,3954,3812,3002,2033,1655,975,270,67,6,2973,57097,2569,2613,2880,2990,2853,2925,3238,3747,3929,3479,3291,3405,3982,3834,3177,2584,2454,1866,939,291,51,5601
2015,2015-01-01,25214,252140,滋賀県,米原市,39689,1629,1713,2025,2139,2017,2092,2126,2413,2635,2480,2531,2505,2637,2582,2444,2013,1814,1167,550,157,20,3708,19468,812,908,1044,1138,1054,1072,1109,1265,1327,1222,1249,1305,1336,1279,1140,878,769,412,128,20,1,1330,20221,817,805,981,1001,963,1020,1017,1148,1308,1258,1282,1200,1301,1303,1304,1135,1045,755,422,137,19,2378
2015,2015-01-01,25380,253804,滋賀県,蒲生郡,34254,1428,1566,1574,1703,1932,1954,2040,2138,2168,1937,2123,2232,2560,2463,1872,1551,1420,1014,449,114,16,3013,17126,741,824,809,916,1066,1055,1125,1127,1146,970,1036,1128,1272,1291,902,705,544,346,108,10,5,1013,17128,687,742,765,787,866,899,915,1011,1022,967,1087,1104,1288,1172,970,846,876,668,341,104,11,2000
2015,2015-01-01,25383,253839,滋賀県,蒲生郡日野町,21870,883,967,1009,1012,1080,1236,1290,1361,1396,1246,1345,1376,1620,1579,1266,1064,1018,705,317,88,12,2140,10726,456,502,501,508,547,649,699,717,735,628,653,706,805,828,603,478,384,238,76,9,4,711,11144,427,465,508,504,533,587,591,644,661,618,692,670,815,751,663,586,634,467,241,79,8,1429
2015,2015-01-01,25384,253847,滋賀県,蒲生郡竜王町,12384,545,599,565,691,852,718,750,777,772,691,778,856,940,884,606,487,402,309,132,26,4,873,6400,285,322,308,408,519,406,426,410,411,342,383,422,467,463,299,227,160,108,32,1,1,302,5984,260,277,257,283,333,312,324,367,361,349,395,434,473,421,307,260,242,201,100,25,3,571
2015,2015-01-01,25420,254207,滋賀県,愛知郡,20522,1243,1201,1168,1032,1020,1343,1440,1579,1572,1172,1089,1068,1207,1198,990,747,699,457,236,56,5,1453,10152,622,611,604,503,515,710,733,826,835,608,534,530,610,605,487,323,276,162,51,6,1,496,10370,621,590,564,529,505,633,707,753,737,564,555,538,597,593,503,424,423,295,185,50,4,957
2015,2015-01-01,25425,254258,滋賀県,愛知郡愛荘町,20522,1243,1201,1168,1032,1020,1343,1440,1579,1572,1172,1089,1068,1207,1198,990,747,699,457,236,56,5,1453,10152,622,611,604,503,515,710,733,826,835,608,534,530,610,605,487,323,276,162,51,6,1,496,10370,621,590,564,529,505,633,707,753,737,564,555,538,597,593,503,424,423,295,185,50,4,957
2015,2015-01-01,25440,254401,滋賀県,犬上郡,22382,924,1034,1124,1059,1103,1100,1227,1365,1501,1214,1209,1440,1710,1697,1449,1116,971,714,327,86,12,2110,10810,489,514,563,555,562,534,634,704,789,625,579,707,841,870,691,482,366,224,68,12,1,671,11572,435,520,561,504,541,566,593,661,712,589,630,733,869,827,758,634,605,490,259,74,11,1439
2015,2015-01-01,25441,254410,滋賀県,犬上郡豊郷町,7243,365,382,386,312,373,386,459,506,535,383,373,488,500,516,435,271,264,192,96,19,2,573,3550,179,190,184,165,195,199,232,275,292,200,175,234,252,258,216,126,91,64,21,2,0,178,3693,186,192,202,147,178,187,227,231,243,183,198,254,248,258,219,145,173,128,75,17,2,395
2015,2015-01-01,25442,254428,滋賀県,犬上郡甲良町,7457,273,313,376,375,378,347,391,440,495,406,434,479,576,581,506,397,346,233,85,24,2,690,3562,159,152,191,196,183,158,204,213,259,213,204,244,278,296,237,154,134,71,15,1,0,221,3895,114,161,185,179,195,189,187,227,236,193,230,235,298,285,269,243,212,162,70,23,2,469
2015,2015-01-01,25443,254436,滋賀県,犬上郡多賀町,7682,286,339,362,372,352,367,377,419,471,425,402,473,634,600,508,448,361,289,146,43,8,847,3698,151,172,188,194,184,177,198,216,238,212,200,229,311,316,238,202,141,89,32,9,1,272,3984,135,167,174,178,168,190,179,203,233,213,202,244,323,284,270,246,220,200,114,34,7,575
2015,2015-01-01,26000,260002,京都府,,2527697,100994,107905,114278,120294,127724,132365,144737,170583,199353,170091,149854,139433,166791,197868,166722,125826,97103,60425,26346,7590,1415,192879,1213771,51940,55442,58379,61783,65306,66163,71620,84973,99281,84108,73575,68209,79837,93466,76937,55923,39020,20443,5923,1272,171,66829,1313926,49054,52463,55899,58511,62418,66202,73117,85610,100072,85983,76279,71224,86954,104402,89785,69903,58083,39982,20423,6318,1244,126050
2015,2015-01-01,26100,261009,京都府,京都市,1378909,54076,54960,57793,62035,74043,79413,84259,95224,109870,95967,83505,74307,86788,104397,89064,68913,53062,32206,14144,4113,770,104295,655491,27863,28202,29541,31613,37298,38972,41142,47014,54049,46940,40714,36352,41652,49058,39932,29823,20899,10488,3181,667,91,35326,723418,26213,26758,28252,30422,36745,40441,43117,48210,55821,49027,42791,37955,45136,55339,49132,39090,32163,21718,10963,3446,679,68969
2015,2015-01-01,26101,261017,京都府,京都市北区,109355,3842,4309,4520,5425,6428,5050,5503,6772,8167,7647,7111,6206,7056,8387,7103,5855,4916,3078,1470,434,76,9974,51606,2005,2182,2283,2810,3401,2554,2647,3306,3969,3685,3407,3044,3401,3876,3158,2478,1938,1020,362,70,10,3400,57749,1837,2127,2237,2615,3027,2496,2856,3466,4198,3962,3704,3162,3655,4511,3945,3377,2978,2058,1108,364,66,6574
2015,2015-01-01,26102,261025,京都府,京都市上京区,74375,2594,2704,2699,2996,4603,4322,4421,4961,5586,4957,4471,3934,4380,5342,4792,4196,3567,2355,1113,319,63,7417,34190,1336,1367,1350,1518,2371,2062,2101,2343,2644,2305,2157,1841,2133,2493,2026,1725,1340,777,245,47,9,2418,40185,1258,1337,1349,1478,2232,2260,2320,2618,2942,2652,2314,2093,2247,2849,2766,2471,2227,1578,868,272,54,4999
2015,2015-01-01,26103,261033,京都府,京都市左京区,149926,5885,6023,5966,6381,9044,7999,8560,9875,11160,10035,9034,8317,9636,11619,9514,7669,6350,4182,1962,591,124,13209,70767,2968,3076,3026,3232,4975,4049,4141,4825,5419,4838,4329,4017,4559,5411,4227,3306,2487,1357,412,99,14,4369,79159,2917,2947,2940,3149,4069,3950,4419,5050,5741,5197,4705,4300,5077,6208,5287,4363,3863,2825,1550,492,110,8840
2015,2015-01-01,26104,261041,京都府,京都市中京区,101989,4001,3804,3830,3902,5400,6982,7281,7889,8501,7404,6343,5388,5786,6834,5793,4777,4041,2483,1137,342,71,8074,46693,2069,1930,1937,1967,2557,3189,3338,3683,3983,3436,3058,2559,2732,3215,2530,1902,1527,774,233,61,13,2608,55296,1932,1874,1893,1935,2843,3793,3943,4206,4518,3968,3285,2829,3054,3619,3263,2875,2514,1709,904,281,58,5466
2015,2015-01-01,26105,261050,京都府,京都市東山区,36192,984,976,1064,1208,1816,2142,2138,2396,2539,2219,2044,1989,2345,3110,2700,2303,2094,1320,605,174,26,4219,16251,505,505,516,575,790,1023,1026,1193,1242,1019,985,983,1115,1429,1140,882,746,410,129,31,7,1323,19941,479,471,548,633,1026,1119,1112,1203,1297,1200,1059,1006,1230,1681,1560,1421,1348,910,476,143,19,2896
2015,2015-01-01,26106,261068,京都府,京都市下京区,74817,2854,2464,2425,2553,4133,6233,6263,6177,6206,5104,4234,3764,3870,4886,4146,3487,2973,1888,838,261,58,6018,34571,1483,1312,1240,1267,1883,2855,2808,2978,2996,2461,2044,1869,1838,2316,1782,1449,1123,612,211,41,3,1990,40246,1371,1152,1185,1286,2250,3378,3455,3199,3210,2643,2190,1895,2032,2570,2364,2038,1850,1276,627,220,55,4028
2015,2015-01-01,26107,261076,京都府,京都市南区,92725,3987,3731,3694,3987,4897,6361,6423,6656,7289,6358,5673,4925,5984,6808,5585,4273,3176,1860,786,226,46,6094,46314,2057,1949,1870,2057,2560,3361,3401,3487,3824,3270,2844,2615,3117,3384,2577,1839,1251,624,192,33,2,2102,46411,1930,1782,1824,1930,2337,3000,3022,3169,3465,3088,2829,2310,2867,3424,3008,2434,1925,1236,594,193,44,3992
2015,2015-01-01,26108,261084,京都府,京都市右京区,190696,7667,7764,8182,8563,9914,10635,11312,13047,15487,13458,11954,10232,11796,14062,12695,10026,7299,4227,1806,491,79,13902,91175,3975,3985,4237,4412,4903,5173,5607,6489,7705,6631,5862,5061,5689,6525,5642,4444,2974,1373,401,73,14,4835,99521,3692,3779,3945,4151,5011,5462,5705,6558,7782,6827,6092,5171,6107,7537,7053,5582,4325,2854,1405,418,65,9067
2015,2015-01-01,26109,261092,京都府,京都市伏見区,270045,10732,11420,12288,13194,13934,14694,16115,18574,21874,18939,16051,14538,17999,21147,17697,12989,9477,5412,2227,623,121,17860,130322,5551,5783,6354,6806,7111,7348,8158,9307,10960,9540,7909,7055,8579,10058,8069,5635,3767,1737,481,104,10,6099,139723,5181,5637,5934,6388,6823,7346,7957,9267,10914,9399,8142,7483,9420,11089,9628,7354,5710,3675,1746,519,111,11761
2015,2015-01-01,26110,261106,京都府,京都市山科区,129859,5143,5162,5755,5993,6232,6848,7391,8813,10809,9131,7565,6637,8488,11027,9647,6632,4536,2607,1086,305,52,8586,62059,2614,2679,2894,3012,2967,3375,3616,4385,5381,4565,3769,3289,3995,5145,4375,3050,1796,859,239,49,5,2948,67800,2529,2483,2861,2981,3265,3473,3775,4428,5428,4566,3796,3348,4493,5882,5272,3582,2740,1748,847,256,47,5638
2015,2015-01-01,26111,261114,京都府,京都市西京区,148930,6387,6603,7370,7833,7642,8147,8852,10064,12252,10715,9025,8377,9448,11175,9392,6706,4633,2794,1114,347,54,8942,71543,3300,3434,3834,3957,3780,3983,4299,5018,5926,5190,4350,4019,4494,5206,4406,3113,1950,945,276,59,4,3234,77387,3087,3169,3536,3876,3862,4164,4553,5046,6326,5525,4675,4358,4954,5969,4986,3593,2683,1849,838,288,50,5708
2015,2015-01-01,26201,262013,京都府,福知山市,79852,3736,3661,3775,3922,3657,4142,4408,5141,5723,4730,4518,4717,5146,5950,4777,3875,3661,2809,1131,307,66,7974,39273,1924,1858,1958,2029,2028,2271,2337,2718,3003,2430,2241,2405,2559,2875,2227,1677,1395,1015,255,59,9,2733,40579,1812,1803,1817,1893,1629,1871,2071,2423,2720,2300,2277,2312,2587,3075,2550,2198,2266,1794,876,248,57,5241
2015,2015-01-01,26202,262021,京都府,舞鶴市,86024,3616,3878,4154,4962,4287,3961,4395,5370,6152,4996,4815,4706,5585,6871,5614,4593,3815,2655,1184,364,51,8069,42817,1819,1969,2169,2753,2554,2196,2362,2885,3206,2653,2497,2392,2720,3247,2594,2063,1499,878,283,70,8,2738,43207,1797,1909,1985,2209,1733,1765,2033,2485,2946,2343,2318,2314,2865,3624,3020,2530,2316,1777,901,294,43,5331
2015,2015-01-01,26203,262030,京都府,綾部市,35072,1146,1360,1578,1644,1372,1431,1489,1960,2312,1878,1830,2083,2575,2978,2574,2239,2154,1538,693,191,47,4623,16826,594,701,817,858,717,780,788,987,1206,950,928,1002,1282,1424,1224,938,872,542,170,38,8,1630,18246,552,659,761,786,655,651,701,973,1106,928,902,1081,1293,1554,1350,1301,1282,996,523,153,39,2993
2015,2015-01-01,26204,262048,京都府,宇治市,188242,7582,8845,9411,9616,9245,9117,9934,12864,15718,13170,11053,10214,12571,15331,12854,9034,6304,3523,1423,355,78,11683,91501,3929,4608,4776,4973,4806,4612,4964,6344,7867,6530,5424,4931,5836,7182,6071,4272,2682,1286,344,52,12,4376,96741,3653,4237,4635,4643,4439,4505,4970,6520,7851,6640,5629,5283,6735,8149,6783,4762,3622,2237,1079,303,66,7307
2015,2015-01-01,26205,262056,京都府,宮津市,19316,555,678,733,860,730,661,741,894,1120,978,1150,1276,1572,1755,1493,1331,1285,918,436,117,33,2789,9181,277,341,398,437,406,345,403,474,571,485,592,638,789,842,678,560,491,328,106,18,2,945,10135,278,337,335,423,324,316,338,420,549,493,558,638,783,913,815,771,794,590,330,99,31,1844
2015,2015-01-01,26206,262064,京都府,亀岡市,90752,3651,4084,4450,4827,4663,4583,5106,5857,6610,5682,5453,5849,6984,7427,5793,3942,2921,1830,771,237,32,5791,44227,1849,2162,2268,2476,2320,2327,2567,2988,3332,2769,2600,2789,3417,3645,2815,1891,1195,618,163,32,4,2012,46525,1802,1922,2182,2351,2343,2256,2539,2869,3278,2913,2853,3060,3567,3782,2978,2051,1726,1212,608,205,28,3779
2015,2015-01-01,26207,262072,京都府,城陽市,77989,2820,3239,3538,3558,3406,3489,4098,5269,6185,4827,4124,4134,5892,7702,6522,4052,2706,1563,646,195,24,5134,37765,1462,1655,1781,1784,1706,1783,2031,2637,3161,2495,2000,1909,2677,3640,3199,1944,1153,586,127,33,2,1901,40224,1358,1584,1757,1774,1700,1706,2067,2632,3024,2332,2124,2225,3215,4062,3323,2108,1553,977,519,162,22,3233
2015,2015-01-01,26208,262081,京都府,向日市,53903,2251,2556,2725,2635,2319,2432,2936,3960,4806,3909,3122,2843,3402,4279,3840,2633,1709,1003,411,114,18,3255,25883,1153,1336,1362,1327,1129,1199,1441,1935,2373,1973,1540,1389,1595,1962,1794,1178,720,368,86,21,2,1197,28020,1098,1220,1363,1308,1190,1233,1495,2025,2433,1936,1582,1454,1807,2317,2046,1455,989,635,325,93,16,2058
2015,2015-01-01,26209,262099,京都府,長岡京市,79665,3580,3860,3895,3778,3517,3955,4820,5806,7061,5787,4710,4014,4989,6074,5232,3718,2606,1469,600,159,35,4869,38696,1796,1982,1957,1955,1762,2019,2393,2912,3523,2915,2365,1933,2304,2819,2455,1743,1096,579,158,25,5,1863,40969,1784,1878,1938,1823,1755,1936,2427,2894,3538,2872,2345,2081,2685,3255,2777,1975,1510,890,442,134,30,3006
2015,2015-01-01,26210,262102,京都府,八幡市,72195,2934,3254,3386,3277,3185,3415,3958,4957,5855,4801,3989,4220,5558,6508,5286,3513,2209,1174,535,146,35,4099,35177,1465,1705,1733,1675,1625,1760,1949,2459,2967,2404,1965,2050,2617,3042,2578,1690,950,408,112,19,4,1493,37018,1469,1549,1653,1602,1560,1655,2009,2498,2888,2397,2024,2170,2941,3466,2708,1823,1259,766,423,127,31,2606
2015,2015-01-01,26211,262111,京都府,京田辺市,66006,3250,3690,3702,3654,3430,2912,3670,4965,5990,4479,3636,3143,4078,5014,4265,2645,1833,1022,467,134,27,3483,32159,1676,1896,1859,1886,1857,1453,1771,2439,2988,2239,1779,1508,1821,2351,2115,1239,809,355,91,25,2,1282,33847,1574,1794,1843,1768,1573,1459,1899,2526,3002,2240,1857,1635,2257,2663,2150,1406,1024,667,376,109,25,2201
2015,2015-01-01,26212,262129,京都府,京丹後市,58155,1950,2266,2829,3057,2444,2214,2424,2901,3692,3470,3689,3741,4209,4631,4074,3590,3151,2276,1118,356,73,6974,28071,991,1183,1421,1572,1286,1188,1295,1546,1914,1737,1923,1898,2116,2237,1801,1573,1279,801,223,79,8,2390,30084,959,1083,1408,1485,1158,1026,1129,1355,1778,1733,1766,1843,2093,2394,2273,2017,1872,1475,895,277,65,4584
2015,2015-01-01,26213,262137,京都府,南丹市,33172,1174,1203,1324,1583,1956,1481,1588,1697,1939,1907,1981,2044,2529,2539,2151,2007,1906,1371,597,170,25,4069,15975,611,612,683,826,1064,768,793,857,997,918,1014,1009,1287,1251,1013,851,763,477,143,35,3,1421,17197,563,591,641,757,892,713,795,840,942,989,967,1035,1242,1288,1138,1156,1143,894,454,135,22,2648
2015,2015-01-01,26214,262145,京都府,木津川市,72625,3787,4512,4231,3594,3136,3291,4404,5720,6292,4722,3988,4060,4885,5460,4033,2562,1967,1278,533,146,24,3948,35105,1964,2315,2167,1849,1529,1557,2088,2762,3131,2331,1876,1955,2267,2665,2019,1239,820,430,117,21,3,1391,37520,1823,2197,2064,1745,1607,1734,2316,2958,3161,2391,2112,2105,2618,2795,2014,1323,1147,848,416,125,21,2557
2015,2015-01-01,26300,263001,京都府,乙訓郡,15361,666,761,692,695,678,815,948,1102,1241,970,880,796,931,1151,1084,830,598,341,146,31,5,1121,7480,344,378,374,366,345,427,478,558,621,479,441,388,433,525,508,375,269,133,32,6,0,440,7881,322,383,318,329,333,388,470,544,620,491,439,408,498,626,576,455,329,208,114,25,5,681
2015,2015-01-01,26303,263036,京都府,乙訓郡大山崎町,15361,666,761,692,695,678,815,948,1102,1241,970,880,796,931,1151,1084,830,598,341,146,31,5,1121,7480,344,378,374,366,345,427,478,558,621,479,441,388,433,525,508,375,269,133,32,6,0,440,7881,322,383,318,329,333,388,470,544,620,491,439,408,498,626,576,455,329,208,114,25,5,681
2015,2015-01-01,26320,263206,京都府,久世郡,16015,596,755,816,836,709,706,868,1178,1354,972,815,816,1188,1541,1075,798,500,281,155,47,9,992,7961,314,374,445,450,348,355,449,608,721,488,406,420,550,738,538,387,225,97,36,11,1,370,8054,282,381,371,386,361,351,419,570,633,484,409,396,638,803,537,411,275,184,119,36,8,622
2015,2015-01-01,26322,263222,京都府,久世郡久御山町,16015,596,755,816,836,709,706,868,1178,1354,972,815,816,1188,1541,1075,798,500,281,155,47,9,992,7961,314,374,445,450,348,355,449,608,721,488,406,420,550,738,538,387,225,97,36,11,1,370,8054,282,381,371,386,361,351,419,570,633,484,409,396,638,803,537,411,275,184,119,36,8,622
2015,2015-01-01,26340,263401,京都府,綴喜郡,17448,602,680,824,932,924,825,921,918,1212,1188,1100,1106,1346,1382,1195,917,735,421,174,42,4,1376,8568,322,371,397,488,503,430,494,466,619,580,549,553,674,650,587,413,296,138,30,7,1,472,8880,280,309,427,444,421,395,427,452,593,608,551,553,672,732,608,504,439,283,144,35,3,904
2015,2015-01-01,26343,263435,京都府,綴喜郡井手町,7838,246,277,330,385,404,387,403,423,528,523,477,493,592,630,596,464,372,204,81,19,4,680,3815,132,154,171,207,206,189,221,205,275,261,236,248,291,291,295,203,143,66,15,5,1,230,4023,114,123,159,178,198,198,182,218,253,262,241,245,301,339,301,261,229,138,66,14,3,450
2015,2015-01-01,26344,263443,京都府,綴喜郡宇治田原町,9610,356,403,494,547,520,438,518,495,684,665,623,613,754,752,599,453,363,217,93,23,0,696,4753,190,217,226,281,297,241,273,261,344,319,313,305,383,359,292,210,153,72,15,2,0,242,4857,166,186,268,266,223,197,245,234,340,346,310,308,371,393,307,243,210,145,78,21,0,454
2015,2015-01-01,26360,263605,京都府,相楽郡,46045,1832,2226,2621,2669,2253,2027,2160,2852,3775,3398,2987,2760,3307,3480,2785,2010,1430,947,398,115,13,2903,22129,974,1095,1348,1366,1105,952,1034,1369,1810,1676,1468,1345,1598,1655,1389,969,579,306,73,16,2,976,23916,858,1131,1273,1303,1148,1075,1126,1483,1965,1722,1519,1415,1709,1825,1396,1041,851,641,325,99,11,1927
2015,2015-01-01,26364,263648,京都府,相楽郡笠置町,1522,17,20,37,57,67,60,58,54,70,78,74,114,149,150,133,157,109,74,33,9,2,227,718,5,12,19,30,31,33,35,29,40,38,34,47,75,85,52,72,50,21,6,3,1,81,804,12,8,18,27,36,27,23,25,30,40,40,67,74,65,81,85,59,53,27,6,1,146
2015,2015-01-01,26365,263656,京都府,相楽郡和束町,4340,102,103,158,140,180,175,192,196,237,202,259,297,456,461,364,322,230,174,72,17,3,496,2061,54,47,90,78,82,86,98,114,108,105,126,140,212,234,173,158,90,55,9,1,1,156,2279,48,56,68,62,98,89,94,82,129,97,133,157,244,227,191,164,140,119,63,16,2,340
2015,2015-01-01,26366,263664,京都府,相楽郡精華町,37236,1665,2032,2347,2361,1899,1682,1798,2469,3311,2986,2468,2127,2407,2560,2012,1307,889,583,246,80,7,1805,17952,885,999,1197,1197,944,775,847,1162,1578,1464,1227,1049,1151,1204,1018,644,365,191,46,9,0,611,19284,780,1033,1150,1164,955,907,951,1307,1733,1522,1241,1078,1256,1356,994,663,524,392,200,71,7,1194
2015,2015-01-01,26367,263672,京都府,相楽郡南山城村,2947,48,71,79,111,107,110,112,133,157,132,186,222,295,309,276,224,202,116,47,9,1,375,1398,30,37,42,61,48,58,54,64,84,69,81,109,160,132,146,95,74,39,12,3,0,128,1549,18,34,37,50,59,52,58,69,73,63,105,113,135,177,130,129,128,77,35,6,1,247
2015,2015-01-01,26400,264008,京都府,船井郡,15411,373,476,608,775,680,553,585,679,862,818,903,991,1306,1334,1220,1031,1021,759,329,96,12,2217,7305,174,227,300,396,350,266,318,358,439,403,456,512,656,653,579,437,413,260,90,16,2,781,8106,199,249,308,379,330,287,267,321,423,415,447,479,650,681,641,594,608,499,239,80,10,1436
2015,2015-01-01,26407,264075,京都府,船井郡京丹波町,15411,373,476,608,775,680,553,585,679,862,818,903,991,1306,1334,1220,1031,1021,759,329,96,12,2217,7305,174,227,300,396,350,266,318,358,439,403,456,512,656,653,579,437,413,260,90,16,2,781,8106,199,249,308,379,330,287,267,321,423,415,447,479,650,681,641,594,608,499,239,80,10,1436
2015,2015-01-01,26460,264601,京都府,与謝郡,25540,817,961,1193,1385,1090,942,1025,1269,1584,1442,1606,1613,1950,2064,1791,1593,1530,1041,455,155,34,3215,12181,439,472,625,704,568,503,523,657,783,713,797,831,987,1005,821,661,615,350,103,22,2,1092,13359,378,489,568,681,522,439,502,612,801,729,809,782,963,1059,970,932,915,691,352,133,32,2123
2015,2015-01-01,26463,264636,京都府,与謝郡伊根町,2331,63,41,62,98,97,72,95,82,85,98,137,147,226,198,174,181,232,152,61,27,3,475,1111,36,23,28,54,57,45,55,42,43,51,68,72,140,93,74,70,88,52,16,3,1,160,1220,27,18,34,44,40,27,40,40,42,47,69,75,86,105,100,111,144,100,45,24,2,315
2015,2015-01-01,26465,264652,京都府,与謝郡与謝野町,23209,754,920,1131,1287,993,870,930,1187,1499,1344,1469,1466,1724,1866,1617,1412,1298,889,394,128,31,2740,11070,403,449,597,650,511,458,468,615,740,662,729,759,847,912,747,591,527,298,87,19,1,932,12139,351,471,534,637,482,412,462,572,759,682,740,707,877,954,870,821,771,591,307,109,30,1808
2015,2015-01-01,27000,270008,大阪府,,8667415,356841,371271,401308,420608,431808,472256,519154,601873,732983,632428,525396,457823,548124,643782,576341,431906,294833,162043,65980,17525,3132,543513,4198857,182473,190353,205579,214758,216924,235441,258550,299098,366358,316760,262430,227338,267131,306361,266302,192805,118310,53652,15239,2687,308,190196,4468558,174368,180918,195729,205850,214884,236815,260604,302775,366625,315668,262966,230485,280993,337421,310039,239101,176523,108391,50741,14838,2824,353317
2015,2015-01-01,27100,271004,大阪府,大阪市,2553871,103867,97255,100746,107217,128361,166173,179027,188137,213254,184684,156320,134702,157131,178434,157786,127987,93572,51876,21084,5305,953,172790,1245338,53238,49910,51553,54439,62717,82375,89682,94402,108019,93571,78979,68897,81069,89301,73499,55108,36298,16521,4803,859,98,58579,1308533,50629,47345,49193,52778,65644,83798,89345,93735,105235,91113,77341,65805,76062,89133,84287,72879,57274,35355,16281,4446,855,114211
2015,2015-01-01,27102,271021,大阪府,大阪市都島区,100020,4307,4067,3835,4013,4794,6638,7285,7715,8438,6999,6225,5976,6738,6831,5489,4354,3481,1912,721,172,30,6316,48124,2238,2065,2030,2029,2322,3146,3548,3843,4202,3446,3010,2877,3439,3480,2496,1827,1315,599,179,30,3,2126,51896,2069,2002,1805,1984,2472,3492,3737,3872,4236,3553,3215,3099,3299,3351,2993,2527,2166,1313,542,142,27,4190
2015,2015-01-01,27103,271039,大阪府,大阪市福島区,69147,3324,2745,2526,2358,3296,5675,6421,6546,6552,4831,4112,3197,3625,4066,3248,2651,2122,1194,535,105,18,3974,32872,1743,1412,1260,1144,1574,2698,3073,3138,3252,2437,2040,1631,1739,1903,1452,1085,789,374,111,12,5,1291,36275,1581,1333,1266,1214,1722,2977,3348,3408,3300,2394,2072,1566,1886,2163,1796,1566,1333,820,424,93,13,2683
2015,2015-01-01,27104,271047,大阪府,大阪市此花区,66278,2964,2581,2565,2941,3330,3623,4171,4637,5448,4779,4098,3615,4391,4743,4282,3576,2503,1341,553,116,21,4534,32525,1551,1338,1291,1481,1716,1880,2056,2347,2842,2499,2068,1886,2287,2323,1960,1488,937,421,131,19,4,1512,33753,1413,1243,1274,1460,1614,1743,2115,2290,2606,2280,2030,1729,2104,2420,2322,2088,1566,920,422,97,17,3022
2015,2015-01-01,27106,271063,大阪府,大阪市西区,84839,4375,3114,2790,2619,4309,8067,9740,8939,8105,5991,4577,3852,4294,4429,3385,2578,1880,1162,483,125,25,3675,40366,2275,1583,1425,1327,2082,3723,4684,4285,3931,2939,2235,1878,2080,2140,1529,1089,680,357,108,15,1,1161,44473,2100,1531,1365,1292,2227,4344,5056,4654,4174,3052,2342,1974,2214,2289,1856,1489,1200,805,375,110,24,2514
2015,2015-01-01,27107,271071,大阪府,大阪市港区,80382,2970,3098,3167,3444,4098,4825,5107,5506,6522,5713,4963,4396,5145,5824,5508,4399,3205,1683,609,167,33,5697,39612,1488,1547,1644,1765,2028,2405,2605,2821,3353,2953,2527,2313,2768,2847,2629,1936,1269,552,144,18,0,1983,40770,1482,1551,1523,1679,2070,2420,2502,2685,3169,2760,2436,2083,2377,2977,2879,2463,1936,1131,465,149,33,3714
2015,2015-01-01,27108,271080,大阪府,大阪市大正区,66738,2265,2554,2848,3097,3025,3431,3505,4118,5172,4612,4111,3733,5007,5558,4980,3810,2667,1439,619,161,26,4912,33038,1164,1282,1493,1592,1576,1852,1748,2132,2688,2395,2133,1908,2624,2845,2276,1642,1075,463,123,24,3,1688,33700,1101,1272,1355,1505,1449,1579,1757,1986,2484,2217,1978,1825,2383,2713,2704,2168,1592,976,496,137,23,3224
2015,2015-01-01,27109,271098,大阪府,大阪市天王寺区,68315,3337,3089,2962,2954,3635,4690,5295,5564,5837,5344,4664,3708,3758,3786,3042,2567,2125,1281,533,120,24,4083,31809,1708,1605,1566,1495,1674,2177,2470,2630,2753,2487,2184,1795,1855,1772,1297,1008,792,394,120,24,3,1333,36506,1629,1484,1396,1459,1961,2513,2825,2934,3084,2857,2480,1913,1903,2014,1745,1559,1333,887,413,96,21,2750
2015,2015-01-01,27111,271110,大阪府,大阪市浪速区,56028,1955,1205,1121,1370,4007,6867,6188,4862,4379,3386,2930,2654,3312,3541,3020,2267,1578,865,397,109,15,2964,29030,1020,638,575,670,1717,3355,3348,2688,2450,1926,1673,1465,1941,1963,1565,1021,646,268,84,16,1,1015,26998,935,567,546,700,2290,3512,2840,2174,1929,1460,1257,1189,1371,1578,1455,1246,932,597,313,93,14,1949
2015,2015-01-01,27113,271136,大阪府,大阪市西淀川区,94169,3937,4191,4622,4379,4504,5362,5696,6829,8458,6981,5701,4901,6071,6624,5653,4479,3087,1796,712,163,23,5781,46866,2038,2116,2367,2204,2332,2784,2889,3493,4463,3625,2932,2527,3209,3317,2648,1952,1209,570,163,28,0,1970,47303,1899,2075,2255,2175,2172,2578,2807,3336,3995,3356,2769,2374,2862,3307,3005,2527,1878,1226,549,135,23,3811
2015,2015-01-01,27114,271144,大阪府,大阪市東淀川区,165733,6702,5971,6213,7200,9867,12624,12584,12120,13719,11555,9888,8425,9829,11049,10077,7889,5457,3033,1174,300,57,10021,82175,3392,3056,3153,3680,4827,6530,6585,6388,7162,5979,5049,4449,5081,5449,4655,3398,2047,977,259,55,4,3342,83558,3310,2915,3060,3520,5040,6094,5999,5732,6557,5576,4839,3976,4748,5600,5422,4491,3410,2056,915,245,53,6679
2015,2015-01-01,27115,271152,大阪府,大阪市東成区,74127,2985,2800,3085,3018,3539,5049,5269,5501,6073,5138,4498,3825,4569,5066,4361,3768,2891,1712,747,205,28,5583,35753,1551,1418,1591,1531,1734,2468,2643,2751,3050,2612,2243,1907,2286,2594,1952,1575,1067,552,189,37,2,1847,38374,1434,1382,1494,1487,1805,2581,2626,2750,3023,2526,2255,1918,2283,2472,2409,2193,1824,1160,558,168,26,3736
2015,2015-01-01,27116,271161,大阪府,大阪市生野区,100998,3674,3564,3965,4587,5160,5733,5638,6112,7294,6833,5917,5256,6609,7781,7405,6166,4861,2757,1270,344,72,9304,49323,1899,1853,2005,2409,2588,2959,2920,3079,3820,3429,3001,2821,3410,3965,3466,2651,1888,805,294,51,10,3048,51675,1775,1711,1960,2178,2572,2774,2718,3033,3474,3404,2916,2435,3199,3816,3939,3515,2973,1952,976,293,62,6256
2015,2015-01-01,27117,271179,大阪府,大阪市旭区,89401,3228,3191,3457,3862,4238,5119,5374,5834,6870,6158,5507,4818,5807,6859,6142,5158,4091,2360,1035,245,48,7779,43069,1648,1631,1760,2036,2138,2550,2702,2954,3497,3112,2754,2411,2952,3393,2788,2133,1565,766,234,40,5,2610,46332,1580,1560,1697,1826,2100,2569,2672,2880,3373,3046,2753,2407,2855,3466,3354,3025,2526,1594,801,205,43,5169
2015,2015-01-01,27118,271187,大阪府,大阪市城東区,162476,6920,7092,7121,7150,7414,9169,10636,12257,14410,12001,9935,8418,9809,11329,9950,8061,5896,3200,1295,339,74,10804,78044,3539,3642,3646,3590,3674,4591,5224,6063,7103,5992,4952,4117,4848,5516,4512,3343,2278,1033,314,57,10,3692,84432,3381,3450,3475,3560,3740,4578,5412,6194,7307,6009,4983,4301,4961,5813,5438,4718,3618,2167,981,282,64,7112
2015,2015-01-01,27119,271195,大阪府,大阪市阿倍野区,105075,4406,4333,4701,4816,5067,5562,6321,7250,8661,7707,7068,6014,6358,7037,6113,5221,4306,2679,1117,287,51,8440,48627,2226,2202,2370,2475,2419,2674,2939,3425,4097,3653,3382,2902,3109,3297,2670,2058,1588,820,272,46,3,2729,56448,2180,2131,2331,2341,2648,2888,3382,3825,4564,4054,3686,3112,3249,3740,3443,3163,2718,1859,845,241,48,5711
2015,2015-01-01,27120,271209,大阪府,大阪市住吉区,150544,5979,5874,6209,7052,7602,8450,9077,9861,12075,11273,9721,8153,9121,10741,9647,7973,6222,3621,1457,365,71,11736,71011,2962,2985,3190,3601,3751,4128,4481,4868,5971,5391,4823,4037,4438,5069,4224,3223,2308,1147,345,60,9,3869,79533,3017,2889,3019,3451,3851,4322,4596,4993,6104,5882,4898,4116,4683,5672,5423,4750,3914,2474,1112,305,62,7867
2015,2015-01-01,27121,271217,大阪府,大阪市東住吉区,127987,4722,4840,5443,5977,6316,6675,7198,8129,9910,9383,8172,7004,7936,9536,8789,7278,5637,3245,1372,365,60,10679,61336,2410,2484,2811,3035,3160,3233,3560,4042,4934,4713,4095,3594,4046,4632,4009,3067,2132,1031,286,57,5,3511,66651,2312,2356,2632,2942,3156,3442,3638,4087,4976,4670,4077,3410,3890,4904,4780,4211,3505,2214,1086,308,55,7168
2015,2015-01-01,27122,271225,大阪府,大阪市西成区,103806,2544,2742,2925,3300,3785,4158,4515,5140,6937,6684,6176,6214,9227,11154,10387,8550,5447,2649,977,262,33,9368,60846,1329,1444,1527,1670,1983,2314,2525,2829,3937,4022,3766,4026,6283,7516,6639,5040,2746,986,208,55,1,3996,42960,1215,1298,1398,1630,1802,1844,1990,2311,3000,2662,2410,2188,2944,3638,3748,3510,2701,1663,769,207,32,5372
2015,2015-01-01,27123,271233,大阪府,大阪市淀川区,166735,6762,5856,5916,6075,8813,13396,13699,13338,14530,11820,9836,8853,9852,11533,9485,7196,5292,2899,1210,329,45,9775,82684,3458,3100,2990,3028,4311,6989,7097,6939,7656,6246,5072,4489,4981,5759,4343,2981,1972,918,301,51,3,3245,84051,3304,2756,2926,3047,4502,6407,6602,6399,6874,5574,4764,4364,4871,5774,5142,4215,3320,1981,909,278,42,6530
2015,2015-01-01,27124,271241,大阪府,大阪市鶴見区,110796,6109,5962,5912,5653,5284,6090,7343,8725,10120,8649,6568,5287,5689,6287,6122,5020,3477,1709,633,131,26,5976,53226,3165,3101,2962,2860,2536,2961,3546,4308,4981,4321,3251,2655,2743,2946,2668,2104,1407,532,148,26,5,2118,57570,2944,2861,2950,2793,2748,3129,3797,4417,5139,4328,3317,2632,2946,3341,3454,2916,2070,1177,485,105,21,3858
2015,2015-01-01,27125,271250,大阪府,大阪市住之江区,122070,4562,4622,4856,5691,5764,6282,7094,8003,9279,8616,7598,7322,9172,10201,8362,6490,4463,2418,981,261,33,8156,59106,2337,2372,2515,2888,2960,3145,3620,3976,4688,4346,3688,3520,4557,5065,3889,2800,1726,760,198,51,5,2740,62964,2225,2250,2341,2803,2804,3137,3474,4027,4591,4270,3910,3802,4615,5136,4473,3690,2737,1658,783,210,28,5416
2015,2015-01-01,27126,271268,大阪府,大阪市平野区,193137,7783,8163,9411,10279,9828,9730,10045,11858,16149,15482,12527,9330,10567,13480,13791,11641,7710,3721,1275,296,71,13073,92531,3970,4196,4766,5247,4837,4890,5165,5863,7924,7672,6318,4795,5242,6250,5954,4908,2960,1238,292,37,7,4534,100606,3813,3967,4645,5032,4991,4840,4880,5995,8225,7810,6209,4535,5325,7230,7837,6733,4750,2483,983,259,64,8539
2015,2015-01-01,27127,271276,大阪府,大阪市北区,110643,4553,3129,2967,3103,5758,10175,11352,10699,10340,8345,6635,5670,6063,6595,5109,4159,3084,1880,820,166,41,5991,53413,2348,1579,1513,1567,2625,4904,5662,5452,5334,4194,3336,2881,2994,3114,2334,1679,1135,556,180,22,4,1897,57230,2205,1550,1454,1536,3133,5271,5690,5247,5006,4151,3299,2789,3069,3481,2775,2480,1949,1324,640,144,37,4094
2015,2015-01-01,27128,271284,大阪府,大阪市中央区,84427,3504,2472,2129,2279,4928,8783,9474,8594,7976,6404,4893,4081,4182,4384,3439,2736,2090,1320,559,172,28,4169,39952,1779,1261,1103,1115,2153,4019,4592,4088,3931,3182,2447,2013,2157,2146,1544,1100,767,402,120,28,5,1322,44475,1725,1211,1026,1164,2775,4764,4882,4506,4045,3222,2446,2068,2025,2238,1895,1636,1323,918,439,144,23,2847
2015,2015-01-01,27140,271403,大阪府,堺市,835743,35788,38763,40802,40319,39378,42093,47361,58852,71866,59130,48082,42385,53616,65295,58374,42054,27838,15442,6329,1649,327,51585,402812,18291,19865,20950,20504,20066,21294,23378,28911,36118,29378,23892,20645,25149,30292,27015,19066,11199,5067,1460,239,33,17998,432931,17497,18898,19852,19815,19312,20799,23983,29941,35748,29752,24190,21740,28467,35003,31359,22988,16639,10375,4869,1410,294,33587
2015,2015-01-01,27141,271411,大阪府,堺市堺区,142743,5286,5543,6136,6316,6967,7836,8001,9690,11732,10330,9186,7869,9681,10944,9507,7268,5430,3214,1349,385,73,10451,70156,2706,2864,3185,3162,3704,4231,4112,4907,6070,5257,4801,4040,4843,5317,4342,3142,2038,1051,328,47,9,3473,72587,2580,2679,2951,3154,3263,3605,3889,4783,5662,5073,4385,3829,4838,5627,5165,4126,3392,2163,1021,338,64,6978
2015,2015-01-01,27142,271420,大阪府,堺市中区,124043,5839,6148,6466,6584,6358,6542,7243,9110,10754,8851,6815,6081,7754,9274,8462,5497,3397,1797,813,215,43,6265,60579,2958,3164,3278,3359,3218,3342,3640,4595,5526,4423,3395,3009,3632,4338,4033,2565,1381,522,166,33,2,2104,63464,2881,2984,3188,3225,3140,3200,3603,4515,5228,4428,3420,3072,4122,4936,4429,2932,2016,1275,647,182,41,4161
2015,2015-01-01,27143,271438,大阪府,堺市東区,86719,3635,3860,3958,4058,3945,4019,4720,5847,7088,5839,4956,4565,5740,7180,6585,4782,3217,1783,726,185,31,5942,41437,1836,1915,2052,2110,2003,1980,2286,2834,3598,2886,2407,2210,2694,3350,2984,2212,1305,576,166,29,4,2080,45282,1799,1945,1906,1948,1942,2039,2434,3013,3490,2953,2549,2355,3046,3830,3601,2570,1912,1207,560,156,27,3862
2015,2015-01-01,27144,271446,大阪府,堺市西区,136977,6249,6980,7244,6792,6411,6703,7787,9809,12288,9794,7825,6900,8551,9742,8658,6561,4626,2643,1069,298,47,8683,66387,3170,3539,3731,3418,3257,3441,3820,4826,6217,4921,3909,3466,4123,4621,4052,2873,1810,887,253,46,7,3003,70590,3079,3441,3513,3374,3154,3262,3967,4983,6071,4873,3916,3434,4428,5121,4606,3688,2816,1756,816,252,40,5680
2015,2015-01-01,27145,271454,大阪府,堺市南区,149330,5362,6655,7250,7216,6514,6405,7170,9656,12277,9877,8253,7748,10715,14248,12443,8412,5104,2621,1072,275,57,9129,70222,2775,3463,3648,3668,3227,3127,3443,4558,5897,4760,3846,3469,4664,6349,5875,4016,2243,897,253,42,2,3437,79108,2587,3192,3602,3548,3287,3278,3727,5098,6380,5117,4407,4279,6051,7899,6568,4396,2861,1724,819,233,55,5692
2015,2015-01-01,27146,271462,大阪府,堺市北区,156705,7783,7634,7658,7313,7360,8788,10290,11969,14481,11908,8952,7230,8546,10479,9852,7699,4860,2629,1007,208,59,8763,74964,4004,3921,3959,3733,3753,4268,5024,5800,7165,5862,4509,3488,3973,4711,4299,3406,1945,877,231,29,7,3089,81741,3779,3713,3699,3580,3607,4520,5266,6169,7316,6046,4443,3742,4573,5768,5553,4293,2915,1752,776,179,52,5674
2015,2015-01-01,27147,271471,大阪府,堺市美原区,39226,1634,1943,2090,2040,1823,1800,2150,2771,3246,2531,2095,1992,2629,3428,2867,1835,1204,755,293,83,17,2352,19067,842,999,1097,1054,904,905,1053,1391,1645,1269,1025,963,1220,1606,1430,852,477,257,63,13,2,812,20159,792,944,993,986,919,895,1097,1380,1601,1262,1070,1029,1409,1822,1437,983,727,498,230,70,15,1540
2015,2015-01-01,27202,272027,大阪府,岸和田市,198304,8490,9111,10350,11011,10757,10296,10591,12413,15890,14168,12337,10840,12733,14161,12752,9734,6884,3841,1519,361,65,12670,95392,4343,4680,5335,5728,5422,5153,5318,6060,7744,7022,6027,5326,6136,6712,5890,4213,2679,1210,336,54,4,4283,102912,4147,4431,5015,5283,5335,5143,5273,6353,8146,7146,6310,5514,6597,7449,6862,5521,4205,2631,1183,307,61,8387
2015,2015-01-01,27203,272035,大阪府,豊中市,396378,18295,18059,18621,18798,18294,19947,23640,28423,34224,30522,25258,21014,23492,27965,25022,19826,13618,7466,2983,785,126,24978,189254,9437,9229,9529,9605,9143,9568,11541,13758,16737,15063,12455,10280,11308,13075,11051,8622,5497,2542,693,109,12,8853,207124,8858,8830,9092,9193,9151,10379,12099,14665,17487,15459,12803,10734,12184,14890,13971,11204,8121,4924,2290,676,114,16125
2015,2015-01-01,27204,272043,大阪府,池田市,101244,4192,4539,4828,4920,5154,5117,5646,6906,8534,7443,6409,5529,6253,7356,6296,4996,3687,2177,952,259,51,7126,48717,2140,2345,2489,2534,2700,2681,2786,3349,4176,3663,3161,2653,2928,3433,2856,2195,1539,797,240,48,4,2628,52527,2052,2194,2339,2386,2454,2436,2860,3557,4358,3780,3248,2876,3325,3923,3440,2801,2148,1380,712,211,47,4498
2015,2015-01-01,27205,272051,大阪府,吹田市,358386,17023,17136,17532,17535,17570,19402,22679,26590,32213,27917,22328,18445,20950,24406,20265,15887,11134,6037,2496,726,115,20508,172674,8719,8804,9060,8954,9100,9747,11063,12976,15692,13914,11222,8979,9702,11400,9069,6931,4521,2060,634,105,22,7342,185712,8304,8332,8472,8581,8470,9655,11616,13614,16521,14003,11106,9466,11248,13006,11196,8956,6613,3977,1862,621,93,13166
2015,2015-01-01,27206,272060,大阪府,泉大津市,75056,3174,3449,4234,4448,3749,3801,4164,5101,6728,5845,4538,3960,4547,5215,4449,3333,2383,1247,517,148,26,4321,36081,1577,1774,2175,2243,1911,1906,2046,2500,3307,2888,2305,1952,2193,2424,2033,1421,927,380,97,22,0,1426,38975,1597,1675,2059,2205,1838,1895,2118,2601,3421,2957,2233,2008,2354,2791,2416,1912,1456,867,420,126,26,2895
2015,2015-01-01,27207,272078,大阪府,高槻市,352723,14454,15802,16467,16637,16221,17355,20148,24711,29868,25108,20232,18223,22371,27600,25899,18747,12573,6733,2714,750,110,22880,169351,7213,8128,8510,8564,8018,8550,9950,12196,14862,12460,9991,8741,10313,12515,12010,8729,5356,2434,676,127,8,8601,183372,7241,7674,7957,8073,8203,8805,10198,12515,15006,12648,10241,9482,12058,15085,13889,10018,7217,4299,2038,623,102,14279
2015,2015-01-01,27208,272086,大阪府,貝塚市,89290,3849,4533,5113,5015,4642,4260,4785,5883,7495,6583,5587,4845,5443,6060,5503,4229,2958,1666,631,185,25,5465,43113,2019,2315,2586,2524,2385,2098,2345,2861,3678,3268,2828,2419,2615,2929,2485,1894,1126,556,143,34,5,1864,46177,1830,2218,2527,2491,2257,2162,2440,3022,3817,3315,2759,2426,2828,3131,3018,2335,1832,1110,488,151,20,3601
2015,2015-01-01,27209,272094,大阪府,守口市,142669,5015,5391,6187,7173,7147,7398,7591,9188,12201,10916,8894,7412,8616,11121,10917,8278,5101,2695,1078,295,55,9224,69522,2597,2699,3164,3678,3556,3672,3952,4638,6225,5585,4584,3836,4277,5262,4875,3684,2036,854,293,48,7,3238,73147,2418,2692,3023,3495,3591,3726,3639,4550,5976,5331,4310,3576,4339,5859,6042,4594,3065,1841,785,247,48,5986
2015,2015-01-01,27210,272108,大阪府,枚方市,403713,16533,18632,19988,20817,20016,19479,22479,27778,34143,29201,24196,22022,27130,31786,27745,18842,12386,6840,2765,780,155,22926,194819,8421,9524,10371,10490,10028,9603,11010,13700,16886,14530,11911,10676,12779,14798,13028,8766,5164,2363,626,127,18,8298,208894,8112,9108,9617,10327,9988,9876,11469,14078,17257,14671,12285,11346,14351,16988,14717,10076,7222,4477,2139,653,137,14628
2015,2015-01-01,27211,272116,大阪府,茨木市,276283,13546,13787,14351,13660,13071,14979,17598,21307,25112,20411,16082,14108,16731,19294,16481,11470,7743,4233,1733,494,92,14295,134557,6935,7110,7367,6999,6596,7371,8655,10457,12516,10334,8093,6905,7986,8987,7706,5360,3241,1453,407,74,5,5180,141726,6611,6677,6984,6661,6475,7608,8943,10850,12596,10077,7989,7203,8745,10307,8775,6110,4502,2780,1326,420,87,9115
2015,2015-01-01,27212,272124,大阪府,八尾市,262901,10503,11299,12723,13681,12938,12874,14128,17072,22251,19528,16124,13302,16552,19879,19281,14095,9263,4778,1969,564,97,16671,126404,5378,5747,6409,7094,6550,6469,7024,8572,11052,9688,8017,6551,7778,9133,8776,6232,3799,1611,436,76,12,5934,136497,5125,5552,6314,6587,6388,6405,7104,8500,11199,9840,8107,6751,8774,10746,10505,7863,5464,3167,1533,488,85,10737
2015,2015-01-01,27213,272132,大阪府,泉佐野市,100292,3944,4392,5178,5543,5646,5252,5491,6769,8463,7484,6224,5466,6237,6877,6182,4862,3431,1890,741,180,40,6282,48515,2033,2316,2698,2809,2880,2608,2764,3396,4255,3734,3066,2730,3049,3217,2744,2054,1347,626,165,22,2,2162,51777,1911,2076,2480,2734,2766,2644,2727,3373,4208,3750,3158,2736,3188,3660,3438,2808,2084,1264,576,158,38,4120
2015,2015-01-01,27214,272141,大阪府,富田林市,114963,4052,4507,5594,6677,6645,5534,5416,6533,8523,8168,7841,7090,8050,8972,7751,5918,4127,2328,936,256,45,7692,54630,2097,2299,2795,3430,3358,2693,2663,3141,4088,3788,3682,3483,3817,4281,3557,2664,1700,827,222,41,4,2794,60333,1955,2208,2799,3247,3287,2841,2753,3392,4435,4380,4159,3607,4233,4691,4194,3254,2427,1501,714,215,41,4898
2015,2015-01-01,27215,272159,大阪府,寝屋川市,237960,9511,9796,10852,11744,11368,11819,13065,16225,20613,17462,13934,12387,15793,19485,18173,12348,7569,3778,1555,403,80,13385,115861,4913,5008,5580,5942,5848,5975,6551,8205,10397,8923,7013,6192,7593,8952,8262,5642,3171,1273,352,62,7,4865,122099,4598,4788,5272,5802,5520,5844,6514,8020,10216,8539,6921,6195,8200,10533,9911,6706,4398,2505,1203,341,73,8520
2015,2015-01-01,27216,272167,大阪府,河内長野市,110482,3565,4007,4884,5613,5623,5245,5210,6078,7801,6988,6836,7219,8595,9849,8665,6053,4253,2600,1054,299,45,8251,52468,1840,2081,2454,2871,2779,2628,2555,2930,3771,3236,3175,3442,4097,4576,4174,2848,1807,907,248,41,8,3011,58014,1725,1926,2430,2742,2844,2617,2655,3148,4030,3752,3661,3777,4498,5273,4491,3205,2446,1693,806,258,37,5240
2015,2015-01-01,27217,272175,大阪府,松原市,121623,4335,4822,5950,6753,6348,5728,5935,7227,10170,9269,7365,6142,7667,9652,9555,6922,4344,2227,919,246,47,7783,58685,2248,2478,3014,3411,3229,2900,3018,3621,5074,4643,3696,3022,3654,4438,4380,3156,1759,716,192,34,2,2703,62938,2087,2344,2936,3342,3119,2828,2917,3606,5096,4626,3669,3120,4013,5214,5175,3766,2585,1511,727,212,45,5080
2015,2015-01-01,27218,272183,大阪府,大東市,121535,4796,5420,6047,6703,6446,6157,6696,8127,10679,9369,7210,6054,7715,9327,8616,5988,3527,1769,683,176,30,6185,59771,2419,2776,3017,3499,3366,3156,3461,4149,5375,4806,3626,3024,3694,4384,3981,2801,1461,595,145,35,1,2237,61764,2377,2644,3030,3204,3080,3001,3235,3978,5304,4563,3584,3030,4021,4943,4635,3187,2066,1174,538,141,29,3948
2015,2015-01-01,27219,272191,大阪府,和泉市,185427,8447,9551,10594,10818,9865,9002,10307,12633,16242,13786,11696,10129,11968,12805,10742,7546,4963,2839,1168,286,40,9296,90097,4258,4858,5451,5589,5182,4485,5121,6195,7989,6759,5829,4913,5772,6068,4967,3426,1971,951,263,46,4,3235,95330,4189,4693,5143,5229,4683,4517,5186,6438,8253,7027,5867,5216,6196,6737,5775,4120,2992,1888,905,240,36,6061
2015,2015-01-01,27220,272205,大阪府,箕面市,132795,6486,6848,6653,6402,6895,6808,7830,9674,11357,9551,7842,7069,7929,9583,8319,5750,3850,2466,1094,332,57,7799,63741,3242,3606,3428,3287,3638,3397,3692,4695,5574,4635,3815,3307,3746,4330,3906,2737,1529,834,284,57,2,2706,69054,3244,3242,3225,3115,3257,3411,4138,4979,5783,4916,4027,3762,4183,5253,4413,3013,2321,1632,810,275,55,5093
2015,2015-01-01,27221,272213,大阪府,柏原市,71001,2641,2875,3385,3906,3930,3784,3768,4282,5551,5022,4495,3999,4802,5697,4981,3597,2297,1285,512,162,30,4286,34172,1349,1458,1748,1991,1990,1899,1899,2118,2772,2465,2185,1945,2290,2644,2340,1612,922,418,105,20,2,1467,36829,1292,1417,1637,1915,1940,1885,1869,2164,2779,2557,2310,2054,2512,3053,2641,1985,1375,867,407,142,28,2819
2015,2015-01-01,27222,272221,大阪府,羽曳野市,114324,4116,4954,5858,6319,5770,5294,5622,7117,9266,8353,6940,6107,7512,9110,8267,5992,4076,2364,974,258,55,7727,54601,2084,2491,3028,3164,2934,2645,2781,3444,4577,4107,3389,2994,3505,4237,3848,2665,1626,796,252,31,3,2708,59723,2032,2463,2830,3155,2836,2649,2841,3673,4689,4246,3551,3113,4007,4873,4419,3327,2450,1568,722,227,52,5019
2015,2015-01-01,27223,272230,大阪府,門真市,123857,4359,4773,5630,6436,6259,6098,6495,8012,11001,9714,7302,6074,8017,10030,9848,7160,4099,1669,674,170,37,6649,61361,2229,2423,2913,3320,3194,3072,3425,4165,5675,5057,3791,3168,4009,4789,4443,3243,1690,581,149,22,3,2445,62496,2130,2350,2717,3116,3065,3026,3070,3847,5326,4657,3511,2906,4008,5241,5405,3917,2409,1088,525,148,34,4204
2015,2015-01-01,27224,272248,大阪府,摂津市,84156,3921,3757,3882,3988,4135,4974,5621,6310,7699,5879,4484,4203,5242,6407,5826,3794,2226,1191,463,127,27,4034,42080,1986,1908,2012,2067,2093,2560,2903,3269,4031,3195,2333,2138,2545,3012,2719,1878,912,394,101,21,3,1431,42076,1935,1849,1870,1921,2042,2414,2718,3041,3668,2684,2151,2065,2697,3395,3107,1916,1314,797,362,106,24,2603
2015,2015-01-01,27225,272256,大阪府,高石市,57856,2325,2583,3084,3128,2829,2815,3162,3640,4937,4167,3475,3199,3657,4278,3767,2877,2107,1194,484,128,20,3933,27818,1213,1325,1514,1621,1494,1450,1542,1847,2408,2070,1710,1556,1745,2003,1690,1299,823,381,113,11,3,1331,30038,1112,1258,1570,1507,1335,1365,1620,1793,2529,2097,1765,1643,1912,2275,2077,1578,1284,813,371,117,17,2602
2015,2015-01-01,27226,272264,大阪府,藤井寺市,65991,2750,2885,3262,3505,3268,3264,3621,4265,5515,4752,3944,3523,4225,4930,4498,3356,2327,1343,576,158,24,4428,31481,1463,1446,1644,1783,1606,1578,1765,2155,2721,2300,1931,1691,1994,2296,2069,1488,929,448,148,26,0,1551,34510,1287,1439,1618,1722,1662,1686,1856,2110,2794,2452,2013,1832,2231,2634,2429,1868,1398,895,428,132,24,2877
2015,2015-01-01,27227,272272,大阪府,東大阪市,482165,18331,20002,22542,24432,24632,24730,26273,31359,41363,36542,29726,24791,30394,37415,34472,25795,16304,8538,3385,964,175,29366,235754,9403,10181,11530,12430,12373,12678,13464,15959,20992,18719,15046,12597,14927,17800,15798,11569,6581,2798,755,138,16,10288,246411,8928,9821,11012,12002,12259,12052,12809,15400,20371,17823,14680,12194,15467,19615,18674,14226,9723,5740,2630,826,159,19078
2015,2015-01-01,27228,272281,大阪府,泉南市,63433,2626,2998,3691,3710,3343,3044,3278,3972,5029,4249,3715,3272,4256,4909,4417,3109,2116,1100,464,114,21,3815,30709,1320,1534,1857,1885,1731,1507,1627,2009,2438,2160,1887,1557,2008,2330,2086,1423,869,363,101,17,0,1350,32724,1306,1464,1834,1825,1612,1537,1651,1963,2591,2089,1828,1715,2248,2579,2331,1686,1247,737,363,97,21,2465
2015,2015-01-01,27229,272299,大阪府,四條畷市,56066,2175,2724,3281,3170,2801,2492,2766,3779,5400,4460,3202,2563,3358,4412,4059,2685,1508,759,328,118,26,2739,27648,1128,1417,1741,1645,1472,1280,1364,1879,2689,2266,1666,1303,1603,2026,1919,1292,620,248,74,13,3,958,28418,1047,1307,1540,1525,1329,1212,1402,1900,2711,2194,1536,1260,1755,2386,2140,1393,888,511,254,105,23,1781
2015,2015-01-01,27230,272302,大阪府,交野市,77605,3023,3570,4264,4541,3781,3465,3731,5091,6750,6010,4791,4024,4845,5945,5682,3948,2221,1222,526,153,22,4144,37579,1523,1862,2183,2331,1930,1644,1827,2482,3302,2913,2416,1986,2298,2674,2692,1934,1000,445,117,19,1,1582,40026,1500,1708,2081,2210,1851,1821,1904,2609,3448,3097,2375,2038,2547,3271,2990,2014,1221,777,409,134,21,2562
2015,2015-01-01,27231,272311,大阪府,大阪狭山市,57473,2384,2800,2907,3143,2971,2671,3115,3888,4745,3842,3467,3151,3796,4447,3882,2710,1881,1099,442,114,18,3554,27350,1215,1423,1486,1655,1461,1324,1496,1863,2280,1866,1645,1485,1783,2002,1811,1240,800,398,101,11,5,1315,30123,1169,1377,1421,1488,1510,1347,1619,2025,2465,1976,1822,1666,2013,2445,2071,1470,1081,701,341,103,13,2239
2015,2015-01-01,27232,272329,大阪府,阪南市,56708,1968,2430,2821,3079,2828,2542,2821,3424,4284,3796,3356,3464,4379,4846,4342,2778,1870,1097,437,120,26,3550,27160,968,1263,1422,1590,1430,1236,1382,1668,2100,1848,1591,1644,2095,2313,2092,1306,746,360,86,16,4,1212,29548,1000,1167,1399,1489,1398,1306,1439,1756,2184,1948,1765,1820,2284,2533,2250,1472,1124,737,351,104,22,2338
2015,2015-01-01,27300,273007,大阪府,三島郡,30539,1538,1491,1396,1412,1302,1455,1967,2231,2443,2035,1833,1727,2213,2415,1957,1305,940,575,245,53,6,1819,14561,776,773,700,705,645,731,975,1095,1202,964,887,788,1009,1148,905,592,402,191,65,8,0,666,15978,762,718,696,707,657,724,992,1136,1241,1071,946,939,1204,1267,1052,713,538,384,180,45,6,1153
2015,2015-01-01,27301,273015,大阪府,三島郡島本町,30539,1538,1491,1396,1412,1302,1455,1967,2231,2443,2035,1833,1727,2213,2415,1957,1305,940,575,245,53,6,1819,14561,776,773,700,705,645,731,975,1095,1202,964,887,788,1009,1148,905,592,402,191,65,8,0,666,15978,762,718,696,707,657,724,992,1136,1241,1071,946,939,1204,1267,1052,713,538,384,180,45,6,1153
2015,2015-01-01,27320,273201,大阪府,豊能郡,32472,582,826,1172,1543,1625,1347,1232,1351,1840,1905,2044,2411,3240,3717,2869,1918,1332,961,421,119,17,2850,15579,303,423,643,794,829,645,606,662,897,929,977,1119,1543,1829,1405,960,567,326,95,26,1,1015,16893,279,403,529,749,796,702,626,689,943,976,1067,1292,1697,1888,1464,958,765,635,326,93,16,1835
2015,2015-01-01,27321,273210,大阪府,豊能郡豊能町,21321,381,545,759,966,1013,880,838,879,1215,1137,1269,1526,2203,2581,2058,1322,833,590,239,73,14,1749,10185,208,271,422,506,518,401,403,406,588,568,572,693,1021,1241,1026,686,377,205,55,17,1,655,11136,173,274,337,460,495,479,435,473,627,569,697,833,1182,1340,1032,636,456,385,184,56,13,1094
2015,2015-01-01,27322,273228,大阪府,豊能郡能勢町,11151,201,281,413,577,612,467,394,472,625,768,775,885,1037,1136,811,596,499,371,182,46,3,1101,5394,95,152,221,288,311,244,203,256,309,361,405,426,522,588,379,274,190,121,40,9,0,360,5757,106,129,192,289,301,223,191,216,316,407,370,459,515,548,432,322,309,250,142,37,3,741
2015,2015-01-01,27340,273406,大阪府,泉北郡,17202,672,833,968,957,827,822,880,1104,1465,1219,997,842,1087,1262,1129,923,610,401,159,38,7,1215,8339,327,430,493,496,416,407,464,572,750,616,504,417,524,596,512,399,243,129,35,9,0,416,8863,345,403,475,461,411,415,416,532,715,603,493,425,563,666,617,524,367,272,124,29,7,799
2015,2015-01-01,27341,273414,大阪府,泉北郡忠岡町,17202,672,833,968,957,827,822,880,1104,1465,1219,997,842,1087,1262,1129,923,610,401,159,38,7,1215,8339,327,430,493,496,416,407,464,572,750,616,504,417,524,596,512,399,243,129,35,9,0,416,8863,345,403,475,461,411,415,416,532,715,603,493,425,563,666,617,524,367,272,124,29,7,799
2015,2015-01-01,27360,273601,大阪府,泉南郡,69305,2471,3205,3656,3887,3510,3241,3488,4406,5423,4555,4028,3961,4997,5767,4938,3250,2311,1456,578,153,24,4522,33526,1265,1675,1815,2071,1865,1702,1698,2172,2659,2217,1994,1875,2335,2707,2432,1513,878,502,124,26,1,1531,35779,1206,1530,1841,1816,1645,1539,1790,2234,2764,2338,2034,2086,2662,3060,2506,1737,1433,954,454,127,23,2991
2015,2015-01-01,27361,273619,大阪府,泉南郡熊取町,44173,1723,2206,2440,2524,2228,2123,2375,2925,3505,2926,2545,2556,3275,3697,2936,1818,1191,772,305,87,16,2371,21461,888,1136,1243,1327,1153,1120,1143,1436,1708,1405,1242,1201,1523,1737,1508,863,486,258,66,17,1,828,22712,835,1070,1197,1197,1075,1003,1232,1489,1797,1521,1303,1355,1752,1960,1428,955,705,514,239,70,15,1543
2015,2015-01-01,27362,273627,大阪府,泉南郡田尻町,8460,347,474,474,585,581,447,459,615,748,537,467,392,405,507,504,370,293,164,70,17,4,548,4231,182,253,208,359,350,239,237,316,362,275,243,203,184,240,234,160,107,62,15,2,0,186,4229,165,221,266,226,231,208,222,299,386,262,224,189,221,267,270,210,186,102,55,15,4,362
2015,2015-01-01,27366,273660,大阪府,泉南郡岬町,16672,401,525,742,778,701,671,654,866,1170,1092,1016,1013,1317,1563,1498,1062,827,520,203,49,4,1603,7834,195,286,364,385,362,343,318,420,589,537,509,471,628,730,690,490,285,182,43,7,0,517,8838,206,239,378,393,339,328,336,446,581,555,507,542,689,833,808,572,542,338,160,42,4,1086
2015,2015-01-01,27380,273805,大阪府,南河内郡,35624,1094,1466,1815,1968,1863,1499,1527,2015,2645,2395,2262,2169,2585,3073,2634,1844,1404,861,392,97,16,2770,17337,563,769,915,1016,989,754,757,1027,1330,1180,1111,1102,1263,1448,1277,843,575,297,103,13,5,993,18287,531,697,900,952,874,745,770,988,1315,1215,1151,1067,1322,1625,1357,1001,829,564,289,84,11,1777
2015,2015-01-01,27381,273813,大阪府,南河内郡太子町,13944,473,608,842,892,792,631,637,811,1121,1009,910,813,942,1089,896,581,468,280,115,31,3,897,6841,243,322,425,462,424,312,307,425,549,503,457,417,457,522,439,255,186,101,30,5,0,322,7103,230,286,417,430,368,319,330,386,572,506,453,396,485,567,457,326,282,179,85,26,3,575
2015,2015-01-01,27382,273821,大阪府,南河内郡河南町,15957,485,675,776,849,862,676,665,910,1185,1087,1073,978,1127,1272,1166,887,659,396,179,43,7,1284,7774,249,351,386,438,466,335,336,450,612,529,527,497,566,598,550,410,280,135,52,5,2,474,8183,236,324,390,411,396,341,329,460,573,558,546,481,561,674,616,477,379,261,127,38,5,810
2015,2015-01-01,27383,273830,大阪府,南河内郡千早赤阪村,5723,136,183,197,227,209,192,225,294,339,299,279,378,516,712,572,376,277,185,98,23,6,589,2722,71,96,104,116,99,107,114,152,169,148,127,188,240,328,288,178,109,61,21,3,3,197,3001,65,87,93,111,110,85,111,142,170,151,152,190,276,384,284,198,168,124,77,20,3,392
2015,2015-01-01,28000,280003,兵庫県,,5543171,231506,244767,262988,272767,268020,282489,314926,370224,440400,381917,341320,322122,372928,413924,350346,269353,207179,126335,53284,13802,2574,403174,2662316,118740,125536,134808,139205,135581,141717,155706,182445,217447,188121,167110,156919,180804,197639,162124,118260,82358,42552,12628,2295,321,140154,2880855,112766,119231,128180,133562,132439,140772,159220,187779,222953,193796,174210,165203,192124,216285,188222,151093,124821,83783,40656,11507,2253,263020
2015,2015-01-01,28100,281000,兵庫県,神戸市,1508142,61324,64395,67585,69383,73742,79886,88105,102370,120386,104497,94646,88678,101023,112606,95133,74150,57865,34003,14071,3598,696,110233,716505,31323,33061,34588,35540,36876,39020,42696,49569,58736,50942,45888,42621,48900,53711,43397,31758,22484,11327,3375,608,85,37879,791637,30001,31334,32997,33843,36866,40866,45409,52801,61650,53555,48758,46057,52123,58895,51736,42392,35381,22676,10696,2990,611,72354
2015,2015-01-01,28101,281018,兵庫県,神戸市東灘区,208465,9452,9719,10258,10133,10069,10578,12387,15180,18343,16427,14029,12094,12411,13625,11095,8816,7184,4308,1825,441,91,13849,98010,4932,4950,5229,5196,5120,5111,5768,7128,8562,7858,6776,5836,5889,6323,4940,3688,2709,1453,460,72,10,4704,110455,4520,4769,5029,4937,4949,5467,6619,8052,9781,8569,7253,6258,6522,7302,6155,5128,4475,2855,1365,369,81,9145
2015,2015-01-01,28102,281026,兵庫県,神戸市灘区,128418,5692,5586,5800,5508,6449,6906,8085,9667,11234,9335,7900,6684,7608,8552,7165,6016,5237,3274,1311,335,74,10231,59870,2875,2859,2950,2853,3347,3269,3786,4561,5349,4485,3869,3190,3610,3999,3114,2406,1916,1073,301,50,8,3348,68548,2817,2727,2850,2655,3102,3637,4299,5106,5885,4850,4031,3494,3998,4553,4051,3610,3321,2201,1010,285,66,6883
2015,2015-01-01,28105,281051,兵庫県,神戸市兵庫区,104660,3659,3554,3788,3838,4782,6481,6577,7003,8308,7048,6206,5723,6816,7901,7285,6203,4991,2934,1210,297,56,9488,50843,1858,1822,1948,1888,2309,3273,3342,3612,4288,3659,3281,2912,3584,3966,3380,2608,1841,940,286,41,5,3113,53817,1801,1732,1840,1950,2473,3208,3235,3391,4020,3389,2925,2811,3232,3935,3905,3595,3150,1994,924,256,51,6375
2015,2015-01-01,28106,281069,兵庫県,神戸市長田区,94522,3050,3350,3448,3818,4250,4934,4885,5472,6937,6207,5784,5398,6613,7693,7350,6184,4782,2814,1189,306,58,9149,45009,1562,1723,1793,1926,2212,2480,2478,2788,3524,3170,2884,2681,3386,3721,3223,2478,1768,878,275,52,7,2980,49513,1488,1627,1655,1892,2038,2454,2407,2684,3413,3037,2900,2717,3227,3972,4127,3706,3014,1936,914,254,51,6169
2015,2015-01-01,28107,281077,兵庫県,神戸市須磨区,162663,6210,6317,6875,7215,7672,8065,8773,10272,11940,10766,10051,9697,11369,13587,11911,9223,6871,3905,1493,378,73,12720,76109,3098,3193,3552,3738,3705,3868,4256,4950,5828,5123,4784,4572,5238,6366,5356,3948,2817,1305,338,65,9,4534,86554,3112,3124,3323,3477,3967,4197,4517,5322,6112,5643,5267,5125,6131,7221,6555,5275,4054,2600,1155,313,64,8186
2015,2015-01-01,28108,281085,兵庫県,神戸市垂水区,222165,9771,9949,9949,10158,10130,11082,12895,14557,17072,14744,13293,12564,14615,16746,15022,11992,9386,5343,2231,564,102,17626,105110,5061,5156,5109,5168,5209,5565,6297,7083,8238,7105,6353,5988,6881,7746,6730,5145,3754,1827,566,117,12,6276,117055,4710,4793,4840,4990,4921,5517,6598,7474,8834,7639,6940,6576,7734,9000,8292,6847,5632,3516,1665,447,90,11350
2015,2015-01-01,28109,281093,兵庫県,神戸市北区,223746,8735,10213,10981,11521,10756,10321,11427,14191,17405,15139,13870,13420,15738,18075,15355,11330,7994,4614,2000,554,107,15269,107157,4414,5253,5650,5931,5388,4982,5532,6872,8613,7371,6706,6423,7541,8487,7248,5292,3252,1635,466,87,14,5454,116589,4321,4960,5331,5590,5368,5339,5895,7319,8792,7768,7164,6997,8197,9588,8107,6038,4742,2979,1534,467,93,9815
2015,2015-01-01,28110,281107,兵庫県,神戸市中央区,117372,4509,3815,3719,3662,6186,8667,9195,9581,9966,8294,7208,6552,7223,8241,6643,5537,4395,2577,1059,290,53,8374,54961,2269,1929,1850,1867,2856,4043,4416,4636,4864,4077,3584,3203,3545,3991,2937,2179,1603,800,260,47,5,2715,62411,2240,1886,1869,1795,3330,4624,4779,4945,5102,4217,3624,3349,3678,4250,3706,3358,2792,1777,799,243,48,5659
2015,2015-01-01,28111,281115,兵庫県,神戸市西区,246131,10246,11892,12767,13530,13448,12852,13881,16447,19181,16537,16305,16546,18630,18186,13307,8849,7025,4234,1753,433,82,13527,119436,5254,6176,6507,6973,6730,6429,6821,7939,9470,8094,7651,7816,9226,9112,6469,4014,2824,1416,423,77,15,4755,126695,4992,5716,6260,6557,6718,6423,7060,8508,9711,8443,8654,8730,9404,9074,6838,4835,4201,2818,1330,356,67,8772
2015,2015-01-01,28201,282014,兵庫県,姫路市,532949,24033,25128,27159,28736,27216,28107,30748,36091,43026,36071,32025,29846,34220,38466,33245,24433,18075,10589,4426,1110,199,34399,258670,12435,12817,13892,14779,14096,14454,15687,18167,21513,17887,15709,14797,16716,18211,15257,10651,7020,3418,975,176,13,11602,274279,11598,12311,13267,13957,13120,13653,15061,17924,21513,18184,16316,15049,17504,20255,17988,13782,11055,7171,3451,934,186,22797
2015,2015-01-01,28202,282022,兵庫県,尼崎市,454420,18996,18438,18922,19935,21639,25346,28362,32604,38235,32938,27424,24094,29240,33954,30176,23715,16521,9110,3709,913,149,30402,221701,9782,9404,9655,10144,10895,12717,14295,16600,19622,16933,13846,12202,14524,16276,14074,10368,6490,2923,778,146,27,10364,232719,9214,9034,9267,9791,10744,12629,14067,16004,18613,16005,13578,11892,14716,17678,16102,13347,10031,6187,2931,767,122,20038
2015,2015-01-01,28203,282031,兵庫県,明石市,294621,13210,13184,14015,14732,14337,15923,17834,20300,24209,21235,18255,16264,19083,21696,18649,13508,9703,5581,2211,586,106,18187,142644,6693,6747,7164,7522,7155,8189,8855,10044,11997,10579,9016,8114,9296,10281,8614,5954,3937,1860,529,84,14,6424,151977,6517,6437,6851,7210,7182,7734,8979,10256,12212,10656,9239,8150,9787,11415,10035,7554,5766,3721,1682,502,92,11763
2015,2015-01-01,28204,282049,兵庫県,西宮市,477322,22356,23751,25199,23528,22633,24741,29303,35428,43620,37726,30613,25494,27631,31697,25705,19745,14672,8766,3573,951,190,28152,226683,11416,12268,13128,12086,10998,11872,13936,16665,20723,18632,15010,12252,12935,14820,11701,8523,5793,2877,862,162,24,9718,250639,10940,11483,12071,11442,11635,12869,15367,18763,22897,19094,15603,13242,14696,16877,14004,11222,8879,5889,2711,789,166,18434
2015,2015-01-01,28205,282057,兵庫県,洲本市,46298,1611,1770,2078,2276,1914,1833,2169,2627,3097,2821,2686,2935,3622,4029,3021,2613,2415,1748,787,201,45,5196,22033,846,906,1086,1106,960,927,1077,1314,1546,1379,1320,1416,1790,1965,1412,1139,969,604,224,38,9,1844,24265,765,864,992,1170,954,906,1092,1313,1551,1442,1366,1519,1832,2064,1609,1474,1446,1144,563,163,36,3352
2015,2015-01-01,28206,282065,兵庫県,芦屋市,95545,3996,4407,4393,4244,3799,3890,5028,6349,8205,7604,6433,5590,6190,7238,5883,4767,3827,2374,997,282,49,7529,43490,2062,2265,2270,2135,1862,1794,2265,2814,3697,3497,2975,2565,2800,3244,2557,1975,1557,851,251,52,2,2713,52055,1934,2142,2123,2109,1937,2096,2763,3535,4508,4107,3458,3025,3390,3994,3326,2792,2270,1523,746,230,47,4816
2015,2015-01-01,28207,282073,兵庫県,伊丹市,198806,9373,9513,9728,10224,10050,10776,12338,14693,17294,14884,12153,9995,11817,13658,11995,8908,6146,3464,1348,389,60,11407,97350,4803,4859,4927,5263,5296,5725,6191,7403,8635,7451,6264,4878,5536,6458,5500,4023,2495,1215,343,76,9,4138,101456,4570,4654,4801,4961,4754,5051,6147,7290,8659,7433,5889,5117,6281,7200,6495,4885,3651,2249,1005,313,51,7269
2015,2015-01-01,28208,282081,兵庫県,相生市,30321,1140,1166,1152,1401,1362,1401,1562,1800,2029,1732,1618,1658,2297,2788,2445,1874,1374,892,475,123,32,2896,14597,585,607,569,758,729,760,801,933,1040,868,807,799,1108,1323,1145,798,536,295,110,22,4,967,15724,555,559,583,643,633,641,761,867,989,864,811,859,1189,1465,1300,1076,838,597,365,101,28,1929
2015,2015-01-01,28209,282090,兵庫県,豊岡市,85247,3445,3668,4025,4328,3645,3663,4299,4750,5632,4965,5073,5651,6306,6403,5378,4731,4404,3055,1387,388,51,9285,41029,1751,1838,2107,2159,1830,1970,2236,2447,2919,2461,2482,2820,3113,3152,2449,2066,1757,1059,341,68,4,3229,44218,1694,1830,1918,2169,1815,1693,2063,2303,2713,2504,2591,2831,3193,3251,2929,2665,2647,1996,1046,320,47,6056
2015,2015-01-01,28210,282103,兵庫県,加古川市,268093,11862,12177,13474,14321,13430,14686,15830,18376,21678,17946,15496,15281,18644,20355,17260,11825,8242,4777,1900,449,84,15452,131718,6095,6222,6890,7406,7174,7704,8006,9310,10907,8913,7511,7439,9067,9674,8280,5537,3307,1711,477,77,11,5583,136375,5767,5955,6584,6915,6256,6982,7824,9066,10771,9033,7985,7842,9577,10681,8980,6288,4935,3066,1423,372,73,9869
2015,2015-01-01,28212,282120,兵庫県,赤穂市,49610,1840,2040,2437,2623,2388,2415,2455,2939,3562,3109,2934,2928,3672,3889,3365,2712,2176,1362,570,164,30,4302,23977,980,1071,1254,1332,1237,1283,1288,1484,1744,1561,1427,1461,1774,1873,1548,1202,838,459,128,27,6,1458,25633,860,969,1183,1291,1151,1132,1167,1455,1818,1548,1507,1467,1898,2016,1817,1510,1338,903,442,137,24,2844
2015,2015-01-01,28213,282138,兵庫県,西脇市,42114,1633,1738,2030,2267,1976,1869,2062,2431,2923,2628,2507,2556,2891,3168,3032,2477,1942,1257,550,153,24,3926,20239,858,909,1040,1168,987,982,1051,1264,1465,1317,1244,1241,1380,1544,1354,1082,800,400,123,25,5,1353,21875,775,829,990,1099,989,887,1011,1167,1458,1311,1263,1315,1511,1624,1678,1395,1142,857,427,128,19,2573
2015,2015-01-01,28214,282146,兵庫県,宝塚市,231072,9867,10872,11682,11455,10340,10140,11938,15834,20165,17855,14826,12987,14489,17086,14492,11254,8073,4924,2127,551,115,15790,107952,5082,5514,5878,5633,5009,4712,5509,7438,9617,8613,7119,6162,6600,7836,6620,4976,3282,1713,532,89,18,5634,123120,4785,5358,5804,5822,5331,5428,6429,8396,10548,9242,7707,6825,7889,9250,7872,6278,4791,3211,1595,462,97,10156
2015,2015-01-01,28215,282154,兵庫県,三木市,78814,2725,3119,3535,3806,3645,3551,3951,4809,5527,4738,4556,4896,6296,6924,6127,4194,3182,2031,913,235,54,6415,38146,1389,1594,1843,1887,1871,1774,2025,2422,2830,2306,2237,2335,3039,3282,2955,2032,1339,721,221,42,2,2325,40668,1336,1525,1692,1919,1774,1777,1926,2387,2697,2432,2319,2561,3257,3642,3172,2162,1843,1310,692,193,52,4090
2015,2015-01-01,28216,282162,兵庫県,高砂市,92736,3760,4130,4553,4854,4968,5164,5386,5981,7210,5789,5429,5226,6723,7477,6081,4232,3077,1752,726,192,26,5773,45344,1921,2088,2285,2503,2685,2807,2752,3019,3635,2825,2643,2457,3321,3594,2954,1888,1223,569,144,28,3,1967,47392,1839,2042,2268,2351,2283,2357,2634,2962,3575,2964,2786,2769,3402,3883,3127,2344,1854,1183,582,164,23,3806
2015,2015-01-01,28217,282171,兵庫県,川西市,159457,6177,6987,7874,7838,6865,6814,8074,10062,13385,11598,9348,8303,9961,12649,12309,9615,6267,3446,1406,405,74,11598,75899,3152,3605,4028,4020,3314,3340,3877,4823,6535,5695,4567,3892,4617,5671,5663,4600,2756,1310,367,58,9,4500,83558,3025,3382,3846,3818,3551,3474,4197,5239,6850,5903,4781,4411,5344,6978,6646,5015,3511,2136,1039,347,65,7098
2015,2015-01-01,28218,282189,兵庫県,小野市,49138,2128,2494,2650,2648,2379,2418,2682,3170,3865,3159,2809,2895,3368,3709,2997,2179,1745,1162,516,141,24,3588,23999,1101,1276,1390,1348,1234,1245,1343,1598,1896,1576,1408,1446,1665,1786,1409,1044,722,373,119,18,2,1234,25139,1027,1218,1260,1300,1145,1173,1339,1572,1969,1583,1401,1449,1703,1923,1588,1135,1023,789,397,123,22,2354
2015,2015-01-01,28219,282197,兵庫県,三田市,113648,4644,4933,5414,7012,7688,6598,6157,6593,7483,8050,9186,9017,8711,7310,5140,3835,3026,1878,775,166,32,5877,55332,2378,2591,2817,3539,3924,3387,3005,3170,3537,3695,4330,4394,4483,3848,2485,1707,1179,648,188,22,5,2042,58316,2266,2342,2597,3473,3764,3211,3152,3423,3946,4355,4856,4623,4228,3462,2655,2128,1847,1230,587,144,27,3835
2015,2015-01-01,28220,282201,兵庫県,加西市,45072,1495,1695,2075,2307,2168,2068,2208,2442,2977,2755,2809,3024,3663,3683,2909,2348,2083,1465,692,178,28,4446,21913,722,894,1073,1152,1135,1047,1152,1271,1520,1338,1420,1521,1805,1877,1382,1058,835,501,167,40,3,1546,23159,773,801,1002,1155,1033,1021,1056,1171,1457,1417,1389,1503,1858,1806,1527,1290,1248,964,525,138,25,2900
2015,2015-01-01,28221,282219,兵庫県,篠山市,42911,1577,1650,1866,2059,2056,1946,2135,2358,2626,2374,2676,2882,3447,3328,2697,2446,2250,1584,707,202,45,4788,20613,780,862,980,1091,1068,986,1069,1196,1361,1131,1305,1419,1763,1645,1282,1037,910,534,166,26,2,1638,22298,797,788,886,968,988,960,1066,1162,1265,1243,1371,1463,1684,1683,1415,1409,1340,1050,541,176,43,3150
2015,2015-01-01,28222,282227,兵庫県,養父市,25458,825,978,1091,1249,1097,1005,1121,1277,1417,1275,1515,1793,1986,2004,1713,1512,1591,1257,559,154,39,3600,12268,442,502,567,647,565,530,592,642,748,653,722,931,987,1002,854,616,642,450,137,33,6,1268,13190,383,476,524,602,532,475,529,635,669,622,793,862,999,1002,859,896,949,807,422,121,33,2332
2015,2015-01-01,28223,282235,兵庫県,丹波市,66882,2614,2735,3315,3476,3125,2959,3257,3840,4077,3661,3802,4369,5108,5202,4354,3566,3476,2464,1174,261,47,7422,32092,1351,1383,1687,1746,1625,1543,1665,1997,2055,1797,1846,2105,2534,2597,2069,1558,1342,857,282,48,5,2534,34790,1263,1352,1628,1730,1500,1416,1592,1843,2022,1864,1956,2264,2574,2605,2285,2008,2134,1607,892,213,42,4888
2015,2015-01-01,28224,282243,兵庫県,南あわじ市,49592,1826,1967,2185,2391,2122,2145,2416,2789,3249,2839,2957,3315,3948,4116,3100,2782,2556,1834,777,234,44,5445,23956,894,1008,1111,1234,1084,1074,1230,1434,1666,1422,1476,1656,1981,2033,1458,1214,1087,656,175,56,7,1981,25636,932,959,1074,1157,1038,1071,1186,1355,1583,1417,1481,1659,1967,2083,1642,1568,1469,1178,602,178,37,3464
2015,2015-01-01,28225,282251,兵庫県,朝来市,32090,1228,1236,1468,1596,1419,1405,1532,1692,1960,1795,1924,2177,2449,2421,2040,1752,1793,1352,652,168,31,3996,15388,647,629,785,785,697,727,782,886,1006,914,942,1066,1269,1177,917,766,708,486,171,26,2,1393,16702,581,607,683,811,722,678,750,806,954,881,982,1111,1180,1244,1123,986,1085,866,481,142,29,2603
2015,2015-01-01,28226,282260,兵庫県,淡路市,46194,1550,1705,1874,2042,1909,2040,2045,2527,2734,2503,2562,3017,3770,3914,3182,2851,2670,2052,927,248,72,5969,22161,787,889,966,1057,1003,1045,1047,1268,1377,1242,1241,1505,1916,2012,1477,1277,1046,702,246,44,14,2052,24033,763,816,908,985,906,995,998,1259,1357,1261,1321,1512,1854,1902,1705,1574,1624,1350,681,204,58,3917
2015,2015-01-01,28227,282278,兵庫県,宍粟市,40565,1416,1711,1961,2090,1807,1797,1961,2275,2492,2201,2405,2797,3341,3206,2487,2197,2164,1448,631,152,26,4421,19462,739,869,1012,1047,962,923,1024,1180,1280,1044,1160,1402,1671,1583,1144,912,907,459,123,20,1,1510,21103,677,842,949,1043,845,874,937,1095,1212,1157,1245,1395,1670,1623,1343,1285,1257,989,508,132,25,2911
2015,2015-01-01,28228,282286,兵庫県,加東市,39250,1708,1826,1964,1999,2133,2113,2308,2570,2908,2528,2360,2453,2592,2774,2054,1791,1508,1070,452,122,17,3169,19185,863,914,994,985,1114,1092,1200,1330,1502,1226,1194,1234,1286,1405,968,760,624,351,123,19,1,1118,20065,845,912,970,1014,1019,1021,1108,1240,1406,1302,1166,1219,1306,1369,1086,1031,884,719,329,103,16,2051
2015,2015-01-01,28229,282294,兵庫県,たつの市,78926,3186,3470,3888,4142,3724,3918,4332,5012,5729,4810,4575,4830,5905,6451,5226,3749,2948,1973,817,205,36,5979,38184,1682,1799,1962,2107,1895,2004,2235,2575,2865,2370,2270,2339,2896,3088,2518,1609,1144,636,153,30,7,1970,40742,1504,1671,1926,2035,1829,1914,2097,2437,2864,2440,2305,2491,3009,3363,2708,2140,1804,1337,664,175,29,4009
2015,2015-01-01,28300,283002,兵庫県,川辺郡,31655,1162,1702,1898,1718,1435,1306,1385,2045,2477,2213,1996,2163,2499,2511,1950,1239,920,643,310,66,17,1956,15196,592,881,990,869,692,621,651,934,1203,1069,937,1034,1248,1244,986,592,376,198,67,11,1,653,16459,570,821,908,849,743,685,734,1111,1274,1144,1059,1129,1251,1267,964,647,544,445,243,55,16,1303
2015,2015-01-01,28301,283011,兵庫県,川辺郡猪名川町,31655,1162,1702,1898,1718,1435,1306,1385,2045,2477,2213,1996,2163,2499,2511,1950,1239,920,643,310,66,17,1956,15196,592,881,990,869,692,621,651,934,1203,1069,937,1034,1248,1244,986,592,376,198,67,11,1,653,16459,570,821,908,849,743,685,734,1111,1274,1144,1059,1129,1251,1267,964,647,544,445,243,55,16,1303
2015,2015-01-01,28360,283606,兵庫県,多可郡,22264,693,871,1162,1245,1074,887,960,1089,1436,1266,1367,1470,1649,1796,1550,1325,1125,790,383,109,17,2424,10784,353,438,628,643,520,477,484,559,709,658,668,719,825,901,727,606,475,287,83,23,1,869,11480,340,433,534,602,554,410,476,530,727,608,699,751,824,895,823,719,650,503,300,86,16,1555
2015,2015-01-01,28365,283657,兵庫県,多可郡多可町,22264,693,871,1162,1245,1074,887,960,1089,1436,1266,1367,1470,1649,1796,1550,1325,1125,790,383,109,17,2424,10784,353,438,628,643,520,477,484,559,709,658,668,719,825,901,727,606,475,287,83,23,1,869,11480,340,433,534,602,554,410,476,530,727,608,699,751,824,895,823,719,650,503,300,86,16,1555
2015,2015-01-01,28380,283801,兵庫県,加古郡,65841,2855,3012,3264,3328,3172,3312,3760,4514,5172,4114,3649,3801,4768,5527,4642,3038,2097,1199,479,120,18,3913,32273,1488,1583,1658,1697,1593,1703,1920,2279,2630,2088,1779,1821,2241,2637,2267,1457,881,410,120,18,3,1432,33568,1367,1429,1606,1631,1579,1609,1840,2235,2542,2026,1870,1980,2527,2890,2375,1581,1216,789,359,102,15,2481
2015,2015-01-01,28381,283819,兵庫県,加古郡稲美町,31459,1238,1383,1534,1560,1410,1502,1691,2026,2412,1874,1784,1929,2460,2872,2307,1480,1009,646,267,65,10,1997,15472,637,738,793,798,706,756,866,1037,1235,961,880,925,1158,1385,1143,723,432,222,66,9,2,731,15987,601,645,741,762,704,746,825,989,1177,913,904,1004,1302,1487,1164,757,577,424,201,56,8,1266
2015,2015-01-01,28382,283827,兵庫県,加古郡播磨町,34382,1617,1629,1730,1768,1762,1810,2069,2488,2760,2240,1865,1872,2308,2655,2335,1558,1088,553,212,55,8,1916,16801,851,845,865,899,887,947,1054,1242,1395,1127,899,896,1083,1252,1124,734,449,188,54,9,1,701,17581,766,784,865,869,875,863,1015,1246,1365,1113,966,976,1225,1403,1211,824,639,365,158,46,7,1215
2015,2015-01-01,28440,284408,兵庫県,神崎郡,44290,1544,1871,2070,2289,2235,2031,2197,2544,2846,2544,2657,2902,3392,3569,2933,2262,2058,1446,697,177,26,4404,21296,798,935,994,1147,1146,1052,1138,1283,1431,1223,1318,1439,1661,1783,1420,980,815,542,161,26,4,1548,22994,746,936,1076,1142,1089,979,1059,1261,1415,1321,1339,1463,1731,1786,1513,1282,1243,904,536,151,22,2856
2015,2015-01-01,28442,284424,兵庫県,神崎郡市川町,12971,366,469,525,622,616,595,582,707,735,723,797,989,1083,1112,906,733,659,459,229,55,9,1411,6321,196,231,254,315,332,330,298,361,368,351,397,494,548,575,438,325,276,172,50,9,1,508,6650,170,238,271,307,284,265,284,346,367,372,400,495,535,537,468,408,383,287,179,46,8,903
2015,2015-01-01,28443,284432,兵庫県,神崎郡福崎町,19263,857,907,982,1013,1032,956,1095,1224,1411,1124,1090,1118,1340,1502,1205,860,732,507,232,68,8,1547,9274,436,464,467,518,515,470,573,621,717,543,526,560,621,714,581,368,299,209,58,12,2,580,9989,421,443,515,495,517,486,522,603,694,581,564,558,719,788,624,492,433,298,174,56,6,967
2015,2015-01-01,28446,284467,兵庫県,神崎郡神河町,12056,321,495,563,654,587,480,520,613,700,697,770,795,969,955,822,669,667,480,236,54,9,1446,5701,166,240,273,314,299,252,267,301,346,329,395,385,492,494,401,287,240,161,53,5,1,460,6355,155,255,290,340,288,228,253,312,354,368,375,410,477,461,421,382,427,319,183,49,8,986
2015,2015-01-01,28460,284602,兵庫県,揖保郡,34323,1669,1925,2040,1818,1480,1658,2039,2579,3029,2119,1809,1792,2408,2623,2210,1381,899,544,227,65,9,1744,16841,886,1005,1039,893,746,805,1005,1322,1560,1072,933,849,1152,1234,1090,663,342,184,55,5,1,587,17482,783,920,1001,925,734,853,1034,1257,1469,1047,876,943,1256,1389,1120,718,557,360,172,60,8,1157
2015,2015-01-01,28464,284645,兵庫県,揖保郡太子町,34323,1669,1925,2040,1818,1480,1658,2039,2579,3029,2119,1809,1792,2408,2623,2210,1381,899,544,227,65,9,1744,16841,886,1005,1039,893,746,805,1005,1322,1560,1072,933,849,1152,1234,1090,663,342,184,55,5,1,587,17482,783,920,1001,925,734,853,1034,1257,1469,1047,876,943,1256,1389,1120,718,557,360,172,60,8,1157
2015,2015-01-01,28480,284807,兵庫県,赤穂郡,16060,459,578,711,793,692,671,742,830,1004,859,969,1133,1373,1493,1224,852,820,536,255,55,11,1677,7789,246,307,369,424,360,337,415,406,512,433,490,582,647,746,595,366,324,159,59,8,4,554,8271,213,271,342,369,332,334,327,424,492,426,479,551,726,747,629,486,496,377,196,47,7,1123
2015,2015-01-01,28481,284815,兵庫県,赤穂郡上郡町,16060,459,578,711,793,692,671,742,830,1004,859,969,1133,1373,1493,1224,852,820,536,255,55,11,1677,7789,246,307,369,424,360,337,415,406,512,433,490,582,647,746,595,366,324,159,59,8,4,554,8271,213,271,342,369,332,334,327,424,492,426,479,551,726,747,629,486,496,377,196,47,7,1123
2015,2015-01-01,28500,285005,兵庫県,佐用郡,18423,495,615,741,856,846,749,767,926,919,905,1113,1343,1593,1533,1210,1218,1220,892,380,84,18,2594,8859,257,321,401,430,455,398,406,499,482,422,547,669,825,798,552,509,502,272,95,16,3,888,9564,238,294,340,426,391,351,361,427,437,483,566,674,768,735,658,709,718,620,285,68,15,1706
2015,2015-01-01,28501,285013,兵庫県,佐用郡佐用町,18423,495,615,741,856,846,749,767,926,919,905,1113,1343,1593,1533,1210,1218,1220,892,380,84,18,2594,8859,257,321,401,430,455,398,406,499,482,422,547,669,825,798,552,509,502,272,95,16,3,888,9564,238,294,340,426,391,351,361,427,437,483,566,674,768,735,658,709,718,620,285,68,15,1706
2015,2015-01-01,28580,285803,兵庫県,美方郡,35022,1084,1310,1510,1758,1510,1258,1478,1708,1817,1811,2158,2567,2853,2671,2432,2277,2269,1615,698,205,33,4820,16748,561,675,781,923,789,691,796,900,946,889,1059,1337,1433,1328,1044,957,914,535,158,28,4,1639,18274,523,635,729,835,721,567,682,808,871,922,1099,1230,1420,1343,1388,1320,1355,1080,540,177,29,3181
2015,2015-01-01,28585,285854,兵庫県,美方郡香美町,19362,606,697,835,1015,848,711,790,892,1051,1027,1221,1370,1556,1424,1390,1300,1268,869,371,100,21,2629,9280,327,355,435,535,447,384,424,460,546,508,609,708,818,671,596,547,511,291,90,16,2,910,10082,279,342,400,480,401,327,366,432,505,519,612,662,738,753,794,753,757,578,281,84,19,1719
2015,2015-01-01,28586,285862,兵庫県,美方郡新温泉町,15660,478,613,675,743,662,547,688,816,766,784,937,1197,1297,1247,1042,977,1001,746,327,105,12,2191,7468,234,320,346,388,342,307,372,440,400,381,450,629,615,657,448,410,403,244,68,12,2,729,8192,244,293,329,355,320,240,316,376,366,403,487,568,682,590,594,567,598,502,259,93,10,1462
2015,2015-01-01,29000,290009,奈良県,,1384855,52574,58271,64002,70129,68508,67084,72680,85914,103358,92741,84798,83150,100085,110330,96024,70840,52640,32962,14293,3787,685,104367,659663,26820,29634,33019,35842,34280,32739,35406,42030,50375,44634,40965,39810,47724,51863,45006,32643,21514,11277,3418,574,90,36873,725192,25754,28637,30983,34287,34228,34345,37274,43884,52983,48107,43833,43340,52361,58467,51018,38197,31126,21685,10875,3213,595,67494
2015,2015-01-01,29201,292010,奈良県,奈良市,360898,13321,14446,16094,17413,17731,17475,19054,22452,27481,25069,22873,21853,25951,28974,24858,18742,13826,8540,3596,950,199,27111,170066,6766,7278,8341,8881,8768,8447,9112,10915,13087,11805,10980,10342,12184,13486,11368,8573,5724,2962,882,134,31,9733,190832,6555,7168,7753,8532,8963,9028,9942,11537,14394,13264,11893,11511,13767,15488,13490,10169,8102,5578,2714,816,168,17378
2015,2015-01-01,29202,292028,奈良県,大和高田市,67609,2089,2372,2817,3682,3863,3476,3302,3767,4916,4998,4815,4408,4842,5335,4886,3577,2410,1321,576,133,24,4464,32230,1070,1225,1416,1869,1936,1701,1662,1890,2387,2401,2287,2163,2402,2470,2160,1613,991,430,136,19,2,1578,35379,1019,1147,1401,1813,1927,1775,1640,1877,2529,2597,2528,2245,2440,2865,2726,1964,1419,891,440,114,22,2886
2015,2015-01-01,29203,292036,奈良県,大和郡山市,88028,3187,3596,4013,4222,4020,4297,4676,5447,6768,5867,5157,5109,6584,7376,6599,4737,3367,1956,793,217,40,6373,42048,1585,1841,2072,2174,1985,2183,2330,2711,3325,2831,2512,2408,3111,3443,3054,2257,1360,640,190,31,5,2226,45980,1602,1755,1941,2048,2035,2114,2346,2736,3443,3036,2645,2701,3473,3933,3545,2480,2007,1316,603,186,35,4147
2015,2015-01-01,29204,292044,奈良県,天理市,66711,2777,2876,3082,5355,4938,3921,3631,3995,4680,4353,3804,3494,4224,4320,3720,2899,2310,1453,652,196,31,4642,32793,1460,1539,1615,2746,2580,1998,1784,1995,2375,2185,1926,1728,2075,2102,1753,1317,939,477,168,26,5,1615,33918,1317,1337,1467,2609,2358,1923,1847,2000,2305,2168,1878,1766,2149,2218,1967,1582,1371,976,484,170,26,3027
2015,2015-01-01,29205,292052,奈良県,橿原市,123705,5220,5425,5898,6372,6308,6658,7037,8314,9762,8598,7512,6986,8368,9257,8402,5958,3948,2322,1019,296,45,7630,59142,2619,2767,3028,3257,3101,3273,3499,4036,4808,4171,3548,3358,3916,4262,3881,2862,1636,798,271,45,6,2756,64563,2601,2658,2870,3115,3207,3385,3538,4278,4954,4427,3964,3628,4452,4995,4521,3096,2312,1524,748,251,39,4874
2015,2015-01-01,29206,292061,奈良県,桜井市,58830,2264,2419,2616,3037,2982,2950,3175,3520,4119,3726,3717,3647,4413,4522,3889,3076,2389,1499,691,158,21,4758,28061,1150,1202,1415,1563,1496,1441,1557,1749,2002,1792,1778,1776,2156,2155,1836,1349,968,509,139,26,2,1644,30769,1114,1217,1201,1474,1486,1509,1618,1771,2117,1934,1939,1871,2257,2367,2053,1727,1421,990,552,132,19,3114
2015,2015-01-01,29207,292079,奈良県,五條市,32906,880,1016,1393,1670,1642,1420,1461,1618,1906,1992,2243,2332,2778,2620,2244,2023,1781,1206,517,141,23,3668,15696,452,495,743,877,827,725,752,818,964,985,1057,1151,1388,1340,991,863,703,421,122,17,5,1268,17210,428,521,650,793,815,695,709,800,942,1007,1186,1181,1390,1280,1253,1160,1078,785,395,124,18,2400
2015,2015-01-01,29208,292087,奈良県,御所市,27766,656,822,958,1282,1363,1188,1199,1254,1659,1659,1758,1836,2231,2580,2309,2009,1463,986,415,106,33,3003,13116,341,404,471,669,679,621,618,647,821,805,867,907,1110,1205,1030,902,569,333,98,17,2,1019,14650,315,418,487,613,684,567,581,607,838,854,891,929,1121,1375,1279,1107,894,653,317,89,31,1984
2015,2015-01-01,29209,292095,奈良県,生駒市,119985,5323,6176,6238,5908,5282,5236,6434,8462,10294,8592,7125,6917,8128,9663,7931,5174,3612,2201,941,305,43,7102,57155,2695,3167,3188,3021,2640,2455,2994,3983,4933,4191,3445,3321,3746,4472,3892,2469,1518,749,219,53,4,2543,62830,2628,3009,3050,2887,2642,2781,3440,4479,5361,4401,3680,3596,4382,5191,4039,2705,2094,1452,722,252,39,4559
2015,2015-01-01,29210,292109,奈良県,香芝市,77813,4010,4553,4819,4324,3732,3718,4585,5881,7184,5828,4536,3894,4529,5142,4344,2965,1926,1188,509,122,24,3769,37388,2060,2313,2411,2175,1862,1749,2161,2880,3504,2778,2263,1852,2102,2403,2121,1427,776,418,107,23,3,1327,40425,1950,2240,2408,2149,1870,1969,2424,3001,3680,3050,2273,2042,2427,2739,2223,1538,1150,770,402,99,21,2442
2015,2015-01-01,29211,292117,奈良県,葛城市,36811,1780,1942,1902,1808,1642,1906,2180,2614,2853,2248,2011,2096,2515,2881,2451,1567,1204,770,336,86,19,2415,17644,949,975,992,968,831,883,1054,1252,1431,1080,947,972,1213,1366,1192,724,473,263,62,15,2,815,19167,831,967,910,840,811,1023,1126,1362,1422,1168,1064,1124,1302,1515,1259,843,731,507,274,71,17,1600
2015,2015-01-01,29212,292125,奈良県,宇陀市,32815,839,1037,1299,1397,1439,1426,1463,1592,1871,1615,1990,2440,3007,3071,2602,2055,1685,1277,548,131,31,3672,15662,413,532,706,712,703,726,750,787,927,794,976,1183,1500,1508,1263,917,696,432,119,16,2,1265,17153,426,505,593,685,736,700,713,805,944,821,1014,1257,1507,1563,1339,1138,989,845,429,115,29,2407
2015,2015-01-01,29320,293202,奈良県,山辺郡,3899,88,108,130,118,129,134,179,179,175,164,190,310,405,388,294,250,316,211,105,25,1,658,1864,48,55,72,54,70,77,97,94,89,87,90,149,214,197,153,106,122,63,25,2,0,212,2035,40,53,58,64,59,57,82,85,86,77,100,161,191,191,141,144,194,148,80,23,1,446
2015,2015-01-01,29322,293229,奈良県,山辺郡山添村,3899,88,108,130,118,129,134,179,179,175,164,190,310,405,388,294,250,316,211,105,25,1,658,1864,48,55,72,54,70,77,97,94,89,87,90,149,214,197,153,106,122,63,25,2,0,212,2035,40,53,58,64,59,57,82,85,86,77,100,161,191,191,141,144,194,148,80,23,1,446
2015,2015-01-01,29340,293407,奈良県,生駒郡,78255,2975,3323,3447,3561,3577,3635,4031,4983,5682,5119,4424,4526,5673,6883,6241,4240,2997,1879,790,229,40,5935,37188,1534,1674,1800,1788,1754,1760,1978,2434,2818,2450,2163,2139,2608,3199,3033,1960,1188,658,200,44,6,2096,41067,1441,1649,1647,1773,1823,1875,2053,2549,2864,2669,2261,2387,3065,3684,3208,2280,1809,1221,590,185,34,3839
2015,2015-01-01,29342,293423,奈良県,生駒郡平群町,19377,544,747,852,825,847,756,825,1096,1339,1207,1074,1157,1494,1994,1850,1184,840,489,205,46,6,1586,9214,267,385,447,416,414,364,401,539,647,579,522,536,694,927,896,592,343,174,62,9,0,588,10163,277,362,405,409,433,392,424,557,692,628,552,621,800,1067,954,592,497,315,143,37,6,998
2015,2015-01-01,29343,293431,奈良県,生駒郡三郷町,23091,917,1011,1039,1071,1085,1215,1246,1548,1801,1513,1272,1236,1608,1889,1715,1168,862,559,244,79,13,1757,10955,472,512,560,538,521,590,613,753,901,721,635,596,716,866,865,504,326,181,64,18,3,592,12136,445,499,479,533,564,625,633,795,900,792,637,640,892,1023,850,664,536,378,180,61,10,1165
2015,2015-01-01,29344,293440,奈良県,生駒郡斑鳩町,28168,1261,1323,1308,1344,1233,1233,1550,1897,2077,1934,1578,1569,1909,2302,2120,1500,1033,641,261,79,16,2030,13349,654,652,667,688,613,577,744,910,1033,921,774,740,874,1069,1005,692,430,229,60,15,2,736,14819,607,671,641,656,620,656,806,987,1044,1013,804,829,1035,1233,1115,808,603,412,201,64,14,1294
2015,2015-01-01,29345,293458,奈良県,生駒郡安堵町,7619,253,242,248,321,412,431,410,442,465,465,500,564,662,698,556,388,262,190,80,25,5,562,3670,141,125,126,146,206,229,220,232,237,229,232,267,324,337,267,172,89,74,14,2,1,180,3949,112,117,122,175,206,202,190,210,228,236,268,297,338,361,289,216,173,116,66,23,4,382
2015,2015-01-01,29360,293601,奈良県,磯城郡,48316,1802,2017,2197,2291,2405,2384,2477,3014,3347,2987,2843,2854,3732,3933,3646,2612,1922,1152,545,139,17,3775,23162,934,1016,1097,1136,1211,1159,1230,1504,1644,1462,1391,1362,1817,1836,1763,1210,814,418,134,22,2,1390,25154,868,1001,1100,1155,1194,1225,1247,1510,1703,1525,1452,1492,1915,2097,1883,1402,1108,734,411,117,15,2385
2015,2015-01-01,29361,293610,奈良県,磯城郡川西町,8630,301,368,375,412,385,364,423,561,613,497,474,499,715,755,697,489,389,213,82,16,2,702,4154,160,171,193,214,193,188,206,279,310,243,229,241,345,344,338,237,167,77,18,1,0,263,4476,141,197,182,198,192,176,217,282,303,254,245,258,370,411,359,252,222,136,64,15,2,439
2015,2015-01-01,29362,293628,奈良県,磯城郡三宅町,7134,211,245,274,318,355,328,335,387,482,459,460,452,549,605,636,448,298,186,82,24,0,590,3373,105,119,119,144,167,167,185,187,236,232,220,211,281,274,309,192,130,70,22,3,0,225,3761,106,126,155,174,188,161,150,200,246,227,240,241,268,331,327,256,168,116,60,21,0,365
2015,2015-01-01,29363,293636,奈良県,磯城郡田原本町,32552,1290,1404,1548,1561,1665,1692,1719,2066,2252,2031,1909,1903,2468,2573,2313,1675,1235,753,381,99,15,2483,15635,669,726,785,778,851,804,839,1038,1098,987,942,910,1191,1218,1116,781,517,271,94,18,2,902,16917,621,678,763,783,814,888,880,1028,1154,1044,967,993,1277,1355,1197,894,718,482,287,81,13,1581
2015,2015-01-01,29380,293806,奈良県,宇陀郡,3480,55,50,81,111,126,100,97,121,118,155,199,282,339,325,293,344,289,272,94,23,6,684,1613,26,25,41,51,62,42,42,61,70,94,87,144,177,167,127,157,119,97,22,2,0,240,1867,29,25,40,60,64,58,55,60,48,61,112,138,162,158,166,187,170,175,72,21,6,444
2015,2015-01-01,29385,293857,奈良県,宇陀郡曽爾村,1622,42,25,35,43,60,61,48,72,58,73,96,141,171,152,136,121,113,122,42,10,1,288,755,20,12,20,20,28,25,20,37,36,45,42,69,88,75,61,52,46,46,12,1,0,105,867,22,13,15,23,32,36,28,35,22,28,54,72,83,77,75,69,67,76,30,9,1,183
2015,2015-01-01,29386,293865,奈良県,宇陀郡御杖村,1858,13,25,46,68,66,39,49,49,60,82,103,141,168,173,157,223,176,150,52,13,5,396,858,6,13,21,31,34,17,22,24,34,49,45,75,89,92,66,105,73,51,10,1,0,135,1000,7,12,25,37,32,22,27,25,26,33,58,66,79,81,91,118,103,99,42,12,5,261
2015,2015-01-01,29400,294004,奈良県,高市郡,12995,377,467,491,534,571,565,577,651,782,699,806,911,1100,1176,987,797,718,486,237,52,11,1504,6202,177,259,257,277,296,295,291,331,399,345,365,435,569,569,455,357,286,178,51,7,3,525,6793,200,208,234,257,275,270,286,320,383,354,441,476,531,607,532,440,432,308,186,45,8,979
2015,2015-01-01,29401,294012,奈良県,高市郡高取町,7237,222,273,282,295,321,310,333,361,451,403,451,505,566,634,558,444,427,268,101,26,6,828,3446,99,154,146,138,166,163,177,188,236,193,203,245,306,287,262,195,168,93,24,2,1,288,3791,123,119,136,157,155,147,156,173,215,210,248,260,260,347,296,249,259,175,77,24,5,540
2015,2015-01-01,29402,294021,奈良県,高市郡明日香村,5758,155,194,209,239,250,255,244,290,331,296,355,406,534,542,429,353,291,218,136,26,5,676,2756,78,105,111,139,130,132,114,143,163,152,162,190,263,282,193,162,118,85,27,5,2,237,3002,77,89,98,100,120,123,130,147,168,144,193,216,271,260,236,191,173,133,109,21,3,439
2015,2015-01-01,29420,294209,奈良県,北葛城郡,99351,3891,4332,4922,5124,4781,4761,5370,6051,7414,6688,6083,6081,7194,8199,6926,4608,3439,2158,1018,258,53,6926,47369,2006,2168,2548,2601,2429,2248,2591,2945,3584,3223,2942,2832,3375,3879,3409,2194,1387,724,239,37,8,2395,51982,1885,2164,2374,2523,2352,2513,2779,3106,3830,3465,3141,3249,3819,4320,3517,2414,2052,1434,779,221,45,4531
2015,2015-01-01,29424,294241,奈良県,北葛城郡上牧町,23126,646,901,1205,1274,1106,999,1006,1261,1813,1624,1460,1402,1714,2059,1780,1126,790,559,294,88,19,1750,10994,314,476,666,676,540,491,497,614,873,806,716,652,796,927,873,549,300,153,59,13,3,528,12132,332,425,539,598,566,508,509,647,940,818,744,750,918,1132,907,577,490,406,235,75,16,1222
2015,2015-01-01,29425,294250,奈良県,北葛城郡王寺町,23064,1105,967,992,1030,1070,1241,1520,1523,1729,1441,1325,1385,1655,1866,1568,1112,820,466,202,40,7,1535,10959,594,484,518,501,554,596,726,729,844,662,614,636,783,885,760,506,341,159,59,7,1,567,12105,511,483,474,529,516,645,794,794,885,779,711,749,872,981,808,606,479,307,143,33,6,968
2015,2015-01-01,29426,294268,奈良県,北葛城郡広陵町,34654,1589,1785,1945,1966,1841,1741,1989,2252,2629,2399,2211,2190,2444,2450,1944,1272,1018,624,269,80,16,2007,16686,817,858,956,987,943,801,976,1099,1263,1175,1069,1026,1195,1212,977,611,422,225,60,10,4,721,17968,772,927,989,979,898,940,1013,1153,1366,1224,1142,1164,1249,1238,967,661,596,399,209,70,12,1286
2015,2015-01-01,29427,294276,奈良県,北葛城郡河合町,18507,551,679,780,854,764,780,855,1015,1243,1224,1087,1104,1381,1824,1634,1098,811,509,253,50,11,1634,8730,281,350,408,437,392,360,392,503,604,580,543,518,601,855,799,528,324,187,61,7,0,579,9777,270,329,372,417,372,420,463,512,639,644,544,586,780,969,835,570,487,322,192,43,11,1055
2015,2015-01-01,29440,294403,奈良県,吉野郡,44682,1040,1294,1605,1920,1977,1834,1752,1999,2347,2384,2712,3174,4072,3685,3402,3207,3038,2085,911,220,24,6278,21264,535,699,806,1023,1050,956,904,998,1207,1155,1341,1588,2061,1804,1525,1386,1245,707,234,38,2,2226,23418,505,595,799,897,927,878,848,1001,1140,1229,1371,1586,2011,1881,1877,1821,1793,1378,677,182,22,4052
2015,2015-01-01,29441,294411,奈良県,吉野郡吉野町,8089,137,176,204,262,329,294,297,346,342,355,468,569,827,791,708,665,589,471,201,51,7,1319,3743,67,93,103,134,179,148,140,170,173,169,222,261,411,382,330,300,249,147,56,7,2,461,4346,70,83,101,128,150,146,157,176,169,186,246,308,416,409,378,365,340,324,145,44,5,858
2015,2015-01-01,29442,294420,奈良県,吉野郡大淀町,18678,578,768,880,962,935,899,889,1063,1247,1157,1208,1346,1640,1398,1174,972,779,491,224,61,7,1562,8957,298,409,435,504,491,458,451,527,631,537,583,652,807,677,542,428,307,157,51,12,0,527,9721,280,359,445,458,444,441,438,536,616,620,625,694,833,721,632,544,472,334,173,49,7,1035
2015,2015-01-01,29443,294438,奈良県,吉野郡下市町,6113,100,134,186,302,301,237,195,229,276,334,405,409,544,505,518,482,501,300,123,30,2,956,2880,55,74,94,165,156,120,109,103,137,164,192,216,272,246,236,193,205,106,33,4,0,348,3233,45,60,92,137,145,117,86,126,139,170,213,193,272,259,282,289,296,194,90,26,2,608
2015,2015-01-01,29444,294446,奈良県,吉野郡黒滝村,808,15,14,12,27,31,29,27,24,50,31,34,57,89,78,68,55,71,64,28,3,1,167,377,5,8,5,16,19,18,16,13,24,18,16,31,52,31,33,23,27,17,4,1,0,49,431,10,6,7,11,12,11,11,11,26,13,18,26,37,47,35,32,44,47,24,2,1,118
2015,2015-01-01,29446,294462,奈良県,吉野郡天川村,1568,33,38,52,50,54,63,46,42,48,68,97,135,156,127,103,134,151,114,48,8,1,322,735,16,27,30,24,26,32,25,22,24,31,47,81,77,66,38,56,60,37,14,2,0,113,833,17,11,22,26,28,31,21,20,24,37,50,54,79,61,65,78,91,77,34,6,1,209
2015,2015-01-01,29447,294471,奈良県,吉野郡野迫川村,483,10,10,16,15,16,24,23,12,23,27,20,33,44,27,45,41,55,28,10,3,1,97,230,5,3,5,6,8,15,11,7,11,17,13,18,26,11,18,17,22,14,2,1,0,39,253,5,7,11,9,8,9,12,5,12,10,7,15,18,16,27,24,33,14,8,2,1,58
2015,2015-01-01,29449,294497,奈良県,吉野郡十津川村,3663,99,84,129,157,127,137,141,129,161,157,222,261,298,261,272,336,337,222,105,24,4,692,1825,49,47,70,95,74,88,84,66,96,81,131,151,154,135,106,149,139,82,25,3,0,249,1838,50,37,59,62,53,49,57,63,65,76,91,110,144,126,166,187,198,140,80,21,4,443
2015,2015-01-01,29450,294501,奈良県,吉野郡下北山村,1025,19,16,36,41,44,20,27,34,47,66,57,71,81,68,91,98,106,67,27,8,1,209,465,12,7,14,21,22,13,12,21,26,32,30,32,44,37,32,44,37,20,6,3,0,66,560,7,9,22,20,22,7,15,13,21,34,27,39,37,31,59,54,69,47,21,5,1,143
2015,2015-01-01,29451,294519,奈良県,吉野郡上北山村,594,5,1,16,18,28,33,16,14,30,28,43,30,52,51,67,54,47,39,19,3,0,108,295,4,1,10,9,11,19,12,10,18,15,25,11,30,25,31,20,22,18,3,1,0,44,299,1,0,6,9,17,14,4,4,12,13,18,19,22,26,36,34,25,21,16,2,0,64
2015,2015-01-01,29452,294527,奈良県,吉野郡川上村,1602,19,17,22,29,50,38,29,49,44,79,66,111,147,168,166,158,191,150,55,14,0,410,763,9,10,15,15,26,16,10,26,19,50,35,54,84,83,75,63,85,66,20,2,0,173,839,10,7,7,14,24,22,19,23,25,29,31,57,63,85,91,95,106,84,35,12,0,237
2015,2015-01-01,29453,294535,奈良県,吉野郡東吉野村,2059,25,36,52,57,62,60,62,57,79,82,92,152,194,211,190,212,211,139,71,15,0,436,994,15,20,25,34,38,29,34,33,48,41,47,81,104,111,84,93,92,43,20,2,0,157,1065,10,16,27,23,24,31,28,24,31,41,45,71,90,100,106,119,119,96,51,13,0,279
2015,2015-01-01,30000,300004,和歌山県,,997903,36965,39675,44842,48840,45993,46901,50156,58167,70226,63075,62088,62674,72551,78457,68126,55407,46239,30323,13175,3452,571,93760,473108,18801,20339,23017,24813,23662,23731,24914,29159,35000,30319,29643,30758,35037,37278,31080,23942,17871,10172,2944,567,61,31615,524795,18164,19336,21825,24027,22331,23170,25242,29008,35226,32756,32445,31916,37514,41179,37046,31465,28368,20151,10231,2885,510,62145
2015,2015-01-01,30201,302015,和歌山県,和歌山市,373955,14895,15201,16690,17699,17841,19331,20279,23191,28404,24884,23219,21943,25382,29078,25965,20034,15399,9461,3845,1044,170,29919,177777,7579,7751,8507,9082,9261,9786,10090,11604,14146,11909,11106,10802,12063,13520,11902,8685,5806,3158,822,172,26,9984,196178,7316,7450,8183,8617,8580,9545,10189,11587,14258,12975,12113,11141,13319,15558,14063,11349,9593,6303,3023,872,144,19935
2015,2015-01-01,30202,302023,和歌山県,海南市,53912,1679,1849,2285,2453,2335,2251,2506,2977,3604,3270,3234,3460,4040,4449,4057,3357,2974,1982,873,230,47,6106,25327,827,967,1170,1278,1204,1140,1220,1532,1718,1581,1568,1672,1937,2151,1833,1420,1196,680,189,42,2,2109,28585,852,882,1115,1175,1131,1111,1286,1445,1886,1689,1666,1788,2103,2298,2224,1937,1778,1302,684,188,45,3997
2015,2015-01-01,30203,302031,和歌山県,橋本市,65412,2245,2628,3012,3348,3298,3272,3172,3651,4358,3947,4285,4710,5234,5267,4243,3319,2650,1739,780,216,38,5423,30981,1176,1339,1513,1684,1666,1621,1552,1777,2130,1845,1957,2276,2590,2548,2039,1473,1015,570,166,38,6,1795,34431,1069,1289,1499,1664,1632,1651,1620,1874,2228,2102,2328,2434,2644,2719,2204,1846,1635,1169,614,178,32,3628
2015,2015-01-01,30204,302040,和歌山県,有田市,30084,997,1139,1397,1633,1444,1419,1362,1618,2079,1877,1890,1874,2299,2462,2084,1681,1399,897,398,118,17,2829,14296,500,605,738,856,728,733,658,833,1045,904,890,906,1119,1195,971,693,520,297,83,20,2,922,15788,497,534,659,777,716,686,704,785,1034,973,1000,968,1180,1267,1113,988,879,600,315,98,15,1907
2015,2015-01-01,30205,302058,和歌山県,御坊市,24810,985,938,1217,1283,1273,1190,1235,1428,1783,1571,1518,1571,1781,1853,1539,1366,1204,718,296,56,5,2279,11900,514,488,640,703,658,622,601,742,904,777,720,769,838,893,705,561,469,226,61,9,0,765,12910,471,450,577,580,615,568,634,686,879,794,798,802,943,960,834,805,735,492,235,47,5,1514
2015,2015-01-01,30206,302066,和歌山県,田辺市,78402,2908,3247,3558,3958,3308,3462,3873,4671,5424,4878,5052,5046,5534,5717,5267,4482,3918,2555,1175,322,47,8017,37059,1466,1602,1785,2002,1675,1702,1976,2346,2687,2341,2428,2528,2715,2753,2303,1941,1600,889,260,56,4,2809,41343,1442,1645,1773,1956,1633,1760,1897,2325,2737,2537,2624,2518,2819,2964,2964,2541,2318,1666,915,266,43,5208
2015,2015-01-01,30207,302074,和歌山県,新宮市,30746,1111,1168,1279,1483,1182,1237,1382,1556,1912,1784,1929,2033,2397,2514,2256,1952,1726,1136,534,151,24,3571,14303,599,630,639,753,617,647,680,754,963,853,900,982,1178,1129,976,843,642,364,123,28,3,1160,16443,512,538,640,730,565,590,702,802,949,931,1029,1051,1219,1385,1280,1109,1084,772,411,123,21,2411
2015,2015-01-01,30208,302082,和歌山県,紀の川市,65729,2307,2592,2945,3495,3306,2987,3254,3731,4390,4221,4300,4352,5029,5133,4231,3422,2926,2017,849,204,38,6034,31242,1141,1335,1528,1810,1658,1516,1626,1826,2194,1982,2021,2124,2457,2525,1957,1475,1142,700,184,38,3,2067,34487,1166,1257,1417,1685,1648,1471,1628,1905,2196,2239,2279,2228,2572,2608,2274,1947,1784,1317,665,166,35,3967
2015,2015-01-01,30209,302091,和歌山県,岩出市,53399,2511,2718,3160,3186,2864,2700,2979,3821,4735,4114,3515,3176,3485,3558,2733,1790,1216,734,314,77,13,2354,25849,1296,1401,1638,1525,1481,1342,1427,1873,2331,1985,1673,1555,1703,1697,1305,844,439,234,90,10,0,773,27550,1215,1317,1522,1661,1383,1358,1552,1948,2404,2129,1842,1621,1782,1861,1428,946,777,500,224,67,13,1581
2015,2015-01-01,30300,303003,和歌山県,海草郡,9818,203,224,336,364,359,349,368,439,530,494,531,669,881,926,795,717,740,541,269,66,17,1633,4556,96,113,175,187,189,178,182,224,276,250,271,312,442,455,363,289,296,186,65,6,1,554,5262,107,111,161,177,170,171,186,215,254,244,260,357,439,471,432,428,444,355,204,60,16,1079
2015,2015-01-01,30304,303046,和歌山県,海草郡紀美野町,9818,203,224,336,364,359,349,368,439,530,494,531,669,881,926,795,717,740,541,269,66,17,1633,4556,96,113,175,187,189,178,182,224,276,250,271,312,442,455,363,289,296,186,65,6,1,554,5262,107,111,161,177,170,171,186,215,254,244,260,357,439,471,432,428,444,355,204,60,16,1079
2015,2015-01-01,30340,303402,和歌山県,伊都郡,25973,787,850,914,1054,1155,1105,1163,1195,1506,1365,1552,1643,2067,2324,2010,1783,1691,1126,528,130,25,3500,12212,397,434,485,522,605,574,586,615,781,686,756,808,1013,1115,888,761,666,377,120,20,3,1186,13761,390,416,429,532,550,531,577,580,725,679,796,835,1054,1209,1122,1022,1025,749,408,110,22,2314
2015,2015-01-01,30341,303411,和歌山県,伊都郡かつらぎ町,17926,583,617,677,779,832,789,813,843,1044,973,1101,1130,1423,1604,1333,1149,1092,700,347,83,14,2236,8392,281,316,359,384,430,414,405,436,526,484,526,553,687,771,602,478,427,223,79,10,1,740,9534,302,301,318,395,402,375,408,407,518,489,575,577,736,833,731,671,665,477,268,73,13,1496
2015,2015-01-01,30343,303437,和歌山県,伊都郡九度山町,4694,95,157,160,182,190,181,177,209,264,238,257,296,382,437,405,362,322,247,96,28,9,702,2192,56,79,83,84,89,82,82,102,139,119,118,147,204,207,180,166,129,94,24,6,2,255,2502,39,78,77,98,101,99,95,107,125,119,139,149,178,230,225,196,193,153,72,22,7,447
2015,2015-01-01,30344,303445,和歌山県,伊都郡高野町,3353,109,76,77,93,133,135,173,143,198,154,194,217,262,283,272,272,277,179,85,19,2,562,1628,60,39,43,54,86,78,99,77,116,83,112,108,122,137,106,117,110,60,17,4,0,191,1725,49,37,34,39,47,57,74,66,82,71,82,109,140,146,166,155,167,119,68,15,2,371
2015,2015-01-01,30360,303607,和歌山県,有田郡,47884,1790,1976,2181,2481,2212,2108,2416,2674,3056,2778,2886,3171,3569,3575,2961,2755,2485,1804,799,174,33,5295,22565,907,998,1137,1188,1159,1023,1189,1352,1521,1329,1392,1522,1755,1730,1323,1222,979,619,186,31,3,1818,25319,883,978,1044,1293,1053,1085,1227,1322,1535,1449,1494,1649,1814,1845,1638,1533,1506,1185,613,143,30,3477
2015,2015-01-01,30361,303615,和歌山県,有田郡湯浅町,12942,462,495,557,644,562,561,641,703,878,746,751,857,1038,1107,885,739,643,447,186,34,6,1316,6114,252,249,276,310,298,278,326,340,464,363,358,394,498,525,425,301,254,155,41,6,1,457,6828,210,246,281,334,264,283,315,363,414,383,393,463,540,582,460,438,389,292,145,28,5,859
2015,2015-01-01,30362,303623,和歌山県,有田郡広川町,7548,277,336,357,377,353,300,387,440,519,422,450,486,624,648,473,411,306,248,101,28,5,688,3571,147,172,183,160,191,157,195,212,253,206,219,239,302,316,213,183,128,74,18,3,0,223,3977,130,164,174,217,162,143,192,228,266,216,231,247,322,332,260,228,178,174,83,25,5,465
2015,2015-01-01,30366,303666,和歌山県,有田郡有田川町,27394,1051,1145,1267,1460,1297,1247,1388,1531,1659,1610,1685,1828,1907,1820,1603,1605,1536,1109,512,112,22,3291,12880,508,577,678,718,670,588,668,800,804,760,815,889,955,889,685,738,597,390,127,22,2,1138,14514,543,568,589,742,627,659,720,731,855,850,870,939,952,931,918,867,939,719,385,90,20,2153
2015,2015-01-01,30380,303801,和歌山県,日高郡,54601,1929,2273,2638,2720,2430,2338,2621,2988,3391,3073,3280,3649,4161,4133,3524,3149,2967,2139,912,257,29,6304,25914,985,1171,1392,1386,1252,1221,1304,1510,1728,1463,1582,1820,2023,2000,1583,1352,1196,698,209,34,5,2142,28687,944,1102,1246,1334,1178,1117,1317,1478,1663,1610,1698,1829,2138,2133,1941,1797,1771,1441,703,223,24,4162
2015,2015-01-01,30381,303810,和歌山県,日高郡美浜町,7695,254,278,326,390,348,357,376,428,429,417,527,515,596,599,538,475,417,262,118,41,4,842,3566,123,128,169,198,175,192,189,218,205,180,264,268,283,268,249,201,148,77,25,4,2,256,4129,131,150,157,192,173,165,187,210,224,237,263,247,313,331,289,274,269,185,93,37,2,586
2015,2015-01-01,30382,303828,和歌山県,日高郡日高町,7888,351,396,422,411,324,331,459,467,529,464,410,479,567,539,488,413,390,277,128,37,6,838,3763,189,207,241,206,166,165,218,242,266,218,201,232,274,259,212,175,176,88,23,3,2,292,4125,162,189,181,205,158,166,241,225,263,246,209,247,293,280,276,238,214,189,105,34,4,546
2015,2015-01-01,30383,303836,和歌山県,日高郡由良町,6315,188,229,266,290,263,239,299,318,368,372,365,443,529,542,453,392,363,268,99,25,4,759,3059,99,124,146,167,142,126,162,175,202,181,165,214,260,285,191,161,139,92,21,6,1,259,3256,89,105,120,123,121,113,137,143,166,191,200,229,269,257,262,231,224,176,78,19,3,500
2015,2015-01-01,30390,303909,和歌山県,日高郡印南町,8729,292,369,404,388,398,381,390,490,531,439,509,594,684,731,594,499,500,349,143,41,3,1036,4146,149,200,199,201,222,204,194,237,264,207,250,287,318,369,272,209,216,107,35,6,0,364,4583,143,169,205,187,176,177,196,253,267,232,259,307,366,362,322,290,284,242,108,35,3,672
2015,2015-01-01,30391,303917,和歌山県,日高郡みなべ町,13566,474,604,713,723,653,594,643,776,896,789,848,900,992,956,825,725,697,492,211,51,4,1455,6474,229,312,369,347,335,311,312,392,467,396,408,435,500,440,384,320,289,165,54,9,0,517,7092,245,292,344,376,318,283,331,384,429,393,440,465,492,516,441,405,408,327,157,42,4,938
2015,2015-01-01,30392,303925,和歌山県,日高郡日高川町,10408,370,397,507,518,444,436,454,509,638,592,621,718,793,766,626,645,600,491,213,62,8,1374,4906,196,200,268,267,212,223,229,246,324,281,294,384,388,379,275,286,228,169,51,6,0,454,5502,174,197,239,251,232,213,225,263,314,311,327,334,405,387,351,359,372,322,162,56,8,920
2015,2015-01-01,30400,304000,和歌山県,西牟婁郡,42337,1506,1667,1796,2005,1660,1810,2051,2395,2872,2616,2616,2699,3196,3492,2920,2555,2105,1491,672,179,34,4481,20143,757,877,944,1021,834,925,1055,1224,1458,1304,1292,1349,1512,1643,1330,1095,819,518,155,29,2,1523,22194,749,790,852,984,826,885,996,1171,1414,1312,1324,1350,1684,1849,1590,1460,1286,973,517,150,32,2958
2015,2015-01-01,30401,304018,和歌山県,西牟婁郡白浜町,22475,733,813,894,958,868,885,1058,1200,1405,1357,1387,1402,1719,2026,1746,1466,1194,861,376,109,18,2558,10604,355,414,463,500,435,461,533,614,722,672,695,707,798,946,796,629,464,304,76,18,2,864,11871,378,399,431,458,433,424,525,586,683,685,692,695,921,1080,950,837,730,557,300,91,16,1694
2015,2015-01-01,30404,304042,和歌山県,西牟婁郡上富田町,15411,674,734,752,869,652,790,880,1028,1229,1016,963,1018,1115,1071,781,709,541,375,160,45,9,1130,7389,347,386,392,422,323,391,463,518,603,502,456,499,534,499,360,306,209,128,44,7,0,388,8022,327,348,360,447,329,399,417,510,626,514,507,519,581,572,421,403,332,247,116,38,9,742
2015,2015-01-01,30406,304069,和歌山県,西牟婁郡すさみ町,4451,99,120,150,178,140,135,113,167,238,243,266,279,362,395,393,380,370,255,136,25,7,793,2150,55,77,89,99,76,73,59,92,133,130,141,143,180,198,174,160,146,86,35,4,0,271,2301,44,43,61,79,64,62,54,75,105,113,125,136,182,197,219,220,224,169,101,21,7,522
2015,2015-01-01,30420,304204,和歌山県,東牟婁郡,40841,1112,1205,1434,1678,1326,1342,1495,1832,2182,2203,2281,2678,3496,3976,3541,3045,2839,1983,931,228,34,6015,18984,561,628,726,816,675,701,768,947,1118,1110,1087,1333,1692,1924,1602,1288,1086,656,231,34,1,2008,21857,551,577,708,862,651,641,727,885,1064,1093,1194,1345,1804,2052,1939,1757,1753,1327,700,194,33,4007
2015,2015-01-01,30421,304212,和歌山県,東牟婁郡那智勝浦町,16448,498,527,621,727,535,529,649,798,939,958,962,1054,1406,1536,1443,1183,1005,680,325,65,8,2083,7655,257,259,305,350,263,281,315,408,482,485,466,498,678,743,625,525,396,219,91,8,1,715,8793,241,268,316,377,272,248,334,390,457,473,496,556,728,793,818,658,609,461,234,57,7,1368
2015,2015-01-01,30422,304221,和歌山県,東牟婁郡太地町,3332,76,72,124,141,157,133,112,138,174,185,181,224,268,294,261,265,242,178,79,27,1,527,1518,36,43,63,71,75,65,58,70,86,88,79,113,133,140,107,111,96,57,22,5,0,180,1814,40,29,61,70,82,68,54,68,88,97,102,111,135,154,154,154,146,121,57,22,1,347
2015,2015-01-01,30424,304247,和歌山県,東牟婁郡古座川町,2960,58,78,89,96,71,63,81,93,130,119,146,187,253,317,271,269,297,200,109,30,3,639,1350,27,46,46,47,38,27,39,52,63,67,76,98,125,150,125,101,121,70,29,3,0,223,1610,31,32,43,49,33,36,42,41,67,52,70,89,128,167,146,168,176,130,80,27,3,416
2015,2015-01-01,30427,304271,和歌山県,東牟婁郡北山村,461,7,6,11,13,21,10,10,13,22,30,35,28,26,33,44,50,53,32,14,3,0,102,211,1,4,7,9,10,6,7,6,13,17,17,16,14,17,18,9,24,15,1,0,0,40,250,6,2,4,4,11,4,3,7,9,13,18,12,12,16,26,41,29,17,13,3,0,62
2015,2015-01-01,30428,304280,和歌山県,東牟婁郡串本町,17640,473,522,589,701,542,607,643,790,917,911,957,1185,1543,1796,1522,1278,1242,893,404,103,22,2664,8250,240,276,305,339,289,322,349,411,474,453,449,608,742,874,727,542,449,295,88,18,0,850,9390,233,246,284,362,253,285,294,379,443,458,508,577,801,922,795,736,793,598,316,85,22,1814
2015,2015-01-01,31000,310000,鳥取県,,579554,23685,24869,26970,27705,26231,27082,31944,36134,38180,32902,34544,38668,44464,43362,34228,30085,27225,19462,8932,2411,471,58501,277284,12052,12704,13734,14320,13403,13994,16343,18523,19390,16338,16889,19166,22135,21241,15621,12508,10285,6089,2106,383,60,18923,302270,11633,12165,13236,13385,12828,13088,15601,17611,18790,16564,17655,19502,22329,22121,18607,17577,16940,13373,6826,2028,411,39578
2015,2015-01-01,31201,312011,鳥取県,鳥取市,191875,8312,8681,9225,9351,9477,9622,11221,12637,13015,11387,11858,12980,14569,13399,10194,9018,8055,5552,2510,674,138,16929,92533,4267,4492,4686,4810,4925,4919,5729,6468,6591,5681,5789,6432,7231,6656,4607,3709,3044,1783,591,101,22,5541,99342,4045,4189,4539,4541,4552,4703,5492,6169,6424,5706,6069,6548,7338,6743,5587,5309,5011,3769,1919,573,116,11388
2015,2015-01-01,31202,312029,鳥取県,米子市,148714,6792,6808,7263,7337,6753,7302,8781,10179,11038,9158,8570,8932,10293,10993,8771,7117,5886,4217,1895,526,103,12627,70730,3427,3444,3727,3796,3329,3711,4353,5151,5612,4520,4116,4385,4929,5215,3958,3006,2215,1300,445,77,14,4051,77984,3365,3364,3536,3541,3424,3591,4428,5028,5426,4638,4454,4547,5364,5778,4813,4111,3671,2917,1450,449,89,8576
2015,2015-01-01,31203,312037,鳥取県,倉吉市,49036,1969,2116,2170,2300,2076,2178,2669,2897,3092,2655,2847,3281,3934,3839,3053,2577,2424,1839,849,223,48,5383,23199,1023,1114,1109,1189,1052,1110,1364,1423,1556,1297,1373,1573,1975,1842,1430,1045,929,551,195,45,4,1724,25837,946,1002,1061,1111,1024,1068,1305,1474,1536,1358,1474,1708,1959,1997,1623,1532,1495,1288,654,178,44,3659
2015,2015-01-01,31204,312045,鳥取県,境港市,35267,1415,1431,1588,1748,1664,1657,1898,2147,2405,2098,2148,2176,2570,2772,2351,1893,1616,1037,521,110,22,3306,17088,730,736,801,916,871,906,994,1114,1223,1027,1086,1102,1290,1336,1071,791,620,329,128,16,1,1094,18179,685,695,787,832,793,751,904,1033,1182,1071,1062,1074,1280,1436,1280,1102,996,708,393,94,21,2212
2015,2015-01-01,31300,313009,鳥取県,岩美郡,12102,375,418,523,520,560,548,616,613,642,605,751,941,1075,957,725,720,685,522,234,57,15,1513,5789,200,210,293,251,282,290,349,316,324,302,380,461,559,463,356,287,246,162,49,8,1,466,6313,175,208,230,269,278,258,267,297,318,303,371,480,516,494,369,433,439,360,185,49,14,1047
2015,2015-01-01,31302,313025,鳥取県,岩美郡岩美町,12102,375,418,523,520,560,548,616,613,642,605,751,941,1075,957,725,720,685,522,234,57,15,1513,5789,200,210,293,251,282,290,349,316,324,302,380,461,559,463,356,287,246,162,49,8,1,466,6313,175,208,230,269,278,258,267,297,318,303,371,480,516,494,369,433,439,360,185,49,14,1047
2015,2015-01-01,31320,313203,鳥取県,八頭郡,29316,917,997,1186,1353,1281,1240,1381,1424,1561,1433,1792,2249,2566,2243,1833,1872,1862,1361,577,149,39,3988,14051,464,508,607,716,685,656,736,758,815,693,860,1141,1369,1162,787,787,718,419,139,26,5,1307,15265,453,489,579,637,596,584,645,666,746,740,932,1108,1197,1081,1046,1085,1144,942,438,123,34,2681
2015,2015-01-01,31325,313254,鳥取県,八頭郡若桜町,3564,58,71,99,148,146,141,111,121,168,146,220,283,295,295,305,287,311,218,110,24,7,670,1702,28,39,56,92,78,79,62,66,96,73,104,142,163,143,136,111,128,74,29,3,0,234,1862,30,32,43,56,68,62,49,55,72,73,116,141,132,152,169,176,183,144,81,21,7,436
2015,2015-01-01,31328,313289,鳥取県,八頭郡智頭町,7610,223,233,247,324,287,289,375,323,347,349,466,617,693,580,513,549,553,405,174,47,16,1195,3611,120,109,134,170,155,155,201,179,185,164,224,324,377,293,208,230,201,131,40,9,2,383,3999,103,124,113,154,132,134,174,144,162,185,242,293,316,287,305,319,352,274,134,38,14,812
2015,2015-01-01,31329,313297,鳥取県,八頭郡八頭町,18142,636,693,840,881,848,810,895,980,1046,938,1106,1349,1578,1368,1015,1036,998,738,293,78,16,2123,8738,316,360,417,454,452,422,473,513,534,456,532,675,829,726,443,446,389,214,70,14,3,690,9404,320,333,423,427,396,388,422,467,512,482,574,674,749,642,572,590,609,524,223,64,13,1433
2015,2015-01-01,31360,313602,鳥取県,東伯郡,58142,2265,2466,2661,2698,2419,2467,2908,3316,3438,2999,3453,4175,4692,4476,3548,3246,3139,2297,1106,317,56,6915,27761,1149,1232,1351,1395,1222,1289,1533,1713,1760,1496,1708,2093,2353,2249,1628,1384,1187,690,267,55,7,2206,30381,1116,1234,1310,1303,1197,1178,1375,1603,1678,1503,1745,2082,2339,2227,1920,1862,1952,1607,839,262,49,4709
2015,2015-01-01,31364,313645,鳥取県,東伯郡三朝町,6857,224,289,291,277,234,255,307,376,358,325,410,496,580,548,418,423,480,347,163,49,7,1046,3244,106,164,143,157,116,141,151,197,194,152,213,248,294,268,187,175,177,119,36,6,0,338,3613,118,125,148,120,118,114,156,179,164,173,197,248,286,280,231,248,303,228,127,43,7,708
2015,2015-01-01,31370,313700,鳥取県,東伯郡湯梨浜町,17367,743,804,809,863,770,802,860,1050,1096,943,1068,1192,1311,1298,946,898,836,655,318,91,14,1914,8400,379,406,417,452,385,418,449,547,554,472,513,635,656,680,434,387,319,194,88,14,1,616,8967,364,398,392,411,385,384,411,503,542,471,555,557,655,618,512,511,517,461,230,77,13,1298
2015,2015-01-01,31371,313718,鳥取県,東伯郡琴浦町,18340,680,726,841,860,730,752,921,936,1028,987,1049,1325,1415,1399,1272,1104,1055,775,359,107,19,2315,8649,344,338,420,435,381,383,499,460,523,511,526,647,722,693,581,466,403,223,73,20,1,720,9691,336,388,421,425,349,369,422,476,505,476,523,678,693,706,691,638,652,552,286,87,18,1595
2015,2015-01-01,31372,313726,鳥取県,東伯郡北栄町,15578,618,647,720,698,685,658,820,954,956,744,926,1162,1386,1231,912,821,768,520,266,70,16,1640,7468,320,324,371,351,340,347,434,509,489,361,456,563,681,608,426,356,288,154,70,15,5,532,8110,298,323,349,347,345,311,386,445,467,383,470,599,705,623,486,465,480,366,196,55,11,1108
2015,2015-01-01,31380,313807,鳥取県,西伯郡,43235,1410,1671,1958,1956,1569,1698,2063,2479,2556,2087,2453,3036,3733,3721,2860,2599,2463,1772,879,238,34,5386,20607,680,833,975,1023,829,898,1049,1329,1274,1079,1216,1502,1884,1845,1386,1091,926,555,200,31,2,1714,22628,730,838,983,933,740,800,1014,1150,1282,1008,1237,1534,1849,1876,1474,1508,1537,1217,679,207,32,3672
2015,2015-01-01,31384,313840,鳥取県,西伯郡日吉津村,3462,166,167,184,167,143,162,225,269,262,172,186,212,243,266,173,159,132,117,35,18,4,306,1613,73,87,83,87,70,83,110,143,123,88,85,101,112,129,85,66,49,29,8,2,0,88,1849,93,80,101,80,73,79,115,126,139,84,101,111,131,137,88,93,83,88,27,16,4,218
2015,2015-01-01,31386,313866,鳥取県,西伯郡大山町,17139,503,589,753,730,600,661,774,956,1017,813,962,1169,1478,1563,1172,1076,1051,762,382,113,15,2323,8228,252,283,394,384,309,334,404,508,524,435,498,594,752,798,561,442,406,251,82,15,2,756,8911,251,306,359,346,291,327,370,448,493,378,464,575,726,765,611,634,645,511,300,98,13,1567
2015,2015-01-01,31389,313891,鳥取県,西伯郡南部町,11306,361,467,557,532,402,423,513,682,686,568,634,784,968,949,753,678,650,410,221,56,12,1349,5344,173,237,264,268,213,236,252,371,339,287,307,380,481,456,369,287,243,128,46,7,0,424,5962,188,230,293,264,189,187,261,311,347,281,327,404,487,493,384,391,407,282,175,49,12,925
2015,2015-01-01,31390,313904,鳥取県,西伯郡伯耆町,11328,380,448,464,527,424,452,551,572,591,534,671,871,1044,943,762,686,630,483,241,51,3,1408,5422,182,226,234,284,237,245,283,307,288,269,326,427,539,462,371,296,228,147,64,7,0,446,5906,198,222,230,243,187,207,268,265,303,265,345,444,505,481,391,390,402,336,177,44,3,962
2015,2015-01-01,31400,314005,鳥取県,日野郡,11867,230,281,396,442,432,370,407,442,433,480,672,898,1032,962,893,1043,1095,865,361,117,16,2454,5526,112,135,185,224,208,215,236,251,235,243,361,477,545,473,398,408,400,300,92,24,4,820,6341,118,146,211,218,224,155,171,191,198,237,311,421,487,489,495,635,695,565,269,93,12,1634
2015,2015-01-01,31401,314013,鳥取県,日野郡日南町,5199,100,123,162,163,179,168,175,175,163,200,288,399,464,384,390,493,530,418,165,57,3,1173,2419,48,59,74,75,92,95,111,104,88,100,154,229,254,187,168,186,191,143,46,15,0,395,2780,52,64,88,88,87,73,64,71,75,100,134,170,210,197,222,307,339,275,119,42,3,778
2015,2015-01-01,31402,314021,鳥取県,日野郡日野町,3464,61,80,127,137,111,91,117,140,144,136,204,261,297,329,280,282,300,229,105,27,6,667,1598,25,39,50,68,50,52,66,79,85,73,113,129,156,157,125,110,119,72,23,5,2,221,1866,36,41,77,69,61,39,51,61,59,63,91,132,141,172,155,172,181,157,82,22,4,446
2015,2015-01-01,31403,314030,鳥取県,日野郡江府町,3204,69,78,107,142,142,111,115,127,126,144,180,238,271,249,223,268,265,218,91,33,7,614,1509,39,37,61,81,66,68,59,68,62,70,94,119,135,129,105,112,90,85,23,4,2,204,1695,30,41,46,61,76,43,56,59,64,74,86,119,136,120,118,156,175,133,68,29,5,410
2015,2015-01-01,32000,320005,島根県,,700491,27906,29250,31593,32785,29939,30369,35014,41039,43829,37952,40383,45236,54026,55410,43427,40707,37920,26801,12680,3603,622,81626,334794,14285,14914,16225,16774,15320,15492,17904,21354,22350,18910,20035,22863,27313,27531,19647,17126,14582,8486,2999,599,85,26751,365697,13621,14336,15368,16011,14619,14877,17110,19685,21479,19042,20348,22373,26713,27879,23780,23581,23338,18315,9681,3004,537,54875
2015,2015-01-01,32201,322016,島根県,松江市,204565,8925,9100,9675,10460,10067,9873,11321,12975,14555,12523,12483,12658,14260,14850,11875,10343,8956,6000,2748,786,132,18622,97965,4572,4591,4970,5494,5158,4956,5685,6613,7325,6139,6097,6273,7166,7101,5288,4377,3432,1935,647,130,16,6160,106600,4353,4509,4705,4966,4909,4917,5636,6362,7230,6384,6386,6385,7094,7749,6587,5966,5524,4065,2101,656,116,12462
2015,2015-01-01,32202,322024,島根県,浜田市,56894,2163,2228,2350,2461,2326,2192,2723,3097,3391,3033,3332,3727,4527,4748,3825,3577,3349,2392,1097,296,60,7194,27089,1090,1135,1215,1254,1223,1135,1348,1607,1763,1578,1670,2017,2242,2357,1727,1447,1255,724,245,49,8,2281,29805,1073,1093,1135,1207,1103,1057,1375,1490,1628,1455,1662,1710,2285,2391,2098,2130,2094,1668,852,247,52,4913
2015,2015-01-01,32203,322032,島根県,出雲市,172483,7717,7824,8509,8432,8002,8419,9355,10981,11425,9849,9921,10670,12718,12784,9669,9081,8276,5536,2509,696,110,17127,83179,3924,4021,4294,4254,4023,4234,4805,5745,5843,4910,4918,5324,6365,6450,4465,3909,3245,1735,594,108,13,5695,89304,3793,3803,4215,4178,3979,4185,4550,5236,5582,4939,5003,5346,6353,6334,5204,5172,5031,3801,1915,588,97,11432
2015,2015-01-01,32204,322041,島根県,益田市,48975,1921,2074,2152,2174,1716,1847,2198,2802,2823,2368,2700,3397,4182,4243,3307,3056,2909,1948,878,244,36,6015,23115,986,1069,1101,1086,874,945,1130,1451,1409,1187,1289,1703,2065,2083,1443,1265,1145,630,211,36,7,2029,25860,935,1005,1051,1088,842,902,1068,1351,1414,1181,1411,1694,2117,2160,1864,1791,1764,1318,667,208,29,3986
2015,2015-01-01,32205,322059,島根県,大田市,36944,1278,1365,1528,1477,1324,1423,1647,1848,1865,1794,2143,2603,3082,3133,2540,2387,2414,1873,936,244,40,5507,17492,688,714,786,750,695,742,876,959,943,892,1078,1302,1585,1593,1156,955,910,586,232,47,3,1778,19452,590,651,742,727,629,681,771,889,922,902,1065,1301,1497,1540,1384,1432,1504,1287,704,197,37,3729
2015,2015-01-01,32206,322067,島根県,安来市,40647,1432,1679,1858,1877,1623,1731,1920,2327,2591,2073,2291,2523,3111,3499,2660,2635,2195,1570,764,249,39,4817,19456,729,877,945,956,822,900,981,1211,1350,1066,1158,1285,1555,1728,1217,1141,828,508,163,29,7,1535,21191,703,802,913,921,801,831,939,1116,1241,1007,1133,1238,1556,1771,1443,1494,1367,1062,601,220,32,3282
2015,2015-01-01,32207,322075,島根県,江津市,24778,849,887,1031,1098,852,898,1066,1362,1363,1195,1425,1702,2108,2162,1683,1616,1582,1126,580,164,29,3481,11514,422,454,538,554,444,440,535,723,693,575,712,853,1048,1115,746,654,524,330,117,28,9,1008,13264,427,433,493,544,408,458,531,639,670,620,713,849,1060,1047,937,962,1058,796,463,136,20,2473
2015,2015-01-01,32209,322091,島根県,雲南市,40757,1350,1570,1754,1839,1572,1514,1865,2245,2242,2026,2260,2733,3418,3328,2535,2601,2679,1947,962,273,44,5905,19617,707,786,928,920,805,779,966,1203,1157,1007,1147,1394,1806,1701,1177,1120,1064,658,246,40,6,2014,21140,643,784,826,919,767,735,899,1042,1085,1019,1113,1339,1612,1627,1358,1481,1615,1289,716,233,38,3891
2015,2015-01-01,32340,323403,島根県,仁多郡,13792,386,471,534,653,618,463,528,620,642,617,740,982,1204,1141,912,1004,999,797,372,93,16,2277,6652,194,223,292,338,335,259,296,333,333,325,359,515,659,584,414,450,385,244,91,20,3,743,7140,192,248,242,315,283,204,232,287,309,292,381,467,545,557,498,554,614,553,281,73,13,1534
2015,2015-01-01,32343,323438,島根県,仁多郡奥出雲町,13792,386,471,534,653,618,463,528,620,642,617,740,982,1204,1141,912,1004,999,797,372,93,16,2277,6652,194,223,292,338,335,259,296,333,333,325,359,515,659,584,414,450,385,244,91,20,3,743,7140,192,248,242,315,283,204,232,287,309,292,381,467,545,557,498,554,614,553,281,73,13,1534
2015,2015-01-01,32380,323802,島根県,飯石郡,5222,144,181,204,195,180,157,180,236,246,179,304,359,464,430,327,405,466,327,171,59,8,1031,2441,65,91,108,104,79,86,94,135,127,76,161,196,245,214,137,180,170,113,45,12,3,343,2781,79,90,96,91,101,71,86,101,119,103,143,163,219,216,190,225,296,214,126,47,5,688
2015,2015-01-01,32386,323861,島根県,飯石郡飯南町,5222,144,181,204,195,180,157,180,236,246,179,304,359,464,430,327,405,466,327,171,59,8,1031,2441,65,91,108,104,79,86,94,135,127,76,161,196,245,214,137,180,170,113,45,12,3,343,2781,79,90,96,91,101,71,86,101,119,103,143,163,219,216,190,225,296,214,126,47,5,688
2015,2015-01-01,32440,324400,島根県,邑智郡,20101,616,719,738,724,595,640,744,935,1010,814,955,1297,1711,1800,1498,1425,1566,1329,716,218,51,3880,9473,311,363,391,377,305,351,397,495,529,401,506,659,883,939,696,585,625,425,187,42,6,1285,10628,305,356,347,347,290,289,347,440,481,413,449,638,828,861,802,840,941,904,529,176,45,2595
2015,2015-01-01,32441,324418,島根県,邑智郡川本町,3492,90,102,125,121,98,110,135,161,182,149,178,214,297,324,294,252,280,203,131,37,9,660,1620,40,54,76,71,47,56,66,90,97,66,105,101,156,166,136,93,105,68,22,4,1,200,1872,50,48,49,50,51,54,69,71,85,83,73,113,141,158,158,159,175,135,109,33,8,460
2015,2015-01-01,32448,324485,島根県,邑智郡美郷町,5183,174,216,175,186,146,161,193,237,241,187,215,324,468,471,389,373,414,373,186,43,11,1027,2438,87,114,89,93,81,92,109,124,126,90,111,173,248,240,188,138,158,120,49,6,2,335,2745,87,102,86,93,65,69,84,113,115,97,104,151,220,231,201,235,256,253,137,37,9,692
2015,2015-01-01,32449,324493,島根県,邑智郡邑南町,11426,352,401,438,417,351,369,416,537,587,478,562,759,946,1005,815,800,872,753,399,138,31,2193,5415,184,195,226,213,177,203,222,281,306,245,290,385,479,533,372,354,362,237,116,32,3,750,6011,168,206,212,204,174,166,194,256,281,233,272,374,467,472,443,446,510,516,283,106,28,1443
2015,2015-01-01,32500,325007,島根県,鹿足郡,14428,377,424,475,553,428,469,522,587,669,609,759,1043,1266,1348,1107,1147,1176,924,421,103,21,2645,6739,195,217,253,284,217,271,278,323,357,309,373,535,658,656,482,447,481,281,98,22,2,884,7689,182,207,222,269,211,198,244,264,312,300,386,508,608,692,625,700,695,643,323,81,19,1761
2015,2015-01-01,32501,325015,島根県,鹿足郡津和野町,7960,208,213,239,295,217,260,279,314,378,309,417,579,707,741,635,672,688,510,234,56,9,1497,3698,105,113,125,161,122,152,140,176,203,165,189,292,369,350,268,258,280,159,59,12,0,510,4262,103,100,114,134,95,108,139,138,175,144,228,287,338,391,367,414,408,351,175,44,9,987
2015,2015-01-01,32505,325058,島根県,鹿足郡吉賀町,6468,169,211,236,258,211,209,243,273,291,300,342,464,559,607,472,475,488,414,187,47,12,1148,3041,90,104,128,123,95,119,138,147,154,144,184,243,289,306,214,189,201,122,39,10,2,374,3427,79,107,108,135,116,90,105,126,137,156,158,221,270,301,258,286,287,292,148,37,10,774
2015,2015-01-01,32520,325201,島根県,隠岐郡,20905,748,728,785,842,636,743,945,1024,1007,872,1070,1542,1975,1944,1489,1430,1353,1032,526,178,36,3125,10062,402,373,404,403,340,394,513,556,521,445,567,807,1036,1010,699,596,518,317,123,36,2,996,10843,346,355,381,439,296,349,432,468,486,427,503,735,939,934,790,834,835,715,403,142,34,2129
2015,2015-01-01,32525,325252,島根県,隠岐郡海士町,2349,90,78,71,144,62,79,94,120,106,80,109,188,211,207,171,174,166,112,61,24,2,365,1115,50,40,30,69,36,36,43,61,61,41,61,97,109,112,74,80,59,34,13,8,1,115,1234,40,38,41,75,26,43,51,59,45,39,48,91,102,95,97,94,107,78,48,16,1,250
2015,2015-01-01,32526,325261,島根県,隠岐郡西ノ島町,3036,89,67,91,104,72,106,148,134,150,108,123,247,325,302,250,205,213,182,88,26,6,515,1503,46,44,49,55,40,66,94,80,71,59,62,119,167,162,131,85,90,56,20,6,1,173,1533,43,23,42,49,32,40,54,54,79,49,61,128,158,140,119,120,123,126,68,20,5,342
2015,2015-01-01,32527,325279,島根県,隠岐郡知夫村,590,11,17,24,20,14,15,18,18,18,27,29,40,54,70,60,55,46,36,14,3,1,100,296,6,9,10,14,8,9,13,8,7,17,13,23,31,36,33,25,22,8,4,0,0,34,294,5,8,14,6,6,6,5,10,11,10,16,17,23,34,27,30,24,28,10,3,1,66
2015,2015-01-01,32528,325287,島根県,隠岐郡隠岐の島町,14930,558,566,599,574,488,543,685,752,733,657,809,1067,1385,1365,1008,996,928,702,363,125,27,2145,7148,300,280,315,265,256,283,363,407,382,328,431,568,729,700,461,406,347,219,86,22,0,674,7782,258,286,284,309,232,260,322,345,351,329,378,499,656,665,547,590,581,483,277,103,27,1471
2015,2015-01-01,33000,330001,岡山県,,1918637,81556,85135,91420,94425,92455,97769,107641,123690,141546,115738,108273,113660,130422,147172,121343,96726,82627,54728,24450,6627,1234,169666,925895,41954,44186,46932,48263,46983,49410,54378,62860,71579,57692,53532,56157,64133,71036,56572,42225,32648,18315,5792,1092,156,58003,992742,39602,40949,44488,46162,45472,48359,53263,60830,69967,58046,54741,57503,66289,76136,64771,54501,49979,36413,18658,5535,1078,111663
2015,2015-01-01,33100,331007,岡山県,岡山市,696235,32296,32538,34043,34638,35341,38444,43460,49308,56195,45206,41015,39971,43140,49699,40022,30263,25496,15964,6967,1873,356,50656,334740,16591,16719,17370,17666,17808,18914,21594,24769,28171,22302,20187,19597,21067,23581,18476,12842,9875,5273,1582,306,50,17086,361495,15705,15819,16673,16972,17533,19530,21866,24539,28024,22904,20828,20374,22073,26118,21546,17421,15621,10691,5385,1567,306,33570
2015,2015-01-01,33101,331015,岡山県,岡山市北区,287321,13298,13071,13334,13553,15619,17018,18846,20896,23443,19007,16968,16267,17011,19328,15675,12016,10805,7045,3105,860,156,21971,138516,6919,6746,6826,6946,7963,8374,9413,10545,11810,9460,8433,8030,8410,9178,7203,5010,4095,2290,690,152,23,7250,148805,6379,6325,6508,6607,7656,8644,9433,10351,11633,9547,8535,8237,8601,10150,8472,7006,6710,4755,2415,708,133,14721
2015,2015-01-01,33102,331023,岡山県,岡山市中区,143601,7108,7111,7223,7226,6943,7810,9109,10287,11770,9423,8441,8034,8794,10195,8128,6169,5048,3007,1366,347,62,9830,67952,3614,3613,3641,3556,3371,3749,4414,5080,5756,4599,4119,3878,4192,4760,3732,2586,1921,989,315,59,8,3292,75649,3494,3498,3582,3670,3572,4061,4695,5207,6014,4824,4322,4156,4602,5435,4396,3583,3127,2018,1051,288,54,6538
2015,2015-01-01,33103,331031,岡山県,岡山市東区,96460,3801,4229,4806,5200,4558,4553,5064,6049,7211,5868,5696,5874,6391,7623,6589,4845,4084,2544,1115,294,66,8103,46053,1898,2144,2472,2681,2358,2286,2516,3043,3593,2852,2761,2841,3097,3593,3061,2093,1610,846,254,44,10,2764,50407,1903,2085,2334,2519,2200,2267,2548,3006,3618,3016,2935,3033,3294,4030,3528,2752,2474,1698,861,250,56,5339
2015,2015-01-01,33104,331040,岡山県,岡山市南区,168853,8089,8127,8680,8659,8221,9063,10441,12076,13771,10908,9910,9796,10944,12553,9630,7233,5559,3368,1381,372,72,10752,82219,4160,4216,4431,4483,4116,4505,5251,6101,7012,5391,4874,4848,5368,6050,4480,3153,2249,1148,323,51,9,3780,86634,3929,3911,4249,4176,4105,4558,5190,5975,6759,5517,5036,4948,5576,6503,5150,4080,3310,2220,1058,321,63,6972
2015,2015-01-01,33202,332020,岡山県,倉敷市,478584,22752,23116,24167,24655,23857,26231,28528,32505,38232,30179,25987,26343,30736,35786,30146,22363,16941,10133,4465,1239,223,33001,233924,11727,12021,12346,12690,12191,13317,14429,16382,19394,15190,12922,13047,15156,17111,14170,10181,6921,3452,1058,194,25,11650,244660,11025,11095,11821,11965,11666,12914,14099,16123,18838,14989,13065,13296,15580,18675,15976,12182,10020,6681,3407,1045,198,21351
2015,2015-01-01,33203,332038,岡山県,津山市,103988,4440,4832,5216,5216,4823,5155,5536,6550,7117,6109,5985,6537,7291,7828,6006,5314,4738,3353,1482,387,73,10033,49698,2258,2556,2683,2644,2368,2634,2784,3351,3654,3099,2935,3197,3513,3773,2767,2254,1753,1055,362,50,8,3228,54290,2182,2276,2533,2572,2455,2521,2752,3199,3463,3010,3050,3340,3778,4055,3239,3060,2985,2298,1120,337,65,6805
2015,2015-01-01,33204,332046,岡山県,玉野市,62433,2005,2081,2509,2795,2800,2939,3021,3395,4163,3409,3336,3721,4966,5908,5109,3817,3106,2093,928,286,46,6459,30340,1045,1136,1305,1435,1524,1577,1588,1783,2153,1680,1634,1804,2480,2864,2418,1717,1197,719,217,59,5,2197,32093,960,945,1204,1360,1276,1362,1433,1612,2010,1729,1702,1917,2486,3044,2691,2100,1909,1374,711,227,41,4262
2015,2015-01-01,33205,332054,岡山県,笠岡市,51568,1645,1847,2144,2473,2430,2246,2303,2568,3281,3064,3125,3421,3878,4223,3675,3102,2868,2010,911,294,60,6143,24672,836,949,1096,1263,1236,1186,1204,1358,1618,1517,1573,1693,1972,2036,1705,1366,1108,689,217,45,5,2064,26896,809,898,1048,1210,1194,1060,1099,1210,1663,1547,1552,1728,1906,2187,1970,1736,1760,1321,694,249,55,4079
2015,2015-01-01,33207,332071,岡山県,井原市,42334,1335,1580,1938,1994,1755,1762,1823,2335,2634,2502,2384,2723,3192,3389,3075,2628,2438,1759,812,238,38,5285,20299,665,832,1024,980,899,954,948,1203,1328,1274,1189,1362,1594,1686,1411,1148,982,580,197,36,7,1802,22035,670,748,914,1014,856,808,875,1132,1306,1228,1195,1361,1598,1703,1664,1480,1456,1179,615,202,31,3483
2015,2015-01-01,33208,332089,岡山県,総社市,67141,3073,3290,3412,3372,3371,3369,3836,4479,4914,3873,3672,4026,4619,5299,4060,3045,2655,1729,817,183,47,5431,32698,1594,1723,1786,1700,1715,1674,1974,2301,2475,1969,1764,1980,2226,2566,1959,1379,1088,595,188,36,6,1913,34443,1479,1567,1626,1672,1656,1695,1862,2178,2439,1904,1908,2046,2393,2733,2101,1666,1567,1134,629,147,41,3518
2015,2015-01-01,33209,332097,岡山県,高梁市,32364,872,1052,1201,1524,1776,1299,1355,1435,1592,1442,1774,2152,2615,2531,2177,2293,2297,1820,872,234,51,5274,15394,444,569,627,772,937,692,713,739,824,731,924,1091,1372,1278,957,956,891,598,231,40,8,1768,16970,428,483,574,752,839,607,642,696,768,711,850,1061,1243,1253,1220,1337,1406,1222,641,194,43,3506
2015,2015-01-01,33210,332101,岡山県,新見市,31756,946,1148,1331,1333,1246,1240,1264,1475,1585,1428,1844,2253,2576,2525,2193,2352,2316,1692,758,208,43,5017,15234,508,622,712,684,633,694,672,765,834,706,924,1150,1340,1244,993,976,923,605,203,40,6,1777,16522,438,526,619,649,613,546,592,710,751,722,920,1103,1236,1281,1200,1376,1393,1087,555,168,37,3240
2015,2015-01-01,33211,332119,岡山県,備前市,36498,1053,1161,1502,1734,1671,1615,1538,1868,2225,2132,2124,2285,2802,3157,3044,2542,2001,1276,604,144,20,4045,17479,531,615,791,875,873,867,798,1003,1146,1058,1072,1134,1375,1514,1371,1105,814,384,130,22,1,1351,19019,522,546,711,859,798,748,740,865,1079,1074,1052,1151,1427,1643,1673,1437,1187,892,474,122,19,2694
2015,2015-01-01,33212,332127,岡山県,瀬戸内市,38118,1316,1472,1744,1814,1767,1664,1721,2290,2712,2262,2181,2411,2772,3270,2667,2121,1801,1311,629,168,25,3934,18260,705,762,858,931,887,842,866,1173,1364,1128,1069,1195,1341,1572,1277,944,716,454,140,34,2,1346,19858,611,710,886,883,880,822,855,1117,1348,1134,1112,1216,1431,1698,1390,1177,1085,857,489,134,23,2588
2015,2015-01-01,33213,332135,岡山県,赤磐市,44586,1850,1984,2167,2182,1873,1971,2296,2830,3047,2332,2388,2743,3501,4028,3093,2341,1896,1333,561,138,32,3960,21394,972,1026,1119,1099,929,959,1153,1430,1543,1098,1146,1326,1631,1972,1525,1058,796,450,133,24,5,1408,23192,878,958,1048,1083,944,1012,1143,1400,1504,1234,1242,1417,1870,2056,1568,1283,1100,883,428,114,27,2552
2015,2015-01-01,33214,332143,岡山県,真庭市,48343,1666,1911,2119,2219,1918,1958,2291,2553,2553,2304,2691,3264,4067,3806,3082,3170,3129,2353,998,239,52,6771,23119,850,968,1097,1118,997,1050,1200,1350,1315,1172,1340,1628,2037,1951,1379,1335,1257,787,228,50,10,2332,25224,816,943,1022,1101,921,908,1091,1203,1238,1132,1351,1636,2030,1855,1703,1835,1872,1566,770,189,42,4439
2015,2015-01-01,33215,332151,岡山県,美作市,29621,886,1078,1193,1244,1183,1212,1260,1498,1612,1404,1601,1973,2481,2428,1966,2010,2015,1621,750,179,27,4592,14083,454,580,582,647,647,616,652,763,836,708,791,1027,1229,1229,925,848,781,543,202,20,3,1549,15538,432,498,611,597,536,596,608,735,776,696,810,946,1252,1199,1041,1162,1234,1078,548,159,24,3043
2015,2015-01-01,33216,332160,岡山県,浅口市,35560,1123,1365,1567,1660,1561,1438,1700,1952,2394,2069,1932,2149,2589,3215,2875,2176,1827,1220,550,171,27,3795,17221,567,722,813,837,779,709,894,1031,1198,1071,1002,1075,1220,1593,1375,994,731,435,149,21,5,1341,18339,556,643,754,823,782,729,806,921,1196,998,930,1074,1369,1622,1500,1182,1096,785,401,150,22,2454
2015,2015-01-01,33340,333409,岡山県,和気郡,14952,426,515,651,644,589,581,627,831,968,813,786,898,1183,1421,1196,977,859,604,285,80,18,1846,7089,209,257,340,324,318,307,315,420,503,397,387,442,566,706,561,435,333,185,69,14,1,602,7863,217,258,311,320,271,274,312,411,465,416,399,456,617,715,635,542,526,419,216,66,17,1244
2015,2015-01-01,33346,333468,岡山県,和気郡和気町,14952,426,515,651,644,589,581,627,831,968,813,786,898,1183,1421,1196,977,859,604,285,80,18,1846,7089,209,257,340,324,318,307,315,420,503,397,387,442,566,706,561,435,333,185,69,14,1,602,7863,217,258,311,320,271,274,312,411,465,416,399,456,617,715,635,542,526,419,216,66,17,1244
2015,2015-01-01,33420,334201,岡山県,都窪郡,12241,628,640,647,626,502,583,718,895,1000,714,584,621,782,1010,820,560,466,276,123,38,8,911,5921,355,329,345,322,236,267,343,446,488,388,268,291,366,486,383,280,188,99,31,10,0,328,6320,273,311,302,304,266,316,375,449,512,326,316,330,416,524,437,280,278,177,92,28,8,583
2015,2015-01-01,33423,334235,岡山県,都窪郡早島町,12241,628,640,647,626,502,583,718,895,1000,714,584,621,782,1010,820,560,466,276,123,38,8,911,5921,355,329,345,322,236,267,343,446,488,388,268,291,366,486,383,280,188,99,31,10,0,328,6320,273,311,302,304,266,316,375,449,512,326,316,330,416,524,437,280,278,177,92,28,8,583
2015,2015-01-01,33440,334405,岡山県,浅口郡,11032,486,509,530,514,544,553,554,644,847,643,582,679,765,874,774,579,498,296,127,27,7,955,5306,247,257,277,275,253,267,275,320,430,328,278,319,382,404,373,273,198,111,38,1,0,348,5726,239,252,253,239,291,286,279,324,417,315,304,360,383,470,401,306,300,185,89,26,7,607
2015,2015-01-01,33445,334456,岡山県,浅口郡里庄町,11032,486,509,530,514,544,553,554,644,847,643,582,679,765,874,774,579,498,296,127,27,7,955,5306,247,257,277,275,253,267,275,320,430,328,278,319,382,404,373,273,198,111,38,1,0,348,5726,239,252,253,239,291,286,279,324,417,315,304,360,383,470,401,306,300,185,89,26,7,607
2015,2015-01-01,33460,334600,岡山県,小田郡,14761,430,505,615,692,612,577,617,778,926,801,759,949,1141,1304,1104,932,901,646,343,106,23,2019,7042,213,247,345,345,305,296,313,420,470,392,386,472,573,637,536,403,367,237,65,20,0,689,7719,217,258,270,347,307,281,304,358,456,409,373,477,568,667,568,529,534,409,278,86,23,1330
2015,2015-01-01,33461,334618,岡山県,小田郡矢掛町,14761,430,505,615,692,612,577,617,778,926,801,759,949,1141,1304,1104,932,901,646,343,106,23,2019,7042,213,247,345,345,305,296,313,420,470,392,386,472,573,637,536,403,367,237,65,20,0,689,7719,217,258,270,347,307,281,304,358,456,409,373,477,568,667,568,529,534,409,278,86,23,1330
2015,2015-01-01,33580,335801,岡山県,真庭郡,965,32,31,36,46,34,33,37,42,47,38,58,74,62,75,72,68,89,48,32,9,2,180,458,7,16,20,21,21,20,19,25,23,18,33,41,30,41,34,25,35,17,10,2,0,64,507,25,15,16,25,13,13,18,17,24,20,25,33,32,34,38,43,54,31,22,7,2,116
2015,2015-01-01,33586,335860,岡山県,真庭郡新庄村,965,32,31,36,46,34,33,37,42,47,38,58,74,62,75,72,68,89,48,32,9,2,180,458,7,16,20,21,21,20,19,25,23,18,33,41,30,41,34,25,35,17,10,2,0,64,507,25,15,16,25,13,13,18,17,24,20,25,33,32,34,38,43,54,31,22,7,2,116
2015,2015-01-01,33600,336009,岡山県,苫田郡,13672,510,549,567,600,543,627,653,757,765,596,629,1020,1111,1125,896,833,880,640,287,73,11,1891,6551,281,291,298,319,270,314,327,408,379,305,296,508,559,592,427,350,344,214,54,12,3,627,7121,229,258,269,281,273,313,326,349,386,291,333,512,552,533,469,483,536,426,233,61,8,1264
2015,2015-01-01,33606,336068,岡山県,苫田郡鏡野町,13672,510,549,567,600,543,627,653,757,765,596,629,1020,1111,1125,896,833,880,640,287,73,11,1891,6551,281,291,298,319,270,314,327,408,379,305,296,508,559,592,427,350,344,214,54,12,3,627,7121,229,258,269,281,273,313,326,349,386,291,333,512,552,533,469,483,536,426,233,61,8,1264
2015,2015-01-01,33620,336203,岡山県,勝田郡,17547,786,769,771,822,970,953,1038,1055,964,838,933,1120,1318,1319,979,911,905,709,292,83,12,2001,8503,400,400,391,429,515,534,548,531,502,382,456,553,651,679,463,395,360,226,71,16,1,674,9044,386,369,380,393,455,419,490,524,462,456,477,567,667,640,516,516,545,483,221,67,11,1327
2015,2015-01-01,33622,336220,岡山県,勝田郡勝央町,11305,517,547,501,498,545,612,698,738,665,560,631,744,838,808,609,578,569,420,165,55,7,1216,5435,267,294,256,256,254,310,354,378,355,246,302,362,421,422,283,248,229,142,47,9,0,427,5870,250,253,245,242,291,302,344,360,310,314,329,382,417,386,326,330,340,278,118,46,7,789
2015,2015-01-01,33623,336238,岡山県,勝田郡奈義町,6242,269,222,270,324,425,341,340,317,299,278,302,376,480,511,370,333,336,289,127,28,5,785,3068,133,106,135,173,261,224,194,153,147,136,154,191,230,257,180,147,131,84,24,7,1,247,3174,136,116,135,151,164,117,146,164,152,142,148,185,250,254,190,186,205,205,103,21,4,538
2015,2015-01-01,33640,336408,岡山県,英田郡,1523,70,59,52,57,69,67,84,79,63,59,90,117,133,112,66,81,132,90,31,10,2,265,705,33,29,27,27,28,37,44,40,34,26,42,62,69,58,25,36,43,35,9,1,0,88,818,37,30,25,30,41,30,40,39,29,33,48,55,64,54,41,45,89,55,22,9,2,177
2015,2015-01-01,33643,336432,岡山県,英田郡西粟倉村,1523,70,59,52,57,69,67,84,79,63,59,90,117,133,112,66,81,132,90,31,10,2,265,705,33,29,27,27,28,37,44,40,34,26,42,62,69,58,25,36,43,35,9,1,0,88,818,37,30,25,30,41,30,40,39,29,33,48,55,64,54,41,45,89,55,22,9,2,177
2015,2015-01-01,33660,336602,岡山県,久米郡,20533,587,723,859,824,761,765,908,1000,1106,959,1098,1344,1692,1834,1454,1428,1489,1052,486,146,18,3191,9824,296,357,443,435,382,424,477,542,586,475,554,686,871,938,692,600,583,349,109,22,3,1066,10709,291,366,416,389,379,341,431,458,520,484,544,658,821,896,762,828,906,703,377,124,15,2125
2015,2015-01-01,33663,336637,岡山県,久米郡久米南町,5158,111,153,216,206,176,190,192,216,234,230,302,339,431,499,409,362,430,298,118,41,5,892,2476,50,72,108,100,86,105,109,115,117,119,152,167,232,260,200,149,188,116,24,7,0,335,2682,61,81,108,106,90,85,83,101,117,111,150,172,199,239,209,213,242,182,94,34,5,557
2015,2015-01-01,33666,336661,岡山県,久米郡美咲町,15375,476,570,643,618,585,575,716,784,872,729,796,1005,1261,1335,1045,1066,1059,754,368,105,13,2299,7348,246,285,335,335,296,319,368,427,469,356,402,519,639,678,492,451,395,233,85,15,3,731,8027,230,285,308,283,289,256,348,357,403,373,394,486,622,657,553,615,664,521,283,90,10,1568
2015,2015-01-01,33680,336807,岡山県,加賀郡,12282,343,380,439,747,459,487,473,568,604,562,715,866,1010,1006,792,820,884,700,340,74,13,2011,5941,166,203,237,425,232,259,248,307,311,278,360,477,513,525,370,325,364,223,99,17,2,705,6341,177,177,202,322,227,228,225,261,293,284,355,389,497,481,422,495,520,477,241,57,11,1306
2015,2015-01-01,33681,336815,岡山県,加賀郡吉備中央町,12282,343,380,439,747,459,487,473,568,604,562,715,866,1010,1006,792,820,884,700,340,74,13,2011,5941,166,203,237,425,232,259,248,307,311,278,360,477,513,525,370,325,364,223,99,17,2,705,6341,177,177,202,322,227,228,225,261,293,284,355,389,497,481,422,495,520,477,241,57,11,1306
2015,2015-01-01,34000,340006,広島県,,2829993,123675,126920,131760,135631,135286,143833,159890,187003,218454,181262,164036,166627,195552,217184,178226,136494,109461,73539,33745,9613,1802,228160,1370083,63250,65080,67571,69483,69993,73791,81233,94664,110471,90601,81426,82254,95992,105037,82474,59768,42535,24197,8267,1766,230,76995,1459910,60425,61840,64189,66148,65293,70042,78657,92339,107983,90661,82610,84373,99560,112147,95752,76726,66926,49342,25478,7847,1572,151165
2015,2015-01-01,34100,341002,広島県,広島市,1172496,55525,56128,56990,57276,58963,65180,72835,85465,100435,82194,70483,66385,74702,83757,66835,48262,35142,22489,10027,2882,541,71081,568328,28443,28621,29124,29198,29699,32562,36179,42511,50200,41009,35034,32712,36330,40350,30797,21539,13616,7417,2398,526,63,24020,604168,27082,27507,27866,28078,29264,32618,36656,42954,50235,41185,35449,33673,38372,43407,36038,26723,21526,15072,7629,2356,478,47061
2015,2015-01-01,34101,341011,広島県,広島市中区,125515,5057,4726,4489,4548,6427,8470,8786,9550,10879,9048,7881,7538,8120,8868,7000,5292,4293,2866,1266,351,60,8836,58417,2604,2431,2334,2283,2937,3950,4202,4575,5254,4422,3890,3686,3968,4170,2981,2073,1460,872,255,62,8,2657,67098,2453,2295,2155,2265,3490,4520,4584,4975,5625,4626,3991,3852,4152,4698,4019,3219,2833,1994,1011,289,52,6179
2015,2015-01-01,34102,341029,広島県,広島市東区,119644,5304,5558,5780,6214,5911,6257,6811,7946,9809,8721,7787,7238,7595,8682,7176,5165,3906,2386,1035,302,61,7690,57530,2748,2836,2948,3170,2841,2990,3385,3911,4868,4304,3804,3605,3730,4148,3309,2319,1493,793,260,62,6,2614,62114,2556,2722,2832,3044,3070,3267,3426,4035,4941,4417,3983,3633,3865,4534,3867,2846,2413,1593,775,240,55,5076
2015,2015-01-01,34103,341037,広島県,広島市南区,138959,6313,6281,6292,6466,7598,8073,8591,10225,11971,9969,8747,7850,8571,9562,7586,5841,4469,2882,1232,369,71,9023,68143,3268,3200,3226,3307,4072,4233,4309,5117,6028,5021,4433,3978,4347,4685,3453,2506,1707,890,286,67,10,2960,70816,3045,3081,3066,3159,3526,3840,4282,5108,5943,4948,4314,3872,4224,4877,4133,3335,2762,1992,946,302,61,6063
2015,2015-01-01,34104,341045,広島県,広島市西区,185079,9083,8509,8865,8786,9356,11392,12586,14184,16369,13620,11607,10401,11253,11915,9333,7048,5255,3465,1509,457,86,10772,89436,4625,4260,4498,4503,4667,5721,6276,6993,8140,6779,5727,5080,5563,5755,4211,3042,1955,1183,378,71,9,3596,95643,4458,4249,4367,4283,4689,5671,6310,7191,8229,6841,5880,5321,5690,6160,5122,4006,3300,2282,1131,386,77,7176
2015,2015-01-01,34105,341053,広島県,広島市安佐南区,237962,14115,14115,13980,12702,11427,12890,15959,19668,23066,17150,12860,11299,12486,14726,12021,8507,5530,3412,1543,432,74,10991,116822,7188,7188,7117,6453,5755,6450,7857,9778,11668,8833,6539,5656,5921,6918,5583,3955,2272,1201,397,87,6,3963,121140,6927,6927,6863,6249,5672,6440,8102,9890,11398,8317,6321,5643,6565,7808,6438,4552,3258,2211,1146,345,68,7028
2015,2015-01-01,34106,341061,広島県,広島市安佐北区,148852,5400,6366,6898,7597,7136,6761,7308,8997,10970,9122,8363,9251,11752,13661,10929,7418,5338,3457,1560,464,104,10923,71613,2714,3298,3534,3827,3568,3409,3683,4609,5467,4438,4056,4385,5554,6573,5261,3447,2186,1136,367,86,15,3790,77239,2686,3068,3364,3770,3568,3352,3625,4388,5503,4684,4307,4866,6198,7088,5668,3971,3152,2321,1193,378,89,7133
2015,2015-01-01,34107,341070,広島県,広島市安芸区,79662,3894,4019,3944,4178,4156,4303,4774,5446,6607,5653,4756,4142,4911,5871,4858,3542,2327,1365,674,205,37,4608,39728,2038,2069,2022,2155,2244,2327,2478,2807,3378,2811,2479,2125,2367,2889,2287,1670,932,463,150,36,1,1582,39934,1856,1950,1922,2023,1912,1976,2296,2639,3229,2842,2277,2017,2544,2982,2571,1872,1395,902,524,169,36,3026
2015,2015-01-01,34108,341088,広島県,広島市佐伯区,136823,6359,6554,6742,6785,6952,7034,8020,9449,10764,8911,8482,8666,10014,10472,7932,5449,4024,2656,1208,302,48,8238,66639,3258,3339,3445,3500,3615,3482,3989,4721,5397,4401,4106,4197,4880,5212,3712,2527,1611,879,305,55,8,2858,70184,3101,3215,3297,3285,3337,3552,4031,4728,5367,4510,4376,4469,5134,5260,4220,2922,2413,1777,903,247,40,5380
2015,2015-01-01,34202,342025,広島県,呉市,232915,8540,8859,9564,10567,10840,10634,11132,13230,16447,13999,12921,13164,16326,20567,18076,14253,11636,7497,3524,980,159,23796,111966,4357,4479,4912,5554,5699,5767,5812,6822,8505,7000,6466,6519,8113,9683,8341,6156,4298,2432,849,178,24,7781,120949,4183,4380,4652,5013,5141,4867,5320,6408,7942,6999,6455,6645,8213,10884,9735,8097,7338,5065,2675,802,135,16015
2015,2015-01-01,34203,342033,広島県,竹原市,27623,784,955,1113,1240,1122,1043,1119,1420,1701,1595,1550,1692,2235,2572,2251,1861,1547,1105,525,174,19,3370,13152,397,487,565,651,560,554,583,733,867,838,775,817,1133,1240,1029,783,634,360,103,40,3,1140,14471,387,468,548,589,562,489,536,687,834,757,775,875,1102,1332,1222,1078,913,745,422,134,16,2230
2015,2015-01-01,34204,342041,広島県,三原市,97183,3770,3914,4256,4546,4058,4148,4782,5564,6453,5517,5524,6126,7639,8089,6595,5539,5028,3548,1549,440,98,10663,46390,1964,2040,2153,2311,2084,2100,2483,2896,3204,2752,2691,3009,3717,4018,3063,2325,1921,1177,395,78,9,3580,50793,1806,1874,2103,2235,1974,2048,2299,2668,3249,2765,2833,3117,3922,4071,3532,3214,3107,2371,1154,362,89,7083
2015,2015-01-01,34205,342050,広島県,尾道市,141816,4996,5396,6037,6248,6026,5880,6674,7692,9234,7863,7920,9111,11248,12274,10549,8589,7589,5293,2474,614,109,16079,67586,2543,2776,3153,3220,3173,3064,3424,3912,4635,3832,3870,4572,5576,5897,4838,3695,2970,1705,609,106,16,5406,74230,2453,2620,2884,3028,2853,2816,3250,3780,4599,4031,4050,4539,5672,6377,5711,4894,4619,3588,1865,508,93,10673
2015,2015-01-01,34207,342076,広島県,福山市,465822,21679,21830,22486,22670,21778,24298,26975,31502,36126,28875,26275,27601,33101,34946,29297,21974,16593,11110,5045,1380,281,34409,226214,11029,11244,11465,11429,11403,12590,13745,16022,18297,14222,12992,13612,16230,16896,13609,9726,6484,3713,1237,233,36,11703,239608,10650,10586,11021,11241,10375,11708,13230,15480,17829,14653,13283,13989,16871,18050,15688,12248,10109,7397,3808,1147,245,22706
2015,2015-01-01,34208,342084,広島県,府中市,41363,1292,1578,1821,1863,1708,1611,1756,2217,2797,2403,2334,2642,3321,3456,3111,2594,2320,1563,734,202,40,4859,19859,662,834,945,954,874,854,931,1173,1455,1203,1167,1318,1560,1688,1435,1115,943,508,194,38,8,1691,21504,630,744,876,909,834,757,825,1044,1342,1200,1167,1324,1761,1768,1676,1479,1377,1055,540,164,32,3168
2015,2015-01-01,34209,342092,広島県,三次市,54848,2148,2296,2422,2503,2242,2274,2533,3133,3369,2903,2963,3582,4207,4311,3403,3146,3182,2567,1224,363,77,7413,25963,1098,1200,1220,1221,1165,1182,1318,1616,1752,1478,1437,1807,2133,2145,1527,1250,1246,792,306,63,7,2414,28885,1050,1096,1202,1282,1077,1092,1215,1517,1617,1425,1526,1775,2074,2166,1876,1896,1936,1775,918,300,70,4999
2015,2015-01-01,34210,342106,広島県,庄原市,37943,1219,1427,1455,1522,1403,1380,1509,1730,1932,1653,1915,2509,3098,3247,2557,2818,2957,2231,1037,294,50,6569,18003,635,736,755,821,722,753,832,891,1020,872,961,1270,1607,1602,1130,1130,1135,779,277,71,4,2266,19940,584,691,700,701,681,627,677,839,912,781,954,1239,1491,1645,1427,1688,1822,1452,760,223,46,4303
2015,2015-01-01,34211,342114,広島県,大竹市,27947,1031,1016,1086,1196,1312,1425,1452,1442,1882,1732,1520,1799,2095,2360,2049,1670,1404,936,416,104,20,2880,13555,533,540,547,611,671,803,751,738,969,940,742,876,1044,1122,965,708,569,307,97,17,5,995,14392,498,476,539,585,641,622,701,704,913,792,778,923,1051,1238,1084,962,835,629,319,87,15,1885
2015,2015-01-01,34212,342122,広島県,東広島市,179912,8973,9175,9056,9530,10592,9777,11017,12545,14210,11739,10834,10258,11389,12620,9849,6774,5549,3682,1742,511,90,11574,89837,4607,4680,4659,4930,5962,5143,5864,6486,7398,6033,5449,5112,5620,6127,4765,3075,2204,1204,417,92,10,3927,90075,4366,4495,4397,4600,4630,4634,5153,6059,6812,5706,5385,5146,5769,6493,5084,3699,3345,2478,1325,419,80,7647
2015,2015-01-01,34213,342131,広島県,廿日市市,116344,4738,5068,5393,5628,5584,5774,6442,7315,8176,7132,6943,7916,9097,9553,7145,5321,4325,2969,1358,384,83,9119,55885,2410,2678,2825,2869,2785,2874,3209,3654,4073,3443,3300,3765,4432,4672,3442,2305,1693,1006,363,80,7,3149,60459,2328,2390,2568,2759,2799,2900,3233,3661,4103,3689,3643,4151,4665,4881,3703,3016,2632,1963,995,304,76,5970
2015,2015-01-01,34214,342149,広島県,安芸高田市,30036,988,1099,1233,1292,1216,1140,1244,1537,1740,1499,1557,1961,2508,2665,2082,1860,1882,1475,750,263,45,4415,14481,496,576,632,684,676,605,664,833,917,777,787,984,1294,1357,964,802,708,470,200,50,5,1433,15555,492,523,601,608,540,535,580,704,823,722,770,977,1214,1308,1118,1058,1174,1005,550,213,40,2982
2015,2015-01-01,34215,342157,広島県,江田島市,24947,689,729,781,849,909,958,1102,1218,1331,1243,1291,1553,2103,2501,2231,1832,1692,1169,552,175,39,3627,12034,358,387,391,452,519,550,629,687,705,702,663,744,1049,1215,1013,780,647,357,150,28,8,1190,12913,331,342,390,397,390,408,473,531,626,541,628,809,1054,1286,1218,1052,1045,812,402,147,31,2437
2015,2015-01-01,34300,343005,広島県,安芸郡,117534,5567,5458,5777,5876,5424,6350,7081,8131,9488,8145,6795,6301,7509,8872,7799,5545,3790,2224,1029,326,47,7416,57597,2838,2825,3018,2990,2809,3292,3595,4134,4793,4108,3450,3094,3584,4340,3584,2552,1560,741,228,51,11,2591,59937,2729,2633,2759,2886,2615,3058,3486,3997,4695,4037,3345,3207,3925,4532,4215,2993,2230,1483,801,275,36,4825
2015,2015-01-01,34302,343021,広島県,安芸郡府中町,51367,2614,2352,2542,2581,2434,2920,3340,3723,4150,3790,3318,2910,3135,3418,2927,2160,1577,909,417,132,18,3053,25218,1308,1231,1328,1305,1246,1479,1680,1907,2097,1875,1672,1457,1555,1663,1345,968,646,330,100,22,4,1102,26149,1306,1121,1214,1276,1188,1441,1660,1816,2053,1915,1646,1453,1580,1755,1582,1192,931,579,317,110,14,1951
2015,2015-01-01,34304,343048,広島県,安芸郡海田町,28365,1437,1336,1366,1411,1403,1834,1876,2094,2419,1890,1599,1460,1840,1981,1692,1168,809,463,202,77,8,1559,14056,717,692,712,743,727,992,986,1068,1228,986,831,714,859,974,768,517,334,144,49,14,1,542,14309,720,644,654,668,676,842,890,1026,1191,904,768,746,981,1007,924,651,475,319,153,63,7,1017
2015,2015-01-01,34307,343072,広島県,安芸郡熊野町,24691,927,1105,1207,1247,1018,981,1150,1462,1889,1654,1188,1265,1693,2429,2290,1535,860,491,223,62,15,1651,12009,507,553,639,618,519,506,576,727,949,838,622,599,769,1190,1051,763,377,156,36,9,5,583,12682,420,552,568,629,499,475,574,735,940,816,566,666,924,1239,1239,772,483,335,187,53,10,1068
2015,2015-01-01,34309,343099,広島県,安芸郡坂町,13111,589,665,662,637,569,615,715,852,1030,811,690,666,841,1044,890,682,544,361,187,55,6,1153,6314,306,349,339,324,317,315,353,432,519,409,325,324,401,513,420,304,203,111,43,6,1,364,6797,283,316,323,313,252,300,362,420,511,402,365,342,440,531,470,378,341,250,144,49,5,789
2015,2015-01-01,34360,343609,広島県,山県郡,26218,783,902,1056,1141,949,910,997,1262,1473,1262,1344,1687,2135,2221,1837,1781,1987,1519,727,204,41,4478,12509,398,436,531,604,535,520,533,685,805,629,687,871,1118,1101,812,715,784,528,177,31,9,1529,13709,385,466,525,537,414,390,464,577,668,633,657,816,1017,1120,1025,1066,1203,991,550,173,32,2949
2015,2015-01-01,34368,343684,広島県,山県郡安芸太田町,6913,165,163,210,269,196,182,219,258,309,291,344,449,593,639,570,569,672,485,250,65,15,1487,3222,75,78,100,147,101,103,117,143,172,140,180,222,322,303,246,230,286,178,68,9,2,543,3691,90,85,110,122,95,79,102,115,137,151,164,227,271,336,324,339,386,307,182,56,13,944
2015,2015-01-01,34369,343692,広島県,山県郡北広島町,19305,618,739,846,872,753,728,778,1004,1164,971,1000,1238,1542,1582,1267,1212,1315,1034,477,139,26,2991,9287,323,358,431,457,434,417,416,542,633,489,507,649,796,798,566,485,498,350,109,22,7,986,10018,295,381,415,415,319,311,362,462,531,482,493,589,746,784,701,727,817,684,368,117,19,2005
2015,2015-01-01,34420,344206,広島県,豊田郡,8018,167,188,215,649,243,171,221,287,367,351,379,429,607,825,756,675,649,505,245,73,16,1488,3844,85,92,112,465,143,95,128,158,204,190,218,217,292,400,338,262,244,143,43,15,0,445,4174,82,96,103,184,100,76,93,129,163,161,161,212,315,425,418,413,405,362,202,58,16,1043
2015,2015-01-01,34431,344311,広島県,豊田郡大崎上島町,8018,167,188,215,649,243,171,221,287,367,351,379,429,607,825,756,675,649,505,245,73,16,1488,3844,85,92,112,465,143,95,128,158,204,190,218,217,292,400,338,262,244,143,43,15,0,445,4174,82,96,103,184,100,76,93,129,163,161,161,212,315,425,418,413,405,362,202,58,16,1043
2015,2015-01-01,34460,344605,広島県,世羅郡,17096,548,610,683,674,591,571,695,881,874,777,972,1206,1395,1514,1159,1189,1240,905,445,139,28,2757,8145,271,303,374,346,330,319,367,476,453,379,471,597,714,757,519,507,507,293,119,42,1,962,8951,277,307,309,328,261,252,328,405,421,398,501,609,681,757,640,682,733,612,326,97,27,1795
2015,2015-01-01,34462,344621,広島県,世羅郡世羅町,17096,548,610,683,674,591,571,695,881,874,777,972,1206,1395,1514,1159,1189,1240,905,445,139,28,2757,8145,271,303,374,346,330,319,367,476,453,379,471,597,714,757,519,507,507,293,119,42,1,962,8951,277,307,309,328,261,252,328,405,421,398,501,609,681,757,640,682,733,612,326,97,27,1795
2015,2015-01-01,34540,345407,広島県,神石郡,9932,238,292,336,361,326,309,324,432,419,380,516,705,837,834,645,811,949,752,342,105,19,2167,4735,126,146,190,173,184,164,186,237,219,194,266,358,446,427,303,343,372,265,105,27,4,773,5197,112,146,146,188,142,145,138,195,200,186,250,347,391,407,342,468,577,487,237,78,15,1394
2015,2015-01-01,34545,345458,広島県,神石郡神石高原町,9932,238,292,336,361,326,309,324,432,419,380,516,705,837,834,645,811,949,752,342,105,19,2167,4735,126,146,190,173,184,164,186,237,219,194,266,358,446,427,303,343,372,265,105,27,4,773,5197,112,146,146,188,142,145,138,195,200,186,250,347,391,407,342,468,577,487,237,78,15,1394
2015,2015-01-01,35000,350001,山口県,,1418451,54189,57932,63001,65689,60864,62712,71365,84759,97560,82430,79053,88026,109669,119048,99426,81322,69065,45312,20424,5574,1031,141406,672279,27771,29617,32166,33673,31708,32098,36103,42733,49368,40136,38552,42729,53741,56324,44774,34115,26310,14581,4711,955,114,46671,746172,26418,28315,30835,32016,29156,30614,35262,42026,48192,42294,40501,45297,55928,62724,54652,47207,42755,30731,15713,4619,917,94735
2015,2015-01-01,35201,352012,山口県,下関市,271271,9862,10667,11442,12086,11802,11674,13722,15819,17986,15793,15156,17135,21633,23036,19350,16453,13758,8836,3884,1007,170,27655,126367,5039,5470,5841,6189,6120,5807,6787,7951,8958,7441,7222,8202,10373,10689,8429,6752,5200,2846,868,163,20,9097,144904,4823,5197,5601,5897,5682,5867,6935,7868,9028,8352,7934,8933,11260,12347,10921,9701,8558,5990,3016,844,150,18558
2015,2015-01-01,35202,352021,山口県,宇部市,168705,6810,6770,7521,7944,7910,8017,9171,10539,11684,9995,9376,10029,12996,14378,11273,9030,7519,4847,2165,621,110,15262,80301,3504,3446,3846,4060,4224,4016,4598,5326,5903,4877,4587,4896,6299,6884,5103,3780,2783,1566,481,114,8,4952,88404,3306,3324,3675,3884,3686,4001,4573,5213,5781,5118,4789,5133,6697,7494,6170,5250,4736,3281,1684,507,102,10310
2015,2015-01-01,35203,352039,山口県,山口市,193686,8343,8714,9547,9693,9581,9316,10678,12687,14204,11830,11510,12035,13528,14442,11200,9324,8278,5504,2457,687,128,17054,92248,4290,4419,4893,4869,4889,4692,5308,6325,7168,5751,5618,5809,6683,6936,5005,3899,3203,1825,560,93,13,5694,101438,4053,4295,4654,4824,4692,4624,5370,6362,7036,6079,5892,6226,6845,7506,6195,5425,5075,3679,1897,594,115,11360
2015,2015-01-01,35204,352047,山口県,萩市,51209,1430,1705,1886,2151,1744,1678,1999,2616,2822,2572,2831,3538,4725,4851,4074,3773,3321,2241,964,245,43,6814,23570,736,864,976,1035,895,862,997,1342,1426,1237,1346,1761,2332,2264,1761,1530,1263,681,214,45,3,2206,27639,694,841,910,1116,849,816,1002,1274,1396,1335,1485,1777,2393,2587,2313,2243,2058,1560,750,200,40,4608
2015,2015-01-01,35206,352063,山口県,防府市,117305,5084,5088,5406,5501,5555,6188,6552,7400,8536,6858,6596,6846,8546,9333,7690,6064,4952,3129,1483,413,85,10062,56874,2654,2617,2695,2870,2974,3226,3467,3815,4430,3438,3328,3295,4139,4482,3491,2617,1927,979,348,73,9,3336,60431,2430,2471,2711,2631,2581,2962,3085,3585,4106,3420,3268,3551,4407,4851,4199,3447,3025,2150,1135,340,76,6726
2015,2015-01-01,35207,352071,山口県,下松市,55984,2627,2681,2704,2519,2206,2714,3211,3831,4477,3369,2859,3136,3967,4489,3968,2818,2138,1454,635,148,33,4408,27054,1343,1344,1367,1300,1158,1423,1643,1894,2297,1708,1373,1568,1911,2112,1884,1243,801,501,151,30,3,1486,28930,1284,1337,1337,1219,1048,1291,1568,1937,2180,1661,1486,1568,2056,2377,2084,1575,1337,953,484,118,30,2922
2015,2015-01-01,35208,352080,山口県,岩国市,140105,5237,5652,6322,6571,5565,5939,6625,7901,9511,8127,7906,8936,10680,11638,9881,8512,7460,4763,2152,618,109,15102,66525,2626,2911,3215,3345,2748,2981,3362,4006,4789,4034,3924,4393,5424,5587,4395,3556,2960,1595,522,136,16,5229,73580,2611,2741,3107,3226,2817,2958,3263,3895,4722,4093,3982,4543,5256,6051,5486,4956,4500,3168,1630,482,93,9873
2015,2015-01-01,35210,352101,山口県,光市,52740,1826,2229,2501,2558,2156,2146,2299,3184,3925,3149,2812,3062,3888,4655,4750,2973,2239,1464,681,201,42,4627,25133,926,1167,1274,1281,1153,1142,1156,1541,1983,1492,1405,1476,1844,2056,2366,1336,840,500,160,32,3,1535,27607,900,1062,1227,1277,1003,1004,1143,1643,1942,1657,1407,1586,2044,2599,2384,1637,1399,964,521,169,39,3092
2015,2015-01-01,35211,352110,山口県,長門市,36435,1033,1243,1358,1489,1151,1141,1530,1787,1958,1812,1993,2542,3575,3455,2825,2706,2369,1562,696,182,28,4837,16845,512,652,735,750,590,580,806,916,964,877,919,1226,1794,1621,1226,1106,897,470,171,30,3,1571,19590,521,591,623,739,561,561,724,871,994,935,1074,1316,1781,1834,1599,1600,1472,1092,525,152,25,3266
2015,2015-01-01,35212,352128,山口県,柳井市,33713,1122,1291,1395,1448,1288,1299,1398,1804,2173,1853,1859,2153,2675,3071,2603,2141,1926,1384,635,161,34,4140,15722,554,693,694,744,639,689,695,898,1119,869,940,1044,1303,1474,1135,884,737,441,146,22,2,1348,17991,568,598,701,704,649,610,703,906,1054,984,919,1109,1372,1597,1468,1257,1189,943,489,139,32,2792
2015,2015-01-01,35213,352136,山口県,美祢市,26430,691,916,984,1205,1051,918,1106,1298,1456,1392,1525,1755,2366,2451,1983,1807,1648,1142,560,142,34,3526,12389,377,479,476,649,532,478,550,666,752,700,750,847,1185,1210,867,724,637,342,136,26,6,1147,14041,314,437,508,556,519,440,556,632,704,692,775,908,1181,1241,1116,1083,1011,800,424,116,28,2379
2015,2015-01-01,35215,352152,山口県,周南市,147314,5830,6202,6675,7002,6147,6823,7508,9037,10957,9135,8223,9027,11070,12371,10463,7993,6342,4117,1805,502,85,12851,71108,2981,3159,3433,3673,3387,3662,3900,4584,5527,4514,4068,4373,5476,5800,4802,3509,2439,1276,448,84,13,4260,76206,2849,3043,3242,3329,2760,3161,3608,4453,5430,4621,4155,4654,5594,6571,5661,4484,3903,2841,1357,418,72,8591
2015,2015-01-01,35216,352161,山口県,山陽小野田市,63959,2543,2739,2996,3027,2735,2797,3218,3864,4299,3612,3462,4012,5168,5317,4434,3525,3090,1927,906,241,47,6211,30153,1341,1393,1560,1535,1390,1436,1626,1912,2193,1727,1659,1936,2504,2556,2024,1430,1129,604,161,32,5,1931,33806,1202,1346,1436,1492,1345,1361,1592,1952,2106,1885,1803,2076,2664,2761,2410,2095,1961,1323,745,209,42,4280
2015,2015-01-01,35300,353001,山口県,大島郡,17992,363,394,485,742,441,439,480,652,768,745,820,1101,1507,1879,1744,1614,1677,1285,630,192,34,3818,8221,203,185,255,456,215,222,245,333,401,378,414,579,782,906,809,628,609,410,149,38,4,1210,9771,160,209,230,286,226,217,235,319,367,367,406,522,725,973,935,986,1068,875,481,154,30,2608
2015,2015-01-01,35305,353051,山口県,大島郡周防大島町,17992,363,394,485,742,441,439,480,652,768,745,820,1101,1507,1879,1744,1614,1677,1285,630,192,34,3818,8221,203,185,255,456,215,222,245,333,401,378,414,579,782,906,809,628,609,410,149,38,4,1210,9771,160,209,230,286,226,217,235,319,367,367,406,522,725,973,935,986,1068,875,481,154,30,2608
2015,2015-01-01,35320,353205,山口県,玖珂郡,6347,332,330,335,324,345,360,389,393,455,350,296,392,451,415,345,305,254,155,91,24,6,530,3151,157,152,181,177,207,207,208,199,228,177,144,189,250,210,143,143,89,55,28,5,2,179,3196,175,178,154,147,138,153,181,194,227,173,152,203,201,205,202,162,165,100,63,19,4,351
2015,2015-01-01,35321,353213,山口県,玖珂郡和木町,6347,332,330,335,324,345,360,389,393,455,350,296,392,451,415,345,305,254,155,91,24,6,530,3151,157,152,181,177,207,207,208,199,228,177,144,189,250,210,143,143,89,55,28,5,2,179,3196,175,178,154,147,138,153,181,194,227,173,152,203,201,205,202,162,165,100,63,19,4,351
2015,2015-01-01,35340,353400,山口県,熊毛郡,31635,967,1200,1343,1333,1115,1173,1378,1802,2189,1686,1656,2045,2526,2914,2577,1950,1754,1246,578,166,37,3781,14991,482,604,675,688,550,621,700,948,1154,844,779,991,1253,1365,1224,852,673,411,143,30,4,1261,16644,485,596,668,645,565,552,678,854,1035,842,877,1054,1273,1549,1353,1098,1081,835,435,136,33,2520
2015,2015-01-01,35341,353418,山口県,熊毛郡上関町,3187,65,48,70,67,89,88,66,100,119,113,189,199,275,324,293,309,334,265,137,27,10,773,1462,30,23,42,35,41,44,37,59,73,62,104,114,144,165,127,124,128,78,27,3,2,238,1725,35,25,28,32,48,44,29,41,46,51,85,85,131,159,166,185,206,187,110,24,8,535
2015,2015-01-01,35343,353434,山口県,熊毛郡田布施町,15820,515,691,729,687,558,606,724,1005,1207,868,827,1057,1210,1427,1277,885,718,505,231,76,17,1547,7538,257,349,364,353,273,314,377,516,641,427,376,510,601,647,632,385,269,174,55,17,1,516,8282,258,342,365,334,285,292,347,489,566,441,451,547,609,780,645,500,449,331,176,59,16,1031
2015,2015-01-01,35344,353442,山口県,熊毛郡平生町,12628,387,461,544,579,468,479,588,697,863,705,640,789,1041,1163,1007,756,702,476,210,63,10,1461,5991,195,232,269,300,236,263,286,373,440,355,299,367,508,553,465,343,276,159,61,10,1,507,6637,192,229,275,279,232,216,302,324,423,350,341,422,533,610,542,413,426,317,149,53,9,954
2015,2015-01-01,35500,355003,山口県,阿武郡,3621,89,111,101,96,72,90,101,145,160,152,173,282,368,353,266,334,340,256,102,24,6,728,1627,46,62,50,52,37,54,55,77,76,72,76,144,189,172,110,126,123,79,25,2,0,229,1994,43,49,51,44,35,36,46,68,84,80,97,138,179,181,156,208,217,177,77,22,6,499
2015,2015-01-01,35502,355020,山口県,阿武郡阿武町,3621,89,111,101,96,72,90,101,145,160,152,173,282,368,353,266,334,340,256,102,24,6,728,1627,46,62,50,52,37,54,55,77,76,72,76,144,189,172,110,126,123,79,25,2,0,229,1994,43,49,51,44,35,36,46,68,84,80,97,138,179,181,156,208,217,177,77,22,6,499
2015,2015-01-01,36000,360007,徳島県,,771627,28442,30180,33911,35450,33902,35838,41224,47210,52424,45666,45836,51638,61172,61621,48297,42062,37647,25225,10658,2726,498,76754,368739,14677,15475,17335,17972,17454,18351,20989,23915,25870,22297,22322,25400,30254,30377,22323,18078,14491,8091,2545,466,57,25650,402888,13765,14705,16576,17478,16448,17487,20235,23295,26554,23369,23514,26238,30918,31244,25974,23984,23156,17134,8113,2260,441,51104
2015,2015-01-01,36201,362018,徳島県,徳島市,255498,10398,10422,11382,11937,12181,12962,14832,16469,19331,16801,16154,16210,18332,19327,15474,12467,10491,6558,2843,777,150,20819,121351,5375,5295,5805,6050,6257,6647,7378,8250,9360,8096,7809,7849,8858,9192,7044,5226,3935,2086,684,137,18,6860,134147,5023,5127,5577,5887,5924,6315,7454,8219,9971,8705,8345,8361,9474,10135,8430,7241,6556,4472,2159,640,132,13959
2015,2015-01-01,36202,362026,徳島県,鳴門市,60444,2144,2243,2630,2797,2692,2747,3041,3710,4163,3757,3521,3840,4954,5107,4019,3222,2858,1974,796,200,29,5857,28937,1148,1168,1357,1387,1404,1407,1520,1915,2042,1823,1721,1888,2410,2504,1830,1429,1121,631,194,35,3,1984,31507,996,1075,1273,1410,1288,1340,1521,1795,2121,1934,1800,1952,2544,2603,2189,1793,1737,1343,602,165,26,3873
2015,2015-01-01,36203,362034,徳島県,小松島市,39913,1357,1561,1694,1816,1805,1921,2074,2338,2813,2317,2405,2629,3222,3432,2630,2167,1922,1174,485,125,26,3732,19377,721,785,891,949,924,1003,1102,1206,1451,1161,1168,1289,1620,1653,1257,960,740,374,98,23,2,1237,20536,636,776,803,867,881,918,972,1132,1362,1156,1237,1340,1602,1779,1373,1207,1182,800,387,102,24,2495
2015,2015-01-01,36204,362042,徳島県,阿南市,75895,2930,3328,3582,3778,3335,3450,4071,4745,5119,4249,4342,4858,5783,6070,4810,4203,3538,2407,996,253,48,7242,36649,1465,1730,1811,1924,1800,1765,2095,2415,2610,2059,2149,2385,2855,2972,2252,1844,1423,801,246,44,4,2518,39246,1465,1598,1771,1854,1535,1685,1976,2330,2509,2190,2193,2473,2928,3098,2558,2359,2115,1606,750,209,44,4724
2015,2015-01-01,36205,362051,徳島県,吉野川市,43176,1356,1569,1787,1863,1841,1877,2139,2441,2573,2359,2522,3049,3722,3642,2800,2554,2440,1717,716,177,32,5082,20476,691,772,886,955,957,991,1108,1189,1258,1155,1214,1463,1848,1853,1328,1079,967,550,174,33,5,1729,22700,665,797,901,908,884,886,1031,1252,1315,1204,1308,1586,1874,1789,1472,1475,1473,1167,542,144,27,3353
2015,2015-01-01,36206,362069,徳島県,阿波市,39383,1213,1469,1683,1783,1611,1552,1939,2378,2521,2132,2241,2859,3597,3403,2438,2235,2148,1464,580,119,18,4329,18894,614,747,863,890,760,778,1016,1193,1297,1065,1111,1400,1781,1757,1176,968,864,464,130,19,1,1478,20489,599,722,820,893,851,774,923,1185,1224,1067,1130,1459,1816,1646,1262,1267,1284,1000,450,100,17,2851
2015,2015-01-01,36207,362077,徳島県,美馬市,31011,955,1009,1290,1311,1175,1329,1488,1687,1700,1652,1745,2405,2828,2528,1886,1966,1940,1370,597,126,24,4057,14801,504,518,652,681,615,650,762,892,854,821,862,1235,1448,1299,847,839,715,435,139,31,2,1322,16210,451,491,638,630,560,679,726,795,846,831,883,1170,1380,1229,1039,1127,1225,935,458,95,22,2735
2015,2015-01-01,36208,362085,徳島県,三好市,28787,737,807,958,1237,989,991,1129,1226,1300,1408,1671,2354,2639,2288,2004,2175,2229,1726,710,170,39,4874,13502,379,418,523,633,507,524,620,650,621,720,830,1234,1344,1191,899,895,810,513,162,24,5,1514,15285,358,389,435,604,482,467,509,576,679,688,841,1120,1295,1097,1105,1280,1419,1213,548,146,34,3360
2015,2015-01-01,36300,363006,徳島県,勝浦郡,7353,193,209,257,255,288,290,301,321,347,333,384,504,609,633,587,617,559,406,193,55,12,1225,3530,99,122,121,141,164,154,168,167,174,172,193,241,310,339,253,272,229,155,46,7,3,440,3823,94,87,136,114,124,136,133,154,173,161,191,263,299,294,334,345,330,251,147,48,9,785
2015,2015-01-01,36301,363014,徳島県,勝浦郡勝浦町,5623,161,171,205,206,241,231,246,270,260,263,300,412,493,492,416,430,376,276,131,37,6,826,2707,84,103,95,111,135,122,142,138,132,130,142,203,253,260,182,191,145,101,31,6,1,284,2916,77,68,110,95,106,109,104,132,128,133,158,209,240,232,234,239,231,175,100,31,5,542
2015,2015-01-01,36302,363022,徳島県,勝浦郡上勝町,1730,32,38,52,49,47,59,55,51,87,70,84,92,116,141,171,187,183,130,62,18,6,399,823,15,19,26,30,29,32,26,29,42,42,51,38,57,79,71,81,84,54,15,1,2,156,907,17,19,26,19,18,27,29,22,45,28,33,54,59,62,100,106,99,76,47,17,4,243
2015,2015-01-01,36320,363201,徳島県,名東郡,2551,63,72,76,92,83,97,105,132,121,119,121,191,244,256,187,191,171,142,65,19,4,401,1241,35,46,42,45,39,45,60,64,66,62,61,90,123,137,91,86,71,51,22,4,1,149,1310,28,26,34,47,44,52,45,68,55,57,60,101,121,119,96,105,100,91,43,15,3,252
2015,2015-01-01,36321,363219,徳島県,名東郡佐那河内村,2551,63,72,76,92,83,97,105,132,121,119,121,191,244,256,187,191,171,142,65,19,4,401,1241,35,46,42,45,39,45,60,64,66,62,61,90,123,137,91,86,71,51,22,4,1,149,1310,28,26,34,47,44,52,45,68,55,57,60,101,121,119,96,105,100,91,43,15,3,252
2015,2015-01-01,36340,363405,徳島県,名西郡,32243,1144,1199,1372,1354,1323,1373,1677,1874,2056,1784,1814,2182,2742,2699,2095,1870,1820,1186,540,122,17,3685,15389,589,635,731,660,676,689,865,962,985,848,875,1103,1371,1356,956,815,720,388,142,22,1,1273,16854,555,564,641,694,647,684,812,912,1071,936,939,1079,1371,1343,1139,1055,1100,798,398,100,16,2412
2015,2015-01-01,36341,363413,徳島県,名西郡石井町,26312,1027,1105,1240,1177,1150,1166,1443,1661,1853,1535,1514,1735,2162,2169,1655,1296,1207,781,351,77,8,2424,12564,527,584,654,578,577,571,733,841,884,728,728,867,1049,1073,777,571,474,242,91,14,1,822,13748,500,521,586,599,573,595,710,820,969,807,786,868,1113,1096,878,725,733,539,260,63,7,1602
2015,2015-01-01,36342,363421,徳島県,名西郡神山町,5931,117,94,132,177,173,207,234,213,203,249,300,447,580,530,440,574,613,405,189,45,9,1261,2825,62,51,77,82,99,118,132,121,101,120,147,236,322,283,179,244,246,146,51,8,0,451,3106,55,43,55,95,74,89,102,92,102,129,153,211,258,247,261,330,367,259,138,37,9,810
2015,2015-01-01,36360,363600,徳島県,那賀郡,9373,224,238,322,324,280,334,359,372,390,387,512,682,824,812,696,845,807,591,277,80,17,1772,4445,118,120,177,168,143,166,201,212,199,198,263,360,417,415,288,368,329,209,75,16,3,632,4928,106,118,145,156,137,168,158,160,191,189,249,322,407,397,408,477,478,382,202,64,14,1140
2015,2015-01-01,36368,363685,徳島県,那賀郡那賀町,9373,224,238,322,324,280,334,359,372,390,387,512,682,824,812,696,845,807,591,277,80,17,1772,4445,118,120,177,168,143,166,201,212,199,198,263,360,417,415,288,368,329,209,75,16,3,632,4928,106,118,145,156,137,168,158,160,191,189,249,322,407,397,408,477,478,382,202,64,14,1140
2015,2015-01-01,36380,363804,徳島県,海部郡,22097,472,548,835,913,747,642,811,879,1026,1100,1261,1486,1951,2096,1892,1895,1711,1157,498,149,28,3543,10405,221,292,448,451,374,352,444,442,490,529,630,774,984,1029,888,842,671,411,115,17,1,1215,11692,251,256,387,462,373,290,367,437,536,571,631,712,967,1067,1004,1053,1040,746,383,132,27,2328
2015,2015-01-01,36383,363839,徳島県,海部郡牟岐町,4552,86,107,149,171,145,135,139,201,214,202,248,291,421,485,424,387,352,243,114,33,5,747,2162,40,60,79,86,75,77,83,104,111,110,117,138,208,244,205,174,140,85,21,5,0,251,2390,46,47,70,85,70,58,56,97,103,92,131,153,213,241,219,213,212,158,93,28,5,496
2015,2015-01-01,36387,363871,徳島県,海部郡美波町,7444,170,177,279,286,270,234,304,289,309,365,427,484,635,643,663,675,601,398,169,57,9,1234,3457,73,83,149,138,140,119,165,141,150,168,222,255,318,298,306,298,233,148,45,8,0,434,3987,97,94,130,148,130,115,139,148,159,197,205,229,317,345,357,377,368,250,124,49,9,800
2015,2015-01-01,36388,363880,徳島県,海部郡海陽町,10101,216,264,407,456,332,273,368,389,503,533,586,711,895,968,805,833,758,516,215,59,14,1562,4786,108,149,220,227,159,156,196,197,229,251,291,381,458,487,377,370,298,178,49,4,1,530,5315,108,115,187,229,173,117,172,192,274,282,295,330,437,481,428,463,460,338,166,55,13,1032
2015,2015-01-01,36400,364002,徳島県,板野郡,98765,4474,4694,5047,4843,4506,5264,6110,7356,7700,6016,5667,6416,7530,7365,5266,3972,3301,2121,850,234,33,6539,47908,2304,2420,2529,2458,2309,2652,3036,3693,3848,2960,2738,3085,3718,3679,2535,1775,1256,675,197,36,5,2169,50857,2170,2274,2518,2385,2197,2612,3074,3663,3852,3056,2929,3331,3812,3686,2731,2197,2045,1446,653,198,28,4370
2015,2015-01-01,36401,364011,徳島県,板野郡松茂町,15413,736,719,794,796,785,922,1003,1145,1293,995,933,975,1032,1015,796,582,487,252,114,37,2,892,7693,372,352,396,452,435,504,514,591,649,500,471,503,530,490,389,251,189,81,22,2,0,294,7720,364,367,398,344,350,418,489,554,644,495,462,472,502,525,407,331,298,171,92,35,2,598
2015,2015-01-01,36402,364029,徳島県,板野郡北島町,22692,1166,1174,1169,1076,987,1205,1537,1765,1844,1440,1249,1372,1527,1605,1204,978,705,455,178,46,10,1394,11015,603,614,564,547,502,597,761,880,946,725,595,646,734,797,557,453,274,160,49,9,2,494,11677,563,560,605,529,485,608,776,885,898,715,654,726,793,808,647,525,431,295,129,37,8,900
2015,2015-01-01,36403,364037,徳島県,板野郡藍住町,34458,1776,1787,1860,1793,1645,1962,2284,2744,2786,2041,1954,2170,2625,2498,1711,1064,891,567,220,70,10,1758,16612,921,921,944,876,816,950,1096,1370,1372,981,911,997,1280,1258,875,477,336,177,41,10,3,567,17846,855,866,916,917,829,1012,1188,1374,1414,1060,1043,1173,1345,1240,836,587,555,390,179,60,7,1191
2015,2015-01-01,36404,364045,徳島県,板野郡板野町,13697,403,535,625,649,569,601,666,864,960,823,843,1004,1205,1134,818,723,624,446,159,43,3,1275,6595,210,291,325,313,293,307,343,439,482,398,428,497,613,544,376,317,235,134,40,10,0,419,7102,193,244,300,336,276,294,323,425,478,425,415,507,592,590,442,406,389,312,119,33,3,856
2015,2015-01-01,36405,364053,徳島県,板野郡上板町,12505,393,479,599,529,520,574,620,838,817,717,688,895,1141,1113,737,625,594,401,179,38,8,1220,5993,198,242,300,270,263,294,322,413,399,356,333,442,561,590,338,277,222,123,45,5,0,395,6512,195,237,299,259,257,280,298,425,418,361,355,453,580,523,399,348,372,278,134,33,8,825
2015,2015-01-01,36460,364606,徳島県,美馬郡,10088,235,246,349,402,367,328,438,400,446,483,564,801,880,802,728,818,857,612,254,65,13,1801,4682,129,128,181,215,181,182,235,204,218,235,279,403,484,409,310,329,322,172,53,11,2,560,5406,106,118,168,187,186,146,203,196,228,248,285,398,396,393,418,489,535,440,201,54,11,1241
2015,2015-01-01,36468,364681,徳島県,美馬郡つるぎ町,10088,235,246,349,402,367,328,438,400,446,483,564,801,880,802,728,818,857,612,254,65,13,1801,4682,129,128,181,215,181,182,235,204,218,235,279,403,484,409,310,329,322,172,53,11,2,560,5406,106,118,168,187,186,146,203,196,228,248,285,398,396,393,418,489,535,440,201,54,11,1241
2015,2015-01-01,36480,364801,徳島県,三好郡,15050,547,566,647,745,679,681,710,882,818,769,912,1172,1315,1161,785,865,855,620,258,55,8,1796,7152,285,279,318,365,344,346,379,461,397,393,419,601,683,592,369,351,318,176,68,7,1,570,7898,262,287,329,380,335,335,331,421,421,376,493,571,632,569,416,514,537,444,190,48,7,1226
2015,2015-01-01,36489,364894,徳島県,三好郡東みよし町,15050,547,566,647,745,679,681,710,882,818,769,912,1172,1315,1161,785,865,855,620,258,55,8,1796,7152,285,279,318,365,344,346,379,461,397,393,419,601,683,592,369,351,318,176,68,7,1,570,7898,262,287,329,380,335,335,331,421,421,376,493,571,632,569,416,514,537,444,190,48,7,1226
2015,2015-01-01,37000,370002,香川県,,996717,40668,43324,46741,46948,43750,47411,54150,65472,73534,60025,56382,61596,71873,80546,61426,50762,44185,30169,13417,3611,727,92109,480608,20962,22103,24040,23956,22562,24329,27391,33075,37155,30036,27895,30242,35258,39238,28591,22046,17375,10214,3389,658,93,31729,516109,19706,21221,22701,22992,21188,23082,26759,32397,36379,29989,28487,31354,36615,41308,32835,28716,26810,19955,10028,2953,634,60380
2015,2015-01-01,37201,372013,香川県,高松市,425794,19308,20035,20792,20185,18840,21545,25207,30395,34454,27864,24644,25049,28724,32317,24414,19335,16083,10490,4544,1288,281,32686,205177,9918,10278,10623,10211,9612,10827,12543,15157,17375,13889,12247,12317,13871,15517,11252,8399,6292,3490,1119,209,31,11141,220617,9390,9757,10169,9974,9228,10718,12664,15238,17079,13975,12397,12732,14853,16800,13162,10936,9791,7000,3425,1079,250,21545
2015,2015-01-01,37202,372021,香川県,丸亀市,112011,5013,5272,5754,5691,5030,5552,6513,7783,8727,6708,6118,6776,8022,8799,6495,5096,4194,2838,1252,315,63,8662,54298,2588,2672,2940,2881,2552,2834,3335,3974,4414,3334,2986,3270,4051,4218,3035,2270,1624,950,303,58,9,2944,57713,2425,2600,2814,2810,2478,2718,3178,3809,4313,3374,3132,3506,3971,4581,3460,2826,2570,1888,949,257,54,5718
2015,2015-01-01,37203,372030,香川県,坂出市,54800,1943,2218,2373,2444,2339,2409,2613,3426,3881,3116,2830,3350,3968,5102,3760,3193,2843,1885,832,232,43,5835,26210,974,1135,1251,1237,1233,1275,1308,1737,1916,1613,1383,1631,1929,2462,1806,1328,1113,641,199,33,6,1992,28590,969,1083,1122,1207,1106,1134,1305,1689,1965,1503,1447,1719,2039,2640,1954,1865,1730,1244,633,199,37,3843
2015,2015-01-01,37204,372048,香川県,善通寺市,32773,1402,1444,1448,1487,1779,1756,1820,2120,2187,1717,1830,1933,2334,2659,2013,1707,1469,1045,470,130,23,3137,16175,721,749,750,829,998,975,972,1096,1149,873,951,935,1166,1269,945,692,598,353,129,21,4,1105,16598,681,695,698,658,781,781,848,1024,1038,844,879,998,1168,1390,1068,1015,871,692,341,109,19,2032
2015,2015-01-01,37205,372056,香川県,観音寺市,62158,2430,2479,2728,2985,2906,2905,3207,3701,4064,3553,3591,4091,4577,4958,3938,3440,3145,2163,989,254,54,6605,29948,1265,1294,1415,1514,1495,1495,1657,1886,2053,1793,1749,2049,2263,2432,1803,1525,1234,721,246,51,8,2260,32210,1165,1185,1313,1471,1411,1410,1550,1815,2011,1760,1842,2042,2314,2526,2135,1915,1911,1442,743,203,46,4345
2015,2015-01-01,37206,372064,香川県,さぬき市,51171,1566,1870,2326,2409,2259,2089,2331,2865,3437,2964,3002,3400,4040,4424,3569,3053,2647,1870,803,211,36,5567,24672,799,926,1218,1247,1175,1107,1208,1462,1760,1471,1459,1713,1979,2159,1658,1364,1055,629,227,49,7,1967,26499,767,944,1108,1162,1084,982,1123,1403,1677,1493,1543,1687,2061,2265,1911,1689,1592,1241,576,162,29,3600
2015,2015-01-01,37207,372072,香川県,東かがわ市,32794,823,987,1293,1373,1257,1172,1339,1623,2056,1855,1800,2115,2661,3135,2774,2398,2010,1308,610,175,30,4133,15653,428,482,680,746,662,611,701,814,1020,922,865,1040,1317,1539,1280,1086,805,472,140,36,7,1460,17141,395,505,613,627,595,561,638,809,1036,933,935,1075,1344,1596,1494,1312,1205,836,470,139,23,2673
2015,2015-01-01,37208,372081,香川県,三豊市,68167,2404,2631,3043,3213,2816,2937,3201,4017,4294,3560,3851,4464,5201,5924,4438,3996,3795,2722,1282,322,56,8177,32778,1234,1300,1546,1689,1444,1528,1642,2048,2237,1792,1898,2162,2560,2983,2108,1690,1540,950,349,70,8,2917,35389,1170,1331,1497,1524,1372,1409,1559,1969,2057,1768,1953,2302,2641,2941,2330,2306,2255,1772,933,252,48,5260
2015,2015-01-01,37320,373206,香川県,小豆郡,30481,843,961,1049,1231,1087,1120,1262,1462,1711,1580,1754,2149,2710,2854,2306,2050,1931,1491,685,200,45,4352,14465,440,502,561,623,609,569,657,764,866,779,870,1061,1340,1455,1041,869,724,516,174,41,4,1459,16016,403,459,488,608,478,551,605,698,845,801,884,1088,1370,1399,1265,1181,1207,975,511,159,41,2893
2015,2015-01-01,37322,373222,香川県,小豆郡土庄町,14923,426,470,507,602,541,552,672,749,801,760,864,1075,1434,1393,1125,937,876,675,341,99,24,2015,7015,208,239,279,303,283,272,340,390,409,362,440,514,718,705,506,409,310,226,80,21,1,638,7908,218,231,228,299,258,280,332,359,392,398,424,561,716,688,619,528,566,449,261,78,23,1377
2015,2015-01-01,37324,373249,香川県,小豆郡小豆島町,15558,417,491,542,629,546,568,590,713,910,820,890,1074,1276,1461,1181,1113,1055,816,344,101,21,2337,7450,232,263,282,320,326,297,317,374,457,417,430,547,622,750,535,460,414,290,94,20,3,821,8108,185,228,260,309,220,271,273,339,453,403,460,527,654,711,646,653,641,526,250,81,18,1516
2015,2015-01-01,37340,373401,香川県,木田郡,28594,1104,1222,1406,1373,1292,1322,1534,1872,2012,1593,1674,1947,2278,2293,1676,1383,1209,914,388,83,19,2613,13782,576,614,714,691,654,664,758,919,997,787,810,957,1150,1129,832,606,508,300,102,14,0,924,14812,528,608,692,682,638,658,776,953,1015,806,864,990,1128,1164,844,777,701,614,286,69,19,1689
2015,2015-01-01,37341,373419,香川県,木田郡三木町,28594,1104,1222,1406,1373,1292,1322,1534,1872,2012,1593,1674,1947,2278,2293,1676,1383,1209,914,388,83,19,2613,13782,576,614,714,691,654,664,758,919,997,787,810,957,1150,1129,832,606,508,300,102,14,0,924,14812,528,608,692,682,638,658,776,953,1015,806,864,990,1128,1164,844,777,701,614,286,69,19,1689
2015,2015-01-01,37360,373605,香川県,香川郡,3141,97,104,109,135,128,186,180,189,184,153,165,183,234,276,239,189,183,131,59,15,2,390,1597,52,51,57,81,76,119,94,103,92,82,109,82,121,145,113,81,81,43,12,2,1,139,1544,45,53,52,54,52,67,86,86,92,71,56,101,113,131,126,108,102,88,47,13,1,251
2015,2015-01-01,37364,373648,香川県,香川郡直島町,3141,97,104,109,135,128,186,180,189,184,153,165,183,234,276,239,189,183,131,59,15,2,390,1597,52,51,57,81,76,119,94,103,92,82,109,82,121,145,113,81,81,43,12,2,1,139,1544,45,53,52,54,52,67,86,86,92,71,56,101,113,131,126,108,102,88,47,13,1,251
2015,2015-01-01,37380,373800,香川県,綾歌郡,42542,1798,1962,2173,2063,1861,2104,2377,2951,3177,2575,2336,2711,3084,3242,2383,1899,1794,1260,625,142,25,3846,20653,915,996,1123,1025,939,1096,1200,1520,1567,1291,1184,1299,1582,1634,1120,837,718,412,161,31,3,1325,21889,883,966,1050,1038,922,1008,1177,1431,1610,1284,1152,1412,1502,1608,1263,1062,1076,848,464,111,22,2521
2015,2015-01-01,37386,373869,香川県,綾歌郡宇多津町,17878,996,1003,1049,962,832,1069,1205,1451,1617,1206,1037,977,989,1011,829,645,496,297,168,34,5,1000,8718,500,505,518,483,409,570,621,733,774,590,528,482,502,506,372,276,211,86,44,8,0,349,9160,496,498,531,479,423,499,584,718,843,616,509,495,487,505,457,369,285,211,124,26,5,651
2015,2015-01-01,37387,373877,香川県,綾歌郡綾川町,24664,802,959,1124,1101,1029,1035,1172,1500,1560,1369,1299,1734,2095,2231,1554,1254,1298,963,457,108,20,2846,11935,415,491,605,542,530,526,579,787,793,701,656,817,1080,1128,748,561,507,326,117,23,3,976,12729,387,468,519,559,499,509,593,713,767,668,643,917,1015,1103,806,693,791,637,340,85,17,1870
2015,2015-01-01,37400,374008,香川県,仲多度郡,52291,1937,2139,2247,2359,2156,2314,2566,3068,3350,2787,2787,3428,4040,4563,3421,3023,2882,2052,878,244,50,6106,25200,1052,1104,1162,1182,1113,1229,1316,1595,1709,1410,1384,1726,1929,2296,1598,1299,1083,737,228,43,5,2096,27091,885,1035,1085,1177,1043,1085,1250,1473,1641,1377,1403,1702,2111,2267,1823,1724,1799,1315,650,201,45,4010
2015,2015-01-01,37403,374032,香川県,仲多度郡琴平町,9658,298,317,378,476,408,345,412,501,615,587,496,603,701,910,728,674,572,367,192,60,18,1209,4503,176,150,196,245,199,174,211,254,299,300,243,288,329,447,315,274,221,125,46,10,1,403,5155,122,167,182,231,209,171,201,247,316,287,253,315,372,463,413,400,351,242,146,50,17,806
2015,2015-01-01,37404,374041,香川県,仲多度郡多度津町,23220,882,1023,1106,1055,998,1118,1186,1460,1627,1259,1228,1447,1755,1980,1536,1182,1140,811,317,95,15,2378,11308,474,522,570,517,533,604,622,766,830,629,612,724,842,975,720,539,436,294,87,11,1,829,11912,408,501,536,538,465,514,564,694,797,630,616,723,913,1005,816,643,704,517,230,84,14,1549
2015,2015-01-01,37406,374067,香川県,仲多度郡まんのう町,19413,757,799,763,828,750,851,968,1107,1108,941,1063,1378,1584,1673,1157,1167,1170,874,369,89,17,2519,9389,402,432,396,420,381,451,483,575,580,481,529,714,758,874,563,486,426,318,95,22,3,864,10024,355,367,367,408,369,400,485,532,528,460,534,664,826,799,594,681,744,556,274,67,14,1655
2015,2015-01-01,38000,380008,愛媛県,,1417179,54981,58557,63800,67365,61412,64541,74082,87448,98407,85362,84822,91075,108223,113080,90237,76621,65970,45189,19672,5398,937,137166,671420,28345,29853,32864,34531,31126,32110,37148,43940,49203,41614,41166,44069,52522,54224,40603,32272,25246,14633,4867,965,119,45830,745759,26636,28704,30936,32834,30286,32431,36934,43508,49204,43748,43656,47006,55701,58856,49634,44349,40724,30556,14805,4433,818,91336
2015,2015-01-01,38201,382019,愛媛県,松山市,514690,22156,22669,24041,25333,25566,26993,30778,35353,39614,33948,31973,32112,36247,37182,29492,23056,18870,12450,5160,1442,255,38177,242253,11402,11474,12450,13039,12650,12960,14957,17187,19434,16243,15012,15232,17206,17492,13259,9612,7057,4043,1281,236,27,12644,272437,10754,11195,11591,12294,12916,14033,15821,18166,20180,17705,16961,16880,19041,19690,16233,13444,11813,8407,3879,1206,228,25533
2015,2015-01-01,38202,382027,愛媛県,今治市,163954,5935,6421,7162,7398,6535,6841,7954,9668,11490,9609,9234,9928,12911,14643,12042,9541,7872,5361,2527,747,135,16642,77240,3075,3334,3644,3801,3264,3472,4037,4892,5725,4625,4480,4779,6185,6928,5416,4114,3037,1680,604,132,16,5469,86714,2860,3087,3518,3597,3271,3369,3917,4776,5765,4984,4754,5149,6726,7715,6626,5427,4835,3681,1923,615,119,11173
2015,2015-01-01,38203,382035,愛媛県,宇和島市,81362,2624,2932,3400,3901,2796,2714,3414,4442,4835,4590,4775,5724,6919,7483,5670,5214,4842,3314,1375,341,57,9929,38110,1368,1538,1737,2008,1450,1403,1758,2267,2440,2247,2320,2770,3372,3642,2468,2117,1811,1036,302,49,7,3205,43252,1256,1394,1663,1893,1346,1311,1656,2175,2395,2343,2455,2954,3547,3841,3202,3097,3031,2278,1073,292,50,6724
2015,2015-01-01,38204,382043,愛媛県,八幡浜市,36553,1039,1241,1456,1622,1344,1264,1425,1734,2250,2171,2254,2570,3053,3299,2768,2523,2117,1513,687,192,31,4540,17085,541,639,740,788,668,642,757,918,1088,1046,1131,1291,1499,1596,1216,1064,789,454,184,31,3,1461,19468,498,602,716,834,676,622,668,816,1162,1125,1123,1279,1554,1703,1552,1459,1328,1059,503,161,28,3079
2015,2015-01-01,38205,382051,愛媛県,新居浜市,122470,5201,5388,5633,5726,4992,5708,6552,7817,8820,7230,6997,7024,8876,10131,8090,6655,5560,3784,1733,473,80,11630,58674,2717,2759,2879,2869,2638,2946,3356,4041,4490,3706,3579,3385,4244,4788,3672,2827,2083,1222,380,82,11,3778,63796,2484,2629,2754,2857,2354,2762,3196,3776,4330,3524,3418,3639,4632,5343,4418,3828,3477,2562,1353,391,69,7852
2015,2015-01-01,38206,382060,愛媛県,西条市,112102,4587,4831,5256,5372,4755,5097,5885,6799,7624,6541,6889,7167,8595,8541,6876,6052,5298,3731,1655,471,80,11235,53770,2332,2442,2699,2752,2487,2631,3003,3495,3886,3229,3390,3493,4247,4160,3114,2512,2103,1241,449,95,10,3898,58332,2255,2389,2557,2620,2268,2466,2882,3304,3738,3312,3499,3674,4348,4381,3762,3540,3195,2490,1206,376,70,7337
2015,2015-01-01,38207,382078,愛媛県,大洲市,46187,1793,1822,2067,2262,1740,1849,2279,2570,2791,2500,2791,3254,3708,3561,2870,2747,2691,1815,817,220,40,5583,22020,918,922,1090,1152,877,919,1137,1336,1397,1215,1403,1630,1869,1781,1290,1133,1068,608,214,54,7,1951,24167,875,900,977,1110,863,930,1142,1234,1394,1285,1388,1624,1839,1780,1580,1614,1623,1207,603,166,33,3632
2015,2015-01-01,38210,382108,愛媛県,伊予市,38355,1436,1555,1741,1928,1675,1700,1968,2162,2483,2257,2255,2659,2968,3110,2384,2140,1877,1309,584,151,13,3934,18018,773,791,893,926,845,817,1008,1082,1238,1105,1102,1288,1410,1503,1074,886,694,426,130,27,0,1277,20337,663,764,848,1002,830,883,960,1080,1245,1152,1153,1371,1558,1607,1310,1254,1183,883,454,124,13,2657
2015,2015-01-01,38213,382132,愛媛県,四国中央市,90373,3529,3848,3950,4221,4079,4445,4777,5605,6202,5332,5367,5813,7081,7119,5545,4825,4060,2882,1299,340,54,8635,44038,1808,1988,2047,2158,2108,2334,2555,2905,3233,2726,2668,2883,3528,3533,2550,2080,1611,913,336,68,6,2934,46335,1721,1860,1903,2063,1971,2111,2222,2700,2969,2606,2699,2930,3553,3586,2995,2745,2449,1969,963,272,48,5701
2015,2015-01-01,38214,382141,愛媛県,西予市,40870,1241,1458,1602,1712,1286,1317,1595,2027,2081,2054,2314,2700,3404,3695,2969,3089,2992,2181,875,243,35,6326,19257,624,749,880,889,655,659,815,1078,1055,1018,1183,1362,1690,1829,1329,1283,1174,725,211,43,6,2159,21613,617,709,722,823,631,658,780,949,1026,1036,1131,1338,1714,1866,1640,1806,1818,1456,664,200,29,4167
2015,2015-01-01,38215,382159,愛媛県,東温市,33986,1327,1516,1637,1593,1634,1620,1825,2221,2279,1991,1948,2384,2691,2542,1944,1706,1436,1042,503,128,19,3128,16172,678,745,827,796,832,781,913,1118,1139,955,945,1151,1342,1231,880,755,537,356,150,39,2,1084,17814,649,771,810,797,802,839,912,1103,1140,1036,1003,1233,1349,1311,1064,951,899,686,353,89,17,2044
2015,2015-01-01,38340,383406,愛媛県,越智郡,7114,154,179,228,470,218,177,217,277,305,261,362,468,663,819,657,576,533,366,131,44,9,1083,3465,76,86,96,331,144,93,111,144,169,139,183,228,344,413,310,244,189,117,38,8,2,354,3649,78,93,132,139,74,84,106,133,136,122,179,240,319,406,347,332,344,249,93,36,7,729
2015,2015-01-01,38356,383562,愛媛県,越智郡上島町,7114,154,179,228,470,218,177,217,277,305,261,362,468,663,819,657,576,533,366,131,44,9,1083,3465,76,86,96,331,144,93,111,144,169,139,183,228,344,413,310,244,189,117,38,8,2,354,3649,78,93,132,139,74,84,106,133,136,122,179,240,319,406,347,332,344,249,93,36,7,729
2015,2015-01-01,38380,383805,愛媛県,上浮穴郡,9250,195,245,325,329,260,299,259,379,402,391,564,671,725,680,663,937,953,613,270,74,16,1926,4344,109,113,167,165,138,155,143,194,197,199,298,367,381,352,270,385,409,200,85,15,2,711,4906,86,132,158,164,122,144,116,185,205,192,266,304,344,328,393,552,544,413,185,59,14,1215
2015,2015-01-01,38386,383864,愛媛県,上浮穴郡久万高原町,9250,195,245,325,329,260,299,259,379,402,391,564,671,725,680,663,937,953,613,270,74,16,1926,4344,109,113,167,165,138,155,143,194,197,199,298,367,381,352,270,385,409,200,85,15,2,711,4906,86,132,158,164,122,144,116,185,205,192,266,304,344,328,393,552,544,413,185,59,14,1215
2015,2015-01-01,38400,384003,愛媛県,伊予郡,52838,1965,2352,2538,2572,2357,2482,2782,3316,3738,3008,3120,3631,4206,4147,3427,2634,2193,1517,627,180,46,4563,25219,974,1190,1332,1361,1198,1213,1361,1677,1894,1458,1458,1728,2053,1929,1631,1152,866,519,185,36,4,1610,27619,991,1162,1206,1211,1159,1269,1421,1639,1844,1550,1662,1903,2153,2218,1796,1482,1327,998,442,144,42,2953
2015,2015-01-01,38401,384011,愛媛県,伊予郡松前町,31037,1214,1379,1523,1548,1363,1458,1610,1950,2249,1819,1827,2079,2355,2388,2015,1556,1313,886,374,100,31,2704,14749,591,706,792,809,669,728,791,977,1138,892,858,986,1155,1096,965,669,504,298,105,18,2,927,16288,623,673,731,739,694,730,819,973,1111,927,969,1093,1200,1292,1050,887,809,588,269,82,29,1777
2015,2015-01-01,38402,384020,愛媛県,伊予郡砥部町,21801,751,973,1015,1024,994,1024,1172,1366,1489,1189,1293,1552,1851,1759,1412,1078,880,631,253,80,15,1859,10470,383,484,540,552,529,485,570,700,756,566,600,742,898,833,666,483,362,221,80,18,2,683,11331,368,489,475,472,465,539,602,666,733,623,693,810,953,926,746,595,518,410,173,62,13,1176
2015,2015-01-01,38420,384208,愛媛県,喜多郡,17797,565,622,807,816,643,607,754,895,925,935,1039,1262,1488,1430,1184,1238,1195,909,368,96,19,2587,8499,305,325,416,419,339,295,364,475,485,466,537,648,770,718,533,531,448,317,86,16,6,873,9298,260,297,391,397,304,312,390,420,440,469,502,614,718,712,651,707,747,592,282,80,13,1714
2015,2015-01-01,38422,384224,愛媛県,喜多郡内子町,17797,565,622,807,816,643,607,754,895,925,935,1039,1262,1488,1430,1184,1238,1195,909,368,96,19,2587,8499,305,325,416,419,339,295,364,475,485,466,537,648,770,718,533,531,448,317,86,16,6,873,9298,260,297,391,397,304,312,390,420,440,469,502,614,718,712,651,707,747,592,282,80,13,1714
2015,2015-01-01,38440,384402,愛媛県,西宇和郡,10419,259,276,357,407,342,344,336,412,441,544,615,821,937,928,773,867,880,576,234,64,6,1760,4980,142,135,171,215,187,196,185,217,240,274,318,450,490,487,318,358,356,182,49,9,1,597,5439,117,141,186,192,155,148,151,195,201,270,297,371,447,441,455,509,524,394,185,55,5,1163
2015,2015-01-01,38442,384429,愛媛県,西宇和郡伊方町,10419,259,276,357,407,342,344,336,412,441,544,615,821,937,928,773,867,880,576,234,64,6,1760,4980,142,135,171,215,187,196,185,217,240,274,318,450,490,487,318,358,356,182,49,9,1,597,5439,117,141,186,192,155,148,151,195,201,270,297,371,447,441,455,509,524,394,185,55,5,1163
2015,2015-01-01,38480,384801,愛媛県,北宇和郡,15347,380,487,657,620,436,428,502,667,785,761,896,1044,1461,1445,1112,1178,1187,833,363,92,13,2488,7226,188,253,326,321,232,237,280,352,397,367,455,503,751,712,483,500,489,279,83,15,3,869,8121,192,234,331,299,204,191,222,315,388,394,441,541,710,733,629,678,698,554,280,77,10,1619
2015,2015-01-01,38484,384844,愛媛県,北宇和郡松野町,4238,85,121,162,175,112,116,140,177,230,218,229,302,424,394,315,332,337,239,101,25,4,706,2009,41,60,79,106,55,66,81,99,116,111,109,152,210,193,141,143,136,78,27,5,1,247,2229,44,61,83,69,57,50,59,78,114,107,120,150,214,201,174,189,201,161,74,20,3,459
2015,2015-01-01,38488,384887,愛媛県,北宇和郡鬼北町,11109,295,366,495,445,324,312,362,490,555,543,667,742,1037,1051,797,846,850,594,262,67,9,1782,5217,147,193,247,215,177,171,199,253,281,256,346,351,541,519,342,357,353,201,56,10,2,622,5892,148,173,248,230,147,141,163,237,274,287,321,391,496,532,455,489,497,393,206,57,7,1160
2015,2015-01-01,38500,385000,愛媛県,南宇和郡,23512,595,715,943,1083,754,656,780,1104,1342,1239,1429,1843,2290,2325,1771,1643,1414,993,464,100,29,3000,11050,315,370,470,541,414,357,408,562,696,596,704,881,1141,1130,790,719,525,315,100,10,6,956,12462,280,345,473,542,340,299,372,542,646,643,725,962,1149,1195,981,924,889,678,364,90,23,2044
2015,2015-01-01,38506,385069,愛媛県,南宇和郡愛南町,23512,595,715,943,1083,754,656,780,1104,1342,1239,1429,1843,2290,2325,1771,1643,1414,993,464,100,29,3000,11050,315,370,470,541,414,357,408,562,696,596,704,881,1141,1130,790,719,525,315,100,10,6,956,12462,280,345,473,542,340,299,372,542,646,643,725,962,1149,1195,981,924,889,678,364,90,23,2044
2015,2015-01-01,39000,390003,高知県,,743616,26343,28658,31869,33999,30554,31372,36794,45433,50563,42504,44200,47931,57103,62344,50127,41811,38299,27153,12532,3377,650,82011,350323,13458,14631,16330,17524,15470,15653,18447,23049,25250,20713,21593,23462,27865,30094,22517,17536,14480,8673,2946,568,64,26731,393293,12885,14027,15539,16475,15084,15719,18347,22384,25313,21791,22607,24469,29238,32250,27610,24275,23819,18480,9586,2809,586,55280
2015,2015-01-01,39201,392014,高知県,高知市,335941,13757,14421,15550,16003,15469,16119,18754,23223,26251,21426,21072,20578,23410,26074,20289,15526,13477,9159,4101,1067,215,28019,156763,7003,7362,7914,8043,7648,7815,9064,11484,12847,10172,10139,9820,11112,12270,8986,6342,4830,2835,894,165,18,8742,179178,6754,7059,7636,7960,7821,8304,9690,11739,13404,11254,10933,10758,12298,13804,11303,9184,8647,6324,3207,902,197,19277
2015,2015-01-01,39202,392022,高知県,室戸市,14852,290,387,409,473,427,466,528,614,727,785,866,990,1488,1695,1437,1191,983,718,306,64,8,2079,7037,150,205,214,226,227,252,288,316,380,431,426,518,720,819,637,554,378,222,63,11,0,674,7815,140,182,195,247,200,214,240,298,347,354,440,472,768,876,800,637,605,496,243,53,8,1405
2015,2015-01-01,39203,392031,高知県,安芸市,18615,560,645,697,760,701,684,831,979,1139,990,1150,1241,1567,1733,1417,1258,1018,781,342,105,17,2263,8847,278,331,360,382,359,342,445,516,564,501,603,612,774,818,659,525,393,278,85,21,1,778,9768,282,314,337,378,342,342,386,463,575,489,547,629,793,915,758,733,625,503,257,84,16,1485
2015,2015-01-01,39204,392049,高知県,南国市,48244,1905,2056,2201,2715,2268,2221,2540,3175,3518,2817,2704,2920,3518,3935,2914,2346,2098,1494,697,173,29,4491,22961,981,1044,1153,1496,1143,1105,1263,1590,1739,1375,1289,1411,1728,1932,1290,980,772,472,170,21,7,1442,25283,924,1012,1048,1219,1125,1116,1277,1585,1779,1442,1415,1509,1790,2003,1624,1366,1326,1022,527,152,22,3049
2015,2015-01-01,39205,392057,高知県,土佐市,28089,910,1050,1220,1247,1022,1115,1408,1636,1841,1586,1519,1854,2247,2593,2088,1520,1458,1049,555,144,27,3233,13516,470,549,628,684,522,567,729,862,968,808,742,894,1137,1268,961,687,552,339,124,18,7,1040,14573,440,501,592,563,500,548,679,774,873,778,777,960,1110,1325,1127,833,906,710,431,126,20,2193
2015,2015-01-01,39206,392065,高知県,須崎市,23148,685,751,965,1289,834,950,1015,1200,1340,1185,1324,1554,1966,1981,1804,1384,1349,991,469,96,16,2921,11217,336,388,536,733,422,514,550,636,692,592,676,761,1004,970,845,597,528,321,103,13,0,965,11931,349,363,429,556,412,436,465,564,648,593,648,793,962,1011,959,787,821,670,366,83,16,1956
2015,2015-01-01,39208,392081,高知県,宿毛市,21839,747,800,901,1055,756,760,1013,1300,1356,1169,1315,1581,1900,1942,1373,1344,1216,823,372,92,24,2527,10266,376,379,465,550,387,410,507,685,679,557,642,787,903,941,619,557,441,279,83,18,1,822,11573,371,421,436,505,369,350,506,615,677,612,673,794,997,1001,754,787,775,544,289,74,23,1705
2015,2015-01-01,39209,392090,高知県,土佐清水市,15080,320,434,508,571,453,439,498,691,766,730,778,1010,1408,1526,1415,1202,1107,763,361,94,6,2331,7087,166,211,257,306,234,229,262,370,407,356,388,476,726,721,676,499,446,254,86,17,0,803,7993,154,223,251,265,219,210,236,321,359,374,390,534,682,805,739,703,661,509,275,77,6,1528
2015,2015-01-01,39210,392103,高知県,四万十市,35289,1318,1356,1577,1566,1158,1395,1779,2224,2329,1873,2016,2347,2895,3046,2263,2024,1930,1374,617,168,34,4123,16710,685,683,793,806,576,684,920,1167,1158,945,979,1177,1399,1492,1026,834,761,447,143,28,7,1386,18579,633,673,784,760,582,711,859,1057,1171,928,1037,1170,1496,1554,1237,1190,1169,927,474,140,27,2737
2015,2015-01-01,39211,392111,高知県,香南市,34023,1334,1497,1671,1679,1536,1390,1768,2266,2428,1983,1921,2004,2419,2775,2282,1752,1534,1124,491,146,23,3318,16437,692,749,868,896,851,733,929,1164,1216,995,924,1005,1143,1355,1050,765,611,349,116,25,1,1102,17586,642,748,803,783,685,657,839,1102,1212,988,997,999,1276,1420,1232,987,923,775,375,121,22,2216
2015,2015-01-01,39212,392120,高知県,香美市,26951,817,917,1017,1070,1095,967,1185,1551,1502,1259,1416,1753,2139,2459,2064,1838,1787,1300,599,180,36,3902,12619,412,475,532,566,606,477,601,802,773,625,680,874,1023,1187,930,756,664,443,155,35,3,1300,14332,405,442,485,504,489,490,584,749,729,634,736,879,1116,1272,1134,1082,1123,857,444,145,33,2602
2015,2015-01-01,39300,393002,高知県,安芸郡,18198,503,548,610,745,629,609,710,847,954,892,1116,1245,1521,1626,1457,1411,1305,892,438,115,25,2775,8580,251,282,318,403,328,320,385,439,496,456,575,636,762,776,657,604,506,264,103,16,3,892,9618,252,266,292,342,301,289,325,408,458,436,541,609,759,850,800,807,799,628,335,99,22,1883
2015,2015-01-01,39301,393011,高知県,安芸郡東洋町,2783,50,63,72,90,65,65,104,110,124,131,182,186,286,262,256,247,230,151,77,25,7,490,1320,19,30,37,50,32,36,58,59,71,74,91,101,145,125,131,111,88,39,19,3,1,150,1463,31,33,35,40,33,29,46,51,53,57,91,85,141,137,125,136,142,112,58,22,6,340
2015,2015-01-01,39302,393029,高知県,安芸郡奈半利町,3451,98,102,123,138,117,107,143,153,163,149,215,261,295,308,263,272,250,173,84,30,7,544,1600,57,55,62,76,59,61,77,77,77,69,111,126,143,141,127,105,101,56,15,5,0,177,1851,41,47,61,62,58,46,66,76,86,80,104,135,152,167,136,167,149,117,69,25,7,367
2015,2015-01-01,39303,393037,高知県,安芸郡田野町,2838,89,86,94,125,104,118,104,143,138,152,194,197,221,242,212,222,196,127,64,10,0,397,1348,39,48,50,75,57,64,52,77,77,75,98,96,119,116,86,81,82,39,16,1,0,138,1490,50,38,44,50,47,54,52,66,61,77,96,101,102,126,126,141,114,88,48,9,0,259
2015,2015-01-01,39304,393045,高知県,安芸郡安田町,2874,72,60,78,114,124,85,91,120,151,142,191,206,245,256,237,243,240,149,58,11,1,459,1390,46,28,44,62,63,39,58,60,76,82,94,111,117,137,111,108,88,46,17,3,0,154,1484,26,32,34,52,61,46,33,60,75,60,97,95,128,119,126,135,152,103,41,8,1,305
2015,2015-01-01,39305,393053,高知県,安芸郡北川村,1395,34,53,55,54,56,54,56,65,60,61,70,94,111,115,94,117,113,86,41,5,1,246,651,14,27,26,27,38,24,26,33,33,35,35,52,53,58,38,53,40,27,11,1,0,79,744,20,26,29,27,18,30,30,32,27,26,35,42,58,57,56,64,73,59,30,4,1,167
2015,2015-01-01,39306,393061,高知県,安芸郡馬路村,942,34,31,28,52,34,39,35,35,47,49,60,60,72,65,87,70,72,41,25,3,3,144,433,15,15,16,24,13,20,17,21,21,23,35,29,39,29,30,32,34,12,7,0,1,54,509,19,16,12,28,21,19,18,14,26,26,25,31,33,36,57,38,38,29,18,3,2,90
2015,2015-01-01,39307,393070,高知県,安芸郡芸西村,3915,126,153,160,172,129,141,177,221,271,208,204,241,291,378,308,240,204,165,89,31,6,495,1838,61,79,83,89,66,76,97,112,141,98,111,121,146,170,134,114,73,45,18,3,1,140,2077,65,74,77,83,63,65,80,109,130,110,93,120,145,208,174,126,131,120,71,28,5,355
2015,2015-01-01,39340,393401,高知県,長岡郡,7991,176,169,194,220,199,230,264,296,343,329,412,532,649,707,697,805,806,619,249,80,15,1769,3738,96,86,101,121,101,121,146,173,192,179,221,279,354,343,297,332,310,203,66,15,2,596,4253,80,83,93,99,98,109,118,123,151,150,191,253,295,364,400,473,496,416,183,65,13,1173
2015,2015-01-01,39341,393410,高知県,長岡郡本山町,3677,107,108,119,114,107,128,138,181,217,174,202,209,283,323,294,299,295,243,100,31,5,674,1774,57,58,67,65,55,68,76,110,122,84,115,103,154,152,137,121,117,80,26,7,0,230,1903,50,50,52,49,52,60,62,71,95,90,87,106,129,171,157,178,178,163,74,24,5,444
2015,2015-01-01,39344,393444,高知県,長岡郡大豊町,4314,69,61,75,106,92,102,126,115,126,155,210,323,366,384,403,506,511,376,149,49,10,1095,1964,39,28,34,56,46,53,70,63,70,95,106,176,200,191,160,211,193,123,40,8,2,366,2350,30,33,41,50,46,49,56,52,56,60,104,147,166,193,243,295,318,253,109,41,8,729
2015,2015-01-01,39360,393606,高知県,土佐郡,4503,125,132,151,155,140,163,164,210,190,199,276,313,377,343,326,387,394,282,133,33,10,852,2155,57,74,75,76,64,88,96,113,103,97,157,174,192,171,154,175,155,90,36,4,4,289,2348,68,58,76,79,76,75,68,97,87,102,119,139,185,172,172,212,239,192,97,29,6,563
2015,2015-01-01,39363,393631,高知県,土佐郡土佐町,4084,120,121,127,146,120,143,150,199,179,180,254,277,347,317,304,351,354,241,118,27,9,749,1944,54,68,61,70,54,79,88,109,95,89,143,150,176,151,147,159,140,76,30,2,3,251,2140,66,53,66,76,66,64,62,90,84,91,111,127,171,166,157,192,214,165,88,25,6,498
2015,2015-01-01,39364,393649,高知県,土佐郡大川村,419,5,11,24,9,20,20,14,11,11,19,22,36,30,26,22,36,40,41,15,6,1,103,211,3,6,14,6,10,9,8,4,8,8,14,24,16,20,7,16,15,14,6,2,1,38,208,2,5,10,3,10,11,6,7,3,11,8,12,14,6,15,20,25,27,9,4,0,65
2015,2015-01-01,39380,393801,高知県,吾川郡,30709,750,958,1143,1256,1236,1178,1262,1471,1667,1538,1837,2280,2594,2702,2279,2052,1987,1494,771,213,41,4506,14552,409,476,581,651,625,623,669,757,877,743,889,1152,1322,1345,1017,878,797,495,204,40,2,1538,16157,341,482,562,605,611,555,593,714,790,795,948,1128,1272,1357,1262,1174,1190,999,567,173,39,2968
2015,2015-01-01,39386,393860,高知県,吾川郡いの町,24595,630,826,977,1070,1091,1028,1086,1249,1419,1319,1548,1905,2100,2158,1710,1469,1389,976,485,132,28,3010,11706,335,409,500,548,554,538,579,646,732,625,730,948,1063,1063,778,628,562,317,123,27,1,1030,12889,295,417,477,522,537,490,507,603,687,694,818,957,1037,1095,932,841,827,659,362,105,27,1980
2015,2015-01-01,39387,393878,高知県,吾川郡仁淀川町,6114,120,132,166,186,145,150,176,222,248,219,289,375,494,544,569,583,598,518,286,81,13,1496,2846,74,67,81,103,71,85,90,111,145,118,159,204,259,282,239,250,235,178,81,13,1,508,3268,46,65,85,83,74,65,86,111,103,101,130,171,235,262,330,333,363,340,205,68,12,988
2015,2015-01-01,39400,394009,高知県,高岡郡,60745,1689,1969,2350,2460,2026,2116,2397,2815,3185,2847,3364,4245,5241,5293,4513,4394,4466,3252,1558,468,97,9841,28645,841,1036,1165,1219,1058,1067,1230,1487,1631,1419,1701,2141,2680,2712,2035,1864,1794,1043,420,94,8,3359,32100,848,933,1185,1241,968,1049,1167,1328,1554,1428,1663,2104,2561,2581,2478,2530,2672,2209,1138,374,89,6482
2015,2015-01-01,39401,394017,高知県,高岡郡中土佐町,7483,166,211,254,314,223,252,275,325,411,369,370,525,684,662,572,566,575,442,208,70,9,1304,3509,71,94,112,161,116,133,143,172,213,189,192,256,376,337,264,248,233,132,53,14,0,432,3974,95,117,142,153,107,119,132,153,198,180,178,269,308,325,308,318,342,310,155,56,9,872
2015,2015-01-01,39402,394025,高知県,高岡郡佐川町,13643,416,513,589,590,562,520,606,660,746,701,809,936,1147,1153,951,868,820,638,295,99,24,1876,6417,222,263,296,290,275,244,285,357,368,336,390,470,562,591,467,360,321,212,81,23,4,641,7226,194,250,293,300,287,276,321,303,378,365,419,466,585,562,484,508,499,426,214,76,20,1235
2015,2015-01-01,39403,394033,高知県,高岡郡越知町,6049,141,176,210,200,184,191,229,255,311,282,325,433,452,546,515,439,498,399,182,64,17,1160,2823,68,94,101,94,109,94,121,123,170,143,165,221,237,275,227,200,187,142,43,9,0,381,3226,73,82,109,106,75,97,108,132,141,139,160,212,215,271,288,239,311,257,139,55,17,779
2015,2015-01-01,39405,394050,高知県,高岡郡檮原町,3666,107,112,122,159,106,113,138,157,179,147,180,242,335,312,277,288,332,212,107,31,10,692,1741,53,67,63,74,55,51,68,89,94,75,101,122,173,157,121,122,140,75,34,7,0,256,1925,54,45,59,85,51,62,70,68,85,72,79,120,162,155,156,166,192,137,73,24,10,436
2015,2015-01-01,39410,394106,高知県,高岡郡日高村,5314,151,149,199,239,196,205,232,281,295,276,297,378,452,515,403,327,341,241,103,28,6,719,2501,63,80,98,124,108,102,115,151,146,132,147,188,220,272,169,148,125,72,30,11,0,238,2813,88,69,101,115,88,103,117,130,149,144,150,190,232,243,234,179,216,169,73,17,6,481
2015,2015-01-01,39411,394114,高知県,高岡郡津野町,6249,180,227,248,238,191,214,251,283,329,254,346,436,550,500,444,462,487,366,175,59,9,1096,2983,91,117,135,121,103,104,137,157,170,135,171,224,286,259,197,194,203,127,47,4,1,382,3266,89,110,113,117,88,110,114,126,159,119,175,212,264,241,247,268,284,239,128,55,8,714
2015,2015-01-01,39412,394122,高知県,高岡郡四万十町,18341,528,581,728,720,564,621,666,854,914,818,1037,1295,1621,1605,1351,1444,1413,954,488,117,22,2994,8671,273,321,360,355,292,339,361,438,470,409,535,660,826,821,590,592,585,283,132,26,3,1029,9670,255,260,368,365,272,282,305,416,444,409,502,635,795,784,761,852,828,671,356,91,19,1965
2015,2015-01-01,39420,394203,高知県,幡多郡,19399,457,568,705,735,605,570,678,935,1027,896,1114,1484,1764,1914,1509,1377,1384,1038,473,139,27,3061,9193,255,301,370,366,319,306,363,488,528,462,562,745,886,974,678,587,542,339,95,27,0,1003,10206,202,267,335,369,286,264,315,447,499,434,552,739,878,940,831,790,842,699,378,112,27,2058
2015,2015-01-01,39424,394246,高知県,幡多郡大月町,5678,128,167,197,231,161,163,184,246,280,225,323,466,538,550,444,426,437,314,156,34,8,949,2690,63,83,104,122,79,82,98,122,134,122,160,244,290,298,198,178,176,100,29,8,0,313,2988,65,84,93,109,82,81,86,124,146,103,163,222,248,252,246,248,261,214,127,26,8,636
2015,2015-01-01,39427,394271,高知県,幡多郡三原村,1677,48,39,64,55,64,58,50,80,83,69,98,121,127,149,124,120,146,114,49,19,0,328,815,28,25,41,29,33,33,32,41,45,37,54,63,57,68,58,45,66,48,7,5,0,126,862,20,14,23,26,31,25,18,39,38,32,44,58,70,81,66,75,80,66,42,14,0,202
2015,2015-01-01,39428,394289,高知県,幡多郡黒潮町,12044,281,362,444,449,380,349,444,609,664,602,693,897,1099,1215,941,831,801,610,268,86,19,1784,5688,164,193,225,215,207,191,233,325,349,303,348,438,539,608,422,364,300,191,59,14,0,564,6356,117,169,219,234,173,158,211,284,315,299,345,459,560,607,519,467,501,419,209,72,19,1220
2015,2015-01-01,40000,400009,福岡県,,5063272,229662,230740,234456,242127,255183,276990,316949,351205,375556,319546,296025,308786,365248,363104,291319,233673,184972,118335,52522,14211,2663,372703,2403949,118046,118104,120319,123050,126368,135393,156165,173965,186617,155740,143282,150189,176511,171561,130663,97206,68949,37417,11766,2342,296,120770,2659323,111616,112636,114137,119077,128815,141597,160784,177240,188939,163806,152743,158597,188737,191543,160656,136467,116023,80918,40756,11869,2367,251933
2015,2015-01-01,40100,401005,福岡県,北九州市,965582,40143,41474,43051,44967,47001,48153,54353,61829,69497,60153,56275,57890,70516,74199,63893,51507,41168,25201,10850,2877,585,80681,457033,20696,21153,22137,22972,24015,24323,27205,30993,34468,29138,27180,28451,33915,34314,28518,21124,15272,8210,2375,505,69,26431,508549,19447,20321,20914,21995,22986,23830,27148,30836,35029,31015,29095,29439,36601,39885,35375,30383,25896,16991,8475,2372,516,54250
2015,2015-01-01,40101,401013,福岡県,北九州市門司区,102850,3571,4002,4317,4279,4103,4096,4929,5953,6832,5928,5841,6198,8190,9133,7896,6447,5534,3647,1489,383,82,11135,47523,1848,2040,2263,2191,2015,2085,2468,2959,3397,2837,2751,2977,3839,4238,3500,2513,2026,1178,315,74,9,3602,55327,1723,1962,2054,2088,2088,2011,2461,2994,3435,3091,3090,3221,4351,4895,4396,3934,3508,2469,1174,309,73,7533
2015,2015-01-01,40103,401030,福岡県,北九州市若松区,84551,3309,3669,3944,4074,4040,3782,4326,4931,5613,4893,5217,5536,6482,6756,5774,4590,3814,2402,1074,274,51,7615,39971,1671,1832,2035,2039,2131,1959,2165,2485,2768,2346,2481,2731,3179,3174,2675,1872,1390,758,228,49,3,2428,44580,1638,1837,1909,2035,1909,1823,2161,2446,2845,2547,2736,2805,3303,3582,3099,2718,2424,1644,846,225,48,5187
2015,2015-01-01,40105,401056,福岡県,北九州市戸畑区,58666,2163,2297,2557,2730,3099,3121,3093,3318,3991,3614,3521,3629,4256,4509,4074,3349,2728,1610,747,216,44,5345,28043,1137,1180,1277,1447,1816,1649,1572,1699,1982,1748,1694,1799,2113,2123,1805,1315,1001,499,155,29,3,1687,30623,1026,1117,1280,1283,1283,1472,1521,1619,2009,1866,1827,1830,2143,2386,2269,2034,1727,1111,592,187,41,3658
2015,2015-01-01,40106,401064,福岡県,北九州市小倉北区,177552,7268,6723,6909,7177,8893,10538,11134,12184,12877,11383,10619,10720,12953,13967,11141,9005,7330,4315,1831,486,99,14061,83666,3730,3439,3527,3607,4293,5283,5516,6112,6436,5559,5206,5334,6285,6493,4827,3493,2645,1401,391,77,12,4526,93886,3538,3284,3382,3570,4600,5255,5618,6072,6441,5824,5413,5386,6668,7474,6314,5512,4685,2914,1440,409,87,9535
2015,2015-01-01,40107,401072,福岡県,北九州市小倉南区,214619,9951,10293,10498,11132,10959,10653,12585,14658,16476,14133,12226,12413,14789,15389,13218,10306,7772,4586,1954,523,105,14940,102803,5097,5290,5491,5775,5478,5254,6265,7298,8143,6873,5948,6130,7055,7138,5928,4503,3072,1512,433,102,18,5137,111816,4854,5003,5007,5357,5481,5399,6320,7360,8333,7260,6278,6283,7734,8251,7290,5803,4700,3074,1521,421,87,9803
2015,2015-01-01,40108,401081,福岡県,北九州市八幡東区,69888,2402,2636,2722,2866,3299,3250,3490,3983,4445,4016,3810,4187,5445,5617,5188,4678,3887,2531,1087,291,58,7854,32694,1279,1320,1384,1439,1844,1734,1794,1985,2184,1932,1823,2102,2614,2609,2291,1848,1406,817,239,46,4,2512,37194,1123,1316,1338,1427,1455,1516,1696,1998,2261,2084,1987,2085,2831,3008,2897,2830,2481,1714,848,245,54,5342
2015,2015-01-01,40109,401099,福岡県,北九州市八幡西区,257456,11479,11854,12104,12709,12608,12713,14796,16802,19263,16186,15041,15207,18401,18828,16602,13132,10103,6110,2668,704,146,19731,122333,5934,6052,6160,6474,6438,6359,7425,8455,9558,7843,7277,7378,8830,8539,7492,5580,3732,2045,614,128,20,6539,135123,5545,5802,5944,6235,6170,6354,7371,8347,9705,8343,7764,7829,9571,10289,9110,7552,6371,4065,2054,576,126,13192
2015,2015-01-01,40130,401307,福岡県,福岡市,1458125,70703,67017,65531,66872,82822,98091,109895,117548,121832,102582,87907,83356,91792,89677,68528,53451,40810,25217,10918,3019,557,80521,691031,36317,34324,33553,33833,39434,46179,52849,57072,59701,50134,42732,40570,44264,42108,29981,21965,15291,7740,2444,478,62,26015,767094,34386,32693,31978,33039,43388,51912,57046,60476,62131,52448,45175,42786,47528,47569,38547,31486,25519,17477,8474,2541,495,54506
2015,2015-01-01,40131,401315,福岡県,福岡市東区,289085,14887,14333,13761,13892,16258,17881,20286,22501,24332,19841,17341,16726,18584,18076,13859,10661,7976,4971,2202,616,101,15866,140535,7659,7286,7063,7052,8230,8811,10045,11291,12302,10019,8585,8227,9187,8788,6283,4452,3059,1570,514,100,12,5255,148550,7228,7047,6698,6840,8028,9070,10241,11210,12030,9822,8756,8499,9397,9288,7576,6209,4917,3401,1688,516,89,10611
2015,2015-01-01,40132,401323,福岡県,福岡市博多区,208899,9651,7800,7092,7802,14835,20386,19931,18370,17568,13879,11588,10885,11892,11680,8683,6826,5089,3153,1362,363,64,10031,101530,4878,4017,3718,4016,6788,9747,9981,9356,9198,7147,5964,5622,5984,5646,3763,2718,1795,878,250,51,13,2987,107369,4773,3783,3374,3786,8047,10639,9950,9014,8370,6732,5624,5263,5908,6034,4920,4108,3294,2275,1112,312,51,7044
2015,2015-01-01,40133,401331,福岡県,福岡市中央区,175199,7287,6332,6021,6387,10807,15568,16681,16191,15422,13239,10926,9448,9820,9681,7004,5569,4418,2835,1175,329,59,8816,77428,3743,3172,2965,3132,4450,6703,7375,7050,6921,6063,5051,4413,4556,4302,2847,2060,1461,850,266,46,2,2625,97771,3544,3160,3056,3255,6357,8865,9306,9141,8501,7176,5875,5035,5264,5379,4157,3509,2957,1985,909,283,57,6191
2015,2015-01-01,40134,401340,福岡県,福岡市南区,249466,12061,11454,11490,11879,12927,15242,17567,19656,20703,17829,15442,14749,16049,15825,12160,9665,7562,4599,1960,540,107,14768,117198,6283,5855,5923,6027,6104,7054,8488,9454,9945,8647,7397,7087,7637,7321,5189,3938,2849,1418,461,107,14,4849,132268,5778,5599,5567,5852,6823,8188,9079,10202,10758,9182,8045,7662,8412,8504,6971,5727,4713,3181,1499,433,93,9919
2015,2015-01-01,40135,401358,福岡県,福岡市西区,199255,10549,10514,10361,10107,10058,10536,13521,15489,16500,14088,12027,11111,12599,12442,10021,7728,5814,3608,1621,476,85,11604,95125,5479,5436,5296,5144,5148,5054,6440,7474,8084,6881,5842,5339,6029,5784,4475,3368,2315,1109,346,77,5,3852,104130,5070,5078,5065,4963,4910,5482,7081,8015,8416,7207,6185,5772,6570,6658,5546,4360,3499,2499,1275,399,80,7752
2015,2015-01-01,40136,401366,福岡県,福岡市城南区,122435,5686,5653,5623,5929,7320,7036,8019,9121,9869,8506,7281,7260,8435,8066,6271,4967,3870,2257,975,237,54,7393,57972,2892,2889,2887,2990,3656,3366,3898,4494,4850,4085,3523,3459,3940,3748,2782,2049,1487,710,226,35,6,2464,64463,2794,2764,2736,2939,3664,3670,4121,4627,5019,4421,3758,3801,4495,4318,3489,2918,2383,1547,749,202,48,4929
2015,2015-01-01,40137,401374,福岡県,福岡市早良区,213786,10582,10931,11183,10876,10617,11442,13890,16220,17438,15200,13302,13177,14413,13907,10530,8035,6081,3794,1623,458,87,12043,101243,5383,5669,5701,5472,5058,5444,6622,7953,8401,7292,6370,6423,6931,6519,4642,3380,2325,1205,381,62,10,3983,112543,5199,5262,5482,5404,5559,5998,7268,8267,9037,7908,6932,6754,7482,7388,5888,4655,3756,2589,1242,396,77,8060
2015,2015-01-01,40202,402028,福岡県,大牟田市,120420,4287,4548,4841,5422,5049,5311,5910,6382,6961,6637,7008,7985,10103,10379,8337,7334,6458,4565,2187,621,95,13926,55459,2281,2316,2483,2774,2527,2648,2946,3181,3400,3212,3311,3882,4920,4916,3666,2911,2193,1333,447,103,9,4085,64961,2006,2232,2358,2648,2522,2663,2964,3201,3561,3425,3697,4103,5183,5463,4671,4423,4265,3232,1740,518,86,9841
2015,2015-01-01,40203,402036,福岡県,久留米市,303197,14613,14043,14629,15511,15534,16133,18567,20564,21809,19134,17946,18604,21740,21247,17071,14156,10905,6891,3119,832,149,21896,143974,7604,7153,7517,7904,7891,7967,9071,10144,10865,9342,8590,9002,10471,10017,7581,5829,4037,2120,713,142,14,7026,159223,7009,6890,7112,7607,7643,8166,9496,10420,10944,9792,9356,9602,11269,11230,9490,8327,6868,4771,2406,690,135,14870
2015,2015-01-01,40204,402044,福岡県,直方市,57502,2546,2565,2468,2458,2510,2771,3297,3499,3734,3115,3056,3563,4618,4573,3981,3358,2651,1789,729,185,36,5390,26956,1341,1334,1252,1230,1269,1412,1633,1798,1899,1508,1476,1698,2152,2128,1718,1361,950,586,175,33,3,1747,30546,1205,1231,1216,1228,1241,1359,1664,1701,1835,1607,1580,1865,2466,2445,2263,1997,1701,1203,554,152,33,3643
2015,2015-01-01,40205,402052,福岡県,飯塚市,130018,5715,5663,5671,5873,6642,6794,7534,8467,8259,6728,7043,8327,10903,10250,7810,6768,5514,3732,1775,465,85,11571,61479,2885,2928,2917,3009,3483,3522,3840,4308,4154,3269,3394,4013,5170,4898,3407,2748,1973,1102,366,81,12,3534,68539,2830,2735,2754,2864,3159,3272,3694,4159,4105,3459,3649,4314,5733,5352,4403,4020,3541,2630,1409,384,73,8037
2015,2015-01-01,40206,402061,福岡県,田川市,49511,2118,2229,2231,2287,2265,2297,2589,2902,3048,2657,2580,3113,4092,4118,3249,2902,2357,1553,711,189,24,4834,22927,1088,1130,1131,1169,1158,1148,1293,1481,1506,1256,1219,1485,1963,1891,1422,1134,821,447,155,28,2,1453,26584,1030,1099,1100,1118,1107,1149,1296,1421,1542,1401,1361,1628,2129,2227,1827,1768,1536,1106,556,161,22,3381
2015,2015-01-01,40207,402079,福岡県,柳川市,69309,2671,2850,3158,3436,3325,3182,3467,3853,4134,4241,4354,4652,5344,5375,4579,4103,3239,2107,973,214,52,6585,32823,1375,1437,1653,1698,1614,1549,1724,1961,2077,2058,2186,2341,2586,2595,2037,1725,1236,671,260,34,6,2207,36486,1296,1413,1505,1738,1711,1633,1743,1892,2057,2183,2168,2311,2758,2780,2542,2378,2003,1436,713,180,46,4378
2015,2015-01-01,40210,402109,福岡県,八女市,66942,2354,2567,2947,3292,3149,3048,3088,3464,3667,3801,4068,4688,5523,4984,4270,4190,3844,2465,1184,285,64,7842,31605,1192,1314,1521,1665,1510,1599,1569,1729,1870,1815,1996,2368,2747,2432,1878,1723,1490,811,318,47,11,2677,35337,1162,1253,1426,1627,1639,1449,1519,1735,1797,1986,2072,2320,2776,2552,2392,2467,2354,1654,866,238,53,5165
2015,2015-01-01,40211,402117,福岡県,筑後市,48829,2386,2352,2484,2600,2314,2531,2867,3164,3422,3065,2835,3139,3430,3414,2729,2263,1847,1230,574,163,20,3834,23445,1252,1214,1282,1350,1142,1266,1455,1577,1713,1488,1373,1536,1668,1649,1261,975,679,398,133,33,1,1244,25384,1134,1138,1202,1250,1172,1265,1412,1587,1709,1577,1462,1603,1762,1765,1468,1288,1168,832,441,130,19,2590
2015,2015-01-01,40212,402125,福岡県,大川市,36029,1087,1302,1508,1809,1796,1625,1640,1889,2179,2365,2202,2352,2858,2884,2677,2283,1818,1140,470,128,17,3573,17182,561,630,812,945,833,819,821,949,1061,1185,1115,1178,1412,1372,1187,1002,768,398,116,17,1,1300,18847,526,672,696,864,963,806,819,940,1118,1180,1087,1174,1446,1512,1490,1281,1050,742,354,111,16,2273
2015,2015-01-01,40213,402133,福岡県,行橋市,72451,3161,3218,3514,3618,3365,3589,4210,4498,5212,4317,4250,4591,5601,5675,4676,3501,2825,1682,713,196,39,5455,34632,1653,1639,1770,1818,1697,1792,2204,2277,2670,2131,2019,2262,2690,2665,2113,1500,1032,513,154,28,5,1732,37819,1508,1579,1744,1800,1668,1797,2006,2221,2542,2186,2231,2329,2911,3010,2563,2001,1793,1169,559,168,34,3723
2015,2015-01-01,40214,402141,福岡県,豊前市,26740,1080,1055,1197,1247,1079,1102,1246,1526,1711,1439,1429,1682,2180,2253,1966,1653,1411,961,404,105,14,2895,12544,542,536,635,608,533,574,635,760,877,702,719,795,1052,1074,909,705,491,289,85,18,5,888,14196,538,519,562,639,546,528,611,766,834,737,710,887,1128,1179,1057,948,920,672,319,87,9,2007
2015,2015-01-01,40215,402150,福岡県,中間市,43471,1452,1621,1733,1902,1898,1947,2166,2341,2721,2258,2279,2753,3691,3959,3473,2750,2273,1420,655,157,22,4527,20230,753,817,878,984,973,978,1081,1168,1355,1079,1058,1339,1761,1780,1618,1139,798,486,161,23,1,1469,23241,699,804,855,918,925,969,1085,1173,1366,1179,1221,1414,1930,2179,1855,1611,1475,934,494,134,21,3058
2015,2015-01-01,40216,402168,福岡県,小郡市,59004,2392,2869,3294,3465,3101,2699,3081,3706,4221,3900,3782,3799,4086,4164,3381,2726,2220,1330,586,176,26,4338,28056,1187,1481,1704,1773,1540,1336,1522,1799,2042,1804,1794,1854,1989,1967,1537,1207,897,469,124,29,1,1520,30948,1205,1388,1590,1692,1561,1363,1559,1907,2179,2096,1988,1945,2097,2197,1844,1519,1323,861,462,147,25,2818
2015,2015-01-01,40217,402176,福岡県,筑紫野市,101885,4928,5087,5324,5228,4962,5422,6546,7310,8151,6486,5902,6694,7611,7098,5311,3899,2937,1877,848,227,37,5926,48733,2479,2583,2772,2719,2455,2613,3123,3556,4109,3083,2797,3111,3724,3419,2527,1713,1100,606,214,29,1,1950,53152,2449,2504,2552,2509,2507,2809,3423,3754,4042,3403,3105,3583,3887,3679,2784,2186,1837,1271,634,198,36,3976
2015,2015-01-01,40218,402184,福岡県,春日市,111770,5468,5982,6569,6574,6061,5844,6641,8118,9554,8459,7363,6798,7172,6739,5144,3905,2876,1614,653,201,35,5379,54265,2860,3102,3412,3383,3046,2877,3168,3922,4686,4076,3672,3334,3473,3253,2332,1714,1183,579,157,32,4,1955,57505,2608,2880,3157,3191,3015,2967,3473,4196,4868,4383,3691,3464,3699,3486,2812,2191,1693,1035,496,169,31,3424
2015,2015-01-01,40219,402192,福岡県,大野城市,98714,5389,5241,5128,5334,5106,5485,6731,7762,8349,7231,6272,5698,6109,5924,4765,3582,2418,1425,586,154,25,4608,47560,2724,2714,2639,2639,2512,2599,3276,3832,4126,3498,3053,2827,2946,2804,2134,1607,989,475,137,27,2,1630,51154,2665,2527,2489,2695,2594,2886,3455,3930,4223,3733,3219,2871,3163,3120,2631,1975,1429,950,449,127,23,2978
2015,2015-01-01,40220,402206,福岡県,宗像市,96277,4347,4428,4426,4669,4833,5052,5865,6062,6536,5466,5661,6506,7473,7337,5891,4337,3598,2440,1004,291,55,7388,45830,2272,2229,2264,2364,2308,2485,2958,3028,3199,2621,2643,3063,3615,3492,2819,1876,1383,870,270,62,9,2594,50447,2075,2199,2162,2305,2525,2567,2907,3034,3337,2845,3018,3443,3858,3845,3072,2461,2215,1570,734,229,46,4794
2015,2015-01-01,40221,402214,福岡県,太宰府市,71188,3613,3503,3378,3434,3215,3556,4430,5359,5746,4457,3830,3868,4940,5601,4291,3210,2363,1518,659,187,30,4757,34064,1847,1804,1748,1745,1546,1759,2168,2687,2864,2194,1817,1840,2272,2623,2067,1433,915,528,171,35,1,1650,37124,1766,1699,1630,1689,1669,1797,2262,2672,2882,2263,2013,2028,2668,2978,2224,1777,1448,990,488,152,29,3107
2015,2015-01-01,40223,402231,福岡県,古賀市,57935,2757,2814,2832,2956,3027,3163,3537,4055,4207,3501,3613,3892,4404,4389,3214,2283,1669,1026,463,113,20,3291,27805,1397,1464,1446,1528,1510,1476,1745,2042,2139,1705,1672,1849,2155,2076,1517,976,640,346,102,17,3,1108,30130,1360,1350,1386,1428,1517,1687,1792,2013,2068,1796,1941,2043,2249,2313,1697,1307,1029,680,361,96,17,2183
2015,2015-01-01,40224,402249,福岡県,福津市,58844,2917,2745,2537,2585,2481,2906,3670,3953,3998,3277,3284,3716,4587,4772,3926,2873,2225,1557,642,160,33,4617,27585,1464,1392,1300,1292,1198,1380,1787,1962,1911,1545,1554,1742,2146,2254,1832,1311,789,535,167,23,1,1515,31259,1453,1353,1237,1293,1283,1526,1883,1991,2087,1732,1730,1974,2441,2518,2094,1562,1436,1022,475,137,32,3102
2015,2015-01-01,40225,402257,福岡県,うきは市,31237,1208,1360,1424,1550,1394,1431,1564,1823,1925,1664,1762,2067,2549,2446,2000,1771,1511,1107,497,153,31,3299,14756,643,699,722,777,707,699,790,917,988,853,866,1005,1258,1161,872,752,548,364,106,24,5,1047,16481,565,661,702,773,687,732,774,906,937,811,896,1062,1291,1285,1128,1019,963,743,391,129,26,2252
2015,2015-01-01,40226,402265,福岡県,宮若市,29039,1122,1231,1229,1260,1246,1468,1605,1677,1660,1368,1594,1963,2564,2311,1801,1622,1484,1109,553,147,25,3318,13721,577,629,668,648,665,721,846,847,887,675,741,979,1307,1140,787,607,524,333,113,24,3,997,15318,545,602,561,612,581,747,759,830,773,693,853,984,1257,1171,1014,1015,960,776,440,123,22,2321
2015,2015-01-01,40227,402273,福岡県,嘉麻市,41031,1385,1597,1701,1859,1719,1743,1966,2198,2252,1937,2162,2835,3948,3624,2768,2507,2216,1601,769,205,39,4830,19069,704,822,875,1003,888,908,1010,1109,1145,961,1056,1356,1923,1745,1189,942,804,464,134,27,4,1433,21962,681,775,826,856,831,835,956,1089,1107,976,1106,1479,2025,1879,1579,1565,1412,1137,635,178,35,3397
2015,2015-01-01,40228,402281,福岡県,朝倉市,55811,2166,2250,2477,2751,2559,2645,2905,3166,3328,3020,3139,3765,4684,4473,3518,3101,2711,1944,875,280,54,5864,26328,1087,1135,1299,1381,1259,1339,1457,1619,1690,1493,1533,1818,2337,2184,1591,1202,1038,603,211,49,3,1904,29483,1079,1115,1178,1370,1300,1306,1448,1547,1638,1527,1606,1947,2347,2289,1927,1899,1673,1341,664,231,51,3960
2015,2015-01-01,40229,402290,福岡県,みやま市,39493,1232,1506,1720,1817,1653,1616,1839,2080,2117,2142,2269,2836,3576,3299,2681,2469,2173,1520,740,181,27,4641,18477,602,739,884,932,826,821,903,1059,1058,1024,1097,1391,1746,1635,1209,1023,841,491,165,30,1,1528,21016,630,767,836,885,827,795,936,1021,1059,1118,1172,1445,1830,1664,1472,1446,1332,1029,575,151,26,3113
2015,2015-01-01,40230,402303,福岡県,糸島市,99431,3900,4733,4918,5284,4836,4441,5226,6339,7091,5972,6143,6787,8213,7985,6016,4413,3335,2332,1080,326,61,7134,47369,2021,2395,2524,2663,2436,2167,2571,3145,3428,2868,2926,3249,4037,3827,2839,1977,1281,732,234,44,5,2296,52062,1879,2338,2394,2621,2400,2274,2655,3194,3663,3104,3217,3538,4176,4158,3177,2436,2054,1600,846,282,56,4838
2015,2015-01-01,40300,403008,福岡県,筑紫郡,50008,2800,2951,2880,2921,2302,2530,3230,3806,4265,3472,2860,2880,3354,3324,2452,1612,1159,759,335,105,11,2369,24295,1419,1477,1467,1469,1137,1241,1606,1857,2144,1660,1474,1376,1645,1601,1185,743,452,252,73,15,2,794,25713,1381,1474,1413,1452,1165,1289,1624,1949,2121,1812,1386,1504,1709,1723,1267,869,707,507,262,90,9,1575
2015,2015-01-01,40305,403059,福岡県,筑紫郡那珂川町,50008,2800,2951,2880,2921,2302,2530,3230,3806,4265,3472,2860,2880,3354,3324,2452,1612,1159,759,335,105,11,2369,24295,1419,1477,1467,1469,1137,1241,1606,1857,2144,1660,1474,1376,1645,1601,1185,743,452,252,73,15,2,794,25713,1381,1474,1413,1452,1165,1289,1624,1949,2121,1812,1386,1504,1709,1723,1267,869,707,507,262,90,9,1575
2015,2015-01-01,40340,403407,福岡県,糟屋郡,224073,13526,13193,11979,10724,10084,11963,16082,18700,19016,13663,11767,12420,15112,14788,11218,8048,5805,3749,1671,470,95,11790,109183,6964,6795,6038,5377,5062,5812,7975,9365,9872,7017,5799,6081,7356,7139,5183,3500,2216,1175,365,77,15,3848,114890,6562,6398,5941,5347,5022,6151,8107,9335,9144,6646,5968,6339,7756,7649,6035,4548,3589,2574,1306,393,80,7942
2015,2015-01-01,40341,403415,福岡県,糟屋郡宇美町,37519,1783,1961,1909,1858,1796,2063,2352,2601,2624,2050,2103,2706,3225,2931,1997,1414,1069,662,315,85,15,2146,18277,895,1057,976,905,895,1026,1189,1318,1369,1038,992,1306,1612,1460,943,621,391,206,60,15,3,675,19242,888,904,933,953,901,1037,1163,1283,1255,1012,1111,1400,1613,1471,1054,793,678,456,255,70,12,1471
2015,2015-01-01,40342,403423,福岡県,糟屋郡篠栗町,31406,1602,1664,1751,1767,1456,1570,2035,2355,2616,2177,1867,1691,2149,2068,1645,1198,886,600,232,64,13,1795,15264,855,854,898,913,721,786,1025,1158,1314,1073,919,844,1039,983,754,534,342,193,47,10,2,594,16142,747,810,853,854,735,784,1010,1197,1302,1104,948,847,1110,1085,891,664,544,407,185,54,11,1201
2015,2015-01-01,40343,403431,福岡県,糟屋郡志免町,45411,2745,2620,2449,2169,1956,2303,3298,3890,4004,2902,2310,2316,2868,2926,2366,1775,1251,801,343,103,16,2514,21854,1409,1362,1231,1082,938,1111,1609,1924,2098,1460,1147,1128,1349,1382,1067,734,474,253,79,16,1,823,23557,1336,1258,1218,1087,1018,1192,1689,1966,1906,1442,1163,1188,1519,1544,1299,1041,777,548,264,87,15,1691
2015,2015-01-01,40344,403440,福岡県,糟屋郡須惠町,27208,1508,1552,1382,1278,1181,1394,1848,2074,2149,1552,1242,1510,2028,2256,1682,1101,716,436,235,67,17,1471,13313,780,799,675,633,618,698,944,1059,1131,823,636,708,974,1078,783,492,295,126,44,14,3,482,13895,728,753,707,645,563,696,904,1015,1018,729,606,802,1054,1178,899,609,421,310,191,53,14,989
2015,2015-01-01,40345,403458,福岡県,糟屋郡新宮町,29513,2241,2140,1651,1389,1363,1600,2214,2805,2646,1705,1552,1575,1764,1596,1139,780,642,448,199,56,8,1353,14390,1178,1074,823,705,681,730,1076,1403,1328,896,752,763,886,782,530,343,250,127,54,8,1,440,15123,1063,1066,828,684,682,870,1138,1402,1318,809,800,812,878,814,609,437,392,321,145,48,7,913
2015,2015-01-01,40348,403482,福岡県,糟屋郡久山町,8290,364,475,448,381,342,331,456,624,634,435,403,499,612,653,529,406,318,236,109,30,5,698,3998,174,250,240,183,184,171,220,311,322,231,199,239,288,311,253,182,132,73,31,3,1,240,4292,190,225,208,198,158,160,236,313,312,204,204,260,324,342,276,224,186,163,78,27,4,458
2015,2015-01-01,40349,403491,福岡県,糟屋郡粕屋町,44726,3283,2781,2389,1882,1990,2702,3879,4351,4343,2842,2290,2123,2466,2358,1860,1374,923,566,238,65,21,1813,22087,1673,1399,1195,956,1025,1290,1912,2192,2310,1496,1154,1093,1208,1143,853,594,332,197,50,11,4,594,22639,1610,1382,1194,926,965,1412,1967,2159,2033,1346,1136,1030,1258,1215,1007,780,591,369,188,54,17,1219
2015,2015-01-01,40380,403806,福岡県,遠賀郡,95282,3840,4124,4288,4562,4365,4468,5215,5807,6362,5303,5454,6037,7718,7801,6721,5052,4053,2637,1157,264,54,8165,45298,1944,2123,2180,2377,2232,2229,2652,2907,3178,2565,2619,2873,3744,3653,3162,2185,1468,886,272,45,4,2675,49984,1896,2001,2108,2185,2133,2239,2563,2900,3184,2738,2835,3164,3974,4148,3559,2867,2585,1751,885,219,50,5490
2015,2015-01-01,40381,403814,福岡県,遠賀郡芦屋町,14606,592,659,744,814,719,740,771,893,1081,888,811,753,1078,1075,967,775,640,387,163,46,10,1246,7164,291,324,385,450,423,427,413,446,532,456,419,366,524,525,420,341,252,122,36,9,3,422,7442,301,335,359,364,296,313,358,447,549,432,392,387,554,550,547,434,388,265,127,37,7,824
2015,2015-01-01,40382,403822,福岡県,遠賀郡水巻町,28995,1167,1093,1124,1389,1447,1472,1677,1762,1743,1568,1800,1980,2436,2453,1991,1557,1204,745,301,68,18,2336,13625,593,546,561,727,737,724,864,877,889,715,840,963,1173,1166,923,618,418,234,50,7,0,709,15370,574,547,563,662,710,748,813,885,854,853,960,1017,1263,1287,1068,939,786,511,251,61,18,1627
2015,2015-01-01,40383,403831,福岡県,遠賀郡岡垣町,32301,1279,1538,1638,1573,1302,1347,1670,1884,2278,1830,1800,2033,2509,2588,2274,1688,1459,1033,476,83,19,3070,15256,629,828,863,808,639,630,814,929,1154,889,877,945,1222,1182,1079,745,515,356,135,16,1,1023,17045,650,710,775,765,663,717,856,955,1124,941,923,1088,1287,1406,1195,943,944,677,341,67,18,2047
2015,2015-01-01,40384,403849,福岡県,遠賀郡遠賀町,19380,802,834,782,786,897,909,1097,1268,1260,1017,1043,1271,1695,1685,1489,1032,750,472,217,67,7,1513,9253,431,425,371,392,433,448,561,655,603,505,483,599,825,780,740,481,283,174,51,13,0,521,10127,371,409,411,394,464,461,536,613,657,512,560,672,870,905,749,551,467,298,166,54,7,992
2015,2015-01-01,40400,404004,福岡県,鞍手郡,24841,764,878,953,1071,1050,1049,1240,1326,1454,1247,1326,1668,2403,2417,1866,1534,1207,832,405,128,23,2595,11768,374,460,496,551,566,564,609,702,752,616,648,831,1111,1178,879,645,446,243,85,12,0,786,13073,390,418,457,520,484,485,631,624,702,631,678,837,1292,1239,987,889,761,589,320,116,23,1809
2015,2015-01-01,40401,404012,福岡県,鞍手郡小竹町,8073,214,273,278,339,344,311,416,422,459,405,427,545,787,784,587,528,419,325,165,40,5,954,3810,109,152,146,179,195,179,214,219,238,217,206,279,351,367,268,222,149,83,34,3,0,269,4263,105,121,132,160,149,132,202,203,221,188,221,266,436,417,319,306,270,242,131,37,5,685
2015,2015-01-01,40402,404021,福岡県,鞍手郡鞍手町,16768,550,605,675,732,706,738,824,904,995,842,899,1123,1616,1633,1279,1006,788,507,240,88,18,1641,7958,265,308,350,372,371,385,395,483,514,399,442,552,760,811,611,423,297,160,51,9,0,517,8810,285,297,325,360,335,353,429,421,481,443,457,571,856,822,668,583,491,347,189,79,18,1124
2015,2015-01-01,40420,404209,福岡県,嘉穂郡,13920,575,556,615,600,620,711,769,861,823,659,791,963,1361,1225,810,714,566,408,219,61,13,1267,6569,317,312,320,270,313,363,397,439,419,315,392,433,662,608,368,272,187,113,52,16,1,369,7351,258,244,295,330,307,348,372,422,404,344,399,530,699,617,442,442,379,295,167,45,12,898
2015,2015-01-01,40421,404217,福岡県,嘉穂郡桂川町,13920,575,556,615,600,620,711,769,861,823,659,791,963,1361,1225,810,714,566,408,219,61,13,1267,6569,317,312,320,270,313,363,397,439,419,315,392,433,662,608,368,272,187,113,52,16,1,369,7351,258,244,295,330,307,348,372,422,404,344,399,530,699,617,442,442,379,295,167,45,12,898
2015,2015-01-01,40440,404403,福岡県,朝倉郡,31832,1379,1441,1528,1583,1505,1411,1747,2040,2068,1794,1870,2186,2612,2546,1848,1515,1278,908,427,118,28,2759,15142,700,731,799,779,749,671,882,1073,1046,876,903,1079,1265,1259,883,619,460,270,87,10,1,828,16690,679,710,729,804,756,740,865,967,1022,918,967,1107,1347,1287,965,896,818,638,340,108,27,1931
2015,2015-01-01,40447,404471,福岡県,朝倉郡筑前町,29483,1314,1359,1448,1489,1402,1332,1655,1957,1975,1688,1732,1978,2391,2383,1702,1352,1088,761,362,94,21,2326,14070,672,691,755,732,702,637,828,1029,1001,821,837,972,1142,1177,813,554,396,223,78,9,1,707,15413,642,668,693,757,700,695,827,928,974,867,895,1006,1249,1206,889,798,692,538,284,85,20,1619
2015,2015-01-01,40448,404489,福岡県,朝倉郡東峰村,2349,65,82,80,94,103,79,92,83,93,106,138,208,221,163,146,163,190,147,65,24,7,433,1072,28,40,44,47,47,34,54,44,45,55,66,107,123,82,70,65,64,47,9,1,0,121,1277,37,42,36,47,56,45,38,39,48,51,72,101,98,81,76,98,126,100,56,23,7,312
2015,2015-01-01,40500,405001,福岡県,三井郡,15426,782,708,736,773,814,849,901,1006,1011,868,894,1026,1191,1071,807,704,615,411,182,62,15,1285,7438,415,361,366,386,423,417,456,512,511,444,413,524,612,522,365,296,230,120,51,10,4,415,7988,367,347,370,387,391,432,445,494,500,424,481,502,579,549,442,408,385,291,131,52,11,870
2015,2015-01-01,40503,405035,福岡県,三井郡大刀洗町,15426,782,708,736,773,814,849,901,1006,1011,868,894,1026,1191,1071,807,704,615,411,182,62,15,1285,7438,415,361,366,386,423,417,456,512,511,444,413,524,612,522,365,296,230,120,51,10,4,415,7988,367,347,370,387,391,432,445,494,500,424,481,502,579,549,442,408,385,291,131,52,11,870
2015,2015-01-01,40520,405205,福岡県,三潴郡,14481,749,774,749,760,645,669,827,1038,1030,819,839,914,1098,1053,823,666,482,332,158,48,8,1028,6901,371,409,395,384,301,305,414,529,521,409,417,438,527,526,363,275,176,103,30,7,1,317,7580,378,365,354,376,344,364,413,509,509,410,422,476,571,527,460,391,306,229,128,41,7,711
2015,2015-01-01,40522,405221,福岡県,三潴郡大木町,14481,749,774,749,760,645,669,827,1038,1030,819,839,914,1098,1053,823,666,482,332,158,48,8,1028,6901,371,409,395,384,301,305,414,529,521,409,417,438,527,526,363,275,176,103,30,7,1,317,7580,378,365,354,376,344,364,413,509,509,410,422,476,571,527,460,391,306,229,128,41,7,711
2015,2015-01-01,40540,405400,福岡県,八女郡,19717,948,955,986,994,966,1043,1181,1254,1276,1207,1127,1295,1434,1408,1179,904,762,506,211,69,12,1560,9486,461,497,496,507,482,511,607,632,662,593,574,642,709,689,559,377,286,135,50,17,0,488,10231,487,458,490,487,484,532,574,622,614,614,553,653,725,719,620,527,476,371,161,52,12,1072
2015,2015-01-01,40544,405442,福岡県,八女郡広川町,19717,948,955,986,994,966,1043,1181,1254,1276,1207,1127,1295,1434,1408,1179,904,762,506,211,69,12,1560,9486,461,497,496,507,482,511,607,632,662,593,574,642,709,689,559,377,286,135,50,17,0,488,10231,487,458,490,487,484,532,574,622,614,614,553,653,725,719,620,527,476,371,161,52,12,1072
2015,2015-01-01,40600,406007,福岡県,田川郡,83072,3201,3387,3632,3792,3557,3668,4269,4421,4803,4040,4241,5590,7685,7263,5667,4970,4271,2807,1390,340,78,8886,38957,1649,1796,1842,1927,1801,1881,2182,2265,2458,1989,2069,2675,3744,3522,2489,1992,1556,796,252,57,15,2676,44115,1552,1591,1790,1865,1756,1787,2087,2156,2345,2051,2172,2915,3941,3741,3178,2978,2715,2011,1138,283,63,6210
2015,2015-01-01,40601,406015,福岡県,田川郡香春町,11748,450,422,465,490,465,499,550,569,627,532,628,803,1106,1086,884,776,674,444,214,51,13,1396,5445,207,221,231,258,224,252,268,304,328,250,305,390,545,526,386,336,236,128,41,9,0,414,6303,243,201,234,232,241,247,282,265,299,282,323,413,561,560,498,440,438,316,173,42,13,982
2015,2015-01-01,40602,406023,福岡県,田川郡添田町,10704,314,363,433,452,389,411,466,551,561,487,542,740,1021,1028,764,790,633,466,217,67,9,1392,5027,155,200,215,236,198,212,249,298,288,266,250,362,496,498,322,331,241,153,43,12,2,451,5677,159,163,218,216,191,199,217,253,273,221,292,378,525,530,442,459,392,313,174,55,7,941
2015,2015-01-01,40604,406040,福岡県,田川郡糸田町,9517,437,390,378,437,416,445,473,515,551,501,451,597,876,806,666,539,546,298,146,36,13,1039,4461,224,216,169,222,207,218,236,283,287,259,217,286,430,378,295,200,212,90,25,2,5,334,5056,213,174,209,215,209,227,237,232,264,242,234,311,446,428,371,339,334,208,121,34,8,705
2015,2015-01-01,40605,406058,福岡県,田川郡川崎町,18170,678,750,865,876,797,728,929,974,1154,911,913,1231,1661,1564,1309,1072,869,549,269,57,14,1758,8473,369,378,460,427,418,373,481,462,574,441,460,561,812,755,555,418,310,156,48,13,2,529,9697,309,372,405,449,379,355,448,512,580,470,453,670,849,809,754,654,559,393,221,44,12,1229
2015,2015-01-01,40608,406082,福岡県,田川郡大任町,5431,221,227,231,241,234,248,315,289,289,247,278,384,535,455,355,321,255,177,96,28,5,561,2524,118,112,117,121,122,124,160,144,154,127,135,199,250,214,161,117,97,37,13,2,0,149,2907,103,115,114,120,112,124,155,145,135,120,143,185,285,241,194,204,158,140,83,26,5,412
2015,2015-01-01,40609,406091,福岡県,田川郡赤村,3367,114,141,146,128,134,143,163,195,184,150,170,244,320,290,229,174,194,141,89,12,6,442,1585,62,73,74,65,71,77,87,105,100,70,87,114,146,150,101,77,72,32,17,3,2,126,1782,52,68,72,63,63,66,76,90,84,80,83,130,174,140,128,97,122,109,72,9,4,316
2015,2015-01-01,40610,406104,福岡県,田川郡福智町,24135,987,1094,1114,1168,1122,1194,1373,1328,1437,1212,1259,1591,2166,2034,1460,1298,1100,732,359,89,18,2298,11442,514,596,576,598,561,625,701,669,727,576,615,763,1065,1001,669,513,388,200,65,16,4,673,12693,473,498,538,570,561,569,672,659,710,636,644,828,1101,1033,791,785,712,532,294,73,14,1625
2015,2015-01-01,40620,406201,福岡県,京都郡,56552,2540,2486,2654,2634,2767,2990,3290,3497,3972,3315,3073,3717,4335,4226,3554,2877,2235,1488,679,177,46,4625,27511,1295,1295,1307,1339,1442,1598,1777,1791,2072,1664,1493,1865,2141,2073,1603,1214,860,502,147,26,7,1542,29041,1245,1191,1347,1295,1325,1392,1513,1706,1900,1651,1580,1852,2194,2153,1951,1663,1375,986,532,151,39,3083
2015,2015-01-01,40621,406210,福岡県,京都郡苅田町,35591,1907,1720,1751,1664,1879,2177,2415,2454,2691,2146,1958,2307,2452,2271,1947,1568,1138,736,314,76,20,2284,17660,984,920,846,872,992,1175,1304,1281,1410,1099,951,1177,1223,1096,883,660,439,253,80,10,5,787,17931,923,800,905,792,887,1002,1111,1173,1281,1047,1007,1130,1229,1175,1064,908,699,483,234,66,15,1497
2015,2015-01-01,40625,406252,福岡県,京都郡みやこ町,20961,633,766,903,970,888,813,875,1043,1281,1169,1115,1410,1883,1955,1607,1309,1097,752,365,101,26,2341,9851,311,375,461,467,450,423,473,510,662,565,542,688,918,977,720,554,421,249,67,16,2,755,11110,322,391,442,503,438,390,402,533,619,604,573,722,965,978,887,755,676,503,298,85,24,1586
2015,2015-01-01,40640,406406,福岡県,築上郡,34283,1418,1437,1536,1653,1566,1594,1763,1915,2155,1787,1775,2171,2638,2833,2428,2160,1683,1145,471,132,23,3454,16463,733,735,815,878,885,845,958,971,1094,875,892,1034,1296,1372,1076,907,649,323,95,28,2,1097,17820,685,702,721,775,681,749,805,944,1061,912,883,1137,1342,1461,1352,1253,1034,822,376,104,21,2357
2015,2015-01-01,40642,406422,福岡県,築上郡吉富町,6941,339,304,356,387,313,300,371,418,475,415,384,394,497,525,457,396,305,200,78,23,4,610,3281,168,157,190,198,174,145,185,198,239,209,188,194,230,238,200,171,129,49,14,5,0,197,3660,171,147,166,189,139,155,186,220,236,206,196,200,267,287,257,225,176,151,64,18,4,413
2015,2015-01-01,40646,406465,福岡県,築上郡上毛町,7889,328,320,372,380,283,301,392,437,506,419,392,540,660,618,558,485,417,318,121,35,7,898,3737,174,169,186,197,139,155,201,224,252,201,191,256,326,323,253,213,153,90,27,6,1,277,4152,154,151,186,183,144,146,191,213,254,218,201,284,334,295,305,272,264,228,94,29,6,621
2015,2015-01-01,40647,406473,福岡県,築上郡築上町,19453,751,813,808,886,970,993,1000,1060,1174,953,999,1237,1481,1690,1413,1279,961,627,272,74,12,1946,9445,391,409,439,483,572,545,572,549,603,465,513,584,740,811,623,523,367,184,54,17,1,623,10008,360,404,369,403,398,448,428,511,571,488,486,653,741,879,790,756,594,443,218,57,11,1323
2015,2015-01-01,41000,410004,佐賀県,,843124,37384,39361,42373,43739,40087,41654,46887,51931,53704,49083,50948,56405,65225,59130,47460,41917,36307,24826,11170,2976,557,75836,399685,19112,20085,21755,22329,20235,20552,23329,26008,26687,23647,24779,27370,32083,28609,21099,17514,13645,7806,2515,481,45,24492,443439,18272,19276,20618,21410,19852,21102,23558,25923,27017,25436,26169,29035,33142,30521,26361,24403,22662,17020,8655,2495,512,51344
2015,2015-01-01,41201,412015,佐賀県,佐賀市,234602,10730,10743,11601,12235,11984,12272,13731,14907,16029,14740,14591,15008,16875,15719,13161,11055,9572,6208,2599,709,133,19221,110529,5573,5421,5881,6234,6054,5924,6770,7352,7880,7074,6955,7183,8152,7365,5759,4664,3589,1959,608,120,12,6288,124073,5157,5322,5720,6001,5930,6348,6961,7555,8149,7666,7636,7825,8723,8354,7402,6391,5983,4249,1991,589,121,12933
2015,2015-01-01,41202,412023,佐賀県,唐津市,126968,5528,5930,6408,6507,5522,5952,6748,7525,7737,6721,7633,8892,10176,9299,7265,6751,5954,4067,1802,462,89,12374,59913,2805,3070,3329,3373,2771,3013,3377,3787,3849,3139,3681,4229,5042,4544,3183,2727,2216,1294,413,66,5,3994,67055,2723,2860,3079,3134,2751,2939,3371,3738,3888,3582,3952,4663,5134,4755,4082,4024,3738,2773,1389,396,84,8380
2015,2015-01-01,41203,412031,佐賀県,鳥栖市,71234,3846,4138,4103,3731,3387,3810,4632,5618,5713,4538,3957,4001,4588,4460,3526,2848,2171,1385,584,175,23,4338,34370,2002,2107,2106,1881,1649,1870,2288,2827,2888,2237,1942,1990,2167,2196,1613,1188,824,434,136,23,2,1419,36864,1844,2031,1997,1850,1738,1940,2344,2791,2825,2301,2015,2011,2421,2264,1913,1660,1347,951,448,152,21,2919
2015,2015-01-01,41204,412040,佐賀県,多久市,20445,711,780,974,1060,875,870,983,1133,1186,1094,1163,1465,1939,1589,1219,1106,1000,810,369,108,11,2298,9593,340,354,514,557,467,425,504,563,620,512,567,721,981,799,530,444,352,231,86,24,2,695,10852,371,426,460,503,408,445,479,570,566,582,596,744,958,790,689,662,648,579,283,84,9,1603
2015,2015-01-01,41205,412058,佐賀県,伊万里市,56542,2766,2681,2853,2760,2370,2729,3173,3419,3313,2995,3309,3993,4693,3998,3074,2910,2581,1833,853,201,38,5506,27001,1388,1331,1487,1412,1204,1405,1649,1760,1677,1436,1655,1974,2342,1958,1367,1194,999,541,183,37,2,1762,29541,1378,1350,1366,1348,1166,1324,1524,1659,1636,1559,1654,2019,2351,2040,1707,1716,1582,1292,670,164,36,3744
2015,2015-01-01,41206,412066,佐賀県,武雄市,50213,2179,2356,2509,2627,2336,2327,2716,2968,3016,2865,3039,3494,3984,3515,2821,2504,2346,1615,770,192,34,4957,23857,1114,1240,1255,1362,1186,1154,1362,1490,1480,1370,1520,1739,1986,1730,1266,1032,899,479,164,27,2,1571,26356,1065,1116,1254,1265,1150,1173,1354,1478,1536,1495,1519,1755,1998,1785,1555,1472,1447,1136,606,165,32,3386
2015,2015-01-01,41207,412074,佐賀県,鹿島市,30706,1328,1374,1557,1668,1449,1465,1610,1711,1700,1724,1896,2112,2439,2195,1719,1664,1448,994,508,123,22,3095,14487,687,721,800,854,738,690,811,846,810,852,913,1011,1189,1057,796,686,563,335,107,20,1,1026,16219,641,653,757,814,711,775,799,865,890,872,983,1101,1250,1138,923,978,885,659,401,103,21,2069
2015,2015-01-01,41208,412082,佐賀県,小城市,45869,2078,2241,2374,2587,2247,2381,2624,2800,2867,2683,2867,3151,3528,3080,2377,2077,1863,1245,602,160,37,3907,21691,1010,1111,1228,1327,1081,1150,1281,1390,1397,1285,1362,1533,1812,1514,1070,917,668,385,140,28,2,1223,24178,1068,1130,1146,1260,1166,1231,1343,1410,1470,1398,1505,1618,1716,1566,1307,1160,1195,860,462,132,35,2684
2015,2015-01-01,41209,412091,佐賀県,嬉野市,27579,1061,1163,1303,1423,1306,1203,1382,1469,1453,1590,1725,1996,2368,2022,1596,1510,1369,1031,465,119,25,3009,12943,509,621,684,701,637,584,674,736,726,748,882,986,1196,958,689,619,519,331,121,21,1,993,14636,552,542,619,722,669,619,708,733,727,842,843,1010,1172,1064,907,891,850,700,344,98,24,2016
2015,2015-01-01,41210,412104,佐賀県,神埼市,32490,1353,1527,1579,1597,1631,1656,1717,1938,2088,1839,1864,2190,2598,2455,1933,1589,1325,990,460,134,27,2936,15538,684,808,809,809,848,831,842,1000,1035,904,918,1083,1268,1201,880,694,473,327,102,17,5,924,16952,669,719,770,788,783,825,875,938,1053,935,946,1107,1330,1254,1053,895,852,663,358,117,22,2012
2015,2015-01-01,41320,413208,佐賀県,神埼郡,16157,833,897,895,851,883,975,1037,1091,1078,1001,950,1044,1080,995,778,679,561,346,140,35,8,1090,7904,451,461,470,440,486,513,529,543,523,478,477,511,528,479,340,287,218,122,39,9,0,388,8253,382,436,425,411,397,462,508,548,555,523,473,533,552,516,438,392,343,224,101,26,8,702
2015,2015-01-01,41327,413275,佐賀県,神埼郡吉野ヶ里町,16157,833,897,895,851,883,975,1037,1091,1078,1001,950,1044,1080,995,778,679,561,346,140,35,8,1090,7904,451,461,470,440,486,513,529,543,523,478,477,511,528,479,340,287,218,122,39,9,0,388,8253,382,436,425,411,397,462,508,548,555,523,473,533,552,516,438,392,343,224,101,26,8,702
2015,2015-01-01,41340,413402,佐賀県,三養基郡,52606,2030,2261,2495,2681,2490,2662,2810,3153,3279,3003,2999,3659,4428,4321,3332,2677,2096,1369,642,183,36,4326,25075,1034,1163,1286,1363,1272,1275,1352,1606,1616,1493,1417,1752,2165,2078,1570,1185,812,455,136,38,7,1448,27531,996,1098,1209,1318,1218,1387,1458,1547,1663,1510,1582,1907,2263,2243,1762,1492,1284,914,506,145,29,2878
2015,2015-01-01,41341,413411,佐賀県,三養基郡基山町,17488,624,729,825,958,965,1023,968,952,982,934,1107,1416,1565,1372,1074,766,584,393,187,56,8,1228,8326,313,369,422,512,494,489,461,473,465,449,480,664,784,679,517,349,216,140,35,12,3,406,9162,311,360,403,446,471,534,507,479,517,485,627,752,781,693,557,417,368,253,152,44,5,822
2015,2015-01-01,41345,413453,佐賀県,三養基郡上峰町,9514,492,525,536,561,441,515,573,666,703,614,502,562,695,626,425,391,354,210,97,20,6,687,4542,257,274,274,271,235,226,272,332,338,308,238,282,333,295,197,166,144,76,19,5,0,244,4972,235,251,262,290,206,289,301,334,365,306,264,280,362,331,228,225,210,134,78,15,6,443
2015,2015-01-01,41346,413461,佐賀県,三養基郡みやき町,25604,914,1007,1134,1162,1084,1124,1269,1535,1594,1455,1390,1681,2168,2323,1833,1520,1158,766,358,107,22,2411,12207,464,520,590,580,543,560,619,801,813,736,699,806,1048,1104,856,670,452,239,82,21,4,798,13397,450,487,544,582,541,564,650,734,781,719,691,875,1120,1219,977,850,706,527,276,86,18,1613
2015,2015-01-01,41380,413801,佐賀県,東松浦郡,6134,267,267,327,324,368,313,314,337,346,310,330,429,527,386,291,342,305,238,79,28,6,656,3100,136,137,175,167,227,201,170,188,187,157,159,228,254,214,124,149,121,84,17,4,1,227,3034,131,130,152,157,141,112,144,149,159,153,171,201,273,172,167,193,184,154,62,24,5,429
2015,2015-01-01,41387,413879,佐賀県,東松浦郡玄海町,6134,267,267,327,324,368,313,314,337,346,310,330,429,527,386,291,342,305,238,79,28,6,656,3100,136,137,175,167,227,201,170,188,187,157,159,228,254,214,124,149,121,84,17,4,1,227,3034,131,130,152,157,141,112,144,149,159,153,171,201,273,172,167,193,184,154,62,24,5,429
2015,2015-01-01,41400,414000,佐賀県,西松浦郡,20757,843,913,1055,1061,857,799,994,1187,1172,1194,1288,1408,1739,1570,1361,1200,986,679,335,97,19,2116,9734,415,470,550,539,426,385,499,571,604,590,653,681,859,741,602,500,356,213,68,11,1,649,11023,428,443,505,522,431,414,495,616,568,604,635,727,880,829,759,700,630,466,267,86,18,1467
2015,2015-01-01,41401,414018,佐賀県,西松浦郡有田町,20757,843,913,1055,1061,857,799,994,1187,1172,1194,1288,1408,1739,1570,1361,1200,986,679,335,97,19,2116,9734,415,470,550,539,426,385,499,571,604,590,653,681,859,741,602,500,356,213,68,11,1,649,11023,428,443,505,522,431,414,495,616,568,604,635,727,880,829,759,700,630,466,267,86,18,1467
2015,2015-01-01,41420,414204,佐賀県,杵島郡,41310,1580,1715,1877,2109,1950,1908,2065,2220,2210,2246,2668,2889,3496,2854,2368,2343,2179,1628,768,201,36,4812,19390,831,882,952,1042,986,951,1033,1109,1137,1095,1337,1379,1782,1439,1019,944,814,487,143,27,1,1472,21920,749,833,925,1067,964,957,1032,1111,1073,1151,1331,1510,1714,1415,1349,1399,1365,1141,625,174,35,3340
2015,2015-01-01,41423,414239,佐賀県,杵島郡大町町,7011,219,228,313,329,300,281,296,374,366,337,405,478,712,613,445,418,374,308,168,43,4,897,3210,110,111,154,159,148,145,155,193,185,172,193,224,349,309,204,160,129,75,26,9,0,239,3801,109,117,159,170,152,136,141,181,181,165,212,254,363,304,241,258,245,233,142,34,4,658
2015,2015-01-01,41424,414247,佐賀県,杵島郡江北町,9675,466,466,422,465,469,534,634,612,564,514,589,667,754,618,462,465,446,330,155,38,5,974,4599,248,247,224,238,223,259,310,303,299,234,283,329,397,318,199,196,171,86,30,5,0,292,5076,218,219,198,227,246,275,324,309,265,280,306,338,357,300,263,269,275,244,125,33,5,682
2015,2015-01-01,41425,414255,佐賀県,杵島郡白石町,24624,895,1021,1142,1315,1181,1093,1135,1234,1280,1395,1674,1744,2030,1623,1461,1460,1359,990,445,120,27,2941,11581,473,524,574,645,615,547,568,613,653,689,861,826,1036,812,616,588,514,326,87,13,1,941,13043,422,497,568,670,566,546,567,621,627,706,813,918,994,811,845,872,845,664,358,107,26,2000
2015,2015-01-01,41440,414409,佐賀県,藤津郡,9512,251,375,463,518,432,332,351,455,517,540,669,674,767,672,639,662,551,388,194,49,13,1195,4560,133,188,229,268,203,181,188,240,258,277,341,370,360,336,291,284,222,129,52,9,1,413,4952,118,187,234,250,229,151,163,215,259,263,328,304,407,336,348,378,329,259,142,40,12,782
2015,2015-01-01,41441,414417,佐賀県,藤津郡太良町,9512,251,375,463,518,432,332,351,455,517,540,669,674,767,672,639,662,551,388,194,49,13,1195,4560,133,188,229,268,203,181,188,240,258,277,341,370,360,336,291,284,222,129,52,9,1,413,4952,118,187,234,250,229,151,163,215,259,263,328,304,407,336,348,378,329,259,142,40,12,782
2015,2015-01-01,42000,420000,長崎県,,1405133,58094,60468,65751,69472,59952,63357,72089,81506,89876,84195,87912,97376,113928,105039,84838,76553,65231,43768,19600,5223,905,134727,659895,29805,30939,33625,35391,29877,31396,35462,40153,43996,40274,42585,47569,55936,50285,37022,32065,24635,13617,4350,807,106,43515,745238,28289,29529,32126,34081,30075,31961,36627,41353,45880,43921,45327,49807,57992,54754,47816,44488,40596,30151,15250,4416,799,91212
2015,2015-01-01,42201,422011,長崎県,長崎市,433132,16503,17375,19006,20244,19810,20622,22366,25451,29392,27004,27874,29687,36024,33011,26139,23215,19319,12522,5815,1506,247,39409,200087,8477,8808,9649,10162,9705,9972,10879,12304,14069,12685,13185,14115,17297,15523,11267,9581,7045,3835,1273,225,31,12409,233045,8026,8567,9357,10082,10105,10650,11487,13147,15323,14319,14689,15572,18727,17488,14872,13634,12274,8687,4542,1281,216,27000
2015,2015-01-01,42202,422029,長崎県,佐世保市,258631,11629,11618,11986,13016,11634,12434,14315,15704,16662,15214,14678,16615,20261,19678,15550,13608,11468,7876,3572,952,161,24029,121414,5896,5894,6145,6766,6039,6244,7053,7659,8172,7225,7053,8100,9882,9362,6705,5605,4254,2431,770,141,18,7614,137217,5733,5724,5841,6250,5595,6190,7262,8045,8490,7989,7625,8515,10379,10316,8845,8003,7214,5445,2802,811,143,16415
2015,2015-01-01,42203,422037,長崎県,島原市,47182,1976,1939,2144,2284,1752,1864,2255,2560,2742,2786,2979,3428,3756,3644,2966,2809,2502,1734,813,214,35,5298,21918,994,998,1115,1129,829,920,1103,1278,1363,1301,1439,1671,1817,1717,1304,1171,969,562,200,35,3,1769,25264,982,941,1029,1155,923,944,1152,1282,1379,1485,1540,1757,1939,1927,1662,1638,1533,1172,613,179,32,3529
2015,2015-01-01,42204,422045,長崎県,諫早市,139853,6024,6403,6939,7368,6208,6573,7577,8605,9508,8698,9035,9526,10927,10015,7960,6804,5666,3779,1672,472,94,11683,66023,3143,3345,3506,3702,3002,3225,3731,4233,4657,4132,4263,4665,5355,4784,3601,2953,2124,1142,379,71,10,3726,73830,2881,3058,3433,3666,3206,3348,3846,4372,4851,4566,4772,4861,5572,5231,4359,3851,3542,2637,1293,401,84,7957
2015,2015-01-01,42205,422053,長崎県,大村市,94071,4910,5060,5379,5345,4610,5256,5497,6271,6783,5974,5714,5838,6594,6086,4696,3866,3098,2015,817,220,42,6192,44896,2511,2624,2764,2695,2319,2566,2643,3028,3325,2854,2745,2860,3185,2896,2102,1672,1239,658,168,36,6,2107,49175,2399,2436,2615,2650,2291,2690,2854,3243,3458,3120,2969,2978,3409,3190,2594,2194,1859,1357,649,184,36,4085
2015,2015-01-01,42207,422070,長崎県,平戸市,33708,1169,1242,1467,1606,1159,1081,1249,1458,1741,1832,2183,2573,2978,2707,2418,2426,2202,1404,614,156,43,4419,15800,597,608,756,804,611,571,649,759,870,926,1109,1281,1534,1358,1016,978,810,423,123,13,4,1373,17908,572,634,711,802,548,510,600,699,871,906,1074,1292,1444,1349,1402,1448,1392,981,491,143,39,3046
2015,2015-01-01,42208,422088,長崎県,松浦市,24308,973,1055,1106,1143,980,947,1117,1221,1258,1243,1471,1872,2115,1836,1559,1511,1368,951,446,117,19,2901,11665,473,554,597,567,556,499,590,643,646,611,724,976,1111,902,675,581,564,283,100,12,1,960,12643,500,501,509,576,424,448,527,578,612,632,747,896,1004,934,884,930,804,668,346,105,18,1941
2015,2015-01-01,42209,422096,長崎県,対馬市,32865,1332,1410,1503,1315,864,1186,1615,1774,1790,1730,2093,2607,2935,2619,2259,2193,1912,1163,448,102,15,3640,16084,706,726,768,676,488,649,826,954,988,925,1115,1369,1444,1269,961,950,768,376,108,17,1,1270,16781,626,684,735,639,376,537,789,820,802,805,978,1238,1491,1350,1298,1243,1144,787,340,85,14,2370
2015,2015-01-01,42210,422100,長崎県,壱岐市,28445,1160,1297,1386,1328,895,984,1279,1558,1482,1466,1669,2011,2273,2281,1879,1834,1745,1232,544,115,27,3663,13576,614,666,689,687,453,529,668,815,767,739,862,1032,1114,1117,832,782,671,392,129,18,0,1210,14869,546,631,697,641,442,455,611,743,715,727,807,979,1159,1164,1047,1052,1074,840,415,97,27,2453
2015,2015-01-01,42211,422118,長崎県,五島市,39545,1278,1425,1574,1693,1128,1206,1577,1756,2105,2200,2701,3338,3647,3133,2658,2799,2515,1768,772,229,43,5327,18534,644,734,795,857,584,619,767,900,1078,1072,1351,1673,1863,1526,1188,1139,977,535,185,44,3,1744,21011,634,691,779,836,544,587,810,856,1027,1128,1350,1665,1784,1607,1470,1660,1538,1233,587,185,40,3583
2015,2015-01-01,42212,422126,長崎県,西海市,29646,1108,1078,1237,1358,1224,1184,1227,1421,1542,1452,1908,2145,2610,2278,1913,1993,1864,1338,578,167,21,3968,14284,574,538,640,721,666,668,651,752,799,711,988,1115,1378,1154,815,849,691,416,130,24,4,1265,15362,534,540,597,637,558,516,576,669,743,741,920,1030,1232,1124,1098,1144,1173,922,448,143,17,2703
2015,2015-01-01,42213,422134,長崎県,雲仙市,46106,1739,1890,2132,2378,1830,1821,2200,2303,2491,2691,3176,3565,3889,3115,2749,2759,2591,1779,762,211,35,5378,21924,882,990,1118,1229,902,912,1104,1177,1218,1352,1627,1768,2017,1556,1190,1179,956,528,185,28,6,1703,24182,857,900,1014,1149,928,909,1096,1126,1273,1339,1549,1797,1872,1559,1559,1580,1635,1251,577,183,29,3675
2015,2015-01-01,42214,422142,長崎県,南島原市,49381,1733,1861,2160,2269,1697,1697,2061,2371,2549,2695,3140,3868,4272,3908,3380,3322,3010,2153,932,262,41,6398,23191,883,948,1072,1190,854,843,1045,1189,1267,1282,1557,1915,2137,1927,1465,1386,1199,735,233,56,8,2231,26190,850,913,1088,1079,843,854,1016,1182,1282,1413,1583,1953,2135,1981,1915,1936,1811,1418,699,206,33,4167
2015,2015-01-01,42300,423009,長崎県,西彼杵郡,72575,3686,3637,4117,4457,3479,3596,4265,4838,5488,4751,4512,4562,5202,4940,3890,2861,2110,1389,616,150,29,4294,34829,1942,1870,2223,2332,1575,1745,2051,2357,2648,2248,2188,2155,2556,2359,1788,1311,848,471,138,20,4,1481,37746,1744,1767,1894,2125,1904,1851,2214,2481,2840,2503,2324,2407,2646,2581,2102,1550,1262,918,478,130,25,2813
2015,2015-01-01,42307,423076,長崎県,西彼杵郡長与町,42370,2036,2067,2373,2539,2149,2121,2311,2730,3167,2863,2803,2775,3047,2878,2243,1693,1279,829,375,79,13,2575,20265,1058,1060,1259,1287,1023,1019,1093,1316,1478,1362,1352,1351,1488,1389,1047,779,500,301,87,15,1,904,22105,978,1007,1114,1252,1126,1102,1218,1414,1689,1501,1451,1424,1559,1489,1196,914,779,528,288,64,12,1671
2015,2015-01-01,42308,423084,長崎県,西彼杵郡時津町,30205,1650,1570,1744,1918,1330,1475,1954,2108,2321,1888,1709,1787,2155,2062,1647,1168,831,560,241,71,16,1719,14564,884,810,964,1045,552,726,958,1041,1170,886,836,804,1068,970,741,532,348,170,51,5,3,577,15641,766,760,780,873,778,749,996,1067,1151,1002,873,983,1087,1092,906,636,483,390,190,66,13,1142
2015,2015-01-01,42320,423203,長崎県,東彼杵郡,38097,1496,1671,1854,1899,1614,1660,1913,2220,2178,2221,2364,2803,3124,2852,2342,2109,1775,1238,571,164,29,3777,18034,781,877,918,946,802,836,943,1102,1042,1107,1154,1410,1548,1396,1011,914,728,384,101,30,4,1247,20063,715,794,936,953,812,824,970,1118,1136,1114,1210,1393,1576,1456,1331,1195,1047,854,470,134,25,2530
2015,2015-01-01,42321,423211,長崎県,東彼杵郡東彼杵町,8462,254,311,381,407,341,359,360,420,438,495,561,711,738,656,542,491,459,328,155,45,10,997,4008,128,161,199,215,160,175,185,211,204,256,274,364,378,313,237,217,183,118,24,6,0,331,4454,126,150,182,192,181,184,175,209,234,239,287,347,360,343,305,274,276,210,131,39,10,666
2015,2015-01-01,42322,423220,長崎県,東彼杵郡川棚町,14512,585,665,754,770,603,580,745,899,880,854,833,984,1189,1098,924,805,629,404,229,74,8,1344,6872,306,349,375,405,306,285,366,427,428,430,399,482,570,542,399,351,265,124,46,16,1,452,7640,279,316,379,365,297,295,379,472,452,424,434,502,619,556,525,454,364,280,183,58,7,892
2015,2015-01-01,42323,423238,長崎県,東彼杵郡波佐見町,15123,657,695,719,722,670,721,808,901,860,872,970,1108,1197,1098,876,813,687,506,187,45,11,1436,7154,347,367,344,326,336,376,392,464,410,421,481,564,600,541,375,346,280,142,31,8,3,464,7969,310,328,375,396,334,345,416,437,450,451,489,544,597,557,501,467,407,364,156,37,8,972
2015,2015-01-01,42380,423807,長崎県,北松浦郡,16463,831,789,819,838,566,717,896,1027,1048,908,923,1140,1360,1283,897,815,743,521,251,79,12,1606,7747,427,385,411,446,248,348,429,503,527,439,436,550,663,639,425,326,289,182,50,21,3,545,8716,404,404,408,392,318,369,467,524,521,469,487,590,697,644,472,489,454,339,201,58,9,1061
2015,2015-01-01,42383,423831,長崎県,北松浦郡小値賀町,2670,70,74,85,82,48,64,87,83,91,110,149,232,290,243,193,212,248,197,73,37,2,557,1228,29,29,44,48,23,33,35,51,44,50,71,115,150,132,98,75,96,74,17,13,1,201,1442,41,45,41,34,25,31,52,32,47,60,78,117,140,111,95,137,152,123,56,24,1,356
2015,2015-01-01,42391,423912,長崎県,北松浦郡佐々町,13793,761,715,734,756,518,653,809,944,957,798,774,908,1070,1040,704,603,495,324,178,42,10,1049,6519,398,356,367,398,225,315,394,452,483,389,365,435,513,507,327,251,193,108,33,8,2,344,7274,363,359,367,358,293,338,415,492,474,409,409,473,557,533,377,352,302,216,145,34,8,705
2015,2015-01-01,42400,424005,長崎県,南松浦郡,21125,547,718,942,931,502,529,680,968,1117,1330,1492,1798,1961,1653,1583,1629,1343,906,377,107,12,2745,9889,261,374,459,482,244,250,330,500,560,665,789,914,1035,800,677,688,503,264,78,16,0,861,11236,286,344,483,449,258,279,350,468,557,665,703,884,926,853,906,941,840,642,299,91,12,1884
2015,2015-01-01,42411,424111,長崎県,南松浦郡新上五島町,21125,547,718,942,931,502,529,680,968,1117,1330,1492,1798,1961,1653,1583,1629,1343,906,377,107,12,2745,9889,261,374,459,482,244,250,330,500,560,665,789,914,1035,800,677,688,503,264,78,16,0,861,11236,286,344,483,449,258,279,350,468,557,665,703,884,926,853,906,941,840,642,299,91,12,1884
2015,2015-01-01,43000,430005,熊本県,,1808418,79923,81768,84837,87642,81353,88608,100527,110241,113964,105744,110189,121419,137846,129281,104020,95777,83642,57125,26154,7110,1248,175279,855565,41215,41729,43710,44764,40498,43728,50058,54850,56423,50650,53309,59047,67569,62491,46403,40357,32458,18828,6112,1205,161,58764,952853,38708,40039,41127,42878,40855,44880,50469,55391,57541,55094,56880,62372,70277,66790,57617,55420,51184,38297,20042,5905,1087,116515
2015,2015-01-01,43100,431001,熊本県,熊本市,730465,34760,34680,35901,37194,37489,40816,45343,49968,52755,47421,45901,46314,49868,48190,37704,31757,26661,17503,7717,2124,399,54404,344038,17888,17613,18338,19027,18444,19636,22059,24393,25651,22345,21796,22157,23860,22560,16535,13329,10286,5860,1845,366,50,18407,386427,16872,17067,17563,18167,19045,21180,23284,25575,27104,25076,24105,24157,26008,25630,21169,18428,16375,11643,5872,1758,349,35997
2015,2015-01-01,43101,431010,熊本県,熊本市中央区,173857,7291,7211,7671,8548,10460,10646,10993,12138,12942,12260,11543,10957,11154,10904,8502,7169,6418,4451,1944,547,108,13468,79953,3712,3603,3857,4291,4959,4977,5235,5830,6195,5644,5491,5223,5316,4972,3593,2846,2266,1385,457,87,14,4209,93904,3579,3608,3814,4257,5501,5669,5758,6308,6747,6616,6052,5734,5838,5932,4909,4323,4152,3066,1487,460,94,9259
2015,2015-01-01,43102,431028,熊本県,熊本市東区,190658,9890,9804,10186,10215,9616,10954,12379,13759,14410,12486,12274,12400,13070,11744,8779,7139,5715,3716,1622,411,89,11553,90707,5201,5009,5191,5210,4739,5282,6054,6668,6993,5933,5774,5902,6283,5557,3877,3059,2223,1264,403,75,10,3975,99951,4689,4795,4995,5005,4877,5672,6325,7091,7417,6553,6500,6498,6787,6187,4902,4080,3492,2452,1219,336,79,7578
2015,2015-01-01,43103,431036,熊本県,熊本市西区,92801,3763,3906,4137,4551,4379,4648,5202,5586,6177,5902,5678,5954,6831,6923,5715,4899,4105,2776,1250,361,58,8550,43394,1937,1948,2133,2344,2217,2319,2590,2770,3002,2810,2688,2818,3258,3183,2515,2032,1560,899,300,66,5,2830,49407,1826,1958,2004,2207,2162,2329,2612,2816,3175,3092,2990,3136,3573,3740,3200,2867,2545,1877,950,295,53,5720
2015,2015-01-01,43104,431044,熊本県,熊本市南区,127516,6959,6776,6592,6135,5784,6992,8187,9017,9072,7675,7574,8017,8720,8378,6517,5494,4698,3089,1374,394,72,9627,60498,3584,3501,3350,3109,2827,3275,3955,4424,4446,3677,3608,3916,4201,4056,2937,2340,1847,1045,325,63,12,3292,67018,3375,3275,3242,3026,2957,3717,4232,4593,4626,3998,3966,4101,4519,4322,3580,3154,2851,2044,1049,331,60,6335
2015,2015-01-01,43105,431052,熊本県,熊本市北区,145633,6857,6983,7315,7745,7250,7576,8582,9468,10154,9098,8832,8986,10093,10241,8191,7056,5725,3471,1527,411,72,11206,69486,3454,3552,3807,4073,3702,3783,4225,4701,5015,4281,4235,4298,4802,4792,3613,3052,2390,1267,360,75,9,4101,76147,3403,3431,3508,3672,3548,3793,4357,4767,5139,4817,4597,4688,5291,5449,4578,4004,3335,2204,1167,336,63,7105
2015,2015-01-01,43202,432024,熊本県,八代市,130090,5174,5346,5805,6252,5336,5604,6429,7208,7697,7553,8080,8991,10387,9891,8476,7940,6915,4517,1917,485,87,13921,61003,2711,2727,2991,3144,2688,2743,3219,3564,3821,3655,3988,4425,5039,4765,3717,3227,2615,1469,403,81,11,4579,69087,2463,2619,2814,3108,2648,2861,3210,3644,3876,3898,4092,4566,5348,5126,4759,4713,4300,3048,1514,404,76,9342
2015,2015-01-01,43203,432032,熊本県,人吉市,34252,1448,1457,1578,1602,1184,1352,1661,1785,1839,1895,2128,2442,2767,2676,2156,2153,1969,1355,635,147,23,4129,15805,766,755,812,814,576,672,832,858,917,899,1001,1155,1344,1265,915,868,739,456,138,20,3,1356,18447,682,702,766,788,608,680,829,927,922,996,1127,1287,1423,1411,1241,1285,1230,899,497,127,20,2773
2015,2015-01-01,43204,432041,熊本県,荒尾市,54598,2231,2326,2426,2710,1991,2404,2964,3378,3208,2760,2849,3536,4734,4605,3583,3216,2550,1871,947,264,45,5677,25698,1121,1216,1260,1432,994,1196,1510,1739,1595,1343,1351,1690,2285,2229,1618,1322,952,561,229,47,8,1797,28900,1110,1110,1166,1278,997,1208,1454,1639,1613,1417,1498,1846,2449,2376,1965,1894,1598,1310,718,217,37,3880
2015,2015-01-01,43205,432059,熊本県,水俣市,26324,952,1024,1107,1199,993,1115,1192,1223,1424,1388,1458,1866,2295,2143,1882,1758,1568,1042,507,161,27,3305,12255,506,544,556,631,509,568,608,616,692,684,706,889,1144,998,846,750,549,326,100,28,5,1008,14069,446,480,551,568,484,547,584,607,732,704,752,977,1151,1145,1036,1008,1019,716,407,133,22,2297
2015,2015-01-01,43206,432067,熊本県,玉名市,68115,2704,2885,3133,3388,2986,3094,3531,3710,3870,3716,4165,4708,5525,4943,4323,4117,3506,2335,1097,322,57,7317,32285,1400,1475,1612,1699,1451,1524,1781,1871,1933,1822,2030,2326,2792,2438,1913,1774,1373,755,253,58,5,2444,35830,1304,1410,1521,1689,1535,1570,1750,1839,1937,1894,2135,2382,2733,2505,2410,2343,2133,1580,844,264,52,4873
2015,2015-01-01,43208,432083,熊本県,山鹿市,54642,2008,2187,2316,2524,2401,2407,2647,2809,2868,2942,3045,3797,4534,4345,3483,3428,3108,2308,1114,319,52,6901,25796,1025,1122,1210,1311,1155,1233,1397,1437,1437,1388,1446,1868,2273,2115,1553,1496,1206,781,281,56,6,2330,28846,983,1065,1106,1213,1246,1174,1250,1372,1431,1554,1599,1929,2261,2230,1930,1932,1902,1527,833,263,46,4571
2015,2015-01-01,43210,432105,熊本県,菊池市,50241,2189,2189,2244,2452,2346,2526,2678,2751,2646,2592,2970,3653,4039,3653,2924,2806,2597,1790,885,259,52,5583,24154,1115,1098,1190,1314,1200,1283,1383,1465,1315,1239,1446,1753,2071,1818,1338,1205,1026,623,233,35,4,1921,26087,1074,1091,1054,1138,1146,1243,1295,1286,1331,1353,1524,1900,1968,1835,1586,1601,1571,1167,652,224,48,3662
2015,2015-01-01,43211,432113,熊本県,宇土市,37978,1682,1755,1898,2050,1786,1840,2047,2237,2452,2393,2553,2499,2651,2559,2156,1990,1654,1115,506,134,21,3430,18215,849,909,981,1043,911,946,1006,1109,1197,1158,1264,1273,1289,1249,998,843,672,378,118,19,3,1190,19763,833,846,917,1007,875,894,1041,1128,1255,1235,1289,1226,1362,1310,1158,1147,982,737,388,115,18,2240
2015,2015-01-01,43212,432121,熊本県,上天草市,29670,943,1040,1200,1380,1108,1112,1215,1351,1463,1647,1874,2306,2546,2425,1979,2062,1912,1329,587,163,28,4019,14011,475,532,627,704,544,566,603,714,743,824,931,1176,1249,1228,893,876,765,410,113,32,6,1326,15659,468,508,573,676,564,546,612,637,720,823,943,1130,1297,1197,1086,1186,1147,919,474,131,22,2693
2015,2015-01-01,43213,432130,熊本県,宇城市,61194,2530,2657,2760,2880,2626,2852,3194,3491,3506,3362,3741,4196,4962,4631,3773,3487,3060,2121,1070,250,45,6546,29002,1333,1328,1475,1464,1297,1396,1599,1766,1761,1621,1796,2032,2479,2252,1769,1467,1205,681,236,40,5,2167,32192,1197,1329,1285,1416,1329,1456,1595,1725,1745,1741,1945,2164,2483,2379,2004,2020,1855,1440,834,210,40,4379
2015,2015-01-01,43214,432148,熊本県,阿蘇市,27605,1047,1022,1231,1150,1201,1233,1288,1394,1372,1433,1633,1876,2408,2181,1778,1816,1672,1146,563,139,22,3542,13097,564,523,652,570,621,627,681,701,702,679,805,942,1198,1070,818,731,664,394,131,20,4,1213,14508,483,499,579,580,580,606,607,693,670,754,828,934,1210,1111,960,1085,1008,752,432,119,18,2329
2015,2015-01-01,43215,432156,熊本県,天草市,86923,3042,3358,3785,3932,2900,2832,3585,4118,4432,4625,5357,6747,7567,6813,5932,5795,5591,4059,1882,488,83,12103,40645,1585,1671,1968,1985,1445,1419,1853,2085,2236,2254,2629,3344,3811,3352,2690,2459,2067,1296,408,80,8,3859,46278,1457,1687,1817,1947,1455,1413,1732,2033,2196,2371,2728,3403,3756,3461,3242,3336,3524,2763,1474,408,75,8244
2015,2015-01-01,43216,432164,熊本県,合志市,58696,3497,3629,3375,2829,2606,3038,3833,4456,4335,3340,3217,3601,4106,3862,2811,2281,1881,1217,582,168,32,3880,28292,1776,1867,1764,1481,1287,1488,1865,2172,2194,1601,1522,1726,1952,1898,1297,1030,775,424,133,37,3,1372,30404,1721,1762,1611,1348,1319,1550,1968,2284,2141,1739,1695,1875,2154,1964,1514,1251,1106,793,449,131,29,2508
2015,2015-01-01,43340,433403,熊本県,下益城郡,11053,272,361,397,409,391,417,488,472,457,499,690,870,1045,842,752,825,810,652,317,78,9,1866,5218,134,185,205,197,222,222,258,256,231,245,349,432,562,444,329,333,329,207,57,19,2,614,5835,138,176,192,212,169,195,230,216,226,254,341,438,483,398,423,492,481,445,260,59,7,1252
2015,2015-01-01,43348,433489,熊本県,下益城郡美里町,11053,272,361,397,409,391,417,488,472,457,499,690,870,1045,842,752,825,810,652,317,78,9,1866,5218,134,185,205,197,222,222,258,256,231,245,349,432,562,444,329,333,329,207,57,19,2,614,5835,138,176,192,212,169,195,230,216,226,254,341,438,483,398,423,492,481,445,260,59,7,1252
2015,2015-01-01,43360,433608,熊本県,玉名郡,43089,1590,1629,1743,1940,1807,1984,2103,2119,2102,2212,2514,3058,3904,3398,2776,2855,2562,1674,852,221,46,5355,20536,810,825,860,992,935,1036,1088,1074,1048,1110,1237,1542,1998,1703,1249,1219,996,550,216,41,7,1810,22553,780,804,883,948,872,948,1015,1045,1054,1102,1277,1516,1906,1695,1527,1636,1566,1124,636,180,39,3545
2015,2015-01-01,43364,433641,熊本県,玉名郡玉東町,5504,217,268,248,241,212,234,238,310,286,325,335,355,451,397,400,379,311,185,85,21,6,608,2589,110,136,120,129,101,110,120,159,138,163,170,176,226,188,174,159,128,58,19,5,0,210,2915,107,132,128,112,111,124,118,151,148,162,165,179,225,209,226,220,183,127,66,16,6,398
2015,2015-01-01,43367,433675,熊本県,玉名郡南関町,10399,370,338,415,493,485,463,474,460,494,542,650,719,860,798,646,759,710,436,225,47,15,1433,4932,188,162,198,232,260,247,240,240,239,274,329,383,444,391,295,324,282,132,60,8,4,486,5467,182,176,217,261,225,216,234,220,255,268,321,336,416,407,351,435,428,304,165,39,11,947
2015,2015-01-01,43368,433683,熊本県,玉名郡長洲町,16350,643,658,714,745,674,847,884,901,863,800,848,1156,1677,1388,1001,921,748,537,267,66,12,1630,7924,321,339,345,398,359,454,470,440,444,403,416,549,868,724,466,385,278,174,77,12,2,543,8426,322,319,369,347,315,393,414,461,419,397,432,607,809,664,535,536,470,363,190,54,10,1087
2015,2015-01-01,43369,433691,熊本県,玉名郡和水町,10836,360,365,366,461,436,440,507,448,459,545,681,828,916,815,729,796,793,516,275,87,13,1684,5091,191,188,197,233,215,225,258,235,227,270,322,434,460,400,314,351,308,186,60,16,1,571,5745,169,177,169,228,221,215,249,213,232,275,359,394,456,415,415,445,485,330,215,71,12,1113
2015,2015-01-01,43400,434001,熊本県,菊池郡,73228,4698,4429,3993,3701,3547,4750,5450,5769,5519,4371,4182,4284,4539,4164,2927,2537,2117,1415,631,173,32,4368,35953,2423,2294,2034,1828,1842,2482,2788,2901,2788,2176,2085,2117,2177,1992,1383,1108,833,503,169,28,2,1535,37275,2275,2135,1959,1873,1705,2268,2662,2868,2731,2195,2097,2167,2362,2172,1544,1429,1284,912,462,145,30,2833
2015,2015-01-01,43403,434035,熊本県,菊池郡大津町,33606,2144,1956,1683,1744,1766,2233,2508,2370,2280,1956,2008,2121,2070,1858,1327,1222,1100,798,355,90,17,2360,16534,1119,1031,847,873,957,1187,1286,1213,1141,956,1011,1068,994,892,612,525,421,288,95,18,0,822,17072,1025,925,836,871,809,1046,1222,1157,1139,1000,997,1053,1076,966,715,697,679,510,260,72,17,1538
2015,2015-01-01,43404,434043,熊本県,菊池郡菊陽町,39622,2554,2473,2310,1957,1781,2517,2942,3399,3239,2415,2174,2163,2469,2306,1600,1315,1017,617,276,83,15,2008,19419,1304,1263,1187,955,885,1295,1502,1688,1647,1220,1074,1049,1183,1100,771,583,412,215,74,10,2,713,20203,1250,1210,1123,1002,896,1222,1440,1711,1592,1195,1100,1114,1286,1206,829,732,605,402,202,73,13,1295
2015,2015-01-01,43420,434205,熊本県,阿蘇郡,39311,1425,1581,1616,1626,1602,1549,1728,1952,2023,1936,2424,3056,3467,3196,2495,2572,2369,1664,784,211,35,5063,18921,750,838,863,852,818,827,872,1007,1008,923,1239,1534,1771,1648,1107,1088,953,589,189,38,7,1776,20390,675,743,753,774,784,722,856,945,1015,1013,1185,1522,1696,1548,1388,1484,1416,1075,595,173,28,3287
2015,2015-01-01,43423,434230,熊本県,阿蘇郡南小国町,4285,169,157,163,178,148,189,201,227,185,185,259,307,383,331,261,299,295,217,93,28,10,643,2015,85,82,78,81,66,109,112,121,85,97,141,137,194,175,106,126,112,77,21,7,3,220,2270,84,75,85,97,82,80,89,106,100,88,118,170,189,156,155,173,183,140,72,21,7,423
2015,2015-01-01,43424,434248,熊本県,阿蘇郡小国町,7663,221,294,303,332,268,274,303,360,374,360,497,581,690,653,538,523,509,385,164,29,5,1092,3648,115,146,170,162,146,144,156,191,207,167,256,291,349,331,239,201,199,136,37,5,0,377,4015,106,148,133,170,122,130,147,169,167,193,241,290,341,322,299,322,310,249,127,24,5,715
2015,2015-01-01,43425,434256,熊本県,阿蘇郡産山村,1592,59,67,57,61,68,47,63,58,59,97,96,112,137,120,95,139,125,79,41,12,0,257,841,42,38,35,36,38,28,30,32,27,52,52,66,80,62,45,67,61,32,15,3,0,111,751,17,29,22,25,30,19,33,26,32,45,44,46,57,58,50,72,64,47,26,9,0,146
2015,2015-01-01,43428,434281,熊本県,阿蘇郡高森町,6897,236,241,257,261,285,266,289,315,305,344,422,576,607,544,456,532,449,310,145,51,6,961,3296,113,137,148,132,125,150,144,158,145,156,219,306,322,275,187,235,182,111,37,13,1,344,3601,123,104,109,129,160,116,145,157,160,188,203,270,285,269,269,297,267,199,108,38,5,617
2015,2015-01-01,43432,434329,熊本県,阿蘇郡西原村,7092,337,380,354,312,257,346,406,417,449,388,450,551,576,494,346,339,320,217,110,39,4,690,3468,182,196,182,179,135,169,191,223,229,186,220,270,291,265,166,156,133,71,20,3,1,228,3624,155,184,172,133,122,177,215,194,220,202,230,281,285,229,180,183,187,146,90,36,3,462
2015,2015-01-01,43433,434337,熊本県,阿蘇郡南阿蘇村,11782,403,442,482,482,576,427,466,575,651,562,700,929,1074,1054,799,740,671,456,231,52,10,1420,5653,213,239,250,262,308,227,239,282,315,265,351,464,535,540,364,303,266,162,59,7,2,496,6129,190,203,232,220,268,200,227,293,336,297,349,465,539,514,435,437,405,294,172,45,8,924
2015,2015-01-01,43440,434400,熊本県,上益城郡,88734,3961,3983,3759,3899,3694,4002,4792,5108,4952,4560,5127,6121,7453,6691,5369,5177,4643,3312,1588,469,74,10086,42567,2059,2022,1976,2014,1917,1977,2440,2578,2525,2162,2529,3000,3769,3402,2424,2271,1916,1103,394,81,8,3502,46167,1902,1961,1783,1885,1777,2025,2352,2530,2427,2398,2598,3121,3684,3289,2945,2906,2727,2209,1194,388,66,6584
2015,2015-01-01,43441,434418,熊本県,上益城郡御船町,17753,745,784,718,804,753,800,942,1025,984,878,1022,1293,1588,1404,1118,973,924,609,299,78,12,1922,8479,391,404,370,404,382,398,456,523,484,416,513,639,786,700,520,455,359,190,73,16,0,638,9274,354,380,348,400,371,402,486,502,500,462,509,654,802,704,598,518,565,419,226,62,12,1284
2015,2015-01-01,43442,434426,熊本県,上益城郡嘉島町,9085,529,460,407,428,460,471,581,624,594,527,499,552,604,584,459,475,392,269,120,43,7,831,4370,253,232,231,226,244,214,291,307,307,261,232,267,320,290,218,208,152,80,31,6,0,269,4715,276,228,176,202,216,257,290,317,287,266,267,285,284,294,241,267,240,189,89,37,7,562
2015,2015-01-01,43443,434434,熊本県,上益城郡益城町,34120,1791,1748,1682,1628,1493,1757,2045,2262,2173,1868,1976,2274,2700,2398,1851,1608,1345,932,434,136,19,2866,16417,963,877,877,831,764,845,1040,1126,1101,883,954,1062,1307,1202,852,716,558,331,105,21,2,1017,17703,828,871,805,797,729,912,1005,1136,1072,985,1022,1212,1393,1196,999,892,787,601,329,115,17,1849
2015,2015-01-01,43444,434442,熊本県,上益城郡甲佐町,11269,465,480,443,442,443,446,605,564,572,544,647,735,927,927,745,722,696,512,262,80,12,1562,5330,248,238,236,221,223,237,312,283,298,239,341,355,479,457,337,309,278,163,64,9,3,517,5939,217,242,207,221,220,209,293,281,274,305,306,380,448,470,408,413,418,349,198,71,9,1045
2015,2015-01-01,43447,434477,熊本県,上益城郡山都町,16507,431,511,509,597,545,528,619,633,629,743,983,1267,1634,1378,1196,1399,1286,990,473,132,24,2905,7971,204,271,262,332,304,283,341,339,335,363,489,677,877,753,497,583,569,339,121,29,3,1061,8536,227,240,247,265,241,245,278,294,294,380,494,590,757,625,699,816,717,651,352,103,21,1844
2015,2015-01-01,43460,434604,熊本県,八代郡,12546,447,524,504,572,452,511,592,692,668,637,775,897,1096,1036,807,825,742,512,202,46,9,1511,5894,227,282,244,285,223,260,304,351,349,311,389,413,543,508,376,330,282,160,52,4,1,499,6652,220,242,260,287,229,251,288,341,319,326,386,484,553,528,431,495,460,352,150,42,8,1012
2015,2015-01-01,43468,434680,熊本県,八代郡氷川町,12546,447,524,504,572,452,511,592,692,668,637,775,897,1096,1036,807,825,742,512,202,46,9,1511,5894,227,282,244,285,223,260,304,351,349,311,389,413,543,508,376,330,282,160,52,4,1,499,6652,220,242,260,287,229,251,288,341,319,326,386,484,553,528,431,495,460,352,150,42,8,1012
2015,2015-01-01,43480,434809,熊本県,葦北郡,23740,760,808,911,961,800,813,956,1008,1080,1177,1455,1827,2146,1877,1763,1834,1678,1172,553,139,22,3564,11165,400,394,470,493,398,436,478,535,585,596,722,898,1063,951,776,792,662,372,118,23,3,1178,12575,360,414,441,468,402,377,478,473,495,581,733,929,1083,926,987,1042,1016,800,435,116,19,2386
2015,2015-01-01,43482,434825,熊本県,葦北郡芦北町,18740,601,625,709,698,638,646,758,797,832,913,1162,1435,1708,1521,1421,1475,1325,916,439,105,16,2801,8821,315,304,373,352,322,339,373,426,463,464,576,700,831,762,631,645,525,302,97,18,3,945,9919,286,321,336,346,316,307,385,371,369,449,586,735,877,759,790,830,800,614,342,87,13,1856
2015,2015-01-01,43484,434841,熊本県,葦北郡津奈木町,5000,159,183,202,263,162,167,198,211,248,264,293,392,438,356,342,359,353,256,114,34,6,763,2344,85,90,97,141,76,97,105,109,122,132,146,198,232,189,145,147,137,70,21,5,0,233,2656,74,93,105,122,86,70,93,102,126,132,147,194,206,167,197,212,216,186,93,29,6,530
2015,2015-01-01,43500,435007,熊本県,球磨郡,58092,2291,2597,2831,2649,1864,2105,2516,2835,2892,2893,3561,4169,5096,4561,3661,3972,3591,2615,1059,296,38,7599,27342,1164,1350,1460,1316,899,1067,1272,1444,1484,1412,1796,2054,2543,2309,1624,1605,1418,813,260,44,8,2543,30750,1127,1247,1371,1333,965,1038,1244,1391,1408,1481,1765,2115,2553,2252,2037,2367,2173,1802,799,252,30,5056
2015,2015-01-01,43501,435015,熊本県,球磨郡錦町,11212,552,554,653,530,411,520,594,636,615,584,698,768,986,816,594,576,517,424,139,39,6,1125,5266,281,286,327,256,193,261,293,327,320,273,334,367,477,413,265,235,194,124,35,5,0,358,5946,271,268,326,274,218,259,301,309,295,311,364,401,509,403,329,341,323,300,104,34,6,767
2015,2015-01-01,43505,435058,熊本県,球磨郡多良木町,10276,373,431,473,476,293,324,391,481,515,506,611,725,939,849,703,736,670,513,198,63,6,1450,4847,189,216,237,246,142,170,202,237,274,246,321,344,465,444,305,306,272,173,46,11,1,503,5429,184,215,236,230,151,154,189,244,241,260,290,381,474,405,398,430,398,340,152,52,5,947
2015,2015-01-01,43506,435066,熊本県,球磨郡湯前町,4231,153,153,165,205,114,139,152,169,193,225,265,304,330,354,311,328,294,246,95,29,7,671,1963,77,78,87,104,60,70,83,78,94,115,136,146,160,180,130,144,113,74,26,6,2,221,2268,76,75,78,101,54,69,69,91,99,110,129,158,170,174,181,184,181,172,69,23,5,450
2015,2015-01-01,43507,435074,熊本県,球磨郡水上村,2386,92,107,107,105,84,63,84,111,105,112,157,170,190,184,138,222,172,119,53,10,1,355,1119,50,59,57,49,47,30,40,50,49,59,81,94,93,94,61,81,70,37,14,3,1,125,1267,42,48,50,56,37,33,44,61,56,53,76,76,97,90,77,141,102,82,39,7,0,230
2015,2015-01-01,43510,435104,熊本県,球磨郡相良村,4804,162,208,226,201,174,152,196,219,230,217,320,351,442,423,329,367,262,204,92,26,3,587,2263,81,118,103,93,77,79,99,124,116,106,166,179,227,204,139,153,109,64,22,3,1,199,2541,81,90,123,108,97,73,97,95,114,111,154,172,215,219,190,214,153,140,70,23,2,388
2015,2015-01-01,43511,435112,熊本県,球磨郡五木村,1223,21,38,33,42,30,46,49,48,52,49,81,86,105,108,97,121,99,65,35,17,1,217,590,12,21,19,25,16,21,26,29,29,23,49,43,62,54,45,47,39,19,8,3,0,69,633,9,17,14,17,14,25,23,19,23,26,32,43,43,54,52,74,60,46,27,14,1,148
2015,2015-01-01,43512,435121,熊本県,球磨郡山江村,3702,181,222,204,178,117,140,182,202,178,172,215,285,313,265,206,236,219,123,50,14,0,406,1749,94,106,118,77,57,67,83,101,89,84,114,143,159,134,96,83,95,36,12,1,0,144,1953,87,116,86,101,60,73,99,101,89,88,101,142,154,131,110,153,124,87,38,13,0,262
2015,2015-01-01,43513,435139,熊本県,球磨郡球磨村,4100,120,144,153,151,142,123,141,145,172,185,275,329,386,312,273,350,340,228,109,20,2,699,1944,71,72,80,68,71,56,74,76,97,98,146,179,211,157,113,141,127,74,30,2,1,234,2156,49,72,73,83,71,67,67,69,75,87,129,150,175,155,160,209,213,154,79,18,1,465
2015,2015-01-01,43514,435147,熊本県,球磨郡あさぎり町,16158,637,740,817,761,499,598,727,824,832,843,939,1151,1405,1250,1010,1036,1018,693,288,78,12,2089,7601,309,394,432,398,236,313,372,422,416,408,449,559,689,629,470,415,399,212,67,10,2,690,8557,328,346,385,363,263,285,355,402,416,435,490,592,716,621,540,621,619,481,221,68,10,1399
2015,2015-01-01,43520,435201,熊本県,天草郡,7832,272,301,324,343,243,252,295,407,404,392,490,605,711,599,510,574,486,401,159,54,10,1110,3673,134,159,162,168,122,124,162,214,211,203,252,301,357,297,235,234,175,117,36,8,2,338,4159,138,142,162,175,121,128,133,193,193,189,238,304,354,302,275,340,311,284,123,46,8,772
2015,2015-01-01,43531,435317,熊本県,天草郡苓北町,7832,272,301,324,343,243,252,295,407,404,392,490,605,711,599,510,574,486,401,159,54,10,1110,3673,134,159,162,168,122,124,162,214,211,203,252,301,357,297,235,234,175,117,36,8,2,338,4159,138,142,162,175,121,128,133,193,193,189,238,304,354,302,275,340,311,284,123,46,8,772
2015,2015-01-01,44000,440001,大分県,,1180721,48386,50521,52671,55046,51733,55550,63366,73742,77938,67971,68183,77208,91107,92426,74935,64535,56138,37790,16525,4292,658,115403,560320,24819,25826,27156,28022,26558,28300,32012,37325,38918,32959,32910,37393,44363,43982,33667,27183,21892,12208,3914,834,79,38927,620401,23567,24695,25515,27024,25175,27250,31354,36417,39020,35012,35273,39815,46744,48444,41268,37352,34246,25582,12611,3458,579,76476
2015,2015-01-01,44201,442011,大分県,大分市,476056,22328,22637,23193,23698,22775,25475,29193,34133,36342,30001,28318,30646,34683,34446,26335,19972,15906,10195,4479,1133,168,31881,228806,11379,11559,11940,12141,11753,12777,14491,17149,18087,14410,13407,14618,16635,16429,12238,8737,6307,3453,1050,225,21,11056,247250,10949,11078,11253,11557,11022,12698,14702,16984,18255,15591,14911,16028,18048,18017,14097,11235,9599,6742,3429,908,147,20825
2015,2015-01-01,44202,442020,大分県,別府市,117062,4338,4590,4747,5113,5394,5430,5853,7106,7729,7041,6768,7032,8491,10056,8536,7027,5937,3782,1630,393,69,11811,53621,2223,2363,2465,2651,2684,2659,2861,3479,3769,3313,3237,3268,3956,4451,3559,2805,2259,1152,379,78,10,3878,63441,2115,2227,2282,2462,2710,2771,2992,3627,3960,3728,3531,3764,4535,5605,4977,4222,3678,2630,1251,315,59,7933
2015,2015-01-01,44203,442038,大分県,中津市,84717,4055,3932,3993,3995,3716,4440,4932,5138,5552,4945,4776,5538,6205,6255,5159,4430,3784,2468,1076,275,53,7656,40420,2054,1968,2046,2010,1938,2374,2540,2704,2776,2419,2282,2704,3076,2935,2306,1835,1410,751,237,50,5,2453,44297,2001,1964,1947,1985,1778,2066,2392,2434,2776,2526,2494,2834,3129,3320,2853,2595,2374,1717,839,225,48,5203
2015,2015-01-01,44204,442046,大分県,日田市,69122,2775,3022,3136,3276,2806,2800,3327,3928,4070,3890,4196,4828,5624,5334,4391,4079,3707,2502,1125,268,38,7640,32787,1450,1569,1635,1622,1381,1456,1683,2000,1996,1957,2095,2403,2806,2545,1966,1687,1432,784,266,50,4,2536,36335,1325,1453,1501,1654,1425,1344,1644,1928,2074,1933,2101,2425,2818,2789,2425,2392,2275,1718,859,218,34,5104
2015,2015-01-01,44205,442054,大分県,佐伯市,75819,2576,2764,3077,3235,2754,2934,3451,4108,4355,3927,4380,5268,6409,6558,5647,5131,4549,3009,1274,363,50,9245,35081,1353,1387,1546,1620,1393,1495,1771,2058,2180,1892,2099,2532,3096,3069,2462,2113,1737,938,276,57,7,3015,40738,1223,1377,1531,1615,1361,1439,1680,2050,2175,2035,2281,2736,3313,3489,3185,3018,2812,2071,998,306,43,6230
2015,2015-01-01,44206,442062,大分県,臼杵市,40824,1343,1486,1733,1686,1469,1496,1808,2223,2317,2012,2305,2811,3438,3743,3100,2728,2492,1727,674,209,24,5126,19303,714,772,920,878,721,756,948,1131,1181,993,1131,1348,1713,1802,1407,1145,964,563,172,41,3,1743,21521,629,714,813,808,748,740,860,1092,1136,1019,1174,1463,1725,1941,1693,1583,1528,1164,502,168,21,3383
2015,2015-01-01,44207,442071,大分県,津久見市,19255,536,612,672,793,657,730,800,970,1070,925,1072,1352,1810,1850,1530,1356,1220,833,370,84,13,2520,9009,268,321,342,396,335,376,413,483,550,459,530,648,919,890,682,570,458,271,84,14,0,827,10246,268,291,330,397,322,354,387,487,520,466,542,704,891,960,848,786,762,562,286,70,13,1693
2015,2015-01-01,44208,442089,大分県,竹田市,23653,646,732,758,882,805,815,921,998,980,966,1260,1736,2117,2064,1779,1957,2013,1410,602,185,27,4237,11073,343,369,381,458,432,417,489,533,498,476,617,857,1124,1046,745,813,792,477,153,49,4,1475,12580,303,363,377,424,373,398,432,465,482,490,643,879,993,1018,1034,1144,1221,933,449,136,23,2762
2015,2015-01-01,44209,442097,大分県,豊後高田市,23234,741,834,922,983,907,943,1030,1221,1273,1143,1277,1555,1977,1899,1655,1676,1496,1069,495,121,17,3198,10994,375,449,483,485,482,483,540,661,654,572,644,773,976,950,724,673,614,315,118,22,1,1070,12240,366,385,439,498,425,460,490,560,619,571,633,782,1001,949,931,1003,882,754,377,99,16,2128
2015,2015-01-01,44210,442101,大分県,杵築市,30862,1123,1193,1240,1327,1282,1402,1558,1771,1795,1658,1659,1986,2449,2391,2067,1921,1834,1379,652,154,21,4040,14799,592,606,642,669,685,718,840,927,929,805,834,1008,1242,1183,962,804,725,445,151,30,2,1353,16063,531,587,598,658,597,684,718,844,866,853,825,978,1207,1208,1105,1117,1109,934,501,124,19,2687
2015,2015-01-01,44211,442119,大分県,宇佐市,58466,2208,2368,2579,2733,2416,2418,2841,3319,3458,3204,3300,3834,4778,4650,3847,3653,3267,2267,1030,256,40,6860,27506,1100,1189,1324,1395,1226,1239,1484,1688,1740,1633,1592,1866,2355,2252,1729,1507,1214,698,238,35,2,2187,30960,1108,1179,1255,1338,1190,1179,1357,1631,1718,1571,1708,1968,2423,2398,2118,2146,2053,1569,792,221,38,4673
2015,2015-01-01,44212,442127,大分県,豊後大野市,38461,1176,1336,1466,1631,1384,1357,1641,1853,1923,1691,2018,2612,3228,3260,2701,2903,2854,2190,920,281,36,6281,17908,605,683,746,823,687,709,850,933,977,821,1000,1280,1609,1590,1203,1192,1141,745,244,66,4,2200,20553,571,653,720,808,697,648,791,920,946,870,1018,1332,1619,1670,1498,1711,1713,1445,676,215,32,4081
2015,2015-01-01,44213,442135,大分県,由布市,35386,1484,1530,1505,1600,1738,1690,1901,2202,2081,1851,1897,2201,2832,2767,2169,2068,1821,1262,598,159,30,3870,16997,779,829,764,816,925,893,964,1122,1044,891,962,1101,1386,1354,950,880,756,387,152,37,5,1337,18389,705,701,741,784,813,797,937,1080,1037,960,935,1100,1446,1413,1219,1188,1065,875,446,122,25,2533
2015,2015-01-01,44214,442143,大分県,国東市,30254,837,990,1131,1389,1180,1094,1202,1471,1548,1558,1675,2039,2436,2522,2236,2203,2256,1606,695,156,30,4743,14458,442,504,603,689,635,642,647,774,790,761,851,1065,1183,1240,1031,946,882,551,191,27,4,1655,15796,395,486,528,700,545,452,555,697,758,797,824,974,1253,1282,1205,1257,1374,1055,504,129,26,3088
2015,2015-01-01,44320,443204,大分県,東国東郡,2233,56,65,62,86,77,64,71,85,89,100,131,200,249,227,178,143,155,120,63,7,5,350,1050,28,42,34,49,43,32,39,46,42,42,72,104,122,118,79,64,52,29,11,1,1,94,1183,28,23,28,37,34,32,32,39,47,58,59,96,127,109,99,79,103,91,52,6,4,256
2015,2015-01-01,44322,443221,大分県,東国東郡姫島村,2233,56,65,62,86,77,64,71,85,89,100,131,200,249,227,178,143,155,120,63,7,5,350,1050,28,42,34,49,43,32,39,46,42,42,72,104,122,118,79,64,52,29,11,1,1,94,1183,28,23,28,37,34,32,32,39,47,58,59,96,127,109,99,79,103,91,52,6,4,256
2015,2015-01-01,44340,443409,大分県,速見郡,28522,1225,1397,1400,1400,1260,1405,1612,1907,1991,1688,1614,1772,2103,2156,1724,1420,1173,792,353,115,15,2448,13658,611,714,716,704,614,701,806,974,990,814,798,889,1028,1010,818,613,493,250,84,28,3,858,14864,614,683,684,696,646,704,806,933,1001,874,816,883,1075,1146,906,807,680,542,269,87,12,1590
2015,2015-01-01,44341,443417,大分県,速見郡日出町,28522,1225,1397,1400,1400,1260,1405,1612,1907,1991,1688,1614,1772,2103,2156,1724,1420,1173,792,353,115,15,2448,13658,611,714,716,704,614,701,806,974,990,814,798,889,1028,1010,818,613,493,250,84,28,3,858,14864,614,683,684,696,646,704,806,933,1001,874,816,883,1075,1146,906,807,680,542,269,87,12,1590
2015,2015-01-01,44460,444600,大分県,玖珠郡,26795,939,1033,1057,1219,1113,1057,1225,1309,1365,1371,1537,1798,2278,2248,1881,1868,1674,1179,489,133,22,3497,12850,503,502,569,616,624,573,646,663,715,701,759,929,1137,1118,806,799,656,399,108,24,3,1190,13945,436,531,488,603,489,484,579,646,650,670,778,869,1141,1130,1075,1069,1018,780,381,109,19,2307
2015,2015-01-01,44461,444618,大分県,玖珠郡九重町,10232,343,360,367,441,374,354,443,478,477,486,588,700,937,884,748,807,697,477,210,49,12,1445,4877,181,177,198,215,187,182,233,240,261,257,277,367,497,435,325,347,282,153,52,10,1,498,5355,162,183,169,226,187,172,210,238,216,229,311,333,440,449,423,460,415,324,158,39,11,947
2015,2015-01-01,44462,444626,大分県,玖珠郡玖珠町,16563,596,673,690,778,739,703,782,831,888,885,949,1098,1341,1364,1133,1061,977,702,279,84,10,2052,7973,322,325,371,401,437,391,413,423,454,444,482,562,640,683,481,452,374,246,56,14,2,692,8590,274,348,319,377,302,312,369,408,434,441,467,536,701,681,652,609,603,456,223,70,8,1360
2015,2015-01-01,45000,450006,宮崎県,,1131341,49565,51322,53817,55812,47445,51815,60608,69118,71371,63578,68396,78021,89674,84902,66968,61069,52855,34723,15249,4251,782,107860,534972,25323,26189,27517,28498,23893,25527,29796,34419,35269,30484,33142,37807,43871,40752,30306,25968,20619,11301,3453,747,91,36211,596369,24242,25133,26300,27314,23552,26288,30812,34699,36102,33094,35254,40214,45803,44150,36662,35101,32236,23422,11796,3504,691,71649
2015,2015-01-01,45201,452017,宮崎県,宮崎市,404223,18922,19327,19852,20943,18786,20450,23549,27882,29510,25430,25046,26252,29550,29111,22020,17906,14740,9421,4103,1178,245,29687,190510,9647,9851,10103,10565,9232,9847,11255,13628,14412,11987,11968,12410,14099,13697,10101,7682,5696,3148,931,226,25,10026,213713,9275,9476,9749,10378,9554,10603,12294,14254,15098,13443,13078,13842,15451,15414,11919,10224,9044,6273,3172,952,220,19661
2015,2015-01-01,45202,452025,宮崎県,都城市,168607,7767,7916,8143,8139,7209,8191,9384,10075,10140,8987,10156,11717,13141,12305,9611,9142,8093,5379,2318,676,118,16584,79480,3986,3992,4213,4166,3593,4008,4635,5061,5004,4285,4875,5718,6334,6024,4359,3851,3043,1705,498,118,12,5376,89127,3781,3924,3930,3973,3616,4183,4749,5014,5136,4702,5281,5999,6807,6281,5252,5291,5050,3674,1820,558,106,11208
2015,2015-01-01,45203,452033,宮崎県,延岡市,129179,5314,5624,6285,6390,5215,5523,6557,7466,8079,7119,7697,8728,10459,10032,7953,7630,6707,4126,1736,465,74,13108,61064,2721,2953,3224,3331,2767,2801,3256,3766,3997,3471,3715,4151,5046,4807,3556,3171,2552,1291,394,80,14,4331,68115,2593,2671,3061,3059,2448,2722,3301,3700,4082,3648,3982,4577,5413,5225,4397,4459,4155,2835,1342,385,60,8777
2015,2015-01-01,45204,452041,宮崎県,日南市,56278,2084,2245,2291,2553,2106,2212,2678,2929,2990,2780,3414,4226,4812,4552,3865,3809,3302,2219,929,243,39,6732,26482,1050,1151,1149,1311,1063,1058,1328,1489,1499,1408,1646,2130,2374,2198,1747,1606,1282,740,205,45,3,2275,29796,1034,1094,1142,1242,1043,1154,1350,1440,1491,1372,1768,2096,2438,2354,2118,2203,2020,1479,724,198,36,4457
2015,2015-01-01,45205,452050,宮崎県,小林市,47776,1992,2030,2176,2131,1762,1977,2399,2651,2472,2437,2880,3534,4039,3596,3078,3010,2646,1810,869,241,46,5612,22469,1062,1015,1155,1086,867,981,1196,1309,1234,1175,1391,1742,2022,1738,1348,1251,1080,578,192,41,6,1897,25307,930,1015,1021,1045,895,996,1203,1342,1238,1262,1489,1792,2017,1858,1730,1759,1566,1232,677,200,40,3715
2015,2015-01-01,45206,452068,宮崎県,日向市,63148,2819,2955,3097,3176,2487,2810,3397,4040,4120,3551,3757,4482,5111,4742,3816,3318,2728,1765,742,195,40,5470,30235,1453,1505,1602,1635,1303,1414,1720,2036,2051,1735,1863,2173,2529,2237,1706,1432,1081,575,159,23,3,1841,32913,1366,1450,1495,1541,1184,1396,1677,2004,2069,1816,1894,2309,2582,2505,2110,1886,1647,1190,583,172,37,3629
2015,2015-01-01,45207,452076,宮崎県,串間市,19958,777,745,772,808,637,718,916,926,827,855,1180,1623,1816,1555,1278,1478,1524,983,416,107,17,3047,9391,391,396,382,437,333,369,471,492,417,425,583,809,974,767,542,594,574,309,113,12,1,1009,10567,386,349,390,371,304,349,445,434,410,430,597,814,842,788,736,884,950,674,303,95,16,2038
2015,2015-01-01,45208,452084,宮崎県,西都市,31982,1147,1345,1514,1532,1204,1302,1474,1716,1787,1650,1888,2316,2743,2535,2081,2052,1696,1266,540,165,29,3696,15154,601,688,787,760,615,642,740,857,884,814,927,1159,1380,1213,921,881,704,424,127,29,1,1285,16828,546,657,727,772,589,660,734,859,903,836,961,1157,1363,1322,1160,1171,992,842,413,136,28,2411
2015,2015-01-01,45209,452092,宮崎県,えびの市,20870,759,767,812,811,709,728,886,983,907,961,1232,1534,1981,1657,1440,1575,1532,977,482,113,24,3128,9843,371,398,433,429,363,390,452,517,462,458,605,745,1077,802,641,646,588,319,125,20,2,1054,11027,388,369,379,382,346,338,434,466,445,503,627,789,904,855,799,929,944,658,357,93,22,2074
2015,2015-01-01,45340,453404,宮崎県,北諸県郡,25914,1502,1431,1360,1468,1149,1260,1640,1615,1585,1446,1578,1820,1913,1740,1335,1205,892,608,278,78,11,1867,12163,760,719,677,737,531,588,801,791,754,676,744,852,941,870,622,520,322,197,47,13,1,580,13751,742,712,683,731,618,672,839,824,831,770,834,968,972,870,713,685,570,411,231,65,10,1287
2015,2015-01-01,45341,453412,宮崎県,北諸県郡三股町,25914,1502,1431,1360,1468,1149,1260,1640,1615,1585,1446,1578,1820,1913,1740,1335,1205,892,608,278,78,11,1867,12163,760,719,677,737,531,588,801,791,754,676,744,852,941,870,622,520,322,197,47,13,1,580,13751,742,712,683,731,618,672,839,824,831,770,834,968,972,870,713,685,570,411,231,65,10,1287
2015,2015-01-01,45360,453609,宮崎県,西諸県郡,10011,329,362,400,430,382,330,433,453,445,505,620,793,962,784,621,711,709,459,214,62,7,1451,4789,159,189,216,234,193,168,224,236,226,246,324,386,523,402,262,300,292,147,49,12,1,501,5222,170,173,184,196,189,162,209,217,219,259,296,407,439,382,359,411,417,312,165,50,6,950
2015,2015-01-01,45361,453617,宮崎県,西諸県郡高原町,10011,329,362,400,430,382,330,433,453,445,505,620,793,962,784,621,711,709,459,214,62,7,1451,4789,159,189,216,234,193,168,224,236,226,246,324,386,523,402,262,300,292,147,49,12,1,501,5222,170,173,184,196,189,162,209,217,219,259,296,407,439,382,359,411,417,312,165,50,6,950
2015,2015-01-01,45380,453803,宮崎県,東諸県郡,28061,1017,1196,1222,1331,1075,1191,1383,1497,1543,1542,1736,2135,2443,2355,1769,1621,1474,982,413,121,15,3005,13202,502,583,622,674,516,589,697,747,738,736,847,1054,1179,1159,811,696,610,327,90,21,4,1052,14859,515,613,600,657,559,602,686,750,805,806,889,1081,1264,1196,958,925,864,655,323,100,11,1953
2015,2015-01-01,45382,453820,宮崎県,東諸県郡国富町,20375,664,818,870,977,812,889,991,1055,1118,1129,1280,1639,1823,1686,1273,1175,1060,726,299,79,12,2176,9596,325,397,450,501,392,442,501,524,540,528,625,810,891,826,581,504,437,238,66,15,3,759,10779,339,421,420,476,420,447,490,531,578,601,655,829,932,860,692,671,623,488,233,64,9,1417
2015,2015-01-01,45383,453838,宮崎県,東諸県郡綾町,7686,353,378,352,354,263,302,392,442,425,413,456,496,620,669,496,446,414,256,114,42,3,829,3606,177,186,172,173,124,147,196,223,198,208,222,244,288,333,230,192,173,89,24,6,1,293,4080,176,192,180,181,139,155,196,219,227,205,234,252,332,336,266,254,241,167,90,36,2,536
2015,2015-01-01,45400,454001,宮崎県,児湯郡,73671,3251,3287,3538,3705,3109,3331,3774,4359,4405,3808,4154,5006,6182,5874,4682,3991,3386,2304,1137,319,69,7215,35334,1638,1676,1770,1892,1668,1750,1906,2203,2268,1800,2063,2485,3032,2797,2183,1770,1373,732,259,57,12,2433,38337,1613,1611,1768,1813,1441,1581,1868,2156,2137,2008,2091,2521,3150,3077,2499,2221,2013,1572,878,262,57,4782
2015,2015-01-01,45401,454010,宮崎県,児湯郡高鍋町,21258,982,962,964,1056,857,1024,1193,1341,1369,1119,1157,1384,1701,1723,1374,1124,936,605,304,76,7,1928,9963,505,481,484,523,423,517,574,662,690,506,567,668,803,808,630,494,372,171,68,16,1,628,11295,477,481,480,533,434,507,619,679,679,613,590,716,898,915,744,630,564,434,236,60,6,1300
2015,2015-01-01,45402,454028,宮崎県,児湯郡新富町,18231,861,805,923,989,958,956,962,1114,1154,1019,1149,1162,1451,1326,1065,859,731,460,211,62,14,1478,9065,422,428,454,528,582,538,528,556,613,473,578,588,725,630,500,414,304,152,45,6,1,508,9166,439,377,469,461,376,418,434,558,541,546,571,574,726,696,565,445,427,308,166,56,13,970
2015,2015-01-01,45403,454036,宮崎県,児湯郡西米良村,1231,45,63,45,35,22,41,52,65,75,51,56,76,83,101,107,104,98,69,32,9,2,210,616,31,41,27,19,11,21,29,32,49,26,35,42,40,51,46,39,47,23,7,0,0,77,615,14,22,18,16,11,20,23,33,26,25,21,34,43,50,61,65,51,46,25,9,2,133
2015,2015-01-01,45404,454044,宮崎県,児湯郡木城町,5405,277,237,250,246,213,218,307,290,294,239,278,350,468,423,344,326,300,209,113,14,9,645,2540,135,119,125,125,100,105,145,154,143,121,120,173,232,208,162,143,110,90,24,3,3,230,2865,142,118,125,121,113,113,162,136,151,118,158,177,236,215,182,183,190,119,89,11,6,415
2015,2015-01-01,45405,454052,宮崎県,児湯郡川南町,16565,678,790,846,870,630,713,770,981,911,837,959,1200,1449,1358,1045,877,736,534,280,82,19,1651,7939,355,388,424,432,323,364,387,499,467,399,478,611,716,665,484,366,323,168,70,15,5,581,8626,323,402,422,438,307,349,383,482,444,438,481,589,733,693,561,511,413,366,210,67,14,1070
2015,2015-01-01,45406,454061,宮崎県,児湯郡都農町,10981,408,430,510,509,429,379,490,568,602,543,555,834,1030,943,747,701,585,427,197,76,18,1303,5211,190,219,256,265,229,205,243,300,306,275,285,403,516,435,361,314,217,128,45,17,2,409,5770,218,211,254,244,200,174,247,268,296,268,270,431,514,508,386,387,368,299,152,59,16,894
2015,2015-01-01,45420,454206,宮崎県,東臼杵郡,29835,1189,1237,1358,1388,1001,1120,1296,1537,1597,1583,1721,2135,2540,2361,2029,1970,1814,1238,548,147,26,3773,14411,605,644,691,707,535,577,674,784,829,802,887,1076,1327,1154,899,885,751,414,144,21,5,1335,15424,584,593,667,681,466,543,622,753,768,781,834,1059,1213,1207,1130,1085,1063,824,404,126,21,2438
2015,2015-01-01,45421,454214,宮崎県,東臼杵郡門川町,18764,855,871,946,1001,727,819,895,1091,1140,1092,1068,1285,1573,1435,1214,1034,811,585,245,68,9,1718,8979,410,466,476,521,392,405,452,548,576,536,537,616,792,671,564,453,320,173,61,8,2,564,9785,445,405,470,480,335,414,443,543,564,556,531,669,781,764,650,581,491,412,184,60,7,1154
2015,2015-01-01,45429,454290,宮崎県,東臼杵郡諸塚村,1909,64,77,85,79,55,46,80,84,81,102,121,140,150,144,140,150,156,92,43,16,4,311,921,34,36,46,42,25,25,46,41,48,48,60,74,86,81,54,71,68,27,6,3,0,104,988,30,41,39,37,30,21,34,43,33,54,61,66,64,63,86,79,88,65,37,13,4,207
2015,2015-01-01,45430,454303,宮崎県,東臼杵郡椎葉村,3053,111,113,126,89,58,94,122,129,141,141,201,252,258,231,207,263,276,155,68,16,2,517,1538,70,49,63,38,37,58,68,75,77,77,113,141,150,117,82,128,111,63,18,3,0,195,1515,41,64,63,51,21,36,54,54,64,64,88,111,108,114,125,135,165,92,50,13,2,322
2015,2015-01-01,45431,454311,宮崎県,東臼杵郡美郷町,6109,159,176,201,219,161,161,199,233,235,248,331,458,559,551,468,523,571,406,192,47,11,1227,2973,91,93,106,106,81,89,108,120,128,141,177,245,299,285,199,233,252,151,59,7,3,472,3136,68,83,95,113,80,72,91,113,107,107,154,213,260,266,269,290,319,255,133,40,8,755
2015,2015-01-01,45440,454401,宮崎県,西臼杵郡,21828,696,855,997,1007,614,672,842,989,964,924,1337,1720,1982,1703,1390,1651,1612,1186,524,141,22,3485,10445,377,429,493,534,314,345,441,503,494,466,704,917,1034,887,608,683,671,395,120,29,1,1216,11383,319,426,504,473,300,327,401,486,470,458,633,803,948,816,782,968,941,791,404,112,21,2269
2015,2015-01-01,45441,454419,宮崎県,西臼杵郡高千穂町,13204,455,549,559,496,398,433,567,637,613,556,795,1036,1225,1051,828,979,951,687,296,77,16,2027,6292,250,284,264,251,203,214,303,313,320,282,421,542,627,548,347,416,403,214,70,19,1,707,6912,205,265,295,245,195,219,264,324,293,274,374,494,598,503,481,563,548,473,226,58,15,1320
2015,2015-01-01,45442,454427,宮崎県,西臼杵郡日之影町,4380,111,145,175,188,128,112,146,165,160,179,291,374,387,345,308,371,355,285,116,37,2,795,2096,58,63,95,109,67,60,72,92,83,92,159,202,210,178,136,143,147,102,23,5,0,277,2284,53,82,80,79,61,52,74,73,77,87,132,172,177,167,172,228,208,183,93,32,2,518
2015,2015-01-01,45443,454435,宮崎県,西臼杵郡五ヶ瀬町,4244,130,161,263,323,88,127,129,187,191,189,251,310,370,307,254,301,306,214,112,27,4,663,2057,69,82,134,174,44,71,66,98,91,92,124,173,197,161,125,124,121,79,27,5,0,232,2187,61,79,129,149,44,56,63,89,100,97,127,137,173,146,129,177,185,135,85,22,4,431
2015,2015-01-01,46000,460001,鹿児島県,,1684792,74203,76173,79174,80136,69577,78760,92032,99839,101602,95707,104243,120631,133982,118455,96695,91305,82016,56123,25588,7275,1276,172278,793368,38003,39258,40508,40441,33476,38000,44725,48750,49592,46098,50561,59475,67384,58304,43984,38669,31311,17629,5829,1230,141,56140,891424,36200,36915,38666,39695,36101,40760,47307,51089,52010,49609,53682,61156,66598,60151,52711,52636,50705,38494,19759,6045,1135,116138
2015,2015-01-01,46201,462012,鹿児島県,鹿児島市,606115,28016,28327,29218,30599,30398,33212,37718,41538,42215,37698,37627,40737,45011,40577,31979,26325,21841,14503,6436,1837,303,44920,282207,14380,14492,14887,15486,14100,15281,17808,19763,20160,17575,17464,19292,21797,19418,14581,11091,8230,4561,1499,300,42,14632,323908,13636,13835,14331,15113,16298,17931,19910,21775,22055,20123,20163,21445,23214,21159,17398,15234,13611,9942,4937,1537,261,30288
2015,2015-01-01,46203,462039,鹿児島県,鹿屋市,104960,5585,5409,5316,4838,4459,5207,6317,6391,6274,5740,6535,7352,7766,6826,5427,5752,4946,3018,1346,385,71,9766,49994,2829,2791,2698,2454,2225,2515,3142,3152,3028,2729,3160,3703,3865,3374,2440,2451,2022,1001,335,73,7,3438,54966,2756,2618,2618,2384,2234,2692,3175,3239,3246,3011,3375,3649,3901,3452,2987,3301,2924,2017,1011,312,64,6328
2015,2015-01-01,46204,462047,鹿児島県,枕崎市,22687,739,806,948,1031,779,828,949,1071,1112,1308,1335,1721,2163,1935,1638,1572,1314,888,427,114,9,2752,10437,348,429,475,557,392,406,473,518,538,650,631,830,1069,950,714,656,467,237,84,11,2,801,12250,391,377,473,474,387,422,476,553,574,658,704,891,1094,985,924,916,847,651,343,103,7,1951
2015,2015-01-01,46206,462063,鹿児島県,阿久根市,22179,696,795,888,964,790,799,871,941,1125,1215,1396,1640,1822,1697,1664,1678,1579,1065,432,101,21,3198,10431,363,427,473,470,410,405,441,465,556,606,686,850,921,860,741,698,622,337,78,22,0,1059,11748,333,368,415,494,380,394,430,476,569,609,710,790,901,837,923,980,957,728,354,79,21,2139
2015,2015-01-01,46208,462080,鹿児島県,出水市,54987,2547,2533,2730,2700,2116,2364,2909,3183,3318,3103,3215,3747,4406,4074,3171,3109,2802,1882,824,216,38,5762,25819,1316,1343,1342,1288,1069,1135,1416,1576,1639,1517,1560,1777,2135,2036,1404,1345,1080,605,194,36,6,1921,29168,1231,1190,1388,1412,1047,1229,1493,1607,1679,1586,1655,1970,2271,2038,1767,1764,1722,1277,630,180,32,3841
2015,2015-01-01,46210,462101,鹿児島県,指宿市,43180,1683,1751,1890,1757,1564,1725,2137,2202,2145,2024,2483,3272,3950,3481,2919,2711,2613,1809,806,207,51,5486,19917,836,931,910,867,714,828,1052,1073,1031,952,1210,1628,2012,1643,1347,1168,941,529,199,43,3,1715,23263,847,820,980,890,850,897,1085,1129,1114,1072,1273,1644,1938,1838,1572,1543,1672,1280,607,164,48,3771
2015,2015-01-01,46213,462136,鹿児島県,西之表市,16364,672,726,816,567,380,498,733,856,895,931,1053,1252,1462,1262,1069,1183,1029,615,282,69,14,2009,7742,332,375,409,303,171,254,370,446,441,475,534,636,759,622,465,476,402,198,62,9,3,674,8622,340,351,407,264,209,244,363,410,454,456,519,616,703,640,604,707,627,417,220,60,11,1335
2015,2015-01-01,46214,462144,鹿児島県,垂水市,16250,516,517,547,603,523,623,712,741,718,766,1039,1323,1538,1338,1121,1142,1143,826,397,101,16,2483,7597,268,286,281,285,242,313,371,374,374,375,517,674,813,658,519,457,420,255,94,20,1,790,8653,248,231,266,318,281,310,341,367,344,391,522,649,725,680,602,685,723,571,303,81,15,1693
2015,2015-01-01,46215,462152,鹿児島県,薩摩川内市,98014,4570,4667,4792,4608,4021,4616,5310,5622,5714,5355,6001,6669,7686,6841,5501,5236,4947,3624,1665,485,84,10805,46868,2331,2377,2530,2400,1990,2408,2649,2839,2848,2605,3009,3303,3962,3441,2550,2247,1814,1082,381,93,9,3379,51146,2239,2290,2262,2208,2031,2208,2661,2783,2866,2750,2992,3366,3724,3400,2951,2989,3133,2542,1284,392,75,7426
2015,2015-01-01,46216,462161,鹿児島県,日置市,50431,1964,2213,2331,2735,2022,2069,2432,2690,2677,2778,3104,3732,4144,3792,3053,2831,2699,1877,966,265,57,5864,23748,1015,1143,1230,1399,982,1005,1150,1306,1289,1324,1503,1870,2072,1974,1400,1204,1002,625,201,52,2,1882,26683,949,1070,1101,1336,1040,1064,1282,1384,1388,1454,1601,1862,2072,1818,1653,1627,1697,1252,765,213,55,3982
2015,2015-01-01,46217,462179,鹿児島県,曽於市,38825,1338,1410,1433,1665,1289,1519,1746,1679,1686,1849,2468,3191,3496,2889,2593,3058,2685,1831,727,230,43,5516,18204,668,700,763,796,630,744,899,868,843,894,1216,1644,1826,1461,1116,1299,1048,586,155,41,7,1837,20621,670,710,670,869,659,775,847,811,843,955,1252,1547,1670,1428,1477,1759,1637,1245,572,189,36,3679
2015,2015-01-01,46218,462187,鹿児島県,霧島市,127321,6354,6254,6456,7063,5960,6868,7607,8013,8120,7782,8134,8672,9105,7879,6269,5922,5221,3443,1670,439,90,10863,61239,3305,3270,3332,3772,2953,3416,3738,3935,3949,3777,3995,4275,4642,3888,2880,2531,2056,1087,356,67,15,3581,66082,3049,2984,3124,3291,3007,3452,3869,4078,4171,4005,4139,4397,4463,3991,3389,3391,3165,2356,1314,372,75,7282
2015,2015-01-01,46219,462195,鹿児島県,いちき串木野市,29750,1135,1193,1369,1346,1086,1124,1388,1662,1654,1678,1778,2102,2530,2424,2080,1907,1544,1083,504,142,21,3294,13967,578,609,699,645,526,561,709,796,827,811,853,1024,1263,1200,953,823,602,341,122,24,1,1090,15783,557,584,670,701,560,563,679,866,827,867,925,1078,1267,1224,1127,1084,942,742,382,118,20,2204
2015,2015-01-01,46220,462209,鹿児島県,南さつま市,36710,1300,1326,1407,2029,1294,1309,1561,1693,1657,1828,2130,2737,3158,2854,2465,2495,2524,1788,871,249,35,5467,16816,677,699,721,806,596,649,752,866,814,871,1052,1369,1676,1412,1134,1054,922,522,185,37,2,1668,19894,623,627,686,1223,698,660,809,827,843,957,1078,1368,1482,1442,1331,1441,1602,1266,686,212,33,3799
2015,2015-01-01,46221,462217,鹿児島県,志布志市,32878,1493,1492,1466,1401,1205,1430,1657,1630,1679,1690,2020,2527,2792,2396,1983,2219,1911,1142,551,166,28,3798,15635,755,745,750,712,595,709,816,828,825,842,1018,1252,1462,1233,876,927,765,360,131,30,4,1290,17243,738,747,716,689,610,721,841,802,854,848,1002,1275,1330,1163,1107,1292,1146,782,420,136,24,2508
2015,2015-01-01,46222,462225,鹿児島県,奄美市,45180,2033,2251,2304,2092,1229,1731,2400,2689,2877,2673,3024,3661,3800,3079,2517,2314,2049,1407,736,271,43,4506,21473,1023,1158,1196,1062,635,852,1175,1292,1437,1356,1494,1874,1931,1478,1115,977,766,435,167,45,5,1418,23707,1010,1093,1108,1030,594,879,1225,1397,1440,1317,1530,1787,1869,1601,1402,1337,1283,972,569,226,38,3088
2015,2015-01-01,46223,462233,鹿児島県,南九州市,37620,1287,1426,1597,1593,1255,1461,1620,1758,1743,1809,2357,3013,3365,2753,2407,2600,2505,1925,858,247,41,5576,17482,629,722,804,754,626,772,815,871,848,912,1154,1519,1814,1380,1047,1112,925,572,166,35,5,1703,20138,658,704,793,839,629,689,805,887,895,897,1203,1494,1551,1373,1360,1488,1580,1353,692,212,36,3873
2015,2015-01-01,46224,462241,鹿児島県,伊佐市,28113,1020,1018,1119,1063,869,1117,1225,1300,1436,1400,1575,2057,2365,2273,1939,2035,2000,1454,630,186,32,4302,13032,555,540,558,507,423,561,624,641,719,693,794,1007,1187,1109,897,809,765,462,144,35,2,1408,15081,465,478,561,556,446,556,601,659,717,707,781,1050,1178,1164,1042,1226,1235,992,486,151,30,2894
2015,2015-01-01,46225,462250,鹿児島県,姶良市,76091,3419,3582,3845,3752,3098,3471,4085,4682,4801,4162,4393,5297,6076,5778,4531,3759,3336,2497,1130,337,60,7360,35583,1762,1818,1983,1913,1419,1652,1976,2245,2367,1942,2056,2513,2920,2862,2123,1635,1271,787,279,57,3,2397,40508,1657,1764,1862,1839,1679,1819,2109,2437,2434,2220,2337,2784,3156,2916,2408,2124,2065,1710,851,280,57,4963
2015,2015-01-01,46300,463001,鹿児島県,鹿児島郡,1039,46,64,80,11,30,27,56,62,57,54,67,66,89,62,64,71,64,46,18,5,0,133,529,23,31,44,9,8,15,29,30,28,33,41,43,52,37,29,28,29,17,3,0,0,49,510,23,33,36,2,22,12,27,32,29,21,26,23,37,25,35,43,35,29,15,5,0,84
2015,2015-01-01,46303,463035,鹿児島県,鹿児島郡三島村,375,15,26,31,4,11,11,22,31,22,14,19,19,30,19,24,23,22,20,11,1,0,54,179,7,8,14,4,2,6,13,16,10,9,15,13,14,11,7,12,8,8,2,0,0,18,196,8,18,17,0,9,5,9,15,12,5,4,6,16,8,17,11,14,12,9,1,0,36
2015,2015-01-01,46304,463043,鹿児島県,鹿児島郡十島村,664,31,38,49,7,19,16,34,31,35,40,48,47,59,43,40,48,42,26,7,4,0,79,350,16,23,30,5,6,9,16,14,18,24,26,30,38,26,22,16,21,9,1,0,0,31,314,15,15,19,2,13,7,18,17,17,16,22,17,21,17,18,32,21,17,6,4,0,48
2015,2015-01-01,46380,463809,鹿児島県,薩摩郡,23046,827,929,935,917,770,909,1036,1034,1093,1132,1455,1575,1972,1706,1481,1601,1721,1251,534,143,25,3674,10749,404,491,497,479,411,467,502,546,539,564,746,765,1011,861,652,641,674,352,122,24,1,1173,12297,423,438,438,438,359,442,534,488,554,568,709,810,961,845,829,960,1047,899,412,119,24,2501
2015,2015-01-01,46392,463922,鹿児島県,薩摩郡さつま町,23046,827,929,935,917,770,909,1036,1034,1093,1132,1455,1575,1972,1706,1481,1601,1721,1251,534,143,25,3674,10749,404,491,497,479,411,467,502,546,539,564,746,765,1011,861,652,641,674,352,122,24,1,1173,12297,423,438,438,438,359,442,534,488,554,568,709,810,961,845,829,960,1047,899,412,119,24,2501
2015,2015-01-01,46400,464007,鹿児島県,出水郡,11039,479,504,507,434,376,469,504,536,510,533,698,884,938,760,664,768,707,491,206,65,6,1475,5356,256,266,245,216,210,247,256,284,272,272,361,483,482,383,308,312,272,167,50,11,3,503,5683,223,238,262,218,166,222,248,252,238,261,337,401,456,377,356,456,435,324,156,54,3,972
2015,2015-01-01,46404,464040,鹿児島県,出水郡長島町,11039,479,504,507,434,376,469,504,536,510,533,698,884,938,760,664,768,707,491,206,65,6,1475,5356,256,266,245,216,210,247,256,284,272,272,361,483,482,383,308,312,272,167,50,11,3,503,5683,223,238,262,218,166,222,248,252,238,261,337,401,456,377,356,456,435,324,156,54,3,972
2015,2015-01-01,46440,464406,鹿児島県,姶良郡,10262,347,401,402,421,302,340,386,479,488,442,598,840,930,840,718,749,719,534,259,58,9,1579,4761,179,200,211,210,145,168,195,232,244,219,297,430,470,439,313,326,260,168,48,6,1,483,5501,168,201,191,211,157,172,191,247,244,223,301,410,460,401,405,423,459,366,211,52,8,1096
2015,2015-01-01,46452,464520,鹿児島県,姶良郡湧水町,10262,347,401,402,421,302,340,386,479,488,442,598,840,930,840,718,749,719,534,259,58,9,1579,4761,179,200,211,210,145,168,195,232,244,219,297,430,470,439,313,326,260,168,48,6,1,483,5501,168,201,191,211,157,172,191,247,244,223,301,410,460,401,405,423,459,366,211,52,8,1096
2015,2015-01-01,46460,464601,鹿児島県,曽於郡,13908,496,509,540,604,479,529,611,610,683,662,891,1163,1247,1154,926,1059,907,538,227,62,11,1745,6689,270,260,278,304,246,273,303,319,350,347,431,589,640,584,437,453,374,176,42,12,1,605,7219,226,249,262,300,233,256,308,291,333,315,460,574,607,570,489,606,533,362,185,50,10,1140
2015,2015-01-01,46468,464686,鹿児島県,曽於郡大崎町,13908,496,509,540,604,479,529,611,610,683,662,891,1163,1247,1154,926,1059,907,538,227,62,11,1745,6689,270,260,278,304,246,273,303,319,350,347,431,589,640,584,437,453,374,176,42,12,1,605,7219,226,249,262,300,233,256,308,291,333,315,460,574,607,570,489,606,533,362,185,50,10,1140
2015,2015-01-01,46480,464805,鹿児島県,肝属郡,39900,1271,1462,1481,1492,1124,1253,1464,1595,1804,1932,2478,3196,3472,3010,2755,3244,3300,2291,976,258,42,6867,18912,658,757,718,772,606,640,762,822,935,975,1258,1713,1868,1517,1227,1354,1263,799,221,44,3,2330,20988,613,705,763,720,518,613,702,773,869,957,1220,1483,1604,1493,1528,1890,2037,1492,755,214,39,4537
2015,2015-01-01,46482,464821,鹿児島県,肝属郡東串良町,6918,291,335,267,274,219,274,319,306,337,326,432,564,526,530,432,498,453,337,153,39,6,988,3296,161,185,131,137,111,136,168,149,177,148,215,289,278,267,183,213,173,126,38,11,0,348,3622,130,150,136,137,108,138,151,157,160,178,217,275,248,263,249,285,280,211,115,28,6,640
2015,2015-01-01,46490,464902,鹿児島県,肝属郡錦江町,8388,259,289,314,315,211,237,313,311,353,421,531,650,732,615,555,720,717,521,237,77,10,1562,3953,123,136,153,168,109,119,166,167,184,208,282,340,415,312,249,296,294,166,52,13,1,526,4435,136,153,161,147,102,118,147,144,169,213,249,310,317,303,306,424,423,355,185,64,9,1036
2015,2015-01-01,46491,464911,鹿児島県,肝属郡南大隅町,8166,200,271,258,261,203,201,229,265,315,384,508,654,746,607,627,743,817,585,234,49,9,1694,3809,103,142,122,136,114,110,121,130,165,207,254,380,386,307,284,309,277,207,47,8,0,539,4357,97,129,136,125,89,91,108,135,150,177,254,274,360,300,343,434,540,378,187,41,9,1155
2015,2015-01-01,46492,464929,鹿児島県,肝属郡肝付町,16428,521,567,642,642,491,541,603,713,799,801,1007,1328,1468,1258,1141,1283,1313,848,352,93,17,2623,7854,271,294,312,331,272,275,307,376,409,412,507,704,789,631,511,536,519,300,84,12,2,917,8574,250,273,330,311,219,266,296,337,390,389,500,624,679,627,630,747,794,548,268,81,15,1706
2015,2015-01-01,46500,465003,鹿児島県,熊毛郡,27686,1184,1245,1355,1016,673,904,1286,1516,1506,1594,1779,2234,2447,1942,1831,1869,1627,1069,458,136,15,3305,13490,593,646,704,510,365,454,655,774,778,836,984,1177,1322,959,832,756,650,361,113,20,1,1145,14196,591,599,651,506,308,450,631,742,728,758,795,1057,1125,983,999,1113,977,708,345,116,14,2160
2015,2015-01-01,46501,465011,鹿児島県,熊毛郡中種子町,8488,334,359,390,334,196,286,371,413,412,492,572,665,687,569,600,679,560,355,152,54,8,1129,4016,163,192,198,155,108,144,186,225,213,248,305,333,372,267,237,280,229,116,40,4,1,390,4472,171,167,192,179,88,142,185,188,199,244,267,332,315,302,363,399,331,239,112,50,7,739
2015,2015-01-01,46502,465020,鹿児島県,熊毛郡南種子町,5962,243,233,308,219,143,192,266,320,306,325,456,496,502,375,384,440,392,243,96,21,2,754,2966,129,117,170,111,90,104,143,159,167,162,270,270,269,186,161,181,163,88,22,4,0,277,2996,114,116,138,108,53,88,123,161,139,163,186,226,233,189,223,259,229,155,74,17,2,477
2015,2015-01-01,46505,465054,鹿児島県,熊毛郡屋久島町,13236,607,653,657,463,334,426,649,783,788,777,751,1073,1258,998,847,750,675,471,210,61,5,1422,6508,301,337,336,244,167,206,326,390,398,426,409,574,681,506,434,295,258,157,51,12,0,478,6728,306,316,321,219,167,220,323,393,390,351,342,499,577,492,413,455,417,314,159,49,5,944
2015,2015-01-01,46520,465208,鹿児島県,大島郡,70257,3186,3363,3402,2835,1486,2358,3312,3666,3615,3569,4610,5971,6252,4833,3930,4096,4283,3226,1652,501,111,9773,34691,1650,1752,1770,1465,787,1270,1647,1889,1913,1946,2537,3235,3413,2525,1884,1839,1669,1007,398,83,12,3169,35566,1536,1611,1632,1370,699,1088,1665,1777,1702,1623,2073,2736,2839,2308,2046,2257,2614,2219,1254,418,99,6604
2015,2015-01-01,46523,465232,鹿児島県,大島郡大和村,1642,56,51,77,66,42,45,60,68,81,104,122,124,134,115,114,145,126,67,36,5,4,238,797,39,26,37,36,24,24,28,41,44,57,63,67,81,47,47,68,40,20,7,0,1,68,845,17,25,40,30,18,21,32,27,37,47,59,57,53,68,67,77,86,47,29,5,3,170
2015,2015-01-01,46524,465241,鹿児島県,大島郡宇検村,1834,69,69,80,27,23,49,82,84,95,95,119,157,196,137,110,134,127,108,56,16,1,308,869,39,31,36,16,10,28,43,43,43,48,54,81,110,68,56,68,42,40,11,1,1,95,965,30,38,44,11,13,21,39,41,52,47,65,76,86,69,54,66,85,68,45,15,0,213
2015,2015-01-01,46525,465259,鹿児島県,大島郡瀬戸内町,9400,372,393,376,310,224,321,368,504,530,472,644,873,818,675,523,553,575,530,259,73,7,1444,4534,192,201,200,152,125,165,178,262,270,263,348,463,443,337,262,219,208,166,63,17,0,454,4866,180,192,176,158,99,156,190,242,260,209,296,410,375,338,261,334,367,364,196,56,7,990
2015,2015-01-01,46527,465275,鹿児島県,大島郡龍郷町,6048,305,319,294,259,139,211,306,348,321,335,407,452,496,399,391,293,295,248,162,49,19,773,2932,173,158,154,133,74,104,148,165,162,163,206,256,266,203,187,136,129,65,44,4,2,244,3116,132,161,140,126,65,107,158,183,159,172,201,196,230,196,204,157,166,183,118,45,17,529
2015,2015-01-01,46529,465291,鹿児島県,大島郡喜界町,7588,297,318,352,298,137,221,332,351,392,404,436,625,689,644,480,483,507,360,185,66,11,1129,3710,151,185,189,149,71,132,165,177,208,240,215,337,372,340,214,228,195,94,37,8,3,337,3878,146,133,163,149,66,89,167,174,184,164,221,288,317,304,266,255,312,266,148,58,8,792
2015,2015-01-01,46530,465305,鹿児島県,大島郡徳之島町,11568,587,615,614,552,313,452,557,709,634,579,773,959,949,736,581,564,614,484,222,61,13,1394,5726,305,329,311,285,151,227,254,361,354,313,428,517,529,396,269,236,227,157,62,15,0,461,5842,282,286,303,267,162,225,303,348,280,266,345,442,420,340,312,328,387,327,160,46,13,933
2015,2015-01-01,46531,465313,鹿児島県,大島郡天城町,6376,243,270,371,320,144,185,270,303,334,332,434,571,559,419,346,377,395,303,148,41,11,898,3271,129,141,195,171,79,116,143,165,175,179,268,326,322,213,164,163,173,104,37,7,1,322,3105,114,129,176,149,65,69,127,138,159,153,166,245,237,206,182,214,222,199,111,34,10,576
2015,2015-01-01,46532,465321,鹿児島県,大島郡伊仙町,7055,356,358,314,266,167,247,318,294,262,322,514,613,619,445,378,478,524,353,157,49,21,1104,3552,179,188,167,140,88,129,167,159,141,184,299,341,330,257,185,210,221,119,37,9,2,388,3503,177,170,147,126,79,118,151,135,121,138,215,272,289,188,193,268,303,234,120,40,19,716
2015,2015-01-01,46533,465330,鹿児島県,大島郡和泊町,6915,327,383,341,276,130,221,370,373,371,357,392,563,672,484,360,368,416,293,164,47,7,927,3439,164,198,172,140,74,123,190,185,210,201,224,305,355,251,189,160,160,89,40,9,0,298,3476,163,185,169,136,56,98,180,188,161,156,168,258,317,233,171,208,256,204,124,38,7,629
2015,2015-01-01,46534,465348,鹿児島県,大島郡知名町,6386,299,323,321,245,110,246,354,323,313,301,374,543,629,439,345,404,394,243,145,31,4,817,3220,145,166,182,130,63,136,193,174,158,159,199,296,350,234,174,191,161,76,29,3,1,270,3166,154,157,139,115,47,110,161,149,155,142,175,247,279,205,171,213,233,167,116,28,3,547
2015,2015-01-01,46535,465356,鹿児島県,大島郡与論町,5445,275,264,262,216,57,160,295,309,282,268,395,491,491,340,302,297,310,237,118,63,13,741,2641,134,129,127,113,28,86,138,157,148,139,233,246,255,179,137,160,113,77,31,10,1,232,2804,141,135,135,103,29,74,157,152,134,129,162,245,236,161,165,137,197,160,87,53,12,509
2015,2015-01-01,47000,470007,沖縄県,,1443123,84818,84041,84096,83745,76289,84222,92321,100443,106733,92002,89346,93633,100704,71552,58745,55897,42079,25120,12094,4270,973,84536,710786,43182,43007,43252,43068,38571,42012,45470,50136,53602,46099,45280,47426,51495,35982,28087,25180,17334,7965,2812,709,117,28937,732337,41636,41034,40844,40677,37718,42210,46851,50307,53131,45903,44066,46207,49209,35570,30658,30717,24745,17155,9282,3561,856,55599
2015,2015-01-01,47201,472018,沖縄県,那覇市,320287,16911,17013,17139,17564,16617,18791,20281,22366,25379,22321,20417,19587,22218,16404,14099,13736,10104,5826,2506,835,173,19444,154897,8591,8772,8759,8954,8397,9384,9988,11102,12685,11114,10128,9565,10930,7849,6205,5918,3996,1821,601,120,18,6556,165390,8320,8241,8380,8610,8220,9407,10293,11264,12694,11207,10289,10022,11288,8555,7894,7818,6108,4005,1905,715,155,12888
2015,2015-01-01,47205,472051,沖縄県,宜野湾市,95676,6156,5628,5637,5667,5724,6151,6639,7168,7693,6453,5575,5572,5956,4301,3607,3485,2305,1193,540,184,42,4264,46540,3074,2843,2909,2930,2992,2945,3256,3507,3789,3101,2834,2724,2929,2027,1686,1541,938,349,123,38,5,1453,49136,3082,2785,2728,2737,2732,3206,3383,3661,3904,3352,2741,2848,3027,2274,1921,1944,1367,844,417,146,37,2811
2015,2015-01-01,47207,472077,沖縄県,石垣市,48662,3065,3000,2691,2481,1722,2671,3426,3734,3399,3051,3141,3686,3643,2442,1829,1727,1398,904,457,156,39,2954,24346,1515,1519,1415,1241,877,1327,1680,1884,1718,1639,1623,1948,1948,1298,922,788,569,293,112,28,2,1004,24316,1550,1481,1276,1240,845,1344,1746,1850,1681,1412,1518,1738,1695,1144,907,939,829,611,345,128,37,1950
2015,2015-01-01,47208,472085,沖縄県,浦添市,113441,7086,7017,7188,7036,6067,6682,7560,8363,9205,7922,7216,6650,7133,5213,4415,3889,2610,1351,580,214,44,4799,55321,3558,3598,3703,3625,3013,3341,3649,4096,4489,3884,3515,3312,3436,2570,2072,1766,1079,427,140,37,11,1694,58120,3528,3419,3485,3411,3054,3341,3911,4267,4716,4038,3701,3338,3697,2643,2343,2123,1531,924,440,177,33,3105
2015,2015-01-01,47209,472093,沖縄県,名護市,61747,3731,3614,3521,4119,3621,3661,3910,4245,4116,3491,3671,4047,4383,3139,2490,2170,1704,1181,659,217,57,3818,30891,1873,1922,1816,2290,1851,1800,1903,2126,2088,1744,1885,2084,2276,1603,1259,1024,736,392,170,39,10,1347,30856,1858,1692,1705,1829,1770,1861,2007,2119,2028,1747,1786,1963,2107,1536,1231,1146,968,789,489,178,47,2471
2015,2015-01-01,47210,472107,沖縄県,糸満市,59875,3919,3666,3495,3502,3252,3803,4096,4127,3948,3405,3708,4131,4357,2933,2190,2187,1578,918,452,174,34,3156,30157,1996,1880,1782,1817,1649,1912,2081,2165,2065,1749,1926,2127,2256,1586,1096,1010,661,282,90,26,1,1060,29718,1923,1786,1713,1685,1603,1891,2015,1962,1883,1656,1782,2004,2101,1347,1094,1177,917,636,362,148,33,2096
2015,2015-01-01,47211,472115,沖縄県,沖縄市,138010,8454,8506,8884,8688,7802,8007,8694,9779,10673,9089,8465,8284,8816,6529,5152,5199,3745,1961,918,296,69,6989,66726,4340,4325,4514,4420,3853,3880,4276,4802,5172,4447,4146,4019,4311,3211,2342,2242,1545,604,218,57,2,2426,71284,4114,4181,4370,4268,3949,4127,4418,4977,5501,4642,4319,4265,4505,3318,2810,2957,2200,1357,700,239,67,4563
2015,2015-01-01,47212,472123,沖縄県,豊見城市,61492,4506,4149,3877,3501,3045,3903,4471,4911,4823,3906,3416,3618,3919,2821,2313,1957,1248,646,313,103,46,2356,30310,2286,2135,1999,1779,1490,1939,2178,2439,2481,1922,1681,1786,1976,1364,1146,910,502,212,69,14,2,799,31182,2220,2014,1878,1722,1555,1964,2293,2472,2342,1984,1735,1832,1943,1457,1167,1047,746,434,244,89,44,1557
2015,2015-01-01,47213,472131,沖縄県,うるま市,120863,6693,7117,7382,7358,6654,7114,7341,8121,8744,7415,7416,7963,8555,6246,4839,4647,3531,2155,1062,419,91,7258,60449,3422,3615,3824,3765,3321,3646,3725,4187,4478,3790,3846,4147,4512,3181,2434,2117,1460,668,235,63,13,2439,60414,3271,3502,3558,3593,3333,3468,3616,3934,4266,3625,3570,3816,4043,3065,2405,2530,2071,1487,827,356,78,4819
2015,2015-01-01,47214,472140,沖縄県,宮古島市,54476,2965,2941,2924,2850,1957,2265,3282,3518,3274,3007,3669,4707,4380,2918,2407,2415,2344,1656,756,204,37,4997,27176,1545,1499,1527,1474,976,1205,1617,1796,1708,1545,1922,2442,2250,1529,1222,1106,1012,577,171,49,4,1813,27300,1420,1442,1397,1376,981,1060,1665,1722,1566,1462,1747,2265,2130,1389,1185,1309,1332,1079,585,155,33,3184
2015,2015-01-01,47215,472158,沖縄県,南城市,42052,2160,2415,2360,2388,2188,2307,2353,2528,2694,2371,2556,3029,3381,2314,2049,1964,1383,891,487,193,41,2995,21206,1139,1253,1209,1256,1112,1139,1214,1281,1394,1256,1339,1573,1826,1181,1065,939,592,281,121,31,5,1030,20846,1021,1162,1151,1132,1076,1168,1139,1247,1300,1115,1217,1456,1555,1133,984,1025,791,610,366,162,36,1965
2015,2015-01-01,47300,473006,沖縄県,国頭郡,65714,3234,3379,3373,3267,3069,3238,3536,3738,3837,3490,4041,5166,5726,3943,3102,3026,2751,2060,1144,489,105,6549,33297,1646,1689,1774,1699,1576,1687,1741,1960,2025,1812,2245,2830,3283,2196,1581,1447,1121,642,232,90,21,2106,32417,1588,1690,1599,1568,1493,1551,1795,1778,1812,1678,1796,2336,2443,1747,1521,1579,1630,1418,912,399,84,4443
2015,2015-01-01,47301,473014,沖縄県,国頭郡国頭村,5014,179,219,248,211,214,230,230,224,222,278,344,436,494,323,232,271,249,218,118,60,14,659,2538,95,97,129,107,115,117,116,118,120,165,179,233,305,183,124,119,113,69,21,10,3,216,2476,84,122,119,104,99,113,114,106,102,113,165,203,189,140,108,152,136,149,97,50,11,443
2015,2015-01-01,47302,473022,沖縄県,国頭郡大宜味村,3263,121,122,143,128,135,134,142,153,134,151,207,299,346,243,164,164,178,138,104,52,5,477,1696,59,58,70,66,70,67,74,87,80,74,110,172,227,158,88,91,76,42,21,6,0,145,1567,62,64,73,62,65,67,68,66,54,77,97,127,119,85,76,73,102,96,83,46,5,332
2015,2015-01-01,47303,473031,沖縄県,国頭郡東村,1877,63,95,82,91,69,74,73,103,113,90,122,182,204,115,85,98,106,77,24,9,2,218,1032,32,53,47,49,42,43,43,60,62,47,76,99,127,67,44,56,50,25,8,1,1,85,845,31,42,35,42,27,31,30,43,51,43,46,83,77,48,41,42,56,52,16,8,1,133
2015,2015-01-01,47306,473065,沖縄県,国頭郡今帰仁村,9595,430,503,527,464,387,437,487,532,487,474,616,790,877,611,463,416,427,364,198,82,23,1094,4858,217,243,274,233,194,222,238,280,243,241,343,443,522,351,246,211,169,114,49,18,7,357,4737,213,260,253,231,193,215,249,252,244,233,273,347,355,260,217,205,258,250,149,64,16,737
2015,2015-01-01,47308,473081,沖縄県,国頭郡本部町,13600,664,619,624,629,697,700,753,723,672,681,864,1186,1288,883,638,564,541,470,261,119,24,1415,6897,336,332,321,321,346,370,365,381,350,356,485,635,737,514,334,267,201,163,50,28,5,447,6703,328,287,303,308,351,330,388,342,322,325,379,551,551,369,304,297,340,307,211,91,19,968
2015,2015-01-01,47311,473111,沖縄県,国頭郡恩納村,10409,486,546,523,574,551,581,658,648,773,609,660,724,829,556,409,425,382,259,150,58,8,857,5337,235,263,293,304,298,323,323,335,395,307,382,407,483,294,214,186,164,84,33,14,0,295,5072,251,283,230,270,253,258,335,313,378,302,278,317,346,262,195,239,218,175,117,44,8,562
2015,2015-01-01,47313,473138,沖縄県,国頭郡宜野座村,5865,394,407,351,326,294,315,343,391,442,273,287,358,433,341,264,226,181,127,75,29,8,420,2937,207,209,193,173,139,160,161,197,235,139,154,191,220,184,143,110,68,35,12,4,3,122,2928,187,198,158,153,155,155,182,194,207,134,133,167,213,157,121,116,113,92,63,25,5,298
2015,2015-01-01,47314,473146,沖縄県,国頭郡金武町,11376,710,664,647,630,540,580,644,730,743,700,621,699,806,629,595,573,410,259,134,48,14,865,5609,373,314,335,326,272,293,306,377,400,360,345,372,416,322,269,263,171,65,23,6,1,266,5767,337,350,312,304,268,287,338,353,343,340,276,327,390,307,326,310,239,194,111,42,13,599
2015,2015-01-01,47315,473154,沖縄県,国頭郡伊江村,4715,187,204,228,214,182,187,206,234,251,234,320,492,449,242,252,289,277,148,80,32,7,544,2393,92,120,112,120,100,92,115,125,140,123,171,278,246,123,119,144,109,45,15,3,1,173,2322,95,84,116,94,82,95,91,109,111,111,149,214,203,119,133,145,168,103,65,29,6,371
2015,2015-01-01,47320,473201,沖縄県,中頭郡,153267,8831,8993,9464,9480,9189,8980,9402,10372,11606,9940,9333,9895,10490,7146,6166,5690,4266,2292,1178,436,118,8290,75538,4562,4531,4876,4874,4767,4467,4570,5048,5729,4890,4688,5032,5399,3581,2984,2611,1829,740,285,59,16,2929,77729,4269,4462,4588,4606,4422,4513,4832,5324,5877,5050,4645,4863,5091,3565,3182,3079,2437,1552,893,377,102,5361
2015,2015-01-01,47324,473243,沖縄県,中頭郡読谷村,40686,2371,2414,2641,2519,2263,2327,2399,2752,3073,2643,2558,2656,2872,1755,1642,1529,1211,611,326,99,25,2272,20122,1227,1231,1350,1314,1156,1176,1166,1346,1526,1306,1279,1371,1490,873,825,695,524,167,80,18,2,791,20564,1144,1183,1291,1205,1107,1151,1233,1406,1547,1337,1279,1285,1382,882,817,834,687,444,246,81,23,1481
2015,2015-01-01,47325,473251,沖縄県,中頭郡嘉手納町,13747,757,768,825,833,774,777,723,921,927,829,883,908,904,634,603,657,541,302,122,48,11,1024,6729,370,404,448,415,390,381,353,457,472,417,460,471,471,310,271,285,223,99,28,3,1,354,7018,387,364,377,418,384,396,370,464,455,412,423,437,433,324,332,372,318,203,94,45,10,670
2015,2015-01-01,47326,473260,沖縄県,中頭郡北谷町,28292,1713,1752,1848,1796,1541,1601,1838,2042,2321,1931,1646,1612,1852,1290,1123,1017,730,368,183,68,20,1369,13621,896,863,969,948,766,793,842,945,1095,909,750,799,945,637,528,453,307,118,47,10,1,483,14671,817,889,879,848,775,808,996,1097,1226,1022,896,813,907,653,595,564,423,250,136,58,19,886
2015,2015-01-01,47327,473278,沖縄県,中頭郡北中城村,16604,950,940,971,1059,877,908,991,1127,1259,1142,989,1021,1125,833,723,677,530,254,142,66,20,1012,7955,441,472,497,518,430,443,462,535,610,568,497,519,576,402,336,297,225,81,33,8,5,352,8649,509,468,474,541,447,465,529,592,649,574,492,502,549,431,387,380,305,173,109,58,15,660
2015,2015-01-01,47328,473286,沖縄県,中頭郡中城村,19141,1117,1120,1040,1052,1269,1234,1250,1337,1493,1193,1160,1310,1296,839,668,660,533,306,180,71,13,1103,9670,622,570,513,559,674,594,630,663,756,616,617,706,665,457,304,327,231,116,41,7,2,397,9471,495,550,527,493,595,640,620,674,737,577,543,604,631,382,364,333,302,190,139,64,11,706
2015,2015-01-01,47329,473294,沖縄県,中頭郡西原町,34797,1923,1999,2139,2221,2465,2133,2201,2193,2533,2202,2097,2388,2441,1795,1407,1150,721,451,225,84,29,1510,17441,1006,991,1099,1120,1351,1080,1117,1102,1270,1074,1085,1166,1252,902,720,554,319,159,56,13,5,552,17356,917,1008,1040,1101,1114,1053,1084,1091,1263,1128,1012,1222,1189,893,687,596,402,292,169,71,24,958
2015,2015-01-01,47340,473405,沖縄県,島尻郡,100701,6706,6207,5808,5584,5206,6297,6858,6985,6871,5759,6259,6739,7204,4843,3814,3530,2832,1858,942,327,72,6031,50350,3429,3212,2967,2812,2614,3167,3341,3501,3545,2987,3221,3502,3844,2592,1911,1637,1184,604,222,51,7,2068,50351,3277,2995,2841,2772,2592,3130,3517,3484,3326,2772,3038,3237,3360,2251,1903,1893,1648,1254,720,276,65,3963
2015,2015-01-01,47348,473481,沖縄県,島尻郡与那原町,18551,1316,1185,1065,1005,1007,1182,1427,1387,1398,1010,1046,1112,1271,921,694,602,468,256,136,52,11,923,9020,680,607,535,476,509,566,672,691,714,495,513,539,654,454,328,270,201,80,31,5,0,317,9531,636,578,530,529,498,616,755,696,684,515,533,573,617,467,366,332,267,176,105,47,11,606
2015,2015-01-01,47350,473502,沖縄県,島尻郡南風原町,37034,2671,2418,2299,2202,1996,2531,2682,2768,2751,2192,2154,2247,2460,1644,1333,1122,784,454,230,79,17,1564,18327,1386,1258,1179,1111,1002,1220,1298,1374,1383,1099,1068,1106,1235,840,662,552,338,150,54,10,2,554,18707,1285,1160,1120,1091,994,1311,1384,1394,1368,1093,1086,1141,1225,804,671,570,446,304,176,69,15,1010
2015,2015-01-01,47353,473537,沖縄県,島尻郡渡嘉敷村,678,36,45,28,8,23,43,56,45,29,54,53,52,48,34,16,32,22,31,18,5,0,76,363,15,25,15,6,16,23,26,25,19,30,37,29,32,23,7,15,9,6,4,1,0,20,315,21,20,13,2,7,20,30,20,10,24,16,23,16,11,9,17,13,25,14,4,0,56
2015,2015-01-01,47354,473545,沖縄県,島尻郡座間味村,904,53,54,46,11,18,40,63,58,87,62,74,62,64,47,33,34,39,36,20,2,1,98,480,26,31,22,5,9,21,33,25,46,40,43,39,47,28,19,13,15,13,4,0,1,33,424,27,23,24,6,9,19,30,33,41,22,31,23,17,19,14,21,24,23,16,2,0,65
2015,2015-01-01,47355,473553,沖縄県,島尻郡粟国村,756,26,27,39,29,14,28,33,40,38,41,39,63,72,44,31,54,42,50,29,13,4,138,407,6,13,17,14,4,17,14,24,24,27,25,41,54,33,16,28,21,13,12,3,1,50,349,20,14,22,15,10,11,19,16,14,14,14,22,18,11,15,26,21,37,17,10,3,88
2015,2015-01-01,47356,473561,沖縄県,島尻郡渡名喜村,405,9,16,17,13,6,16,14,19,12,20,34,29,50,25,25,28,33,27,7,4,1,72,217,6,9,8,4,4,11,5,12,8,10,24,20,31,13,18,12,13,6,2,1,0,22,188,3,7,9,9,2,5,9,7,4,10,10,9,19,12,7,16,20,21,5,3,1,50
2015,2015-01-01,47357,473570,沖縄県,島尻郡南大東村,1261,79,82,59,32,34,63,83,64,76,76,103,138,90,60,67,58,59,25,11,1,1,97,726,37,44,31,21,16,40,46,42,48,40,77,86,55,35,33,30,28,10,6,0,1,45,535,42,38,28,11,18,23,37,22,28,36,26,52,35,25,34,28,31,15,5,1,0,52
2015,2015-01-01,47358,473588,沖縄県,島尻郡北大東村,574,36,31,38,26,15,31,32,23,34,37,61,59,44,28,25,30,14,5,4,1,0,24,323,22,13,22,17,7,17,15,14,21,21,37,35,29,21,14,14,3,0,0,1,0,4,251,14,18,16,9,8,14,17,9,13,16,24,24,15,7,11,16,11,5,4,0,0,20
2015,2015-01-01,47359,473596,沖縄県,島尻郡伊平屋村,1304,69,91,97,55,43,55,54,66,61,62,92,124,99,68,55,59,62,48,33,8,3,154,678,27,48,49,27,21,27,23,26,32,47,54,77,61,45,31,32,23,17,11,0,0,51,626,42,43,48,28,22,28,31,40,29,15,38,47,38,23,24,27,39,31,22,8,3,103
2015,2015-01-01,47360,473600,沖縄県,島尻郡伊是名村,1535,77,70,84,90,52,53,61,78,82,78,86,150,139,87,68,66,89,71,39,13,2,214,816,39,36,44,52,28,33,28,43,49,47,44,97,85,58,41,31,31,20,5,5,0,61,719,38,34,40,38,24,20,33,35,33,31,42,53,54,29,27,35,58,51,34,8,2,153
2015,2015-01-01,47361,473618,沖縄県,島尻郡久米島町,8262,398,431,430,429,319,409,375,471,446,444,594,690,680,484,361,346,387,352,149,58,9,955,4378,212,236,212,226,171,238,192,241,241,255,335,411,412,292,203,153,160,133,38,15,2,348,3884,186,195,218,203,148,171,183,230,205,189,259,279,268,192,158,193,227,219,111,43,7,607
2015,2015-01-01,47362,473626,沖縄県,島尻郡八重瀬町,29437,1936,1757,1606,1684,1679,1846,1978,1966,1857,1683,1923,2013,2187,1401,1106,1099,833,503,266,91,23,1716,14615,973,892,833,853,827,954,989,984,960,876,964,1022,1149,750,539,487,342,156,55,10,0,563,14822,963,865,773,831,852,892,989,982,897,807,959,991,1038,651,567,612,491,347,211,81,23,1153
2015,2015-01-01,47370,473707,沖縄県,宮古郡,1216,58,58,98,80,21,43,49,58,54,77,95,102,90,74,72,68,54,37,23,5,0,119,660,35,30,50,41,7,23,30,28,37,47,59,63,54,40,44,35,22,11,2,2,0,37,556,23,28,48,39,14,20,19,30,17,30,36,39,36,34,28,33,32,26,21,3,0,82
2015,2015-01-01,47375,473758,沖縄県,宮古郡多良間村,1216,58,58,98,80,21,43,49,58,54,77,95,102,90,74,72,68,54,37,23,5,0,119,660,35,30,50,41,7,23,30,28,37,47,59,63,54,40,44,35,22,11,2,2,0,37,556,23,28,48,39,14,20,19,30,17,30,36,39,36,34,28,33,32,26,21,3,0,82
2015,2015-01-01,47380,473804,沖縄県,八重山郡,5644,343,338,255,180,155,309,423,430,417,305,368,457,453,286,201,207,226,191,77,18,5,517,2922,171,184,128,91,76,150,221,214,199,172,222,272,265,174,118,89,88,62,21,5,0,176,2722,172,154,127,89,79,159,202,216,218,133,146,185,188,112,83,118,138,129,56,13,5,341
2015,2015-01-01,47381,473812,沖縄県,八重山郡竹富町,4153,260,260,192,107,121,244,328,335,314,224,250,330,324,185,141,150,151,154,62,16,5,388,2160,128,146,98,54,56,122,170,166,149,127,155,195,202,116,82,68,55,47,19,5,0,126,1993,132,114,94,53,65,122,158,169,165,97,95,135,122,69,59,82,96,107,43,11,5,262
2015,2015-01-01,47382,473821,沖縄県,八重山郡与那国町,1491,83,78,63,73,34,65,95,95,103,81,118,127,129,101,60,57,75,37,15,2,0,129,762,43,38,30,37,20,28,51,48,50,45,67,77,63,58,36,21,33,15,2,0,0,50,729,40,40,33,36,14,37,44,47,53,36,51,50,66,43,24,36,42,22,13,2,0,79
